schema_version	record_key	task_id	attempt	pipeline_id	manifest	base_row	field	architecture	linux_path	record_kind	symbol_name	source_line	old_value	final_value	decision_status	source_citations	linux_sha	candidate_sha256	implementation_sha256	phase0_identity_sha256	queue_fingerprint	base_manifest_sha256
semantic-proposal-v1	SC1-2b0f122b54c011bc6883a9a45066964b933e7f5eac8e16ec1e58a05f77e7f3aa	S016112	1	P01	SCOPE.tsv	16113	semantic_status	common	include/uapi/linux/elf-em.h	scope	S016112	0	PENDING_REVIEW	COMPLETE	COMPLETE	vendor/linux/include/uapi/linux/elf-em.h;rewrite/metadata/header_closure.tsv	425f94c2954b1fe80ebdbf9b29854e89750355df	547331d1ba55a2c3c48f06cbb7788b40695ae12dc8abdea148ef3b331e8e69e3	282790f3ca3811853683c7e151a210cd8f497f95af6b464a48d1999631df7acc	0123af9e96b58af4e98b91a2de5608d36b63c67864b9041d3340587f3dbe40d2	cfa8dcf0d81c408de38d4202fe1ce9d9e5e301d1e67439c9530da94b1e64ee3f	b83349e6731e17e5da5e04a0ea053487e8ac8d9269538dbdb367d83f77b17e0a
semantic-proposal-v1	SC1-b0249419f184d8557dddd36ee6684b2351c481d634861793182940acffd7680c	S016112	1	P01	SYMBOLS.tsv	359161	status	aarch64	include/uapi/linux/elf-em.h	conditional	ifndef@2	2	PENDING_REVIEW	COMPLETE	COMPLETE	vendor/linux/include/uapi/linux/elf-em.h;vendor/linux/include/uapi/linux/elf-em.h:2;rewrite/configs/aarch64/frozen.config;header_closure=rewrite/metadata/header_closure.tsv;selected=PENDING_REVIEW	425f94c2954b1fe80ebdbf9b29854e89750355df	547331d1ba55a2c3c48f06cbb7788b40695ae12dc8abdea148ef3b331e8e69e3	282790f3ca3811853683c7e151a210cd8f497f95af6b464a48d1999631df7acc	0123af9e96b58af4e98b91a2de5608d36b63c67864b9041d3340587f3dbe40d2	cfa8dcf0d81c408de38d4202fe1ce9d9e5e301d1e67439c9530da94b1e64ee3f	7484d7b0dd80f45e18d726b04752827fe28555cc5c1af0e127948380e6688abf
semantic-proposal-v1	SC1-bcd4b205d67851d2b62e16e6671887d3513c67018f1460cb2e2267fe4e8cc76a	S016112	1	P01	SYMBOLS.tsv	359162	status	aarch64	include/uapi/linux/elf-em.h	conditional	endif@71	71	PENDING_REVIEW	COMPLETE	COMPLETE	vendor/linux/include/uapi/linux/elf-em.h;vendor/linux/include/uapi/linux/elf-em.h:71;rewrite/configs/aarch64/frozen.config;header_closure=rewrite/metadata/header_closure.tsv;selected=PENDING_REVIEW	425f94c2954b1fe80ebdbf9b29854e89750355df	547331d1ba55a2c3c48f06cbb7788b40695ae12dc8abdea148ef3b331e8e69e3	282790f3ca3811853683c7e151a210cd8f497f95af6b464a48d1999631df7acc	0123af9e96b58af4e98b91a2de5608d36b63c67864b9041d3340587f3dbe40d2	cfa8dcf0d81c408de38d4202fe1ce9d9e5e301d1e67439c9530da94b1e64ee3f	7484d7b0dd80f45e18d726b04752827fe28555cc5c1af0e127948380e6688abf
semantic-proposal-v1	SC1-674e2db983be405c27f1af20cb79c8f9d06417460212118661fd4ad826b48e5a	S016112	1	P01	SYMBOLS.tsv	359163	selection_expression	aarch64	include/uapi/linux/elf-em.h	operative_macro	_LINUX_ELF_EM_H	3	PENDING_REVIEW	SOURCE_REVIEWED_VALUE	COMPLETE	vendor/linux/include/uapi/linux/elf-em.h;vendor/linux/include/uapi/linux/elf-em.h:3;rewrite/configs/aarch64/frozen.config;header_closure=rewrite/metadata/header_closure.tsv;selected=PENDING_REVIEW	425f94c2954b1fe80ebdbf9b29854e89750355df	547331d1ba55a2c3c48f06cbb7788b40695ae12dc8abdea148ef3b331e8e69e3	282790f3ca3811853683c7e151a210cd8f497f95af6b464a48d1999631df7acc	0123af9e96b58af4e98b91a2de5608d36b63c67864b9041d3340587f3dbe40d2	cfa8dcf0d81c408de38d4202fe1ce9d9e5e301d1e67439c9530da94b1e64ee3f	7484d7b0dd80f45e18d726b04752827fe28555cc5c1af0e127948380e6688abf
semantic-proposal-v1	SC1-5fe7ba8f2e36c5b5a3e6b875a67120fb0c634c08f5e6c91b479ec58d0b3f26e6	S016112	1	P01	SYMBOLS.tsv	359163	status	aarch64	include/uapi/linux/elf-em.h	operative_macro	_LINUX_ELF_EM_H	3	PENDING_REVIEW	COMPLETE	COMPLETE	vendor/linux/include/uapi/linux/elf-em.h;vendor/linux/include/uapi/linux/elf-em.h:3;rewrite/configs/aarch64/frozen.config;header_closure=rewrite/metadata/header_closure.tsv;selected=PENDING_REVIEW	425f94c2954b1fe80ebdbf9b29854e89750355df	547331d1ba55a2c3c48f06cbb7788b40695ae12dc8abdea148ef3b331e8e69e3	282790f3ca3811853683c7e151a210cd8f497f95af6b464a48d1999631df7acc	0123af9e96b58af4e98b91a2de5608d36b63c67864b9041d3340587f3dbe40d2	cfa8dcf0d81c408de38d4202fe1ce9d9e5e301d1e67439c9530da94b1e64ee3f	7484d7b0dd80f45e18d726b04752827fe28555cc5c1af0e127948380e6688abf
semantic-proposal-v1	SC1-19c58882361c579e59361e222b664de7476cacdb8191321566943075de18f8f7	S016112	1	P01	SYMBOLS.tsv	359164	selection_expression	aarch64	include/uapi/linux/elf-em.h	operative_macro	EM_NONE	6	PENDING_REVIEW	SOURCE_REVIEWED_VALUE	COMPLETE	vendor/linux/include/uapi/linux/elf-em.h;vendor/linux/include/uapi/linux/elf-em.h:6;rewrite/configs/aarch64/frozen.config;header_closure=rewrite/metadata/header_closure.tsv;selected=PENDING_REVIEW	425f94c2954b1fe80ebdbf9b29854e89750355df	547331d1ba55a2c3c48f06cbb7788b40695ae12dc8abdea148ef3b331e8e69e3	282790f3ca3811853683c7e151a210cd8f497f95af6b464a48d1999631df7acc	0123af9e96b58af4e98b91a2de5608d36b63c67864b9041d3340587f3dbe40d2	cfa8dcf0d81c408de38d4202fe1ce9d9e5e301d1e67439c9530da94b1e64ee3f	7484d7b0dd80f45e18d726b04752827fe28555cc5c1af0e127948380e6688abf
semantic-proposal-v1	SC1-0d12897b6527708f344e8fac87da407357ebc8081ece109ac8947525102a3e58	S016112	1	P01	SYMBOLS.tsv	359164	status	aarch64	include/uapi/linux/elf-em.h	operative_macro	EM_NONE	6	PENDING_REVIEW	COMPLETE	COMPLETE	vendor/linux/include/uapi/linux/elf-em.h;vendor/linux/include/uapi/linux/elf-em.h:6;rewrite/configs/aarch64/frozen.config;header_closure=rewrite/metadata/header_closure.tsv;selected=PENDING_REVIEW	425f94c2954b1fe80ebdbf9b29854e89750355df	547331d1ba55a2c3c48f06cbb7788b40695ae12dc8abdea148ef3b331e8e69e3	282790f3ca3811853683c7e151a210cd8f497f95af6b464a48d1999631df7acc	0123af9e96b58af4e98b91a2de5608d36b63c67864b9041d3340587f3dbe40d2	cfa8dcf0d81c408de38d4202fe1ce9d9e5e301d1e67439c9530da94b1e64ee3f	7484d7b0dd80f45e18d726b04752827fe28555cc5c1af0e127948380e6688abf
semantic-proposal-v1	SC1-1f4239572d8efc4d680e0d044f2fbf4694f648ce166a27f4a338972ae4a86a44	S016112	1	P01	SYMBOLS.tsv	359165	selection_expression	aarch64	include/uapi/linux/elf-em.h	operative_macro	EM_M32	7	PENDING_REVIEW	SOURCE_REVIEWED_VALUE	COMPLETE	vendor/linux/include/uapi/linux/elf-em.h;vendor/linux/include/uapi/linux/elf-em.h:7;rewrite/configs/aarch64/frozen.config;header_closure=rewrite/metadata/header_closure.tsv;selected=PENDING_REVIEW	425f94c2954b1fe80ebdbf9b29854e89750355df	547331d1ba55a2c3c48f06cbb7788b40695ae12dc8abdea148ef3b331e8e69e3	282790f3ca3811853683c7e151a210cd8f497f95af6b464a48d1999631df7acc	0123af9e96b58af4e98b91a2de5608d36b63c67864b9041d3340587f3dbe40d2	cfa8dcf0d81c408de38d4202fe1ce9d9e5e301d1e67439c9530da94b1e64ee3f	7484d7b0dd80f45e18d726b04752827fe28555cc5c1af0e127948380e6688abf
semantic-proposal-v1	SC1-0e0bba49a16425a570fd556e0e5844c8f1f80059bc2fa8ac0510f2e686767ec1	S016112	1	P01	SYMBOLS.tsv	359165	status	aarch64	include/uapi/linux/elf-em.h	operative_macro	EM_M32	7	PENDING_REVIEW	COMPLETE	COMPLETE	vendor/linux/include/uapi/linux/elf-em.h;vendor/linux/include/uapi/linux/elf-em.h:7;rewrite/configs/aarch64/frozen.config;header_closure=rewrite/metadata/header_closure.tsv;selected=PENDING_REVIEW	425f94c2954b1fe80ebdbf9b29854e89750355df	547331d1ba55a2c3c48f06cbb7788b40695ae12dc8abdea148ef3b331e8e69e3	282790f3ca3811853683c7e151a210cd8f497f95af6b464a48d1999631df7acc	0123af9e96b58af4e98b91a2de5608d36b63c67864b9041d3340587f3dbe40d2	cfa8dcf0d81c408de38d4202fe1ce9d9e5e301d1e67439c9530da94b1e64ee3f	7484d7b0dd80f45e18d726b04752827fe28555cc5c1af0e127948380e6688abf
semantic-proposal-v1	SC1-9d0fdd2b220eaeeccf753aa8bda83b298604f53a0bbb3b1763d440cef98415cb	S016112	1	P01	SYMBOLS.tsv	359166	selection_expression	aarch64	include/uapi/linux/elf-em.h	operative_macro	EM_SPARC	8	PENDING_REVIEW	SOURCE_REVIEWED_VALUE	COMPLETE	vendor/linux/include/uapi/linux/elf-em.h;vendor/linux/include/uapi/linux/elf-em.h:8;rewrite/configs/aarch64/frozen.config;header_closure=rewrite/metadata/header_closure.tsv;selected=PENDING_REVIEW	425f94c2954b1fe80ebdbf9b29854e89750355df	547331d1ba55a2c3c48f06cbb7788b40695ae12dc8abdea148ef3b331e8e69e3	282790f3ca3811853683c7e151a210cd8f497f95af6b464a48d1999631df7acc	0123af9e96b58af4e98b91a2de5608d36b63c67864b9041d3340587f3dbe40d2	cfa8dcf0d81c408de38d4202fe1ce9d9e5e301d1e67439c9530da94b1e64ee3f	7484d7b0dd80f45e18d726b04752827fe28555cc5c1af0e127948380e6688abf
semantic-proposal-v1	SC1-8e66f0848b66074e66eff5363c5dc7f2730e542860871f34792a994c8bef20ee	S016112	1	P01	SYMBOLS.tsv	359166	status	aarch64	include/uapi/linux/elf-em.h	operative_macro	EM_SPARC	8	PENDING_REVIEW	COMPLETE	COMPLETE	vendor/linux/include/uapi/linux/elf-em.h;vendor/linux/include/uapi/linux/elf-em.h:8;rewrite/configs/aarch64/frozen.config;header_closure=rewrite/metadata/header_closure.tsv;selected=PENDING_REVIEW	425f94c2954b1fe80ebdbf9b29854e89750355df	547331d1ba55a2c3c48f06cbb7788b40695ae12dc8abdea148ef3b331e8e69e3	282790f3ca3811853683c7e151a210cd8f497f95af6b464a48d1999631df7acc	0123af9e96b58af4e98b91a2de5608d36b63c67864b9041d3340587f3dbe40d2	cfa8dcf0d81c408de38d4202fe1ce9d9e5e301d1e67439c9530da94b1e64ee3f	7484d7b0dd80f45e18d726b04752827fe28555cc5c1af0e127948380e6688abf
semantic-proposal-v1	SC1-fb1d7c9f7fbb9167df4d772870ba0f2ce5d5e3512e724a47407090f3dffb2022	S016112	1	P01	SYMBOLS.tsv	359167	selection_expression	aarch64	include/uapi/linux/elf-em.h	operative_macro	EM_386	9	PENDING_REVIEW	SOURCE_REVIEWED_VALUE	COMPLETE	vendor/linux/include/uapi/linux/elf-em.h;vendor/linux/include/uapi/linux/elf-em.h:9;rewrite/configs/aarch64/frozen.config;header_closure=rewrite/metadata/header_closure.tsv;selected=PENDING_REVIEW	425f94c2954b1fe80ebdbf9b29854e89750355df	547331d1ba55a2c3c48f06cbb7788b40695ae12dc8abdea148ef3b331e8e69e3	282790f3ca3811853683c7e151a210cd8f497f95af6b464a48d1999631df7acc	0123af9e96b58af4e98b91a2de5608d36b63c67864b9041d3340587f3dbe40d2	cfa8dcf0d81c408de38d4202fe1ce9d9e5e301d1e67439c9530da94b1e64ee3f	7484d7b0dd80f45e18d726b04752827fe28555cc5c1af0e127948380e6688abf
semantic-proposal-v1	SC1-a77b2dd5c0fbb55ee625355751ce3e083c9fc3ba2a282d2b9112957791658a42	S016112	1	P01	SYMBOLS.tsv	359167	status	aarch64	include/uapi/linux/elf-em.h	operative_macro	EM_386	9	PENDING_REVIEW	COMPLETE	COMPLETE	vendor/linux/include/uapi/linux/elf-em.h;vendor/linux/include/uapi/linux/elf-em.h:9;rewrite/configs/aarch64/frozen.config;header_closure=rewrite/metadata/header_closure.tsv;selected=PENDING_REVIEW	425f94c2954b1fe80ebdbf9b29854e89750355df	547331d1ba55a2c3c48f06cbb7788b40695ae12dc8abdea148ef3b331e8e69e3	282790f3ca3811853683c7e151a210cd8f497f95af6b464a48d1999631df7acc	0123af9e96b58af4e98b91a2de5608d36b63c67864b9041d3340587f3dbe40d2	cfa8dcf0d81c408de38d4202fe1ce9d9e5e301d1e67439c9530da94b1e64ee3f	7484d7b0dd80f45e18d726b04752827fe28555cc5c1af0e127948380e6688abf
semantic-proposal-v1	SC1-0d4e21dc0644eff6fcaa20ef6b26266efcd5b57cd3a72aeb98cab2447f2c3875	S016112	1	P01	SYMBOLS.tsv	359168	selection_expression	aarch64	include/uapi/linux/elf-em.h	operative_macro	EM_68K	10	PENDING_REVIEW	SOURCE_REVIEWED_VALUE	COMPLETE	vendor/linux/include/uapi/linux/elf-em.h;vendor/linux/include/uapi/linux/elf-em.h:10;rewrite/configs/aarch64/frozen.config;header_closure=rewrite/metadata/header_closure.tsv;selected=PENDING_REVIEW	425f94c2954b1fe80ebdbf9b29854e89750355df	547331d1ba55a2c3c48f06cbb7788b40695ae12dc8abdea148ef3b331e8e69e3	282790f3ca3811853683c7e151a210cd8f497f95af6b464a48d1999631df7acc	0123af9e96b58af4e98b91a2de5608d36b63c67864b9041d3340587f3dbe40d2	cfa8dcf0d81c408de38d4202fe1ce9d9e5e301d1e67439c9530da94b1e64ee3f	7484d7b0dd80f45e18d726b04752827fe28555cc5c1af0e127948380e6688abf
semantic-proposal-v1	SC1-2cbfc96611421343fdcf12bd1e2e9273c9ceb60fd444c95d85e21234d318415a	S016112	1	P01	SYMBOLS.tsv	359168	status	aarch64	include/uapi/linux/elf-em.h	operative_macro	EM_68K	10	PENDING_REVIEW	COMPLETE	COMPLETE	vendor/linux/include/uapi/linux/elf-em.h;vendor/linux/include/uapi/linux/elf-em.h:10;rewrite/configs/aarch64/frozen.config;header_closure=rewrite/metadata/header_closure.tsv;selected=PENDING_REVIEW	425f94c2954b1fe80ebdbf9b29854e89750355df	547331d1ba55a2c3c48f06cbb7788b40695ae12dc8abdea148ef3b331e8e69e3	282790f3ca3811853683c7e151a210cd8f497f95af6b464a48d1999631df7acc	0123af9e96b58af4e98b91a2de5608d36b63c67864b9041d3340587f3dbe40d2	cfa8dcf0d81c408de38d4202fe1ce9d9e5e301d1e67439c9530da94b1e64ee3f	7484d7b0dd80f45e18d726b04752827fe28555cc5c1af0e127948380e6688abf
semantic-proposal-v1	SC1-67af13068c056de8a91987d0698d26a0879c7c962e8a52b0af4bd6b533fd2b55	S016112	1	P01	SYMBOLS.tsv	359169	selection_expression	aarch64	include/uapi/linux/elf-em.h	operative_macro	EM_88K	11	PENDING_REVIEW	SOURCE_REVIEWED_VALUE	COMPLETE	vendor/linux/include/uapi/linux/elf-em.h;vendor/linux/include/uapi/linux/elf-em.h:11;rewrite/configs/aarch64/frozen.config;header_closure=rewrite/metadata/header_closure.tsv;selected=PENDING_REVIEW	425f94c2954b1fe80ebdbf9b29854e89750355df	547331d1ba55a2c3c48f06cbb7788b40695ae12dc8abdea148ef3b331e8e69e3	282790f3ca3811853683c7e151a210cd8f497f95af6b464a48d1999631df7acc	0123af9e96b58af4e98b91a2de5608d36b63c67864b9041d3340587f3dbe40d2	cfa8dcf0d81c408de38d4202fe1ce9d9e5e301d1e67439c9530da94b1e64ee3f	7484d7b0dd80f45e18d726b04752827fe28555cc5c1af0e127948380e6688abf
semantic-proposal-v1	SC1-44e97e8aeac3d0fce369fe1b019b2fb383f86ed69d56c71d1a7440c86e7ba48f	S016112	1	P01	SYMBOLS.tsv	359169	status	aarch64	include/uapi/linux/elf-em.h	operative_macro	EM_88K	11	PENDING_REVIEW	COMPLETE	COMPLETE	vendor/linux/include/uapi/linux/elf-em.h;vendor/linux/include/uapi/linux/elf-em.h:11;rewrite/configs/aarch64/frozen.config;header_closure=rewrite/metadata/header_closure.tsv;selected=PENDING_REVIEW	425f94c2954b1fe80ebdbf9b29854e89750355df	547331d1ba55a2c3c48f06cbb7788b40695ae12dc8abdea148ef3b331e8e69e3	282790f3ca3811853683c7e151a210cd8f497f95af6b464a48d1999631df7acc	0123af9e96b58af4e98b91a2de5608d36b63c67864b9041d3340587f3dbe40d2	cfa8dcf0d81c408de38d4202fe1ce9d9e5e301d1e67439c9530da94b1e64ee3f	7484d7b0dd80f45e18d726b04752827fe28555cc5c1af0e127948380e6688abf
semantic-proposal-v1	SC1-76b63b896890f3c53dcfef3783419d0cc87729752df20b21f348c72f93b55eaa	S016112	1	P01	SYMBOLS.tsv	359170	selection_expression	aarch64	include/uapi/linux/elf-em.h	operative_macro	EM_486	12	PENDING_REVIEW	SOURCE_REVIEWED_VALUE	COMPLETE	vendor/linux/include/uapi/linux/elf-em.h;vendor/linux/include/uapi/linux/elf-em.h:12;rewrite/configs/aarch64/frozen.config;header_closure=rewrite/metadata/header_closure.tsv;selected=PENDING_REVIEW	425f94c2954b1fe80ebdbf9b29854e89750355df	547331d1ba55a2c3c48f06cbb7788b40695ae12dc8abdea148ef3b331e8e69e3	282790f3ca3811853683c7e151a210cd8f497f95af6b464a48d1999631df7acc	0123af9e96b58af4e98b91a2de5608d36b63c67864b9041d3340587f3dbe40d2	cfa8dcf0d81c408de38d4202fe1ce9d9e5e301d1e67439c9530da94b1e64ee3f	7484d7b0dd80f45e18d726b04752827fe28555cc5c1af0e127948380e6688abf
semantic-proposal-v1	SC1-e64d9cdd2b10f8d2cad16eda4229b0b649a25432467323b19dace3e89f6ee0cf	S016112	1	P01	SYMBOLS.tsv	359170	status	aarch64	include/uapi/linux/elf-em.h	operative_macro	EM_486	12	PENDING_REVIEW	COMPLETE	COMPLETE	vendor/linux/include/uapi/linux/elf-em.h;vendor/linux/include/uapi/linux/elf-em.h:12;rewrite/configs/aarch64/frozen.config;header_closure=rewrite/metadata/header_closure.tsv;selected=PENDING_REVIEW	425f94c2954b1fe80ebdbf9b29854e89750355df	547331d1ba55a2c3c48f06cbb7788b40695ae12dc8abdea148ef3b331e8e69e3	282790f3ca3811853683c7e151a210cd8f497f95af6b464a48d1999631df7acc	0123af9e96b58af4e98b91a2de5608d36b63c67864b9041d3340587f3dbe40d2	cfa8dcf0d81c408de38d4202fe1ce9d9e5e301d1e67439c9530da94b1e64ee3f	7484d7b0dd80f45e18d726b04752827fe28555cc5c1af0e127948380e6688abf
semantic-proposal-v1	SC1-d79c0fa541111c99a82750bbe1de1af1b9aadd1bf520aef1477b40e9727d9cf6	S016112	1	P01	SYMBOLS.tsv	359171	selection_expression	aarch64	include/uapi/linux/elf-em.h	operative_macro	EM_860	13	PENDING_REVIEW	SOURCE_REVIEWED_VALUE	COMPLETE	vendor/linux/include/uapi/linux/elf-em.h;vendor/linux/include/uapi/linux/elf-em.h:13;rewrite/configs/aarch64/frozen.config;header_closure=rewrite/metadata/header_closure.tsv;selected=PENDING_REVIEW	425f94c2954b1fe80ebdbf9b29854e89750355df	547331d1ba55a2c3c48f06cbb7788b40695ae12dc8abdea148ef3b331e8e69e3	282790f3ca3811853683c7e151a210cd8f497f95af6b464a48d1999631df7acc	0123af9e96b58af4e98b91a2de5608d36b63c67864b9041d3340587f3dbe40d2	cfa8dcf0d81c408de38d4202fe1ce9d9e5e301d1e67439c9530da94b1e64ee3f	7484d7b0dd80f45e18d726b04752827fe28555cc5c1af0e127948380e6688abf
semantic-proposal-v1	SC1-0fcd66be287689442b9112286f6ce15830a3ec1452c50815299d387d61a760d0	S016112	1	P01	SYMBOLS.tsv	359171	status	aarch64	include/uapi/linux/elf-em.h	operative_macro	EM_860	13	PENDING_REVIEW	COMPLETE	COMPLETE	vendor/linux/include/uapi/linux/elf-em.h;vendor/linux/include/uapi/linux/elf-em.h:13;rewrite/configs/aarch64/frozen.config;header_closure=rewrite/metadata/header_closure.tsv;selected=PENDING_REVIEW	425f94c2954b1fe80ebdbf9b29854e89750355df	547331d1ba55a2c3c48f06cbb7788b40695ae12dc8abdea148ef3b331e8e69e3	282790f3ca3811853683c7e151a210cd8f497f95af6b464a48d1999631df7acc	0123af9e96b58af4e98b91a2de5608d36b63c67864b9041d3340587f3dbe40d2	cfa8dcf0d81c408de38d4202fe1ce9d9e5e301d1e67439c9530da94b1e64ee3f	7484d7b0dd80f45e18d726b04752827fe28555cc5c1af0e127948380e6688abf
semantic-proposal-v1	SC1-5fa7a0eaf3951b876a0f7646ec4b616ac28616e878ae346fadfeec37b5158e2a	S016112	1	P01	SYMBOLS.tsv	359172	selection_expression	aarch64	include/uapi/linux/elf-em.h	operative_macro	EM_MIPS	14	PENDING_REVIEW	SOURCE_REVIEWED_VALUE	COMPLETE	vendor/linux/include/uapi/linux/elf-em.h;vendor/linux/include/uapi/linux/elf-em.h:14;rewrite/configs/aarch64/frozen.config;header_closure=rewrite/metadata/header_closure.tsv;selected=PENDING_REVIEW	425f94c2954b1fe80ebdbf9b29854e89750355df	547331d1ba55a2c3c48f06cbb7788b40695ae12dc8abdea148ef3b331e8e69e3	282790f3ca3811853683c7e151a210cd8f497f95af6b464a48d1999631df7acc	0123af9e96b58af4e98b91a2de5608d36b63c67864b9041d3340587f3dbe40d2	cfa8dcf0d81c408de38d4202fe1ce9d9e5e301d1e67439c9530da94b1e64ee3f	7484d7b0dd80f45e18d726b04752827fe28555cc5c1af0e127948380e6688abf
semantic-proposal-v1	SC1-6fff34188f9356711ba8514136c4c75224e17cc7a1c39318a822eee54a906afe	S016112	1	P01	SYMBOLS.tsv	359172	status	aarch64	include/uapi/linux/elf-em.h	operative_macro	EM_MIPS	14	PENDING_REVIEW	COMPLETE	COMPLETE	vendor/linux/include/uapi/linux/elf-em.h;vendor/linux/include/uapi/linux/elf-em.h:14;rewrite/configs/aarch64/frozen.config;header_closure=rewrite/metadata/header_closure.tsv;selected=PENDING_REVIEW	425f94c2954b1fe80ebdbf9b29854e89750355df	547331d1ba55a2c3c48f06cbb7788b40695ae12dc8abdea148ef3b331e8e69e3	282790f3ca3811853683c7e151a210cd8f497f95af6b464a48d1999631df7acc	0123af9e96b58af4e98b91a2de5608d36b63c67864b9041d3340587f3dbe40d2	cfa8dcf0d81c408de38d4202fe1ce9d9e5e301d1e67439c9530da94b1e64ee3f	7484d7b0dd80f45e18d726b04752827fe28555cc5c1af0e127948380e6688abf
semantic-proposal-v1	SC1-8c35f2fb3d9c04a3ec58ce3f390ab1d2bacc133c7b9c9aaf492c07c5ffecfc74	S016112	1	P01	SYMBOLS.tsv	359173	selection_expression	aarch64	include/uapi/linux/elf-em.h	operative_macro	EM_MIPS_RS3_LE	18	PENDING_REVIEW	SOURCE_REVIEWED_VALUE	COMPLETE	vendor/linux/include/uapi/linux/elf-em.h;vendor/linux/include/uapi/linux/elf-em.h:18;rewrite/configs/aarch64/frozen.config;header_closure=rewrite/metadata/header_closure.tsv;selected=PENDING_REVIEW	425f94c2954b1fe80ebdbf9b29854e89750355df	547331d1ba55a2c3c48f06cbb7788b40695ae12dc8abdea148ef3b331e8e69e3	282790f3ca3811853683c7e151a210cd8f497f95af6b464a48d1999631df7acc	0123af9e96b58af4e98b91a2de5608d36b63c67864b9041d3340587f3dbe40d2	cfa8dcf0d81c408de38d4202fe1ce9d9e5e301d1e67439c9530da94b1e64ee3f	7484d7b0dd80f45e18d726b04752827fe28555cc5c1af0e127948380e6688abf
semantic-proposal-v1	SC1-ea33480c1fd5bbae6e4bd378c58ae516b33cbff303b26b43f091345717efa108	S016112	1	P01	SYMBOLS.tsv	359173	status	aarch64	include/uapi/linux/elf-em.h	operative_macro	EM_MIPS_RS3_LE	18	PENDING_REVIEW	COMPLETE	COMPLETE	vendor/linux/include/uapi/linux/elf-em.h;vendor/linux/include/uapi/linux/elf-em.h:18;rewrite/configs/aarch64/frozen.config;header_closure=rewrite/metadata/header_closure.tsv;selected=PENDING_REVIEW	425f94c2954b1fe80ebdbf9b29854e89750355df	547331d1ba55a2c3c48f06cbb7788b40695ae12dc8abdea148ef3b331e8e69e3	282790f3ca3811853683c7e151a210cd8f497f95af6b464a48d1999631df7acc	0123af9e96b58af4e98b91a2de5608d36b63c67864b9041d3340587f3dbe40d2	cfa8dcf0d81c408de38d4202fe1ce9d9e5e301d1e67439c9530da94b1e64ee3f	7484d7b0dd80f45e18d726b04752827fe28555cc5c1af0e127948380e6688abf
semantic-proposal-v1	SC1-59f2dfc5582735b8307683f6860270da0041b1b05bb7dfacbb0180beab4a6699	S016112	1	P01	SYMBOLS.tsv	359174	selection_expression	aarch64	include/uapi/linux/elf-em.h	operative_macro	EM_MIPS_RS4_BE	19	PENDING_REVIEW	SOURCE_REVIEWED_VALUE	COMPLETE	vendor/linux/include/uapi/linux/elf-em.h;vendor/linux/include/uapi/linux/elf-em.h:19;rewrite/configs/aarch64/frozen.config;header_closure=rewrite/metadata/header_closure.tsv;selected=PENDING_REVIEW	425f94c2954b1fe80ebdbf9b29854e89750355df	547331d1ba55a2c3c48f06cbb7788b40695ae12dc8abdea148ef3b331e8e69e3	282790f3ca3811853683c7e151a210cd8f497f95af6b464a48d1999631df7acc	0123af9e96b58af4e98b91a2de5608d36b63c67864b9041d3340587f3dbe40d2	cfa8dcf0d81c408de38d4202fe1ce9d9e5e301d1e67439c9530da94b1e64ee3f	7484d7b0dd80f45e18d726b04752827fe28555cc5c1af0e127948380e6688abf
semantic-proposal-v1	SC1-d780099383d4cd02c6b9aa98dc2f906b96e72e2f6e8c3a4902070442318c3670	S016112	1	P01	SYMBOLS.tsv	359174	status	aarch64	include/uapi/linux/elf-em.h	operative_macro	EM_MIPS_RS4_BE	19	PENDING_REVIEW	COMPLETE	COMPLETE	vendor/linux/include/uapi/linux/elf-em.h;vendor/linux/include/uapi/linux/elf-em.h:19;rewrite/configs/aarch64/frozen.config;header_closure=rewrite/metadata/header_closure.tsv;selected=PENDING_REVIEW	425f94c2954b1fe80ebdbf9b29854e89750355df	547331d1ba55a2c3c48f06cbb7788b40695ae12dc8abdea148ef3b331e8e69e3	282790f3ca3811853683c7e151a210cd8f497f95af6b464a48d1999631df7acc	0123af9e96b58af4e98b91a2de5608d36b63c67864b9041d3340587f3dbe40d2	cfa8dcf0d81c408de38d4202fe1ce9d9e5e301d1e67439c9530da94b1e64ee3f	7484d7b0dd80f45e18d726b04752827fe28555cc5c1af0e127948380e6688abf
semantic-proposal-v1	SC1-67fbe3239ade525bfbde67d7294266347123ef42f02c214fad69836837e7a57a	S016112	1	P01	SYMBOLS.tsv	359175	selection_expression	aarch64	include/uapi/linux/elf-em.h	operative_macro	EM_PARISC	21	PENDING_REVIEW	SOURCE_REVIEWED_VALUE	COMPLETE	vendor/linux/include/uapi/linux/elf-em.h;vendor/linux/include/uapi/linux/elf-em.h:21;rewrite/configs/aarch64/frozen.config;header_closure=rewrite/metadata/header_closure.tsv;selected=PENDING_REVIEW	425f94c2954b1fe80ebdbf9b29854e89750355df	547331d1ba55a2c3c48f06cbb7788b40695ae12dc8abdea148ef3b331e8e69e3	282790f3ca3811853683c7e151a210cd8f497f95af6b464a48d1999631df7acc	0123af9e96b58af4e98b91a2de5608d36b63c67864b9041d3340587f3dbe40d2	cfa8dcf0d81c408de38d4202fe1ce9d9e5e301d1e67439c9530da94b1e64ee3f	7484d7b0dd80f45e18d726b04752827fe28555cc5c1af0e127948380e6688abf
semantic-proposal-v1	SC1-f8ed5a11cec77343ad4f98710e6cad116637d544b19445d89d08dad5130715c5	S016112	1	P01	SYMBOLS.tsv	359175	status	aarch64	include/uapi/linux/elf-em.h	operative_macro	EM_PARISC	21	PENDING_REVIEW	COMPLETE	COMPLETE	vendor/linux/include/uapi/linux/elf-em.h;vendor/linux/include/uapi/linux/elf-em.h:21;rewrite/configs/aarch64/frozen.config;header_closure=rewrite/metadata/header_closure.tsv;selected=PENDING_REVIEW	425f94c2954b1fe80ebdbf9b29854e89750355df	547331d1ba55a2c3c48f06cbb7788b40695ae12dc8abdea148ef3b331e8e69e3	282790f3ca3811853683c7e151a210cd8f497f95af6b464a48d1999631df7acc	0123af9e96b58af4e98b91a2de5608d36b63c67864b9041d3340587f3dbe40d2	cfa8dcf0d81c408de38d4202fe1ce9d9e5e301d1e67439c9530da94b1e64ee3f	7484d7b0dd80f45e18d726b04752827fe28555cc5c1af0e127948380e6688abf
semantic-proposal-v1	SC1-bc58d20fbb9e451032f341b98ced0672608237f7f78a8b9bc68d945de6902513	S016112	1	P01	SYMBOLS.tsv	359176	selection_expression	aarch64	include/uapi/linux/elf-em.h	operative_macro	EM_SPARC32PLUS	22	PENDING_REVIEW	SOURCE_REVIEWED_VALUE	COMPLETE	vendor/linux/include/uapi/linux/elf-em.h;vendor/linux/include/uapi/linux/elf-em.h:22;rewrite/configs/aarch64/frozen.config;header_closure=rewrite/metadata/header_closure.tsv;selected=PENDING_REVIEW	425f94c2954b1fe80ebdbf9b29854e89750355df	547331d1ba55a2c3c48f06cbb7788b40695ae12dc8abdea148ef3b331e8e69e3	282790f3ca3811853683c7e151a210cd8f497f95af6b464a48d1999631df7acc	0123af9e96b58af4e98b91a2de5608d36b63c67864b9041d3340587f3dbe40d2	cfa8dcf0d81c408de38d4202fe1ce9d9e5e301d1e67439c9530da94b1e64ee3f	7484d7b0dd80f45e18d726b04752827fe28555cc5c1af0e127948380e6688abf
semantic-proposal-v1	SC1-1e05f150ec34046be229d9d43db959178384a80e551222481727388c31752f1d	S016112	1	P01	SYMBOLS.tsv	359176	status	aarch64	include/uapi/linux/elf-em.h	operative_macro	EM_SPARC32PLUS	22	PENDING_REVIEW	COMPLETE	COMPLETE	vendor/linux/include/uapi/linux/elf-em.h;vendor/linux/include/uapi/linux/elf-em.h:22;rewrite/configs/aarch64/frozen.config;header_closure=rewrite/metadata/header_closure.tsv;selected=PENDING_REVIEW	425f94c2954b1fe80ebdbf9b29854e89750355df	547331d1ba55a2c3c48f06cbb7788b40695ae12dc8abdea148ef3b331e8e69e3	282790f3ca3811853683c7e151a210cd8f497f95af6b464a48d1999631df7acc	0123af9e96b58af4e98b91a2de5608d36b63c67864b9041d3340587f3dbe40d2	cfa8dcf0d81c408de38d4202fe1ce9d9e5e301d1e67439c9530da94b1e64ee3f	7484d7b0dd80f45e18d726b04752827fe28555cc5c1af0e127948380e6688abf
semantic-proposal-v1	SC1-6b1e2ecd9690d91347489ea15093280ad4dc9e6e3302e8aae347949a76c0d3a2	S016112	1	P01	SYMBOLS.tsv	359177	selection_expression	aarch64	include/uapi/linux/elf-em.h	operative_macro	EM_PPC	23	PENDING_REVIEW	SOURCE_REVIEWED_VALUE	COMPLETE	vendor/linux/include/uapi/linux/elf-em.h;vendor/linux/include/uapi/linux/elf-em.h:23;rewrite/configs/aarch64/frozen.config;header_closure=rewrite/metadata/header_closure.tsv;selected=PENDING_REVIEW	425f94c2954b1fe80ebdbf9b29854e89750355df	547331d1ba55a2c3c48f06cbb7788b40695ae12dc8abdea148ef3b331e8e69e3	282790f3ca3811853683c7e151a210cd8f497f95af6b464a48d1999631df7acc	0123af9e96b58af4e98b91a2de5608d36b63c67864b9041d3340587f3dbe40d2	cfa8dcf0d81c408de38d4202fe1ce9d9e5e301d1e67439c9530da94b1e64ee3f	7484d7b0dd80f45e18d726b04752827fe28555cc5c1af0e127948380e6688abf
semantic-proposal-v1	SC1-f94b753a61a19a114bfdec3933318dbe47d31b142db3a3e7901df626dbefb03f	S016112	1	P01	SYMBOLS.tsv	359177	status	aarch64	include/uapi/linux/elf-em.h	operative_macro	EM_PPC	23	PENDING_REVIEW	COMPLETE	COMPLETE	vendor/linux/include/uapi/linux/elf-em.h;vendor/linux/include/uapi/linux/elf-em.h:23;rewrite/configs/aarch64/frozen.config;header_closure=rewrite/metadata/header_closure.tsv;selected=PENDING_REVIEW	425f94c2954b1fe80ebdbf9b29854e89750355df	547331d1ba55a2c3c48f06cbb7788b40695ae12dc8abdea148ef3b331e8e69e3	282790f3ca3811853683c7e151a210cd8f497f95af6b464a48d1999631df7acc	0123af9e96b58af4e98b91a2de5608d36b63c67864b9041d3340587f3dbe40d2	cfa8dcf0d81c408de38d4202fe1ce9d9e5e301d1e67439c9530da94b1e64ee3f	7484d7b0dd80f45e18d726b04752827fe28555cc5c1af0e127948380e6688abf
semantic-proposal-v1	SC1-ba60f1341ebdc83aca811f3d0b6b62a4801400aa9c6c4f755351488a755d14b6	S016112	1	P01	SYMBOLS.tsv	359178	selection_expression	aarch64	include/uapi/linux/elf-em.h	operative_macro	EM_PPC64	24	PENDING_REVIEW	SOURCE_REVIEWED_VALUE	COMPLETE	vendor/linux/include/uapi/linux/elf-em.h;vendor/linux/include/uapi/linux/elf-em.h:24;rewrite/configs/aarch64/frozen.config;header_closure=rewrite/metadata/header_closure.tsv;selected=PENDING_REVIEW	425f94c2954b1fe80ebdbf9b29854e89750355df	547331d1ba55a2c3c48f06cbb7788b40695ae12dc8abdea148ef3b331e8e69e3	282790f3ca3811853683c7e151a210cd8f497f95af6b464a48d1999631df7acc	0123af9e96b58af4e98b91a2de5608d36b63c67864b9041d3340587f3dbe40d2	cfa8dcf0d81c408de38d4202fe1ce9d9e5e301d1e67439c9530da94b1e64ee3f	7484d7b0dd80f45e18d726b04752827fe28555cc5c1af0e127948380e6688abf
semantic-proposal-v1	SC1-5018920b9f5737a9c7a782c59cdfa76cd927047f8b910c4d1d07279c31c7780b	S016112	1	P01	SYMBOLS.tsv	359178	status	aarch64	include/uapi/linux/elf-em.h	operative_macro	EM_PPC64	24	PENDING_REVIEW	COMPLETE	COMPLETE	vendor/linux/include/uapi/linux/elf-em.h;vendor/linux/include/uapi/linux/elf-em.h:24;rewrite/configs/aarch64/frozen.config;header_closure=rewrite/metadata/header_closure.tsv;selected=PENDING_REVIEW	425f94c2954b1fe80ebdbf9b29854e89750355df	547331d1ba55a2c3c48f06cbb7788b40695ae12dc8abdea148ef3b331e8e69e3	282790f3ca3811853683c7e151a210cd8f497f95af6b464a48d1999631df7acc	0123af9e96b58af4e98b91a2de5608d36b63c67864b9041d3340587f3dbe40d2	cfa8dcf0d81c408de38d4202fe1ce9d9e5e301d1e67439c9530da94b1e64ee3f	7484d7b0dd80f45e18d726b04752827fe28555cc5c1af0e127948380e6688abf
semantic-proposal-v1	SC1-279a42af2f74b0c70311e3f0689cd44190af5e707d89826ed87ca9a8292aad2f	S016112	1	P01	SYMBOLS.tsv	359179	selection_expression	aarch64	include/uapi/linux/elf-em.h	operative_macro	EM_SPU	25	PENDING_REVIEW	SOURCE_REVIEWED_VALUE	COMPLETE	vendor/linux/include/uapi/linux/elf-em.h;vendor/linux/include/uapi/linux/elf-em.h:25;rewrite/configs/aarch64/frozen.config;header_closure=rewrite/metadata/header_closure.tsv;selected=PENDING_REVIEW	425f94c2954b1fe80ebdbf9b29854e89750355df	547331d1ba55a2c3c48f06cbb7788b40695ae12dc8abdea148ef3b331e8e69e3	282790f3ca3811853683c7e151a210cd8f497f95af6b464a48d1999631df7acc	0123af9e96b58af4e98b91a2de5608d36b63c67864b9041d3340587f3dbe40d2	cfa8dcf0d81c408de38d4202fe1ce9d9e5e301d1e67439c9530da94b1e64ee3f	7484d7b0dd80f45e18d726b04752827fe28555cc5c1af0e127948380e6688abf
semantic-proposal-v1	SC1-7201a23fbb6a0be89babf1b6e135734f0d84d25aad160c980421616d49cc9ca3	S016112	1	P01	SYMBOLS.tsv	359179	status	aarch64	include/uapi/linux/elf-em.h	operative_macro	EM_SPU	25	PENDING_REVIEW	COMPLETE	COMPLETE	vendor/linux/include/uapi/linux/elf-em.h;vendor/linux/include/uapi/linux/elf-em.h:25;rewrite/configs/aarch64/frozen.config;header_closure=rewrite/metadata/header_closure.tsv;selected=PENDING_REVIEW	425f94c2954b1fe80ebdbf9b29854e89750355df	547331d1ba55a2c3c48f06cbb7788b40695ae12dc8abdea148ef3b331e8e69e3	282790f3ca3811853683c7e151a210cd8f497f95af6b464a48d1999631df7acc	0123af9e96b58af4e98b91a2de5608d36b63c67864b9041d3340587f3dbe40d2	cfa8dcf0d81c408de38d4202fe1ce9d9e5e301d1e67439c9530da94b1e64ee3f	7484d7b0dd80f45e18d726b04752827fe28555cc5c1af0e127948380e6688abf
semantic-proposal-v1	SC1-c40f39acd9b960165ce2ae1ca605e6a83bfb18c5ffcf60793b6e3a977440f0a3	S016112	1	P01	SYMBOLS.tsv	359180	selection_expression	aarch64	include/uapi/linux/elf-em.h	operative_macro	EM_ARM	26	PENDING_REVIEW	SOURCE_REVIEWED_VALUE	COMPLETE	vendor/linux/include/uapi/linux/elf-em.h;vendor/linux/include/uapi/linux/elf-em.h:26;rewrite/configs/aarch64/frozen.config;header_closure=rewrite/metadata/header_closure.tsv;selected=PENDING_REVIEW	425f94c2954b1fe80ebdbf9b29854e89750355df	547331d1ba55a2c3c48f06cbb7788b40695ae12dc8abdea148ef3b331e8e69e3	282790f3ca3811853683c7e151a210cd8f497f95af6b464a48d1999631df7acc	0123af9e96b58af4e98b91a2de5608d36b63c67864b9041d3340587f3dbe40d2	cfa8dcf0d81c408de38d4202fe1ce9d9e5e301d1e67439c9530da94b1e64ee3f	7484d7b0dd80f45e18d726b04752827fe28555cc5c1af0e127948380e6688abf
semantic-proposal-v1	SC1-70cff38d59bd270ca9d4848df2e2c223c29e8eb641c526c4de086f515ea8e3df	S016112	1	P01	SYMBOLS.tsv	359180	status	aarch64	include/uapi/linux/elf-em.h	operative_macro	EM_ARM	26	PENDING_REVIEW	COMPLETE	COMPLETE	vendor/linux/include/uapi/linux/elf-em.h;vendor/linux/include/uapi/linux/elf-em.h:26;rewrite/configs/aarch64/frozen.config;header_closure=rewrite/metadata/header_closure.tsv;selected=PENDING_REVIEW	425f94c2954b1fe80ebdbf9b29854e89750355df	547331d1ba55a2c3c48f06cbb7788b40695ae12dc8abdea148ef3b331e8e69e3	282790f3ca3811853683c7e151a210cd8f497f95af6b464a48d1999631df7acc	0123af9e96b58af4e98b91a2de5608d36b63c67864b9041d3340587f3dbe40d2	cfa8dcf0d81c408de38d4202fe1ce9d9e5e301d1e67439c9530da94b1e64ee3f	7484d7b0dd80f45e18d726b04752827fe28555cc5c1af0e127948380e6688abf
semantic-proposal-v1	SC1-975929dafc337595768ce170ea5bed0bd7ce56a5b5506e44deca502b1c5d6cd5	S016112	1	P01	SYMBOLS.tsv	359181	selection_expression	aarch64	include/uapi/linux/elf-em.h	operative_macro	EM_SH	27	PENDING_REVIEW	SOURCE_REVIEWED_VALUE	COMPLETE	vendor/linux/include/uapi/linux/elf-em.h;vendor/linux/include/uapi/linux/elf-em.h:27;rewrite/configs/aarch64/frozen.config;header_closure=rewrite/metadata/header_closure.tsv;selected=PENDING_REVIEW	425f94c2954b1fe80ebdbf9b29854e89750355df	547331d1ba55a2c3c48f06cbb7788b40695ae12dc8abdea148ef3b331e8e69e3	282790f3ca3811853683c7e151a210cd8f497f95af6b464a48d1999631df7acc	0123af9e96b58af4e98b91a2de5608d36b63c67864b9041d3340587f3dbe40d2	cfa8dcf0d81c408de38d4202fe1ce9d9e5e301d1e67439c9530da94b1e64ee3f	7484d7b0dd80f45e18d726b04752827fe28555cc5c1af0e127948380e6688abf
semantic-proposal-v1	SC1-97aaf092e11aa51de6ae29c73cef7666409bee58387a7fc4b3b885e3e975bf28	S016112	1	P01	SYMBOLS.tsv	359181	status	aarch64	include/uapi/linux/elf-em.h	operative_macro	EM_SH	27	PENDING_REVIEW	COMPLETE	COMPLETE	vendor/linux/include/uapi/linux/elf-em.h;vendor/linux/include/uapi/linux/elf-em.h:27;rewrite/configs/aarch64/frozen.config;header_closure=rewrite/metadata/header_closure.tsv;selected=PENDING_REVIEW	425f94c2954b1fe80ebdbf9b29854e89750355df	547331d1ba55a2c3c48f06cbb7788b40695ae12dc8abdea148ef3b331e8e69e3	282790f3ca3811853683c7e151a210cd8f497f95af6b464a48d1999631df7acc	0123af9e96b58af4e98b91a2de5608d36b63c67864b9041d3340587f3dbe40d2	cfa8dcf0d81c408de38d4202fe1ce9d9e5e301d1e67439c9530da94b1e64ee3f	7484d7b0dd80f45e18d726b04752827fe28555cc5c1af0e127948380e6688abf
semantic-proposal-v1	SC1-eb9d7bf1d33e4b8f5c399fa70e12e3d3e403ca235ed5f1a00935fc2786c675cb	S016112	1	P01	SYMBOLS.tsv	359182	selection_expression	aarch64	include/uapi/linux/elf-em.h	operative_macro	EM_SPARCV9	28	PENDING_REVIEW	SOURCE_REVIEWED_VALUE	COMPLETE	vendor/linux/include/uapi/linux/elf-em.h;vendor/linux/include/uapi/linux/elf-em.h:28;rewrite/configs/aarch64/frozen.config;header_closure=rewrite/metadata/header_closure.tsv;selected=PENDING_REVIEW	425f94c2954b1fe80ebdbf9b29854e89750355df	547331d1ba55a2c3c48f06cbb7788b40695ae12dc8abdea148ef3b331e8e69e3	282790f3ca3811853683c7e151a210cd8f497f95af6b464a48d1999631df7acc	0123af9e96b58af4e98b91a2de5608d36b63c67864b9041d3340587f3dbe40d2	cfa8dcf0d81c408de38d4202fe1ce9d9e5e301d1e67439c9530da94b1e64ee3f	7484d7b0dd80f45e18d726b04752827fe28555cc5c1af0e127948380e6688abf
semantic-proposal-v1	SC1-74bcfe7d317d8f9c27910a539f41536e40ce98db83496c536f31891b06d1ea82	S016112	1	P01	SYMBOLS.tsv	359182	status	aarch64	include/uapi/linux/elf-em.h	operative_macro	EM_SPARCV9	28	PENDING_REVIEW	COMPLETE	COMPLETE	vendor/linux/include/uapi/linux/elf-em.h;vendor/linux/include/uapi/linux/elf-em.h:28;rewrite/configs/aarch64/frozen.config;header_closure=rewrite/metadata/header_closure.tsv;selected=PENDING_REVIEW	425f94c2954b1fe80ebdbf9b29854e89750355df	547331d1ba55a2c3c48f06cbb7788b40695ae12dc8abdea148ef3b331e8e69e3	282790f3ca3811853683c7e151a210cd8f497f95af6b464a48d1999631df7acc	0123af9e96b58af4e98b91a2de5608d36b63c67864b9041d3340587f3dbe40d2	cfa8dcf0d81c408de38d4202fe1ce9d9e5e301d1e67439c9530da94b1e64ee3f	7484d7b0dd80f45e18d726b04752827fe28555cc5c1af0e127948380e6688abf
semantic-proposal-v1	SC1-7934870de30f29c01802677cf8359269bfae9f071bd6f7ccefa003033defdbc5	S016112	1	P01	SYMBOLS.tsv	359183	selection_expression	aarch64	include/uapi/linux/elf-em.h	operative_macro	EM_H8_300	29	PENDING_REVIEW	SOURCE_REVIEWED_VALUE	COMPLETE	vendor/linux/include/uapi/linux/elf-em.h;vendor/linux/include/uapi/linux/elf-em.h:29;rewrite/configs/aarch64/frozen.config;header_closure=rewrite/metadata/header_closure.tsv;selected=PENDING_REVIEW	425f94c2954b1fe80ebdbf9b29854e89750355df	547331d1ba55a2c3c48f06cbb7788b40695ae12dc8abdea148ef3b331e8e69e3	282790f3ca3811853683c7e151a210cd8f497f95af6b464a48d1999631df7acc	0123af9e96b58af4e98b91a2de5608d36b63c67864b9041d3340587f3dbe40d2	cfa8dcf0d81c408de38d4202fe1ce9d9e5e301d1e67439c9530da94b1e64ee3f	7484d7b0dd80f45e18d726b04752827fe28555cc5c1af0e127948380e6688abf
semantic-proposal-v1	SC1-b0b6f6eea03d1012175276d8654dbbe9a64d2dc7e2d682e168009f155ae13fc2	S016112	1	P01	SYMBOLS.tsv	359183	status	aarch64	include/uapi/linux/elf-em.h	operative_macro	EM_H8_300	29	PENDING_REVIEW	COMPLETE	COMPLETE	vendor/linux/include/uapi/linux/elf-em.h;vendor/linux/include/uapi/linux/elf-em.h:29;rewrite/configs/aarch64/frozen.config;header_closure=rewrite/metadata/header_closure.tsv;selected=PENDING_REVIEW	425f94c2954b1fe80ebdbf9b29854e89750355df	547331d1ba55a2c3c48f06cbb7788b40695ae12dc8abdea148ef3b331e8e69e3	282790f3ca3811853683c7e151a210cd8f497f95af6b464a48d1999631df7acc	0123af9e96b58af4e98b91a2de5608d36b63c67864b9041d3340587f3dbe40d2	cfa8dcf0d81c408de38d4202fe1ce9d9e5e301d1e67439c9530da94b1e64ee3f	7484d7b0dd80f45e18d726b04752827fe28555cc5c1af0e127948380e6688abf
semantic-proposal-v1	SC1-71b780266f2c941bf74935aa269368b351a69dd08ab1df4001db1843270be083	S016112	1	P01	SYMBOLS.tsv	359184	selection_expression	aarch64	include/uapi/linux/elf-em.h	operative_macro	EM_IA_64	30	PENDING_REVIEW	SOURCE_REVIEWED_VALUE	COMPLETE	vendor/linux/include/uapi/linux/elf-em.h;vendor/linux/include/uapi/linux/elf-em.h:30;rewrite/configs/aarch64/frozen.config;header_closure=rewrite/metadata/header_closure.tsv;selected=PENDING_REVIEW	425f94c2954b1fe80ebdbf9b29854e89750355df	547331d1ba55a2c3c48f06cbb7788b40695ae12dc8abdea148ef3b331e8e69e3	282790f3ca3811853683c7e151a210cd8f497f95af6b464a48d1999631df7acc	0123af9e96b58af4e98b91a2de5608d36b63c67864b9041d3340587f3dbe40d2	cfa8dcf0d81c408de38d4202fe1ce9d9e5e301d1e67439c9530da94b1e64ee3f	7484d7b0dd80f45e18d726b04752827fe28555cc5c1af0e127948380e6688abf
semantic-proposal-v1	SC1-d66385322518ac4ef53ce72b44c3f0147cdcce8d7cc0f76f6d8d2c38d4a9850e	S016112	1	P01	SYMBOLS.tsv	359184	status	aarch64	include/uapi/linux/elf-em.h	operative_macro	EM_IA_64	30	PENDING_REVIEW	COMPLETE	COMPLETE	vendor/linux/include/uapi/linux/elf-em.h;vendor/linux/include/uapi/linux/elf-em.h:30;rewrite/configs/aarch64/frozen.config;header_closure=rewrite/metadata/header_closure.tsv;selected=PENDING_REVIEW	425f94c2954b1fe80ebdbf9b29854e89750355df	547331d1ba55a2c3c48f06cbb7788b40695ae12dc8abdea148ef3b331e8e69e3	282790f3ca3811853683c7e151a210cd8f497f95af6b464a48d1999631df7acc	0123af9e96b58af4e98b91a2de5608d36b63c67864b9041d3340587f3dbe40d2	cfa8dcf0d81c408de38d4202fe1ce9d9e5e301d1e67439c9530da94b1e64ee3f	7484d7b0dd80f45e18d726b04752827fe28555cc5c1af0e127948380e6688abf
semantic-proposal-v1	SC1-8389726e3fa243651706bd7ebd37e62df813dbf3700deed21ea1f40476561c57	S016112	1	P01	SYMBOLS.tsv	359185	selection_expression	aarch64	include/uapi/linux/elf-em.h	operative_macro	EM_X86_64	31	PENDING_REVIEW	SOURCE_REVIEWED_VALUE	COMPLETE	vendor/linux/include/uapi/linux/elf-em.h;vendor/linux/include/uapi/linux/elf-em.h:31;rewrite/configs/aarch64/frozen.config;header_closure=rewrite/metadata/header_closure.tsv;selected=PENDING_REVIEW	425f94c2954b1fe80ebdbf9b29854e89750355df	547331d1ba55a2c3c48f06cbb7788b40695ae12dc8abdea148ef3b331e8e69e3	282790f3ca3811853683c7e151a210cd8f497f95af6b464a48d1999631df7acc	0123af9e96b58af4e98b91a2de5608d36b63c67864b9041d3340587f3dbe40d2	cfa8dcf0d81c408de38d4202fe1ce9d9e5e301d1e67439c9530da94b1e64ee3f	7484d7b0dd80f45e18d726b04752827fe28555cc5c1af0e127948380e6688abf
semantic-proposal-v1	SC1-0567af238b518e628ed043c7cfe17bbc9319a3aec38f11cccdb4b7e28a00e0d9	S016112	1	P01	SYMBOLS.tsv	359185	status	aarch64	include/uapi/linux/elf-em.h	operative_macro	EM_X86_64	31	PENDING_REVIEW	COMPLETE	COMPLETE	vendor/linux/include/uapi/linux/elf-em.h;vendor/linux/include/uapi/linux/elf-em.h:31;rewrite/configs/aarch64/frozen.config;header_closure=rewrite/metadata/header_closure.tsv;selected=PENDING_REVIEW	425f94c2954b1fe80ebdbf9b29854e89750355df	547331d1ba55a2c3c48f06cbb7788b40695ae12dc8abdea148ef3b331e8e69e3	282790f3ca3811853683c7e151a210cd8f497f95af6b464a48d1999631df7acc	0123af9e96b58af4e98b91a2de5608d36b63c67864b9041d3340587f3dbe40d2	cfa8dcf0d81c408de38d4202fe1ce9d9e5e301d1e67439c9530da94b1e64ee3f	7484d7b0dd80f45e18d726b04752827fe28555cc5c1af0e127948380e6688abf
semantic-proposal-v1	SC1-b016bd3f809a945fd90689305f92a5b46ff068d1054adcc079a5d83f351c4cd6	S016112	1	P01	SYMBOLS.tsv	359186	selection_expression	aarch64	include/uapi/linux/elf-em.h	operative_macro	EM_S390	32	PENDING_REVIEW	SOURCE_REVIEWED_VALUE	COMPLETE	vendor/linux/include/uapi/linux/elf-em.h;vendor/linux/include/uapi/linux/elf-em.h:32;rewrite/configs/aarch64/frozen.config;header_closure=rewrite/metadata/header_closure.tsv;selected=PENDING_REVIEW	425f94c2954b1fe80ebdbf9b29854e89750355df	547331d1ba55a2c3c48f06cbb7788b40695ae12dc8abdea148ef3b331e8e69e3	282790f3ca3811853683c7e151a210cd8f497f95af6b464a48d1999631df7acc	0123af9e96b58af4e98b91a2de5608d36b63c67864b9041d3340587f3dbe40d2	cfa8dcf0d81c408de38d4202fe1ce9d9e5e301d1e67439c9530da94b1e64ee3f	7484d7b0dd80f45e18d726b04752827fe28555cc5c1af0e127948380e6688abf
semantic-proposal-v1	SC1-5164d44919f9e18401791a38e4ec9aa9eedb51df4ab88b5e567c643529a8c239	S016112	1	P01	SYMBOLS.tsv	359186	status	aarch64	include/uapi/linux/elf-em.h	operative_macro	EM_S390	32	PENDING_REVIEW	COMPLETE	COMPLETE	vendor/linux/include/uapi/linux/elf-em.h;vendor/linux/include/uapi/linux/elf-em.h:32;rewrite/configs/aarch64/frozen.config;header_closure=rewrite/metadata/header_closure.tsv;selected=PENDING_REVIEW	425f94c2954b1fe80ebdbf9b29854e89750355df	547331d1ba55a2c3c48f06cbb7788b40695ae12dc8abdea148ef3b331e8e69e3	282790f3ca3811853683c7e151a210cd8f497f95af6b464a48d1999631df7acc	0123af9e96b58af4e98b91a2de5608d36b63c67864b9041d3340587f3dbe40d2	cfa8dcf0d81c408de38d4202fe1ce9d9e5e301d1e67439c9530da94b1e64ee3f	7484d7b0dd80f45e18d726b04752827fe28555cc5c1af0e127948380e6688abf
semantic-proposal-v1	SC1-9ac3c831a724dbda0d648757349503f123604f666d1bdedd53229de65a1c0a8c	S016112	1	P01	SYMBOLS.tsv	359187	selection_expression	aarch64	include/uapi/linux/elf-em.h	operative_macro	EM_CRIS	33	PENDING_REVIEW	SOURCE_REVIEWED_VALUE	COMPLETE	vendor/linux/include/uapi/linux/elf-em.h;vendor/linux/include/uapi/linux/elf-em.h:33;rewrite/configs/aarch64/frozen.config;header_closure=rewrite/metadata/header_closure.tsv;selected=PENDING_REVIEW	425f94c2954b1fe80ebdbf9b29854e89750355df	547331d1ba55a2c3c48f06cbb7788b40695ae12dc8abdea148ef3b331e8e69e3	282790f3ca3811853683c7e151a210cd8f497f95af6b464a48d1999631df7acc	0123af9e96b58af4e98b91a2de5608d36b63c67864b9041d3340587f3dbe40d2	cfa8dcf0d81c408de38d4202fe1ce9d9e5e301d1e67439c9530da94b1e64ee3f	7484d7b0dd80f45e18d726b04752827fe28555cc5c1af0e127948380e6688abf
semantic-proposal-v1	SC1-250b2c06d8e4c1c14a3721b292a87bb678756edc03dfcf38514667ea9e1aa87e	S016112	1	P01	SYMBOLS.tsv	359187	status	aarch64	include/uapi/linux/elf-em.h	operative_macro	EM_CRIS	33	PENDING_REVIEW	COMPLETE	COMPLETE	vendor/linux/include/uapi/linux/elf-em.h;vendor/linux/include/uapi/linux/elf-em.h:33;rewrite/configs/aarch64/frozen.config;header_closure=rewrite/metadata/header_closure.tsv;selected=PENDING_REVIEW	425f94c2954b1fe80ebdbf9b29854e89750355df	547331d1ba55a2c3c48f06cbb7788b40695ae12dc8abdea148ef3b331e8e69e3	282790f3ca3811853683c7e151a210cd8f497f95af6b464a48d1999631df7acc	0123af9e96b58af4e98b91a2de5608d36b63c67864b9041d3340587f3dbe40d2	cfa8dcf0d81c408de38d4202fe1ce9d9e5e301d1e67439c9530da94b1e64ee3f	7484d7b0dd80f45e18d726b04752827fe28555cc5c1af0e127948380e6688abf
semantic-proposal-v1	SC1-2735f759272220f17995b058b8968cd3a26613332828efbf2dd472017312ab50	S016112	1	P01	SYMBOLS.tsv	359188	selection_expression	aarch64	include/uapi/linux/elf-em.h	operative_macro	EM_M32R	34	PENDING_REVIEW	SOURCE_REVIEWED_VALUE	COMPLETE	vendor/linux/include/uapi/linux/elf-em.h;vendor/linux/include/uapi/linux/elf-em.h:34;rewrite/configs/aarch64/frozen.config;header_closure=rewrite/metadata/header_closure.tsv;selected=PENDING_REVIEW	425f94c2954b1fe80ebdbf9b29854e89750355df	547331d1ba55a2c3c48f06cbb7788b40695ae12dc8abdea148ef3b331e8e69e3	282790f3ca3811853683c7e151a210cd8f497f95af6b464a48d1999631df7acc	0123af9e96b58af4e98b91a2de5608d36b63c67864b9041d3340587f3dbe40d2	cfa8dcf0d81c408de38d4202fe1ce9d9e5e301d1e67439c9530da94b1e64ee3f	7484d7b0dd80f45e18d726b04752827fe28555cc5c1af0e127948380e6688abf
semantic-proposal-v1	SC1-d279cded8352c8b592d111eee07d211cf4f5c03ac53c6c225015f3b0b93bfc54	S016112	1	P01	SYMBOLS.tsv	359188	status	aarch64	include/uapi/linux/elf-em.h	operative_macro	EM_M32R	34	PENDING_REVIEW	COMPLETE	COMPLETE	vendor/linux/include/uapi/linux/elf-em.h;vendor/linux/include/uapi/linux/elf-em.h:34;rewrite/configs/aarch64/frozen.config;header_closure=rewrite/metadata/header_closure.tsv;selected=PENDING_REVIEW	425f94c2954b1fe80ebdbf9b29854e89750355df	547331d1ba55a2c3c48f06cbb7788b40695ae12dc8abdea148ef3b331e8e69e3	282790f3ca3811853683c7e151a210cd8f497f95af6b464a48d1999631df7acc	0123af9e96b58af4e98b91a2de5608d36b63c67864b9041d3340587f3dbe40d2	cfa8dcf0d81c408de38d4202fe1ce9d9e5e301d1e67439c9530da94b1e64ee3f	7484d7b0dd80f45e18d726b04752827fe28555cc5c1af0e127948380e6688abf
semantic-proposal-v1	SC1-cdbc7fb95f146284ce5acaa68968d2cc2f45ae9711e36073a39ddb63c344615b	S016112	1	P01	SYMBOLS.tsv	359189	selection_expression	aarch64	include/uapi/linux/elf-em.h	operative_macro	EM_MN10300	35	PENDING_REVIEW	SOURCE_REVIEWED_VALUE	COMPLETE	vendor/linux/include/uapi/linux/elf-em.h;vendor/linux/include/uapi/linux/elf-em.h:35;rewrite/configs/aarch64/frozen.config;header_closure=rewrite/metadata/header_closure.tsv;selected=PENDING_REVIEW	425f94c2954b1fe80ebdbf9b29854e89750355df	547331d1ba55a2c3c48f06cbb7788b40695ae12dc8abdea148ef3b331e8e69e3	282790f3ca3811853683c7e151a210cd8f497f95af6b464a48d1999631df7acc	0123af9e96b58af4e98b91a2de5608d36b63c67864b9041d3340587f3dbe40d2	cfa8dcf0d81c408de38d4202fe1ce9d9e5e301d1e67439c9530da94b1e64ee3f	7484d7b0dd80f45e18d726b04752827fe28555cc5c1af0e127948380e6688abf
semantic-proposal-v1	SC1-b6f908cc3a53e1bb72c00541e9c999ee93ce0d0503543225df5cd48ebcccf147	S016112	1	P01	SYMBOLS.tsv	359189	status	aarch64	include/uapi/linux/elf-em.h	operative_macro	EM_MN10300	35	PENDING_REVIEW	COMPLETE	COMPLETE	vendor/linux/include/uapi/linux/elf-em.h;vendor/linux/include/uapi/linux/elf-em.h:35;rewrite/configs/aarch64/frozen.config;header_closure=rewrite/metadata/header_closure.tsv;selected=PENDING_REVIEW	425f94c2954b1fe80ebdbf9b29854e89750355df	547331d1ba55a2c3c48f06cbb7788b40695ae12dc8abdea148ef3b331e8e69e3	282790f3ca3811853683c7e151a210cd8f497f95af6b464a48d1999631df7acc	0123af9e96b58af4e98b91a2de5608d36b63c67864b9041d3340587f3dbe40d2	cfa8dcf0d81c408de38d4202fe1ce9d9e5e301d1e67439c9530da94b1e64ee3f	7484d7b0dd80f45e18d726b04752827fe28555cc5c1af0e127948380e6688abf
semantic-proposal-v1	SC1-3ef1e34375b4bad8be3f097d586c6bbd75f4d14157039e7ab723c3b7745781f7	S016112	1	P01	SYMBOLS.tsv	359190	selection_expression	aarch64	include/uapi/linux/elf-em.h	operative_macro	EM_OPENRISC	36	PENDING_REVIEW	SOURCE_REVIEWED_VALUE	COMPLETE	vendor/linux/include/uapi/linux/elf-em.h;vendor/linux/include/uapi/linux/elf-em.h:36;rewrite/configs/aarch64/frozen.config;header_closure=rewrite/metadata/header_closure.tsv;selected=PENDING_REVIEW	425f94c2954b1fe80ebdbf9b29854e89750355df	547331d1ba55a2c3c48f06cbb7788b40695ae12dc8abdea148ef3b331e8e69e3	282790f3ca3811853683c7e151a210cd8f497f95af6b464a48d1999631df7acc	0123af9e96b58af4e98b91a2de5608d36b63c67864b9041d3340587f3dbe40d2	cfa8dcf0d81c408de38d4202fe1ce9d9e5e301d1e67439c9530da94b1e64ee3f	7484d7b0dd80f45e18d726b04752827fe28555cc5c1af0e127948380e6688abf
semantic-proposal-v1	SC1-ea88fe429e7097cd86e84e3f16a180aad64f531867a395361bdbe049283605ba	S016112	1	P01	SYMBOLS.tsv	359190	status	aarch64	include/uapi/linux/elf-em.h	operative_macro	EM_OPENRISC	36	PENDING_REVIEW	COMPLETE	COMPLETE	vendor/linux/include/uapi/linux/elf-em.h;vendor/linux/include/uapi/linux/elf-em.h:36;rewrite/configs/aarch64/frozen.config;header_closure=rewrite/metadata/header_closure.tsv;selected=PENDING_REVIEW	425f94c2954b1fe80ebdbf9b29854e89750355df	547331d1ba55a2c3c48f06cbb7788b40695ae12dc8abdea148ef3b331e8e69e3	282790f3ca3811853683c7e151a210cd8f497f95af6b464a48d1999631df7acc	0123af9e96b58af4e98b91a2de5608d36b63c67864b9041d3340587f3dbe40d2	cfa8dcf0d81c408de38d4202fe1ce9d9e5e301d1e67439c9530da94b1e64ee3f	7484d7b0dd80f45e18d726b04752827fe28555cc5c1af0e127948380e6688abf
semantic-proposal-v1	SC1-47ddb36087870ff2da4c7cc30fd3d096653577e6f820be48099b12577d49a9f4	S016112	1	P01	SYMBOLS.tsv	359191	selection_expression	aarch64	include/uapi/linux/elf-em.h	operative_macro	EM_ARCOMPACT	37	PENDING_REVIEW	SOURCE_REVIEWED_VALUE	COMPLETE	vendor/linux/include/uapi/linux/elf-em.h;vendor/linux/include/uapi/linux/elf-em.h:37;rewrite/configs/aarch64/frozen.config;header_closure=rewrite/metadata/header_closure.tsv;selected=PENDING_REVIEW	425f94c2954b1fe80ebdbf9b29854e89750355df	547331d1ba55a2c3c48f06cbb7788b40695ae12dc8abdea148ef3b331e8e69e3	282790f3ca3811853683c7e151a210cd8f497f95af6b464a48d1999631df7acc	0123af9e96b58af4e98b91a2de5608d36b63c67864b9041d3340587f3dbe40d2	cfa8dcf0d81c408de38d4202fe1ce9d9e5e301d1e67439c9530da94b1e64ee3f	7484d7b0dd80f45e18d726b04752827fe28555cc5c1af0e127948380e6688abf
semantic-proposal-v1	SC1-b2f6f25b54e0def8c64f1e6fbcbb0c1adbf60db985c88a8200e7fbd74ca0c79d	S016112	1	P01	SYMBOLS.tsv	359191	status	aarch64	include/uapi/linux/elf-em.h	operative_macro	EM_ARCOMPACT	37	PENDING_REVIEW	COMPLETE	COMPLETE	vendor/linux/include/uapi/linux/elf-em.h;vendor/linux/include/uapi/linux/elf-em.h:37;rewrite/configs/aarch64/frozen.config;header_closure=rewrite/metadata/header_closure.tsv;selected=PENDING_REVIEW	425f94c2954b1fe80ebdbf9b29854e89750355df	547331d1ba55a2c3c48f06cbb7788b40695ae12dc8abdea148ef3b331e8e69e3	282790f3ca3811853683c7e151a210cd8f497f95af6b464a48d1999631df7acc	0123af9e96b58af4e98b91a2de5608d36b63c67864b9041d3340587f3dbe40d2	cfa8dcf0d81c408de38d4202fe1ce9d9e5e301d1e67439c9530da94b1e64ee3f	7484d7b0dd80f45e18d726b04752827fe28555cc5c1af0e127948380e6688abf
semantic-proposal-v1	SC1-da3eea7f3ca5a05e735bdbfcaca1bb45624cf95d0dff8ba727d35dd71e10771d	S016112	1	P01	SYMBOLS.tsv	359192	selection_expression	aarch64	include/uapi/linux/elf-em.h	operative_macro	EM_XTENSA	38	PENDING_REVIEW	SOURCE_REVIEWED_VALUE	COMPLETE	vendor/linux/include/uapi/linux/elf-em.h;vendor/linux/include/uapi/linux/elf-em.h:38;rewrite/configs/aarch64/frozen.config;header_closure=rewrite/metadata/header_closure.tsv;selected=PENDING_REVIEW	425f94c2954b1fe80ebdbf9b29854e89750355df	547331d1ba55a2c3c48f06cbb7788b40695ae12dc8abdea148ef3b331e8e69e3	282790f3ca3811853683c7e151a210cd8f497f95af6b464a48d1999631df7acc	0123af9e96b58af4e98b91a2de5608d36b63c67864b9041d3340587f3dbe40d2	cfa8dcf0d81c408de38d4202fe1ce9d9e5e301d1e67439c9530da94b1e64ee3f	7484d7b0dd80f45e18d726b04752827fe28555cc5c1af0e127948380e6688abf
semantic-proposal-v1	SC1-3f805f5fa0e062abfd5144983aee0d54f45593384a967a12f5a4fe5a210c6b0d	S016112	1	P01	SYMBOLS.tsv	359192	status	aarch64	include/uapi/linux/elf-em.h	operative_macro	EM_XTENSA	38	PENDING_REVIEW	COMPLETE	COMPLETE	vendor/linux/include/uapi/linux/elf-em.h;vendor/linux/include/uapi/linux/elf-em.h:38;rewrite/configs/aarch64/frozen.config;header_closure=rewrite/metadata/header_closure.tsv;selected=PENDING_REVIEW	425f94c2954b1fe80ebdbf9b29854e89750355df	547331d1ba55a2c3c48f06cbb7788b40695ae12dc8abdea148ef3b331e8e69e3	282790f3ca3811853683c7e151a210cd8f497f95af6b464a48d1999631df7acc	0123af9e96b58af4e98b91a2de5608d36b63c67864b9041d3340587f3dbe40d2	cfa8dcf0d81c408de38d4202fe1ce9d9e5e301d1e67439c9530da94b1e64ee3f	7484d7b0dd80f45e18d726b04752827fe28555cc5c1af0e127948380e6688abf
semantic-proposal-v1	SC1-73816b1340b003d81adc3c55339e70574d55d75aafca79883228e9811a8925ff	S016112	1	P01	SYMBOLS.tsv	359193	selection_expression	aarch64	include/uapi/linux/elf-em.h	operative_macro	EM_BLACKFIN	39	PENDING_REVIEW	SOURCE_REVIEWED_VALUE	COMPLETE	vendor/linux/include/uapi/linux/elf-em.h;vendor/linux/include/uapi/linux/elf-em.h:39;rewrite/configs/aarch64/frozen.config;header_closure=rewrite/metadata/header_closure.tsv;selected=PENDING_REVIEW	425f94c2954b1fe80ebdbf9b29854e89750355df	547331d1ba55a2c3c48f06cbb7788b40695ae12dc8abdea148ef3b331e8e69e3	282790f3ca3811853683c7e151a210cd8f497f95af6b464a48d1999631df7acc	0123af9e96b58af4e98b91a2de5608d36b63c67864b9041d3340587f3dbe40d2	cfa8dcf0d81c408de38d4202fe1ce9d9e5e301d1e67439c9530da94b1e64ee3f	7484d7b0dd80f45e18d726b04752827fe28555cc5c1af0e127948380e6688abf
semantic-proposal-v1	SC1-526d171760b336fd7cd602921e3e87b358545dd98ff749235c7eacc5bcb646f4	S016112	1	P01	SYMBOLS.tsv	359193	status	aarch64	include/uapi/linux/elf-em.h	operative_macro	EM_BLACKFIN	39	PENDING_REVIEW	COMPLETE	COMPLETE	vendor/linux/include/uapi/linux/elf-em.h;vendor/linux/include/uapi/linux/elf-em.h:39;rewrite/configs/aarch64/frozen.config;header_closure=rewrite/metadata/header_closure.tsv;selected=PENDING_REVIEW	425f94c2954b1fe80ebdbf9b29854e89750355df	547331d1ba55a2c3c48f06cbb7788b40695ae12dc8abdea148ef3b331e8e69e3	282790f3ca3811853683c7e151a210cd8f497f95af6b464a48d1999631df7acc	0123af9e96b58af4e98b91a2de5608d36b63c67864b9041d3340587f3dbe40d2	cfa8dcf0d81c408de38d4202fe1ce9d9e5e301d1e67439c9530da94b1e64ee3f	7484d7b0dd80f45e18d726b04752827fe28555cc5c1af0e127948380e6688abf
semantic-proposal-v1	SC1-8dd13efca209a7cc5e656f593e6f2ad705340c384cca939bacb5e7dd80d5e7dd	S016112	1	P01	SYMBOLS.tsv	359194	selection_expression	aarch64	include/uapi/linux/elf-em.h	operative_macro	EM_UNICORE	40	PENDING_REVIEW	SOURCE_REVIEWED_VALUE	COMPLETE	vendor/linux/include/uapi/linux/elf-em.h;vendor/linux/include/uapi/linux/elf-em.h:40;rewrite/configs/aarch64/frozen.config;header_closure=rewrite/metadata/header_closure.tsv;selected=PENDING_REVIEW	425f94c2954b1fe80ebdbf9b29854e89750355df	547331d1ba55a2c3c48f06cbb7788b40695ae12dc8abdea148ef3b331e8e69e3	282790f3ca3811853683c7e151a210cd8f497f95af6b464a48d1999631df7acc	0123af9e96b58af4e98b91a2de5608d36b63c67864b9041d3340587f3dbe40d2	cfa8dcf0d81c408de38d4202fe1ce9d9e5e301d1e67439c9530da94b1e64ee3f	7484d7b0dd80f45e18d726b04752827fe28555cc5c1af0e127948380e6688abf
semantic-proposal-v1	SC1-009808f08648f7c5935405543ecbaedd806d8d7f4973248392000d4087da0f22	S016112	1	P01	SYMBOLS.tsv	359194	status	aarch64	include/uapi/linux/elf-em.h	operative_macro	EM_UNICORE	40	PENDING_REVIEW	COMPLETE	COMPLETE	vendor/linux/include/uapi/linux/elf-em.h;vendor/linux/include/uapi/linux/elf-em.h:40;rewrite/configs/aarch64/frozen.config;header_closure=rewrite/metadata/header_closure.tsv;selected=PENDING_REVIEW	425f94c2954b1fe80ebdbf9b29854e89750355df	547331d1ba55a2c3c48f06cbb7788b40695ae12dc8abdea148ef3b331e8e69e3	282790f3ca3811853683c7e151a210cd8f497f95af6b464a48d1999631df7acc	0123af9e96b58af4e98b91a2de5608d36b63c67864b9041d3340587f3dbe40d2	cfa8dcf0d81c408de38d4202fe1ce9d9e5e301d1e67439c9530da94b1e64ee3f	7484d7b0dd80f45e18d726b04752827fe28555cc5c1af0e127948380e6688abf
semantic-proposal-v1	SC1-c18864f829194148c57d54ad8748f0068d18e13a3758046f0a2f027efcfd73bd	S016112	1	P01	SYMBOLS.tsv	359195	selection_expression	aarch64	include/uapi/linux/elf-em.h	operative_macro	EM_ALTERA_NIOS2	41	PENDING_REVIEW	SOURCE_REVIEWED_VALUE	COMPLETE	vendor/linux/include/uapi/linux/elf-em.h;vendor/linux/include/uapi/linux/elf-em.h:41;rewrite/configs/aarch64/frozen.config;header_closure=rewrite/metadata/header_closure.tsv;selected=PENDING_REVIEW	425f94c2954b1fe80ebdbf9b29854e89750355df	547331d1ba55a2c3c48f06cbb7788b40695ae12dc8abdea148ef3b331e8e69e3	282790f3ca3811853683c7e151a210cd8f497f95af6b464a48d1999631df7acc	0123af9e96b58af4e98b91a2de5608d36b63c67864b9041d3340587f3dbe40d2	cfa8dcf0d81c408de38d4202fe1ce9d9e5e301d1e67439c9530da94b1e64ee3f	7484d7b0dd80f45e18d726b04752827fe28555cc5c1af0e127948380e6688abf
semantic-proposal-v1	SC1-7c737fe841d13f32645370ff49eef8d7acbf9b625d610999c711658daad4a7d3	S016112	1	P01	SYMBOLS.tsv	359195	status	aarch64	include/uapi/linux/elf-em.h	operative_macro	EM_ALTERA_NIOS2	41	PENDING_REVIEW	COMPLETE	COMPLETE	vendor/linux/include/uapi/linux/elf-em.h;vendor/linux/include/uapi/linux/elf-em.h:41;rewrite/configs/aarch64/frozen.config;header_closure=rewrite/metadata/header_closure.tsv;selected=PENDING_REVIEW	425f94c2954b1fe80ebdbf9b29854e89750355df	547331d1ba55a2c3c48f06cbb7788b40695ae12dc8abdea148ef3b331e8e69e3	282790f3ca3811853683c7e151a210cd8f497f95af6b464a48d1999631df7acc	0123af9e96b58af4e98b91a2de5608d36b63c67864b9041d3340587f3dbe40d2	cfa8dcf0d81c408de38d4202fe1ce9d9e5e301d1e67439c9530da94b1e64ee3f	7484d7b0dd80f45e18d726b04752827fe28555cc5c1af0e127948380e6688abf
semantic-proposal-v1	SC1-e82b4cf3ad957fc2120b94db7203e3feb08329e9ef251fc89f072ef30ac60dc1	S016112	1	P01	SYMBOLS.tsv	359196	selection_expression	aarch64	include/uapi/linux/elf-em.h	operative_macro	EM_TI_C6000	42	PENDING_REVIEW	SOURCE_REVIEWED_VALUE	COMPLETE	vendor/linux/include/uapi/linux/elf-em.h;vendor/linux/include/uapi/linux/elf-em.h:42;rewrite/configs/aarch64/frozen.config;header_closure=rewrite/metadata/header_closure.tsv;selected=PENDING_REVIEW	425f94c2954b1fe80ebdbf9b29854e89750355df	547331d1ba55a2c3c48f06cbb7788b40695ae12dc8abdea148ef3b331e8e69e3	282790f3ca3811853683c7e151a210cd8f497f95af6b464a48d1999631df7acc	0123af9e96b58af4e98b91a2de5608d36b63c67864b9041d3340587f3dbe40d2	cfa8dcf0d81c408de38d4202fe1ce9d9e5e301d1e67439c9530da94b1e64ee3f	7484d7b0dd80f45e18d726b04752827fe28555cc5c1af0e127948380e6688abf
semantic-proposal-v1	SC1-29ae7370c8995d23f04803f94947a8e65641743ae701aa290dd30f9c83e8f2b6	S016112	1	P01	SYMBOLS.tsv	359196	status	aarch64	include/uapi/linux/elf-em.h	operative_macro	EM_TI_C6000	42	PENDING_REVIEW	COMPLETE	COMPLETE	vendor/linux/include/uapi/linux/elf-em.h;vendor/linux/include/uapi/linux/elf-em.h:42;rewrite/configs/aarch64/frozen.config;header_closure=rewrite/metadata/header_closure.tsv;selected=PENDING_REVIEW	425f94c2954b1fe80ebdbf9b29854e89750355df	547331d1ba55a2c3c48f06cbb7788b40695ae12dc8abdea148ef3b331e8e69e3	282790f3ca3811853683c7e151a210cd8f497f95af6b464a48d1999631df7acc	0123af9e96b58af4e98b91a2de5608d36b63c67864b9041d3340587f3dbe40d2	cfa8dcf0d81c408de38d4202fe1ce9d9e5e301d1e67439c9530da94b1e64ee3f	7484d7b0dd80f45e18d726b04752827fe28555cc5c1af0e127948380e6688abf
semantic-proposal-v1	SC1-b04379b000bad7de30b68ef1597c557fa36e807e9303f6512ee8f66d24a86674	S016112	1	P01	SYMBOLS.tsv	359197	selection_expression	aarch64	include/uapi/linux/elf-em.h	operative_macro	EM_HEXAGON	43	PENDING_REVIEW	SOURCE_REVIEWED_VALUE	COMPLETE	vendor/linux/include/uapi/linux/elf-em.h;vendor/linux/include/uapi/linux/elf-em.h:43;rewrite/configs/aarch64/frozen.config;header_closure=rewrite/metadata/header_closure.tsv;selected=PENDING_REVIEW	425f94c2954b1fe80ebdbf9b29854e89750355df	547331d1ba55a2c3c48f06cbb7788b40695ae12dc8abdea148ef3b331e8e69e3	282790f3ca3811853683c7e151a210cd8f497f95af6b464a48d1999631df7acc	0123af9e96b58af4e98b91a2de5608d36b63c67864b9041d3340587f3dbe40d2	cfa8dcf0d81c408de38d4202fe1ce9d9e5e301d1e67439c9530da94b1e64ee3f	7484d7b0dd80f45e18d726b04752827fe28555cc5c1af0e127948380e6688abf
semantic-proposal-v1	SC1-ff1bda599e027b61cfac9ee78219469d152d9b615337078c7fb2c4d6945a9a1b	S016112	1	P01	SYMBOLS.tsv	359197	status	aarch64	include/uapi/linux/elf-em.h	operative_macro	EM_HEXAGON	43	PENDING_REVIEW	COMPLETE	COMPLETE	vendor/linux/include/uapi/linux/elf-em.h;vendor/linux/include/uapi/linux/elf-em.h:43;rewrite/configs/aarch64/frozen.config;header_closure=rewrite/metadata/header_closure.tsv;selected=PENDING_REVIEW	425f94c2954b1fe80ebdbf9b29854e89750355df	547331d1ba55a2c3c48f06cbb7788b40695ae12dc8abdea148ef3b331e8e69e3	282790f3ca3811853683c7e151a210cd8f497f95af6b464a48d1999631df7acc	0123af9e96b58af4e98b91a2de5608d36b63c67864b9041d3340587f3dbe40d2	cfa8dcf0d81c408de38d4202fe1ce9d9e5e301d1e67439c9530da94b1e64ee3f	7484d7b0dd80f45e18d726b04752827fe28555cc5c1af0e127948380e6688abf
semantic-proposal-v1	SC1-9d75b400f07ef49b290619da8f7504915e1ee437f50b5c7f6fc49469e1d18659	S016112	1	P01	SYMBOLS.tsv	359198	selection_expression	aarch64	include/uapi/linux/elf-em.h	operative_macro	EM_NDS32	44	PENDING_REVIEW	SOURCE_REVIEWED_VALUE	COMPLETE	vendor/linux/include/uapi/linux/elf-em.h;vendor/linux/include/uapi/linux/elf-em.h:44;rewrite/configs/aarch64/frozen.config;header_closure=rewrite/metadata/header_closure.tsv;selected=PENDING_REVIEW	425f94c2954b1fe80ebdbf9b29854e89750355df	547331d1ba55a2c3c48f06cbb7788b40695ae12dc8abdea148ef3b331e8e69e3	282790f3ca3811853683c7e151a210cd8f497f95af6b464a48d1999631df7acc	0123af9e96b58af4e98b91a2de5608d36b63c67864b9041d3340587f3dbe40d2	cfa8dcf0d81c408de38d4202fe1ce9d9e5e301d1e67439c9530da94b1e64ee3f	7484d7b0dd80f45e18d726b04752827fe28555cc5c1af0e127948380e6688abf
semantic-proposal-v1	SC1-5d5151fa7849b27ebac6527635106ad3f88e57ced0a33268ddfef68a7241e3e1	S016112	1	P01	SYMBOLS.tsv	359198	status	aarch64	include/uapi/linux/elf-em.h	operative_macro	EM_NDS32	44	PENDING_REVIEW	COMPLETE	COMPLETE	vendor/linux/include/uapi/linux/elf-em.h;vendor/linux/include/uapi/linux/elf-em.h:44;rewrite/configs/aarch64/frozen.config;header_closure=rewrite/metadata/header_closure.tsv;selected=PENDING_REVIEW	425f94c2954b1fe80ebdbf9b29854e89750355df	547331d1ba55a2c3c48f06cbb7788b40695ae12dc8abdea148ef3b331e8e69e3	282790f3ca3811853683c7e151a210cd8f497f95af6b464a48d1999631df7acc	0123af9e96b58af4e98b91a2de5608d36b63c67864b9041d3340587f3dbe40d2	cfa8dcf0d81c408de38d4202fe1ce9d9e5e301d1e67439c9530da94b1e64ee3f	7484d7b0dd80f45e18d726b04752827fe28555cc5c1af0e127948380e6688abf
semantic-proposal-v1	SC1-94653812ab1ec4b87cb972ca03b0c4431e6a9ec46838e7f5da555747a0bbb114	S016112	1	P01	SYMBOLS.tsv	359199	selection_expression	aarch64	include/uapi/linux/elf-em.h	operative_macro	EM_AARCH64	46	PENDING_REVIEW	SOURCE_REVIEWED_VALUE	COMPLETE	vendor/linux/include/uapi/linux/elf-em.h;vendor/linux/include/uapi/linux/elf-em.h:46;rewrite/configs/aarch64/frozen.config;header_closure=rewrite/metadata/header_closure.tsv;selected=PENDING_REVIEW	425f94c2954b1fe80ebdbf9b29854e89750355df	547331d1ba55a2c3c48f06cbb7788b40695ae12dc8abdea148ef3b331e8e69e3	282790f3ca3811853683c7e151a210cd8f497f95af6b464a48d1999631df7acc	0123af9e96b58af4e98b91a2de5608d36b63c67864b9041d3340587f3dbe40d2	cfa8dcf0d81c408de38d4202fe1ce9d9e5e301d1e67439c9530da94b1e64ee3f	7484d7b0dd80f45e18d726b04752827fe28555cc5c1af0e127948380e6688abf
semantic-proposal-v1	SC1-fb200c139e4418bded213fac81371ec9239316e4e6f9c385b884f5be2ce16e41	S016112	1	P01	SYMBOLS.tsv	359199	status	aarch64	include/uapi/linux/elf-em.h	operative_macro	EM_AARCH64	46	PENDING_REVIEW	COMPLETE	COMPLETE	vendor/linux/include/uapi/linux/elf-em.h;vendor/linux/include/uapi/linux/elf-em.h:46;rewrite/configs/aarch64/frozen.config;header_closure=rewrite/metadata/header_closure.tsv;selected=PENDING_REVIEW	425f94c2954b1fe80ebdbf9b29854e89750355df	547331d1ba55a2c3c48f06cbb7788b40695ae12dc8abdea148ef3b331e8e69e3	282790f3ca3811853683c7e151a210cd8f497f95af6b464a48d1999631df7acc	0123af9e96b58af4e98b91a2de5608d36b63c67864b9041d3340587f3dbe40d2	cfa8dcf0d81c408de38d4202fe1ce9d9e5e301d1e67439c9530da94b1e64ee3f	7484d7b0dd80f45e18d726b04752827fe28555cc5c1af0e127948380e6688abf
semantic-proposal-v1	SC1-5fe69363a1862d94ab929cfd9be53483418e176c791d41d993bbc1e105fc66d7	S016112	1	P01	SYMBOLS.tsv	359200	selection_expression	aarch64	include/uapi/linux/elf-em.h	operative_macro	EM_TILEPRO	47	PENDING_REVIEW	SOURCE_REVIEWED_VALUE	COMPLETE	vendor/linux/include/uapi/linux/elf-em.h;vendor/linux/include/uapi/linux/elf-em.h:47;rewrite/configs/aarch64/frozen.config;header_closure=rewrite/metadata/header_closure.tsv;selected=PENDING_REVIEW	425f94c2954b1fe80ebdbf9b29854e89750355df	547331d1ba55a2c3c48f06cbb7788b40695ae12dc8abdea148ef3b331e8e69e3	282790f3ca3811853683c7e151a210cd8f497f95af6b464a48d1999631df7acc	0123af9e96b58af4e98b91a2de5608d36b63c67864b9041d3340587f3dbe40d2	cfa8dcf0d81c408de38d4202fe1ce9d9e5e301d1e67439c9530da94b1e64ee3f	7484d7b0dd80f45e18d726b04752827fe28555cc5c1af0e127948380e6688abf
semantic-proposal-v1	SC1-bcbcca3b13c825d7fa45cb4b229a2ee1b710d2adb91e1fa30273c0bfc4cb9353	S016112	1	P01	SYMBOLS.tsv	359200	status	aarch64	include/uapi/linux/elf-em.h	operative_macro	EM_TILEPRO	47	PENDING_REVIEW	COMPLETE	COMPLETE	vendor/linux/include/uapi/linux/elf-em.h;vendor/linux/include/uapi/linux/elf-em.h:47;rewrite/configs/aarch64/frozen.config;header_closure=rewrite/metadata/header_closure.tsv;selected=PENDING_REVIEW	425f94c2954b1fe80ebdbf9b29854e89750355df	547331d1ba55a2c3c48f06cbb7788b40695ae12dc8abdea148ef3b331e8e69e3	282790f3ca3811853683c7e151a210cd8f497f95af6b464a48d1999631df7acc	0123af9e96b58af4e98b91a2de5608d36b63c67864b9041d3340587f3dbe40d2	cfa8dcf0d81c408de38d4202fe1ce9d9e5e301d1e67439c9530da94b1e64ee3f	7484d7b0dd80f45e18d726b04752827fe28555cc5c1af0e127948380e6688abf
semantic-proposal-v1	SC1-ca40616eef055b89c4d72075d673a500d2f02a981c441e0743ecfb8a4be65b79	S016112	1	P01	SYMBOLS.tsv	359201	selection_expression	aarch64	include/uapi/linux/elf-em.h	operative_macro	EM_MICROBLAZE	48	PENDING_REVIEW	SOURCE_REVIEWED_VALUE	COMPLETE	vendor/linux/include/uapi/linux/elf-em.h;vendor/linux/include/uapi/linux/elf-em.h:48;rewrite/configs/aarch64/frozen.config;header_closure=rewrite/metadata/header_closure.tsv;selected=PENDING_REVIEW	425f94c2954b1fe80ebdbf9b29854e89750355df	547331d1ba55a2c3c48f06cbb7788b40695ae12dc8abdea148ef3b331e8e69e3	282790f3ca3811853683c7e151a210cd8f497f95af6b464a48d1999631df7acc	0123af9e96b58af4e98b91a2de5608d36b63c67864b9041d3340587f3dbe40d2	cfa8dcf0d81c408de38d4202fe1ce9d9e5e301d1e67439c9530da94b1e64ee3f	7484d7b0dd80f45e18d726b04752827fe28555cc5c1af0e127948380e6688abf
semantic-proposal-v1	SC1-40da826fd51fc726038652a6ee1ceba26399b3c93b5efa63198346d0b5e5fe12	S016112	1	P01	SYMBOLS.tsv	359201	status	aarch64	include/uapi/linux/elf-em.h	operative_macro	EM_MICROBLAZE	48	PENDING_REVIEW	COMPLETE	COMPLETE	vendor/linux/include/uapi/linux/elf-em.h;vendor/linux/include/uapi/linux/elf-em.h:48;rewrite/configs/aarch64/frozen.config;header_closure=rewrite/metadata/header_closure.tsv;selected=PENDING_REVIEW	425f94c2954b1fe80ebdbf9b29854e89750355df	547331d1ba55a2c3c48f06cbb7788b40695ae12dc8abdea148ef3b331e8e69e3	282790f3ca3811853683c7e151a210cd8f497f95af6b464a48d1999631df7acc	0123af9e96b58af4e98b91a2de5608d36b63c67864b9041d3340587f3dbe40d2	cfa8dcf0d81c408de38d4202fe1ce9d9e5e301d1e67439c9530da94b1e64ee3f	7484d7b0dd80f45e18d726b04752827fe28555cc5c1af0e127948380e6688abf
semantic-proposal-v1	SC1-5d5cc68c28a7fb0ddd428c4082a23ddb5457f36dde2bda8eabe463876e7fe323	S016112	1	P01	SYMBOLS.tsv	359202	selection_expression	aarch64	include/uapi/linux/elf-em.h	operative_macro	EM_TILEGX	49	PENDING_REVIEW	SOURCE_REVIEWED_VALUE	COMPLETE	vendor/linux/include/uapi/linux/elf-em.h;vendor/linux/include/uapi/linux/elf-em.h:49;rewrite/configs/aarch64/frozen.config;header_closure=rewrite/metadata/header_closure.tsv;selected=PENDING_REVIEW	425f94c2954b1fe80ebdbf9b29854e89750355df	547331d1ba55a2c3c48f06cbb7788b40695ae12dc8abdea148ef3b331e8e69e3	282790f3ca3811853683c7e151a210cd8f497f95af6b464a48d1999631df7acc	0123af9e96b58af4e98b91a2de5608d36b63c67864b9041d3340587f3dbe40d2	cfa8dcf0d81c408de38d4202fe1ce9d9e5e301d1e67439c9530da94b1e64ee3f	7484d7b0dd80f45e18d726b04752827fe28555cc5c1af0e127948380e6688abf
semantic-proposal-v1	SC1-75166f931a76994d855097f528e4d0189e6f00e2d77843423bc4ee2ba970c5c2	S016112	1	P01	SYMBOLS.tsv	359202	status	aarch64	include/uapi/linux/elf-em.h	operative_macro	EM_TILEGX	49	PENDING_REVIEW	COMPLETE	COMPLETE	vendor/linux/include/uapi/linux/elf-em.h;vendor/linux/include/uapi/linux/elf-em.h:49;rewrite/configs/aarch64/frozen.config;header_closure=rewrite/metadata/header_closure.tsv;selected=PENDING_REVIEW	425f94c2954b1fe80ebdbf9b29854e89750355df	547331d1ba55a2c3c48f06cbb7788b40695ae12dc8abdea148ef3b331e8e69e3	282790f3ca3811853683c7e151a210cd8f497f95af6b464a48d1999631df7acc	0123af9e96b58af4e98b91a2de5608d36b63c67864b9041d3340587f3dbe40d2	cfa8dcf0d81c408de38d4202fe1ce9d9e5e301d1e67439c9530da94b1e64ee3f	7484d7b0dd80f45e18d726b04752827fe28555cc5c1af0e127948380e6688abf
semantic-proposal-v1	SC1-28d837f5badf3e231749e2374bb2d9f8e4e1d88cc554a50acd50bd9b6a4cc431	S016112	1	P01	SYMBOLS.tsv	359203	selection_expression	aarch64	include/uapi/linux/elf-em.h	operative_macro	EM_ARCV2	50	PENDING_REVIEW	SOURCE_REVIEWED_VALUE	COMPLETE	vendor/linux/include/uapi/linux/elf-em.h;vendor/linux/include/uapi/linux/elf-em.h:50;rewrite/configs/aarch64/frozen.config;header_closure=rewrite/metadata/header_closure.tsv;selected=PENDING_REVIEW	425f94c2954b1fe80ebdbf9b29854e89750355df	547331d1ba55a2c3c48f06cbb7788b40695ae12dc8abdea148ef3b331e8e69e3	282790f3ca3811853683c7e151a210cd8f497f95af6b464a48d1999631df7acc	0123af9e96b58af4e98b91a2de5608d36b63c67864b9041d3340587f3dbe40d2	cfa8dcf0d81c408de38d4202fe1ce9d9e5e301d1e67439c9530da94b1e64ee3f	7484d7b0dd80f45e18d726b04752827fe28555cc5c1af0e127948380e6688abf
semantic-proposal-v1	SC1-49d2dd8b069683425fc2668fcb29ae7f083e6232da324b42e746f6bc0b8cdc3f	S016112	1	P01	SYMBOLS.tsv	359203	status	aarch64	include/uapi/linux/elf-em.h	operative_macro	EM_ARCV2	50	PENDING_REVIEW	COMPLETE	COMPLETE	vendor/linux/include/uapi/linux/elf-em.h;vendor/linux/include/uapi/linux/elf-em.h:50;rewrite/configs/aarch64/frozen.config;header_closure=rewrite/metadata/header_closure.tsv;selected=PENDING_REVIEW	425f94c2954b1fe80ebdbf9b29854e89750355df	547331d1ba55a2c3c48f06cbb7788b40695ae12dc8abdea148ef3b331e8e69e3	282790f3ca3811853683c7e151a210cd8f497f95af6b464a48d1999631df7acc	0123af9e96b58af4e98b91a2de5608d36b63c67864b9041d3340587f3dbe40d2	cfa8dcf0d81c408de38d4202fe1ce9d9e5e301d1e67439c9530da94b1e64ee3f	7484d7b0dd80f45e18d726b04752827fe28555cc5c1af0e127948380e6688abf
semantic-proposal-v1	SC1-33ad5ed1f75150932694a4a0c9ebcb8d94c88cdfa7cacaa811f946dcb49615c6	S016112	1	P01	SYMBOLS.tsv	359204	selection_expression	aarch64	include/uapi/linux/elf-em.h	operative_macro	EM_RISCV	51	PENDING_REVIEW	SOURCE_REVIEWED_VALUE	COMPLETE	vendor/linux/include/uapi/linux/elf-em.h;vendor/linux/include/uapi/linux/elf-em.h:51;rewrite/configs/aarch64/frozen.config;header_closure=rewrite/metadata/header_closure.tsv;selected=PENDING_REVIEW	425f94c2954b1fe80ebdbf9b29854e89750355df	547331d1ba55a2c3c48f06cbb7788b40695ae12dc8abdea148ef3b331e8e69e3	282790f3ca3811853683c7e151a210cd8f497f95af6b464a48d1999631df7acc	0123af9e96b58af4e98b91a2de5608d36b63c67864b9041d3340587f3dbe40d2	cfa8dcf0d81c408de38d4202fe1ce9d9e5e301d1e67439c9530da94b1e64ee3f	7484d7b0dd80f45e18d726b04752827fe28555cc5c1af0e127948380e6688abf
semantic-proposal-v1	SC1-63cc375fe5ecfbf24822d5a9222d816e9c5182ef964bd0eeb797b37d5131f272	S016112	1	P01	SYMBOLS.tsv	359204	status	aarch64	include/uapi/linux/elf-em.h	operative_macro	EM_RISCV	51	PENDING_REVIEW	COMPLETE	COMPLETE	vendor/linux/include/uapi/linux/elf-em.h;vendor/linux/include/uapi/linux/elf-em.h:51;rewrite/configs/aarch64/frozen.config;header_closure=rewrite/metadata/header_closure.tsv;selected=PENDING_REVIEW	425f94c2954b1fe80ebdbf9b29854e89750355df	547331d1ba55a2c3c48f06cbb7788b40695ae12dc8abdea148ef3b331e8e69e3	282790f3ca3811853683c7e151a210cd8f497f95af6b464a48d1999631df7acc	0123af9e96b58af4e98b91a2de5608d36b63c67864b9041d3340587f3dbe40d2	cfa8dcf0d81c408de38d4202fe1ce9d9e5e301d1e67439c9530da94b1e64ee3f	7484d7b0dd80f45e18d726b04752827fe28555cc5c1af0e127948380e6688abf
semantic-proposal-v1	SC1-d942eb9cd03a66a415caf5ae28b5317de28fe2077a3cfc579b949e9f247acec0	S016112	1	P01	SYMBOLS.tsv	359205	selection_expression	aarch64	include/uapi/linux/elf-em.h	operative_macro	EM_BPF	52	PENDING_REVIEW	SOURCE_REVIEWED_VALUE	COMPLETE	vendor/linux/include/uapi/linux/elf-em.h;vendor/linux/include/uapi/linux/elf-em.h:52;rewrite/configs/aarch64/frozen.config;header_closure=rewrite/metadata/header_closure.tsv;selected=PENDING_REVIEW	425f94c2954b1fe80ebdbf9b29854e89750355df	547331d1ba55a2c3c48f06cbb7788b40695ae12dc8abdea148ef3b331e8e69e3	282790f3ca3811853683c7e151a210cd8f497f95af6b464a48d1999631df7acc	0123af9e96b58af4e98b91a2de5608d36b63c67864b9041d3340587f3dbe40d2	cfa8dcf0d81c408de38d4202fe1ce9d9e5e301d1e67439c9530da94b1e64ee3f	7484d7b0dd80f45e18d726b04752827fe28555cc5c1af0e127948380e6688abf
semantic-proposal-v1	SC1-65bbc4241fc7197c6926ad01c9b38697af2d8d99c233c4ca48a3a5820e42176a	S016112	1	P01	SYMBOLS.tsv	359205	status	aarch64	include/uapi/linux/elf-em.h	operative_macro	EM_BPF	52	PENDING_REVIEW	COMPLETE	COMPLETE	vendor/linux/include/uapi/linux/elf-em.h;vendor/linux/include/uapi/linux/elf-em.h:52;rewrite/configs/aarch64/frozen.config;header_closure=rewrite/metadata/header_closure.tsv;selected=PENDING_REVIEW	425f94c2954b1fe80ebdbf9b29854e89750355df	547331d1ba55a2c3c48f06cbb7788b40695ae12dc8abdea148ef3b331e8e69e3	282790f3ca3811853683c7e151a210cd8f497f95af6b464a48d1999631df7acc	0123af9e96b58af4e98b91a2de5608d36b63c67864b9041d3340587f3dbe40d2	cfa8dcf0d81c408de38d4202fe1ce9d9e5e301d1e67439c9530da94b1e64ee3f	7484d7b0dd80f45e18d726b04752827fe28555cc5c1af0e127948380e6688abf
semantic-proposal-v1	SC1-91a0e4d08fef004f1e519e7dfee8c5aa946e9e2c19072375d7337ff32820bd8a	S016112	1	P01	SYMBOLS.tsv	359206	selection_expression	aarch64	include/uapi/linux/elf-em.h	operative_macro	EM_CSKY	53	PENDING_REVIEW	SOURCE_REVIEWED_VALUE	COMPLETE	vendor/linux/include/uapi/linux/elf-em.h;vendor/linux/include/uapi/linux/elf-em.h:53;rewrite/configs/aarch64/frozen.config;header_closure=rewrite/metadata/header_closure.tsv;selected=PENDING_REVIEW	425f94c2954b1fe80ebdbf9b29854e89750355df	547331d1ba55a2c3c48f06cbb7788b40695ae12dc8abdea148ef3b331e8e69e3	282790f3ca3811853683c7e151a210cd8f497f95af6b464a48d1999631df7acc	0123af9e96b58af4e98b91a2de5608d36b63c67864b9041d3340587f3dbe40d2	cfa8dcf0d81c408de38d4202fe1ce9d9e5e301d1e67439c9530da94b1e64ee3f	7484d7b0dd80f45e18d726b04752827fe28555cc5c1af0e127948380e6688abf
semantic-proposal-v1	SC1-2b7e386d06bd20dfa31acbb74968cc6199aff60b91e5e646a37e6462f2bf8b21	S016112	1	P01	SYMBOLS.tsv	359206	status	aarch64	include/uapi/linux/elf-em.h	operative_macro	EM_CSKY	53	PENDING_REVIEW	COMPLETE	COMPLETE	vendor/linux/include/uapi/linux/elf-em.h;vendor/linux/include/uapi/linux/elf-em.h:53;rewrite/configs/aarch64/frozen.config;header_closure=rewrite/metadata/header_closure.tsv;selected=PENDING_REVIEW	425f94c2954b1fe80ebdbf9b29854e89750355df	547331d1ba55a2c3c48f06cbb7788b40695ae12dc8abdea148ef3b331e8e69e3	282790f3ca3811853683c7e151a210cd8f497f95af6b464a48d1999631df7acc	0123af9e96b58af4e98b91a2de5608d36b63c67864b9041d3340587f3dbe40d2	cfa8dcf0d81c408de38d4202fe1ce9d9e5e301d1e67439c9530da94b1e64ee3f	7484d7b0dd80f45e18d726b04752827fe28555cc5c1af0e127948380e6688abf
semantic-proposal-v1	SC1-1be6202fcf0e1d274a361db73320e5dc2af09586bd68c3acabd82ea9941d469f	S016112	1	P01	SYMBOLS.tsv	359207	selection_expression	aarch64	include/uapi/linux/elf-em.h	operative_macro	EM_LOONGARCH	54	PENDING_REVIEW	SOURCE_REVIEWED_VALUE	COMPLETE	vendor/linux/include/uapi/linux/elf-em.h;vendor/linux/include/uapi/linux/elf-em.h:54;rewrite/configs/aarch64/frozen.config;header_closure=rewrite/metadata/header_closure.tsv;selected=PENDING_REVIEW	425f94c2954b1fe80ebdbf9b29854e89750355df	547331d1ba55a2c3c48f06cbb7788b40695ae12dc8abdea148ef3b331e8e69e3	282790f3ca3811853683c7e151a210cd8f497f95af6b464a48d1999631df7acc	0123af9e96b58af4e98b91a2de5608d36b63c67864b9041d3340587f3dbe40d2	cfa8dcf0d81c408de38d4202fe1ce9d9e5e301d1e67439c9530da94b1e64ee3f	7484d7b0dd80f45e18d726b04752827fe28555cc5c1af0e127948380e6688abf
semantic-proposal-v1	SC1-330a6dd832f922b1ca4b696b00d29e513b428f3262e843613f95afbc717cf100	S016112	1	P01	SYMBOLS.tsv	359207	status	aarch64	include/uapi/linux/elf-em.h	operative_macro	EM_LOONGARCH	54	PENDING_REVIEW	COMPLETE	COMPLETE	vendor/linux/include/uapi/linux/elf-em.h;vendor/linux/include/uapi/linux/elf-em.h:54;rewrite/configs/aarch64/frozen.config;header_closure=rewrite/metadata/header_closure.tsv;selected=PENDING_REVIEW	425f94c2954b1fe80ebdbf9b29854e89750355df	547331d1ba55a2c3c48f06cbb7788b40695ae12dc8abdea148ef3b331e8e69e3	282790f3ca3811853683c7e151a210cd8f497f95af6b464a48d1999631df7acc	0123af9e96b58af4e98b91a2de5608d36b63c67864b9041d3340587f3dbe40d2	cfa8dcf0d81c408de38d4202fe1ce9d9e5e301d1e67439c9530da94b1e64ee3f	7484d7b0dd80f45e18d726b04752827fe28555cc5c1af0e127948380e6688abf
semantic-proposal-v1	SC1-bd977a9e2f523b8b1f24cfe6f8975ce973f3832fd8403008118ba42b74205819	S016112	1	P01	SYMBOLS.tsv	359208	selection_expression	aarch64	include/uapi/linux/elf-em.h	operative_macro	EM_FRV	55	PENDING_REVIEW	SOURCE_REVIEWED_VALUE	COMPLETE	vendor/linux/include/uapi/linux/elf-em.h;vendor/linux/include/uapi/linux/elf-em.h:55;rewrite/configs/aarch64/frozen.config;header_closure=rewrite/metadata/header_closure.tsv;selected=PENDING_REVIEW	425f94c2954b1fe80ebdbf9b29854e89750355df	547331d1ba55a2c3c48f06cbb7788b40695ae12dc8abdea148ef3b331e8e69e3	282790f3ca3811853683c7e151a210cd8f497f95af6b464a48d1999631df7acc	0123af9e96b58af4e98b91a2de5608d36b63c67864b9041d3340587f3dbe40d2	cfa8dcf0d81c408de38d4202fe1ce9d9e5e301d1e67439c9530da94b1e64ee3f	7484d7b0dd80f45e18d726b04752827fe28555cc5c1af0e127948380e6688abf
semantic-proposal-v1	SC1-49e709198bec6b5582563e9cf8bdb7f9b6ef55fdbcd73a1e8d57c70a4c1cd0fd	S016112	1	P01	SYMBOLS.tsv	359208	status	aarch64	include/uapi/linux/elf-em.h	operative_macro	EM_FRV	55	PENDING_REVIEW	COMPLETE	COMPLETE	vendor/linux/include/uapi/linux/elf-em.h;vendor/linux/include/uapi/linux/elf-em.h:55;rewrite/configs/aarch64/frozen.config;header_closure=rewrite/metadata/header_closure.tsv;selected=PENDING_REVIEW	425f94c2954b1fe80ebdbf9b29854e89750355df	547331d1ba55a2c3c48f06cbb7788b40695ae12dc8abdea148ef3b331e8e69e3	282790f3ca3811853683c7e151a210cd8f497f95af6b464a48d1999631df7acc	0123af9e96b58af4e98b91a2de5608d36b63c67864b9041d3340587f3dbe40d2	cfa8dcf0d81c408de38d4202fe1ce9d9e5e301d1e67439c9530da94b1e64ee3f	7484d7b0dd80f45e18d726b04752827fe28555cc5c1af0e127948380e6688abf
semantic-proposal-v1	SC1-0c10816766419ea0c173355d2c44b5e4cb5be896a149e1178c1e5e21318b6aeb	S016112	1	P01	SYMBOLS.tsv	359209	selection_expression	aarch64	include/uapi/linux/elf-em.h	operative_macro	EM_ALPHA	61	PENDING_REVIEW	SOURCE_REVIEWED_VALUE	COMPLETE	vendor/linux/include/uapi/linux/elf-em.h;vendor/linux/include/uapi/linux/elf-em.h:61;rewrite/configs/aarch64/frozen.config;header_closure=rewrite/metadata/header_closure.tsv;selected=PENDING_REVIEW	425f94c2954b1fe80ebdbf9b29854e89750355df	547331d1ba55a2c3c48f06cbb7788b40695ae12dc8abdea148ef3b331e8e69e3	282790f3ca3811853683c7e151a210cd8f497f95af6b464a48d1999631df7acc	0123af9e96b58af4e98b91a2de5608d36b63c67864b9041d3340587f3dbe40d2	cfa8dcf0d81c408de38d4202fe1ce9d9e5e301d1e67439c9530da94b1e64ee3f	7484d7b0dd80f45e18d726b04752827fe28555cc5c1af0e127948380e6688abf
semantic-proposal-v1	SC1-ede15db2a4c45a0d28b9325aef45052744f13601f6c9ee4bb82282eebf9e626f	S016112	1	P01	SYMBOLS.tsv	359209	status	aarch64	include/uapi/linux/elf-em.h	operative_macro	EM_ALPHA	61	PENDING_REVIEW	COMPLETE	COMPLETE	vendor/linux/include/uapi/linux/elf-em.h;vendor/linux/include/uapi/linux/elf-em.h:61;rewrite/configs/aarch64/frozen.config;header_closure=rewrite/metadata/header_closure.tsv;selected=PENDING_REVIEW	425f94c2954b1fe80ebdbf9b29854e89750355df	547331d1ba55a2c3c48f06cbb7788b40695ae12dc8abdea148ef3b331e8e69e3	282790f3ca3811853683c7e151a210cd8f497f95af6b464a48d1999631df7acc	0123af9e96b58af4e98b91a2de5608d36b63c67864b9041d3340587f3dbe40d2	cfa8dcf0d81c408de38d4202fe1ce9d9e5e301d1e67439c9530da94b1e64ee3f	7484d7b0dd80f45e18d726b04752827fe28555cc5c1af0e127948380e6688abf
semantic-proposal-v1	SC1-1bfc6bc687ed983fda5a89c98183dad4a05111ece1fb4afefc92cf8fbc3d8170	S016112	1	P01	SYMBOLS.tsv	359210	selection_expression	aarch64	include/uapi/linux/elf-em.h	operative_macro	EM_CYGNUS_M32R	64	PENDING_REVIEW	SOURCE_REVIEWED_VALUE	COMPLETE	vendor/linux/include/uapi/linux/elf-em.h;vendor/linux/include/uapi/linux/elf-em.h:64;rewrite/configs/aarch64/frozen.config;header_closure=rewrite/metadata/header_closure.tsv;selected=PENDING_REVIEW	425f94c2954b1fe80ebdbf9b29854e89750355df	547331d1ba55a2c3c48f06cbb7788b40695ae12dc8abdea148ef3b331e8e69e3	282790f3ca3811853683c7e151a210cd8f497f95af6b464a48d1999631df7acc	0123af9e96b58af4e98b91a2de5608d36b63c67864b9041d3340587f3dbe40d2	cfa8dcf0d81c408de38d4202fe1ce9d9e5e301d1e67439c9530da94b1e64ee3f	7484d7b0dd80f45e18d726b04752827fe28555cc5c1af0e127948380e6688abf
semantic-proposal-v1	SC1-5d5b79af31b9967e8d7efd64e627f52a36bfcf53f7668c122b2f259563544fa2	S016112	1	P01	SYMBOLS.tsv	359210	status	aarch64	include/uapi/linux/elf-em.h	operative_macro	EM_CYGNUS_M32R	64	PENDING_REVIEW	COMPLETE	COMPLETE	vendor/linux/include/uapi/linux/elf-em.h;vendor/linux/include/uapi/linux/elf-em.h:64;rewrite/configs/aarch64/frozen.config;header_closure=rewrite/metadata/header_closure.tsv;selected=PENDING_REVIEW	425f94c2954b1fe80ebdbf9b29854e89750355df	547331d1ba55a2c3c48f06cbb7788b40695ae12dc8abdea148ef3b331e8e69e3	282790f3ca3811853683c7e151a210cd8f497f95af6b464a48d1999631df7acc	0123af9e96b58af4e98b91a2de5608d36b63c67864b9041d3340587f3dbe40d2	cfa8dcf0d81c408de38d4202fe1ce9d9e5e301d1e67439c9530da94b1e64ee3f	7484d7b0dd80f45e18d726b04752827fe28555cc5c1af0e127948380e6688abf
semantic-proposal-v1	SC1-c9021fe92d2ee248c47aa0bad850726224271cff9e10acfb2d133923f2829bb7	S016112	1	P01	SYMBOLS.tsv	359211	selection_expression	aarch64	include/uapi/linux/elf-em.h	operative_macro	EM_S390_OLD	66	PENDING_REVIEW	SOURCE_REVIEWED_VALUE	COMPLETE	vendor/linux/include/uapi/linux/elf-em.h;vendor/linux/include/uapi/linux/elf-em.h:66;rewrite/configs/aarch64/frozen.config;header_closure=rewrite/metadata/header_closure.tsv;selected=PENDING_REVIEW	425f94c2954b1fe80ebdbf9b29854e89750355df	547331d1ba55a2c3c48f06cbb7788b40695ae12dc8abdea148ef3b331e8e69e3	282790f3ca3811853683c7e151a210cd8f497f95af6b464a48d1999631df7acc	0123af9e96b58af4e98b91a2de5608d36b63c67864b9041d3340587f3dbe40d2	cfa8dcf0d81c408de38d4202fe1ce9d9e5e301d1e67439c9530da94b1e64ee3f	7484d7b0dd80f45e18d726b04752827fe28555cc5c1af0e127948380e6688abf
semantic-proposal-v1	SC1-0a8bbb87ac01bb2dd26087b27b1b7519e83185b5f646d005cf23f816dca87d92	S016112	1	P01	SYMBOLS.tsv	359211	status	aarch64	include/uapi/linux/elf-em.h	operative_macro	EM_S390_OLD	66	PENDING_REVIEW	COMPLETE	COMPLETE	vendor/linux/include/uapi/linux/elf-em.h;vendor/linux/include/uapi/linux/elf-em.h:66;rewrite/configs/aarch64/frozen.config;header_closure=rewrite/metadata/header_closure.tsv;selected=PENDING_REVIEW	425f94c2954b1fe80ebdbf9b29854e89750355df	547331d1ba55a2c3c48f06cbb7788b40695ae12dc8abdea148ef3b331e8e69e3	282790f3ca3811853683c7e151a210cd8f497f95af6b464a48d1999631df7acc	0123af9e96b58af4e98b91a2de5608d36b63c67864b9041d3340587f3dbe40d2	cfa8dcf0d81c408de38d4202fe1ce9d9e5e301d1e67439c9530da94b1e64ee3f	7484d7b0dd80f45e18d726b04752827fe28555cc5c1af0e127948380e6688abf
semantic-proposal-v1	SC1-3c9b81a1d2e777becf82d59315ae01e7a3fc6764cbbf78ce767e372b9ec77d85	S016112	1	P01	SYMBOLS.tsv	359212	selection_expression	aarch64	include/uapi/linux/elf-em.h	operative_macro	EM_CYGNUS_MN10300	68	PENDING_REVIEW	SOURCE_REVIEWED_VALUE	COMPLETE	vendor/linux/include/uapi/linux/elf-em.h;vendor/linux/include/uapi/linux/elf-em.h:68;rewrite/configs/aarch64/frozen.config;header_closure=rewrite/metadata/header_closure.tsv;selected=PENDING_REVIEW	425f94c2954b1fe80ebdbf9b29854e89750355df	547331d1ba55a2c3c48f06cbb7788b40695ae12dc8abdea148ef3b331e8e69e3	282790f3ca3811853683c7e151a210cd8f497f95af6b464a48d1999631df7acc	0123af9e96b58af4e98b91a2de5608d36b63c67864b9041d3340587f3dbe40d2	cfa8dcf0d81c408de38d4202fe1ce9d9e5e301d1e67439c9530da94b1e64ee3f	7484d7b0dd80f45e18d726b04752827fe28555cc5c1af0e127948380e6688abf
semantic-proposal-v1	SC1-ef788de1287250155b86bdd17edb906cf17727a6c208f3b18d5f43ace79c9da8	S016112	1	P01	SYMBOLS.tsv	359212	status	aarch64	include/uapi/linux/elf-em.h	operative_macro	EM_CYGNUS_MN10300	68	PENDING_REVIEW	COMPLETE	COMPLETE	vendor/linux/include/uapi/linux/elf-em.h;vendor/linux/include/uapi/linux/elf-em.h:68;rewrite/configs/aarch64/frozen.config;header_closure=rewrite/metadata/header_closure.tsv;selected=PENDING_REVIEW	425f94c2954b1fe80ebdbf9b29854e89750355df	547331d1ba55a2c3c48f06cbb7788b40695ae12dc8abdea148ef3b331e8e69e3	282790f3ca3811853683c7e151a210cd8f497f95af6b464a48d1999631df7acc	0123af9e96b58af4e98b91a2de5608d36b63c67864b9041d3340587f3dbe40d2	cfa8dcf0d81c408de38d4202fe1ce9d9e5e301d1e67439c9530da94b1e64ee3f	7484d7b0dd80f45e18d726b04752827fe28555cc5c1af0e127948380e6688abf
semantic-proposal-v1	SC1-d32de1ad1497c098926d0533161a95450ed775a89b9384b159162be488ed8745	S016112	1	P01	SYMBOLS.tsv	359213	status	x86_64	include/uapi/linux/elf-em.h	conditional	ifndef@2	2	PENDING_REVIEW	COMPLETE	COMPLETE	vendor/linux/include/uapi/linux/elf-em.h;vendor/linux/include/uapi/linux/elf-em.h:2;rewrite/configs/x86_64/frozen.config;header_closure=rewrite/metadata/header_closure.tsv;selected=PENDING_REVIEW	425f94c2954b1fe80ebdbf9b29854e89750355df	547331d1ba55a2c3c48f06cbb7788b40695ae12dc8abdea148ef3b331e8e69e3	282790f3ca3811853683c7e151a210cd8f497f95af6b464a48d1999631df7acc	0123af9e96b58af4e98b91a2de5608d36b63c67864b9041d3340587f3dbe40d2	cfa8dcf0d81c408de38d4202fe1ce9d9e5e301d1e67439c9530da94b1e64ee3f	7484d7b0dd80f45e18d726b04752827fe28555cc5c1af0e127948380e6688abf
semantic-proposal-v1	SC1-ae429fe2f6f85c076d32a791d8e8717a4333f178a09fbdee5de46a9c4f93a993	S016112	1	P01	SYMBOLS.tsv	359214	status	x86_64	include/uapi/linux/elf-em.h	conditional	endif@71	71	PENDING_REVIEW	COMPLETE	COMPLETE	vendor/linux/include/uapi/linux/elf-em.h;vendor/linux/include/uapi/linux/elf-em.h:71;rewrite/configs/x86_64/frozen.config;header_closure=rewrite/metadata/header_closure.tsv;selected=PENDING_REVIEW	425f94c2954b1fe80ebdbf9b29854e89750355df	547331d1ba55a2c3c48f06cbb7788b40695ae12dc8abdea148ef3b331e8e69e3	282790f3ca3811853683c7e151a210cd8f497f95af6b464a48d1999631df7acc	0123af9e96b58af4e98b91a2de5608d36b63c67864b9041d3340587f3dbe40d2	cfa8dcf0d81c408de38d4202fe1ce9d9e5e301d1e67439c9530da94b1e64ee3f	7484d7b0dd80f45e18d726b04752827fe28555cc5c1af0e127948380e6688abf
semantic-proposal-v1	SC1-6d4279d89b778564249f5ea517ab326fba0b6cef613aabe550b928284693ceba	S016112	1	P01	SYMBOLS.tsv	359215	selection_expression	x86_64	include/uapi/linux/elf-em.h	operative_macro	_LINUX_ELF_EM_H	3	PENDING_REVIEW	SOURCE_REVIEWED_VALUE	COMPLETE	vendor/linux/include/uapi/linux/elf-em.h;vendor/linux/include/uapi/linux/elf-em.h:3;rewrite/configs/x86_64/frozen.config;header_closure=rewrite/metadata/header_closure.tsv;selected=PENDING_REVIEW	425f94c2954b1fe80ebdbf9b29854e89750355df	547331d1ba55a2c3c48f06cbb7788b40695ae12dc8abdea148ef3b331e8e69e3	282790f3ca3811853683c7e151a210cd8f497f95af6b464a48d1999631df7acc	0123af9e96b58af4e98b91a2de5608d36b63c67864b9041d3340587f3dbe40d2	cfa8dcf0d81c408de38d4202fe1ce9d9e5e301d1e67439c9530da94b1e64ee3f	7484d7b0dd80f45e18d726b04752827fe28555cc5c1af0e127948380e6688abf
semantic-proposal-v1	SC1-ca20b1de6a210b30fa581e800d31ea89c01c34a189619fbbe41cebcacb3b00c8	S016112	1	P01	SYMBOLS.tsv	359215	status	x86_64	include/uapi/linux/elf-em.h	operative_macro	_LINUX_ELF_EM_H	3	PENDING_REVIEW	COMPLETE	COMPLETE	vendor/linux/include/uapi/linux/elf-em.h;vendor/linux/include/uapi/linux/elf-em.h:3;rewrite/configs/x86_64/frozen.config;header_closure=rewrite/metadata/header_closure.tsv;selected=PENDING_REVIEW	425f94c2954b1fe80ebdbf9b29854e89750355df	547331d1ba55a2c3c48f06cbb7788b40695ae12dc8abdea148ef3b331e8e69e3	282790f3ca3811853683c7e151a210cd8f497f95af6b464a48d1999631df7acc	0123af9e96b58af4e98b91a2de5608d36b63c67864b9041d3340587f3dbe40d2	cfa8dcf0d81c408de38d4202fe1ce9d9e5e301d1e67439c9530da94b1e64ee3f	7484d7b0dd80f45e18d726b04752827fe28555cc5c1af0e127948380e6688abf
semantic-proposal-v1	SC1-25b98f3ba6d9130d1cfd469ce670c482c6ce1a420ea3451c3883eb1e497b6e75	S016112	1	P01	SYMBOLS.tsv	359216	selection_expression	x86_64	include/uapi/linux/elf-em.h	operative_macro	EM_NONE	6	PENDING_REVIEW	SOURCE_REVIEWED_VALUE	COMPLETE	vendor/linux/include/uapi/linux/elf-em.h;vendor/linux/include/uapi/linux/elf-em.h:6;rewrite/configs/x86_64/frozen.config;header_closure=rewrite/metadata/header_closure.tsv;selected=PENDING_REVIEW	425f94c2954b1fe80ebdbf9b29854e89750355df	547331d1ba55a2c3c48f06cbb7788b40695ae12dc8abdea148ef3b331e8e69e3	282790f3ca3811853683c7e151a210cd8f497f95af6b464a48d1999631df7acc	0123af9e96b58af4e98b91a2de5608d36b63c67864b9041d3340587f3dbe40d2	cfa8dcf0d81c408de38d4202fe1ce9d9e5e301d1e67439c9530da94b1e64ee3f	7484d7b0dd80f45e18d726b04752827fe28555cc5c1af0e127948380e6688abf
semantic-proposal-v1	SC1-91bc78445ba03660d99d59f221075667d0d04122c10d837074d1d06e541317fa	S016112	1	P01	SYMBOLS.tsv	359216	status	x86_64	include/uapi/linux/elf-em.h	operative_macro	EM_NONE	6	PENDING_REVIEW	COMPLETE	COMPLETE	vendor/linux/include/uapi/linux/elf-em.h;vendor/linux/include/uapi/linux/elf-em.h:6;rewrite/configs/x86_64/frozen.config;header_closure=rewrite/metadata/header_closure.tsv;selected=PENDING_REVIEW	425f94c2954b1fe80ebdbf9b29854e89750355df	547331d1ba55a2c3c48f06cbb7788b40695ae12dc8abdea148ef3b331e8e69e3	282790f3ca3811853683c7e151a210cd8f497f95af6b464a48d1999631df7acc	0123af9e96b58af4e98b91a2de5608d36b63c67864b9041d3340587f3dbe40d2	cfa8dcf0d81c408de38d4202fe1ce9d9e5e301d1e67439c9530da94b1e64ee3f	7484d7b0dd80f45e18d726b04752827fe28555cc5c1af0e127948380e6688abf
semantic-proposal-v1	SC1-3dcfc34204a63da1dcc9e44c13d4eae2e93b046d695b98de40cd062df7d3cd86	S016112	1	P01	SYMBOLS.tsv	359217	selection_expression	x86_64	include/uapi/linux/elf-em.h	operative_macro	EM_M32	7	PENDING_REVIEW	SOURCE_REVIEWED_VALUE	COMPLETE	vendor/linux/include/uapi/linux/elf-em.h;vendor/linux/include/uapi/linux/elf-em.h:7;rewrite/configs/x86_64/frozen.config;header_closure=rewrite/metadata/header_closure.tsv;selected=PENDING_REVIEW	425f94c2954b1fe80ebdbf9b29854e89750355df	547331d1ba55a2c3c48f06cbb7788b40695ae12dc8abdea148ef3b331e8e69e3	282790f3ca3811853683c7e151a210cd8f497f95af6b464a48d1999631df7acc	0123af9e96b58af4e98b91a2de5608d36b63c67864b9041d3340587f3dbe40d2	cfa8dcf0d81c408de38d4202fe1ce9d9e5e301d1e67439c9530da94b1e64ee3f	7484d7b0dd80f45e18d726b04752827fe28555cc5c1af0e127948380e6688abf
semantic-proposal-v1	SC1-2c4bb7765e8bb484e385ab0b1e32ae48417ac8e9f701b4d1390fa1a57044ce4b	S016112	1	P01	SYMBOLS.tsv	359217	status	x86_64	include/uapi/linux/elf-em.h	operative_macro	EM_M32	7	PENDING_REVIEW	COMPLETE	COMPLETE	vendor/linux/include/uapi/linux/elf-em.h;vendor/linux/include/uapi/linux/elf-em.h:7;rewrite/configs/x86_64/frozen.config;header_closure=rewrite/metadata/header_closure.tsv;selected=PENDING_REVIEW	425f94c2954b1fe80ebdbf9b29854e89750355df	547331d1ba55a2c3c48f06cbb7788b40695ae12dc8abdea148ef3b331e8e69e3	282790f3ca3811853683c7e151a210cd8f497f95af6b464a48d1999631df7acc	0123af9e96b58af4e98b91a2de5608d36b63c67864b9041d3340587f3dbe40d2	cfa8dcf0d81c408de38d4202fe1ce9d9e5e301d1e67439c9530da94b1e64ee3f	7484d7b0dd80f45e18d726b04752827fe28555cc5c1af0e127948380e6688abf
semantic-proposal-v1	SC1-19395745bd37255502b432804f076a6338770d90fbbfc0c614c5e1e3880e641d	S016112	1	P01	SYMBOLS.tsv	359218	selection_expression	x86_64	include/uapi/linux/elf-em.h	operative_macro	EM_SPARC	8	PENDING_REVIEW	SOURCE_REVIEWED_VALUE	COMPLETE	vendor/linux/include/uapi/linux/elf-em.h;vendor/linux/include/uapi/linux/elf-em.h:8;rewrite/configs/x86_64/frozen.config;header_closure=rewrite/metadata/header_closure.tsv;selected=PENDING_REVIEW	425f94c2954b1fe80ebdbf9b29854e89750355df	547331d1ba55a2c3c48f06cbb7788b40695ae12dc8abdea148ef3b331e8e69e3	282790f3ca3811853683c7e151a210cd8f497f95af6b464a48d1999631df7acc	0123af9e96b58af4e98b91a2de5608d36b63c67864b9041d3340587f3dbe40d2	cfa8dcf0d81c408de38d4202fe1ce9d9e5e301d1e67439c9530da94b1e64ee3f	7484d7b0dd80f45e18d726b04752827fe28555cc5c1af0e127948380e6688abf
semantic-proposal-v1	SC1-a3ee21513cf38f172750f16de3bdc9975b3300b2dd5f42d62a36839a994df8b4	S016112	1	P01	SYMBOLS.tsv	359218	status	x86_64	include/uapi/linux/elf-em.h	operative_macro	EM_SPARC	8	PENDING_REVIEW	COMPLETE	COMPLETE	vendor/linux/include/uapi/linux/elf-em.h;vendor/linux/include/uapi/linux/elf-em.h:8;rewrite/configs/x86_64/frozen.config;header_closure=rewrite/metadata/header_closure.tsv;selected=PENDING_REVIEW	425f94c2954b1fe80ebdbf9b29854e89750355df	547331d1ba55a2c3c48f06cbb7788b40695ae12dc8abdea148ef3b331e8e69e3	282790f3ca3811853683c7e151a210cd8f497f95af6b464a48d1999631df7acc	0123af9e96b58af4e98b91a2de5608d36b63c67864b9041d3340587f3dbe40d2	cfa8dcf0d81c408de38d4202fe1ce9d9e5e301d1e67439c9530da94b1e64ee3f	7484d7b0dd80f45e18d726b04752827fe28555cc5c1af0e127948380e6688abf
semantic-proposal-v1	SC1-b4a40b9f70b85285ade1cef711b588b9d6b3b189015d9de19d91d62e2a97d80e	S016112	1	P01	SYMBOLS.tsv	359219	selection_expression	x86_64	include/uapi/linux/elf-em.h	operative_macro	EM_386	9	PENDING_REVIEW	SOURCE_REVIEWED_VALUE	COMPLETE	vendor/linux/include/uapi/linux/elf-em.h;vendor/linux/include/uapi/linux/elf-em.h:9;rewrite/configs/x86_64/frozen.config;header_closure=rewrite/metadata/header_closure.tsv;selected=PENDING_REVIEW	425f94c2954b1fe80ebdbf9b29854e89750355df	547331d1ba55a2c3c48f06cbb7788b40695ae12dc8abdea148ef3b331e8e69e3	282790f3ca3811853683c7e151a210cd8f497f95af6b464a48d1999631df7acc	0123af9e96b58af4e98b91a2de5608d36b63c67864b9041d3340587f3dbe40d2	cfa8dcf0d81c408de38d4202fe1ce9d9e5e301d1e67439c9530da94b1e64ee3f	7484d7b0dd80f45e18d726b04752827fe28555cc5c1af0e127948380e6688abf
semantic-proposal-v1	SC1-1fb2ec9dd77e9f7462acc81932703bd5e9d96df3b944e0adf2582b0deede728d	S016112	1	P01	SYMBOLS.tsv	359219	status	x86_64	include/uapi/linux/elf-em.h	operative_macro	EM_386	9	PENDING_REVIEW	COMPLETE	COMPLETE	vendor/linux/include/uapi/linux/elf-em.h;vendor/linux/include/uapi/linux/elf-em.h:9;rewrite/configs/x86_64/frozen.config;header_closure=rewrite/metadata/header_closure.tsv;selected=PENDING_REVIEW	425f94c2954b1fe80ebdbf9b29854e89750355df	547331d1ba55a2c3c48f06cbb7788b40695ae12dc8abdea148ef3b331e8e69e3	282790f3ca3811853683c7e151a210cd8f497f95af6b464a48d1999631df7acc	0123af9e96b58af4e98b91a2de5608d36b63c67864b9041d3340587f3dbe40d2	cfa8dcf0d81c408de38d4202fe1ce9d9e5e301d1e67439c9530da94b1e64ee3f	7484d7b0dd80f45e18d726b04752827fe28555cc5c1af0e127948380e6688abf
semantic-proposal-v1	SC1-982d5f3ad7c5aab518002f3f6222ac397d0647d357719c5bdad7314451454b54	S016112	1	P01	SYMBOLS.tsv	359220	selection_expression	x86_64	include/uapi/linux/elf-em.h	operative_macro	EM_68K	10	PENDING_REVIEW	SOURCE_REVIEWED_VALUE	COMPLETE	vendor/linux/include/uapi/linux/elf-em.h;vendor/linux/include/uapi/linux/elf-em.h:10;rewrite/configs/x86_64/frozen.config;header_closure=rewrite/metadata/header_closure.tsv;selected=PENDING_REVIEW	425f94c2954b1fe80ebdbf9b29854e89750355df	547331d1ba55a2c3c48f06cbb7788b40695ae12dc8abdea148ef3b331e8e69e3	282790f3ca3811853683c7e151a210cd8f497f95af6b464a48d1999631df7acc	0123af9e96b58af4e98b91a2de5608d36b63c67864b9041d3340587f3dbe40d2	cfa8dcf0d81c408de38d4202fe1ce9d9e5e301d1e67439c9530da94b1e64ee3f	7484d7b0dd80f45e18d726b04752827fe28555cc5c1af0e127948380e6688abf
semantic-proposal-v1	SC1-4ff7c78bbed2911758c4643076f251e674a2380fba9719af6dfc1bcec19bb118	S016112	1	P01	SYMBOLS.tsv	359220	status	x86_64	include/uapi/linux/elf-em.h	operative_macro	EM_68K	10	PENDING_REVIEW	COMPLETE	COMPLETE	vendor/linux/include/uapi/linux/elf-em.h;vendor/linux/include/uapi/linux/elf-em.h:10;rewrite/configs/x86_64/frozen.config;header_closure=rewrite/metadata/header_closure.tsv;selected=PENDING_REVIEW	425f94c2954b1fe80ebdbf9b29854e89750355df	547331d1ba55a2c3c48f06cbb7788b40695ae12dc8abdea148ef3b331e8e69e3	282790f3ca3811853683c7e151a210cd8f497f95af6b464a48d1999631df7acc	0123af9e96b58af4e98b91a2de5608d36b63c67864b9041d3340587f3dbe40d2	cfa8dcf0d81c408de38d4202fe1ce9d9e5e301d1e67439c9530da94b1e64ee3f	7484d7b0dd80f45e18d726b04752827fe28555cc5c1af0e127948380e6688abf
semantic-proposal-v1	SC1-8e2c7d073daf903cf39a6932067bed49b9340bc83acd1e7489475687594368f7	S016112	1	P01	SYMBOLS.tsv	359221	selection_expression	x86_64	include/uapi/linux/elf-em.h	operative_macro	EM_88K	11	PENDING_REVIEW	SOURCE_REVIEWED_VALUE	COMPLETE	vendor/linux/include/uapi/linux/elf-em.h;vendor/linux/include/uapi/linux/elf-em.h:11;rewrite/configs/x86_64/frozen.config;header_closure=rewrite/metadata/header_closure.tsv;selected=PENDING_REVIEW	425f94c2954b1fe80ebdbf9b29854e89750355df	547331d1ba55a2c3c48f06cbb7788b40695ae12dc8abdea148ef3b331e8e69e3	282790f3ca3811853683c7e151a210cd8f497f95af6b464a48d1999631df7acc	0123af9e96b58af4e98b91a2de5608d36b63c67864b9041d3340587f3dbe40d2	cfa8dcf0d81c408de38d4202fe1ce9d9e5e301d1e67439c9530da94b1e64ee3f	7484d7b0dd80f45e18d726b04752827fe28555cc5c1af0e127948380e6688abf
semantic-proposal-v1	SC1-bdf2f427bab6f661fcc2aef8af24d4fed12dea1299003cac7c0cbe15f1f8d0b1	S016112	1	P01	SYMBOLS.tsv	359221	status	x86_64	include/uapi/linux/elf-em.h	operative_macro	EM_88K	11	PENDING_REVIEW	COMPLETE	COMPLETE	vendor/linux/include/uapi/linux/elf-em.h;vendor/linux/include/uapi/linux/elf-em.h:11;rewrite/configs/x86_64/frozen.config;header_closure=rewrite/metadata/header_closure.tsv;selected=PENDING_REVIEW	425f94c2954b1fe80ebdbf9b29854e89750355df	547331d1ba55a2c3c48f06cbb7788b40695ae12dc8abdea148ef3b331e8e69e3	282790f3ca3811853683c7e151a210cd8f497f95af6b464a48d1999631df7acc	0123af9e96b58af4e98b91a2de5608d36b63c67864b9041d3340587f3dbe40d2	cfa8dcf0d81c408de38d4202fe1ce9d9e5e301d1e67439c9530da94b1e64ee3f	7484d7b0dd80f45e18d726b04752827fe28555cc5c1af0e127948380e6688abf
semantic-proposal-v1	SC1-e893451aca6ad8071c949b80ec9f0043f7605c2d7c4aded32a40ae4043af20fe	S016112	1	P01	SYMBOLS.tsv	359222	selection_expression	x86_64	include/uapi/linux/elf-em.h	operative_macro	EM_486	12	PENDING_REVIEW	SOURCE_REVIEWED_VALUE	COMPLETE	vendor/linux/include/uapi/linux/elf-em.h;vendor/linux/include/uapi/linux/elf-em.h:12;rewrite/configs/x86_64/frozen.config;header_closure=rewrite/metadata/header_closure.tsv;selected=PENDING_REVIEW	425f94c2954b1fe80ebdbf9b29854e89750355df	547331d1ba55a2c3c48f06cbb7788b40695ae12dc8abdea148ef3b331e8e69e3	282790f3ca3811853683c7e151a210cd8f497f95af6b464a48d1999631df7acc	0123af9e96b58af4e98b91a2de5608d36b63c67864b9041d3340587f3dbe40d2	cfa8dcf0d81c408de38d4202fe1ce9d9e5e301d1e67439c9530da94b1e64ee3f	7484d7b0dd80f45e18d726b04752827fe28555cc5c1af0e127948380e6688abf
semantic-proposal-v1	SC1-5f1a45442b996a8cc6cd3ddbf45914a00cdf1a12ebdf71920754b3fdf49b5dd7	S016112	1	P01	SYMBOLS.tsv	359222	status	x86_64	include/uapi/linux/elf-em.h	operative_macro	EM_486	12	PENDING_REVIEW	COMPLETE	COMPLETE	vendor/linux/include/uapi/linux/elf-em.h;vendor/linux/include/uapi/linux/elf-em.h:12;rewrite/configs/x86_64/frozen.config;header_closure=rewrite/metadata/header_closure.tsv;selected=PENDING_REVIEW	425f94c2954b1fe80ebdbf9b29854e89750355df	547331d1ba55a2c3c48f06cbb7788b40695ae12dc8abdea148ef3b331e8e69e3	282790f3ca3811853683c7e151a210cd8f497f95af6b464a48d1999631df7acc	0123af9e96b58af4e98b91a2de5608d36b63c67864b9041d3340587f3dbe40d2	cfa8dcf0d81c408de38d4202fe1ce9d9e5e301d1e67439c9530da94b1e64ee3f	7484d7b0dd80f45e18d726b04752827fe28555cc5c1af0e127948380e6688abf
semantic-proposal-v1	SC1-ef0656ad5b4f7f67e3cf7f5733156e1ac2b327e10651d209fbb58c6a4e90201e	S016112	1	P01	SYMBOLS.tsv	359223	selection_expression	x86_64	include/uapi/linux/elf-em.h	operative_macro	EM_860	13	PENDING_REVIEW	SOURCE_REVIEWED_VALUE	COMPLETE	vendor/linux/include/uapi/linux/elf-em.h;vendor/linux/include/uapi/linux/elf-em.h:13;rewrite/configs/x86_64/frozen.config;header_closure=rewrite/metadata/header_closure.tsv;selected=PENDING_REVIEW	425f94c2954b1fe80ebdbf9b29854e89750355df	547331d1ba55a2c3c48f06cbb7788b40695ae12dc8abdea148ef3b331e8e69e3	282790f3ca3811853683c7e151a210cd8f497f95af6b464a48d1999631df7acc	0123af9e96b58af4e98b91a2de5608d36b63c67864b9041d3340587f3dbe40d2	cfa8dcf0d81c408de38d4202fe1ce9d9e5e301d1e67439c9530da94b1e64ee3f	7484d7b0dd80f45e18d726b04752827fe28555cc5c1af0e127948380e6688abf
semantic-proposal-v1	SC1-4ed8a60e4da3beda8d577ab1f9e144105089cc9a37ef8f4addf38ea68bbea76e	S016112	1	P01	SYMBOLS.tsv	359223	status	x86_64	include/uapi/linux/elf-em.h	operative_macro	EM_860	13	PENDING_REVIEW	COMPLETE	COMPLETE	vendor/linux/include/uapi/linux/elf-em.h;vendor/linux/include/uapi/linux/elf-em.h:13;rewrite/configs/x86_64/frozen.config;header_closure=rewrite/metadata/header_closure.tsv;selected=PENDING_REVIEW	425f94c2954b1fe80ebdbf9b29854e89750355df	547331d1ba55a2c3c48f06cbb7788b40695ae12dc8abdea148ef3b331e8e69e3	282790f3ca3811853683c7e151a210cd8f497f95af6b464a48d1999631df7acc	0123af9e96b58af4e98b91a2de5608d36b63c67864b9041d3340587f3dbe40d2	cfa8dcf0d81c408de38d4202fe1ce9d9e5e301d1e67439c9530da94b1e64ee3f	7484d7b0dd80f45e18d726b04752827fe28555cc5c1af0e127948380e6688abf
semantic-proposal-v1	SC1-80aaf3d2ff4f0d04b087500f01036f56936e688304266c77eceec1bc9deef56e	S016112	1	P01	SYMBOLS.tsv	359224	selection_expression	x86_64	include/uapi/linux/elf-em.h	operative_macro	EM_MIPS	14	PENDING_REVIEW	SOURCE_REVIEWED_VALUE	COMPLETE	vendor/linux/include/uapi/linux/elf-em.h;vendor/linux/include/uapi/linux/elf-em.h:14;rewrite/configs/x86_64/frozen.config;header_closure=rewrite/metadata/header_closure.tsv;selected=PENDING_REVIEW	425f94c2954b1fe80ebdbf9b29854e89750355df	547331d1ba55a2c3c48f06cbb7788b40695ae12dc8abdea148ef3b331e8e69e3	282790f3ca3811853683c7e151a210cd8f497f95af6b464a48d1999631df7acc	0123af9e96b58af4e98b91a2de5608d36b63c67864b9041d3340587f3dbe40d2	cfa8dcf0d81c408de38d4202fe1ce9d9e5e301d1e67439c9530da94b1e64ee3f	7484d7b0dd80f45e18d726b04752827fe28555cc5c1af0e127948380e6688abf
semantic-proposal-v1	SC1-18f8d6eec8c268237b3487f1ab137a3dab3281d8cd6294af1f0ab57c6fa9e568	S016112	1	P01	SYMBOLS.tsv	359224	status	x86_64	include/uapi/linux/elf-em.h	operative_macro	EM_MIPS	14	PENDING_REVIEW	COMPLETE	COMPLETE	vendor/linux/include/uapi/linux/elf-em.h;vendor/linux/include/uapi/linux/elf-em.h:14;rewrite/configs/x86_64/frozen.config;header_closure=rewrite/metadata/header_closure.tsv;selected=PENDING_REVIEW	425f94c2954b1fe80ebdbf9b29854e89750355df	547331d1ba55a2c3c48f06cbb7788b40695ae12dc8abdea148ef3b331e8e69e3	282790f3ca3811853683c7e151a210cd8f497f95af6b464a48d1999631df7acc	0123af9e96b58af4e98b91a2de5608d36b63c67864b9041d3340587f3dbe40d2	cfa8dcf0d81c408de38d4202fe1ce9d9e5e301d1e67439c9530da94b1e64ee3f	7484d7b0dd80f45e18d726b04752827fe28555cc5c1af0e127948380e6688abf
semantic-proposal-v1	SC1-e342568efafda89f89f8ba7a27dcb3d5eeffda19015763b86c204dff49fb2d0c	S016112	1	P01	SYMBOLS.tsv	359225	selection_expression	x86_64	include/uapi/linux/elf-em.h	operative_macro	EM_MIPS_RS3_LE	18	PENDING_REVIEW	SOURCE_REVIEWED_VALUE	COMPLETE	vendor/linux/include/uapi/linux/elf-em.h;vendor/linux/include/uapi/linux/elf-em.h:18;rewrite/configs/x86_64/frozen.config;header_closure=rewrite/metadata/header_closure.tsv;selected=PENDING_REVIEW	425f94c2954b1fe80ebdbf9b29854e89750355df	547331d1ba55a2c3c48f06cbb7788b40695ae12dc8abdea148ef3b331e8e69e3	282790f3ca3811853683c7e151a210cd8f497f95af6b464a48d1999631df7acc	0123af9e96b58af4e98b91a2de5608d36b63c67864b9041d3340587f3dbe40d2	cfa8dcf0d81c408de38d4202fe1ce9d9e5e301d1e67439c9530da94b1e64ee3f	7484d7b0dd80f45e18d726b04752827fe28555cc5c1af0e127948380e6688abf
semantic-proposal-v1	SC1-1111c981efacd174bf8539c683191b5599f776630f6e76cd5026be0965236b47	S016112	1	P01	SYMBOLS.tsv	359225	status	x86_64	include/uapi/linux/elf-em.h	operative_macro	EM_MIPS_RS3_LE	18	PENDING_REVIEW	COMPLETE	COMPLETE	vendor/linux/include/uapi/linux/elf-em.h;vendor/linux/include/uapi/linux/elf-em.h:18;rewrite/configs/x86_64/frozen.config;header_closure=rewrite/metadata/header_closure.tsv;selected=PENDING_REVIEW	425f94c2954b1fe80ebdbf9b29854e89750355df	547331d1ba55a2c3c48f06cbb7788b40695ae12dc8abdea148ef3b331e8e69e3	282790f3ca3811853683c7e151a210cd8f497f95af6b464a48d1999631df7acc	0123af9e96b58af4e98b91a2de5608d36b63c67864b9041d3340587f3dbe40d2	cfa8dcf0d81c408de38d4202fe1ce9d9e5e301d1e67439c9530da94b1e64ee3f	7484d7b0dd80f45e18d726b04752827fe28555cc5c1af0e127948380e6688abf
semantic-proposal-v1	SC1-d3ebcea232ee1812f02d9ee0036cf832330ca74af3483e4225a51397c5c389e8	S016112	1	P01	SYMBOLS.tsv	359226	selection_expression	x86_64	include/uapi/linux/elf-em.h	operative_macro	EM_MIPS_RS4_BE	19	PENDING_REVIEW	SOURCE_REVIEWED_VALUE	COMPLETE	vendor/linux/include/uapi/linux/elf-em.h;vendor/linux/include/uapi/linux/elf-em.h:19;rewrite/configs/x86_64/frozen.config;header_closure=rewrite/metadata/header_closure.tsv;selected=PENDING_REVIEW	425f94c2954b1fe80ebdbf9b29854e89750355df	547331d1ba55a2c3c48f06cbb7788b40695ae12dc8abdea148ef3b331e8e69e3	282790f3ca3811853683c7e151a210cd8f497f95af6b464a48d1999631df7acc	0123af9e96b58af4e98b91a2de5608d36b63c67864b9041d3340587f3dbe40d2	cfa8dcf0d81c408de38d4202fe1ce9d9e5e301d1e67439c9530da94b1e64ee3f	7484d7b0dd80f45e18d726b04752827fe28555cc5c1af0e127948380e6688abf
semantic-proposal-v1	SC1-0db7dd0707a974b519681add6411b1c499b338ce5db3ccd40f4992f9c03abd40	S016112	1	P01	SYMBOLS.tsv	359226	status	x86_64	include/uapi/linux/elf-em.h	operative_macro	EM_MIPS_RS4_BE	19	PENDING_REVIEW	COMPLETE	COMPLETE	vendor/linux/include/uapi/linux/elf-em.h;vendor/linux/include/uapi/linux/elf-em.h:19;rewrite/configs/x86_64/frozen.config;header_closure=rewrite/metadata/header_closure.tsv;selected=PENDING_REVIEW	425f94c2954b1fe80ebdbf9b29854e89750355df	547331d1ba55a2c3c48f06cbb7788b40695ae12dc8abdea148ef3b331e8e69e3	282790f3ca3811853683c7e151a210cd8f497f95af6b464a48d1999631df7acc	0123af9e96b58af4e98b91a2de5608d36b63c67864b9041d3340587f3dbe40d2	cfa8dcf0d81c408de38d4202fe1ce9d9e5e301d1e67439c9530da94b1e64ee3f	7484d7b0dd80f45e18d726b04752827fe28555cc5c1af0e127948380e6688abf
semantic-proposal-v1	SC1-19a0226c41303ab38c25fbfcc54bf40b912b00b02e149faa631655086b082e1a	S016112	1	P01	SYMBOLS.tsv	359227	selection_expression	x86_64	include/uapi/linux/elf-em.h	operative_macro	EM_PARISC	21	PENDING_REVIEW	SOURCE_REVIEWED_VALUE	COMPLETE	vendor/linux/include/uapi/linux/elf-em.h;vendor/linux/include/uapi/linux/elf-em.h:21;rewrite/configs/x86_64/frozen.config;header_closure=rewrite/metadata/header_closure.tsv;selected=PENDING_REVIEW	425f94c2954b1fe80ebdbf9b29854e89750355df	547331d1ba55a2c3c48f06cbb7788b40695ae12dc8abdea148ef3b331e8e69e3	282790f3ca3811853683c7e151a210cd8f497f95af6b464a48d1999631df7acc	0123af9e96b58af4e98b91a2de5608d36b63c67864b9041d3340587f3dbe40d2	cfa8dcf0d81c408de38d4202fe1ce9d9e5e301d1e67439c9530da94b1e64ee3f	7484d7b0dd80f45e18d726b04752827fe28555cc5c1af0e127948380e6688abf
semantic-proposal-v1	SC1-0ddcd19eb9dc71f9b2258e378eb8f9b536b9b2da4eef8d68133d62a224fd871d	S016112	1	P01	SYMBOLS.tsv	359227	status	x86_64	include/uapi/linux/elf-em.h	operative_macro	EM_PARISC	21	PENDING_REVIEW	COMPLETE	COMPLETE	vendor/linux/include/uapi/linux/elf-em.h;vendor/linux/include/uapi/linux/elf-em.h:21;rewrite/configs/x86_64/frozen.config;header_closure=rewrite/metadata/header_closure.tsv;selected=PENDING_REVIEW	425f94c2954b1fe80ebdbf9b29854e89750355df	547331d1ba55a2c3c48f06cbb7788b40695ae12dc8abdea148ef3b331e8e69e3	282790f3ca3811853683c7e151a210cd8f497f95af6b464a48d1999631df7acc	0123af9e96b58af4e98b91a2de5608d36b63c67864b9041d3340587f3dbe40d2	cfa8dcf0d81c408de38d4202fe1ce9d9e5e301d1e67439c9530da94b1e64ee3f	7484d7b0dd80f45e18d726b04752827fe28555cc5c1af0e127948380e6688abf
semantic-proposal-v1	SC1-a099049879afe4ed33b982e172e950f3a917994fb17f2bd1493bbd5d290ce636	S016112	1	P01	SYMBOLS.tsv	359228	selection_expression	x86_64	include/uapi/linux/elf-em.h	operative_macro	EM_SPARC32PLUS	22	PENDING_REVIEW	SOURCE_REVIEWED_VALUE	COMPLETE	vendor/linux/include/uapi/linux/elf-em.h;vendor/linux/include/uapi/linux/elf-em.h:22;rewrite/configs/x86_64/frozen.config;header_closure=rewrite/metadata/header_closure.tsv;selected=PENDING_REVIEW	425f94c2954b1fe80ebdbf9b29854e89750355df	547331d1ba55a2c3c48f06cbb7788b40695ae12dc8abdea148ef3b331e8e69e3	282790f3ca3811853683c7e151a210cd8f497f95af6b464a48d1999631df7acc	0123af9e96b58af4e98b91a2de5608d36b63c67864b9041d3340587f3dbe40d2	cfa8dcf0d81c408de38d4202fe1ce9d9e5e301d1e67439c9530da94b1e64ee3f	7484d7b0dd80f45e18d726b04752827fe28555cc5c1af0e127948380e6688abf
semantic-proposal-v1	SC1-db8a8326d3ec3d7af63a11163518d31fb8a99a829c1a10d4f3beece6385d9bf9	S016112	1	P01	SYMBOLS.tsv	359228	status	x86_64	include/uapi/linux/elf-em.h	operative_macro	EM_SPARC32PLUS	22	PENDING_REVIEW	COMPLETE	COMPLETE	vendor/linux/include/uapi/linux/elf-em.h;vendor/linux/include/uapi/linux/elf-em.h:22;rewrite/configs/x86_64/frozen.config;header_closure=rewrite/metadata/header_closure.tsv;selected=PENDING_REVIEW	425f94c2954b1fe80ebdbf9b29854e89750355df	547331d1ba55a2c3c48f06cbb7788b40695ae12dc8abdea148ef3b331e8e69e3	282790f3ca3811853683c7e151a210cd8f497f95af6b464a48d1999631df7acc	0123af9e96b58af4e98b91a2de5608d36b63c67864b9041d3340587f3dbe40d2	cfa8dcf0d81c408de38d4202fe1ce9d9e5e301d1e67439c9530da94b1e64ee3f	7484d7b0dd80f45e18d726b04752827fe28555cc5c1af0e127948380e6688abf
semantic-proposal-v1	SC1-f7f40c5768a8bcafa197b5e3bea8ce69c19969ba8b80b8e7dc6ac35b47a2e36c	S016112	1	P01	SYMBOLS.tsv	359229	selection_expression	x86_64	include/uapi/linux/elf-em.h	operative_macro	EM_PPC	23	PENDING_REVIEW	SOURCE_REVIEWED_VALUE	COMPLETE	vendor/linux/include/uapi/linux/elf-em.h;vendor/linux/include/uapi/linux/elf-em.h:23;rewrite/configs/x86_64/frozen.config;header_closure=rewrite/metadata/header_closure.tsv;selected=PENDING_REVIEW	425f94c2954b1fe80ebdbf9b29854e89750355df	547331d1ba55a2c3c48f06cbb7788b40695ae12dc8abdea148ef3b331e8e69e3	282790f3ca3811853683c7e151a210cd8f497f95af6b464a48d1999631df7acc	0123af9e96b58af4e98b91a2de5608d36b63c67864b9041d3340587f3dbe40d2	cfa8dcf0d81c408de38d4202fe1ce9d9e5e301d1e67439c9530da94b1e64ee3f	7484d7b0dd80f45e18d726b04752827fe28555cc5c1af0e127948380e6688abf
semantic-proposal-v1	SC1-2a8a790ef22ceaa574979e93f6262a7caa0c927f7454355e6ec86a99cca3ae89	S016112	1	P01	SYMBOLS.tsv	359229	status	x86_64	include/uapi/linux/elf-em.h	operative_macro	EM_PPC	23	PENDING_REVIEW	COMPLETE	COMPLETE	vendor/linux/include/uapi/linux/elf-em.h;vendor/linux/include/uapi/linux/elf-em.h:23;rewrite/configs/x86_64/frozen.config;header_closure=rewrite/metadata/header_closure.tsv;selected=PENDING_REVIEW	425f94c2954b1fe80ebdbf9b29854e89750355df	547331d1ba55a2c3c48f06cbb7788b40695ae12dc8abdea148ef3b331e8e69e3	282790f3ca3811853683c7e151a210cd8f497f95af6b464a48d1999631df7acc	0123af9e96b58af4e98b91a2de5608d36b63c67864b9041d3340587f3dbe40d2	cfa8dcf0d81c408de38d4202fe1ce9d9e5e301d1e67439c9530da94b1e64ee3f	7484d7b0dd80f45e18d726b04752827fe28555cc5c1af0e127948380e6688abf
semantic-proposal-v1	SC1-40a93ddeea27b30bbcf2e46aa0e31635464e41e01a5f3464e5b9aa4ec0d2c95c	S016112	1	P01	SYMBOLS.tsv	359230	selection_expression	x86_64	include/uapi/linux/elf-em.h	operative_macro	EM_PPC64	24	PENDING_REVIEW	SOURCE_REVIEWED_VALUE	COMPLETE	vendor/linux/include/uapi/linux/elf-em.h;vendor/linux/include/uapi/linux/elf-em.h:24;rewrite/configs/x86_64/frozen.config;header_closure=rewrite/metadata/header_closure.tsv;selected=PENDING_REVIEW	425f94c2954b1fe80ebdbf9b29854e89750355df	547331d1ba55a2c3c48f06cbb7788b40695ae12dc8abdea148ef3b331e8e69e3	282790f3ca3811853683c7e151a210cd8f497f95af6b464a48d1999631df7acc	0123af9e96b58af4e98b91a2de5608d36b63c67864b9041d3340587f3dbe40d2	cfa8dcf0d81c408de38d4202fe1ce9d9e5e301d1e67439c9530da94b1e64ee3f	7484d7b0dd80f45e18d726b04752827fe28555cc5c1af0e127948380e6688abf
semantic-proposal-v1	SC1-2d13281d0f8def5d3962e61542c66732fe03acc3dda351b2cb5d352f0b5c9049	S016112	1	P01	SYMBOLS.tsv	359230	status	x86_64	include/uapi/linux/elf-em.h	operative_macro	EM_PPC64	24	PENDING_REVIEW	COMPLETE	COMPLETE	vendor/linux/include/uapi/linux/elf-em.h;vendor/linux/include/uapi/linux/elf-em.h:24;rewrite/configs/x86_64/frozen.config;header_closure=rewrite/metadata/header_closure.tsv;selected=PENDING_REVIEW	425f94c2954b1fe80ebdbf9b29854e89750355df	547331d1ba55a2c3c48f06cbb7788b40695ae12dc8abdea148ef3b331e8e69e3	282790f3ca3811853683c7e151a210cd8f497f95af6b464a48d1999631df7acc	0123af9e96b58af4e98b91a2de5608d36b63c67864b9041d3340587f3dbe40d2	cfa8dcf0d81c408de38d4202fe1ce9d9e5e301d1e67439c9530da94b1e64ee3f	7484d7b0dd80f45e18d726b04752827fe28555cc5c1af0e127948380e6688abf
semantic-proposal-v1	SC1-146a1cb8265a196751fe08d4ab045bd98c3af2125eecd86be09c4ef5816b7c40	S016112	1	P01	SYMBOLS.tsv	359231	selection_expression	x86_64	include/uapi/linux/elf-em.h	operative_macro	EM_SPU	25	PENDING_REVIEW	SOURCE_REVIEWED_VALUE	COMPLETE	vendor/linux/include/uapi/linux/elf-em.h;vendor/linux/include/uapi/linux/elf-em.h:25;rewrite/configs/x86_64/frozen.config;header_closure=rewrite/metadata/header_closure.tsv;selected=PENDING_REVIEW	425f94c2954b1fe80ebdbf9b29854e89750355df	547331d1ba55a2c3c48f06cbb7788b40695ae12dc8abdea148ef3b331e8e69e3	282790f3ca3811853683c7e151a210cd8f497f95af6b464a48d1999631df7acc	0123af9e96b58af4e98b91a2de5608d36b63c67864b9041d3340587f3dbe40d2	cfa8dcf0d81c408de38d4202fe1ce9d9e5e301d1e67439c9530da94b1e64ee3f	7484d7b0dd80f45e18d726b04752827fe28555cc5c1af0e127948380e6688abf
semantic-proposal-v1	SC1-8c31fc357f24d32cf04d43a15cec5ae3109fabac750767b632cb9766556c2171	S016112	1	P01	SYMBOLS.tsv	359231	status	x86_64	include/uapi/linux/elf-em.h	operative_macro	EM_SPU	25	PENDING_REVIEW	COMPLETE	COMPLETE	vendor/linux/include/uapi/linux/elf-em.h;vendor/linux/include/uapi/linux/elf-em.h:25;rewrite/configs/x86_64/frozen.config;header_closure=rewrite/metadata/header_closure.tsv;selected=PENDING_REVIEW	425f94c2954b1fe80ebdbf9b29854e89750355df	547331d1ba55a2c3c48f06cbb7788b40695ae12dc8abdea148ef3b331e8e69e3	282790f3ca3811853683c7e151a210cd8f497f95af6b464a48d1999631df7acc	0123af9e96b58af4e98b91a2de5608d36b63c67864b9041d3340587f3dbe40d2	cfa8dcf0d81c408de38d4202fe1ce9d9e5e301d1e67439c9530da94b1e64ee3f	7484d7b0dd80f45e18d726b04752827fe28555cc5c1af0e127948380e6688abf
semantic-proposal-v1	SC1-854c93b23a1cbf6fa0aae24f44268397d1578b27f0fc59030c0d3ea5d2abbb51	S016112	1	P01	SYMBOLS.tsv	359232	selection_expression	x86_64	include/uapi/linux/elf-em.h	operative_macro	EM_ARM	26	PENDING_REVIEW	SOURCE_REVIEWED_VALUE	COMPLETE	vendor/linux/include/uapi/linux/elf-em.h;vendor/linux/include/uapi/linux/elf-em.h:26;rewrite/configs/x86_64/frozen.config;header_closure=rewrite/metadata/header_closure.tsv;selected=PENDING_REVIEW	425f94c2954b1fe80ebdbf9b29854e89750355df	547331d1ba55a2c3c48f06cbb7788b40695ae12dc8abdea148ef3b331e8e69e3	282790f3ca3811853683c7e151a210cd8f497f95af6b464a48d1999631df7acc	0123af9e96b58af4e98b91a2de5608d36b63c67864b9041d3340587f3dbe40d2	cfa8dcf0d81c408de38d4202fe1ce9d9e5e301d1e67439c9530da94b1e64ee3f	7484d7b0dd80f45e18d726b04752827fe28555cc5c1af0e127948380e6688abf
semantic-proposal-v1	SC1-b4916b267ba4049cf1325bd5d89af185f01d114c52eb8f856a4f2b0ee183d7e6	S016112	1	P01	SYMBOLS.tsv	359232	status	x86_64	include/uapi/linux/elf-em.h	operative_macro	EM_ARM	26	PENDING_REVIEW	COMPLETE	COMPLETE	vendor/linux/include/uapi/linux/elf-em.h;vendor/linux/include/uapi/linux/elf-em.h:26;rewrite/configs/x86_64/frozen.config;header_closure=rewrite/metadata/header_closure.tsv;selected=PENDING_REVIEW	425f94c2954b1fe80ebdbf9b29854e89750355df	547331d1ba55a2c3c48f06cbb7788b40695ae12dc8abdea148ef3b331e8e69e3	282790f3ca3811853683c7e151a210cd8f497f95af6b464a48d1999631df7acc	0123af9e96b58af4e98b91a2de5608d36b63c67864b9041d3340587f3dbe40d2	cfa8dcf0d81c408de38d4202fe1ce9d9e5e301d1e67439c9530da94b1e64ee3f	7484d7b0dd80f45e18d726b04752827fe28555cc5c1af0e127948380e6688abf
semantic-proposal-v1	SC1-9767911e86a750fee983771120067925815c1db07994adb9dc16381dcc031804	S016112	1	P01	SYMBOLS.tsv	359233	selection_expression	x86_64	include/uapi/linux/elf-em.h	operative_macro	EM_SH	27	PENDING_REVIEW	SOURCE_REVIEWED_VALUE	COMPLETE	vendor/linux/include/uapi/linux/elf-em.h;vendor/linux/include/uapi/linux/elf-em.h:27;rewrite/configs/x86_64/frozen.config;header_closure=rewrite/metadata/header_closure.tsv;selected=PENDING_REVIEW	425f94c2954b1fe80ebdbf9b29854e89750355df	547331d1ba55a2c3c48f06cbb7788b40695ae12dc8abdea148ef3b331e8e69e3	282790f3ca3811853683c7e151a210cd8f497f95af6b464a48d1999631df7acc	0123af9e96b58af4e98b91a2de5608d36b63c67864b9041d3340587f3dbe40d2	cfa8dcf0d81c408de38d4202fe1ce9d9e5e301d1e67439c9530da94b1e64ee3f	7484d7b0dd80f45e18d726b04752827fe28555cc5c1af0e127948380e6688abf
semantic-proposal-v1	SC1-a4b93eda6c50362559f03aa405528a6d1cd9be1088f70b1f891d5cb607f613f6	S016112	1	P01	SYMBOLS.tsv	359233	status	x86_64	include/uapi/linux/elf-em.h	operative_macro	EM_SH	27	PENDING_REVIEW	COMPLETE	COMPLETE	vendor/linux/include/uapi/linux/elf-em.h;vendor/linux/include/uapi/linux/elf-em.h:27;rewrite/configs/x86_64/frozen.config;header_closure=rewrite/metadata/header_closure.tsv;selected=PENDING_REVIEW	425f94c2954b1fe80ebdbf9b29854e89750355df	547331d1ba55a2c3c48f06cbb7788b40695ae12dc8abdea148ef3b331e8e69e3	282790f3ca3811853683c7e151a210cd8f497f95af6b464a48d1999631df7acc	0123af9e96b58af4e98b91a2de5608d36b63c67864b9041d3340587f3dbe40d2	cfa8dcf0d81c408de38d4202fe1ce9d9e5e301d1e67439c9530da94b1e64ee3f	7484d7b0dd80f45e18d726b04752827fe28555cc5c1af0e127948380e6688abf
semantic-proposal-v1	SC1-c70581ac73c6d82b2b00f5ef2d418801bc577cc901d01d5270bcb2236aac1105	S016112	1	P01	SYMBOLS.tsv	359234	selection_expression	x86_64	include/uapi/linux/elf-em.h	operative_macro	EM_SPARCV9	28	PENDING_REVIEW	SOURCE_REVIEWED_VALUE	COMPLETE	vendor/linux/include/uapi/linux/elf-em.h;vendor/linux/include/uapi/linux/elf-em.h:28;rewrite/configs/x86_64/frozen.config;header_closure=rewrite/metadata/header_closure.tsv;selected=PENDING_REVIEW	425f94c2954b1fe80ebdbf9b29854e89750355df	547331d1ba55a2c3c48f06cbb7788b40695ae12dc8abdea148ef3b331e8e69e3	282790f3ca3811853683c7e151a210cd8f497f95af6b464a48d1999631df7acc	0123af9e96b58af4e98b91a2de5608d36b63c67864b9041d3340587f3dbe40d2	cfa8dcf0d81c408de38d4202fe1ce9d9e5e301d1e67439c9530da94b1e64ee3f	7484d7b0dd80f45e18d726b04752827fe28555cc5c1af0e127948380e6688abf
semantic-proposal-v1	SC1-d9e62adc6beaf9e6b709956e0e56b5c6e7b97733bc3040105b6a7a3321e76c3a	S016112	1	P01	SYMBOLS.tsv	359234	status	x86_64	include/uapi/linux/elf-em.h	operative_macro	EM_SPARCV9	28	PENDING_REVIEW	COMPLETE	COMPLETE	vendor/linux/include/uapi/linux/elf-em.h;vendor/linux/include/uapi/linux/elf-em.h:28;rewrite/configs/x86_64/frozen.config;header_closure=rewrite/metadata/header_closure.tsv;selected=PENDING_REVIEW	425f94c2954b1fe80ebdbf9b29854e89750355df	547331d1ba55a2c3c48f06cbb7788b40695ae12dc8abdea148ef3b331e8e69e3	282790f3ca3811853683c7e151a210cd8f497f95af6b464a48d1999631df7acc	0123af9e96b58af4e98b91a2de5608d36b63c67864b9041d3340587f3dbe40d2	cfa8dcf0d81c408de38d4202fe1ce9d9e5e301d1e67439c9530da94b1e64ee3f	7484d7b0dd80f45e18d726b04752827fe28555cc5c1af0e127948380e6688abf
semantic-proposal-v1	SC1-fa8d3bbb7495f37c82c7acfea25c8c4de35c6e12cbfcfb0e0ced61ae7cfe05b9	S016112	1	P01	SYMBOLS.tsv	359235	selection_expression	x86_64	include/uapi/linux/elf-em.h	operative_macro	EM_H8_300	29	PENDING_REVIEW	SOURCE_REVIEWED_VALUE	COMPLETE	vendor/linux/include/uapi/linux/elf-em.h;vendor/linux/include/uapi/linux/elf-em.h:29;rewrite/configs/x86_64/frozen.config;header_closure=rewrite/metadata/header_closure.tsv;selected=PENDING_REVIEW	425f94c2954b1fe80ebdbf9b29854e89750355df	547331d1ba55a2c3c48f06cbb7788b40695ae12dc8abdea148ef3b331e8e69e3	282790f3ca3811853683c7e151a210cd8f497f95af6b464a48d1999631df7acc	0123af9e96b58af4e98b91a2de5608d36b63c67864b9041d3340587f3dbe40d2	cfa8dcf0d81c408de38d4202fe1ce9d9e5e301d1e67439c9530da94b1e64ee3f	7484d7b0dd80f45e18d726b04752827fe28555cc5c1af0e127948380e6688abf
semantic-proposal-v1	SC1-48d532c9d3c9db417d0100fdfc170e40a6aa10dd3300fb5c13a67c3f85e9eccc	S016112	1	P01	SYMBOLS.tsv	359235	status	x86_64	include/uapi/linux/elf-em.h	operative_macro	EM_H8_300	29	PENDING_REVIEW	COMPLETE	COMPLETE	vendor/linux/include/uapi/linux/elf-em.h;vendor/linux/include/uapi/linux/elf-em.h:29;rewrite/configs/x86_64/frozen.config;header_closure=rewrite/metadata/header_closure.tsv;selected=PENDING_REVIEW	425f94c2954b1fe80ebdbf9b29854e89750355df	547331d1ba55a2c3c48f06cbb7788b40695ae12dc8abdea148ef3b331e8e69e3	282790f3ca3811853683c7e151a210cd8f497f95af6b464a48d1999631df7acc	0123af9e96b58af4e98b91a2de5608d36b63c67864b9041d3340587f3dbe40d2	cfa8dcf0d81c408de38d4202fe1ce9d9e5e301d1e67439c9530da94b1e64ee3f	7484d7b0dd80f45e18d726b04752827fe28555cc5c1af0e127948380e6688abf
semantic-proposal-v1	SC1-ab4306dea88837a46869e905a1f6dade682ff41b6d05089c4c53c72fcdaa9da4	S016112	1	P01	SYMBOLS.tsv	359236	selection_expression	x86_64	include/uapi/linux/elf-em.h	operative_macro	EM_IA_64	30	PENDING_REVIEW	SOURCE_REVIEWED_VALUE	COMPLETE	vendor/linux/include/uapi/linux/elf-em.h;vendor/linux/include/uapi/linux/elf-em.h:30;rewrite/configs/x86_64/frozen.config;header_closure=rewrite/metadata/header_closure.tsv;selected=PENDING_REVIEW	425f94c2954b1fe80ebdbf9b29854e89750355df	547331d1ba55a2c3c48f06cbb7788b40695ae12dc8abdea148ef3b331e8e69e3	282790f3ca3811853683c7e151a210cd8f497f95af6b464a48d1999631df7acc	0123af9e96b58af4e98b91a2de5608d36b63c67864b9041d3340587f3dbe40d2	cfa8dcf0d81c408de38d4202fe1ce9d9e5e301d1e67439c9530da94b1e64ee3f	7484d7b0dd80f45e18d726b04752827fe28555cc5c1af0e127948380e6688abf
semantic-proposal-v1	SC1-054528a486b23cd93ae32b394962530a0ea534d9bad08ece644a54dfda1f6d70	S016112	1	P01	SYMBOLS.tsv	359236	status	x86_64	include/uapi/linux/elf-em.h	operative_macro	EM_IA_64	30	PENDING_REVIEW	COMPLETE	COMPLETE	vendor/linux/include/uapi/linux/elf-em.h;vendor/linux/include/uapi/linux/elf-em.h:30;rewrite/configs/x86_64/frozen.config;header_closure=rewrite/metadata/header_closure.tsv;selected=PENDING_REVIEW	425f94c2954b1fe80ebdbf9b29854e89750355df	547331d1ba55a2c3c48f06cbb7788b40695ae12dc8abdea148ef3b331e8e69e3	282790f3ca3811853683c7e151a210cd8f497f95af6b464a48d1999631df7acc	0123af9e96b58af4e98b91a2de5608d36b63c67864b9041d3340587f3dbe40d2	cfa8dcf0d81c408de38d4202fe1ce9d9e5e301d1e67439c9530da94b1e64ee3f	7484d7b0dd80f45e18d726b04752827fe28555cc5c1af0e127948380e6688abf
semantic-proposal-v1	SC1-96583dfb813ad7fedb2f0230da974de419d0adfe171837a8bf77f56e3652b711	S016112	1	P01	SYMBOLS.tsv	359237	selection_expression	x86_64	include/uapi/linux/elf-em.h	operative_macro	EM_X86_64	31	PENDING_REVIEW	SOURCE_REVIEWED_VALUE	COMPLETE	vendor/linux/include/uapi/linux/elf-em.h;vendor/linux/include/uapi/linux/elf-em.h:31;rewrite/configs/x86_64/frozen.config;header_closure=rewrite/metadata/header_closure.tsv;selected=PENDING_REVIEW	425f94c2954b1fe80ebdbf9b29854e89750355df	547331d1ba55a2c3c48f06cbb7788b40695ae12dc8abdea148ef3b331e8e69e3	282790f3ca3811853683c7e151a210cd8f497f95af6b464a48d1999631df7acc	0123af9e96b58af4e98b91a2de5608d36b63c67864b9041d3340587f3dbe40d2	cfa8dcf0d81c408de38d4202fe1ce9d9e5e301d1e67439c9530da94b1e64ee3f	7484d7b0dd80f45e18d726b04752827fe28555cc5c1af0e127948380e6688abf
semantic-proposal-v1	SC1-26e0a68619f2ba478284348ce97730ec6c0ba407dcb31756d1385d71e48f439c	S016112	1	P01	SYMBOLS.tsv	359237	status	x86_64	include/uapi/linux/elf-em.h	operative_macro	EM_X86_64	31	PENDING_REVIEW	COMPLETE	COMPLETE	vendor/linux/include/uapi/linux/elf-em.h;vendor/linux/include/uapi/linux/elf-em.h:31;rewrite/configs/x86_64/frozen.config;header_closure=rewrite/metadata/header_closure.tsv;selected=PENDING_REVIEW	425f94c2954b1fe80ebdbf9b29854e89750355df	547331d1ba55a2c3c48f06cbb7788b40695ae12dc8abdea148ef3b331e8e69e3	282790f3ca3811853683c7e151a210cd8f497f95af6b464a48d1999631df7acc	0123af9e96b58af4e98b91a2de5608d36b63c67864b9041d3340587f3dbe40d2	cfa8dcf0d81c408de38d4202fe1ce9d9e5e301d1e67439c9530da94b1e64ee3f	7484d7b0dd80f45e18d726b04752827fe28555cc5c1af0e127948380e6688abf
semantic-proposal-v1	SC1-a10a71c9040bdafd8d58f2013e6636f0b603397789642945c2c7b6e4fc108606	S016112	1	P01	SYMBOLS.tsv	359238	selection_expression	x86_64	include/uapi/linux/elf-em.h	operative_macro	EM_S390	32	PENDING_REVIEW	SOURCE_REVIEWED_VALUE	COMPLETE	vendor/linux/include/uapi/linux/elf-em.h;vendor/linux/include/uapi/linux/elf-em.h:32;rewrite/configs/x86_64/frozen.config;header_closure=rewrite/metadata/header_closure.tsv;selected=PENDING_REVIEW	425f94c2954b1fe80ebdbf9b29854e89750355df	547331d1ba55a2c3c48f06cbb7788b40695ae12dc8abdea148ef3b331e8e69e3	282790f3ca3811853683c7e151a210cd8f497f95af6b464a48d1999631df7acc	0123af9e96b58af4e98b91a2de5608d36b63c67864b9041d3340587f3dbe40d2	cfa8dcf0d81c408de38d4202fe1ce9d9e5e301d1e67439c9530da94b1e64ee3f	7484d7b0dd80f45e18d726b04752827fe28555cc5c1af0e127948380e6688abf
semantic-proposal-v1	SC1-8f6ef7e094e3f6f293c2875cad40c4b9c6d13233a148e30f61e6c8433e648f78	S016112	1	P01	SYMBOLS.tsv	359238	status	x86_64	include/uapi/linux/elf-em.h	operative_macro	EM_S390	32	PENDING_REVIEW	COMPLETE	COMPLETE	vendor/linux/include/uapi/linux/elf-em.h;vendor/linux/include/uapi/linux/elf-em.h:32;rewrite/configs/x86_64/frozen.config;header_closure=rewrite/metadata/header_closure.tsv;selected=PENDING_REVIEW	425f94c2954b1fe80ebdbf9b29854e89750355df	547331d1ba55a2c3c48f06cbb7788b40695ae12dc8abdea148ef3b331e8e69e3	282790f3ca3811853683c7e151a210cd8f497f95af6b464a48d1999631df7acc	0123af9e96b58af4e98b91a2de5608d36b63c67864b9041d3340587f3dbe40d2	cfa8dcf0d81c408de38d4202fe1ce9d9e5e301d1e67439c9530da94b1e64ee3f	7484d7b0dd80f45e18d726b04752827fe28555cc5c1af0e127948380e6688abf
semantic-proposal-v1	SC1-3fa36a95dfcc3cee7aa7980908cec19770e21df8042e6a50e11bed41acf9d88b	S016112	1	P01	SYMBOLS.tsv	359239	selection_expression	x86_64	include/uapi/linux/elf-em.h	operative_macro	EM_CRIS	33	PENDING_REVIEW	SOURCE_REVIEWED_VALUE	COMPLETE	vendor/linux/include/uapi/linux/elf-em.h;vendor/linux/include/uapi/linux/elf-em.h:33;rewrite/configs/x86_64/frozen.config;header_closure=rewrite/metadata/header_closure.tsv;selected=PENDING_REVIEW	425f94c2954b1fe80ebdbf9b29854e89750355df	547331d1ba55a2c3c48f06cbb7788b40695ae12dc8abdea148ef3b331e8e69e3	282790f3ca3811853683c7e151a210cd8f497f95af6b464a48d1999631df7acc	0123af9e96b58af4e98b91a2de5608d36b63c67864b9041d3340587f3dbe40d2	cfa8dcf0d81c408de38d4202fe1ce9d9e5e301d1e67439c9530da94b1e64ee3f	7484d7b0dd80f45e18d726b04752827fe28555cc5c1af0e127948380e6688abf
semantic-proposal-v1	SC1-8678055485d2f8bffd798085e55f68f82106300f39bf44d6fd263e894e2b2af7	S016112	1	P01	SYMBOLS.tsv	359239	status	x86_64	include/uapi/linux/elf-em.h	operative_macro	EM_CRIS	33	PENDING_REVIEW	COMPLETE	COMPLETE	vendor/linux/include/uapi/linux/elf-em.h;vendor/linux/include/uapi/linux/elf-em.h:33;rewrite/configs/x86_64/frozen.config;header_closure=rewrite/metadata/header_closure.tsv;selected=PENDING_REVIEW	425f94c2954b1fe80ebdbf9b29854e89750355df	547331d1ba55a2c3c48f06cbb7788b40695ae12dc8abdea148ef3b331e8e69e3	282790f3ca3811853683c7e151a210cd8f497f95af6b464a48d1999631df7acc	0123af9e96b58af4e98b91a2de5608d36b63c67864b9041d3340587f3dbe40d2	cfa8dcf0d81c408de38d4202fe1ce9d9e5e301d1e67439c9530da94b1e64ee3f	7484d7b0dd80f45e18d726b04752827fe28555cc5c1af0e127948380e6688abf
semantic-proposal-v1	SC1-792a08cc84029c4bbed1c6d540aaf91a0321a6c66dfdc6401a590d11ae216a92	S016112	1	P01	SYMBOLS.tsv	359240	selection_expression	x86_64	include/uapi/linux/elf-em.h	operative_macro	EM_M32R	34	PENDING_REVIEW	SOURCE_REVIEWED_VALUE	COMPLETE	vendor/linux/include/uapi/linux/elf-em.h;vendor/linux/include/uapi/linux/elf-em.h:34;rewrite/configs/x86_64/frozen.config;header_closure=rewrite/metadata/header_closure.tsv;selected=PENDING_REVIEW	425f94c2954b1fe80ebdbf9b29854e89750355df	547331d1ba55a2c3c48f06cbb7788b40695ae12dc8abdea148ef3b331e8e69e3	282790f3ca3811853683c7e151a210cd8f497f95af6b464a48d1999631df7acc	0123af9e96b58af4e98b91a2de5608d36b63c67864b9041d3340587f3dbe40d2	cfa8dcf0d81c408de38d4202fe1ce9d9e5e301d1e67439c9530da94b1e64ee3f	7484d7b0dd80f45e18d726b04752827fe28555cc5c1af0e127948380e6688abf
semantic-proposal-v1	SC1-0e1e6265a839e729b146f644998b410f3fd64c6fa7e205c15c3df340d495fa90	S016112	1	P01	SYMBOLS.tsv	359240	status	x86_64	include/uapi/linux/elf-em.h	operative_macro	EM_M32R	34	PENDING_REVIEW	COMPLETE	COMPLETE	vendor/linux/include/uapi/linux/elf-em.h;vendor/linux/include/uapi/linux/elf-em.h:34;rewrite/configs/x86_64/frozen.config;header_closure=rewrite/metadata/header_closure.tsv;selected=PENDING_REVIEW	425f94c2954b1fe80ebdbf9b29854e89750355df	547331d1ba55a2c3c48f06cbb7788b40695ae12dc8abdea148ef3b331e8e69e3	282790f3ca3811853683c7e151a210cd8f497f95af6b464a48d1999631df7acc	0123af9e96b58af4e98b91a2de5608d36b63c67864b9041d3340587f3dbe40d2	cfa8dcf0d81c408de38d4202fe1ce9d9e5e301d1e67439c9530da94b1e64ee3f	7484d7b0dd80f45e18d726b04752827fe28555cc5c1af0e127948380e6688abf
semantic-proposal-v1	SC1-00b2ef9f9e0ed53f0cd2ce4479aba786a034cefcce1873eb70d9a120f9bf2bd0	S016112	1	P01	SYMBOLS.tsv	359241	selection_expression	x86_64	include/uapi/linux/elf-em.h	operative_macro	EM_MN10300	35	PENDING_REVIEW	SOURCE_REVIEWED_VALUE	COMPLETE	vendor/linux/include/uapi/linux/elf-em.h;vendor/linux/include/uapi/linux/elf-em.h:35;rewrite/configs/x86_64/frozen.config;header_closure=rewrite/metadata/header_closure.tsv;selected=PENDING_REVIEW	425f94c2954b1fe80ebdbf9b29854e89750355df	547331d1ba55a2c3c48f06cbb7788b40695ae12dc8abdea148ef3b331e8e69e3	282790f3ca3811853683c7e151a210cd8f497f95af6b464a48d1999631df7acc	0123af9e96b58af4e98b91a2de5608d36b63c67864b9041d3340587f3dbe40d2	cfa8dcf0d81c408de38d4202fe1ce9d9e5e301d1e67439c9530da94b1e64ee3f	7484d7b0dd80f45e18d726b04752827fe28555cc5c1af0e127948380e6688abf
semantic-proposal-v1	SC1-0a579ee3ad1329da01b51219b97e412defb213554b0a7f7535d2a4f6374dee33	S016112	1	P01	SYMBOLS.tsv	359241	status	x86_64	include/uapi/linux/elf-em.h	operative_macro	EM_MN10300	35	PENDING_REVIEW	COMPLETE	COMPLETE	vendor/linux/include/uapi/linux/elf-em.h;vendor/linux/include/uapi/linux/elf-em.h:35;rewrite/configs/x86_64/frozen.config;header_closure=rewrite/metadata/header_closure.tsv;selected=PENDING_REVIEW	425f94c2954b1fe80ebdbf9b29854e89750355df	547331d1ba55a2c3c48f06cbb7788b40695ae12dc8abdea148ef3b331e8e69e3	282790f3ca3811853683c7e151a210cd8f497f95af6b464a48d1999631df7acc	0123af9e96b58af4e98b91a2de5608d36b63c67864b9041d3340587f3dbe40d2	cfa8dcf0d81c408de38d4202fe1ce9d9e5e301d1e67439c9530da94b1e64ee3f	7484d7b0dd80f45e18d726b04752827fe28555cc5c1af0e127948380e6688abf
semantic-proposal-v1	SC1-e5c5d20c7649a46701efe0c7a174f3c14037abcb18538712606b70f79702b046	S016112	1	P01	SYMBOLS.tsv	359242	selection_expression	x86_64	include/uapi/linux/elf-em.h	operative_macro	EM_OPENRISC	36	PENDING_REVIEW	SOURCE_REVIEWED_VALUE	COMPLETE	vendor/linux/include/uapi/linux/elf-em.h;vendor/linux/include/uapi/linux/elf-em.h:36;rewrite/configs/x86_64/frozen.config;header_closure=rewrite/metadata/header_closure.tsv;selected=PENDING_REVIEW	425f94c2954b1fe80ebdbf9b29854e89750355df	547331d1ba55a2c3c48f06cbb7788b40695ae12dc8abdea148ef3b331e8e69e3	282790f3ca3811853683c7e151a210cd8f497f95af6b464a48d1999631df7acc	0123af9e96b58af4e98b91a2de5608d36b63c67864b9041d3340587f3dbe40d2	cfa8dcf0d81c408de38d4202fe1ce9d9e5e301d1e67439c9530da94b1e64ee3f	7484d7b0dd80f45e18d726b04752827fe28555cc5c1af0e127948380e6688abf
semantic-proposal-v1	SC1-130ee3137f455314ef4f41deda9339ad5c95fc8b0f2503d471e9d529f49fc54d	S016112	1	P01	SYMBOLS.tsv	359242	status	x86_64	include/uapi/linux/elf-em.h	operative_macro	EM_OPENRISC	36	PENDING_REVIEW	COMPLETE	COMPLETE	vendor/linux/include/uapi/linux/elf-em.h;vendor/linux/include/uapi/linux/elf-em.h:36;rewrite/configs/x86_64/frozen.config;header_closure=rewrite/metadata/header_closure.tsv;selected=PENDING_REVIEW	425f94c2954b1fe80ebdbf9b29854e89750355df	547331d1ba55a2c3c48f06cbb7788b40695ae12dc8abdea148ef3b331e8e69e3	282790f3ca3811853683c7e151a210cd8f497f95af6b464a48d1999631df7acc	0123af9e96b58af4e98b91a2de5608d36b63c67864b9041d3340587f3dbe40d2	cfa8dcf0d81c408de38d4202fe1ce9d9e5e301d1e67439c9530da94b1e64ee3f	7484d7b0dd80f45e18d726b04752827fe28555cc5c1af0e127948380e6688abf
semantic-proposal-v1	SC1-fb6ba8433702d9b0dd9da69f29805d8c1d7bb64f5d8a9734ed12098515dc4c8f	S016112	1	P01	SYMBOLS.tsv	359243	selection_expression	x86_64	include/uapi/linux/elf-em.h	operative_macro	EM_ARCOMPACT	37	PENDING_REVIEW	SOURCE_REVIEWED_VALUE	COMPLETE	vendor/linux/include/uapi/linux/elf-em.h;vendor/linux/include/uapi/linux/elf-em.h:37;rewrite/configs/x86_64/frozen.config;header_closure=rewrite/metadata/header_closure.tsv;selected=PENDING_REVIEW	425f94c2954b1fe80ebdbf9b29854e89750355df	547331d1ba55a2c3c48f06cbb7788b40695ae12dc8abdea148ef3b331e8e69e3	282790f3ca3811853683c7e151a210cd8f497f95af6b464a48d1999631df7acc	0123af9e96b58af4e98b91a2de5608d36b63c67864b9041d3340587f3dbe40d2	cfa8dcf0d81c408de38d4202fe1ce9d9e5e301d1e67439c9530da94b1e64ee3f	7484d7b0dd80f45e18d726b04752827fe28555cc5c1af0e127948380e6688abf
semantic-proposal-v1	SC1-95b1db63172543f76aa20301ddb9b1580600109f1bc4b9cd7c6d69093678ab1d	S016112	1	P01	SYMBOLS.tsv	359243	status	x86_64	include/uapi/linux/elf-em.h	operative_macro	EM_ARCOMPACT	37	PENDING_REVIEW	COMPLETE	COMPLETE	vendor/linux/include/uapi/linux/elf-em.h;vendor/linux/include/uapi/linux/elf-em.h:37;rewrite/configs/x86_64/frozen.config;header_closure=rewrite/metadata/header_closure.tsv;selected=PENDING_REVIEW	425f94c2954b1fe80ebdbf9b29854e89750355df	547331d1ba55a2c3c48f06cbb7788b40695ae12dc8abdea148ef3b331e8e69e3	282790f3ca3811853683c7e151a210cd8f497f95af6b464a48d1999631df7acc	0123af9e96b58af4e98b91a2de5608d36b63c67864b9041d3340587f3dbe40d2	cfa8dcf0d81c408de38d4202fe1ce9d9e5e301d1e67439c9530da94b1e64ee3f	7484d7b0dd80f45e18d726b04752827fe28555cc5c1af0e127948380e6688abf
semantic-proposal-v1	SC1-a58abe6c7a21cefc93bea6d4e1cc074416f1280c0ae50cb3432f02b27033e81c	S016112	1	P01	SYMBOLS.tsv	359244	selection_expression	x86_64	include/uapi/linux/elf-em.h	operative_macro	EM_XTENSA	38	PENDING_REVIEW	SOURCE_REVIEWED_VALUE	COMPLETE	vendor/linux/include/uapi/linux/elf-em.h;vendor/linux/include/uapi/linux/elf-em.h:38;rewrite/configs/x86_64/frozen.config;header_closure=rewrite/metadata/header_closure.tsv;selected=PENDING_REVIEW	425f94c2954b1fe80ebdbf9b29854e89750355df	547331d1ba55a2c3c48f06cbb7788b40695ae12dc8abdea148ef3b331e8e69e3	282790f3ca3811853683c7e151a210cd8f497f95af6b464a48d1999631df7acc	0123af9e96b58af4e98b91a2de5608d36b63c67864b9041d3340587f3dbe40d2	cfa8dcf0d81c408de38d4202fe1ce9d9e5e301d1e67439c9530da94b1e64ee3f	7484d7b0dd80f45e18d726b04752827fe28555cc5c1af0e127948380e6688abf
semantic-proposal-v1	SC1-f704fca79054a80e8b6e82ce047f5312bec762f29502921479dfeb8a9ed666cc	S016112	1	P01	SYMBOLS.tsv	359244	status	x86_64	include/uapi/linux/elf-em.h	operative_macro	EM_XTENSA	38	PENDING_REVIEW	COMPLETE	COMPLETE	vendor/linux/include/uapi/linux/elf-em.h;vendor/linux/include/uapi/linux/elf-em.h:38;rewrite/configs/x86_64/frozen.config;header_closure=rewrite/metadata/header_closure.tsv;selected=PENDING_REVIEW	425f94c2954b1fe80ebdbf9b29854e89750355df	547331d1ba55a2c3c48f06cbb7788b40695ae12dc8abdea148ef3b331e8e69e3	282790f3ca3811853683c7e151a210cd8f497f95af6b464a48d1999631df7acc	0123af9e96b58af4e98b91a2de5608d36b63c67864b9041d3340587f3dbe40d2	cfa8dcf0d81c408de38d4202fe1ce9d9e5e301d1e67439c9530da94b1e64ee3f	7484d7b0dd80f45e18d726b04752827fe28555cc5c1af0e127948380e6688abf
semantic-proposal-v1	SC1-9cd3bb94eac2d0ca92c7b8c9e2861a638bc936ac6e312e0fbe082ad31ede30b7	S016112	1	P01	SYMBOLS.tsv	359245	selection_expression	x86_64	include/uapi/linux/elf-em.h	operative_macro	EM_BLACKFIN	39	PENDING_REVIEW	SOURCE_REVIEWED_VALUE	COMPLETE	vendor/linux/include/uapi/linux/elf-em.h;vendor/linux/include/uapi/linux/elf-em.h:39;rewrite/configs/x86_64/frozen.config;header_closure=rewrite/metadata/header_closure.tsv;selected=PENDING_REVIEW	425f94c2954b1fe80ebdbf9b29854e89750355df	547331d1ba55a2c3c48f06cbb7788b40695ae12dc8abdea148ef3b331e8e69e3	282790f3ca3811853683c7e151a210cd8f497f95af6b464a48d1999631df7acc	0123af9e96b58af4e98b91a2de5608d36b63c67864b9041d3340587f3dbe40d2	cfa8dcf0d81c408de38d4202fe1ce9d9e5e301d1e67439c9530da94b1e64ee3f	7484d7b0dd80f45e18d726b04752827fe28555cc5c1af0e127948380e6688abf
semantic-proposal-v1	SC1-e132e29f0a11cc8314a8066a0aec0b8166833c06893d15921e343a53003e117d	S016112	1	P01	SYMBOLS.tsv	359245	status	x86_64	include/uapi/linux/elf-em.h	operative_macro	EM_BLACKFIN	39	PENDING_REVIEW	COMPLETE	COMPLETE	vendor/linux/include/uapi/linux/elf-em.h;vendor/linux/include/uapi/linux/elf-em.h:39;rewrite/configs/x86_64/frozen.config;header_closure=rewrite/metadata/header_closure.tsv;selected=PENDING_REVIEW	425f94c2954b1fe80ebdbf9b29854e89750355df	547331d1ba55a2c3c48f06cbb7788b40695ae12dc8abdea148ef3b331e8e69e3	282790f3ca3811853683c7e151a210cd8f497f95af6b464a48d1999631df7acc	0123af9e96b58af4e98b91a2de5608d36b63c67864b9041d3340587f3dbe40d2	cfa8dcf0d81c408de38d4202fe1ce9d9e5e301d1e67439c9530da94b1e64ee3f	7484d7b0dd80f45e18d726b04752827fe28555cc5c1af0e127948380e6688abf
semantic-proposal-v1	SC1-7ca1d6dbc063550dda14f38a7b45affde2a74ea3512b508cda4ab84b75951129	S016112	1	P01	SYMBOLS.tsv	359246	selection_expression	x86_64	include/uapi/linux/elf-em.h	operative_macro	EM_UNICORE	40	PENDING_REVIEW	SOURCE_REVIEWED_VALUE	COMPLETE	vendor/linux/include/uapi/linux/elf-em.h;vendor/linux/include/uapi/linux/elf-em.h:40;rewrite/configs/x86_64/frozen.config;header_closure=rewrite/metadata/header_closure.tsv;selected=PENDING_REVIEW	425f94c2954b1fe80ebdbf9b29854e89750355df	547331d1ba55a2c3c48f06cbb7788b40695ae12dc8abdea148ef3b331e8e69e3	282790f3ca3811853683c7e151a210cd8f497f95af6b464a48d1999631df7acc	0123af9e96b58af4e98b91a2de5608d36b63c67864b9041d3340587f3dbe40d2	cfa8dcf0d81c408de38d4202fe1ce9d9e5e301d1e67439c9530da94b1e64ee3f	7484d7b0dd80f45e18d726b04752827fe28555cc5c1af0e127948380e6688abf
semantic-proposal-v1	SC1-61239cf8473973ab176a7f0becaa14febab2206fa12cb880f1ff6d6c0da3b58a	S016112	1	P01	SYMBOLS.tsv	359246	status	x86_64	include/uapi/linux/elf-em.h	operative_macro	EM_UNICORE	40	PENDING_REVIEW	COMPLETE	COMPLETE	vendor/linux/include/uapi/linux/elf-em.h;vendor/linux/include/uapi/linux/elf-em.h:40;rewrite/configs/x86_64/frozen.config;header_closure=rewrite/metadata/header_closure.tsv;selected=PENDING_REVIEW	425f94c2954b1fe80ebdbf9b29854e89750355df	547331d1ba55a2c3c48f06cbb7788b40695ae12dc8abdea148ef3b331e8e69e3	282790f3ca3811853683c7e151a210cd8f497f95af6b464a48d1999631df7acc	0123af9e96b58af4e98b91a2de5608d36b63c67864b9041d3340587f3dbe40d2	cfa8dcf0d81c408de38d4202fe1ce9d9e5e301d1e67439c9530da94b1e64ee3f	7484d7b0dd80f45e18d726b04752827fe28555cc5c1af0e127948380e6688abf
semantic-proposal-v1	SC1-877641bb8cca04fee8c52804a64334df2c7857409cdbdc08fd2bac2a358b27b0	S016112	1	P01	SYMBOLS.tsv	359247	selection_expression	x86_64	include/uapi/linux/elf-em.h	operative_macro	EM_ALTERA_NIOS2	41	PENDING_REVIEW	SOURCE_REVIEWED_VALUE	COMPLETE	vendor/linux/include/uapi/linux/elf-em.h;vendor/linux/include/uapi/linux/elf-em.h:41;rewrite/configs/x86_64/frozen.config;header_closure=rewrite/metadata/header_closure.tsv;selected=PENDING_REVIEW	425f94c2954b1fe80ebdbf9b29854e89750355df	547331d1ba55a2c3c48f06cbb7788b40695ae12dc8abdea148ef3b331e8e69e3	282790f3ca3811853683c7e151a210cd8f497f95af6b464a48d1999631df7acc	0123af9e96b58af4e98b91a2de5608d36b63c67864b9041d3340587f3dbe40d2	cfa8dcf0d81c408de38d4202fe1ce9d9e5e301d1e67439c9530da94b1e64ee3f	7484d7b0dd80f45e18d726b04752827fe28555cc5c1af0e127948380e6688abf
semantic-proposal-v1	SC1-4a8f9c1ed772087c5dbee13c524eb11af964b2cc32f9da4aac2766e905b0684b	S016112	1	P01	SYMBOLS.tsv	359247	status	x86_64	include/uapi/linux/elf-em.h	operative_macro	EM_ALTERA_NIOS2	41	PENDING_REVIEW	COMPLETE	COMPLETE	vendor/linux/include/uapi/linux/elf-em.h;vendor/linux/include/uapi/linux/elf-em.h:41;rewrite/configs/x86_64/frozen.config;header_closure=rewrite/metadata/header_closure.tsv;selected=PENDING_REVIEW	425f94c2954b1fe80ebdbf9b29854e89750355df	547331d1ba55a2c3c48f06cbb7788b40695ae12dc8abdea148ef3b331e8e69e3	282790f3ca3811853683c7e151a210cd8f497f95af6b464a48d1999631df7acc	0123af9e96b58af4e98b91a2de5608d36b63c67864b9041d3340587f3dbe40d2	cfa8dcf0d81c408de38d4202fe1ce9d9e5e301d1e67439c9530da94b1e64ee3f	7484d7b0dd80f45e18d726b04752827fe28555cc5c1af0e127948380e6688abf
semantic-proposal-v1	SC1-2addb789fa073499f2914b97da60c7ae31327c965a9bc1ece0323ea47d5aab0b	S016112	1	P01	SYMBOLS.tsv	359248	selection_expression	x86_64	include/uapi/linux/elf-em.h	operative_macro	EM_TI_C6000	42	PENDING_REVIEW	SOURCE_REVIEWED_VALUE	COMPLETE	vendor/linux/include/uapi/linux/elf-em.h;vendor/linux/include/uapi/linux/elf-em.h:42;rewrite/configs/x86_64/frozen.config;header_closure=rewrite/metadata/header_closure.tsv;selected=PENDING_REVIEW	425f94c2954b1fe80ebdbf9b29854e89750355df	547331d1ba55a2c3c48f06cbb7788b40695ae12dc8abdea148ef3b331e8e69e3	282790f3ca3811853683c7e151a210cd8f497f95af6b464a48d1999631df7acc	0123af9e96b58af4e98b91a2de5608d36b63c67864b9041d3340587f3dbe40d2	cfa8dcf0d81c408de38d4202fe1ce9d9e5e301d1e67439c9530da94b1e64ee3f	7484d7b0dd80f45e18d726b04752827fe28555cc5c1af0e127948380e6688abf
semantic-proposal-v1	SC1-0b4a18104f26e311872e55438c092083ca5f10ae5d5a1714a38d40f03e16dc80	S016112	1	P01	SYMBOLS.tsv	359248	status	x86_64	include/uapi/linux/elf-em.h	operative_macro	EM_TI_C6000	42	PENDING_REVIEW	COMPLETE	COMPLETE	vendor/linux/include/uapi/linux/elf-em.h;vendor/linux/include/uapi/linux/elf-em.h:42;rewrite/configs/x86_64/frozen.config;header_closure=rewrite/metadata/header_closure.tsv;selected=PENDING_REVIEW	425f94c2954b1fe80ebdbf9b29854e89750355df	547331d1ba55a2c3c48f06cbb7788b40695ae12dc8abdea148ef3b331e8e69e3	282790f3ca3811853683c7e151a210cd8f497f95af6b464a48d1999631df7acc	0123af9e96b58af4e98b91a2de5608d36b63c67864b9041d3340587f3dbe40d2	cfa8dcf0d81c408de38d4202fe1ce9d9e5e301d1e67439c9530da94b1e64ee3f	7484d7b0dd80f45e18d726b04752827fe28555cc5c1af0e127948380e6688abf
semantic-proposal-v1	SC1-e6d670208d8b8d3deef3d66a1a289b88e8f8e3fda0746c76604fc77ce9ccc110	S016112	1	P01	SYMBOLS.tsv	359249	selection_expression	x86_64	include/uapi/linux/elf-em.h	operative_macro	EM_HEXAGON	43	PENDING_REVIEW	SOURCE_REVIEWED_VALUE	COMPLETE	vendor/linux/include/uapi/linux/elf-em.h;vendor/linux/include/uapi/linux/elf-em.h:43;rewrite/configs/x86_64/frozen.config;header_closure=rewrite/metadata/header_closure.tsv;selected=PENDING_REVIEW	425f94c2954b1fe80ebdbf9b29854e89750355df	547331d1ba55a2c3c48f06cbb7788b40695ae12dc8abdea148ef3b331e8e69e3	282790f3ca3811853683c7e151a210cd8f497f95af6b464a48d1999631df7acc	0123af9e96b58af4e98b91a2de5608d36b63c67864b9041d3340587f3dbe40d2	cfa8dcf0d81c408de38d4202fe1ce9d9e5e301d1e67439c9530da94b1e64ee3f	7484d7b0dd80f45e18d726b04752827fe28555cc5c1af0e127948380e6688abf
semantic-proposal-v1	SC1-224c450b92e194c5015f3dfe789a072b253eafc49a56f899f195f4d38029c7bb	S016112	1	P01	SYMBOLS.tsv	359249	status	x86_64	include/uapi/linux/elf-em.h	operative_macro	EM_HEXAGON	43	PENDING_REVIEW	COMPLETE	COMPLETE	vendor/linux/include/uapi/linux/elf-em.h;vendor/linux/include/uapi/linux/elf-em.h:43;rewrite/configs/x86_64/frozen.config;header_closure=rewrite/metadata/header_closure.tsv;selected=PENDING_REVIEW	425f94c2954b1fe80ebdbf9b29854e89750355df	547331d1ba55a2c3c48f06cbb7788b40695ae12dc8abdea148ef3b331e8e69e3	282790f3ca3811853683c7e151a210cd8f497f95af6b464a48d1999631df7acc	0123af9e96b58af4e98b91a2de5608d36b63c67864b9041d3340587f3dbe40d2	cfa8dcf0d81c408de38d4202fe1ce9d9e5e301d1e67439c9530da94b1e64ee3f	7484d7b0dd80f45e18d726b04752827fe28555cc5c1af0e127948380e6688abf
semantic-proposal-v1	SC1-33c5d7f38bf6a6612030ce64ff2a3b89745c399220e58b983d4e6c376a048390	S016112	1	P01	SYMBOLS.tsv	359250	selection_expression	x86_64	include/uapi/linux/elf-em.h	operative_macro	EM_NDS32	44	PENDING_REVIEW	SOURCE_REVIEWED_VALUE	COMPLETE	vendor/linux/include/uapi/linux/elf-em.h;vendor/linux/include/uapi/linux/elf-em.h:44;rewrite/configs/x86_64/frozen.config;header_closure=rewrite/metadata/header_closure.tsv;selected=PENDING_REVIEW	425f94c2954b1fe80ebdbf9b29854e89750355df	547331d1ba55a2c3c48f06cbb7788b40695ae12dc8abdea148ef3b331e8e69e3	282790f3ca3811853683c7e151a210cd8f497f95af6b464a48d1999631df7acc	0123af9e96b58af4e98b91a2de5608d36b63c67864b9041d3340587f3dbe40d2	cfa8dcf0d81c408de38d4202fe1ce9d9e5e301d1e67439c9530da94b1e64ee3f	7484d7b0dd80f45e18d726b04752827fe28555cc5c1af0e127948380e6688abf
semantic-proposal-v1	SC1-d731c9d1f4c033656bd4f8b9babd4f0bf2a8db5a8cdb3ec266d9fa51e608e2dc	S016112	1	P01	SYMBOLS.tsv	359250	status	x86_64	include/uapi/linux/elf-em.h	operative_macro	EM_NDS32	44	PENDING_REVIEW	COMPLETE	COMPLETE	vendor/linux/include/uapi/linux/elf-em.h;vendor/linux/include/uapi/linux/elf-em.h:44;rewrite/configs/x86_64/frozen.config;header_closure=rewrite/metadata/header_closure.tsv;selected=PENDING_REVIEW	425f94c2954b1fe80ebdbf9b29854e89750355df	547331d1ba55a2c3c48f06cbb7788b40695ae12dc8abdea148ef3b331e8e69e3	282790f3ca3811853683c7e151a210cd8f497f95af6b464a48d1999631df7acc	0123af9e96b58af4e98b91a2de5608d36b63c67864b9041d3340587f3dbe40d2	cfa8dcf0d81c408de38d4202fe1ce9d9e5e301d1e67439c9530da94b1e64ee3f	7484d7b0dd80f45e18d726b04752827fe28555cc5c1af0e127948380e6688abf
semantic-proposal-v1	SC1-3d8f53bb8c14a6b393dbb9ed5ab71f6283ac8c4de23edd87276198908517fe8b	S016112	1	P01	SYMBOLS.tsv	359251	selection_expression	x86_64	include/uapi/linux/elf-em.h	operative_macro	EM_AARCH64	46	PENDING_REVIEW	SOURCE_REVIEWED_VALUE	COMPLETE	vendor/linux/include/uapi/linux/elf-em.h;vendor/linux/include/uapi/linux/elf-em.h:46;rewrite/configs/x86_64/frozen.config;header_closure=rewrite/metadata/header_closure.tsv;selected=PENDING_REVIEW	425f94c2954b1fe80ebdbf9b29854e89750355df	547331d1ba55a2c3c48f06cbb7788b40695ae12dc8abdea148ef3b331e8e69e3	282790f3ca3811853683c7e151a210cd8f497f95af6b464a48d1999631df7acc	0123af9e96b58af4e98b91a2de5608d36b63c67864b9041d3340587f3dbe40d2	cfa8dcf0d81c408de38d4202fe1ce9d9e5e301d1e67439c9530da94b1e64ee3f	7484d7b0dd80f45e18d726b04752827fe28555cc5c1af0e127948380e6688abf
semantic-proposal-v1	SC1-5bf788cf715540ab08f70ce192b118f9cf0e913947f2e4026fb9c20d91292453	S016112	1	P01	SYMBOLS.tsv	359251	status	x86_64	include/uapi/linux/elf-em.h	operative_macro	EM_AARCH64	46	PENDING_REVIEW	COMPLETE	COMPLETE	vendor/linux/include/uapi/linux/elf-em.h;vendor/linux/include/uapi/linux/elf-em.h:46;rewrite/configs/x86_64/frozen.config;header_closure=rewrite/metadata/header_closure.tsv;selected=PENDING_REVIEW	425f94c2954b1fe80ebdbf9b29854e89750355df	547331d1ba55a2c3c48f06cbb7788b40695ae12dc8abdea148ef3b331e8e69e3	282790f3ca3811853683c7e151a210cd8f497f95af6b464a48d1999631df7acc	0123af9e96b58af4e98b91a2de5608d36b63c67864b9041d3340587f3dbe40d2	cfa8dcf0d81c408de38d4202fe1ce9d9e5e301d1e67439c9530da94b1e64ee3f	7484d7b0dd80f45e18d726b04752827fe28555cc5c1af0e127948380e6688abf
semantic-proposal-v1	SC1-bdb34fcabf8ee15d35b386c889de6c8d9596a70da13c0f7808cbf499a36020e8	S016112	1	P01	SYMBOLS.tsv	359252	selection_expression	x86_64	include/uapi/linux/elf-em.h	operative_macro	EM_TILEPRO	47	PENDING_REVIEW	SOURCE_REVIEWED_VALUE	COMPLETE	vendor/linux/include/uapi/linux/elf-em.h;vendor/linux/include/uapi/linux/elf-em.h:47;rewrite/configs/x86_64/frozen.config;header_closure=rewrite/metadata/header_closure.tsv;selected=PENDING_REVIEW	425f94c2954b1fe80ebdbf9b29854e89750355df	547331d1ba55a2c3c48f06cbb7788b40695ae12dc8abdea148ef3b331e8e69e3	282790f3ca3811853683c7e151a210cd8f497f95af6b464a48d1999631df7acc	0123af9e96b58af4e98b91a2de5608d36b63c67864b9041d3340587f3dbe40d2	cfa8dcf0d81c408de38d4202fe1ce9d9e5e301d1e67439c9530da94b1e64ee3f	7484d7b0dd80f45e18d726b04752827fe28555cc5c1af0e127948380e6688abf
semantic-proposal-v1	SC1-46804ea173d782d77fb74f6a02564ff3e418e64dc68527f3537124670fd8a8cc	S016112	1	P01	SYMBOLS.tsv	359252	status	x86_64	include/uapi/linux/elf-em.h	operative_macro	EM_TILEPRO	47	PENDING_REVIEW	COMPLETE	COMPLETE	vendor/linux/include/uapi/linux/elf-em.h;vendor/linux/include/uapi/linux/elf-em.h:47;rewrite/configs/x86_64/frozen.config;header_closure=rewrite/metadata/header_closure.tsv;selected=PENDING_REVIEW	425f94c2954b1fe80ebdbf9b29854e89750355df	547331d1ba55a2c3c48f06cbb7788b40695ae12dc8abdea148ef3b331e8e69e3	282790f3ca3811853683c7e151a210cd8f497f95af6b464a48d1999631df7acc	0123af9e96b58af4e98b91a2de5608d36b63c67864b9041d3340587f3dbe40d2	cfa8dcf0d81c408de38d4202fe1ce9d9e5e301d1e67439c9530da94b1e64ee3f	7484d7b0dd80f45e18d726b04752827fe28555cc5c1af0e127948380e6688abf
semantic-proposal-v1	SC1-882745540f154547b9dae0ff78419f57ce0ed282480a764788c29c38b2832370	S016112	1	P01	SYMBOLS.tsv	359253	selection_expression	x86_64	include/uapi/linux/elf-em.h	operative_macro	EM_MICROBLAZE	48	PENDING_REVIEW	SOURCE_REVIEWED_VALUE	COMPLETE	vendor/linux/include/uapi/linux/elf-em.h;vendor/linux/include/uapi/linux/elf-em.h:48;rewrite/configs/x86_64/frozen.config;header_closure=rewrite/metadata/header_closure.tsv;selected=PENDING_REVIEW	425f94c2954b1fe80ebdbf9b29854e89750355df	547331d1ba55a2c3c48f06cbb7788b40695ae12dc8abdea148ef3b331e8e69e3	282790f3ca3811853683c7e151a210cd8f497f95af6b464a48d1999631df7acc	0123af9e96b58af4e98b91a2de5608d36b63c67864b9041d3340587f3dbe40d2	cfa8dcf0d81c408de38d4202fe1ce9d9e5e301d1e67439c9530da94b1e64ee3f	7484d7b0dd80f45e18d726b04752827fe28555cc5c1af0e127948380e6688abf
semantic-proposal-v1	SC1-388544e88c96cb81fde3b4ebf0c94fa6a5fb499058a702e1fdc1e19e9c916402	S016112	1	P01	SYMBOLS.tsv	359253	status	x86_64	include/uapi/linux/elf-em.h	operative_macro	EM_MICROBLAZE	48	PENDING_REVIEW	COMPLETE	COMPLETE	vendor/linux/include/uapi/linux/elf-em.h;vendor/linux/include/uapi/linux/elf-em.h:48;rewrite/configs/x86_64/frozen.config;header_closure=rewrite/metadata/header_closure.tsv;selected=PENDING_REVIEW	425f94c2954b1fe80ebdbf9b29854e89750355df	547331d1ba55a2c3c48f06cbb7788b40695ae12dc8abdea148ef3b331e8e69e3	282790f3ca3811853683c7e151a210cd8f497f95af6b464a48d1999631df7acc	0123af9e96b58af4e98b91a2de5608d36b63c67864b9041d3340587f3dbe40d2	cfa8dcf0d81c408de38d4202fe1ce9d9e5e301d1e67439c9530da94b1e64ee3f	7484d7b0dd80f45e18d726b04752827fe28555cc5c1af0e127948380e6688abf
semantic-proposal-v1	SC1-52ec0e398c24b0f000b216548024523d5d9c4d30c43a156ed536fc0e86463cb8	S016112	1	P01	SYMBOLS.tsv	359254	selection_expression	x86_64	include/uapi/linux/elf-em.h	operative_macro	EM_TILEGX	49	PENDING_REVIEW	SOURCE_REVIEWED_VALUE	COMPLETE	vendor/linux/include/uapi/linux/elf-em.h;vendor/linux/include/uapi/linux/elf-em.h:49;rewrite/configs/x86_64/frozen.config;header_closure=rewrite/metadata/header_closure.tsv;selected=PENDING_REVIEW	425f94c2954b1fe80ebdbf9b29854e89750355df	547331d1ba55a2c3c48f06cbb7788b40695ae12dc8abdea148ef3b331e8e69e3	282790f3ca3811853683c7e151a210cd8f497f95af6b464a48d1999631df7acc	0123af9e96b58af4e98b91a2de5608d36b63c67864b9041d3340587f3dbe40d2	cfa8dcf0d81c408de38d4202fe1ce9d9e5e301d1e67439c9530da94b1e64ee3f	7484d7b0dd80f45e18d726b04752827fe28555cc5c1af0e127948380e6688abf
semantic-proposal-v1	SC1-24c823927f7dcf6a97d182415063363af8e579ca5fb40571e9b6acae1c67c1c2	S016112	1	P01	SYMBOLS.tsv	359254	status	x86_64	include/uapi/linux/elf-em.h	operative_macro	EM_TILEGX	49	PENDING_REVIEW	COMPLETE	COMPLETE	vendor/linux/include/uapi/linux/elf-em.h;vendor/linux/include/uapi/linux/elf-em.h:49;rewrite/configs/x86_64/frozen.config;header_closure=rewrite/metadata/header_closure.tsv;selected=PENDING_REVIEW	425f94c2954b1fe80ebdbf9b29854e89750355df	547331d1ba55a2c3c48f06cbb7788b40695ae12dc8abdea148ef3b331e8e69e3	282790f3ca3811853683c7e151a210cd8f497f95af6b464a48d1999631df7acc	0123af9e96b58af4e98b91a2de5608d36b63c67864b9041d3340587f3dbe40d2	cfa8dcf0d81c408de38d4202fe1ce9d9e5e301d1e67439c9530da94b1e64ee3f	7484d7b0dd80f45e18d726b04752827fe28555cc5c1af0e127948380e6688abf
semantic-proposal-v1	SC1-c26bcba2e5bba9b1bf9e35ee10d383bfb58a80d56844b528200d308dec2f8d16	S016112	1	P01	SYMBOLS.tsv	359255	selection_expression	x86_64	include/uapi/linux/elf-em.h	operative_macro	EM_ARCV2	50	PENDING_REVIEW	SOURCE_REVIEWED_VALUE	COMPLETE	vendor/linux/include/uapi/linux/elf-em.h;vendor/linux/include/uapi/linux/elf-em.h:50;rewrite/configs/x86_64/frozen.config;header_closure=rewrite/metadata/header_closure.tsv;selected=PENDING_REVIEW	425f94c2954b1fe80ebdbf9b29854e89750355df	547331d1ba55a2c3c48f06cbb7788b40695ae12dc8abdea148ef3b331e8e69e3	282790f3ca3811853683c7e151a210cd8f497f95af6b464a48d1999631df7acc	0123af9e96b58af4e98b91a2de5608d36b63c67864b9041d3340587f3dbe40d2	cfa8dcf0d81c408de38d4202fe1ce9d9e5e301d1e67439c9530da94b1e64ee3f	7484d7b0dd80f45e18d726b04752827fe28555cc5c1af0e127948380e6688abf
semantic-proposal-v1	SC1-8390f9cdc3987260b2fe67327f4bdee05aecd4ba22d09623557b952252e0ec71	S016112	1	P01	SYMBOLS.tsv	359255	status	x86_64	include/uapi/linux/elf-em.h	operative_macro	EM_ARCV2	50	PENDING_REVIEW	COMPLETE	COMPLETE	vendor/linux/include/uapi/linux/elf-em.h;vendor/linux/include/uapi/linux/elf-em.h:50;rewrite/configs/x86_64/frozen.config;header_closure=rewrite/metadata/header_closure.tsv;selected=PENDING_REVIEW	425f94c2954b1fe80ebdbf9b29854e89750355df	547331d1ba55a2c3c48f06cbb7788b40695ae12dc8abdea148ef3b331e8e69e3	282790f3ca3811853683c7e151a210cd8f497f95af6b464a48d1999631df7acc	0123af9e96b58af4e98b91a2de5608d36b63c67864b9041d3340587f3dbe40d2	cfa8dcf0d81c408de38d4202fe1ce9d9e5e301d1e67439c9530da94b1e64ee3f	7484d7b0dd80f45e18d726b04752827fe28555cc5c1af0e127948380e6688abf
semantic-proposal-v1	SC1-68002490b0d1dc5c68862b3878a5bf3a1185bed106c1bc1c43271f3d0c66e67f	S016112	1	P01	SYMBOLS.tsv	359256	selection_expression	x86_64	include/uapi/linux/elf-em.h	operative_macro	EM_RISCV	51	PENDING_REVIEW	SOURCE_REVIEWED_VALUE	COMPLETE	vendor/linux/include/uapi/linux/elf-em.h;vendor/linux/include/uapi/linux/elf-em.h:51;rewrite/configs/x86_64/frozen.config;header_closure=rewrite/metadata/header_closure.tsv;selected=PENDING_REVIEW	425f94c2954b1fe80ebdbf9b29854e89750355df	547331d1ba55a2c3c48f06cbb7788b40695ae12dc8abdea148ef3b331e8e69e3	282790f3ca3811853683c7e151a210cd8f497f95af6b464a48d1999631df7acc	0123af9e96b58af4e98b91a2de5608d36b63c67864b9041d3340587f3dbe40d2	cfa8dcf0d81c408de38d4202fe1ce9d9e5e301d1e67439c9530da94b1e64ee3f	7484d7b0dd80f45e18d726b04752827fe28555cc5c1af0e127948380e6688abf
semantic-proposal-v1	SC1-21449430645c848cea5dd33159e560bb0bb9e9a9e0f01fec529a9d637c1e1c3f	S016112	1	P01	SYMBOLS.tsv	359256	status	x86_64	include/uapi/linux/elf-em.h	operative_macro	EM_RISCV	51	PENDING_REVIEW	COMPLETE	COMPLETE	vendor/linux/include/uapi/linux/elf-em.h;vendor/linux/include/uapi/linux/elf-em.h:51;rewrite/configs/x86_64/frozen.config;header_closure=rewrite/metadata/header_closure.tsv;selected=PENDING_REVIEW	425f94c2954b1fe80ebdbf9b29854e89750355df	547331d1ba55a2c3c48f06cbb7788b40695ae12dc8abdea148ef3b331e8e69e3	282790f3ca3811853683c7e151a210cd8f497f95af6b464a48d1999631df7acc	0123af9e96b58af4e98b91a2de5608d36b63c67864b9041d3340587f3dbe40d2	cfa8dcf0d81c408de38d4202fe1ce9d9e5e301d1e67439c9530da94b1e64ee3f	7484d7b0dd80f45e18d726b04752827fe28555cc5c1af0e127948380e6688abf
semantic-proposal-v1	SC1-c60678ffd68e271e68e69652988173b64dd6c4d539de6a3ba1d4e9d7fc7c7830	S016112	1	P01	SYMBOLS.tsv	359257	selection_expression	x86_64	include/uapi/linux/elf-em.h	operative_macro	EM_BPF	52	PENDING_REVIEW	SOURCE_REVIEWED_VALUE	COMPLETE	vendor/linux/include/uapi/linux/elf-em.h;vendor/linux/include/uapi/linux/elf-em.h:52;rewrite/configs/x86_64/frozen.config;header_closure=rewrite/metadata/header_closure.tsv;selected=PENDING_REVIEW	425f94c2954b1fe80ebdbf9b29854e89750355df	547331d1ba55a2c3c48f06cbb7788b40695ae12dc8abdea148ef3b331e8e69e3	282790f3ca3811853683c7e151a210cd8f497f95af6b464a48d1999631df7acc	0123af9e96b58af4e98b91a2de5608d36b63c67864b9041d3340587f3dbe40d2	cfa8dcf0d81c408de38d4202fe1ce9d9e5e301d1e67439c9530da94b1e64ee3f	7484d7b0dd80f45e18d726b04752827fe28555cc5c1af0e127948380e6688abf
semantic-proposal-v1	SC1-b91c94c61d74afa3b1e8f8d26cd1144279ab4f4eaa0ca7eac3aadf5c40826cf5	S016112	1	P01	SYMBOLS.tsv	359257	status	x86_64	include/uapi/linux/elf-em.h	operative_macro	EM_BPF	52	PENDING_REVIEW	COMPLETE	COMPLETE	vendor/linux/include/uapi/linux/elf-em.h;vendor/linux/include/uapi/linux/elf-em.h:52;rewrite/configs/x86_64/frozen.config;header_closure=rewrite/metadata/header_closure.tsv;selected=PENDING_REVIEW	425f94c2954b1fe80ebdbf9b29854e89750355df	547331d1ba55a2c3c48f06cbb7788b40695ae12dc8abdea148ef3b331e8e69e3	282790f3ca3811853683c7e151a210cd8f497f95af6b464a48d1999631df7acc	0123af9e96b58af4e98b91a2de5608d36b63c67864b9041d3340587f3dbe40d2	cfa8dcf0d81c408de38d4202fe1ce9d9e5e301d1e67439c9530da94b1e64ee3f	7484d7b0dd80f45e18d726b04752827fe28555cc5c1af0e127948380e6688abf
semantic-proposal-v1	SC1-3457f50a15417a6ee5eda39112810a57b4ac6646518d1ad604b7f4668a7eeb45	S016112	1	P01	SYMBOLS.tsv	359258	selection_expression	x86_64	include/uapi/linux/elf-em.h	operative_macro	EM_CSKY	53	PENDING_REVIEW	SOURCE_REVIEWED_VALUE	COMPLETE	vendor/linux/include/uapi/linux/elf-em.h;vendor/linux/include/uapi/linux/elf-em.h:53;rewrite/configs/x86_64/frozen.config;header_closure=rewrite/metadata/header_closure.tsv;selected=PENDING_REVIEW	425f94c2954b1fe80ebdbf9b29854e89750355df	547331d1ba55a2c3c48f06cbb7788b40695ae12dc8abdea148ef3b331e8e69e3	282790f3ca3811853683c7e151a210cd8f497f95af6b464a48d1999631df7acc	0123af9e96b58af4e98b91a2de5608d36b63c67864b9041d3340587f3dbe40d2	cfa8dcf0d81c408de38d4202fe1ce9d9e5e301d1e67439c9530da94b1e64ee3f	7484d7b0dd80f45e18d726b04752827fe28555cc5c1af0e127948380e6688abf
semantic-proposal-v1	SC1-341a2d539b2b43180a35e2741666b7537d9d14d1691ce8ced1138cf6be94033e	S016112	1	P01	SYMBOLS.tsv	359258	status	x86_64	include/uapi/linux/elf-em.h	operative_macro	EM_CSKY	53	PENDING_REVIEW	COMPLETE	COMPLETE	vendor/linux/include/uapi/linux/elf-em.h;vendor/linux/include/uapi/linux/elf-em.h:53;rewrite/configs/x86_64/frozen.config;header_closure=rewrite/metadata/header_closure.tsv;selected=PENDING_REVIEW	425f94c2954b1fe80ebdbf9b29854e89750355df	547331d1ba55a2c3c48f06cbb7788b40695ae12dc8abdea148ef3b331e8e69e3	282790f3ca3811853683c7e151a210cd8f497f95af6b464a48d1999631df7acc	0123af9e96b58af4e98b91a2de5608d36b63c67864b9041d3340587f3dbe40d2	cfa8dcf0d81c408de38d4202fe1ce9d9e5e301d1e67439c9530da94b1e64ee3f	7484d7b0dd80f45e18d726b04752827fe28555cc5c1af0e127948380e6688abf
semantic-proposal-v1	SC1-ee674453c9c8dd0ca1be87092de7f69edba5841b502a647d85516142cde32c8a	S016112	1	P01	SYMBOLS.tsv	359259	selection_expression	x86_64	include/uapi/linux/elf-em.h	operative_macro	EM_LOONGARCH	54	PENDING_REVIEW	SOURCE_REVIEWED_VALUE	COMPLETE	vendor/linux/include/uapi/linux/elf-em.h;vendor/linux/include/uapi/linux/elf-em.h:54;rewrite/configs/x86_64/frozen.config;header_closure=rewrite/metadata/header_closure.tsv;selected=PENDING_REVIEW	425f94c2954b1fe80ebdbf9b29854e89750355df	547331d1ba55a2c3c48f06cbb7788b40695ae12dc8abdea148ef3b331e8e69e3	282790f3ca3811853683c7e151a210cd8f497f95af6b464a48d1999631df7acc	0123af9e96b58af4e98b91a2de5608d36b63c67864b9041d3340587f3dbe40d2	cfa8dcf0d81c408de38d4202fe1ce9d9e5e301d1e67439c9530da94b1e64ee3f	7484d7b0dd80f45e18d726b04752827fe28555cc5c1af0e127948380e6688abf
semantic-proposal-v1	SC1-93bd8ec1470cac33d81e3bf7071a810589fc2ef251f75eb553d5f3ed9691d3e0	S016112	1	P01	SYMBOLS.tsv	359259	status	x86_64	include/uapi/linux/elf-em.h	operative_macro	EM_LOONGARCH	54	PENDING_REVIEW	COMPLETE	COMPLETE	vendor/linux/include/uapi/linux/elf-em.h;vendor/linux/include/uapi/linux/elf-em.h:54;rewrite/configs/x86_64/frozen.config;header_closure=rewrite/metadata/header_closure.tsv;selected=PENDING_REVIEW	425f94c2954b1fe80ebdbf9b29854e89750355df	547331d1ba55a2c3c48f06cbb7788b40695ae12dc8abdea148ef3b331e8e69e3	282790f3ca3811853683c7e151a210cd8f497f95af6b464a48d1999631df7acc	0123af9e96b58af4e98b91a2de5608d36b63c67864b9041d3340587f3dbe40d2	cfa8dcf0d81c408de38d4202fe1ce9d9e5e301d1e67439c9530da94b1e64ee3f	7484d7b0dd80f45e18d726b04752827fe28555cc5c1af0e127948380e6688abf
semantic-proposal-v1	SC1-2bd758e40c46950b6e272438552537a9e981262dff15a2dfde6aa3d1b7aac000	S016112	1	P01	SYMBOLS.tsv	359260	selection_expression	x86_64	include/uapi/linux/elf-em.h	operative_macro	EM_FRV	55	PENDING_REVIEW	SOURCE_REVIEWED_VALUE	COMPLETE	vendor/linux/include/uapi/linux/elf-em.h;vendor/linux/include/uapi/linux/elf-em.h:55;rewrite/configs/x86_64/frozen.config;header_closure=rewrite/metadata/header_closure.tsv;selected=PENDING_REVIEW	425f94c2954b1fe80ebdbf9b29854e89750355df	547331d1ba55a2c3c48f06cbb7788b40695ae12dc8abdea148ef3b331e8e69e3	282790f3ca3811853683c7e151a210cd8f497f95af6b464a48d1999631df7acc	0123af9e96b58af4e98b91a2de5608d36b63c67864b9041d3340587f3dbe40d2	cfa8dcf0d81c408de38d4202fe1ce9d9e5e301d1e67439c9530da94b1e64ee3f	7484d7b0dd80f45e18d726b04752827fe28555cc5c1af0e127948380e6688abf
semantic-proposal-v1	SC1-90b2ff0b953e4cc453d17c01ded2c22bb90f96efcd909532c44d7819358147b0	S016112	1	P01	SYMBOLS.tsv	359260	status	x86_64	include/uapi/linux/elf-em.h	operative_macro	EM_FRV	55	PENDING_REVIEW	COMPLETE	COMPLETE	vendor/linux/include/uapi/linux/elf-em.h;vendor/linux/include/uapi/linux/elf-em.h:55;rewrite/configs/x86_64/frozen.config;header_closure=rewrite/metadata/header_closure.tsv;selected=PENDING_REVIEW	425f94c2954b1fe80ebdbf9b29854e89750355df	547331d1ba55a2c3c48f06cbb7788b40695ae12dc8abdea148ef3b331e8e69e3	282790f3ca3811853683c7e151a210cd8f497f95af6b464a48d1999631df7acc	0123af9e96b58af4e98b91a2de5608d36b63c67864b9041d3340587f3dbe40d2	cfa8dcf0d81c408de38d4202fe1ce9d9e5e301d1e67439c9530da94b1e64ee3f	7484d7b0dd80f45e18d726b04752827fe28555cc5c1af0e127948380e6688abf
semantic-proposal-v1	SC1-a6b331f7d731655375fb0ea62055f8188a5cd147b38f41180c5c70b7d272f0a1	S016112	1	P01	SYMBOLS.tsv	359261	selection_expression	x86_64	include/uapi/linux/elf-em.h	operative_macro	EM_ALPHA	61	PENDING_REVIEW	SOURCE_REVIEWED_VALUE	COMPLETE	vendor/linux/include/uapi/linux/elf-em.h;vendor/linux/include/uapi/linux/elf-em.h:61;rewrite/configs/x86_64/frozen.config;header_closure=rewrite/metadata/header_closure.tsv;selected=PENDING_REVIEW	425f94c2954b1fe80ebdbf9b29854e89750355df	547331d1ba55a2c3c48f06cbb7788b40695ae12dc8abdea148ef3b331e8e69e3	282790f3ca3811853683c7e151a210cd8f497f95af6b464a48d1999631df7acc	0123af9e96b58af4e98b91a2de5608d36b63c67864b9041d3340587f3dbe40d2	cfa8dcf0d81c408de38d4202fe1ce9d9e5e301d1e67439c9530da94b1e64ee3f	7484d7b0dd80f45e18d726b04752827fe28555cc5c1af0e127948380e6688abf
semantic-proposal-v1	SC1-e77c6b6edba2b9ac68fd011da3ab2a717ebbb75928cc5a891854ad8952a34d15	S016112	1	P01	SYMBOLS.tsv	359261	status	x86_64	include/uapi/linux/elf-em.h	operative_macro	EM_ALPHA	61	PENDING_REVIEW	COMPLETE	COMPLETE	vendor/linux/include/uapi/linux/elf-em.h;vendor/linux/include/uapi/linux/elf-em.h:61;rewrite/configs/x86_64/frozen.config;header_closure=rewrite/metadata/header_closure.tsv;selected=PENDING_REVIEW	425f94c2954b1fe80ebdbf9b29854e89750355df	547331d1ba55a2c3c48f06cbb7788b40695ae12dc8abdea148ef3b331e8e69e3	282790f3ca3811853683c7e151a210cd8f497f95af6b464a48d1999631df7acc	0123af9e96b58af4e98b91a2de5608d36b63c67864b9041d3340587f3dbe40d2	cfa8dcf0d81c408de38d4202fe1ce9d9e5e301d1e67439c9530da94b1e64ee3f	7484d7b0dd80f45e18d726b04752827fe28555cc5c1af0e127948380e6688abf
semantic-proposal-v1	SC1-9bee3bf6016e465cc70d7df81ce12113464b7e6185cfac05b473731be1c3a929	S016112	1	P01	SYMBOLS.tsv	359262	selection_expression	x86_64	include/uapi/linux/elf-em.h	operative_macro	EM_CYGNUS_M32R	64	PENDING_REVIEW	SOURCE_REVIEWED_VALUE	COMPLETE	vendor/linux/include/uapi/linux/elf-em.h;vendor/linux/include/uapi/linux/elf-em.h:64;rewrite/configs/x86_64/frozen.config;header_closure=rewrite/metadata/header_closure.tsv;selected=PENDING_REVIEW	425f94c2954b1fe80ebdbf9b29854e89750355df	547331d1ba55a2c3c48f06cbb7788b40695ae12dc8abdea148ef3b331e8e69e3	282790f3ca3811853683c7e151a210cd8f497f95af6b464a48d1999631df7acc	0123af9e96b58af4e98b91a2de5608d36b63c67864b9041d3340587f3dbe40d2	cfa8dcf0d81c408de38d4202fe1ce9d9e5e301d1e67439c9530da94b1e64ee3f	7484d7b0dd80f45e18d726b04752827fe28555cc5c1af0e127948380e6688abf
semantic-proposal-v1	SC1-816b12bdb4731cdce2ee1f5dacb94782e054390f772abada18b2c47a74e2eeee	S016112	1	P01	SYMBOLS.tsv	359262	status	x86_64	include/uapi/linux/elf-em.h	operative_macro	EM_CYGNUS_M32R	64	PENDING_REVIEW	COMPLETE	COMPLETE	vendor/linux/include/uapi/linux/elf-em.h;vendor/linux/include/uapi/linux/elf-em.h:64;rewrite/configs/x86_64/frozen.config;header_closure=rewrite/metadata/header_closure.tsv;selected=PENDING_REVIEW	425f94c2954b1fe80ebdbf9b29854e89750355df	547331d1ba55a2c3c48f06cbb7788b40695ae12dc8abdea148ef3b331e8e69e3	282790f3ca3811853683c7e151a210cd8f497f95af6b464a48d1999631df7acc	0123af9e96b58af4e98b91a2de5608d36b63c67864b9041d3340587f3dbe40d2	cfa8dcf0d81c408de38d4202fe1ce9d9e5e301d1e67439c9530da94b1e64ee3f	7484d7b0dd80f45e18d726b04752827fe28555cc5c1af0e127948380e6688abf
semantic-proposal-v1	SC1-091bcb12832a68352d118808898558c892f966f707ddc0574d1226d5fc1a56de	S016112	1	P01	SYMBOLS.tsv	359263	selection_expression	x86_64	include/uapi/linux/elf-em.h	operative_macro	EM_S390_OLD	66	PENDING_REVIEW	SOURCE_REVIEWED_VALUE	COMPLETE	vendor/linux/include/uapi/linux/elf-em.h;vendor/linux/include/uapi/linux/elf-em.h:66;rewrite/configs/x86_64/frozen.config;header_closure=rewrite/metadata/header_closure.tsv;selected=PENDING_REVIEW	425f94c2954b1fe80ebdbf9b29854e89750355df	547331d1ba55a2c3c48f06cbb7788b40695ae12dc8abdea148ef3b331e8e69e3	282790f3ca3811853683c7e151a210cd8f497f95af6b464a48d1999631df7acc	0123af9e96b58af4e98b91a2de5608d36b63c67864b9041d3340587f3dbe40d2	cfa8dcf0d81c408de38d4202fe1ce9d9e5e301d1e67439c9530da94b1e64ee3f	7484d7b0dd80f45e18d726b04752827fe28555cc5c1af0e127948380e6688abf
semantic-proposal-v1	SC1-3e13e91bbf622b299b10b78974a69ceb727a2d290e1756fa12960cec38b1f52a	S016112	1	P01	SYMBOLS.tsv	359263	status	x86_64	include/uapi/linux/elf-em.h	operative_macro	EM_S390_OLD	66	PENDING_REVIEW	COMPLETE	COMPLETE	vendor/linux/include/uapi/linux/elf-em.h;vendor/linux/include/uapi/linux/elf-em.h:66;rewrite/configs/x86_64/frozen.config;header_closure=rewrite/metadata/header_closure.tsv;selected=PENDING_REVIEW	425f94c2954b1fe80ebdbf9b29854e89750355df	547331d1ba55a2c3c48f06cbb7788b40695ae12dc8abdea148ef3b331e8e69e3	282790f3ca3811853683c7e151a210cd8f497f95af6b464a48d1999631df7acc	0123af9e96b58af4e98b91a2de5608d36b63c67864b9041d3340587f3dbe40d2	cfa8dcf0d81c408de38d4202fe1ce9d9e5e301d1e67439c9530da94b1e64ee3f	7484d7b0dd80f45e18d726b04752827fe28555cc5c1af0e127948380e6688abf
semantic-proposal-v1	SC1-f1d5e753d4c93b49ac53388f9fe6d1a656a2ca52331c6ee14971aaac951fcc68	S016112	1	P01	SYMBOLS.tsv	359264	selection_expression	x86_64	include/uapi/linux/elf-em.h	operative_macro	EM_CYGNUS_MN10300	68	PENDING_REVIEW	SOURCE_REVIEWED_VALUE	COMPLETE	vendor/linux/include/uapi/linux/elf-em.h;vendor/linux/include/uapi/linux/elf-em.h:68;rewrite/configs/x86_64/frozen.config;header_closure=rewrite/metadata/header_closure.tsv;selected=PENDING_REVIEW	425f94c2954b1fe80ebdbf9b29854e89750355df	547331d1ba55a2c3c48f06cbb7788b40695ae12dc8abdea148ef3b331e8e69e3	282790f3ca3811853683c7e151a210cd8f497f95af6b464a48d1999631df7acc	0123af9e96b58af4e98b91a2de5608d36b63c67864b9041d3340587f3dbe40d2	cfa8dcf0d81c408de38d4202fe1ce9d9e5e301d1e67439c9530da94b1e64ee3f	7484d7b0dd80f45e18d726b04752827fe28555cc5c1af0e127948380e6688abf
semantic-proposal-v1	SC1-c380b54e3d07dd8b6c4f5b149c72952b65271af69975b765462c010448e770c9	S016112	1	P01	SYMBOLS.tsv	359264	status	x86_64	include/uapi/linux/elf-em.h	operative_macro	EM_CYGNUS_MN10300	68	PENDING_REVIEW	COMPLETE	COMPLETE	vendor/linux/include/uapi/linux/elf-em.h;vendor/linux/include/uapi/linux/elf-em.h:68;rewrite/configs/x86_64/frozen.config;header_closure=rewrite/metadata/header_closure.tsv;selected=PENDING_REVIEW	425f94c2954b1fe80ebdbf9b29854e89750355df	547331d1ba55a2c3c48f06cbb7788b40695ae12dc8abdea148ef3b331e8e69e3	282790f3ca3811853683c7e151a210cd8f497f95af6b464a48d1999631df7acc	0123af9e96b58af4e98b91a2de5608d36b63c67864b9041d3340587f3dbe40d2	cfa8dcf0d81c408de38d4202fe1ce9d9e5e301d1e67439c9530da94b1e64ee3f	7484d7b0dd80f45e18d726b04752827fe28555cc5c1af0e127948380e6688abf
