schema_version	record_key	task_id	attempt	pipeline_id	manifest	base_row	field	architecture	linux_path	record_kind	symbol_name	source_line	old_value	final_value	decision_status	source_citations	linux_sha	candidate_sha256	implementation_sha256	phase0_identity_sha256	queue_fingerprint	base_manifest_sha256
semantic-proposal-v1	SC1-e00159a0b18f77e925815cddc49ac8d57b401afbd54315aa4ccc6e59b51f6de9	S016368	3	P01	SCOPE.tsv	16369	semantic_status	common	include/uapi/linux/securebits.h	scope	S016368	0	PENDING_REVIEW	COMPLETE	COMPLETE	vendor/linux/include/uapi/linux/securebits.h;rewrite/metadata/header_closure.tsv	425f94c2954b1fe80ebdbf9b29854e89750355df	4b3c71164770b88c50ee0fdea1f9dad1ab22d149646f65e749e5ec67a0a892f7	1ea580a00189e55a7260632d9a45231fb33eb04c4131e6696d601ab956b10111	0123af9e96b58af4e98b91a2de5608d36b63c67864b9041d3340587f3dbe40d2	cfa8dcf0d81c408de38d4202fe1ce9d9e5e301d1e67439c9530da94b1e64ee3f	b83349e6731e17e5da5e04a0ea053487e8ac8d9269538dbdb367d83f77b17e0a
semantic-proposal-v1	SC1-2ffe97a1514663eb3f4d5abd65b752e432fb609ba544c1cd9a8e592ab433eca6	S016368	3	P01	SYMBOLS.tsv	403961	status	aarch64	include/uapi/linux/securebits.h	conditional	ifndef@2	2	PENDING_REVIEW	COMPLETE	COMPLETE	vendor/linux/include/uapi/linux/securebits.h;vendor/linux/include/uapi/linux/securebits.h:2;rewrite/configs/aarch64/frozen.config;header_closure=rewrite/metadata/header_closure.tsv;selected=PENDING_REVIEW	425f94c2954b1fe80ebdbf9b29854e89750355df	4b3c71164770b88c50ee0fdea1f9dad1ab22d149646f65e749e5ec67a0a892f7	1ea580a00189e55a7260632d9a45231fb33eb04c4131e6696d601ab956b10111	0123af9e96b58af4e98b91a2de5608d36b63c67864b9041d3340587f3dbe40d2	cfa8dcf0d81c408de38d4202fe1ce9d9e5e301d1e67439c9530da94b1e64ee3f	7484d7b0dd80f45e18d726b04752827fe28555cc5c1af0e127948380e6688abf
semantic-proposal-v1	SC1-b581e6fcd5f97ed12badad46341dafe4b605d35dd2ce12f2f39959edac1f1611	S016368	3	P01	SYMBOLS.tsv	403962	status	aarch64	include/uapi/linux/securebits.h	conditional	endif@83	83	PENDING_REVIEW	COMPLETE	COMPLETE	vendor/linux/include/uapi/linux/securebits.h;vendor/linux/include/uapi/linux/securebits.h:83;rewrite/configs/aarch64/frozen.config;header_closure=rewrite/metadata/header_closure.tsv;selected=PENDING_REVIEW	425f94c2954b1fe80ebdbf9b29854e89750355df	4b3c71164770b88c50ee0fdea1f9dad1ab22d149646f65e749e5ec67a0a892f7	1ea580a00189e55a7260632d9a45231fb33eb04c4131e6696d601ab956b10111	0123af9e96b58af4e98b91a2de5608d36b63c67864b9041d3340587f3dbe40d2	cfa8dcf0d81c408de38d4202fe1ce9d9e5e301d1e67439c9530da94b1e64ee3f	7484d7b0dd80f45e18d726b04752827fe28555cc5c1af0e127948380e6688abf
semantic-proposal-v1	SC1-ea961094d435ab95095321ad01fe1f3ad36887bd229867776c8ac05ab51b34b7	S016368	3	P01	SYMBOLS.tsv	403963	selection_expression	aarch64	include/uapi/linux/securebits.h	operative_macro	_UAPI_LINUX_SECUREBITS_H	3	PENDING_REVIEW	SOURCE_REVIEWED_VALUE	COMPLETE	vendor/linux/include/uapi/linux/securebits.h;vendor/linux/include/uapi/linux/securebits.h:3;rewrite/configs/aarch64/frozen.config;header_closure=rewrite/metadata/header_closure.tsv;selected=PENDING_REVIEW	425f94c2954b1fe80ebdbf9b29854e89750355df	4b3c71164770b88c50ee0fdea1f9dad1ab22d149646f65e749e5ec67a0a892f7	1ea580a00189e55a7260632d9a45231fb33eb04c4131e6696d601ab956b10111	0123af9e96b58af4e98b91a2de5608d36b63c67864b9041d3340587f3dbe40d2	cfa8dcf0d81c408de38d4202fe1ce9d9e5e301d1e67439c9530da94b1e64ee3f	7484d7b0dd80f45e18d726b04752827fe28555cc5c1af0e127948380e6688abf
semantic-proposal-v1	SC1-26ea710f0edadc4c84c782be179d553c62036b58c2dc9db9685136efc12d2d64	S016368	3	P01	SYMBOLS.tsv	403963	status	aarch64	include/uapi/linux/securebits.h	operative_macro	_UAPI_LINUX_SECUREBITS_H	3	PENDING_REVIEW	COMPLETE	COMPLETE	vendor/linux/include/uapi/linux/securebits.h;vendor/linux/include/uapi/linux/securebits.h:3;rewrite/configs/aarch64/frozen.config;header_closure=rewrite/metadata/header_closure.tsv;selected=PENDING_REVIEW	425f94c2954b1fe80ebdbf9b29854e89750355df	4b3c71164770b88c50ee0fdea1f9dad1ab22d149646f65e749e5ec67a0a892f7	1ea580a00189e55a7260632d9a45231fb33eb04c4131e6696d601ab956b10111	0123af9e96b58af4e98b91a2de5608d36b63c67864b9041d3340587f3dbe40d2	cfa8dcf0d81c408de38d4202fe1ce9d9e5e301d1e67439c9530da94b1e64ee3f	7484d7b0dd80f45e18d726b04752827fe28555cc5c1af0e127948380e6688abf
semantic-proposal-v1	SC1-92239f10b9eaa3d897af9aca79705572e5216edf5c36e59ddc9ffccf47954e8d	S016368	3	P01	SYMBOLS.tsv	403964	selection_expression	aarch64	include/uapi/linux/securebits.h	operative_macro	issecure_mask	9	PENDING_REVIEW	SOURCE_REVIEWED_VALUE	COMPLETE	vendor/linux/include/uapi/linux/securebits.h;vendor/linux/include/uapi/linux/securebits.h:9;rewrite/configs/aarch64/frozen.config;header_closure=rewrite/metadata/header_closure.tsv;selected=PENDING_REVIEW	425f94c2954b1fe80ebdbf9b29854e89750355df	4b3c71164770b88c50ee0fdea1f9dad1ab22d149646f65e749e5ec67a0a892f7	1ea580a00189e55a7260632d9a45231fb33eb04c4131e6696d601ab956b10111	0123af9e96b58af4e98b91a2de5608d36b63c67864b9041d3340587f3dbe40d2	cfa8dcf0d81c408de38d4202fe1ce9d9e5e301d1e67439c9530da94b1e64ee3f	7484d7b0dd80f45e18d726b04752827fe28555cc5c1af0e127948380e6688abf
semantic-proposal-v1	SC1-717a73bb9bd61b7dc369dc90051c18e79670c774d777270be83d1e2f538c0088	S016368	3	P01	SYMBOLS.tsv	403964	status	aarch64	include/uapi/linux/securebits.h	operative_macro	issecure_mask	9	PENDING_REVIEW	COMPLETE	COMPLETE	vendor/linux/include/uapi/linux/securebits.h;vendor/linux/include/uapi/linux/securebits.h:9;rewrite/configs/aarch64/frozen.config;header_closure=rewrite/metadata/header_closure.tsv;selected=PENDING_REVIEW	425f94c2954b1fe80ebdbf9b29854e89750355df	4b3c71164770b88c50ee0fdea1f9dad1ab22d149646f65e749e5ec67a0a892f7	1ea580a00189e55a7260632d9a45231fb33eb04c4131e6696d601ab956b10111	0123af9e96b58af4e98b91a2de5608d36b63c67864b9041d3340587f3dbe40d2	cfa8dcf0d81c408de38d4202fe1ce9d9e5e301d1e67439c9530da94b1e64ee3f	7484d7b0dd80f45e18d726b04752827fe28555cc5c1af0e127948380e6688abf
semantic-proposal-v1	SC1-d029af55d2641264ac718396b4568da78e9652243a98f2716695c3c2aaba12ce	S016368	3	P01	SYMBOLS.tsv	403965	selection_expression	aarch64	include/uapi/linux/securebits.h	operative_macro	SECUREBITS_DEFAULT	11	PENDING_REVIEW	SOURCE_REVIEWED_VALUE	COMPLETE	vendor/linux/include/uapi/linux/securebits.h;vendor/linux/include/uapi/linux/securebits.h:11;rewrite/configs/aarch64/frozen.config;header_closure=rewrite/metadata/header_closure.tsv;selected=PENDING_REVIEW	425f94c2954b1fe80ebdbf9b29854e89750355df	4b3c71164770b88c50ee0fdea1f9dad1ab22d149646f65e749e5ec67a0a892f7	1ea580a00189e55a7260632d9a45231fb33eb04c4131e6696d601ab956b10111	0123af9e96b58af4e98b91a2de5608d36b63c67864b9041d3340587f3dbe40d2	cfa8dcf0d81c408de38d4202fe1ce9d9e5e301d1e67439c9530da94b1e64ee3f	7484d7b0dd80f45e18d726b04752827fe28555cc5c1af0e127948380e6688abf
semantic-proposal-v1	SC1-d8fb90e7a6e09666ecb7d53bae730b8fe03e27b795f2681ead851ba85f40a01a	S016368	3	P01	SYMBOLS.tsv	403965	status	aarch64	include/uapi/linux/securebits.h	operative_macro	SECUREBITS_DEFAULT	11	PENDING_REVIEW	COMPLETE	COMPLETE	vendor/linux/include/uapi/linux/securebits.h;vendor/linux/include/uapi/linux/securebits.h:11;rewrite/configs/aarch64/frozen.config;header_closure=rewrite/metadata/header_closure.tsv;selected=PENDING_REVIEW	425f94c2954b1fe80ebdbf9b29854e89750355df	4b3c71164770b88c50ee0fdea1f9dad1ab22d149646f65e749e5ec67a0a892f7	1ea580a00189e55a7260632d9a45231fb33eb04c4131e6696d601ab956b10111	0123af9e96b58af4e98b91a2de5608d36b63c67864b9041d3340587f3dbe40d2	cfa8dcf0d81c408de38d4202fe1ce9d9e5e301d1e67439c9530da94b1e64ee3f	7484d7b0dd80f45e18d726b04752827fe28555cc5c1af0e127948380e6688abf
semantic-proposal-v1	SC1-6c7c1728f3c57256b4c3be2ec0d00ca65c34c1afce5042a8d57bb3f5b15898b9	S016368	3	P01	SYMBOLS.tsv	403966	selection_expression	aarch64	include/uapi/linux/securebits.h	operative_macro	SECURE_NOROOT	19	PENDING_REVIEW	SOURCE_REVIEWED_VALUE	COMPLETE	vendor/linux/include/uapi/linux/securebits.h;vendor/linux/include/uapi/linux/securebits.h:19;rewrite/configs/aarch64/frozen.config;header_closure=rewrite/metadata/header_closure.tsv;selected=PENDING_REVIEW	425f94c2954b1fe80ebdbf9b29854e89750355df	4b3c71164770b88c50ee0fdea1f9dad1ab22d149646f65e749e5ec67a0a892f7	1ea580a00189e55a7260632d9a45231fb33eb04c4131e6696d601ab956b10111	0123af9e96b58af4e98b91a2de5608d36b63c67864b9041d3340587f3dbe40d2	cfa8dcf0d81c408de38d4202fe1ce9d9e5e301d1e67439c9530da94b1e64ee3f	7484d7b0dd80f45e18d726b04752827fe28555cc5c1af0e127948380e6688abf
semantic-proposal-v1	SC1-69d9f176d41427badee67fe3103c33c4302e4c97007dea177d53c7dc35a39393	S016368	3	P01	SYMBOLS.tsv	403966	status	aarch64	include/uapi/linux/securebits.h	operative_macro	SECURE_NOROOT	19	PENDING_REVIEW	COMPLETE	COMPLETE	vendor/linux/include/uapi/linux/securebits.h;vendor/linux/include/uapi/linux/securebits.h:19;rewrite/configs/aarch64/frozen.config;header_closure=rewrite/metadata/header_closure.tsv;selected=PENDING_REVIEW	425f94c2954b1fe80ebdbf9b29854e89750355df	4b3c71164770b88c50ee0fdea1f9dad1ab22d149646f65e749e5ec67a0a892f7	1ea580a00189e55a7260632d9a45231fb33eb04c4131e6696d601ab956b10111	0123af9e96b58af4e98b91a2de5608d36b63c67864b9041d3340587f3dbe40d2	cfa8dcf0d81c408de38d4202fe1ce9d9e5e301d1e67439c9530da94b1e64ee3f	7484d7b0dd80f45e18d726b04752827fe28555cc5c1af0e127948380e6688abf
semantic-proposal-v1	SC1-e1b40d4f2aa2a1a724e42b16d976270b68ecc5195bbee5c25eeb53e55b0858f3	S016368	3	P01	SYMBOLS.tsv	403967	selection_expression	aarch64	include/uapi/linux/securebits.h	operative_macro	SECURE_NOROOT_LOCKED	20	PENDING_REVIEW	SOURCE_REVIEWED_VALUE	COMPLETE	vendor/linux/include/uapi/linux/securebits.h;vendor/linux/include/uapi/linux/securebits.h:20;rewrite/configs/aarch64/frozen.config;header_closure=rewrite/metadata/header_closure.tsv;selected=PENDING_REVIEW	425f94c2954b1fe80ebdbf9b29854e89750355df	4b3c71164770b88c50ee0fdea1f9dad1ab22d149646f65e749e5ec67a0a892f7	1ea580a00189e55a7260632d9a45231fb33eb04c4131e6696d601ab956b10111	0123af9e96b58af4e98b91a2de5608d36b63c67864b9041d3340587f3dbe40d2	cfa8dcf0d81c408de38d4202fe1ce9d9e5e301d1e67439c9530da94b1e64ee3f	7484d7b0dd80f45e18d726b04752827fe28555cc5c1af0e127948380e6688abf
semantic-proposal-v1	SC1-a9c90c45e4b6b5071c602746731abe2f7b0a5d15ca7ea4ca364fcb3efaf7bfff	S016368	3	P01	SYMBOLS.tsv	403967	status	aarch64	include/uapi/linux/securebits.h	operative_macro	SECURE_NOROOT_LOCKED	20	PENDING_REVIEW	COMPLETE	COMPLETE	vendor/linux/include/uapi/linux/securebits.h;vendor/linux/include/uapi/linux/securebits.h:20;rewrite/configs/aarch64/frozen.config;header_closure=rewrite/metadata/header_closure.tsv;selected=PENDING_REVIEW	425f94c2954b1fe80ebdbf9b29854e89750355df	4b3c71164770b88c50ee0fdea1f9dad1ab22d149646f65e749e5ec67a0a892f7	1ea580a00189e55a7260632d9a45231fb33eb04c4131e6696d601ab956b10111	0123af9e96b58af4e98b91a2de5608d36b63c67864b9041d3340587f3dbe40d2	cfa8dcf0d81c408de38d4202fe1ce9d9e5e301d1e67439c9530da94b1e64ee3f	7484d7b0dd80f45e18d726b04752827fe28555cc5c1af0e127948380e6688abf
semantic-proposal-v1	SC1-ac7d2451e8dae8c460f9b73f6b4fe6339b79a22d9670ba8f64fc55726ab032ee	S016368	3	P01	SYMBOLS.tsv	403968	selection_expression	aarch64	include/uapi/linux/securebits.h	operative_macro	SECBIT_NOROOT	22	PENDING_REVIEW	SOURCE_REVIEWED_VALUE	COMPLETE	vendor/linux/include/uapi/linux/securebits.h;vendor/linux/include/uapi/linux/securebits.h:22;rewrite/configs/aarch64/frozen.config;header_closure=rewrite/metadata/header_closure.tsv;selected=PENDING_REVIEW	425f94c2954b1fe80ebdbf9b29854e89750355df	4b3c71164770b88c50ee0fdea1f9dad1ab22d149646f65e749e5ec67a0a892f7	1ea580a00189e55a7260632d9a45231fb33eb04c4131e6696d601ab956b10111	0123af9e96b58af4e98b91a2de5608d36b63c67864b9041d3340587f3dbe40d2	cfa8dcf0d81c408de38d4202fe1ce9d9e5e301d1e67439c9530da94b1e64ee3f	7484d7b0dd80f45e18d726b04752827fe28555cc5c1af0e127948380e6688abf
semantic-proposal-v1	SC1-5c0f36c5cc4f2eaf4ac1556d060197966f3fadd44a8391aef782f7deee490139	S016368	3	P01	SYMBOLS.tsv	403968	status	aarch64	include/uapi/linux/securebits.h	operative_macro	SECBIT_NOROOT	22	PENDING_REVIEW	COMPLETE	COMPLETE	vendor/linux/include/uapi/linux/securebits.h;vendor/linux/include/uapi/linux/securebits.h:22;rewrite/configs/aarch64/frozen.config;header_closure=rewrite/metadata/header_closure.tsv;selected=PENDING_REVIEW	425f94c2954b1fe80ebdbf9b29854e89750355df	4b3c71164770b88c50ee0fdea1f9dad1ab22d149646f65e749e5ec67a0a892f7	1ea580a00189e55a7260632d9a45231fb33eb04c4131e6696d601ab956b10111	0123af9e96b58af4e98b91a2de5608d36b63c67864b9041d3340587f3dbe40d2	cfa8dcf0d81c408de38d4202fe1ce9d9e5e301d1e67439c9530da94b1e64ee3f	7484d7b0dd80f45e18d726b04752827fe28555cc5c1af0e127948380e6688abf
semantic-proposal-v1	SC1-3dff7ab2bb9728dd5f393dc75bb0e9f25838762a25d62cb34e27f4985d4155ea	S016368	3	P01	SYMBOLS.tsv	403969	selection_expression	aarch64	include/uapi/linux/securebits.h	operative_macro	SECBIT_NOROOT_LOCKED	23	PENDING_REVIEW	SOURCE_REVIEWED_VALUE	COMPLETE	vendor/linux/include/uapi/linux/securebits.h;vendor/linux/include/uapi/linux/securebits.h:23;rewrite/configs/aarch64/frozen.config;header_closure=rewrite/metadata/header_closure.tsv;selected=PENDING_REVIEW	425f94c2954b1fe80ebdbf9b29854e89750355df	4b3c71164770b88c50ee0fdea1f9dad1ab22d149646f65e749e5ec67a0a892f7	1ea580a00189e55a7260632d9a45231fb33eb04c4131e6696d601ab956b10111	0123af9e96b58af4e98b91a2de5608d36b63c67864b9041d3340587f3dbe40d2	cfa8dcf0d81c408de38d4202fe1ce9d9e5e301d1e67439c9530da94b1e64ee3f	7484d7b0dd80f45e18d726b04752827fe28555cc5c1af0e127948380e6688abf
semantic-proposal-v1	SC1-c0ba13b589a012d10d48a4c9d3e8c093e03f04d719bafddee9ea73d28a1e7599	S016368	3	P01	SYMBOLS.tsv	403969	status	aarch64	include/uapi/linux/securebits.h	operative_macro	SECBIT_NOROOT_LOCKED	23	PENDING_REVIEW	COMPLETE	COMPLETE	vendor/linux/include/uapi/linux/securebits.h;vendor/linux/include/uapi/linux/securebits.h:23;rewrite/configs/aarch64/frozen.config;header_closure=rewrite/metadata/header_closure.tsv;selected=PENDING_REVIEW	425f94c2954b1fe80ebdbf9b29854e89750355df	4b3c71164770b88c50ee0fdea1f9dad1ab22d149646f65e749e5ec67a0a892f7	1ea580a00189e55a7260632d9a45231fb33eb04c4131e6696d601ab956b10111	0123af9e96b58af4e98b91a2de5608d36b63c67864b9041d3340587f3dbe40d2	cfa8dcf0d81c408de38d4202fe1ce9d9e5e301d1e67439c9530da94b1e64ee3f	7484d7b0dd80f45e18d726b04752827fe28555cc5c1af0e127948380e6688abf
semantic-proposal-v1	SC1-3d8af577fc8e60b6fa353341c8e7d5ba82de803ae4917421267faa747349565c	S016368	3	P01	SYMBOLS.tsv	403970	selection_expression	aarch64	include/uapi/linux/securebits.h	operative_macro	SECURE_NO_SETUID_FIXUP	29	PENDING_REVIEW	SOURCE_REVIEWED_VALUE	COMPLETE	vendor/linux/include/uapi/linux/securebits.h;vendor/linux/include/uapi/linux/securebits.h:29;rewrite/configs/aarch64/frozen.config;header_closure=rewrite/metadata/header_closure.tsv;selected=PENDING_REVIEW	425f94c2954b1fe80ebdbf9b29854e89750355df	4b3c71164770b88c50ee0fdea1f9dad1ab22d149646f65e749e5ec67a0a892f7	1ea580a00189e55a7260632d9a45231fb33eb04c4131e6696d601ab956b10111	0123af9e96b58af4e98b91a2de5608d36b63c67864b9041d3340587f3dbe40d2	cfa8dcf0d81c408de38d4202fe1ce9d9e5e301d1e67439c9530da94b1e64ee3f	7484d7b0dd80f45e18d726b04752827fe28555cc5c1af0e127948380e6688abf
semantic-proposal-v1	SC1-36cf601705a658b17e54b82f7db5948b5cd6f1f6b87a41f2e3cb039dc08b75e6	S016368	3	P01	SYMBOLS.tsv	403970	status	aarch64	include/uapi/linux/securebits.h	operative_macro	SECURE_NO_SETUID_FIXUP	29	PENDING_REVIEW	COMPLETE	COMPLETE	vendor/linux/include/uapi/linux/securebits.h;vendor/linux/include/uapi/linux/securebits.h:29;rewrite/configs/aarch64/frozen.config;header_closure=rewrite/metadata/header_closure.tsv;selected=PENDING_REVIEW	425f94c2954b1fe80ebdbf9b29854e89750355df	4b3c71164770b88c50ee0fdea1f9dad1ab22d149646f65e749e5ec67a0a892f7	1ea580a00189e55a7260632d9a45231fb33eb04c4131e6696d601ab956b10111	0123af9e96b58af4e98b91a2de5608d36b63c67864b9041d3340587f3dbe40d2	cfa8dcf0d81c408de38d4202fe1ce9d9e5e301d1e67439c9530da94b1e64ee3f	7484d7b0dd80f45e18d726b04752827fe28555cc5c1af0e127948380e6688abf
semantic-proposal-v1	SC1-f4dc355e7cc9ce1cb1cbb775492a5a5f1270de56be5684b47753d63359649c99	S016368	3	P01	SYMBOLS.tsv	403971	selection_expression	aarch64	include/uapi/linux/securebits.h	operative_macro	SECURE_NO_SETUID_FIXUP_LOCKED	30	PENDING_REVIEW	SOURCE_REVIEWED_VALUE	COMPLETE	vendor/linux/include/uapi/linux/securebits.h;vendor/linux/include/uapi/linux/securebits.h:30;rewrite/configs/aarch64/frozen.config;header_closure=rewrite/metadata/header_closure.tsv;selected=PENDING_REVIEW	425f94c2954b1fe80ebdbf9b29854e89750355df	4b3c71164770b88c50ee0fdea1f9dad1ab22d149646f65e749e5ec67a0a892f7	1ea580a00189e55a7260632d9a45231fb33eb04c4131e6696d601ab956b10111	0123af9e96b58af4e98b91a2de5608d36b63c67864b9041d3340587f3dbe40d2	cfa8dcf0d81c408de38d4202fe1ce9d9e5e301d1e67439c9530da94b1e64ee3f	7484d7b0dd80f45e18d726b04752827fe28555cc5c1af0e127948380e6688abf
semantic-proposal-v1	SC1-fbce5682e7eb77aabdb5f948e058aa5b3e5217e76c6126e61683e11f4e422e86	S016368	3	P01	SYMBOLS.tsv	403971	status	aarch64	include/uapi/linux/securebits.h	operative_macro	SECURE_NO_SETUID_FIXUP_LOCKED	30	PENDING_REVIEW	COMPLETE	COMPLETE	vendor/linux/include/uapi/linux/securebits.h;vendor/linux/include/uapi/linux/securebits.h:30;rewrite/configs/aarch64/frozen.config;header_closure=rewrite/metadata/header_closure.tsv;selected=PENDING_REVIEW	425f94c2954b1fe80ebdbf9b29854e89750355df	4b3c71164770b88c50ee0fdea1f9dad1ab22d149646f65e749e5ec67a0a892f7	1ea580a00189e55a7260632d9a45231fb33eb04c4131e6696d601ab956b10111	0123af9e96b58af4e98b91a2de5608d36b63c67864b9041d3340587f3dbe40d2	cfa8dcf0d81c408de38d4202fe1ce9d9e5e301d1e67439c9530da94b1e64ee3f	7484d7b0dd80f45e18d726b04752827fe28555cc5c1af0e127948380e6688abf
semantic-proposal-v1	SC1-b818ecc69c0efcbd530d67f7eb88f40da6bc4991adacb003958d16a31dca1ba8	S016368	3	P01	SYMBOLS.tsv	403972	selection_expression	aarch64	include/uapi/linux/securebits.h	operative_macro	SECBIT_NO_SETUID_FIXUP	32	PENDING_REVIEW	SOURCE_REVIEWED_VALUE	COMPLETE	vendor/linux/include/uapi/linux/securebits.h;vendor/linux/include/uapi/linux/securebits.h:32;rewrite/configs/aarch64/frozen.config;header_closure=rewrite/metadata/header_closure.tsv;selected=PENDING_REVIEW	425f94c2954b1fe80ebdbf9b29854e89750355df	4b3c71164770b88c50ee0fdea1f9dad1ab22d149646f65e749e5ec67a0a892f7	1ea580a00189e55a7260632d9a45231fb33eb04c4131e6696d601ab956b10111	0123af9e96b58af4e98b91a2de5608d36b63c67864b9041d3340587f3dbe40d2	cfa8dcf0d81c408de38d4202fe1ce9d9e5e301d1e67439c9530da94b1e64ee3f	7484d7b0dd80f45e18d726b04752827fe28555cc5c1af0e127948380e6688abf
semantic-proposal-v1	SC1-d32f64424627b5834cd3084f32d75b69304212d8240b5fbd0822eb4e89cd0743	S016368	3	P01	SYMBOLS.tsv	403972	status	aarch64	include/uapi/linux/securebits.h	operative_macro	SECBIT_NO_SETUID_FIXUP	32	PENDING_REVIEW	COMPLETE	COMPLETE	vendor/linux/include/uapi/linux/securebits.h;vendor/linux/include/uapi/linux/securebits.h:32;rewrite/configs/aarch64/frozen.config;header_closure=rewrite/metadata/header_closure.tsv;selected=PENDING_REVIEW	425f94c2954b1fe80ebdbf9b29854e89750355df	4b3c71164770b88c50ee0fdea1f9dad1ab22d149646f65e749e5ec67a0a892f7	1ea580a00189e55a7260632d9a45231fb33eb04c4131e6696d601ab956b10111	0123af9e96b58af4e98b91a2de5608d36b63c67864b9041d3340587f3dbe40d2	cfa8dcf0d81c408de38d4202fe1ce9d9e5e301d1e67439c9530da94b1e64ee3f	7484d7b0dd80f45e18d726b04752827fe28555cc5c1af0e127948380e6688abf
semantic-proposal-v1	SC1-a3ae912b3f4ddd6fe0718ca59d773469ceedf061340208e68d7bd8e9febe4c99	S016368	3	P01	SYMBOLS.tsv	403973	selection_expression	aarch64	include/uapi/linux/securebits.h	operative_macro	SECBIT_NO_SETUID_FIXUP_LOCKED	33	PENDING_REVIEW	SOURCE_REVIEWED_VALUE	COMPLETE	vendor/linux/include/uapi/linux/securebits.h;vendor/linux/include/uapi/linux/securebits.h:33;rewrite/configs/aarch64/frozen.config;header_closure=rewrite/metadata/header_closure.tsv;selected=PENDING_REVIEW	425f94c2954b1fe80ebdbf9b29854e89750355df	4b3c71164770b88c50ee0fdea1f9dad1ab22d149646f65e749e5ec67a0a892f7	1ea580a00189e55a7260632d9a45231fb33eb04c4131e6696d601ab956b10111	0123af9e96b58af4e98b91a2de5608d36b63c67864b9041d3340587f3dbe40d2	cfa8dcf0d81c408de38d4202fe1ce9d9e5e301d1e67439c9530da94b1e64ee3f	7484d7b0dd80f45e18d726b04752827fe28555cc5c1af0e127948380e6688abf
semantic-proposal-v1	SC1-517ad9e56a9a4e17d10f76969cd67c1bdf03112f74b9234d3c03cab7cfccf9c5	S016368	3	P01	SYMBOLS.tsv	403973	status	aarch64	include/uapi/linux/securebits.h	operative_macro	SECBIT_NO_SETUID_FIXUP_LOCKED	33	PENDING_REVIEW	COMPLETE	COMPLETE	vendor/linux/include/uapi/linux/securebits.h;vendor/linux/include/uapi/linux/securebits.h:33;rewrite/configs/aarch64/frozen.config;header_closure=rewrite/metadata/header_closure.tsv;selected=PENDING_REVIEW	425f94c2954b1fe80ebdbf9b29854e89750355df	4b3c71164770b88c50ee0fdea1f9dad1ab22d149646f65e749e5ec67a0a892f7	1ea580a00189e55a7260632d9a45231fb33eb04c4131e6696d601ab956b10111	0123af9e96b58af4e98b91a2de5608d36b63c67864b9041d3340587f3dbe40d2	cfa8dcf0d81c408de38d4202fe1ce9d9e5e301d1e67439c9530da94b1e64ee3f	7484d7b0dd80f45e18d726b04752827fe28555cc5c1af0e127948380e6688abf
semantic-proposal-v1	SC1-ab9fd746f45b5a4c8ad747906abbea0f4027b9a35ec88ac8630b16c5c9966db6	S016368	3	P01	SYMBOLS.tsv	403974	selection_expression	aarch64	include/uapi/linux/securebits.h	operative_macro	SECURE_KEEP_CAPS	41	PENDING_REVIEW	SOURCE_REVIEWED_VALUE	COMPLETE	vendor/linux/include/uapi/linux/securebits.h;vendor/linux/include/uapi/linux/securebits.h:41;rewrite/configs/aarch64/frozen.config;header_closure=rewrite/metadata/header_closure.tsv;selected=PENDING_REVIEW	425f94c2954b1fe80ebdbf9b29854e89750355df	4b3c71164770b88c50ee0fdea1f9dad1ab22d149646f65e749e5ec67a0a892f7	1ea580a00189e55a7260632d9a45231fb33eb04c4131e6696d601ab956b10111	0123af9e96b58af4e98b91a2de5608d36b63c67864b9041d3340587f3dbe40d2	cfa8dcf0d81c408de38d4202fe1ce9d9e5e301d1e67439c9530da94b1e64ee3f	7484d7b0dd80f45e18d726b04752827fe28555cc5c1af0e127948380e6688abf
semantic-proposal-v1	SC1-91e23e24c5bfd18c06694a6990e13438360f08de217ab8e18fa3e5d7eb96bcae	S016368	3	P01	SYMBOLS.tsv	403974	status	aarch64	include/uapi/linux/securebits.h	operative_macro	SECURE_KEEP_CAPS	41	PENDING_REVIEW	COMPLETE	COMPLETE	vendor/linux/include/uapi/linux/securebits.h;vendor/linux/include/uapi/linux/securebits.h:41;rewrite/configs/aarch64/frozen.config;header_closure=rewrite/metadata/header_closure.tsv;selected=PENDING_REVIEW	425f94c2954b1fe80ebdbf9b29854e89750355df	4b3c71164770b88c50ee0fdea1f9dad1ab22d149646f65e749e5ec67a0a892f7	1ea580a00189e55a7260632d9a45231fb33eb04c4131e6696d601ab956b10111	0123af9e96b58af4e98b91a2de5608d36b63c67864b9041d3340587f3dbe40d2	cfa8dcf0d81c408de38d4202fe1ce9d9e5e301d1e67439c9530da94b1e64ee3f	7484d7b0dd80f45e18d726b04752827fe28555cc5c1af0e127948380e6688abf
semantic-proposal-v1	SC1-0179f8c4fac2e95f1bda9dcb0007d7d773fa960cd57a8d0d65de8eeb02638cee	S016368	3	P01	SYMBOLS.tsv	403975	selection_expression	aarch64	include/uapi/linux/securebits.h	operative_macro	SECURE_KEEP_CAPS_LOCKED	42	PENDING_REVIEW	SOURCE_REVIEWED_VALUE	COMPLETE	vendor/linux/include/uapi/linux/securebits.h;vendor/linux/include/uapi/linux/securebits.h:42;rewrite/configs/aarch64/frozen.config;header_closure=rewrite/metadata/header_closure.tsv;selected=PENDING_REVIEW	425f94c2954b1fe80ebdbf9b29854e89750355df	4b3c71164770b88c50ee0fdea1f9dad1ab22d149646f65e749e5ec67a0a892f7	1ea580a00189e55a7260632d9a45231fb33eb04c4131e6696d601ab956b10111	0123af9e96b58af4e98b91a2de5608d36b63c67864b9041d3340587f3dbe40d2	cfa8dcf0d81c408de38d4202fe1ce9d9e5e301d1e67439c9530da94b1e64ee3f	7484d7b0dd80f45e18d726b04752827fe28555cc5c1af0e127948380e6688abf
semantic-proposal-v1	SC1-5c4e0d7f298330031b12ff644e3cf377f02f0f2db098cbf51355f310cd905689	S016368	3	P01	SYMBOLS.tsv	403975	status	aarch64	include/uapi/linux/securebits.h	operative_macro	SECURE_KEEP_CAPS_LOCKED	42	PENDING_REVIEW	COMPLETE	COMPLETE	vendor/linux/include/uapi/linux/securebits.h;vendor/linux/include/uapi/linux/securebits.h:42;rewrite/configs/aarch64/frozen.config;header_closure=rewrite/metadata/header_closure.tsv;selected=PENDING_REVIEW	425f94c2954b1fe80ebdbf9b29854e89750355df	4b3c71164770b88c50ee0fdea1f9dad1ab22d149646f65e749e5ec67a0a892f7	1ea580a00189e55a7260632d9a45231fb33eb04c4131e6696d601ab956b10111	0123af9e96b58af4e98b91a2de5608d36b63c67864b9041d3340587f3dbe40d2	cfa8dcf0d81c408de38d4202fe1ce9d9e5e301d1e67439c9530da94b1e64ee3f	7484d7b0dd80f45e18d726b04752827fe28555cc5c1af0e127948380e6688abf
semantic-proposal-v1	SC1-1869be92ead44604713365d0863f026a7f2792c58a02d6f79ac9cc5ea27434d7	S016368	3	P01	SYMBOLS.tsv	403976	selection_expression	aarch64	include/uapi/linux/securebits.h	operative_macro	SECBIT_KEEP_CAPS	44	PENDING_REVIEW	SOURCE_REVIEWED_VALUE	COMPLETE	vendor/linux/include/uapi/linux/securebits.h;vendor/linux/include/uapi/linux/securebits.h:44;rewrite/configs/aarch64/frozen.config;header_closure=rewrite/metadata/header_closure.tsv;selected=PENDING_REVIEW	425f94c2954b1fe80ebdbf9b29854e89750355df	4b3c71164770b88c50ee0fdea1f9dad1ab22d149646f65e749e5ec67a0a892f7	1ea580a00189e55a7260632d9a45231fb33eb04c4131e6696d601ab956b10111	0123af9e96b58af4e98b91a2de5608d36b63c67864b9041d3340587f3dbe40d2	cfa8dcf0d81c408de38d4202fe1ce9d9e5e301d1e67439c9530da94b1e64ee3f	7484d7b0dd80f45e18d726b04752827fe28555cc5c1af0e127948380e6688abf
semantic-proposal-v1	SC1-9ccb19b1b9131e2734e60180a687cdb94df9887a4e61be4340dacc4c9a81f8aa	S016368	3	P01	SYMBOLS.tsv	403976	status	aarch64	include/uapi/linux/securebits.h	operative_macro	SECBIT_KEEP_CAPS	44	PENDING_REVIEW	COMPLETE	COMPLETE	vendor/linux/include/uapi/linux/securebits.h;vendor/linux/include/uapi/linux/securebits.h:44;rewrite/configs/aarch64/frozen.config;header_closure=rewrite/metadata/header_closure.tsv;selected=PENDING_REVIEW	425f94c2954b1fe80ebdbf9b29854e89750355df	4b3c71164770b88c50ee0fdea1f9dad1ab22d149646f65e749e5ec67a0a892f7	1ea580a00189e55a7260632d9a45231fb33eb04c4131e6696d601ab956b10111	0123af9e96b58af4e98b91a2de5608d36b63c67864b9041d3340587f3dbe40d2	cfa8dcf0d81c408de38d4202fe1ce9d9e5e301d1e67439c9530da94b1e64ee3f	7484d7b0dd80f45e18d726b04752827fe28555cc5c1af0e127948380e6688abf
semantic-proposal-v1	SC1-7fa85146be93d00125528515c5afeb79ce517136e6e43b6f5bd62f1bbc866cb2	S016368	3	P01	SYMBOLS.tsv	403977	selection_expression	aarch64	include/uapi/linux/securebits.h	operative_macro	SECBIT_KEEP_CAPS_LOCKED	45	PENDING_REVIEW	SOURCE_REVIEWED_VALUE	COMPLETE	vendor/linux/include/uapi/linux/securebits.h;vendor/linux/include/uapi/linux/securebits.h:45;rewrite/configs/aarch64/frozen.config;header_closure=rewrite/metadata/header_closure.tsv;selected=PENDING_REVIEW	425f94c2954b1fe80ebdbf9b29854e89750355df	4b3c71164770b88c50ee0fdea1f9dad1ab22d149646f65e749e5ec67a0a892f7	1ea580a00189e55a7260632d9a45231fb33eb04c4131e6696d601ab956b10111	0123af9e96b58af4e98b91a2de5608d36b63c67864b9041d3340587f3dbe40d2	cfa8dcf0d81c408de38d4202fe1ce9d9e5e301d1e67439c9530da94b1e64ee3f	7484d7b0dd80f45e18d726b04752827fe28555cc5c1af0e127948380e6688abf
semantic-proposal-v1	SC1-91f7af6ac8af57e6bc6c47dde1a268b79695f5cb9a8b7d3961e46d53570116e3	S016368	3	P01	SYMBOLS.tsv	403977	status	aarch64	include/uapi/linux/securebits.h	operative_macro	SECBIT_KEEP_CAPS_LOCKED	45	PENDING_REVIEW	COMPLETE	COMPLETE	vendor/linux/include/uapi/linux/securebits.h;vendor/linux/include/uapi/linux/securebits.h:45;rewrite/configs/aarch64/frozen.config;header_closure=rewrite/metadata/header_closure.tsv;selected=PENDING_REVIEW	425f94c2954b1fe80ebdbf9b29854e89750355df	4b3c71164770b88c50ee0fdea1f9dad1ab22d149646f65e749e5ec67a0a892f7	1ea580a00189e55a7260632d9a45231fb33eb04c4131e6696d601ab956b10111	0123af9e96b58af4e98b91a2de5608d36b63c67864b9041d3340587f3dbe40d2	cfa8dcf0d81c408de38d4202fe1ce9d9e5e301d1e67439c9530da94b1e64ee3f	7484d7b0dd80f45e18d726b04752827fe28555cc5c1af0e127948380e6688abf
semantic-proposal-v1	SC1-0aa64cb855a7e31322b59ecfcfc8979cfcfb938274a6851545bab04207621fb7	S016368	3	P01	SYMBOLS.tsv	403978	selection_expression	aarch64	include/uapi/linux/securebits.h	operative_macro	SECURE_NO_CAP_AMBIENT_RAISE	48	PENDING_REVIEW	SOURCE_REVIEWED_VALUE	COMPLETE	vendor/linux/include/uapi/linux/securebits.h;vendor/linux/include/uapi/linux/securebits.h:48;rewrite/configs/aarch64/frozen.config;header_closure=rewrite/metadata/header_closure.tsv;selected=PENDING_REVIEW	425f94c2954b1fe80ebdbf9b29854e89750355df	4b3c71164770b88c50ee0fdea1f9dad1ab22d149646f65e749e5ec67a0a892f7	1ea580a00189e55a7260632d9a45231fb33eb04c4131e6696d601ab956b10111	0123af9e96b58af4e98b91a2de5608d36b63c67864b9041d3340587f3dbe40d2	cfa8dcf0d81c408de38d4202fe1ce9d9e5e301d1e67439c9530da94b1e64ee3f	7484d7b0dd80f45e18d726b04752827fe28555cc5c1af0e127948380e6688abf
semantic-proposal-v1	SC1-a1c4f8a30acc8a42bfc8c36e1a26033948fddfefb3e12460619f730fde55d3d6	S016368	3	P01	SYMBOLS.tsv	403978	status	aarch64	include/uapi/linux/securebits.h	operative_macro	SECURE_NO_CAP_AMBIENT_RAISE	48	PENDING_REVIEW	COMPLETE	COMPLETE	vendor/linux/include/uapi/linux/securebits.h;vendor/linux/include/uapi/linux/securebits.h:48;rewrite/configs/aarch64/frozen.config;header_closure=rewrite/metadata/header_closure.tsv;selected=PENDING_REVIEW	425f94c2954b1fe80ebdbf9b29854e89750355df	4b3c71164770b88c50ee0fdea1f9dad1ab22d149646f65e749e5ec67a0a892f7	1ea580a00189e55a7260632d9a45231fb33eb04c4131e6696d601ab956b10111	0123af9e96b58af4e98b91a2de5608d36b63c67864b9041d3340587f3dbe40d2	cfa8dcf0d81c408de38d4202fe1ce9d9e5e301d1e67439c9530da94b1e64ee3f	7484d7b0dd80f45e18d726b04752827fe28555cc5c1af0e127948380e6688abf
semantic-proposal-v1	SC1-0ec9f37658eadd69be5633fbdc64cc79a642280bc88a9009d5f32428d7bb8afe	S016368	3	P01	SYMBOLS.tsv	403979	selection_expression	aarch64	include/uapi/linux/securebits.h	operative_macro	SECURE_NO_CAP_AMBIENT_RAISE_LOCKED	49	PENDING_REVIEW	SOURCE_REVIEWED_VALUE	COMPLETE	vendor/linux/include/uapi/linux/securebits.h;vendor/linux/include/uapi/linux/securebits.h:49;rewrite/configs/aarch64/frozen.config;header_closure=rewrite/metadata/header_closure.tsv;selected=PENDING_REVIEW	425f94c2954b1fe80ebdbf9b29854e89750355df	4b3c71164770b88c50ee0fdea1f9dad1ab22d149646f65e749e5ec67a0a892f7	1ea580a00189e55a7260632d9a45231fb33eb04c4131e6696d601ab956b10111	0123af9e96b58af4e98b91a2de5608d36b63c67864b9041d3340587f3dbe40d2	cfa8dcf0d81c408de38d4202fe1ce9d9e5e301d1e67439c9530da94b1e64ee3f	7484d7b0dd80f45e18d726b04752827fe28555cc5c1af0e127948380e6688abf
semantic-proposal-v1	SC1-da95d68d6af2544d4ccd04c6d4e18852717d2b720f3216c4f9c44e23a82b1ddb	S016368	3	P01	SYMBOLS.tsv	403979	status	aarch64	include/uapi/linux/securebits.h	operative_macro	SECURE_NO_CAP_AMBIENT_RAISE_LOCKED	49	PENDING_REVIEW	COMPLETE	COMPLETE	vendor/linux/include/uapi/linux/securebits.h;vendor/linux/include/uapi/linux/securebits.h:49;rewrite/configs/aarch64/frozen.config;header_closure=rewrite/metadata/header_closure.tsv;selected=PENDING_REVIEW	425f94c2954b1fe80ebdbf9b29854e89750355df	4b3c71164770b88c50ee0fdea1f9dad1ab22d149646f65e749e5ec67a0a892f7	1ea580a00189e55a7260632d9a45231fb33eb04c4131e6696d601ab956b10111	0123af9e96b58af4e98b91a2de5608d36b63c67864b9041d3340587f3dbe40d2	cfa8dcf0d81c408de38d4202fe1ce9d9e5e301d1e67439c9530da94b1e64ee3f	7484d7b0dd80f45e18d726b04752827fe28555cc5c1af0e127948380e6688abf
semantic-proposal-v1	SC1-897b458bff8b7ae962120acc39e9b915a4cc66e2980648c0bf65042ab54b9af6	S016368	3	P01	SYMBOLS.tsv	403980	selection_expression	aarch64	include/uapi/linux/securebits.h	operative_macro	SECBIT_NO_CAP_AMBIENT_RAISE	51	PENDING_REVIEW	SOURCE_REVIEWED_VALUE	COMPLETE	vendor/linux/include/uapi/linux/securebits.h;vendor/linux/include/uapi/linux/securebits.h:51;rewrite/configs/aarch64/frozen.config;header_closure=rewrite/metadata/header_closure.tsv;selected=PENDING_REVIEW	425f94c2954b1fe80ebdbf9b29854e89750355df	4b3c71164770b88c50ee0fdea1f9dad1ab22d149646f65e749e5ec67a0a892f7	1ea580a00189e55a7260632d9a45231fb33eb04c4131e6696d601ab956b10111	0123af9e96b58af4e98b91a2de5608d36b63c67864b9041d3340587f3dbe40d2	cfa8dcf0d81c408de38d4202fe1ce9d9e5e301d1e67439c9530da94b1e64ee3f	7484d7b0dd80f45e18d726b04752827fe28555cc5c1af0e127948380e6688abf
semantic-proposal-v1	SC1-1b86b017bbbf8e896f4b9833e5ab4be31e38a9bf1262c783f584a0acf9941b4c	S016368	3	P01	SYMBOLS.tsv	403980	status	aarch64	include/uapi/linux/securebits.h	operative_macro	SECBIT_NO_CAP_AMBIENT_RAISE	51	PENDING_REVIEW	COMPLETE	COMPLETE	vendor/linux/include/uapi/linux/securebits.h;vendor/linux/include/uapi/linux/securebits.h:51;rewrite/configs/aarch64/frozen.config;header_closure=rewrite/metadata/header_closure.tsv;selected=PENDING_REVIEW	425f94c2954b1fe80ebdbf9b29854e89750355df	4b3c71164770b88c50ee0fdea1f9dad1ab22d149646f65e749e5ec67a0a892f7	1ea580a00189e55a7260632d9a45231fb33eb04c4131e6696d601ab956b10111	0123af9e96b58af4e98b91a2de5608d36b63c67864b9041d3340587f3dbe40d2	cfa8dcf0d81c408de38d4202fe1ce9d9e5e301d1e67439c9530da94b1e64ee3f	7484d7b0dd80f45e18d726b04752827fe28555cc5c1af0e127948380e6688abf
semantic-proposal-v1	SC1-cb2e03769b0b14df0feb54137c520fd0e5c16f0747aba272e5b75054ba2abe54	S016368	3	P01	SYMBOLS.tsv	403981	selection_expression	aarch64	include/uapi/linux/securebits.h	operative_macro	SECBIT_NO_CAP_AMBIENT_RAISE_LOCKED	52	PENDING_REVIEW	SOURCE_REVIEWED_VALUE	COMPLETE	vendor/linux/include/uapi/linux/securebits.h;vendor/linux/include/uapi/linux/securebits.h:52;rewrite/configs/aarch64/frozen.config;header_closure=rewrite/metadata/header_closure.tsv;selected=PENDING_REVIEW	425f94c2954b1fe80ebdbf9b29854e89750355df	4b3c71164770b88c50ee0fdea1f9dad1ab22d149646f65e749e5ec67a0a892f7	1ea580a00189e55a7260632d9a45231fb33eb04c4131e6696d601ab956b10111	0123af9e96b58af4e98b91a2de5608d36b63c67864b9041d3340587f3dbe40d2	cfa8dcf0d81c408de38d4202fe1ce9d9e5e301d1e67439c9530da94b1e64ee3f	7484d7b0dd80f45e18d726b04752827fe28555cc5c1af0e127948380e6688abf
semantic-proposal-v1	SC1-0d2acc20eb40d0015a895c5285c94b45c2d53cfb723ca867582db6fa75b1d68f	S016368	3	P01	SYMBOLS.tsv	403981	status	aarch64	include/uapi/linux/securebits.h	operative_macro	SECBIT_NO_CAP_AMBIENT_RAISE_LOCKED	52	PENDING_REVIEW	COMPLETE	COMPLETE	vendor/linux/include/uapi/linux/securebits.h;vendor/linux/include/uapi/linux/securebits.h:52;rewrite/configs/aarch64/frozen.config;header_closure=rewrite/metadata/header_closure.tsv;selected=PENDING_REVIEW	425f94c2954b1fe80ebdbf9b29854e89750355df	4b3c71164770b88c50ee0fdea1f9dad1ab22d149646f65e749e5ec67a0a892f7	1ea580a00189e55a7260632d9a45231fb33eb04c4131e6696d601ab956b10111	0123af9e96b58af4e98b91a2de5608d36b63c67864b9041d3340587f3dbe40d2	cfa8dcf0d81c408de38d4202fe1ce9d9e5e301d1e67439c9530da94b1e64ee3f	7484d7b0dd80f45e18d726b04752827fe28555cc5c1af0e127948380e6688abf
semantic-proposal-v1	SC1-a0d9399671520e36b46532c7000289312f17e07af247711fd649dc6d4c291e58	S016368	3	P01	SYMBOLS.tsv	403982	selection_expression	aarch64	include/uapi/linux/securebits.h	operative_macro	SECURE_EXEC_RESTRICT_FILE	56	PENDING_REVIEW	SOURCE_REVIEWED_VALUE	COMPLETE	vendor/linux/include/uapi/linux/securebits.h;vendor/linux/include/uapi/linux/securebits.h:56;rewrite/configs/aarch64/frozen.config;header_closure=rewrite/metadata/header_closure.tsv;selected=PENDING_REVIEW	425f94c2954b1fe80ebdbf9b29854e89750355df	4b3c71164770b88c50ee0fdea1f9dad1ab22d149646f65e749e5ec67a0a892f7	1ea580a00189e55a7260632d9a45231fb33eb04c4131e6696d601ab956b10111	0123af9e96b58af4e98b91a2de5608d36b63c67864b9041d3340587f3dbe40d2	cfa8dcf0d81c408de38d4202fe1ce9d9e5e301d1e67439c9530da94b1e64ee3f	7484d7b0dd80f45e18d726b04752827fe28555cc5c1af0e127948380e6688abf
semantic-proposal-v1	SC1-8dd62c54f046ac42f749d66032c5ff3771b7fd8fa6bd996f6dceab0268114211	S016368	3	P01	SYMBOLS.tsv	403982	status	aarch64	include/uapi/linux/securebits.h	operative_macro	SECURE_EXEC_RESTRICT_FILE	56	PENDING_REVIEW	COMPLETE	COMPLETE	vendor/linux/include/uapi/linux/securebits.h;vendor/linux/include/uapi/linux/securebits.h:56;rewrite/configs/aarch64/frozen.config;header_closure=rewrite/metadata/header_closure.tsv;selected=PENDING_REVIEW	425f94c2954b1fe80ebdbf9b29854e89750355df	4b3c71164770b88c50ee0fdea1f9dad1ab22d149646f65e749e5ec67a0a892f7	1ea580a00189e55a7260632d9a45231fb33eb04c4131e6696d601ab956b10111	0123af9e96b58af4e98b91a2de5608d36b63c67864b9041d3340587f3dbe40d2	cfa8dcf0d81c408de38d4202fe1ce9d9e5e301d1e67439c9530da94b1e64ee3f	7484d7b0dd80f45e18d726b04752827fe28555cc5c1af0e127948380e6688abf
semantic-proposal-v1	SC1-154b2ce3e3801d996e17ec1d7f67763c37354497d8f192a749debef1a571eca7	S016368	3	P01	SYMBOLS.tsv	403983	selection_expression	aarch64	include/uapi/linux/securebits.h	operative_macro	SECURE_EXEC_RESTRICT_FILE_LOCKED	57	PENDING_REVIEW	SOURCE_REVIEWED_VALUE	COMPLETE	vendor/linux/include/uapi/linux/securebits.h;vendor/linux/include/uapi/linux/securebits.h:57;rewrite/configs/aarch64/frozen.config;header_closure=rewrite/metadata/header_closure.tsv;selected=PENDING_REVIEW	425f94c2954b1fe80ebdbf9b29854e89750355df	4b3c71164770b88c50ee0fdea1f9dad1ab22d149646f65e749e5ec67a0a892f7	1ea580a00189e55a7260632d9a45231fb33eb04c4131e6696d601ab956b10111	0123af9e96b58af4e98b91a2de5608d36b63c67864b9041d3340587f3dbe40d2	cfa8dcf0d81c408de38d4202fe1ce9d9e5e301d1e67439c9530da94b1e64ee3f	7484d7b0dd80f45e18d726b04752827fe28555cc5c1af0e127948380e6688abf
semantic-proposal-v1	SC1-c802da0ccb4b6afd46ed50233d362bb0612e19166036dc64a56eafef7bebec99	S016368	3	P01	SYMBOLS.tsv	403983	status	aarch64	include/uapi/linux/securebits.h	operative_macro	SECURE_EXEC_RESTRICT_FILE_LOCKED	57	PENDING_REVIEW	COMPLETE	COMPLETE	vendor/linux/include/uapi/linux/securebits.h;vendor/linux/include/uapi/linux/securebits.h:57;rewrite/configs/aarch64/frozen.config;header_closure=rewrite/metadata/header_closure.tsv;selected=PENDING_REVIEW	425f94c2954b1fe80ebdbf9b29854e89750355df	4b3c71164770b88c50ee0fdea1f9dad1ab22d149646f65e749e5ec67a0a892f7	1ea580a00189e55a7260632d9a45231fb33eb04c4131e6696d601ab956b10111	0123af9e96b58af4e98b91a2de5608d36b63c67864b9041d3340587f3dbe40d2	cfa8dcf0d81c408de38d4202fe1ce9d9e5e301d1e67439c9530da94b1e64ee3f	7484d7b0dd80f45e18d726b04752827fe28555cc5c1af0e127948380e6688abf
semantic-proposal-v1	SC1-52c21f92d403d46f9efd6b687128323093f5d25bffd130b2b7b23a17414ed2f3	S016368	3	P01	SYMBOLS.tsv	403984	selection_expression	aarch64	include/uapi/linux/securebits.h	operative_macro	SECBIT_EXEC_RESTRICT_FILE	59	PENDING_REVIEW	SOURCE_REVIEWED_VALUE	COMPLETE	vendor/linux/include/uapi/linux/securebits.h;vendor/linux/include/uapi/linux/securebits.h:59;rewrite/configs/aarch64/frozen.config;header_closure=rewrite/metadata/header_closure.tsv;selected=PENDING_REVIEW	425f94c2954b1fe80ebdbf9b29854e89750355df	4b3c71164770b88c50ee0fdea1f9dad1ab22d149646f65e749e5ec67a0a892f7	1ea580a00189e55a7260632d9a45231fb33eb04c4131e6696d601ab956b10111	0123af9e96b58af4e98b91a2de5608d36b63c67864b9041d3340587f3dbe40d2	cfa8dcf0d81c408de38d4202fe1ce9d9e5e301d1e67439c9530da94b1e64ee3f	7484d7b0dd80f45e18d726b04752827fe28555cc5c1af0e127948380e6688abf
semantic-proposal-v1	SC1-85f30bbe50b19f6cfb43cea1341b5b6e4792307f125019f5636a3922d3bb4b8b	S016368	3	P01	SYMBOLS.tsv	403984	status	aarch64	include/uapi/linux/securebits.h	operative_macro	SECBIT_EXEC_RESTRICT_FILE	59	PENDING_REVIEW	COMPLETE	COMPLETE	vendor/linux/include/uapi/linux/securebits.h;vendor/linux/include/uapi/linux/securebits.h:59;rewrite/configs/aarch64/frozen.config;header_closure=rewrite/metadata/header_closure.tsv;selected=PENDING_REVIEW	425f94c2954b1fe80ebdbf9b29854e89750355df	4b3c71164770b88c50ee0fdea1f9dad1ab22d149646f65e749e5ec67a0a892f7	1ea580a00189e55a7260632d9a45231fb33eb04c4131e6696d601ab956b10111	0123af9e96b58af4e98b91a2de5608d36b63c67864b9041d3340587f3dbe40d2	cfa8dcf0d81c408de38d4202fe1ce9d9e5e301d1e67439c9530da94b1e64ee3f	7484d7b0dd80f45e18d726b04752827fe28555cc5c1af0e127948380e6688abf
semantic-proposal-v1	SC1-78bd538477d5b4e1459cd64de6d69a46ab4d5cb2e72d8576b0b671f9e812c5a2	S016368	3	P01	SYMBOLS.tsv	403985	selection_expression	aarch64	include/uapi/linux/securebits.h	operative_macro	SECBIT_EXEC_RESTRICT_FILE_LOCKED	60	PENDING_REVIEW	SOURCE_REVIEWED_VALUE	COMPLETE	vendor/linux/include/uapi/linux/securebits.h;vendor/linux/include/uapi/linux/securebits.h:60;rewrite/configs/aarch64/frozen.config;header_closure=rewrite/metadata/header_closure.tsv;selected=PENDING_REVIEW	425f94c2954b1fe80ebdbf9b29854e89750355df	4b3c71164770b88c50ee0fdea1f9dad1ab22d149646f65e749e5ec67a0a892f7	1ea580a00189e55a7260632d9a45231fb33eb04c4131e6696d601ab956b10111	0123af9e96b58af4e98b91a2de5608d36b63c67864b9041d3340587f3dbe40d2	cfa8dcf0d81c408de38d4202fe1ce9d9e5e301d1e67439c9530da94b1e64ee3f	7484d7b0dd80f45e18d726b04752827fe28555cc5c1af0e127948380e6688abf
semantic-proposal-v1	SC1-38942f84b73ddb82d0e31788f46be0cab93c8e335f732e33a17155bdd21e0484	S016368	3	P01	SYMBOLS.tsv	403985	status	aarch64	include/uapi/linux/securebits.h	operative_macro	SECBIT_EXEC_RESTRICT_FILE_LOCKED	60	PENDING_REVIEW	COMPLETE	COMPLETE	vendor/linux/include/uapi/linux/securebits.h;vendor/linux/include/uapi/linux/securebits.h:60;rewrite/configs/aarch64/frozen.config;header_closure=rewrite/metadata/header_closure.tsv;selected=PENDING_REVIEW	425f94c2954b1fe80ebdbf9b29854e89750355df	4b3c71164770b88c50ee0fdea1f9dad1ab22d149646f65e749e5ec67a0a892f7	1ea580a00189e55a7260632d9a45231fb33eb04c4131e6696d601ab956b10111	0123af9e96b58af4e98b91a2de5608d36b63c67864b9041d3340587f3dbe40d2	cfa8dcf0d81c408de38d4202fe1ce9d9e5e301d1e67439c9530da94b1e64ee3f	7484d7b0dd80f45e18d726b04752827fe28555cc5c1af0e127948380e6688abf
semantic-proposal-v1	SC1-9cee05e4821dc9bd057a70873d8acb85ce0c1ce7350f7eb2a78d99e13903f95a	S016368	3	P01	SYMBOLS.tsv	403986	selection_expression	aarch64	include/uapi/linux/securebits.h	operative_macro	SECURE_EXEC_DENY_INTERACTIVE	64	PENDING_REVIEW	SOURCE_REVIEWED_VALUE	COMPLETE	vendor/linux/include/uapi/linux/securebits.h;vendor/linux/include/uapi/linux/securebits.h:64;rewrite/configs/aarch64/frozen.config;header_closure=rewrite/metadata/header_closure.tsv;selected=PENDING_REVIEW	425f94c2954b1fe80ebdbf9b29854e89750355df	4b3c71164770b88c50ee0fdea1f9dad1ab22d149646f65e749e5ec67a0a892f7	1ea580a00189e55a7260632d9a45231fb33eb04c4131e6696d601ab956b10111	0123af9e96b58af4e98b91a2de5608d36b63c67864b9041d3340587f3dbe40d2	cfa8dcf0d81c408de38d4202fe1ce9d9e5e301d1e67439c9530da94b1e64ee3f	7484d7b0dd80f45e18d726b04752827fe28555cc5c1af0e127948380e6688abf
semantic-proposal-v1	SC1-9debb41e54212c18d4ce75cce3b6c56200f5a48bf3689258fcf803e473863b79	S016368	3	P01	SYMBOLS.tsv	403986	status	aarch64	include/uapi/linux/securebits.h	operative_macro	SECURE_EXEC_DENY_INTERACTIVE	64	PENDING_REVIEW	COMPLETE	COMPLETE	vendor/linux/include/uapi/linux/securebits.h;vendor/linux/include/uapi/linux/securebits.h:64;rewrite/configs/aarch64/frozen.config;header_closure=rewrite/metadata/header_closure.tsv;selected=PENDING_REVIEW	425f94c2954b1fe80ebdbf9b29854e89750355df	4b3c71164770b88c50ee0fdea1f9dad1ab22d149646f65e749e5ec67a0a892f7	1ea580a00189e55a7260632d9a45231fb33eb04c4131e6696d601ab956b10111	0123af9e96b58af4e98b91a2de5608d36b63c67864b9041d3340587f3dbe40d2	cfa8dcf0d81c408de38d4202fe1ce9d9e5e301d1e67439c9530da94b1e64ee3f	7484d7b0dd80f45e18d726b04752827fe28555cc5c1af0e127948380e6688abf
semantic-proposal-v1	SC1-8772a18efa7a2d8d18d3e161392860b8886fc18d217e11f58612d8ae5f48680e	S016368	3	P01	SYMBOLS.tsv	403987	selection_expression	aarch64	include/uapi/linux/securebits.h	operative_macro	SECURE_EXEC_DENY_INTERACTIVE_LOCKED	65	PENDING_REVIEW	SOURCE_REVIEWED_VALUE	COMPLETE	vendor/linux/include/uapi/linux/securebits.h;vendor/linux/include/uapi/linux/securebits.h:65;rewrite/configs/aarch64/frozen.config;header_closure=rewrite/metadata/header_closure.tsv;selected=PENDING_REVIEW	425f94c2954b1fe80ebdbf9b29854e89750355df	4b3c71164770b88c50ee0fdea1f9dad1ab22d149646f65e749e5ec67a0a892f7	1ea580a00189e55a7260632d9a45231fb33eb04c4131e6696d601ab956b10111	0123af9e96b58af4e98b91a2de5608d36b63c67864b9041d3340587f3dbe40d2	cfa8dcf0d81c408de38d4202fe1ce9d9e5e301d1e67439c9530da94b1e64ee3f	7484d7b0dd80f45e18d726b04752827fe28555cc5c1af0e127948380e6688abf
semantic-proposal-v1	SC1-35b8707413b26274f141640f4482bbf5e4bb722f40d6009a0a1b39bcc7318ed8	S016368	3	P01	SYMBOLS.tsv	403987	status	aarch64	include/uapi/linux/securebits.h	operative_macro	SECURE_EXEC_DENY_INTERACTIVE_LOCKED	65	PENDING_REVIEW	COMPLETE	COMPLETE	vendor/linux/include/uapi/linux/securebits.h;vendor/linux/include/uapi/linux/securebits.h:65;rewrite/configs/aarch64/frozen.config;header_closure=rewrite/metadata/header_closure.tsv;selected=PENDING_REVIEW	425f94c2954b1fe80ebdbf9b29854e89750355df	4b3c71164770b88c50ee0fdea1f9dad1ab22d149646f65e749e5ec67a0a892f7	1ea580a00189e55a7260632d9a45231fb33eb04c4131e6696d601ab956b10111	0123af9e96b58af4e98b91a2de5608d36b63c67864b9041d3340587f3dbe40d2	cfa8dcf0d81c408de38d4202fe1ce9d9e5e301d1e67439c9530da94b1e64ee3f	7484d7b0dd80f45e18d726b04752827fe28555cc5c1af0e127948380e6688abf
semantic-proposal-v1	SC1-980957527cc7bafecb1201acca04125d82e2dc49e2c100ff086aa0155a4d66c5	S016368	3	P01	SYMBOLS.tsv	403988	selection_expression	aarch64	include/uapi/linux/securebits.h	operative_macro	SECBIT_EXEC_DENY_INTERACTIVE	67	PENDING_REVIEW	SOURCE_REVIEWED_VALUE	COMPLETE	vendor/linux/include/uapi/linux/securebits.h;vendor/linux/include/uapi/linux/securebits.h:67;rewrite/configs/aarch64/frozen.config;header_closure=rewrite/metadata/header_closure.tsv;selected=PENDING_REVIEW	425f94c2954b1fe80ebdbf9b29854e89750355df	4b3c71164770b88c50ee0fdea1f9dad1ab22d149646f65e749e5ec67a0a892f7	1ea580a00189e55a7260632d9a45231fb33eb04c4131e6696d601ab956b10111	0123af9e96b58af4e98b91a2de5608d36b63c67864b9041d3340587f3dbe40d2	cfa8dcf0d81c408de38d4202fe1ce9d9e5e301d1e67439c9530da94b1e64ee3f	7484d7b0dd80f45e18d726b04752827fe28555cc5c1af0e127948380e6688abf
semantic-proposal-v1	SC1-fc8968ed525c6d4e0f6ce766907dd8ce62afec96a1c623681169b2df726193f0	S016368	3	P01	SYMBOLS.tsv	403988	status	aarch64	include/uapi/linux/securebits.h	operative_macro	SECBIT_EXEC_DENY_INTERACTIVE	67	PENDING_REVIEW	COMPLETE	COMPLETE	vendor/linux/include/uapi/linux/securebits.h;vendor/linux/include/uapi/linux/securebits.h:67;rewrite/configs/aarch64/frozen.config;header_closure=rewrite/metadata/header_closure.tsv;selected=PENDING_REVIEW	425f94c2954b1fe80ebdbf9b29854e89750355df	4b3c71164770b88c50ee0fdea1f9dad1ab22d149646f65e749e5ec67a0a892f7	1ea580a00189e55a7260632d9a45231fb33eb04c4131e6696d601ab956b10111	0123af9e96b58af4e98b91a2de5608d36b63c67864b9041d3340587f3dbe40d2	cfa8dcf0d81c408de38d4202fe1ce9d9e5e301d1e67439c9530da94b1e64ee3f	7484d7b0dd80f45e18d726b04752827fe28555cc5c1af0e127948380e6688abf
semantic-proposal-v1	SC1-eaa448604fbf25ed4689c233db8046025181ff50ed0453904766de6ee9a16c5b	S016368	3	P01	SYMBOLS.tsv	403989	selection_expression	aarch64	include/uapi/linux/securebits.h	operative_macro	SECBIT_EXEC_DENY_INTERACTIVE_LOCKED	69	PENDING_REVIEW	SOURCE_REVIEWED_VALUE	COMPLETE	vendor/linux/include/uapi/linux/securebits.h;vendor/linux/include/uapi/linux/securebits.h:69;rewrite/configs/aarch64/frozen.config;header_closure=rewrite/metadata/header_closure.tsv;selected=PENDING_REVIEW	425f94c2954b1fe80ebdbf9b29854e89750355df	4b3c71164770b88c50ee0fdea1f9dad1ab22d149646f65e749e5ec67a0a892f7	1ea580a00189e55a7260632d9a45231fb33eb04c4131e6696d601ab956b10111	0123af9e96b58af4e98b91a2de5608d36b63c67864b9041d3340587f3dbe40d2	cfa8dcf0d81c408de38d4202fe1ce9d9e5e301d1e67439c9530da94b1e64ee3f	7484d7b0dd80f45e18d726b04752827fe28555cc5c1af0e127948380e6688abf
semantic-proposal-v1	SC1-e77d778044fb41481df0375a5c7807b36021c831b108a7aea302a3882a67f322	S016368	3	P01	SYMBOLS.tsv	403989	status	aarch64	include/uapi/linux/securebits.h	operative_macro	SECBIT_EXEC_DENY_INTERACTIVE_LOCKED	69	PENDING_REVIEW	COMPLETE	COMPLETE	vendor/linux/include/uapi/linux/securebits.h;vendor/linux/include/uapi/linux/securebits.h:69;rewrite/configs/aarch64/frozen.config;header_closure=rewrite/metadata/header_closure.tsv;selected=PENDING_REVIEW	425f94c2954b1fe80ebdbf9b29854e89750355df	4b3c71164770b88c50ee0fdea1f9dad1ab22d149646f65e749e5ec67a0a892f7	1ea580a00189e55a7260632d9a45231fb33eb04c4131e6696d601ab956b10111	0123af9e96b58af4e98b91a2de5608d36b63c67864b9041d3340587f3dbe40d2	cfa8dcf0d81c408de38d4202fe1ce9d9e5e301d1e67439c9530da94b1e64ee3f	7484d7b0dd80f45e18d726b04752827fe28555cc5c1af0e127948380e6688abf
semantic-proposal-v1	SC1-d30004b53e3b40d1b848cbd328cf4a0146cd66da3ac5a9666c42c4853bdc0b6e	S016368	3	P01	SYMBOLS.tsv	403990	selection_expression	aarch64	include/uapi/linux/securebits.h	operative_macro	SECURE_ALL_BITS	72	PENDING_REVIEW	SOURCE_REVIEWED_VALUE	COMPLETE	vendor/linux/include/uapi/linux/securebits.h;vendor/linux/include/uapi/linux/securebits.h:72;rewrite/configs/aarch64/frozen.config;header_closure=rewrite/metadata/header_closure.tsv;selected=PENDING_REVIEW	425f94c2954b1fe80ebdbf9b29854e89750355df	4b3c71164770b88c50ee0fdea1f9dad1ab22d149646f65e749e5ec67a0a892f7	1ea580a00189e55a7260632d9a45231fb33eb04c4131e6696d601ab956b10111	0123af9e96b58af4e98b91a2de5608d36b63c67864b9041d3340587f3dbe40d2	cfa8dcf0d81c408de38d4202fe1ce9d9e5e301d1e67439c9530da94b1e64ee3f	7484d7b0dd80f45e18d726b04752827fe28555cc5c1af0e127948380e6688abf
semantic-proposal-v1	SC1-a3ab0e9475d64127c30ee9f29b63fcd1691664ad02cdaa321d6f163aa29d2347	S016368	3	P01	SYMBOLS.tsv	403990	status	aarch64	include/uapi/linux/securebits.h	operative_macro	SECURE_ALL_BITS	72	PENDING_REVIEW	COMPLETE	COMPLETE	vendor/linux/include/uapi/linux/securebits.h;vendor/linux/include/uapi/linux/securebits.h:72;rewrite/configs/aarch64/frozen.config;header_closure=rewrite/metadata/header_closure.tsv;selected=PENDING_REVIEW	425f94c2954b1fe80ebdbf9b29854e89750355df	4b3c71164770b88c50ee0fdea1f9dad1ab22d149646f65e749e5ec67a0a892f7	1ea580a00189e55a7260632d9a45231fb33eb04c4131e6696d601ab956b10111	0123af9e96b58af4e98b91a2de5608d36b63c67864b9041d3340587f3dbe40d2	cfa8dcf0d81c408de38d4202fe1ce9d9e5e301d1e67439c9530da94b1e64ee3f	7484d7b0dd80f45e18d726b04752827fe28555cc5c1af0e127948380e6688abf
semantic-proposal-v1	SC1-a2a20b2aa7fce1b107997024a66aaffaaf0a31787ff81164269613288988faac	S016368	3	P01	SYMBOLS.tsv	403991	selection_expression	aarch64	include/uapi/linux/securebits.h	operative_macro	SECURE_ALL_LOCKS	78	PENDING_REVIEW	SOURCE_REVIEWED_VALUE	COMPLETE	vendor/linux/include/uapi/linux/securebits.h;vendor/linux/include/uapi/linux/securebits.h:78;rewrite/configs/aarch64/frozen.config;header_closure=rewrite/metadata/header_closure.tsv;selected=PENDING_REVIEW	425f94c2954b1fe80ebdbf9b29854e89750355df	4b3c71164770b88c50ee0fdea1f9dad1ab22d149646f65e749e5ec67a0a892f7	1ea580a00189e55a7260632d9a45231fb33eb04c4131e6696d601ab956b10111	0123af9e96b58af4e98b91a2de5608d36b63c67864b9041d3340587f3dbe40d2	cfa8dcf0d81c408de38d4202fe1ce9d9e5e301d1e67439c9530da94b1e64ee3f	7484d7b0dd80f45e18d726b04752827fe28555cc5c1af0e127948380e6688abf
semantic-proposal-v1	SC1-fd9249abafcdc26794a5926e32141201844be05658ecbc2efc10f88877f0ffe9	S016368	3	P01	SYMBOLS.tsv	403991	status	aarch64	include/uapi/linux/securebits.h	operative_macro	SECURE_ALL_LOCKS	78	PENDING_REVIEW	COMPLETE	COMPLETE	vendor/linux/include/uapi/linux/securebits.h;vendor/linux/include/uapi/linux/securebits.h:78;rewrite/configs/aarch64/frozen.config;header_closure=rewrite/metadata/header_closure.tsv;selected=PENDING_REVIEW	425f94c2954b1fe80ebdbf9b29854e89750355df	4b3c71164770b88c50ee0fdea1f9dad1ab22d149646f65e749e5ec67a0a892f7	1ea580a00189e55a7260632d9a45231fb33eb04c4131e6696d601ab956b10111	0123af9e96b58af4e98b91a2de5608d36b63c67864b9041d3340587f3dbe40d2	cfa8dcf0d81c408de38d4202fe1ce9d9e5e301d1e67439c9530da94b1e64ee3f	7484d7b0dd80f45e18d726b04752827fe28555cc5c1af0e127948380e6688abf
semantic-proposal-v1	SC1-b262590b39c43f5973ce6013f0e414e4ccd85fc287e2b3e3416728941a77c7ee	S016368	3	P01	SYMBOLS.tsv	403992	selection_expression	aarch64	include/uapi/linux/securebits.h	operative_macro	SECURE_ALL_UNPRIVILEGED	80	PENDING_REVIEW	SOURCE_REVIEWED_VALUE	COMPLETE	vendor/linux/include/uapi/linux/securebits.h;vendor/linux/include/uapi/linux/securebits.h:80;rewrite/configs/aarch64/frozen.config;header_closure=rewrite/metadata/header_closure.tsv;selected=PENDING_REVIEW	425f94c2954b1fe80ebdbf9b29854e89750355df	4b3c71164770b88c50ee0fdea1f9dad1ab22d149646f65e749e5ec67a0a892f7	1ea580a00189e55a7260632d9a45231fb33eb04c4131e6696d601ab956b10111	0123af9e96b58af4e98b91a2de5608d36b63c67864b9041d3340587f3dbe40d2	cfa8dcf0d81c408de38d4202fe1ce9d9e5e301d1e67439c9530da94b1e64ee3f	7484d7b0dd80f45e18d726b04752827fe28555cc5c1af0e127948380e6688abf
semantic-proposal-v1	SC1-5c6c04e6ae8e6ae96019669416b09886ec7f8ae999e7eae025644feec773e798	S016368	3	P01	SYMBOLS.tsv	403992	status	aarch64	include/uapi/linux/securebits.h	operative_macro	SECURE_ALL_UNPRIVILEGED	80	PENDING_REVIEW	COMPLETE	COMPLETE	vendor/linux/include/uapi/linux/securebits.h;vendor/linux/include/uapi/linux/securebits.h:80;rewrite/configs/aarch64/frozen.config;header_closure=rewrite/metadata/header_closure.tsv;selected=PENDING_REVIEW	425f94c2954b1fe80ebdbf9b29854e89750355df	4b3c71164770b88c50ee0fdea1f9dad1ab22d149646f65e749e5ec67a0a892f7	1ea580a00189e55a7260632d9a45231fb33eb04c4131e6696d601ab956b10111	0123af9e96b58af4e98b91a2de5608d36b63c67864b9041d3340587f3dbe40d2	cfa8dcf0d81c408de38d4202fe1ce9d9e5e301d1e67439c9530da94b1e64ee3f	7484d7b0dd80f45e18d726b04752827fe28555cc5c1af0e127948380e6688abf
semantic-proposal-v1	SC1-6a36db6251490a1a9363f045c59d4ce5b9c71da71b5d7ea8bb7e50d2689743fd	S016368	3	P01	SYMBOLS.tsv	403993	status	x86_64	include/uapi/linux/securebits.h	conditional	ifndef@2	2	PENDING_REVIEW	COMPLETE	COMPLETE	vendor/linux/include/uapi/linux/securebits.h;vendor/linux/include/uapi/linux/securebits.h:2;rewrite/configs/x86_64/frozen.config;header_closure=rewrite/metadata/header_closure.tsv;selected=PENDING_REVIEW	425f94c2954b1fe80ebdbf9b29854e89750355df	4b3c71164770b88c50ee0fdea1f9dad1ab22d149646f65e749e5ec67a0a892f7	1ea580a00189e55a7260632d9a45231fb33eb04c4131e6696d601ab956b10111	0123af9e96b58af4e98b91a2de5608d36b63c67864b9041d3340587f3dbe40d2	cfa8dcf0d81c408de38d4202fe1ce9d9e5e301d1e67439c9530da94b1e64ee3f	7484d7b0dd80f45e18d726b04752827fe28555cc5c1af0e127948380e6688abf
semantic-proposal-v1	SC1-9e149fdc3cdcec105aa31fd5da6c9649eecc68eb6626aaf02b98eea39efd8891	S016368	3	P01	SYMBOLS.tsv	403994	status	x86_64	include/uapi/linux/securebits.h	conditional	endif@83	83	PENDING_REVIEW	COMPLETE	COMPLETE	vendor/linux/include/uapi/linux/securebits.h;vendor/linux/include/uapi/linux/securebits.h:83;rewrite/configs/x86_64/frozen.config;header_closure=rewrite/metadata/header_closure.tsv;selected=PENDING_REVIEW	425f94c2954b1fe80ebdbf9b29854e89750355df	4b3c71164770b88c50ee0fdea1f9dad1ab22d149646f65e749e5ec67a0a892f7	1ea580a00189e55a7260632d9a45231fb33eb04c4131e6696d601ab956b10111	0123af9e96b58af4e98b91a2de5608d36b63c67864b9041d3340587f3dbe40d2	cfa8dcf0d81c408de38d4202fe1ce9d9e5e301d1e67439c9530da94b1e64ee3f	7484d7b0dd80f45e18d726b04752827fe28555cc5c1af0e127948380e6688abf
semantic-proposal-v1	SC1-1f7f9381ffe9c363ca1aeade490a041b87bbe5456e11d2c803396c63c50191ee	S016368	3	P01	SYMBOLS.tsv	403995	selection_expression	x86_64	include/uapi/linux/securebits.h	operative_macro	_UAPI_LINUX_SECUREBITS_H	3	PENDING_REVIEW	SOURCE_REVIEWED_VALUE	COMPLETE	vendor/linux/include/uapi/linux/securebits.h;vendor/linux/include/uapi/linux/securebits.h:3;rewrite/configs/x86_64/frozen.config;header_closure=rewrite/metadata/header_closure.tsv;selected=PENDING_REVIEW	425f94c2954b1fe80ebdbf9b29854e89750355df	4b3c71164770b88c50ee0fdea1f9dad1ab22d149646f65e749e5ec67a0a892f7	1ea580a00189e55a7260632d9a45231fb33eb04c4131e6696d601ab956b10111	0123af9e96b58af4e98b91a2de5608d36b63c67864b9041d3340587f3dbe40d2	cfa8dcf0d81c408de38d4202fe1ce9d9e5e301d1e67439c9530da94b1e64ee3f	7484d7b0dd80f45e18d726b04752827fe28555cc5c1af0e127948380e6688abf
semantic-proposal-v1	SC1-595a04f8a1279f4d74221122652ca56e601869276815af65db00cb5b805e53b5	S016368	3	P01	SYMBOLS.tsv	403995	status	x86_64	include/uapi/linux/securebits.h	operative_macro	_UAPI_LINUX_SECUREBITS_H	3	PENDING_REVIEW	COMPLETE	COMPLETE	vendor/linux/include/uapi/linux/securebits.h;vendor/linux/include/uapi/linux/securebits.h:3;rewrite/configs/x86_64/frozen.config;header_closure=rewrite/metadata/header_closure.tsv;selected=PENDING_REVIEW	425f94c2954b1fe80ebdbf9b29854e89750355df	4b3c71164770b88c50ee0fdea1f9dad1ab22d149646f65e749e5ec67a0a892f7	1ea580a00189e55a7260632d9a45231fb33eb04c4131e6696d601ab956b10111	0123af9e96b58af4e98b91a2de5608d36b63c67864b9041d3340587f3dbe40d2	cfa8dcf0d81c408de38d4202fe1ce9d9e5e301d1e67439c9530da94b1e64ee3f	7484d7b0dd80f45e18d726b04752827fe28555cc5c1af0e127948380e6688abf
semantic-proposal-v1	SC1-d5032262e96fcf2fe00cabca2035a1664cbee64759104c8136f699a769fb1a79	S016368	3	P01	SYMBOLS.tsv	403996	selection_expression	x86_64	include/uapi/linux/securebits.h	operative_macro	issecure_mask	9	PENDING_REVIEW	SOURCE_REVIEWED_VALUE	COMPLETE	vendor/linux/include/uapi/linux/securebits.h;vendor/linux/include/uapi/linux/securebits.h:9;rewrite/configs/x86_64/frozen.config;header_closure=rewrite/metadata/header_closure.tsv;selected=PENDING_REVIEW	425f94c2954b1fe80ebdbf9b29854e89750355df	4b3c71164770b88c50ee0fdea1f9dad1ab22d149646f65e749e5ec67a0a892f7	1ea580a00189e55a7260632d9a45231fb33eb04c4131e6696d601ab956b10111	0123af9e96b58af4e98b91a2de5608d36b63c67864b9041d3340587f3dbe40d2	cfa8dcf0d81c408de38d4202fe1ce9d9e5e301d1e67439c9530da94b1e64ee3f	7484d7b0dd80f45e18d726b04752827fe28555cc5c1af0e127948380e6688abf
semantic-proposal-v1	SC1-20a010570719de1a4ebfce6715bb0bbfdc89d3a28c5a6336dffe33070f9fb74c	S016368	3	P01	SYMBOLS.tsv	403996	status	x86_64	include/uapi/linux/securebits.h	operative_macro	issecure_mask	9	PENDING_REVIEW	COMPLETE	COMPLETE	vendor/linux/include/uapi/linux/securebits.h;vendor/linux/include/uapi/linux/securebits.h:9;rewrite/configs/x86_64/frozen.config;header_closure=rewrite/metadata/header_closure.tsv;selected=PENDING_REVIEW	425f94c2954b1fe80ebdbf9b29854e89750355df	4b3c71164770b88c50ee0fdea1f9dad1ab22d149646f65e749e5ec67a0a892f7	1ea580a00189e55a7260632d9a45231fb33eb04c4131e6696d601ab956b10111	0123af9e96b58af4e98b91a2de5608d36b63c67864b9041d3340587f3dbe40d2	cfa8dcf0d81c408de38d4202fe1ce9d9e5e301d1e67439c9530da94b1e64ee3f	7484d7b0dd80f45e18d726b04752827fe28555cc5c1af0e127948380e6688abf
semantic-proposal-v1	SC1-9d7a6b9a0f791087e99b8b188308a70d4a83b27deaef0bc4b1ac5ad25f1e72e2	S016368	3	P01	SYMBOLS.tsv	403997	selection_expression	x86_64	include/uapi/linux/securebits.h	operative_macro	SECUREBITS_DEFAULT	11	PENDING_REVIEW	SOURCE_REVIEWED_VALUE	COMPLETE	vendor/linux/include/uapi/linux/securebits.h;vendor/linux/include/uapi/linux/securebits.h:11;rewrite/configs/x86_64/frozen.config;header_closure=rewrite/metadata/header_closure.tsv;selected=PENDING_REVIEW	425f94c2954b1fe80ebdbf9b29854e89750355df	4b3c71164770b88c50ee0fdea1f9dad1ab22d149646f65e749e5ec67a0a892f7	1ea580a00189e55a7260632d9a45231fb33eb04c4131e6696d601ab956b10111	0123af9e96b58af4e98b91a2de5608d36b63c67864b9041d3340587f3dbe40d2	cfa8dcf0d81c408de38d4202fe1ce9d9e5e301d1e67439c9530da94b1e64ee3f	7484d7b0dd80f45e18d726b04752827fe28555cc5c1af0e127948380e6688abf
semantic-proposal-v1	SC1-076d2378a2a10a7d64c7cc72440e630b905f8ee693f16538a949ef545fdf518a	S016368	3	P01	SYMBOLS.tsv	403997	status	x86_64	include/uapi/linux/securebits.h	operative_macro	SECUREBITS_DEFAULT	11	PENDING_REVIEW	COMPLETE	COMPLETE	vendor/linux/include/uapi/linux/securebits.h;vendor/linux/include/uapi/linux/securebits.h:11;rewrite/configs/x86_64/frozen.config;header_closure=rewrite/metadata/header_closure.tsv;selected=PENDING_REVIEW	425f94c2954b1fe80ebdbf9b29854e89750355df	4b3c71164770b88c50ee0fdea1f9dad1ab22d149646f65e749e5ec67a0a892f7	1ea580a00189e55a7260632d9a45231fb33eb04c4131e6696d601ab956b10111	0123af9e96b58af4e98b91a2de5608d36b63c67864b9041d3340587f3dbe40d2	cfa8dcf0d81c408de38d4202fe1ce9d9e5e301d1e67439c9530da94b1e64ee3f	7484d7b0dd80f45e18d726b04752827fe28555cc5c1af0e127948380e6688abf
semantic-proposal-v1	SC1-214ebb008c888e42d8cc20b15ae32633d14b65da0b31463deee91039fb747df0	S016368	3	P01	SYMBOLS.tsv	403998	selection_expression	x86_64	include/uapi/linux/securebits.h	operative_macro	SECURE_NOROOT	19	PENDING_REVIEW	SOURCE_REVIEWED_VALUE	COMPLETE	vendor/linux/include/uapi/linux/securebits.h;vendor/linux/include/uapi/linux/securebits.h:19;rewrite/configs/x86_64/frozen.config;header_closure=rewrite/metadata/header_closure.tsv;selected=PENDING_REVIEW	425f94c2954b1fe80ebdbf9b29854e89750355df	4b3c71164770b88c50ee0fdea1f9dad1ab22d149646f65e749e5ec67a0a892f7	1ea580a00189e55a7260632d9a45231fb33eb04c4131e6696d601ab956b10111	0123af9e96b58af4e98b91a2de5608d36b63c67864b9041d3340587f3dbe40d2	cfa8dcf0d81c408de38d4202fe1ce9d9e5e301d1e67439c9530da94b1e64ee3f	7484d7b0dd80f45e18d726b04752827fe28555cc5c1af0e127948380e6688abf
semantic-proposal-v1	SC1-dccdbb77464de359bd33f655cf031c86658ab8ab46b522912253569638f94ca2	S016368	3	P01	SYMBOLS.tsv	403998	status	x86_64	include/uapi/linux/securebits.h	operative_macro	SECURE_NOROOT	19	PENDING_REVIEW	COMPLETE	COMPLETE	vendor/linux/include/uapi/linux/securebits.h;vendor/linux/include/uapi/linux/securebits.h:19;rewrite/configs/x86_64/frozen.config;header_closure=rewrite/metadata/header_closure.tsv;selected=PENDING_REVIEW	425f94c2954b1fe80ebdbf9b29854e89750355df	4b3c71164770b88c50ee0fdea1f9dad1ab22d149646f65e749e5ec67a0a892f7	1ea580a00189e55a7260632d9a45231fb33eb04c4131e6696d601ab956b10111	0123af9e96b58af4e98b91a2de5608d36b63c67864b9041d3340587f3dbe40d2	cfa8dcf0d81c408de38d4202fe1ce9d9e5e301d1e67439c9530da94b1e64ee3f	7484d7b0dd80f45e18d726b04752827fe28555cc5c1af0e127948380e6688abf
semantic-proposal-v1	SC1-92e4357feabfec1a68730e9235fd6af2a3ae7a5a4b6f70817d224314a42da5d0	S016368	3	P01	SYMBOLS.tsv	403999	selection_expression	x86_64	include/uapi/linux/securebits.h	operative_macro	SECURE_NOROOT_LOCKED	20	PENDING_REVIEW	SOURCE_REVIEWED_VALUE	COMPLETE	vendor/linux/include/uapi/linux/securebits.h;vendor/linux/include/uapi/linux/securebits.h:20;rewrite/configs/x86_64/frozen.config;header_closure=rewrite/metadata/header_closure.tsv;selected=PENDING_REVIEW	425f94c2954b1fe80ebdbf9b29854e89750355df	4b3c71164770b88c50ee0fdea1f9dad1ab22d149646f65e749e5ec67a0a892f7	1ea580a00189e55a7260632d9a45231fb33eb04c4131e6696d601ab956b10111	0123af9e96b58af4e98b91a2de5608d36b63c67864b9041d3340587f3dbe40d2	cfa8dcf0d81c408de38d4202fe1ce9d9e5e301d1e67439c9530da94b1e64ee3f	7484d7b0dd80f45e18d726b04752827fe28555cc5c1af0e127948380e6688abf
semantic-proposal-v1	SC1-5da045e63e2324a71e45be53e02fcd6edc49d004ca04501c8353dc8db6d4f615	S016368	3	P01	SYMBOLS.tsv	403999	status	x86_64	include/uapi/linux/securebits.h	operative_macro	SECURE_NOROOT_LOCKED	20	PENDING_REVIEW	COMPLETE	COMPLETE	vendor/linux/include/uapi/linux/securebits.h;vendor/linux/include/uapi/linux/securebits.h:20;rewrite/configs/x86_64/frozen.config;header_closure=rewrite/metadata/header_closure.tsv;selected=PENDING_REVIEW	425f94c2954b1fe80ebdbf9b29854e89750355df	4b3c71164770b88c50ee0fdea1f9dad1ab22d149646f65e749e5ec67a0a892f7	1ea580a00189e55a7260632d9a45231fb33eb04c4131e6696d601ab956b10111	0123af9e96b58af4e98b91a2de5608d36b63c67864b9041d3340587f3dbe40d2	cfa8dcf0d81c408de38d4202fe1ce9d9e5e301d1e67439c9530da94b1e64ee3f	7484d7b0dd80f45e18d726b04752827fe28555cc5c1af0e127948380e6688abf
semantic-proposal-v1	SC1-320ca560771ce413c89a13e77d3b79b9e26f487582cda71d6e205d9afafed2f7	S016368	3	P01	SYMBOLS.tsv	404000	selection_expression	x86_64	include/uapi/linux/securebits.h	operative_macro	SECBIT_NOROOT	22	PENDING_REVIEW	SOURCE_REVIEWED_VALUE	COMPLETE	vendor/linux/include/uapi/linux/securebits.h;vendor/linux/include/uapi/linux/securebits.h:22;rewrite/configs/x86_64/frozen.config;header_closure=rewrite/metadata/header_closure.tsv;selected=PENDING_REVIEW	425f94c2954b1fe80ebdbf9b29854e89750355df	4b3c71164770b88c50ee0fdea1f9dad1ab22d149646f65e749e5ec67a0a892f7	1ea580a00189e55a7260632d9a45231fb33eb04c4131e6696d601ab956b10111	0123af9e96b58af4e98b91a2de5608d36b63c67864b9041d3340587f3dbe40d2	cfa8dcf0d81c408de38d4202fe1ce9d9e5e301d1e67439c9530da94b1e64ee3f	7484d7b0dd80f45e18d726b04752827fe28555cc5c1af0e127948380e6688abf
semantic-proposal-v1	SC1-1f308c99795c4d1effbb7cd5e2894ccb8bb036457e67cdb0709a064c3443e4bf	S016368	3	P01	SYMBOLS.tsv	404000	status	x86_64	include/uapi/linux/securebits.h	operative_macro	SECBIT_NOROOT	22	PENDING_REVIEW	COMPLETE	COMPLETE	vendor/linux/include/uapi/linux/securebits.h;vendor/linux/include/uapi/linux/securebits.h:22;rewrite/configs/x86_64/frozen.config;header_closure=rewrite/metadata/header_closure.tsv;selected=PENDING_REVIEW	425f94c2954b1fe80ebdbf9b29854e89750355df	4b3c71164770b88c50ee0fdea1f9dad1ab22d149646f65e749e5ec67a0a892f7	1ea580a00189e55a7260632d9a45231fb33eb04c4131e6696d601ab956b10111	0123af9e96b58af4e98b91a2de5608d36b63c67864b9041d3340587f3dbe40d2	cfa8dcf0d81c408de38d4202fe1ce9d9e5e301d1e67439c9530da94b1e64ee3f	7484d7b0dd80f45e18d726b04752827fe28555cc5c1af0e127948380e6688abf
semantic-proposal-v1	SC1-80666c49b8438693ad9fd807066ca9a60cdbee703fe5ea4bc95a597e18712ccd	S016368	3	P01	SYMBOLS.tsv	404001	selection_expression	x86_64	include/uapi/linux/securebits.h	operative_macro	SECBIT_NOROOT_LOCKED	23	PENDING_REVIEW	SOURCE_REVIEWED_VALUE	COMPLETE	vendor/linux/include/uapi/linux/securebits.h;vendor/linux/include/uapi/linux/securebits.h:23;rewrite/configs/x86_64/frozen.config;header_closure=rewrite/metadata/header_closure.tsv;selected=PENDING_REVIEW	425f94c2954b1fe80ebdbf9b29854e89750355df	4b3c71164770b88c50ee0fdea1f9dad1ab22d149646f65e749e5ec67a0a892f7	1ea580a00189e55a7260632d9a45231fb33eb04c4131e6696d601ab956b10111	0123af9e96b58af4e98b91a2de5608d36b63c67864b9041d3340587f3dbe40d2	cfa8dcf0d81c408de38d4202fe1ce9d9e5e301d1e67439c9530da94b1e64ee3f	7484d7b0dd80f45e18d726b04752827fe28555cc5c1af0e127948380e6688abf
semantic-proposal-v1	SC1-92ef94539fb583984e0d87553fdeff44ce64c2342bf8cb17942765c64571b243	S016368	3	P01	SYMBOLS.tsv	404001	status	x86_64	include/uapi/linux/securebits.h	operative_macro	SECBIT_NOROOT_LOCKED	23	PENDING_REVIEW	COMPLETE	COMPLETE	vendor/linux/include/uapi/linux/securebits.h;vendor/linux/include/uapi/linux/securebits.h:23;rewrite/configs/x86_64/frozen.config;header_closure=rewrite/metadata/header_closure.tsv;selected=PENDING_REVIEW	425f94c2954b1fe80ebdbf9b29854e89750355df	4b3c71164770b88c50ee0fdea1f9dad1ab22d149646f65e749e5ec67a0a892f7	1ea580a00189e55a7260632d9a45231fb33eb04c4131e6696d601ab956b10111	0123af9e96b58af4e98b91a2de5608d36b63c67864b9041d3340587f3dbe40d2	cfa8dcf0d81c408de38d4202fe1ce9d9e5e301d1e67439c9530da94b1e64ee3f	7484d7b0dd80f45e18d726b04752827fe28555cc5c1af0e127948380e6688abf
semantic-proposal-v1	SC1-7792df5ef23c4dbabcd3abdc4d610580eda5551c6e3f8b5c7acfa1b0b138e535	S016368	3	P01	SYMBOLS.tsv	404002	selection_expression	x86_64	include/uapi/linux/securebits.h	operative_macro	SECURE_NO_SETUID_FIXUP	29	PENDING_REVIEW	SOURCE_REVIEWED_VALUE	COMPLETE	vendor/linux/include/uapi/linux/securebits.h;vendor/linux/include/uapi/linux/securebits.h:29;rewrite/configs/x86_64/frozen.config;header_closure=rewrite/metadata/header_closure.tsv;selected=PENDING_REVIEW	425f94c2954b1fe80ebdbf9b29854e89750355df	4b3c71164770b88c50ee0fdea1f9dad1ab22d149646f65e749e5ec67a0a892f7	1ea580a00189e55a7260632d9a45231fb33eb04c4131e6696d601ab956b10111	0123af9e96b58af4e98b91a2de5608d36b63c67864b9041d3340587f3dbe40d2	cfa8dcf0d81c408de38d4202fe1ce9d9e5e301d1e67439c9530da94b1e64ee3f	7484d7b0dd80f45e18d726b04752827fe28555cc5c1af0e127948380e6688abf
semantic-proposal-v1	SC1-9bac4770d59967af44bdc28e622db0a4651235efd697bcd22a95d82adefd781b	S016368	3	P01	SYMBOLS.tsv	404002	status	x86_64	include/uapi/linux/securebits.h	operative_macro	SECURE_NO_SETUID_FIXUP	29	PENDING_REVIEW	COMPLETE	COMPLETE	vendor/linux/include/uapi/linux/securebits.h;vendor/linux/include/uapi/linux/securebits.h:29;rewrite/configs/x86_64/frozen.config;header_closure=rewrite/metadata/header_closure.tsv;selected=PENDING_REVIEW	425f94c2954b1fe80ebdbf9b29854e89750355df	4b3c71164770b88c50ee0fdea1f9dad1ab22d149646f65e749e5ec67a0a892f7	1ea580a00189e55a7260632d9a45231fb33eb04c4131e6696d601ab956b10111	0123af9e96b58af4e98b91a2de5608d36b63c67864b9041d3340587f3dbe40d2	cfa8dcf0d81c408de38d4202fe1ce9d9e5e301d1e67439c9530da94b1e64ee3f	7484d7b0dd80f45e18d726b04752827fe28555cc5c1af0e127948380e6688abf
semantic-proposal-v1	SC1-21734a419bc425acd84d8d34868ce74bf79bd8065031c7e22488a19fe5f90816	S016368	3	P01	SYMBOLS.tsv	404003	selection_expression	x86_64	include/uapi/linux/securebits.h	operative_macro	SECURE_NO_SETUID_FIXUP_LOCKED	30	PENDING_REVIEW	SOURCE_REVIEWED_VALUE	COMPLETE	vendor/linux/include/uapi/linux/securebits.h;vendor/linux/include/uapi/linux/securebits.h:30;rewrite/configs/x86_64/frozen.config;header_closure=rewrite/metadata/header_closure.tsv;selected=PENDING_REVIEW	425f94c2954b1fe80ebdbf9b29854e89750355df	4b3c71164770b88c50ee0fdea1f9dad1ab22d149646f65e749e5ec67a0a892f7	1ea580a00189e55a7260632d9a45231fb33eb04c4131e6696d601ab956b10111	0123af9e96b58af4e98b91a2de5608d36b63c67864b9041d3340587f3dbe40d2	cfa8dcf0d81c408de38d4202fe1ce9d9e5e301d1e67439c9530da94b1e64ee3f	7484d7b0dd80f45e18d726b04752827fe28555cc5c1af0e127948380e6688abf
semantic-proposal-v1	SC1-8502b5540e3f8a58df7777a28bc09717d0effd7778e133f55233eecd1e9d3b79	S016368	3	P01	SYMBOLS.tsv	404003	status	x86_64	include/uapi/linux/securebits.h	operative_macro	SECURE_NO_SETUID_FIXUP_LOCKED	30	PENDING_REVIEW	COMPLETE	COMPLETE	vendor/linux/include/uapi/linux/securebits.h;vendor/linux/include/uapi/linux/securebits.h:30;rewrite/configs/x86_64/frozen.config;header_closure=rewrite/metadata/header_closure.tsv;selected=PENDING_REVIEW	425f94c2954b1fe80ebdbf9b29854e89750355df	4b3c71164770b88c50ee0fdea1f9dad1ab22d149646f65e749e5ec67a0a892f7	1ea580a00189e55a7260632d9a45231fb33eb04c4131e6696d601ab956b10111	0123af9e96b58af4e98b91a2de5608d36b63c67864b9041d3340587f3dbe40d2	cfa8dcf0d81c408de38d4202fe1ce9d9e5e301d1e67439c9530da94b1e64ee3f	7484d7b0dd80f45e18d726b04752827fe28555cc5c1af0e127948380e6688abf
semantic-proposal-v1	SC1-743d7b23d87de8edff0e566b05250b5ba94cc744f3748aebabcb910d05790a1a	S016368	3	P01	SYMBOLS.tsv	404004	selection_expression	x86_64	include/uapi/linux/securebits.h	operative_macro	SECBIT_NO_SETUID_FIXUP	32	PENDING_REVIEW	SOURCE_REVIEWED_VALUE	COMPLETE	vendor/linux/include/uapi/linux/securebits.h;vendor/linux/include/uapi/linux/securebits.h:32;rewrite/configs/x86_64/frozen.config;header_closure=rewrite/metadata/header_closure.tsv;selected=PENDING_REVIEW	425f94c2954b1fe80ebdbf9b29854e89750355df	4b3c71164770b88c50ee0fdea1f9dad1ab22d149646f65e749e5ec67a0a892f7	1ea580a00189e55a7260632d9a45231fb33eb04c4131e6696d601ab956b10111	0123af9e96b58af4e98b91a2de5608d36b63c67864b9041d3340587f3dbe40d2	cfa8dcf0d81c408de38d4202fe1ce9d9e5e301d1e67439c9530da94b1e64ee3f	7484d7b0dd80f45e18d726b04752827fe28555cc5c1af0e127948380e6688abf
semantic-proposal-v1	SC1-6fd9a489d06c9110a5d52f679f8e02596ce946395ace24602d3ae6dacd5d59e6	S016368	3	P01	SYMBOLS.tsv	404004	status	x86_64	include/uapi/linux/securebits.h	operative_macro	SECBIT_NO_SETUID_FIXUP	32	PENDING_REVIEW	COMPLETE	COMPLETE	vendor/linux/include/uapi/linux/securebits.h;vendor/linux/include/uapi/linux/securebits.h:32;rewrite/configs/x86_64/frozen.config;header_closure=rewrite/metadata/header_closure.tsv;selected=PENDING_REVIEW	425f94c2954b1fe80ebdbf9b29854e89750355df	4b3c71164770b88c50ee0fdea1f9dad1ab22d149646f65e749e5ec67a0a892f7	1ea580a00189e55a7260632d9a45231fb33eb04c4131e6696d601ab956b10111	0123af9e96b58af4e98b91a2de5608d36b63c67864b9041d3340587f3dbe40d2	cfa8dcf0d81c408de38d4202fe1ce9d9e5e301d1e67439c9530da94b1e64ee3f	7484d7b0dd80f45e18d726b04752827fe28555cc5c1af0e127948380e6688abf
semantic-proposal-v1	SC1-5d80248a098df8424aad125690efb86f072dec08a1b415e06230bb59a5cca69c	S016368	3	P01	SYMBOLS.tsv	404005	selection_expression	x86_64	include/uapi/linux/securebits.h	operative_macro	SECBIT_NO_SETUID_FIXUP_LOCKED	33	PENDING_REVIEW	SOURCE_REVIEWED_VALUE	COMPLETE	vendor/linux/include/uapi/linux/securebits.h;vendor/linux/include/uapi/linux/securebits.h:33;rewrite/configs/x86_64/frozen.config;header_closure=rewrite/metadata/header_closure.tsv;selected=PENDING_REVIEW	425f94c2954b1fe80ebdbf9b29854e89750355df	4b3c71164770b88c50ee0fdea1f9dad1ab22d149646f65e749e5ec67a0a892f7	1ea580a00189e55a7260632d9a45231fb33eb04c4131e6696d601ab956b10111	0123af9e96b58af4e98b91a2de5608d36b63c67864b9041d3340587f3dbe40d2	cfa8dcf0d81c408de38d4202fe1ce9d9e5e301d1e67439c9530da94b1e64ee3f	7484d7b0dd80f45e18d726b04752827fe28555cc5c1af0e127948380e6688abf
semantic-proposal-v1	SC1-97b69fcf69565deba221cbba516fa57bec277deb5e2ade3aab2baddc7a0a88d7	S016368	3	P01	SYMBOLS.tsv	404005	status	x86_64	include/uapi/linux/securebits.h	operative_macro	SECBIT_NO_SETUID_FIXUP_LOCKED	33	PENDING_REVIEW	COMPLETE	COMPLETE	vendor/linux/include/uapi/linux/securebits.h;vendor/linux/include/uapi/linux/securebits.h:33;rewrite/configs/x86_64/frozen.config;header_closure=rewrite/metadata/header_closure.tsv;selected=PENDING_REVIEW	425f94c2954b1fe80ebdbf9b29854e89750355df	4b3c71164770b88c50ee0fdea1f9dad1ab22d149646f65e749e5ec67a0a892f7	1ea580a00189e55a7260632d9a45231fb33eb04c4131e6696d601ab956b10111	0123af9e96b58af4e98b91a2de5608d36b63c67864b9041d3340587f3dbe40d2	cfa8dcf0d81c408de38d4202fe1ce9d9e5e301d1e67439c9530da94b1e64ee3f	7484d7b0dd80f45e18d726b04752827fe28555cc5c1af0e127948380e6688abf
semantic-proposal-v1	SC1-c5d94bfb271ca3d80109c882932748e27c08ced1c70b464e0e049ddfb837db9e	S016368	3	P01	SYMBOLS.tsv	404006	selection_expression	x86_64	include/uapi/linux/securebits.h	operative_macro	SECURE_KEEP_CAPS	41	PENDING_REVIEW	SOURCE_REVIEWED_VALUE	COMPLETE	vendor/linux/include/uapi/linux/securebits.h;vendor/linux/include/uapi/linux/securebits.h:41;rewrite/configs/x86_64/frozen.config;header_closure=rewrite/metadata/header_closure.tsv;selected=PENDING_REVIEW	425f94c2954b1fe80ebdbf9b29854e89750355df	4b3c71164770b88c50ee0fdea1f9dad1ab22d149646f65e749e5ec67a0a892f7	1ea580a00189e55a7260632d9a45231fb33eb04c4131e6696d601ab956b10111	0123af9e96b58af4e98b91a2de5608d36b63c67864b9041d3340587f3dbe40d2	cfa8dcf0d81c408de38d4202fe1ce9d9e5e301d1e67439c9530da94b1e64ee3f	7484d7b0dd80f45e18d726b04752827fe28555cc5c1af0e127948380e6688abf
semantic-proposal-v1	SC1-0f8da72f43f4a36404aa2e69dea22d42d3aa110730b8e6d9c65d3c0d135780f1	S016368	3	P01	SYMBOLS.tsv	404006	status	x86_64	include/uapi/linux/securebits.h	operative_macro	SECURE_KEEP_CAPS	41	PENDING_REVIEW	COMPLETE	COMPLETE	vendor/linux/include/uapi/linux/securebits.h;vendor/linux/include/uapi/linux/securebits.h:41;rewrite/configs/x86_64/frozen.config;header_closure=rewrite/metadata/header_closure.tsv;selected=PENDING_REVIEW	425f94c2954b1fe80ebdbf9b29854e89750355df	4b3c71164770b88c50ee0fdea1f9dad1ab22d149646f65e749e5ec67a0a892f7	1ea580a00189e55a7260632d9a45231fb33eb04c4131e6696d601ab956b10111	0123af9e96b58af4e98b91a2de5608d36b63c67864b9041d3340587f3dbe40d2	cfa8dcf0d81c408de38d4202fe1ce9d9e5e301d1e67439c9530da94b1e64ee3f	7484d7b0dd80f45e18d726b04752827fe28555cc5c1af0e127948380e6688abf
semantic-proposal-v1	SC1-6d52072e29293e9ec9ad8cd9fbf46bcd56f8f6d9e1fe6676b9736b50cddba53b	S016368	3	P01	SYMBOLS.tsv	404007	selection_expression	x86_64	include/uapi/linux/securebits.h	operative_macro	SECURE_KEEP_CAPS_LOCKED	42	PENDING_REVIEW	SOURCE_REVIEWED_VALUE	COMPLETE	vendor/linux/include/uapi/linux/securebits.h;vendor/linux/include/uapi/linux/securebits.h:42;rewrite/configs/x86_64/frozen.config;header_closure=rewrite/metadata/header_closure.tsv;selected=PENDING_REVIEW	425f94c2954b1fe80ebdbf9b29854e89750355df	4b3c71164770b88c50ee0fdea1f9dad1ab22d149646f65e749e5ec67a0a892f7	1ea580a00189e55a7260632d9a45231fb33eb04c4131e6696d601ab956b10111	0123af9e96b58af4e98b91a2de5608d36b63c67864b9041d3340587f3dbe40d2	cfa8dcf0d81c408de38d4202fe1ce9d9e5e301d1e67439c9530da94b1e64ee3f	7484d7b0dd80f45e18d726b04752827fe28555cc5c1af0e127948380e6688abf
semantic-proposal-v1	SC1-776fe33a92a6607582a61f7b62938acb3521a4fb765cbc3516ebcac4b583b51a	S016368	3	P01	SYMBOLS.tsv	404007	status	x86_64	include/uapi/linux/securebits.h	operative_macro	SECURE_KEEP_CAPS_LOCKED	42	PENDING_REVIEW	COMPLETE	COMPLETE	vendor/linux/include/uapi/linux/securebits.h;vendor/linux/include/uapi/linux/securebits.h:42;rewrite/configs/x86_64/frozen.config;header_closure=rewrite/metadata/header_closure.tsv;selected=PENDING_REVIEW	425f94c2954b1fe80ebdbf9b29854e89750355df	4b3c71164770b88c50ee0fdea1f9dad1ab22d149646f65e749e5ec67a0a892f7	1ea580a00189e55a7260632d9a45231fb33eb04c4131e6696d601ab956b10111	0123af9e96b58af4e98b91a2de5608d36b63c67864b9041d3340587f3dbe40d2	cfa8dcf0d81c408de38d4202fe1ce9d9e5e301d1e67439c9530da94b1e64ee3f	7484d7b0dd80f45e18d726b04752827fe28555cc5c1af0e127948380e6688abf
semantic-proposal-v1	SC1-7a6db51214d48008b8efb3d23bbe2b29963431292524c01fd7e27645136f8194	S016368	3	P01	SYMBOLS.tsv	404008	selection_expression	x86_64	include/uapi/linux/securebits.h	operative_macro	SECBIT_KEEP_CAPS	44	PENDING_REVIEW	SOURCE_REVIEWED_VALUE	COMPLETE	vendor/linux/include/uapi/linux/securebits.h;vendor/linux/include/uapi/linux/securebits.h:44;rewrite/configs/x86_64/frozen.config;header_closure=rewrite/metadata/header_closure.tsv;selected=PENDING_REVIEW	425f94c2954b1fe80ebdbf9b29854e89750355df	4b3c71164770b88c50ee0fdea1f9dad1ab22d149646f65e749e5ec67a0a892f7	1ea580a00189e55a7260632d9a45231fb33eb04c4131e6696d601ab956b10111	0123af9e96b58af4e98b91a2de5608d36b63c67864b9041d3340587f3dbe40d2	cfa8dcf0d81c408de38d4202fe1ce9d9e5e301d1e67439c9530da94b1e64ee3f	7484d7b0dd80f45e18d726b04752827fe28555cc5c1af0e127948380e6688abf
semantic-proposal-v1	SC1-b88523e186b26744ebcf0df15ac89c069f8dc5cf7a019ca0e70f12bde6a6044b	S016368	3	P01	SYMBOLS.tsv	404008	status	x86_64	include/uapi/linux/securebits.h	operative_macro	SECBIT_KEEP_CAPS	44	PENDING_REVIEW	COMPLETE	COMPLETE	vendor/linux/include/uapi/linux/securebits.h;vendor/linux/include/uapi/linux/securebits.h:44;rewrite/configs/x86_64/frozen.config;header_closure=rewrite/metadata/header_closure.tsv;selected=PENDING_REVIEW	425f94c2954b1fe80ebdbf9b29854e89750355df	4b3c71164770b88c50ee0fdea1f9dad1ab22d149646f65e749e5ec67a0a892f7	1ea580a00189e55a7260632d9a45231fb33eb04c4131e6696d601ab956b10111	0123af9e96b58af4e98b91a2de5608d36b63c67864b9041d3340587f3dbe40d2	cfa8dcf0d81c408de38d4202fe1ce9d9e5e301d1e67439c9530da94b1e64ee3f	7484d7b0dd80f45e18d726b04752827fe28555cc5c1af0e127948380e6688abf
semantic-proposal-v1	SC1-afdf65100bc659203685a54aa2ce9f895dd2eebc271c0d22888943b3d815904d	S016368	3	P01	SYMBOLS.tsv	404009	selection_expression	x86_64	include/uapi/linux/securebits.h	operative_macro	SECBIT_KEEP_CAPS_LOCKED	45	PENDING_REVIEW	SOURCE_REVIEWED_VALUE	COMPLETE	vendor/linux/include/uapi/linux/securebits.h;vendor/linux/include/uapi/linux/securebits.h:45;rewrite/configs/x86_64/frozen.config;header_closure=rewrite/metadata/header_closure.tsv;selected=PENDING_REVIEW	425f94c2954b1fe80ebdbf9b29854e89750355df	4b3c71164770b88c50ee0fdea1f9dad1ab22d149646f65e749e5ec67a0a892f7	1ea580a00189e55a7260632d9a45231fb33eb04c4131e6696d601ab956b10111	0123af9e96b58af4e98b91a2de5608d36b63c67864b9041d3340587f3dbe40d2	cfa8dcf0d81c408de38d4202fe1ce9d9e5e301d1e67439c9530da94b1e64ee3f	7484d7b0dd80f45e18d726b04752827fe28555cc5c1af0e127948380e6688abf
semantic-proposal-v1	SC1-5f9a25ceafb032e5c848689c057acc18ad783fe8a44b1b97406edba6d379d186	S016368	3	P01	SYMBOLS.tsv	404009	status	x86_64	include/uapi/linux/securebits.h	operative_macro	SECBIT_KEEP_CAPS_LOCKED	45	PENDING_REVIEW	COMPLETE	COMPLETE	vendor/linux/include/uapi/linux/securebits.h;vendor/linux/include/uapi/linux/securebits.h:45;rewrite/configs/x86_64/frozen.config;header_closure=rewrite/metadata/header_closure.tsv;selected=PENDING_REVIEW	425f94c2954b1fe80ebdbf9b29854e89750355df	4b3c71164770b88c50ee0fdea1f9dad1ab22d149646f65e749e5ec67a0a892f7	1ea580a00189e55a7260632d9a45231fb33eb04c4131e6696d601ab956b10111	0123af9e96b58af4e98b91a2de5608d36b63c67864b9041d3340587f3dbe40d2	cfa8dcf0d81c408de38d4202fe1ce9d9e5e301d1e67439c9530da94b1e64ee3f	7484d7b0dd80f45e18d726b04752827fe28555cc5c1af0e127948380e6688abf
semantic-proposal-v1	SC1-a09b1ad39d10e7d08a21148cea740d217da8adfc8f91cdfc349bb4c3cc96877f	S016368	3	P01	SYMBOLS.tsv	404010	selection_expression	x86_64	include/uapi/linux/securebits.h	operative_macro	SECURE_NO_CAP_AMBIENT_RAISE	48	PENDING_REVIEW	SOURCE_REVIEWED_VALUE	COMPLETE	vendor/linux/include/uapi/linux/securebits.h;vendor/linux/include/uapi/linux/securebits.h:48;rewrite/configs/x86_64/frozen.config;header_closure=rewrite/metadata/header_closure.tsv;selected=PENDING_REVIEW	425f94c2954b1fe80ebdbf9b29854e89750355df	4b3c71164770b88c50ee0fdea1f9dad1ab22d149646f65e749e5ec67a0a892f7	1ea580a00189e55a7260632d9a45231fb33eb04c4131e6696d601ab956b10111	0123af9e96b58af4e98b91a2de5608d36b63c67864b9041d3340587f3dbe40d2	cfa8dcf0d81c408de38d4202fe1ce9d9e5e301d1e67439c9530da94b1e64ee3f	7484d7b0dd80f45e18d726b04752827fe28555cc5c1af0e127948380e6688abf
semantic-proposal-v1	SC1-8be8cd90a9bdc36d635d89e27db0fa90044375695fdbce10afc8e0ff9d6b2053	S016368	3	P01	SYMBOLS.tsv	404010	status	x86_64	include/uapi/linux/securebits.h	operative_macro	SECURE_NO_CAP_AMBIENT_RAISE	48	PENDING_REVIEW	COMPLETE	COMPLETE	vendor/linux/include/uapi/linux/securebits.h;vendor/linux/include/uapi/linux/securebits.h:48;rewrite/configs/x86_64/frozen.config;header_closure=rewrite/metadata/header_closure.tsv;selected=PENDING_REVIEW	425f94c2954b1fe80ebdbf9b29854e89750355df	4b3c71164770b88c50ee0fdea1f9dad1ab22d149646f65e749e5ec67a0a892f7	1ea580a00189e55a7260632d9a45231fb33eb04c4131e6696d601ab956b10111	0123af9e96b58af4e98b91a2de5608d36b63c67864b9041d3340587f3dbe40d2	cfa8dcf0d81c408de38d4202fe1ce9d9e5e301d1e67439c9530da94b1e64ee3f	7484d7b0dd80f45e18d726b04752827fe28555cc5c1af0e127948380e6688abf
semantic-proposal-v1	SC1-aec9ed696a508f3aa4e52f9ff968b58306911f4bb9d4b9738099a9dd74e0aeff	S016368	3	P01	SYMBOLS.tsv	404011	selection_expression	x86_64	include/uapi/linux/securebits.h	operative_macro	SECURE_NO_CAP_AMBIENT_RAISE_LOCKED	49	PENDING_REVIEW	SOURCE_REVIEWED_VALUE	COMPLETE	vendor/linux/include/uapi/linux/securebits.h;vendor/linux/include/uapi/linux/securebits.h:49;rewrite/configs/x86_64/frozen.config;header_closure=rewrite/metadata/header_closure.tsv;selected=PENDING_REVIEW	425f94c2954b1fe80ebdbf9b29854e89750355df	4b3c71164770b88c50ee0fdea1f9dad1ab22d149646f65e749e5ec67a0a892f7	1ea580a00189e55a7260632d9a45231fb33eb04c4131e6696d601ab956b10111	0123af9e96b58af4e98b91a2de5608d36b63c67864b9041d3340587f3dbe40d2	cfa8dcf0d81c408de38d4202fe1ce9d9e5e301d1e67439c9530da94b1e64ee3f	7484d7b0dd80f45e18d726b04752827fe28555cc5c1af0e127948380e6688abf
semantic-proposal-v1	SC1-78628f639c6cb1e5b0604976b8c2a1df0ec40df0ddd9f7a7ca607c22a61028b1	S016368	3	P01	SYMBOLS.tsv	404011	status	x86_64	include/uapi/linux/securebits.h	operative_macro	SECURE_NO_CAP_AMBIENT_RAISE_LOCKED	49	PENDING_REVIEW	COMPLETE	COMPLETE	vendor/linux/include/uapi/linux/securebits.h;vendor/linux/include/uapi/linux/securebits.h:49;rewrite/configs/x86_64/frozen.config;header_closure=rewrite/metadata/header_closure.tsv;selected=PENDING_REVIEW	425f94c2954b1fe80ebdbf9b29854e89750355df	4b3c71164770b88c50ee0fdea1f9dad1ab22d149646f65e749e5ec67a0a892f7	1ea580a00189e55a7260632d9a45231fb33eb04c4131e6696d601ab956b10111	0123af9e96b58af4e98b91a2de5608d36b63c67864b9041d3340587f3dbe40d2	cfa8dcf0d81c408de38d4202fe1ce9d9e5e301d1e67439c9530da94b1e64ee3f	7484d7b0dd80f45e18d726b04752827fe28555cc5c1af0e127948380e6688abf
semantic-proposal-v1	SC1-4c3d75ae65a813ed76f63ad6ec13d7b153c1e3c3ba59fd03f979c4bea26383fc	S016368	3	P01	SYMBOLS.tsv	404012	selection_expression	x86_64	include/uapi/linux/securebits.h	operative_macro	SECBIT_NO_CAP_AMBIENT_RAISE	51	PENDING_REVIEW	SOURCE_REVIEWED_VALUE	COMPLETE	vendor/linux/include/uapi/linux/securebits.h;vendor/linux/include/uapi/linux/securebits.h:51;rewrite/configs/x86_64/frozen.config;header_closure=rewrite/metadata/header_closure.tsv;selected=PENDING_REVIEW	425f94c2954b1fe80ebdbf9b29854e89750355df	4b3c71164770b88c50ee0fdea1f9dad1ab22d149646f65e749e5ec67a0a892f7	1ea580a00189e55a7260632d9a45231fb33eb04c4131e6696d601ab956b10111	0123af9e96b58af4e98b91a2de5608d36b63c67864b9041d3340587f3dbe40d2	cfa8dcf0d81c408de38d4202fe1ce9d9e5e301d1e67439c9530da94b1e64ee3f	7484d7b0dd80f45e18d726b04752827fe28555cc5c1af0e127948380e6688abf
semantic-proposal-v1	SC1-905f8f8337953fa6f12e57e8017a9bb04ee9e47e3d70605e74f9d2a9fd0bbd48	S016368	3	P01	SYMBOLS.tsv	404012	status	x86_64	include/uapi/linux/securebits.h	operative_macro	SECBIT_NO_CAP_AMBIENT_RAISE	51	PENDING_REVIEW	COMPLETE	COMPLETE	vendor/linux/include/uapi/linux/securebits.h;vendor/linux/include/uapi/linux/securebits.h:51;rewrite/configs/x86_64/frozen.config;header_closure=rewrite/metadata/header_closure.tsv;selected=PENDING_REVIEW	425f94c2954b1fe80ebdbf9b29854e89750355df	4b3c71164770b88c50ee0fdea1f9dad1ab22d149646f65e749e5ec67a0a892f7	1ea580a00189e55a7260632d9a45231fb33eb04c4131e6696d601ab956b10111	0123af9e96b58af4e98b91a2de5608d36b63c67864b9041d3340587f3dbe40d2	cfa8dcf0d81c408de38d4202fe1ce9d9e5e301d1e67439c9530da94b1e64ee3f	7484d7b0dd80f45e18d726b04752827fe28555cc5c1af0e127948380e6688abf
semantic-proposal-v1	SC1-e090ad5cd5ce2a167676c4f1a349c87424baaed69ae33742c5c4666b580fd191	S016368	3	P01	SYMBOLS.tsv	404013	selection_expression	x86_64	include/uapi/linux/securebits.h	operative_macro	SECBIT_NO_CAP_AMBIENT_RAISE_LOCKED	52	PENDING_REVIEW	SOURCE_REVIEWED_VALUE	COMPLETE	vendor/linux/include/uapi/linux/securebits.h;vendor/linux/include/uapi/linux/securebits.h:52;rewrite/configs/x86_64/frozen.config;header_closure=rewrite/metadata/header_closure.tsv;selected=PENDING_REVIEW	425f94c2954b1fe80ebdbf9b29854e89750355df	4b3c71164770b88c50ee0fdea1f9dad1ab22d149646f65e749e5ec67a0a892f7	1ea580a00189e55a7260632d9a45231fb33eb04c4131e6696d601ab956b10111	0123af9e96b58af4e98b91a2de5608d36b63c67864b9041d3340587f3dbe40d2	cfa8dcf0d81c408de38d4202fe1ce9d9e5e301d1e67439c9530da94b1e64ee3f	7484d7b0dd80f45e18d726b04752827fe28555cc5c1af0e127948380e6688abf
semantic-proposal-v1	SC1-c3dfbc71b403db39f7d1d35b522f1cc4d3e1fd7a71b4fa5f0188565a288e9f28	S016368	3	P01	SYMBOLS.tsv	404013	status	x86_64	include/uapi/linux/securebits.h	operative_macro	SECBIT_NO_CAP_AMBIENT_RAISE_LOCKED	52	PENDING_REVIEW	COMPLETE	COMPLETE	vendor/linux/include/uapi/linux/securebits.h;vendor/linux/include/uapi/linux/securebits.h:52;rewrite/configs/x86_64/frozen.config;header_closure=rewrite/metadata/header_closure.tsv;selected=PENDING_REVIEW	425f94c2954b1fe80ebdbf9b29854e89750355df	4b3c71164770b88c50ee0fdea1f9dad1ab22d149646f65e749e5ec67a0a892f7	1ea580a00189e55a7260632d9a45231fb33eb04c4131e6696d601ab956b10111	0123af9e96b58af4e98b91a2de5608d36b63c67864b9041d3340587f3dbe40d2	cfa8dcf0d81c408de38d4202fe1ce9d9e5e301d1e67439c9530da94b1e64ee3f	7484d7b0dd80f45e18d726b04752827fe28555cc5c1af0e127948380e6688abf
semantic-proposal-v1	SC1-06063831ff101dc840241479272ec8afce23603b2402f742bcce2e628d7a2e71	S016368	3	P01	SYMBOLS.tsv	404014	selection_expression	x86_64	include/uapi/linux/securebits.h	operative_macro	SECURE_EXEC_RESTRICT_FILE	56	PENDING_REVIEW	SOURCE_REVIEWED_VALUE	COMPLETE	vendor/linux/include/uapi/linux/securebits.h;vendor/linux/include/uapi/linux/securebits.h:56;rewrite/configs/x86_64/frozen.config;header_closure=rewrite/metadata/header_closure.tsv;selected=PENDING_REVIEW	425f94c2954b1fe80ebdbf9b29854e89750355df	4b3c71164770b88c50ee0fdea1f9dad1ab22d149646f65e749e5ec67a0a892f7	1ea580a00189e55a7260632d9a45231fb33eb04c4131e6696d601ab956b10111	0123af9e96b58af4e98b91a2de5608d36b63c67864b9041d3340587f3dbe40d2	cfa8dcf0d81c408de38d4202fe1ce9d9e5e301d1e67439c9530da94b1e64ee3f	7484d7b0dd80f45e18d726b04752827fe28555cc5c1af0e127948380e6688abf
semantic-proposal-v1	SC1-a84922259c215d7cdfcdd316a4041284b40d9110f3125c0fe9e4e19cca0e681f	S016368	3	P01	SYMBOLS.tsv	404014	status	x86_64	include/uapi/linux/securebits.h	operative_macro	SECURE_EXEC_RESTRICT_FILE	56	PENDING_REVIEW	COMPLETE	COMPLETE	vendor/linux/include/uapi/linux/securebits.h;vendor/linux/include/uapi/linux/securebits.h:56;rewrite/configs/x86_64/frozen.config;header_closure=rewrite/metadata/header_closure.tsv;selected=PENDING_REVIEW	425f94c2954b1fe80ebdbf9b29854e89750355df	4b3c71164770b88c50ee0fdea1f9dad1ab22d149646f65e749e5ec67a0a892f7	1ea580a00189e55a7260632d9a45231fb33eb04c4131e6696d601ab956b10111	0123af9e96b58af4e98b91a2de5608d36b63c67864b9041d3340587f3dbe40d2	cfa8dcf0d81c408de38d4202fe1ce9d9e5e301d1e67439c9530da94b1e64ee3f	7484d7b0dd80f45e18d726b04752827fe28555cc5c1af0e127948380e6688abf
semantic-proposal-v1	SC1-e99b209ed5c9f544189e42564fcc311e63fa6c73dd9e42945408da11224eb497	S016368	3	P01	SYMBOLS.tsv	404015	selection_expression	x86_64	include/uapi/linux/securebits.h	operative_macro	SECURE_EXEC_RESTRICT_FILE_LOCKED	57	PENDING_REVIEW	SOURCE_REVIEWED_VALUE	COMPLETE	vendor/linux/include/uapi/linux/securebits.h;vendor/linux/include/uapi/linux/securebits.h:57;rewrite/configs/x86_64/frozen.config;header_closure=rewrite/metadata/header_closure.tsv;selected=PENDING_REVIEW	425f94c2954b1fe80ebdbf9b29854e89750355df	4b3c71164770b88c50ee0fdea1f9dad1ab22d149646f65e749e5ec67a0a892f7	1ea580a00189e55a7260632d9a45231fb33eb04c4131e6696d601ab956b10111	0123af9e96b58af4e98b91a2de5608d36b63c67864b9041d3340587f3dbe40d2	cfa8dcf0d81c408de38d4202fe1ce9d9e5e301d1e67439c9530da94b1e64ee3f	7484d7b0dd80f45e18d726b04752827fe28555cc5c1af0e127948380e6688abf
semantic-proposal-v1	SC1-c83e47bf2a532302ecf4abe5bac0e3c91f83608b1e1ecc33089a24f9747b0ede	S016368	3	P01	SYMBOLS.tsv	404015	status	x86_64	include/uapi/linux/securebits.h	operative_macro	SECURE_EXEC_RESTRICT_FILE_LOCKED	57	PENDING_REVIEW	COMPLETE	COMPLETE	vendor/linux/include/uapi/linux/securebits.h;vendor/linux/include/uapi/linux/securebits.h:57;rewrite/configs/x86_64/frozen.config;header_closure=rewrite/metadata/header_closure.tsv;selected=PENDING_REVIEW	425f94c2954b1fe80ebdbf9b29854e89750355df	4b3c71164770b88c50ee0fdea1f9dad1ab22d149646f65e749e5ec67a0a892f7	1ea580a00189e55a7260632d9a45231fb33eb04c4131e6696d601ab956b10111	0123af9e96b58af4e98b91a2de5608d36b63c67864b9041d3340587f3dbe40d2	cfa8dcf0d81c408de38d4202fe1ce9d9e5e301d1e67439c9530da94b1e64ee3f	7484d7b0dd80f45e18d726b04752827fe28555cc5c1af0e127948380e6688abf
semantic-proposal-v1	SC1-b7d207e366c00b0cf742dec99035fadd43bf199570f52782b9dec2539741e19a	S016368	3	P01	SYMBOLS.tsv	404016	selection_expression	x86_64	include/uapi/linux/securebits.h	operative_macro	SECBIT_EXEC_RESTRICT_FILE	59	PENDING_REVIEW	SOURCE_REVIEWED_VALUE	COMPLETE	vendor/linux/include/uapi/linux/securebits.h;vendor/linux/include/uapi/linux/securebits.h:59;rewrite/configs/x86_64/frozen.config;header_closure=rewrite/metadata/header_closure.tsv;selected=PENDING_REVIEW	425f94c2954b1fe80ebdbf9b29854e89750355df	4b3c71164770b88c50ee0fdea1f9dad1ab22d149646f65e749e5ec67a0a892f7	1ea580a00189e55a7260632d9a45231fb33eb04c4131e6696d601ab956b10111	0123af9e96b58af4e98b91a2de5608d36b63c67864b9041d3340587f3dbe40d2	cfa8dcf0d81c408de38d4202fe1ce9d9e5e301d1e67439c9530da94b1e64ee3f	7484d7b0dd80f45e18d726b04752827fe28555cc5c1af0e127948380e6688abf
semantic-proposal-v1	SC1-900590a1ad21da9c08ee206b49ecf58713fa1d1cabd79e2e9e2fbf3dfb1d4dcf	S016368	3	P01	SYMBOLS.tsv	404016	status	x86_64	include/uapi/linux/securebits.h	operative_macro	SECBIT_EXEC_RESTRICT_FILE	59	PENDING_REVIEW	COMPLETE	COMPLETE	vendor/linux/include/uapi/linux/securebits.h;vendor/linux/include/uapi/linux/securebits.h:59;rewrite/configs/x86_64/frozen.config;header_closure=rewrite/metadata/header_closure.tsv;selected=PENDING_REVIEW	425f94c2954b1fe80ebdbf9b29854e89750355df	4b3c71164770b88c50ee0fdea1f9dad1ab22d149646f65e749e5ec67a0a892f7	1ea580a00189e55a7260632d9a45231fb33eb04c4131e6696d601ab956b10111	0123af9e96b58af4e98b91a2de5608d36b63c67864b9041d3340587f3dbe40d2	cfa8dcf0d81c408de38d4202fe1ce9d9e5e301d1e67439c9530da94b1e64ee3f	7484d7b0dd80f45e18d726b04752827fe28555cc5c1af0e127948380e6688abf
semantic-proposal-v1	SC1-d45b2745be04d7ad6ea332605fe58d963833d6e1190a54470a88ccf56d7d4386	S016368	3	P01	SYMBOLS.tsv	404017	selection_expression	x86_64	include/uapi/linux/securebits.h	operative_macro	SECBIT_EXEC_RESTRICT_FILE_LOCKED	60	PENDING_REVIEW	SOURCE_REVIEWED_VALUE	COMPLETE	vendor/linux/include/uapi/linux/securebits.h;vendor/linux/include/uapi/linux/securebits.h:60;rewrite/configs/x86_64/frozen.config;header_closure=rewrite/metadata/header_closure.tsv;selected=PENDING_REVIEW	425f94c2954b1fe80ebdbf9b29854e89750355df	4b3c71164770b88c50ee0fdea1f9dad1ab22d149646f65e749e5ec67a0a892f7	1ea580a00189e55a7260632d9a45231fb33eb04c4131e6696d601ab956b10111	0123af9e96b58af4e98b91a2de5608d36b63c67864b9041d3340587f3dbe40d2	cfa8dcf0d81c408de38d4202fe1ce9d9e5e301d1e67439c9530da94b1e64ee3f	7484d7b0dd80f45e18d726b04752827fe28555cc5c1af0e127948380e6688abf
semantic-proposal-v1	SC1-18c9229f1e60665db797884e402cab1012a66ebe8a90ecbf37fb4ceadb4a298e	S016368	3	P01	SYMBOLS.tsv	404017	status	x86_64	include/uapi/linux/securebits.h	operative_macro	SECBIT_EXEC_RESTRICT_FILE_LOCKED	60	PENDING_REVIEW	COMPLETE	COMPLETE	vendor/linux/include/uapi/linux/securebits.h;vendor/linux/include/uapi/linux/securebits.h:60;rewrite/configs/x86_64/frozen.config;header_closure=rewrite/metadata/header_closure.tsv;selected=PENDING_REVIEW	425f94c2954b1fe80ebdbf9b29854e89750355df	4b3c71164770b88c50ee0fdea1f9dad1ab22d149646f65e749e5ec67a0a892f7	1ea580a00189e55a7260632d9a45231fb33eb04c4131e6696d601ab956b10111	0123af9e96b58af4e98b91a2de5608d36b63c67864b9041d3340587f3dbe40d2	cfa8dcf0d81c408de38d4202fe1ce9d9e5e301d1e67439c9530da94b1e64ee3f	7484d7b0dd80f45e18d726b04752827fe28555cc5c1af0e127948380e6688abf
semantic-proposal-v1	SC1-9d72dd45c4c95e12155b7642c3ef2f446efb8fc0f9e49af537d4051e0544b8b7	S016368	3	P01	SYMBOLS.tsv	404018	selection_expression	x86_64	include/uapi/linux/securebits.h	operative_macro	SECURE_EXEC_DENY_INTERACTIVE	64	PENDING_REVIEW	SOURCE_REVIEWED_VALUE	COMPLETE	vendor/linux/include/uapi/linux/securebits.h;vendor/linux/include/uapi/linux/securebits.h:64;rewrite/configs/x86_64/frozen.config;header_closure=rewrite/metadata/header_closure.tsv;selected=PENDING_REVIEW	425f94c2954b1fe80ebdbf9b29854e89750355df	4b3c71164770b88c50ee0fdea1f9dad1ab22d149646f65e749e5ec67a0a892f7	1ea580a00189e55a7260632d9a45231fb33eb04c4131e6696d601ab956b10111	0123af9e96b58af4e98b91a2de5608d36b63c67864b9041d3340587f3dbe40d2	cfa8dcf0d81c408de38d4202fe1ce9d9e5e301d1e67439c9530da94b1e64ee3f	7484d7b0dd80f45e18d726b04752827fe28555cc5c1af0e127948380e6688abf
semantic-proposal-v1	SC1-499e90d12d3918539f840e67bb2550bc9f40367f9015040744a15b83ac31e95c	S016368	3	P01	SYMBOLS.tsv	404018	status	x86_64	include/uapi/linux/securebits.h	operative_macro	SECURE_EXEC_DENY_INTERACTIVE	64	PENDING_REVIEW	COMPLETE	COMPLETE	vendor/linux/include/uapi/linux/securebits.h;vendor/linux/include/uapi/linux/securebits.h:64;rewrite/configs/x86_64/frozen.config;header_closure=rewrite/metadata/header_closure.tsv;selected=PENDING_REVIEW	425f94c2954b1fe80ebdbf9b29854e89750355df	4b3c71164770b88c50ee0fdea1f9dad1ab22d149646f65e749e5ec67a0a892f7	1ea580a00189e55a7260632d9a45231fb33eb04c4131e6696d601ab956b10111	0123af9e96b58af4e98b91a2de5608d36b63c67864b9041d3340587f3dbe40d2	cfa8dcf0d81c408de38d4202fe1ce9d9e5e301d1e67439c9530da94b1e64ee3f	7484d7b0dd80f45e18d726b04752827fe28555cc5c1af0e127948380e6688abf
semantic-proposal-v1	SC1-45682c56352d1bbf884228fb9fa1620b78d5748c13791587a9574a12d1b72eb4	S016368	3	P01	SYMBOLS.tsv	404019	selection_expression	x86_64	include/uapi/linux/securebits.h	operative_macro	SECURE_EXEC_DENY_INTERACTIVE_LOCKED	65	PENDING_REVIEW	SOURCE_REVIEWED_VALUE	COMPLETE	vendor/linux/include/uapi/linux/securebits.h;vendor/linux/include/uapi/linux/securebits.h:65;rewrite/configs/x86_64/frozen.config;header_closure=rewrite/metadata/header_closure.tsv;selected=PENDING_REVIEW	425f94c2954b1fe80ebdbf9b29854e89750355df	4b3c71164770b88c50ee0fdea1f9dad1ab22d149646f65e749e5ec67a0a892f7	1ea580a00189e55a7260632d9a45231fb33eb04c4131e6696d601ab956b10111	0123af9e96b58af4e98b91a2de5608d36b63c67864b9041d3340587f3dbe40d2	cfa8dcf0d81c408de38d4202fe1ce9d9e5e301d1e67439c9530da94b1e64ee3f	7484d7b0dd80f45e18d726b04752827fe28555cc5c1af0e127948380e6688abf
semantic-proposal-v1	SC1-7aa6bea4ba98f436058c9f97c193992aa9a1d1f1bdc733ea0e2bf20d3124110d	S016368	3	P01	SYMBOLS.tsv	404019	status	x86_64	include/uapi/linux/securebits.h	operative_macro	SECURE_EXEC_DENY_INTERACTIVE_LOCKED	65	PENDING_REVIEW	COMPLETE	COMPLETE	vendor/linux/include/uapi/linux/securebits.h;vendor/linux/include/uapi/linux/securebits.h:65;rewrite/configs/x86_64/frozen.config;header_closure=rewrite/metadata/header_closure.tsv;selected=PENDING_REVIEW	425f94c2954b1fe80ebdbf9b29854e89750355df	4b3c71164770b88c50ee0fdea1f9dad1ab22d149646f65e749e5ec67a0a892f7	1ea580a00189e55a7260632d9a45231fb33eb04c4131e6696d601ab956b10111	0123af9e96b58af4e98b91a2de5608d36b63c67864b9041d3340587f3dbe40d2	cfa8dcf0d81c408de38d4202fe1ce9d9e5e301d1e67439c9530da94b1e64ee3f	7484d7b0dd80f45e18d726b04752827fe28555cc5c1af0e127948380e6688abf
semantic-proposal-v1	SC1-914d5f2df2b4bcc08021b195efb0c9fc7c95c483f43878b6f2390fce12857ae8	S016368	3	P01	SYMBOLS.tsv	404020	selection_expression	x86_64	include/uapi/linux/securebits.h	operative_macro	SECBIT_EXEC_DENY_INTERACTIVE	67	PENDING_REVIEW	SOURCE_REVIEWED_VALUE	COMPLETE	vendor/linux/include/uapi/linux/securebits.h;vendor/linux/include/uapi/linux/securebits.h:67;rewrite/configs/x86_64/frozen.config;header_closure=rewrite/metadata/header_closure.tsv;selected=PENDING_REVIEW	425f94c2954b1fe80ebdbf9b29854e89750355df	4b3c71164770b88c50ee0fdea1f9dad1ab22d149646f65e749e5ec67a0a892f7	1ea580a00189e55a7260632d9a45231fb33eb04c4131e6696d601ab956b10111	0123af9e96b58af4e98b91a2de5608d36b63c67864b9041d3340587f3dbe40d2	cfa8dcf0d81c408de38d4202fe1ce9d9e5e301d1e67439c9530da94b1e64ee3f	7484d7b0dd80f45e18d726b04752827fe28555cc5c1af0e127948380e6688abf
semantic-proposal-v1	SC1-e40647098a8897a7b449014d8036511b646804f3e53b8a50a494d857e95c5818	S016368	3	P01	SYMBOLS.tsv	404020	status	x86_64	include/uapi/linux/securebits.h	operative_macro	SECBIT_EXEC_DENY_INTERACTIVE	67	PENDING_REVIEW	COMPLETE	COMPLETE	vendor/linux/include/uapi/linux/securebits.h;vendor/linux/include/uapi/linux/securebits.h:67;rewrite/configs/x86_64/frozen.config;header_closure=rewrite/metadata/header_closure.tsv;selected=PENDING_REVIEW	425f94c2954b1fe80ebdbf9b29854e89750355df	4b3c71164770b88c50ee0fdea1f9dad1ab22d149646f65e749e5ec67a0a892f7	1ea580a00189e55a7260632d9a45231fb33eb04c4131e6696d601ab956b10111	0123af9e96b58af4e98b91a2de5608d36b63c67864b9041d3340587f3dbe40d2	cfa8dcf0d81c408de38d4202fe1ce9d9e5e301d1e67439c9530da94b1e64ee3f	7484d7b0dd80f45e18d726b04752827fe28555cc5c1af0e127948380e6688abf
semantic-proposal-v1	SC1-31e7e0db9617041eb717bd074bf466b2ed5b5931018fd5f3dff65e3a7a75c92c	S016368	3	P01	SYMBOLS.tsv	404021	selection_expression	x86_64	include/uapi/linux/securebits.h	operative_macro	SECBIT_EXEC_DENY_INTERACTIVE_LOCKED	69	PENDING_REVIEW	SOURCE_REVIEWED_VALUE	COMPLETE	vendor/linux/include/uapi/linux/securebits.h;vendor/linux/include/uapi/linux/securebits.h:69;rewrite/configs/x86_64/frozen.config;header_closure=rewrite/metadata/header_closure.tsv;selected=PENDING_REVIEW	425f94c2954b1fe80ebdbf9b29854e89750355df	4b3c71164770b88c50ee0fdea1f9dad1ab22d149646f65e749e5ec67a0a892f7	1ea580a00189e55a7260632d9a45231fb33eb04c4131e6696d601ab956b10111	0123af9e96b58af4e98b91a2de5608d36b63c67864b9041d3340587f3dbe40d2	cfa8dcf0d81c408de38d4202fe1ce9d9e5e301d1e67439c9530da94b1e64ee3f	7484d7b0dd80f45e18d726b04752827fe28555cc5c1af0e127948380e6688abf
semantic-proposal-v1	SC1-2d8a9dfae554e061e2ed1a6c86cc85c5e9355f53c61601bd963c09cebee6c9c2	S016368	3	P01	SYMBOLS.tsv	404021	status	x86_64	include/uapi/linux/securebits.h	operative_macro	SECBIT_EXEC_DENY_INTERACTIVE_LOCKED	69	PENDING_REVIEW	COMPLETE	COMPLETE	vendor/linux/include/uapi/linux/securebits.h;vendor/linux/include/uapi/linux/securebits.h:69;rewrite/configs/x86_64/frozen.config;header_closure=rewrite/metadata/header_closure.tsv;selected=PENDING_REVIEW	425f94c2954b1fe80ebdbf9b29854e89750355df	4b3c71164770b88c50ee0fdea1f9dad1ab22d149646f65e749e5ec67a0a892f7	1ea580a00189e55a7260632d9a45231fb33eb04c4131e6696d601ab956b10111	0123af9e96b58af4e98b91a2de5608d36b63c67864b9041d3340587f3dbe40d2	cfa8dcf0d81c408de38d4202fe1ce9d9e5e301d1e67439c9530da94b1e64ee3f	7484d7b0dd80f45e18d726b04752827fe28555cc5c1af0e127948380e6688abf
semantic-proposal-v1	SC1-e16627c270ce11559ea8eb168ca8cfa508252b9cb10b24796980745aca2f491f	S016368	3	P01	SYMBOLS.tsv	404022	selection_expression	x86_64	include/uapi/linux/securebits.h	operative_macro	SECURE_ALL_BITS	72	PENDING_REVIEW	SOURCE_REVIEWED_VALUE	COMPLETE	vendor/linux/include/uapi/linux/securebits.h;vendor/linux/include/uapi/linux/securebits.h:72;rewrite/configs/x86_64/frozen.config;header_closure=rewrite/metadata/header_closure.tsv;selected=PENDING_REVIEW	425f94c2954b1fe80ebdbf9b29854e89750355df	4b3c71164770b88c50ee0fdea1f9dad1ab22d149646f65e749e5ec67a0a892f7	1ea580a00189e55a7260632d9a45231fb33eb04c4131e6696d601ab956b10111	0123af9e96b58af4e98b91a2de5608d36b63c67864b9041d3340587f3dbe40d2	cfa8dcf0d81c408de38d4202fe1ce9d9e5e301d1e67439c9530da94b1e64ee3f	7484d7b0dd80f45e18d726b04752827fe28555cc5c1af0e127948380e6688abf
semantic-proposal-v1	SC1-00841452531b26923c3da940e7ed66c938311b8af9820e58ea317a69d016d0bb	S016368	3	P01	SYMBOLS.tsv	404022	status	x86_64	include/uapi/linux/securebits.h	operative_macro	SECURE_ALL_BITS	72	PENDING_REVIEW	COMPLETE	COMPLETE	vendor/linux/include/uapi/linux/securebits.h;vendor/linux/include/uapi/linux/securebits.h:72;rewrite/configs/x86_64/frozen.config;header_closure=rewrite/metadata/header_closure.tsv;selected=PENDING_REVIEW	425f94c2954b1fe80ebdbf9b29854e89750355df	4b3c71164770b88c50ee0fdea1f9dad1ab22d149646f65e749e5ec67a0a892f7	1ea580a00189e55a7260632d9a45231fb33eb04c4131e6696d601ab956b10111	0123af9e96b58af4e98b91a2de5608d36b63c67864b9041d3340587f3dbe40d2	cfa8dcf0d81c408de38d4202fe1ce9d9e5e301d1e67439c9530da94b1e64ee3f	7484d7b0dd80f45e18d726b04752827fe28555cc5c1af0e127948380e6688abf
semantic-proposal-v1	SC1-0ffac7dcf1fa2327584d00fb298b218321a4ad4b9e780eaf32d1ab34f99b535f	S016368	3	P01	SYMBOLS.tsv	404023	selection_expression	x86_64	include/uapi/linux/securebits.h	operative_macro	SECURE_ALL_LOCKS	78	PENDING_REVIEW	SOURCE_REVIEWED_VALUE	COMPLETE	vendor/linux/include/uapi/linux/securebits.h;vendor/linux/include/uapi/linux/securebits.h:78;rewrite/configs/x86_64/frozen.config;header_closure=rewrite/metadata/header_closure.tsv;selected=PENDING_REVIEW	425f94c2954b1fe80ebdbf9b29854e89750355df	4b3c71164770b88c50ee0fdea1f9dad1ab22d149646f65e749e5ec67a0a892f7	1ea580a00189e55a7260632d9a45231fb33eb04c4131e6696d601ab956b10111	0123af9e96b58af4e98b91a2de5608d36b63c67864b9041d3340587f3dbe40d2	cfa8dcf0d81c408de38d4202fe1ce9d9e5e301d1e67439c9530da94b1e64ee3f	7484d7b0dd80f45e18d726b04752827fe28555cc5c1af0e127948380e6688abf
semantic-proposal-v1	SC1-eb20704eba2fe65e5cf5852124b9bd831ddf2dac60930374e7e54172397de11b	S016368	3	P01	SYMBOLS.tsv	404023	status	x86_64	include/uapi/linux/securebits.h	operative_macro	SECURE_ALL_LOCKS	78	PENDING_REVIEW	COMPLETE	COMPLETE	vendor/linux/include/uapi/linux/securebits.h;vendor/linux/include/uapi/linux/securebits.h:78;rewrite/configs/x86_64/frozen.config;header_closure=rewrite/metadata/header_closure.tsv;selected=PENDING_REVIEW	425f94c2954b1fe80ebdbf9b29854e89750355df	4b3c71164770b88c50ee0fdea1f9dad1ab22d149646f65e749e5ec67a0a892f7	1ea580a00189e55a7260632d9a45231fb33eb04c4131e6696d601ab956b10111	0123af9e96b58af4e98b91a2de5608d36b63c67864b9041d3340587f3dbe40d2	cfa8dcf0d81c408de38d4202fe1ce9d9e5e301d1e67439c9530da94b1e64ee3f	7484d7b0dd80f45e18d726b04752827fe28555cc5c1af0e127948380e6688abf
semantic-proposal-v1	SC1-cbe26c8cdf9653c268b27b37033b460e3ce5c519ff0efb3265131e5769722973	S016368	3	P01	SYMBOLS.tsv	404024	selection_expression	x86_64	include/uapi/linux/securebits.h	operative_macro	SECURE_ALL_UNPRIVILEGED	80	PENDING_REVIEW	SOURCE_REVIEWED_VALUE	COMPLETE	vendor/linux/include/uapi/linux/securebits.h;vendor/linux/include/uapi/linux/securebits.h:80;rewrite/configs/x86_64/frozen.config;header_closure=rewrite/metadata/header_closure.tsv;selected=PENDING_REVIEW	425f94c2954b1fe80ebdbf9b29854e89750355df	4b3c71164770b88c50ee0fdea1f9dad1ab22d149646f65e749e5ec67a0a892f7	1ea580a00189e55a7260632d9a45231fb33eb04c4131e6696d601ab956b10111	0123af9e96b58af4e98b91a2de5608d36b63c67864b9041d3340587f3dbe40d2	cfa8dcf0d81c408de38d4202fe1ce9d9e5e301d1e67439c9530da94b1e64ee3f	7484d7b0dd80f45e18d726b04752827fe28555cc5c1af0e127948380e6688abf
semantic-proposal-v1	SC1-99992adc5f411c054755e065a5ac180b394359704c13712735a24ca2fbb9563e	S016368	3	P01	SYMBOLS.tsv	404024	status	x86_64	include/uapi/linux/securebits.h	operative_macro	SECURE_ALL_UNPRIVILEGED	80	PENDING_REVIEW	COMPLETE	COMPLETE	vendor/linux/include/uapi/linux/securebits.h;vendor/linux/include/uapi/linux/securebits.h:80;rewrite/configs/x86_64/frozen.config;header_closure=rewrite/metadata/header_closure.tsv;selected=PENDING_REVIEW	425f94c2954b1fe80ebdbf9b29854e89750355df	4b3c71164770b88c50ee0fdea1f9dad1ab22d149646f65e749e5ec67a0a892f7	1ea580a00189e55a7260632d9a45231fb33eb04c4131e6696d601ab956b10111	0123af9e96b58af4e98b91a2de5608d36b63c67864b9041d3340587f3dbe40d2	cfa8dcf0d81c408de38d4202fe1ce9d9e5e301d1e67439c9530da94b1e64ee3f	7484d7b0dd80f45e18d726b04752827fe28555cc5c1af0e127948380e6688abf
