schema_version	record_key	task_id	attempt	pipeline_id	manifest	base_row	field	architecture	linux_path	record_kind	symbol_name	source_line	old_value	final_value	decision_status	source_citations	linux_sha	candidate_sha256	implementation_sha256	phase0_identity_sha256	queue_fingerprint	base_manifest_sha256
semantic-proposal-v1	SC1-b6d127d264de9711a181c9115ae5da495aa9402f047fad1a2269e23d92aee22f	S016234	2	P01	SCOPE.tsv	16235	semantic_status	common	include/uapi/linux/major.h	scope	S016234	0	PENDING_REVIEW			vendor/linux/include/uapi/linux/major.h;rewrite/metadata/header_closure.tsv	425f94c2954b1fe80ebdbf9b29854e89750355df	3e1dbcffdc528f998e98ebd455723af10e20231caede3d4091c9ff69d7ea4b32	05f1654b63cfaaf1efbb001cd9ec5ccb65b8e73c5c0b5f3e48e93b45f16463b3	0123af9e96b58af4e98b91a2de5608d36b63c67864b9041d3340587f3dbe40d2	cfa8dcf0d81c408de38d4202fe1ce9d9e5e301d1e67439c9530da94b1e64ee3f	b83349e6731e17e5da5e04a0ea053487e8ac8d9269538dbdb367d83f77b17e0a
semantic-proposal-v1	SC1-5a7398bbccd7a70836df244538704903ba9e2da7524cd6193fe4848a01603389	S016234	2	P01	SYMBOLS.tsv	381345	status	aarch64	include/uapi/linux/major.h	conditional	ifndef@2	2	PENDING_REVIEW			vendor/linux/include/uapi/linux/major.h;vendor/linux/include/uapi/linux/major.h:2;rewrite/configs/aarch64/frozen.config;header_closure=rewrite/metadata/header_closure.tsv;selected=PENDING_REVIEW	425f94c2954b1fe80ebdbf9b29854e89750355df	3e1dbcffdc528f998e98ebd455723af10e20231caede3d4091c9ff69d7ea4b32	05f1654b63cfaaf1efbb001cd9ec5ccb65b8e73c5c0b5f3e48e93b45f16463b3	0123af9e96b58af4e98b91a2de5608d36b63c67864b9041d3340587f3dbe40d2	cfa8dcf0d81c408de38d4202fe1ce9d9e5e301d1e67439c9530da94b1e64ee3f	7484d7b0dd80f45e18d726b04752827fe28555cc5c1af0e127948380e6688abf
semantic-proposal-v1	SC1-d8ca9332a74eb553b0632c0a1f94388fb48a9c966229d6592c6974ad2c1eeed6	S016234	2	P01	SYMBOLS.tsv	381346	status	aarch64	include/uapi/linux/major.h	conditional	endif@178	178	PENDING_REVIEW			vendor/linux/include/uapi/linux/major.h;vendor/linux/include/uapi/linux/major.h:178;rewrite/configs/aarch64/frozen.config;header_closure=rewrite/metadata/header_closure.tsv;selected=PENDING_REVIEW	425f94c2954b1fe80ebdbf9b29854e89750355df	3e1dbcffdc528f998e98ebd455723af10e20231caede3d4091c9ff69d7ea4b32	05f1654b63cfaaf1efbb001cd9ec5ccb65b8e73c5c0b5f3e48e93b45f16463b3	0123af9e96b58af4e98b91a2de5608d36b63c67864b9041d3340587f3dbe40d2	cfa8dcf0d81c408de38d4202fe1ce9d9e5e301d1e67439c9530da94b1e64ee3f	7484d7b0dd80f45e18d726b04752827fe28555cc5c1af0e127948380e6688abf
semantic-proposal-v1	SC1-4a5bcb0dff91e3e86f4e8c92118d743725f068fc3d30064422e3873014227af0	S016234	2	P01	SYMBOLS.tsv	381347	selection_expression	aarch64	include/uapi/linux/major.h	operative_macro	_LINUX_MAJOR_H	3	PENDING_REVIEW			vendor/linux/include/uapi/linux/major.h;vendor/linux/include/uapi/linux/major.h:3;rewrite/configs/aarch64/frozen.config;header_closure=rewrite/metadata/header_closure.tsv;selected=PENDING_REVIEW	425f94c2954b1fe80ebdbf9b29854e89750355df	3e1dbcffdc528f998e98ebd455723af10e20231caede3d4091c9ff69d7ea4b32	05f1654b63cfaaf1efbb001cd9ec5ccb65b8e73c5c0b5f3e48e93b45f16463b3	0123af9e96b58af4e98b91a2de5608d36b63c67864b9041d3340587f3dbe40d2	cfa8dcf0d81c408de38d4202fe1ce9d9e5e301d1e67439c9530da94b1e64ee3f	7484d7b0dd80f45e18d726b04752827fe28555cc5c1af0e127948380e6688abf
semantic-proposal-v1	SC1-6865000c690eb9f94aec4b251481877eadf678e14efcd30268613cceddf05be2	S016234	2	P01	SYMBOLS.tsv	381347	status	aarch64	include/uapi/linux/major.h	operative_macro	_LINUX_MAJOR_H	3	PENDING_REVIEW			vendor/linux/include/uapi/linux/major.h;vendor/linux/include/uapi/linux/major.h:3;rewrite/configs/aarch64/frozen.config;header_closure=rewrite/metadata/header_closure.tsv;selected=PENDING_REVIEW	425f94c2954b1fe80ebdbf9b29854e89750355df	3e1dbcffdc528f998e98ebd455723af10e20231caede3d4091c9ff69d7ea4b32	05f1654b63cfaaf1efbb001cd9ec5ccb65b8e73c5c0b5f3e48e93b45f16463b3	0123af9e96b58af4e98b91a2de5608d36b63c67864b9041d3340587f3dbe40d2	cfa8dcf0d81c408de38d4202fe1ce9d9e5e301d1e67439c9530da94b1e64ee3f	7484d7b0dd80f45e18d726b04752827fe28555cc5c1af0e127948380e6688abf
semantic-proposal-v1	SC1-87d8e23c6beae19f5460c2902416b00aaa36bd5dfc6864c86d798cafc0752a46	S016234	2	P01	SYMBOLS.tsv	381348	selection_expression	aarch64	include/uapi/linux/major.h	operative_macro	UNNAMED_MAJOR	10	PENDING_REVIEW			vendor/linux/include/uapi/linux/major.h;vendor/linux/include/uapi/linux/major.h:10;rewrite/configs/aarch64/frozen.config;header_closure=rewrite/metadata/header_closure.tsv;selected=PENDING_REVIEW	425f94c2954b1fe80ebdbf9b29854e89750355df	3e1dbcffdc528f998e98ebd455723af10e20231caede3d4091c9ff69d7ea4b32	05f1654b63cfaaf1efbb001cd9ec5ccb65b8e73c5c0b5f3e48e93b45f16463b3	0123af9e96b58af4e98b91a2de5608d36b63c67864b9041d3340587f3dbe40d2	cfa8dcf0d81c408de38d4202fe1ce9d9e5e301d1e67439c9530da94b1e64ee3f	7484d7b0dd80f45e18d726b04752827fe28555cc5c1af0e127948380e6688abf
semantic-proposal-v1	SC1-0d6d1cde2bdeeb53c649e3091268c14dd462c518ccb26e538488969ba8ef93d0	S016234	2	P01	SYMBOLS.tsv	381348	status	aarch64	include/uapi/linux/major.h	operative_macro	UNNAMED_MAJOR	10	PENDING_REVIEW			vendor/linux/include/uapi/linux/major.h;vendor/linux/include/uapi/linux/major.h:10;rewrite/configs/aarch64/frozen.config;header_closure=rewrite/metadata/header_closure.tsv;selected=PENDING_REVIEW	425f94c2954b1fe80ebdbf9b29854e89750355df	3e1dbcffdc528f998e98ebd455723af10e20231caede3d4091c9ff69d7ea4b32	05f1654b63cfaaf1efbb001cd9ec5ccb65b8e73c5c0b5f3e48e93b45f16463b3	0123af9e96b58af4e98b91a2de5608d36b63c67864b9041d3340587f3dbe40d2	cfa8dcf0d81c408de38d4202fe1ce9d9e5e301d1e67439c9530da94b1e64ee3f	7484d7b0dd80f45e18d726b04752827fe28555cc5c1af0e127948380e6688abf
semantic-proposal-v1	SC1-658bc7dfbcdcf5b6c854c472241a47625c92bbe8ac45ddc292a9d06ffa50924f	S016234	2	P01	SYMBOLS.tsv	381349	selection_expression	aarch64	include/uapi/linux/major.h	operative_macro	MEM_MAJOR	11	PENDING_REVIEW			vendor/linux/include/uapi/linux/major.h;vendor/linux/include/uapi/linux/major.h:11;rewrite/configs/aarch64/frozen.config;header_closure=rewrite/metadata/header_closure.tsv;selected=PENDING_REVIEW	425f94c2954b1fe80ebdbf9b29854e89750355df	3e1dbcffdc528f998e98ebd455723af10e20231caede3d4091c9ff69d7ea4b32	05f1654b63cfaaf1efbb001cd9ec5ccb65b8e73c5c0b5f3e48e93b45f16463b3	0123af9e96b58af4e98b91a2de5608d36b63c67864b9041d3340587f3dbe40d2	cfa8dcf0d81c408de38d4202fe1ce9d9e5e301d1e67439c9530da94b1e64ee3f	7484d7b0dd80f45e18d726b04752827fe28555cc5c1af0e127948380e6688abf
semantic-proposal-v1	SC1-f8dde7eab59308524ad2d5346ea87ee9733ca56254ec831cdb62cd062361a57b	S016234	2	P01	SYMBOLS.tsv	381349	status	aarch64	include/uapi/linux/major.h	operative_macro	MEM_MAJOR	11	PENDING_REVIEW			vendor/linux/include/uapi/linux/major.h;vendor/linux/include/uapi/linux/major.h:11;rewrite/configs/aarch64/frozen.config;header_closure=rewrite/metadata/header_closure.tsv;selected=PENDING_REVIEW	425f94c2954b1fe80ebdbf9b29854e89750355df	3e1dbcffdc528f998e98ebd455723af10e20231caede3d4091c9ff69d7ea4b32	05f1654b63cfaaf1efbb001cd9ec5ccb65b8e73c5c0b5f3e48e93b45f16463b3	0123af9e96b58af4e98b91a2de5608d36b63c67864b9041d3340587f3dbe40d2	cfa8dcf0d81c408de38d4202fe1ce9d9e5e301d1e67439c9530da94b1e64ee3f	7484d7b0dd80f45e18d726b04752827fe28555cc5c1af0e127948380e6688abf
semantic-proposal-v1	SC1-8596e39027d67719ae560e510aef6270536ba46dab8f126a7faf8a6421ef3b6a	S016234	2	P01	SYMBOLS.tsv	381350	selection_expression	aarch64	include/uapi/linux/major.h	operative_macro	RAMDISK_MAJOR	12	PENDING_REVIEW			vendor/linux/include/uapi/linux/major.h;vendor/linux/include/uapi/linux/major.h:12;rewrite/configs/aarch64/frozen.config;header_closure=rewrite/metadata/header_closure.tsv;selected=PENDING_REVIEW	425f94c2954b1fe80ebdbf9b29854e89750355df	3e1dbcffdc528f998e98ebd455723af10e20231caede3d4091c9ff69d7ea4b32	05f1654b63cfaaf1efbb001cd9ec5ccb65b8e73c5c0b5f3e48e93b45f16463b3	0123af9e96b58af4e98b91a2de5608d36b63c67864b9041d3340587f3dbe40d2	cfa8dcf0d81c408de38d4202fe1ce9d9e5e301d1e67439c9530da94b1e64ee3f	7484d7b0dd80f45e18d726b04752827fe28555cc5c1af0e127948380e6688abf
semantic-proposal-v1	SC1-59984267e2d127707739730fdd1fa5cc29b6b11cc1d20f7006e94c2a42e6c531	S016234	2	P01	SYMBOLS.tsv	381350	status	aarch64	include/uapi/linux/major.h	operative_macro	RAMDISK_MAJOR	12	PENDING_REVIEW			vendor/linux/include/uapi/linux/major.h;vendor/linux/include/uapi/linux/major.h:12;rewrite/configs/aarch64/frozen.config;header_closure=rewrite/metadata/header_closure.tsv;selected=PENDING_REVIEW	425f94c2954b1fe80ebdbf9b29854e89750355df	3e1dbcffdc528f998e98ebd455723af10e20231caede3d4091c9ff69d7ea4b32	05f1654b63cfaaf1efbb001cd9ec5ccb65b8e73c5c0b5f3e48e93b45f16463b3	0123af9e96b58af4e98b91a2de5608d36b63c67864b9041d3340587f3dbe40d2	cfa8dcf0d81c408de38d4202fe1ce9d9e5e301d1e67439c9530da94b1e64ee3f	7484d7b0dd80f45e18d726b04752827fe28555cc5c1af0e127948380e6688abf
semantic-proposal-v1	SC1-a21992941d7e37164fa0c339fd8c9f632a5fa13fc024deb54480e32eff7cd17c	S016234	2	P01	SYMBOLS.tsv	381351	selection_expression	aarch64	include/uapi/linux/major.h	operative_macro	FLOPPY_MAJOR	13	PENDING_REVIEW			vendor/linux/include/uapi/linux/major.h;vendor/linux/include/uapi/linux/major.h:13;rewrite/configs/aarch64/frozen.config;header_closure=rewrite/metadata/header_closure.tsv;selected=PENDING_REVIEW	425f94c2954b1fe80ebdbf9b29854e89750355df	3e1dbcffdc528f998e98ebd455723af10e20231caede3d4091c9ff69d7ea4b32	05f1654b63cfaaf1efbb001cd9ec5ccb65b8e73c5c0b5f3e48e93b45f16463b3	0123af9e96b58af4e98b91a2de5608d36b63c67864b9041d3340587f3dbe40d2	cfa8dcf0d81c408de38d4202fe1ce9d9e5e301d1e67439c9530da94b1e64ee3f	7484d7b0dd80f45e18d726b04752827fe28555cc5c1af0e127948380e6688abf
semantic-proposal-v1	SC1-82e737b9e07dc22f148ecf0b3318eaf55108ed5a8205fa53e9364dae2f9e4c2f	S016234	2	P01	SYMBOLS.tsv	381351	status	aarch64	include/uapi/linux/major.h	operative_macro	FLOPPY_MAJOR	13	PENDING_REVIEW			vendor/linux/include/uapi/linux/major.h;vendor/linux/include/uapi/linux/major.h:13;rewrite/configs/aarch64/frozen.config;header_closure=rewrite/metadata/header_closure.tsv;selected=PENDING_REVIEW	425f94c2954b1fe80ebdbf9b29854e89750355df	3e1dbcffdc528f998e98ebd455723af10e20231caede3d4091c9ff69d7ea4b32	05f1654b63cfaaf1efbb001cd9ec5ccb65b8e73c5c0b5f3e48e93b45f16463b3	0123af9e96b58af4e98b91a2de5608d36b63c67864b9041d3340587f3dbe40d2	cfa8dcf0d81c408de38d4202fe1ce9d9e5e301d1e67439c9530da94b1e64ee3f	7484d7b0dd80f45e18d726b04752827fe28555cc5c1af0e127948380e6688abf
semantic-proposal-v1	SC1-7e93baece100dac5cb7300439a5dfb053d3d75c4d09026940f739b4317eecb71	S016234	2	P01	SYMBOLS.tsv	381352	selection_expression	aarch64	include/uapi/linux/major.h	operative_macro	PTY_MASTER_MAJOR	14	PENDING_REVIEW			vendor/linux/include/uapi/linux/major.h;vendor/linux/include/uapi/linux/major.h:14;rewrite/configs/aarch64/frozen.config;header_closure=rewrite/metadata/header_closure.tsv;selected=PENDING_REVIEW	425f94c2954b1fe80ebdbf9b29854e89750355df	3e1dbcffdc528f998e98ebd455723af10e20231caede3d4091c9ff69d7ea4b32	05f1654b63cfaaf1efbb001cd9ec5ccb65b8e73c5c0b5f3e48e93b45f16463b3	0123af9e96b58af4e98b91a2de5608d36b63c67864b9041d3340587f3dbe40d2	cfa8dcf0d81c408de38d4202fe1ce9d9e5e301d1e67439c9530da94b1e64ee3f	7484d7b0dd80f45e18d726b04752827fe28555cc5c1af0e127948380e6688abf
semantic-proposal-v1	SC1-386485ed14dbbee87fdaa5b3464ef5ef50855215a9d3d7756ddabb196e19f74d	S016234	2	P01	SYMBOLS.tsv	381352	status	aarch64	include/uapi/linux/major.h	operative_macro	PTY_MASTER_MAJOR	14	PENDING_REVIEW			vendor/linux/include/uapi/linux/major.h;vendor/linux/include/uapi/linux/major.h:14;rewrite/configs/aarch64/frozen.config;header_closure=rewrite/metadata/header_closure.tsv;selected=PENDING_REVIEW	425f94c2954b1fe80ebdbf9b29854e89750355df	3e1dbcffdc528f998e98ebd455723af10e20231caede3d4091c9ff69d7ea4b32	05f1654b63cfaaf1efbb001cd9ec5ccb65b8e73c5c0b5f3e48e93b45f16463b3	0123af9e96b58af4e98b91a2de5608d36b63c67864b9041d3340587f3dbe40d2	cfa8dcf0d81c408de38d4202fe1ce9d9e5e301d1e67439c9530da94b1e64ee3f	7484d7b0dd80f45e18d726b04752827fe28555cc5c1af0e127948380e6688abf
semantic-proposal-v1	SC1-2015fa7666be8d031953d157fbdb0a03bdf4d4cf6930bf8d5119df3075b564d5	S016234	2	P01	SYMBOLS.tsv	381353	selection_expression	aarch64	include/uapi/linux/major.h	operative_macro	IDE0_MAJOR	15	PENDING_REVIEW			vendor/linux/include/uapi/linux/major.h;vendor/linux/include/uapi/linux/major.h:15;rewrite/configs/aarch64/frozen.config;header_closure=rewrite/metadata/header_closure.tsv;selected=PENDING_REVIEW	425f94c2954b1fe80ebdbf9b29854e89750355df	3e1dbcffdc528f998e98ebd455723af10e20231caede3d4091c9ff69d7ea4b32	05f1654b63cfaaf1efbb001cd9ec5ccb65b8e73c5c0b5f3e48e93b45f16463b3	0123af9e96b58af4e98b91a2de5608d36b63c67864b9041d3340587f3dbe40d2	cfa8dcf0d81c408de38d4202fe1ce9d9e5e301d1e67439c9530da94b1e64ee3f	7484d7b0dd80f45e18d726b04752827fe28555cc5c1af0e127948380e6688abf
semantic-proposal-v1	SC1-c44a03e67319649570eae29bc5cf073fc1f322e552015d23d709a110e70e32c9	S016234	2	P01	SYMBOLS.tsv	381353	status	aarch64	include/uapi/linux/major.h	operative_macro	IDE0_MAJOR	15	PENDING_REVIEW			vendor/linux/include/uapi/linux/major.h;vendor/linux/include/uapi/linux/major.h:15;rewrite/configs/aarch64/frozen.config;header_closure=rewrite/metadata/header_closure.tsv;selected=PENDING_REVIEW	425f94c2954b1fe80ebdbf9b29854e89750355df	3e1dbcffdc528f998e98ebd455723af10e20231caede3d4091c9ff69d7ea4b32	05f1654b63cfaaf1efbb001cd9ec5ccb65b8e73c5c0b5f3e48e93b45f16463b3	0123af9e96b58af4e98b91a2de5608d36b63c67864b9041d3340587f3dbe40d2	cfa8dcf0d81c408de38d4202fe1ce9d9e5e301d1e67439c9530da94b1e64ee3f	7484d7b0dd80f45e18d726b04752827fe28555cc5c1af0e127948380e6688abf
semantic-proposal-v1	SC1-1163d4cfadf7858826fa90b6311c39788f754a2c4e2d395da98783b04c7088f1	S016234	2	P01	SYMBOLS.tsv	381354	selection_expression	aarch64	include/uapi/linux/major.h	operative_macro	HD_MAJOR	16	PENDING_REVIEW			vendor/linux/include/uapi/linux/major.h;vendor/linux/include/uapi/linux/major.h:16;rewrite/configs/aarch64/frozen.config;header_closure=rewrite/metadata/header_closure.tsv;selected=PENDING_REVIEW	425f94c2954b1fe80ebdbf9b29854e89750355df	3e1dbcffdc528f998e98ebd455723af10e20231caede3d4091c9ff69d7ea4b32	05f1654b63cfaaf1efbb001cd9ec5ccb65b8e73c5c0b5f3e48e93b45f16463b3	0123af9e96b58af4e98b91a2de5608d36b63c67864b9041d3340587f3dbe40d2	cfa8dcf0d81c408de38d4202fe1ce9d9e5e301d1e67439c9530da94b1e64ee3f	7484d7b0dd80f45e18d726b04752827fe28555cc5c1af0e127948380e6688abf
semantic-proposal-v1	SC1-83701e7fc4e85ebfd220c9386996d1f491d6ca03e237fc9b1ab6370bed28e1d6	S016234	2	P01	SYMBOLS.tsv	381354	status	aarch64	include/uapi/linux/major.h	operative_macro	HD_MAJOR	16	PENDING_REVIEW			vendor/linux/include/uapi/linux/major.h;vendor/linux/include/uapi/linux/major.h:16;rewrite/configs/aarch64/frozen.config;header_closure=rewrite/metadata/header_closure.tsv;selected=PENDING_REVIEW	425f94c2954b1fe80ebdbf9b29854e89750355df	3e1dbcffdc528f998e98ebd455723af10e20231caede3d4091c9ff69d7ea4b32	05f1654b63cfaaf1efbb001cd9ec5ccb65b8e73c5c0b5f3e48e93b45f16463b3	0123af9e96b58af4e98b91a2de5608d36b63c67864b9041d3340587f3dbe40d2	cfa8dcf0d81c408de38d4202fe1ce9d9e5e301d1e67439c9530da94b1e64ee3f	7484d7b0dd80f45e18d726b04752827fe28555cc5c1af0e127948380e6688abf
semantic-proposal-v1	SC1-ed2b90b456eeb79cd54e42b5fb149a89039cec0c393ef16b632bd6e496834d10	S016234	2	P01	SYMBOLS.tsv	381355	selection_expression	aarch64	include/uapi/linux/major.h	operative_macro	PTY_SLAVE_MAJOR	17	PENDING_REVIEW			vendor/linux/include/uapi/linux/major.h;vendor/linux/include/uapi/linux/major.h:17;rewrite/configs/aarch64/frozen.config;header_closure=rewrite/metadata/header_closure.tsv;selected=PENDING_REVIEW	425f94c2954b1fe80ebdbf9b29854e89750355df	3e1dbcffdc528f998e98ebd455723af10e20231caede3d4091c9ff69d7ea4b32	05f1654b63cfaaf1efbb001cd9ec5ccb65b8e73c5c0b5f3e48e93b45f16463b3	0123af9e96b58af4e98b91a2de5608d36b63c67864b9041d3340587f3dbe40d2	cfa8dcf0d81c408de38d4202fe1ce9d9e5e301d1e67439c9530da94b1e64ee3f	7484d7b0dd80f45e18d726b04752827fe28555cc5c1af0e127948380e6688abf
semantic-proposal-v1	SC1-a88e597cc2ec53b5583fa8c60b550f863970e609cea0f7ca5579648b678ea371	S016234	2	P01	SYMBOLS.tsv	381355	status	aarch64	include/uapi/linux/major.h	operative_macro	PTY_SLAVE_MAJOR	17	PENDING_REVIEW			vendor/linux/include/uapi/linux/major.h;vendor/linux/include/uapi/linux/major.h:17;rewrite/configs/aarch64/frozen.config;header_closure=rewrite/metadata/header_closure.tsv;selected=PENDING_REVIEW	425f94c2954b1fe80ebdbf9b29854e89750355df	3e1dbcffdc528f998e98ebd455723af10e20231caede3d4091c9ff69d7ea4b32	05f1654b63cfaaf1efbb001cd9ec5ccb65b8e73c5c0b5f3e48e93b45f16463b3	0123af9e96b58af4e98b91a2de5608d36b63c67864b9041d3340587f3dbe40d2	cfa8dcf0d81c408de38d4202fe1ce9d9e5e301d1e67439c9530da94b1e64ee3f	7484d7b0dd80f45e18d726b04752827fe28555cc5c1af0e127948380e6688abf
semantic-proposal-v1	SC1-dc0df6aff09e5e12b47b41c29d0222d4c46aafadb3293e76668e8ef7a1601241	S016234	2	P01	SYMBOLS.tsv	381356	selection_expression	aarch64	include/uapi/linux/major.h	operative_macro	TTY_MAJOR	18	PENDING_REVIEW			vendor/linux/include/uapi/linux/major.h;vendor/linux/include/uapi/linux/major.h:18;rewrite/configs/aarch64/frozen.config;header_closure=rewrite/metadata/header_closure.tsv;selected=PENDING_REVIEW	425f94c2954b1fe80ebdbf9b29854e89750355df	3e1dbcffdc528f998e98ebd455723af10e20231caede3d4091c9ff69d7ea4b32	05f1654b63cfaaf1efbb001cd9ec5ccb65b8e73c5c0b5f3e48e93b45f16463b3	0123af9e96b58af4e98b91a2de5608d36b63c67864b9041d3340587f3dbe40d2	cfa8dcf0d81c408de38d4202fe1ce9d9e5e301d1e67439c9530da94b1e64ee3f	7484d7b0dd80f45e18d726b04752827fe28555cc5c1af0e127948380e6688abf
semantic-proposal-v1	SC1-4e96524372276832f9c39a1cc452b7761ff9192a944491534385741db0a3e289	S016234	2	P01	SYMBOLS.tsv	381356	status	aarch64	include/uapi/linux/major.h	operative_macro	TTY_MAJOR	18	PENDING_REVIEW			vendor/linux/include/uapi/linux/major.h;vendor/linux/include/uapi/linux/major.h:18;rewrite/configs/aarch64/frozen.config;header_closure=rewrite/metadata/header_closure.tsv;selected=PENDING_REVIEW	425f94c2954b1fe80ebdbf9b29854e89750355df	3e1dbcffdc528f998e98ebd455723af10e20231caede3d4091c9ff69d7ea4b32	05f1654b63cfaaf1efbb001cd9ec5ccb65b8e73c5c0b5f3e48e93b45f16463b3	0123af9e96b58af4e98b91a2de5608d36b63c67864b9041d3340587f3dbe40d2	cfa8dcf0d81c408de38d4202fe1ce9d9e5e301d1e67439c9530da94b1e64ee3f	7484d7b0dd80f45e18d726b04752827fe28555cc5c1af0e127948380e6688abf
semantic-proposal-v1	SC1-7a7a7baf36bef96dc86ddcbfad1f1451fca8f42917347c76f36ac66029d46a3c	S016234	2	P01	SYMBOLS.tsv	381357	selection_expression	aarch64	include/uapi/linux/major.h	operative_macro	TTYAUX_MAJOR	19	PENDING_REVIEW			vendor/linux/include/uapi/linux/major.h;vendor/linux/include/uapi/linux/major.h:19;rewrite/configs/aarch64/frozen.config;header_closure=rewrite/metadata/header_closure.tsv;selected=PENDING_REVIEW	425f94c2954b1fe80ebdbf9b29854e89750355df	3e1dbcffdc528f998e98ebd455723af10e20231caede3d4091c9ff69d7ea4b32	05f1654b63cfaaf1efbb001cd9ec5ccb65b8e73c5c0b5f3e48e93b45f16463b3	0123af9e96b58af4e98b91a2de5608d36b63c67864b9041d3340587f3dbe40d2	cfa8dcf0d81c408de38d4202fe1ce9d9e5e301d1e67439c9530da94b1e64ee3f	7484d7b0dd80f45e18d726b04752827fe28555cc5c1af0e127948380e6688abf
semantic-proposal-v1	SC1-0829278ba02dd15009d8d793f8e14ef7e803154da31d2b48c328d5e1bef929f0	S016234	2	P01	SYMBOLS.tsv	381357	status	aarch64	include/uapi/linux/major.h	operative_macro	TTYAUX_MAJOR	19	PENDING_REVIEW			vendor/linux/include/uapi/linux/major.h;vendor/linux/include/uapi/linux/major.h:19;rewrite/configs/aarch64/frozen.config;header_closure=rewrite/metadata/header_closure.tsv;selected=PENDING_REVIEW	425f94c2954b1fe80ebdbf9b29854e89750355df	3e1dbcffdc528f998e98ebd455723af10e20231caede3d4091c9ff69d7ea4b32	05f1654b63cfaaf1efbb001cd9ec5ccb65b8e73c5c0b5f3e48e93b45f16463b3	0123af9e96b58af4e98b91a2de5608d36b63c67864b9041d3340587f3dbe40d2	cfa8dcf0d81c408de38d4202fe1ce9d9e5e301d1e67439c9530da94b1e64ee3f	7484d7b0dd80f45e18d726b04752827fe28555cc5c1af0e127948380e6688abf
semantic-proposal-v1	SC1-b3e4941a1114cec297a77be70a23134c1eaf039af13260a0cf15078e08bf99f6	S016234	2	P01	SYMBOLS.tsv	381358	selection_expression	aarch64	include/uapi/linux/major.h	operative_macro	LP_MAJOR	20	PENDING_REVIEW			vendor/linux/include/uapi/linux/major.h;vendor/linux/include/uapi/linux/major.h:20;rewrite/configs/aarch64/frozen.config;header_closure=rewrite/metadata/header_closure.tsv;selected=PENDING_REVIEW	425f94c2954b1fe80ebdbf9b29854e89750355df	3e1dbcffdc528f998e98ebd455723af10e20231caede3d4091c9ff69d7ea4b32	05f1654b63cfaaf1efbb001cd9ec5ccb65b8e73c5c0b5f3e48e93b45f16463b3	0123af9e96b58af4e98b91a2de5608d36b63c67864b9041d3340587f3dbe40d2	cfa8dcf0d81c408de38d4202fe1ce9d9e5e301d1e67439c9530da94b1e64ee3f	7484d7b0dd80f45e18d726b04752827fe28555cc5c1af0e127948380e6688abf
semantic-proposal-v1	SC1-9437f00cb0d1247b1ee0e525d46de7a7d6960ebd7357802d7e0fbe15487a4373	S016234	2	P01	SYMBOLS.tsv	381358	status	aarch64	include/uapi/linux/major.h	operative_macro	LP_MAJOR	20	PENDING_REVIEW			vendor/linux/include/uapi/linux/major.h;vendor/linux/include/uapi/linux/major.h:20;rewrite/configs/aarch64/frozen.config;header_closure=rewrite/metadata/header_closure.tsv;selected=PENDING_REVIEW	425f94c2954b1fe80ebdbf9b29854e89750355df	3e1dbcffdc528f998e98ebd455723af10e20231caede3d4091c9ff69d7ea4b32	05f1654b63cfaaf1efbb001cd9ec5ccb65b8e73c5c0b5f3e48e93b45f16463b3	0123af9e96b58af4e98b91a2de5608d36b63c67864b9041d3340587f3dbe40d2	cfa8dcf0d81c408de38d4202fe1ce9d9e5e301d1e67439c9530da94b1e64ee3f	7484d7b0dd80f45e18d726b04752827fe28555cc5c1af0e127948380e6688abf
semantic-proposal-v1	SC1-ad61e628e31308697938e3d07d39cae636fc44bc4bd8640b779d68a744cc3292	S016234	2	P01	SYMBOLS.tsv	381359	selection_expression	aarch64	include/uapi/linux/major.h	operative_macro	VCS_MAJOR	21	PENDING_REVIEW			vendor/linux/include/uapi/linux/major.h;vendor/linux/include/uapi/linux/major.h:21;rewrite/configs/aarch64/frozen.config;header_closure=rewrite/metadata/header_closure.tsv;selected=PENDING_REVIEW	425f94c2954b1fe80ebdbf9b29854e89750355df	3e1dbcffdc528f998e98ebd455723af10e20231caede3d4091c9ff69d7ea4b32	05f1654b63cfaaf1efbb001cd9ec5ccb65b8e73c5c0b5f3e48e93b45f16463b3	0123af9e96b58af4e98b91a2de5608d36b63c67864b9041d3340587f3dbe40d2	cfa8dcf0d81c408de38d4202fe1ce9d9e5e301d1e67439c9530da94b1e64ee3f	7484d7b0dd80f45e18d726b04752827fe28555cc5c1af0e127948380e6688abf
semantic-proposal-v1	SC1-0679e8d393c0bc51155c14efc79884c96571bface20708ff31e08fc6bcb279f5	S016234	2	P01	SYMBOLS.tsv	381359	status	aarch64	include/uapi/linux/major.h	operative_macro	VCS_MAJOR	21	PENDING_REVIEW			vendor/linux/include/uapi/linux/major.h;vendor/linux/include/uapi/linux/major.h:21;rewrite/configs/aarch64/frozen.config;header_closure=rewrite/metadata/header_closure.tsv;selected=PENDING_REVIEW	425f94c2954b1fe80ebdbf9b29854e89750355df	3e1dbcffdc528f998e98ebd455723af10e20231caede3d4091c9ff69d7ea4b32	05f1654b63cfaaf1efbb001cd9ec5ccb65b8e73c5c0b5f3e48e93b45f16463b3	0123af9e96b58af4e98b91a2de5608d36b63c67864b9041d3340587f3dbe40d2	cfa8dcf0d81c408de38d4202fe1ce9d9e5e301d1e67439c9530da94b1e64ee3f	7484d7b0dd80f45e18d726b04752827fe28555cc5c1af0e127948380e6688abf
semantic-proposal-v1	SC1-7219438b3613dcffa4b9dad347df493a72820fe5e12d97561c15380a6eb40506	S016234	2	P01	SYMBOLS.tsv	381360	selection_expression	aarch64	include/uapi/linux/major.h	operative_macro	LOOP_MAJOR	22	PENDING_REVIEW			vendor/linux/include/uapi/linux/major.h;vendor/linux/include/uapi/linux/major.h:22;rewrite/configs/aarch64/frozen.config;header_closure=rewrite/metadata/header_closure.tsv;selected=PENDING_REVIEW	425f94c2954b1fe80ebdbf9b29854e89750355df	3e1dbcffdc528f998e98ebd455723af10e20231caede3d4091c9ff69d7ea4b32	05f1654b63cfaaf1efbb001cd9ec5ccb65b8e73c5c0b5f3e48e93b45f16463b3	0123af9e96b58af4e98b91a2de5608d36b63c67864b9041d3340587f3dbe40d2	cfa8dcf0d81c408de38d4202fe1ce9d9e5e301d1e67439c9530da94b1e64ee3f	7484d7b0dd80f45e18d726b04752827fe28555cc5c1af0e127948380e6688abf
semantic-proposal-v1	SC1-15d15ade8e486ef8f9272b4c621c4eb722359156484b3793943546f781cc8a9b	S016234	2	P01	SYMBOLS.tsv	381360	status	aarch64	include/uapi/linux/major.h	operative_macro	LOOP_MAJOR	22	PENDING_REVIEW			vendor/linux/include/uapi/linux/major.h;vendor/linux/include/uapi/linux/major.h:22;rewrite/configs/aarch64/frozen.config;header_closure=rewrite/metadata/header_closure.tsv;selected=PENDING_REVIEW	425f94c2954b1fe80ebdbf9b29854e89750355df	3e1dbcffdc528f998e98ebd455723af10e20231caede3d4091c9ff69d7ea4b32	05f1654b63cfaaf1efbb001cd9ec5ccb65b8e73c5c0b5f3e48e93b45f16463b3	0123af9e96b58af4e98b91a2de5608d36b63c67864b9041d3340587f3dbe40d2	cfa8dcf0d81c408de38d4202fe1ce9d9e5e301d1e67439c9530da94b1e64ee3f	7484d7b0dd80f45e18d726b04752827fe28555cc5c1af0e127948380e6688abf
semantic-proposal-v1	SC1-4d29d6a2dc75dbf2361693a49b425c0398585e11bf448b25d633519aabf81d24	S016234	2	P01	SYMBOLS.tsv	381361	selection_expression	aarch64	include/uapi/linux/major.h	operative_macro	SCSI_DISK0_MAJOR	23	PENDING_REVIEW			vendor/linux/include/uapi/linux/major.h;vendor/linux/include/uapi/linux/major.h:23;rewrite/configs/aarch64/frozen.config;header_closure=rewrite/metadata/header_closure.tsv;selected=PENDING_REVIEW	425f94c2954b1fe80ebdbf9b29854e89750355df	3e1dbcffdc528f998e98ebd455723af10e20231caede3d4091c9ff69d7ea4b32	05f1654b63cfaaf1efbb001cd9ec5ccb65b8e73c5c0b5f3e48e93b45f16463b3	0123af9e96b58af4e98b91a2de5608d36b63c67864b9041d3340587f3dbe40d2	cfa8dcf0d81c408de38d4202fe1ce9d9e5e301d1e67439c9530da94b1e64ee3f	7484d7b0dd80f45e18d726b04752827fe28555cc5c1af0e127948380e6688abf
semantic-proposal-v1	SC1-e751061edc014c78103b520e72ef102ce8518c33dbf1eaeb101ae39e60df2fd1	S016234	2	P01	SYMBOLS.tsv	381361	status	aarch64	include/uapi/linux/major.h	operative_macro	SCSI_DISK0_MAJOR	23	PENDING_REVIEW			vendor/linux/include/uapi/linux/major.h;vendor/linux/include/uapi/linux/major.h:23;rewrite/configs/aarch64/frozen.config;header_closure=rewrite/metadata/header_closure.tsv;selected=PENDING_REVIEW	425f94c2954b1fe80ebdbf9b29854e89750355df	3e1dbcffdc528f998e98ebd455723af10e20231caede3d4091c9ff69d7ea4b32	05f1654b63cfaaf1efbb001cd9ec5ccb65b8e73c5c0b5f3e48e93b45f16463b3	0123af9e96b58af4e98b91a2de5608d36b63c67864b9041d3340587f3dbe40d2	cfa8dcf0d81c408de38d4202fe1ce9d9e5e301d1e67439c9530da94b1e64ee3f	7484d7b0dd80f45e18d726b04752827fe28555cc5c1af0e127948380e6688abf
semantic-proposal-v1	SC1-5cc5375a3bde4daa9cfb4a342bd5e6da476be9227342cd88787bb19afc07590c	S016234	2	P01	SYMBOLS.tsv	381362	selection_expression	aarch64	include/uapi/linux/major.h	operative_macro	SCSI_TAPE_MAJOR	24	PENDING_REVIEW			vendor/linux/include/uapi/linux/major.h;vendor/linux/include/uapi/linux/major.h:24;rewrite/configs/aarch64/frozen.config;header_closure=rewrite/metadata/header_closure.tsv;selected=PENDING_REVIEW	425f94c2954b1fe80ebdbf9b29854e89750355df	3e1dbcffdc528f998e98ebd455723af10e20231caede3d4091c9ff69d7ea4b32	05f1654b63cfaaf1efbb001cd9ec5ccb65b8e73c5c0b5f3e48e93b45f16463b3	0123af9e96b58af4e98b91a2de5608d36b63c67864b9041d3340587f3dbe40d2	cfa8dcf0d81c408de38d4202fe1ce9d9e5e301d1e67439c9530da94b1e64ee3f	7484d7b0dd80f45e18d726b04752827fe28555cc5c1af0e127948380e6688abf
semantic-proposal-v1	SC1-163ef28cd796b7f9428a749c639acaf037b94631e7566b1d194239ccbad7a4ea	S016234	2	P01	SYMBOLS.tsv	381362	status	aarch64	include/uapi/linux/major.h	operative_macro	SCSI_TAPE_MAJOR	24	PENDING_REVIEW			vendor/linux/include/uapi/linux/major.h;vendor/linux/include/uapi/linux/major.h:24;rewrite/configs/aarch64/frozen.config;header_closure=rewrite/metadata/header_closure.tsv;selected=PENDING_REVIEW	425f94c2954b1fe80ebdbf9b29854e89750355df	3e1dbcffdc528f998e98ebd455723af10e20231caede3d4091c9ff69d7ea4b32	05f1654b63cfaaf1efbb001cd9ec5ccb65b8e73c5c0b5f3e48e93b45f16463b3	0123af9e96b58af4e98b91a2de5608d36b63c67864b9041d3340587f3dbe40d2	cfa8dcf0d81c408de38d4202fe1ce9d9e5e301d1e67439c9530da94b1e64ee3f	7484d7b0dd80f45e18d726b04752827fe28555cc5c1af0e127948380e6688abf
semantic-proposal-v1	SC1-1ac297b9e1f2dfe4aa5cdb0f2f2d02d558c4dc7a2edec36e8273e9f235aa386b	S016234	2	P01	SYMBOLS.tsv	381363	selection_expression	aarch64	include/uapi/linux/major.h	operative_macro	MD_MAJOR	25	PENDING_REVIEW			vendor/linux/include/uapi/linux/major.h;vendor/linux/include/uapi/linux/major.h:25;rewrite/configs/aarch64/frozen.config;header_closure=rewrite/metadata/header_closure.tsv;selected=PENDING_REVIEW	425f94c2954b1fe80ebdbf9b29854e89750355df	3e1dbcffdc528f998e98ebd455723af10e20231caede3d4091c9ff69d7ea4b32	05f1654b63cfaaf1efbb001cd9ec5ccb65b8e73c5c0b5f3e48e93b45f16463b3	0123af9e96b58af4e98b91a2de5608d36b63c67864b9041d3340587f3dbe40d2	cfa8dcf0d81c408de38d4202fe1ce9d9e5e301d1e67439c9530da94b1e64ee3f	7484d7b0dd80f45e18d726b04752827fe28555cc5c1af0e127948380e6688abf
semantic-proposal-v1	SC1-4e3ca1e68db3176cebf9b81e0697a4eb468e2e522c5499bdd7bff5dabbc6ffc6	S016234	2	P01	SYMBOLS.tsv	381363	status	aarch64	include/uapi/linux/major.h	operative_macro	MD_MAJOR	25	PENDING_REVIEW			vendor/linux/include/uapi/linux/major.h;vendor/linux/include/uapi/linux/major.h:25;rewrite/configs/aarch64/frozen.config;header_closure=rewrite/metadata/header_closure.tsv;selected=PENDING_REVIEW	425f94c2954b1fe80ebdbf9b29854e89750355df	3e1dbcffdc528f998e98ebd455723af10e20231caede3d4091c9ff69d7ea4b32	05f1654b63cfaaf1efbb001cd9ec5ccb65b8e73c5c0b5f3e48e93b45f16463b3	0123af9e96b58af4e98b91a2de5608d36b63c67864b9041d3340587f3dbe40d2	cfa8dcf0d81c408de38d4202fe1ce9d9e5e301d1e67439c9530da94b1e64ee3f	7484d7b0dd80f45e18d726b04752827fe28555cc5c1af0e127948380e6688abf
semantic-proposal-v1	SC1-ff97e7d85e18818cac55b1be8a6825d15430fa6cef2805dc18678ddf8858c867	S016234	2	P01	SYMBOLS.tsv	381364	selection_expression	aarch64	include/uapi/linux/major.h	operative_macro	MISC_MAJOR	26	PENDING_REVIEW			vendor/linux/include/uapi/linux/major.h;vendor/linux/include/uapi/linux/major.h:26;rewrite/configs/aarch64/frozen.config;header_closure=rewrite/metadata/header_closure.tsv;selected=PENDING_REVIEW	425f94c2954b1fe80ebdbf9b29854e89750355df	3e1dbcffdc528f998e98ebd455723af10e20231caede3d4091c9ff69d7ea4b32	05f1654b63cfaaf1efbb001cd9ec5ccb65b8e73c5c0b5f3e48e93b45f16463b3	0123af9e96b58af4e98b91a2de5608d36b63c67864b9041d3340587f3dbe40d2	cfa8dcf0d81c408de38d4202fe1ce9d9e5e301d1e67439c9530da94b1e64ee3f	7484d7b0dd80f45e18d726b04752827fe28555cc5c1af0e127948380e6688abf
semantic-proposal-v1	SC1-0851d26627135461e437f5c61a639c3890031b50f00d77eb2f85a3f182614784	S016234	2	P01	SYMBOLS.tsv	381364	status	aarch64	include/uapi/linux/major.h	operative_macro	MISC_MAJOR	26	PENDING_REVIEW			vendor/linux/include/uapi/linux/major.h;vendor/linux/include/uapi/linux/major.h:26;rewrite/configs/aarch64/frozen.config;header_closure=rewrite/metadata/header_closure.tsv;selected=PENDING_REVIEW	425f94c2954b1fe80ebdbf9b29854e89750355df	3e1dbcffdc528f998e98ebd455723af10e20231caede3d4091c9ff69d7ea4b32	05f1654b63cfaaf1efbb001cd9ec5ccb65b8e73c5c0b5f3e48e93b45f16463b3	0123af9e96b58af4e98b91a2de5608d36b63c67864b9041d3340587f3dbe40d2	cfa8dcf0d81c408de38d4202fe1ce9d9e5e301d1e67439c9530da94b1e64ee3f	7484d7b0dd80f45e18d726b04752827fe28555cc5c1af0e127948380e6688abf
semantic-proposal-v1	SC1-2fe3f04d11dcc2b9ab58cb0defa3f3d071eeb4f9644ae0cc6988f6378abc68db	S016234	2	P01	SYMBOLS.tsv	381365	selection_expression	aarch64	include/uapi/linux/major.h	operative_macro	SCSI_CDROM_MAJOR	27	PENDING_REVIEW			vendor/linux/include/uapi/linux/major.h;vendor/linux/include/uapi/linux/major.h:27;rewrite/configs/aarch64/frozen.config;header_closure=rewrite/metadata/header_closure.tsv;selected=PENDING_REVIEW	425f94c2954b1fe80ebdbf9b29854e89750355df	3e1dbcffdc528f998e98ebd455723af10e20231caede3d4091c9ff69d7ea4b32	05f1654b63cfaaf1efbb001cd9ec5ccb65b8e73c5c0b5f3e48e93b45f16463b3	0123af9e96b58af4e98b91a2de5608d36b63c67864b9041d3340587f3dbe40d2	cfa8dcf0d81c408de38d4202fe1ce9d9e5e301d1e67439c9530da94b1e64ee3f	7484d7b0dd80f45e18d726b04752827fe28555cc5c1af0e127948380e6688abf
semantic-proposal-v1	SC1-cad27e4797044e2919f4ba0159e5ed6d32fa339c21da29e73168a5c6703cd5b3	S016234	2	P01	SYMBOLS.tsv	381365	status	aarch64	include/uapi/linux/major.h	operative_macro	SCSI_CDROM_MAJOR	27	PENDING_REVIEW			vendor/linux/include/uapi/linux/major.h;vendor/linux/include/uapi/linux/major.h:27;rewrite/configs/aarch64/frozen.config;header_closure=rewrite/metadata/header_closure.tsv;selected=PENDING_REVIEW	425f94c2954b1fe80ebdbf9b29854e89750355df	3e1dbcffdc528f998e98ebd455723af10e20231caede3d4091c9ff69d7ea4b32	05f1654b63cfaaf1efbb001cd9ec5ccb65b8e73c5c0b5f3e48e93b45f16463b3	0123af9e96b58af4e98b91a2de5608d36b63c67864b9041d3340587f3dbe40d2	cfa8dcf0d81c408de38d4202fe1ce9d9e5e301d1e67439c9530da94b1e64ee3f	7484d7b0dd80f45e18d726b04752827fe28555cc5c1af0e127948380e6688abf
semantic-proposal-v1	SC1-726b12e6300082a57cb074d17b65bd8c39b4d3559b0ec3c801c68fcfedfe3b1e	S016234	2	P01	SYMBOLS.tsv	381366	selection_expression	aarch64	include/uapi/linux/major.h	operative_macro	MUX_MAJOR	28	PENDING_REVIEW			vendor/linux/include/uapi/linux/major.h;vendor/linux/include/uapi/linux/major.h:28;rewrite/configs/aarch64/frozen.config;header_closure=rewrite/metadata/header_closure.tsv;selected=PENDING_REVIEW	425f94c2954b1fe80ebdbf9b29854e89750355df	3e1dbcffdc528f998e98ebd455723af10e20231caede3d4091c9ff69d7ea4b32	05f1654b63cfaaf1efbb001cd9ec5ccb65b8e73c5c0b5f3e48e93b45f16463b3	0123af9e96b58af4e98b91a2de5608d36b63c67864b9041d3340587f3dbe40d2	cfa8dcf0d81c408de38d4202fe1ce9d9e5e301d1e67439c9530da94b1e64ee3f	7484d7b0dd80f45e18d726b04752827fe28555cc5c1af0e127948380e6688abf
semantic-proposal-v1	SC1-831e6913b4cf7e963a9f2bbb94a0868d5fde3949102027175ba9911865c39fc7	S016234	2	P01	SYMBOLS.tsv	381366	status	aarch64	include/uapi/linux/major.h	operative_macro	MUX_MAJOR	28	PENDING_REVIEW			vendor/linux/include/uapi/linux/major.h;vendor/linux/include/uapi/linux/major.h:28;rewrite/configs/aarch64/frozen.config;header_closure=rewrite/metadata/header_closure.tsv;selected=PENDING_REVIEW	425f94c2954b1fe80ebdbf9b29854e89750355df	3e1dbcffdc528f998e98ebd455723af10e20231caede3d4091c9ff69d7ea4b32	05f1654b63cfaaf1efbb001cd9ec5ccb65b8e73c5c0b5f3e48e93b45f16463b3	0123af9e96b58af4e98b91a2de5608d36b63c67864b9041d3340587f3dbe40d2	cfa8dcf0d81c408de38d4202fe1ce9d9e5e301d1e67439c9530da94b1e64ee3f	7484d7b0dd80f45e18d726b04752827fe28555cc5c1af0e127948380e6688abf
semantic-proposal-v1	SC1-d4741e9cb6316625aa74a8fe2e55843829e11dad863ed20c5f62c9650825395a	S016234	2	P01	SYMBOLS.tsv	381367	selection_expression	aarch64	include/uapi/linux/major.h	operative_macro	XT_DISK_MAJOR	29	PENDING_REVIEW			vendor/linux/include/uapi/linux/major.h;vendor/linux/include/uapi/linux/major.h:29;rewrite/configs/aarch64/frozen.config;header_closure=rewrite/metadata/header_closure.tsv;selected=PENDING_REVIEW	425f94c2954b1fe80ebdbf9b29854e89750355df	3e1dbcffdc528f998e98ebd455723af10e20231caede3d4091c9ff69d7ea4b32	05f1654b63cfaaf1efbb001cd9ec5ccb65b8e73c5c0b5f3e48e93b45f16463b3	0123af9e96b58af4e98b91a2de5608d36b63c67864b9041d3340587f3dbe40d2	cfa8dcf0d81c408de38d4202fe1ce9d9e5e301d1e67439c9530da94b1e64ee3f	7484d7b0dd80f45e18d726b04752827fe28555cc5c1af0e127948380e6688abf
semantic-proposal-v1	SC1-2a27d8ee2e6855929724c1241dd7efbd2ef2984d8f42f7504c74ce34080d6cca	S016234	2	P01	SYMBOLS.tsv	381367	status	aarch64	include/uapi/linux/major.h	operative_macro	XT_DISK_MAJOR	29	PENDING_REVIEW			vendor/linux/include/uapi/linux/major.h;vendor/linux/include/uapi/linux/major.h:29;rewrite/configs/aarch64/frozen.config;header_closure=rewrite/metadata/header_closure.tsv;selected=PENDING_REVIEW	425f94c2954b1fe80ebdbf9b29854e89750355df	3e1dbcffdc528f998e98ebd455723af10e20231caede3d4091c9ff69d7ea4b32	05f1654b63cfaaf1efbb001cd9ec5ccb65b8e73c5c0b5f3e48e93b45f16463b3	0123af9e96b58af4e98b91a2de5608d36b63c67864b9041d3340587f3dbe40d2	cfa8dcf0d81c408de38d4202fe1ce9d9e5e301d1e67439c9530da94b1e64ee3f	7484d7b0dd80f45e18d726b04752827fe28555cc5c1af0e127948380e6688abf
semantic-proposal-v1	SC1-32f5f9c6f67fb8e047d0d8d7c82aa30d41f4b4ec927a735c855c41848115805f	S016234	2	P01	SYMBOLS.tsv	381368	selection_expression	aarch64	include/uapi/linux/major.h	operative_macro	INPUT_MAJOR	30	PENDING_REVIEW			vendor/linux/include/uapi/linux/major.h;vendor/linux/include/uapi/linux/major.h:30;rewrite/configs/aarch64/frozen.config;header_closure=rewrite/metadata/header_closure.tsv;selected=PENDING_REVIEW	425f94c2954b1fe80ebdbf9b29854e89750355df	3e1dbcffdc528f998e98ebd455723af10e20231caede3d4091c9ff69d7ea4b32	05f1654b63cfaaf1efbb001cd9ec5ccb65b8e73c5c0b5f3e48e93b45f16463b3	0123af9e96b58af4e98b91a2de5608d36b63c67864b9041d3340587f3dbe40d2	cfa8dcf0d81c408de38d4202fe1ce9d9e5e301d1e67439c9530da94b1e64ee3f	7484d7b0dd80f45e18d726b04752827fe28555cc5c1af0e127948380e6688abf
semantic-proposal-v1	SC1-f2d8e2c734a7927e5faf2dced82d7c6b8052805ef2edadc06cf908a9d51de9b7	S016234	2	P01	SYMBOLS.tsv	381368	status	aarch64	include/uapi/linux/major.h	operative_macro	INPUT_MAJOR	30	PENDING_REVIEW			vendor/linux/include/uapi/linux/major.h;vendor/linux/include/uapi/linux/major.h:30;rewrite/configs/aarch64/frozen.config;header_closure=rewrite/metadata/header_closure.tsv;selected=PENDING_REVIEW	425f94c2954b1fe80ebdbf9b29854e89750355df	3e1dbcffdc528f998e98ebd455723af10e20231caede3d4091c9ff69d7ea4b32	05f1654b63cfaaf1efbb001cd9ec5ccb65b8e73c5c0b5f3e48e93b45f16463b3	0123af9e96b58af4e98b91a2de5608d36b63c67864b9041d3340587f3dbe40d2	cfa8dcf0d81c408de38d4202fe1ce9d9e5e301d1e67439c9530da94b1e64ee3f	7484d7b0dd80f45e18d726b04752827fe28555cc5c1af0e127948380e6688abf
semantic-proposal-v1	SC1-f1fb3c360f667e61d7dde4787dc6ce526d3e365876700936c3a52724fd5fcfbf	S016234	2	P01	SYMBOLS.tsv	381369	selection_expression	aarch64	include/uapi/linux/major.h	operative_macro	SOUND_MAJOR	31	PENDING_REVIEW			vendor/linux/include/uapi/linux/major.h;vendor/linux/include/uapi/linux/major.h:31;rewrite/configs/aarch64/frozen.config;header_closure=rewrite/metadata/header_closure.tsv;selected=PENDING_REVIEW	425f94c2954b1fe80ebdbf9b29854e89750355df	3e1dbcffdc528f998e98ebd455723af10e20231caede3d4091c9ff69d7ea4b32	05f1654b63cfaaf1efbb001cd9ec5ccb65b8e73c5c0b5f3e48e93b45f16463b3	0123af9e96b58af4e98b91a2de5608d36b63c67864b9041d3340587f3dbe40d2	cfa8dcf0d81c408de38d4202fe1ce9d9e5e301d1e67439c9530da94b1e64ee3f	7484d7b0dd80f45e18d726b04752827fe28555cc5c1af0e127948380e6688abf
semantic-proposal-v1	SC1-e199f722a230719e3007217f7126262427187cf3e8285ff79cb82e2f376ba835	S016234	2	P01	SYMBOLS.tsv	381369	status	aarch64	include/uapi/linux/major.h	operative_macro	SOUND_MAJOR	31	PENDING_REVIEW			vendor/linux/include/uapi/linux/major.h;vendor/linux/include/uapi/linux/major.h:31;rewrite/configs/aarch64/frozen.config;header_closure=rewrite/metadata/header_closure.tsv;selected=PENDING_REVIEW	425f94c2954b1fe80ebdbf9b29854e89750355df	3e1dbcffdc528f998e98ebd455723af10e20231caede3d4091c9ff69d7ea4b32	05f1654b63cfaaf1efbb001cd9ec5ccb65b8e73c5c0b5f3e48e93b45f16463b3	0123af9e96b58af4e98b91a2de5608d36b63c67864b9041d3340587f3dbe40d2	cfa8dcf0d81c408de38d4202fe1ce9d9e5e301d1e67439c9530da94b1e64ee3f	7484d7b0dd80f45e18d726b04752827fe28555cc5c1af0e127948380e6688abf
semantic-proposal-v1	SC1-277652acd360b0617356347cc481d0f4d8cc96c80802da25e124c70017b7cb30	S016234	2	P01	SYMBOLS.tsv	381370	selection_expression	aarch64	include/uapi/linux/major.h	operative_macro	CDU31A_CDROM_MAJOR	32	PENDING_REVIEW			vendor/linux/include/uapi/linux/major.h;vendor/linux/include/uapi/linux/major.h:32;rewrite/configs/aarch64/frozen.config;header_closure=rewrite/metadata/header_closure.tsv;selected=PENDING_REVIEW	425f94c2954b1fe80ebdbf9b29854e89750355df	3e1dbcffdc528f998e98ebd455723af10e20231caede3d4091c9ff69d7ea4b32	05f1654b63cfaaf1efbb001cd9ec5ccb65b8e73c5c0b5f3e48e93b45f16463b3	0123af9e96b58af4e98b91a2de5608d36b63c67864b9041d3340587f3dbe40d2	cfa8dcf0d81c408de38d4202fe1ce9d9e5e301d1e67439c9530da94b1e64ee3f	7484d7b0dd80f45e18d726b04752827fe28555cc5c1af0e127948380e6688abf
semantic-proposal-v1	SC1-26949c2531fe77d5923d5a7bfd7f6f1fa01349ae5920cef511615de4c2244a85	S016234	2	P01	SYMBOLS.tsv	381370	status	aarch64	include/uapi/linux/major.h	operative_macro	CDU31A_CDROM_MAJOR	32	PENDING_REVIEW			vendor/linux/include/uapi/linux/major.h;vendor/linux/include/uapi/linux/major.h:32;rewrite/configs/aarch64/frozen.config;header_closure=rewrite/metadata/header_closure.tsv;selected=PENDING_REVIEW	425f94c2954b1fe80ebdbf9b29854e89750355df	3e1dbcffdc528f998e98ebd455723af10e20231caede3d4091c9ff69d7ea4b32	05f1654b63cfaaf1efbb001cd9ec5ccb65b8e73c5c0b5f3e48e93b45f16463b3	0123af9e96b58af4e98b91a2de5608d36b63c67864b9041d3340587f3dbe40d2	cfa8dcf0d81c408de38d4202fe1ce9d9e5e301d1e67439c9530da94b1e64ee3f	7484d7b0dd80f45e18d726b04752827fe28555cc5c1af0e127948380e6688abf
semantic-proposal-v1	SC1-72e1d1ba959ac10c87c755c98e773c50835f8e8a38390b777fa584dfefc7c387	S016234	2	P01	SYMBOLS.tsv	381371	selection_expression	aarch64	include/uapi/linux/major.h	operative_macro	JOYSTICK_MAJOR	33	PENDING_REVIEW			vendor/linux/include/uapi/linux/major.h;vendor/linux/include/uapi/linux/major.h:33;rewrite/configs/aarch64/frozen.config;header_closure=rewrite/metadata/header_closure.tsv;selected=PENDING_REVIEW	425f94c2954b1fe80ebdbf9b29854e89750355df	3e1dbcffdc528f998e98ebd455723af10e20231caede3d4091c9ff69d7ea4b32	05f1654b63cfaaf1efbb001cd9ec5ccb65b8e73c5c0b5f3e48e93b45f16463b3	0123af9e96b58af4e98b91a2de5608d36b63c67864b9041d3340587f3dbe40d2	cfa8dcf0d81c408de38d4202fe1ce9d9e5e301d1e67439c9530da94b1e64ee3f	7484d7b0dd80f45e18d726b04752827fe28555cc5c1af0e127948380e6688abf
semantic-proposal-v1	SC1-f4f111f3f1761d44f2d72514c19e8d50778a64b2f05812c3f5fd864e89b5aedb	S016234	2	P01	SYMBOLS.tsv	381371	status	aarch64	include/uapi/linux/major.h	operative_macro	JOYSTICK_MAJOR	33	PENDING_REVIEW			vendor/linux/include/uapi/linux/major.h;vendor/linux/include/uapi/linux/major.h:33;rewrite/configs/aarch64/frozen.config;header_closure=rewrite/metadata/header_closure.tsv;selected=PENDING_REVIEW	425f94c2954b1fe80ebdbf9b29854e89750355df	3e1dbcffdc528f998e98ebd455723af10e20231caede3d4091c9ff69d7ea4b32	05f1654b63cfaaf1efbb001cd9ec5ccb65b8e73c5c0b5f3e48e93b45f16463b3	0123af9e96b58af4e98b91a2de5608d36b63c67864b9041d3340587f3dbe40d2	cfa8dcf0d81c408de38d4202fe1ce9d9e5e301d1e67439c9530da94b1e64ee3f	7484d7b0dd80f45e18d726b04752827fe28555cc5c1af0e127948380e6688abf
semantic-proposal-v1	SC1-442c144bd814d66ca0714cae2553c24a45dad8d8cf7a26e6911da68aa958bf77	S016234	2	P01	SYMBOLS.tsv	381372	selection_expression	aarch64	include/uapi/linux/major.h	operative_macro	GOLDSTAR_CDROM_MAJOR	34	PENDING_REVIEW			vendor/linux/include/uapi/linux/major.h;vendor/linux/include/uapi/linux/major.h:34;rewrite/configs/aarch64/frozen.config;header_closure=rewrite/metadata/header_closure.tsv;selected=PENDING_REVIEW	425f94c2954b1fe80ebdbf9b29854e89750355df	3e1dbcffdc528f998e98ebd455723af10e20231caede3d4091c9ff69d7ea4b32	05f1654b63cfaaf1efbb001cd9ec5ccb65b8e73c5c0b5f3e48e93b45f16463b3	0123af9e96b58af4e98b91a2de5608d36b63c67864b9041d3340587f3dbe40d2	cfa8dcf0d81c408de38d4202fe1ce9d9e5e301d1e67439c9530da94b1e64ee3f	7484d7b0dd80f45e18d726b04752827fe28555cc5c1af0e127948380e6688abf
semantic-proposal-v1	SC1-cf9d7262f97be9780d61685b48bf637fb9bd5449bb0176d6971984b0fce3ddc4	S016234	2	P01	SYMBOLS.tsv	381372	status	aarch64	include/uapi/linux/major.h	operative_macro	GOLDSTAR_CDROM_MAJOR	34	PENDING_REVIEW			vendor/linux/include/uapi/linux/major.h;vendor/linux/include/uapi/linux/major.h:34;rewrite/configs/aarch64/frozen.config;header_closure=rewrite/metadata/header_closure.tsv;selected=PENDING_REVIEW	425f94c2954b1fe80ebdbf9b29854e89750355df	3e1dbcffdc528f998e98ebd455723af10e20231caede3d4091c9ff69d7ea4b32	05f1654b63cfaaf1efbb001cd9ec5ccb65b8e73c5c0b5f3e48e93b45f16463b3	0123af9e96b58af4e98b91a2de5608d36b63c67864b9041d3340587f3dbe40d2	cfa8dcf0d81c408de38d4202fe1ce9d9e5e301d1e67439c9530da94b1e64ee3f	7484d7b0dd80f45e18d726b04752827fe28555cc5c1af0e127948380e6688abf
semantic-proposal-v1	SC1-33d15fe54e4739b88d87ca4b1a75449ec78ceeb135cccc648a9dd77b42783224	S016234	2	P01	SYMBOLS.tsv	381373	selection_expression	aarch64	include/uapi/linux/major.h	operative_macro	OPTICS_CDROM_MAJOR	35	PENDING_REVIEW			vendor/linux/include/uapi/linux/major.h;vendor/linux/include/uapi/linux/major.h:35;rewrite/configs/aarch64/frozen.config;header_closure=rewrite/metadata/header_closure.tsv;selected=PENDING_REVIEW	425f94c2954b1fe80ebdbf9b29854e89750355df	3e1dbcffdc528f998e98ebd455723af10e20231caede3d4091c9ff69d7ea4b32	05f1654b63cfaaf1efbb001cd9ec5ccb65b8e73c5c0b5f3e48e93b45f16463b3	0123af9e96b58af4e98b91a2de5608d36b63c67864b9041d3340587f3dbe40d2	cfa8dcf0d81c408de38d4202fe1ce9d9e5e301d1e67439c9530da94b1e64ee3f	7484d7b0dd80f45e18d726b04752827fe28555cc5c1af0e127948380e6688abf
semantic-proposal-v1	SC1-7ee77639f4894a182d62012fc1c322dac3d30a8b0abcb146b214330ebb9dc3ef	S016234	2	P01	SYMBOLS.tsv	381373	status	aarch64	include/uapi/linux/major.h	operative_macro	OPTICS_CDROM_MAJOR	35	PENDING_REVIEW			vendor/linux/include/uapi/linux/major.h;vendor/linux/include/uapi/linux/major.h:35;rewrite/configs/aarch64/frozen.config;header_closure=rewrite/metadata/header_closure.tsv;selected=PENDING_REVIEW	425f94c2954b1fe80ebdbf9b29854e89750355df	3e1dbcffdc528f998e98ebd455723af10e20231caede3d4091c9ff69d7ea4b32	05f1654b63cfaaf1efbb001cd9ec5ccb65b8e73c5c0b5f3e48e93b45f16463b3	0123af9e96b58af4e98b91a2de5608d36b63c67864b9041d3340587f3dbe40d2	cfa8dcf0d81c408de38d4202fe1ce9d9e5e301d1e67439c9530da94b1e64ee3f	7484d7b0dd80f45e18d726b04752827fe28555cc5c1af0e127948380e6688abf
semantic-proposal-v1	SC1-e74808f446d2d24c4477f18ff5c1630a5fde3aea3b512939a7d327444f330bac	S016234	2	P01	SYMBOLS.tsv	381374	selection_expression	aarch64	include/uapi/linux/major.h	operative_macro	SANYO_CDROM_MAJOR	36	PENDING_REVIEW			vendor/linux/include/uapi/linux/major.h;vendor/linux/include/uapi/linux/major.h:36;rewrite/configs/aarch64/frozen.config;header_closure=rewrite/metadata/header_closure.tsv;selected=PENDING_REVIEW	425f94c2954b1fe80ebdbf9b29854e89750355df	3e1dbcffdc528f998e98ebd455723af10e20231caede3d4091c9ff69d7ea4b32	05f1654b63cfaaf1efbb001cd9ec5ccb65b8e73c5c0b5f3e48e93b45f16463b3	0123af9e96b58af4e98b91a2de5608d36b63c67864b9041d3340587f3dbe40d2	cfa8dcf0d81c408de38d4202fe1ce9d9e5e301d1e67439c9530da94b1e64ee3f	7484d7b0dd80f45e18d726b04752827fe28555cc5c1af0e127948380e6688abf
semantic-proposal-v1	SC1-f716ff35ff931ae697124bdbb8ff8926cc74aa5364c83c0c819d7ed587b24cb4	S016234	2	P01	SYMBOLS.tsv	381374	status	aarch64	include/uapi/linux/major.h	operative_macro	SANYO_CDROM_MAJOR	36	PENDING_REVIEW			vendor/linux/include/uapi/linux/major.h;vendor/linux/include/uapi/linux/major.h:36;rewrite/configs/aarch64/frozen.config;header_closure=rewrite/metadata/header_closure.tsv;selected=PENDING_REVIEW	425f94c2954b1fe80ebdbf9b29854e89750355df	3e1dbcffdc528f998e98ebd455723af10e20231caede3d4091c9ff69d7ea4b32	05f1654b63cfaaf1efbb001cd9ec5ccb65b8e73c5c0b5f3e48e93b45f16463b3	0123af9e96b58af4e98b91a2de5608d36b63c67864b9041d3340587f3dbe40d2	cfa8dcf0d81c408de38d4202fe1ce9d9e5e301d1e67439c9530da94b1e64ee3f	7484d7b0dd80f45e18d726b04752827fe28555cc5c1af0e127948380e6688abf
semantic-proposal-v1	SC1-7f33c480dc9304faf110a67383abcc7495e175a67da5e0a4353b3036db397ea4	S016234	2	P01	SYMBOLS.tsv	381375	selection_expression	aarch64	include/uapi/linux/major.h	operative_macro	MITSUMI_X_CDROM_MAJOR	37	PENDING_REVIEW			vendor/linux/include/uapi/linux/major.h;vendor/linux/include/uapi/linux/major.h:37;rewrite/configs/aarch64/frozen.config;header_closure=rewrite/metadata/header_closure.tsv;selected=PENDING_REVIEW	425f94c2954b1fe80ebdbf9b29854e89750355df	3e1dbcffdc528f998e98ebd455723af10e20231caede3d4091c9ff69d7ea4b32	05f1654b63cfaaf1efbb001cd9ec5ccb65b8e73c5c0b5f3e48e93b45f16463b3	0123af9e96b58af4e98b91a2de5608d36b63c67864b9041d3340587f3dbe40d2	cfa8dcf0d81c408de38d4202fe1ce9d9e5e301d1e67439c9530da94b1e64ee3f	7484d7b0dd80f45e18d726b04752827fe28555cc5c1af0e127948380e6688abf
semantic-proposal-v1	SC1-15197264e40debdcb933240d464d4c08a8c5ede9ae4ed77199f29301efc431eb	S016234	2	P01	SYMBOLS.tsv	381375	status	aarch64	include/uapi/linux/major.h	operative_macro	MITSUMI_X_CDROM_MAJOR	37	PENDING_REVIEW			vendor/linux/include/uapi/linux/major.h;vendor/linux/include/uapi/linux/major.h:37;rewrite/configs/aarch64/frozen.config;header_closure=rewrite/metadata/header_closure.tsv;selected=PENDING_REVIEW	425f94c2954b1fe80ebdbf9b29854e89750355df	3e1dbcffdc528f998e98ebd455723af10e20231caede3d4091c9ff69d7ea4b32	05f1654b63cfaaf1efbb001cd9ec5ccb65b8e73c5c0b5f3e48e93b45f16463b3	0123af9e96b58af4e98b91a2de5608d36b63c67864b9041d3340587f3dbe40d2	cfa8dcf0d81c408de38d4202fe1ce9d9e5e301d1e67439c9530da94b1e64ee3f	7484d7b0dd80f45e18d726b04752827fe28555cc5c1af0e127948380e6688abf
semantic-proposal-v1	SC1-657c81a0e9f575a7a8b4852fe104f1553873b27c5672fd2d79a955b1d83f614e	S016234	2	P01	SYMBOLS.tsv	381376	selection_expression	aarch64	include/uapi/linux/major.h	operative_macro	MFM_ACORN_MAJOR	38	PENDING_REVIEW			vendor/linux/include/uapi/linux/major.h;vendor/linux/include/uapi/linux/major.h:38;rewrite/configs/aarch64/frozen.config;header_closure=rewrite/metadata/header_closure.tsv;selected=PENDING_REVIEW	425f94c2954b1fe80ebdbf9b29854e89750355df	3e1dbcffdc528f998e98ebd455723af10e20231caede3d4091c9ff69d7ea4b32	05f1654b63cfaaf1efbb001cd9ec5ccb65b8e73c5c0b5f3e48e93b45f16463b3	0123af9e96b58af4e98b91a2de5608d36b63c67864b9041d3340587f3dbe40d2	cfa8dcf0d81c408de38d4202fe1ce9d9e5e301d1e67439c9530da94b1e64ee3f	7484d7b0dd80f45e18d726b04752827fe28555cc5c1af0e127948380e6688abf
semantic-proposal-v1	SC1-13e38dce2489fd6f1fe36ef979f348a96983edbf867fd66960e82ec4f94686bf	S016234	2	P01	SYMBOLS.tsv	381376	status	aarch64	include/uapi/linux/major.h	operative_macro	MFM_ACORN_MAJOR	38	PENDING_REVIEW			vendor/linux/include/uapi/linux/major.h;vendor/linux/include/uapi/linux/major.h:38;rewrite/configs/aarch64/frozen.config;header_closure=rewrite/metadata/header_closure.tsv;selected=PENDING_REVIEW	425f94c2954b1fe80ebdbf9b29854e89750355df	3e1dbcffdc528f998e98ebd455723af10e20231caede3d4091c9ff69d7ea4b32	05f1654b63cfaaf1efbb001cd9ec5ccb65b8e73c5c0b5f3e48e93b45f16463b3	0123af9e96b58af4e98b91a2de5608d36b63c67864b9041d3340587f3dbe40d2	cfa8dcf0d81c408de38d4202fe1ce9d9e5e301d1e67439c9530da94b1e64ee3f	7484d7b0dd80f45e18d726b04752827fe28555cc5c1af0e127948380e6688abf
semantic-proposal-v1	SC1-05fc9ad8abb15892bc4251e67457149679c7cad05c009203026976c73f3cf15c	S016234	2	P01	SYMBOLS.tsv	381377	selection_expression	aarch64	include/uapi/linux/major.h	operative_macro	SCSI_GENERIC_MAJOR	39	PENDING_REVIEW			vendor/linux/include/uapi/linux/major.h;vendor/linux/include/uapi/linux/major.h:39;rewrite/configs/aarch64/frozen.config;header_closure=rewrite/metadata/header_closure.tsv;selected=PENDING_REVIEW	425f94c2954b1fe80ebdbf9b29854e89750355df	3e1dbcffdc528f998e98ebd455723af10e20231caede3d4091c9ff69d7ea4b32	05f1654b63cfaaf1efbb001cd9ec5ccb65b8e73c5c0b5f3e48e93b45f16463b3	0123af9e96b58af4e98b91a2de5608d36b63c67864b9041d3340587f3dbe40d2	cfa8dcf0d81c408de38d4202fe1ce9d9e5e301d1e67439c9530da94b1e64ee3f	7484d7b0dd80f45e18d726b04752827fe28555cc5c1af0e127948380e6688abf
semantic-proposal-v1	SC1-9264a4fb145fc2d388974990f490f78208219608c891b4b1cdd1fbdbcd3a8fc5	S016234	2	P01	SYMBOLS.tsv	381377	status	aarch64	include/uapi/linux/major.h	operative_macro	SCSI_GENERIC_MAJOR	39	PENDING_REVIEW			vendor/linux/include/uapi/linux/major.h;vendor/linux/include/uapi/linux/major.h:39;rewrite/configs/aarch64/frozen.config;header_closure=rewrite/metadata/header_closure.tsv;selected=PENDING_REVIEW	425f94c2954b1fe80ebdbf9b29854e89750355df	3e1dbcffdc528f998e98ebd455723af10e20231caede3d4091c9ff69d7ea4b32	05f1654b63cfaaf1efbb001cd9ec5ccb65b8e73c5c0b5f3e48e93b45f16463b3	0123af9e96b58af4e98b91a2de5608d36b63c67864b9041d3340587f3dbe40d2	cfa8dcf0d81c408de38d4202fe1ce9d9e5e301d1e67439c9530da94b1e64ee3f	7484d7b0dd80f45e18d726b04752827fe28555cc5c1af0e127948380e6688abf
semantic-proposal-v1	SC1-b49523eec64c904e42bbf1259403ca944304736c9d0ffc21c9f0b89b17ca33c3	S016234	2	P01	SYMBOLS.tsv	381378	selection_expression	aarch64	include/uapi/linux/major.h	operative_macro	IDE1_MAJOR	40	PENDING_REVIEW			vendor/linux/include/uapi/linux/major.h;vendor/linux/include/uapi/linux/major.h:40;rewrite/configs/aarch64/frozen.config;header_closure=rewrite/metadata/header_closure.tsv;selected=PENDING_REVIEW	425f94c2954b1fe80ebdbf9b29854e89750355df	3e1dbcffdc528f998e98ebd455723af10e20231caede3d4091c9ff69d7ea4b32	05f1654b63cfaaf1efbb001cd9ec5ccb65b8e73c5c0b5f3e48e93b45f16463b3	0123af9e96b58af4e98b91a2de5608d36b63c67864b9041d3340587f3dbe40d2	cfa8dcf0d81c408de38d4202fe1ce9d9e5e301d1e67439c9530da94b1e64ee3f	7484d7b0dd80f45e18d726b04752827fe28555cc5c1af0e127948380e6688abf
semantic-proposal-v1	SC1-fdd804b5d922cc6d889272111c9ac62ef2562bd04f58dd18fc1887d46d65151a	S016234	2	P01	SYMBOLS.tsv	381378	status	aarch64	include/uapi/linux/major.h	operative_macro	IDE1_MAJOR	40	PENDING_REVIEW			vendor/linux/include/uapi/linux/major.h;vendor/linux/include/uapi/linux/major.h:40;rewrite/configs/aarch64/frozen.config;header_closure=rewrite/metadata/header_closure.tsv;selected=PENDING_REVIEW	425f94c2954b1fe80ebdbf9b29854e89750355df	3e1dbcffdc528f998e98ebd455723af10e20231caede3d4091c9ff69d7ea4b32	05f1654b63cfaaf1efbb001cd9ec5ccb65b8e73c5c0b5f3e48e93b45f16463b3	0123af9e96b58af4e98b91a2de5608d36b63c67864b9041d3340587f3dbe40d2	cfa8dcf0d81c408de38d4202fe1ce9d9e5e301d1e67439c9530da94b1e64ee3f	7484d7b0dd80f45e18d726b04752827fe28555cc5c1af0e127948380e6688abf
semantic-proposal-v1	SC1-79a6213cabe236261be00c20fb850c72434f7744023e61037c8f3692208d60b4	S016234	2	P01	SYMBOLS.tsv	381379	selection_expression	aarch64	include/uapi/linux/major.h	operative_macro	DIGICU_MAJOR	41	PENDING_REVIEW			vendor/linux/include/uapi/linux/major.h;vendor/linux/include/uapi/linux/major.h:41;rewrite/configs/aarch64/frozen.config;header_closure=rewrite/metadata/header_closure.tsv;selected=PENDING_REVIEW	425f94c2954b1fe80ebdbf9b29854e89750355df	3e1dbcffdc528f998e98ebd455723af10e20231caede3d4091c9ff69d7ea4b32	05f1654b63cfaaf1efbb001cd9ec5ccb65b8e73c5c0b5f3e48e93b45f16463b3	0123af9e96b58af4e98b91a2de5608d36b63c67864b9041d3340587f3dbe40d2	cfa8dcf0d81c408de38d4202fe1ce9d9e5e301d1e67439c9530da94b1e64ee3f	7484d7b0dd80f45e18d726b04752827fe28555cc5c1af0e127948380e6688abf
semantic-proposal-v1	SC1-8bd14132567c7fcbac6097ffcea449334306f6d8fcd5441f98575f3a3bb7b769	S016234	2	P01	SYMBOLS.tsv	381379	status	aarch64	include/uapi/linux/major.h	operative_macro	DIGICU_MAJOR	41	PENDING_REVIEW			vendor/linux/include/uapi/linux/major.h;vendor/linux/include/uapi/linux/major.h:41;rewrite/configs/aarch64/frozen.config;header_closure=rewrite/metadata/header_closure.tsv;selected=PENDING_REVIEW	425f94c2954b1fe80ebdbf9b29854e89750355df	3e1dbcffdc528f998e98ebd455723af10e20231caede3d4091c9ff69d7ea4b32	05f1654b63cfaaf1efbb001cd9ec5ccb65b8e73c5c0b5f3e48e93b45f16463b3	0123af9e96b58af4e98b91a2de5608d36b63c67864b9041d3340587f3dbe40d2	cfa8dcf0d81c408de38d4202fe1ce9d9e5e301d1e67439c9530da94b1e64ee3f	7484d7b0dd80f45e18d726b04752827fe28555cc5c1af0e127948380e6688abf
semantic-proposal-v1	SC1-ad72272aec71426f72b24563efc4bd66a38e04c0bd8d4229f266587a67ea82c5	S016234	2	P01	SYMBOLS.tsv	381380	selection_expression	aarch64	include/uapi/linux/major.h	operative_macro	DIGI_MAJOR	42	PENDING_REVIEW			vendor/linux/include/uapi/linux/major.h;vendor/linux/include/uapi/linux/major.h:42;rewrite/configs/aarch64/frozen.config;header_closure=rewrite/metadata/header_closure.tsv;selected=PENDING_REVIEW	425f94c2954b1fe80ebdbf9b29854e89750355df	3e1dbcffdc528f998e98ebd455723af10e20231caede3d4091c9ff69d7ea4b32	05f1654b63cfaaf1efbb001cd9ec5ccb65b8e73c5c0b5f3e48e93b45f16463b3	0123af9e96b58af4e98b91a2de5608d36b63c67864b9041d3340587f3dbe40d2	cfa8dcf0d81c408de38d4202fe1ce9d9e5e301d1e67439c9530da94b1e64ee3f	7484d7b0dd80f45e18d726b04752827fe28555cc5c1af0e127948380e6688abf
semantic-proposal-v1	SC1-b2d0edabf35d7d059ce9b1bca2f4e270f389586ff38a0954bbfd2a140208943f	S016234	2	P01	SYMBOLS.tsv	381380	status	aarch64	include/uapi/linux/major.h	operative_macro	DIGI_MAJOR	42	PENDING_REVIEW			vendor/linux/include/uapi/linux/major.h;vendor/linux/include/uapi/linux/major.h:42;rewrite/configs/aarch64/frozen.config;header_closure=rewrite/metadata/header_closure.tsv;selected=PENDING_REVIEW	425f94c2954b1fe80ebdbf9b29854e89750355df	3e1dbcffdc528f998e98ebd455723af10e20231caede3d4091c9ff69d7ea4b32	05f1654b63cfaaf1efbb001cd9ec5ccb65b8e73c5c0b5f3e48e93b45f16463b3	0123af9e96b58af4e98b91a2de5608d36b63c67864b9041d3340587f3dbe40d2	cfa8dcf0d81c408de38d4202fe1ce9d9e5e301d1e67439c9530da94b1e64ee3f	7484d7b0dd80f45e18d726b04752827fe28555cc5c1af0e127948380e6688abf
semantic-proposal-v1	SC1-17eafda88bd64cab607ea0e52baec831ebb9eedba5684b137b718c4513b71358	S016234	2	P01	SYMBOLS.tsv	381381	selection_expression	aarch64	include/uapi/linux/major.h	operative_macro	MITSUMI_CDROM_MAJOR	43	PENDING_REVIEW			vendor/linux/include/uapi/linux/major.h;vendor/linux/include/uapi/linux/major.h:43;rewrite/configs/aarch64/frozen.config;header_closure=rewrite/metadata/header_closure.tsv;selected=PENDING_REVIEW	425f94c2954b1fe80ebdbf9b29854e89750355df	3e1dbcffdc528f998e98ebd455723af10e20231caede3d4091c9ff69d7ea4b32	05f1654b63cfaaf1efbb001cd9ec5ccb65b8e73c5c0b5f3e48e93b45f16463b3	0123af9e96b58af4e98b91a2de5608d36b63c67864b9041d3340587f3dbe40d2	cfa8dcf0d81c408de38d4202fe1ce9d9e5e301d1e67439c9530da94b1e64ee3f	7484d7b0dd80f45e18d726b04752827fe28555cc5c1af0e127948380e6688abf
semantic-proposal-v1	SC1-bcc43d0366d69f548d573bedf028fe8b6399098653be6b19cbc80d1a7625a39c	S016234	2	P01	SYMBOLS.tsv	381381	status	aarch64	include/uapi/linux/major.h	operative_macro	MITSUMI_CDROM_MAJOR	43	PENDING_REVIEW			vendor/linux/include/uapi/linux/major.h;vendor/linux/include/uapi/linux/major.h:43;rewrite/configs/aarch64/frozen.config;header_closure=rewrite/metadata/header_closure.tsv;selected=PENDING_REVIEW	425f94c2954b1fe80ebdbf9b29854e89750355df	3e1dbcffdc528f998e98ebd455723af10e20231caede3d4091c9ff69d7ea4b32	05f1654b63cfaaf1efbb001cd9ec5ccb65b8e73c5c0b5f3e48e93b45f16463b3	0123af9e96b58af4e98b91a2de5608d36b63c67864b9041d3340587f3dbe40d2	cfa8dcf0d81c408de38d4202fe1ce9d9e5e301d1e67439c9530da94b1e64ee3f	7484d7b0dd80f45e18d726b04752827fe28555cc5c1af0e127948380e6688abf
semantic-proposal-v1	SC1-53125dd297c1a0cbd6f77ad268d8658719f9e4e888ae4d40fc09f0a0ef006bc1	S016234	2	P01	SYMBOLS.tsv	381382	selection_expression	aarch64	include/uapi/linux/major.h	operative_macro	CDU535_CDROM_MAJOR	44	PENDING_REVIEW			vendor/linux/include/uapi/linux/major.h;vendor/linux/include/uapi/linux/major.h:44;rewrite/configs/aarch64/frozen.config;header_closure=rewrite/metadata/header_closure.tsv;selected=PENDING_REVIEW	425f94c2954b1fe80ebdbf9b29854e89750355df	3e1dbcffdc528f998e98ebd455723af10e20231caede3d4091c9ff69d7ea4b32	05f1654b63cfaaf1efbb001cd9ec5ccb65b8e73c5c0b5f3e48e93b45f16463b3	0123af9e96b58af4e98b91a2de5608d36b63c67864b9041d3340587f3dbe40d2	cfa8dcf0d81c408de38d4202fe1ce9d9e5e301d1e67439c9530da94b1e64ee3f	7484d7b0dd80f45e18d726b04752827fe28555cc5c1af0e127948380e6688abf
semantic-proposal-v1	SC1-eae54b8ad01d39bb07922d32d0c444ed318f7d7dddbe2d0445d26931379c1d6a	S016234	2	P01	SYMBOLS.tsv	381382	status	aarch64	include/uapi/linux/major.h	operative_macro	CDU535_CDROM_MAJOR	44	PENDING_REVIEW			vendor/linux/include/uapi/linux/major.h;vendor/linux/include/uapi/linux/major.h:44;rewrite/configs/aarch64/frozen.config;header_closure=rewrite/metadata/header_closure.tsv;selected=PENDING_REVIEW	425f94c2954b1fe80ebdbf9b29854e89750355df	3e1dbcffdc528f998e98ebd455723af10e20231caede3d4091c9ff69d7ea4b32	05f1654b63cfaaf1efbb001cd9ec5ccb65b8e73c5c0b5f3e48e93b45f16463b3	0123af9e96b58af4e98b91a2de5608d36b63c67864b9041d3340587f3dbe40d2	cfa8dcf0d81c408de38d4202fe1ce9d9e5e301d1e67439c9530da94b1e64ee3f	7484d7b0dd80f45e18d726b04752827fe28555cc5c1af0e127948380e6688abf
semantic-proposal-v1	SC1-cf6f6156ecd1eda7aa1627c6deb4912e6d3d7db06ad321c1076b42bcabd01ddd	S016234	2	P01	SYMBOLS.tsv	381383	selection_expression	aarch64	include/uapi/linux/major.h	operative_macro	STL_SERIALMAJOR	45	PENDING_REVIEW			vendor/linux/include/uapi/linux/major.h;vendor/linux/include/uapi/linux/major.h:45;rewrite/configs/aarch64/frozen.config;header_closure=rewrite/metadata/header_closure.tsv;selected=PENDING_REVIEW	425f94c2954b1fe80ebdbf9b29854e89750355df	3e1dbcffdc528f998e98ebd455723af10e20231caede3d4091c9ff69d7ea4b32	05f1654b63cfaaf1efbb001cd9ec5ccb65b8e73c5c0b5f3e48e93b45f16463b3	0123af9e96b58af4e98b91a2de5608d36b63c67864b9041d3340587f3dbe40d2	cfa8dcf0d81c408de38d4202fe1ce9d9e5e301d1e67439c9530da94b1e64ee3f	7484d7b0dd80f45e18d726b04752827fe28555cc5c1af0e127948380e6688abf
semantic-proposal-v1	SC1-699599e0c9e10d0791da133a9eec39eaf228839d38f47d9690d0954824d503a1	S016234	2	P01	SYMBOLS.tsv	381383	status	aarch64	include/uapi/linux/major.h	operative_macro	STL_SERIALMAJOR	45	PENDING_REVIEW			vendor/linux/include/uapi/linux/major.h;vendor/linux/include/uapi/linux/major.h:45;rewrite/configs/aarch64/frozen.config;header_closure=rewrite/metadata/header_closure.tsv;selected=PENDING_REVIEW	425f94c2954b1fe80ebdbf9b29854e89750355df	3e1dbcffdc528f998e98ebd455723af10e20231caede3d4091c9ff69d7ea4b32	05f1654b63cfaaf1efbb001cd9ec5ccb65b8e73c5c0b5f3e48e93b45f16463b3	0123af9e96b58af4e98b91a2de5608d36b63c67864b9041d3340587f3dbe40d2	cfa8dcf0d81c408de38d4202fe1ce9d9e5e301d1e67439c9530da94b1e64ee3f	7484d7b0dd80f45e18d726b04752827fe28555cc5c1af0e127948380e6688abf
semantic-proposal-v1	SC1-72500b39d00ff4e8bce200b76143c82d81778c2136830f90b8eaa47b454aac43	S016234	2	P01	SYMBOLS.tsv	381384	selection_expression	aarch64	include/uapi/linux/major.h	operative_macro	MATSUSHITA_CDROM_MAJOR	46	PENDING_REVIEW			vendor/linux/include/uapi/linux/major.h;vendor/linux/include/uapi/linux/major.h:46;rewrite/configs/aarch64/frozen.config;header_closure=rewrite/metadata/header_closure.tsv;selected=PENDING_REVIEW	425f94c2954b1fe80ebdbf9b29854e89750355df	3e1dbcffdc528f998e98ebd455723af10e20231caede3d4091c9ff69d7ea4b32	05f1654b63cfaaf1efbb001cd9ec5ccb65b8e73c5c0b5f3e48e93b45f16463b3	0123af9e96b58af4e98b91a2de5608d36b63c67864b9041d3340587f3dbe40d2	cfa8dcf0d81c408de38d4202fe1ce9d9e5e301d1e67439c9530da94b1e64ee3f	7484d7b0dd80f45e18d726b04752827fe28555cc5c1af0e127948380e6688abf
semantic-proposal-v1	SC1-bcb07e6712a6bc1da07de9daea3bdddce5078212afc2ca1ec6b6740d8f1aaec9	S016234	2	P01	SYMBOLS.tsv	381384	status	aarch64	include/uapi/linux/major.h	operative_macro	MATSUSHITA_CDROM_MAJOR	46	PENDING_REVIEW			vendor/linux/include/uapi/linux/major.h;vendor/linux/include/uapi/linux/major.h:46;rewrite/configs/aarch64/frozen.config;header_closure=rewrite/metadata/header_closure.tsv;selected=PENDING_REVIEW	425f94c2954b1fe80ebdbf9b29854e89750355df	3e1dbcffdc528f998e98ebd455723af10e20231caede3d4091c9ff69d7ea4b32	05f1654b63cfaaf1efbb001cd9ec5ccb65b8e73c5c0b5f3e48e93b45f16463b3	0123af9e96b58af4e98b91a2de5608d36b63c67864b9041d3340587f3dbe40d2	cfa8dcf0d81c408de38d4202fe1ce9d9e5e301d1e67439c9530da94b1e64ee3f	7484d7b0dd80f45e18d726b04752827fe28555cc5c1af0e127948380e6688abf
semantic-proposal-v1	SC1-67821928667658ad23ec34fe2bb01cdb4bd9c34d53ea62fc8bbff3a5fc373012	S016234	2	P01	SYMBOLS.tsv	381385	selection_expression	aarch64	include/uapi/linux/major.h	operative_macro	STL_CALLOUTMAJOR	47	PENDING_REVIEW			vendor/linux/include/uapi/linux/major.h;vendor/linux/include/uapi/linux/major.h:47;rewrite/configs/aarch64/frozen.config;header_closure=rewrite/metadata/header_closure.tsv;selected=PENDING_REVIEW	425f94c2954b1fe80ebdbf9b29854e89750355df	3e1dbcffdc528f998e98ebd455723af10e20231caede3d4091c9ff69d7ea4b32	05f1654b63cfaaf1efbb001cd9ec5ccb65b8e73c5c0b5f3e48e93b45f16463b3	0123af9e96b58af4e98b91a2de5608d36b63c67864b9041d3340587f3dbe40d2	cfa8dcf0d81c408de38d4202fe1ce9d9e5e301d1e67439c9530da94b1e64ee3f	7484d7b0dd80f45e18d726b04752827fe28555cc5c1af0e127948380e6688abf
semantic-proposal-v1	SC1-72f1e60e0a6af2f320ccfb146d333d0f5071ee4ebc331e55ed426c52c8b1ea65	S016234	2	P01	SYMBOLS.tsv	381385	status	aarch64	include/uapi/linux/major.h	operative_macro	STL_CALLOUTMAJOR	47	PENDING_REVIEW			vendor/linux/include/uapi/linux/major.h;vendor/linux/include/uapi/linux/major.h:47;rewrite/configs/aarch64/frozen.config;header_closure=rewrite/metadata/header_closure.tsv;selected=PENDING_REVIEW	425f94c2954b1fe80ebdbf9b29854e89750355df	3e1dbcffdc528f998e98ebd455723af10e20231caede3d4091c9ff69d7ea4b32	05f1654b63cfaaf1efbb001cd9ec5ccb65b8e73c5c0b5f3e48e93b45f16463b3	0123af9e96b58af4e98b91a2de5608d36b63c67864b9041d3340587f3dbe40d2	cfa8dcf0d81c408de38d4202fe1ce9d9e5e301d1e67439c9530da94b1e64ee3f	7484d7b0dd80f45e18d726b04752827fe28555cc5c1af0e127948380e6688abf
semantic-proposal-v1	SC1-d1b4f4bd161cb0fe08cdfd8a7a03e74c93e0e941e4bfb1d47a90a375e9824a3e	S016234	2	P01	SYMBOLS.tsv	381386	selection_expression	aarch64	include/uapi/linux/major.h	operative_macro	MATSUSHITA_CDROM2_MAJOR	48	PENDING_REVIEW			vendor/linux/include/uapi/linux/major.h;vendor/linux/include/uapi/linux/major.h:48;rewrite/configs/aarch64/frozen.config;header_closure=rewrite/metadata/header_closure.tsv;selected=PENDING_REVIEW	425f94c2954b1fe80ebdbf9b29854e89750355df	3e1dbcffdc528f998e98ebd455723af10e20231caede3d4091c9ff69d7ea4b32	05f1654b63cfaaf1efbb001cd9ec5ccb65b8e73c5c0b5f3e48e93b45f16463b3	0123af9e96b58af4e98b91a2de5608d36b63c67864b9041d3340587f3dbe40d2	cfa8dcf0d81c408de38d4202fe1ce9d9e5e301d1e67439c9530da94b1e64ee3f	7484d7b0dd80f45e18d726b04752827fe28555cc5c1af0e127948380e6688abf
semantic-proposal-v1	SC1-1a97c2ac8b6af845fd34adba095b5d645838a2b8a15de9d082826f65bc03415d	S016234	2	P01	SYMBOLS.tsv	381386	status	aarch64	include/uapi/linux/major.h	operative_macro	MATSUSHITA_CDROM2_MAJOR	48	PENDING_REVIEW			vendor/linux/include/uapi/linux/major.h;vendor/linux/include/uapi/linux/major.h:48;rewrite/configs/aarch64/frozen.config;header_closure=rewrite/metadata/header_closure.tsv;selected=PENDING_REVIEW	425f94c2954b1fe80ebdbf9b29854e89750355df	3e1dbcffdc528f998e98ebd455723af10e20231caede3d4091c9ff69d7ea4b32	05f1654b63cfaaf1efbb001cd9ec5ccb65b8e73c5c0b5f3e48e93b45f16463b3	0123af9e96b58af4e98b91a2de5608d36b63c67864b9041d3340587f3dbe40d2	cfa8dcf0d81c408de38d4202fe1ce9d9e5e301d1e67439c9530da94b1e64ee3f	7484d7b0dd80f45e18d726b04752827fe28555cc5c1af0e127948380e6688abf
semantic-proposal-v1	SC1-738ae261fe5c1503f94f9f2c3fd745133f8b931ba1d0baf54ff38f5f923b8cec	S016234	2	P01	SYMBOLS.tsv	381387	selection_expression	aarch64	include/uapi/linux/major.h	operative_macro	QIC117_TAPE_MAJOR	49	PENDING_REVIEW			vendor/linux/include/uapi/linux/major.h;vendor/linux/include/uapi/linux/major.h:49;rewrite/configs/aarch64/frozen.config;header_closure=rewrite/metadata/header_closure.tsv;selected=PENDING_REVIEW	425f94c2954b1fe80ebdbf9b29854e89750355df	3e1dbcffdc528f998e98ebd455723af10e20231caede3d4091c9ff69d7ea4b32	05f1654b63cfaaf1efbb001cd9ec5ccb65b8e73c5c0b5f3e48e93b45f16463b3	0123af9e96b58af4e98b91a2de5608d36b63c67864b9041d3340587f3dbe40d2	cfa8dcf0d81c408de38d4202fe1ce9d9e5e301d1e67439c9530da94b1e64ee3f	7484d7b0dd80f45e18d726b04752827fe28555cc5c1af0e127948380e6688abf
semantic-proposal-v1	SC1-fb17ec91ef9cd1b64934dae73bfc2aa7318567477c7e031672bbf04c07b4773d	S016234	2	P01	SYMBOLS.tsv	381387	status	aarch64	include/uapi/linux/major.h	operative_macro	QIC117_TAPE_MAJOR	49	PENDING_REVIEW			vendor/linux/include/uapi/linux/major.h;vendor/linux/include/uapi/linux/major.h:49;rewrite/configs/aarch64/frozen.config;header_closure=rewrite/metadata/header_closure.tsv;selected=PENDING_REVIEW	425f94c2954b1fe80ebdbf9b29854e89750355df	3e1dbcffdc528f998e98ebd455723af10e20231caede3d4091c9ff69d7ea4b32	05f1654b63cfaaf1efbb001cd9ec5ccb65b8e73c5c0b5f3e48e93b45f16463b3	0123af9e96b58af4e98b91a2de5608d36b63c67864b9041d3340587f3dbe40d2	cfa8dcf0d81c408de38d4202fe1ce9d9e5e301d1e67439c9530da94b1e64ee3f	7484d7b0dd80f45e18d726b04752827fe28555cc5c1af0e127948380e6688abf
semantic-proposal-v1	SC1-7c1ad759544ae0fb6f19b806bb34b5d72347043c1986f24c5551c527fdbd1d92	S016234	2	P01	SYMBOLS.tsv	381388	selection_expression	aarch64	include/uapi/linux/major.h	operative_macro	MATSUSHITA_CDROM3_MAJOR	50	PENDING_REVIEW			vendor/linux/include/uapi/linux/major.h;vendor/linux/include/uapi/linux/major.h:50;rewrite/configs/aarch64/frozen.config;header_closure=rewrite/metadata/header_closure.tsv;selected=PENDING_REVIEW	425f94c2954b1fe80ebdbf9b29854e89750355df	3e1dbcffdc528f998e98ebd455723af10e20231caede3d4091c9ff69d7ea4b32	05f1654b63cfaaf1efbb001cd9ec5ccb65b8e73c5c0b5f3e48e93b45f16463b3	0123af9e96b58af4e98b91a2de5608d36b63c67864b9041d3340587f3dbe40d2	cfa8dcf0d81c408de38d4202fe1ce9d9e5e301d1e67439c9530da94b1e64ee3f	7484d7b0dd80f45e18d726b04752827fe28555cc5c1af0e127948380e6688abf
semantic-proposal-v1	SC1-6dd32da9a1aeb6c8414bc2e2dc973be3c2a6eddfc9699980cd7af2b8be50d177	S016234	2	P01	SYMBOLS.tsv	381388	status	aarch64	include/uapi/linux/major.h	operative_macro	MATSUSHITA_CDROM3_MAJOR	50	PENDING_REVIEW			vendor/linux/include/uapi/linux/major.h;vendor/linux/include/uapi/linux/major.h:50;rewrite/configs/aarch64/frozen.config;header_closure=rewrite/metadata/header_closure.tsv;selected=PENDING_REVIEW	425f94c2954b1fe80ebdbf9b29854e89750355df	3e1dbcffdc528f998e98ebd455723af10e20231caede3d4091c9ff69d7ea4b32	05f1654b63cfaaf1efbb001cd9ec5ccb65b8e73c5c0b5f3e48e93b45f16463b3	0123af9e96b58af4e98b91a2de5608d36b63c67864b9041d3340587f3dbe40d2	cfa8dcf0d81c408de38d4202fe1ce9d9e5e301d1e67439c9530da94b1e64ee3f	7484d7b0dd80f45e18d726b04752827fe28555cc5c1af0e127948380e6688abf
semantic-proposal-v1	SC1-56b1c9a870359cd069160a8eefd0eaaff9023f3289d4538f8a289b163d05b606	S016234	2	P01	SYMBOLS.tsv	381389	selection_expression	aarch64	include/uapi/linux/major.h	operative_macro	MATSUSHITA_CDROM4_MAJOR	51	PENDING_REVIEW			vendor/linux/include/uapi/linux/major.h;vendor/linux/include/uapi/linux/major.h:51;rewrite/configs/aarch64/frozen.config;header_closure=rewrite/metadata/header_closure.tsv;selected=PENDING_REVIEW	425f94c2954b1fe80ebdbf9b29854e89750355df	3e1dbcffdc528f998e98ebd455723af10e20231caede3d4091c9ff69d7ea4b32	05f1654b63cfaaf1efbb001cd9ec5ccb65b8e73c5c0b5f3e48e93b45f16463b3	0123af9e96b58af4e98b91a2de5608d36b63c67864b9041d3340587f3dbe40d2	cfa8dcf0d81c408de38d4202fe1ce9d9e5e301d1e67439c9530da94b1e64ee3f	7484d7b0dd80f45e18d726b04752827fe28555cc5c1af0e127948380e6688abf
semantic-proposal-v1	SC1-d8a69a6e537b084042121ec8d8e193f269730c7e83f79dcb1aafdce5b7362d5e	S016234	2	P01	SYMBOLS.tsv	381389	status	aarch64	include/uapi/linux/major.h	operative_macro	MATSUSHITA_CDROM4_MAJOR	51	PENDING_REVIEW			vendor/linux/include/uapi/linux/major.h;vendor/linux/include/uapi/linux/major.h:51;rewrite/configs/aarch64/frozen.config;header_closure=rewrite/metadata/header_closure.tsv;selected=PENDING_REVIEW	425f94c2954b1fe80ebdbf9b29854e89750355df	3e1dbcffdc528f998e98ebd455723af10e20231caede3d4091c9ff69d7ea4b32	05f1654b63cfaaf1efbb001cd9ec5ccb65b8e73c5c0b5f3e48e93b45f16463b3	0123af9e96b58af4e98b91a2de5608d36b63c67864b9041d3340587f3dbe40d2	cfa8dcf0d81c408de38d4202fe1ce9d9e5e301d1e67439c9530da94b1e64ee3f	7484d7b0dd80f45e18d726b04752827fe28555cc5c1af0e127948380e6688abf
semantic-proposal-v1	SC1-842a1070a0ae67e65a3360e530c65a037a960d54d7f74fd84796cc39cf77b318	S016234	2	P01	SYMBOLS.tsv	381390	selection_expression	aarch64	include/uapi/linux/major.h	operative_macro	STL_SIOMEMMAJOR	52	PENDING_REVIEW			vendor/linux/include/uapi/linux/major.h;vendor/linux/include/uapi/linux/major.h:52;rewrite/configs/aarch64/frozen.config;header_closure=rewrite/metadata/header_closure.tsv;selected=PENDING_REVIEW	425f94c2954b1fe80ebdbf9b29854e89750355df	3e1dbcffdc528f998e98ebd455723af10e20231caede3d4091c9ff69d7ea4b32	05f1654b63cfaaf1efbb001cd9ec5ccb65b8e73c5c0b5f3e48e93b45f16463b3	0123af9e96b58af4e98b91a2de5608d36b63c67864b9041d3340587f3dbe40d2	cfa8dcf0d81c408de38d4202fe1ce9d9e5e301d1e67439c9530da94b1e64ee3f	7484d7b0dd80f45e18d726b04752827fe28555cc5c1af0e127948380e6688abf
semantic-proposal-v1	SC1-c9c3dd1d0031a4fb6de59d33427cd27fab913662eadb0f56ea0a327221b48fde	S016234	2	P01	SYMBOLS.tsv	381390	status	aarch64	include/uapi/linux/major.h	operative_macro	STL_SIOMEMMAJOR	52	PENDING_REVIEW			vendor/linux/include/uapi/linux/major.h;vendor/linux/include/uapi/linux/major.h:52;rewrite/configs/aarch64/frozen.config;header_closure=rewrite/metadata/header_closure.tsv;selected=PENDING_REVIEW	425f94c2954b1fe80ebdbf9b29854e89750355df	3e1dbcffdc528f998e98ebd455723af10e20231caede3d4091c9ff69d7ea4b32	05f1654b63cfaaf1efbb001cd9ec5ccb65b8e73c5c0b5f3e48e93b45f16463b3	0123af9e96b58af4e98b91a2de5608d36b63c67864b9041d3340587f3dbe40d2	cfa8dcf0d81c408de38d4202fe1ce9d9e5e301d1e67439c9530da94b1e64ee3f	7484d7b0dd80f45e18d726b04752827fe28555cc5c1af0e127948380e6688abf
semantic-proposal-v1	SC1-d7e7b951f10fc65e7e3411cc888798a1e8fed49237ea8163121fe29ecfb5eccd	S016234	2	P01	SYMBOLS.tsv	381391	selection_expression	aarch64	include/uapi/linux/major.h	operative_macro	ACSI_MAJOR	53	PENDING_REVIEW			vendor/linux/include/uapi/linux/major.h;vendor/linux/include/uapi/linux/major.h:53;rewrite/configs/aarch64/frozen.config;header_closure=rewrite/metadata/header_closure.tsv;selected=PENDING_REVIEW	425f94c2954b1fe80ebdbf9b29854e89750355df	3e1dbcffdc528f998e98ebd455723af10e20231caede3d4091c9ff69d7ea4b32	05f1654b63cfaaf1efbb001cd9ec5ccb65b8e73c5c0b5f3e48e93b45f16463b3	0123af9e96b58af4e98b91a2de5608d36b63c67864b9041d3340587f3dbe40d2	cfa8dcf0d81c408de38d4202fe1ce9d9e5e301d1e67439c9530da94b1e64ee3f	7484d7b0dd80f45e18d726b04752827fe28555cc5c1af0e127948380e6688abf
semantic-proposal-v1	SC1-f84d65716f8f5e8ed596fa5964e97828a9262727a326cec3a8a6d79545e2aca1	S016234	2	P01	SYMBOLS.tsv	381391	status	aarch64	include/uapi/linux/major.h	operative_macro	ACSI_MAJOR	53	PENDING_REVIEW			vendor/linux/include/uapi/linux/major.h;vendor/linux/include/uapi/linux/major.h:53;rewrite/configs/aarch64/frozen.config;header_closure=rewrite/metadata/header_closure.tsv;selected=PENDING_REVIEW	425f94c2954b1fe80ebdbf9b29854e89750355df	3e1dbcffdc528f998e98ebd455723af10e20231caede3d4091c9ff69d7ea4b32	05f1654b63cfaaf1efbb001cd9ec5ccb65b8e73c5c0b5f3e48e93b45f16463b3	0123af9e96b58af4e98b91a2de5608d36b63c67864b9041d3340587f3dbe40d2	cfa8dcf0d81c408de38d4202fe1ce9d9e5e301d1e67439c9530da94b1e64ee3f	7484d7b0dd80f45e18d726b04752827fe28555cc5c1af0e127948380e6688abf
semantic-proposal-v1	SC1-33179994109d910dca54ff7c87a61a16fff7f93c6bdd9b3ddc0a18bb69e25d63	S016234	2	P01	SYMBOLS.tsv	381392	selection_expression	aarch64	include/uapi/linux/major.h	operative_macro	AZTECH_CDROM_MAJOR	54	PENDING_REVIEW			vendor/linux/include/uapi/linux/major.h;vendor/linux/include/uapi/linux/major.h:54;rewrite/configs/aarch64/frozen.config;header_closure=rewrite/metadata/header_closure.tsv;selected=PENDING_REVIEW	425f94c2954b1fe80ebdbf9b29854e89750355df	3e1dbcffdc528f998e98ebd455723af10e20231caede3d4091c9ff69d7ea4b32	05f1654b63cfaaf1efbb001cd9ec5ccb65b8e73c5c0b5f3e48e93b45f16463b3	0123af9e96b58af4e98b91a2de5608d36b63c67864b9041d3340587f3dbe40d2	cfa8dcf0d81c408de38d4202fe1ce9d9e5e301d1e67439c9530da94b1e64ee3f	7484d7b0dd80f45e18d726b04752827fe28555cc5c1af0e127948380e6688abf
semantic-proposal-v1	SC1-1408eadc3994b3679d246da5871601dfa211053159bbe4e672358d222f1743da	S016234	2	P01	SYMBOLS.tsv	381392	status	aarch64	include/uapi/linux/major.h	operative_macro	AZTECH_CDROM_MAJOR	54	PENDING_REVIEW			vendor/linux/include/uapi/linux/major.h;vendor/linux/include/uapi/linux/major.h:54;rewrite/configs/aarch64/frozen.config;header_closure=rewrite/metadata/header_closure.tsv;selected=PENDING_REVIEW	425f94c2954b1fe80ebdbf9b29854e89750355df	3e1dbcffdc528f998e98ebd455723af10e20231caede3d4091c9ff69d7ea4b32	05f1654b63cfaaf1efbb001cd9ec5ccb65b8e73c5c0b5f3e48e93b45f16463b3	0123af9e96b58af4e98b91a2de5608d36b63c67864b9041d3340587f3dbe40d2	cfa8dcf0d81c408de38d4202fe1ce9d9e5e301d1e67439c9530da94b1e64ee3f	7484d7b0dd80f45e18d726b04752827fe28555cc5c1af0e127948380e6688abf
semantic-proposal-v1	SC1-de30bf8a80bb1e0df374cf32b34d8ef67fe6229f31903ae45faa99522ddc14e1	S016234	2	P01	SYMBOLS.tsv	381393	selection_expression	aarch64	include/uapi/linux/major.h	operative_macro	FB_MAJOR	55	PENDING_REVIEW			vendor/linux/include/uapi/linux/major.h;vendor/linux/include/uapi/linux/major.h:55;rewrite/configs/aarch64/frozen.config;header_closure=rewrite/metadata/header_closure.tsv;selected=PENDING_REVIEW	425f94c2954b1fe80ebdbf9b29854e89750355df	3e1dbcffdc528f998e98ebd455723af10e20231caede3d4091c9ff69d7ea4b32	05f1654b63cfaaf1efbb001cd9ec5ccb65b8e73c5c0b5f3e48e93b45f16463b3	0123af9e96b58af4e98b91a2de5608d36b63c67864b9041d3340587f3dbe40d2	cfa8dcf0d81c408de38d4202fe1ce9d9e5e301d1e67439c9530da94b1e64ee3f	7484d7b0dd80f45e18d726b04752827fe28555cc5c1af0e127948380e6688abf
semantic-proposal-v1	SC1-3b2965a19626b1c427bc8b29c49a75d5f5e1013995771bd2736277c8fa93233b	S016234	2	P01	SYMBOLS.tsv	381393	status	aarch64	include/uapi/linux/major.h	operative_macro	FB_MAJOR	55	PENDING_REVIEW			vendor/linux/include/uapi/linux/major.h;vendor/linux/include/uapi/linux/major.h:55;rewrite/configs/aarch64/frozen.config;header_closure=rewrite/metadata/header_closure.tsv;selected=PENDING_REVIEW	425f94c2954b1fe80ebdbf9b29854e89750355df	3e1dbcffdc528f998e98ebd455723af10e20231caede3d4091c9ff69d7ea4b32	05f1654b63cfaaf1efbb001cd9ec5ccb65b8e73c5c0b5f3e48e93b45f16463b3	0123af9e96b58af4e98b91a2de5608d36b63c67864b9041d3340587f3dbe40d2	cfa8dcf0d81c408de38d4202fe1ce9d9e5e301d1e67439c9530da94b1e64ee3f	7484d7b0dd80f45e18d726b04752827fe28555cc5c1af0e127948380e6688abf
semantic-proposal-v1	SC1-445e283c2b7a4123a40e2cf6b3d2b970cf81c31e872fd91c7da825004f763944	S016234	2	P01	SYMBOLS.tsv	381394	selection_expression	aarch64	include/uapi/linux/major.h	operative_macro	MTD_BLOCK_MAJOR	56	PENDING_REVIEW			vendor/linux/include/uapi/linux/major.h;vendor/linux/include/uapi/linux/major.h:56;rewrite/configs/aarch64/frozen.config;header_closure=rewrite/metadata/header_closure.tsv;selected=PENDING_REVIEW	425f94c2954b1fe80ebdbf9b29854e89750355df	3e1dbcffdc528f998e98ebd455723af10e20231caede3d4091c9ff69d7ea4b32	05f1654b63cfaaf1efbb001cd9ec5ccb65b8e73c5c0b5f3e48e93b45f16463b3	0123af9e96b58af4e98b91a2de5608d36b63c67864b9041d3340587f3dbe40d2	cfa8dcf0d81c408de38d4202fe1ce9d9e5e301d1e67439c9530da94b1e64ee3f	7484d7b0dd80f45e18d726b04752827fe28555cc5c1af0e127948380e6688abf
semantic-proposal-v1	SC1-d620f27ebf290500d157715d78b5a313926c964773c589ed22cac3eab7ff280d	S016234	2	P01	SYMBOLS.tsv	381394	status	aarch64	include/uapi/linux/major.h	operative_macro	MTD_BLOCK_MAJOR	56	PENDING_REVIEW			vendor/linux/include/uapi/linux/major.h;vendor/linux/include/uapi/linux/major.h:56;rewrite/configs/aarch64/frozen.config;header_closure=rewrite/metadata/header_closure.tsv;selected=PENDING_REVIEW	425f94c2954b1fe80ebdbf9b29854e89750355df	3e1dbcffdc528f998e98ebd455723af10e20231caede3d4091c9ff69d7ea4b32	05f1654b63cfaaf1efbb001cd9ec5ccb65b8e73c5c0b5f3e48e93b45f16463b3	0123af9e96b58af4e98b91a2de5608d36b63c67864b9041d3340587f3dbe40d2	cfa8dcf0d81c408de38d4202fe1ce9d9e5e301d1e67439c9530da94b1e64ee3f	7484d7b0dd80f45e18d726b04752827fe28555cc5c1af0e127948380e6688abf
semantic-proposal-v1	SC1-fe9b83d39943ffea1d8327761c9ca1e705a18d8f9050c6678d5c0a7b1c15bb5f	S016234	2	P01	SYMBOLS.tsv	381395	selection_expression	aarch64	include/uapi/linux/major.h	operative_macro	CM206_CDROM_MAJOR	57	PENDING_REVIEW			vendor/linux/include/uapi/linux/major.h;vendor/linux/include/uapi/linux/major.h:57;rewrite/configs/aarch64/frozen.config;header_closure=rewrite/metadata/header_closure.tsv;selected=PENDING_REVIEW	425f94c2954b1fe80ebdbf9b29854e89750355df	3e1dbcffdc528f998e98ebd455723af10e20231caede3d4091c9ff69d7ea4b32	05f1654b63cfaaf1efbb001cd9ec5ccb65b8e73c5c0b5f3e48e93b45f16463b3	0123af9e96b58af4e98b91a2de5608d36b63c67864b9041d3340587f3dbe40d2	cfa8dcf0d81c408de38d4202fe1ce9d9e5e301d1e67439c9530da94b1e64ee3f	7484d7b0dd80f45e18d726b04752827fe28555cc5c1af0e127948380e6688abf
semantic-proposal-v1	SC1-679e0c1927c66fb92b0e1723e69f777b5df28c3c1bf7b28c4c9aeb6de9dbfbe3	S016234	2	P01	SYMBOLS.tsv	381395	status	aarch64	include/uapi/linux/major.h	operative_macro	CM206_CDROM_MAJOR	57	PENDING_REVIEW			vendor/linux/include/uapi/linux/major.h;vendor/linux/include/uapi/linux/major.h:57;rewrite/configs/aarch64/frozen.config;header_closure=rewrite/metadata/header_closure.tsv;selected=PENDING_REVIEW	425f94c2954b1fe80ebdbf9b29854e89750355df	3e1dbcffdc528f998e98ebd455723af10e20231caede3d4091c9ff69d7ea4b32	05f1654b63cfaaf1efbb001cd9ec5ccb65b8e73c5c0b5f3e48e93b45f16463b3	0123af9e96b58af4e98b91a2de5608d36b63c67864b9041d3340587f3dbe40d2	cfa8dcf0d81c408de38d4202fe1ce9d9e5e301d1e67439c9530da94b1e64ee3f	7484d7b0dd80f45e18d726b04752827fe28555cc5c1af0e127948380e6688abf
semantic-proposal-v1	SC1-b2bb09adf46023370a619d84da4c19989fa0c1d636ea2c194aad8a96cff06026	S016234	2	P01	SYMBOLS.tsv	381396	selection_expression	aarch64	include/uapi/linux/major.h	operative_macro	IDE2_MAJOR	58	PENDING_REVIEW			vendor/linux/include/uapi/linux/major.h;vendor/linux/include/uapi/linux/major.h:58;rewrite/configs/aarch64/frozen.config;header_closure=rewrite/metadata/header_closure.tsv;selected=PENDING_REVIEW	425f94c2954b1fe80ebdbf9b29854e89750355df	3e1dbcffdc528f998e98ebd455723af10e20231caede3d4091c9ff69d7ea4b32	05f1654b63cfaaf1efbb001cd9ec5ccb65b8e73c5c0b5f3e48e93b45f16463b3	0123af9e96b58af4e98b91a2de5608d36b63c67864b9041d3340587f3dbe40d2	cfa8dcf0d81c408de38d4202fe1ce9d9e5e301d1e67439c9530da94b1e64ee3f	7484d7b0dd80f45e18d726b04752827fe28555cc5c1af0e127948380e6688abf
semantic-proposal-v1	SC1-4756548c2107614a0906c93656c9fa4b80178fa7525180401a4d9460fba924de	S016234	2	P01	SYMBOLS.tsv	381396	status	aarch64	include/uapi/linux/major.h	operative_macro	IDE2_MAJOR	58	PENDING_REVIEW			vendor/linux/include/uapi/linux/major.h;vendor/linux/include/uapi/linux/major.h:58;rewrite/configs/aarch64/frozen.config;header_closure=rewrite/metadata/header_closure.tsv;selected=PENDING_REVIEW	425f94c2954b1fe80ebdbf9b29854e89750355df	3e1dbcffdc528f998e98ebd455723af10e20231caede3d4091c9ff69d7ea4b32	05f1654b63cfaaf1efbb001cd9ec5ccb65b8e73c5c0b5f3e48e93b45f16463b3	0123af9e96b58af4e98b91a2de5608d36b63c67864b9041d3340587f3dbe40d2	cfa8dcf0d81c408de38d4202fe1ce9d9e5e301d1e67439c9530da94b1e64ee3f	7484d7b0dd80f45e18d726b04752827fe28555cc5c1af0e127948380e6688abf
semantic-proposal-v1	SC1-830cd0dc9f13867b3137d0084629c2bf507df3d14efedb071e4ad509be7f88e2	S016234	2	P01	SYMBOLS.tsv	381397	selection_expression	aarch64	include/uapi/linux/major.h	operative_macro	IDE3_MAJOR	59	PENDING_REVIEW			vendor/linux/include/uapi/linux/major.h;vendor/linux/include/uapi/linux/major.h:59;rewrite/configs/aarch64/frozen.config;header_closure=rewrite/metadata/header_closure.tsv;selected=PENDING_REVIEW	425f94c2954b1fe80ebdbf9b29854e89750355df	3e1dbcffdc528f998e98ebd455723af10e20231caede3d4091c9ff69d7ea4b32	05f1654b63cfaaf1efbb001cd9ec5ccb65b8e73c5c0b5f3e48e93b45f16463b3	0123af9e96b58af4e98b91a2de5608d36b63c67864b9041d3340587f3dbe40d2	cfa8dcf0d81c408de38d4202fe1ce9d9e5e301d1e67439c9530da94b1e64ee3f	7484d7b0dd80f45e18d726b04752827fe28555cc5c1af0e127948380e6688abf
semantic-proposal-v1	SC1-265fe145b776fdd880360cae70a4c8a7eb91eda2d0f572c8c3891ba252f25d29	S016234	2	P01	SYMBOLS.tsv	381397	status	aarch64	include/uapi/linux/major.h	operative_macro	IDE3_MAJOR	59	PENDING_REVIEW			vendor/linux/include/uapi/linux/major.h;vendor/linux/include/uapi/linux/major.h:59;rewrite/configs/aarch64/frozen.config;header_closure=rewrite/metadata/header_closure.tsv;selected=PENDING_REVIEW	425f94c2954b1fe80ebdbf9b29854e89750355df	3e1dbcffdc528f998e98ebd455723af10e20231caede3d4091c9ff69d7ea4b32	05f1654b63cfaaf1efbb001cd9ec5ccb65b8e73c5c0b5f3e48e93b45f16463b3	0123af9e96b58af4e98b91a2de5608d36b63c67864b9041d3340587f3dbe40d2	cfa8dcf0d81c408de38d4202fe1ce9d9e5e301d1e67439c9530da94b1e64ee3f	7484d7b0dd80f45e18d726b04752827fe28555cc5c1af0e127948380e6688abf
semantic-proposal-v1	SC1-bbe49bcadaa51b3952aff023b2359e6283bf0694eea684069149b0d1186d0e7e	S016234	2	P01	SYMBOLS.tsv	381398	selection_expression	aarch64	include/uapi/linux/major.h	operative_macro	Z8530_MAJOR	60	PENDING_REVIEW			vendor/linux/include/uapi/linux/major.h;vendor/linux/include/uapi/linux/major.h:60;rewrite/configs/aarch64/frozen.config;header_closure=rewrite/metadata/header_closure.tsv;selected=PENDING_REVIEW	425f94c2954b1fe80ebdbf9b29854e89750355df	3e1dbcffdc528f998e98ebd455723af10e20231caede3d4091c9ff69d7ea4b32	05f1654b63cfaaf1efbb001cd9ec5ccb65b8e73c5c0b5f3e48e93b45f16463b3	0123af9e96b58af4e98b91a2de5608d36b63c67864b9041d3340587f3dbe40d2	cfa8dcf0d81c408de38d4202fe1ce9d9e5e301d1e67439c9530da94b1e64ee3f	7484d7b0dd80f45e18d726b04752827fe28555cc5c1af0e127948380e6688abf
semantic-proposal-v1	SC1-00da123d011359c8e468faa011ded77a41c4247d15b1c013f6289a4bdcb8d7bf	S016234	2	P01	SYMBOLS.tsv	381398	status	aarch64	include/uapi/linux/major.h	operative_macro	Z8530_MAJOR	60	PENDING_REVIEW			vendor/linux/include/uapi/linux/major.h;vendor/linux/include/uapi/linux/major.h:60;rewrite/configs/aarch64/frozen.config;header_closure=rewrite/metadata/header_closure.tsv;selected=PENDING_REVIEW	425f94c2954b1fe80ebdbf9b29854e89750355df	3e1dbcffdc528f998e98ebd455723af10e20231caede3d4091c9ff69d7ea4b32	05f1654b63cfaaf1efbb001cd9ec5ccb65b8e73c5c0b5f3e48e93b45f16463b3	0123af9e96b58af4e98b91a2de5608d36b63c67864b9041d3340587f3dbe40d2	cfa8dcf0d81c408de38d4202fe1ce9d9e5e301d1e67439c9530da94b1e64ee3f	7484d7b0dd80f45e18d726b04752827fe28555cc5c1af0e127948380e6688abf
semantic-proposal-v1	SC1-75b4c99ec3ea0a37129ab9510b29df0895b31ca05b7a523d1ef513e0f91e046c	S016234	2	P01	SYMBOLS.tsv	381399	selection_expression	aarch64	include/uapi/linux/major.h	operative_macro	XPRAM_MAJOR	61	PENDING_REVIEW			vendor/linux/include/uapi/linux/major.h;vendor/linux/include/uapi/linux/major.h:61;rewrite/configs/aarch64/frozen.config;header_closure=rewrite/metadata/header_closure.tsv;selected=PENDING_REVIEW	425f94c2954b1fe80ebdbf9b29854e89750355df	3e1dbcffdc528f998e98ebd455723af10e20231caede3d4091c9ff69d7ea4b32	05f1654b63cfaaf1efbb001cd9ec5ccb65b8e73c5c0b5f3e48e93b45f16463b3	0123af9e96b58af4e98b91a2de5608d36b63c67864b9041d3340587f3dbe40d2	cfa8dcf0d81c408de38d4202fe1ce9d9e5e301d1e67439c9530da94b1e64ee3f	7484d7b0dd80f45e18d726b04752827fe28555cc5c1af0e127948380e6688abf
semantic-proposal-v1	SC1-5b21f8e9baae008162bd25b8d44cced36e09f807a53bdbb1d7f2efd45c8c9d43	S016234	2	P01	SYMBOLS.tsv	381399	status	aarch64	include/uapi/linux/major.h	operative_macro	XPRAM_MAJOR	61	PENDING_REVIEW			vendor/linux/include/uapi/linux/major.h;vendor/linux/include/uapi/linux/major.h:61;rewrite/configs/aarch64/frozen.config;header_closure=rewrite/metadata/header_closure.tsv;selected=PENDING_REVIEW	425f94c2954b1fe80ebdbf9b29854e89750355df	3e1dbcffdc528f998e98ebd455723af10e20231caede3d4091c9ff69d7ea4b32	05f1654b63cfaaf1efbb001cd9ec5ccb65b8e73c5c0b5f3e48e93b45f16463b3	0123af9e96b58af4e98b91a2de5608d36b63c67864b9041d3340587f3dbe40d2	cfa8dcf0d81c408de38d4202fe1ce9d9e5e301d1e67439c9530da94b1e64ee3f	7484d7b0dd80f45e18d726b04752827fe28555cc5c1af0e127948380e6688abf
semantic-proposal-v1	SC1-7883a031b0342243e02f4d61c22cd3044e603ac6de1dc139899c159170e43953	S016234	2	P01	SYMBOLS.tsv	381400	selection_expression	aarch64	include/uapi/linux/major.h	operative_macro	NETLINK_MAJOR	62	PENDING_REVIEW			vendor/linux/include/uapi/linux/major.h;vendor/linux/include/uapi/linux/major.h:62;rewrite/configs/aarch64/frozen.config;header_closure=rewrite/metadata/header_closure.tsv;selected=PENDING_REVIEW	425f94c2954b1fe80ebdbf9b29854e89750355df	3e1dbcffdc528f998e98ebd455723af10e20231caede3d4091c9ff69d7ea4b32	05f1654b63cfaaf1efbb001cd9ec5ccb65b8e73c5c0b5f3e48e93b45f16463b3	0123af9e96b58af4e98b91a2de5608d36b63c67864b9041d3340587f3dbe40d2	cfa8dcf0d81c408de38d4202fe1ce9d9e5e301d1e67439c9530da94b1e64ee3f	7484d7b0dd80f45e18d726b04752827fe28555cc5c1af0e127948380e6688abf
semantic-proposal-v1	SC1-2ae927b60288be4738cc8adad1007b3b403d5892a0ba7943b5ff1e131c80bacf	S016234	2	P01	SYMBOLS.tsv	381400	status	aarch64	include/uapi/linux/major.h	operative_macro	NETLINK_MAJOR	62	PENDING_REVIEW			vendor/linux/include/uapi/linux/major.h;vendor/linux/include/uapi/linux/major.h:62;rewrite/configs/aarch64/frozen.config;header_closure=rewrite/metadata/header_closure.tsv;selected=PENDING_REVIEW	425f94c2954b1fe80ebdbf9b29854e89750355df	3e1dbcffdc528f998e98ebd455723af10e20231caede3d4091c9ff69d7ea4b32	05f1654b63cfaaf1efbb001cd9ec5ccb65b8e73c5c0b5f3e48e93b45f16463b3	0123af9e96b58af4e98b91a2de5608d36b63c67864b9041d3340587f3dbe40d2	cfa8dcf0d81c408de38d4202fe1ce9d9e5e301d1e67439c9530da94b1e64ee3f	7484d7b0dd80f45e18d726b04752827fe28555cc5c1af0e127948380e6688abf
semantic-proposal-v1	SC1-34ac63d84a0c5c0bc7fa8db5ee32ee1e118e0e7903d3b241e1c2c4ac39a49f71	S016234	2	P01	SYMBOLS.tsv	381401	selection_expression	aarch64	include/uapi/linux/major.h	operative_macro	PS2ESDI_MAJOR	63	PENDING_REVIEW			vendor/linux/include/uapi/linux/major.h;vendor/linux/include/uapi/linux/major.h:63;rewrite/configs/aarch64/frozen.config;header_closure=rewrite/metadata/header_closure.tsv;selected=PENDING_REVIEW	425f94c2954b1fe80ebdbf9b29854e89750355df	3e1dbcffdc528f998e98ebd455723af10e20231caede3d4091c9ff69d7ea4b32	05f1654b63cfaaf1efbb001cd9ec5ccb65b8e73c5c0b5f3e48e93b45f16463b3	0123af9e96b58af4e98b91a2de5608d36b63c67864b9041d3340587f3dbe40d2	cfa8dcf0d81c408de38d4202fe1ce9d9e5e301d1e67439c9530da94b1e64ee3f	7484d7b0dd80f45e18d726b04752827fe28555cc5c1af0e127948380e6688abf
semantic-proposal-v1	SC1-916c714426e25a9a3e3ef342e566ea34d6708058374755701c136663909cf511	S016234	2	P01	SYMBOLS.tsv	381401	status	aarch64	include/uapi/linux/major.h	operative_macro	PS2ESDI_MAJOR	63	PENDING_REVIEW			vendor/linux/include/uapi/linux/major.h;vendor/linux/include/uapi/linux/major.h:63;rewrite/configs/aarch64/frozen.config;header_closure=rewrite/metadata/header_closure.tsv;selected=PENDING_REVIEW	425f94c2954b1fe80ebdbf9b29854e89750355df	3e1dbcffdc528f998e98ebd455723af10e20231caede3d4091c9ff69d7ea4b32	05f1654b63cfaaf1efbb001cd9ec5ccb65b8e73c5c0b5f3e48e93b45f16463b3	0123af9e96b58af4e98b91a2de5608d36b63c67864b9041d3340587f3dbe40d2	cfa8dcf0d81c408de38d4202fe1ce9d9e5e301d1e67439c9530da94b1e64ee3f	7484d7b0dd80f45e18d726b04752827fe28555cc5c1af0e127948380e6688abf
semantic-proposal-v1	SC1-ef480e512022e3994fefd941fbb2fa68d3298c19bcb001f69d688b0327b47aed	S016234	2	P01	SYMBOLS.tsv	381402	selection_expression	aarch64	include/uapi/linux/major.h	operative_macro	IDETAPE_MAJOR	64	PENDING_REVIEW			vendor/linux/include/uapi/linux/major.h;vendor/linux/include/uapi/linux/major.h:64;rewrite/configs/aarch64/frozen.config;header_closure=rewrite/metadata/header_closure.tsv;selected=PENDING_REVIEW	425f94c2954b1fe80ebdbf9b29854e89750355df	3e1dbcffdc528f998e98ebd455723af10e20231caede3d4091c9ff69d7ea4b32	05f1654b63cfaaf1efbb001cd9ec5ccb65b8e73c5c0b5f3e48e93b45f16463b3	0123af9e96b58af4e98b91a2de5608d36b63c67864b9041d3340587f3dbe40d2	cfa8dcf0d81c408de38d4202fe1ce9d9e5e301d1e67439c9530da94b1e64ee3f	7484d7b0dd80f45e18d726b04752827fe28555cc5c1af0e127948380e6688abf
semantic-proposal-v1	SC1-9e2bce6e5804050a60110b09a4c37a51ead1122645d38c43ca77661c757c254d	S016234	2	P01	SYMBOLS.tsv	381402	status	aarch64	include/uapi/linux/major.h	operative_macro	IDETAPE_MAJOR	64	PENDING_REVIEW			vendor/linux/include/uapi/linux/major.h;vendor/linux/include/uapi/linux/major.h:64;rewrite/configs/aarch64/frozen.config;header_closure=rewrite/metadata/header_closure.tsv;selected=PENDING_REVIEW	425f94c2954b1fe80ebdbf9b29854e89750355df	3e1dbcffdc528f998e98ebd455723af10e20231caede3d4091c9ff69d7ea4b32	05f1654b63cfaaf1efbb001cd9ec5ccb65b8e73c5c0b5f3e48e93b45f16463b3	0123af9e96b58af4e98b91a2de5608d36b63c67864b9041d3340587f3dbe40d2	cfa8dcf0d81c408de38d4202fe1ce9d9e5e301d1e67439c9530da94b1e64ee3f	7484d7b0dd80f45e18d726b04752827fe28555cc5c1af0e127948380e6688abf
semantic-proposal-v1	SC1-3515b92c47575c24e3c95407e6ebb673cd6489dca6609eef1b0859210a37e043	S016234	2	P01	SYMBOLS.tsv	381403	selection_expression	aarch64	include/uapi/linux/major.h	operative_macro	Z2RAM_MAJOR	65	PENDING_REVIEW			vendor/linux/include/uapi/linux/major.h;vendor/linux/include/uapi/linux/major.h:65;rewrite/configs/aarch64/frozen.config;header_closure=rewrite/metadata/header_closure.tsv;selected=PENDING_REVIEW	425f94c2954b1fe80ebdbf9b29854e89750355df	3e1dbcffdc528f998e98ebd455723af10e20231caede3d4091c9ff69d7ea4b32	05f1654b63cfaaf1efbb001cd9ec5ccb65b8e73c5c0b5f3e48e93b45f16463b3	0123af9e96b58af4e98b91a2de5608d36b63c67864b9041d3340587f3dbe40d2	cfa8dcf0d81c408de38d4202fe1ce9d9e5e301d1e67439c9530da94b1e64ee3f	7484d7b0dd80f45e18d726b04752827fe28555cc5c1af0e127948380e6688abf
semantic-proposal-v1	SC1-e359a5b17221f99ba68107c0df1b248b0dac71062e364c935c4095c2931151b6	S016234	2	P01	SYMBOLS.tsv	381403	status	aarch64	include/uapi/linux/major.h	operative_macro	Z2RAM_MAJOR	65	PENDING_REVIEW			vendor/linux/include/uapi/linux/major.h;vendor/linux/include/uapi/linux/major.h:65;rewrite/configs/aarch64/frozen.config;header_closure=rewrite/metadata/header_closure.tsv;selected=PENDING_REVIEW	425f94c2954b1fe80ebdbf9b29854e89750355df	3e1dbcffdc528f998e98ebd455723af10e20231caede3d4091c9ff69d7ea4b32	05f1654b63cfaaf1efbb001cd9ec5ccb65b8e73c5c0b5f3e48e93b45f16463b3	0123af9e96b58af4e98b91a2de5608d36b63c67864b9041d3340587f3dbe40d2	cfa8dcf0d81c408de38d4202fe1ce9d9e5e301d1e67439c9530da94b1e64ee3f	7484d7b0dd80f45e18d726b04752827fe28555cc5c1af0e127948380e6688abf
semantic-proposal-v1	SC1-a56e6842a521f1cc11a54af6eeca789de7cbb9cac909def9444f39cb64ee8bbf	S016234	2	P01	SYMBOLS.tsv	381404	selection_expression	aarch64	include/uapi/linux/major.h	operative_macro	APBLOCK_MAJOR	66	PENDING_REVIEW			vendor/linux/include/uapi/linux/major.h;vendor/linux/include/uapi/linux/major.h:66;rewrite/configs/aarch64/frozen.config;header_closure=rewrite/metadata/header_closure.tsv;selected=PENDING_REVIEW	425f94c2954b1fe80ebdbf9b29854e89750355df	3e1dbcffdc528f998e98ebd455723af10e20231caede3d4091c9ff69d7ea4b32	05f1654b63cfaaf1efbb001cd9ec5ccb65b8e73c5c0b5f3e48e93b45f16463b3	0123af9e96b58af4e98b91a2de5608d36b63c67864b9041d3340587f3dbe40d2	cfa8dcf0d81c408de38d4202fe1ce9d9e5e301d1e67439c9530da94b1e64ee3f	7484d7b0dd80f45e18d726b04752827fe28555cc5c1af0e127948380e6688abf
semantic-proposal-v1	SC1-ec8d35d7d35fed43900cb242d61b73a63daa5a7ffbbd3517a0e2c05efbc04a4f	S016234	2	P01	SYMBOLS.tsv	381404	status	aarch64	include/uapi/linux/major.h	operative_macro	APBLOCK_MAJOR	66	PENDING_REVIEW			vendor/linux/include/uapi/linux/major.h;vendor/linux/include/uapi/linux/major.h:66;rewrite/configs/aarch64/frozen.config;header_closure=rewrite/metadata/header_closure.tsv;selected=PENDING_REVIEW	425f94c2954b1fe80ebdbf9b29854e89750355df	3e1dbcffdc528f998e98ebd455723af10e20231caede3d4091c9ff69d7ea4b32	05f1654b63cfaaf1efbb001cd9ec5ccb65b8e73c5c0b5f3e48e93b45f16463b3	0123af9e96b58af4e98b91a2de5608d36b63c67864b9041d3340587f3dbe40d2	cfa8dcf0d81c408de38d4202fe1ce9d9e5e301d1e67439c9530da94b1e64ee3f	7484d7b0dd80f45e18d726b04752827fe28555cc5c1af0e127948380e6688abf
semantic-proposal-v1	SC1-61f1e6c755b96e900a663edf9b8af454ba87709a8e1b45c71c3cc1c9298b748f	S016234	2	P01	SYMBOLS.tsv	381405	selection_expression	aarch64	include/uapi/linux/major.h	operative_macro	DDV_MAJOR	67	PENDING_REVIEW			vendor/linux/include/uapi/linux/major.h;vendor/linux/include/uapi/linux/major.h:67;rewrite/configs/aarch64/frozen.config;header_closure=rewrite/metadata/header_closure.tsv;selected=PENDING_REVIEW	425f94c2954b1fe80ebdbf9b29854e89750355df	3e1dbcffdc528f998e98ebd455723af10e20231caede3d4091c9ff69d7ea4b32	05f1654b63cfaaf1efbb001cd9ec5ccb65b8e73c5c0b5f3e48e93b45f16463b3	0123af9e96b58af4e98b91a2de5608d36b63c67864b9041d3340587f3dbe40d2	cfa8dcf0d81c408de38d4202fe1ce9d9e5e301d1e67439c9530da94b1e64ee3f	7484d7b0dd80f45e18d726b04752827fe28555cc5c1af0e127948380e6688abf
semantic-proposal-v1	SC1-9eb81577ec8ef7aac9a82cb8f96a3f2a909fd1a51df078b80df6f480d29d4ea5	S016234	2	P01	SYMBOLS.tsv	381405	status	aarch64	include/uapi/linux/major.h	operative_macro	DDV_MAJOR	67	PENDING_REVIEW			vendor/linux/include/uapi/linux/major.h;vendor/linux/include/uapi/linux/major.h:67;rewrite/configs/aarch64/frozen.config;header_closure=rewrite/metadata/header_closure.tsv;selected=PENDING_REVIEW	425f94c2954b1fe80ebdbf9b29854e89750355df	3e1dbcffdc528f998e98ebd455723af10e20231caede3d4091c9ff69d7ea4b32	05f1654b63cfaaf1efbb001cd9ec5ccb65b8e73c5c0b5f3e48e93b45f16463b3	0123af9e96b58af4e98b91a2de5608d36b63c67864b9041d3340587f3dbe40d2	cfa8dcf0d81c408de38d4202fe1ce9d9e5e301d1e67439c9530da94b1e64ee3f	7484d7b0dd80f45e18d726b04752827fe28555cc5c1af0e127948380e6688abf
semantic-proposal-v1	SC1-157635be695fadec846d0c1063f27f84291b1029294447882a8e8da7ef13d2df	S016234	2	P01	SYMBOLS.tsv	381406	selection_expression	aarch64	include/uapi/linux/major.h	operative_macro	NBD_MAJOR	68	PENDING_REVIEW			vendor/linux/include/uapi/linux/major.h;vendor/linux/include/uapi/linux/major.h:68;rewrite/configs/aarch64/frozen.config;header_closure=rewrite/metadata/header_closure.tsv;selected=PENDING_REVIEW	425f94c2954b1fe80ebdbf9b29854e89750355df	3e1dbcffdc528f998e98ebd455723af10e20231caede3d4091c9ff69d7ea4b32	05f1654b63cfaaf1efbb001cd9ec5ccb65b8e73c5c0b5f3e48e93b45f16463b3	0123af9e96b58af4e98b91a2de5608d36b63c67864b9041d3340587f3dbe40d2	cfa8dcf0d81c408de38d4202fe1ce9d9e5e301d1e67439c9530da94b1e64ee3f	7484d7b0dd80f45e18d726b04752827fe28555cc5c1af0e127948380e6688abf
semantic-proposal-v1	SC1-4eb04b247ed003ebf021f9bc9faa56dfb7736ba152f93e56a836b58ecbe12605	S016234	2	P01	SYMBOLS.tsv	381406	status	aarch64	include/uapi/linux/major.h	operative_macro	NBD_MAJOR	68	PENDING_REVIEW			vendor/linux/include/uapi/linux/major.h;vendor/linux/include/uapi/linux/major.h:68;rewrite/configs/aarch64/frozen.config;header_closure=rewrite/metadata/header_closure.tsv;selected=PENDING_REVIEW	425f94c2954b1fe80ebdbf9b29854e89750355df	3e1dbcffdc528f998e98ebd455723af10e20231caede3d4091c9ff69d7ea4b32	05f1654b63cfaaf1efbb001cd9ec5ccb65b8e73c5c0b5f3e48e93b45f16463b3	0123af9e96b58af4e98b91a2de5608d36b63c67864b9041d3340587f3dbe40d2	cfa8dcf0d81c408de38d4202fe1ce9d9e5e301d1e67439c9530da94b1e64ee3f	7484d7b0dd80f45e18d726b04752827fe28555cc5c1af0e127948380e6688abf
semantic-proposal-v1	SC1-ed4a1a2645c25b822df556b093b641e8a1b0a288bdc7d21fcafd635269d0597f	S016234	2	P01	SYMBOLS.tsv	381407	selection_expression	aarch64	include/uapi/linux/major.h	operative_macro	RISCOM8_NORMAL_MAJOR	69	PENDING_REVIEW			vendor/linux/include/uapi/linux/major.h;vendor/linux/include/uapi/linux/major.h:69;rewrite/configs/aarch64/frozen.config;header_closure=rewrite/metadata/header_closure.tsv;selected=PENDING_REVIEW	425f94c2954b1fe80ebdbf9b29854e89750355df	3e1dbcffdc528f998e98ebd455723af10e20231caede3d4091c9ff69d7ea4b32	05f1654b63cfaaf1efbb001cd9ec5ccb65b8e73c5c0b5f3e48e93b45f16463b3	0123af9e96b58af4e98b91a2de5608d36b63c67864b9041d3340587f3dbe40d2	cfa8dcf0d81c408de38d4202fe1ce9d9e5e301d1e67439c9530da94b1e64ee3f	7484d7b0dd80f45e18d726b04752827fe28555cc5c1af0e127948380e6688abf
semantic-proposal-v1	SC1-db2a4c7728a07b3e1edba2a2fb4fc3f95bbf952d2b8ec9972a31dd0872539625	S016234	2	P01	SYMBOLS.tsv	381407	status	aarch64	include/uapi/linux/major.h	operative_macro	RISCOM8_NORMAL_MAJOR	69	PENDING_REVIEW			vendor/linux/include/uapi/linux/major.h;vendor/linux/include/uapi/linux/major.h:69;rewrite/configs/aarch64/frozen.config;header_closure=rewrite/metadata/header_closure.tsv;selected=PENDING_REVIEW	425f94c2954b1fe80ebdbf9b29854e89750355df	3e1dbcffdc528f998e98ebd455723af10e20231caede3d4091c9ff69d7ea4b32	05f1654b63cfaaf1efbb001cd9ec5ccb65b8e73c5c0b5f3e48e93b45f16463b3	0123af9e96b58af4e98b91a2de5608d36b63c67864b9041d3340587f3dbe40d2	cfa8dcf0d81c408de38d4202fe1ce9d9e5e301d1e67439c9530da94b1e64ee3f	7484d7b0dd80f45e18d726b04752827fe28555cc5c1af0e127948380e6688abf
semantic-proposal-v1	SC1-fb99f0492872906dd4a03d7b219f4e903993ab894815d22af94d4c32c4a180a2	S016234	2	P01	SYMBOLS.tsv	381408	selection_expression	aarch64	include/uapi/linux/major.h	operative_macro	DAC960_MAJOR	70	PENDING_REVIEW			vendor/linux/include/uapi/linux/major.h;vendor/linux/include/uapi/linux/major.h:70;rewrite/configs/aarch64/frozen.config;header_closure=rewrite/metadata/header_closure.tsv;selected=PENDING_REVIEW	425f94c2954b1fe80ebdbf9b29854e89750355df	3e1dbcffdc528f998e98ebd455723af10e20231caede3d4091c9ff69d7ea4b32	05f1654b63cfaaf1efbb001cd9ec5ccb65b8e73c5c0b5f3e48e93b45f16463b3	0123af9e96b58af4e98b91a2de5608d36b63c67864b9041d3340587f3dbe40d2	cfa8dcf0d81c408de38d4202fe1ce9d9e5e301d1e67439c9530da94b1e64ee3f	7484d7b0dd80f45e18d726b04752827fe28555cc5c1af0e127948380e6688abf
semantic-proposal-v1	SC1-4c692f5cc42236643c46dc45c493417c539ec1a35585d67fa6bbd7ccbdc8109e	S016234	2	P01	SYMBOLS.tsv	381408	status	aarch64	include/uapi/linux/major.h	operative_macro	DAC960_MAJOR	70	PENDING_REVIEW			vendor/linux/include/uapi/linux/major.h;vendor/linux/include/uapi/linux/major.h:70;rewrite/configs/aarch64/frozen.config;header_closure=rewrite/metadata/header_closure.tsv;selected=PENDING_REVIEW	425f94c2954b1fe80ebdbf9b29854e89750355df	3e1dbcffdc528f998e98ebd455723af10e20231caede3d4091c9ff69d7ea4b32	05f1654b63cfaaf1efbb001cd9ec5ccb65b8e73c5c0b5f3e48e93b45f16463b3	0123af9e96b58af4e98b91a2de5608d36b63c67864b9041d3340587f3dbe40d2	cfa8dcf0d81c408de38d4202fe1ce9d9e5e301d1e67439c9530da94b1e64ee3f	7484d7b0dd80f45e18d726b04752827fe28555cc5c1af0e127948380e6688abf
semantic-proposal-v1	SC1-78f86d41b94845e8a93230d6656e0f7a6e03ad194ab169f778d52f4cc4aa287a	S016234	2	P01	SYMBOLS.tsv	381409	selection_expression	aarch64	include/uapi/linux/major.h	operative_macro	RISCOM8_CALLOUT_MAJOR	71	PENDING_REVIEW			vendor/linux/include/uapi/linux/major.h;vendor/linux/include/uapi/linux/major.h:71;rewrite/configs/aarch64/frozen.config;header_closure=rewrite/metadata/header_closure.tsv;selected=PENDING_REVIEW	425f94c2954b1fe80ebdbf9b29854e89750355df	3e1dbcffdc528f998e98ebd455723af10e20231caede3d4091c9ff69d7ea4b32	05f1654b63cfaaf1efbb001cd9ec5ccb65b8e73c5c0b5f3e48e93b45f16463b3	0123af9e96b58af4e98b91a2de5608d36b63c67864b9041d3340587f3dbe40d2	cfa8dcf0d81c408de38d4202fe1ce9d9e5e301d1e67439c9530da94b1e64ee3f	7484d7b0dd80f45e18d726b04752827fe28555cc5c1af0e127948380e6688abf
semantic-proposal-v1	SC1-52a6f989669688e192d6e26cc8e95515f0c46019a7b8bd5c7d100cf81adb4467	S016234	2	P01	SYMBOLS.tsv	381409	status	aarch64	include/uapi/linux/major.h	operative_macro	RISCOM8_CALLOUT_MAJOR	71	PENDING_REVIEW			vendor/linux/include/uapi/linux/major.h;vendor/linux/include/uapi/linux/major.h:71;rewrite/configs/aarch64/frozen.config;header_closure=rewrite/metadata/header_closure.tsv;selected=PENDING_REVIEW	425f94c2954b1fe80ebdbf9b29854e89750355df	3e1dbcffdc528f998e98ebd455723af10e20231caede3d4091c9ff69d7ea4b32	05f1654b63cfaaf1efbb001cd9ec5ccb65b8e73c5c0b5f3e48e93b45f16463b3	0123af9e96b58af4e98b91a2de5608d36b63c67864b9041d3340587f3dbe40d2	cfa8dcf0d81c408de38d4202fe1ce9d9e5e301d1e67439c9530da94b1e64ee3f	7484d7b0dd80f45e18d726b04752827fe28555cc5c1af0e127948380e6688abf
semantic-proposal-v1	SC1-798d5c06622ca432968cf609ef7dd7ea872e07bb1d112ade2e28eded49b2dde8	S016234	2	P01	SYMBOLS.tsv	381410	selection_expression	aarch64	include/uapi/linux/major.h	operative_macro	MKISS_MAJOR	72	PENDING_REVIEW			vendor/linux/include/uapi/linux/major.h;vendor/linux/include/uapi/linux/major.h:72;rewrite/configs/aarch64/frozen.config;header_closure=rewrite/metadata/header_closure.tsv;selected=PENDING_REVIEW	425f94c2954b1fe80ebdbf9b29854e89750355df	3e1dbcffdc528f998e98ebd455723af10e20231caede3d4091c9ff69d7ea4b32	05f1654b63cfaaf1efbb001cd9ec5ccb65b8e73c5c0b5f3e48e93b45f16463b3	0123af9e96b58af4e98b91a2de5608d36b63c67864b9041d3340587f3dbe40d2	cfa8dcf0d81c408de38d4202fe1ce9d9e5e301d1e67439c9530da94b1e64ee3f	7484d7b0dd80f45e18d726b04752827fe28555cc5c1af0e127948380e6688abf
semantic-proposal-v1	SC1-d5c28c6988279d27bd4aeb20297c9e2c8f98271defc80d061adaec0e81f4b7a0	S016234	2	P01	SYMBOLS.tsv	381410	status	aarch64	include/uapi/linux/major.h	operative_macro	MKISS_MAJOR	72	PENDING_REVIEW			vendor/linux/include/uapi/linux/major.h;vendor/linux/include/uapi/linux/major.h:72;rewrite/configs/aarch64/frozen.config;header_closure=rewrite/metadata/header_closure.tsv;selected=PENDING_REVIEW	425f94c2954b1fe80ebdbf9b29854e89750355df	3e1dbcffdc528f998e98ebd455723af10e20231caede3d4091c9ff69d7ea4b32	05f1654b63cfaaf1efbb001cd9ec5ccb65b8e73c5c0b5f3e48e93b45f16463b3	0123af9e96b58af4e98b91a2de5608d36b63c67864b9041d3340587f3dbe40d2	cfa8dcf0d81c408de38d4202fe1ce9d9e5e301d1e67439c9530da94b1e64ee3f	7484d7b0dd80f45e18d726b04752827fe28555cc5c1af0e127948380e6688abf
semantic-proposal-v1	SC1-a3196862283e64ecae4718a9e9c19de08f5f2a82c11ce1b729b2f04c5c254502	S016234	2	P01	SYMBOLS.tsv	381411	selection_expression	aarch64	include/uapi/linux/major.h	operative_macro	DSP56K_MAJOR	73	PENDING_REVIEW			vendor/linux/include/uapi/linux/major.h;vendor/linux/include/uapi/linux/major.h:73;rewrite/configs/aarch64/frozen.config;header_closure=rewrite/metadata/header_closure.tsv;selected=PENDING_REVIEW	425f94c2954b1fe80ebdbf9b29854e89750355df	3e1dbcffdc528f998e98ebd455723af10e20231caede3d4091c9ff69d7ea4b32	05f1654b63cfaaf1efbb001cd9ec5ccb65b8e73c5c0b5f3e48e93b45f16463b3	0123af9e96b58af4e98b91a2de5608d36b63c67864b9041d3340587f3dbe40d2	cfa8dcf0d81c408de38d4202fe1ce9d9e5e301d1e67439c9530da94b1e64ee3f	7484d7b0dd80f45e18d726b04752827fe28555cc5c1af0e127948380e6688abf
semantic-proposal-v1	SC1-b12c6ee67e6544e0ed49700c2c1ad63cb173c9fac4ee67ecd5535baf8bb5109f	S016234	2	P01	SYMBOLS.tsv	381411	status	aarch64	include/uapi/linux/major.h	operative_macro	DSP56K_MAJOR	73	PENDING_REVIEW			vendor/linux/include/uapi/linux/major.h;vendor/linux/include/uapi/linux/major.h:73;rewrite/configs/aarch64/frozen.config;header_closure=rewrite/metadata/header_closure.tsv;selected=PENDING_REVIEW	425f94c2954b1fe80ebdbf9b29854e89750355df	3e1dbcffdc528f998e98ebd455723af10e20231caede3d4091c9ff69d7ea4b32	05f1654b63cfaaf1efbb001cd9ec5ccb65b8e73c5c0b5f3e48e93b45f16463b3	0123af9e96b58af4e98b91a2de5608d36b63c67864b9041d3340587f3dbe40d2	cfa8dcf0d81c408de38d4202fe1ce9d9e5e301d1e67439c9530da94b1e64ee3f	7484d7b0dd80f45e18d726b04752827fe28555cc5c1af0e127948380e6688abf
semantic-proposal-v1	SC1-e563699e7b85ed4760e128b40263098a88649f7dfb34f422ea5037eeba3cbd5a	S016234	2	P01	SYMBOLS.tsv	381412	selection_expression	aarch64	include/uapi/linux/major.h	operative_macro	IDE4_MAJOR	75	PENDING_REVIEW			vendor/linux/include/uapi/linux/major.h;vendor/linux/include/uapi/linux/major.h:75;rewrite/configs/aarch64/frozen.config;header_closure=rewrite/metadata/header_closure.tsv;selected=PENDING_REVIEW	425f94c2954b1fe80ebdbf9b29854e89750355df	3e1dbcffdc528f998e98ebd455723af10e20231caede3d4091c9ff69d7ea4b32	05f1654b63cfaaf1efbb001cd9ec5ccb65b8e73c5c0b5f3e48e93b45f16463b3	0123af9e96b58af4e98b91a2de5608d36b63c67864b9041d3340587f3dbe40d2	cfa8dcf0d81c408de38d4202fe1ce9d9e5e301d1e67439c9530da94b1e64ee3f	7484d7b0dd80f45e18d726b04752827fe28555cc5c1af0e127948380e6688abf
semantic-proposal-v1	SC1-d83f7857c8d5e2045e6b91f64039eec4ecb6c2e5ef2ca1f53086cd94550db172	S016234	2	P01	SYMBOLS.tsv	381412	status	aarch64	include/uapi/linux/major.h	operative_macro	IDE4_MAJOR	75	PENDING_REVIEW			vendor/linux/include/uapi/linux/major.h;vendor/linux/include/uapi/linux/major.h:75;rewrite/configs/aarch64/frozen.config;header_closure=rewrite/metadata/header_closure.tsv;selected=PENDING_REVIEW	425f94c2954b1fe80ebdbf9b29854e89750355df	3e1dbcffdc528f998e98ebd455723af10e20231caede3d4091c9ff69d7ea4b32	05f1654b63cfaaf1efbb001cd9ec5ccb65b8e73c5c0b5f3e48e93b45f16463b3	0123af9e96b58af4e98b91a2de5608d36b63c67864b9041d3340587f3dbe40d2	cfa8dcf0d81c408de38d4202fe1ce9d9e5e301d1e67439c9530da94b1e64ee3f	7484d7b0dd80f45e18d726b04752827fe28555cc5c1af0e127948380e6688abf
semantic-proposal-v1	SC1-55cc36c6fb1f6c39ebc58116275528c3f76a02b86dae38663339f4d6ac260493	S016234	2	P01	SYMBOLS.tsv	381413	selection_expression	aarch64	include/uapi/linux/major.h	operative_macro	IDE5_MAJOR	76	PENDING_REVIEW			vendor/linux/include/uapi/linux/major.h;vendor/linux/include/uapi/linux/major.h:76;rewrite/configs/aarch64/frozen.config;header_closure=rewrite/metadata/header_closure.tsv;selected=PENDING_REVIEW	425f94c2954b1fe80ebdbf9b29854e89750355df	3e1dbcffdc528f998e98ebd455723af10e20231caede3d4091c9ff69d7ea4b32	05f1654b63cfaaf1efbb001cd9ec5ccb65b8e73c5c0b5f3e48e93b45f16463b3	0123af9e96b58af4e98b91a2de5608d36b63c67864b9041d3340587f3dbe40d2	cfa8dcf0d81c408de38d4202fe1ce9d9e5e301d1e67439c9530da94b1e64ee3f	7484d7b0dd80f45e18d726b04752827fe28555cc5c1af0e127948380e6688abf
semantic-proposal-v1	SC1-7e8c9207d33ea1bbbda02071a3504c3fc9c31303895f95d99e3e2cd6f3c38911	S016234	2	P01	SYMBOLS.tsv	381413	status	aarch64	include/uapi/linux/major.h	operative_macro	IDE5_MAJOR	76	PENDING_REVIEW			vendor/linux/include/uapi/linux/major.h;vendor/linux/include/uapi/linux/major.h:76;rewrite/configs/aarch64/frozen.config;header_closure=rewrite/metadata/header_closure.tsv;selected=PENDING_REVIEW	425f94c2954b1fe80ebdbf9b29854e89750355df	3e1dbcffdc528f998e98ebd455723af10e20231caede3d4091c9ff69d7ea4b32	05f1654b63cfaaf1efbb001cd9ec5ccb65b8e73c5c0b5f3e48e93b45f16463b3	0123af9e96b58af4e98b91a2de5608d36b63c67864b9041d3340587f3dbe40d2	cfa8dcf0d81c408de38d4202fe1ce9d9e5e301d1e67439c9530da94b1e64ee3f	7484d7b0dd80f45e18d726b04752827fe28555cc5c1af0e127948380e6688abf
semantic-proposal-v1	SC1-1c0841cff650b2a33e96134f2bd0d38b5f34a320b4d8f4fcc25849afc111fcab	S016234	2	P01	SYMBOLS.tsv	381414	selection_expression	aarch64	include/uapi/linux/major.h	operative_macro	SCSI_DISK1_MAJOR	78	PENDING_REVIEW			vendor/linux/include/uapi/linux/major.h;vendor/linux/include/uapi/linux/major.h:78;rewrite/configs/aarch64/frozen.config;header_closure=rewrite/metadata/header_closure.tsv;selected=PENDING_REVIEW	425f94c2954b1fe80ebdbf9b29854e89750355df	3e1dbcffdc528f998e98ebd455723af10e20231caede3d4091c9ff69d7ea4b32	05f1654b63cfaaf1efbb001cd9ec5ccb65b8e73c5c0b5f3e48e93b45f16463b3	0123af9e96b58af4e98b91a2de5608d36b63c67864b9041d3340587f3dbe40d2	cfa8dcf0d81c408de38d4202fe1ce9d9e5e301d1e67439c9530da94b1e64ee3f	7484d7b0dd80f45e18d726b04752827fe28555cc5c1af0e127948380e6688abf
semantic-proposal-v1	SC1-3533e82bc2dcc1fbf8b6c10c7bcbc4df33fababbb600e1e4181eb978d2cc6a46	S016234	2	P01	SYMBOLS.tsv	381414	status	aarch64	include/uapi/linux/major.h	operative_macro	SCSI_DISK1_MAJOR	78	PENDING_REVIEW			vendor/linux/include/uapi/linux/major.h;vendor/linux/include/uapi/linux/major.h:78;rewrite/configs/aarch64/frozen.config;header_closure=rewrite/metadata/header_closure.tsv;selected=PENDING_REVIEW	425f94c2954b1fe80ebdbf9b29854e89750355df	3e1dbcffdc528f998e98ebd455723af10e20231caede3d4091c9ff69d7ea4b32	05f1654b63cfaaf1efbb001cd9ec5ccb65b8e73c5c0b5f3e48e93b45f16463b3	0123af9e96b58af4e98b91a2de5608d36b63c67864b9041d3340587f3dbe40d2	cfa8dcf0d81c408de38d4202fe1ce9d9e5e301d1e67439c9530da94b1e64ee3f	7484d7b0dd80f45e18d726b04752827fe28555cc5c1af0e127948380e6688abf
semantic-proposal-v1	SC1-cb319863233cb797b53a7bced3edfce0d974d9bf108ec24ff65c145903757d53	S016234	2	P01	SYMBOLS.tsv	381415	selection_expression	aarch64	include/uapi/linux/major.h	operative_macro	SCSI_DISK2_MAJOR	79	PENDING_REVIEW			vendor/linux/include/uapi/linux/major.h;vendor/linux/include/uapi/linux/major.h:79;rewrite/configs/aarch64/frozen.config;header_closure=rewrite/metadata/header_closure.tsv;selected=PENDING_REVIEW	425f94c2954b1fe80ebdbf9b29854e89750355df	3e1dbcffdc528f998e98ebd455723af10e20231caede3d4091c9ff69d7ea4b32	05f1654b63cfaaf1efbb001cd9ec5ccb65b8e73c5c0b5f3e48e93b45f16463b3	0123af9e96b58af4e98b91a2de5608d36b63c67864b9041d3340587f3dbe40d2	cfa8dcf0d81c408de38d4202fe1ce9d9e5e301d1e67439c9530da94b1e64ee3f	7484d7b0dd80f45e18d726b04752827fe28555cc5c1af0e127948380e6688abf
semantic-proposal-v1	SC1-786c42c2886bba74a1c47919e7493f8a3204e3c8fb7293f532e999f347f009d0	S016234	2	P01	SYMBOLS.tsv	381415	status	aarch64	include/uapi/linux/major.h	operative_macro	SCSI_DISK2_MAJOR	79	PENDING_REVIEW			vendor/linux/include/uapi/linux/major.h;vendor/linux/include/uapi/linux/major.h:79;rewrite/configs/aarch64/frozen.config;header_closure=rewrite/metadata/header_closure.tsv;selected=PENDING_REVIEW	425f94c2954b1fe80ebdbf9b29854e89750355df	3e1dbcffdc528f998e98ebd455723af10e20231caede3d4091c9ff69d7ea4b32	05f1654b63cfaaf1efbb001cd9ec5ccb65b8e73c5c0b5f3e48e93b45f16463b3	0123af9e96b58af4e98b91a2de5608d36b63c67864b9041d3340587f3dbe40d2	cfa8dcf0d81c408de38d4202fe1ce9d9e5e301d1e67439c9530da94b1e64ee3f	7484d7b0dd80f45e18d726b04752827fe28555cc5c1af0e127948380e6688abf
semantic-proposal-v1	SC1-6b886fb5f2dc6d89ee603f285067d0885803859ea093c801558f56151312df8f	S016234	2	P01	SYMBOLS.tsv	381416	selection_expression	aarch64	include/uapi/linux/major.h	operative_macro	SCSI_DISK3_MAJOR	80	PENDING_REVIEW			vendor/linux/include/uapi/linux/major.h;vendor/linux/include/uapi/linux/major.h:80;rewrite/configs/aarch64/frozen.config;header_closure=rewrite/metadata/header_closure.tsv;selected=PENDING_REVIEW	425f94c2954b1fe80ebdbf9b29854e89750355df	3e1dbcffdc528f998e98ebd455723af10e20231caede3d4091c9ff69d7ea4b32	05f1654b63cfaaf1efbb001cd9ec5ccb65b8e73c5c0b5f3e48e93b45f16463b3	0123af9e96b58af4e98b91a2de5608d36b63c67864b9041d3340587f3dbe40d2	cfa8dcf0d81c408de38d4202fe1ce9d9e5e301d1e67439c9530da94b1e64ee3f	7484d7b0dd80f45e18d726b04752827fe28555cc5c1af0e127948380e6688abf
semantic-proposal-v1	SC1-1f616873e390873c94cbd45e087cf2bff1d477d9aec3ed443ed9edf51ff7a3b9	S016234	2	P01	SYMBOLS.tsv	381416	status	aarch64	include/uapi/linux/major.h	operative_macro	SCSI_DISK3_MAJOR	80	PENDING_REVIEW			vendor/linux/include/uapi/linux/major.h;vendor/linux/include/uapi/linux/major.h:80;rewrite/configs/aarch64/frozen.config;header_closure=rewrite/metadata/header_closure.tsv;selected=PENDING_REVIEW	425f94c2954b1fe80ebdbf9b29854e89750355df	3e1dbcffdc528f998e98ebd455723af10e20231caede3d4091c9ff69d7ea4b32	05f1654b63cfaaf1efbb001cd9ec5ccb65b8e73c5c0b5f3e48e93b45f16463b3	0123af9e96b58af4e98b91a2de5608d36b63c67864b9041d3340587f3dbe40d2	cfa8dcf0d81c408de38d4202fe1ce9d9e5e301d1e67439c9530da94b1e64ee3f	7484d7b0dd80f45e18d726b04752827fe28555cc5c1af0e127948380e6688abf
semantic-proposal-v1	SC1-b4cbea027dd6a65bbf2f1722e4d4acc632683f552c364d2c6b9db6c3cfd15e08	S016234	2	P01	SYMBOLS.tsv	381417	selection_expression	aarch64	include/uapi/linux/major.h	operative_macro	SCSI_DISK4_MAJOR	81	PENDING_REVIEW			vendor/linux/include/uapi/linux/major.h;vendor/linux/include/uapi/linux/major.h:81;rewrite/configs/aarch64/frozen.config;header_closure=rewrite/metadata/header_closure.tsv;selected=PENDING_REVIEW	425f94c2954b1fe80ebdbf9b29854e89750355df	3e1dbcffdc528f998e98ebd455723af10e20231caede3d4091c9ff69d7ea4b32	05f1654b63cfaaf1efbb001cd9ec5ccb65b8e73c5c0b5f3e48e93b45f16463b3	0123af9e96b58af4e98b91a2de5608d36b63c67864b9041d3340587f3dbe40d2	cfa8dcf0d81c408de38d4202fe1ce9d9e5e301d1e67439c9530da94b1e64ee3f	7484d7b0dd80f45e18d726b04752827fe28555cc5c1af0e127948380e6688abf
semantic-proposal-v1	SC1-f362ec2acf9598731b35d6e3a808d59c7229174f76ca77e42e143ec1b696e481	S016234	2	P01	SYMBOLS.tsv	381417	status	aarch64	include/uapi/linux/major.h	operative_macro	SCSI_DISK4_MAJOR	81	PENDING_REVIEW			vendor/linux/include/uapi/linux/major.h;vendor/linux/include/uapi/linux/major.h:81;rewrite/configs/aarch64/frozen.config;header_closure=rewrite/metadata/header_closure.tsv;selected=PENDING_REVIEW	425f94c2954b1fe80ebdbf9b29854e89750355df	3e1dbcffdc528f998e98ebd455723af10e20231caede3d4091c9ff69d7ea4b32	05f1654b63cfaaf1efbb001cd9ec5ccb65b8e73c5c0b5f3e48e93b45f16463b3	0123af9e96b58af4e98b91a2de5608d36b63c67864b9041d3340587f3dbe40d2	cfa8dcf0d81c408de38d4202fe1ce9d9e5e301d1e67439c9530da94b1e64ee3f	7484d7b0dd80f45e18d726b04752827fe28555cc5c1af0e127948380e6688abf
semantic-proposal-v1	SC1-2bedfb863e319564750f98217961e0b68e64f2d208669ec0f0ba88a545b92fb4	S016234	2	P01	SYMBOLS.tsv	381418	selection_expression	aarch64	include/uapi/linux/major.h	operative_macro	SCSI_DISK5_MAJOR	82	PENDING_REVIEW			vendor/linux/include/uapi/linux/major.h;vendor/linux/include/uapi/linux/major.h:82;rewrite/configs/aarch64/frozen.config;header_closure=rewrite/metadata/header_closure.tsv;selected=PENDING_REVIEW	425f94c2954b1fe80ebdbf9b29854e89750355df	3e1dbcffdc528f998e98ebd455723af10e20231caede3d4091c9ff69d7ea4b32	05f1654b63cfaaf1efbb001cd9ec5ccb65b8e73c5c0b5f3e48e93b45f16463b3	0123af9e96b58af4e98b91a2de5608d36b63c67864b9041d3340587f3dbe40d2	cfa8dcf0d81c408de38d4202fe1ce9d9e5e301d1e67439c9530da94b1e64ee3f	7484d7b0dd80f45e18d726b04752827fe28555cc5c1af0e127948380e6688abf
semantic-proposal-v1	SC1-8f82aeb868e6e04a86a8e1270f4d22538b3a6950f6ee07083b665b9c47a88df4	S016234	2	P01	SYMBOLS.tsv	381418	status	aarch64	include/uapi/linux/major.h	operative_macro	SCSI_DISK5_MAJOR	82	PENDING_REVIEW			vendor/linux/include/uapi/linux/major.h;vendor/linux/include/uapi/linux/major.h:82;rewrite/configs/aarch64/frozen.config;header_closure=rewrite/metadata/header_closure.tsv;selected=PENDING_REVIEW	425f94c2954b1fe80ebdbf9b29854e89750355df	3e1dbcffdc528f998e98ebd455723af10e20231caede3d4091c9ff69d7ea4b32	05f1654b63cfaaf1efbb001cd9ec5ccb65b8e73c5c0b5f3e48e93b45f16463b3	0123af9e96b58af4e98b91a2de5608d36b63c67864b9041d3340587f3dbe40d2	cfa8dcf0d81c408de38d4202fe1ce9d9e5e301d1e67439c9530da94b1e64ee3f	7484d7b0dd80f45e18d726b04752827fe28555cc5c1af0e127948380e6688abf
semantic-proposal-v1	SC1-91354fffe54f1be5e64768d0e7dfebfa944b032965f74760bfa0cc52e704e5e0	S016234	2	P01	SYMBOLS.tsv	381419	selection_expression	aarch64	include/uapi/linux/major.h	operative_macro	SCSI_DISK6_MAJOR	83	PENDING_REVIEW			vendor/linux/include/uapi/linux/major.h;vendor/linux/include/uapi/linux/major.h:83;rewrite/configs/aarch64/frozen.config;header_closure=rewrite/metadata/header_closure.tsv;selected=PENDING_REVIEW	425f94c2954b1fe80ebdbf9b29854e89750355df	3e1dbcffdc528f998e98ebd455723af10e20231caede3d4091c9ff69d7ea4b32	05f1654b63cfaaf1efbb001cd9ec5ccb65b8e73c5c0b5f3e48e93b45f16463b3	0123af9e96b58af4e98b91a2de5608d36b63c67864b9041d3340587f3dbe40d2	cfa8dcf0d81c408de38d4202fe1ce9d9e5e301d1e67439c9530da94b1e64ee3f	7484d7b0dd80f45e18d726b04752827fe28555cc5c1af0e127948380e6688abf
semantic-proposal-v1	SC1-203aac9c652caf844a4e65ca65d2c48a1c7a35733da7cc9d8a2e425c941e2846	S016234	2	P01	SYMBOLS.tsv	381419	status	aarch64	include/uapi/linux/major.h	operative_macro	SCSI_DISK6_MAJOR	83	PENDING_REVIEW			vendor/linux/include/uapi/linux/major.h;vendor/linux/include/uapi/linux/major.h:83;rewrite/configs/aarch64/frozen.config;header_closure=rewrite/metadata/header_closure.tsv;selected=PENDING_REVIEW	425f94c2954b1fe80ebdbf9b29854e89750355df	3e1dbcffdc528f998e98ebd455723af10e20231caede3d4091c9ff69d7ea4b32	05f1654b63cfaaf1efbb001cd9ec5ccb65b8e73c5c0b5f3e48e93b45f16463b3	0123af9e96b58af4e98b91a2de5608d36b63c67864b9041d3340587f3dbe40d2	cfa8dcf0d81c408de38d4202fe1ce9d9e5e301d1e67439c9530da94b1e64ee3f	7484d7b0dd80f45e18d726b04752827fe28555cc5c1af0e127948380e6688abf
semantic-proposal-v1	SC1-be38fd252a3e42a75fe2b2a4fadfac951859607859c46a150ad9e52a52a07f41	S016234	2	P01	SYMBOLS.tsv	381420	selection_expression	aarch64	include/uapi/linux/major.h	operative_macro	SCSI_DISK7_MAJOR	84	PENDING_REVIEW			vendor/linux/include/uapi/linux/major.h;vendor/linux/include/uapi/linux/major.h:84;rewrite/configs/aarch64/frozen.config;header_closure=rewrite/metadata/header_closure.tsv;selected=PENDING_REVIEW	425f94c2954b1fe80ebdbf9b29854e89750355df	3e1dbcffdc528f998e98ebd455723af10e20231caede3d4091c9ff69d7ea4b32	05f1654b63cfaaf1efbb001cd9ec5ccb65b8e73c5c0b5f3e48e93b45f16463b3	0123af9e96b58af4e98b91a2de5608d36b63c67864b9041d3340587f3dbe40d2	cfa8dcf0d81c408de38d4202fe1ce9d9e5e301d1e67439c9530da94b1e64ee3f	7484d7b0dd80f45e18d726b04752827fe28555cc5c1af0e127948380e6688abf
semantic-proposal-v1	SC1-f57ef35c211410863607ff5489dc7924d230e152cd421d709f6a1d2053e5bd85	S016234	2	P01	SYMBOLS.tsv	381420	status	aarch64	include/uapi/linux/major.h	operative_macro	SCSI_DISK7_MAJOR	84	PENDING_REVIEW			vendor/linux/include/uapi/linux/major.h;vendor/linux/include/uapi/linux/major.h:84;rewrite/configs/aarch64/frozen.config;header_closure=rewrite/metadata/header_closure.tsv;selected=PENDING_REVIEW	425f94c2954b1fe80ebdbf9b29854e89750355df	3e1dbcffdc528f998e98ebd455723af10e20231caede3d4091c9ff69d7ea4b32	05f1654b63cfaaf1efbb001cd9ec5ccb65b8e73c5c0b5f3e48e93b45f16463b3	0123af9e96b58af4e98b91a2de5608d36b63c67864b9041d3340587f3dbe40d2	cfa8dcf0d81c408de38d4202fe1ce9d9e5e301d1e67439c9530da94b1e64ee3f	7484d7b0dd80f45e18d726b04752827fe28555cc5c1af0e127948380e6688abf
semantic-proposal-v1	SC1-afeeeefef3c8df73d928f7dc7c3ba911cc24451b076d6c0ba18d8798b9a4cb6c	S016234	2	P01	SYMBOLS.tsv	381421	selection_expression	aarch64	include/uapi/linux/major.h	operative_macro	COMPAQ_SMART2_MAJOR	86	PENDING_REVIEW			vendor/linux/include/uapi/linux/major.h;vendor/linux/include/uapi/linux/major.h:86;rewrite/configs/aarch64/frozen.config;header_closure=rewrite/metadata/header_closure.tsv;selected=PENDING_REVIEW	425f94c2954b1fe80ebdbf9b29854e89750355df	3e1dbcffdc528f998e98ebd455723af10e20231caede3d4091c9ff69d7ea4b32	05f1654b63cfaaf1efbb001cd9ec5ccb65b8e73c5c0b5f3e48e93b45f16463b3	0123af9e96b58af4e98b91a2de5608d36b63c67864b9041d3340587f3dbe40d2	cfa8dcf0d81c408de38d4202fe1ce9d9e5e301d1e67439c9530da94b1e64ee3f	7484d7b0dd80f45e18d726b04752827fe28555cc5c1af0e127948380e6688abf
semantic-proposal-v1	SC1-a04d56ee4d7869e7a8df510089d99ae78392a29af1c2c76dc90c27d5dd6076fe	S016234	2	P01	SYMBOLS.tsv	381421	status	aarch64	include/uapi/linux/major.h	operative_macro	COMPAQ_SMART2_MAJOR	86	PENDING_REVIEW			vendor/linux/include/uapi/linux/major.h;vendor/linux/include/uapi/linux/major.h:86;rewrite/configs/aarch64/frozen.config;header_closure=rewrite/metadata/header_closure.tsv;selected=PENDING_REVIEW	425f94c2954b1fe80ebdbf9b29854e89750355df	3e1dbcffdc528f998e98ebd455723af10e20231caede3d4091c9ff69d7ea4b32	05f1654b63cfaaf1efbb001cd9ec5ccb65b8e73c5c0b5f3e48e93b45f16463b3	0123af9e96b58af4e98b91a2de5608d36b63c67864b9041d3340587f3dbe40d2	cfa8dcf0d81c408de38d4202fe1ce9d9e5e301d1e67439c9530da94b1e64ee3f	7484d7b0dd80f45e18d726b04752827fe28555cc5c1af0e127948380e6688abf
semantic-proposal-v1	SC1-b778e0685eb22e2f383abf5beacb8ea184418f29775d3213c09578f22cfdc12a	S016234	2	P01	SYMBOLS.tsv	381422	selection_expression	aarch64	include/uapi/linux/major.h	operative_macro	COMPAQ_SMART2_MAJOR1	87	PENDING_REVIEW			vendor/linux/include/uapi/linux/major.h;vendor/linux/include/uapi/linux/major.h:87;rewrite/configs/aarch64/frozen.config;header_closure=rewrite/metadata/header_closure.tsv;selected=PENDING_REVIEW	425f94c2954b1fe80ebdbf9b29854e89750355df	3e1dbcffdc528f998e98ebd455723af10e20231caede3d4091c9ff69d7ea4b32	05f1654b63cfaaf1efbb001cd9ec5ccb65b8e73c5c0b5f3e48e93b45f16463b3	0123af9e96b58af4e98b91a2de5608d36b63c67864b9041d3340587f3dbe40d2	cfa8dcf0d81c408de38d4202fe1ce9d9e5e301d1e67439c9530da94b1e64ee3f	7484d7b0dd80f45e18d726b04752827fe28555cc5c1af0e127948380e6688abf
semantic-proposal-v1	SC1-f272695b531e51972f3efe0f09151ab6b0a6037760f284be1563baa14f7cc504	S016234	2	P01	SYMBOLS.tsv	381422	status	aarch64	include/uapi/linux/major.h	operative_macro	COMPAQ_SMART2_MAJOR1	87	PENDING_REVIEW			vendor/linux/include/uapi/linux/major.h;vendor/linux/include/uapi/linux/major.h:87;rewrite/configs/aarch64/frozen.config;header_closure=rewrite/metadata/header_closure.tsv;selected=PENDING_REVIEW	425f94c2954b1fe80ebdbf9b29854e89750355df	3e1dbcffdc528f998e98ebd455723af10e20231caede3d4091c9ff69d7ea4b32	05f1654b63cfaaf1efbb001cd9ec5ccb65b8e73c5c0b5f3e48e93b45f16463b3	0123af9e96b58af4e98b91a2de5608d36b63c67864b9041d3340587f3dbe40d2	cfa8dcf0d81c408de38d4202fe1ce9d9e5e301d1e67439c9530da94b1e64ee3f	7484d7b0dd80f45e18d726b04752827fe28555cc5c1af0e127948380e6688abf
semantic-proposal-v1	SC1-013020bee214c8e40a363c6be9c1c12ded2bf971a965cc746d404250e4f0d992	S016234	2	P01	SYMBOLS.tsv	381423	selection_expression	aarch64	include/uapi/linux/major.h	operative_macro	COMPAQ_SMART2_MAJOR2	88	PENDING_REVIEW			vendor/linux/include/uapi/linux/major.h;vendor/linux/include/uapi/linux/major.h:88;rewrite/configs/aarch64/frozen.config;header_closure=rewrite/metadata/header_closure.tsv;selected=PENDING_REVIEW	425f94c2954b1fe80ebdbf9b29854e89750355df	3e1dbcffdc528f998e98ebd455723af10e20231caede3d4091c9ff69d7ea4b32	05f1654b63cfaaf1efbb001cd9ec5ccb65b8e73c5c0b5f3e48e93b45f16463b3	0123af9e96b58af4e98b91a2de5608d36b63c67864b9041d3340587f3dbe40d2	cfa8dcf0d81c408de38d4202fe1ce9d9e5e301d1e67439c9530da94b1e64ee3f	7484d7b0dd80f45e18d726b04752827fe28555cc5c1af0e127948380e6688abf
semantic-proposal-v1	SC1-4dfcbed90b8fc84d7f4a024ccab66db2cb24fe38666a1d52f23e1b1d2cdcf398	S016234	2	P01	SYMBOLS.tsv	381423	status	aarch64	include/uapi/linux/major.h	operative_macro	COMPAQ_SMART2_MAJOR2	88	PENDING_REVIEW			vendor/linux/include/uapi/linux/major.h;vendor/linux/include/uapi/linux/major.h:88;rewrite/configs/aarch64/frozen.config;header_closure=rewrite/metadata/header_closure.tsv;selected=PENDING_REVIEW	425f94c2954b1fe80ebdbf9b29854e89750355df	3e1dbcffdc528f998e98ebd455723af10e20231caede3d4091c9ff69d7ea4b32	05f1654b63cfaaf1efbb001cd9ec5ccb65b8e73c5c0b5f3e48e93b45f16463b3	0123af9e96b58af4e98b91a2de5608d36b63c67864b9041d3340587f3dbe40d2	cfa8dcf0d81c408de38d4202fe1ce9d9e5e301d1e67439c9530da94b1e64ee3f	7484d7b0dd80f45e18d726b04752827fe28555cc5c1af0e127948380e6688abf
semantic-proposal-v1	SC1-274fc56b40bc0d7128fce1c24a9da473389854ac1a56e9ed5d0d824ecb150797	S016234	2	P01	SYMBOLS.tsv	381424	selection_expression	aarch64	include/uapi/linux/major.h	operative_macro	COMPAQ_SMART2_MAJOR3	89	PENDING_REVIEW			vendor/linux/include/uapi/linux/major.h;vendor/linux/include/uapi/linux/major.h:89;rewrite/configs/aarch64/frozen.config;header_closure=rewrite/metadata/header_closure.tsv;selected=PENDING_REVIEW	425f94c2954b1fe80ebdbf9b29854e89750355df	3e1dbcffdc528f998e98ebd455723af10e20231caede3d4091c9ff69d7ea4b32	05f1654b63cfaaf1efbb001cd9ec5ccb65b8e73c5c0b5f3e48e93b45f16463b3	0123af9e96b58af4e98b91a2de5608d36b63c67864b9041d3340587f3dbe40d2	cfa8dcf0d81c408de38d4202fe1ce9d9e5e301d1e67439c9530da94b1e64ee3f	7484d7b0dd80f45e18d726b04752827fe28555cc5c1af0e127948380e6688abf
semantic-proposal-v1	SC1-c3c742b05dcf908f1f4a306800b60278c58313ed08237313120a9bb6d6598e5c	S016234	2	P01	SYMBOLS.tsv	381424	status	aarch64	include/uapi/linux/major.h	operative_macro	COMPAQ_SMART2_MAJOR3	89	PENDING_REVIEW			vendor/linux/include/uapi/linux/major.h;vendor/linux/include/uapi/linux/major.h:89;rewrite/configs/aarch64/frozen.config;header_closure=rewrite/metadata/header_closure.tsv;selected=PENDING_REVIEW	425f94c2954b1fe80ebdbf9b29854e89750355df	3e1dbcffdc528f998e98ebd455723af10e20231caede3d4091c9ff69d7ea4b32	05f1654b63cfaaf1efbb001cd9ec5ccb65b8e73c5c0b5f3e48e93b45f16463b3	0123af9e96b58af4e98b91a2de5608d36b63c67864b9041d3340587f3dbe40d2	cfa8dcf0d81c408de38d4202fe1ce9d9e5e301d1e67439c9530da94b1e64ee3f	7484d7b0dd80f45e18d726b04752827fe28555cc5c1af0e127948380e6688abf
semantic-proposal-v1	SC1-0d24e6bdfdf13e9b1d9f149c9faef59f00d4983da3338d12b1fa1882f761de60	S016234	2	P01	SYMBOLS.tsv	381425	selection_expression	aarch64	include/uapi/linux/major.h	operative_macro	COMPAQ_SMART2_MAJOR4	90	PENDING_REVIEW			vendor/linux/include/uapi/linux/major.h;vendor/linux/include/uapi/linux/major.h:90;rewrite/configs/aarch64/frozen.config;header_closure=rewrite/metadata/header_closure.tsv;selected=PENDING_REVIEW	425f94c2954b1fe80ebdbf9b29854e89750355df	3e1dbcffdc528f998e98ebd455723af10e20231caede3d4091c9ff69d7ea4b32	05f1654b63cfaaf1efbb001cd9ec5ccb65b8e73c5c0b5f3e48e93b45f16463b3	0123af9e96b58af4e98b91a2de5608d36b63c67864b9041d3340587f3dbe40d2	cfa8dcf0d81c408de38d4202fe1ce9d9e5e301d1e67439c9530da94b1e64ee3f	7484d7b0dd80f45e18d726b04752827fe28555cc5c1af0e127948380e6688abf
semantic-proposal-v1	SC1-e3eec9a8b634b5d7867db192d70fa54952a067681c089d354754e39223538be5	S016234	2	P01	SYMBOLS.tsv	381425	status	aarch64	include/uapi/linux/major.h	operative_macro	COMPAQ_SMART2_MAJOR4	90	PENDING_REVIEW			vendor/linux/include/uapi/linux/major.h;vendor/linux/include/uapi/linux/major.h:90;rewrite/configs/aarch64/frozen.config;header_closure=rewrite/metadata/header_closure.tsv;selected=PENDING_REVIEW	425f94c2954b1fe80ebdbf9b29854e89750355df	3e1dbcffdc528f998e98ebd455723af10e20231caede3d4091c9ff69d7ea4b32	05f1654b63cfaaf1efbb001cd9ec5ccb65b8e73c5c0b5f3e48e93b45f16463b3	0123af9e96b58af4e98b91a2de5608d36b63c67864b9041d3340587f3dbe40d2	cfa8dcf0d81c408de38d4202fe1ce9d9e5e301d1e67439c9530da94b1e64ee3f	7484d7b0dd80f45e18d726b04752827fe28555cc5c1af0e127948380e6688abf
semantic-proposal-v1	SC1-ad9264471d04afff496d062e223c4a747f434e2e64db9a24a0a305f7c003ea12	S016234	2	P01	SYMBOLS.tsv	381426	selection_expression	aarch64	include/uapi/linux/major.h	operative_macro	COMPAQ_SMART2_MAJOR5	91	PENDING_REVIEW			vendor/linux/include/uapi/linux/major.h;vendor/linux/include/uapi/linux/major.h:91;rewrite/configs/aarch64/frozen.config;header_closure=rewrite/metadata/header_closure.tsv;selected=PENDING_REVIEW	425f94c2954b1fe80ebdbf9b29854e89750355df	3e1dbcffdc528f998e98ebd455723af10e20231caede3d4091c9ff69d7ea4b32	05f1654b63cfaaf1efbb001cd9ec5ccb65b8e73c5c0b5f3e48e93b45f16463b3	0123af9e96b58af4e98b91a2de5608d36b63c67864b9041d3340587f3dbe40d2	cfa8dcf0d81c408de38d4202fe1ce9d9e5e301d1e67439c9530da94b1e64ee3f	7484d7b0dd80f45e18d726b04752827fe28555cc5c1af0e127948380e6688abf
semantic-proposal-v1	SC1-22df6df4bb04816f3686a3d14b3082de5ac9942523f834d14516948213d725df	S016234	2	P01	SYMBOLS.tsv	381426	status	aarch64	include/uapi/linux/major.h	operative_macro	COMPAQ_SMART2_MAJOR5	91	PENDING_REVIEW			vendor/linux/include/uapi/linux/major.h;vendor/linux/include/uapi/linux/major.h:91;rewrite/configs/aarch64/frozen.config;header_closure=rewrite/metadata/header_closure.tsv;selected=PENDING_REVIEW	425f94c2954b1fe80ebdbf9b29854e89750355df	3e1dbcffdc528f998e98ebd455723af10e20231caede3d4091c9ff69d7ea4b32	05f1654b63cfaaf1efbb001cd9ec5ccb65b8e73c5c0b5f3e48e93b45f16463b3	0123af9e96b58af4e98b91a2de5608d36b63c67864b9041d3340587f3dbe40d2	cfa8dcf0d81c408de38d4202fe1ce9d9e5e301d1e67439c9530da94b1e64ee3f	7484d7b0dd80f45e18d726b04752827fe28555cc5c1af0e127948380e6688abf
semantic-proposal-v1	SC1-056d47c9f3edb981b0ba6893d2de2c380b78c14eea29713ef58ae9ce8cefec29	S016234	2	P01	SYMBOLS.tsv	381427	selection_expression	aarch64	include/uapi/linux/major.h	operative_macro	COMPAQ_SMART2_MAJOR6	92	PENDING_REVIEW			vendor/linux/include/uapi/linux/major.h;vendor/linux/include/uapi/linux/major.h:92;rewrite/configs/aarch64/frozen.config;header_closure=rewrite/metadata/header_closure.tsv;selected=PENDING_REVIEW	425f94c2954b1fe80ebdbf9b29854e89750355df	3e1dbcffdc528f998e98ebd455723af10e20231caede3d4091c9ff69d7ea4b32	05f1654b63cfaaf1efbb001cd9ec5ccb65b8e73c5c0b5f3e48e93b45f16463b3	0123af9e96b58af4e98b91a2de5608d36b63c67864b9041d3340587f3dbe40d2	cfa8dcf0d81c408de38d4202fe1ce9d9e5e301d1e67439c9530da94b1e64ee3f	7484d7b0dd80f45e18d726b04752827fe28555cc5c1af0e127948380e6688abf
semantic-proposal-v1	SC1-b3e6cd1e843ffdcbe491a0317019df15ba8f0832263ec4a29991e4530bd8d96e	S016234	2	P01	SYMBOLS.tsv	381427	status	aarch64	include/uapi/linux/major.h	operative_macro	COMPAQ_SMART2_MAJOR6	92	PENDING_REVIEW			vendor/linux/include/uapi/linux/major.h;vendor/linux/include/uapi/linux/major.h:92;rewrite/configs/aarch64/frozen.config;header_closure=rewrite/metadata/header_closure.tsv;selected=PENDING_REVIEW	425f94c2954b1fe80ebdbf9b29854e89750355df	3e1dbcffdc528f998e98ebd455723af10e20231caede3d4091c9ff69d7ea4b32	05f1654b63cfaaf1efbb001cd9ec5ccb65b8e73c5c0b5f3e48e93b45f16463b3	0123af9e96b58af4e98b91a2de5608d36b63c67864b9041d3340587f3dbe40d2	cfa8dcf0d81c408de38d4202fe1ce9d9e5e301d1e67439c9530da94b1e64ee3f	7484d7b0dd80f45e18d726b04752827fe28555cc5c1af0e127948380e6688abf
semantic-proposal-v1	SC1-9e97ae2891367b86b4fd677e41e5b831a788e7328a99faea3a3e91cb23393c4a	S016234	2	P01	SYMBOLS.tsv	381428	selection_expression	aarch64	include/uapi/linux/major.h	operative_macro	COMPAQ_SMART2_MAJOR7	93	PENDING_REVIEW			vendor/linux/include/uapi/linux/major.h;vendor/linux/include/uapi/linux/major.h:93;rewrite/configs/aarch64/frozen.config;header_closure=rewrite/metadata/header_closure.tsv;selected=PENDING_REVIEW	425f94c2954b1fe80ebdbf9b29854e89750355df	3e1dbcffdc528f998e98ebd455723af10e20231caede3d4091c9ff69d7ea4b32	05f1654b63cfaaf1efbb001cd9ec5ccb65b8e73c5c0b5f3e48e93b45f16463b3	0123af9e96b58af4e98b91a2de5608d36b63c67864b9041d3340587f3dbe40d2	cfa8dcf0d81c408de38d4202fe1ce9d9e5e301d1e67439c9530da94b1e64ee3f	7484d7b0dd80f45e18d726b04752827fe28555cc5c1af0e127948380e6688abf
semantic-proposal-v1	SC1-504506878cae4938215ee86ee313b941d95bd6c007338f203bf8077523e02bd9	S016234	2	P01	SYMBOLS.tsv	381428	status	aarch64	include/uapi/linux/major.h	operative_macro	COMPAQ_SMART2_MAJOR7	93	PENDING_REVIEW			vendor/linux/include/uapi/linux/major.h;vendor/linux/include/uapi/linux/major.h:93;rewrite/configs/aarch64/frozen.config;header_closure=rewrite/metadata/header_closure.tsv;selected=PENDING_REVIEW	425f94c2954b1fe80ebdbf9b29854e89750355df	3e1dbcffdc528f998e98ebd455723af10e20231caede3d4091c9ff69d7ea4b32	05f1654b63cfaaf1efbb001cd9ec5ccb65b8e73c5c0b5f3e48e93b45f16463b3	0123af9e96b58af4e98b91a2de5608d36b63c67864b9041d3340587f3dbe40d2	cfa8dcf0d81c408de38d4202fe1ce9d9e5e301d1e67439c9530da94b1e64ee3f	7484d7b0dd80f45e18d726b04752827fe28555cc5c1af0e127948380e6688abf
semantic-proposal-v1	SC1-2d8ace102d3613ba499822787b718f665da9df8221f7ba56f2d5747bf1303aab	S016234	2	P01	SYMBOLS.tsv	381429	selection_expression	aarch64	include/uapi/linux/major.h	operative_macro	SPECIALIX_NORMAL_MAJOR	95	PENDING_REVIEW			vendor/linux/include/uapi/linux/major.h;vendor/linux/include/uapi/linux/major.h:95;rewrite/configs/aarch64/frozen.config;header_closure=rewrite/metadata/header_closure.tsv;selected=PENDING_REVIEW	425f94c2954b1fe80ebdbf9b29854e89750355df	3e1dbcffdc528f998e98ebd455723af10e20231caede3d4091c9ff69d7ea4b32	05f1654b63cfaaf1efbb001cd9ec5ccb65b8e73c5c0b5f3e48e93b45f16463b3	0123af9e96b58af4e98b91a2de5608d36b63c67864b9041d3340587f3dbe40d2	cfa8dcf0d81c408de38d4202fe1ce9d9e5e301d1e67439c9530da94b1e64ee3f	7484d7b0dd80f45e18d726b04752827fe28555cc5c1af0e127948380e6688abf
semantic-proposal-v1	SC1-0b819ba838a5b7046550d6221e79b4ca7e1705487c1e918dcf84c4fb4da2ab9f	S016234	2	P01	SYMBOLS.tsv	381429	status	aarch64	include/uapi/linux/major.h	operative_macro	SPECIALIX_NORMAL_MAJOR	95	PENDING_REVIEW			vendor/linux/include/uapi/linux/major.h;vendor/linux/include/uapi/linux/major.h:95;rewrite/configs/aarch64/frozen.config;header_closure=rewrite/metadata/header_closure.tsv;selected=PENDING_REVIEW	425f94c2954b1fe80ebdbf9b29854e89750355df	3e1dbcffdc528f998e98ebd455723af10e20231caede3d4091c9ff69d7ea4b32	05f1654b63cfaaf1efbb001cd9ec5ccb65b8e73c5c0b5f3e48e93b45f16463b3	0123af9e96b58af4e98b91a2de5608d36b63c67864b9041d3340587f3dbe40d2	cfa8dcf0d81c408de38d4202fe1ce9d9e5e301d1e67439c9530da94b1e64ee3f	7484d7b0dd80f45e18d726b04752827fe28555cc5c1af0e127948380e6688abf
semantic-proposal-v1	SC1-69c764e5ceedf3979f43344390e5180f7a82f8790b3e9e70cb0b675a059d06c4	S016234	2	P01	SYMBOLS.tsv	381430	selection_expression	aarch64	include/uapi/linux/major.h	operative_macro	SPECIALIX_CALLOUT_MAJOR	96	PENDING_REVIEW			vendor/linux/include/uapi/linux/major.h;vendor/linux/include/uapi/linux/major.h:96;rewrite/configs/aarch64/frozen.config;header_closure=rewrite/metadata/header_closure.tsv;selected=PENDING_REVIEW	425f94c2954b1fe80ebdbf9b29854e89750355df	3e1dbcffdc528f998e98ebd455723af10e20231caede3d4091c9ff69d7ea4b32	05f1654b63cfaaf1efbb001cd9ec5ccb65b8e73c5c0b5f3e48e93b45f16463b3	0123af9e96b58af4e98b91a2de5608d36b63c67864b9041d3340587f3dbe40d2	cfa8dcf0d81c408de38d4202fe1ce9d9e5e301d1e67439c9530da94b1e64ee3f	7484d7b0dd80f45e18d726b04752827fe28555cc5c1af0e127948380e6688abf
semantic-proposal-v1	SC1-2e4221fa92f97d0f7408444255ff02da5c6dc00635bd5796a439f7044cce446c	S016234	2	P01	SYMBOLS.tsv	381430	status	aarch64	include/uapi/linux/major.h	operative_macro	SPECIALIX_CALLOUT_MAJOR	96	PENDING_REVIEW			vendor/linux/include/uapi/linux/major.h;vendor/linux/include/uapi/linux/major.h:96;rewrite/configs/aarch64/frozen.config;header_closure=rewrite/metadata/header_closure.tsv;selected=PENDING_REVIEW	425f94c2954b1fe80ebdbf9b29854e89750355df	3e1dbcffdc528f998e98ebd455723af10e20231caede3d4091c9ff69d7ea4b32	05f1654b63cfaaf1efbb001cd9ec5ccb65b8e73c5c0b5f3e48e93b45f16463b3	0123af9e96b58af4e98b91a2de5608d36b63c67864b9041d3340587f3dbe40d2	cfa8dcf0d81c408de38d4202fe1ce9d9e5e301d1e67439c9530da94b1e64ee3f	7484d7b0dd80f45e18d726b04752827fe28555cc5c1af0e127948380e6688abf
semantic-proposal-v1	SC1-b78587a5c07e3e36ee6a6691a0305265d9f00cb10cb1e927b9e5dfacfaedfb52	S016234	2	P01	SYMBOLS.tsv	381431	selection_expression	aarch64	include/uapi/linux/major.h	operative_macro	AURORA_MAJOR	98	PENDING_REVIEW			vendor/linux/include/uapi/linux/major.h;vendor/linux/include/uapi/linux/major.h:98;rewrite/configs/aarch64/frozen.config;header_closure=rewrite/metadata/header_closure.tsv;selected=PENDING_REVIEW	425f94c2954b1fe80ebdbf9b29854e89750355df	3e1dbcffdc528f998e98ebd455723af10e20231caede3d4091c9ff69d7ea4b32	05f1654b63cfaaf1efbb001cd9ec5ccb65b8e73c5c0b5f3e48e93b45f16463b3	0123af9e96b58af4e98b91a2de5608d36b63c67864b9041d3340587f3dbe40d2	cfa8dcf0d81c408de38d4202fe1ce9d9e5e301d1e67439c9530da94b1e64ee3f	7484d7b0dd80f45e18d726b04752827fe28555cc5c1af0e127948380e6688abf
semantic-proposal-v1	SC1-b4f92291483f43af9442a62858b2ec0bf95b2cb020fe8cfb589713f3bea841d6	S016234	2	P01	SYMBOLS.tsv	381431	status	aarch64	include/uapi/linux/major.h	operative_macro	AURORA_MAJOR	98	PENDING_REVIEW			vendor/linux/include/uapi/linux/major.h;vendor/linux/include/uapi/linux/major.h:98;rewrite/configs/aarch64/frozen.config;header_closure=rewrite/metadata/header_closure.tsv;selected=PENDING_REVIEW	425f94c2954b1fe80ebdbf9b29854e89750355df	3e1dbcffdc528f998e98ebd455723af10e20231caede3d4091c9ff69d7ea4b32	05f1654b63cfaaf1efbb001cd9ec5ccb65b8e73c5c0b5f3e48e93b45f16463b3	0123af9e96b58af4e98b91a2de5608d36b63c67864b9041d3340587f3dbe40d2	cfa8dcf0d81c408de38d4202fe1ce9d9e5e301d1e67439c9530da94b1e64ee3f	7484d7b0dd80f45e18d726b04752827fe28555cc5c1af0e127948380e6688abf
semantic-proposal-v1	SC1-7a6bec482e747f16c417920bcf686506d5ab3be67d7802820b1a690f190cc641	S016234	2	P01	SYMBOLS.tsv	381432	selection_expression	aarch64	include/uapi/linux/major.h	operative_macro	I2O_MAJOR	100	PENDING_REVIEW			vendor/linux/include/uapi/linux/major.h;vendor/linux/include/uapi/linux/major.h:100;rewrite/configs/aarch64/frozen.config;header_closure=rewrite/metadata/header_closure.tsv;selected=PENDING_REVIEW	425f94c2954b1fe80ebdbf9b29854e89750355df	3e1dbcffdc528f998e98ebd455723af10e20231caede3d4091c9ff69d7ea4b32	05f1654b63cfaaf1efbb001cd9ec5ccb65b8e73c5c0b5f3e48e93b45f16463b3	0123af9e96b58af4e98b91a2de5608d36b63c67864b9041d3340587f3dbe40d2	cfa8dcf0d81c408de38d4202fe1ce9d9e5e301d1e67439c9530da94b1e64ee3f	7484d7b0dd80f45e18d726b04752827fe28555cc5c1af0e127948380e6688abf
semantic-proposal-v1	SC1-547af0e6b33df7b63ce190e6264a9288a60fce8818d65ae9fd13a575ffd5d08d	S016234	2	P01	SYMBOLS.tsv	381432	status	aarch64	include/uapi/linux/major.h	operative_macro	I2O_MAJOR	100	PENDING_REVIEW			vendor/linux/include/uapi/linux/major.h;vendor/linux/include/uapi/linux/major.h:100;rewrite/configs/aarch64/frozen.config;header_closure=rewrite/metadata/header_closure.tsv;selected=PENDING_REVIEW	425f94c2954b1fe80ebdbf9b29854e89750355df	3e1dbcffdc528f998e98ebd455723af10e20231caede3d4091c9ff69d7ea4b32	05f1654b63cfaaf1efbb001cd9ec5ccb65b8e73c5c0b5f3e48e93b45f16463b3	0123af9e96b58af4e98b91a2de5608d36b63c67864b9041d3340587f3dbe40d2	cfa8dcf0d81c408de38d4202fe1ce9d9e5e301d1e67439c9530da94b1e64ee3f	7484d7b0dd80f45e18d726b04752827fe28555cc5c1af0e127948380e6688abf
semantic-proposal-v1	SC1-f5a4dcb6820b2799d0be15e626eb7bd40e9fe52556429532972d5aa6326314f1	S016234	2	P01	SYMBOLS.tsv	381433	selection_expression	aarch64	include/uapi/linux/major.h	operative_macro	SHMIQ_MAJOR	102	PENDING_REVIEW			vendor/linux/include/uapi/linux/major.h;vendor/linux/include/uapi/linux/major.h:102;rewrite/configs/aarch64/frozen.config;header_closure=rewrite/metadata/header_closure.tsv;selected=PENDING_REVIEW	425f94c2954b1fe80ebdbf9b29854e89750355df	3e1dbcffdc528f998e98ebd455723af10e20231caede3d4091c9ff69d7ea4b32	05f1654b63cfaaf1efbb001cd9ec5ccb65b8e73c5c0b5f3e48e93b45f16463b3	0123af9e96b58af4e98b91a2de5608d36b63c67864b9041d3340587f3dbe40d2	cfa8dcf0d81c408de38d4202fe1ce9d9e5e301d1e67439c9530da94b1e64ee3f	7484d7b0dd80f45e18d726b04752827fe28555cc5c1af0e127948380e6688abf
semantic-proposal-v1	SC1-4f4a556dbdabcdc6257385fb4f0013cdde46a59281b4e1cc398d26f10974d7db	S016234	2	P01	SYMBOLS.tsv	381433	status	aarch64	include/uapi/linux/major.h	operative_macro	SHMIQ_MAJOR	102	PENDING_REVIEW			vendor/linux/include/uapi/linux/major.h;vendor/linux/include/uapi/linux/major.h:102;rewrite/configs/aarch64/frozen.config;header_closure=rewrite/metadata/header_closure.tsv;selected=PENDING_REVIEW	425f94c2954b1fe80ebdbf9b29854e89750355df	3e1dbcffdc528f998e98ebd455723af10e20231caede3d4091c9ff69d7ea4b32	05f1654b63cfaaf1efbb001cd9ec5ccb65b8e73c5c0b5f3e48e93b45f16463b3	0123af9e96b58af4e98b91a2de5608d36b63c67864b9041d3340587f3dbe40d2	cfa8dcf0d81c408de38d4202fe1ce9d9e5e301d1e67439c9530da94b1e64ee3f	7484d7b0dd80f45e18d726b04752827fe28555cc5c1af0e127948380e6688abf
semantic-proposal-v1	SC1-297d4fb198e452037c7e4e8e91c5d57803da260c8ed76d11e63d7d8bdee17b12	S016234	2	P01	SYMBOLS.tsv	381434	selection_expression	aarch64	include/uapi/linux/major.h	operative_macro	SCSI_CHANGER_MAJOR	103	PENDING_REVIEW			vendor/linux/include/uapi/linux/major.h;vendor/linux/include/uapi/linux/major.h:103;rewrite/configs/aarch64/frozen.config;header_closure=rewrite/metadata/header_closure.tsv;selected=PENDING_REVIEW	425f94c2954b1fe80ebdbf9b29854e89750355df	3e1dbcffdc528f998e98ebd455723af10e20231caede3d4091c9ff69d7ea4b32	05f1654b63cfaaf1efbb001cd9ec5ccb65b8e73c5c0b5f3e48e93b45f16463b3	0123af9e96b58af4e98b91a2de5608d36b63c67864b9041d3340587f3dbe40d2	cfa8dcf0d81c408de38d4202fe1ce9d9e5e301d1e67439c9530da94b1e64ee3f	7484d7b0dd80f45e18d726b04752827fe28555cc5c1af0e127948380e6688abf
semantic-proposal-v1	SC1-fb6283a197fe937cfe6904fd8c2d8866921cc3a7e376a9dbcf722c05d9e9aad0	S016234	2	P01	SYMBOLS.tsv	381434	status	aarch64	include/uapi/linux/major.h	operative_macro	SCSI_CHANGER_MAJOR	103	PENDING_REVIEW			vendor/linux/include/uapi/linux/major.h;vendor/linux/include/uapi/linux/major.h:103;rewrite/configs/aarch64/frozen.config;header_closure=rewrite/metadata/header_closure.tsv;selected=PENDING_REVIEW	425f94c2954b1fe80ebdbf9b29854e89750355df	3e1dbcffdc528f998e98ebd455723af10e20231caede3d4091c9ff69d7ea4b32	05f1654b63cfaaf1efbb001cd9ec5ccb65b8e73c5c0b5f3e48e93b45f16463b3	0123af9e96b58af4e98b91a2de5608d36b63c67864b9041d3340587f3dbe40d2	cfa8dcf0d81c408de38d4202fe1ce9d9e5e301d1e67439c9530da94b1e64ee3f	7484d7b0dd80f45e18d726b04752827fe28555cc5c1af0e127948380e6688abf
semantic-proposal-v1	SC1-c8f1ff372a598d8296ac725ca620da6174e3203c3ebc012c086be7313e5ec3dd	S016234	2	P01	SYMBOLS.tsv	381435	selection_expression	aarch64	include/uapi/linux/major.h	operative_macro	IDE6_MAJOR	105	PENDING_REVIEW			vendor/linux/include/uapi/linux/major.h;vendor/linux/include/uapi/linux/major.h:105;rewrite/configs/aarch64/frozen.config;header_closure=rewrite/metadata/header_closure.tsv;selected=PENDING_REVIEW	425f94c2954b1fe80ebdbf9b29854e89750355df	3e1dbcffdc528f998e98ebd455723af10e20231caede3d4091c9ff69d7ea4b32	05f1654b63cfaaf1efbb001cd9ec5ccb65b8e73c5c0b5f3e48e93b45f16463b3	0123af9e96b58af4e98b91a2de5608d36b63c67864b9041d3340587f3dbe40d2	cfa8dcf0d81c408de38d4202fe1ce9d9e5e301d1e67439c9530da94b1e64ee3f	7484d7b0dd80f45e18d726b04752827fe28555cc5c1af0e127948380e6688abf
semantic-proposal-v1	SC1-491143df45693509ce82fc8c872727a75d0b4b5a0bb18f2c79d1616a4e6e4a47	S016234	2	P01	SYMBOLS.tsv	381435	status	aarch64	include/uapi/linux/major.h	operative_macro	IDE6_MAJOR	105	PENDING_REVIEW			vendor/linux/include/uapi/linux/major.h;vendor/linux/include/uapi/linux/major.h:105;rewrite/configs/aarch64/frozen.config;header_closure=rewrite/metadata/header_closure.tsv;selected=PENDING_REVIEW	425f94c2954b1fe80ebdbf9b29854e89750355df	3e1dbcffdc528f998e98ebd455723af10e20231caede3d4091c9ff69d7ea4b32	05f1654b63cfaaf1efbb001cd9ec5ccb65b8e73c5c0b5f3e48e93b45f16463b3	0123af9e96b58af4e98b91a2de5608d36b63c67864b9041d3340587f3dbe40d2	cfa8dcf0d81c408de38d4202fe1ce9d9e5e301d1e67439c9530da94b1e64ee3f	7484d7b0dd80f45e18d726b04752827fe28555cc5c1af0e127948380e6688abf
semantic-proposal-v1	SC1-23a8bf8f84a2c3527aee34d2bff09699d3589498b8da9c72c47923fe7e25d85d	S016234	2	P01	SYMBOLS.tsv	381436	selection_expression	aarch64	include/uapi/linux/major.h	operative_macro	IDE7_MAJOR	106	PENDING_REVIEW			vendor/linux/include/uapi/linux/major.h;vendor/linux/include/uapi/linux/major.h:106;rewrite/configs/aarch64/frozen.config;header_closure=rewrite/metadata/header_closure.tsv;selected=PENDING_REVIEW	425f94c2954b1fe80ebdbf9b29854e89750355df	3e1dbcffdc528f998e98ebd455723af10e20231caede3d4091c9ff69d7ea4b32	05f1654b63cfaaf1efbb001cd9ec5ccb65b8e73c5c0b5f3e48e93b45f16463b3	0123af9e96b58af4e98b91a2de5608d36b63c67864b9041d3340587f3dbe40d2	cfa8dcf0d81c408de38d4202fe1ce9d9e5e301d1e67439c9530da94b1e64ee3f	7484d7b0dd80f45e18d726b04752827fe28555cc5c1af0e127948380e6688abf
semantic-proposal-v1	SC1-94e421b93ae6e8bc038f88bc203b20a3d5788777a5b0c6e385f98ae3855cb55a	S016234	2	P01	SYMBOLS.tsv	381436	status	aarch64	include/uapi/linux/major.h	operative_macro	IDE7_MAJOR	106	PENDING_REVIEW			vendor/linux/include/uapi/linux/major.h;vendor/linux/include/uapi/linux/major.h:106;rewrite/configs/aarch64/frozen.config;header_closure=rewrite/metadata/header_closure.tsv;selected=PENDING_REVIEW	425f94c2954b1fe80ebdbf9b29854e89750355df	3e1dbcffdc528f998e98ebd455723af10e20231caede3d4091c9ff69d7ea4b32	05f1654b63cfaaf1efbb001cd9ec5ccb65b8e73c5c0b5f3e48e93b45f16463b3	0123af9e96b58af4e98b91a2de5608d36b63c67864b9041d3340587f3dbe40d2	cfa8dcf0d81c408de38d4202fe1ce9d9e5e301d1e67439c9530da94b1e64ee3f	7484d7b0dd80f45e18d726b04752827fe28555cc5c1af0e127948380e6688abf
semantic-proposal-v1	SC1-cfc1552e1e4a265d7ce6fbd427ccd595a4366005f734442524e5417ab4926875	S016234	2	P01	SYMBOLS.tsv	381437	selection_expression	aarch64	include/uapi/linux/major.h	operative_macro	IDE8_MAJOR	107	PENDING_REVIEW			vendor/linux/include/uapi/linux/major.h;vendor/linux/include/uapi/linux/major.h:107;rewrite/configs/aarch64/frozen.config;header_closure=rewrite/metadata/header_closure.tsv;selected=PENDING_REVIEW	425f94c2954b1fe80ebdbf9b29854e89750355df	3e1dbcffdc528f998e98ebd455723af10e20231caede3d4091c9ff69d7ea4b32	05f1654b63cfaaf1efbb001cd9ec5ccb65b8e73c5c0b5f3e48e93b45f16463b3	0123af9e96b58af4e98b91a2de5608d36b63c67864b9041d3340587f3dbe40d2	cfa8dcf0d81c408de38d4202fe1ce9d9e5e301d1e67439c9530da94b1e64ee3f	7484d7b0dd80f45e18d726b04752827fe28555cc5c1af0e127948380e6688abf
semantic-proposal-v1	SC1-f1af15fd66840694445ce791964b1cf22445a4da42406dca37701309fc17cb4e	S016234	2	P01	SYMBOLS.tsv	381437	status	aarch64	include/uapi/linux/major.h	operative_macro	IDE8_MAJOR	107	PENDING_REVIEW			vendor/linux/include/uapi/linux/major.h;vendor/linux/include/uapi/linux/major.h:107;rewrite/configs/aarch64/frozen.config;header_closure=rewrite/metadata/header_closure.tsv;selected=PENDING_REVIEW	425f94c2954b1fe80ebdbf9b29854e89750355df	3e1dbcffdc528f998e98ebd455723af10e20231caede3d4091c9ff69d7ea4b32	05f1654b63cfaaf1efbb001cd9ec5ccb65b8e73c5c0b5f3e48e93b45f16463b3	0123af9e96b58af4e98b91a2de5608d36b63c67864b9041d3340587f3dbe40d2	cfa8dcf0d81c408de38d4202fe1ce9d9e5e301d1e67439c9530da94b1e64ee3f	7484d7b0dd80f45e18d726b04752827fe28555cc5c1af0e127948380e6688abf
semantic-proposal-v1	SC1-eb33aacb26505965c0c5e6171d5769b9c70bff1aef6cb7e6fe7b38e57ff38004	S016234	2	P01	SYMBOLS.tsv	381438	selection_expression	aarch64	include/uapi/linux/major.h	operative_macro	MTD_CHAR_MAJOR	108	PENDING_REVIEW			vendor/linux/include/uapi/linux/major.h;vendor/linux/include/uapi/linux/major.h:108;rewrite/configs/aarch64/frozen.config;header_closure=rewrite/metadata/header_closure.tsv;selected=PENDING_REVIEW	425f94c2954b1fe80ebdbf9b29854e89750355df	3e1dbcffdc528f998e98ebd455723af10e20231caede3d4091c9ff69d7ea4b32	05f1654b63cfaaf1efbb001cd9ec5ccb65b8e73c5c0b5f3e48e93b45f16463b3	0123af9e96b58af4e98b91a2de5608d36b63c67864b9041d3340587f3dbe40d2	cfa8dcf0d81c408de38d4202fe1ce9d9e5e301d1e67439c9530da94b1e64ee3f	7484d7b0dd80f45e18d726b04752827fe28555cc5c1af0e127948380e6688abf
semantic-proposal-v1	SC1-40f07e25b216289752ebc1a71f174daf228a2a7205b423e79ea6ebb46964faa1	S016234	2	P01	SYMBOLS.tsv	381438	status	aarch64	include/uapi/linux/major.h	operative_macro	MTD_CHAR_MAJOR	108	PENDING_REVIEW			vendor/linux/include/uapi/linux/major.h;vendor/linux/include/uapi/linux/major.h:108;rewrite/configs/aarch64/frozen.config;header_closure=rewrite/metadata/header_closure.tsv;selected=PENDING_REVIEW	425f94c2954b1fe80ebdbf9b29854e89750355df	3e1dbcffdc528f998e98ebd455723af10e20231caede3d4091c9ff69d7ea4b32	05f1654b63cfaaf1efbb001cd9ec5ccb65b8e73c5c0b5f3e48e93b45f16463b3	0123af9e96b58af4e98b91a2de5608d36b63c67864b9041d3340587f3dbe40d2	cfa8dcf0d81c408de38d4202fe1ce9d9e5e301d1e67439c9530da94b1e64ee3f	7484d7b0dd80f45e18d726b04752827fe28555cc5c1af0e127948380e6688abf
semantic-proposal-v1	SC1-f692d6ccbc455d647e488ccc6eee0e260e22fa711a65396ec02c005035cfc9ff	S016234	2	P01	SYMBOLS.tsv	381439	selection_expression	aarch64	include/uapi/linux/major.h	operative_macro	IDE9_MAJOR	109	PENDING_REVIEW			vendor/linux/include/uapi/linux/major.h;vendor/linux/include/uapi/linux/major.h:109;rewrite/configs/aarch64/frozen.config;header_closure=rewrite/metadata/header_closure.tsv;selected=PENDING_REVIEW	425f94c2954b1fe80ebdbf9b29854e89750355df	3e1dbcffdc528f998e98ebd455723af10e20231caede3d4091c9ff69d7ea4b32	05f1654b63cfaaf1efbb001cd9ec5ccb65b8e73c5c0b5f3e48e93b45f16463b3	0123af9e96b58af4e98b91a2de5608d36b63c67864b9041d3340587f3dbe40d2	cfa8dcf0d81c408de38d4202fe1ce9d9e5e301d1e67439c9530da94b1e64ee3f	7484d7b0dd80f45e18d726b04752827fe28555cc5c1af0e127948380e6688abf
semantic-proposal-v1	SC1-e577ea066280d247ed6ecbb3f213777805f4178487a31019d4a17b04c82b64bd	S016234	2	P01	SYMBOLS.tsv	381439	status	aarch64	include/uapi/linux/major.h	operative_macro	IDE9_MAJOR	109	PENDING_REVIEW			vendor/linux/include/uapi/linux/major.h;vendor/linux/include/uapi/linux/major.h:109;rewrite/configs/aarch64/frozen.config;header_closure=rewrite/metadata/header_closure.tsv;selected=PENDING_REVIEW	425f94c2954b1fe80ebdbf9b29854e89750355df	3e1dbcffdc528f998e98ebd455723af10e20231caede3d4091c9ff69d7ea4b32	05f1654b63cfaaf1efbb001cd9ec5ccb65b8e73c5c0b5f3e48e93b45f16463b3	0123af9e96b58af4e98b91a2de5608d36b63c67864b9041d3340587f3dbe40d2	cfa8dcf0d81c408de38d4202fe1ce9d9e5e301d1e67439c9530da94b1e64ee3f	7484d7b0dd80f45e18d726b04752827fe28555cc5c1af0e127948380e6688abf
semantic-proposal-v1	SC1-8f92b62fe77f661ae7afe868be4e7d9265d28a93cf298aad5164db72191ad4b7	S016234	2	P01	SYMBOLS.tsv	381440	selection_expression	aarch64	include/uapi/linux/major.h	operative_macro	DASD_MAJOR	111	PENDING_REVIEW			vendor/linux/include/uapi/linux/major.h;vendor/linux/include/uapi/linux/major.h:111;rewrite/configs/aarch64/frozen.config;header_closure=rewrite/metadata/header_closure.tsv;selected=PENDING_REVIEW	425f94c2954b1fe80ebdbf9b29854e89750355df	3e1dbcffdc528f998e98ebd455723af10e20231caede3d4091c9ff69d7ea4b32	05f1654b63cfaaf1efbb001cd9ec5ccb65b8e73c5c0b5f3e48e93b45f16463b3	0123af9e96b58af4e98b91a2de5608d36b63c67864b9041d3340587f3dbe40d2	cfa8dcf0d81c408de38d4202fe1ce9d9e5e301d1e67439c9530da94b1e64ee3f	7484d7b0dd80f45e18d726b04752827fe28555cc5c1af0e127948380e6688abf
semantic-proposal-v1	SC1-a9c5d68157dbbb4231b4c88a79b90d36cb80d1662a57fdcabaa6c31549fb7511	S016234	2	P01	SYMBOLS.tsv	381440	status	aarch64	include/uapi/linux/major.h	operative_macro	DASD_MAJOR	111	PENDING_REVIEW			vendor/linux/include/uapi/linux/major.h;vendor/linux/include/uapi/linux/major.h:111;rewrite/configs/aarch64/frozen.config;header_closure=rewrite/metadata/header_closure.tsv;selected=PENDING_REVIEW	425f94c2954b1fe80ebdbf9b29854e89750355df	3e1dbcffdc528f998e98ebd455723af10e20231caede3d4091c9ff69d7ea4b32	05f1654b63cfaaf1efbb001cd9ec5ccb65b8e73c5c0b5f3e48e93b45f16463b3	0123af9e96b58af4e98b91a2de5608d36b63c67864b9041d3340587f3dbe40d2	cfa8dcf0d81c408de38d4202fe1ce9d9e5e301d1e67439c9530da94b1e64ee3f	7484d7b0dd80f45e18d726b04752827fe28555cc5c1af0e127948380e6688abf
semantic-proposal-v1	SC1-cb05888e961afbf51715d011f8065294f91b1ce4fc4dcd588de0683684c5dbef	S016234	2	P01	SYMBOLS.tsv	381441	selection_expression	aarch64	include/uapi/linux/major.h	operative_macro	MDISK_MAJOR	113	PENDING_REVIEW			vendor/linux/include/uapi/linux/major.h;vendor/linux/include/uapi/linux/major.h:113;rewrite/configs/aarch64/frozen.config;header_closure=rewrite/metadata/header_closure.tsv;selected=PENDING_REVIEW	425f94c2954b1fe80ebdbf9b29854e89750355df	3e1dbcffdc528f998e98ebd455723af10e20231caede3d4091c9ff69d7ea4b32	05f1654b63cfaaf1efbb001cd9ec5ccb65b8e73c5c0b5f3e48e93b45f16463b3	0123af9e96b58af4e98b91a2de5608d36b63c67864b9041d3340587f3dbe40d2	cfa8dcf0d81c408de38d4202fe1ce9d9e5e301d1e67439c9530da94b1e64ee3f	7484d7b0dd80f45e18d726b04752827fe28555cc5c1af0e127948380e6688abf
semantic-proposal-v1	SC1-5084e1cd2368b46e675000347240f08c72a24cf37ceab0a11bd829248a894d3a	S016234	2	P01	SYMBOLS.tsv	381441	status	aarch64	include/uapi/linux/major.h	operative_macro	MDISK_MAJOR	113	PENDING_REVIEW			vendor/linux/include/uapi/linux/major.h;vendor/linux/include/uapi/linux/major.h:113;rewrite/configs/aarch64/frozen.config;header_closure=rewrite/metadata/header_closure.tsv;selected=PENDING_REVIEW	425f94c2954b1fe80ebdbf9b29854e89750355df	3e1dbcffdc528f998e98ebd455723af10e20231caede3d4091c9ff69d7ea4b32	05f1654b63cfaaf1efbb001cd9ec5ccb65b8e73c5c0b5f3e48e93b45f16463b3	0123af9e96b58af4e98b91a2de5608d36b63c67864b9041d3340587f3dbe40d2	cfa8dcf0d81c408de38d4202fe1ce9d9e5e301d1e67439c9530da94b1e64ee3f	7484d7b0dd80f45e18d726b04752827fe28555cc5c1af0e127948380e6688abf
semantic-proposal-v1	SC1-42c2efb95bcc9d7efbb0411dad8649a5062f54c3292d676568d3fef7a8fd9559	S016234	2	P01	SYMBOLS.tsv	381442	selection_expression	aarch64	include/uapi/linux/major.h	operative_macro	UBD_MAJOR	115	PENDING_REVIEW			vendor/linux/include/uapi/linux/major.h;vendor/linux/include/uapi/linux/major.h:115;rewrite/configs/aarch64/frozen.config;header_closure=rewrite/metadata/header_closure.tsv;selected=PENDING_REVIEW	425f94c2954b1fe80ebdbf9b29854e89750355df	3e1dbcffdc528f998e98ebd455723af10e20231caede3d4091c9ff69d7ea4b32	05f1654b63cfaaf1efbb001cd9ec5ccb65b8e73c5c0b5f3e48e93b45f16463b3	0123af9e96b58af4e98b91a2de5608d36b63c67864b9041d3340587f3dbe40d2	cfa8dcf0d81c408de38d4202fe1ce9d9e5e301d1e67439c9530da94b1e64ee3f	7484d7b0dd80f45e18d726b04752827fe28555cc5c1af0e127948380e6688abf
semantic-proposal-v1	SC1-8b94baa7f59695d1971beeb451dfc2d2cf543b7b661df2c5b2d72cf9e78362b5	S016234	2	P01	SYMBOLS.tsv	381442	status	aarch64	include/uapi/linux/major.h	operative_macro	UBD_MAJOR	115	PENDING_REVIEW			vendor/linux/include/uapi/linux/major.h;vendor/linux/include/uapi/linux/major.h:115;rewrite/configs/aarch64/frozen.config;header_closure=rewrite/metadata/header_closure.tsv;selected=PENDING_REVIEW	425f94c2954b1fe80ebdbf9b29854e89750355df	3e1dbcffdc528f998e98ebd455723af10e20231caede3d4091c9ff69d7ea4b32	05f1654b63cfaaf1efbb001cd9ec5ccb65b8e73c5c0b5f3e48e93b45f16463b3	0123af9e96b58af4e98b91a2de5608d36b63c67864b9041d3340587f3dbe40d2	cfa8dcf0d81c408de38d4202fe1ce9d9e5e301d1e67439c9530da94b1e64ee3f	7484d7b0dd80f45e18d726b04752827fe28555cc5c1af0e127948380e6688abf
semantic-proposal-v1	SC1-b24bee7cdac5563b7db9728e8688a4f5bccb754e8faa16b74bb206844ee4cbd1	S016234	2	P01	SYMBOLS.tsv	381443	selection_expression	aarch64	include/uapi/linux/major.h	operative_macro	PP_MAJOR	117	PENDING_REVIEW			vendor/linux/include/uapi/linux/major.h;vendor/linux/include/uapi/linux/major.h:117;rewrite/configs/aarch64/frozen.config;header_closure=rewrite/metadata/header_closure.tsv;selected=PENDING_REVIEW	425f94c2954b1fe80ebdbf9b29854e89750355df	3e1dbcffdc528f998e98ebd455723af10e20231caede3d4091c9ff69d7ea4b32	05f1654b63cfaaf1efbb001cd9ec5ccb65b8e73c5c0b5f3e48e93b45f16463b3	0123af9e96b58af4e98b91a2de5608d36b63c67864b9041d3340587f3dbe40d2	cfa8dcf0d81c408de38d4202fe1ce9d9e5e301d1e67439c9530da94b1e64ee3f	7484d7b0dd80f45e18d726b04752827fe28555cc5c1af0e127948380e6688abf
semantic-proposal-v1	SC1-1fbdb45915242fcac9942f055f7b90834a7a9de9b14be936b0da9557e5a346da	S016234	2	P01	SYMBOLS.tsv	381443	status	aarch64	include/uapi/linux/major.h	operative_macro	PP_MAJOR	117	PENDING_REVIEW			vendor/linux/include/uapi/linux/major.h;vendor/linux/include/uapi/linux/major.h:117;rewrite/configs/aarch64/frozen.config;header_closure=rewrite/metadata/header_closure.tsv;selected=PENDING_REVIEW	425f94c2954b1fe80ebdbf9b29854e89750355df	3e1dbcffdc528f998e98ebd455723af10e20231caede3d4091c9ff69d7ea4b32	05f1654b63cfaaf1efbb001cd9ec5ccb65b8e73c5c0b5f3e48e93b45f16463b3	0123af9e96b58af4e98b91a2de5608d36b63c67864b9041d3340587f3dbe40d2	cfa8dcf0d81c408de38d4202fe1ce9d9e5e301d1e67439c9530da94b1e64ee3f	7484d7b0dd80f45e18d726b04752827fe28555cc5c1af0e127948380e6688abf
semantic-proposal-v1	SC1-2bd8ef5f1de713d728006b11190a6971419c4bef16934f174460cc624a34d6cb	S016234	2	P01	SYMBOLS.tsv	381444	selection_expression	aarch64	include/uapi/linux/major.h	operative_macro	JSFD_MAJOR	118	PENDING_REVIEW			vendor/linux/include/uapi/linux/major.h;vendor/linux/include/uapi/linux/major.h:118;rewrite/configs/aarch64/frozen.config;header_closure=rewrite/metadata/header_closure.tsv;selected=PENDING_REVIEW	425f94c2954b1fe80ebdbf9b29854e89750355df	3e1dbcffdc528f998e98ebd455723af10e20231caede3d4091c9ff69d7ea4b32	05f1654b63cfaaf1efbb001cd9ec5ccb65b8e73c5c0b5f3e48e93b45f16463b3	0123af9e96b58af4e98b91a2de5608d36b63c67864b9041d3340587f3dbe40d2	cfa8dcf0d81c408de38d4202fe1ce9d9e5e301d1e67439c9530da94b1e64ee3f	7484d7b0dd80f45e18d726b04752827fe28555cc5c1af0e127948380e6688abf
semantic-proposal-v1	SC1-aec532c62dbf0472fb57d08ee3817d543d25ddbd41a1af2e3cea5f240cf622eb	S016234	2	P01	SYMBOLS.tsv	381444	status	aarch64	include/uapi/linux/major.h	operative_macro	JSFD_MAJOR	118	PENDING_REVIEW			vendor/linux/include/uapi/linux/major.h;vendor/linux/include/uapi/linux/major.h:118;rewrite/configs/aarch64/frozen.config;header_closure=rewrite/metadata/header_closure.tsv;selected=PENDING_REVIEW	425f94c2954b1fe80ebdbf9b29854e89750355df	3e1dbcffdc528f998e98ebd455723af10e20231caede3d4091c9ff69d7ea4b32	05f1654b63cfaaf1efbb001cd9ec5ccb65b8e73c5c0b5f3e48e93b45f16463b3	0123af9e96b58af4e98b91a2de5608d36b63c67864b9041d3340587f3dbe40d2	cfa8dcf0d81c408de38d4202fe1ce9d9e5e301d1e67439c9530da94b1e64ee3f	7484d7b0dd80f45e18d726b04752827fe28555cc5c1af0e127948380e6688abf
semantic-proposal-v1	SC1-d8492f5dd50aef7b1d1433eadda28dc459292defaf2501a5284762fbfe32b26d	S016234	2	P01	SYMBOLS.tsv	381445	selection_expression	aarch64	include/uapi/linux/major.h	operative_macro	PHONE_MAJOR	120	PENDING_REVIEW			vendor/linux/include/uapi/linux/major.h;vendor/linux/include/uapi/linux/major.h:120;rewrite/configs/aarch64/frozen.config;header_closure=rewrite/metadata/header_closure.tsv;selected=PENDING_REVIEW	425f94c2954b1fe80ebdbf9b29854e89750355df	3e1dbcffdc528f998e98ebd455723af10e20231caede3d4091c9ff69d7ea4b32	05f1654b63cfaaf1efbb001cd9ec5ccb65b8e73c5c0b5f3e48e93b45f16463b3	0123af9e96b58af4e98b91a2de5608d36b63c67864b9041d3340587f3dbe40d2	cfa8dcf0d81c408de38d4202fe1ce9d9e5e301d1e67439c9530da94b1e64ee3f	7484d7b0dd80f45e18d726b04752827fe28555cc5c1af0e127948380e6688abf
semantic-proposal-v1	SC1-ff0cd01342ebfb7e899afcd22d217621567f7c0c245faa42efd7a8ada0234d77	S016234	2	P01	SYMBOLS.tsv	381445	status	aarch64	include/uapi/linux/major.h	operative_macro	PHONE_MAJOR	120	PENDING_REVIEW			vendor/linux/include/uapi/linux/major.h;vendor/linux/include/uapi/linux/major.h:120;rewrite/configs/aarch64/frozen.config;header_closure=rewrite/metadata/header_closure.tsv;selected=PENDING_REVIEW	425f94c2954b1fe80ebdbf9b29854e89750355df	3e1dbcffdc528f998e98ebd455723af10e20231caede3d4091c9ff69d7ea4b32	05f1654b63cfaaf1efbb001cd9ec5ccb65b8e73c5c0b5f3e48e93b45f16463b3	0123af9e96b58af4e98b91a2de5608d36b63c67864b9041d3340587f3dbe40d2	cfa8dcf0d81c408de38d4202fe1ce9d9e5e301d1e67439c9530da94b1e64ee3f	7484d7b0dd80f45e18d726b04752827fe28555cc5c1af0e127948380e6688abf
semantic-proposal-v1	SC1-ed241cc57f85645854b6fc353515c95e8622c4a42b785a9b87496ea768b88f38	S016234	2	P01	SYMBOLS.tsv	381446	selection_expression	aarch64	include/uapi/linux/major.h	operative_macro	COMPAQ_CISS_MAJOR	122	PENDING_REVIEW			vendor/linux/include/uapi/linux/major.h;vendor/linux/include/uapi/linux/major.h:122;rewrite/configs/aarch64/frozen.config;header_closure=rewrite/metadata/header_closure.tsv;selected=PENDING_REVIEW	425f94c2954b1fe80ebdbf9b29854e89750355df	3e1dbcffdc528f998e98ebd455723af10e20231caede3d4091c9ff69d7ea4b32	05f1654b63cfaaf1efbb001cd9ec5ccb65b8e73c5c0b5f3e48e93b45f16463b3	0123af9e96b58af4e98b91a2de5608d36b63c67864b9041d3340587f3dbe40d2	cfa8dcf0d81c408de38d4202fe1ce9d9e5e301d1e67439c9530da94b1e64ee3f	7484d7b0dd80f45e18d726b04752827fe28555cc5c1af0e127948380e6688abf
semantic-proposal-v1	SC1-f43ebbe14597809152aecf721f11cabe0507f8bcd44986d715a799c277d3ac7b	S016234	2	P01	SYMBOLS.tsv	381446	status	aarch64	include/uapi/linux/major.h	operative_macro	COMPAQ_CISS_MAJOR	122	PENDING_REVIEW			vendor/linux/include/uapi/linux/major.h;vendor/linux/include/uapi/linux/major.h:122;rewrite/configs/aarch64/frozen.config;header_closure=rewrite/metadata/header_closure.tsv;selected=PENDING_REVIEW	425f94c2954b1fe80ebdbf9b29854e89750355df	3e1dbcffdc528f998e98ebd455723af10e20231caede3d4091c9ff69d7ea4b32	05f1654b63cfaaf1efbb001cd9ec5ccb65b8e73c5c0b5f3e48e93b45f16463b3	0123af9e96b58af4e98b91a2de5608d36b63c67864b9041d3340587f3dbe40d2	cfa8dcf0d81c408de38d4202fe1ce9d9e5e301d1e67439c9530da94b1e64ee3f	7484d7b0dd80f45e18d726b04752827fe28555cc5c1af0e127948380e6688abf
semantic-proposal-v1	SC1-df9f2b00c8cf31ad4338f01124d532be4bddd803ee9b720fce7ad11ef09e94b8	S016234	2	P01	SYMBOLS.tsv	381447	selection_expression	aarch64	include/uapi/linux/major.h	operative_macro	COMPAQ_CISS_MAJOR1	123	PENDING_REVIEW			vendor/linux/include/uapi/linux/major.h;vendor/linux/include/uapi/linux/major.h:123;rewrite/configs/aarch64/frozen.config;header_closure=rewrite/metadata/header_closure.tsv;selected=PENDING_REVIEW	425f94c2954b1fe80ebdbf9b29854e89750355df	3e1dbcffdc528f998e98ebd455723af10e20231caede3d4091c9ff69d7ea4b32	05f1654b63cfaaf1efbb001cd9ec5ccb65b8e73c5c0b5f3e48e93b45f16463b3	0123af9e96b58af4e98b91a2de5608d36b63c67864b9041d3340587f3dbe40d2	cfa8dcf0d81c408de38d4202fe1ce9d9e5e301d1e67439c9530da94b1e64ee3f	7484d7b0dd80f45e18d726b04752827fe28555cc5c1af0e127948380e6688abf
semantic-proposal-v1	SC1-3bac957d54d64e8d7499dee4fccb6443b2b14fb6e2b77f9842e40db6802e57e3	S016234	2	P01	SYMBOLS.tsv	381447	status	aarch64	include/uapi/linux/major.h	operative_macro	COMPAQ_CISS_MAJOR1	123	PENDING_REVIEW			vendor/linux/include/uapi/linux/major.h;vendor/linux/include/uapi/linux/major.h:123;rewrite/configs/aarch64/frozen.config;header_closure=rewrite/metadata/header_closure.tsv;selected=PENDING_REVIEW	425f94c2954b1fe80ebdbf9b29854e89750355df	3e1dbcffdc528f998e98ebd455723af10e20231caede3d4091c9ff69d7ea4b32	05f1654b63cfaaf1efbb001cd9ec5ccb65b8e73c5c0b5f3e48e93b45f16463b3	0123af9e96b58af4e98b91a2de5608d36b63c67864b9041d3340587f3dbe40d2	cfa8dcf0d81c408de38d4202fe1ce9d9e5e301d1e67439c9530da94b1e64ee3f	7484d7b0dd80f45e18d726b04752827fe28555cc5c1af0e127948380e6688abf
semantic-proposal-v1	SC1-fa81c8bce46512ed44ed181d1f44acb353edab986a32f7034d91a0328992e187	S016234	2	P01	SYMBOLS.tsv	381448	selection_expression	aarch64	include/uapi/linux/major.h	operative_macro	COMPAQ_CISS_MAJOR2	124	PENDING_REVIEW			vendor/linux/include/uapi/linux/major.h;vendor/linux/include/uapi/linux/major.h:124;rewrite/configs/aarch64/frozen.config;header_closure=rewrite/metadata/header_closure.tsv;selected=PENDING_REVIEW	425f94c2954b1fe80ebdbf9b29854e89750355df	3e1dbcffdc528f998e98ebd455723af10e20231caede3d4091c9ff69d7ea4b32	05f1654b63cfaaf1efbb001cd9ec5ccb65b8e73c5c0b5f3e48e93b45f16463b3	0123af9e96b58af4e98b91a2de5608d36b63c67864b9041d3340587f3dbe40d2	cfa8dcf0d81c408de38d4202fe1ce9d9e5e301d1e67439c9530da94b1e64ee3f	7484d7b0dd80f45e18d726b04752827fe28555cc5c1af0e127948380e6688abf
semantic-proposal-v1	SC1-722327407dbd4ad6c7a9abcae4cc66086008466dc7b4822815fb6e65a83da4cb	S016234	2	P01	SYMBOLS.tsv	381448	status	aarch64	include/uapi/linux/major.h	operative_macro	COMPAQ_CISS_MAJOR2	124	PENDING_REVIEW			vendor/linux/include/uapi/linux/major.h;vendor/linux/include/uapi/linux/major.h:124;rewrite/configs/aarch64/frozen.config;header_closure=rewrite/metadata/header_closure.tsv;selected=PENDING_REVIEW	425f94c2954b1fe80ebdbf9b29854e89750355df	3e1dbcffdc528f998e98ebd455723af10e20231caede3d4091c9ff69d7ea4b32	05f1654b63cfaaf1efbb001cd9ec5ccb65b8e73c5c0b5f3e48e93b45f16463b3	0123af9e96b58af4e98b91a2de5608d36b63c67864b9041d3340587f3dbe40d2	cfa8dcf0d81c408de38d4202fe1ce9d9e5e301d1e67439c9530da94b1e64ee3f	7484d7b0dd80f45e18d726b04752827fe28555cc5c1af0e127948380e6688abf
semantic-proposal-v1	SC1-0fa259548e3d1ae4e2cb887bcf2612b18b4496603f453fc3e4971353c69231fc	S016234	2	P01	SYMBOLS.tsv	381449	selection_expression	aarch64	include/uapi/linux/major.h	operative_macro	COMPAQ_CISS_MAJOR3	125	PENDING_REVIEW			vendor/linux/include/uapi/linux/major.h;vendor/linux/include/uapi/linux/major.h:125;rewrite/configs/aarch64/frozen.config;header_closure=rewrite/metadata/header_closure.tsv;selected=PENDING_REVIEW	425f94c2954b1fe80ebdbf9b29854e89750355df	3e1dbcffdc528f998e98ebd455723af10e20231caede3d4091c9ff69d7ea4b32	05f1654b63cfaaf1efbb001cd9ec5ccb65b8e73c5c0b5f3e48e93b45f16463b3	0123af9e96b58af4e98b91a2de5608d36b63c67864b9041d3340587f3dbe40d2	cfa8dcf0d81c408de38d4202fe1ce9d9e5e301d1e67439c9530da94b1e64ee3f	7484d7b0dd80f45e18d726b04752827fe28555cc5c1af0e127948380e6688abf
semantic-proposal-v1	SC1-6335393113c0f6275576c3c4c8e248468c46747204a9b46299f7d1fdebab90f8	S016234	2	P01	SYMBOLS.tsv	381449	status	aarch64	include/uapi/linux/major.h	operative_macro	COMPAQ_CISS_MAJOR3	125	PENDING_REVIEW			vendor/linux/include/uapi/linux/major.h;vendor/linux/include/uapi/linux/major.h:125;rewrite/configs/aarch64/frozen.config;header_closure=rewrite/metadata/header_closure.tsv;selected=PENDING_REVIEW	425f94c2954b1fe80ebdbf9b29854e89750355df	3e1dbcffdc528f998e98ebd455723af10e20231caede3d4091c9ff69d7ea4b32	05f1654b63cfaaf1efbb001cd9ec5ccb65b8e73c5c0b5f3e48e93b45f16463b3	0123af9e96b58af4e98b91a2de5608d36b63c67864b9041d3340587f3dbe40d2	cfa8dcf0d81c408de38d4202fe1ce9d9e5e301d1e67439c9530da94b1e64ee3f	7484d7b0dd80f45e18d726b04752827fe28555cc5c1af0e127948380e6688abf
semantic-proposal-v1	SC1-e8caa842713b746fd78e0e9adfb1db17e2c9c8700c2753a0ce1185d9d3eb68eb	S016234	2	P01	SYMBOLS.tsv	381450	selection_expression	aarch64	include/uapi/linux/major.h	operative_macro	COMPAQ_CISS_MAJOR4	126	PENDING_REVIEW			vendor/linux/include/uapi/linux/major.h;vendor/linux/include/uapi/linux/major.h:126;rewrite/configs/aarch64/frozen.config;header_closure=rewrite/metadata/header_closure.tsv;selected=PENDING_REVIEW	425f94c2954b1fe80ebdbf9b29854e89750355df	3e1dbcffdc528f998e98ebd455723af10e20231caede3d4091c9ff69d7ea4b32	05f1654b63cfaaf1efbb001cd9ec5ccb65b8e73c5c0b5f3e48e93b45f16463b3	0123af9e96b58af4e98b91a2de5608d36b63c67864b9041d3340587f3dbe40d2	cfa8dcf0d81c408de38d4202fe1ce9d9e5e301d1e67439c9530da94b1e64ee3f	7484d7b0dd80f45e18d726b04752827fe28555cc5c1af0e127948380e6688abf
semantic-proposal-v1	SC1-e16e55e09748f08ba0055154ee5cc4232438321dabd4179a3747bc5828b5eb38	S016234	2	P01	SYMBOLS.tsv	381450	status	aarch64	include/uapi/linux/major.h	operative_macro	COMPAQ_CISS_MAJOR4	126	PENDING_REVIEW			vendor/linux/include/uapi/linux/major.h;vendor/linux/include/uapi/linux/major.h:126;rewrite/configs/aarch64/frozen.config;header_closure=rewrite/metadata/header_closure.tsv;selected=PENDING_REVIEW	425f94c2954b1fe80ebdbf9b29854e89750355df	3e1dbcffdc528f998e98ebd455723af10e20231caede3d4091c9ff69d7ea4b32	05f1654b63cfaaf1efbb001cd9ec5ccb65b8e73c5c0b5f3e48e93b45f16463b3	0123af9e96b58af4e98b91a2de5608d36b63c67864b9041d3340587f3dbe40d2	cfa8dcf0d81c408de38d4202fe1ce9d9e5e301d1e67439c9530da94b1e64ee3f	7484d7b0dd80f45e18d726b04752827fe28555cc5c1af0e127948380e6688abf
semantic-proposal-v1	SC1-86dfa45ee0f42798cbe5ac35325b76e59fa7e9ad8c5abac82a6f556a607fcde1	S016234	2	P01	SYMBOLS.tsv	381451	selection_expression	aarch64	include/uapi/linux/major.h	operative_macro	COMPAQ_CISS_MAJOR5	127	PENDING_REVIEW			vendor/linux/include/uapi/linux/major.h;vendor/linux/include/uapi/linux/major.h:127;rewrite/configs/aarch64/frozen.config;header_closure=rewrite/metadata/header_closure.tsv;selected=PENDING_REVIEW	425f94c2954b1fe80ebdbf9b29854e89750355df	3e1dbcffdc528f998e98ebd455723af10e20231caede3d4091c9ff69d7ea4b32	05f1654b63cfaaf1efbb001cd9ec5ccb65b8e73c5c0b5f3e48e93b45f16463b3	0123af9e96b58af4e98b91a2de5608d36b63c67864b9041d3340587f3dbe40d2	cfa8dcf0d81c408de38d4202fe1ce9d9e5e301d1e67439c9530da94b1e64ee3f	7484d7b0dd80f45e18d726b04752827fe28555cc5c1af0e127948380e6688abf
semantic-proposal-v1	SC1-bfdcc53647a8e40ebeb7dd58f6b2e13ad67ea7c6153f91db26f1f8fe365ad04f	S016234	2	P01	SYMBOLS.tsv	381451	status	aarch64	include/uapi/linux/major.h	operative_macro	COMPAQ_CISS_MAJOR5	127	PENDING_REVIEW			vendor/linux/include/uapi/linux/major.h;vendor/linux/include/uapi/linux/major.h:127;rewrite/configs/aarch64/frozen.config;header_closure=rewrite/metadata/header_closure.tsv;selected=PENDING_REVIEW	425f94c2954b1fe80ebdbf9b29854e89750355df	3e1dbcffdc528f998e98ebd455723af10e20231caede3d4091c9ff69d7ea4b32	05f1654b63cfaaf1efbb001cd9ec5ccb65b8e73c5c0b5f3e48e93b45f16463b3	0123af9e96b58af4e98b91a2de5608d36b63c67864b9041d3340587f3dbe40d2	cfa8dcf0d81c408de38d4202fe1ce9d9e5e301d1e67439c9530da94b1e64ee3f	7484d7b0dd80f45e18d726b04752827fe28555cc5c1af0e127948380e6688abf
semantic-proposal-v1	SC1-bc92834c12c3522664d6206c8437fff3696e51fa090441253c89a2bb1496443b	S016234	2	P01	SYMBOLS.tsv	381452	selection_expression	aarch64	include/uapi/linux/major.h	operative_macro	COMPAQ_CISS_MAJOR6	128	PENDING_REVIEW			vendor/linux/include/uapi/linux/major.h;vendor/linux/include/uapi/linux/major.h:128;rewrite/configs/aarch64/frozen.config;header_closure=rewrite/metadata/header_closure.tsv;selected=PENDING_REVIEW	425f94c2954b1fe80ebdbf9b29854e89750355df	3e1dbcffdc528f998e98ebd455723af10e20231caede3d4091c9ff69d7ea4b32	05f1654b63cfaaf1efbb001cd9ec5ccb65b8e73c5c0b5f3e48e93b45f16463b3	0123af9e96b58af4e98b91a2de5608d36b63c67864b9041d3340587f3dbe40d2	cfa8dcf0d81c408de38d4202fe1ce9d9e5e301d1e67439c9530da94b1e64ee3f	7484d7b0dd80f45e18d726b04752827fe28555cc5c1af0e127948380e6688abf
semantic-proposal-v1	SC1-50a3f24722f6078086ab196b6ce11f931847b804487ef045622a303febe1f40a	S016234	2	P01	SYMBOLS.tsv	381452	status	aarch64	include/uapi/linux/major.h	operative_macro	COMPAQ_CISS_MAJOR6	128	PENDING_REVIEW			vendor/linux/include/uapi/linux/major.h;vendor/linux/include/uapi/linux/major.h:128;rewrite/configs/aarch64/frozen.config;header_closure=rewrite/metadata/header_closure.tsv;selected=PENDING_REVIEW	425f94c2954b1fe80ebdbf9b29854e89750355df	3e1dbcffdc528f998e98ebd455723af10e20231caede3d4091c9ff69d7ea4b32	05f1654b63cfaaf1efbb001cd9ec5ccb65b8e73c5c0b5f3e48e93b45f16463b3	0123af9e96b58af4e98b91a2de5608d36b63c67864b9041d3340587f3dbe40d2	cfa8dcf0d81c408de38d4202fe1ce9d9e5e301d1e67439c9530da94b1e64ee3f	7484d7b0dd80f45e18d726b04752827fe28555cc5c1af0e127948380e6688abf
semantic-proposal-v1	SC1-a87792eb56ae817c4b103b3214c8bd53cad4b32a502af98847aa27d04c1de2e0	S016234	2	P01	SYMBOLS.tsv	381453	selection_expression	aarch64	include/uapi/linux/major.h	operative_macro	COMPAQ_CISS_MAJOR7	129	PENDING_REVIEW			vendor/linux/include/uapi/linux/major.h;vendor/linux/include/uapi/linux/major.h:129;rewrite/configs/aarch64/frozen.config;header_closure=rewrite/metadata/header_closure.tsv;selected=PENDING_REVIEW	425f94c2954b1fe80ebdbf9b29854e89750355df	3e1dbcffdc528f998e98ebd455723af10e20231caede3d4091c9ff69d7ea4b32	05f1654b63cfaaf1efbb001cd9ec5ccb65b8e73c5c0b5f3e48e93b45f16463b3	0123af9e96b58af4e98b91a2de5608d36b63c67864b9041d3340587f3dbe40d2	cfa8dcf0d81c408de38d4202fe1ce9d9e5e301d1e67439c9530da94b1e64ee3f	7484d7b0dd80f45e18d726b04752827fe28555cc5c1af0e127948380e6688abf
semantic-proposal-v1	SC1-bb2644a17bf7a887c003a86aacd1235ae8d3f9404ea678ef34e46db01cdea519	S016234	2	P01	SYMBOLS.tsv	381453	status	aarch64	include/uapi/linux/major.h	operative_macro	COMPAQ_CISS_MAJOR7	129	PENDING_REVIEW			vendor/linux/include/uapi/linux/major.h;vendor/linux/include/uapi/linux/major.h:129;rewrite/configs/aarch64/frozen.config;header_closure=rewrite/metadata/header_closure.tsv;selected=PENDING_REVIEW	425f94c2954b1fe80ebdbf9b29854e89750355df	3e1dbcffdc528f998e98ebd455723af10e20231caede3d4091c9ff69d7ea4b32	05f1654b63cfaaf1efbb001cd9ec5ccb65b8e73c5c0b5f3e48e93b45f16463b3	0123af9e96b58af4e98b91a2de5608d36b63c67864b9041d3340587f3dbe40d2	cfa8dcf0d81c408de38d4202fe1ce9d9e5e301d1e67439c9530da94b1e64ee3f	7484d7b0dd80f45e18d726b04752827fe28555cc5c1af0e127948380e6688abf
semantic-proposal-v1	SC1-80f374a3badcb5b037f92d384dc604ec41e9c24cef6b584dea6a5c2eabf78b66	S016234	2	P01	SYMBOLS.tsv	381454	selection_expression	aarch64	include/uapi/linux/major.h	operative_macro	VIODASD_MAJOR	131	PENDING_REVIEW			vendor/linux/include/uapi/linux/major.h;vendor/linux/include/uapi/linux/major.h:131;rewrite/configs/aarch64/frozen.config;header_closure=rewrite/metadata/header_closure.tsv;selected=PENDING_REVIEW	425f94c2954b1fe80ebdbf9b29854e89750355df	3e1dbcffdc528f998e98ebd455723af10e20231caede3d4091c9ff69d7ea4b32	05f1654b63cfaaf1efbb001cd9ec5ccb65b8e73c5c0b5f3e48e93b45f16463b3	0123af9e96b58af4e98b91a2de5608d36b63c67864b9041d3340587f3dbe40d2	cfa8dcf0d81c408de38d4202fe1ce9d9e5e301d1e67439c9530da94b1e64ee3f	7484d7b0dd80f45e18d726b04752827fe28555cc5c1af0e127948380e6688abf
semantic-proposal-v1	SC1-61312051f6e5e2127649c865293cb804f94cd226454f2ac5a087c9a95ecbb9c7	S016234	2	P01	SYMBOLS.tsv	381454	status	aarch64	include/uapi/linux/major.h	operative_macro	VIODASD_MAJOR	131	PENDING_REVIEW			vendor/linux/include/uapi/linux/major.h;vendor/linux/include/uapi/linux/major.h:131;rewrite/configs/aarch64/frozen.config;header_closure=rewrite/metadata/header_closure.tsv;selected=PENDING_REVIEW	425f94c2954b1fe80ebdbf9b29854e89750355df	3e1dbcffdc528f998e98ebd455723af10e20231caede3d4091c9ff69d7ea4b32	05f1654b63cfaaf1efbb001cd9ec5ccb65b8e73c5c0b5f3e48e93b45f16463b3	0123af9e96b58af4e98b91a2de5608d36b63c67864b9041d3340587f3dbe40d2	cfa8dcf0d81c408de38d4202fe1ce9d9e5e301d1e67439c9530da94b1e64ee3f	7484d7b0dd80f45e18d726b04752827fe28555cc5c1af0e127948380e6688abf
semantic-proposal-v1	SC1-cdab93770dffa9c20d8ef8d7bc4b801fba16e70fc4507103c2eea01b342a3d4e	S016234	2	P01	SYMBOLS.tsv	381455	selection_expression	aarch64	include/uapi/linux/major.h	operative_macro	VIOCD_MAJOR	132	PENDING_REVIEW			vendor/linux/include/uapi/linux/major.h;vendor/linux/include/uapi/linux/major.h:132;rewrite/configs/aarch64/frozen.config;header_closure=rewrite/metadata/header_closure.tsv;selected=PENDING_REVIEW	425f94c2954b1fe80ebdbf9b29854e89750355df	3e1dbcffdc528f998e98ebd455723af10e20231caede3d4091c9ff69d7ea4b32	05f1654b63cfaaf1efbb001cd9ec5ccb65b8e73c5c0b5f3e48e93b45f16463b3	0123af9e96b58af4e98b91a2de5608d36b63c67864b9041d3340587f3dbe40d2	cfa8dcf0d81c408de38d4202fe1ce9d9e5e301d1e67439c9530da94b1e64ee3f	7484d7b0dd80f45e18d726b04752827fe28555cc5c1af0e127948380e6688abf
semantic-proposal-v1	SC1-52f1afa295bb3adf8217f8717f48616abd4f54d65022d3394766d3f1066e8a4c	S016234	2	P01	SYMBOLS.tsv	381455	status	aarch64	include/uapi/linux/major.h	operative_macro	VIOCD_MAJOR	132	PENDING_REVIEW			vendor/linux/include/uapi/linux/major.h;vendor/linux/include/uapi/linux/major.h:132;rewrite/configs/aarch64/frozen.config;header_closure=rewrite/metadata/header_closure.tsv;selected=PENDING_REVIEW	425f94c2954b1fe80ebdbf9b29854e89750355df	3e1dbcffdc528f998e98ebd455723af10e20231caede3d4091c9ff69d7ea4b32	05f1654b63cfaaf1efbb001cd9ec5ccb65b8e73c5c0b5f3e48e93b45f16463b3	0123af9e96b58af4e98b91a2de5608d36b63c67864b9041d3340587f3dbe40d2	cfa8dcf0d81c408de38d4202fe1ce9d9e5e301d1e67439c9530da94b1e64ee3f	7484d7b0dd80f45e18d726b04752827fe28555cc5c1af0e127948380e6688abf
semantic-proposal-v1	SC1-df41c2f95e8020c355a24e9ac115cd05156ffd57eb93d843a2ef939438695d7c	S016234	2	P01	SYMBOLS.tsv	381456	selection_expression	aarch64	include/uapi/linux/major.h	operative_macro	ATARAID_MAJOR	134	PENDING_REVIEW			vendor/linux/include/uapi/linux/major.h;vendor/linux/include/uapi/linux/major.h:134;rewrite/configs/aarch64/frozen.config;header_closure=rewrite/metadata/header_closure.tsv;selected=PENDING_REVIEW	425f94c2954b1fe80ebdbf9b29854e89750355df	3e1dbcffdc528f998e98ebd455723af10e20231caede3d4091c9ff69d7ea4b32	05f1654b63cfaaf1efbb001cd9ec5ccb65b8e73c5c0b5f3e48e93b45f16463b3	0123af9e96b58af4e98b91a2de5608d36b63c67864b9041d3340587f3dbe40d2	cfa8dcf0d81c408de38d4202fe1ce9d9e5e301d1e67439c9530da94b1e64ee3f	7484d7b0dd80f45e18d726b04752827fe28555cc5c1af0e127948380e6688abf
semantic-proposal-v1	SC1-3e0ced1256e3737d7d685fe57300035f83e2a5922d38e0cc2f7e5bfdaabde7f6	S016234	2	P01	SYMBOLS.tsv	381456	status	aarch64	include/uapi/linux/major.h	operative_macro	ATARAID_MAJOR	134	PENDING_REVIEW			vendor/linux/include/uapi/linux/major.h;vendor/linux/include/uapi/linux/major.h:134;rewrite/configs/aarch64/frozen.config;header_closure=rewrite/metadata/header_closure.tsv;selected=PENDING_REVIEW	425f94c2954b1fe80ebdbf9b29854e89750355df	3e1dbcffdc528f998e98ebd455723af10e20231caede3d4091c9ff69d7ea4b32	05f1654b63cfaaf1efbb001cd9ec5ccb65b8e73c5c0b5f3e48e93b45f16463b3	0123af9e96b58af4e98b91a2de5608d36b63c67864b9041d3340587f3dbe40d2	cfa8dcf0d81c408de38d4202fe1ce9d9e5e301d1e67439c9530da94b1e64ee3f	7484d7b0dd80f45e18d726b04752827fe28555cc5c1af0e127948380e6688abf
semantic-proposal-v1	SC1-ea74da294bd181b5aa544c719bf11dad70413c5640313e4139250ac94ba362fa	S016234	2	P01	SYMBOLS.tsv	381457	selection_expression	aarch64	include/uapi/linux/major.h	operative_macro	SCSI_DISK8_MAJOR	136	PENDING_REVIEW			vendor/linux/include/uapi/linux/major.h;vendor/linux/include/uapi/linux/major.h:136;rewrite/configs/aarch64/frozen.config;header_closure=rewrite/metadata/header_closure.tsv;selected=PENDING_REVIEW	425f94c2954b1fe80ebdbf9b29854e89750355df	3e1dbcffdc528f998e98ebd455723af10e20231caede3d4091c9ff69d7ea4b32	05f1654b63cfaaf1efbb001cd9ec5ccb65b8e73c5c0b5f3e48e93b45f16463b3	0123af9e96b58af4e98b91a2de5608d36b63c67864b9041d3340587f3dbe40d2	cfa8dcf0d81c408de38d4202fe1ce9d9e5e301d1e67439c9530da94b1e64ee3f	7484d7b0dd80f45e18d726b04752827fe28555cc5c1af0e127948380e6688abf
semantic-proposal-v1	SC1-8d5c33db26cb9843b90f1458a58b2f34ed600237321923ed00d9404906822a7e	S016234	2	P01	SYMBOLS.tsv	381457	status	aarch64	include/uapi/linux/major.h	operative_macro	SCSI_DISK8_MAJOR	136	PENDING_REVIEW			vendor/linux/include/uapi/linux/major.h;vendor/linux/include/uapi/linux/major.h:136;rewrite/configs/aarch64/frozen.config;header_closure=rewrite/metadata/header_closure.tsv;selected=PENDING_REVIEW	425f94c2954b1fe80ebdbf9b29854e89750355df	3e1dbcffdc528f998e98ebd455723af10e20231caede3d4091c9ff69d7ea4b32	05f1654b63cfaaf1efbb001cd9ec5ccb65b8e73c5c0b5f3e48e93b45f16463b3	0123af9e96b58af4e98b91a2de5608d36b63c67864b9041d3340587f3dbe40d2	cfa8dcf0d81c408de38d4202fe1ce9d9e5e301d1e67439c9530da94b1e64ee3f	7484d7b0dd80f45e18d726b04752827fe28555cc5c1af0e127948380e6688abf
semantic-proposal-v1	SC1-aaafafc25cc36ecac9a81179eae7be14e705c7ad5756713a6bf093090053a791	S016234	2	P01	SYMBOLS.tsv	381458	selection_expression	aarch64	include/uapi/linux/major.h	operative_macro	SCSI_DISK9_MAJOR	137	PENDING_REVIEW			vendor/linux/include/uapi/linux/major.h;vendor/linux/include/uapi/linux/major.h:137;rewrite/configs/aarch64/frozen.config;header_closure=rewrite/metadata/header_closure.tsv;selected=PENDING_REVIEW	425f94c2954b1fe80ebdbf9b29854e89750355df	3e1dbcffdc528f998e98ebd455723af10e20231caede3d4091c9ff69d7ea4b32	05f1654b63cfaaf1efbb001cd9ec5ccb65b8e73c5c0b5f3e48e93b45f16463b3	0123af9e96b58af4e98b91a2de5608d36b63c67864b9041d3340587f3dbe40d2	cfa8dcf0d81c408de38d4202fe1ce9d9e5e301d1e67439c9530da94b1e64ee3f	7484d7b0dd80f45e18d726b04752827fe28555cc5c1af0e127948380e6688abf
semantic-proposal-v1	SC1-705d10f66ec1c4a776f76f51a9f6e45872003426dd0b78968b63d74d916f4c93	S016234	2	P01	SYMBOLS.tsv	381458	status	aarch64	include/uapi/linux/major.h	operative_macro	SCSI_DISK9_MAJOR	137	PENDING_REVIEW			vendor/linux/include/uapi/linux/major.h;vendor/linux/include/uapi/linux/major.h:137;rewrite/configs/aarch64/frozen.config;header_closure=rewrite/metadata/header_closure.tsv;selected=PENDING_REVIEW	425f94c2954b1fe80ebdbf9b29854e89750355df	3e1dbcffdc528f998e98ebd455723af10e20231caede3d4091c9ff69d7ea4b32	05f1654b63cfaaf1efbb001cd9ec5ccb65b8e73c5c0b5f3e48e93b45f16463b3	0123af9e96b58af4e98b91a2de5608d36b63c67864b9041d3340587f3dbe40d2	cfa8dcf0d81c408de38d4202fe1ce9d9e5e301d1e67439c9530da94b1e64ee3f	7484d7b0dd80f45e18d726b04752827fe28555cc5c1af0e127948380e6688abf
semantic-proposal-v1	SC1-870084fa9a78158f81cf33164996db1f76a33da9c6c6579abd8ce57e5e576271	S016234	2	P01	SYMBOLS.tsv	381459	selection_expression	aarch64	include/uapi/linux/major.h	operative_macro	SCSI_DISK10_MAJOR	138	PENDING_REVIEW			vendor/linux/include/uapi/linux/major.h;vendor/linux/include/uapi/linux/major.h:138;rewrite/configs/aarch64/frozen.config;header_closure=rewrite/metadata/header_closure.tsv;selected=PENDING_REVIEW	425f94c2954b1fe80ebdbf9b29854e89750355df	3e1dbcffdc528f998e98ebd455723af10e20231caede3d4091c9ff69d7ea4b32	05f1654b63cfaaf1efbb001cd9ec5ccb65b8e73c5c0b5f3e48e93b45f16463b3	0123af9e96b58af4e98b91a2de5608d36b63c67864b9041d3340587f3dbe40d2	cfa8dcf0d81c408de38d4202fe1ce9d9e5e301d1e67439c9530da94b1e64ee3f	7484d7b0dd80f45e18d726b04752827fe28555cc5c1af0e127948380e6688abf
semantic-proposal-v1	SC1-a3b41583f3eacb87c57de6750843589e5b5966ebf961dd34f2bd2c61d78b6a67	S016234	2	P01	SYMBOLS.tsv	381459	status	aarch64	include/uapi/linux/major.h	operative_macro	SCSI_DISK10_MAJOR	138	PENDING_REVIEW			vendor/linux/include/uapi/linux/major.h;vendor/linux/include/uapi/linux/major.h:138;rewrite/configs/aarch64/frozen.config;header_closure=rewrite/metadata/header_closure.tsv;selected=PENDING_REVIEW	425f94c2954b1fe80ebdbf9b29854e89750355df	3e1dbcffdc528f998e98ebd455723af10e20231caede3d4091c9ff69d7ea4b32	05f1654b63cfaaf1efbb001cd9ec5ccb65b8e73c5c0b5f3e48e93b45f16463b3	0123af9e96b58af4e98b91a2de5608d36b63c67864b9041d3340587f3dbe40d2	cfa8dcf0d81c408de38d4202fe1ce9d9e5e301d1e67439c9530da94b1e64ee3f	7484d7b0dd80f45e18d726b04752827fe28555cc5c1af0e127948380e6688abf
semantic-proposal-v1	SC1-62e976c55defa70372cb45da446a3f71d431943da748af918ca90684264e4ade	S016234	2	P01	SYMBOLS.tsv	381460	selection_expression	aarch64	include/uapi/linux/major.h	operative_macro	SCSI_DISK11_MAJOR	139	PENDING_REVIEW			vendor/linux/include/uapi/linux/major.h;vendor/linux/include/uapi/linux/major.h:139;rewrite/configs/aarch64/frozen.config;header_closure=rewrite/metadata/header_closure.tsv;selected=PENDING_REVIEW	425f94c2954b1fe80ebdbf9b29854e89750355df	3e1dbcffdc528f998e98ebd455723af10e20231caede3d4091c9ff69d7ea4b32	05f1654b63cfaaf1efbb001cd9ec5ccb65b8e73c5c0b5f3e48e93b45f16463b3	0123af9e96b58af4e98b91a2de5608d36b63c67864b9041d3340587f3dbe40d2	cfa8dcf0d81c408de38d4202fe1ce9d9e5e301d1e67439c9530da94b1e64ee3f	7484d7b0dd80f45e18d726b04752827fe28555cc5c1af0e127948380e6688abf
semantic-proposal-v1	SC1-c79880a3bdba0d8845687f947ecc97891627b0ec2444f6eb1868da36dc33a184	S016234	2	P01	SYMBOLS.tsv	381460	status	aarch64	include/uapi/linux/major.h	operative_macro	SCSI_DISK11_MAJOR	139	PENDING_REVIEW			vendor/linux/include/uapi/linux/major.h;vendor/linux/include/uapi/linux/major.h:139;rewrite/configs/aarch64/frozen.config;header_closure=rewrite/metadata/header_closure.tsv;selected=PENDING_REVIEW	425f94c2954b1fe80ebdbf9b29854e89750355df	3e1dbcffdc528f998e98ebd455723af10e20231caede3d4091c9ff69d7ea4b32	05f1654b63cfaaf1efbb001cd9ec5ccb65b8e73c5c0b5f3e48e93b45f16463b3	0123af9e96b58af4e98b91a2de5608d36b63c67864b9041d3340587f3dbe40d2	cfa8dcf0d81c408de38d4202fe1ce9d9e5e301d1e67439c9530da94b1e64ee3f	7484d7b0dd80f45e18d726b04752827fe28555cc5c1af0e127948380e6688abf
semantic-proposal-v1	SC1-5d77bdab9a0d63af95de1f1f44c9ef9b76a0c6b09bc7ea4693258a128c9c0fe0	S016234	2	P01	SYMBOLS.tsv	381461	selection_expression	aarch64	include/uapi/linux/major.h	operative_macro	SCSI_DISK12_MAJOR	140	PENDING_REVIEW			vendor/linux/include/uapi/linux/major.h;vendor/linux/include/uapi/linux/major.h:140;rewrite/configs/aarch64/frozen.config;header_closure=rewrite/metadata/header_closure.tsv;selected=PENDING_REVIEW	425f94c2954b1fe80ebdbf9b29854e89750355df	3e1dbcffdc528f998e98ebd455723af10e20231caede3d4091c9ff69d7ea4b32	05f1654b63cfaaf1efbb001cd9ec5ccb65b8e73c5c0b5f3e48e93b45f16463b3	0123af9e96b58af4e98b91a2de5608d36b63c67864b9041d3340587f3dbe40d2	cfa8dcf0d81c408de38d4202fe1ce9d9e5e301d1e67439c9530da94b1e64ee3f	7484d7b0dd80f45e18d726b04752827fe28555cc5c1af0e127948380e6688abf
semantic-proposal-v1	SC1-41456f502064d3b785b0ad125a3b93e8fb240ecc9ec2d07828a688a106219d31	S016234	2	P01	SYMBOLS.tsv	381461	status	aarch64	include/uapi/linux/major.h	operative_macro	SCSI_DISK12_MAJOR	140	PENDING_REVIEW			vendor/linux/include/uapi/linux/major.h;vendor/linux/include/uapi/linux/major.h:140;rewrite/configs/aarch64/frozen.config;header_closure=rewrite/metadata/header_closure.tsv;selected=PENDING_REVIEW	425f94c2954b1fe80ebdbf9b29854e89750355df	3e1dbcffdc528f998e98ebd455723af10e20231caede3d4091c9ff69d7ea4b32	05f1654b63cfaaf1efbb001cd9ec5ccb65b8e73c5c0b5f3e48e93b45f16463b3	0123af9e96b58af4e98b91a2de5608d36b63c67864b9041d3340587f3dbe40d2	cfa8dcf0d81c408de38d4202fe1ce9d9e5e301d1e67439c9530da94b1e64ee3f	7484d7b0dd80f45e18d726b04752827fe28555cc5c1af0e127948380e6688abf
semantic-proposal-v1	SC1-fb533bfa379d7c99200bb173331151d24da9fccdb3ba13245914a791758efe5a	S016234	2	P01	SYMBOLS.tsv	381462	selection_expression	aarch64	include/uapi/linux/major.h	operative_macro	SCSI_DISK13_MAJOR	141	PENDING_REVIEW			vendor/linux/include/uapi/linux/major.h;vendor/linux/include/uapi/linux/major.h:141;rewrite/configs/aarch64/frozen.config;header_closure=rewrite/metadata/header_closure.tsv;selected=PENDING_REVIEW	425f94c2954b1fe80ebdbf9b29854e89750355df	3e1dbcffdc528f998e98ebd455723af10e20231caede3d4091c9ff69d7ea4b32	05f1654b63cfaaf1efbb001cd9ec5ccb65b8e73c5c0b5f3e48e93b45f16463b3	0123af9e96b58af4e98b91a2de5608d36b63c67864b9041d3340587f3dbe40d2	cfa8dcf0d81c408de38d4202fe1ce9d9e5e301d1e67439c9530da94b1e64ee3f	7484d7b0dd80f45e18d726b04752827fe28555cc5c1af0e127948380e6688abf
semantic-proposal-v1	SC1-ae93616b992310c0ad6d622c1634c792f236999a25196de0a421034fea1c44f7	S016234	2	P01	SYMBOLS.tsv	381462	status	aarch64	include/uapi/linux/major.h	operative_macro	SCSI_DISK13_MAJOR	141	PENDING_REVIEW			vendor/linux/include/uapi/linux/major.h;vendor/linux/include/uapi/linux/major.h:141;rewrite/configs/aarch64/frozen.config;header_closure=rewrite/metadata/header_closure.tsv;selected=PENDING_REVIEW	425f94c2954b1fe80ebdbf9b29854e89750355df	3e1dbcffdc528f998e98ebd455723af10e20231caede3d4091c9ff69d7ea4b32	05f1654b63cfaaf1efbb001cd9ec5ccb65b8e73c5c0b5f3e48e93b45f16463b3	0123af9e96b58af4e98b91a2de5608d36b63c67864b9041d3340587f3dbe40d2	cfa8dcf0d81c408de38d4202fe1ce9d9e5e301d1e67439c9530da94b1e64ee3f	7484d7b0dd80f45e18d726b04752827fe28555cc5c1af0e127948380e6688abf
semantic-proposal-v1	SC1-3f3bf02764342b2cac392a033afdb03d1722cbdc3b450beaa9b4c4a3aca2c936	S016234	2	P01	SYMBOLS.tsv	381463	selection_expression	aarch64	include/uapi/linux/major.h	operative_macro	SCSI_DISK14_MAJOR	142	PENDING_REVIEW			vendor/linux/include/uapi/linux/major.h;vendor/linux/include/uapi/linux/major.h:142;rewrite/configs/aarch64/frozen.config;header_closure=rewrite/metadata/header_closure.tsv;selected=PENDING_REVIEW	425f94c2954b1fe80ebdbf9b29854e89750355df	3e1dbcffdc528f998e98ebd455723af10e20231caede3d4091c9ff69d7ea4b32	05f1654b63cfaaf1efbb001cd9ec5ccb65b8e73c5c0b5f3e48e93b45f16463b3	0123af9e96b58af4e98b91a2de5608d36b63c67864b9041d3340587f3dbe40d2	cfa8dcf0d81c408de38d4202fe1ce9d9e5e301d1e67439c9530da94b1e64ee3f	7484d7b0dd80f45e18d726b04752827fe28555cc5c1af0e127948380e6688abf
semantic-proposal-v1	SC1-2ddfc3510b829bde916d792269cf81e59512246133f0ff56b94c2bbba5c4df28	S016234	2	P01	SYMBOLS.tsv	381463	status	aarch64	include/uapi/linux/major.h	operative_macro	SCSI_DISK14_MAJOR	142	PENDING_REVIEW			vendor/linux/include/uapi/linux/major.h;vendor/linux/include/uapi/linux/major.h:142;rewrite/configs/aarch64/frozen.config;header_closure=rewrite/metadata/header_closure.tsv;selected=PENDING_REVIEW	425f94c2954b1fe80ebdbf9b29854e89750355df	3e1dbcffdc528f998e98ebd455723af10e20231caede3d4091c9ff69d7ea4b32	05f1654b63cfaaf1efbb001cd9ec5ccb65b8e73c5c0b5f3e48e93b45f16463b3	0123af9e96b58af4e98b91a2de5608d36b63c67864b9041d3340587f3dbe40d2	cfa8dcf0d81c408de38d4202fe1ce9d9e5e301d1e67439c9530da94b1e64ee3f	7484d7b0dd80f45e18d726b04752827fe28555cc5c1af0e127948380e6688abf
semantic-proposal-v1	SC1-e26fb5c20242e1038b3c0274059b9ca3624e202186b5f9d8bbaeda8b3aa67144	S016234	2	P01	SYMBOLS.tsv	381464	selection_expression	aarch64	include/uapi/linux/major.h	operative_macro	SCSI_DISK15_MAJOR	143	PENDING_REVIEW			vendor/linux/include/uapi/linux/major.h;vendor/linux/include/uapi/linux/major.h:143;rewrite/configs/aarch64/frozen.config;header_closure=rewrite/metadata/header_closure.tsv;selected=PENDING_REVIEW	425f94c2954b1fe80ebdbf9b29854e89750355df	3e1dbcffdc528f998e98ebd455723af10e20231caede3d4091c9ff69d7ea4b32	05f1654b63cfaaf1efbb001cd9ec5ccb65b8e73c5c0b5f3e48e93b45f16463b3	0123af9e96b58af4e98b91a2de5608d36b63c67864b9041d3340587f3dbe40d2	cfa8dcf0d81c408de38d4202fe1ce9d9e5e301d1e67439c9530da94b1e64ee3f	7484d7b0dd80f45e18d726b04752827fe28555cc5c1af0e127948380e6688abf
semantic-proposal-v1	SC1-2b6e4ebe54a2573b222216020cb042355594b1f254d59469be08be73513f8795	S016234	2	P01	SYMBOLS.tsv	381464	status	aarch64	include/uapi/linux/major.h	operative_macro	SCSI_DISK15_MAJOR	143	PENDING_REVIEW			vendor/linux/include/uapi/linux/major.h;vendor/linux/include/uapi/linux/major.h:143;rewrite/configs/aarch64/frozen.config;header_closure=rewrite/metadata/header_closure.tsv;selected=PENDING_REVIEW	425f94c2954b1fe80ebdbf9b29854e89750355df	3e1dbcffdc528f998e98ebd455723af10e20231caede3d4091c9ff69d7ea4b32	05f1654b63cfaaf1efbb001cd9ec5ccb65b8e73c5c0b5f3e48e93b45f16463b3	0123af9e96b58af4e98b91a2de5608d36b63c67864b9041d3340587f3dbe40d2	cfa8dcf0d81c408de38d4202fe1ce9d9e5e301d1e67439c9530da94b1e64ee3f	7484d7b0dd80f45e18d726b04752827fe28555cc5c1af0e127948380e6688abf
semantic-proposal-v1	SC1-f432464992fc1b832fceaac3af7a86328f20126c7644cd16b427270fe42d36f4	S016234	2	P01	SYMBOLS.tsv	381465	selection_expression	aarch64	include/uapi/linux/major.h	operative_macro	UNIX98_PTY_MASTER_MAJOR	145	PENDING_REVIEW			vendor/linux/include/uapi/linux/major.h;vendor/linux/include/uapi/linux/major.h:145;rewrite/configs/aarch64/frozen.config;header_closure=rewrite/metadata/header_closure.tsv;selected=PENDING_REVIEW	425f94c2954b1fe80ebdbf9b29854e89750355df	3e1dbcffdc528f998e98ebd455723af10e20231caede3d4091c9ff69d7ea4b32	05f1654b63cfaaf1efbb001cd9ec5ccb65b8e73c5c0b5f3e48e93b45f16463b3	0123af9e96b58af4e98b91a2de5608d36b63c67864b9041d3340587f3dbe40d2	cfa8dcf0d81c408de38d4202fe1ce9d9e5e301d1e67439c9530da94b1e64ee3f	7484d7b0dd80f45e18d726b04752827fe28555cc5c1af0e127948380e6688abf
semantic-proposal-v1	SC1-467f9cca50477c42b21e2466b31d7a2dc80a1a0d9de8e947a9b8d9823a6c484e	S016234	2	P01	SYMBOLS.tsv	381465	status	aarch64	include/uapi/linux/major.h	operative_macro	UNIX98_PTY_MASTER_MAJOR	145	PENDING_REVIEW			vendor/linux/include/uapi/linux/major.h;vendor/linux/include/uapi/linux/major.h:145;rewrite/configs/aarch64/frozen.config;header_closure=rewrite/metadata/header_closure.tsv;selected=PENDING_REVIEW	425f94c2954b1fe80ebdbf9b29854e89750355df	3e1dbcffdc528f998e98ebd455723af10e20231caede3d4091c9ff69d7ea4b32	05f1654b63cfaaf1efbb001cd9ec5ccb65b8e73c5c0b5f3e48e93b45f16463b3	0123af9e96b58af4e98b91a2de5608d36b63c67864b9041d3340587f3dbe40d2	cfa8dcf0d81c408de38d4202fe1ce9d9e5e301d1e67439c9530da94b1e64ee3f	7484d7b0dd80f45e18d726b04752827fe28555cc5c1af0e127948380e6688abf
semantic-proposal-v1	SC1-1a7a4b3c29ac7d3eb5a0dc507cb4625031ae37d13f7ffcd6b41c33d7f87aba81	S016234	2	P01	SYMBOLS.tsv	381466	selection_expression	aarch64	include/uapi/linux/major.h	operative_macro	UNIX98_PTY_MAJOR_COUNT	146	PENDING_REVIEW			vendor/linux/include/uapi/linux/major.h;vendor/linux/include/uapi/linux/major.h:146;rewrite/configs/aarch64/frozen.config;header_closure=rewrite/metadata/header_closure.tsv;selected=PENDING_REVIEW	425f94c2954b1fe80ebdbf9b29854e89750355df	3e1dbcffdc528f998e98ebd455723af10e20231caede3d4091c9ff69d7ea4b32	05f1654b63cfaaf1efbb001cd9ec5ccb65b8e73c5c0b5f3e48e93b45f16463b3	0123af9e96b58af4e98b91a2de5608d36b63c67864b9041d3340587f3dbe40d2	cfa8dcf0d81c408de38d4202fe1ce9d9e5e301d1e67439c9530da94b1e64ee3f	7484d7b0dd80f45e18d726b04752827fe28555cc5c1af0e127948380e6688abf
semantic-proposal-v1	SC1-df6031ce47d61f7872e26cb4bf7d9c733c49a16f1afca00a84fd1f3c2ea57641	S016234	2	P01	SYMBOLS.tsv	381466	status	aarch64	include/uapi/linux/major.h	operative_macro	UNIX98_PTY_MAJOR_COUNT	146	PENDING_REVIEW			vendor/linux/include/uapi/linux/major.h;vendor/linux/include/uapi/linux/major.h:146;rewrite/configs/aarch64/frozen.config;header_closure=rewrite/metadata/header_closure.tsv;selected=PENDING_REVIEW	425f94c2954b1fe80ebdbf9b29854e89750355df	3e1dbcffdc528f998e98ebd455723af10e20231caede3d4091c9ff69d7ea4b32	05f1654b63cfaaf1efbb001cd9ec5ccb65b8e73c5c0b5f3e48e93b45f16463b3	0123af9e96b58af4e98b91a2de5608d36b63c67864b9041d3340587f3dbe40d2	cfa8dcf0d81c408de38d4202fe1ce9d9e5e301d1e67439c9530da94b1e64ee3f	7484d7b0dd80f45e18d726b04752827fe28555cc5c1af0e127948380e6688abf
semantic-proposal-v1	SC1-385b4a04f2704c8e1b82a0faa53be41c0558f48cda1df84b647f7fb342a8b1d5	S016234	2	P01	SYMBOLS.tsv	381467	selection_expression	aarch64	include/uapi/linux/major.h	operative_macro	UNIX98_PTY_SLAVE_MAJOR	147	PENDING_REVIEW			vendor/linux/include/uapi/linux/major.h;vendor/linux/include/uapi/linux/major.h:147;rewrite/configs/aarch64/frozen.config;header_closure=rewrite/metadata/header_closure.tsv;selected=PENDING_REVIEW	425f94c2954b1fe80ebdbf9b29854e89750355df	3e1dbcffdc528f998e98ebd455723af10e20231caede3d4091c9ff69d7ea4b32	05f1654b63cfaaf1efbb001cd9ec5ccb65b8e73c5c0b5f3e48e93b45f16463b3	0123af9e96b58af4e98b91a2de5608d36b63c67864b9041d3340587f3dbe40d2	cfa8dcf0d81c408de38d4202fe1ce9d9e5e301d1e67439c9530da94b1e64ee3f	7484d7b0dd80f45e18d726b04752827fe28555cc5c1af0e127948380e6688abf
semantic-proposal-v1	SC1-1959b9773c900541fe3ea06b778f620cf4e6437ab545fa3d3188285b716e77c0	S016234	2	P01	SYMBOLS.tsv	381467	status	aarch64	include/uapi/linux/major.h	operative_macro	UNIX98_PTY_SLAVE_MAJOR	147	PENDING_REVIEW			vendor/linux/include/uapi/linux/major.h;vendor/linux/include/uapi/linux/major.h:147;rewrite/configs/aarch64/frozen.config;header_closure=rewrite/metadata/header_closure.tsv;selected=PENDING_REVIEW	425f94c2954b1fe80ebdbf9b29854e89750355df	3e1dbcffdc528f998e98ebd455723af10e20231caede3d4091c9ff69d7ea4b32	05f1654b63cfaaf1efbb001cd9ec5ccb65b8e73c5c0b5f3e48e93b45f16463b3	0123af9e96b58af4e98b91a2de5608d36b63c67864b9041d3340587f3dbe40d2	cfa8dcf0d81c408de38d4202fe1ce9d9e5e301d1e67439c9530da94b1e64ee3f	7484d7b0dd80f45e18d726b04752827fe28555cc5c1af0e127948380e6688abf
semantic-proposal-v1	SC1-ad437fc76234bac1703e16e52b319b3c60459701af93294a5de4eb38584698af	S016234	2	P01	SYMBOLS.tsv	381468	selection_expression	aarch64	include/uapi/linux/major.h	operative_macro	DRBD_MAJOR	149	PENDING_REVIEW			vendor/linux/include/uapi/linux/major.h;vendor/linux/include/uapi/linux/major.h:149;rewrite/configs/aarch64/frozen.config;header_closure=rewrite/metadata/header_closure.tsv;selected=PENDING_REVIEW	425f94c2954b1fe80ebdbf9b29854e89750355df	3e1dbcffdc528f998e98ebd455723af10e20231caede3d4091c9ff69d7ea4b32	05f1654b63cfaaf1efbb001cd9ec5ccb65b8e73c5c0b5f3e48e93b45f16463b3	0123af9e96b58af4e98b91a2de5608d36b63c67864b9041d3340587f3dbe40d2	cfa8dcf0d81c408de38d4202fe1ce9d9e5e301d1e67439c9530da94b1e64ee3f	7484d7b0dd80f45e18d726b04752827fe28555cc5c1af0e127948380e6688abf
semantic-proposal-v1	SC1-06f9c668b9e45128f163b7f4a446e71e287d679c040fa6a9aac524768bfb0e0e	S016234	2	P01	SYMBOLS.tsv	381468	status	aarch64	include/uapi/linux/major.h	operative_macro	DRBD_MAJOR	149	PENDING_REVIEW			vendor/linux/include/uapi/linux/major.h;vendor/linux/include/uapi/linux/major.h:149;rewrite/configs/aarch64/frozen.config;header_closure=rewrite/metadata/header_closure.tsv;selected=PENDING_REVIEW	425f94c2954b1fe80ebdbf9b29854e89750355df	3e1dbcffdc528f998e98ebd455723af10e20231caede3d4091c9ff69d7ea4b32	05f1654b63cfaaf1efbb001cd9ec5ccb65b8e73c5c0b5f3e48e93b45f16463b3	0123af9e96b58af4e98b91a2de5608d36b63c67864b9041d3340587f3dbe40d2	cfa8dcf0d81c408de38d4202fe1ce9d9e5e301d1e67439c9530da94b1e64ee3f	7484d7b0dd80f45e18d726b04752827fe28555cc5c1af0e127948380e6688abf
semantic-proposal-v1	SC1-f876e35c616656845f09466065751809841aa558894976f63653fb6f5b31354c	S016234	2	P01	SYMBOLS.tsv	381469	selection_expression	aarch64	include/uapi/linux/major.h	operative_macro	RTF_MAJOR	150	PENDING_REVIEW			vendor/linux/include/uapi/linux/major.h;vendor/linux/include/uapi/linux/major.h:150;rewrite/configs/aarch64/frozen.config;header_closure=rewrite/metadata/header_closure.tsv;selected=PENDING_REVIEW	425f94c2954b1fe80ebdbf9b29854e89750355df	3e1dbcffdc528f998e98ebd455723af10e20231caede3d4091c9ff69d7ea4b32	05f1654b63cfaaf1efbb001cd9ec5ccb65b8e73c5c0b5f3e48e93b45f16463b3	0123af9e96b58af4e98b91a2de5608d36b63c67864b9041d3340587f3dbe40d2	cfa8dcf0d81c408de38d4202fe1ce9d9e5e301d1e67439c9530da94b1e64ee3f	7484d7b0dd80f45e18d726b04752827fe28555cc5c1af0e127948380e6688abf
semantic-proposal-v1	SC1-7fa56bccfcfc9e3ae6994765139752a1886bbd0c8fb849a0af4701a4227d820c	S016234	2	P01	SYMBOLS.tsv	381469	status	aarch64	include/uapi/linux/major.h	operative_macro	RTF_MAJOR	150	PENDING_REVIEW			vendor/linux/include/uapi/linux/major.h;vendor/linux/include/uapi/linux/major.h:150;rewrite/configs/aarch64/frozen.config;header_closure=rewrite/metadata/header_closure.tsv;selected=PENDING_REVIEW	425f94c2954b1fe80ebdbf9b29854e89750355df	3e1dbcffdc528f998e98ebd455723af10e20231caede3d4091c9ff69d7ea4b32	05f1654b63cfaaf1efbb001cd9ec5ccb65b8e73c5c0b5f3e48e93b45f16463b3	0123af9e96b58af4e98b91a2de5608d36b63c67864b9041d3340587f3dbe40d2	cfa8dcf0d81c408de38d4202fe1ce9d9e5e301d1e67439c9530da94b1e64ee3f	7484d7b0dd80f45e18d726b04752827fe28555cc5c1af0e127948380e6688abf
semantic-proposal-v1	SC1-c8ecc043456f2664ce44dc6f01e6bf4efb592c305df733c8c0947afdc1c80450	S016234	2	P01	SYMBOLS.tsv	381470	selection_expression	aarch64	include/uapi/linux/major.h	operative_macro	RAW_MAJOR	151	PENDING_REVIEW			vendor/linux/include/uapi/linux/major.h;vendor/linux/include/uapi/linux/major.h:151;rewrite/configs/aarch64/frozen.config;header_closure=rewrite/metadata/header_closure.tsv;selected=PENDING_REVIEW	425f94c2954b1fe80ebdbf9b29854e89750355df	3e1dbcffdc528f998e98ebd455723af10e20231caede3d4091c9ff69d7ea4b32	05f1654b63cfaaf1efbb001cd9ec5ccb65b8e73c5c0b5f3e48e93b45f16463b3	0123af9e96b58af4e98b91a2de5608d36b63c67864b9041d3340587f3dbe40d2	cfa8dcf0d81c408de38d4202fe1ce9d9e5e301d1e67439c9530da94b1e64ee3f	7484d7b0dd80f45e18d726b04752827fe28555cc5c1af0e127948380e6688abf
semantic-proposal-v1	SC1-e784a9ecae854fb4ddc15a913581459b9190be7ccda9c252abaaa2e7ca428717	S016234	2	P01	SYMBOLS.tsv	381470	status	aarch64	include/uapi/linux/major.h	operative_macro	RAW_MAJOR	151	PENDING_REVIEW			vendor/linux/include/uapi/linux/major.h;vendor/linux/include/uapi/linux/major.h:151;rewrite/configs/aarch64/frozen.config;header_closure=rewrite/metadata/header_closure.tsv;selected=PENDING_REVIEW	425f94c2954b1fe80ebdbf9b29854e89750355df	3e1dbcffdc528f998e98ebd455723af10e20231caede3d4091c9ff69d7ea4b32	05f1654b63cfaaf1efbb001cd9ec5ccb65b8e73c5c0b5f3e48e93b45f16463b3	0123af9e96b58af4e98b91a2de5608d36b63c67864b9041d3340587f3dbe40d2	cfa8dcf0d81c408de38d4202fe1ce9d9e5e301d1e67439c9530da94b1e64ee3f	7484d7b0dd80f45e18d726b04752827fe28555cc5c1af0e127948380e6688abf
semantic-proposal-v1	SC1-25022b918d652c3b0fb38051b5fce3292d2b9ae31f180768587f0bfd050016f6	S016234	2	P01	SYMBOLS.tsv	381471	selection_expression	aarch64	include/uapi/linux/major.h	operative_macro	USB_ACM_MAJOR	153	PENDING_REVIEW			vendor/linux/include/uapi/linux/major.h;vendor/linux/include/uapi/linux/major.h:153;rewrite/configs/aarch64/frozen.config;header_closure=rewrite/metadata/header_closure.tsv;selected=PENDING_REVIEW	425f94c2954b1fe80ebdbf9b29854e89750355df	3e1dbcffdc528f998e98ebd455723af10e20231caede3d4091c9ff69d7ea4b32	05f1654b63cfaaf1efbb001cd9ec5ccb65b8e73c5c0b5f3e48e93b45f16463b3	0123af9e96b58af4e98b91a2de5608d36b63c67864b9041d3340587f3dbe40d2	cfa8dcf0d81c408de38d4202fe1ce9d9e5e301d1e67439c9530da94b1e64ee3f	7484d7b0dd80f45e18d726b04752827fe28555cc5c1af0e127948380e6688abf
semantic-proposal-v1	SC1-dcbc2ffacb147e95e56a88115e5cd3f7d3a38cefb517fce2a2dae70367a526d2	S016234	2	P01	SYMBOLS.tsv	381471	status	aarch64	include/uapi/linux/major.h	operative_macro	USB_ACM_MAJOR	153	PENDING_REVIEW			vendor/linux/include/uapi/linux/major.h;vendor/linux/include/uapi/linux/major.h:153;rewrite/configs/aarch64/frozen.config;header_closure=rewrite/metadata/header_closure.tsv;selected=PENDING_REVIEW	425f94c2954b1fe80ebdbf9b29854e89750355df	3e1dbcffdc528f998e98ebd455723af10e20231caede3d4091c9ff69d7ea4b32	05f1654b63cfaaf1efbb001cd9ec5ccb65b8e73c5c0b5f3e48e93b45f16463b3	0123af9e96b58af4e98b91a2de5608d36b63c67864b9041d3340587f3dbe40d2	cfa8dcf0d81c408de38d4202fe1ce9d9e5e301d1e67439c9530da94b1e64ee3f	7484d7b0dd80f45e18d726b04752827fe28555cc5c1af0e127948380e6688abf
semantic-proposal-v1	SC1-3a7136fd2d5ee0519e381384685818c1cd9fd659e727982f388cc77bf05a7d4b	S016234	2	P01	SYMBOLS.tsv	381472	selection_expression	aarch64	include/uapi/linux/major.h	operative_macro	USB_ACM_AUX_MAJOR	154	PENDING_REVIEW			vendor/linux/include/uapi/linux/major.h;vendor/linux/include/uapi/linux/major.h:154;rewrite/configs/aarch64/frozen.config;header_closure=rewrite/metadata/header_closure.tsv;selected=PENDING_REVIEW	425f94c2954b1fe80ebdbf9b29854e89750355df	3e1dbcffdc528f998e98ebd455723af10e20231caede3d4091c9ff69d7ea4b32	05f1654b63cfaaf1efbb001cd9ec5ccb65b8e73c5c0b5f3e48e93b45f16463b3	0123af9e96b58af4e98b91a2de5608d36b63c67864b9041d3340587f3dbe40d2	cfa8dcf0d81c408de38d4202fe1ce9d9e5e301d1e67439c9530da94b1e64ee3f	7484d7b0dd80f45e18d726b04752827fe28555cc5c1af0e127948380e6688abf
semantic-proposal-v1	SC1-94b5df135a1947175f052e0ffd57c6480aa60347f7de8aedca516666bd57e2b4	S016234	2	P01	SYMBOLS.tsv	381472	status	aarch64	include/uapi/linux/major.h	operative_macro	USB_ACM_AUX_MAJOR	154	PENDING_REVIEW			vendor/linux/include/uapi/linux/major.h;vendor/linux/include/uapi/linux/major.h:154;rewrite/configs/aarch64/frozen.config;header_closure=rewrite/metadata/header_closure.tsv;selected=PENDING_REVIEW	425f94c2954b1fe80ebdbf9b29854e89750355df	3e1dbcffdc528f998e98ebd455723af10e20231caede3d4091c9ff69d7ea4b32	05f1654b63cfaaf1efbb001cd9ec5ccb65b8e73c5c0b5f3e48e93b45f16463b3	0123af9e96b58af4e98b91a2de5608d36b63c67864b9041d3340587f3dbe40d2	cfa8dcf0d81c408de38d4202fe1ce9d9e5e301d1e67439c9530da94b1e64ee3f	7484d7b0dd80f45e18d726b04752827fe28555cc5c1af0e127948380e6688abf
semantic-proposal-v1	SC1-a602cd6d56f697c8267c88c63c8e1771690ec9d64d71c57d35a6286fb1bd0e5b	S016234	2	P01	SYMBOLS.tsv	381473	selection_expression	aarch64	include/uapi/linux/major.h	operative_macro	USB_CHAR_MAJOR	155	PENDING_REVIEW			vendor/linux/include/uapi/linux/major.h;vendor/linux/include/uapi/linux/major.h:155;rewrite/configs/aarch64/frozen.config;header_closure=rewrite/metadata/header_closure.tsv;selected=PENDING_REVIEW	425f94c2954b1fe80ebdbf9b29854e89750355df	3e1dbcffdc528f998e98ebd455723af10e20231caede3d4091c9ff69d7ea4b32	05f1654b63cfaaf1efbb001cd9ec5ccb65b8e73c5c0b5f3e48e93b45f16463b3	0123af9e96b58af4e98b91a2de5608d36b63c67864b9041d3340587f3dbe40d2	cfa8dcf0d81c408de38d4202fe1ce9d9e5e301d1e67439c9530da94b1e64ee3f	7484d7b0dd80f45e18d726b04752827fe28555cc5c1af0e127948380e6688abf
semantic-proposal-v1	SC1-b1886a0ffda51d99be1120cdb45374c45fe81e31107d30eb56da65a6f89c50c1	S016234	2	P01	SYMBOLS.tsv	381473	status	aarch64	include/uapi/linux/major.h	operative_macro	USB_CHAR_MAJOR	155	PENDING_REVIEW			vendor/linux/include/uapi/linux/major.h;vendor/linux/include/uapi/linux/major.h:155;rewrite/configs/aarch64/frozen.config;header_closure=rewrite/metadata/header_closure.tsv;selected=PENDING_REVIEW	425f94c2954b1fe80ebdbf9b29854e89750355df	3e1dbcffdc528f998e98ebd455723af10e20231caede3d4091c9ff69d7ea4b32	05f1654b63cfaaf1efbb001cd9ec5ccb65b8e73c5c0b5f3e48e93b45f16463b3	0123af9e96b58af4e98b91a2de5608d36b63c67864b9041d3340587f3dbe40d2	cfa8dcf0d81c408de38d4202fe1ce9d9e5e301d1e67439c9530da94b1e64ee3f	7484d7b0dd80f45e18d726b04752827fe28555cc5c1af0e127948380e6688abf
semantic-proposal-v1	SC1-0b6aa71958ef109871ecde4fd6b4e049828eb159d4d3d80fbc6d142ff54652a7	S016234	2	P01	SYMBOLS.tsv	381474	selection_expression	aarch64	include/uapi/linux/major.h	operative_macro	MMC_BLOCK_MAJOR	157	PENDING_REVIEW			vendor/linux/include/uapi/linux/major.h;vendor/linux/include/uapi/linux/major.h:157;rewrite/configs/aarch64/frozen.config;header_closure=rewrite/metadata/header_closure.tsv;selected=PENDING_REVIEW	425f94c2954b1fe80ebdbf9b29854e89750355df	3e1dbcffdc528f998e98ebd455723af10e20231caede3d4091c9ff69d7ea4b32	05f1654b63cfaaf1efbb001cd9ec5ccb65b8e73c5c0b5f3e48e93b45f16463b3	0123af9e96b58af4e98b91a2de5608d36b63c67864b9041d3340587f3dbe40d2	cfa8dcf0d81c408de38d4202fe1ce9d9e5e301d1e67439c9530da94b1e64ee3f	7484d7b0dd80f45e18d726b04752827fe28555cc5c1af0e127948380e6688abf
semantic-proposal-v1	SC1-303a631971a23bc1778f5554ef5278c6be0857efce97c58eb8da19232feeba63	S016234	2	P01	SYMBOLS.tsv	381474	status	aarch64	include/uapi/linux/major.h	operative_macro	MMC_BLOCK_MAJOR	157	PENDING_REVIEW			vendor/linux/include/uapi/linux/major.h;vendor/linux/include/uapi/linux/major.h:157;rewrite/configs/aarch64/frozen.config;header_closure=rewrite/metadata/header_closure.tsv;selected=PENDING_REVIEW	425f94c2954b1fe80ebdbf9b29854e89750355df	3e1dbcffdc528f998e98ebd455723af10e20231caede3d4091c9ff69d7ea4b32	05f1654b63cfaaf1efbb001cd9ec5ccb65b8e73c5c0b5f3e48e93b45f16463b3	0123af9e96b58af4e98b91a2de5608d36b63c67864b9041d3340587f3dbe40d2	cfa8dcf0d81c408de38d4202fe1ce9d9e5e301d1e67439c9530da94b1e64ee3f	7484d7b0dd80f45e18d726b04752827fe28555cc5c1af0e127948380e6688abf
semantic-proposal-v1	SC1-a7c48b0b153056d5d5943e263efb226ce6791ab1518bfa59f34c193ce5858984	S016234	2	P01	SYMBOLS.tsv	381475	selection_expression	aarch64	include/uapi/linux/major.h	operative_macro	VXVM_MAJOR	159	PENDING_REVIEW			vendor/linux/include/uapi/linux/major.h;vendor/linux/include/uapi/linux/major.h:159;rewrite/configs/aarch64/frozen.config;header_closure=rewrite/metadata/header_closure.tsv;selected=PENDING_REVIEW	425f94c2954b1fe80ebdbf9b29854e89750355df	3e1dbcffdc528f998e98ebd455723af10e20231caede3d4091c9ff69d7ea4b32	05f1654b63cfaaf1efbb001cd9ec5ccb65b8e73c5c0b5f3e48e93b45f16463b3	0123af9e96b58af4e98b91a2de5608d36b63c67864b9041d3340587f3dbe40d2	cfa8dcf0d81c408de38d4202fe1ce9d9e5e301d1e67439c9530da94b1e64ee3f	7484d7b0dd80f45e18d726b04752827fe28555cc5c1af0e127948380e6688abf
semantic-proposal-v1	SC1-43e86fe7c4d4bc85ea6297e049c69375d59459339e2c35acde01e783b1291702	S016234	2	P01	SYMBOLS.tsv	381475	status	aarch64	include/uapi/linux/major.h	operative_macro	VXVM_MAJOR	159	PENDING_REVIEW			vendor/linux/include/uapi/linux/major.h;vendor/linux/include/uapi/linux/major.h:159;rewrite/configs/aarch64/frozen.config;header_closure=rewrite/metadata/header_closure.tsv;selected=PENDING_REVIEW	425f94c2954b1fe80ebdbf9b29854e89750355df	3e1dbcffdc528f998e98ebd455723af10e20231caede3d4091c9ff69d7ea4b32	05f1654b63cfaaf1efbb001cd9ec5ccb65b8e73c5c0b5f3e48e93b45f16463b3	0123af9e96b58af4e98b91a2de5608d36b63c67864b9041d3340587f3dbe40d2	cfa8dcf0d81c408de38d4202fe1ce9d9e5e301d1e67439c9530da94b1e64ee3f	7484d7b0dd80f45e18d726b04752827fe28555cc5c1af0e127948380e6688abf
semantic-proposal-v1	SC1-6aec90fa46b8bdf88d4c5470b07665b23f6a4905777889f57c6d28296f2e94c1	S016234	2	P01	SYMBOLS.tsv	381476	selection_expression	aarch64	include/uapi/linux/major.h	operative_macro	VXSPEC_MAJOR	160	PENDING_REVIEW			vendor/linux/include/uapi/linux/major.h;vendor/linux/include/uapi/linux/major.h:160;rewrite/configs/aarch64/frozen.config;header_closure=rewrite/metadata/header_closure.tsv;selected=PENDING_REVIEW	425f94c2954b1fe80ebdbf9b29854e89750355df	3e1dbcffdc528f998e98ebd455723af10e20231caede3d4091c9ff69d7ea4b32	05f1654b63cfaaf1efbb001cd9ec5ccb65b8e73c5c0b5f3e48e93b45f16463b3	0123af9e96b58af4e98b91a2de5608d36b63c67864b9041d3340587f3dbe40d2	cfa8dcf0d81c408de38d4202fe1ce9d9e5e301d1e67439c9530da94b1e64ee3f	7484d7b0dd80f45e18d726b04752827fe28555cc5c1af0e127948380e6688abf
semantic-proposal-v1	SC1-12ca68b12f77cc88450b68e645f7f3a29543ff89c046bd93519540530f5217c0	S016234	2	P01	SYMBOLS.tsv	381476	status	aarch64	include/uapi/linux/major.h	operative_macro	VXSPEC_MAJOR	160	PENDING_REVIEW			vendor/linux/include/uapi/linux/major.h;vendor/linux/include/uapi/linux/major.h:160;rewrite/configs/aarch64/frozen.config;header_closure=rewrite/metadata/header_closure.tsv;selected=PENDING_REVIEW	425f94c2954b1fe80ebdbf9b29854e89750355df	3e1dbcffdc528f998e98ebd455723af10e20231caede3d4091c9ff69d7ea4b32	05f1654b63cfaaf1efbb001cd9ec5ccb65b8e73c5c0b5f3e48e93b45f16463b3	0123af9e96b58af4e98b91a2de5608d36b63c67864b9041d3340587f3dbe40d2	cfa8dcf0d81c408de38d4202fe1ce9d9e5e301d1e67439c9530da94b1e64ee3f	7484d7b0dd80f45e18d726b04752827fe28555cc5c1af0e127948380e6688abf
semantic-proposal-v1	SC1-a84bc0ab4cc60e8ba25e6eeedc855463da84ce7d0ab28c06f37b599714ecd61a	S016234	2	P01	SYMBOLS.tsv	381477	selection_expression	aarch64	include/uapi/linux/major.h	operative_macro	VXDMP_MAJOR	161	PENDING_REVIEW			vendor/linux/include/uapi/linux/major.h;vendor/linux/include/uapi/linux/major.h:161;rewrite/configs/aarch64/frozen.config;header_closure=rewrite/metadata/header_closure.tsv;selected=PENDING_REVIEW	425f94c2954b1fe80ebdbf9b29854e89750355df	3e1dbcffdc528f998e98ebd455723af10e20231caede3d4091c9ff69d7ea4b32	05f1654b63cfaaf1efbb001cd9ec5ccb65b8e73c5c0b5f3e48e93b45f16463b3	0123af9e96b58af4e98b91a2de5608d36b63c67864b9041d3340587f3dbe40d2	cfa8dcf0d81c408de38d4202fe1ce9d9e5e301d1e67439c9530da94b1e64ee3f	7484d7b0dd80f45e18d726b04752827fe28555cc5c1af0e127948380e6688abf
semantic-proposal-v1	SC1-c891ca398cace967ee5783bfcc78ee23f1b370b0228b0ab3f315700c9354ada2	S016234	2	P01	SYMBOLS.tsv	381477	status	aarch64	include/uapi/linux/major.h	operative_macro	VXDMP_MAJOR	161	PENDING_REVIEW			vendor/linux/include/uapi/linux/major.h;vendor/linux/include/uapi/linux/major.h:161;rewrite/configs/aarch64/frozen.config;header_closure=rewrite/metadata/header_closure.tsv;selected=PENDING_REVIEW	425f94c2954b1fe80ebdbf9b29854e89750355df	3e1dbcffdc528f998e98ebd455723af10e20231caede3d4091c9ff69d7ea4b32	05f1654b63cfaaf1efbb001cd9ec5ccb65b8e73c5c0b5f3e48e93b45f16463b3	0123af9e96b58af4e98b91a2de5608d36b63c67864b9041d3340587f3dbe40d2	cfa8dcf0d81c408de38d4202fe1ce9d9e5e301d1e67439c9530da94b1e64ee3f	7484d7b0dd80f45e18d726b04752827fe28555cc5c1af0e127948380e6688abf
semantic-proposal-v1	SC1-e564d7e7cb07122c93d9662d9847bdafe3f9054b8bf00d0f70d01c1ac59d88f7	S016234	2	P01	SYMBOLS.tsv	381478	selection_expression	aarch64	include/uapi/linux/major.h	operative_macro	XENVBD_MAJOR	163	PENDING_REVIEW			vendor/linux/include/uapi/linux/major.h;vendor/linux/include/uapi/linux/major.h:163;rewrite/configs/aarch64/frozen.config;header_closure=rewrite/metadata/header_closure.tsv;selected=PENDING_REVIEW	425f94c2954b1fe80ebdbf9b29854e89750355df	3e1dbcffdc528f998e98ebd455723af10e20231caede3d4091c9ff69d7ea4b32	05f1654b63cfaaf1efbb001cd9ec5ccb65b8e73c5c0b5f3e48e93b45f16463b3	0123af9e96b58af4e98b91a2de5608d36b63c67864b9041d3340587f3dbe40d2	cfa8dcf0d81c408de38d4202fe1ce9d9e5e301d1e67439c9530da94b1e64ee3f	7484d7b0dd80f45e18d726b04752827fe28555cc5c1af0e127948380e6688abf
semantic-proposal-v1	SC1-08d3916b0a5446c31009882ef77536bfb4cd121384869dfa236ac798aac0e9fe	S016234	2	P01	SYMBOLS.tsv	381478	status	aarch64	include/uapi/linux/major.h	operative_macro	XENVBD_MAJOR	163	PENDING_REVIEW			vendor/linux/include/uapi/linux/major.h;vendor/linux/include/uapi/linux/major.h:163;rewrite/configs/aarch64/frozen.config;header_closure=rewrite/metadata/header_closure.tsv;selected=PENDING_REVIEW	425f94c2954b1fe80ebdbf9b29854e89750355df	3e1dbcffdc528f998e98ebd455723af10e20231caede3d4091c9ff69d7ea4b32	05f1654b63cfaaf1efbb001cd9ec5ccb65b8e73c5c0b5f3e48e93b45f16463b3	0123af9e96b58af4e98b91a2de5608d36b63c67864b9041d3340587f3dbe40d2	cfa8dcf0d81c408de38d4202fe1ce9d9e5e301d1e67439c9530da94b1e64ee3f	7484d7b0dd80f45e18d726b04752827fe28555cc5c1af0e127948380e6688abf
semantic-proposal-v1	SC1-38fdccaaf8e2accbc06ada0c54074984f0393289765c65d36968aa83c557d19b	S016234	2	P01	SYMBOLS.tsv	381479	selection_expression	aarch64	include/uapi/linux/major.h	operative_macro	MSR_MAJOR	165	PENDING_REVIEW			vendor/linux/include/uapi/linux/major.h;vendor/linux/include/uapi/linux/major.h:165;rewrite/configs/aarch64/frozen.config;header_closure=rewrite/metadata/header_closure.tsv;selected=PENDING_REVIEW	425f94c2954b1fe80ebdbf9b29854e89750355df	3e1dbcffdc528f998e98ebd455723af10e20231caede3d4091c9ff69d7ea4b32	05f1654b63cfaaf1efbb001cd9ec5ccb65b8e73c5c0b5f3e48e93b45f16463b3	0123af9e96b58af4e98b91a2de5608d36b63c67864b9041d3340587f3dbe40d2	cfa8dcf0d81c408de38d4202fe1ce9d9e5e301d1e67439c9530da94b1e64ee3f	7484d7b0dd80f45e18d726b04752827fe28555cc5c1af0e127948380e6688abf
semantic-proposal-v1	SC1-1819257a1427c0cf33990535c399af053cfc064303de88d84efd205f70eefd46	S016234	2	P01	SYMBOLS.tsv	381479	status	aarch64	include/uapi/linux/major.h	operative_macro	MSR_MAJOR	165	PENDING_REVIEW			vendor/linux/include/uapi/linux/major.h;vendor/linux/include/uapi/linux/major.h:165;rewrite/configs/aarch64/frozen.config;header_closure=rewrite/metadata/header_closure.tsv;selected=PENDING_REVIEW	425f94c2954b1fe80ebdbf9b29854e89750355df	3e1dbcffdc528f998e98ebd455723af10e20231caede3d4091c9ff69d7ea4b32	05f1654b63cfaaf1efbb001cd9ec5ccb65b8e73c5c0b5f3e48e93b45f16463b3	0123af9e96b58af4e98b91a2de5608d36b63c67864b9041d3340587f3dbe40d2	cfa8dcf0d81c408de38d4202fe1ce9d9e5e301d1e67439c9530da94b1e64ee3f	7484d7b0dd80f45e18d726b04752827fe28555cc5c1af0e127948380e6688abf
semantic-proposal-v1	SC1-5c1fcfd6008d8b75adacc270adbca9cd193a154d5c0b9444928faebd5733bdc7	S016234	2	P01	SYMBOLS.tsv	381480	selection_expression	aarch64	include/uapi/linux/major.h	operative_macro	CPUID_MAJOR	166	PENDING_REVIEW			vendor/linux/include/uapi/linux/major.h;vendor/linux/include/uapi/linux/major.h:166;rewrite/configs/aarch64/frozen.config;header_closure=rewrite/metadata/header_closure.tsv;selected=PENDING_REVIEW	425f94c2954b1fe80ebdbf9b29854e89750355df	3e1dbcffdc528f998e98ebd455723af10e20231caede3d4091c9ff69d7ea4b32	05f1654b63cfaaf1efbb001cd9ec5ccb65b8e73c5c0b5f3e48e93b45f16463b3	0123af9e96b58af4e98b91a2de5608d36b63c67864b9041d3340587f3dbe40d2	cfa8dcf0d81c408de38d4202fe1ce9d9e5e301d1e67439c9530da94b1e64ee3f	7484d7b0dd80f45e18d726b04752827fe28555cc5c1af0e127948380e6688abf
semantic-proposal-v1	SC1-97090b98858c0eab3b9341851496da8e24b3b189000599024520344d8d34710a	S016234	2	P01	SYMBOLS.tsv	381480	status	aarch64	include/uapi/linux/major.h	operative_macro	CPUID_MAJOR	166	PENDING_REVIEW			vendor/linux/include/uapi/linux/major.h;vendor/linux/include/uapi/linux/major.h:166;rewrite/configs/aarch64/frozen.config;header_closure=rewrite/metadata/header_closure.tsv;selected=PENDING_REVIEW	425f94c2954b1fe80ebdbf9b29854e89750355df	3e1dbcffdc528f998e98ebd455723af10e20231caede3d4091c9ff69d7ea4b32	05f1654b63cfaaf1efbb001cd9ec5ccb65b8e73c5c0b5f3e48e93b45f16463b3	0123af9e96b58af4e98b91a2de5608d36b63c67864b9041d3340587f3dbe40d2	cfa8dcf0d81c408de38d4202fe1ce9d9e5e301d1e67439c9530da94b1e64ee3f	7484d7b0dd80f45e18d726b04752827fe28555cc5c1af0e127948380e6688abf
semantic-proposal-v1	SC1-4a277facd902fec717d5681f99180de7477a5a49379c5ab661ed6160b5ea62d5	S016234	2	P01	SYMBOLS.tsv	381481	selection_expression	aarch64	include/uapi/linux/major.h	operative_macro	OSST_MAJOR	168	PENDING_REVIEW			vendor/linux/include/uapi/linux/major.h;vendor/linux/include/uapi/linux/major.h:168;rewrite/configs/aarch64/frozen.config;header_closure=rewrite/metadata/header_closure.tsv;selected=PENDING_REVIEW	425f94c2954b1fe80ebdbf9b29854e89750355df	3e1dbcffdc528f998e98ebd455723af10e20231caede3d4091c9ff69d7ea4b32	05f1654b63cfaaf1efbb001cd9ec5ccb65b8e73c5c0b5f3e48e93b45f16463b3	0123af9e96b58af4e98b91a2de5608d36b63c67864b9041d3340587f3dbe40d2	cfa8dcf0d81c408de38d4202fe1ce9d9e5e301d1e67439c9530da94b1e64ee3f	7484d7b0dd80f45e18d726b04752827fe28555cc5c1af0e127948380e6688abf
semantic-proposal-v1	SC1-b1cccf24e6d44f8b8fd408da87e72553ecacf1f0e175491fca0db9ff6b967b78	S016234	2	P01	SYMBOLS.tsv	381481	status	aarch64	include/uapi/linux/major.h	operative_macro	OSST_MAJOR	168	PENDING_REVIEW			vendor/linux/include/uapi/linux/major.h;vendor/linux/include/uapi/linux/major.h:168;rewrite/configs/aarch64/frozen.config;header_closure=rewrite/metadata/header_closure.tsv;selected=PENDING_REVIEW	425f94c2954b1fe80ebdbf9b29854e89750355df	3e1dbcffdc528f998e98ebd455723af10e20231caede3d4091c9ff69d7ea4b32	05f1654b63cfaaf1efbb001cd9ec5ccb65b8e73c5c0b5f3e48e93b45f16463b3	0123af9e96b58af4e98b91a2de5608d36b63c67864b9041d3340587f3dbe40d2	cfa8dcf0d81c408de38d4202fe1ce9d9e5e301d1e67439c9530da94b1e64ee3f	7484d7b0dd80f45e18d726b04752827fe28555cc5c1af0e127948380e6688abf
semantic-proposal-v1	SC1-f3a2887cb2187bb20fd232a605d6c438d4edb2152465a1f139978d89ceac2d79	S016234	2	P01	SYMBOLS.tsv	381482	selection_expression	aarch64	include/uapi/linux/major.h	operative_macro	IBM_TTY3270_MAJOR	170	PENDING_REVIEW			vendor/linux/include/uapi/linux/major.h;vendor/linux/include/uapi/linux/major.h:170;rewrite/configs/aarch64/frozen.config;header_closure=rewrite/metadata/header_closure.tsv;selected=PENDING_REVIEW	425f94c2954b1fe80ebdbf9b29854e89750355df	3e1dbcffdc528f998e98ebd455723af10e20231caede3d4091c9ff69d7ea4b32	05f1654b63cfaaf1efbb001cd9ec5ccb65b8e73c5c0b5f3e48e93b45f16463b3	0123af9e96b58af4e98b91a2de5608d36b63c67864b9041d3340587f3dbe40d2	cfa8dcf0d81c408de38d4202fe1ce9d9e5e301d1e67439c9530da94b1e64ee3f	7484d7b0dd80f45e18d726b04752827fe28555cc5c1af0e127948380e6688abf
semantic-proposal-v1	SC1-0b45ea2a68c75d93148ac17e8e6a452502a2f18e8db0774245dd29eaebe0d79f	S016234	2	P01	SYMBOLS.tsv	381482	status	aarch64	include/uapi/linux/major.h	operative_macro	IBM_TTY3270_MAJOR	170	PENDING_REVIEW			vendor/linux/include/uapi/linux/major.h;vendor/linux/include/uapi/linux/major.h:170;rewrite/configs/aarch64/frozen.config;header_closure=rewrite/metadata/header_closure.tsv;selected=PENDING_REVIEW	425f94c2954b1fe80ebdbf9b29854e89750355df	3e1dbcffdc528f998e98ebd455723af10e20231caede3d4091c9ff69d7ea4b32	05f1654b63cfaaf1efbb001cd9ec5ccb65b8e73c5c0b5f3e48e93b45f16463b3	0123af9e96b58af4e98b91a2de5608d36b63c67864b9041d3340587f3dbe40d2	cfa8dcf0d81c408de38d4202fe1ce9d9e5e301d1e67439c9530da94b1e64ee3f	7484d7b0dd80f45e18d726b04752827fe28555cc5c1af0e127948380e6688abf
semantic-proposal-v1	SC1-b23f038bdd2a1e874a58c61588b864a78535a5a50531582d765dcc339494ae88	S016234	2	P01	SYMBOLS.tsv	381483	selection_expression	aarch64	include/uapi/linux/major.h	operative_macro	IBM_FS3270_MAJOR	171	PENDING_REVIEW			vendor/linux/include/uapi/linux/major.h;vendor/linux/include/uapi/linux/major.h:171;rewrite/configs/aarch64/frozen.config;header_closure=rewrite/metadata/header_closure.tsv;selected=PENDING_REVIEW	425f94c2954b1fe80ebdbf9b29854e89750355df	3e1dbcffdc528f998e98ebd455723af10e20231caede3d4091c9ff69d7ea4b32	05f1654b63cfaaf1efbb001cd9ec5ccb65b8e73c5c0b5f3e48e93b45f16463b3	0123af9e96b58af4e98b91a2de5608d36b63c67864b9041d3340587f3dbe40d2	cfa8dcf0d81c408de38d4202fe1ce9d9e5e301d1e67439c9530da94b1e64ee3f	7484d7b0dd80f45e18d726b04752827fe28555cc5c1af0e127948380e6688abf
semantic-proposal-v1	SC1-31ef5fee7762f804499de76024b10b73ab81962bf316061dae6edd97bd7ef009	S016234	2	P01	SYMBOLS.tsv	381483	status	aarch64	include/uapi/linux/major.h	operative_macro	IBM_FS3270_MAJOR	171	PENDING_REVIEW			vendor/linux/include/uapi/linux/major.h;vendor/linux/include/uapi/linux/major.h:171;rewrite/configs/aarch64/frozen.config;header_closure=rewrite/metadata/header_closure.tsv;selected=PENDING_REVIEW	425f94c2954b1fe80ebdbf9b29854e89750355df	3e1dbcffdc528f998e98ebd455723af10e20231caede3d4091c9ff69d7ea4b32	05f1654b63cfaaf1efbb001cd9ec5ccb65b8e73c5c0b5f3e48e93b45f16463b3	0123af9e96b58af4e98b91a2de5608d36b63c67864b9041d3340587f3dbe40d2	cfa8dcf0d81c408de38d4202fe1ce9d9e5e301d1e67439c9530da94b1e64ee3f	7484d7b0dd80f45e18d726b04752827fe28555cc5c1af0e127948380e6688abf
semantic-proposal-v1	SC1-e0dbc47aa8e5bf1ef42653154f76d4b7d43ea9544bc9b9eaede161925b4cae68	S016234	2	P01	SYMBOLS.tsv	381484	selection_expression	aarch64	include/uapi/linux/major.h	operative_macro	VIOTAPE_MAJOR	173	PENDING_REVIEW			vendor/linux/include/uapi/linux/major.h;vendor/linux/include/uapi/linux/major.h:173;rewrite/configs/aarch64/frozen.config;header_closure=rewrite/metadata/header_closure.tsv;selected=PENDING_REVIEW	425f94c2954b1fe80ebdbf9b29854e89750355df	3e1dbcffdc528f998e98ebd455723af10e20231caede3d4091c9ff69d7ea4b32	05f1654b63cfaaf1efbb001cd9ec5ccb65b8e73c5c0b5f3e48e93b45f16463b3	0123af9e96b58af4e98b91a2de5608d36b63c67864b9041d3340587f3dbe40d2	cfa8dcf0d81c408de38d4202fe1ce9d9e5e301d1e67439c9530da94b1e64ee3f	7484d7b0dd80f45e18d726b04752827fe28555cc5c1af0e127948380e6688abf
semantic-proposal-v1	SC1-0681a67f169ae1fccbbfbc9360e256b1836695f7d4c61b4e6de8b7b9e5806496	S016234	2	P01	SYMBOLS.tsv	381484	status	aarch64	include/uapi/linux/major.h	operative_macro	VIOTAPE_MAJOR	173	PENDING_REVIEW			vendor/linux/include/uapi/linux/major.h;vendor/linux/include/uapi/linux/major.h:173;rewrite/configs/aarch64/frozen.config;header_closure=rewrite/metadata/header_closure.tsv;selected=PENDING_REVIEW	425f94c2954b1fe80ebdbf9b29854e89750355df	3e1dbcffdc528f998e98ebd455723af10e20231caede3d4091c9ff69d7ea4b32	05f1654b63cfaaf1efbb001cd9ec5ccb65b8e73c5c0b5f3e48e93b45f16463b3	0123af9e96b58af4e98b91a2de5608d36b63c67864b9041d3340587f3dbe40d2	cfa8dcf0d81c408de38d4202fe1ce9d9e5e301d1e67439c9530da94b1e64ee3f	7484d7b0dd80f45e18d726b04752827fe28555cc5c1af0e127948380e6688abf
semantic-proposal-v1	SC1-53316fdf33a8b0c04dc5e8d36fa361e4bd4946b07606b6b4a7fc9747fa52613a	S016234	2	P01	SYMBOLS.tsv	381485	selection_expression	aarch64	include/uapi/linux/major.h	operative_macro	BLOCK_EXT_MAJOR	175	PENDING_REVIEW			vendor/linux/include/uapi/linux/major.h;vendor/linux/include/uapi/linux/major.h:175;rewrite/configs/aarch64/frozen.config;header_closure=rewrite/metadata/header_closure.tsv;selected=PENDING_REVIEW	425f94c2954b1fe80ebdbf9b29854e89750355df	3e1dbcffdc528f998e98ebd455723af10e20231caede3d4091c9ff69d7ea4b32	05f1654b63cfaaf1efbb001cd9ec5ccb65b8e73c5c0b5f3e48e93b45f16463b3	0123af9e96b58af4e98b91a2de5608d36b63c67864b9041d3340587f3dbe40d2	cfa8dcf0d81c408de38d4202fe1ce9d9e5e301d1e67439c9530da94b1e64ee3f	7484d7b0dd80f45e18d726b04752827fe28555cc5c1af0e127948380e6688abf
semantic-proposal-v1	SC1-7e05c2a92489c8bbb1484309ce612ec3f55b5d53033e83e19386e149fb67c722	S016234	2	P01	SYMBOLS.tsv	381485	status	aarch64	include/uapi/linux/major.h	operative_macro	BLOCK_EXT_MAJOR	175	PENDING_REVIEW			vendor/linux/include/uapi/linux/major.h;vendor/linux/include/uapi/linux/major.h:175;rewrite/configs/aarch64/frozen.config;header_closure=rewrite/metadata/header_closure.tsv;selected=PENDING_REVIEW	425f94c2954b1fe80ebdbf9b29854e89750355df	3e1dbcffdc528f998e98ebd455723af10e20231caede3d4091c9ff69d7ea4b32	05f1654b63cfaaf1efbb001cd9ec5ccb65b8e73c5c0b5f3e48e93b45f16463b3	0123af9e96b58af4e98b91a2de5608d36b63c67864b9041d3340587f3dbe40d2	cfa8dcf0d81c408de38d4202fe1ce9d9e5e301d1e67439c9530da94b1e64ee3f	7484d7b0dd80f45e18d726b04752827fe28555cc5c1af0e127948380e6688abf
semantic-proposal-v1	SC1-5e9679ccedeb53295c0fd128ef7b87c66cf11afe73a5d07ea1fb1d3717f04d18	S016234	2	P01	SYMBOLS.tsv	381486	selection_expression	aarch64	include/uapi/linux/major.h	operative_macro	SCSI_OSD_MAJOR	176	PENDING_REVIEW			vendor/linux/include/uapi/linux/major.h;vendor/linux/include/uapi/linux/major.h:176;rewrite/configs/aarch64/frozen.config;header_closure=rewrite/metadata/header_closure.tsv;selected=PENDING_REVIEW	425f94c2954b1fe80ebdbf9b29854e89750355df	3e1dbcffdc528f998e98ebd455723af10e20231caede3d4091c9ff69d7ea4b32	05f1654b63cfaaf1efbb001cd9ec5ccb65b8e73c5c0b5f3e48e93b45f16463b3	0123af9e96b58af4e98b91a2de5608d36b63c67864b9041d3340587f3dbe40d2	cfa8dcf0d81c408de38d4202fe1ce9d9e5e301d1e67439c9530da94b1e64ee3f	7484d7b0dd80f45e18d726b04752827fe28555cc5c1af0e127948380e6688abf
semantic-proposal-v1	SC1-08858f86b339f5389fe586c077a980b5380fe3f278ed162b7fee2d429a70dda3	S016234	2	P01	SYMBOLS.tsv	381486	status	aarch64	include/uapi/linux/major.h	operative_macro	SCSI_OSD_MAJOR	176	PENDING_REVIEW			vendor/linux/include/uapi/linux/major.h;vendor/linux/include/uapi/linux/major.h:176;rewrite/configs/aarch64/frozen.config;header_closure=rewrite/metadata/header_closure.tsv;selected=PENDING_REVIEW	425f94c2954b1fe80ebdbf9b29854e89750355df	3e1dbcffdc528f998e98ebd455723af10e20231caede3d4091c9ff69d7ea4b32	05f1654b63cfaaf1efbb001cd9ec5ccb65b8e73c5c0b5f3e48e93b45f16463b3	0123af9e96b58af4e98b91a2de5608d36b63c67864b9041d3340587f3dbe40d2	cfa8dcf0d81c408de38d4202fe1ce9d9e5e301d1e67439c9530da94b1e64ee3f	7484d7b0dd80f45e18d726b04752827fe28555cc5c1af0e127948380e6688abf
semantic-proposal-v1	SC1-740102c75dff911b18f7e8a0953f0d10da4e7015bf6efe19b070a3d823f5b019	S016234	2	P01	SYMBOLS.tsv	381487	status	x86_64	include/uapi/linux/major.h	conditional	ifndef@2	2	PENDING_REVIEW			vendor/linux/include/uapi/linux/major.h;vendor/linux/include/uapi/linux/major.h:2;rewrite/configs/x86_64/frozen.config;header_closure=rewrite/metadata/header_closure.tsv;selected=PENDING_REVIEW	425f94c2954b1fe80ebdbf9b29854e89750355df	3e1dbcffdc528f998e98ebd455723af10e20231caede3d4091c9ff69d7ea4b32	05f1654b63cfaaf1efbb001cd9ec5ccb65b8e73c5c0b5f3e48e93b45f16463b3	0123af9e96b58af4e98b91a2de5608d36b63c67864b9041d3340587f3dbe40d2	cfa8dcf0d81c408de38d4202fe1ce9d9e5e301d1e67439c9530da94b1e64ee3f	7484d7b0dd80f45e18d726b04752827fe28555cc5c1af0e127948380e6688abf
semantic-proposal-v1	SC1-6c95eeaa7294e78bbb04ce477b26cedb6eb134a13600a9d018df73fc6d5461f5	S016234	2	P01	SYMBOLS.tsv	381488	status	x86_64	include/uapi/linux/major.h	conditional	endif@178	178	PENDING_REVIEW			vendor/linux/include/uapi/linux/major.h;vendor/linux/include/uapi/linux/major.h:178;rewrite/configs/x86_64/frozen.config;header_closure=rewrite/metadata/header_closure.tsv;selected=PENDING_REVIEW	425f94c2954b1fe80ebdbf9b29854e89750355df	3e1dbcffdc528f998e98ebd455723af10e20231caede3d4091c9ff69d7ea4b32	05f1654b63cfaaf1efbb001cd9ec5ccb65b8e73c5c0b5f3e48e93b45f16463b3	0123af9e96b58af4e98b91a2de5608d36b63c67864b9041d3340587f3dbe40d2	cfa8dcf0d81c408de38d4202fe1ce9d9e5e301d1e67439c9530da94b1e64ee3f	7484d7b0dd80f45e18d726b04752827fe28555cc5c1af0e127948380e6688abf
semantic-proposal-v1	SC1-d7c3b3218dd7471aa25353f2e7983dcabfd30c31c4bfcd9c9a236c8ec9cee73f	S016234	2	P01	SYMBOLS.tsv	381489	selection_expression	x86_64	include/uapi/linux/major.h	operative_macro	_LINUX_MAJOR_H	3	PENDING_REVIEW			vendor/linux/include/uapi/linux/major.h;vendor/linux/include/uapi/linux/major.h:3;rewrite/configs/x86_64/frozen.config;header_closure=rewrite/metadata/header_closure.tsv;selected=PENDING_REVIEW	425f94c2954b1fe80ebdbf9b29854e89750355df	3e1dbcffdc528f998e98ebd455723af10e20231caede3d4091c9ff69d7ea4b32	05f1654b63cfaaf1efbb001cd9ec5ccb65b8e73c5c0b5f3e48e93b45f16463b3	0123af9e96b58af4e98b91a2de5608d36b63c67864b9041d3340587f3dbe40d2	cfa8dcf0d81c408de38d4202fe1ce9d9e5e301d1e67439c9530da94b1e64ee3f	7484d7b0dd80f45e18d726b04752827fe28555cc5c1af0e127948380e6688abf
semantic-proposal-v1	SC1-13da64966063199f61e9a4fd2d16fc160147f3eee3583975e4581519ac12d886	S016234	2	P01	SYMBOLS.tsv	381489	status	x86_64	include/uapi/linux/major.h	operative_macro	_LINUX_MAJOR_H	3	PENDING_REVIEW			vendor/linux/include/uapi/linux/major.h;vendor/linux/include/uapi/linux/major.h:3;rewrite/configs/x86_64/frozen.config;header_closure=rewrite/metadata/header_closure.tsv;selected=PENDING_REVIEW	425f94c2954b1fe80ebdbf9b29854e89750355df	3e1dbcffdc528f998e98ebd455723af10e20231caede3d4091c9ff69d7ea4b32	05f1654b63cfaaf1efbb001cd9ec5ccb65b8e73c5c0b5f3e48e93b45f16463b3	0123af9e96b58af4e98b91a2de5608d36b63c67864b9041d3340587f3dbe40d2	cfa8dcf0d81c408de38d4202fe1ce9d9e5e301d1e67439c9530da94b1e64ee3f	7484d7b0dd80f45e18d726b04752827fe28555cc5c1af0e127948380e6688abf
semantic-proposal-v1	SC1-18a12cb67b4060d07ee9c6cf3a5176cc73e87933856ca68cc7bc112343b3299b	S016234	2	P01	SYMBOLS.tsv	381490	selection_expression	x86_64	include/uapi/linux/major.h	operative_macro	UNNAMED_MAJOR	10	PENDING_REVIEW			vendor/linux/include/uapi/linux/major.h;vendor/linux/include/uapi/linux/major.h:10;rewrite/configs/x86_64/frozen.config;header_closure=rewrite/metadata/header_closure.tsv;selected=PENDING_REVIEW	425f94c2954b1fe80ebdbf9b29854e89750355df	3e1dbcffdc528f998e98ebd455723af10e20231caede3d4091c9ff69d7ea4b32	05f1654b63cfaaf1efbb001cd9ec5ccb65b8e73c5c0b5f3e48e93b45f16463b3	0123af9e96b58af4e98b91a2de5608d36b63c67864b9041d3340587f3dbe40d2	cfa8dcf0d81c408de38d4202fe1ce9d9e5e301d1e67439c9530da94b1e64ee3f	7484d7b0dd80f45e18d726b04752827fe28555cc5c1af0e127948380e6688abf
semantic-proposal-v1	SC1-b0853c362285bed5a38f9ba67c926c5448e2df2a0ed8793a16bdbdfbb9abd4a8	S016234	2	P01	SYMBOLS.tsv	381490	status	x86_64	include/uapi/linux/major.h	operative_macro	UNNAMED_MAJOR	10	PENDING_REVIEW			vendor/linux/include/uapi/linux/major.h;vendor/linux/include/uapi/linux/major.h:10;rewrite/configs/x86_64/frozen.config;header_closure=rewrite/metadata/header_closure.tsv;selected=PENDING_REVIEW	425f94c2954b1fe80ebdbf9b29854e89750355df	3e1dbcffdc528f998e98ebd455723af10e20231caede3d4091c9ff69d7ea4b32	05f1654b63cfaaf1efbb001cd9ec5ccb65b8e73c5c0b5f3e48e93b45f16463b3	0123af9e96b58af4e98b91a2de5608d36b63c67864b9041d3340587f3dbe40d2	cfa8dcf0d81c408de38d4202fe1ce9d9e5e301d1e67439c9530da94b1e64ee3f	7484d7b0dd80f45e18d726b04752827fe28555cc5c1af0e127948380e6688abf
semantic-proposal-v1	SC1-179cbf12028a579497e1e852d531d24aaddf831abcf65d59e746a1b06d703605	S016234	2	P01	SYMBOLS.tsv	381491	selection_expression	x86_64	include/uapi/linux/major.h	operative_macro	MEM_MAJOR	11	PENDING_REVIEW			vendor/linux/include/uapi/linux/major.h;vendor/linux/include/uapi/linux/major.h:11;rewrite/configs/x86_64/frozen.config;header_closure=rewrite/metadata/header_closure.tsv;selected=PENDING_REVIEW	425f94c2954b1fe80ebdbf9b29854e89750355df	3e1dbcffdc528f998e98ebd455723af10e20231caede3d4091c9ff69d7ea4b32	05f1654b63cfaaf1efbb001cd9ec5ccb65b8e73c5c0b5f3e48e93b45f16463b3	0123af9e96b58af4e98b91a2de5608d36b63c67864b9041d3340587f3dbe40d2	cfa8dcf0d81c408de38d4202fe1ce9d9e5e301d1e67439c9530da94b1e64ee3f	7484d7b0dd80f45e18d726b04752827fe28555cc5c1af0e127948380e6688abf
semantic-proposal-v1	SC1-6d0f039bb992d5183793df45ad56df203374adf4fd3f576c945db1420e850bee	S016234	2	P01	SYMBOLS.tsv	381491	status	x86_64	include/uapi/linux/major.h	operative_macro	MEM_MAJOR	11	PENDING_REVIEW			vendor/linux/include/uapi/linux/major.h;vendor/linux/include/uapi/linux/major.h:11;rewrite/configs/x86_64/frozen.config;header_closure=rewrite/metadata/header_closure.tsv;selected=PENDING_REVIEW	425f94c2954b1fe80ebdbf9b29854e89750355df	3e1dbcffdc528f998e98ebd455723af10e20231caede3d4091c9ff69d7ea4b32	05f1654b63cfaaf1efbb001cd9ec5ccb65b8e73c5c0b5f3e48e93b45f16463b3	0123af9e96b58af4e98b91a2de5608d36b63c67864b9041d3340587f3dbe40d2	cfa8dcf0d81c408de38d4202fe1ce9d9e5e301d1e67439c9530da94b1e64ee3f	7484d7b0dd80f45e18d726b04752827fe28555cc5c1af0e127948380e6688abf
semantic-proposal-v1	SC1-aceed6e1e3c136e6339139bd3f2842d391a7c6a5ce10c70f92516e782f3a1e90	S016234	2	P01	SYMBOLS.tsv	381492	selection_expression	x86_64	include/uapi/linux/major.h	operative_macro	RAMDISK_MAJOR	12	PENDING_REVIEW			vendor/linux/include/uapi/linux/major.h;vendor/linux/include/uapi/linux/major.h:12;rewrite/configs/x86_64/frozen.config;header_closure=rewrite/metadata/header_closure.tsv;selected=PENDING_REVIEW	425f94c2954b1fe80ebdbf9b29854e89750355df	3e1dbcffdc528f998e98ebd455723af10e20231caede3d4091c9ff69d7ea4b32	05f1654b63cfaaf1efbb001cd9ec5ccb65b8e73c5c0b5f3e48e93b45f16463b3	0123af9e96b58af4e98b91a2de5608d36b63c67864b9041d3340587f3dbe40d2	cfa8dcf0d81c408de38d4202fe1ce9d9e5e301d1e67439c9530da94b1e64ee3f	7484d7b0dd80f45e18d726b04752827fe28555cc5c1af0e127948380e6688abf
semantic-proposal-v1	SC1-67a58e43c97e6624f22ee8b119ac73865a87d30c0019d20e06aee7ca013e8814	S016234	2	P01	SYMBOLS.tsv	381492	status	x86_64	include/uapi/linux/major.h	operative_macro	RAMDISK_MAJOR	12	PENDING_REVIEW			vendor/linux/include/uapi/linux/major.h;vendor/linux/include/uapi/linux/major.h:12;rewrite/configs/x86_64/frozen.config;header_closure=rewrite/metadata/header_closure.tsv;selected=PENDING_REVIEW	425f94c2954b1fe80ebdbf9b29854e89750355df	3e1dbcffdc528f998e98ebd455723af10e20231caede3d4091c9ff69d7ea4b32	05f1654b63cfaaf1efbb001cd9ec5ccb65b8e73c5c0b5f3e48e93b45f16463b3	0123af9e96b58af4e98b91a2de5608d36b63c67864b9041d3340587f3dbe40d2	cfa8dcf0d81c408de38d4202fe1ce9d9e5e301d1e67439c9530da94b1e64ee3f	7484d7b0dd80f45e18d726b04752827fe28555cc5c1af0e127948380e6688abf
semantic-proposal-v1	SC1-f481b7771b6f4bcc40ea4a935e354214b2eb04d7e4d42339b73e479b899ad517	S016234	2	P01	SYMBOLS.tsv	381493	selection_expression	x86_64	include/uapi/linux/major.h	operative_macro	FLOPPY_MAJOR	13	PENDING_REVIEW			vendor/linux/include/uapi/linux/major.h;vendor/linux/include/uapi/linux/major.h:13;rewrite/configs/x86_64/frozen.config;header_closure=rewrite/metadata/header_closure.tsv;selected=PENDING_REVIEW	425f94c2954b1fe80ebdbf9b29854e89750355df	3e1dbcffdc528f998e98ebd455723af10e20231caede3d4091c9ff69d7ea4b32	05f1654b63cfaaf1efbb001cd9ec5ccb65b8e73c5c0b5f3e48e93b45f16463b3	0123af9e96b58af4e98b91a2de5608d36b63c67864b9041d3340587f3dbe40d2	cfa8dcf0d81c408de38d4202fe1ce9d9e5e301d1e67439c9530da94b1e64ee3f	7484d7b0dd80f45e18d726b04752827fe28555cc5c1af0e127948380e6688abf
semantic-proposal-v1	SC1-abf09f93881a2617fb14548992afb2e84f2bd48ca35100cb747345851c3a33f0	S016234	2	P01	SYMBOLS.tsv	381493	status	x86_64	include/uapi/linux/major.h	operative_macro	FLOPPY_MAJOR	13	PENDING_REVIEW			vendor/linux/include/uapi/linux/major.h;vendor/linux/include/uapi/linux/major.h:13;rewrite/configs/x86_64/frozen.config;header_closure=rewrite/metadata/header_closure.tsv;selected=PENDING_REVIEW	425f94c2954b1fe80ebdbf9b29854e89750355df	3e1dbcffdc528f998e98ebd455723af10e20231caede3d4091c9ff69d7ea4b32	05f1654b63cfaaf1efbb001cd9ec5ccb65b8e73c5c0b5f3e48e93b45f16463b3	0123af9e96b58af4e98b91a2de5608d36b63c67864b9041d3340587f3dbe40d2	cfa8dcf0d81c408de38d4202fe1ce9d9e5e301d1e67439c9530da94b1e64ee3f	7484d7b0dd80f45e18d726b04752827fe28555cc5c1af0e127948380e6688abf
semantic-proposal-v1	SC1-9f80a978171fba35adc652cdddaa44a950d5710cd5f03cec1efa5142b0874150	S016234	2	P01	SYMBOLS.tsv	381494	selection_expression	x86_64	include/uapi/linux/major.h	operative_macro	PTY_MASTER_MAJOR	14	PENDING_REVIEW			vendor/linux/include/uapi/linux/major.h;vendor/linux/include/uapi/linux/major.h:14;rewrite/configs/x86_64/frozen.config;header_closure=rewrite/metadata/header_closure.tsv;selected=PENDING_REVIEW	425f94c2954b1fe80ebdbf9b29854e89750355df	3e1dbcffdc528f998e98ebd455723af10e20231caede3d4091c9ff69d7ea4b32	05f1654b63cfaaf1efbb001cd9ec5ccb65b8e73c5c0b5f3e48e93b45f16463b3	0123af9e96b58af4e98b91a2de5608d36b63c67864b9041d3340587f3dbe40d2	cfa8dcf0d81c408de38d4202fe1ce9d9e5e301d1e67439c9530da94b1e64ee3f	7484d7b0dd80f45e18d726b04752827fe28555cc5c1af0e127948380e6688abf
semantic-proposal-v1	SC1-198870062636b6886219f5f580cc373e4e595dee54bf83c22d553bb50e7fbe15	S016234	2	P01	SYMBOLS.tsv	381494	status	x86_64	include/uapi/linux/major.h	operative_macro	PTY_MASTER_MAJOR	14	PENDING_REVIEW			vendor/linux/include/uapi/linux/major.h;vendor/linux/include/uapi/linux/major.h:14;rewrite/configs/x86_64/frozen.config;header_closure=rewrite/metadata/header_closure.tsv;selected=PENDING_REVIEW	425f94c2954b1fe80ebdbf9b29854e89750355df	3e1dbcffdc528f998e98ebd455723af10e20231caede3d4091c9ff69d7ea4b32	05f1654b63cfaaf1efbb001cd9ec5ccb65b8e73c5c0b5f3e48e93b45f16463b3	0123af9e96b58af4e98b91a2de5608d36b63c67864b9041d3340587f3dbe40d2	cfa8dcf0d81c408de38d4202fe1ce9d9e5e301d1e67439c9530da94b1e64ee3f	7484d7b0dd80f45e18d726b04752827fe28555cc5c1af0e127948380e6688abf
semantic-proposal-v1	SC1-428e03844f733b0a76af1b3effc5f8f297ba4841aae42867007e49e3e99ee9d3	S016234	2	P01	SYMBOLS.tsv	381495	selection_expression	x86_64	include/uapi/linux/major.h	operative_macro	IDE0_MAJOR	15	PENDING_REVIEW			vendor/linux/include/uapi/linux/major.h;vendor/linux/include/uapi/linux/major.h:15;rewrite/configs/x86_64/frozen.config;header_closure=rewrite/metadata/header_closure.tsv;selected=PENDING_REVIEW	425f94c2954b1fe80ebdbf9b29854e89750355df	3e1dbcffdc528f998e98ebd455723af10e20231caede3d4091c9ff69d7ea4b32	05f1654b63cfaaf1efbb001cd9ec5ccb65b8e73c5c0b5f3e48e93b45f16463b3	0123af9e96b58af4e98b91a2de5608d36b63c67864b9041d3340587f3dbe40d2	cfa8dcf0d81c408de38d4202fe1ce9d9e5e301d1e67439c9530da94b1e64ee3f	7484d7b0dd80f45e18d726b04752827fe28555cc5c1af0e127948380e6688abf
semantic-proposal-v1	SC1-9f9217f53d1a5ad93b6e6c6142aea0332a4c8d6120ab915932a64af79ad3f9a2	S016234	2	P01	SYMBOLS.tsv	381495	status	x86_64	include/uapi/linux/major.h	operative_macro	IDE0_MAJOR	15	PENDING_REVIEW			vendor/linux/include/uapi/linux/major.h;vendor/linux/include/uapi/linux/major.h:15;rewrite/configs/x86_64/frozen.config;header_closure=rewrite/metadata/header_closure.tsv;selected=PENDING_REVIEW	425f94c2954b1fe80ebdbf9b29854e89750355df	3e1dbcffdc528f998e98ebd455723af10e20231caede3d4091c9ff69d7ea4b32	05f1654b63cfaaf1efbb001cd9ec5ccb65b8e73c5c0b5f3e48e93b45f16463b3	0123af9e96b58af4e98b91a2de5608d36b63c67864b9041d3340587f3dbe40d2	cfa8dcf0d81c408de38d4202fe1ce9d9e5e301d1e67439c9530da94b1e64ee3f	7484d7b0dd80f45e18d726b04752827fe28555cc5c1af0e127948380e6688abf
semantic-proposal-v1	SC1-4062ab02bbd7a8349e12b56b86ed81e7c5cad1219866f96ba478df076406016a	S016234	2	P01	SYMBOLS.tsv	381496	selection_expression	x86_64	include/uapi/linux/major.h	operative_macro	HD_MAJOR	16	PENDING_REVIEW			vendor/linux/include/uapi/linux/major.h;vendor/linux/include/uapi/linux/major.h:16;rewrite/configs/x86_64/frozen.config;header_closure=rewrite/metadata/header_closure.tsv;selected=PENDING_REVIEW	425f94c2954b1fe80ebdbf9b29854e89750355df	3e1dbcffdc528f998e98ebd455723af10e20231caede3d4091c9ff69d7ea4b32	05f1654b63cfaaf1efbb001cd9ec5ccb65b8e73c5c0b5f3e48e93b45f16463b3	0123af9e96b58af4e98b91a2de5608d36b63c67864b9041d3340587f3dbe40d2	cfa8dcf0d81c408de38d4202fe1ce9d9e5e301d1e67439c9530da94b1e64ee3f	7484d7b0dd80f45e18d726b04752827fe28555cc5c1af0e127948380e6688abf
semantic-proposal-v1	SC1-7e737d22382fa0a298260e83f00dd61d32f829c651973cab93b259dfab1a512d	S016234	2	P01	SYMBOLS.tsv	381496	status	x86_64	include/uapi/linux/major.h	operative_macro	HD_MAJOR	16	PENDING_REVIEW			vendor/linux/include/uapi/linux/major.h;vendor/linux/include/uapi/linux/major.h:16;rewrite/configs/x86_64/frozen.config;header_closure=rewrite/metadata/header_closure.tsv;selected=PENDING_REVIEW	425f94c2954b1fe80ebdbf9b29854e89750355df	3e1dbcffdc528f998e98ebd455723af10e20231caede3d4091c9ff69d7ea4b32	05f1654b63cfaaf1efbb001cd9ec5ccb65b8e73c5c0b5f3e48e93b45f16463b3	0123af9e96b58af4e98b91a2de5608d36b63c67864b9041d3340587f3dbe40d2	cfa8dcf0d81c408de38d4202fe1ce9d9e5e301d1e67439c9530da94b1e64ee3f	7484d7b0dd80f45e18d726b04752827fe28555cc5c1af0e127948380e6688abf
semantic-proposal-v1	SC1-189bd0653b01755682d2c366f72ea76967fd865d8d9a2727c0a21434d9d643cb	S016234	2	P01	SYMBOLS.tsv	381497	selection_expression	x86_64	include/uapi/linux/major.h	operative_macro	PTY_SLAVE_MAJOR	17	PENDING_REVIEW			vendor/linux/include/uapi/linux/major.h;vendor/linux/include/uapi/linux/major.h:17;rewrite/configs/x86_64/frozen.config;header_closure=rewrite/metadata/header_closure.tsv;selected=PENDING_REVIEW	425f94c2954b1fe80ebdbf9b29854e89750355df	3e1dbcffdc528f998e98ebd455723af10e20231caede3d4091c9ff69d7ea4b32	05f1654b63cfaaf1efbb001cd9ec5ccb65b8e73c5c0b5f3e48e93b45f16463b3	0123af9e96b58af4e98b91a2de5608d36b63c67864b9041d3340587f3dbe40d2	cfa8dcf0d81c408de38d4202fe1ce9d9e5e301d1e67439c9530da94b1e64ee3f	7484d7b0dd80f45e18d726b04752827fe28555cc5c1af0e127948380e6688abf
semantic-proposal-v1	SC1-91473aa600ecf143ffe3539b040a14a99fc05916d890e88d77113c70e5116fa4	S016234	2	P01	SYMBOLS.tsv	381497	status	x86_64	include/uapi/linux/major.h	operative_macro	PTY_SLAVE_MAJOR	17	PENDING_REVIEW			vendor/linux/include/uapi/linux/major.h;vendor/linux/include/uapi/linux/major.h:17;rewrite/configs/x86_64/frozen.config;header_closure=rewrite/metadata/header_closure.tsv;selected=PENDING_REVIEW	425f94c2954b1fe80ebdbf9b29854e89750355df	3e1dbcffdc528f998e98ebd455723af10e20231caede3d4091c9ff69d7ea4b32	05f1654b63cfaaf1efbb001cd9ec5ccb65b8e73c5c0b5f3e48e93b45f16463b3	0123af9e96b58af4e98b91a2de5608d36b63c67864b9041d3340587f3dbe40d2	cfa8dcf0d81c408de38d4202fe1ce9d9e5e301d1e67439c9530da94b1e64ee3f	7484d7b0dd80f45e18d726b04752827fe28555cc5c1af0e127948380e6688abf
semantic-proposal-v1	SC1-df76a9c1bcb167d7ffebb36339ef24ea780e25209ffabd3524b9d2c0c547f417	S016234	2	P01	SYMBOLS.tsv	381498	selection_expression	x86_64	include/uapi/linux/major.h	operative_macro	TTY_MAJOR	18	PENDING_REVIEW			vendor/linux/include/uapi/linux/major.h;vendor/linux/include/uapi/linux/major.h:18;rewrite/configs/x86_64/frozen.config;header_closure=rewrite/metadata/header_closure.tsv;selected=PENDING_REVIEW	425f94c2954b1fe80ebdbf9b29854e89750355df	3e1dbcffdc528f998e98ebd455723af10e20231caede3d4091c9ff69d7ea4b32	05f1654b63cfaaf1efbb001cd9ec5ccb65b8e73c5c0b5f3e48e93b45f16463b3	0123af9e96b58af4e98b91a2de5608d36b63c67864b9041d3340587f3dbe40d2	cfa8dcf0d81c408de38d4202fe1ce9d9e5e301d1e67439c9530da94b1e64ee3f	7484d7b0dd80f45e18d726b04752827fe28555cc5c1af0e127948380e6688abf
semantic-proposal-v1	SC1-48302490afab19c5eb6581ba06bc401d0dc7bacf2e2bb31f2f81f2f1a653c090	S016234	2	P01	SYMBOLS.tsv	381498	status	x86_64	include/uapi/linux/major.h	operative_macro	TTY_MAJOR	18	PENDING_REVIEW			vendor/linux/include/uapi/linux/major.h;vendor/linux/include/uapi/linux/major.h:18;rewrite/configs/x86_64/frozen.config;header_closure=rewrite/metadata/header_closure.tsv;selected=PENDING_REVIEW	425f94c2954b1fe80ebdbf9b29854e89750355df	3e1dbcffdc528f998e98ebd455723af10e20231caede3d4091c9ff69d7ea4b32	05f1654b63cfaaf1efbb001cd9ec5ccb65b8e73c5c0b5f3e48e93b45f16463b3	0123af9e96b58af4e98b91a2de5608d36b63c67864b9041d3340587f3dbe40d2	cfa8dcf0d81c408de38d4202fe1ce9d9e5e301d1e67439c9530da94b1e64ee3f	7484d7b0dd80f45e18d726b04752827fe28555cc5c1af0e127948380e6688abf
semantic-proposal-v1	SC1-576d23769bc162ec8dc905afc444438566b737d94d473267b526f0e895b74abc	S016234	2	P01	SYMBOLS.tsv	381499	selection_expression	x86_64	include/uapi/linux/major.h	operative_macro	TTYAUX_MAJOR	19	PENDING_REVIEW			vendor/linux/include/uapi/linux/major.h;vendor/linux/include/uapi/linux/major.h:19;rewrite/configs/x86_64/frozen.config;header_closure=rewrite/metadata/header_closure.tsv;selected=PENDING_REVIEW	425f94c2954b1fe80ebdbf9b29854e89750355df	3e1dbcffdc528f998e98ebd455723af10e20231caede3d4091c9ff69d7ea4b32	05f1654b63cfaaf1efbb001cd9ec5ccb65b8e73c5c0b5f3e48e93b45f16463b3	0123af9e96b58af4e98b91a2de5608d36b63c67864b9041d3340587f3dbe40d2	cfa8dcf0d81c408de38d4202fe1ce9d9e5e301d1e67439c9530da94b1e64ee3f	7484d7b0dd80f45e18d726b04752827fe28555cc5c1af0e127948380e6688abf
semantic-proposal-v1	SC1-f46533cb21f82c22783d81d718568687f9da6b2676ce4c6601e2945bf8ffb043	S016234	2	P01	SYMBOLS.tsv	381499	status	x86_64	include/uapi/linux/major.h	operative_macro	TTYAUX_MAJOR	19	PENDING_REVIEW			vendor/linux/include/uapi/linux/major.h;vendor/linux/include/uapi/linux/major.h:19;rewrite/configs/x86_64/frozen.config;header_closure=rewrite/metadata/header_closure.tsv;selected=PENDING_REVIEW	425f94c2954b1fe80ebdbf9b29854e89750355df	3e1dbcffdc528f998e98ebd455723af10e20231caede3d4091c9ff69d7ea4b32	05f1654b63cfaaf1efbb001cd9ec5ccb65b8e73c5c0b5f3e48e93b45f16463b3	0123af9e96b58af4e98b91a2de5608d36b63c67864b9041d3340587f3dbe40d2	cfa8dcf0d81c408de38d4202fe1ce9d9e5e301d1e67439c9530da94b1e64ee3f	7484d7b0dd80f45e18d726b04752827fe28555cc5c1af0e127948380e6688abf
semantic-proposal-v1	SC1-24f5d5c62f176a5e6df17dbc877481a2150ff71453941ed16769c8d8744c7cf5	S016234	2	P01	SYMBOLS.tsv	381500	selection_expression	x86_64	include/uapi/linux/major.h	operative_macro	LP_MAJOR	20	PENDING_REVIEW			vendor/linux/include/uapi/linux/major.h;vendor/linux/include/uapi/linux/major.h:20;rewrite/configs/x86_64/frozen.config;header_closure=rewrite/metadata/header_closure.tsv;selected=PENDING_REVIEW	425f94c2954b1fe80ebdbf9b29854e89750355df	3e1dbcffdc528f998e98ebd455723af10e20231caede3d4091c9ff69d7ea4b32	05f1654b63cfaaf1efbb001cd9ec5ccb65b8e73c5c0b5f3e48e93b45f16463b3	0123af9e96b58af4e98b91a2de5608d36b63c67864b9041d3340587f3dbe40d2	cfa8dcf0d81c408de38d4202fe1ce9d9e5e301d1e67439c9530da94b1e64ee3f	7484d7b0dd80f45e18d726b04752827fe28555cc5c1af0e127948380e6688abf
semantic-proposal-v1	SC1-f934310d251942a3a222919d601e15ec02a54fcf9a15ceb22689ef3aa8f350e6	S016234	2	P01	SYMBOLS.tsv	381500	status	x86_64	include/uapi/linux/major.h	operative_macro	LP_MAJOR	20	PENDING_REVIEW			vendor/linux/include/uapi/linux/major.h;vendor/linux/include/uapi/linux/major.h:20;rewrite/configs/x86_64/frozen.config;header_closure=rewrite/metadata/header_closure.tsv;selected=PENDING_REVIEW	425f94c2954b1fe80ebdbf9b29854e89750355df	3e1dbcffdc528f998e98ebd455723af10e20231caede3d4091c9ff69d7ea4b32	05f1654b63cfaaf1efbb001cd9ec5ccb65b8e73c5c0b5f3e48e93b45f16463b3	0123af9e96b58af4e98b91a2de5608d36b63c67864b9041d3340587f3dbe40d2	cfa8dcf0d81c408de38d4202fe1ce9d9e5e301d1e67439c9530da94b1e64ee3f	7484d7b0dd80f45e18d726b04752827fe28555cc5c1af0e127948380e6688abf
semantic-proposal-v1	SC1-8c719ccf50ec011e0fb1a1a7fba717c5b69b35512a80009378cf9009c52b89fa	S016234	2	P01	SYMBOLS.tsv	381501	selection_expression	x86_64	include/uapi/linux/major.h	operative_macro	VCS_MAJOR	21	PENDING_REVIEW			vendor/linux/include/uapi/linux/major.h;vendor/linux/include/uapi/linux/major.h:21;rewrite/configs/x86_64/frozen.config;header_closure=rewrite/metadata/header_closure.tsv;selected=PENDING_REVIEW	425f94c2954b1fe80ebdbf9b29854e89750355df	3e1dbcffdc528f998e98ebd455723af10e20231caede3d4091c9ff69d7ea4b32	05f1654b63cfaaf1efbb001cd9ec5ccb65b8e73c5c0b5f3e48e93b45f16463b3	0123af9e96b58af4e98b91a2de5608d36b63c67864b9041d3340587f3dbe40d2	cfa8dcf0d81c408de38d4202fe1ce9d9e5e301d1e67439c9530da94b1e64ee3f	7484d7b0dd80f45e18d726b04752827fe28555cc5c1af0e127948380e6688abf
semantic-proposal-v1	SC1-d4eb437d9e06a4849cfde1de42670caa99ec0b6c2c19dd9d6bee6c4b97576b62	S016234	2	P01	SYMBOLS.tsv	381501	status	x86_64	include/uapi/linux/major.h	operative_macro	VCS_MAJOR	21	PENDING_REVIEW			vendor/linux/include/uapi/linux/major.h;vendor/linux/include/uapi/linux/major.h:21;rewrite/configs/x86_64/frozen.config;header_closure=rewrite/metadata/header_closure.tsv;selected=PENDING_REVIEW	425f94c2954b1fe80ebdbf9b29854e89750355df	3e1dbcffdc528f998e98ebd455723af10e20231caede3d4091c9ff69d7ea4b32	05f1654b63cfaaf1efbb001cd9ec5ccb65b8e73c5c0b5f3e48e93b45f16463b3	0123af9e96b58af4e98b91a2de5608d36b63c67864b9041d3340587f3dbe40d2	cfa8dcf0d81c408de38d4202fe1ce9d9e5e301d1e67439c9530da94b1e64ee3f	7484d7b0dd80f45e18d726b04752827fe28555cc5c1af0e127948380e6688abf
semantic-proposal-v1	SC1-416d7ab5442b9700cf0a9e9bcef1bf9a858700a69159d3b95e010f1c7af04b6a	S016234	2	P01	SYMBOLS.tsv	381502	selection_expression	x86_64	include/uapi/linux/major.h	operative_macro	LOOP_MAJOR	22	PENDING_REVIEW			vendor/linux/include/uapi/linux/major.h;vendor/linux/include/uapi/linux/major.h:22;rewrite/configs/x86_64/frozen.config;header_closure=rewrite/metadata/header_closure.tsv;selected=PENDING_REVIEW	425f94c2954b1fe80ebdbf9b29854e89750355df	3e1dbcffdc528f998e98ebd455723af10e20231caede3d4091c9ff69d7ea4b32	05f1654b63cfaaf1efbb001cd9ec5ccb65b8e73c5c0b5f3e48e93b45f16463b3	0123af9e96b58af4e98b91a2de5608d36b63c67864b9041d3340587f3dbe40d2	cfa8dcf0d81c408de38d4202fe1ce9d9e5e301d1e67439c9530da94b1e64ee3f	7484d7b0dd80f45e18d726b04752827fe28555cc5c1af0e127948380e6688abf
semantic-proposal-v1	SC1-bd5c5e90ff42886410c9dd121a4ec29ae4daa1f82a1bda0a90b7540c514921ea	S016234	2	P01	SYMBOLS.tsv	381502	status	x86_64	include/uapi/linux/major.h	operative_macro	LOOP_MAJOR	22	PENDING_REVIEW			vendor/linux/include/uapi/linux/major.h;vendor/linux/include/uapi/linux/major.h:22;rewrite/configs/x86_64/frozen.config;header_closure=rewrite/metadata/header_closure.tsv;selected=PENDING_REVIEW	425f94c2954b1fe80ebdbf9b29854e89750355df	3e1dbcffdc528f998e98ebd455723af10e20231caede3d4091c9ff69d7ea4b32	05f1654b63cfaaf1efbb001cd9ec5ccb65b8e73c5c0b5f3e48e93b45f16463b3	0123af9e96b58af4e98b91a2de5608d36b63c67864b9041d3340587f3dbe40d2	cfa8dcf0d81c408de38d4202fe1ce9d9e5e301d1e67439c9530da94b1e64ee3f	7484d7b0dd80f45e18d726b04752827fe28555cc5c1af0e127948380e6688abf
semantic-proposal-v1	SC1-eb4ed0eb5a276a40ab96ab17e376529ef10c9730bdaf68ec09f2fb6f672d76ba	S016234	2	P01	SYMBOLS.tsv	381503	selection_expression	x86_64	include/uapi/linux/major.h	operative_macro	SCSI_DISK0_MAJOR	23	PENDING_REVIEW			vendor/linux/include/uapi/linux/major.h;vendor/linux/include/uapi/linux/major.h:23;rewrite/configs/x86_64/frozen.config;header_closure=rewrite/metadata/header_closure.tsv;selected=PENDING_REVIEW	425f94c2954b1fe80ebdbf9b29854e89750355df	3e1dbcffdc528f998e98ebd455723af10e20231caede3d4091c9ff69d7ea4b32	05f1654b63cfaaf1efbb001cd9ec5ccb65b8e73c5c0b5f3e48e93b45f16463b3	0123af9e96b58af4e98b91a2de5608d36b63c67864b9041d3340587f3dbe40d2	cfa8dcf0d81c408de38d4202fe1ce9d9e5e301d1e67439c9530da94b1e64ee3f	7484d7b0dd80f45e18d726b04752827fe28555cc5c1af0e127948380e6688abf
semantic-proposal-v1	SC1-0643533a7272476186410fdb7e056a906119c6c2c08714b174000218ead16232	S016234	2	P01	SYMBOLS.tsv	381503	status	x86_64	include/uapi/linux/major.h	operative_macro	SCSI_DISK0_MAJOR	23	PENDING_REVIEW			vendor/linux/include/uapi/linux/major.h;vendor/linux/include/uapi/linux/major.h:23;rewrite/configs/x86_64/frozen.config;header_closure=rewrite/metadata/header_closure.tsv;selected=PENDING_REVIEW	425f94c2954b1fe80ebdbf9b29854e89750355df	3e1dbcffdc528f998e98ebd455723af10e20231caede3d4091c9ff69d7ea4b32	05f1654b63cfaaf1efbb001cd9ec5ccb65b8e73c5c0b5f3e48e93b45f16463b3	0123af9e96b58af4e98b91a2de5608d36b63c67864b9041d3340587f3dbe40d2	cfa8dcf0d81c408de38d4202fe1ce9d9e5e301d1e67439c9530da94b1e64ee3f	7484d7b0dd80f45e18d726b04752827fe28555cc5c1af0e127948380e6688abf
semantic-proposal-v1	SC1-bbf5d60886d721a1009ed9ba19b25ae58a798f6c80f1b9fc4a7c39319ce9b767	S016234	2	P01	SYMBOLS.tsv	381504	selection_expression	x86_64	include/uapi/linux/major.h	operative_macro	SCSI_TAPE_MAJOR	24	PENDING_REVIEW			vendor/linux/include/uapi/linux/major.h;vendor/linux/include/uapi/linux/major.h:24;rewrite/configs/x86_64/frozen.config;header_closure=rewrite/metadata/header_closure.tsv;selected=PENDING_REVIEW	425f94c2954b1fe80ebdbf9b29854e89750355df	3e1dbcffdc528f998e98ebd455723af10e20231caede3d4091c9ff69d7ea4b32	05f1654b63cfaaf1efbb001cd9ec5ccb65b8e73c5c0b5f3e48e93b45f16463b3	0123af9e96b58af4e98b91a2de5608d36b63c67864b9041d3340587f3dbe40d2	cfa8dcf0d81c408de38d4202fe1ce9d9e5e301d1e67439c9530da94b1e64ee3f	7484d7b0dd80f45e18d726b04752827fe28555cc5c1af0e127948380e6688abf
semantic-proposal-v1	SC1-86477526bd9c80e8a80c1656f06ff623dc73641f95881f8bf6f3ccdb58e3b2af	S016234	2	P01	SYMBOLS.tsv	381504	status	x86_64	include/uapi/linux/major.h	operative_macro	SCSI_TAPE_MAJOR	24	PENDING_REVIEW			vendor/linux/include/uapi/linux/major.h;vendor/linux/include/uapi/linux/major.h:24;rewrite/configs/x86_64/frozen.config;header_closure=rewrite/metadata/header_closure.tsv;selected=PENDING_REVIEW	425f94c2954b1fe80ebdbf9b29854e89750355df	3e1dbcffdc528f998e98ebd455723af10e20231caede3d4091c9ff69d7ea4b32	05f1654b63cfaaf1efbb001cd9ec5ccb65b8e73c5c0b5f3e48e93b45f16463b3	0123af9e96b58af4e98b91a2de5608d36b63c67864b9041d3340587f3dbe40d2	cfa8dcf0d81c408de38d4202fe1ce9d9e5e301d1e67439c9530da94b1e64ee3f	7484d7b0dd80f45e18d726b04752827fe28555cc5c1af0e127948380e6688abf
semantic-proposal-v1	SC1-b87969fc5c1b563dcc3d929c06c810a8b74485aac98a8f16299a9a05d04df141	S016234	2	P01	SYMBOLS.tsv	381505	selection_expression	x86_64	include/uapi/linux/major.h	operative_macro	MD_MAJOR	25	PENDING_REVIEW			vendor/linux/include/uapi/linux/major.h;vendor/linux/include/uapi/linux/major.h:25;rewrite/configs/x86_64/frozen.config;header_closure=rewrite/metadata/header_closure.tsv;selected=PENDING_REVIEW	425f94c2954b1fe80ebdbf9b29854e89750355df	3e1dbcffdc528f998e98ebd455723af10e20231caede3d4091c9ff69d7ea4b32	05f1654b63cfaaf1efbb001cd9ec5ccb65b8e73c5c0b5f3e48e93b45f16463b3	0123af9e96b58af4e98b91a2de5608d36b63c67864b9041d3340587f3dbe40d2	cfa8dcf0d81c408de38d4202fe1ce9d9e5e301d1e67439c9530da94b1e64ee3f	7484d7b0dd80f45e18d726b04752827fe28555cc5c1af0e127948380e6688abf
semantic-proposal-v1	SC1-fc0b15ec7de8c4b3cf521420e10a5675a08b46482ff3e8f5253d93b67b494a9b	S016234	2	P01	SYMBOLS.tsv	381505	status	x86_64	include/uapi/linux/major.h	operative_macro	MD_MAJOR	25	PENDING_REVIEW			vendor/linux/include/uapi/linux/major.h;vendor/linux/include/uapi/linux/major.h:25;rewrite/configs/x86_64/frozen.config;header_closure=rewrite/metadata/header_closure.tsv;selected=PENDING_REVIEW	425f94c2954b1fe80ebdbf9b29854e89750355df	3e1dbcffdc528f998e98ebd455723af10e20231caede3d4091c9ff69d7ea4b32	05f1654b63cfaaf1efbb001cd9ec5ccb65b8e73c5c0b5f3e48e93b45f16463b3	0123af9e96b58af4e98b91a2de5608d36b63c67864b9041d3340587f3dbe40d2	cfa8dcf0d81c408de38d4202fe1ce9d9e5e301d1e67439c9530da94b1e64ee3f	7484d7b0dd80f45e18d726b04752827fe28555cc5c1af0e127948380e6688abf
semantic-proposal-v1	SC1-9036235e8e54db3f62677d6b07f6420ecd3fe47097f18b5582612743f725fddc	S016234	2	P01	SYMBOLS.tsv	381506	selection_expression	x86_64	include/uapi/linux/major.h	operative_macro	MISC_MAJOR	26	PENDING_REVIEW			vendor/linux/include/uapi/linux/major.h;vendor/linux/include/uapi/linux/major.h:26;rewrite/configs/x86_64/frozen.config;header_closure=rewrite/metadata/header_closure.tsv;selected=PENDING_REVIEW	425f94c2954b1fe80ebdbf9b29854e89750355df	3e1dbcffdc528f998e98ebd455723af10e20231caede3d4091c9ff69d7ea4b32	05f1654b63cfaaf1efbb001cd9ec5ccb65b8e73c5c0b5f3e48e93b45f16463b3	0123af9e96b58af4e98b91a2de5608d36b63c67864b9041d3340587f3dbe40d2	cfa8dcf0d81c408de38d4202fe1ce9d9e5e301d1e67439c9530da94b1e64ee3f	7484d7b0dd80f45e18d726b04752827fe28555cc5c1af0e127948380e6688abf
semantic-proposal-v1	SC1-1ae599cbafb9866c0cbc4f1cab277d7d3754d05adb9c75555df9958e318dd5cf	S016234	2	P01	SYMBOLS.tsv	381506	status	x86_64	include/uapi/linux/major.h	operative_macro	MISC_MAJOR	26	PENDING_REVIEW			vendor/linux/include/uapi/linux/major.h;vendor/linux/include/uapi/linux/major.h:26;rewrite/configs/x86_64/frozen.config;header_closure=rewrite/metadata/header_closure.tsv;selected=PENDING_REVIEW	425f94c2954b1fe80ebdbf9b29854e89750355df	3e1dbcffdc528f998e98ebd455723af10e20231caede3d4091c9ff69d7ea4b32	05f1654b63cfaaf1efbb001cd9ec5ccb65b8e73c5c0b5f3e48e93b45f16463b3	0123af9e96b58af4e98b91a2de5608d36b63c67864b9041d3340587f3dbe40d2	cfa8dcf0d81c408de38d4202fe1ce9d9e5e301d1e67439c9530da94b1e64ee3f	7484d7b0dd80f45e18d726b04752827fe28555cc5c1af0e127948380e6688abf
semantic-proposal-v1	SC1-0c4848e986260ad730ab21e1f8da5d717cf60e60183824e8e68d27f5771b65e7	S016234	2	P01	SYMBOLS.tsv	381507	selection_expression	x86_64	include/uapi/linux/major.h	operative_macro	SCSI_CDROM_MAJOR	27	PENDING_REVIEW			vendor/linux/include/uapi/linux/major.h;vendor/linux/include/uapi/linux/major.h:27;rewrite/configs/x86_64/frozen.config;header_closure=rewrite/metadata/header_closure.tsv;selected=PENDING_REVIEW	425f94c2954b1fe80ebdbf9b29854e89750355df	3e1dbcffdc528f998e98ebd455723af10e20231caede3d4091c9ff69d7ea4b32	05f1654b63cfaaf1efbb001cd9ec5ccb65b8e73c5c0b5f3e48e93b45f16463b3	0123af9e96b58af4e98b91a2de5608d36b63c67864b9041d3340587f3dbe40d2	cfa8dcf0d81c408de38d4202fe1ce9d9e5e301d1e67439c9530da94b1e64ee3f	7484d7b0dd80f45e18d726b04752827fe28555cc5c1af0e127948380e6688abf
semantic-proposal-v1	SC1-1cf226cef87774ce646d39adc0fb4f38107c1daceb7d4ea4b531e75f8fbf2795	S016234	2	P01	SYMBOLS.tsv	381507	status	x86_64	include/uapi/linux/major.h	operative_macro	SCSI_CDROM_MAJOR	27	PENDING_REVIEW			vendor/linux/include/uapi/linux/major.h;vendor/linux/include/uapi/linux/major.h:27;rewrite/configs/x86_64/frozen.config;header_closure=rewrite/metadata/header_closure.tsv;selected=PENDING_REVIEW	425f94c2954b1fe80ebdbf9b29854e89750355df	3e1dbcffdc528f998e98ebd455723af10e20231caede3d4091c9ff69d7ea4b32	05f1654b63cfaaf1efbb001cd9ec5ccb65b8e73c5c0b5f3e48e93b45f16463b3	0123af9e96b58af4e98b91a2de5608d36b63c67864b9041d3340587f3dbe40d2	cfa8dcf0d81c408de38d4202fe1ce9d9e5e301d1e67439c9530da94b1e64ee3f	7484d7b0dd80f45e18d726b04752827fe28555cc5c1af0e127948380e6688abf
semantic-proposal-v1	SC1-2a4c471aab4fe1d8470801a87fadee3b9c7008e177f74311331f432bb08744c6	S016234	2	P01	SYMBOLS.tsv	381508	selection_expression	x86_64	include/uapi/linux/major.h	operative_macro	MUX_MAJOR	28	PENDING_REVIEW			vendor/linux/include/uapi/linux/major.h;vendor/linux/include/uapi/linux/major.h:28;rewrite/configs/x86_64/frozen.config;header_closure=rewrite/metadata/header_closure.tsv;selected=PENDING_REVIEW	425f94c2954b1fe80ebdbf9b29854e89750355df	3e1dbcffdc528f998e98ebd455723af10e20231caede3d4091c9ff69d7ea4b32	05f1654b63cfaaf1efbb001cd9ec5ccb65b8e73c5c0b5f3e48e93b45f16463b3	0123af9e96b58af4e98b91a2de5608d36b63c67864b9041d3340587f3dbe40d2	cfa8dcf0d81c408de38d4202fe1ce9d9e5e301d1e67439c9530da94b1e64ee3f	7484d7b0dd80f45e18d726b04752827fe28555cc5c1af0e127948380e6688abf
semantic-proposal-v1	SC1-15e3a9cd649036ac8113cf453899c9a910b753addf06785f539342c7feb21568	S016234	2	P01	SYMBOLS.tsv	381508	status	x86_64	include/uapi/linux/major.h	operative_macro	MUX_MAJOR	28	PENDING_REVIEW			vendor/linux/include/uapi/linux/major.h;vendor/linux/include/uapi/linux/major.h:28;rewrite/configs/x86_64/frozen.config;header_closure=rewrite/metadata/header_closure.tsv;selected=PENDING_REVIEW	425f94c2954b1fe80ebdbf9b29854e89750355df	3e1dbcffdc528f998e98ebd455723af10e20231caede3d4091c9ff69d7ea4b32	05f1654b63cfaaf1efbb001cd9ec5ccb65b8e73c5c0b5f3e48e93b45f16463b3	0123af9e96b58af4e98b91a2de5608d36b63c67864b9041d3340587f3dbe40d2	cfa8dcf0d81c408de38d4202fe1ce9d9e5e301d1e67439c9530da94b1e64ee3f	7484d7b0dd80f45e18d726b04752827fe28555cc5c1af0e127948380e6688abf
semantic-proposal-v1	SC1-002b91487de4444b3b7142e1307cea5cf4e1b419f92f98375e4cac3417a07afe	S016234	2	P01	SYMBOLS.tsv	381509	selection_expression	x86_64	include/uapi/linux/major.h	operative_macro	XT_DISK_MAJOR	29	PENDING_REVIEW			vendor/linux/include/uapi/linux/major.h;vendor/linux/include/uapi/linux/major.h:29;rewrite/configs/x86_64/frozen.config;header_closure=rewrite/metadata/header_closure.tsv;selected=PENDING_REVIEW	425f94c2954b1fe80ebdbf9b29854e89750355df	3e1dbcffdc528f998e98ebd455723af10e20231caede3d4091c9ff69d7ea4b32	05f1654b63cfaaf1efbb001cd9ec5ccb65b8e73c5c0b5f3e48e93b45f16463b3	0123af9e96b58af4e98b91a2de5608d36b63c67864b9041d3340587f3dbe40d2	cfa8dcf0d81c408de38d4202fe1ce9d9e5e301d1e67439c9530da94b1e64ee3f	7484d7b0dd80f45e18d726b04752827fe28555cc5c1af0e127948380e6688abf
semantic-proposal-v1	SC1-0edf350ecdd5464c993a7107a25e35884ac002b152364261a525edc21af485dd	S016234	2	P01	SYMBOLS.tsv	381509	status	x86_64	include/uapi/linux/major.h	operative_macro	XT_DISK_MAJOR	29	PENDING_REVIEW			vendor/linux/include/uapi/linux/major.h;vendor/linux/include/uapi/linux/major.h:29;rewrite/configs/x86_64/frozen.config;header_closure=rewrite/metadata/header_closure.tsv;selected=PENDING_REVIEW	425f94c2954b1fe80ebdbf9b29854e89750355df	3e1dbcffdc528f998e98ebd455723af10e20231caede3d4091c9ff69d7ea4b32	05f1654b63cfaaf1efbb001cd9ec5ccb65b8e73c5c0b5f3e48e93b45f16463b3	0123af9e96b58af4e98b91a2de5608d36b63c67864b9041d3340587f3dbe40d2	cfa8dcf0d81c408de38d4202fe1ce9d9e5e301d1e67439c9530da94b1e64ee3f	7484d7b0dd80f45e18d726b04752827fe28555cc5c1af0e127948380e6688abf
semantic-proposal-v1	SC1-64c6351edd1c377e4a6956e0e3c464abf740e631763aaafc03c47352615a345c	S016234	2	P01	SYMBOLS.tsv	381510	selection_expression	x86_64	include/uapi/linux/major.h	operative_macro	INPUT_MAJOR	30	PENDING_REVIEW			vendor/linux/include/uapi/linux/major.h;vendor/linux/include/uapi/linux/major.h:30;rewrite/configs/x86_64/frozen.config;header_closure=rewrite/metadata/header_closure.tsv;selected=PENDING_REVIEW	425f94c2954b1fe80ebdbf9b29854e89750355df	3e1dbcffdc528f998e98ebd455723af10e20231caede3d4091c9ff69d7ea4b32	05f1654b63cfaaf1efbb001cd9ec5ccb65b8e73c5c0b5f3e48e93b45f16463b3	0123af9e96b58af4e98b91a2de5608d36b63c67864b9041d3340587f3dbe40d2	cfa8dcf0d81c408de38d4202fe1ce9d9e5e301d1e67439c9530da94b1e64ee3f	7484d7b0dd80f45e18d726b04752827fe28555cc5c1af0e127948380e6688abf
semantic-proposal-v1	SC1-a7d4fcc338bf9fed9d68514211ccf4fa11f02180eb8b58f22c9f6c165720dc00	S016234	2	P01	SYMBOLS.tsv	381510	status	x86_64	include/uapi/linux/major.h	operative_macro	INPUT_MAJOR	30	PENDING_REVIEW			vendor/linux/include/uapi/linux/major.h;vendor/linux/include/uapi/linux/major.h:30;rewrite/configs/x86_64/frozen.config;header_closure=rewrite/metadata/header_closure.tsv;selected=PENDING_REVIEW	425f94c2954b1fe80ebdbf9b29854e89750355df	3e1dbcffdc528f998e98ebd455723af10e20231caede3d4091c9ff69d7ea4b32	05f1654b63cfaaf1efbb001cd9ec5ccb65b8e73c5c0b5f3e48e93b45f16463b3	0123af9e96b58af4e98b91a2de5608d36b63c67864b9041d3340587f3dbe40d2	cfa8dcf0d81c408de38d4202fe1ce9d9e5e301d1e67439c9530da94b1e64ee3f	7484d7b0dd80f45e18d726b04752827fe28555cc5c1af0e127948380e6688abf
semantic-proposal-v1	SC1-09a911e825edcdfff39863130c9ea8c5d7a22a9d5b2cb53e7e34bec3b9991efa	S016234	2	P01	SYMBOLS.tsv	381511	selection_expression	x86_64	include/uapi/linux/major.h	operative_macro	SOUND_MAJOR	31	PENDING_REVIEW			vendor/linux/include/uapi/linux/major.h;vendor/linux/include/uapi/linux/major.h:31;rewrite/configs/x86_64/frozen.config;header_closure=rewrite/metadata/header_closure.tsv;selected=PENDING_REVIEW	425f94c2954b1fe80ebdbf9b29854e89750355df	3e1dbcffdc528f998e98ebd455723af10e20231caede3d4091c9ff69d7ea4b32	05f1654b63cfaaf1efbb001cd9ec5ccb65b8e73c5c0b5f3e48e93b45f16463b3	0123af9e96b58af4e98b91a2de5608d36b63c67864b9041d3340587f3dbe40d2	cfa8dcf0d81c408de38d4202fe1ce9d9e5e301d1e67439c9530da94b1e64ee3f	7484d7b0dd80f45e18d726b04752827fe28555cc5c1af0e127948380e6688abf
semantic-proposal-v1	SC1-878dfa280a84a25af9f9c896ef6f69de06a3e9ca42702b47afbc478f16bf0465	S016234	2	P01	SYMBOLS.tsv	381511	status	x86_64	include/uapi/linux/major.h	operative_macro	SOUND_MAJOR	31	PENDING_REVIEW			vendor/linux/include/uapi/linux/major.h;vendor/linux/include/uapi/linux/major.h:31;rewrite/configs/x86_64/frozen.config;header_closure=rewrite/metadata/header_closure.tsv;selected=PENDING_REVIEW	425f94c2954b1fe80ebdbf9b29854e89750355df	3e1dbcffdc528f998e98ebd455723af10e20231caede3d4091c9ff69d7ea4b32	05f1654b63cfaaf1efbb001cd9ec5ccb65b8e73c5c0b5f3e48e93b45f16463b3	0123af9e96b58af4e98b91a2de5608d36b63c67864b9041d3340587f3dbe40d2	cfa8dcf0d81c408de38d4202fe1ce9d9e5e301d1e67439c9530da94b1e64ee3f	7484d7b0dd80f45e18d726b04752827fe28555cc5c1af0e127948380e6688abf
semantic-proposal-v1	SC1-922c4bd5dd6ae4a36f78640f556f884cabf4150eaa9a41b32d0553fa4ddf0183	S016234	2	P01	SYMBOLS.tsv	381512	selection_expression	x86_64	include/uapi/linux/major.h	operative_macro	CDU31A_CDROM_MAJOR	32	PENDING_REVIEW			vendor/linux/include/uapi/linux/major.h;vendor/linux/include/uapi/linux/major.h:32;rewrite/configs/x86_64/frozen.config;header_closure=rewrite/metadata/header_closure.tsv;selected=PENDING_REVIEW	425f94c2954b1fe80ebdbf9b29854e89750355df	3e1dbcffdc528f998e98ebd455723af10e20231caede3d4091c9ff69d7ea4b32	05f1654b63cfaaf1efbb001cd9ec5ccb65b8e73c5c0b5f3e48e93b45f16463b3	0123af9e96b58af4e98b91a2de5608d36b63c67864b9041d3340587f3dbe40d2	cfa8dcf0d81c408de38d4202fe1ce9d9e5e301d1e67439c9530da94b1e64ee3f	7484d7b0dd80f45e18d726b04752827fe28555cc5c1af0e127948380e6688abf
semantic-proposal-v1	SC1-d1d9251d0d698c39ecccd3739c927f58cc5cef698cd3db50fb9d3568a9ee8542	S016234	2	P01	SYMBOLS.tsv	381512	status	x86_64	include/uapi/linux/major.h	operative_macro	CDU31A_CDROM_MAJOR	32	PENDING_REVIEW			vendor/linux/include/uapi/linux/major.h;vendor/linux/include/uapi/linux/major.h:32;rewrite/configs/x86_64/frozen.config;header_closure=rewrite/metadata/header_closure.tsv;selected=PENDING_REVIEW	425f94c2954b1fe80ebdbf9b29854e89750355df	3e1dbcffdc528f998e98ebd455723af10e20231caede3d4091c9ff69d7ea4b32	05f1654b63cfaaf1efbb001cd9ec5ccb65b8e73c5c0b5f3e48e93b45f16463b3	0123af9e96b58af4e98b91a2de5608d36b63c67864b9041d3340587f3dbe40d2	cfa8dcf0d81c408de38d4202fe1ce9d9e5e301d1e67439c9530da94b1e64ee3f	7484d7b0dd80f45e18d726b04752827fe28555cc5c1af0e127948380e6688abf
semantic-proposal-v1	SC1-c24333488f4a65cc11e37085c782f547f990b12b59a71d169ff12d0920fefa4b	S016234	2	P01	SYMBOLS.tsv	381513	selection_expression	x86_64	include/uapi/linux/major.h	operative_macro	JOYSTICK_MAJOR	33	PENDING_REVIEW			vendor/linux/include/uapi/linux/major.h;vendor/linux/include/uapi/linux/major.h:33;rewrite/configs/x86_64/frozen.config;header_closure=rewrite/metadata/header_closure.tsv;selected=PENDING_REVIEW	425f94c2954b1fe80ebdbf9b29854e89750355df	3e1dbcffdc528f998e98ebd455723af10e20231caede3d4091c9ff69d7ea4b32	05f1654b63cfaaf1efbb001cd9ec5ccb65b8e73c5c0b5f3e48e93b45f16463b3	0123af9e96b58af4e98b91a2de5608d36b63c67864b9041d3340587f3dbe40d2	cfa8dcf0d81c408de38d4202fe1ce9d9e5e301d1e67439c9530da94b1e64ee3f	7484d7b0dd80f45e18d726b04752827fe28555cc5c1af0e127948380e6688abf
semantic-proposal-v1	SC1-b9aa7a3ca86ec98719ce4184d76f495b807cb5d9b57411ed4107731fa7ee6d7b	S016234	2	P01	SYMBOLS.tsv	381513	status	x86_64	include/uapi/linux/major.h	operative_macro	JOYSTICK_MAJOR	33	PENDING_REVIEW			vendor/linux/include/uapi/linux/major.h;vendor/linux/include/uapi/linux/major.h:33;rewrite/configs/x86_64/frozen.config;header_closure=rewrite/metadata/header_closure.tsv;selected=PENDING_REVIEW	425f94c2954b1fe80ebdbf9b29854e89750355df	3e1dbcffdc528f998e98ebd455723af10e20231caede3d4091c9ff69d7ea4b32	05f1654b63cfaaf1efbb001cd9ec5ccb65b8e73c5c0b5f3e48e93b45f16463b3	0123af9e96b58af4e98b91a2de5608d36b63c67864b9041d3340587f3dbe40d2	cfa8dcf0d81c408de38d4202fe1ce9d9e5e301d1e67439c9530da94b1e64ee3f	7484d7b0dd80f45e18d726b04752827fe28555cc5c1af0e127948380e6688abf
semantic-proposal-v1	SC1-c8377c3ef7f49c03294c007c3cd88f49d31acc97409d3c8ba69338db522f910b	S016234	2	P01	SYMBOLS.tsv	381514	selection_expression	x86_64	include/uapi/linux/major.h	operative_macro	GOLDSTAR_CDROM_MAJOR	34	PENDING_REVIEW			vendor/linux/include/uapi/linux/major.h;vendor/linux/include/uapi/linux/major.h:34;rewrite/configs/x86_64/frozen.config;header_closure=rewrite/metadata/header_closure.tsv;selected=PENDING_REVIEW	425f94c2954b1fe80ebdbf9b29854e89750355df	3e1dbcffdc528f998e98ebd455723af10e20231caede3d4091c9ff69d7ea4b32	05f1654b63cfaaf1efbb001cd9ec5ccb65b8e73c5c0b5f3e48e93b45f16463b3	0123af9e96b58af4e98b91a2de5608d36b63c67864b9041d3340587f3dbe40d2	cfa8dcf0d81c408de38d4202fe1ce9d9e5e301d1e67439c9530da94b1e64ee3f	7484d7b0dd80f45e18d726b04752827fe28555cc5c1af0e127948380e6688abf
semantic-proposal-v1	SC1-66cfab66e99a2e10d732f7ba69360d6909cd8c518cd81e9d46735bf50fcc78e6	S016234	2	P01	SYMBOLS.tsv	381514	status	x86_64	include/uapi/linux/major.h	operative_macro	GOLDSTAR_CDROM_MAJOR	34	PENDING_REVIEW			vendor/linux/include/uapi/linux/major.h;vendor/linux/include/uapi/linux/major.h:34;rewrite/configs/x86_64/frozen.config;header_closure=rewrite/metadata/header_closure.tsv;selected=PENDING_REVIEW	425f94c2954b1fe80ebdbf9b29854e89750355df	3e1dbcffdc528f998e98ebd455723af10e20231caede3d4091c9ff69d7ea4b32	05f1654b63cfaaf1efbb001cd9ec5ccb65b8e73c5c0b5f3e48e93b45f16463b3	0123af9e96b58af4e98b91a2de5608d36b63c67864b9041d3340587f3dbe40d2	cfa8dcf0d81c408de38d4202fe1ce9d9e5e301d1e67439c9530da94b1e64ee3f	7484d7b0dd80f45e18d726b04752827fe28555cc5c1af0e127948380e6688abf
semantic-proposal-v1	SC1-426b53457376e7b5f65ff01dca414705451b0ef7170dacb85ca84bb6f0f0bdba	S016234	2	P01	SYMBOLS.tsv	381515	selection_expression	x86_64	include/uapi/linux/major.h	operative_macro	OPTICS_CDROM_MAJOR	35	PENDING_REVIEW			vendor/linux/include/uapi/linux/major.h;vendor/linux/include/uapi/linux/major.h:35;rewrite/configs/x86_64/frozen.config;header_closure=rewrite/metadata/header_closure.tsv;selected=PENDING_REVIEW	425f94c2954b1fe80ebdbf9b29854e89750355df	3e1dbcffdc528f998e98ebd455723af10e20231caede3d4091c9ff69d7ea4b32	05f1654b63cfaaf1efbb001cd9ec5ccb65b8e73c5c0b5f3e48e93b45f16463b3	0123af9e96b58af4e98b91a2de5608d36b63c67864b9041d3340587f3dbe40d2	cfa8dcf0d81c408de38d4202fe1ce9d9e5e301d1e67439c9530da94b1e64ee3f	7484d7b0dd80f45e18d726b04752827fe28555cc5c1af0e127948380e6688abf
semantic-proposal-v1	SC1-870f7f58ce548a2c21f52d61b1fa9512572383b742a858a5bc22bef2afc0ce73	S016234	2	P01	SYMBOLS.tsv	381515	status	x86_64	include/uapi/linux/major.h	operative_macro	OPTICS_CDROM_MAJOR	35	PENDING_REVIEW			vendor/linux/include/uapi/linux/major.h;vendor/linux/include/uapi/linux/major.h:35;rewrite/configs/x86_64/frozen.config;header_closure=rewrite/metadata/header_closure.tsv;selected=PENDING_REVIEW	425f94c2954b1fe80ebdbf9b29854e89750355df	3e1dbcffdc528f998e98ebd455723af10e20231caede3d4091c9ff69d7ea4b32	05f1654b63cfaaf1efbb001cd9ec5ccb65b8e73c5c0b5f3e48e93b45f16463b3	0123af9e96b58af4e98b91a2de5608d36b63c67864b9041d3340587f3dbe40d2	cfa8dcf0d81c408de38d4202fe1ce9d9e5e301d1e67439c9530da94b1e64ee3f	7484d7b0dd80f45e18d726b04752827fe28555cc5c1af0e127948380e6688abf
semantic-proposal-v1	SC1-55f9d4ead6b217f54c9b3a1f2697a9a3902582cd69dd2dee9250ff4075173b64	S016234	2	P01	SYMBOLS.tsv	381516	selection_expression	x86_64	include/uapi/linux/major.h	operative_macro	SANYO_CDROM_MAJOR	36	PENDING_REVIEW			vendor/linux/include/uapi/linux/major.h;vendor/linux/include/uapi/linux/major.h:36;rewrite/configs/x86_64/frozen.config;header_closure=rewrite/metadata/header_closure.tsv;selected=PENDING_REVIEW	425f94c2954b1fe80ebdbf9b29854e89750355df	3e1dbcffdc528f998e98ebd455723af10e20231caede3d4091c9ff69d7ea4b32	05f1654b63cfaaf1efbb001cd9ec5ccb65b8e73c5c0b5f3e48e93b45f16463b3	0123af9e96b58af4e98b91a2de5608d36b63c67864b9041d3340587f3dbe40d2	cfa8dcf0d81c408de38d4202fe1ce9d9e5e301d1e67439c9530da94b1e64ee3f	7484d7b0dd80f45e18d726b04752827fe28555cc5c1af0e127948380e6688abf
semantic-proposal-v1	SC1-c557910f228d1b69873aa2181fcf1074ca815e3469f2f94b6f718f651d6c2097	S016234	2	P01	SYMBOLS.tsv	381516	status	x86_64	include/uapi/linux/major.h	operative_macro	SANYO_CDROM_MAJOR	36	PENDING_REVIEW			vendor/linux/include/uapi/linux/major.h;vendor/linux/include/uapi/linux/major.h:36;rewrite/configs/x86_64/frozen.config;header_closure=rewrite/metadata/header_closure.tsv;selected=PENDING_REVIEW	425f94c2954b1fe80ebdbf9b29854e89750355df	3e1dbcffdc528f998e98ebd455723af10e20231caede3d4091c9ff69d7ea4b32	05f1654b63cfaaf1efbb001cd9ec5ccb65b8e73c5c0b5f3e48e93b45f16463b3	0123af9e96b58af4e98b91a2de5608d36b63c67864b9041d3340587f3dbe40d2	cfa8dcf0d81c408de38d4202fe1ce9d9e5e301d1e67439c9530da94b1e64ee3f	7484d7b0dd80f45e18d726b04752827fe28555cc5c1af0e127948380e6688abf
semantic-proposal-v1	SC1-3cc848b37c4030f5da0c712f4572ca358764a8abe15cf553e54710c43dbe889b	S016234	2	P01	SYMBOLS.tsv	381517	selection_expression	x86_64	include/uapi/linux/major.h	operative_macro	MITSUMI_X_CDROM_MAJOR	37	PENDING_REVIEW			vendor/linux/include/uapi/linux/major.h;vendor/linux/include/uapi/linux/major.h:37;rewrite/configs/x86_64/frozen.config;header_closure=rewrite/metadata/header_closure.tsv;selected=PENDING_REVIEW	425f94c2954b1fe80ebdbf9b29854e89750355df	3e1dbcffdc528f998e98ebd455723af10e20231caede3d4091c9ff69d7ea4b32	05f1654b63cfaaf1efbb001cd9ec5ccb65b8e73c5c0b5f3e48e93b45f16463b3	0123af9e96b58af4e98b91a2de5608d36b63c67864b9041d3340587f3dbe40d2	cfa8dcf0d81c408de38d4202fe1ce9d9e5e301d1e67439c9530da94b1e64ee3f	7484d7b0dd80f45e18d726b04752827fe28555cc5c1af0e127948380e6688abf
semantic-proposal-v1	SC1-6ba23da5378b5c82804c3e23b8d2bb0fb04f43c064b6b4758fa504da7c309573	S016234	2	P01	SYMBOLS.tsv	381517	status	x86_64	include/uapi/linux/major.h	operative_macro	MITSUMI_X_CDROM_MAJOR	37	PENDING_REVIEW			vendor/linux/include/uapi/linux/major.h;vendor/linux/include/uapi/linux/major.h:37;rewrite/configs/x86_64/frozen.config;header_closure=rewrite/metadata/header_closure.tsv;selected=PENDING_REVIEW	425f94c2954b1fe80ebdbf9b29854e89750355df	3e1dbcffdc528f998e98ebd455723af10e20231caede3d4091c9ff69d7ea4b32	05f1654b63cfaaf1efbb001cd9ec5ccb65b8e73c5c0b5f3e48e93b45f16463b3	0123af9e96b58af4e98b91a2de5608d36b63c67864b9041d3340587f3dbe40d2	cfa8dcf0d81c408de38d4202fe1ce9d9e5e301d1e67439c9530da94b1e64ee3f	7484d7b0dd80f45e18d726b04752827fe28555cc5c1af0e127948380e6688abf
semantic-proposal-v1	SC1-4dcaca7f886f120d3954546b7f7eda4650e2a3a7fdaf18decfe21dbc118f448d	S016234	2	P01	SYMBOLS.tsv	381518	selection_expression	x86_64	include/uapi/linux/major.h	operative_macro	MFM_ACORN_MAJOR	38	PENDING_REVIEW			vendor/linux/include/uapi/linux/major.h;vendor/linux/include/uapi/linux/major.h:38;rewrite/configs/x86_64/frozen.config;header_closure=rewrite/metadata/header_closure.tsv;selected=PENDING_REVIEW	425f94c2954b1fe80ebdbf9b29854e89750355df	3e1dbcffdc528f998e98ebd455723af10e20231caede3d4091c9ff69d7ea4b32	05f1654b63cfaaf1efbb001cd9ec5ccb65b8e73c5c0b5f3e48e93b45f16463b3	0123af9e96b58af4e98b91a2de5608d36b63c67864b9041d3340587f3dbe40d2	cfa8dcf0d81c408de38d4202fe1ce9d9e5e301d1e67439c9530da94b1e64ee3f	7484d7b0dd80f45e18d726b04752827fe28555cc5c1af0e127948380e6688abf
semantic-proposal-v1	SC1-471995b6b67ffee50790eae016c2d2f332a84e981be1dbefcf3ad420094beb96	S016234	2	P01	SYMBOLS.tsv	381518	status	x86_64	include/uapi/linux/major.h	operative_macro	MFM_ACORN_MAJOR	38	PENDING_REVIEW			vendor/linux/include/uapi/linux/major.h;vendor/linux/include/uapi/linux/major.h:38;rewrite/configs/x86_64/frozen.config;header_closure=rewrite/metadata/header_closure.tsv;selected=PENDING_REVIEW	425f94c2954b1fe80ebdbf9b29854e89750355df	3e1dbcffdc528f998e98ebd455723af10e20231caede3d4091c9ff69d7ea4b32	05f1654b63cfaaf1efbb001cd9ec5ccb65b8e73c5c0b5f3e48e93b45f16463b3	0123af9e96b58af4e98b91a2de5608d36b63c67864b9041d3340587f3dbe40d2	cfa8dcf0d81c408de38d4202fe1ce9d9e5e301d1e67439c9530da94b1e64ee3f	7484d7b0dd80f45e18d726b04752827fe28555cc5c1af0e127948380e6688abf
semantic-proposal-v1	SC1-c1e2d6b4650997dfdecedba577bd6a758a0d32bda925a8d4200e631a790858fe	S016234	2	P01	SYMBOLS.tsv	381519	selection_expression	x86_64	include/uapi/linux/major.h	operative_macro	SCSI_GENERIC_MAJOR	39	PENDING_REVIEW			vendor/linux/include/uapi/linux/major.h;vendor/linux/include/uapi/linux/major.h:39;rewrite/configs/x86_64/frozen.config;header_closure=rewrite/metadata/header_closure.tsv;selected=PENDING_REVIEW	425f94c2954b1fe80ebdbf9b29854e89750355df	3e1dbcffdc528f998e98ebd455723af10e20231caede3d4091c9ff69d7ea4b32	05f1654b63cfaaf1efbb001cd9ec5ccb65b8e73c5c0b5f3e48e93b45f16463b3	0123af9e96b58af4e98b91a2de5608d36b63c67864b9041d3340587f3dbe40d2	cfa8dcf0d81c408de38d4202fe1ce9d9e5e301d1e67439c9530da94b1e64ee3f	7484d7b0dd80f45e18d726b04752827fe28555cc5c1af0e127948380e6688abf
semantic-proposal-v1	SC1-5949c6dbbb17ff49fd98e2a8aa8d7be0c0a5192643abdc21bdf31325f6335513	S016234	2	P01	SYMBOLS.tsv	381519	status	x86_64	include/uapi/linux/major.h	operative_macro	SCSI_GENERIC_MAJOR	39	PENDING_REVIEW			vendor/linux/include/uapi/linux/major.h;vendor/linux/include/uapi/linux/major.h:39;rewrite/configs/x86_64/frozen.config;header_closure=rewrite/metadata/header_closure.tsv;selected=PENDING_REVIEW	425f94c2954b1fe80ebdbf9b29854e89750355df	3e1dbcffdc528f998e98ebd455723af10e20231caede3d4091c9ff69d7ea4b32	05f1654b63cfaaf1efbb001cd9ec5ccb65b8e73c5c0b5f3e48e93b45f16463b3	0123af9e96b58af4e98b91a2de5608d36b63c67864b9041d3340587f3dbe40d2	cfa8dcf0d81c408de38d4202fe1ce9d9e5e301d1e67439c9530da94b1e64ee3f	7484d7b0dd80f45e18d726b04752827fe28555cc5c1af0e127948380e6688abf
semantic-proposal-v1	SC1-0643ea0ada786cceb7162b49a5a455c63a51c9b1edf0cbbcdd4e4bec2d6090f9	S016234	2	P01	SYMBOLS.tsv	381520	selection_expression	x86_64	include/uapi/linux/major.h	operative_macro	IDE1_MAJOR	40	PENDING_REVIEW			vendor/linux/include/uapi/linux/major.h;vendor/linux/include/uapi/linux/major.h:40;rewrite/configs/x86_64/frozen.config;header_closure=rewrite/metadata/header_closure.tsv;selected=PENDING_REVIEW	425f94c2954b1fe80ebdbf9b29854e89750355df	3e1dbcffdc528f998e98ebd455723af10e20231caede3d4091c9ff69d7ea4b32	05f1654b63cfaaf1efbb001cd9ec5ccb65b8e73c5c0b5f3e48e93b45f16463b3	0123af9e96b58af4e98b91a2de5608d36b63c67864b9041d3340587f3dbe40d2	cfa8dcf0d81c408de38d4202fe1ce9d9e5e301d1e67439c9530da94b1e64ee3f	7484d7b0dd80f45e18d726b04752827fe28555cc5c1af0e127948380e6688abf
semantic-proposal-v1	SC1-2a9150e66b60e63216416b6d7c405f93b03f5e8d750d40415d22a8ec4706bfd2	S016234	2	P01	SYMBOLS.tsv	381520	status	x86_64	include/uapi/linux/major.h	operative_macro	IDE1_MAJOR	40	PENDING_REVIEW			vendor/linux/include/uapi/linux/major.h;vendor/linux/include/uapi/linux/major.h:40;rewrite/configs/x86_64/frozen.config;header_closure=rewrite/metadata/header_closure.tsv;selected=PENDING_REVIEW	425f94c2954b1fe80ebdbf9b29854e89750355df	3e1dbcffdc528f998e98ebd455723af10e20231caede3d4091c9ff69d7ea4b32	05f1654b63cfaaf1efbb001cd9ec5ccb65b8e73c5c0b5f3e48e93b45f16463b3	0123af9e96b58af4e98b91a2de5608d36b63c67864b9041d3340587f3dbe40d2	cfa8dcf0d81c408de38d4202fe1ce9d9e5e301d1e67439c9530da94b1e64ee3f	7484d7b0dd80f45e18d726b04752827fe28555cc5c1af0e127948380e6688abf
semantic-proposal-v1	SC1-b1dbabe72e04f61fd2a61081f6d0ee4e65a234f803597b862c67285a794bb543	S016234	2	P01	SYMBOLS.tsv	381521	selection_expression	x86_64	include/uapi/linux/major.h	operative_macro	DIGICU_MAJOR	41	PENDING_REVIEW			vendor/linux/include/uapi/linux/major.h;vendor/linux/include/uapi/linux/major.h:41;rewrite/configs/x86_64/frozen.config;header_closure=rewrite/metadata/header_closure.tsv;selected=PENDING_REVIEW	425f94c2954b1fe80ebdbf9b29854e89750355df	3e1dbcffdc528f998e98ebd455723af10e20231caede3d4091c9ff69d7ea4b32	05f1654b63cfaaf1efbb001cd9ec5ccb65b8e73c5c0b5f3e48e93b45f16463b3	0123af9e96b58af4e98b91a2de5608d36b63c67864b9041d3340587f3dbe40d2	cfa8dcf0d81c408de38d4202fe1ce9d9e5e301d1e67439c9530da94b1e64ee3f	7484d7b0dd80f45e18d726b04752827fe28555cc5c1af0e127948380e6688abf
semantic-proposal-v1	SC1-91a59da1ee3cd2465db1a026db54647f1ba0e6bbbba06b2feae9dd07e33b138d	S016234	2	P01	SYMBOLS.tsv	381521	status	x86_64	include/uapi/linux/major.h	operative_macro	DIGICU_MAJOR	41	PENDING_REVIEW			vendor/linux/include/uapi/linux/major.h;vendor/linux/include/uapi/linux/major.h:41;rewrite/configs/x86_64/frozen.config;header_closure=rewrite/metadata/header_closure.tsv;selected=PENDING_REVIEW	425f94c2954b1fe80ebdbf9b29854e89750355df	3e1dbcffdc528f998e98ebd455723af10e20231caede3d4091c9ff69d7ea4b32	05f1654b63cfaaf1efbb001cd9ec5ccb65b8e73c5c0b5f3e48e93b45f16463b3	0123af9e96b58af4e98b91a2de5608d36b63c67864b9041d3340587f3dbe40d2	cfa8dcf0d81c408de38d4202fe1ce9d9e5e301d1e67439c9530da94b1e64ee3f	7484d7b0dd80f45e18d726b04752827fe28555cc5c1af0e127948380e6688abf
semantic-proposal-v1	SC1-2bf2d992416698cc96b02b00e5bf52095b54c8c454faaaf13c3c73eb41806ac2	S016234	2	P01	SYMBOLS.tsv	381522	selection_expression	x86_64	include/uapi/linux/major.h	operative_macro	DIGI_MAJOR	42	PENDING_REVIEW			vendor/linux/include/uapi/linux/major.h;vendor/linux/include/uapi/linux/major.h:42;rewrite/configs/x86_64/frozen.config;header_closure=rewrite/metadata/header_closure.tsv;selected=PENDING_REVIEW	425f94c2954b1fe80ebdbf9b29854e89750355df	3e1dbcffdc528f998e98ebd455723af10e20231caede3d4091c9ff69d7ea4b32	05f1654b63cfaaf1efbb001cd9ec5ccb65b8e73c5c0b5f3e48e93b45f16463b3	0123af9e96b58af4e98b91a2de5608d36b63c67864b9041d3340587f3dbe40d2	cfa8dcf0d81c408de38d4202fe1ce9d9e5e301d1e67439c9530da94b1e64ee3f	7484d7b0dd80f45e18d726b04752827fe28555cc5c1af0e127948380e6688abf
semantic-proposal-v1	SC1-c903b30e61bf6728abd92258d4b4d0cd0e184ea04fa1fea03c353485d7157dbd	S016234	2	P01	SYMBOLS.tsv	381522	status	x86_64	include/uapi/linux/major.h	operative_macro	DIGI_MAJOR	42	PENDING_REVIEW			vendor/linux/include/uapi/linux/major.h;vendor/linux/include/uapi/linux/major.h:42;rewrite/configs/x86_64/frozen.config;header_closure=rewrite/metadata/header_closure.tsv;selected=PENDING_REVIEW	425f94c2954b1fe80ebdbf9b29854e89750355df	3e1dbcffdc528f998e98ebd455723af10e20231caede3d4091c9ff69d7ea4b32	05f1654b63cfaaf1efbb001cd9ec5ccb65b8e73c5c0b5f3e48e93b45f16463b3	0123af9e96b58af4e98b91a2de5608d36b63c67864b9041d3340587f3dbe40d2	cfa8dcf0d81c408de38d4202fe1ce9d9e5e301d1e67439c9530da94b1e64ee3f	7484d7b0dd80f45e18d726b04752827fe28555cc5c1af0e127948380e6688abf
semantic-proposal-v1	SC1-01e8adac98a27ceaf65370beb50d1fe61c8dbc66571b87b1b332d2656d4b8a31	S016234	2	P01	SYMBOLS.tsv	381523	selection_expression	x86_64	include/uapi/linux/major.h	operative_macro	MITSUMI_CDROM_MAJOR	43	PENDING_REVIEW			vendor/linux/include/uapi/linux/major.h;vendor/linux/include/uapi/linux/major.h:43;rewrite/configs/x86_64/frozen.config;header_closure=rewrite/metadata/header_closure.tsv;selected=PENDING_REVIEW	425f94c2954b1fe80ebdbf9b29854e89750355df	3e1dbcffdc528f998e98ebd455723af10e20231caede3d4091c9ff69d7ea4b32	05f1654b63cfaaf1efbb001cd9ec5ccb65b8e73c5c0b5f3e48e93b45f16463b3	0123af9e96b58af4e98b91a2de5608d36b63c67864b9041d3340587f3dbe40d2	cfa8dcf0d81c408de38d4202fe1ce9d9e5e301d1e67439c9530da94b1e64ee3f	7484d7b0dd80f45e18d726b04752827fe28555cc5c1af0e127948380e6688abf
semantic-proposal-v1	SC1-5662f432c3ad333d307ccc2b40d5b6a35500a09ebbdce90b6ae4172b21b9b86b	S016234	2	P01	SYMBOLS.tsv	381523	status	x86_64	include/uapi/linux/major.h	operative_macro	MITSUMI_CDROM_MAJOR	43	PENDING_REVIEW			vendor/linux/include/uapi/linux/major.h;vendor/linux/include/uapi/linux/major.h:43;rewrite/configs/x86_64/frozen.config;header_closure=rewrite/metadata/header_closure.tsv;selected=PENDING_REVIEW	425f94c2954b1fe80ebdbf9b29854e89750355df	3e1dbcffdc528f998e98ebd455723af10e20231caede3d4091c9ff69d7ea4b32	05f1654b63cfaaf1efbb001cd9ec5ccb65b8e73c5c0b5f3e48e93b45f16463b3	0123af9e96b58af4e98b91a2de5608d36b63c67864b9041d3340587f3dbe40d2	cfa8dcf0d81c408de38d4202fe1ce9d9e5e301d1e67439c9530da94b1e64ee3f	7484d7b0dd80f45e18d726b04752827fe28555cc5c1af0e127948380e6688abf
semantic-proposal-v1	SC1-dfae977ac548d91a58a0e01330f389528b20019d6bc77fbcd3d80f3063da45c7	S016234	2	P01	SYMBOLS.tsv	381524	selection_expression	x86_64	include/uapi/linux/major.h	operative_macro	CDU535_CDROM_MAJOR	44	PENDING_REVIEW			vendor/linux/include/uapi/linux/major.h;vendor/linux/include/uapi/linux/major.h:44;rewrite/configs/x86_64/frozen.config;header_closure=rewrite/metadata/header_closure.tsv;selected=PENDING_REVIEW	425f94c2954b1fe80ebdbf9b29854e89750355df	3e1dbcffdc528f998e98ebd455723af10e20231caede3d4091c9ff69d7ea4b32	05f1654b63cfaaf1efbb001cd9ec5ccb65b8e73c5c0b5f3e48e93b45f16463b3	0123af9e96b58af4e98b91a2de5608d36b63c67864b9041d3340587f3dbe40d2	cfa8dcf0d81c408de38d4202fe1ce9d9e5e301d1e67439c9530da94b1e64ee3f	7484d7b0dd80f45e18d726b04752827fe28555cc5c1af0e127948380e6688abf
semantic-proposal-v1	SC1-799cbc4c380dfe02ace474dcfab19f0c970aa3582d27b7eda040ffb3bbc2b69d	S016234	2	P01	SYMBOLS.tsv	381524	status	x86_64	include/uapi/linux/major.h	operative_macro	CDU535_CDROM_MAJOR	44	PENDING_REVIEW			vendor/linux/include/uapi/linux/major.h;vendor/linux/include/uapi/linux/major.h:44;rewrite/configs/x86_64/frozen.config;header_closure=rewrite/metadata/header_closure.tsv;selected=PENDING_REVIEW	425f94c2954b1fe80ebdbf9b29854e89750355df	3e1dbcffdc528f998e98ebd455723af10e20231caede3d4091c9ff69d7ea4b32	05f1654b63cfaaf1efbb001cd9ec5ccb65b8e73c5c0b5f3e48e93b45f16463b3	0123af9e96b58af4e98b91a2de5608d36b63c67864b9041d3340587f3dbe40d2	cfa8dcf0d81c408de38d4202fe1ce9d9e5e301d1e67439c9530da94b1e64ee3f	7484d7b0dd80f45e18d726b04752827fe28555cc5c1af0e127948380e6688abf
semantic-proposal-v1	SC1-9ef10232dda4d82a187690b5a4ad8dfd134b11b342f4df905001310d72c43439	S016234	2	P01	SYMBOLS.tsv	381525	selection_expression	x86_64	include/uapi/linux/major.h	operative_macro	STL_SERIALMAJOR	45	PENDING_REVIEW			vendor/linux/include/uapi/linux/major.h;vendor/linux/include/uapi/linux/major.h:45;rewrite/configs/x86_64/frozen.config;header_closure=rewrite/metadata/header_closure.tsv;selected=PENDING_REVIEW	425f94c2954b1fe80ebdbf9b29854e89750355df	3e1dbcffdc528f998e98ebd455723af10e20231caede3d4091c9ff69d7ea4b32	05f1654b63cfaaf1efbb001cd9ec5ccb65b8e73c5c0b5f3e48e93b45f16463b3	0123af9e96b58af4e98b91a2de5608d36b63c67864b9041d3340587f3dbe40d2	cfa8dcf0d81c408de38d4202fe1ce9d9e5e301d1e67439c9530da94b1e64ee3f	7484d7b0dd80f45e18d726b04752827fe28555cc5c1af0e127948380e6688abf
semantic-proposal-v1	SC1-a1ec511d1274c421bd3d2b952b7dd73c1a2df0d407cadeb79046c4d921e58e45	S016234	2	P01	SYMBOLS.tsv	381525	status	x86_64	include/uapi/linux/major.h	operative_macro	STL_SERIALMAJOR	45	PENDING_REVIEW			vendor/linux/include/uapi/linux/major.h;vendor/linux/include/uapi/linux/major.h:45;rewrite/configs/x86_64/frozen.config;header_closure=rewrite/metadata/header_closure.tsv;selected=PENDING_REVIEW	425f94c2954b1fe80ebdbf9b29854e89750355df	3e1dbcffdc528f998e98ebd455723af10e20231caede3d4091c9ff69d7ea4b32	05f1654b63cfaaf1efbb001cd9ec5ccb65b8e73c5c0b5f3e48e93b45f16463b3	0123af9e96b58af4e98b91a2de5608d36b63c67864b9041d3340587f3dbe40d2	cfa8dcf0d81c408de38d4202fe1ce9d9e5e301d1e67439c9530da94b1e64ee3f	7484d7b0dd80f45e18d726b04752827fe28555cc5c1af0e127948380e6688abf
semantic-proposal-v1	SC1-b510be429e24cfdc45d1634aecced22fae8ef673f014cb6bdc1ad4d7c77f7943	S016234	2	P01	SYMBOLS.tsv	381526	selection_expression	x86_64	include/uapi/linux/major.h	operative_macro	MATSUSHITA_CDROM_MAJOR	46	PENDING_REVIEW			vendor/linux/include/uapi/linux/major.h;vendor/linux/include/uapi/linux/major.h:46;rewrite/configs/x86_64/frozen.config;header_closure=rewrite/metadata/header_closure.tsv;selected=PENDING_REVIEW	425f94c2954b1fe80ebdbf9b29854e89750355df	3e1dbcffdc528f998e98ebd455723af10e20231caede3d4091c9ff69d7ea4b32	05f1654b63cfaaf1efbb001cd9ec5ccb65b8e73c5c0b5f3e48e93b45f16463b3	0123af9e96b58af4e98b91a2de5608d36b63c67864b9041d3340587f3dbe40d2	cfa8dcf0d81c408de38d4202fe1ce9d9e5e301d1e67439c9530da94b1e64ee3f	7484d7b0dd80f45e18d726b04752827fe28555cc5c1af0e127948380e6688abf
semantic-proposal-v1	SC1-1dafad2f0ffbb07b61fcf01df16e20cc9d1dd3bba596c347fbca4305092a0227	S016234	2	P01	SYMBOLS.tsv	381526	status	x86_64	include/uapi/linux/major.h	operative_macro	MATSUSHITA_CDROM_MAJOR	46	PENDING_REVIEW			vendor/linux/include/uapi/linux/major.h;vendor/linux/include/uapi/linux/major.h:46;rewrite/configs/x86_64/frozen.config;header_closure=rewrite/metadata/header_closure.tsv;selected=PENDING_REVIEW	425f94c2954b1fe80ebdbf9b29854e89750355df	3e1dbcffdc528f998e98ebd455723af10e20231caede3d4091c9ff69d7ea4b32	05f1654b63cfaaf1efbb001cd9ec5ccb65b8e73c5c0b5f3e48e93b45f16463b3	0123af9e96b58af4e98b91a2de5608d36b63c67864b9041d3340587f3dbe40d2	cfa8dcf0d81c408de38d4202fe1ce9d9e5e301d1e67439c9530da94b1e64ee3f	7484d7b0dd80f45e18d726b04752827fe28555cc5c1af0e127948380e6688abf
semantic-proposal-v1	SC1-176b5da180c3359056e96b290d525e5e02282f3a2ecffbc353b0389fa94a56f4	S016234	2	P01	SYMBOLS.tsv	381527	selection_expression	x86_64	include/uapi/linux/major.h	operative_macro	STL_CALLOUTMAJOR	47	PENDING_REVIEW			vendor/linux/include/uapi/linux/major.h;vendor/linux/include/uapi/linux/major.h:47;rewrite/configs/x86_64/frozen.config;header_closure=rewrite/metadata/header_closure.tsv;selected=PENDING_REVIEW	425f94c2954b1fe80ebdbf9b29854e89750355df	3e1dbcffdc528f998e98ebd455723af10e20231caede3d4091c9ff69d7ea4b32	05f1654b63cfaaf1efbb001cd9ec5ccb65b8e73c5c0b5f3e48e93b45f16463b3	0123af9e96b58af4e98b91a2de5608d36b63c67864b9041d3340587f3dbe40d2	cfa8dcf0d81c408de38d4202fe1ce9d9e5e301d1e67439c9530da94b1e64ee3f	7484d7b0dd80f45e18d726b04752827fe28555cc5c1af0e127948380e6688abf
semantic-proposal-v1	SC1-730a255f9eeba5d50b0f27b7e4e8bdec348f0870b82770eb222db41f13c4109f	S016234	2	P01	SYMBOLS.tsv	381527	status	x86_64	include/uapi/linux/major.h	operative_macro	STL_CALLOUTMAJOR	47	PENDING_REVIEW			vendor/linux/include/uapi/linux/major.h;vendor/linux/include/uapi/linux/major.h:47;rewrite/configs/x86_64/frozen.config;header_closure=rewrite/metadata/header_closure.tsv;selected=PENDING_REVIEW	425f94c2954b1fe80ebdbf9b29854e89750355df	3e1dbcffdc528f998e98ebd455723af10e20231caede3d4091c9ff69d7ea4b32	05f1654b63cfaaf1efbb001cd9ec5ccb65b8e73c5c0b5f3e48e93b45f16463b3	0123af9e96b58af4e98b91a2de5608d36b63c67864b9041d3340587f3dbe40d2	cfa8dcf0d81c408de38d4202fe1ce9d9e5e301d1e67439c9530da94b1e64ee3f	7484d7b0dd80f45e18d726b04752827fe28555cc5c1af0e127948380e6688abf
semantic-proposal-v1	SC1-9896d30725fd52ed6a47145aed32c4db9333ef2e1d5f6f3f4891a60028de4d47	S016234	2	P01	SYMBOLS.tsv	381528	selection_expression	x86_64	include/uapi/linux/major.h	operative_macro	MATSUSHITA_CDROM2_MAJOR	48	PENDING_REVIEW			vendor/linux/include/uapi/linux/major.h;vendor/linux/include/uapi/linux/major.h:48;rewrite/configs/x86_64/frozen.config;header_closure=rewrite/metadata/header_closure.tsv;selected=PENDING_REVIEW	425f94c2954b1fe80ebdbf9b29854e89750355df	3e1dbcffdc528f998e98ebd455723af10e20231caede3d4091c9ff69d7ea4b32	05f1654b63cfaaf1efbb001cd9ec5ccb65b8e73c5c0b5f3e48e93b45f16463b3	0123af9e96b58af4e98b91a2de5608d36b63c67864b9041d3340587f3dbe40d2	cfa8dcf0d81c408de38d4202fe1ce9d9e5e301d1e67439c9530da94b1e64ee3f	7484d7b0dd80f45e18d726b04752827fe28555cc5c1af0e127948380e6688abf
semantic-proposal-v1	SC1-03d828b2fbdb49e34507684648cb2b99da7d2210d80519d5db43f4cd281285f9	S016234	2	P01	SYMBOLS.tsv	381528	status	x86_64	include/uapi/linux/major.h	operative_macro	MATSUSHITA_CDROM2_MAJOR	48	PENDING_REVIEW			vendor/linux/include/uapi/linux/major.h;vendor/linux/include/uapi/linux/major.h:48;rewrite/configs/x86_64/frozen.config;header_closure=rewrite/metadata/header_closure.tsv;selected=PENDING_REVIEW	425f94c2954b1fe80ebdbf9b29854e89750355df	3e1dbcffdc528f998e98ebd455723af10e20231caede3d4091c9ff69d7ea4b32	05f1654b63cfaaf1efbb001cd9ec5ccb65b8e73c5c0b5f3e48e93b45f16463b3	0123af9e96b58af4e98b91a2de5608d36b63c67864b9041d3340587f3dbe40d2	cfa8dcf0d81c408de38d4202fe1ce9d9e5e301d1e67439c9530da94b1e64ee3f	7484d7b0dd80f45e18d726b04752827fe28555cc5c1af0e127948380e6688abf
semantic-proposal-v1	SC1-70e903bcf4222327f81bdaf1680c1e162666be82433b52010e58c564bc38d5f3	S016234	2	P01	SYMBOLS.tsv	381529	selection_expression	x86_64	include/uapi/linux/major.h	operative_macro	QIC117_TAPE_MAJOR	49	PENDING_REVIEW			vendor/linux/include/uapi/linux/major.h;vendor/linux/include/uapi/linux/major.h:49;rewrite/configs/x86_64/frozen.config;header_closure=rewrite/metadata/header_closure.tsv;selected=PENDING_REVIEW	425f94c2954b1fe80ebdbf9b29854e89750355df	3e1dbcffdc528f998e98ebd455723af10e20231caede3d4091c9ff69d7ea4b32	05f1654b63cfaaf1efbb001cd9ec5ccb65b8e73c5c0b5f3e48e93b45f16463b3	0123af9e96b58af4e98b91a2de5608d36b63c67864b9041d3340587f3dbe40d2	cfa8dcf0d81c408de38d4202fe1ce9d9e5e301d1e67439c9530da94b1e64ee3f	7484d7b0dd80f45e18d726b04752827fe28555cc5c1af0e127948380e6688abf
semantic-proposal-v1	SC1-073c3ff3a9b298572e2a7427e32673e891c3c258855b339c75651b3ac8481446	S016234	2	P01	SYMBOLS.tsv	381529	status	x86_64	include/uapi/linux/major.h	operative_macro	QIC117_TAPE_MAJOR	49	PENDING_REVIEW			vendor/linux/include/uapi/linux/major.h;vendor/linux/include/uapi/linux/major.h:49;rewrite/configs/x86_64/frozen.config;header_closure=rewrite/metadata/header_closure.tsv;selected=PENDING_REVIEW	425f94c2954b1fe80ebdbf9b29854e89750355df	3e1dbcffdc528f998e98ebd455723af10e20231caede3d4091c9ff69d7ea4b32	05f1654b63cfaaf1efbb001cd9ec5ccb65b8e73c5c0b5f3e48e93b45f16463b3	0123af9e96b58af4e98b91a2de5608d36b63c67864b9041d3340587f3dbe40d2	cfa8dcf0d81c408de38d4202fe1ce9d9e5e301d1e67439c9530da94b1e64ee3f	7484d7b0dd80f45e18d726b04752827fe28555cc5c1af0e127948380e6688abf
semantic-proposal-v1	SC1-6aac7c63b961e42943fa6ef9202475a0e3b6c8a78decde21f78ead9f683295b2	S016234	2	P01	SYMBOLS.tsv	381530	selection_expression	x86_64	include/uapi/linux/major.h	operative_macro	MATSUSHITA_CDROM3_MAJOR	50	PENDING_REVIEW			vendor/linux/include/uapi/linux/major.h;vendor/linux/include/uapi/linux/major.h:50;rewrite/configs/x86_64/frozen.config;header_closure=rewrite/metadata/header_closure.tsv;selected=PENDING_REVIEW	425f94c2954b1fe80ebdbf9b29854e89750355df	3e1dbcffdc528f998e98ebd455723af10e20231caede3d4091c9ff69d7ea4b32	05f1654b63cfaaf1efbb001cd9ec5ccb65b8e73c5c0b5f3e48e93b45f16463b3	0123af9e96b58af4e98b91a2de5608d36b63c67864b9041d3340587f3dbe40d2	cfa8dcf0d81c408de38d4202fe1ce9d9e5e301d1e67439c9530da94b1e64ee3f	7484d7b0dd80f45e18d726b04752827fe28555cc5c1af0e127948380e6688abf
semantic-proposal-v1	SC1-f9c43540b6f21890fdffa0fa5d52d9b2fa77400f93c8e9c80e156d10dbf1e263	S016234	2	P01	SYMBOLS.tsv	381530	status	x86_64	include/uapi/linux/major.h	operative_macro	MATSUSHITA_CDROM3_MAJOR	50	PENDING_REVIEW			vendor/linux/include/uapi/linux/major.h;vendor/linux/include/uapi/linux/major.h:50;rewrite/configs/x86_64/frozen.config;header_closure=rewrite/metadata/header_closure.tsv;selected=PENDING_REVIEW	425f94c2954b1fe80ebdbf9b29854e89750355df	3e1dbcffdc528f998e98ebd455723af10e20231caede3d4091c9ff69d7ea4b32	05f1654b63cfaaf1efbb001cd9ec5ccb65b8e73c5c0b5f3e48e93b45f16463b3	0123af9e96b58af4e98b91a2de5608d36b63c67864b9041d3340587f3dbe40d2	cfa8dcf0d81c408de38d4202fe1ce9d9e5e301d1e67439c9530da94b1e64ee3f	7484d7b0dd80f45e18d726b04752827fe28555cc5c1af0e127948380e6688abf
semantic-proposal-v1	SC1-4fc128e3ef23c34de5f9a5df995bfa796f8a33dc8995841aa378bf80d9f370e1	S016234	2	P01	SYMBOLS.tsv	381531	selection_expression	x86_64	include/uapi/linux/major.h	operative_macro	MATSUSHITA_CDROM4_MAJOR	51	PENDING_REVIEW			vendor/linux/include/uapi/linux/major.h;vendor/linux/include/uapi/linux/major.h:51;rewrite/configs/x86_64/frozen.config;header_closure=rewrite/metadata/header_closure.tsv;selected=PENDING_REVIEW	425f94c2954b1fe80ebdbf9b29854e89750355df	3e1dbcffdc528f998e98ebd455723af10e20231caede3d4091c9ff69d7ea4b32	05f1654b63cfaaf1efbb001cd9ec5ccb65b8e73c5c0b5f3e48e93b45f16463b3	0123af9e96b58af4e98b91a2de5608d36b63c67864b9041d3340587f3dbe40d2	cfa8dcf0d81c408de38d4202fe1ce9d9e5e301d1e67439c9530da94b1e64ee3f	7484d7b0dd80f45e18d726b04752827fe28555cc5c1af0e127948380e6688abf
semantic-proposal-v1	SC1-7b7f304796dcc36530d2fc2b06abb79f5abfb0f19353d34c08aa26d43ffbb1d4	S016234	2	P01	SYMBOLS.tsv	381531	status	x86_64	include/uapi/linux/major.h	operative_macro	MATSUSHITA_CDROM4_MAJOR	51	PENDING_REVIEW			vendor/linux/include/uapi/linux/major.h;vendor/linux/include/uapi/linux/major.h:51;rewrite/configs/x86_64/frozen.config;header_closure=rewrite/metadata/header_closure.tsv;selected=PENDING_REVIEW	425f94c2954b1fe80ebdbf9b29854e89750355df	3e1dbcffdc528f998e98ebd455723af10e20231caede3d4091c9ff69d7ea4b32	05f1654b63cfaaf1efbb001cd9ec5ccb65b8e73c5c0b5f3e48e93b45f16463b3	0123af9e96b58af4e98b91a2de5608d36b63c67864b9041d3340587f3dbe40d2	cfa8dcf0d81c408de38d4202fe1ce9d9e5e301d1e67439c9530da94b1e64ee3f	7484d7b0dd80f45e18d726b04752827fe28555cc5c1af0e127948380e6688abf
semantic-proposal-v1	SC1-b4c6217c411c283c29b752df8caa44640c7054101c4c44ac99cd572f7dfdb5a7	S016234	2	P01	SYMBOLS.tsv	381532	selection_expression	x86_64	include/uapi/linux/major.h	operative_macro	STL_SIOMEMMAJOR	52	PENDING_REVIEW			vendor/linux/include/uapi/linux/major.h;vendor/linux/include/uapi/linux/major.h:52;rewrite/configs/x86_64/frozen.config;header_closure=rewrite/metadata/header_closure.tsv;selected=PENDING_REVIEW	425f94c2954b1fe80ebdbf9b29854e89750355df	3e1dbcffdc528f998e98ebd455723af10e20231caede3d4091c9ff69d7ea4b32	05f1654b63cfaaf1efbb001cd9ec5ccb65b8e73c5c0b5f3e48e93b45f16463b3	0123af9e96b58af4e98b91a2de5608d36b63c67864b9041d3340587f3dbe40d2	cfa8dcf0d81c408de38d4202fe1ce9d9e5e301d1e67439c9530da94b1e64ee3f	7484d7b0dd80f45e18d726b04752827fe28555cc5c1af0e127948380e6688abf
semantic-proposal-v1	SC1-b7f5958a99e315a9bb2d5c88ce3ed1f828d843526ca6a6a72150e0f6f03373f0	S016234	2	P01	SYMBOLS.tsv	381532	status	x86_64	include/uapi/linux/major.h	operative_macro	STL_SIOMEMMAJOR	52	PENDING_REVIEW			vendor/linux/include/uapi/linux/major.h;vendor/linux/include/uapi/linux/major.h:52;rewrite/configs/x86_64/frozen.config;header_closure=rewrite/metadata/header_closure.tsv;selected=PENDING_REVIEW	425f94c2954b1fe80ebdbf9b29854e89750355df	3e1dbcffdc528f998e98ebd455723af10e20231caede3d4091c9ff69d7ea4b32	05f1654b63cfaaf1efbb001cd9ec5ccb65b8e73c5c0b5f3e48e93b45f16463b3	0123af9e96b58af4e98b91a2de5608d36b63c67864b9041d3340587f3dbe40d2	cfa8dcf0d81c408de38d4202fe1ce9d9e5e301d1e67439c9530da94b1e64ee3f	7484d7b0dd80f45e18d726b04752827fe28555cc5c1af0e127948380e6688abf
semantic-proposal-v1	SC1-4c2a895d84599514b1f67f142252aad41353a1a5baefa162adab5181d9884ff4	S016234	2	P01	SYMBOLS.tsv	381533	selection_expression	x86_64	include/uapi/linux/major.h	operative_macro	ACSI_MAJOR	53	PENDING_REVIEW			vendor/linux/include/uapi/linux/major.h;vendor/linux/include/uapi/linux/major.h:53;rewrite/configs/x86_64/frozen.config;header_closure=rewrite/metadata/header_closure.tsv;selected=PENDING_REVIEW	425f94c2954b1fe80ebdbf9b29854e89750355df	3e1dbcffdc528f998e98ebd455723af10e20231caede3d4091c9ff69d7ea4b32	05f1654b63cfaaf1efbb001cd9ec5ccb65b8e73c5c0b5f3e48e93b45f16463b3	0123af9e96b58af4e98b91a2de5608d36b63c67864b9041d3340587f3dbe40d2	cfa8dcf0d81c408de38d4202fe1ce9d9e5e301d1e67439c9530da94b1e64ee3f	7484d7b0dd80f45e18d726b04752827fe28555cc5c1af0e127948380e6688abf
semantic-proposal-v1	SC1-415c0f9f7710117fdd55823ce5d4d50709d6d06ff194645cdbf468ce8ed349bc	S016234	2	P01	SYMBOLS.tsv	381533	status	x86_64	include/uapi/linux/major.h	operative_macro	ACSI_MAJOR	53	PENDING_REVIEW			vendor/linux/include/uapi/linux/major.h;vendor/linux/include/uapi/linux/major.h:53;rewrite/configs/x86_64/frozen.config;header_closure=rewrite/metadata/header_closure.tsv;selected=PENDING_REVIEW	425f94c2954b1fe80ebdbf9b29854e89750355df	3e1dbcffdc528f998e98ebd455723af10e20231caede3d4091c9ff69d7ea4b32	05f1654b63cfaaf1efbb001cd9ec5ccb65b8e73c5c0b5f3e48e93b45f16463b3	0123af9e96b58af4e98b91a2de5608d36b63c67864b9041d3340587f3dbe40d2	cfa8dcf0d81c408de38d4202fe1ce9d9e5e301d1e67439c9530da94b1e64ee3f	7484d7b0dd80f45e18d726b04752827fe28555cc5c1af0e127948380e6688abf
semantic-proposal-v1	SC1-1d53f0b50a20ba8af928107c643652d3f113adf756f8a24a91e9c7a89b1cbfab	S016234	2	P01	SYMBOLS.tsv	381534	selection_expression	x86_64	include/uapi/linux/major.h	operative_macro	AZTECH_CDROM_MAJOR	54	PENDING_REVIEW			vendor/linux/include/uapi/linux/major.h;vendor/linux/include/uapi/linux/major.h:54;rewrite/configs/x86_64/frozen.config;header_closure=rewrite/metadata/header_closure.tsv;selected=PENDING_REVIEW	425f94c2954b1fe80ebdbf9b29854e89750355df	3e1dbcffdc528f998e98ebd455723af10e20231caede3d4091c9ff69d7ea4b32	05f1654b63cfaaf1efbb001cd9ec5ccb65b8e73c5c0b5f3e48e93b45f16463b3	0123af9e96b58af4e98b91a2de5608d36b63c67864b9041d3340587f3dbe40d2	cfa8dcf0d81c408de38d4202fe1ce9d9e5e301d1e67439c9530da94b1e64ee3f	7484d7b0dd80f45e18d726b04752827fe28555cc5c1af0e127948380e6688abf
semantic-proposal-v1	SC1-d6ad04c77a642040c129864090f19626d34923bb18a4324889f6cfbbf1c27c7b	S016234	2	P01	SYMBOLS.tsv	381534	status	x86_64	include/uapi/linux/major.h	operative_macro	AZTECH_CDROM_MAJOR	54	PENDING_REVIEW			vendor/linux/include/uapi/linux/major.h;vendor/linux/include/uapi/linux/major.h:54;rewrite/configs/x86_64/frozen.config;header_closure=rewrite/metadata/header_closure.tsv;selected=PENDING_REVIEW	425f94c2954b1fe80ebdbf9b29854e89750355df	3e1dbcffdc528f998e98ebd455723af10e20231caede3d4091c9ff69d7ea4b32	05f1654b63cfaaf1efbb001cd9ec5ccb65b8e73c5c0b5f3e48e93b45f16463b3	0123af9e96b58af4e98b91a2de5608d36b63c67864b9041d3340587f3dbe40d2	cfa8dcf0d81c408de38d4202fe1ce9d9e5e301d1e67439c9530da94b1e64ee3f	7484d7b0dd80f45e18d726b04752827fe28555cc5c1af0e127948380e6688abf
semantic-proposal-v1	SC1-b299bfae1a56e43a4b2dbb7a1d2cd8a88d0b1f34117f2a099b02e110d0170160	S016234	2	P01	SYMBOLS.tsv	381535	selection_expression	x86_64	include/uapi/linux/major.h	operative_macro	FB_MAJOR	55	PENDING_REVIEW			vendor/linux/include/uapi/linux/major.h;vendor/linux/include/uapi/linux/major.h:55;rewrite/configs/x86_64/frozen.config;header_closure=rewrite/metadata/header_closure.tsv;selected=PENDING_REVIEW	425f94c2954b1fe80ebdbf9b29854e89750355df	3e1dbcffdc528f998e98ebd455723af10e20231caede3d4091c9ff69d7ea4b32	05f1654b63cfaaf1efbb001cd9ec5ccb65b8e73c5c0b5f3e48e93b45f16463b3	0123af9e96b58af4e98b91a2de5608d36b63c67864b9041d3340587f3dbe40d2	cfa8dcf0d81c408de38d4202fe1ce9d9e5e301d1e67439c9530da94b1e64ee3f	7484d7b0dd80f45e18d726b04752827fe28555cc5c1af0e127948380e6688abf
semantic-proposal-v1	SC1-16ca06194b4e82e64b71091677d72426eb067946909284b6c2861432098b45cb	S016234	2	P01	SYMBOLS.tsv	381535	status	x86_64	include/uapi/linux/major.h	operative_macro	FB_MAJOR	55	PENDING_REVIEW			vendor/linux/include/uapi/linux/major.h;vendor/linux/include/uapi/linux/major.h:55;rewrite/configs/x86_64/frozen.config;header_closure=rewrite/metadata/header_closure.tsv;selected=PENDING_REVIEW	425f94c2954b1fe80ebdbf9b29854e89750355df	3e1dbcffdc528f998e98ebd455723af10e20231caede3d4091c9ff69d7ea4b32	05f1654b63cfaaf1efbb001cd9ec5ccb65b8e73c5c0b5f3e48e93b45f16463b3	0123af9e96b58af4e98b91a2de5608d36b63c67864b9041d3340587f3dbe40d2	cfa8dcf0d81c408de38d4202fe1ce9d9e5e301d1e67439c9530da94b1e64ee3f	7484d7b0dd80f45e18d726b04752827fe28555cc5c1af0e127948380e6688abf
semantic-proposal-v1	SC1-8b95865e66cd577f28ee2b0de37cc9cecb7e7af51f9395d8e2f1668228ddf5fd	S016234	2	P01	SYMBOLS.tsv	381536	selection_expression	x86_64	include/uapi/linux/major.h	operative_macro	MTD_BLOCK_MAJOR	56	PENDING_REVIEW			vendor/linux/include/uapi/linux/major.h;vendor/linux/include/uapi/linux/major.h:56;rewrite/configs/x86_64/frozen.config;header_closure=rewrite/metadata/header_closure.tsv;selected=PENDING_REVIEW	425f94c2954b1fe80ebdbf9b29854e89750355df	3e1dbcffdc528f998e98ebd455723af10e20231caede3d4091c9ff69d7ea4b32	05f1654b63cfaaf1efbb001cd9ec5ccb65b8e73c5c0b5f3e48e93b45f16463b3	0123af9e96b58af4e98b91a2de5608d36b63c67864b9041d3340587f3dbe40d2	cfa8dcf0d81c408de38d4202fe1ce9d9e5e301d1e67439c9530da94b1e64ee3f	7484d7b0dd80f45e18d726b04752827fe28555cc5c1af0e127948380e6688abf
semantic-proposal-v1	SC1-a70b815b3f13780fba3f9be6101d16ad09d393ed38b6c7b983c77313f0b77944	S016234	2	P01	SYMBOLS.tsv	381536	status	x86_64	include/uapi/linux/major.h	operative_macro	MTD_BLOCK_MAJOR	56	PENDING_REVIEW			vendor/linux/include/uapi/linux/major.h;vendor/linux/include/uapi/linux/major.h:56;rewrite/configs/x86_64/frozen.config;header_closure=rewrite/metadata/header_closure.tsv;selected=PENDING_REVIEW	425f94c2954b1fe80ebdbf9b29854e89750355df	3e1dbcffdc528f998e98ebd455723af10e20231caede3d4091c9ff69d7ea4b32	05f1654b63cfaaf1efbb001cd9ec5ccb65b8e73c5c0b5f3e48e93b45f16463b3	0123af9e96b58af4e98b91a2de5608d36b63c67864b9041d3340587f3dbe40d2	cfa8dcf0d81c408de38d4202fe1ce9d9e5e301d1e67439c9530da94b1e64ee3f	7484d7b0dd80f45e18d726b04752827fe28555cc5c1af0e127948380e6688abf
semantic-proposal-v1	SC1-7a294870410e863db411d74af9d8b4a752d3d64ba19b307ad5a138b52dec4baf	S016234	2	P01	SYMBOLS.tsv	381537	selection_expression	x86_64	include/uapi/linux/major.h	operative_macro	CM206_CDROM_MAJOR	57	PENDING_REVIEW			vendor/linux/include/uapi/linux/major.h;vendor/linux/include/uapi/linux/major.h:57;rewrite/configs/x86_64/frozen.config;header_closure=rewrite/metadata/header_closure.tsv;selected=PENDING_REVIEW	425f94c2954b1fe80ebdbf9b29854e89750355df	3e1dbcffdc528f998e98ebd455723af10e20231caede3d4091c9ff69d7ea4b32	05f1654b63cfaaf1efbb001cd9ec5ccb65b8e73c5c0b5f3e48e93b45f16463b3	0123af9e96b58af4e98b91a2de5608d36b63c67864b9041d3340587f3dbe40d2	cfa8dcf0d81c408de38d4202fe1ce9d9e5e301d1e67439c9530da94b1e64ee3f	7484d7b0dd80f45e18d726b04752827fe28555cc5c1af0e127948380e6688abf
semantic-proposal-v1	SC1-d7c6e671bcf19cf9e259b2f772d9d69588b561a96b52c71119a75ffcfe23476f	S016234	2	P01	SYMBOLS.tsv	381537	status	x86_64	include/uapi/linux/major.h	operative_macro	CM206_CDROM_MAJOR	57	PENDING_REVIEW			vendor/linux/include/uapi/linux/major.h;vendor/linux/include/uapi/linux/major.h:57;rewrite/configs/x86_64/frozen.config;header_closure=rewrite/metadata/header_closure.tsv;selected=PENDING_REVIEW	425f94c2954b1fe80ebdbf9b29854e89750355df	3e1dbcffdc528f998e98ebd455723af10e20231caede3d4091c9ff69d7ea4b32	05f1654b63cfaaf1efbb001cd9ec5ccb65b8e73c5c0b5f3e48e93b45f16463b3	0123af9e96b58af4e98b91a2de5608d36b63c67864b9041d3340587f3dbe40d2	cfa8dcf0d81c408de38d4202fe1ce9d9e5e301d1e67439c9530da94b1e64ee3f	7484d7b0dd80f45e18d726b04752827fe28555cc5c1af0e127948380e6688abf
semantic-proposal-v1	SC1-93f5067ac1e910750f25ad33869a1e364f404bcd57c0997c496cbfff470d6013	S016234	2	P01	SYMBOLS.tsv	381538	selection_expression	x86_64	include/uapi/linux/major.h	operative_macro	IDE2_MAJOR	58	PENDING_REVIEW			vendor/linux/include/uapi/linux/major.h;vendor/linux/include/uapi/linux/major.h:58;rewrite/configs/x86_64/frozen.config;header_closure=rewrite/metadata/header_closure.tsv;selected=PENDING_REVIEW	425f94c2954b1fe80ebdbf9b29854e89750355df	3e1dbcffdc528f998e98ebd455723af10e20231caede3d4091c9ff69d7ea4b32	05f1654b63cfaaf1efbb001cd9ec5ccb65b8e73c5c0b5f3e48e93b45f16463b3	0123af9e96b58af4e98b91a2de5608d36b63c67864b9041d3340587f3dbe40d2	cfa8dcf0d81c408de38d4202fe1ce9d9e5e301d1e67439c9530da94b1e64ee3f	7484d7b0dd80f45e18d726b04752827fe28555cc5c1af0e127948380e6688abf
semantic-proposal-v1	SC1-3afcf435baf6aff840c65e3c56ded9a669e002aa2b7dd8d3b6a6c4c3eae656b8	S016234	2	P01	SYMBOLS.tsv	381538	status	x86_64	include/uapi/linux/major.h	operative_macro	IDE2_MAJOR	58	PENDING_REVIEW			vendor/linux/include/uapi/linux/major.h;vendor/linux/include/uapi/linux/major.h:58;rewrite/configs/x86_64/frozen.config;header_closure=rewrite/metadata/header_closure.tsv;selected=PENDING_REVIEW	425f94c2954b1fe80ebdbf9b29854e89750355df	3e1dbcffdc528f998e98ebd455723af10e20231caede3d4091c9ff69d7ea4b32	05f1654b63cfaaf1efbb001cd9ec5ccb65b8e73c5c0b5f3e48e93b45f16463b3	0123af9e96b58af4e98b91a2de5608d36b63c67864b9041d3340587f3dbe40d2	cfa8dcf0d81c408de38d4202fe1ce9d9e5e301d1e67439c9530da94b1e64ee3f	7484d7b0dd80f45e18d726b04752827fe28555cc5c1af0e127948380e6688abf
semantic-proposal-v1	SC1-000f850eab6235076915cee974dccf5e134dee329c394f24b11e1cc9ed7947c6	S016234	2	P01	SYMBOLS.tsv	381539	selection_expression	x86_64	include/uapi/linux/major.h	operative_macro	IDE3_MAJOR	59	PENDING_REVIEW			vendor/linux/include/uapi/linux/major.h;vendor/linux/include/uapi/linux/major.h:59;rewrite/configs/x86_64/frozen.config;header_closure=rewrite/metadata/header_closure.tsv;selected=PENDING_REVIEW	425f94c2954b1fe80ebdbf9b29854e89750355df	3e1dbcffdc528f998e98ebd455723af10e20231caede3d4091c9ff69d7ea4b32	05f1654b63cfaaf1efbb001cd9ec5ccb65b8e73c5c0b5f3e48e93b45f16463b3	0123af9e96b58af4e98b91a2de5608d36b63c67864b9041d3340587f3dbe40d2	cfa8dcf0d81c408de38d4202fe1ce9d9e5e301d1e67439c9530da94b1e64ee3f	7484d7b0dd80f45e18d726b04752827fe28555cc5c1af0e127948380e6688abf
semantic-proposal-v1	SC1-3e1811646f8b863ee11889975659a60730ef15aa4611b721ab767d9b01661c20	S016234	2	P01	SYMBOLS.tsv	381539	status	x86_64	include/uapi/linux/major.h	operative_macro	IDE3_MAJOR	59	PENDING_REVIEW			vendor/linux/include/uapi/linux/major.h;vendor/linux/include/uapi/linux/major.h:59;rewrite/configs/x86_64/frozen.config;header_closure=rewrite/metadata/header_closure.tsv;selected=PENDING_REVIEW	425f94c2954b1fe80ebdbf9b29854e89750355df	3e1dbcffdc528f998e98ebd455723af10e20231caede3d4091c9ff69d7ea4b32	05f1654b63cfaaf1efbb001cd9ec5ccb65b8e73c5c0b5f3e48e93b45f16463b3	0123af9e96b58af4e98b91a2de5608d36b63c67864b9041d3340587f3dbe40d2	cfa8dcf0d81c408de38d4202fe1ce9d9e5e301d1e67439c9530da94b1e64ee3f	7484d7b0dd80f45e18d726b04752827fe28555cc5c1af0e127948380e6688abf
semantic-proposal-v1	SC1-792e0444044968f21ca6dd0c2703425bb744f37283a45dbe23a2cb2b4a2c150f	S016234	2	P01	SYMBOLS.tsv	381540	selection_expression	x86_64	include/uapi/linux/major.h	operative_macro	Z8530_MAJOR	60	PENDING_REVIEW			vendor/linux/include/uapi/linux/major.h;vendor/linux/include/uapi/linux/major.h:60;rewrite/configs/x86_64/frozen.config;header_closure=rewrite/metadata/header_closure.tsv;selected=PENDING_REVIEW	425f94c2954b1fe80ebdbf9b29854e89750355df	3e1dbcffdc528f998e98ebd455723af10e20231caede3d4091c9ff69d7ea4b32	05f1654b63cfaaf1efbb001cd9ec5ccb65b8e73c5c0b5f3e48e93b45f16463b3	0123af9e96b58af4e98b91a2de5608d36b63c67864b9041d3340587f3dbe40d2	cfa8dcf0d81c408de38d4202fe1ce9d9e5e301d1e67439c9530da94b1e64ee3f	7484d7b0dd80f45e18d726b04752827fe28555cc5c1af0e127948380e6688abf
semantic-proposal-v1	SC1-4b1939f32ca1eb2f0a3d6e353a8924d4e1f86fc3ada6b21a14fa14b73478e8c7	S016234	2	P01	SYMBOLS.tsv	381540	status	x86_64	include/uapi/linux/major.h	operative_macro	Z8530_MAJOR	60	PENDING_REVIEW			vendor/linux/include/uapi/linux/major.h;vendor/linux/include/uapi/linux/major.h:60;rewrite/configs/x86_64/frozen.config;header_closure=rewrite/metadata/header_closure.tsv;selected=PENDING_REVIEW	425f94c2954b1fe80ebdbf9b29854e89750355df	3e1dbcffdc528f998e98ebd455723af10e20231caede3d4091c9ff69d7ea4b32	05f1654b63cfaaf1efbb001cd9ec5ccb65b8e73c5c0b5f3e48e93b45f16463b3	0123af9e96b58af4e98b91a2de5608d36b63c67864b9041d3340587f3dbe40d2	cfa8dcf0d81c408de38d4202fe1ce9d9e5e301d1e67439c9530da94b1e64ee3f	7484d7b0dd80f45e18d726b04752827fe28555cc5c1af0e127948380e6688abf
semantic-proposal-v1	SC1-0fbf94074512784f3c276d496959d54be83b4ebdc6fcd29acef4008172528642	S016234	2	P01	SYMBOLS.tsv	381541	selection_expression	x86_64	include/uapi/linux/major.h	operative_macro	XPRAM_MAJOR	61	PENDING_REVIEW			vendor/linux/include/uapi/linux/major.h;vendor/linux/include/uapi/linux/major.h:61;rewrite/configs/x86_64/frozen.config;header_closure=rewrite/metadata/header_closure.tsv;selected=PENDING_REVIEW	425f94c2954b1fe80ebdbf9b29854e89750355df	3e1dbcffdc528f998e98ebd455723af10e20231caede3d4091c9ff69d7ea4b32	05f1654b63cfaaf1efbb001cd9ec5ccb65b8e73c5c0b5f3e48e93b45f16463b3	0123af9e96b58af4e98b91a2de5608d36b63c67864b9041d3340587f3dbe40d2	cfa8dcf0d81c408de38d4202fe1ce9d9e5e301d1e67439c9530da94b1e64ee3f	7484d7b0dd80f45e18d726b04752827fe28555cc5c1af0e127948380e6688abf
semantic-proposal-v1	SC1-22f3cb1b50a4adb602a00ee4bc78d50a14793d2277c05e90379318900e37cadf	S016234	2	P01	SYMBOLS.tsv	381541	status	x86_64	include/uapi/linux/major.h	operative_macro	XPRAM_MAJOR	61	PENDING_REVIEW			vendor/linux/include/uapi/linux/major.h;vendor/linux/include/uapi/linux/major.h:61;rewrite/configs/x86_64/frozen.config;header_closure=rewrite/metadata/header_closure.tsv;selected=PENDING_REVIEW	425f94c2954b1fe80ebdbf9b29854e89750355df	3e1dbcffdc528f998e98ebd455723af10e20231caede3d4091c9ff69d7ea4b32	05f1654b63cfaaf1efbb001cd9ec5ccb65b8e73c5c0b5f3e48e93b45f16463b3	0123af9e96b58af4e98b91a2de5608d36b63c67864b9041d3340587f3dbe40d2	cfa8dcf0d81c408de38d4202fe1ce9d9e5e301d1e67439c9530da94b1e64ee3f	7484d7b0dd80f45e18d726b04752827fe28555cc5c1af0e127948380e6688abf
semantic-proposal-v1	SC1-c790c569690a8f64168af8e7d75628a490c55646a8d761ac326990e9f9dac76a	S016234	2	P01	SYMBOLS.tsv	381542	selection_expression	x86_64	include/uapi/linux/major.h	operative_macro	NETLINK_MAJOR	62	PENDING_REVIEW			vendor/linux/include/uapi/linux/major.h;vendor/linux/include/uapi/linux/major.h:62;rewrite/configs/x86_64/frozen.config;header_closure=rewrite/metadata/header_closure.tsv;selected=PENDING_REVIEW	425f94c2954b1fe80ebdbf9b29854e89750355df	3e1dbcffdc528f998e98ebd455723af10e20231caede3d4091c9ff69d7ea4b32	05f1654b63cfaaf1efbb001cd9ec5ccb65b8e73c5c0b5f3e48e93b45f16463b3	0123af9e96b58af4e98b91a2de5608d36b63c67864b9041d3340587f3dbe40d2	cfa8dcf0d81c408de38d4202fe1ce9d9e5e301d1e67439c9530da94b1e64ee3f	7484d7b0dd80f45e18d726b04752827fe28555cc5c1af0e127948380e6688abf
semantic-proposal-v1	SC1-3712863b503f40c2a43bbc630a6f3682b7ca451a8394e2310d189a25dbb156c0	S016234	2	P01	SYMBOLS.tsv	381542	status	x86_64	include/uapi/linux/major.h	operative_macro	NETLINK_MAJOR	62	PENDING_REVIEW			vendor/linux/include/uapi/linux/major.h;vendor/linux/include/uapi/linux/major.h:62;rewrite/configs/x86_64/frozen.config;header_closure=rewrite/metadata/header_closure.tsv;selected=PENDING_REVIEW	425f94c2954b1fe80ebdbf9b29854e89750355df	3e1dbcffdc528f998e98ebd455723af10e20231caede3d4091c9ff69d7ea4b32	05f1654b63cfaaf1efbb001cd9ec5ccb65b8e73c5c0b5f3e48e93b45f16463b3	0123af9e96b58af4e98b91a2de5608d36b63c67864b9041d3340587f3dbe40d2	cfa8dcf0d81c408de38d4202fe1ce9d9e5e301d1e67439c9530da94b1e64ee3f	7484d7b0dd80f45e18d726b04752827fe28555cc5c1af0e127948380e6688abf
semantic-proposal-v1	SC1-0cbac8bb038d70417f73ed95b00b4c51e75773a0a50cf7cef8479ea964be162c	S016234	2	P01	SYMBOLS.tsv	381543	selection_expression	x86_64	include/uapi/linux/major.h	operative_macro	PS2ESDI_MAJOR	63	PENDING_REVIEW			vendor/linux/include/uapi/linux/major.h;vendor/linux/include/uapi/linux/major.h:63;rewrite/configs/x86_64/frozen.config;header_closure=rewrite/metadata/header_closure.tsv;selected=PENDING_REVIEW	425f94c2954b1fe80ebdbf9b29854e89750355df	3e1dbcffdc528f998e98ebd455723af10e20231caede3d4091c9ff69d7ea4b32	05f1654b63cfaaf1efbb001cd9ec5ccb65b8e73c5c0b5f3e48e93b45f16463b3	0123af9e96b58af4e98b91a2de5608d36b63c67864b9041d3340587f3dbe40d2	cfa8dcf0d81c408de38d4202fe1ce9d9e5e301d1e67439c9530da94b1e64ee3f	7484d7b0dd80f45e18d726b04752827fe28555cc5c1af0e127948380e6688abf
semantic-proposal-v1	SC1-c91db7bac2215f363642716af25da1b0916f387aae033031d596b1c92e593ffd	S016234	2	P01	SYMBOLS.tsv	381543	status	x86_64	include/uapi/linux/major.h	operative_macro	PS2ESDI_MAJOR	63	PENDING_REVIEW			vendor/linux/include/uapi/linux/major.h;vendor/linux/include/uapi/linux/major.h:63;rewrite/configs/x86_64/frozen.config;header_closure=rewrite/metadata/header_closure.tsv;selected=PENDING_REVIEW	425f94c2954b1fe80ebdbf9b29854e89750355df	3e1dbcffdc528f998e98ebd455723af10e20231caede3d4091c9ff69d7ea4b32	05f1654b63cfaaf1efbb001cd9ec5ccb65b8e73c5c0b5f3e48e93b45f16463b3	0123af9e96b58af4e98b91a2de5608d36b63c67864b9041d3340587f3dbe40d2	cfa8dcf0d81c408de38d4202fe1ce9d9e5e301d1e67439c9530da94b1e64ee3f	7484d7b0dd80f45e18d726b04752827fe28555cc5c1af0e127948380e6688abf
semantic-proposal-v1	SC1-a5d2752b68b01ab17732dff9f6c700423588fca6f892209c07d0ac4ae7050c1e	S016234	2	P01	SYMBOLS.tsv	381544	selection_expression	x86_64	include/uapi/linux/major.h	operative_macro	IDETAPE_MAJOR	64	PENDING_REVIEW			vendor/linux/include/uapi/linux/major.h;vendor/linux/include/uapi/linux/major.h:64;rewrite/configs/x86_64/frozen.config;header_closure=rewrite/metadata/header_closure.tsv;selected=PENDING_REVIEW	425f94c2954b1fe80ebdbf9b29854e89750355df	3e1dbcffdc528f998e98ebd455723af10e20231caede3d4091c9ff69d7ea4b32	05f1654b63cfaaf1efbb001cd9ec5ccb65b8e73c5c0b5f3e48e93b45f16463b3	0123af9e96b58af4e98b91a2de5608d36b63c67864b9041d3340587f3dbe40d2	cfa8dcf0d81c408de38d4202fe1ce9d9e5e301d1e67439c9530da94b1e64ee3f	7484d7b0dd80f45e18d726b04752827fe28555cc5c1af0e127948380e6688abf
semantic-proposal-v1	SC1-7b2f2832596f11f41455d2e0f579078664aec50b273d155a0e9c8dde66ac1dd8	S016234	2	P01	SYMBOLS.tsv	381544	status	x86_64	include/uapi/linux/major.h	operative_macro	IDETAPE_MAJOR	64	PENDING_REVIEW			vendor/linux/include/uapi/linux/major.h;vendor/linux/include/uapi/linux/major.h:64;rewrite/configs/x86_64/frozen.config;header_closure=rewrite/metadata/header_closure.tsv;selected=PENDING_REVIEW	425f94c2954b1fe80ebdbf9b29854e89750355df	3e1dbcffdc528f998e98ebd455723af10e20231caede3d4091c9ff69d7ea4b32	05f1654b63cfaaf1efbb001cd9ec5ccb65b8e73c5c0b5f3e48e93b45f16463b3	0123af9e96b58af4e98b91a2de5608d36b63c67864b9041d3340587f3dbe40d2	cfa8dcf0d81c408de38d4202fe1ce9d9e5e301d1e67439c9530da94b1e64ee3f	7484d7b0dd80f45e18d726b04752827fe28555cc5c1af0e127948380e6688abf
semantic-proposal-v1	SC1-f6434451f8bfc19cc61109f6f1688a26e2500b851adc10bee761828a6326b39d	S016234	2	P01	SYMBOLS.tsv	381545	selection_expression	x86_64	include/uapi/linux/major.h	operative_macro	Z2RAM_MAJOR	65	PENDING_REVIEW			vendor/linux/include/uapi/linux/major.h;vendor/linux/include/uapi/linux/major.h:65;rewrite/configs/x86_64/frozen.config;header_closure=rewrite/metadata/header_closure.tsv;selected=PENDING_REVIEW	425f94c2954b1fe80ebdbf9b29854e89750355df	3e1dbcffdc528f998e98ebd455723af10e20231caede3d4091c9ff69d7ea4b32	05f1654b63cfaaf1efbb001cd9ec5ccb65b8e73c5c0b5f3e48e93b45f16463b3	0123af9e96b58af4e98b91a2de5608d36b63c67864b9041d3340587f3dbe40d2	cfa8dcf0d81c408de38d4202fe1ce9d9e5e301d1e67439c9530da94b1e64ee3f	7484d7b0dd80f45e18d726b04752827fe28555cc5c1af0e127948380e6688abf
semantic-proposal-v1	SC1-11b659be1222d8d67c7d75d5c3e1fdec67de6280b82c2be38baa2c046a216604	S016234	2	P01	SYMBOLS.tsv	381545	status	x86_64	include/uapi/linux/major.h	operative_macro	Z2RAM_MAJOR	65	PENDING_REVIEW			vendor/linux/include/uapi/linux/major.h;vendor/linux/include/uapi/linux/major.h:65;rewrite/configs/x86_64/frozen.config;header_closure=rewrite/metadata/header_closure.tsv;selected=PENDING_REVIEW	425f94c2954b1fe80ebdbf9b29854e89750355df	3e1dbcffdc528f998e98ebd455723af10e20231caede3d4091c9ff69d7ea4b32	05f1654b63cfaaf1efbb001cd9ec5ccb65b8e73c5c0b5f3e48e93b45f16463b3	0123af9e96b58af4e98b91a2de5608d36b63c67864b9041d3340587f3dbe40d2	cfa8dcf0d81c408de38d4202fe1ce9d9e5e301d1e67439c9530da94b1e64ee3f	7484d7b0dd80f45e18d726b04752827fe28555cc5c1af0e127948380e6688abf
semantic-proposal-v1	SC1-81e8b5b401adf746cffab49a000ade465b96f2b66cd2f92be974dea2d5a7887c	S016234	2	P01	SYMBOLS.tsv	381546	selection_expression	x86_64	include/uapi/linux/major.h	operative_macro	APBLOCK_MAJOR	66	PENDING_REVIEW			vendor/linux/include/uapi/linux/major.h;vendor/linux/include/uapi/linux/major.h:66;rewrite/configs/x86_64/frozen.config;header_closure=rewrite/metadata/header_closure.tsv;selected=PENDING_REVIEW	425f94c2954b1fe80ebdbf9b29854e89750355df	3e1dbcffdc528f998e98ebd455723af10e20231caede3d4091c9ff69d7ea4b32	05f1654b63cfaaf1efbb001cd9ec5ccb65b8e73c5c0b5f3e48e93b45f16463b3	0123af9e96b58af4e98b91a2de5608d36b63c67864b9041d3340587f3dbe40d2	cfa8dcf0d81c408de38d4202fe1ce9d9e5e301d1e67439c9530da94b1e64ee3f	7484d7b0dd80f45e18d726b04752827fe28555cc5c1af0e127948380e6688abf
semantic-proposal-v1	SC1-8bfb6a288e0b969fe9fc001299b5ca1e08da2d7216fd8f2bbfb1c843e8af57fd	S016234	2	P01	SYMBOLS.tsv	381546	status	x86_64	include/uapi/linux/major.h	operative_macro	APBLOCK_MAJOR	66	PENDING_REVIEW			vendor/linux/include/uapi/linux/major.h;vendor/linux/include/uapi/linux/major.h:66;rewrite/configs/x86_64/frozen.config;header_closure=rewrite/metadata/header_closure.tsv;selected=PENDING_REVIEW	425f94c2954b1fe80ebdbf9b29854e89750355df	3e1dbcffdc528f998e98ebd455723af10e20231caede3d4091c9ff69d7ea4b32	05f1654b63cfaaf1efbb001cd9ec5ccb65b8e73c5c0b5f3e48e93b45f16463b3	0123af9e96b58af4e98b91a2de5608d36b63c67864b9041d3340587f3dbe40d2	cfa8dcf0d81c408de38d4202fe1ce9d9e5e301d1e67439c9530da94b1e64ee3f	7484d7b0dd80f45e18d726b04752827fe28555cc5c1af0e127948380e6688abf
semantic-proposal-v1	SC1-aa24265d78351ed21274af17ea76b4676bdbffdb636e2db9477f437a5fddd753	S016234	2	P01	SYMBOLS.tsv	381547	selection_expression	x86_64	include/uapi/linux/major.h	operative_macro	DDV_MAJOR	67	PENDING_REVIEW			vendor/linux/include/uapi/linux/major.h;vendor/linux/include/uapi/linux/major.h:67;rewrite/configs/x86_64/frozen.config;header_closure=rewrite/metadata/header_closure.tsv;selected=PENDING_REVIEW	425f94c2954b1fe80ebdbf9b29854e89750355df	3e1dbcffdc528f998e98ebd455723af10e20231caede3d4091c9ff69d7ea4b32	05f1654b63cfaaf1efbb001cd9ec5ccb65b8e73c5c0b5f3e48e93b45f16463b3	0123af9e96b58af4e98b91a2de5608d36b63c67864b9041d3340587f3dbe40d2	cfa8dcf0d81c408de38d4202fe1ce9d9e5e301d1e67439c9530da94b1e64ee3f	7484d7b0dd80f45e18d726b04752827fe28555cc5c1af0e127948380e6688abf
semantic-proposal-v1	SC1-707ad50b32020d937172fa0adde8c7595198839787c1560c1fa9a3411b468c62	S016234	2	P01	SYMBOLS.tsv	381547	status	x86_64	include/uapi/linux/major.h	operative_macro	DDV_MAJOR	67	PENDING_REVIEW			vendor/linux/include/uapi/linux/major.h;vendor/linux/include/uapi/linux/major.h:67;rewrite/configs/x86_64/frozen.config;header_closure=rewrite/metadata/header_closure.tsv;selected=PENDING_REVIEW	425f94c2954b1fe80ebdbf9b29854e89750355df	3e1dbcffdc528f998e98ebd455723af10e20231caede3d4091c9ff69d7ea4b32	05f1654b63cfaaf1efbb001cd9ec5ccb65b8e73c5c0b5f3e48e93b45f16463b3	0123af9e96b58af4e98b91a2de5608d36b63c67864b9041d3340587f3dbe40d2	cfa8dcf0d81c408de38d4202fe1ce9d9e5e301d1e67439c9530da94b1e64ee3f	7484d7b0dd80f45e18d726b04752827fe28555cc5c1af0e127948380e6688abf
semantic-proposal-v1	SC1-70fa79b855a77333abaa3991a4cdccfe7f8ee9ac033b73872f195996c34ef6b4	S016234	2	P01	SYMBOLS.tsv	381548	selection_expression	x86_64	include/uapi/linux/major.h	operative_macro	NBD_MAJOR	68	PENDING_REVIEW			vendor/linux/include/uapi/linux/major.h;vendor/linux/include/uapi/linux/major.h:68;rewrite/configs/x86_64/frozen.config;header_closure=rewrite/metadata/header_closure.tsv;selected=PENDING_REVIEW	425f94c2954b1fe80ebdbf9b29854e89750355df	3e1dbcffdc528f998e98ebd455723af10e20231caede3d4091c9ff69d7ea4b32	05f1654b63cfaaf1efbb001cd9ec5ccb65b8e73c5c0b5f3e48e93b45f16463b3	0123af9e96b58af4e98b91a2de5608d36b63c67864b9041d3340587f3dbe40d2	cfa8dcf0d81c408de38d4202fe1ce9d9e5e301d1e67439c9530da94b1e64ee3f	7484d7b0dd80f45e18d726b04752827fe28555cc5c1af0e127948380e6688abf
semantic-proposal-v1	SC1-f2c39811162808302f6ab260737aaba812cbf8bc440177bab5a91d3b76c8f1f0	S016234	2	P01	SYMBOLS.tsv	381548	status	x86_64	include/uapi/linux/major.h	operative_macro	NBD_MAJOR	68	PENDING_REVIEW			vendor/linux/include/uapi/linux/major.h;vendor/linux/include/uapi/linux/major.h:68;rewrite/configs/x86_64/frozen.config;header_closure=rewrite/metadata/header_closure.tsv;selected=PENDING_REVIEW	425f94c2954b1fe80ebdbf9b29854e89750355df	3e1dbcffdc528f998e98ebd455723af10e20231caede3d4091c9ff69d7ea4b32	05f1654b63cfaaf1efbb001cd9ec5ccb65b8e73c5c0b5f3e48e93b45f16463b3	0123af9e96b58af4e98b91a2de5608d36b63c67864b9041d3340587f3dbe40d2	cfa8dcf0d81c408de38d4202fe1ce9d9e5e301d1e67439c9530da94b1e64ee3f	7484d7b0dd80f45e18d726b04752827fe28555cc5c1af0e127948380e6688abf
semantic-proposal-v1	SC1-3db8ef8abca97bea5567686ed0959dd58579a651e0c43bfdc983ba8a53a5f822	S016234	2	P01	SYMBOLS.tsv	381549	selection_expression	x86_64	include/uapi/linux/major.h	operative_macro	RISCOM8_NORMAL_MAJOR	69	PENDING_REVIEW			vendor/linux/include/uapi/linux/major.h;vendor/linux/include/uapi/linux/major.h:69;rewrite/configs/x86_64/frozen.config;header_closure=rewrite/metadata/header_closure.tsv;selected=PENDING_REVIEW	425f94c2954b1fe80ebdbf9b29854e89750355df	3e1dbcffdc528f998e98ebd455723af10e20231caede3d4091c9ff69d7ea4b32	05f1654b63cfaaf1efbb001cd9ec5ccb65b8e73c5c0b5f3e48e93b45f16463b3	0123af9e96b58af4e98b91a2de5608d36b63c67864b9041d3340587f3dbe40d2	cfa8dcf0d81c408de38d4202fe1ce9d9e5e301d1e67439c9530da94b1e64ee3f	7484d7b0dd80f45e18d726b04752827fe28555cc5c1af0e127948380e6688abf
semantic-proposal-v1	SC1-aa070b20830af4bba1df87c6ac8178506593638660fc11b72807bcc441720e1a	S016234	2	P01	SYMBOLS.tsv	381549	status	x86_64	include/uapi/linux/major.h	operative_macro	RISCOM8_NORMAL_MAJOR	69	PENDING_REVIEW			vendor/linux/include/uapi/linux/major.h;vendor/linux/include/uapi/linux/major.h:69;rewrite/configs/x86_64/frozen.config;header_closure=rewrite/metadata/header_closure.tsv;selected=PENDING_REVIEW	425f94c2954b1fe80ebdbf9b29854e89750355df	3e1dbcffdc528f998e98ebd455723af10e20231caede3d4091c9ff69d7ea4b32	05f1654b63cfaaf1efbb001cd9ec5ccb65b8e73c5c0b5f3e48e93b45f16463b3	0123af9e96b58af4e98b91a2de5608d36b63c67864b9041d3340587f3dbe40d2	cfa8dcf0d81c408de38d4202fe1ce9d9e5e301d1e67439c9530da94b1e64ee3f	7484d7b0dd80f45e18d726b04752827fe28555cc5c1af0e127948380e6688abf
semantic-proposal-v1	SC1-0d4314841e6baac0be849bd8e4491a9ed9b911bea856342d6aefc413c6b2f991	S016234	2	P01	SYMBOLS.tsv	381550	selection_expression	x86_64	include/uapi/linux/major.h	operative_macro	DAC960_MAJOR	70	PENDING_REVIEW			vendor/linux/include/uapi/linux/major.h;vendor/linux/include/uapi/linux/major.h:70;rewrite/configs/x86_64/frozen.config;header_closure=rewrite/metadata/header_closure.tsv;selected=PENDING_REVIEW	425f94c2954b1fe80ebdbf9b29854e89750355df	3e1dbcffdc528f998e98ebd455723af10e20231caede3d4091c9ff69d7ea4b32	05f1654b63cfaaf1efbb001cd9ec5ccb65b8e73c5c0b5f3e48e93b45f16463b3	0123af9e96b58af4e98b91a2de5608d36b63c67864b9041d3340587f3dbe40d2	cfa8dcf0d81c408de38d4202fe1ce9d9e5e301d1e67439c9530da94b1e64ee3f	7484d7b0dd80f45e18d726b04752827fe28555cc5c1af0e127948380e6688abf
semantic-proposal-v1	SC1-45069c9c439b0f4fe959258265e92408bf9c114e57c904e832dbe1983969806b	S016234	2	P01	SYMBOLS.tsv	381550	status	x86_64	include/uapi/linux/major.h	operative_macro	DAC960_MAJOR	70	PENDING_REVIEW			vendor/linux/include/uapi/linux/major.h;vendor/linux/include/uapi/linux/major.h:70;rewrite/configs/x86_64/frozen.config;header_closure=rewrite/metadata/header_closure.tsv;selected=PENDING_REVIEW	425f94c2954b1fe80ebdbf9b29854e89750355df	3e1dbcffdc528f998e98ebd455723af10e20231caede3d4091c9ff69d7ea4b32	05f1654b63cfaaf1efbb001cd9ec5ccb65b8e73c5c0b5f3e48e93b45f16463b3	0123af9e96b58af4e98b91a2de5608d36b63c67864b9041d3340587f3dbe40d2	cfa8dcf0d81c408de38d4202fe1ce9d9e5e301d1e67439c9530da94b1e64ee3f	7484d7b0dd80f45e18d726b04752827fe28555cc5c1af0e127948380e6688abf
semantic-proposal-v1	SC1-83cd763e581e63417968a14d09ce0ede2e20319ba92ebbea5d5df27804300feb	S016234	2	P01	SYMBOLS.tsv	381551	selection_expression	x86_64	include/uapi/linux/major.h	operative_macro	RISCOM8_CALLOUT_MAJOR	71	PENDING_REVIEW			vendor/linux/include/uapi/linux/major.h;vendor/linux/include/uapi/linux/major.h:71;rewrite/configs/x86_64/frozen.config;header_closure=rewrite/metadata/header_closure.tsv;selected=PENDING_REVIEW	425f94c2954b1fe80ebdbf9b29854e89750355df	3e1dbcffdc528f998e98ebd455723af10e20231caede3d4091c9ff69d7ea4b32	05f1654b63cfaaf1efbb001cd9ec5ccb65b8e73c5c0b5f3e48e93b45f16463b3	0123af9e96b58af4e98b91a2de5608d36b63c67864b9041d3340587f3dbe40d2	cfa8dcf0d81c408de38d4202fe1ce9d9e5e301d1e67439c9530da94b1e64ee3f	7484d7b0dd80f45e18d726b04752827fe28555cc5c1af0e127948380e6688abf
semantic-proposal-v1	SC1-7f96c16ce39c3048783dda1d959d2232dfdee947436794f3285e99324508b73c	S016234	2	P01	SYMBOLS.tsv	381551	status	x86_64	include/uapi/linux/major.h	operative_macro	RISCOM8_CALLOUT_MAJOR	71	PENDING_REVIEW			vendor/linux/include/uapi/linux/major.h;vendor/linux/include/uapi/linux/major.h:71;rewrite/configs/x86_64/frozen.config;header_closure=rewrite/metadata/header_closure.tsv;selected=PENDING_REVIEW	425f94c2954b1fe80ebdbf9b29854e89750355df	3e1dbcffdc528f998e98ebd455723af10e20231caede3d4091c9ff69d7ea4b32	05f1654b63cfaaf1efbb001cd9ec5ccb65b8e73c5c0b5f3e48e93b45f16463b3	0123af9e96b58af4e98b91a2de5608d36b63c67864b9041d3340587f3dbe40d2	cfa8dcf0d81c408de38d4202fe1ce9d9e5e301d1e67439c9530da94b1e64ee3f	7484d7b0dd80f45e18d726b04752827fe28555cc5c1af0e127948380e6688abf
semantic-proposal-v1	SC1-f76b4952293944295fa4a4bcc58dacc0cc691a1e22fef2ead03c7d0392bf2ec6	S016234	2	P01	SYMBOLS.tsv	381552	selection_expression	x86_64	include/uapi/linux/major.h	operative_macro	MKISS_MAJOR	72	PENDING_REVIEW			vendor/linux/include/uapi/linux/major.h;vendor/linux/include/uapi/linux/major.h:72;rewrite/configs/x86_64/frozen.config;header_closure=rewrite/metadata/header_closure.tsv;selected=PENDING_REVIEW	425f94c2954b1fe80ebdbf9b29854e89750355df	3e1dbcffdc528f998e98ebd455723af10e20231caede3d4091c9ff69d7ea4b32	05f1654b63cfaaf1efbb001cd9ec5ccb65b8e73c5c0b5f3e48e93b45f16463b3	0123af9e96b58af4e98b91a2de5608d36b63c67864b9041d3340587f3dbe40d2	cfa8dcf0d81c408de38d4202fe1ce9d9e5e301d1e67439c9530da94b1e64ee3f	7484d7b0dd80f45e18d726b04752827fe28555cc5c1af0e127948380e6688abf
semantic-proposal-v1	SC1-590a1687ea636f41a7ab3a38f5f7f8fca3e15422f67e48e844e19c8abb3bc518	S016234	2	P01	SYMBOLS.tsv	381552	status	x86_64	include/uapi/linux/major.h	operative_macro	MKISS_MAJOR	72	PENDING_REVIEW			vendor/linux/include/uapi/linux/major.h;vendor/linux/include/uapi/linux/major.h:72;rewrite/configs/x86_64/frozen.config;header_closure=rewrite/metadata/header_closure.tsv;selected=PENDING_REVIEW	425f94c2954b1fe80ebdbf9b29854e89750355df	3e1dbcffdc528f998e98ebd455723af10e20231caede3d4091c9ff69d7ea4b32	05f1654b63cfaaf1efbb001cd9ec5ccb65b8e73c5c0b5f3e48e93b45f16463b3	0123af9e96b58af4e98b91a2de5608d36b63c67864b9041d3340587f3dbe40d2	cfa8dcf0d81c408de38d4202fe1ce9d9e5e301d1e67439c9530da94b1e64ee3f	7484d7b0dd80f45e18d726b04752827fe28555cc5c1af0e127948380e6688abf
semantic-proposal-v1	SC1-2d3a0a236e17a58f1b216c7c070d4c34803c2ef1ced6bc7c81115fd1921c50d3	S016234	2	P01	SYMBOLS.tsv	381553	selection_expression	x86_64	include/uapi/linux/major.h	operative_macro	DSP56K_MAJOR	73	PENDING_REVIEW			vendor/linux/include/uapi/linux/major.h;vendor/linux/include/uapi/linux/major.h:73;rewrite/configs/x86_64/frozen.config;header_closure=rewrite/metadata/header_closure.tsv;selected=PENDING_REVIEW	425f94c2954b1fe80ebdbf9b29854e89750355df	3e1dbcffdc528f998e98ebd455723af10e20231caede3d4091c9ff69d7ea4b32	05f1654b63cfaaf1efbb001cd9ec5ccb65b8e73c5c0b5f3e48e93b45f16463b3	0123af9e96b58af4e98b91a2de5608d36b63c67864b9041d3340587f3dbe40d2	cfa8dcf0d81c408de38d4202fe1ce9d9e5e301d1e67439c9530da94b1e64ee3f	7484d7b0dd80f45e18d726b04752827fe28555cc5c1af0e127948380e6688abf
semantic-proposal-v1	SC1-7245b175b4c7bfd9db632aa76a59a1abcd37e11f94c02d4394d6a9e7a3eabceb	S016234	2	P01	SYMBOLS.tsv	381553	status	x86_64	include/uapi/linux/major.h	operative_macro	DSP56K_MAJOR	73	PENDING_REVIEW			vendor/linux/include/uapi/linux/major.h;vendor/linux/include/uapi/linux/major.h:73;rewrite/configs/x86_64/frozen.config;header_closure=rewrite/metadata/header_closure.tsv;selected=PENDING_REVIEW	425f94c2954b1fe80ebdbf9b29854e89750355df	3e1dbcffdc528f998e98ebd455723af10e20231caede3d4091c9ff69d7ea4b32	05f1654b63cfaaf1efbb001cd9ec5ccb65b8e73c5c0b5f3e48e93b45f16463b3	0123af9e96b58af4e98b91a2de5608d36b63c67864b9041d3340587f3dbe40d2	cfa8dcf0d81c408de38d4202fe1ce9d9e5e301d1e67439c9530da94b1e64ee3f	7484d7b0dd80f45e18d726b04752827fe28555cc5c1af0e127948380e6688abf
semantic-proposal-v1	SC1-360a5cbe305a1d4c5190f9a1bc5c44e08bcebb4ec24a6f95afe60c58576d4485	S016234	2	P01	SYMBOLS.tsv	381554	selection_expression	x86_64	include/uapi/linux/major.h	operative_macro	IDE4_MAJOR	75	PENDING_REVIEW			vendor/linux/include/uapi/linux/major.h;vendor/linux/include/uapi/linux/major.h:75;rewrite/configs/x86_64/frozen.config;header_closure=rewrite/metadata/header_closure.tsv;selected=PENDING_REVIEW	425f94c2954b1fe80ebdbf9b29854e89750355df	3e1dbcffdc528f998e98ebd455723af10e20231caede3d4091c9ff69d7ea4b32	05f1654b63cfaaf1efbb001cd9ec5ccb65b8e73c5c0b5f3e48e93b45f16463b3	0123af9e96b58af4e98b91a2de5608d36b63c67864b9041d3340587f3dbe40d2	cfa8dcf0d81c408de38d4202fe1ce9d9e5e301d1e67439c9530da94b1e64ee3f	7484d7b0dd80f45e18d726b04752827fe28555cc5c1af0e127948380e6688abf
semantic-proposal-v1	SC1-f68b4f53f35bfc530a356b0d256b4193b5e846b3d95a70cb59040403f18bb7d4	S016234	2	P01	SYMBOLS.tsv	381554	status	x86_64	include/uapi/linux/major.h	operative_macro	IDE4_MAJOR	75	PENDING_REVIEW			vendor/linux/include/uapi/linux/major.h;vendor/linux/include/uapi/linux/major.h:75;rewrite/configs/x86_64/frozen.config;header_closure=rewrite/metadata/header_closure.tsv;selected=PENDING_REVIEW	425f94c2954b1fe80ebdbf9b29854e89750355df	3e1dbcffdc528f998e98ebd455723af10e20231caede3d4091c9ff69d7ea4b32	05f1654b63cfaaf1efbb001cd9ec5ccb65b8e73c5c0b5f3e48e93b45f16463b3	0123af9e96b58af4e98b91a2de5608d36b63c67864b9041d3340587f3dbe40d2	cfa8dcf0d81c408de38d4202fe1ce9d9e5e301d1e67439c9530da94b1e64ee3f	7484d7b0dd80f45e18d726b04752827fe28555cc5c1af0e127948380e6688abf
semantic-proposal-v1	SC1-02c31950a9dcfabbe1790df43b303fd4926cf120b22a906254179530517e7e7f	S016234	2	P01	SYMBOLS.tsv	381555	selection_expression	x86_64	include/uapi/linux/major.h	operative_macro	IDE5_MAJOR	76	PENDING_REVIEW			vendor/linux/include/uapi/linux/major.h;vendor/linux/include/uapi/linux/major.h:76;rewrite/configs/x86_64/frozen.config;header_closure=rewrite/metadata/header_closure.tsv;selected=PENDING_REVIEW	425f94c2954b1fe80ebdbf9b29854e89750355df	3e1dbcffdc528f998e98ebd455723af10e20231caede3d4091c9ff69d7ea4b32	05f1654b63cfaaf1efbb001cd9ec5ccb65b8e73c5c0b5f3e48e93b45f16463b3	0123af9e96b58af4e98b91a2de5608d36b63c67864b9041d3340587f3dbe40d2	cfa8dcf0d81c408de38d4202fe1ce9d9e5e301d1e67439c9530da94b1e64ee3f	7484d7b0dd80f45e18d726b04752827fe28555cc5c1af0e127948380e6688abf
semantic-proposal-v1	SC1-69773ca043ff60078da98c884f761b4152fa2cb9e80cfc982b4bcb60a503bb84	S016234	2	P01	SYMBOLS.tsv	381555	status	x86_64	include/uapi/linux/major.h	operative_macro	IDE5_MAJOR	76	PENDING_REVIEW			vendor/linux/include/uapi/linux/major.h;vendor/linux/include/uapi/linux/major.h:76;rewrite/configs/x86_64/frozen.config;header_closure=rewrite/metadata/header_closure.tsv;selected=PENDING_REVIEW	425f94c2954b1fe80ebdbf9b29854e89750355df	3e1dbcffdc528f998e98ebd455723af10e20231caede3d4091c9ff69d7ea4b32	05f1654b63cfaaf1efbb001cd9ec5ccb65b8e73c5c0b5f3e48e93b45f16463b3	0123af9e96b58af4e98b91a2de5608d36b63c67864b9041d3340587f3dbe40d2	cfa8dcf0d81c408de38d4202fe1ce9d9e5e301d1e67439c9530da94b1e64ee3f	7484d7b0dd80f45e18d726b04752827fe28555cc5c1af0e127948380e6688abf
semantic-proposal-v1	SC1-b891e0678f94d0e66586531c3296cf6ff4d8df9176b4fbdeaef554a685ecba55	S016234	2	P01	SYMBOLS.tsv	381556	selection_expression	x86_64	include/uapi/linux/major.h	operative_macro	SCSI_DISK1_MAJOR	78	PENDING_REVIEW			vendor/linux/include/uapi/linux/major.h;vendor/linux/include/uapi/linux/major.h:78;rewrite/configs/x86_64/frozen.config;header_closure=rewrite/metadata/header_closure.tsv;selected=PENDING_REVIEW	425f94c2954b1fe80ebdbf9b29854e89750355df	3e1dbcffdc528f998e98ebd455723af10e20231caede3d4091c9ff69d7ea4b32	05f1654b63cfaaf1efbb001cd9ec5ccb65b8e73c5c0b5f3e48e93b45f16463b3	0123af9e96b58af4e98b91a2de5608d36b63c67864b9041d3340587f3dbe40d2	cfa8dcf0d81c408de38d4202fe1ce9d9e5e301d1e67439c9530da94b1e64ee3f	7484d7b0dd80f45e18d726b04752827fe28555cc5c1af0e127948380e6688abf
semantic-proposal-v1	SC1-201a8e88184df2b2a4ac135fecffb65511fc976b9251fc90185009413e8c0a9c	S016234	2	P01	SYMBOLS.tsv	381556	status	x86_64	include/uapi/linux/major.h	operative_macro	SCSI_DISK1_MAJOR	78	PENDING_REVIEW			vendor/linux/include/uapi/linux/major.h;vendor/linux/include/uapi/linux/major.h:78;rewrite/configs/x86_64/frozen.config;header_closure=rewrite/metadata/header_closure.tsv;selected=PENDING_REVIEW	425f94c2954b1fe80ebdbf9b29854e89750355df	3e1dbcffdc528f998e98ebd455723af10e20231caede3d4091c9ff69d7ea4b32	05f1654b63cfaaf1efbb001cd9ec5ccb65b8e73c5c0b5f3e48e93b45f16463b3	0123af9e96b58af4e98b91a2de5608d36b63c67864b9041d3340587f3dbe40d2	cfa8dcf0d81c408de38d4202fe1ce9d9e5e301d1e67439c9530da94b1e64ee3f	7484d7b0dd80f45e18d726b04752827fe28555cc5c1af0e127948380e6688abf
semantic-proposal-v1	SC1-6ae6806f436d542a3152698d2ade355b6626985aa0f267c129fa481cccf20785	S016234	2	P01	SYMBOLS.tsv	381557	selection_expression	x86_64	include/uapi/linux/major.h	operative_macro	SCSI_DISK2_MAJOR	79	PENDING_REVIEW			vendor/linux/include/uapi/linux/major.h;vendor/linux/include/uapi/linux/major.h:79;rewrite/configs/x86_64/frozen.config;header_closure=rewrite/metadata/header_closure.tsv;selected=PENDING_REVIEW	425f94c2954b1fe80ebdbf9b29854e89750355df	3e1dbcffdc528f998e98ebd455723af10e20231caede3d4091c9ff69d7ea4b32	05f1654b63cfaaf1efbb001cd9ec5ccb65b8e73c5c0b5f3e48e93b45f16463b3	0123af9e96b58af4e98b91a2de5608d36b63c67864b9041d3340587f3dbe40d2	cfa8dcf0d81c408de38d4202fe1ce9d9e5e301d1e67439c9530da94b1e64ee3f	7484d7b0dd80f45e18d726b04752827fe28555cc5c1af0e127948380e6688abf
semantic-proposal-v1	SC1-3ab6b6ba1fed75c7e88472298b9c4e5209e8b4d5bdc13703cb2484b03ed2dbd6	S016234	2	P01	SYMBOLS.tsv	381557	status	x86_64	include/uapi/linux/major.h	operative_macro	SCSI_DISK2_MAJOR	79	PENDING_REVIEW			vendor/linux/include/uapi/linux/major.h;vendor/linux/include/uapi/linux/major.h:79;rewrite/configs/x86_64/frozen.config;header_closure=rewrite/metadata/header_closure.tsv;selected=PENDING_REVIEW	425f94c2954b1fe80ebdbf9b29854e89750355df	3e1dbcffdc528f998e98ebd455723af10e20231caede3d4091c9ff69d7ea4b32	05f1654b63cfaaf1efbb001cd9ec5ccb65b8e73c5c0b5f3e48e93b45f16463b3	0123af9e96b58af4e98b91a2de5608d36b63c67864b9041d3340587f3dbe40d2	cfa8dcf0d81c408de38d4202fe1ce9d9e5e301d1e67439c9530da94b1e64ee3f	7484d7b0dd80f45e18d726b04752827fe28555cc5c1af0e127948380e6688abf
semantic-proposal-v1	SC1-c951676d139256f32e96938e05af2933d2042b79dddf0f3bcacb455782b2c60e	S016234	2	P01	SYMBOLS.tsv	381558	selection_expression	x86_64	include/uapi/linux/major.h	operative_macro	SCSI_DISK3_MAJOR	80	PENDING_REVIEW			vendor/linux/include/uapi/linux/major.h;vendor/linux/include/uapi/linux/major.h:80;rewrite/configs/x86_64/frozen.config;header_closure=rewrite/metadata/header_closure.tsv;selected=PENDING_REVIEW	425f94c2954b1fe80ebdbf9b29854e89750355df	3e1dbcffdc528f998e98ebd455723af10e20231caede3d4091c9ff69d7ea4b32	05f1654b63cfaaf1efbb001cd9ec5ccb65b8e73c5c0b5f3e48e93b45f16463b3	0123af9e96b58af4e98b91a2de5608d36b63c67864b9041d3340587f3dbe40d2	cfa8dcf0d81c408de38d4202fe1ce9d9e5e301d1e67439c9530da94b1e64ee3f	7484d7b0dd80f45e18d726b04752827fe28555cc5c1af0e127948380e6688abf
semantic-proposal-v1	SC1-c16382ddc3fa2edb9fc5d61b9e1729d13e8cb7b5c135c57b2e92f07fd8836904	S016234	2	P01	SYMBOLS.tsv	381558	status	x86_64	include/uapi/linux/major.h	operative_macro	SCSI_DISK3_MAJOR	80	PENDING_REVIEW			vendor/linux/include/uapi/linux/major.h;vendor/linux/include/uapi/linux/major.h:80;rewrite/configs/x86_64/frozen.config;header_closure=rewrite/metadata/header_closure.tsv;selected=PENDING_REVIEW	425f94c2954b1fe80ebdbf9b29854e89750355df	3e1dbcffdc528f998e98ebd455723af10e20231caede3d4091c9ff69d7ea4b32	05f1654b63cfaaf1efbb001cd9ec5ccb65b8e73c5c0b5f3e48e93b45f16463b3	0123af9e96b58af4e98b91a2de5608d36b63c67864b9041d3340587f3dbe40d2	cfa8dcf0d81c408de38d4202fe1ce9d9e5e301d1e67439c9530da94b1e64ee3f	7484d7b0dd80f45e18d726b04752827fe28555cc5c1af0e127948380e6688abf
semantic-proposal-v1	SC1-7c1dea2b4451d3fec3ac3ae26a4a4099117e2bc9fdfce5159f8180724995fd01	S016234	2	P01	SYMBOLS.tsv	381559	selection_expression	x86_64	include/uapi/linux/major.h	operative_macro	SCSI_DISK4_MAJOR	81	PENDING_REVIEW			vendor/linux/include/uapi/linux/major.h;vendor/linux/include/uapi/linux/major.h:81;rewrite/configs/x86_64/frozen.config;header_closure=rewrite/metadata/header_closure.tsv;selected=PENDING_REVIEW	425f94c2954b1fe80ebdbf9b29854e89750355df	3e1dbcffdc528f998e98ebd455723af10e20231caede3d4091c9ff69d7ea4b32	05f1654b63cfaaf1efbb001cd9ec5ccb65b8e73c5c0b5f3e48e93b45f16463b3	0123af9e96b58af4e98b91a2de5608d36b63c67864b9041d3340587f3dbe40d2	cfa8dcf0d81c408de38d4202fe1ce9d9e5e301d1e67439c9530da94b1e64ee3f	7484d7b0dd80f45e18d726b04752827fe28555cc5c1af0e127948380e6688abf
semantic-proposal-v1	SC1-81a597948b0f0ad7f8835059a0376a5ecb858c1d6b6489e08757ccece9c654f1	S016234	2	P01	SYMBOLS.tsv	381559	status	x86_64	include/uapi/linux/major.h	operative_macro	SCSI_DISK4_MAJOR	81	PENDING_REVIEW			vendor/linux/include/uapi/linux/major.h;vendor/linux/include/uapi/linux/major.h:81;rewrite/configs/x86_64/frozen.config;header_closure=rewrite/metadata/header_closure.tsv;selected=PENDING_REVIEW	425f94c2954b1fe80ebdbf9b29854e89750355df	3e1dbcffdc528f998e98ebd455723af10e20231caede3d4091c9ff69d7ea4b32	05f1654b63cfaaf1efbb001cd9ec5ccb65b8e73c5c0b5f3e48e93b45f16463b3	0123af9e96b58af4e98b91a2de5608d36b63c67864b9041d3340587f3dbe40d2	cfa8dcf0d81c408de38d4202fe1ce9d9e5e301d1e67439c9530da94b1e64ee3f	7484d7b0dd80f45e18d726b04752827fe28555cc5c1af0e127948380e6688abf
semantic-proposal-v1	SC1-dc45d353afce4c6f845218ba2682fa3b8b468c4739148aea0ebe20a89c9791be	S016234	2	P01	SYMBOLS.tsv	381560	selection_expression	x86_64	include/uapi/linux/major.h	operative_macro	SCSI_DISK5_MAJOR	82	PENDING_REVIEW			vendor/linux/include/uapi/linux/major.h;vendor/linux/include/uapi/linux/major.h:82;rewrite/configs/x86_64/frozen.config;header_closure=rewrite/metadata/header_closure.tsv;selected=PENDING_REVIEW	425f94c2954b1fe80ebdbf9b29854e89750355df	3e1dbcffdc528f998e98ebd455723af10e20231caede3d4091c9ff69d7ea4b32	05f1654b63cfaaf1efbb001cd9ec5ccb65b8e73c5c0b5f3e48e93b45f16463b3	0123af9e96b58af4e98b91a2de5608d36b63c67864b9041d3340587f3dbe40d2	cfa8dcf0d81c408de38d4202fe1ce9d9e5e301d1e67439c9530da94b1e64ee3f	7484d7b0dd80f45e18d726b04752827fe28555cc5c1af0e127948380e6688abf
semantic-proposal-v1	SC1-a73f8e01ce35be84b7c3f257d7b834bd4e35fd9fb4beb4662397e99c8068f625	S016234	2	P01	SYMBOLS.tsv	381560	status	x86_64	include/uapi/linux/major.h	operative_macro	SCSI_DISK5_MAJOR	82	PENDING_REVIEW			vendor/linux/include/uapi/linux/major.h;vendor/linux/include/uapi/linux/major.h:82;rewrite/configs/x86_64/frozen.config;header_closure=rewrite/metadata/header_closure.tsv;selected=PENDING_REVIEW	425f94c2954b1fe80ebdbf9b29854e89750355df	3e1dbcffdc528f998e98ebd455723af10e20231caede3d4091c9ff69d7ea4b32	05f1654b63cfaaf1efbb001cd9ec5ccb65b8e73c5c0b5f3e48e93b45f16463b3	0123af9e96b58af4e98b91a2de5608d36b63c67864b9041d3340587f3dbe40d2	cfa8dcf0d81c408de38d4202fe1ce9d9e5e301d1e67439c9530da94b1e64ee3f	7484d7b0dd80f45e18d726b04752827fe28555cc5c1af0e127948380e6688abf
semantic-proposal-v1	SC1-30c03dbe8ee5d1eba5f875bae993b86e2b11b499a707355567df2520f816e600	S016234	2	P01	SYMBOLS.tsv	381561	selection_expression	x86_64	include/uapi/linux/major.h	operative_macro	SCSI_DISK6_MAJOR	83	PENDING_REVIEW			vendor/linux/include/uapi/linux/major.h;vendor/linux/include/uapi/linux/major.h:83;rewrite/configs/x86_64/frozen.config;header_closure=rewrite/metadata/header_closure.tsv;selected=PENDING_REVIEW	425f94c2954b1fe80ebdbf9b29854e89750355df	3e1dbcffdc528f998e98ebd455723af10e20231caede3d4091c9ff69d7ea4b32	05f1654b63cfaaf1efbb001cd9ec5ccb65b8e73c5c0b5f3e48e93b45f16463b3	0123af9e96b58af4e98b91a2de5608d36b63c67864b9041d3340587f3dbe40d2	cfa8dcf0d81c408de38d4202fe1ce9d9e5e301d1e67439c9530da94b1e64ee3f	7484d7b0dd80f45e18d726b04752827fe28555cc5c1af0e127948380e6688abf
semantic-proposal-v1	SC1-d33a1a51d5b4275b485778b5bd2a559cf3ba0fa971ed67de1416d1cd7aaab441	S016234	2	P01	SYMBOLS.tsv	381561	status	x86_64	include/uapi/linux/major.h	operative_macro	SCSI_DISK6_MAJOR	83	PENDING_REVIEW			vendor/linux/include/uapi/linux/major.h;vendor/linux/include/uapi/linux/major.h:83;rewrite/configs/x86_64/frozen.config;header_closure=rewrite/metadata/header_closure.tsv;selected=PENDING_REVIEW	425f94c2954b1fe80ebdbf9b29854e89750355df	3e1dbcffdc528f998e98ebd455723af10e20231caede3d4091c9ff69d7ea4b32	05f1654b63cfaaf1efbb001cd9ec5ccb65b8e73c5c0b5f3e48e93b45f16463b3	0123af9e96b58af4e98b91a2de5608d36b63c67864b9041d3340587f3dbe40d2	cfa8dcf0d81c408de38d4202fe1ce9d9e5e301d1e67439c9530da94b1e64ee3f	7484d7b0dd80f45e18d726b04752827fe28555cc5c1af0e127948380e6688abf
semantic-proposal-v1	SC1-d29f52105d15e3754d1edfeed3c5f9e33c9e8c05f3b6829d430f4f7144b48a0f	S016234	2	P01	SYMBOLS.tsv	381562	selection_expression	x86_64	include/uapi/linux/major.h	operative_macro	SCSI_DISK7_MAJOR	84	PENDING_REVIEW			vendor/linux/include/uapi/linux/major.h;vendor/linux/include/uapi/linux/major.h:84;rewrite/configs/x86_64/frozen.config;header_closure=rewrite/metadata/header_closure.tsv;selected=PENDING_REVIEW	425f94c2954b1fe80ebdbf9b29854e89750355df	3e1dbcffdc528f998e98ebd455723af10e20231caede3d4091c9ff69d7ea4b32	05f1654b63cfaaf1efbb001cd9ec5ccb65b8e73c5c0b5f3e48e93b45f16463b3	0123af9e96b58af4e98b91a2de5608d36b63c67864b9041d3340587f3dbe40d2	cfa8dcf0d81c408de38d4202fe1ce9d9e5e301d1e67439c9530da94b1e64ee3f	7484d7b0dd80f45e18d726b04752827fe28555cc5c1af0e127948380e6688abf
semantic-proposal-v1	SC1-3a1e484586bf5ef191aa1b2673f4f7206c17f60084f2c749d296913fac2655f6	S016234	2	P01	SYMBOLS.tsv	381562	status	x86_64	include/uapi/linux/major.h	operative_macro	SCSI_DISK7_MAJOR	84	PENDING_REVIEW			vendor/linux/include/uapi/linux/major.h;vendor/linux/include/uapi/linux/major.h:84;rewrite/configs/x86_64/frozen.config;header_closure=rewrite/metadata/header_closure.tsv;selected=PENDING_REVIEW	425f94c2954b1fe80ebdbf9b29854e89750355df	3e1dbcffdc528f998e98ebd455723af10e20231caede3d4091c9ff69d7ea4b32	05f1654b63cfaaf1efbb001cd9ec5ccb65b8e73c5c0b5f3e48e93b45f16463b3	0123af9e96b58af4e98b91a2de5608d36b63c67864b9041d3340587f3dbe40d2	cfa8dcf0d81c408de38d4202fe1ce9d9e5e301d1e67439c9530da94b1e64ee3f	7484d7b0dd80f45e18d726b04752827fe28555cc5c1af0e127948380e6688abf
semantic-proposal-v1	SC1-7b34c43386916a4b63fa7f3776e2b48f60e9e2d9e27fb60bed509f00aa61e723	S016234	2	P01	SYMBOLS.tsv	381563	selection_expression	x86_64	include/uapi/linux/major.h	operative_macro	COMPAQ_SMART2_MAJOR	86	PENDING_REVIEW			vendor/linux/include/uapi/linux/major.h;vendor/linux/include/uapi/linux/major.h:86;rewrite/configs/x86_64/frozen.config;header_closure=rewrite/metadata/header_closure.tsv;selected=PENDING_REVIEW	425f94c2954b1fe80ebdbf9b29854e89750355df	3e1dbcffdc528f998e98ebd455723af10e20231caede3d4091c9ff69d7ea4b32	05f1654b63cfaaf1efbb001cd9ec5ccb65b8e73c5c0b5f3e48e93b45f16463b3	0123af9e96b58af4e98b91a2de5608d36b63c67864b9041d3340587f3dbe40d2	cfa8dcf0d81c408de38d4202fe1ce9d9e5e301d1e67439c9530da94b1e64ee3f	7484d7b0dd80f45e18d726b04752827fe28555cc5c1af0e127948380e6688abf
semantic-proposal-v1	SC1-7e4dab56c6c781132814fa5fc57f2935b8188bef0b22c7b308bdd00bcd77c41e	S016234	2	P01	SYMBOLS.tsv	381563	status	x86_64	include/uapi/linux/major.h	operative_macro	COMPAQ_SMART2_MAJOR	86	PENDING_REVIEW			vendor/linux/include/uapi/linux/major.h;vendor/linux/include/uapi/linux/major.h:86;rewrite/configs/x86_64/frozen.config;header_closure=rewrite/metadata/header_closure.tsv;selected=PENDING_REVIEW	425f94c2954b1fe80ebdbf9b29854e89750355df	3e1dbcffdc528f998e98ebd455723af10e20231caede3d4091c9ff69d7ea4b32	05f1654b63cfaaf1efbb001cd9ec5ccb65b8e73c5c0b5f3e48e93b45f16463b3	0123af9e96b58af4e98b91a2de5608d36b63c67864b9041d3340587f3dbe40d2	cfa8dcf0d81c408de38d4202fe1ce9d9e5e301d1e67439c9530da94b1e64ee3f	7484d7b0dd80f45e18d726b04752827fe28555cc5c1af0e127948380e6688abf
semantic-proposal-v1	SC1-6b2cf5dfef41c262ae26ed2ad6a244611a2a12babdadd3d93a6dc1af8e691b4a	S016234	2	P01	SYMBOLS.tsv	381564	selection_expression	x86_64	include/uapi/linux/major.h	operative_macro	COMPAQ_SMART2_MAJOR1	87	PENDING_REVIEW			vendor/linux/include/uapi/linux/major.h;vendor/linux/include/uapi/linux/major.h:87;rewrite/configs/x86_64/frozen.config;header_closure=rewrite/metadata/header_closure.tsv;selected=PENDING_REVIEW	425f94c2954b1fe80ebdbf9b29854e89750355df	3e1dbcffdc528f998e98ebd455723af10e20231caede3d4091c9ff69d7ea4b32	05f1654b63cfaaf1efbb001cd9ec5ccb65b8e73c5c0b5f3e48e93b45f16463b3	0123af9e96b58af4e98b91a2de5608d36b63c67864b9041d3340587f3dbe40d2	cfa8dcf0d81c408de38d4202fe1ce9d9e5e301d1e67439c9530da94b1e64ee3f	7484d7b0dd80f45e18d726b04752827fe28555cc5c1af0e127948380e6688abf
semantic-proposal-v1	SC1-fb68014346f9def4b56a7e2a60c7a51b28325a0c1ff3eff5edaa85f826897d95	S016234	2	P01	SYMBOLS.tsv	381564	status	x86_64	include/uapi/linux/major.h	operative_macro	COMPAQ_SMART2_MAJOR1	87	PENDING_REVIEW			vendor/linux/include/uapi/linux/major.h;vendor/linux/include/uapi/linux/major.h:87;rewrite/configs/x86_64/frozen.config;header_closure=rewrite/metadata/header_closure.tsv;selected=PENDING_REVIEW	425f94c2954b1fe80ebdbf9b29854e89750355df	3e1dbcffdc528f998e98ebd455723af10e20231caede3d4091c9ff69d7ea4b32	05f1654b63cfaaf1efbb001cd9ec5ccb65b8e73c5c0b5f3e48e93b45f16463b3	0123af9e96b58af4e98b91a2de5608d36b63c67864b9041d3340587f3dbe40d2	cfa8dcf0d81c408de38d4202fe1ce9d9e5e301d1e67439c9530da94b1e64ee3f	7484d7b0dd80f45e18d726b04752827fe28555cc5c1af0e127948380e6688abf
semantic-proposal-v1	SC1-85b38e68fba11b5d761b0bda973d8d972cb109eeac95a38e8cb35042749f5418	S016234	2	P01	SYMBOLS.tsv	381565	selection_expression	x86_64	include/uapi/linux/major.h	operative_macro	COMPAQ_SMART2_MAJOR2	88	PENDING_REVIEW			vendor/linux/include/uapi/linux/major.h;vendor/linux/include/uapi/linux/major.h:88;rewrite/configs/x86_64/frozen.config;header_closure=rewrite/metadata/header_closure.tsv;selected=PENDING_REVIEW	425f94c2954b1fe80ebdbf9b29854e89750355df	3e1dbcffdc528f998e98ebd455723af10e20231caede3d4091c9ff69d7ea4b32	05f1654b63cfaaf1efbb001cd9ec5ccb65b8e73c5c0b5f3e48e93b45f16463b3	0123af9e96b58af4e98b91a2de5608d36b63c67864b9041d3340587f3dbe40d2	cfa8dcf0d81c408de38d4202fe1ce9d9e5e301d1e67439c9530da94b1e64ee3f	7484d7b0dd80f45e18d726b04752827fe28555cc5c1af0e127948380e6688abf
semantic-proposal-v1	SC1-16a36926933b18c49b9e757317c8ec233e352cac1550c53bc0737519835963fd	S016234	2	P01	SYMBOLS.tsv	381565	status	x86_64	include/uapi/linux/major.h	operative_macro	COMPAQ_SMART2_MAJOR2	88	PENDING_REVIEW			vendor/linux/include/uapi/linux/major.h;vendor/linux/include/uapi/linux/major.h:88;rewrite/configs/x86_64/frozen.config;header_closure=rewrite/metadata/header_closure.tsv;selected=PENDING_REVIEW	425f94c2954b1fe80ebdbf9b29854e89750355df	3e1dbcffdc528f998e98ebd455723af10e20231caede3d4091c9ff69d7ea4b32	05f1654b63cfaaf1efbb001cd9ec5ccb65b8e73c5c0b5f3e48e93b45f16463b3	0123af9e96b58af4e98b91a2de5608d36b63c67864b9041d3340587f3dbe40d2	cfa8dcf0d81c408de38d4202fe1ce9d9e5e301d1e67439c9530da94b1e64ee3f	7484d7b0dd80f45e18d726b04752827fe28555cc5c1af0e127948380e6688abf
semantic-proposal-v1	SC1-445717a3585b12712a0a391d7384792368cfdcbcb1ccbe9a28bbbe33841675e7	S016234	2	P01	SYMBOLS.tsv	381566	selection_expression	x86_64	include/uapi/linux/major.h	operative_macro	COMPAQ_SMART2_MAJOR3	89	PENDING_REVIEW			vendor/linux/include/uapi/linux/major.h;vendor/linux/include/uapi/linux/major.h:89;rewrite/configs/x86_64/frozen.config;header_closure=rewrite/metadata/header_closure.tsv;selected=PENDING_REVIEW	425f94c2954b1fe80ebdbf9b29854e89750355df	3e1dbcffdc528f998e98ebd455723af10e20231caede3d4091c9ff69d7ea4b32	05f1654b63cfaaf1efbb001cd9ec5ccb65b8e73c5c0b5f3e48e93b45f16463b3	0123af9e96b58af4e98b91a2de5608d36b63c67864b9041d3340587f3dbe40d2	cfa8dcf0d81c408de38d4202fe1ce9d9e5e301d1e67439c9530da94b1e64ee3f	7484d7b0dd80f45e18d726b04752827fe28555cc5c1af0e127948380e6688abf
semantic-proposal-v1	SC1-b06f27985563a237853a0fe5374f45061963a95190aabd12a393caa7264d7a7c	S016234	2	P01	SYMBOLS.tsv	381566	status	x86_64	include/uapi/linux/major.h	operative_macro	COMPAQ_SMART2_MAJOR3	89	PENDING_REVIEW			vendor/linux/include/uapi/linux/major.h;vendor/linux/include/uapi/linux/major.h:89;rewrite/configs/x86_64/frozen.config;header_closure=rewrite/metadata/header_closure.tsv;selected=PENDING_REVIEW	425f94c2954b1fe80ebdbf9b29854e89750355df	3e1dbcffdc528f998e98ebd455723af10e20231caede3d4091c9ff69d7ea4b32	05f1654b63cfaaf1efbb001cd9ec5ccb65b8e73c5c0b5f3e48e93b45f16463b3	0123af9e96b58af4e98b91a2de5608d36b63c67864b9041d3340587f3dbe40d2	cfa8dcf0d81c408de38d4202fe1ce9d9e5e301d1e67439c9530da94b1e64ee3f	7484d7b0dd80f45e18d726b04752827fe28555cc5c1af0e127948380e6688abf
semantic-proposal-v1	SC1-16648b90aa9acb91446ab8cac7428d785c4c3fc41568352ef18f413ef0385be9	S016234	2	P01	SYMBOLS.tsv	381567	selection_expression	x86_64	include/uapi/linux/major.h	operative_macro	COMPAQ_SMART2_MAJOR4	90	PENDING_REVIEW			vendor/linux/include/uapi/linux/major.h;vendor/linux/include/uapi/linux/major.h:90;rewrite/configs/x86_64/frozen.config;header_closure=rewrite/metadata/header_closure.tsv;selected=PENDING_REVIEW	425f94c2954b1fe80ebdbf9b29854e89750355df	3e1dbcffdc528f998e98ebd455723af10e20231caede3d4091c9ff69d7ea4b32	05f1654b63cfaaf1efbb001cd9ec5ccb65b8e73c5c0b5f3e48e93b45f16463b3	0123af9e96b58af4e98b91a2de5608d36b63c67864b9041d3340587f3dbe40d2	cfa8dcf0d81c408de38d4202fe1ce9d9e5e301d1e67439c9530da94b1e64ee3f	7484d7b0dd80f45e18d726b04752827fe28555cc5c1af0e127948380e6688abf
semantic-proposal-v1	SC1-230047348fb54bb9783c5030fd2ed6152d8937124cc94faf6c0f9615d634eb78	S016234	2	P01	SYMBOLS.tsv	381567	status	x86_64	include/uapi/linux/major.h	operative_macro	COMPAQ_SMART2_MAJOR4	90	PENDING_REVIEW			vendor/linux/include/uapi/linux/major.h;vendor/linux/include/uapi/linux/major.h:90;rewrite/configs/x86_64/frozen.config;header_closure=rewrite/metadata/header_closure.tsv;selected=PENDING_REVIEW	425f94c2954b1fe80ebdbf9b29854e89750355df	3e1dbcffdc528f998e98ebd455723af10e20231caede3d4091c9ff69d7ea4b32	05f1654b63cfaaf1efbb001cd9ec5ccb65b8e73c5c0b5f3e48e93b45f16463b3	0123af9e96b58af4e98b91a2de5608d36b63c67864b9041d3340587f3dbe40d2	cfa8dcf0d81c408de38d4202fe1ce9d9e5e301d1e67439c9530da94b1e64ee3f	7484d7b0dd80f45e18d726b04752827fe28555cc5c1af0e127948380e6688abf
semantic-proposal-v1	SC1-9b346da1a857247c499b74859d38354bed3414b1bf73067a9cb090173025da19	S016234	2	P01	SYMBOLS.tsv	381568	selection_expression	x86_64	include/uapi/linux/major.h	operative_macro	COMPAQ_SMART2_MAJOR5	91	PENDING_REVIEW			vendor/linux/include/uapi/linux/major.h;vendor/linux/include/uapi/linux/major.h:91;rewrite/configs/x86_64/frozen.config;header_closure=rewrite/metadata/header_closure.tsv;selected=PENDING_REVIEW	425f94c2954b1fe80ebdbf9b29854e89750355df	3e1dbcffdc528f998e98ebd455723af10e20231caede3d4091c9ff69d7ea4b32	05f1654b63cfaaf1efbb001cd9ec5ccb65b8e73c5c0b5f3e48e93b45f16463b3	0123af9e96b58af4e98b91a2de5608d36b63c67864b9041d3340587f3dbe40d2	cfa8dcf0d81c408de38d4202fe1ce9d9e5e301d1e67439c9530da94b1e64ee3f	7484d7b0dd80f45e18d726b04752827fe28555cc5c1af0e127948380e6688abf
semantic-proposal-v1	SC1-f5d3cbf53d12301e950d66df5170e630f9102f57c52a4af0cbb339b169fc756c	S016234	2	P01	SYMBOLS.tsv	381568	status	x86_64	include/uapi/linux/major.h	operative_macro	COMPAQ_SMART2_MAJOR5	91	PENDING_REVIEW			vendor/linux/include/uapi/linux/major.h;vendor/linux/include/uapi/linux/major.h:91;rewrite/configs/x86_64/frozen.config;header_closure=rewrite/metadata/header_closure.tsv;selected=PENDING_REVIEW	425f94c2954b1fe80ebdbf9b29854e89750355df	3e1dbcffdc528f998e98ebd455723af10e20231caede3d4091c9ff69d7ea4b32	05f1654b63cfaaf1efbb001cd9ec5ccb65b8e73c5c0b5f3e48e93b45f16463b3	0123af9e96b58af4e98b91a2de5608d36b63c67864b9041d3340587f3dbe40d2	cfa8dcf0d81c408de38d4202fe1ce9d9e5e301d1e67439c9530da94b1e64ee3f	7484d7b0dd80f45e18d726b04752827fe28555cc5c1af0e127948380e6688abf
semantic-proposal-v1	SC1-bc4e02cccfbb0b6603d1eacfed63d6db293f1773672a84371a8af850fda6b4cc	S016234	2	P01	SYMBOLS.tsv	381569	selection_expression	x86_64	include/uapi/linux/major.h	operative_macro	COMPAQ_SMART2_MAJOR6	92	PENDING_REVIEW			vendor/linux/include/uapi/linux/major.h;vendor/linux/include/uapi/linux/major.h:92;rewrite/configs/x86_64/frozen.config;header_closure=rewrite/metadata/header_closure.tsv;selected=PENDING_REVIEW	425f94c2954b1fe80ebdbf9b29854e89750355df	3e1dbcffdc528f998e98ebd455723af10e20231caede3d4091c9ff69d7ea4b32	05f1654b63cfaaf1efbb001cd9ec5ccb65b8e73c5c0b5f3e48e93b45f16463b3	0123af9e96b58af4e98b91a2de5608d36b63c67864b9041d3340587f3dbe40d2	cfa8dcf0d81c408de38d4202fe1ce9d9e5e301d1e67439c9530da94b1e64ee3f	7484d7b0dd80f45e18d726b04752827fe28555cc5c1af0e127948380e6688abf
semantic-proposal-v1	SC1-2d590aed71acafc0f524906710bae6ffd5e54339b56022dc1ba8b60cc907adb2	S016234	2	P01	SYMBOLS.tsv	381569	status	x86_64	include/uapi/linux/major.h	operative_macro	COMPAQ_SMART2_MAJOR6	92	PENDING_REVIEW			vendor/linux/include/uapi/linux/major.h;vendor/linux/include/uapi/linux/major.h:92;rewrite/configs/x86_64/frozen.config;header_closure=rewrite/metadata/header_closure.tsv;selected=PENDING_REVIEW	425f94c2954b1fe80ebdbf9b29854e89750355df	3e1dbcffdc528f998e98ebd455723af10e20231caede3d4091c9ff69d7ea4b32	05f1654b63cfaaf1efbb001cd9ec5ccb65b8e73c5c0b5f3e48e93b45f16463b3	0123af9e96b58af4e98b91a2de5608d36b63c67864b9041d3340587f3dbe40d2	cfa8dcf0d81c408de38d4202fe1ce9d9e5e301d1e67439c9530da94b1e64ee3f	7484d7b0dd80f45e18d726b04752827fe28555cc5c1af0e127948380e6688abf
semantic-proposal-v1	SC1-794b3ff33b469138f9ade9902f096c8f7f025a562158d2ac045f8ae1708a1a82	S016234	2	P01	SYMBOLS.tsv	381570	selection_expression	x86_64	include/uapi/linux/major.h	operative_macro	COMPAQ_SMART2_MAJOR7	93	PENDING_REVIEW			vendor/linux/include/uapi/linux/major.h;vendor/linux/include/uapi/linux/major.h:93;rewrite/configs/x86_64/frozen.config;header_closure=rewrite/metadata/header_closure.tsv;selected=PENDING_REVIEW	425f94c2954b1fe80ebdbf9b29854e89750355df	3e1dbcffdc528f998e98ebd455723af10e20231caede3d4091c9ff69d7ea4b32	05f1654b63cfaaf1efbb001cd9ec5ccb65b8e73c5c0b5f3e48e93b45f16463b3	0123af9e96b58af4e98b91a2de5608d36b63c67864b9041d3340587f3dbe40d2	cfa8dcf0d81c408de38d4202fe1ce9d9e5e301d1e67439c9530da94b1e64ee3f	7484d7b0dd80f45e18d726b04752827fe28555cc5c1af0e127948380e6688abf
semantic-proposal-v1	SC1-150c2ca6d0d2e3ec616c8d0addd13eed84a4fc4ca2b9ae3ce57670cfeeb7828d	S016234	2	P01	SYMBOLS.tsv	381570	status	x86_64	include/uapi/linux/major.h	operative_macro	COMPAQ_SMART2_MAJOR7	93	PENDING_REVIEW			vendor/linux/include/uapi/linux/major.h;vendor/linux/include/uapi/linux/major.h:93;rewrite/configs/x86_64/frozen.config;header_closure=rewrite/metadata/header_closure.tsv;selected=PENDING_REVIEW	425f94c2954b1fe80ebdbf9b29854e89750355df	3e1dbcffdc528f998e98ebd455723af10e20231caede3d4091c9ff69d7ea4b32	05f1654b63cfaaf1efbb001cd9ec5ccb65b8e73c5c0b5f3e48e93b45f16463b3	0123af9e96b58af4e98b91a2de5608d36b63c67864b9041d3340587f3dbe40d2	cfa8dcf0d81c408de38d4202fe1ce9d9e5e301d1e67439c9530da94b1e64ee3f	7484d7b0dd80f45e18d726b04752827fe28555cc5c1af0e127948380e6688abf
semantic-proposal-v1	SC1-c450e4e025e55472b43276dc3737850be4d3c9c001461f5e9c52d4125a088e82	S016234	2	P01	SYMBOLS.tsv	381571	selection_expression	x86_64	include/uapi/linux/major.h	operative_macro	SPECIALIX_NORMAL_MAJOR	95	PENDING_REVIEW			vendor/linux/include/uapi/linux/major.h;vendor/linux/include/uapi/linux/major.h:95;rewrite/configs/x86_64/frozen.config;header_closure=rewrite/metadata/header_closure.tsv;selected=PENDING_REVIEW	425f94c2954b1fe80ebdbf9b29854e89750355df	3e1dbcffdc528f998e98ebd455723af10e20231caede3d4091c9ff69d7ea4b32	05f1654b63cfaaf1efbb001cd9ec5ccb65b8e73c5c0b5f3e48e93b45f16463b3	0123af9e96b58af4e98b91a2de5608d36b63c67864b9041d3340587f3dbe40d2	cfa8dcf0d81c408de38d4202fe1ce9d9e5e301d1e67439c9530da94b1e64ee3f	7484d7b0dd80f45e18d726b04752827fe28555cc5c1af0e127948380e6688abf
semantic-proposal-v1	SC1-9429c496aa4eab9f948d7bed8fe80fcc691ccfc2108b164ec7238d06b56dd0f7	S016234	2	P01	SYMBOLS.tsv	381571	status	x86_64	include/uapi/linux/major.h	operative_macro	SPECIALIX_NORMAL_MAJOR	95	PENDING_REVIEW			vendor/linux/include/uapi/linux/major.h;vendor/linux/include/uapi/linux/major.h:95;rewrite/configs/x86_64/frozen.config;header_closure=rewrite/metadata/header_closure.tsv;selected=PENDING_REVIEW	425f94c2954b1fe80ebdbf9b29854e89750355df	3e1dbcffdc528f998e98ebd455723af10e20231caede3d4091c9ff69d7ea4b32	05f1654b63cfaaf1efbb001cd9ec5ccb65b8e73c5c0b5f3e48e93b45f16463b3	0123af9e96b58af4e98b91a2de5608d36b63c67864b9041d3340587f3dbe40d2	cfa8dcf0d81c408de38d4202fe1ce9d9e5e301d1e67439c9530da94b1e64ee3f	7484d7b0dd80f45e18d726b04752827fe28555cc5c1af0e127948380e6688abf
semantic-proposal-v1	SC1-e3e0d1d1fc824e2a5634ffe804894b75a959309b8e60f98a9b7735dbaf98c27c	S016234	2	P01	SYMBOLS.tsv	381572	selection_expression	x86_64	include/uapi/linux/major.h	operative_macro	SPECIALIX_CALLOUT_MAJOR	96	PENDING_REVIEW			vendor/linux/include/uapi/linux/major.h;vendor/linux/include/uapi/linux/major.h:96;rewrite/configs/x86_64/frozen.config;header_closure=rewrite/metadata/header_closure.tsv;selected=PENDING_REVIEW	425f94c2954b1fe80ebdbf9b29854e89750355df	3e1dbcffdc528f998e98ebd455723af10e20231caede3d4091c9ff69d7ea4b32	05f1654b63cfaaf1efbb001cd9ec5ccb65b8e73c5c0b5f3e48e93b45f16463b3	0123af9e96b58af4e98b91a2de5608d36b63c67864b9041d3340587f3dbe40d2	cfa8dcf0d81c408de38d4202fe1ce9d9e5e301d1e67439c9530da94b1e64ee3f	7484d7b0dd80f45e18d726b04752827fe28555cc5c1af0e127948380e6688abf
semantic-proposal-v1	SC1-66c13c9f1538523409c2f50e64383e6361f99150632a3dca9013c2e833c2ac5d	S016234	2	P01	SYMBOLS.tsv	381572	status	x86_64	include/uapi/linux/major.h	operative_macro	SPECIALIX_CALLOUT_MAJOR	96	PENDING_REVIEW			vendor/linux/include/uapi/linux/major.h;vendor/linux/include/uapi/linux/major.h:96;rewrite/configs/x86_64/frozen.config;header_closure=rewrite/metadata/header_closure.tsv;selected=PENDING_REVIEW	425f94c2954b1fe80ebdbf9b29854e89750355df	3e1dbcffdc528f998e98ebd455723af10e20231caede3d4091c9ff69d7ea4b32	05f1654b63cfaaf1efbb001cd9ec5ccb65b8e73c5c0b5f3e48e93b45f16463b3	0123af9e96b58af4e98b91a2de5608d36b63c67864b9041d3340587f3dbe40d2	cfa8dcf0d81c408de38d4202fe1ce9d9e5e301d1e67439c9530da94b1e64ee3f	7484d7b0dd80f45e18d726b04752827fe28555cc5c1af0e127948380e6688abf
semantic-proposal-v1	SC1-c2b940a7770c628af63292d917ce40adfb5c4515d91217b19e9bb2af67965772	S016234	2	P01	SYMBOLS.tsv	381573	selection_expression	x86_64	include/uapi/linux/major.h	operative_macro	AURORA_MAJOR	98	PENDING_REVIEW			vendor/linux/include/uapi/linux/major.h;vendor/linux/include/uapi/linux/major.h:98;rewrite/configs/x86_64/frozen.config;header_closure=rewrite/metadata/header_closure.tsv;selected=PENDING_REVIEW	425f94c2954b1fe80ebdbf9b29854e89750355df	3e1dbcffdc528f998e98ebd455723af10e20231caede3d4091c9ff69d7ea4b32	05f1654b63cfaaf1efbb001cd9ec5ccb65b8e73c5c0b5f3e48e93b45f16463b3	0123af9e96b58af4e98b91a2de5608d36b63c67864b9041d3340587f3dbe40d2	cfa8dcf0d81c408de38d4202fe1ce9d9e5e301d1e67439c9530da94b1e64ee3f	7484d7b0dd80f45e18d726b04752827fe28555cc5c1af0e127948380e6688abf
semantic-proposal-v1	SC1-03929d481f14c9b73971d91d44308992e1056b6dfb798467d9708e7073621857	S016234	2	P01	SYMBOLS.tsv	381573	status	x86_64	include/uapi/linux/major.h	operative_macro	AURORA_MAJOR	98	PENDING_REVIEW			vendor/linux/include/uapi/linux/major.h;vendor/linux/include/uapi/linux/major.h:98;rewrite/configs/x86_64/frozen.config;header_closure=rewrite/metadata/header_closure.tsv;selected=PENDING_REVIEW	425f94c2954b1fe80ebdbf9b29854e89750355df	3e1dbcffdc528f998e98ebd455723af10e20231caede3d4091c9ff69d7ea4b32	05f1654b63cfaaf1efbb001cd9ec5ccb65b8e73c5c0b5f3e48e93b45f16463b3	0123af9e96b58af4e98b91a2de5608d36b63c67864b9041d3340587f3dbe40d2	cfa8dcf0d81c408de38d4202fe1ce9d9e5e301d1e67439c9530da94b1e64ee3f	7484d7b0dd80f45e18d726b04752827fe28555cc5c1af0e127948380e6688abf
semantic-proposal-v1	SC1-003545283b5e02c9cae472c0952532de744fb6c4a9ca0a0a49884cbad45e7e59	S016234	2	P01	SYMBOLS.tsv	381574	selection_expression	x86_64	include/uapi/linux/major.h	operative_macro	I2O_MAJOR	100	PENDING_REVIEW			vendor/linux/include/uapi/linux/major.h;vendor/linux/include/uapi/linux/major.h:100;rewrite/configs/x86_64/frozen.config;header_closure=rewrite/metadata/header_closure.tsv;selected=PENDING_REVIEW	425f94c2954b1fe80ebdbf9b29854e89750355df	3e1dbcffdc528f998e98ebd455723af10e20231caede3d4091c9ff69d7ea4b32	05f1654b63cfaaf1efbb001cd9ec5ccb65b8e73c5c0b5f3e48e93b45f16463b3	0123af9e96b58af4e98b91a2de5608d36b63c67864b9041d3340587f3dbe40d2	cfa8dcf0d81c408de38d4202fe1ce9d9e5e301d1e67439c9530da94b1e64ee3f	7484d7b0dd80f45e18d726b04752827fe28555cc5c1af0e127948380e6688abf
semantic-proposal-v1	SC1-d087fe8be1e4f096f89e9c5c037982b14ef70856a7255d24baa8420d37367a5b	S016234	2	P01	SYMBOLS.tsv	381574	status	x86_64	include/uapi/linux/major.h	operative_macro	I2O_MAJOR	100	PENDING_REVIEW			vendor/linux/include/uapi/linux/major.h;vendor/linux/include/uapi/linux/major.h:100;rewrite/configs/x86_64/frozen.config;header_closure=rewrite/metadata/header_closure.tsv;selected=PENDING_REVIEW	425f94c2954b1fe80ebdbf9b29854e89750355df	3e1dbcffdc528f998e98ebd455723af10e20231caede3d4091c9ff69d7ea4b32	05f1654b63cfaaf1efbb001cd9ec5ccb65b8e73c5c0b5f3e48e93b45f16463b3	0123af9e96b58af4e98b91a2de5608d36b63c67864b9041d3340587f3dbe40d2	cfa8dcf0d81c408de38d4202fe1ce9d9e5e301d1e67439c9530da94b1e64ee3f	7484d7b0dd80f45e18d726b04752827fe28555cc5c1af0e127948380e6688abf
semantic-proposal-v1	SC1-096337d03679c1c88cc24c8b7261f5c620c76dad2c587ae34d396405bfa97a9c	S016234	2	P01	SYMBOLS.tsv	381575	selection_expression	x86_64	include/uapi/linux/major.h	operative_macro	SHMIQ_MAJOR	102	PENDING_REVIEW			vendor/linux/include/uapi/linux/major.h;vendor/linux/include/uapi/linux/major.h:102;rewrite/configs/x86_64/frozen.config;header_closure=rewrite/metadata/header_closure.tsv;selected=PENDING_REVIEW	425f94c2954b1fe80ebdbf9b29854e89750355df	3e1dbcffdc528f998e98ebd455723af10e20231caede3d4091c9ff69d7ea4b32	05f1654b63cfaaf1efbb001cd9ec5ccb65b8e73c5c0b5f3e48e93b45f16463b3	0123af9e96b58af4e98b91a2de5608d36b63c67864b9041d3340587f3dbe40d2	cfa8dcf0d81c408de38d4202fe1ce9d9e5e301d1e67439c9530da94b1e64ee3f	7484d7b0dd80f45e18d726b04752827fe28555cc5c1af0e127948380e6688abf
semantic-proposal-v1	SC1-d54c2b2d4bda8e01e99b4e1b2f5073081a245872c76cfd9deb3335cc51703813	S016234	2	P01	SYMBOLS.tsv	381575	status	x86_64	include/uapi/linux/major.h	operative_macro	SHMIQ_MAJOR	102	PENDING_REVIEW			vendor/linux/include/uapi/linux/major.h;vendor/linux/include/uapi/linux/major.h:102;rewrite/configs/x86_64/frozen.config;header_closure=rewrite/metadata/header_closure.tsv;selected=PENDING_REVIEW	425f94c2954b1fe80ebdbf9b29854e89750355df	3e1dbcffdc528f998e98ebd455723af10e20231caede3d4091c9ff69d7ea4b32	05f1654b63cfaaf1efbb001cd9ec5ccb65b8e73c5c0b5f3e48e93b45f16463b3	0123af9e96b58af4e98b91a2de5608d36b63c67864b9041d3340587f3dbe40d2	cfa8dcf0d81c408de38d4202fe1ce9d9e5e301d1e67439c9530da94b1e64ee3f	7484d7b0dd80f45e18d726b04752827fe28555cc5c1af0e127948380e6688abf
semantic-proposal-v1	SC1-6ca0bebe7415f0b1d1f19ff219fccc755a1dde88c3490479cf49d987e97c5f30	S016234	2	P01	SYMBOLS.tsv	381576	selection_expression	x86_64	include/uapi/linux/major.h	operative_macro	SCSI_CHANGER_MAJOR	103	PENDING_REVIEW			vendor/linux/include/uapi/linux/major.h;vendor/linux/include/uapi/linux/major.h:103;rewrite/configs/x86_64/frozen.config;header_closure=rewrite/metadata/header_closure.tsv;selected=PENDING_REVIEW	425f94c2954b1fe80ebdbf9b29854e89750355df	3e1dbcffdc528f998e98ebd455723af10e20231caede3d4091c9ff69d7ea4b32	05f1654b63cfaaf1efbb001cd9ec5ccb65b8e73c5c0b5f3e48e93b45f16463b3	0123af9e96b58af4e98b91a2de5608d36b63c67864b9041d3340587f3dbe40d2	cfa8dcf0d81c408de38d4202fe1ce9d9e5e301d1e67439c9530da94b1e64ee3f	7484d7b0dd80f45e18d726b04752827fe28555cc5c1af0e127948380e6688abf
semantic-proposal-v1	SC1-37ce1bf715d7adc52559cdb987a0c3640b24b7b543488b6c14bac3a21e04ebaf	S016234	2	P01	SYMBOLS.tsv	381576	status	x86_64	include/uapi/linux/major.h	operative_macro	SCSI_CHANGER_MAJOR	103	PENDING_REVIEW			vendor/linux/include/uapi/linux/major.h;vendor/linux/include/uapi/linux/major.h:103;rewrite/configs/x86_64/frozen.config;header_closure=rewrite/metadata/header_closure.tsv;selected=PENDING_REVIEW	425f94c2954b1fe80ebdbf9b29854e89750355df	3e1dbcffdc528f998e98ebd455723af10e20231caede3d4091c9ff69d7ea4b32	05f1654b63cfaaf1efbb001cd9ec5ccb65b8e73c5c0b5f3e48e93b45f16463b3	0123af9e96b58af4e98b91a2de5608d36b63c67864b9041d3340587f3dbe40d2	cfa8dcf0d81c408de38d4202fe1ce9d9e5e301d1e67439c9530da94b1e64ee3f	7484d7b0dd80f45e18d726b04752827fe28555cc5c1af0e127948380e6688abf
semantic-proposal-v1	SC1-347a660bed154d6f7c7c4b5592e498a1ab05b91f941091b47e528b8232216f5e	S016234	2	P01	SYMBOLS.tsv	381577	selection_expression	x86_64	include/uapi/linux/major.h	operative_macro	IDE6_MAJOR	105	PENDING_REVIEW			vendor/linux/include/uapi/linux/major.h;vendor/linux/include/uapi/linux/major.h:105;rewrite/configs/x86_64/frozen.config;header_closure=rewrite/metadata/header_closure.tsv;selected=PENDING_REVIEW	425f94c2954b1fe80ebdbf9b29854e89750355df	3e1dbcffdc528f998e98ebd455723af10e20231caede3d4091c9ff69d7ea4b32	05f1654b63cfaaf1efbb001cd9ec5ccb65b8e73c5c0b5f3e48e93b45f16463b3	0123af9e96b58af4e98b91a2de5608d36b63c67864b9041d3340587f3dbe40d2	cfa8dcf0d81c408de38d4202fe1ce9d9e5e301d1e67439c9530da94b1e64ee3f	7484d7b0dd80f45e18d726b04752827fe28555cc5c1af0e127948380e6688abf
semantic-proposal-v1	SC1-c239feab5276941cbe24111927f7dcec45b32dc8c9276fd9f9d583ab64f61fa4	S016234	2	P01	SYMBOLS.tsv	381577	status	x86_64	include/uapi/linux/major.h	operative_macro	IDE6_MAJOR	105	PENDING_REVIEW			vendor/linux/include/uapi/linux/major.h;vendor/linux/include/uapi/linux/major.h:105;rewrite/configs/x86_64/frozen.config;header_closure=rewrite/metadata/header_closure.tsv;selected=PENDING_REVIEW	425f94c2954b1fe80ebdbf9b29854e89750355df	3e1dbcffdc528f998e98ebd455723af10e20231caede3d4091c9ff69d7ea4b32	05f1654b63cfaaf1efbb001cd9ec5ccb65b8e73c5c0b5f3e48e93b45f16463b3	0123af9e96b58af4e98b91a2de5608d36b63c67864b9041d3340587f3dbe40d2	cfa8dcf0d81c408de38d4202fe1ce9d9e5e301d1e67439c9530da94b1e64ee3f	7484d7b0dd80f45e18d726b04752827fe28555cc5c1af0e127948380e6688abf
semantic-proposal-v1	SC1-a0073ce93d99ad6b3d603916a8f2f54eee9513e11f68726bcf21333c080687c3	S016234	2	P01	SYMBOLS.tsv	381578	selection_expression	x86_64	include/uapi/linux/major.h	operative_macro	IDE7_MAJOR	106	PENDING_REVIEW			vendor/linux/include/uapi/linux/major.h;vendor/linux/include/uapi/linux/major.h:106;rewrite/configs/x86_64/frozen.config;header_closure=rewrite/metadata/header_closure.tsv;selected=PENDING_REVIEW	425f94c2954b1fe80ebdbf9b29854e89750355df	3e1dbcffdc528f998e98ebd455723af10e20231caede3d4091c9ff69d7ea4b32	05f1654b63cfaaf1efbb001cd9ec5ccb65b8e73c5c0b5f3e48e93b45f16463b3	0123af9e96b58af4e98b91a2de5608d36b63c67864b9041d3340587f3dbe40d2	cfa8dcf0d81c408de38d4202fe1ce9d9e5e301d1e67439c9530da94b1e64ee3f	7484d7b0dd80f45e18d726b04752827fe28555cc5c1af0e127948380e6688abf
semantic-proposal-v1	SC1-fcc11ce53b2856d235b57c45b95a9341f22fc11b72eb33a52a0ac61251b9f9fa	S016234	2	P01	SYMBOLS.tsv	381578	status	x86_64	include/uapi/linux/major.h	operative_macro	IDE7_MAJOR	106	PENDING_REVIEW			vendor/linux/include/uapi/linux/major.h;vendor/linux/include/uapi/linux/major.h:106;rewrite/configs/x86_64/frozen.config;header_closure=rewrite/metadata/header_closure.tsv;selected=PENDING_REVIEW	425f94c2954b1fe80ebdbf9b29854e89750355df	3e1dbcffdc528f998e98ebd455723af10e20231caede3d4091c9ff69d7ea4b32	05f1654b63cfaaf1efbb001cd9ec5ccb65b8e73c5c0b5f3e48e93b45f16463b3	0123af9e96b58af4e98b91a2de5608d36b63c67864b9041d3340587f3dbe40d2	cfa8dcf0d81c408de38d4202fe1ce9d9e5e301d1e67439c9530da94b1e64ee3f	7484d7b0dd80f45e18d726b04752827fe28555cc5c1af0e127948380e6688abf
semantic-proposal-v1	SC1-aef74ab8c9b48eaafc8eea6924bb3d10f142c2bfd8ba67f56beb33b221d15bd0	S016234	2	P01	SYMBOLS.tsv	381579	selection_expression	x86_64	include/uapi/linux/major.h	operative_macro	IDE8_MAJOR	107	PENDING_REVIEW			vendor/linux/include/uapi/linux/major.h;vendor/linux/include/uapi/linux/major.h:107;rewrite/configs/x86_64/frozen.config;header_closure=rewrite/metadata/header_closure.tsv;selected=PENDING_REVIEW	425f94c2954b1fe80ebdbf9b29854e89750355df	3e1dbcffdc528f998e98ebd455723af10e20231caede3d4091c9ff69d7ea4b32	05f1654b63cfaaf1efbb001cd9ec5ccb65b8e73c5c0b5f3e48e93b45f16463b3	0123af9e96b58af4e98b91a2de5608d36b63c67864b9041d3340587f3dbe40d2	cfa8dcf0d81c408de38d4202fe1ce9d9e5e301d1e67439c9530da94b1e64ee3f	7484d7b0dd80f45e18d726b04752827fe28555cc5c1af0e127948380e6688abf
semantic-proposal-v1	SC1-37c9d72ee2f2b1c798f6ec9a5994b62b241a9c110966feca86442858848513cb	S016234	2	P01	SYMBOLS.tsv	381579	status	x86_64	include/uapi/linux/major.h	operative_macro	IDE8_MAJOR	107	PENDING_REVIEW			vendor/linux/include/uapi/linux/major.h;vendor/linux/include/uapi/linux/major.h:107;rewrite/configs/x86_64/frozen.config;header_closure=rewrite/metadata/header_closure.tsv;selected=PENDING_REVIEW	425f94c2954b1fe80ebdbf9b29854e89750355df	3e1dbcffdc528f998e98ebd455723af10e20231caede3d4091c9ff69d7ea4b32	05f1654b63cfaaf1efbb001cd9ec5ccb65b8e73c5c0b5f3e48e93b45f16463b3	0123af9e96b58af4e98b91a2de5608d36b63c67864b9041d3340587f3dbe40d2	cfa8dcf0d81c408de38d4202fe1ce9d9e5e301d1e67439c9530da94b1e64ee3f	7484d7b0dd80f45e18d726b04752827fe28555cc5c1af0e127948380e6688abf
semantic-proposal-v1	SC1-1470511b5c1cd5a1f552398917b13df947e47f2c30df4636a257bff6b75772e0	S016234	2	P01	SYMBOLS.tsv	381580	selection_expression	x86_64	include/uapi/linux/major.h	operative_macro	MTD_CHAR_MAJOR	108	PENDING_REVIEW			vendor/linux/include/uapi/linux/major.h;vendor/linux/include/uapi/linux/major.h:108;rewrite/configs/x86_64/frozen.config;header_closure=rewrite/metadata/header_closure.tsv;selected=PENDING_REVIEW	425f94c2954b1fe80ebdbf9b29854e89750355df	3e1dbcffdc528f998e98ebd455723af10e20231caede3d4091c9ff69d7ea4b32	05f1654b63cfaaf1efbb001cd9ec5ccb65b8e73c5c0b5f3e48e93b45f16463b3	0123af9e96b58af4e98b91a2de5608d36b63c67864b9041d3340587f3dbe40d2	cfa8dcf0d81c408de38d4202fe1ce9d9e5e301d1e67439c9530da94b1e64ee3f	7484d7b0dd80f45e18d726b04752827fe28555cc5c1af0e127948380e6688abf
semantic-proposal-v1	SC1-98a0a2ba1829a62ccafce9429a6c4dca9a0b99cf70ba744771863cd974c098bf	S016234	2	P01	SYMBOLS.tsv	381580	status	x86_64	include/uapi/linux/major.h	operative_macro	MTD_CHAR_MAJOR	108	PENDING_REVIEW			vendor/linux/include/uapi/linux/major.h;vendor/linux/include/uapi/linux/major.h:108;rewrite/configs/x86_64/frozen.config;header_closure=rewrite/metadata/header_closure.tsv;selected=PENDING_REVIEW	425f94c2954b1fe80ebdbf9b29854e89750355df	3e1dbcffdc528f998e98ebd455723af10e20231caede3d4091c9ff69d7ea4b32	05f1654b63cfaaf1efbb001cd9ec5ccb65b8e73c5c0b5f3e48e93b45f16463b3	0123af9e96b58af4e98b91a2de5608d36b63c67864b9041d3340587f3dbe40d2	cfa8dcf0d81c408de38d4202fe1ce9d9e5e301d1e67439c9530da94b1e64ee3f	7484d7b0dd80f45e18d726b04752827fe28555cc5c1af0e127948380e6688abf
semantic-proposal-v1	SC1-5f54df61944805fd78aee342566a1304e36a7d83a01d08b89b38c7854cf44b78	S016234	2	P01	SYMBOLS.tsv	381581	selection_expression	x86_64	include/uapi/linux/major.h	operative_macro	IDE9_MAJOR	109	PENDING_REVIEW			vendor/linux/include/uapi/linux/major.h;vendor/linux/include/uapi/linux/major.h:109;rewrite/configs/x86_64/frozen.config;header_closure=rewrite/metadata/header_closure.tsv;selected=PENDING_REVIEW	425f94c2954b1fe80ebdbf9b29854e89750355df	3e1dbcffdc528f998e98ebd455723af10e20231caede3d4091c9ff69d7ea4b32	05f1654b63cfaaf1efbb001cd9ec5ccb65b8e73c5c0b5f3e48e93b45f16463b3	0123af9e96b58af4e98b91a2de5608d36b63c67864b9041d3340587f3dbe40d2	cfa8dcf0d81c408de38d4202fe1ce9d9e5e301d1e67439c9530da94b1e64ee3f	7484d7b0dd80f45e18d726b04752827fe28555cc5c1af0e127948380e6688abf
semantic-proposal-v1	SC1-8423fec290882d7b852acba7ce17f746611f52be1afbdc66ebba926d05437d7f	S016234	2	P01	SYMBOLS.tsv	381581	status	x86_64	include/uapi/linux/major.h	operative_macro	IDE9_MAJOR	109	PENDING_REVIEW			vendor/linux/include/uapi/linux/major.h;vendor/linux/include/uapi/linux/major.h:109;rewrite/configs/x86_64/frozen.config;header_closure=rewrite/metadata/header_closure.tsv;selected=PENDING_REVIEW	425f94c2954b1fe80ebdbf9b29854e89750355df	3e1dbcffdc528f998e98ebd455723af10e20231caede3d4091c9ff69d7ea4b32	05f1654b63cfaaf1efbb001cd9ec5ccb65b8e73c5c0b5f3e48e93b45f16463b3	0123af9e96b58af4e98b91a2de5608d36b63c67864b9041d3340587f3dbe40d2	cfa8dcf0d81c408de38d4202fe1ce9d9e5e301d1e67439c9530da94b1e64ee3f	7484d7b0dd80f45e18d726b04752827fe28555cc5c1af0e127948380e6688abf
semantic-proposal-v1	SC1-5f215570e91b64781ef4d542bf793363a85a06a0b81e4f571de802c66cb802ff	S016234	2	P01	SYMBOLS.tsv	381582	selection_expression	x86_64	include/uapi/linux/major.h	operative_macro	DASD_MAJOR	111	PENDING_REVIEW			vendor/linux/include/uapi/linux/major.h;vendor/linux/include/uapi/linux/major.h:111;rewrite/configs/x86_64/frozen.config;header_closure=rewrite/metadata/header_closure.tsv;selected=PENDING_REVIEW	425f94c2954b1fe80ebdbf9b29854e89750355df	3e1dbcffdc528f998e98ebd455723af10e20231caede3d4091c9ff69d7ea4b32	05f1654b63cfaaf1efbb001cd9ec5ccb65b8e73c5c0b5f3e48e93b45f16463b3	0123af9e96b58af4e98b91a2de5608d36b63c67864b9041d3340587f3dbe40d2	cfa8dcf0d81c408de38d4202fe1ce9d9e5e301d1e67439c9530da94b1e64ee3f	7484d7b0dd80f45e18d726b04752827fe28555cc5c1af0e127948380e6688abf
semantic-proposal-v1	SC1-f049483a75a867ea0858f7cc4c054a0f4cf71be757981177a00b5ce26d848c8e	S016234	2	P01	SYMBOLS.tsv	381582	status	x86_64	include/uapi/linux/major.h	operative_macro	DASD_MAJOR	111	PENDING_REVIEW			vendor/linux/include/uapi/linux/major.h;vendor/linux/include/uapi/linux/major.h:111;rewrite/configs/x86_64/frozen.config;header_closure=rewrite/metadata/header_closure.tsv;selected=PENDING_REVIEW	425f94c2954b1fe80ebdbf9b29854e89750355df	3e1dbcffdc528f998e98ebd455723af10e20231caede3d4091c9ff69d7ea4b32	05f1654b63cfaaf1efbb001cd9ec5ccb65b8e73c5c0b5f3e48e93b45f16463b3	0123af9e96b58af4e98b91a2de5608d36b63c67864b9041d3340587f3dbe40d2	cfa8dcf0d81c408de38d4202fe1ce9d9e5e301d1e67439c9530da94b1e64ee3f	7484d7b0dd80f45e18d726b04752827fe28555cc5c1af0e127948380e6688abf
semantic-proposal-v1	SC1-7905faac9092110a528207870208117db8647092aeac9abaf4a3340cebaf43c0	S016234	2	P01	SYMBOLS.tsv	381583	selection_expression	x86_64	include/uapi/linux/major.h	operative_macro	MDISK_MAJOR	113	PENDING_REVIEW			vendor/linux/include/uapi/linux/major.h;vendor/linux/include/uapi/linux/major.h:113;rewrite/configs/x86_64/frozen.config;header_closure=rewrite/metadata/header_closure.tsv;selected=PENDING_REVIEW	425f94c2954b1fe80ebdbf9b29854e89750355df	3e1dbcffdc528f998e98ebd455723af10e20231caede3d4091c9ff69d7ea4b32	05f1654b63cfaaf1efbb001cd9ec5ccb65b8e73c5c0b5f3e48e93b45f16463b3	0123af9e96b58af4e98b91a2de5608d36b63c67864b9041d3340587f3dbe40d2	cfa8dcf0d81c408de38d4202fe1ce9d9e5e301d1e67439c9530da94b1e64ee3f	7484d7b0dd80f45e18d726b04752827fe28555cc5c1af0e127948380e6688abf
semantic-proposal-v1	SC1-5c56db2fc17e1717150ad1b22687113167a102394fb957c7302cdaddb5e95b5b	S016234	2	P01	SYMBOLS.tsv	381583	status	x86_64	include/uapi/linux/major.h	operative_macro	MDISK_MAJOR	113	PENDING_REVIEW			vendor/linux/include/uapi/linux/major.h;vendor/linux/include/uapi/linux/major.h:113;rewrite/configs/x86_64/frozen.config;header_closure=rewrite/metadata/header_closure.tsv;selected=PENDING_REVIEW	425f94c2954b1fe80ebdbf9b29854e89750355df	3e1dbcffdc528f998e98ebd455723af10e20231caede3d4091c9ff69d7ea4b32	05f1654b63cfaaf1efbb001cd9ec5ccb65b8e73c5c0b5f3e48e93b45f16463b3	0123af9e96b58af4e98b91a2de5608d36b63c67864b9041d3340587f3dbe40d2	cfa8dcf0d81c408de38d4202fe1ce9d9e5e301d1e67439c9530da94b1e64ee3f	7484d7b0dd80f45e18d726b04752827fe28555cc5c1af0e127948380e6688abf
semantic-proposal-v1	SC1-0c42c6eae962784904a0ca43e7820a96506fe9312445b04798d129245e0f54b3	S016234	2	P01	SYMBOLS.tsv	381584	selection_expression	x86_64	include/uapi/linux/major.h	operative_macro	UBD_MAJOR	115	PENDING_REVIEW			vendor/linux/include/uapi/linux/major.h;vendor/linux/include/uapi/linux/major.h:115;rewrite/configs/x86_64/frozen.config;header_closure=rewrite/metadata/header_closure.tsv;selected=PENDING_REVIEW	425f94c2954b1fe80ebdbf9b29854e89750355df	3e1dbcffdc528f998e98ebd455723af10e20231caede3d4091c9ff69d7ea4b32	05f1654b63cfaaf1efbb001cd9ec5ccb65b8e73c5c0b5f3e48e93b45f16463b3	0123af9e96b58af4e98b91a2de5608d36b63c67864b9041d3340587f3dbe40d2	cfa8dcf0d81c408de38d4202fe1ce9d9e5e301d1e67439c9530da94b1e64ee3f	7484d7b0dd80f45e18d726b04752827fe28555cc5c1af0e127948380e6688abf
semantic-proposal-v1	SC1-ffe3858d2aa498146962311b2278dbaddfbc4b5546d57516bc41484c2800e812	S016234	2	P01	SYMBOLS.tsv	381584	status	x86_64	include/uapi/linux/major.h	operative_macro	UBD_MAJOR	115	PENDING_REVIEW			vendor/linux/include/uapi/linux/major.h;vendor/linux/include/uapi/linux/major.h:115;rewrite/configs/x86_64/frozen.config;header_closure=rewrite/metadata/header_closure.tsv;selected=PENDING_REVIEW	425f94c2954b1fe80ebdbf9b29854e89750355df	3e1dbcffdc528f998e98ebd455723af10e20231caede3d4091c9ff69d7ea4b32	05f1654b63cfaaf1efbb001cd9ec5ccb65b8e73c5c0b5f3e48e93b45f16463b3	0123af9e96b58af4e98b91a2de5608d36b63c67864b9041d3340587f3dbe40d2	cfa8dcf0d81c408de38d4202fe1ce9d9e5e301d1e67439c9530da94b1e64ee3f	7484d7b0dd80f45e18d726b04752827fe28555cc5c1af0e127948380e6688abf
semantic-proposal-v1	SC1-d9470c81805bbf1b53211cb4030837136427cb265d85d50caa910aecda4c8c62	S016234	2	P01	SYMBOLS.tsv	381585	selection_expression	x86_64	include/uapi/linux/major.h	operative_macro	PP_MAJOR	117	PENDING_REVIEW			vendor/linux/include/uapi/linux/major.h;vendor/linux/include/uapi/linux/major.h:117;rewrite/configs/x86_64/frozen.config;header_closure=rewrite/metadata/header_closure.tsv;selected=PENDING_REVIEW	425f94c2954b1fe80ebdbf9b29854e89750355df	3e1dbcffdc528f998e98ebd455723af10e20231caede3d4091c9ff69d7ea4b32	05f1654b63cfaaf1efbb001cd9ec5ccb65b8e73c5c0b5f3e48e93b45f16463b3	0123af9e96b58af4e98b91a2de5608d36b63c67864b9041d3340587f3dbe40d2	cfa8dcf0d81c408de38d4202fe1ce9d9e5e301d1e67439c9530da94b1e64ee3f	7484d7b0dd80f45e18d726b04752827fe28555cc5c1af0e127948380e6688abf
semantic-proposal-v1	SC1-a26e235daf1273b7d82929f40d9b94e92aadaa9c7179af241a09318ef928f698	S016234	2	P01	SYMBOLS.tsv	381585	status	x86_64	include/uapi/linux/major.h	operative_macro	PP_MAJOR	117	PENDING_REVIEW			vendor/linux/include/uapi/linux/major.h;vendor/linux/include/uapi/linux/major.h:117;rewrite/configs/x86_64/frozen.config;header_closure=rewrite/metadata/header_closure.tsv;selected=PENDING_REVIEW	425f94c2954b1fe80ebdbf9b29854e89750355df	3e1dbcffdc528f998e98ebd455723af10e20231caede3d4091c9ff69d7ea4b32	05f1654b63cfaaf1efbb001cd9ec5ccb65b8e73c5c0b5f3e48e93b45f16463b3	0123af9e96b58af4e98b91a2de5608d36b63c67864b9041d3340587f3dbe40d2	cfa8dcf0d81c408de38d4202fe1ce9d9e5e301d1e67439c9530da94b1e64ee3f	7484d7b0dd80f45e18d726b04752827fe28555cc5c1af0e127948380e6688abf
semantic-proposal-v1	SC1-e9ff9bf358945e14a9e3d1faad1a80ccf80d2f0920f0044df7cea5c2c89fdb27	S016234	2	P01	SYMBOLS.tsv	381586	selection_expression	x86_64	include/uapi/linux/major.h	operative_macro	JSFD_MAJOR	118	PENDING_REVIEW			vendor/linux/include/uapi/linux/major.h;vendor/linux/include/uapi/linux/major.h:118;rewrite/configs/x86_64/frozen.config;header_closure=rewrite/metadata/header_closure.tsv;selected=PENDING_REVIEW	425f94c2954b1fe80ebdbf9b29854e89750355df	3e1dbcffdc528f998e98ebd455723af10e20231caede3d4091c9ff69d7ea4b32	05f1654b63cfaaf1efbb001cd9ec5ccb65b8e73c5c0b5f3e48e93b45f16463b3	0123af9e96b58af4e98b91a2de5608d36b63c67864b9041d3340587f3dbe40d2	cfa8dcf0d81c408de38d4202fe1ce9d9e5e301d1e67439c9530da94b1e64ee3f	7484d7b0dd80f45e18d726b04752827fe28555cc5c1af0e127948380e6688abf
semantic-proposal-v1	SC1-3afe92c00826463636b200fa344394c0f07a3589e6ed891941909652f2e3d735	S016234	2	P01	SYMBOLS.tsv	381586	status	x86_64	include/uapi/linux/major.h	operative_macro	JSFD_MAJOR	118	PENDING_REVIEW			vendor/linux/include/uapi/linux/major.h;vendor/linux/include/uapi/linux/major.h:118;rewrite/configs/x86_64/frozen.config;header_closure=rewrite/metadata/header_closure.tsv;selected=PENDING_REVIEW	425f94c2954b1fe80ebdbf9b29854e89750355df	3e1dbcffdc528f998e98ebd455723af10e20231caede3d4091c9ff69d7ea4b32	05f1654b63cfaaf1efbb001cd9ec5ccb65b8e73c5c0b5f3e48e93b45f16463b3	0123af9e96b58af4e98b91a2de5608d36b63c67864b9041d3340587f3dbe40d2	cfa8dcf0d81c408de38d4202fe1ce9d9e5e301d1e67439c9530da94b1e64ee3f	7484d7b0dd80f45e18d726b04752827fe28555cc5c1af0e127948380e6688abf
semantic-proposal-v1	SC1-0a8cc68c49f235664d627a9cb04360895ae581f53b1a669f059ccae0ba63d4d0	S016234	2	P01	SYMBOLS.tsv	381587	selection_expression	x86_64	include/uapi/linux/major.h	operative_macro	PHONE_MAJOR	120	PENDING_REVIEW			vendor/linux/include/uapi/linux/major.h;vendor/linux/include/uapi/linux/major.h:120;rewrite/configs/x86_64/frozen.config;header_closure=rewrite/metadata/header_closure.tsv;selected=PENDING_REVIEW	425f94c2954b1fe80ebdbf9b29854e89750355df	3e1dbcffdc528f998e98ebd455723af10e20231caede3d4091c9ff69d7ea4b32	05f1654b63cfaaf1efbb001cd9ec5ccb65b8e73c5c0b5f3e48e93b45f16463b3	0123af9e96b58af4e98b91a2de5608d36b63c67864b9041d3340587f3dbe40d2	cfa8dcf0d81c408de38d4202fe1ce9d9e5e301d1e67439c9530da94b1e64ee3f	7484d7b0dd80f45e18d726b04752827fe28555cc5c1af0e127948380e6688abf
semantic-proposal-v1	SC1-3692c13bd64eb92223776c86e3febdfb96154270c39a72a12d9408a570cad364	S016234	2	P01	SYMBOLS.tsv	381587	status	x86_64	include/uapi/linux/major.h	operative_macro	PHONE_MAJOR	120	PENDING_REVIEW			vendor/linux/include/uapi/linux/major.h;vendor/linux/include/uapi/linux/major.h:120;rewrite/configs/x86_64/frozen.config;header_closure=rewrite/metadata/header_closure.tsv;selected=PENDING_REVIEW	425f94c2954b1fe80ebdbf9b29854e89750355df	3e1dbcffdc528f998e98ebd455723af10e20231caede3d4091c9ff69d7ea4b32	05f1654b63cfaaf1efbb001cd9ec5ccb65b8e73c5c0b5f3e48e93b45f16463b3	0123af9e96b58af4e98b91a2de5608d36b63c67864b9041d3340587f3dbe40d2	cfa8dcf0d81c408de38d4202fe1ce9d9e5e301d1e67439c9530da94b1e64ee3f	7484d7b0dd80f45e18d726b04752827fe28555cc5c1af0e127948380e6688abf
semantic-proposal-v1	SC1-bdf1cea805c2f7fc72c71721a52c729091aae47815dfc9c03a69b3725868c430	S016234	2	P01	SYMBOLS.tsv	381588	selection_expression	x86_64	include/uapi/linux/major.h	operative_macro	COMPAQ_CISS_MAJOR	122	PENDING_REVIEW			vendor/linux/include/uapi/linux/major.h;vendor/linux/include/uapi/linux/major.h:122;rewrite/configs/x86_64/frozen.config;header_closure=rewrite/metadata/header_closure.tsv;selected=PENDING_REVIEW	425f94c2954b1fe80ebdbf9b29854e89750355df	3e1dbcffdc528f998e98ebd455723af10e20231caede3d4091c9ff69d7ea4b32	05f1654b63cfaaf1efbb001cd9ec5ccb65b8e73c5c0b5f3e48e93b45f16463b3	0123af9e96b58af4e98b91a2de5608d36b63c67864b9041d3340587f3dbe40d2	cfa8dcf0d81c408de38d4202fe1ce9d9e5e301d1e67439c9530da94b1e64ee3f	7484d7b0dd80f45e18d726b04752827fe28555cc5c1af0e127948380e6688abf
semantic-proposal-v1	SC1-21a689b421f86416df5ba66388b0764bd9503e4200fe0556d2deac12ce7287b6	S016234	2	P01	SYMBOLS.tsv	381588	status	x86_64	include/uapi/linux/major.h	operative_macro	COMPAQ_CISS_MAJOR	122	PENDING_REVIEW			vendor/linux/include/uapi/linux/major.h;vendor/linux/include/uapi/linux/major.h:122;rewrite/configs/x86_64/frozen.config;header_closure=rewrite/metadata/header_closure.tsv;selected=PENDING_REVIEW	425f94c2954b1fe80ebdbf9b29854e89750355df	3e1dbcffdc528f998e98ebd455723af10e20231caede3d4091c9ff69d7ea4b32	05f1654b63cfaaf1efbb001cd9ec5ccb65b8e73c5c0b5f3e48e93b45f16463b3	0123af9e96b58af4e98b91a2de5608d36b63c67864b9041d3340587f3dbe40d2	cfa8dcf0d81c408de38d4202fe1ce9d9e5e301d1e67439c9530da94b1e64ee3f	7484d7b0dd80f45e18d726b04752827fe28555cc5c1af0e127948380e6688abf
semantic-proposal-v1	SC1-0540fba02b71ab9f9d7926baf71ff75b797e8c9d34eaf23067dc4f669ece5077	S016234	2	P01	SYMBOLS.tsv	381589	selection_expression	x86_64	include/uapi/linux/major.h	operative_macro	COMPAQ_CISS_MAJOR1	123	PENDING_REVIEW			vendor/linux/include/uapi/linux/major.h;vendor/linux/include/uapi/linux/major.h:123;rewrite/configs/x86_64/frozen.config;header_closure=rewrite/metadata/header_closure.tsv;selected=PENDING_REVIEW	425f94c2954b1fe80ebdbf9b29854e89750355df	3e1dbcffdc528f998e98ebd455723af10e20231caede3d4091c9ff69d7ea4b32	05f1654b63cfaaf1efbb001cd9ec5ccb65b8e73c5c0b5f3e48e93b45f16463b3	0123af9e96b58af4e98b91a2de5608d36b63c67864b9041d3340587f3dbe40d2	cfa8dcf0d81c408de38d4202fe1ce9d9e5e301d1e67439c9530da94b1e64ee3f	7484d7b0dd80f45e18d726b04752827fe28555cc5c1af0e127948380e6688abf
semantic-proposal-v1	SC1-41ff0c29606128bf1948ae7b57b1314e2771f45b46799e4098c76f660e311ed8	S016234	2	P01	SYMBOLS.tsv	381589	status	x86_64	include/uapi/linux/major.h	operative_macro	COMPAQ_CISS_MAJOR1	123	PENDING_REVIEW			vendor/linux/include/uapi/linux/major.h;vendor/linux/include/uapi/linux/major.h:123;rewrite/configs/x86_64/frozen.config;header_closure=rewrite/metadata/header_closure.tsv;selected=PENDING_REVIEW	425f94c2954b1fe80ebdbf9b29854e89750355df	3e1dbcffdc528f998e98ebd455723af10e20231caede3d4091c9ff69d7ea4b32	05f1654b63cfaaf1efbb001cd9ec5ccb65b8e73c5c0b5f3e48e93b45f16463b3	0123af9e96b58af4e98b91a2de5608d36b63c67864b9041d3340587f3dbe40d2	cfa8dcf0d81c408de38d4202fe1ce9d9e5e301d1e67439c9530da94b1e64ee3f	7484d7b0dd80f45e18d726b04752827fe28555cc5c1af0e127948380e6688abf
semantic-proposal-v1	SC1-0bafb77ecc001f4e35b0329dd128c0480a60bc5dbf622b8b6d6c226bd2e1fd69	S016234	2	P01	SYMBOLS.tsv	381590	selection_expression	x86_64	include/uapi/linux/major.h	operative_macro	COMPAQ_CISS_MAJOR2	124	PENDING_REVIEW			vendor/linux/include/uapi/linux/major.h;vendor/linux/include/uapi/linux/major.h:124;rewrite/configs/x86_64/frozen.config;header_closure=rewrite/metadata/header_closure.tsv;selected=PENDING_REVIEW	425f94c2954b1fe80ebdbf9b29854e89750355df	3e1dbcffdc528f998e98ebd455723af10e20231caede3d4091c9ff69d7ea4b32	05f1654b63cfaaf1efbb001cd9ec5ccb65b8e73c5c0b5f3e48e93b45f16463b3	0123af9e96b58af4e98b91a2de5608d36b63c67864b9041d3340587f3dbe40d2	cfa8dcf0d81c408de38d4202fe1ce9d9e5e301d1e67439c9530da94b1e64ee3f	7484d7b0dd80f45e18d726b04752827fe28555cc5c1af0e127948380e6688abf
semantic-proposal-v1	SC1-543ac2e2e8d9bbe6f77f7234e157bed823bd82b9345310322fb2778a1c25e79e	S016234	2	P01	SYMBOLS.tsv	381590	status	x86_64	include/uapi/linux/major.h	operative_macro	COMPAQ_CISS_MAJOR2	124	PENDING_REVIEW			vendor/linux/include/uapi/linux/major.h;vendor/linux/include/uapi/linux/major.h:124;rewrite/configs/x86_64/frozen.config;header_closure=rewrite/metadata/header_closure.tsv;selected=PENDING_REVIEW	425f94c2954b1fe80ebdbf9b29854e89750355df	3e1dbcffdc528f998e98ebd455723af10e20231caede3d4091c9ff69d7ea4b32	05f1654b63cfaaf1efbb001cd9ec5ccb65b8e73c5c0b5f3e48e93b45f16463b3	0123af9e96b58af4e98b91a2de5608d36b63c67864b9041d3340587f3dbe40d2	cfa8dcf0d81c408de38d4202fe1ce9d9e5e301d1e67439c9530da94b1e64ee3f	7484d7b0dd80f45e18d726b04752827fe28555cc5c1af0e127948380e6688abf
semantic-proposal-v1	SC1-1b204c55bf9d562ffba84c5c2400cf8b26d928855dd9d690be468c5bf0523c78	S016234	2	P01	SYMBOLS.tsv	381591	selection_expression	x86_64	include/uapi/linux/major.h	operative_macro	COMPAQ_CISS_MAJOR3	125	PENDING_REVIEW			vendor/linux/include/uapi/linux/major.h;vendor/linux/include/uapi/linux/major.h:125;rewrite/configs/x86_64/frozen.config;header_closure=rewrite/metadata/header_closure.tsv;selected=PENDING_REVIEW	425f94c2954b1fe80ebdbf9b29854e89750355df	3e1dbcffdc528f998e98ebd455723af10e20231caede3d4091c9ff69d7ea4b32	05f1654b63cfaaf1efbb001cd9ec5ccb65b8e73c5c0b5f3e48e93b45f16463b3	0123af9e96b58af4e98b91a2de5608d36b63c67864b9041d3340587f3dbe40d2	cfa8dcf0d81c408de38d4202fe1ce9d9e5e301d1e67439c9530da94b1e64ee3f	7484d7b0dd80f45e18d726b04752827fe28555cc5c1af0e127948380e6688abf
semantic-proposal-v1	SC1-86c0538850bbe354b3e97ad0a0fea0e03c3a2ab180ea43290c072015df549b85	S016234	2	P01	SYMBOLS.tsv	381591	status	x86_64	include/uapi/linux/major.h	operative_macro	COMPAQ_CISS_MAJOR3	125	PENDING_REVIEW			vendor/linux/include/uapi/linux/major.h;vendor/linux/include/uapi/linux/major.h:125;rewrite/configs/x86_64/frozen.config;header_closure=rewrite/metadata/header_closure.tsv;selected=PENDING_REVIEW	425f94c2954b1fe80ebdbf9b29854e89750355df	3e1dbcffdc528f998e98ebd455723af10e20231caede3d4091c9ff69d7ea4b32	05f1654b63cfaaf1efbb001cd9ec5ccb65b8e73c5c0b5f3e48e93b45f16463b3	0123af9e96b58af4e98b91a2de5608d36b63c67864b9041d3340587f3dbe40d2	cfa8dcf0d81c408de38d4202fe1ce9d9e5e301d1e67439c9530da94b1e64ee3f	7484d7b0dd80f45e18d726b04752827fe28555cc5c1af0e127948380e6688abf
semantic-proposal-v1	SC1-a0537789d0bfbeea4af523817a646385a6650d9c1caf94d37f151ca3c9c3905e	S016234	2	P01	SYMBOLS.tsv	381592	selection_expression	x86_64	include/uapi/linux/major.h	operative_macro	COMPAQ_CISS_MAJOR4	126	PENDING_REVIEW			vendor/linux/include/uapi/linux/major.h;vendor/linux/include/uapi/linux/major.h:126;rewrite/configs/x86_64/frozen.config;header_closure=rewrite/metadata/header_closure.tsv;selected=PENDING_REVIEW	425f94c2954b1fe80ebdbf9b29854e89750355df	3e1dbcffdc528f998e98ebd455723af10e20231caede3d4091c9ff69d7ea4b32	05f1654b63cfaaf1efbb001cd9ec5ccb65b8e73c5c0b5f3e48e93b45f16463b3	0123af9e96b58af4e98b91a2de5608d36b63c67864b9041d3340587f3dbe40d2	cfa8dcf0d81c408de38d4202fe1ce9d9e5e301d1e67439c9530da94b1e64ee3f	7484d7b0dd80f45e18d726b04752827fe28555cc5c1af0e127948380e6688abf
semantic-proposal-v1	SC1-994687b0a988a4e9972e378ddb32832a40a07dbfee8d6b9111fa1017367d4469	S016234	2	P01	SYMBOLS.tsv	381592	status	x86_64	include/uapi/linux/major.h	operative_macro	COMPAQ_CISS_MAJOR4	126	PENDING_REVIEW			vendor/linux/include/uapi/linux/major.h;vendor/linux/include/uapi/linux/major.h:126;rewrite/configs/x86_64/frozen.config;header_closure=rewrite/metadata/header_closure.tsv;selected=PENDING_REVIEW	425f94c2954b1fe80ebdbf9b29854e89750355df	3e1dbcffdc528f998e98ebd455723af10e20231caede3d4091c9ff69d7ea4b32	05f1654b63cfaaf1efbb001cd9ec5ccb65b8e73c5c0b5f3e48e93b45f16463b3	0123af9e96b58af4e98b91a2de5608d36b63c67864b9041d3340587f3dbe40d2	cfa8dcf0d81c408de38d4202fe1ce9d9e5e301d1e67439c9530da94b1e64ee3f	7484d7b0dd80f45e18d726b04752827fe28555cc5c1af0e127948380e6688abf
semantic-proposal-v1	SC1-5a02ebb095e7c4f4aee50ca2f5e4349ecf9f3cc8668163791fdaff9aff4ee320	S016234	2	P01	SYMBOLS.tsv	381593	selection_expression	x86_64	include/uapi/linux/major.h	operative_macro	COMPAQ_CISS_MAJOR5	127	PENDING_REVIEW			vendor/linux/include/uapi/linux/major.h;vendor/linux/include/uapi/linux/major.h:127;rewrite/configs/x86_64/frozen.config;header_closure=rewrite/metadata/header_closure.tsv;selected=PENDING_REVIEW	425f94c2954b1fe80ebdbf9b29854e89750355df	3e1dbcffdc528f998e98ebd455723af10e20231caede3d4091c9ff69d7ea4b32	05f1654b63cfaaf1efbb001cd9ec5ccb65b8e73c5c0b5f3e48e93b45f16463b3	0123af9e96b58af4e98b91a2de5608d36b63c67864b9041d3340587f3dbe40d2	cfa8dcf0d81c408de38d4202fe1ce9d9e5e301d1e67439c9530da94b1e64ee3f	7484d7b0dd80f45e18d726b04752827fe28555cc5c1af0e127948380e6688abf
semantic-proposal-v1	SC1-52ac73178b64bd4e750aed6ae772438594aab8659869f97eeedbe61da87d436a	S016234	2	P01	SYMBOLS.tsv	381593	status	x86_64	include/uapi/linux/major.h	operative_macro	COMPAQ_CISS_MAJOR5	127	PENDING_REVIEW			vendor/linux/include/uapi/linux/major.h;vendor/linux/include/uapi/linux/major.h:127;rewrite/configs/x86_64/frozen.config;header_closure=rewrite/metadata/header_closure.tsv;selected=PENDING_REVIEW	425f94c2954b1fe80ebdbf9b29854e89750355df	3e1dbcffdc528f998e98ebd455723af10e20231caede3d4091c9ff69d7ea4b32	05f1654b63cfaaf1efbb001cd9ec5ccb65b8e73c5c0b5f3e48e93b45f16463b3	0123af9e96b58af4e98b91a2de5608d36b63c67864b9041d3340587f3dbe40d2	cfa8dcf0d81c408de38d4202fe1ce9d9e5e301d1e67439c9530da94b1e64ee3f	7484d7b0dd80f45e18d726b04752827fe28555cc5c1af0e127948380e6688abf
semantic-proposal-v1	SC1-98f81e91e9338f48bc4c157ada7964bf15569b653de4f5b4074af4d654b019a9	S016234	2	P01	SYMBOLS.tsv	381594	selection_expression	x86_64	include/uapi/linux/major.h	operative_macro	COMPAQ_CISS_MAJOR6	128	PENDING_REVIEW			vendor/linux/include/uapi/linux/major.h;vendor/linux/include/uapi/linux/major.h:128;rewrite/configs/x86_64/frozen.config;header_closure=rewrite/metadata/header_closure.tsv;selected=PENDING_REVIEW	425f94c2954b1fe80ebdbf9b29854e89750355df	3e1dbcffdc528f998e98ebd455723af10e20231caede3d4091c9ff69d7ea4b32	05f1654b63cfaaf1efbb001cd9ec5ccb65b8e73c5c0b5f3e48e93b45f16463b3	0123af9e96b58af4e98b91a2de5608d36b63c67864b9041d3340587f3dbe40d2	cfa8dcf0d81c408de38d4202fe1ce9d9e5e301d1e67439c9530da94b1e64ee3f	7484d7b0dd80f45e18d726b04752827fe28555cc5c1af0e127948380e6688abf
semantic-proposal-v1	SC1-5ebabb3aa152d6a4228b46cde8e9ba30fa6afc6b9468dad46eb0c575ec27f5d8	S016234	2	P01	SYMBOLS.tsv	381594	status	x86_64	include/uapi/linux/major.h	operative_macro	COMPAQ_CISS_MAJOR6	128	PENDING_REVIEW			vendor/linux/include/uapi/linux/major.h;vendor/linux/include/uapi/linux/major.h:128;rewrite/configs/x86_64/frozen.config;header_closure=rewrite/metadata/header_closure.tsv;selected=PENDING_REVIEW	425f94c2954b1fe80ebdbf9b29854e89750355df	3e1dbcffdc528f998e98ebd455723af10e20231caede3d4091c9ff69d7ea4b32	05f1654b63cfaaf1efbb001cd9ec5ccb65b8e73c5c0b5f3e48e93b45f16463b3	0123af9e96b58af4e98b91a2de5608d36b63c67864b9041d3340587f3dbe40d2	cfa8dcf0d81c408de38d4202fe1ce9d9e5e301d1e67439c9530da94b1e64ee3f	7484d7b0dd80f45e18d726b04752827fe28555cc5c1af0e127948380e6688abf
semantic-proposal-v1	SC1-bd8104b87d189cc1847d89b485615151e36600a2666f59d97615ee2d9124b260	S016234	2	P01	SYMBOLS.tsv	381595	selection_expression	x86_64	include/uapi/linux/major.h	operative_macro	COMPAQ_CISS_MAJOR7	129	PENDING_REVIEW			vendor/linux/include/uapi/linux/major.h;vendor/linux/include/uapi/linux/major.h:129;rewrite/configs/x86_64/frozen.config;header_closure=rewrite/metadata/header_closure.tsv;selected=PENDING_REVIEW	425f94c2954b1fe80ebdbf9b29854e89750355df	3e1dbcffdc528f998e98ebd455723af10e20231caede3d4091c9ff69d7ea4b32	05f1654b63cfaaf1efbb001cd9ec5ccb65b8e73c5c0b5f3e48e93b45f16463b3	0123af9e96b58af4e98b91a2de5608d36b63c67864b9041d3340587f3dbe40d2	cfa8dcf0d81c408de38d4202fe1ce9d9e5e301d1e67439c9530da94b1e64ee3f	7484d7b0dd80f45e18d726b04752827fe28555cc5c1af0e127948380e6688abf
semantic-proposal-v1	SC1-783c4b6318b9c27877161c80e0cb3e3f7e268c1fced44dd760dd8014d0e324fe	S016234	2	P01	SYMBOLS.tsv	381595	status	x86_64	include/uapi/linux/major.h	operative_macro	COMPAQ_CISS_MAJOR7	129	PENDING_REVIEW			vendor/linux/include/uapi/linux/major.h;vendor/linux/include/uapi/linux/major.h:129;rewrite/configs/x86_64/frozen.config;header_closure=rewrite/metadata/header_closure.tsv;selected=PENDING_REVIEW	425f94c2954b1fe80ebdbf9b29854e89750355df	3e1dbcffdc528f998e98ebd455723af10e20231caede3d4091c9ff69d7ea4b32	05f1654b63cfaaf1efbb001cd9ec5ccb65b8e73c5c0b5f3e48e93b45f16463b3	0123af9e96b58af4e98b91a2de5608d36b63c67864b9041d3340587f3dbe40d2	cfa8dcf0d81c408de38d4202fe1ce9d9e5e301d1e67439c9530da94b1e64ee3f	7484d7b0dd80f45e18d726b04752827fe28555cc5c1af0e127948380e6688abf
semantic-proposal-v1	SC1-67cc1946f81ba0421ce51cf77f1aaf73b878b5228e7e454c5beb82860b4bf85f	S016234	2	P01	SYMBOLS.tsv	381596	selection_expression	x86_64	include/uapi/linux/major.h	operative_macro	VIODASD_MAJOR	131	PENDING_REVIEW			vendor/linux/include/uapi/linux/major.h;vendor/linux/include/uapi/linux/major.h:131;rewrite/configs/x86_64/frozen.config;header_closure=rewrite/metadata/header_closure.tsv;selected=PENDING_REVIEW	425f94c2954b1fe80ebdbf9b29854e89750355df	3e1dbcffdc528f998e98ebd455723af10e20231caede3d4091c9ff69d7ea4b32	05f1654b63cfaaf1efbb001cd9ec5ccb65b8e73c5c0b5f3e48e93b45f16463b3	0123af9e96b58af4e98b91a2de5608d36b63c67864b9041d3340587f3dbe40d2	cfa8dcf0d81c408de38d4202fe1ce9d9e5e301d1e67439c9530da94b1e64ee3f	7484d7b0dd80f45e18d726b04752827fe28555cc5c1af0e127948380e6688abf
semantic-proposal-v1	SC1-87895fae73990cbd098d7a88b0fce6251d85b8d0f82ea29182e404abd160c639	S016234	2	P01	SYMBOLS.tsv	381596	status	x86_64	include/uapi/linux/major.h	operative_macro	VIODASD_MAJOR	131	PENDING_REVIEW			vendor/linux/include/uapi/linux/major.h;vendor/linux/include/uapi/linux/major.h:131;rewrite/configs/x86_64/frozen.config;header_closure=rewrite/metadata/header_closure.tsv;selected=PENDING_REVIEW	425f94c2954b1fe80ebdbf9b29854e89750355df	3e1dbcffdc528f998e98ebd455723af10e20231caede3d4091c9ff69d7ea4b32	05f1654b63cfaaf1efbb001cd9ec5ccb65b8e73c5c0b5f3e48e93b45f16463b3	0123af9e96b58af4e98b91a2de5608d36b63c67864b9041d3340587f3dbe40d2	cfa8dcf0d81c408de38d4202fe1ce9d9e5e301d1e67439c9530da94b1e64ee3f	7484d7b0dd80f45e18d726b04752827fe28555cc5c1af0e127948380e6688abf
semantic-proposal-v1	SC1-1eb487d57eb09f9fd98841ae82d553174307de2ed3e3b7d52caadb84146c792c	S016234	2	P01	SYMBOLS.tsv	381597	selection_expression	x86_64	include/uapi/linux/major.h	operative_macro	VIOCD_MAJOR	132	PENDING_REVIEW			vendor/linux/include/uapi/linux/major.h;vendor/linux/include/uapi/linux/major.h:132;rewrite/configs/x86_64/frozen.config;header_closure=rewrite/metadata/header_closure.tsv;selected=PENDING_REVIEW	425f94c2954b1fe80ebdbf9b29854e89750355df	3e1dbcffdc528f998e98ebd455723af10e20231caede3d4091c9ff69d7ea4b32	05f1654b63cfaaf1efbb001cd9ec5ccb65b8e73c5c0b5f3e48e93b45f16463b3	0123af9e96b58af4e98b91a2de5608d36b63c67864b9041d3340587f3dbe40d2	cfa8dcf0d81c408de38d4202fe1ce9d9e5e301d1e67439c9530da94b1e64ee3f	7484d7b0dd80f45e18d726b04752827fe28555cc5c1af0e127948380e6688abf
semantic-proposal-v1	SC1-5461966a86abd0fc6de339839946567e71d18009192fe8a9db3ba8f30ed25884	S016234	2	P01	SYMBOLS.tsv	381597	status	x86_64	include/uapi/linux/major.h	operative_macro	VIOCD_MAJOR	132	PENDING_REVIEW			vendor/linux/include/uapi/linux/major.h;vendor/linux/include/uapi/linux/major.h:132;rewrite/configs/x86_64/frozen.config;header_closure=rewrite/metadata/header_closure.tsv;selected=PENDING_REVIEW	425f94c2954b1fe80ebdbf9b29854e89750355df	3e1dbcffdc528f998e98ebd455723af10e20231caede3d4091c9ff69d7ea4b32	05f1654b63cfaaf1efbb001cd9ec5ccb65b8e73c5c0b5f3e48e93b45f16463b3	0123af9e96b58af4e98b91a2de5608d36b63c67864b9041d3340587f3dbe40d2	cfa8dcf0d81c408de38d4202fe1ce9d9e5e301d1e67439c9530da94b1e64ee3f	7484d7b0dd80f45e18d726b04752827fe28555cc5c1af0e127948380e6688abf
semantic-proposal-v1	SC1-84ba5bdcf699310baa233c9ed560894134c4e98603437c3a5c3910c18cfa9b68	S016234	2	P01	SYMBOLS.tsv	381598	selection_expression	x86_64	include/uapi/linux/major.h	operative_macro	ATARAID_MAJOR	134	PENDING_REVIEW			vendor/linux/include/uapi/linux/major.h;vendor/linux/include/uapi/linux/major.h:134;rewrite/configs/x86_64/frozen.config;header_closure=rewrite/metadata/header_closure.tsv;selected=PENDING_REVIEW	425f94c2954b1fe80ebdbf9b29854e89750355df	3e1dbcffdc528f998e98ebd455723af10e20231caede3d4091c9ff69d7ea4b32	05f1654b63cfaaf1efbb001cd9ec5ccb65b8e73c5c0b5f3e48e93b45f16463b3	0123af9e96b58af4e98b91a2de5608d36b63c67864b9041d3340587f3dbe40d2	cfa8dcf0d81c408de38d4202fe1ce9d9e5e301d1e67439c9530da94b1e64ee3f	7484d7b0dd80f45e18d726b04752827fe28555cc5c1af0e127948380e6688abf
semantic-proposal-v1	SC1-438e42f2453b2551e0ddc8616b18b6d2ef4d459a1ded63d91e43259345501dc0	S016234	2	P01	SYMBOLS.tsv	381598	status	x86_64	include/uapi/linux/major.h	operative_macro	ATARAID_MAJOR	134	PENDING_REVIEW			vendor/linux/include/uapi/linux/major.h;vendor/linux/include/uapi/linux/major.h:134;rewrite/configs/x86_64/frozen.config;header_closure=rewrite/metadata/header_closure.tsv;selected=PENDING_REVIEW	425f94c2954b1fe80ebdbf9b29854e89750355df	3e1dbcffdc528f998e98ebd455723af10e20231caede3d4091c9ff69d7ea4b32	05f1654b63cfaaf1efbb001cd9ec5ccb65b8e73c5c0b5f3e48e93b45f16463b3	0123af9e96b58af4e98b91a2de5608d36b63c67864b9041d3340587f3dbe40d2	cfa8dcf0d81c408de38d4202fe1ce9d9e5e301d1e67439c9530da94b1e64ee3f	7484d7b0dd80f45e18d726b04752827fe28555cc5c1af0e127948380e6688abf
semantic-proposal-v1	SC1-a43d32c8f6a6fb02f7227905ad42aabb7230f58e1b1dc580476075c313f68ce6	S016234	2	P01	SYMBOLS.tsv	381599	selection_expression	x86_64	include/uapi/linux/major.h	operative_macro	SCSI_DISK8_MAJOR	136	PENDING_REVIEW			vendor/linux/include/uapi/linux/major.h;vendor/linux/include/uapi/linux/major.h:136;rewrite/configs/x86_64/frozen.config;header_closure=rewrite/metadata/header_closure.tsv;selected=PENDING_REVIEW	425f94c2954b1fe80ebdbf9b29854e89750355df	3e1dbcffdc528f998e98ebd455723af10e20231caede3d4091c9ff69d7ea4b32	05f1654b63cfaaf1efbb001cd9ec5ccb65b8e73c5c0b5f3e48e93b45f16463b3	0123af9e96b58af4e98b91a2de5608d36b63c67864b9041d3340587f3dbe40d2	cfa8dcf0d81c408de38d4202fe1ce9d9e5e301d1e67439c9530da94b1e64ee3f	7484d7b0dd80f45e18d726b04752827fe28555cc5c1af0e127948380e6688abf
semantic-proposal-v1	SC1-a64fd1bd899e8d304ac3ffc356cdda159e00a7cd722b7b1a137358822b1a67b1	S016234	2	P01	SYMBOLS.tsv	381599	status	x86_64	include/uapi/linux/major.h	operative_macro	SCSI_DISK8_MAJOR	136	PENDING_REVIEW			vendor/linux/include/uapi/linux/major.h;vendor/linux/include/uapi/linux/major.h:136;rewrite/configs/x86_64/frozen.config;header_closure=rewrite/metadata/header_closure.tsv;selected=PENDING_REVIEW	425f94c2954b1fe80ebdbf9b29854e89750355df	3e1dbcffdc528f998e98ebd455723af10e20231caede3d4091c9ff69d7ea4b32	05f1654b63cfaaf1efbb001cd9ec5ccb65b8e73c5c0b5f3e48e93b45f16463b3	0123af9e96b58af4e98b91a2de5608d36b63c67864b9041d3340587f3dbe40d2	cfa8dcf0d81c408de38d4202fe1ce9d9e5e301d1e67439c9530da94b1e64ee3f	7484d7b0dd80f45e18d726b04752827fe28555cc5c1af0e127948380e6688abf
semantic-proposal-v1	SC1-06b01381df68c5da70ee893ff9f3aba381932c26170dc4b3c0f41c5b2efb4c54	S016234	2	P01	SYMBOLS.tsv	381600	selection_expression	x86_64	include/uapi/linux/major.h	operative_macro	SCSI_DISK9_MAJOR	137	PENDING_REVIEW			vendor/linux/include/uapi/linux/major.h;vendor/linux/include/uapi/linux/major.h:137;rewrite/configs/x86_64/frozen.config;header_closure=rewrite/metadata/header_closure.tsv;selected=PENDING_REVIEW	425f94c2954b1fe80ebdbf9b29854e89750355df	3e1dbcffdc528f998e98ebd455723af10e20231caede3d4091c9ff69d7ea4b32	05f1654b63cfaaf1efbb001cd9ec5ccb65b8e73c5c0b5f3e48e93b45f16463b3	0123af9e96b58af4e98b91a2de5608d36b63c67864b9041d3340587f3dbe40d2	cfa8dcf0d81c408de38d4202fe1ce9d9e5e301d1e67439c9530da94b1e64ee3f	7484d7b0dd80f45e18d726b04752827fe28555cc5c1af0e127948380e6688abf
semantic-proposal-v1	SC1-558fadc58ad9b78fc33ede85479ccd1e2dc9de4694e384a39f77b39276adf1d0	S016234	2	P01	SYMBOLS.tsv	381600	status	x86_64	include/uapi/linux/major.h	operative_macro	SCSI_DISK9_MAJOR	137	PENDING_REVIEW			vendor/linux/include/uapi/linux/major.h;vendor/linux/include/uapi/linux/major.h:137;rewrite/configs/x86_64/frozen.config;header_closure=rewrite/metadata/header_closure.tsv;selected=PENDING_REVIEW	425f94c2954b1fe80ebdbf9b29854e89750355df	3e1dbcffdc528f998e98ebd455723af10e20231caede3d4091c9ff69d7ea4b32	05f1654b63cfaaf1efbb001cd9ec5ccb65b8e73c5c0b5f3e48e93b45f16463b3	0123af9e96b58af4e98b91a2de5608d36b63c67864b9041d3340587f3dbe40d2	cfa8dcf0d81c408de38d4202fe1ce9d9e5e301d1e67439c9530da94b1e64ee3f	7484d7b0dd80f45e18d726b04752827fe28555cc5c1af0e127948380e6688abf
semantic-proposal-v1	SC1-a6a6c34d191b982837cdce714428196f9cd9ccbf36c6fe1e31fb2b5cd3b8a453	S016234	2	P01	SYMBOLS.tsv	381601	selection_expression	x86_64	include/uapi/linux/major.h	operative_macro	SCSI_DISK10_MAJOR	138	PENDING_REVIEW			vendor/linux/include/uapi/linux/major.h;vendor/linux/include/uapi/linux/major.h:138;rewrite/configs/x86_64/frozen.config;header_closure=rewrite/metadata/header_closure.tsv;selected=PENDING_REVIEW	425f94c2954b1fe80ebdbf9b29854e89750355df	3e1dbcffdc528f998e98ebd455723af10e20231caede3d4091c9ff69d7ea4b32	05f1654b63cfaaf1efbb001cd9ec5ccb65b8e73c5c0b5f3e48e93b45f16463b3	0123af9e96b58af4e98b91a2de5608d36b63c67864b9041d3340587f3dbe40d2	cfa8dcf0d81c408de38d4202fe1ce9d9e5e301d1e67439c9530da94b1e64ee3f	7484d7b0dd80f45e18d726b04752827fe28555cc5c1af0e127948380e6688abf
semantic-proposal-v1	SC1-5fcf627cd637b0ec8c52405628b9158e433edd4f7a8d0132761d1e0b5ec181c6	S016234	2	P01	SYMBOLS.tsv	381601	status	x86_64	include/uapi/linux/major.h	operative_macro	SCSI_DISK10_MAJOR	138	PENDING_REVIEW			vendor/linux/include/uapi/linux/major.h;vendor/linux/include/uapi/linux/major.h:138;rewrite/configs/x86_64/frozen.config;header_closure=rewrite/metadata/header_closure.tsv;selected=PENDING_REVIEW	425f94c2954b1fe80ebdbf9b29854e89750355df	3e1dbcffdc528f998e98ebd455723af10e20231caede3d4091c9ff69d7ea4b32	05f1654b63cfaaf1efbb001cd9ec5ccb65b8e73c5c0b5f3e48e93b45f16463b3	0123af9e96b58af4e98b91a2de5608d36b63c67864b9041d3340587f3dbe40d2	cfa8dcf0d81c408de38d4202fe1ce9d9e5e301d1e67439c9530da94b1e64ee3f	7484d7b0dd80f45e18d726b04752827fe28555cc5c1af0e127948380e6688abf
semantic-proposal-v1	SC1-0b1085bca4ce47736e575a13cb404c08bd8709d2dfeb5fd19db00c9b7df8713f	S016234	2	P01	SYMBOLS.tsv	381602	selection_expression	x86_64	include/uapi/linux/major.h	operative_macro	SCSI_DISK11_MAJOR	139	PENDING_REVIEW			vendor/linux/include/uapi/linux/major.h;vendor/linux/include/uapi/linux/major.h:139;rewrite/configs/x86_64/frozen.config;header_closure=rewrite/metadata/header_closure.tsv;selected=PENDING_REVIEW	425f94c2954b1fe80ebdbf9b29854e89750355df	3e1dbcffdc528f998e98ebd455723af10e20231caede3d4091c9ff69d7ea4b32	05f1654b63cfaaf1efbb001cd9ec5ccb65b8e73c5c0b5f3e48e93b45f16463b3	0123af9e96b58af4e98b91a2de5608d36b63c67864b9041d3340587f3dbe40d2	cfa8dcf0d81c408de38d4202fe1ce9d9e5e301d1e67439c9530da94b1e64ee3f	7484d7b0dd80f45e18d726b04752827fe28555cc5c1af0e127948380e6688abf
semantic-proposal-v1	SC1-ab30dd781e5bcbb9b0195831f177a251a7a609cdd28a9d336c611f7e0c2084cb	S016234	2	P01	SYMBOLS.tsv	381602	status	x86_64	include/uapi/linux/major.h	operative_macro	SCSI_DISK11_MAJOR	139	PENDING_REVIEW			vendor/linux/include/uapi/linux/major.h;vendor/linux/include/uapi/linux/major.h:139;rewrite/configs/x86_64/frozen.config;header_closure=rewrite/metadata/header_closure.tsv;selected=PENDING_REVIEW	425f94c2954b1fe80ebdbf9b29854e89750355df	3e1dbcffdc528f998e98ebd455723af10e20231caede3d4091c9ff69d7ea4b32	05f1654b63cfaaf1efbb001cd9ec5ccb65b8e73c5c0b5f3e48e93b45f16463b3	0123af9e96b58af4e98b91a2de5608d36b63c67864b9041d3340587f3dbe40d2	cfa8dcf0d81c408de38d4202fe1ce9d9e5e301d1e67439c9530da94b1e64ee3f	7484d7b0dd80f45e18d726b04752827fe28555cc5c1af0e127948380e6688abf
semantic-proposal-v1	SC1-701d6f72ec499a9156b6e41a956bb40b2aadc99918a183eca6781e91ce3c7117	S016234	2	P01	SYMBOLS.tsv	381603	selection_expression	x86_64	include/uapi/linux/major.h	operative_macro	SCSI_DISK12_MAJOR	140	PENDING_REVIEW			vendor/linux/include/uapi/linux/major.h;vendor/linux/include/uapi/linux/major.h:140;rewrite/configs/x86_64/frozen.config;header_closure=rewrite/metadata/header_closure.tsv;selected=PENDING_REVIEW	425f94c2954b1fe80ebdbf9b29854e89750355df	3e1dbcffdc528f998e98ebd455723af10e20231caede3d4091c9ff69d7ea4b32	05f1654b63cfaaf1efbb001cd9ec5ccb65b8e73c5c0b5f3e48e93b45f16463b3	0123af9e96b58af4e98b91a2de5608d36b63c67864b9041d3340587f3dbe40d2	cfa8dcf0d81c408de38d4202fe1ce9d9e5e301d1e67439c9530da94b1e64ee3f	7484d7b0dd80f45e18d726b04752827fe28555cc5c1af0e127948380e6688abf
semantic-proposal-v1	SC1-e1ac3d61ba7efb282777edb62533247812ab99f205ee96542c97282180282a27	S016234	2	P01	SYMBOLS.tsv	381603	status	x86_64	include/uapi/linux/major.h	operative_macro	SCSI_DISK12_MAJOR	140	PENDING_REVIEW			vendor/linux/include/uapi/linux/major.h;vendor/linux/include/uapi/linux/major.h:140;rewrite/configs/x86_64/frozen.config;header_closure=rewrite/metadata/header_closure.tsv;selected=PENDING_REVIEW	425f94c2954b1fe80ebdbf9b29854e89750355df	3e1dbcffdc528f998e98ebd455723af10e20231caede3d4091c9ff69d7ea4b32	05f1654b63cfaaf1efbb001cd9ec5ccb65b8e73c5c0b5f3e48e93b45f16463b3	0123af9e96b58af4e98b91a2de5608d36b63c67864b9041d3340587f3dbe40d2	cfa8dcf0d81c408de38d4202fe1ce9d9e5e301d1e67439c9530da94b1e64ee3f	7484d7b0dd80f45e18d726b04752827fe28555cc5c1af0e127948380e6688abf
semantic-proposal-v1	SC1-ecbb9d7809c57fff7e4ed4f958d15e6bd304c8c7cec7257989a1e3d8b4152b81	S016234	2	P01	SYMBOLS.tsv	381604	selection_expression	x86_64	include/uapi/linux/major.h	operative_macro	SCSI_DISK13_MAJOR	141	PENDING_REVIEW			vendor/linux/include/uapi/linux/major.h;vendor/linux/include/uapi/linux/major.h:141;rewrite/configs/x86_64/frozen.config;header_closure=rewrite/metadata/header_closure.tsv;selected=PENDING_REVIEW	425f94c2954b1fe80ebdbf9b29854e89750355df	3e1dbcffdc528f998e98ebd455723af10e20231caede3d4091c9ff69d7ea4b32	05f1654b63cfaaf1efbb001cd9ec5ccb65b8e73c5c0b5f3e48e93b45f16463b3	0123af9e96b58af4e98b91a2de5608d36b63c67864b9041d3340587f3dbe40d2	cfa8dcf0d81c408de38d4202fe1ce9d9e5e301d1e67439c9530da94b1e64ee3f	7484d7b0dd80f45e18d726b04752827fe28555cc5c1af0e127948380e6688abf
semantic-proposal-v1	SC1-6bb131653249183db509d093be202111166df745337f6f30c401950ec7ae0c38	S016234	2	P01	SYMBOLS.tsv	381604	status	x86_64	include/uapi/linux/major.h	operative_macro	SCSI_DISK13_MAJOR	141	PENDING_REVIEW			vendor/linux/include/uapi/linux/major.h;vendor/linux/include/uapi/linux/major.h:141;rewrite/configs/x86_64/frozen.config;header_closure=rewrite/metadata/header_closure.tsv;selected=PENDING_REVIEW	425f94c2954b1fe80ebdbf9b29854e89750355df	3e1dbcffdc528f998e98ebd455723af10e20231caede3d4091c9ff69d7ea4b32	05f1654b63cfaaf1efbb001cd9ec5ccb65b8e73c5c0b5f3e48e93b45f16463b3	0123af9e96b58af4e98b91a2de5608d36b63c67864b9041d3340587f3dbe40d2	cfa8dcf0d81c408de38d4202fe1ce9d9e5e301d1e67439c9530da94b1e64ee3f	7484d7b0dd80f45e18d726b04752827fe28555cc5c1af0e127948380e6688abf
semantic-proposal-v1	SC1-1c6fdfd3a865418b8d5e7aa89b5a2554f3946e275bb3a0786fbfa84fb9cbef44	S016234	2	P01	SYMBOLS.tsv	381605	selection_expression	x86_64	include/uapi/linux/major.h	operative_macro	SCSI_DISK14_MAJOR	142	PENDING_REVIEW			vendor/linux/include/uapi/linux/major.h;vendor/linux/include/uapi/linux/major.h:142;rewrite/configs/x86_64/frozen.config;header_closure=rewrite/metadata/header_closure.tsv;selected=PENDING_REVIEW	425f94c2954b1fe80ebdbf9b29854e89750355df	3e1dbcffdc528f998e98ebd455723af10e20231caede3d4091c9ff69d7ea4b32	05f1654b63cfaaf1efbb001cd9ec5ccb65b8e73c5c0b5f3e48e93b45f16463b3	0123af9e96b58af4e98b91a2de5608d36b63c67864b9041d3340587f3dbe40d2	cfa8dcf0d81c408de38d4202fe1ce9d9e5e301d1e67439c9530da94b1e64ee3f	7484d7b0dd80f45e18d726b04752827fe28555cc5c1af0e127948380e6688abf
semantic-proposal-v1	SC1-0d4c3cc974e36623a66cf5a63e845cd982f0f50ab1eda49313450ebf3abc37c2	S016234	2	P01	SYMBOLS.tsv	381605	status	x86_64	include/uapi/linux/major.h	operative_macro	SCSI_DISK14_MAJOR	142	PENDING_REVIEW			vendor/linux/include/uapi/linux/major.h;vendor/linux/include/uapi/linux/major.h:142;rewrite/configs/x86_64/frozen.config;header_closure=rewrite/metadata/header_closure.tsv;selected=PENDING_REVIEW	425f94c2954b1fe80ebdbf9b29854e89750355df	3e1dbcffdc528f998e98ebd455723af10e20231caede3d4091c9ff69d7ea4b32	05f1654b63cfaaf1efbb001cd9ec5ccb65b8e73c5c0b5f3e48e93b45f16463b3	0123af9e96b58af4e98b91a2de5608d36b63c67864b9041d3340587f3dbe40d2	cfa8dcf0d81c408de38d4202fe1ce9d9e5e301d1e67439c9530da94b1e64ee3f	7484d7b0dd80f45e18d726b04752827fe28555cc5c1af0e127948380e6688abf
semantic-proposal-v1	SC1-ab455cebea925b026cc4fc77878233d62a059097f35a559f7edc83024ddee5dd	S016234	2	P01	SYMBOLS.tsv	381606	selection_expression	x86_64	include/uapi/linux/major.h	operative_macro	SCSI_DISK15_MAJOR	143	PENDING_REVIEW			vendor/linux/include/uapi/linux/major.h;vendor/linux/include/uapi/linux/major.h:143;rewrite/configs/x86_64/frozen.config;header_closure=rewrite/metadata/header_closure.tsv;selected=PENDING_REVIEW	425f94c2954b1fe80ebdbf9b29854e89750355df	3e1dbcffdc528f998e98ebd455723af10e20231caede3d4091c9ff69d7ea4b32	05f1654b63cfaaf1efbb001cd9ec5ccb65b8e73c5c0b5f3e48e93b45f16463b3	0123af9e96b58af4e98b91a2de5608d36b63c67864b9041d3340587f3dbe40d2	cfa8dcf0d81c408de38d4202fe1ce9d9e5e301d1e67439c9530da94b1e64ee3f	7484d7b0dd80f45e18d726b04752827fe28555cc5c1af0e127948380e6688abf
semantic-proposal-v1	SC1-c04c6eed8d86770251af9d07a51407ab924cf2617912fe20b3d519abef6eddf9	S016234	2	P01	SYMBOLS.tsv	381606	status	x86_64	include/uapi/linux/major.h	operative_macro	SCSI_DISK15_MAJOR	143	PENDING_REVIEW			vendor/linux/include/uapi/linux/major.h;vendor/linux/include/uapi/linux/major.h:143;rewrite/configs/x86_64/frozen.config;header_closure=rewrite/metadata/header_closure.tsv;selected=PENDING_REVIEW	425f94c2954b1fe80ebdbf9b29854e89750355df	3e1dbcffdc528f998e98ebd455723af10e20231caede3d4091c9ff69d7ea4b32	05f1654b63cfaaf1efbb001cd9ec5ccb65b8e73c5c0b5f3e48e93b45f16463b3	0123af9e96b58af4e98b91a2de5608d36b63c67864b9041d3340587f3dbe40d2	cfa8dcf0d81c408de38d4202fe1ce9d9e5e301d1e67439c9530da94b1e64ee3f	7484d7b0dd80f45e18d726b04752827fe28555cc5c1af0e127948380e6688abf
semantic-proposal-v1	SC1-e83c91590a3b24817574747386b5b41e0aa7b0682f80c8a96c3474ea3686f36a	S016234	2	P01	SYMBOLS.tsv	381607	selection_expression	x86_64	include/uapi/linux/major.h	operative_macro	UNIX98_PTY_MASTER_MAJOR	145	PENDING_REVIEW			vendor/linux/include/uapi/linux/major.h;vendor/linux/include/uapi/linux/major.h:145;rewrite/configs/x86_64/frozen.config;header_closure=rewrite/metadata/header_closure.tsv;selected=PENDING_REVIEW	425f94c2954b1fe80ebdbf9b29854e89750355df	3e1dbcffdc528f998e98ebd455723af10e20231caede3d4091c9ff69d7ea4b32	05f1654b63cfaaf1efbb001cd9ec5ccb65b8e73c5c0b5f3e48e93b45f16463b3	0123af9e96b58af4e98b91a2de5608d36b63c67864b9041d3340587f3dbe40d2	cfa8dcf0d81c408de38d4202fe1ce9d9e5e301d1e67439c9530da94b1e64ee3f	7484d7b0dd80f45e18d726b04752827fe28555cc5c1af0e127948380e6688abf
semantic-proposal-v1	SC1-1484c3cc91cff3686a4ab59c202bcaf2cd07873553b45ede14dfa6de88d43869	S016234	2	P01	SYMBOLS.tsv	381607	status	x86_64	include/uapi/linux/major.h	operative_macro	UNIX98_PTY_MASTER_MAJOR	145	PENDING_REVIEW			vendor/linux/include/uapi/linux/major.h;vendor/linux/include/uapi/linux/major.h:145;rewrite/configs/x86_64/frozen.config;header_closure=rewrite/metadata/header_closure.tsv;selected=PENDING_REVIEW	425f94c2954b1fe80ebdbf9b29854e89750355df	3e1dbcffdc528f998e98ebd455723af10e20231caede3d4091c9ff69d7ea4b32	05f1654b63cfaaf1efbb001cd9ec5ccb65b8e73c5c0b5f3e48e93b45f16463b3	0123af9e96b58af4e98b91a2de5608d36b63c67864b9041d3340587f3dbe40d2	cfa8dcf0d81c408de38d4202fe1ce9d9e5e301d1e67439c9530da94b1e64ee3f	7484d7b0dd80f45e18d726b04752827fe28555cc5c1af0e127948380e6688abf
semantic-proposal-v1	SC1-770bf696c929def35361381e422a5728029f099e382b351e0c8efeb9182fb3a7	S016234	2	P01	SYMBOLS.tsv	381608	selection_expression	x86_64	include/uapi/linux/major.h	operative_macro	UNIX98_PTY_MAJOR_COUNT	146	PENDING_REVIEW			vendor/linux/include/uapi/linux/major.h;vendor/linux/include/uapi/linux/major.h:146;rewrite/configs/x86_64/frozen.config;header_closure=rewrite/metadata/header_closure.tsv;selected=PENDING_REVIEW	425f94c2954b1fe80ebdbf9b29854e89750355df	3e1dbcffdc528f998e98ebd455723af10e20231caede3d4091c9ff69d7ea4b32	05f1654b63cfaaf1efbb001cd9ec5ccb65b8e73c5c0b5f3e48e93b45f16463b3	0123af9e96b58af4e98b91a2de5608d36b63c67864b9041d3340587f3dbe40d2	cfa8dcf0d81c408de38d4202fe1ce9d9e5e301d1e67439c9530da94b1e64ee3f	7484d7b0dd80f45e18d726b04752827fe28555cc5c1af0e127948380e6688abf
semantic-proposal-v1	SC1-8552cac77da81284225ee195239f8d3f0472b76b00cb8976d7c962c3a33e8e2c	S016234	2	P01	SYMBOLS.tsv	381608	status	x86_64	include/uapi/linux/major.h	operative_macro	UNIX98_PTY_MAJOR_COUNT	146	PENDING_REVIEW			vendor/linux/include/uapi/linux/major.h;vendor/linux/include/uapi/linux/major.h:146;rewrite/configs/x86_64/frozen.config;header_closure=rewrite/metadata/header_closure.tsv;selected=PENDING_REVIEW	425f94c2954b1fe80ebdbf9b29854e89750355df	3e1dbcffdc528f998e98ebd455723af10e20231caede3d4091c9ff69d7ea4b32	05f1654b63cfaaf1efbb001cd9ec5ccb65b8e73c5c0b5f3e48e93b45f16463b3	0123af9e96b58af4e98b91a2de5608d36b63c67864b9041d3340587f3dbe40d2	cfa8dcf0d81c408de38d4202fe1ce9d9e5e301d1e67439c9530da94b1e64ee3f	7484d7b0dd80f45e18d726b04752827fe28555cc5c1af0e127948380e6688abf
semantic-proposal-v1	SC1-95526247a5a6988f07d11465e1f82ad319d7f07a1f97bc37c6975454eaf39cac	S016234	2	P01	SYMBOLS.tsv	381609	selection_expression	x86_64	include/uapi/linux/major.h	operative_macro	UNIX98_PTY_SLAVE_MAJOR	147	PENDING_REVIEW			vendor/linux/include/uapi/linux/major.h;vendor/linux/include/uapi/linux/major.h:147;rewrite/configs/x86_64/frozen.config;header_closure=rewrite/metadata/header_closure.tsv;selected=PENDING_REVIEW	425f94c2954b1fe80ebdbf9b29854e89750355df	3e1dbcffdc528f998e98ebd455723af10e20231caede3d4091c9ff69d7ea4b32	05f1654b63cfaaf1efbb001cd9ec5ccb65b8e73c5c0b5f3e48e93b45f16463b3	0123af9e96b58af4e98b91a2de5608d36b63c67864b9041d3340587f3dbe40d2	cfa8dcf0d81c408de38d4202fe1ce9d9e5e301d1e67439c9530da94b1e64ee3f	7484d7b0dd80f45e18d726b04752827fe28555cc5c1af0e127948380e6688abf
semantic-proposal-v1	SC1-c80c4eebf75e0ac76e38bf15c743fd7bb84a90d2340d6cf8dc067b0a81cfff8e	S016234	2	P01	SYMBOLS.tsv	381609	status	x86_64	include/uapi/linux/major.h	operative_macro	UNIX98_PTY_SLAVE_MAJOR	147	PENDING_REVIEW			vendor/linux/include/uapi/linux/major.h;vendor/linux/include/uapi/linux/major.h:147;rewrite/configs/x86_64/frozen.config;header_closure=rewrite/metadata/header_closure.tsv;selected=PENDING_REVIEW	425f94c2954b1fe80ebdbf9b29854e89750355df	3e1dbcffdc528f998e98ebd455723af10e20231caede3d4091c9ff69d7ea4b32	05f1654b63cfaaf1efbb001cd9ec5ccb65b8e73c5c0b5f3e48e93b45f16463b3	0123af9e96b58af4e98b91a2de5608d36b63c67864b9041d3340587f3dbe40d2	cfa8dcf0d81c408de38d4202fe1ce9d9e5e301d1e67439c9530da94b1e64ee3f	7484d7b0dd80f45e18d726b04752827fe28555cc5c1af0e127948380e6688abf
semantic-proposal-v1	SC1-816542a68e8442cd93061f67f066634e877f82bc92d60c3d5d72bdce1f2d1d57	S016234	2	P01	SYMBOLS.tsv	381610	selection_expression	x86_64	include/uapi/linux/major.h	operative_macro	DRBD_MAJOR	149	PENDING_REVIEW			vendor/linux/include/uapi/linux/major.h;vendor/linux/include/uapi/linux/major.h:149;rewrite/configs/x86_64/frozen.config;header_closure=rewrite/metadata/header_closure.tsv;selected=PENDING_REVIEW	425f94c2954b1fe80ebdbf9b29854e89750355df	3e1dbcffdc528f998e98ebd455723af10e20231caede3d4091c9ff69d7ea4b32	05f1654b63cfaaf1efbb001cd9ec5ccb65b8e73c5c0b5f3e48e93b45f16463b3	0123af9e96b58af4e98b91a2de5608d36b63c67864b9041d3340587f3dbe40d2	cfa8dcf0d81c408de38d4202fe1ce9d9e5e301d1e67439c9530da94b1e64ee3f	7484d7b0dd80f45e18d726b04752827fe28555cc5c1af0e127948380e6688abf
semantic-proposal-v1	SC1-4a88baf95c6ee881419a2db395174c98d3071f164e0a5b061b689f0bb01006a1	S016234	2	P01	SYMBOLS.tsv	381610	status	x86_64	include/uapi/linux/major.h	operative_macro	DRBD_MAJOR	149	PENDING_REVIEW			vendor/linux/include/uapi/linux/major.h;vendor/linux/include/uapi/linux/major.h:149;rewrite/configs/x86_64/frozen.config;header_closure=rewrite/metadata/header_closure.tsv;selected=PENDING_REVIEW	425f94c2954b1fe80ebdbf9b29854e89750355df	3e1dbcffdc528f998e98ebd455723af10e20231caede3d4091c9ff69d7ea4b32	05f1654b63cfaaf1efbb001cd9ec5ccb65b8e73c5c0b5f3e48e93b45f16463b3	0123af9e96b58af4e98b91a2de5608d36b63c67864b9041d3340587f3dbe40d2	cfa8dcf0d81c408de38d4202fe1ce9d9e5e301d1e67439c9530da94b1e64ee3f	7484d7b0dd80f45e18d726b04752827fe28555cc5c1af0e127948380e6688abf
semantic-proposal-v1	SC1-ead05557fc913240b66cf1aa7e09e4872e75744b03272def2ed4324e073e6785	S016234	2	P01	SYMBOLS.tsv	381611	selection_expression	x86_64	include/uapi/linux/major.h	operative_macro	RTF_MAJOR	150	PENDING_REVIEW			vendor/linux/include/uapi/linux/major.h;vendor/linux/include/uapi/linux/major.h:150;rewrite/configs/x86_64/frozen.config;header_closure=rewrite/metadata/header_closure.tsv;selected=PENDING_REVIEW	425f94c2954b1fe80ebdbf9b29854e89750355df	3e1dbcffdc528f998e98ebd455723af10e20231caede3d4091c9ff69d7ea4b32	05f1654b63cfaaf1efbb001cd9ec5ccb65b8e73c5c0b5f3e48e93b45f16463b3	0123af9e96b58af4e98b91a2de5608d36b63c67864b9041d3340587f3dbe40d2	cfa8dcf0d81c408de38d4202fe1ce9d9e5e301d1e67439c9530da94b1e64ee3f	7484d7b0dd80f45e18d726b04752827fe28555cc5c1af0e127948380e6688abf
semantic-proposal-v1	SC1-547963312e9fbc4697aeba7708c5a7480fc95ac688613a0c331b0cc7c4619d30	S016234	2	P01	SYMBOLS.tsv	381611	status	x86_64	include/uapi/linux/major.h	operative_macro	RTF_MAJOR	150	PENDING_REVIEW			vendor/linux/include/uapi/linux/major.h;vendor/linux/include/uapi/linux/major.h:150;rewrite/configs/x86_64/frozen.config;header_closure=rewrite/metadata/header_closure.tsv;selected=PENDING_REVIEW	425f94c2954b1fe80ebdbf9b29854e89750355df	3e1dbcffdc528f998e98ebd455723af10e20231caede3d4091c9ff69d7ea4b32	05f1654b63cfaaf1efbb001cd9ec5ccb65b8e73c5c0b5f3e48e93b45f16463b3	0123af9e96b58af4e98b91a2de5608d36b63c67864b9041d3340587f3dbe40d2	cfa8dcf0d81c408de38d4202fe1ce9d9e5e301d1e67439c9530da94b1e64ee3f	7484d7b0dd80f45e18d726b04752827fe28555cc5c1af0e127948380e6688abf
semantic-proposal-v1	SC1-34e48896fc8a6147826eecbe1a2bbac3d0bdf8dfa2793996576b40e495778f8f	S016234	2	P01	SYMBOLS.tsv	381612	selection_expression	x86_64	include/uapi/linux/major.h	operative_macro	RAW_MAJOR	151	PENDING_REVIEW			vendor/linux/include/uapi/linux/major.h;vendor/linux/include/uapi/linux/major.h:151;rewrite/configs/x86_64/frozen.config;header_closure=rewrite/metadata/header_closure.tsv;selected=PENDING_REVIEW	425f94c2954b1fe80ebdbf9b29854e89750355df	3e1dbcffdc528f998e98ebd455723af10e20231caede3d4091c9ff69d7ea4b32	05f1654b63cfaaf1efbb001cd9ec5ccb65b8e73c5c0b5f3e48e93b45f16463b3	0123af9e96b58af4e98b91a2de5608d36b63c67864b9041d3340587f3dbe40d2	cfa8dcf0d81c408de38d4202fe1ce9d9e5e301d1e67439c9530da94b1e64ee3f	7484d7b0dd80f45e18d726b04752827fe28555cc5c1af0e127948380e6688abf
semantic-proposal-v1	SC1-166eec657098910944c7165f6bee37a1e26e18a79c4ea3e50ae874b36eaee568	S016234	2	P01	SYMBOLS.tsv	381612	status	x86_64	include/uapi/linux/major.h	operative_macro	RAW_MAJOR	151	PENDING_REVIEW			vendor/linux/include/uapi/linux/major.h;vendor/linux/include/uapi/linux/major.h:151;rewrite/configs/x86_64/frozen.config;header_closure=rewrite/metadata/header_closure.tsv;selected=PENDING_REVIEW	425f94c2954b1fe80ebdbf9b29854e89750355df	3e1dbcffdc528f998e98ebd455723af10e20231caede3d4091c9ff69d7ea4b32	05f1654b63cfaaf1efbb001cd9ec5ccb65b8e73c5c0b5f3e48e93b45f16463b3	0123af9e96b58af4e98b91a2de5608d36b63c67864b9041d3340587f3dbe40d2	cfa8dcf0d81c408de38d4202fe1ce9d9e5e301d1e67439c9530da94b1e64ee3f	7484d7b0dd80f45e18d726b04752827fe28555cc5c1af0e127948380e6688abf
semantic-proposal-v1	SC1-9de3ecb19a6f022e82229e57c7bb179a6d91ebe3871dacb175f277067cebfc5f	S016234	2	P01	SYMBOLS.tsv	381613	selection_expression	x86_64	include/uapi/linux/major.h	operative_macro	USB_ACM_MAJOR	153	PENDING_REVIEW			vendor/linux/include/uapi/linux/major.h;vendor/linux/include/uapi/linux/major.h:153;rewrite/configs/x86_64/frozen.config;header_closure=rewrite/metadata/header_closure.tsv;selected=PENDING_REVIEW	425f94c2954b1fe80ebdbf9b29854e89750355df	3e1dbcffdc528f998e98ebd455723af10e20231caede3d4091c9ff69d7ea4b32	05f1654b63cfaaf1efbb001cd9ec5ccb65b8e73c5c0b5f3e48e93b45f16463b3	0123af9e96b58af4e98b91a2de5608d36b63c67864b9041d3340587f3dbe40d2	cfa8dcf0d81c408de38d4202fe1ce9d9e5e301d1e67439c9530da94b1e64ee3f	7484d7b0dd80f45e18d726b04752827fe28555cc5c1af0e127948380e6688abf
semantic-proposal-v1	SC1-37036c2df9ea0bd6a9283ca6a08fdb4b1430a49c09403598302b748d42e488a1	S016234	2	P01	SYMBOLS.tsv	381613	status	x86_64	include/uapi/linux/major.h	operative_macro	USB_ACM_MAJOR	153	PENDING_REVIEW			vendor/linux/include/uapi/linux/major.h;vendor/linux/include/uapi/linux/major.h:153;rewrite/configs/x86_64/frozen.config;header_closure=rewrite/metadata/header_closure.tsv;selected=PENDING_REVIEW	425f94c2954b1fe80ebdbf9b29854e89750355df	3e1dbcffdc528f998e98ebd455723af10e20231caede3d4091c9ff69d7ea4b32	05f1654b63cfaaf1efbb001cd9ec5ccb65b8e73c5c0b5f3e48e93b45f16463b3	0123af9e96b58af4e98b91a2de5608d36b63c67864b9041d3340587f3dbe40d2	cfa8dcf0d81c408de38d4202fe1ce9d9e5e301d1e67439c9530da94b1e64ee3f	7484d7b0dd80f45e18d726b04752827fe28555cc5c1af0e127948380e6688abf
semantic-proposal-v1	SC1-3cfc3f751af4182d6c2b3320c4d89deb8b3cff4ed2961c6d87f6e474da52326b	S016234	2	P01	SYMBOLS.tsv	381614	selection_expression	x86_64	include/uapi/linux/major.h	operative_macro	USB_ACM_AUX_MAJOR	154	PENDING_REVIEW			vendor/linux/include/uapi/linux/major.h;vendor/linux/include/uapi/linux/major.h:154;rewrite/configs/x86_64/frozen.config;header_closure=rewrite/metadata/header_closure.tsv;selected=PENDING_REVIEW	425f94c2954b1fe80ebdbf9b29854e89750355df	3e1dbcffdc528f998e98ebd455723af10e20231caede3d4091c9ff69d7ea4b32	05f1654b63cfaaf1efbb001cd9ec5ccb65b8e73c5c0b5f3e48e93b45f16463b3	0123af9e96b58af4e98b91a2de5608d36b63c67864b9041d3340587f3dbe40d2	cfa8dcf0d81c408de38d4202fe1ce9d9e5e301d1e67439c9530da94b1e64ee3f	7484d7b0dd80f45e18d726b04752827fe28555cc5c1af0e127948380e6688abf
semantic-proposal-v1	SC1-b4013324afc55fdf568a9ffc573bc07398e537a624ab3fd973913a0c15c8893d	S016234	2	P01	SYMBOLS.tsv	381614	status	x86_64	include/uapi/linux/major.h	operative_macro	USB_ACM_AUX_MAJOR	154	PENDING_REVIEW			vendor/linux/include/uapi/linux/major.h;vendor/linux/include/uapi/linux/major.h:154;rewrite/configs/x86_64/frozen.config;header_closure=rewrite/metadata/header_closure.tsv;selected=PENDING_REVIEW	425f94c2954b1fe80ebdbf9b29854e89750355df	3e1dbcffdc528f998e98ebd455723af10e20231caede3d4091c9ff69d7ea4b32	05f1654b63cfaaf1efbb001cd9ec5ccb65b8e73c5c0b5f3e48e93b45f16463b3	0123af9e96b58af4e98b91a2de5608d36b63c67864b9041d3340587f3dbe40d2	cfa8dcf0d81c408de38d4202fe1ce9d9e5e301d1e67439c9530da94b1e64ee3f	7484d7b0dd80f45e18d726b04752827fe28555cc5c1af0e127948380e6688abf
semantic-proposal-v1	SC1-b8baf5a299f17c3e0508d53afe4b647b6a1cc4d570517b57efb9e857a6c8fd06	S016234	2	P01	SYMBOLS.tsv	381615	selection_expression	x86_64	include/uapi/linux/major.h	operative_macro	USB_CHAR_MAJOR	155	PENDING_REVIEW			vendor/linux/include/uapi/linux/major.h;vendor/linux/include/uapi/linux/major.h:155;rewrite/configs/x86_64/frozen.config;header_closure=rewrite/metadata/header_closure.tsv;selected=PENDING_REVIEW	425f94c2954b1fe80ebdbf9b29854e89750355df	3e1dbcffdc528f998e98ebd455723af10e20231caede3d4091c9ff69d7ea4b32	05f1654b63cfaaf1efbb001cd9ec5ccb65b8e73c5c0b5f3e48e93b45f16463b3	0123af9e96b58af4e98b91a2de5608d36b63c67864b9041d3340587f3dbe40d2	cfa8dcf0d81c408de38d4202fe1ce9d9e5e301d1e67439c9530da94b1e64ee3f	7484d7b0dd80f45e18d726b04752827fe28555cc5c1af0e127948380e6688abf
semantic-proposal-v1	SC1-a2235594db54c646633ea6e9426e35c52c64731719e0d55082ff00bbfa481950	S016234	2	P01	SYMBOLS.tsv	381615	status	x86_64	include/uapi/linux/major.h	operative_macro	USB_CHAR_MAJOR	155	PENDING_REVIEW			vendor/linux/include/uapi/linux/major.h;vendor/linux/include/uapi/linux/major.h:155;rewrite/configs/x86_64/frozen.config;header_closure=rewrite/metadata/header_closure.tsv;selected=PENDING_REVIEW	425f94c2954b1fe80ebdbf9b29854e89750355df	3e1dbcffdc528f998e98ebd455723af10e20231caede3d4091c9ff69d7ea4b32	05f1654b63cfaaf1efbb001cd9ec5ccb65b8e73c5c0b5f3e48e93b45f16463b3	0123af9e96b58af4e98b91a2de5608d36b63c67864b9041d3340587f3dbe40d2	cfa8dcf0d81c408de38d4202fe1ce9d9e5e301d1e67439c9530da94b1e64ee3f	7484d7b0dd80f45e18d726b04752827fe28555cc5c1af0e127948380e6688abf
semantic-proposal-v1	SC1-4c73d4c381c09c58a0d2a417bf1f817904f918b276ad02979ddc7b952c37382e	S016234	2	P01	SYMBOLS.tsv	381616	selection_expression	x86_64	include/uapi/linux/major.h	operative_macro	MMC_BLOCK_MAJOR	157	PENDING_REVIEW			vendor/linux/include/uapi/linux/major.h;vendor/linux/include/uapi/linux/major.h:157;rewrite/configs/x86_64/frozen.config;header_closure=rewrite/metadata/header_closure.tsv;selected=PENDING_REVIEW	425f94c2954b1fe80ebdbf9b29854e89750355df	3e1dbcffdc528f998e98ebd455723af10e20231caede3d4091c9ff69d7ea4b32	05f1654b63cfaaf1efbb001cd9ec5ccb65b8e73c5c0b5f3e48e93b45f16463b3	0123af9e96b58af4e98b91a2de5608d36b63c67864b9041d3340587f3dbe40d2	cfa8dcf0d81c408de38d4202fe1ce9d9e5e301d1e67439c9530da94b1e64ee3f	7484d7b0dd80f45e18d726b04752827fe28555cc5c1af0e127948380e6688abf
semantic-proposal-v1	SC1-73b7554fc8ac4012826f2331f40959016873847151b17a821b18041a4a962025	S016234	2	P01	SYMBOLS.tsv	381616	status	x86_64	include/uapi/linux/major.h	operative_macro	MMC_BLOCK_MAJOR	157	PENDING_REVIEW			vendor/linux/include/uapi/linux/major.h;vendor/linux/include/uapi/linux/major.h:157;rewrite/configs/x86_64/frozen.config;header_closure=rewrite/metadata/header_closure.tsv;selected=PENDING_REVIEW	425f94c2954b1fe80ebdbf9b29854e89750355df	3e1dbcffdc528f998e98ebd455723af10e20231caede3d4091c9ff69d7ea4b32	05f1654b63cfaaf1efbb001cd9ec5ccb65b8e73c5c0b5f3e48e93b45f16463b3	0123af9e96b58af4e98b91a2de5608d36b63c67864b9041d3340587f3dbe40d2	cfa8dcf0d81c408de38d4202fe1ce9d9e5e301d1e67439c9530da94b1e64ee3f	7484d7b0dd80f45e18d726b04752827fe28555cc5c1af0e127948380e6688abf
semantic-proposal-v1	SC1-e540e6823f40a16d3989ee4e0f8da6cf188560c7a6130f3e6610d7e8cfd9c3af	S016234	2	P01	SYMBOLS.tsv	381617	selection_expression	x86_64	include/uapi/linux/major.h	operative_macro	VXVM_MAJOR	159	PENDING_REVIEW			vendor/linux/include/uapi/linux/major.h;vendor/linux/include/uapi/linux/major.h:159;rewrite/configs/x86_64/frozen.config;header_closure=rewrite/metadata/header_closure.tsv;selected=PENDING_REVIEW	425f94c2954b1fe80ebdbf9b29854e89750355df	3e1dbcffdc528f998e98ebd455723af10e20231caede3d4091c9ff69d7ea4b32	05f1654b63cfaaf1efbb001cd9ec5ccb65b8e73c5c0b5f3e48e93b45f16463b3	0123af9e96b58af4e98b91a2de5608d36b63c67864b9041d3340587f3dbe40d2	cfa8dcf0d81c408de38d4202fe1ce9d9e5e301d1e67439c9530da94b1e64ee3f	7484d7b0dd80f45e18d726b04752827fe28555cc5c1af0e127948380e6688abf
semantic-proposal-v1	SC1-92aec399870e56f3782aa2e9a954a9f65f3ff1c8ca760eea5a8b0d480992b7d8	S016234	2	P01	SYMBOLS.tsv	381617	status	x86_64	include/uapi/linux/major.h	operative_macro	VXVM_MAJOR	159	PENDING_REVIEW			vendor/linux/include/uapi/linux/major.h;vendor/linux/include/uapi/linux/major.h:159;rewrite/configs/x86_64/frozen.config;header_closure=rewrite/metadata/header_closure.tsv;selected=PENDING_REVIEW	425f94c2954b1fe80ebdbf9b29854e89750355df	3e1dbcffdc528f998e98ebd455723af10e20231caede3d4091c9ff69d7ea4b32	05f1654b63cfaaf1efbb001cd9ec5ccb65b8e73c5c0b5f3e48e93b45f16463b3	0123af9e96b58af4e98b91a2de5608d36b63c67864b9041d3340587f3dbe40d2	cfa8dcf0d81c408de38d4202fe1ce9d9e5e301d1e67439c9530da94b1e64ee3f	7484d7b0dd80f45e18d726b04752827fe28555cc5c1af0e127948380e6688abf
semantic-proposal-v1	SC1-5ff0f739a2af776fac3b16dbbc7172b66fc0161519285fc626b19ac64e1e2a4e	S016234	2	P01	SYMBOLS.tsv	381618	selection_expression	x86_64	include/uapi/linux/major.h	operative_macro	VXSPEC_MAJOR	160	PENDING_REVIEW			vendor/linux/include/uapi/linux/major.h;vendor/linux/include/uapi/linux/major.h:160;rewrite/configs/x86_64/frozen.config;header_closure=rewrite/metadata/header_closure.tsv;selected=PENDING_REVIEW	425f94c2954b1fe80ebdbf9b29854e89750355df	3e1dbcffdc528f998e98ebd455723af10e20231caede3d4091c9ff69d7ea4b32	05f1654b63cfaaf1efbb001cd9ec5ccb65b8e73c5c0b5f3e48e93b45f16463b3	0123af9e96b58af4e98b91a2de5608d36b63c67864b9041d3340587f3dbe40d2	cfa8dcf0d81c408de38d4202fe1ce9d9e5e301d1e67439c9530da94b1e64ee3f	7484d7b0dd80f45e18d726b04752827fe28555cc5c1af0e127948380e6688abf
semantic-proposal-v1	SC1-c7b19e5aab26767a1b325273fc9854ccc514d8efe9cc7eb0881298c229cfabb7	S016234	2	P01	SYMBOLS.tsv	381618	status	x86_64	include/uapi/linux/major.h	operative_macro	VXSPEC_MAJOR	160	PENDING_REVIEW			vendor/linux/include/uapi/linux/major.h;vendor/linux/include/uapi/linux/major.h:160;rewrite/configs/x86_64/frozen.config;header_closure=rewrite/metadata/header_closure.tsv;selected=PENDING_REVIEW	425f94c2954b1fe80ebdbf9b29854e89750355df	3e1dbcffdc528f998e98ebd455723af10e20231caede3d4091c9ff69d7ea4b32	05f1654b63cfaaf1efbb001cd9ec5ccb65b8e73c5c0b5f3e48e93b45f16463b3	0123af9e96b58af4e98b91a2de5608d36b63c67864b9041d3340587f3dbe40d2	cfa8dcf0d81c408de38d4202fe1ce9d9e5e301d1e67439c9530da94b1e64ee3f	7484d7b0dd80f45e18d726b04752827fe28555cc5c1af0e127948380e6688abf
semantic-proposal-v1	SC1-82350ec29d61293c2100422ce3ddca1d0097799407c1a8e741b5bf475302f294	S016234	2	P01	SYMBOLS.tsv	381619	selection_expression	x86_64	include/uapi/linux/major.h	operative_macro	VXDMP_MAJOR	161	PENDING_REVIEW			vendor/linux/include/uapi/linux/major.h;vendor/linux/include/uapi/linux/major.h:161;rewrite/configs/x86_64/frozen.config;header_closure=rewrite/metadata/header_closure.tsv;selected=PENDING_REVIEW	425f94c2954b1fe80ebdbf9b29854e89750355df	3e1dbcffdc528f998e98ebd455723af10e20231caede3d4091c9ff69d7ea4b32	05f1654b63cfaaf1efbb001cd9ec5ccb65b8e73c5c0b5f3e48e93b45f16463b3	0123af9e96b58af4e98b91a2de5608d36b63c67864b9041d3340587f3dbe40d2	cfa8dcf0d81c408de38d4202fe1ce9d9e5e301d1e67439c9530da94b1e64ee3f	7484d7b0dd80f45e18d726b04752827fe28555cc5c1af0e127948380e6688abf
semantic-proposal-v1	SC1-5649fc1bc5769f1670667ab8076ed92ec231859d2e254a3e89d2c6b82000042d	S016234	2	P01	SYMBOLS.tsv	381619	status	x86_64	include/uapi/linux/major.h	operative_macro	VXDMP_MAJOR	161	PENDING_REVIEW			vendor/linux/include/uapi/linux/major.h;vendor/linux/include/uapi/linux/major.h:161;rewrite/configs/x86_64/frozen.config;header_closure=rewrite/metadata/header_closure.tsv;selected=PENDING_REVIEW	425f94c2954b1fe80ebdbf9b29854e89750355df	3e1dbcffdc528f998e98ebd455723af10e20231caede3d4091c9ff69d7ea4b32	05f1654b63cfaaf1efbb001cd9ec5ccb65b8e73c5c0b5f3e48e93b45f16463b3	0123af9e96b58af4e98b91a2de5608d36b63c67864b9041d3340587f3dbe40d2	cfa8dcf0d81c408de38d4202fe1ce9d9e5e301d1e67439c9530da94b1e64ee3f	7484d7b0dd80f45e18d726b04752827fe28555cc5c1af0e127948380e6688abf
semantic-proposal-v1	SC1-39b8061132592f1e42a34d3a27e73f8b4c101e63b21bf74f636d481cb6d713c5	S016234	2	P01	SYMBOLS.tsv	381620	selection_expression	x86_64	include/uapi/linux/major.h	operative_macro	XENVBD_MAJOR	163	PENDING_REVIEW			vendor/linux/include/uapi/linux/major.h;vendor/linux/include/uapi/linux/major.h:163;rewrite/configs/x86_64/frozen.config;header_closure=rewrite/metadata/header_closure.tsv;selected=PENDING_REVIEW	425f94c2954b1fe80ebdbf9b29854e89750355df	3e1dbcffdc528f998e98ebd455723af10e20231caede3d4091c9ff69d7ea4b32	05f1654b63cfaaf1efbb001cd9ec5ccb65b8e73c5c0b5f3e48e93b45f16463b3	0123af9e96b58af4e98b91a2de5608d36b63c67864b9041d3340587f3dbe40d2	cfa8dcf0d81c408de38d4202fe1ce9d9e5e301d1e67439c9530da94b1e64ee3f	7484d7b0dd80f45e18d726b04752827fe28555cc5c1af0e127948380e6688abf
semantic-proposal-v1	SC1-d19a4e3ac55dc76cf699b625f9e95fbd4c6f3a1473a37b16d68cca18a0958bf4	S016234	2	P01	SYMBOLS.tsv	381620	status	x86_64	include/uapi/linux/major.h	operative_macro	XENVBD_MAJOR	163	PENDING_REVIEW			vendor/linux/include/uapi/linux/major.h;vendor/linux/include/uapi/linux/major.h:163;rewrite/configs/x86_64/frozen.config;header_closure=rewrite/metadata/header_closure.tsv;selected=PENDING_REVIEW	425f94c2954b1fe80ebdbf9b29854e89750355df	3e1dbcffdc528f998e98ebd455723af10e20231caede3d4091c9ff69d7ea4b32	05f1654b63cfaaf1efbb001cd9ec5ccb65b8e73c5c0b5f3e48e93b45f16463b3	0123af9e96b58af4e98b91a2de5608d36b63c67864b9041d3340587f3dbe40d2	cfa8dcf0d81c408de38d4202fe1ce9d9e5e301d1e67439c9530da94b1e64ee3f	7484d7b0dd80f45e18d726b04752827fe28555cc5c1af0e127948380e6688abf
semantic-proposal-v1	SC1-8ac27f0eec6a0bbde8c12afac486f7b538e91c71994a0bc51119ce5dad5764fa	S016234	2	P01	SYMBOLS.tsv	381621	selection_expression	x86_64	include/uapi/linux/major.h	operative_macro	MSR_MAJOR	165	PENDING_REVIEW			vendor/linux/include/uapi/linux/major.h;vendor/linux/include/uapi/linux/major.h:165;rewrite/configs/x86_64/frozen.config;header_closure=rewrite/metadata/header_closure.tsv;selected=PENDING_REVIEW	425f94c2954b1fe80ebdbf9b29854e89750355df	3e1dbcffdc528f998e98ebd455723af10e20231caede3d4091c9ff69d7ea4b32	05f1654b63cfaaf1efbb001cd9ec5ccb65b8e73c5c0b5f3e48e93b45f16463b3	0123af9e96b58af4e98b91a2de5608d36b63c67864b9041d3340587f3dbe40d2	cfa8dcf0d81c408de38d4202fe1ce9d9e5e301d1e67439c9530da94b1e64ee3f	7484d7b0dd80f45e18d726b04752827fe28555cc5c1af0e127948380e6688abf
semantic-proposal-v1	SC1-765d733d8cf528b4910a6eace958254931728f5c4cd4a89cad029a90a59eed0b	S016234	2	P01	SYMBOLS.tsv	381621	status	x86_64	include/uapi/linux/major.h	operative_macro	MSR_MAJOR	165	PENDING_REVIEW			vendor/linux/include/uapi/linux/major.h;vendor/linux/include/uapi/linux/major.h:165;rewrite/configs/x86_64/frozen.config;header_closure=rewrite/metadata/header_closure.tsv;selected=PENDING_REVIEW	425f94c2954b1fe80ebdbf9b29854e89750355df	3e1dbcffdc528f998e98ebd455723af10e20231caede3d4091c9ff69d7ea4b32	05f1654b63cfaaf1efbb001cd9ec5ccb65b8e73c5c0b5f3e48e93b45f16463b3	0123af9e96b58af4e98b91a2de5608d36b63c67864b9041d3340587f3dbe40d2	cfa8dcf0d81c408de38d4202fe1ce9d9e5e301d1e67439c9530da94b1e64ee3f	7484d7b0dd80f45e18d726b04752827fe28555cc5c1af0e127948380e6688abf
semantic-proposal-v1	SC1-5257b21dcc5cbb2325f1b2a4f8c88d5c92c1f47a2c529099cb0e9049cd2032c5	S016234	2	P01	SYMBOLS.tsv	381622	selection_expression	x86_64	include/uapi/linux/major.h	operative_macro	CPUID_MAJOR	166	PENDING_REVIEW			vendor/linux/include/uapi/linux/major.h;vendor/linux/include/uapi/linux/major.h:166;rewrite/configs/x86_64/frozen.config;header_closure=rewrite/metadata/header_closure.tsv;selected=PENDING_REVIEW	425f94c2954b1fe80ebdbf9b29854e89750355df	3e1dbcffdc528f998e98ebd455723af10e20231caede3d4091c9ff69d7ea4b32	05f1654b63cfaaf1efbb001cd9ec5ccb65b8e73c5c0b5f3e48e93b45f16463b3	0123af9e96b58af4e98b91a2de5608d36b63c67864b9041d3340587f3dbe40d2	cfa8dcf0d81c408de38d4202fe1ce9d9e5e301d1e67439c9530da94b1e64ee3f	7484d7b0dd80f45e18d726b04752827fe28555cc5c1af0e127948380e6688abf
semantic-proposal-v1	SC1-41e9ab3636061a61cadd82a2a9dacf8e4d966b44594c4a25202d3f8cb9e391a8	S016234	2	P01	SYMBOLS.tsv	381622	status	x86_64	include/uapi/linux/major.h	operative_macro	CPUID_MAJOR	166	PENDING_REVIEW			vendor/linux/include/uapi/linux/major.h;vendor/linux/include/uapi/linux/major.h:166;rewrite/configs/x86_64/frozen.config;header_closure=rewrite/metadata/header_closure.tsv;selected=PENDING_REVIEW	425f94c2954b1fe80ebdbf9b29854e89750355df	3e1dbcffdc528f998e98ebd455723af10e20231caede3d4091c9ff69d7ea4b32	05f1654b63cfaaf1efbb001cd9ec5ccb65b8e73c5c0b5f3e48e93b45f16463b3	0123af9e96b58af4e98b91a2de5608d36b63c67864b9041d3340587f3dbe40d2	cfa8dcf0d81c408de38d4202fe1ce9d9e5e301d1e67439c9530da94b1e64ee3f	7484d7b0dd80f45e18d726b04752827fe28555cc5c1af0e127948380e6688abf
semantic-proposal-v1	SC1-3d3cad50be8afe2814455abbf0848703f366eb1b82c877b4f2c1ff74e53654ba	S016234	2	P01	SYMBOLS.tsv	381623	selection_expression	x86_64	include/uapi/linux/major.h	operative_macro	OSST_MAJOR	168	PENDING_REVIEW			vendor/linux/include/uapi/linux/major.h;vendor/linux/include/uapi/linux/major.h:168;rewrite/configs/x86_64/frozen.config;header_closure=rewrite/metadata/header_closure.tsv;selected=PENDING_REVIEW	425f94c2954b1fe80ebdbf9b29854e89750355df	3e1dbcffdc528f998e98ebd455723af10e20231caede3d4091c9ff69d7ea4b32	05f1654b63cfaaf1efbb001cd9ec5ccb65b8e73c5c0b5f3e48e93b45f16463b3	0123af9e96b58af4e98b91a2de5608d36b63c67864b9041d3340587f3dbe40d2	cfa8dcf0d81c408de38d4202fe1ce9d9e5e301d1e67439c9530da94b1e64ee3f	7484d7b0dd80f45e18d726b04752827fe28555cc5c1af0e127948380e6688abf
semantic-proposal-v1	SC1-6bf75ecd52ee6a94db456e31c9592d3846de6341afcadd920a7c1aaa0c0d3d10	S016234	2	P01	SYMBOLS.tsv	381623	status	x86_64	include/uapi/linux/major.h	operative_macro	OSST_MAJOR	168	PENDING_REVIEW			vendor/linux/include/uapi/linux/major.h;vendor/linux/include/uapi/linux/major.h:168;rewrite/configs/x86_64/frozen.config;header_closure=rewrite/metadata/header_closure.tsv;selected=PENDING_REVIEW	425f94c2954b1fe80ebdbf9b29854e89750355df	3e1dbcffdc528f998e98ebd455723af10e20231caede3d4091c9ff69d7ea4b32	05f1654b63cfaaf1efbb001cd9ec5ccb65b8e73c5c0b5f3e48e93b45f16463b3	0123af9e96b58af4e98b91a2de5608d36b63c67864b9041d3340587f3dbe40d2	cfa8dcf0d81c408de38d4202fe1ce9d9e5e301d1e67439c9530da94b1e64ee3f	7484d7b0dd80f45e18d726b04752827fe28555cc5c1af0e127948380e6688abf
semantic-proposal-v1	SC1-8ff86605d3cfdd46a82e8e7f9a2ccf99d7c312b7225fd50f4cb161780baf0ee1	S016234	2	P01	SYMBOLS.tsv	381624	selection_expression	x86_64	include/uapi/linux/major.h	operative_macro	IBM_TTY3270_MAJOR	170	PENDING_REVIEW			vendor/linux/include/uapi/linux/major.h;vendor/linux/include/uapi/linux/major.h:170;rewrite/configs/x86_64/frozen.config;header_closure=rewrite/metadata/header_closure.tsv;selected=PENDING_REVIEW	425f94c2954b1fe80ebdbf9b29854e89750355df	3e1dbcffdc528f998e98ebd455723af10e20231caede3d4091c9ff69d7ea4b32	05f1654b63cfaaf1efbb001cd9ec5ccb65b8e73c5c0b5f3e48e93b45f16463b3	0123af9e96b58af4e98b91a2de5608d36b63c67864b9041d3340587f3dbe40d2	cfa8dcf0d81c408de38d4202fe1ce9d9e5e301d1e67439c9530da94b1e64ee3f	7484d7b0dd80f45e18d726b04752827fe28555cc5c1af0e127948380e6688abf
semantic-proposal-v1	SC1-ed3d35f7a8b6a98c26ea69a00acafdae911fafcd4d93e46d099171d643bd8883	S016234	2	P01	SYMBOLS.tsv	381624	status	x86_64	include/uapi/linux/major.h	operative_macro	IBM_TTY3270_MAJOR	170	PENDING_REVIEW			vendor/linux/include/uapi/linux/major.h;vendor/linux/include/uapi/linux/major.h:170;rewrite/configs/x86_64/frozen.config;header_closure=rewrite/metadata/header_closure.tsv;selected=PENDING_REVIEW	425f94c2954b1fe80ebdbf9b29854e89750355df	3e1dbcffdc528f998e98ebd455723af10e20231caede3d4091c9ff69d7ea4b32	05f1654b63cfaaf1efbb001cd9ec5ccb65b8e73c5c0b5f3e48e93b45f16463b3	0123af9e96b58af4e98b91a2de5608d36b63c67864b9041d3340587f3dbe40d2	cfa8dcf0d81c408de38d4202fe1ce9d9e5e301d1e67439c9530da94b1e64ee3f	7484d7b0dd80f45e18d726b04752827fe28555cc5c1af0e127948380e6688abf
semantic-proposal-v1	SC1-c8e7b80ca17ad79dde10f8bdf54a382f2b41973ea6a22b68aa1deb61fbe9a0dc	S016234	2	P01	SYMBOLS.tsv	381625	selection_expression	x86_64	include/uapi/linux/major.h	operative_macro	IBM_FS3270_MAJOR	171	PENDING_REVIEW			vendor/linux/include/uapi/linux/major.h;vendor/linux/include/uapi/linux/major.h:171;rewrite/configs/x86_64/frozen.config;header_closure=rewrite/metadata/header_closure.tsv;selected=PENDING_REVIEW	425f94c2954b1fe80ebdbf9b29854e89750355df	3e1dbcffdc528f998e98ebd455723af10e20231caede3d4091c9ff69d7ea4b32	05f1654b63cfaaf1efbb001cd9ec5ccb65b8e73c5c0b5f3e48e93b45f16463b3	0123af9e96b58af4e98b91a2de5608d36b63c67864b9041d3340587f3dbe40d2	cfa8dcf0d81c408de38d4202fe1ce9d9e5e301d1e67439c9530da94b1e64ee3f	7484d7b0dd80f45e18d726b04752827fe28555cc5c1af0e127948380e6688abf
semantic-proposal-v1	SC1-dda04d0da0df22d0c32b75dd3d00feb3fe79011d274de912cc9833b8935e07a4	S016234	2	P01	SYMBOLS.tsv	381625	status	x86_64	include/uapi/linux/major.h	operative_macro	IBM_FS3270_MAJOR	171	PENDING_REVIEW			vendor/linux/include/uapi/linux/major.h;vendor/linux/include/uapi/linux/major.h:171;rewrite/configs/x86_64/frozen.config;header_closure=rewrite/metadata/header_closure.tsv;selected=PENDING_REVIEW	425f94c2954b1fe80ebdbf9b29854e89750355df	3e1dbcffdc528f998e98ebd455723af10e20231caede3d4091c9ff69d7ea4b32	05f1654b63cfaaf1efbb001cd9ec5ccb65b8e73c5c0b5f3e48e93b45f16463b3	0123af9e96b58af4e98b91a2de5608d36b63c67864b9041d3340587f3dbe40d2	cfa8dcf0d81c408de38d4202fe1ce9d9e5e301d1e67439c9530da94b1e64ee3f	7484d7b0dd80f45e18d726b04752827fe28555cc5c1af0e127948380e6688abf
semantic-proposal-v1	SC1-b1366e08469e77084cea7beebf999589e82b2188e0a0b5d46af4ef526b4e5cd0	S016234	2	P01	SYMBOLS.tsv	381626	selection_expression	x86_64	include/uapi/linux/major.h	operative_macro	VIOTAPE_MAJOR	173	PENDING_REVIEW			vendor/linux/include/uapi/linux/major.h;vendor/linux/include/uapi/linux/major.h:173;rewrite/configs/x86_64/frozen.config;header_closure=rewrite/metadata/header_closure.tsv;selected=PENDING_REVIEW	425f94c2954b1fe80ebdbf9b29854e89750355df	3e1dbcffdc528f998e98ebd455723af10e20231caede3d4091c9ff69d7ea4b32	05f1654b63cfaaf1efbb001cd9ec5ccb65b8e73c5c0b5f3e48e93b45f16463b3	0123af9e96b58af4e98b91a2de5608d36b63c67864b9041d3340587f3dbe40d2	cfa8dcf0d81c408de38d4202fe1ce9d9e5e301d1e67439c9530da94b1e64ee3f	7484d7b0dd80f45e18d726b04752827fe28555cc5c1af0e127948380e6688abf
semantic-proposal-v1	SC1-eaced437f55e49367fdcf9d9e96e7136d4dfee42a78c9e85f38552ae84afc7ac	S016234	2	P01	SYMBOLS.tsv	381626	status	x86_64	include/uapi/linux/major.h	operative_macro	VIOTAPE_MAJOR	173	PENDING_REVIEW			vendor/linux/include/uapi/linux/major.h;vendor/linux/include/uapi/linux/major.h:173;rewrite/configs/x86_64/frozen.config;header_closure=rewrite/metadata/header_closure.tsv;selected=PENDING_REVIEW	425f94c2954b1fe80ebdbf9b29854e89750355df	3e1dbcffdc528f998e98ebd455723af10e20231caede3d4091c9ff69d7ea4b32	05f1654b63cfaaf1efbb001cd9ec5ccb65b8e73c5c0b5f3e48e93b45f16463b3	0123af9e96b58af4e98b91a2de5608d36b63c67864b9041d3340587f3dbe40d2	cfa8dcf0d81c408de38d4202fe1ce9d9e5e301d1e67439c9530da94b1e64ee3f	7484d7b0dd80f45e18d726b04752827fe28555cc5c1af0e127948380e6688abf
semantic-proposal-v1	SC1-9b301378d9080f1257c81136216fe094740a618fb8101fdc9310263605fa6717	S016234	2	P01	SYMBOLS.tsv	381627	selection_expression	x86_64	include/uapi/linux/major.h	operative_macro	BLOCK_EXT_MAJOR	175	PENDING_REVIEW			vendor/linux/include/uapi/linux/major.h;vendor/linux/include/uapi/linux/major.h:175;rewrite/configs/x86_64/frozen.config;header_closure=rewrite/metadata/header_closure.tsv;selected=PENDING_REVIEW	425f94c2954b1fe80ebdbf9b29854e89750355df	3e1dbcffdc528f998e98ebd455723af10e20231caede3d4091c9ff69d7ea4b32	05f1654b63cfaaf1efbb001cd9ec5ccb65b8e73c5c0b5f3e48e93b45f16463b3	0123af9e96b58af4e98b91a2de5608d36b63c67864b9041d3340587f3dbe40d2	cfa8dcf0d81c408de38d4202fe1ce9d9e5e301d1e67439c9530da94b1e64ee3f	7484d7b0dd80f45e18d726b04752827fe28555cc5c1af0e127948380e6688abf
semantic-proposal-v1	SC1-aeb6736e5f295251501922bf6bbf182c392309fbaf491ba2bfc93b6181f7376a	S016234	2	P01	SYMBOLS.tsv	381627	status	x86_64	include/uapi/linux/major.h	operative_macro	BLOCK_EXT_MAJOR	175	PENDING_REVIEW			vendor/linux/include/uapi/linux/major.h;vendor/linux/include/uapi/linux/major.h:175;rewrite/configs/x86_64/frozen.config;header_closure=rewrite/metadata/header_closure.tsv;selected=PENDING_REVIEW	425f94c2954b1fe80ebdbf9b29854e89750355df	3e1dbcffdc528f998e98ebd455723af10e20231caede3d4091c9ff69d7ea4b32	05f1654b63cfaaf1efbb001cd9ec5ccb65b8e73c5c0b5f3e48e93b45f16463b3	0123af9e96b58af4e98b91a2de5608d36b63c67864b9041d3340587f3dbe40d2	cfa8dcf0d81c408de38d4202fe1ce9d9e5e301d1e67439c9530da94b1e64ee3f	7484d7b0dd80f45e18d726b04752827fe28555cc5c1af0e127948380e6688abf
semantic-proposal-v1	SC1-c0e8755648c152e3243f639ab5084a501ed6c5725f293abaa16079abc4a7be9f	S016234	2	P01	SYMBOLS.tsv	381628	selection_expression	x86_64	include/uapi/linux/major.h	operative_macro	SCSI_OSD_MAJOR	176	PENDING_REVIEW			vendor/linux/include/uapi/linux/major.h;vendor/linux/include/uapi/linux/major.h:176;rewrite/configs/x86_64/frozen.config;header_closure=rewrite/metadata/header_closure.tsv;selected=PENDING_REVIEW	425f94c2954b1fe80ebdbf9b29854e89750355df	3e1dbcffdc528f998e98ebd455723af10e20231caede3d4091c9ff69d7ea4b32	05f1654b63cfaaf1efbb001cd9ec5ccb65b8e73c5c0b5f3e48e93b45f16463b3	0123af9e96b58af4e98b91a2de5608d36b63c67864b9041d3340587f3dbe40d2	cfa8dcf0d81c408de38d4202fe1ce9d9e5e301d1e67439c9530da94b1e64ee3f	7484d7b0dd80f45e18d726b04752827fe28555cc5c1af0e127948380e6688abf
semantic-proposal-v1	SC1-0ff9585a88b7ac4c2dd805611a253c0e877a9783e1e9b04dd29961773f0f577f	S016234	2	P01	SYMBOLS.tsv	381628	status	x86_64	include/uapi/linux/major.h	operative_macro	SCSI_OSD_MAJOR	176	PENDING_REVIEW			vendor/linux/include/uapi/linux/major.h;vendor/linux/include/uapi/linux/major.h:176;rewrite/configs/x86_64/frozen.config;header_closure=rewrite/metadata/header_closure.tsv;selected=PENDING_REVIEW	425f94c2954b1fe80ebdbf9b29854e89750355df	3e1dbcffdc528f998e98ebd455723af10e20231caede3d4091c9ff69d7ea4b32	05f1654b63cfaaf1efbb001cd9ec5ccb65b8e73c5c0b5f3e48e93b45f16463b3	0123af9e96b58af4e98b91a2de5608d36b63c67864b9041d3340587f3dbe40d2	cfa8dcf0d81c408de38d4202fe1ce9d9e5e301d1e67439c9530da94b1e64ee3f	7484d7b0dd80f45e18d726b04752827fe28555cc5c1af0e127948380e6688abf
