schema_version	record_key	task_id	attempt	pipeline_id	manifest	base_row	field	architecture	linux_path	record_kind	symbol_name	source_line	old_value	final_value	decision_status	source_citations	linux_sha	candidate_sha256	implementation_sha256	phase0_identity_sha256	queue_fingerprint	base_manifest_sha256
semantic-proposal-v1	SC1-9297ef00b30c327ac2df77347334b83d53d6f2e6aad2a4875cd9dc6260f2a0ba	S016178	1	P02	SCOPE.tsv	16179	semantic_status	common	include/uapi/linux/if_vlan.h	scope	S016178	0	PENDING_REVIEW	COMPLETE	COMPLETE	vendor/linux/include/uapi/linux/if_vlan.h;rewrite/metadata/header_closure.tsv	425f94c2954b1fe80ebdbf9b29854e89750355df	8ec87034344ede6e887b445272a0c42851330fda9b8b10d5c7dd62353c315528	705fa9cf6ac5441d989805761e146231bbd8f07f38cfcaba95e1feab211e8114	0123af9e96b58af4e98b91a2de5608d36b63c67864b9041d3340587f3dbe40d2	cfa8dcf0d81c408de38d4202fe1ce9d9e5e301d1e67439c9530da94b1e64ee3f	b83349e6731e17e5da5e04a0ea053487e8ac8d9269538dbdb367d83f77b17e0a
semantic-proposal-v1	SC1-f4896795ad2bbcf66ee78913315ba3abb31bd98bc780d02f4df2c87e0035fd0c	S016178	1	P02	SYMBOLS.tsv	372074	status	aarch64	include/uapi/linux/if_vlan.h	conditional	ifndef@14	14	PENDING_REVIEW	COMPLETE	COMPLETE	vendor/linux/include/uapi/linux/if_vlan.h;vendor/linux/include/uapi/linux/if_vlan.h:14;rewrite/configs/aarch64/frozen.config;header_closure=rewrite/metadata/header_closure.tsv;selected=PENDING_REVIEW	425f94c2954b1fe80ebdbf9b29854e89750355df	8ec87034344ede6e887b445272a0c42851330fda9b8b10d5c7dd62353c315528	705fa9cf6ac5441d989805761e146231bbd8f07f38cfcaba95e1feab211e8114	0123af9e96b58af4e98b91a2de5608d36b63c67864b9041d3340587f3dbe40d2	cfa8dcf0d81c408de38d4202fe1ce9d9e5e301d1e67439c9530da94b1e64ee3f	7484d7b0dd80f45e18d726b04752827fe28555cc5c1af0e127948380e6688abf
semantic-proposal-v1	SC1-b004288a0eb15f126ed862bd22dcb874cb867d8376f799953ca8a990e7619d7e	S016178	1	P02	SYMBOLS.tsv	372075	status	aarch64	include/uapi/linux/if_vlan.h	conditional	endif@66	66	PENDING_REVIEW	COMPLETE	COMPLETE	vendor/linux/include/uapi/linux/if_vlan.h;vendor/linux/include/uapi/linux/if_vlan.h:66;rewrite/configs/aarch64/frozen.config;header_closure=rewrite/metadata/header_closure.tsv;selected=PENDING_REVIEW	425f94c2954b1fe80ebdbf9b29854e89750355df	8ec87034344ede6e887b445272a0c42851330fda9b8b10d5c7dd62353c315528	705fa9cf6ac5441d989805761e146231bbd8f07f38cfcaba95e1feab211e8114	0123af9e96b58af4e98b91a2de5608d36b63c67864b9041d3340587f3dbe40d2	cfa8dcf0d81c408de38d4202fe1ce9d9e5e301d1e67439c9530da94b1e64ee3f	7484d7b0dd80f45e18d726b04752827fe28555cc5c1af0e127948380e6688abf
semantic-proposal-v1	SC1-07bef34b3e6e2f2ae113c8cee3d88faab206d65c4845e731d5c2b7542eefaab1	S016178	1	P02	SYMBOLS.tsv	372076	selection_expression	aarch64	include/uapi/linux/if_vlan.h	operative_macro	_UAPI_LINUX_IF_VLAN_H_	15	PENDING_REVIEW	SOURCE_REVIEWED_VALUE	COMPLETE	vendor/linux/include/uapi/linux/if_vlan.h;vendor/linux/include/uapi/linux/if_vlan.h:15;rewrite/configs/aarch64/frozen.config;header_closure=rewrite/metadata/header_closure.tsv;selected=PENDING_REVIEW	425f94c2954b1fe80ebdbf9b29854e89750355df	8ec87034344ede6e887b445272a0c42851330fda9b8b10d5c7dd62353c315528	705fa9cf6ac5441d989805761e146231bbd8f07f38cfcaba95e1feab211e8114	0123af9e96b58af4e98b91a2de5608d36b63c67864b9041d3340587f3dbe40d2	cfa8dcf0d81c408de38d4202fe1ce9d9e5e301d1e67439c9530da94b1e64ee3f	7484d7b0dd80f45e18d726b04752827fe28555cc5c1af0e127948380e6688abf
semantic-proposal-v1	SC1-b2a6df363eb3e77b631f34bd50735978ff372b7d1b2a4644437e12343cda5f84	S016178	1	P02	SYMBOLS.tsv	372076	status	aarch64	include/uapi/linux/if_vlan.h	operative_macro	_UAPI_LINUX_IF_VLAN_H_	15	PENDING_REVIEW	COMPLETE	COMPLETE	vendor/linux/include/uapi/linux/if_vlan.h;vendor/linux/include/uapi/linux/if_vlan.h:15;rewrite/configs/aarch64/frozen.config;header_closure=rewrite/metadata/header_closure.tsv;selected=PENDING_REVIEW	425f94c2954b1fe80ebdbf9b29854e89750355df	8ec87034344ede6e887b445272a0c42851330fda9b8b10d5c7dd62353c315528	705fa9cf6ac5441d989805761e146231bbd8f07f38cfcaba95e1feab211e8114	0123af9e96b58af4e98b91a2de5608d36b63c67864b9041d3340587f3dbe40d2	cfa8dcf0d81c408de38d4202fe1ce9d9e5e301d1e67439c9530da94b1e64ee3f	7484d7b0dd80f45e18d726b04752827fe28555cc5c1af0e127948380e6688abf
semantic-proposal-v1	SC1-b58da57c3197751fc5c37742ab147653ce4eec591013f5fb422e8cf1eff6f862	S016178	1	P02	SYMBOLS.tsv	372077	selection_expression	aarch64	include/uapi/linux/if_vlan.h	type	enum vlan_ioctl_cmds	21	PENDING_REVIEW	SOURCE_REVIEWED_VALUE	COMPLETE	vendor/linux/include/uapi/linux/if_vlan.h;vendor/linux/include/uapi/linux/if_vlan.h:21;rewrite/configs/aarch64/frozen.config;header_closure=rewrite/metadata/header_closure.tsv;selected=PENDING_REVIEW	425f94c2954b1fe80ebdbf9b29854e89750355df	8ec87034344ede6e887b445272a0c42851330fda9b8b10d5c7dd62353c315528	705fa9cf6ac5441d989805761e146231bbd8f07f38cfcaba95e1feab211e8114	0123af9e96b58af4e98b91a2de5608d36b63c67864b9041d3340587f3dbe40d2	cfa8dcf0d81c408de38d4202fe1ce9d9e5e301d1e67439c9530da94b1e64ee3f	7484d7b0dd80f45e18d726b04752827fe28555cc5c1af0e127948380e6688abf
semantic-proposal-v1	SC1-ba1b44675cab7f0f29373ad1a7427d28bb6632bfc7cc88447b546f775d76174e	S016178	1	P02	SYMBOLS.tsv	372077	status	aarch64	include/uapi/linux/if_vlan.h	type	enum vlan_ioctl_cmds	21	PENDING_REVIEW	COMPLETE	COMPLETE	vendor/linux/include/uapi/linux/if_vlan.h;vendor/linux/include/uapi/linux/if_vlan.h:21;rewrite/configs/aarch64/frozen.config;header_closure=rewrite/metadata/header_closure.tsv;selected=PENDING_REVIEW	425f94c2954b1fe80ebdbf9b29854e89750355df	8ec87034344ede6e887b445272a0c42851330fda9b8b10d5c7dd62353c315528	705fa9cf6ac5441d989805761e146231bbd8f07f38cfcaba95e1feab211e8114	0123af9e96b58af4e98b91a2de5608d36b63c67864b9041d3340587f3dbe40d2	cfa8dcf0d81c408de38d4202fe1ce9d9e5e301d1e67439c9530da94b1e64ee3f	7484d7b0dd80f45e18d726b04752827fe28555cc5c1af0e127948380e6688abf
semantic-proposal-v1	SC1-359f826a281d8a17849bba18746680acfe2fa94903c28a014aac900311a2c27b	S016178	1	P02	SYMBOLS.tsv	372078	selection_expression	aarch64	include/uapi/linux/if_vlan.h	enum_constant	ADD_VLAN_CMD	22	PENDING_REVIEW	SOURCE_REVIEWED_VALUE	COMPLETE	vendor/linux/include/uapi/linux/if_vlan.h;vendor/linux/include/uapi/linux/if_vlan.h:22;rewrite/configs/aarch64/frozen.config;header_closure=rewrite/metadata/header_closure.tsv;selected=PENDING_REVIEW	425f94c2954b1fe80ebdbf9b29854e89750355df	8ec87034344ede6e887b445272a0c42851330fda9b8b10d5c7dd62353c315528	705fa9cf6ac5441d989805761e146231bbd8f07f38cfcaba95e1feab211e8114	0123af9e96b58af4e98b91a2de5608d36b63c67864b9041d3340587f3dbe40d2	cfa8dcf0d81c408de38d4202fe1ce9d9e5e301d1e67439c9530da94b1e64ee3f	7484d7b0dd80f45e18d726b04752827fe28555cc5c1af0e127948380e6688abf
semantic-proposal-v1	SC1-992588d8745740d0f572a985eec8ae7589b62d64ee1b00b366f42cb07fb07f14	S016178	1	P02	SYMBOLS.tsv	372078	status	aarch64	include/uapi/linux/if_vlan.h	enum_constant	ADD_VLAN_CMD	22	PENDING_REVIEW	COMPLETE	COMPLETE	vendor/linux/include/uapi/linux/if_vlan.h;vendor/linux/include/uapi/linux/if_vlan.h:22;rewrite/configs/aarch64/frozen.config;header_closure=rewrite/metadata/header_closure.tsv;selected=PENDING_REVIEW	425f94c2954b1fe80ebdbf9b29854e89750355df	8ec87034344ede6e887b445272a0c42851330fda9b8b10d5c7dd62353c315528	705fa9cf6ac5441d989805761e146231bbd8f07f38cfcaba95e1feab211e8114	0123af9e96b58af4e98b91a2de5608d36b63c67864b9041d3340587f3dbe40d2	cfa8dcf0d81c408de38d4202fe1ce9d9e5e301d1e67439c9530da94b1e64ee3f	7484d7b0dd80f45e18d726b04752827fe28555cc5c1af0e127948380e6688abf
semantic-proposal-v1	SC1-a04aaf49c70f91dca68476b20f3702b5d0d6c4cb9354c05afe39cea82463f1fe	S016178	1	P02	SYMBOLS.tsv	372079	selection_expression	aarch64	include/uapi/linux/if_vlan.h	enum_constant	DEL_VLAN_CMD	23	PENDING_REVIEW	SOURCE_REVIEWED_VALUE	COMPLETE	vendor/linux/include/uapi/linux/if_vlan.h;vendor/linux/include/uapi/linux/if_vlan.h:23;rewrite/configs/aarch64/frozen.config;header_closure=rewrite/metadata/header_closure.tsv;selected=PENDING_REVIEW	425f94c2954b1fe80ebdbf9b29854e89750355df	8ec87034344ede6e887b445272a0c42851330fda9b8b10d5c7dd62353c315528	705fa9cf6ac5441d989805761e146231bbd8f07f38cfcaba95e1feab211e8114	0123af9e96b58af4e98b91a2de5608d36b63c67864b9041d3340587f3dbe40d2	cfa8dcf0d81c408de38d4202fe1ce9d9e5e301d1e67439c9530da94b1e64ee3f	7484d7b0dd80f45e18d726b04752827fe28555cc5c1af0e127948380e6688abf
semantic-proposal-v1	SC1-acda7a198f9b3ce71a1717eeaf56cc0732815730037e75d73792c023091b382a	S016178	1	P02	SYMBOLS.tsv	372079	status	aarch64	include/uapi/linux/if_vlan.h	enum_constant	DEL_VLAN_CMD	23	PENDING_REVIEW	COMPLETE	COMPLETE	vendor/linux/include/uapi/linux/if_vlan.h;vendor/linux/include/uapi/linux/if_vlan.h:23;rewrite/configs/aarch64/frozen.config;header_closure=rewrite/metadata/header_closure.tsv;selected=PENDING_REVIEW	425f94c2954b1fe80ebdbf9b29854e89750355df	8ec87034344ede6e887b445272a0c42851330fda9b8b10d5c7dd62353c315528	705fa9cf6ac5441d989805761e146231bbd8f07f38cfcaba95e1feab211e8114	0123af9e96b58af4e98b91a2de5608d36b63c67864b9041d3340587f3dbe40d2	cfa8dcf0d81c408de38d4202fe1ce9d9e5e301d1e67439c9530da94b1e64ee3f	7484d7b0dd80f45e18d726b04752827fe28555cc5c1af0e127948380e6688abf
semantic-proposal-v1	SC1-b1a55e3196c1616c144f9c4b55ffb084ce885f209b51a33cd99fec6898b3add9	S016178	1	P02	SYMBOLS.tsv	372080	selection_expression	aarch64	include/uapi/linux/if_vlan.h	enum_constant	SET_VLAN_INGRESS_PRIORITY_CMD	24	PENDING_REVIEW	SOURCE_REVIEWED_VALUE	COMPLETE	vendor/linux/include/uapi/linux/if_vlan.h;vendor/linux/include/uapi/linux/if_vlan.h:24;rewrite/configs/aarch64/frozen.config;header_closure=rewrite/metadata/header_closure.tsv;selected=PENDING_REVIEW	425f94c2954b1fe80ebdbf9b29854e89750355df	8ec87034344ede6e887b445272a0c42851330fda9b8b10d5c7dd62353c315528	705fa9cf6ac5441d989805761e146231bbd8f07f38cfcaba95e1feab211e8114	0123af9e96b58af4e98b91a2de5608d36b63c67864b9041d3340587f3dbe40d2	cfa8dcf0d81c408de38d4202fe1ce9d9e5e301d1e67439c9530da94b1e64ee3f	7484d7b0dd80f45e18d726b04752827fe28555cc5c1af0e127948380e6688abf
semantic-proposal-v1	SC1-33ede6ad5c937abe11cdcbe7ec6795dce0a0a9baebd569a8605248b9446faa30	S016178	1	P02	SYMBOLS.tsv	372080	status	aarch64	include/uapi/linux/if_vlan.h	enum_constant	SET_VLAN_INGRESS_PRIORITY_CMD	24	PENDING_REVIEW	COMPLETE	COMPLETE	vendor/linux/include/uapi/linux/if_vlan.h;vendor/linux/include/uapi/linux/if_vlan.h:24;rewrite/configs/aarch64/frozen.config;header_closure=rewrite/metadata/header_closure.tsv;selected=PENDING_REVIEW	425f94c2954b1fe80ebdbf9b29854e89750355df	8ec87034344ede6e887b445272a0c42851330fda9b8b10d5c7dd62353c315528	705fa9cf6ac5441d989805761e146231bbd8f07f38cfcaba95e1feab211e8114	0123af9e96b58af4e98b91a2de5608d36b63c67864b9041d3340587f3dbe40d2	cfa8dcf0d81c408de38d4202fe1ce9d9e5e301d1e67439c9530da94b1e64ee3f	7484d7b0dd80f45e18d726b04752827fe28555cc5c1af0e127948380e6688abf
semantic-proposal-v1	SC1-7acecdf9efd38b889825c730796c65a76b65c82c20bbd700024c574bf0301bd3	S016178	1	P02	SYMBOLS.tsv	372081	selection_expression	aarch64	include/uapi/linux/if_vlan.h	enum_constant	SET_VLAN_EGRESS_PRIORITY_CMD	25	PENDING_REVIEW	SOURCE_REVIEWED_VALUE	COMPLETE	vendor/linux/include/uapi/linux/if_vlan.h;vendor/linux/include/uapi/linux/if_vlan.h:25;rewrite/configs/aarch64/frozen.config;header_closure=rewrite/metadata/header_closure.tsv;selected=PENDING_REVIEW	425f94c2954b1fe80ebdbf9b29854e89750355df	8ec87034344ede6e887b445272a0c42851330fda9b8b10d5c7dd62353c315528	705fa9cf6ac5441d989805761e146231bbd8f07f38cfcaba95e1feab211e8114	0123af9e96b58af4e98b91a2de5608d36b63c67864b9041d3340587f3dbe40d2	cfa8dcf0d81c408de38d4202fe1ce9d9e5e301d1e67439c9530da94b1e64ee3f	7484d7b0dd80f45e18d726b04752827fe28555cc5c1af0e127948380e6688abf
semantic-proposal-v1	SC1-583c8f51d6bd5fdaf5695a3cab22038f5503afdf85d40c06972cd5d263caf742	S016178	1	P02	SYMBOLS.tsv	372081	status	aarch64	include/uapi/linux/if_vlan.h	enum_constant	SET_VLAN_EGRESS_PRIORITY_CMD	25	PENDING_REVIEW	COMPLETE	COMPLETE	vendor/linux/include/uapi/linux/if_vlan.h;vendor/linux/include/uapi/linux/if_vlan.h:25;rewrite/configs/aarch64/frozen.config;header_closure=rewrite/metadata/header_closure.tsv;selected=PENDING_REVIEW	425f94c2954b1fe80ebdbf9b29854e89750355df	8ec87034344ede6e887b445272a0c42851330fda9b8b10d5c7dd62353c315528	705fa9cf6ac5441d989805761e146231bbd8f07f38cfcaba95e1feab211e8114	0123af9e96b58af4e98b91a2de5608d36b63c67864b9041d3340587f3dbe40d2	cfa8dcf0d81c408de38d4202fe1ce9d9e5e301d1e67439c9530da94b1e64ee3f	7484d7b0dd80f45e18d726b04752827fe28555cc5c1af0e127948380e6688abf
semantic-proposal-v1	SC1-7dcc17e695ed373a334589c6c7e97a02dcf887b0d884154194bdb72877cc13ec	S016178	1	P02	SYMBOLS.tsv	372082	selection_expression	aarch64	include/uapi/linux/if_vlan.h	enum_constant	GET_VLAN_INGRESS_PRIORITY_CMD	26	PENDING_REVIEW	SOURCE_REVIEWED_VALUE	COMPLETE	vendor/linux/include/uapi/linux/if_vlan.h;vendor/linux/include/uapi/linux/if_vlan.h:26;rewrite/configs/aarch64/frozen.config;header_closure=rewrite/metadata/header_closure.tsv;selected=PENDING_REVIEW	425f94c2954b1fe80ebdbf9b29854e89750355df	8ec87034344ede6e887b445272a0c42851330fda9b8b10d5c7dd62353c315528	705fa9cf6ac5441d989805761e146231bbd8f07f38cfcaba95e1feab211e8114	0123af9e96b58af4e98b91a2de5608d36b63c67864b9041d3340587f3dbe40d2	cfa8dcf0d81c408de38d4202fe1ce9d9e5e301d1e67439c9530da94b1e64ee3f	7484d7b0dd80f45e18d726b04752827fe28555cc5c1af0e127948380e6688abf
semantic-proposal-v1	SC1-5f5ff2fa0e844873fe31d9e0785f0afbe1353b7b571b489bdf32b96fc12f9f65	S016178	1	P02	SYMBOLS.tsv	372082	status	aarch64	include/uapi/linux/if_vlan.h	enum_constant	GET_VLAN_INGRESS_PRIORITY_CMD	26	PENDING_REVIEW	COMPLETE	COMPLETE	vendor/linux/include/uapi/linux/if_vlan.h;vendor/linux/include/uapi/linux/if_vlan.h:26;rewrite/configs/aarch64/frozen.config;header_closure=rewrite/metadata/header_closure.tsv;selected=PENDING_REVIEW	425f94c2954b1fe80ebdbf9b29854e89750355df	8ec87034344ede6e887b445272a0c42851330fda9b8b10d5c7dd62353c315528	705fa9cf6ac5441d989805761e146231bbd8f07f38cfcaba95e1feab211e8114	0123af9e96b58af4e98b91a2de5608d36b63c67864b9041d3340587f3dbe40d2	cfa8dcf0d81c408de38d4202fe1ce9d9e5e301d1e67439c9530da94b1e64ee3f	7484d7b0dd80f45e18d726b04752827fe28555cc5c1af0e127948380e6688abf
semantic-proposal-v1	SC1-7735ab0850836e7a73642378112a0491fbd37c50765216e5908cfc9c20b86c81	S016178	1	P02	SYMBOLS.tsv	372083	selection_expression	aarch64	include/uapi/linux/if_vlan.h	enum_constant	GET_VLAN_EGRESS_PRIORITY_CMD	27	PENDING_REVIEW	SOURCE_REVIEWED_VALUE	COMPLETE	vendor/linux/include/uapi/linux/if_vlan.h;vendor/linux/include/uapi/linux/if_vlan.h:27;rewrite/configs/aarch64/frozen.config;header_closure=rewrite/metadata/header_closure.tsv;selected=PENDING_REVIEW	425f94c2954b1fe80ebdbf9b29854e89750355df	8ec87034344ede6e887b445272a0c42851330fda9b8b10d5c7dd62353c315528	705fa9cf6ac5441d989805761e146231bbd8f07f38cfcaba95e1feab211e8114	0123af9e96b58af4e98b91a2de5608d36b63c67864b9041d3340587f3dbe40d2	cfa8dcf0d81c408de38d4202fe1ce9d9e5e301d1e67439c9530da94b1e64ee3f	7484d7b0dd80f45e18d726b04752827fe28555cc5c1af0e127948380e6688abf
semantic-proposal-v1	SC1-8e7c1251fd780f5892339450f7f07d634e866bcf8b5ea3f68a17b7a9ceedb320	S016178	1	P02	SYMBOLS.tsv	372083	status	aarch64	include/uapi/linux/if_vlan.h	enum_constant	GET_VLAN_EGRESS_PRIORITY_CMD	27	PENDING_REVIEW	COMPLETE	COMPLETE	vendor/linux/include/uapi/linux/if_vlan.h;vendor/linux/include/uapi/linux/if_vlan.h:27;rewrite/configs/aarch64/frozen.config;header_closure=rewrite/metadata/header_closure.tsv;selected=PENDING_REVIEW	425f94c2954b1fe80ebdbf9b29854e89750355df	8ec87034344ede6e887b445272a0c42851330fda9b8b10d5c7dd62353c315528	705fa9cf6ac5441d989805761e146231bbd8f07f38cfcaba95e1feab211e8114	0123af9e96b58af4e98b91a2de5608d36b63c67864b9041d3340587f3dbe40d2	cfa8dcf0d81c408de38d4202fe1ce9d9e5e301d1e67439c9530da94b1e64ee3f	7484d7b0dd80f45e18d726b04752827fe28555cc5c1af0e127948380e6688abf
semantic-proposal-v1	SC1-13617cd7c5a556633cd0c25f40780b0d80dc9599042bbae850806b76107e1735	S016178	1	P02	SYMBOLS.tsv	372084	selection_expression	aarch64	include/uapi/linux/if_vlan.h	enum_constant	SET_VLAN_NAME_TYPE_CMD	28	PENDING_REVIEW	SOURCE_REVIEWED_VALUE	COMPLETE	vendor/linux/include/uapi/linux/if_vlan.h;vendor/linux/include/uapi/linux/if_vlan.h:28;rewrite/configs/aarch64/frozen.config;header_closure=rewrite/metadata/header_closure.tsv;selected=PENDING_REVIEW	425f94c2954b1fe80ebdbf9b29854e89750355df	8ec87034344ede6e887b445272a0c42851330fda9b8b10d5c7dd62353c315528	705fa9cf6ac5441d989805761e146231bbd8f07f38cfcaba95e1feab211e8114	0123af9e96b58af4e98b91a2de5608d36b63c67864b9041d3340587f3dbe40d2	cfa8dcf0d81c408de38d4202fe1ce9d9e5e301d1e67439c9530da94b1e64ee3f	7484d7b0dd80f45e18d726b04752827fe28555cc5c1af0e127948380e6688abf
semantic-proposal-v1	SC1-106ed2feb4d8d8f4dd8e57bfb13901bd113aceea7192e4a98632df15b862ac1f	S016178	1	P02	SYMBOLS.tsv	372084	status	aarch64	include/uapi/linux/if_vlan.h	enum_constant	SET_VLAN_NAME_TYPE_CMD	28	PENDING_REVIEW	COMPLETE	COMPLETE	vendor/linux/include/uapi/linux/if_vlan.h;vendor/linux/include/uapi/linux/if_vlan.h:28;rewrite/configs/aarch64/frozen.config;header_closure=rewrite/metadata/header_closure.tsv;selected=PENDING_REVIEW	425f94c2954b1fe80ebdbf9b29854e89750355df	8ec87034344ede6e887b445272a0c42851330fda9b8b10d5c7dd62353c315528	705fa9cf6ac5441d989805761e146231bbd8f07f38cfcaba95e1feab211e8114	0123af9e96b58af4e98b91a2de5608d36b63c67864b9041d3340587f3dbe40d2	cfa8dcf0d81c408de38d4202fe1ce9d9e5e301d1e67439c9530da94b1e64ee3f	7484d7b0dd80f45e18d726b04752827fe28555cc5c1af0e127948380e6688abf
semantic-proposal-v1	SC1-086c5352dacd81523129638be4cefc135d7f32a6a833b277cf9d8a4e1e628b5e	S016178	1	P02	SYMBOLS.tsv	372085	selection_expression	aarch64	include/uapi/linux/if_vlan.h	enum_constant	SET_VLAN_FLAG_CMD	29	PENDING_REVIEW	SOURCE_REVIEWED_VALUE	COMPLETE	vendor/linux/include/uapi/linux/if_vlan.h;vendor/linux/include/uapi/linux/if_vlan.h:29;rewrite/configs/aarch64/frozen.config;header_closure=rewrite/metadata/header_closure.tsv;selected=PENDING_REVIEW	425f94c2954b1fe80ebdbf9b29854e89750355df	8ec87034344ede6e887b445272a0c42851330fda9b8b10d5c7dd62353c315528	705fa9cf6ac5441d989805761e146231bbd8f07f38cfcaba95e1feab211e8114	0123af9e96b58af4e98b91a2de5608d36b63c67864b9041d3340587f3dbe40d2	cfa8dcf0d81c408de38d4202fe1ce9d9e5e301d1e67439c9530da94b1e64ee3f	7484d7b0dd80f45e18d726b04752827fe28555cc5c1af0e127948380e6688abf
semantic-proposal-v1	SC1-ce7872b39be9a616fe909fe96e81711f5b67fb7bd336a7f47633422e35762a4c	S016178	1	P02	SYMBOLS.tsv	372085	status	aarch64	include/uapi/linux/if_vlan.h	enum_constant	SET_VLAN_FLAG_CMD	29	PENDING_REVIEW	COMPLETE	COMPLETE	vendor/linux/include/uapi/linux/if_vlan.h;vendor/linux/include/uapi/linux/if_vlan.h:29;rewrite/configs/aarch64/frozen.config;header_closure=rewrite/metadata/header_closure.tsv;selected=PENDING_REVIEW	425f94c2954b1fe80ebdbf9b29854e89750355df	8ec87034344ede6e887b445272a0c42851330fda9b8b10d5c7dd62353c315528	705fa9cf6ac5441d989805761e146231bbd8f07f38cfcaba95e1feab211e8114	0123af9e96b58af4e98b91a2de5608d36b63c67864b9041d3340587f3dbe40d2	cfa8dcf0d81c408de38d4202fe1ce9d9e5e301d1e67439c9530da94b1e64ee3f	7484d7b0dd80f45e18d726b04752827fe28555cc5c1af0e127948380e6688abf
semantic-proposal-v1	SC1-263f1942bc28df6016fb8332194eabbee5e109e988db8a515c247f6d8f9a73e0	S016178	1	P02	SYMBOLS.tsv	372086	selection_expression	aarch64	include/uapi/linux/if_vlan.h	enum_constant	GET_VLAN_REALDEV_NAME_CMD	30	PENDING_REVIEW	SOURCE_REVIEWED_VALUE	COMPLETE	vendor/linux/include/uapi/linux/if_vlan.h;vendor/linux/include/uapi/linux/if_vlan.h:30;rewrite/configs/aarch64/frozen.config;header_closure=rewrite/metadata/header_closure.tsv;selected=PENDING_REVIEW	425f94c2954b1fe80ebdbf9b29854e89750355df	8ec87034344ede6e887b445272a0c42851330fda9b8b10d5c7dd62353c315528	705fa9cf6ac5441d989805761e146231bbd8f07f38cfcaba95e1feab211e8114	0123af9e96b58af4e98b91a2de5608d36b63c67864b9041d3340587f3dbe40d2	cfa8dcf0d81c408de38d4202fe1ce9d9e5e301d1e67439c9530da94b1e64ee3f	7484d7b0dd80f45e18d726b04752827fe28555cc5c1af0e127948380e6688abf
semantic-proposal-v1	SC1-7e80425d149007900e1113d68674cb076787935e7d7bbc2fe7a9dc35009ab145	S016178	1	P02	SYMBOLS.tsv	372086	status	aarch64	include/uapi/linux/if_vlan.h	enum_constant	GET_VLAN_REALDEV_NAME_CMD	30	PENDING_REVIEW	COMPLETE	COMPLETE	vendor/linux/include/uapi/linux/if_vlan.h;vendor/linux/include/uapi/linux/if_vlan.h:30;rewrite/configs/aarch64/frozen.config;header_closure=rewrite/metadata/header_closure.tsv;selected=PENDING_REVIEW	425f94c2954b1fe80ebdbf9b29854e89750355df	8ec87034344ede6e887b445272a0c42851330fda9b8b10d5c7dd62353c315528	705fa9cf6ac5441d989805761e146231bbd8f07f38cfcaba95e1feab211e8114	0123af9e96b58af4e98b91a2de5608d36b63c67864b9041d3340587f3dbe40d2	cfa8dcf0d81c408de38d4202fe1ce9d9e5e301d1e67439c9530da94b1e64ee3f	7484d7b0dd80f45e18d726b04752827fe28555cc5c1af0e127948380e6688abf
semantic-proposal-v1	SC1-887c37c39a35dc85cdceb37a1c4c83d49c89a8efa04eddc8eed4417156a20ba6	S016178	1	P02	SYMBOLS.tsv	372087	selection_expression	aarch64	include/uapi/linux/if_vlan.h	enum_constant	GET_VLAN_VID_CMD	31	PENDING_REVIEW	SOURCE_REVIEWED_VALUE	COMPLETE	vendor/linux/include/uapi/linux/if_vlan.h;vendor/linux/include/uapi/linux/if_vlan.h:31;rewrite/configs/aarch64/frozen.config;header_closure=rewrite/metadata/header_closure.tsv;selected=PENDING_REVIEW	425f94c2954b1fe80ebdbf9b29854e89750355df	8ec87034344ede6e887b445272a0c42851330fda9b8b10d5c7dd62353c315528	705fa9cf6ac5441d989805761e146231bbd8f07f38cfcaba95e1feab211e8114	0123af9e96b58af4e98b91a2de5608d36b63c67864b9041d3340587f3dbe40d2	cfa8dcf0d81c408de38d4202fe1ce9d9e5e301d1e67439c9530da94b1e64ee3f	7484d7b0dd80f45e18d726b04752827fe28555cc5c1af0e127948380e6688abf
semantic-proposal-v1	SC1-9c5ee5b2647cd00b5fd20033898831011df48c5ce5816bc45cb3fa0f9e22d1d3	S016178	1	P02	SYMBOLS.tsv	372087	status	aarch64	include/uapi/linux/if_vlan.h	enum_constant	GET_VLAN_VID_CMD	31	PENDING_REVIEW	COMPLETE	COMPLETE	vendor/linux/include/uapi/linux/if_vlan.h;vendor/linux/include/uapi/linux/if_vlan.h:31;rewrite/configs/aarch64/frozen.config;header_closure=rewrite/metadata/header_closure.tsv;selected=PENDING_REVIEW	425f94c2954b1fe80ebdbf9b29854e89750355df	8ec87034344ede6e887b445272a0c42851330fda9b8b10d5c7dd62353c315528	705fa9cf6ac5441d989805761e146231bbd8f07f38cfcaba95e1feab211e8114	0123af9e96b58af4e98b91a2de5608d36b63c67864b9041d3340587f3dbe40d2	cfa8dcf0d81c408de38d4202fe1ce9d9e5e301d1e67439c9530da94b1e64ee3f	7484d7b0dd80f45e18d726b04752827fe28555cc5c1af0e127948380e6688abf
semantic-proposal-v1	SC1-cb72a82280fe0b7a046b1004888c8970ca79cabddcbc2fa6d140092eb11c96fd	S016178	1	P02	SYMBOLS.tsv	372088	selection_expression	aarch64	include/uapi/linux/if_vlan.h	type	enum vlan_flags	34	PENDING_REVIEW	SOURCE_REVIEWED_VALUE	COMPLETE	vendor/linux/include/uapi/linux/if_vlan.h;vendor/linux/include/uapi/linux/if_vlan.h:34;rewrite/configs/aarch64/frozen.config;header_closure=rewrite/metadata/header_closure.tsv;selected=PENDING_REVIEW	425f94c2954b1fe80ebdbf9b29854e89750355df	8ec87034344ede6e887b445272a0c42851330fda9b8b10d5c7dd62353c315528	705fa9cf6ac5441d989805761e146231bbd8f07f38cfcaba95e1feab211e8114	0123af9e96b58af4e98b91a2de5608d36b63c67864b9041d3340587f3dbe40d2	cfa8dcf0d81c408de38d4202fe1ce9d9e5e301d1e67439c9530da94b1e64ee3f	7484d7b0dd80f45e18d726b04752827fe28555cc5c1af0e127948380e6688abf
semantic-proposal-v1	SC1-bfdc39ce8ad2d8b599c9e77d26d06a43aadf9333545ee445862ae41255fb82bb	S016178	1	P02	SYMBOLS.tsv	372088	status	aarch64	include/uapi/linux/if_vlan.h	type	enum vlan_flags	34	PENDING_REVIEW	COMPLETE	COMPLETE	vendor/linux/include/uapi/linux/if_vlan.h;vendor/linux/include/uapi/linux/if_vlan.h:34;rewrite/configs/aarch64/frozen.config;header_closure=rewrite/metadata/header_closure.tsv;selected=PENDING_REVIEW	425f94c2954b1fe80ebdbf9b29854e89750355df	8ec87034344ede6e887b445272a0c42851330fda9b8b10d5c7dd62353c315528	705fa9cf6ac5441d989805761e146231bbd8f07f38cfcaba95e1feab211e8114	0123af9e96b58af4e98b91a2de5608d36b63c67864b9041d3340587f3dbe40d2	cfa8dcf0d81c408de38d4202fe1ce9d9e5e301d1e67439c9530da94b1e64ee3f	7484d7b0dd80f45e18d726b04752827fe28555cc5c1af0e127948380e6688abf
semantic-proposal-v1	SC1-4edfb069c420db5405f58eed5da5b592d8f94ac6c83dc18f30630afb0e7da85c	S016178	1	P02	SYMBOLS.tsv	372089	mechanical_value	aarch64	include/uapi/linux/if_vlan.h	enum_constant	VLAN_FLAG_REORDER_HDR	35	PENDING_REVIEW	SOURCE_REVIEWED_VALUE	COMPLETE	vendor/linux/include/uapi/linux/if_vlan.h;vendor/linux/include/uapi/linux/if_vlan.h:35;rewrite/configs/aarch64/frozen.config;header_closure=rewrite/metadata/header_closure.tsv;selected=PENDING_REVIEW	425f94c2954b1fe80ebdbf9b29854e89750355df	8ec87034344ede6e887b445272a0c42851330fda9b8b10d5c7dd62353c315528	705fa9cf6ac5441d989805761e146231bbd8f07f38cfcaba95e1feab211e8114	0123af9e96b58af4e98b91a2de5608d36b63c67864b9041d3340587f3dbe40d2	cfa8dcf0d81c408de38d4202fe1ce9d9e5e301d1e67439c9530da94b1e64ee3f	7484d7b0dd80f45e18d726b04752827fe28555cc5c1af0e127948380e6688abf
semantic-proposal-v1	SC1-fddc077cd4f06e420889301628bb8c09dd2428e7844411b5d444c065d8d9efd2	S016178	1	P02	SYMBOLS.tsv	372089	selection_expression	aarch64	include/uapi/linux/if_vlan.h	enum_constant	VLAN_FLAG_REORDER_HDR	35	PENDING_REVIEW	SOURCE_REVIEWED_VALUE	COMPLETE	vendor/linux/include/uapi/linux/if_vlan.h;vendor/linux/include/uapi/linux/if_vlan.h:35;rewrite/configs/aarch64/frozen.config;header_closure=rewrite/metadata/header_closure.tsv;selected=PENDING_REVIEW	425f94c2954b1fe80ebdbf9b29854e89750355df	8ec87034344ede6e887b445272a0c42851330fda9b8b10d5c7dd62353c315528	705fa9cf6ac5441d989805761e146231bbd8f07f38cfcaba95e1feab211e8114	0123af9e96b58af4e98b91a2de5608d36b63c67864b9041d3340587f3dbe40d2	cfa8dcf0d81c408de38d4202fe1ce9d9e5e301d1e67439c9530da94b1e64ee3f	7484d7b0dd80f45e18d726b04752827fe28555cc5c1af0e127948380e6688abf
semantic-proposal-v1	SC1-19ef734a506c4f908a75df20ae05cc0a55b002823c342558bb5249d3475e3c4e	S016178	1	P02	SYMBOLS.tsv	372089	status	aarch64	include/uapi/linux/if_vlan.h	enum_constant	VLAN_FLAG_REORDER_HDR	35	PENDING_REVIEW	COMPLETE	COMPLETE	vendor/linux/include/uapi/linux/if_vlan.h;vendor/linux/include/uapi/linux/if_vlan.h:35;rewrite/configs/aarch64/frozen.config;header_closure=rewrite/metadata/header_closure.tsv;selected=PENDING_REVIEW	425f94c2954b1fe80ebdbf9b29854e89750355df	8ec87034344ede6e887b445272a0c42851330fda9b8b10d5c7dd62353c315528	705fa9cf6ac5441d989805761e146231bbd8f07f38cfcaba95e1feab211e8114	0123af9e96b58af4e98b91a2de5608d36b63c67864b9041d3340587f3dbe40d2	cfa8dcf0d81c408de38d4202fe1ce9d9e5e301d1e67439c9530da94b1e64ee3f	7484d7b0dd80f45e18d726b04752827fe28555cc5c1af0e127948380e6688abf
semantic-proposal-v1	SC1-02022e518fe45759052c3994e4b13405bbfc803207c28b82e80d365dec9abe13	S016178	1	P02	SYMBOLS.tsv	372090	mechanical_value	aarch64	include/uapi/linux/if_vlan.h	enum_constant	VLAN_FLAG_GVRP	36	PENDING_REVIEW	SOURCE_REVIEWED_VALUE	COMPLETE	vendor/linux/include/uapi/linux/if_vlan.h;vendor/linux/include/uapi/linux/if_vlan.h:36;rewrite/configs/aarch64/frozen.config;header_closure=rewrite/metadata/header_closure.tsv;selected=PENDING_REVIEW	425f94c2954b1fe80ebdbf9b29854e89750355df	8ec87034344ede6e887b445272a0c42851330fda9b8b10d5c7dd62353c315528	705fa9cf6ac5441d989805761e146231bbd8f07f38cfcaba95e1feab211e8114	0123af9e96b58af4e98b91a2de5608d36b63c67864b9041d3340587f3dbe40d2	cfa8dcf0d81c408de38d4202fe1ce9d9e5e301d1e67439c9530da94b1e64ee3f	7484d7b0dd80f45e18d726b04752827fe28555cc5c1af0e127948380e6688abf
semantic-proposal-v1	SC1-4f7a9de872291ba23814c7ca5afd25b311d351497005c6f8a392fb1f3f8e9d6a	S016178	1	P02	SYMBOLS.tsv	372090	selection_expression	aarch64	include/uapi/linux/if_vlan.h	enum_constant	VLAN_FLAG_GVRP	36	PENDING_REVIEW	SOURCE_REVIEWED_VALUE	COMPLETE	vendor/linux/include/uapi/linux/if_vlan.h;vendor/linux/include/uapi/linux/if_vlan.h:36;rewrite/configs/aarch64/frozen.config;header_closure=rewrite/metadata/header_closure.tsv;selected=PENDING_REVIEW	425f94c2954b1fe80ebdbf9b29854e89750355df	8ec87034344ede6e887b445272a0c42851330fda9b8b10d5c7dd62353c315528	705fa9cf6ac5441d989805761e146231bbd8f07f38cfcaba95e1feab211e8114	0123af9e96b58af4e98b91a2de5608d36b63c67864b9041d3340587f3dbe40d2	cfa8dcf0d81c408de38d4202fe1ce9d9e5e301d1e67439c9530da94b1e64ee3f	7484d7b0dd80f45e18d726b04752827fe28555cc5c1af0e127948380e6688abf
semantic-proposal-v1	SC1-a8f8c4e45a1e8d782c2810375c6a435dc6f4432440969dc10f4e0cc248125a74	S016178	1	P02	SYMBOLS.tsv	372090	status	aarch64	include/uapi/linux/if_vlan.h	enum_constant	VLAN_FLAG_GVRP	36	PENDING_REVIEW	COMPLETE	COMPLETE	vendor/linux/include/uapi/linux/if_vlan.h;vendor/linux/include/uapi/linux/if_vlan.h:36;rewrite/configs/aarch64/frozen.config;header_closure=rewrite/metadata/header_closure.tsv;selected=PENDING_REVIEW	425f94c2954b1fe80ebdbf9b29854e89750355df	8ec87034344ede6e887b445272a0c42851330fda9b8b10d5c7dd62353c315528	705fa9cf6ac5441d989805761e146231bbd8f07f38cfcaba95e1feab211e8114	0123af9e96b58af4e98b91a2de5608d36b63c67864b9041d3340587f3dbe40d2	cfa8dcf0d81c408de38d4202fe1ce9d9e5e301d1e67439c9530da94b1e64ee3f	7484d7b0dd80f45e18d726b04752827fe28555cc5c1af0e127948380e6688abf
semantic-proposal-v1	SC1-3ea53a98cdf2484d6da7f6b9fea8b2b38fa30ed55c42b20d69d3ebdd0e8378f5	S016178	1	P02	SYMBOLS.tsv	372091	mechanical_value	aarch64	include/uapi/linux/if_vlan.h	enum_constant	VLAN_FLAG_LOOSE_BINDING	37	PENDING_REVIEW	SOURCE_REVIEWED_VALUE	COMPLETE	vendor/linux/include/uapi/linux/if_vlan.h;vendor/linux/include/uapi/linux/if_vlan.h:37;rewrite/configs/aarch64/frozen.config;header_closure=rewrite/metadata/header_closure.tsv;selected=PENDING_REVIEW	425f94c2954b1fe80ebdbf9b29854e89750355df	8ec87034344ede6e887b445272a0c42851330fda9b8b10d5c7dd62353c315528	705fa9cf6ac5441d989805761e146231bbd8f07f38cfcaba95e1feab211e8114	0123af9e96b58af4e98b91a2de5608d36b63c67864b9041d3340587f3dbe40d2	cfa8dcf0d81c408de38d4202fe1ce9d9e5e301d1e67439c9530da94b1e64ee3f	7484d7b0dd80f45e18d726b04752827fe28555cc5c1af0e127948380e6688abf
semantic-proposal-v1	SC1-0198b24b3f70c8f6e9360318282003563fa2e9fa623a289096c25c9f6ccca751	S016178	1	P02	SYMBOLS.tsv	372091	selection_expression	aarch64	include/uapi/linux/if_vlan.h	enum_constant	VLAN_FLAG_LOOSE_BINDING	37	PENDING_REVIEW	SOURCE_REVIEWED_VALUE	COMPLETE	vendor/linux/include/uapi/linux/if_vlan.h;vendor/linux/include/uapi/linux/if_vlan.h:37;rewrite/configs/aarch64/frozen.config;header_closure=rewrite/metadata/header_closure.tsv;selected=PENDING_REVIEW	425f94c2954b1fe80ebdbf9b29854e89750355df	8ec87034344ede6e887b445272a0c42851330fda9b8b10d5c7dd62353c315528	705fa9cf6ac5441d989805761e146231bbd8f07f38cfcaba95e1feab211e8114	0123af9e96b58af4e98b91a2de5608d36b63c67864b9041d3340587f3dbe40d2	cfa8dcf0d81c408de38d4202fe1ce9d9e5e301d1e67439c9530da94b1e64ee3f	7484d7b0dd80f45e18d726b04752827fe28555cc5c1af0e127948380e6688abf
semantic-proposal-v1	SC1-54fea120669194cc2fd975a678d29138a9d5c135c939d9872e30dda94cbb4fa2	S016178	1	P02	SYMBOLS.tsv	372091	status	aarch64	include/uapi/linux/if_vlan.h	enum_constant	VLAN_FLAG_LOOSE_BINDING	37	PENDING_REVIEW	COMPLETE	COMPLETE	vendor/linux/include/uapi/linux/if_vlan.h;vendor/linux/include/uapi/linux/if_vlan.h:37;rewrite/configs/aarch64/frozen.config;header_closure=rewrite/metadata/header_closure.tsv;selected=PENDING_REVIEW	425f94c2954b1fe80ebdbf9b29854e89750355df	8ec87034344ede6e887b445272a0c42851330fda9b8b10d5c7dd62353c315528	705fa9cf6ac5441d989805761e146231bbd8f07f38cfcaba95e1feab211e8114	0123af9e96b58af4e98b91a2de5608d36b63c67864b9041d3340587f3dbe40d2	cfa8dcf0d81c408de38d4202fe1ce9d9e5e301d1e67439c9530da94b1e64ee3f	7484d7b0dd80f45e18d726b04752827fe28555cc5c1af0e127948380e6688abf
semantic-proposal-v1	SC1-be82b1e33bc0dbbd23070c761e9358f8225de9f0ac800858d6f8f82005d330cb	S016178	1	P02	SYMBOLS.tsv	372092	mechanical_value	aarch64	include/uapi/linux/if_vlan.h	enum_constant	VLAN_FLAG_MVRP	38	PENDING_REVIEW	SOURCE_REVIEWED_VALUE	COMPLETE	vendor/linux/include/uapi/linux/if_vlan.h;vendor/linux/include/uapi/linux/if_vlan.h:38;rewrite/configs/aarch64/frozen.config;header_closure=rewrite/metadata/header_closure.tsv;selected=PENDING_REVIEW	425f94c2954b1fe80ebdbf9b29854e89750355df	8ec87034344ede6e887b445272a0c42851330fda9b8b10d5c7dd62353c315528	705fa9cf6ac5441d989805761e146231bbd8f07f38cfcaba95e1feab211e8114	0123af9e96b58af4e98b91a2de5608d36b63c67864b9041d3340587f3dbe40d2	cfa8dcf0d81c408de38d4202fe1ce9d9e5e301d1e67439c9530da94b1e64ee3f	7484d7b0dd80f45e18d726b04752827fe28555cc5c1af0e127948380e6688abf
semantic-proposal-v1	SC1-9439c6f4fb7e6618dd2adbcc8634b4748737a9009777d642586b671c59cfd0e9	S016178	1	P02	SYMBOLS.tsv	372092	selection_expression	aarch64	include/uapi/linux/if_vlan.h	enum_constant	VLAN_FLAG_MVRP	38	PENDING_REVIEW	SOURCE_REVIEWED_VALUE	COMPLETE	vendor/linux/include/uapi/linux/if_vlan.h;vendor/linux/include/uapi/linux/if_vlan.h:38;rewrite/configs/aarch64/frozen.config;header_closure=rewrite/metadata/header_closure.tsv;selected=PENDING_REVIEW	425f94c2954b1fe80ebdbf9b29854e89750355df	8ec87034344ede6e887b445272a0c42851330fda9b8b10d5c7dd62353c315528	705fa9cf6ac5441d989805761e146231bbd8f07f38cfcaba95e1feab211e8114	0123af9e96b58af4e98b91a2de5608d36b63c67864b9041d3340587f3dbe40d2	cfa8dcf0d81c408de38d4202fe1ce9d9e5e301d1e67439c9530da94b1e64ee3f	7484d7b0dd80f45e18d726b04752827fe28555cc5c1af0e127948380e6688abf
semantic-proposal-v1	SC1-b7ddf8879896b1e4ffc727379b27cd16c6c54afe680b8730140cbc7537528a7e	S016178	1	P02	SYMBOLS.tsv	372092	status	aarch64	include/uapi/linux/if_vlan.h	enum_constant	VLAN_FLAG_MVRP	38	PENDING_REVIEW	COMPLETE	COMPLETE	vendor/linux/include/uapi/linux/if_vlan.h;vendor/linux/include/uapi/linux/if_vlan.h:38;rewrite/configs/aarch64/frozen.config;header_closure=rewrite/metadata/header_closure.tsv;selected=PENDING_REVIEW	425f94c2954b1fe80ebdbf9b29854e89750355df	8ec87034344ede6e887b445272a0c42851330fda9b8b10d5c7dd62353c315528	705fa9cf6ac5441d989805761e146231bbd8f07f38cfcaba95e1feab211e8114	0123af9e96b58af4e98b91a2de5608d36b63c67864b9041d3340587f3dbe40d2	cfa8dcf0d81c408de38d4202fe1ce9d9e5e301d1e67439c9530da94b1e64ee3f	7484d7b0dd80f45e18d726b04752827fe28555cc5c1af0e127948380e6688abf
semantic-proposal-v1	SC1-029428bf65519884c2951f1e3bf020792c249720a049379d0d89f654a499f49c	S016178	1	P02	SYMBOLS.tsv	372093	mechanical_value	aarch64	include/uapi/linux/if_vlan.h	enum_constant	VLAN_FLAG_BRIDGE_BINDING	39	PENDING_REVIEW	SOURCE_REVIEWED_VALUE	COMPLETE	vendor/linux/include/uapi/linux/if_vlan.h;vendor/linux/include/uapi/linux/if_vlan.h:39;rewrite/configs/aarch64/frozen.config;header_closure=rewrite/metadata/header_closure.tsv;selected=PENDING_REVIEW	425f94c2954b1fe80ebdbf9b29854e89750355df	8ec87034344ede6e887b445272a0c42851330fda9b8b10d5c7dd62353c315528	705fa9cf6ac5441d989805761e146231bbd8f07f38cfcaba95e1feab211e8114	0123af9e96b58af4e98b91a2de5608d36b63c67864b9041d3340587f3dbe40d2	cfa8dcf0d81c408de38d4202fe1ce9d9e5e301d1e67439c9530da94b1e64ee3f	7484d7b0dd80f45e18d726b04752827fe28555cc5c1af0e127948380e6688abf
semantic-proposal-v1	SC1-87e9dcaa878558ffd26112a7e5f35ac39dc7345593c1c355786fab4b38aea6eb	S016178	1	P02	SYMBOLS.tsv	372093	selection_expression	aarch64	include/uapi/linux/if_vlan.h	enum_constant	VLAN_FLAG_BRIDGE_BINDING	39	PENDING_REVIEW	SOURCE_REVIEWED_VALUE	COMPLETE	vendor/linux/include/uapi/linux/if_vlan.h;vendor/linux/include/uapi/linux/if_vlan.h:39;rewrite/configs/aarch64/frozen.config;header_closure=rewrite/metadata/header_closure.tsv;selected=PENDING_REVIEW	425f94c2954b1fe80ebdbf9b29854e89750355df	8ec87034344ede6e887b445272a0c42851330fda9b8b10d5c7dd62353c315528	705fa9cf6ac5441d989805761e146231bbd8f07f38cfcaba95e1feab211e8114	0123af9e96b58af4e98b91a2de5608d36b63c67864b9041d3340587f3dbe40d2	cfa8dcf0d81c408de38d4202fe1ce9d9e5e301d1e67439c9530da94b1e64ee3f	7484d7b0dd80f45e18d726b04752827fe28555cc5c1af0e127948380e6688abf
semantic-proposal-v1	SC1-e006129f7b335f32e51149147c682cc0b464d575129717d8bf0e169a7c42cb7e	S016178	1	P02	SYMBOLS.tsv	372093	status	aarch64	include/uapi/linux/if_vlan.h	enum_constant	VLAN_FLAG_BRIDGE_BINDING	39	PENDING_REVIEW	COMPLETE	COMPLETE	vendor/linux/include/uapi/linux/if_vlan.h;vendor/linux/include/uapi/linux/if_vlan.h:39;rewrite/configs/aarch64/frozen.config;header_closure=rewrite/metadata/header_closure.tsv;selected=PENDING_REVIEW	425f94c2954b1fe80ebdbf9b29854e89750355df	8ec87034344ede6e887b445272a0c42851330fda9b8b10d5c7dd62353c315528	705fa9cf6ac5441d989805761e146231bbd8f07f38cfcaba95e1feab211e8114	0123af9e96b58af4e98b91a2de5608d36b63c67864b9041d3340587f3dbe40d2	cfa8dcf0d81c408de38d4202fe1ce9d9e5e301d1e67439c9530da94b1e64ee3f	7484d7b0dd80f45e18d726b04752827fe28555cc5c1af0e127948380e6688abf
semantic-proposal-v1	SC1-26c6aa9343b276cb56d0301eff824379188153359fcc640f8c1d45d931f4efc6	S016178	1	P02	SYMBOLS.tsv	372094	selection_expression	aarch64	include/uapi/linux/if_vlan.h	type	enum vlan_name_types	42	PENDING_REVIEW	SOURCE_REVIEWED_VALUE	COMPLETE	vendor/linux/include/uapi/linux/if_vlan.h;vendor/linux/include/uapi/linux/if_vlan.h:42;rewrite/configs/aarch64/frozen.config;header_closure=rewrite/metadata/header_closure.tsv;selected=PENDING_REVIEW	425f94c2954b1fe80ebdbf9b29854e89750355df	8ec87034344ede6e887b445272a0c42851330fda9b8b10d5c7dd62353c315528	705fa9cf6ac5441d989805761e146231bbd8f07f38cfcaba95e1feab211e8114	0123af9e96b58af4e98b91a2de5608d36b63c67864b9041d3340587f3dbe40d2	cfa8dcf0d81c408de38d4202fe1ce9d9e5e301d1e67439c9530da94b1e64ee3f	7484d7b0dd80f45e18d726b04752827fe28555cc5c1af0e127948380e6688abf
semantic-proposal-v1	SC1-01b4ea5dd945e688f53c2f39e8e0fced72e08a36c4cb8ead1e6b1b9495b3ed19	S016178	1	P02	SYMBOLS.tsv	372094	status	aarch64	include/uapi/linux/if_vlan.h	type	enum vlan_name_types	42	PENDING_REVIEW	COMPLETE	COMPLETE	vendor/linux/include/uapi/linux/if_vlan.h;vendor/linux/include/uapi/linux/if_vlan.h:42;rewrite/configs/aarch64/frozen.config;header_closure=rewrite/metadata/header_closure.tsv;selected=PENDING_REVIEW	425f94c2954b1fe80ebdbf9b29854e89750355df	8ec87034344ede6e887b445272a0c42851330fda9b8b10d5c7dd62353c315528	705fa9cf6ac5441d989805761e146231bbd8f07f38cfcaba95e1feab211e8114	0123af9e96b58af4e98b91a2de5608d36b63c67864b9041d3340587f3dbe40d2	cfa8dcf0d81c408de38d4202fe1ce9d9e5e301d1e67439c9530da94b1e64ee3f	7484d7b0dd80f45e18d726b04752827fe28555cc5c1af0e127948380e6688abf
semantic-proposal-v1	SC1-a128bc357af2ec78f1c7b7102e10d347f9524223d13d55740d2754cce7f9668c	S016178	1	P02	SYMBOLS.tsv	372095	selection_expression	aarch64	include/uapi/linux/if_vlan.h	enum_constant	VLAN_NAME_TYPE_PLUS_VID	43	PENDING_REVIEW	SOURCE_REVIEWED_VALUE	COMPLETE	vendor/linux/include/uapi/linux/if_vlan.h;vendor/linux/include/uapi/linux/if_vlan.h:43;rewrite/configs/aarch64/frozen.config;header_closure=rewrite/metadata/header_closure.tsv;selected=PENDING_REVIEW	425f94c2954b1fe80ebdbf9b29854e89750355df	8ec87034344ede6e887b445272a0c42851330fda9b8b10d5c7dd62353c315528	705fa9cf6ac5441d989805761e146231bbd8f07f38cfcaba95e1feab211e8114	0123af9e96b58af4e98b91a2de5608d36b63c67864b9041d3340587f3dbe40d2	cfa8dcf0d81c408de38d4202fe1ce9d9e5e301d1e67439c9530da94b1e64ee3f	7484d7b0dd80f45e18d726b04752827fe28555cc5c1af0e127948380e6688abf
semantic-proposal-v1	SC1-ce2dec5c1417065981c1f0166f967718473f8fc24b9edd84cffe1ab370d2d006	S016178	1	P02	SYMBOLS.tsv	372095	status	aarch64	include/uapi/linux/if_vlan.h	enum_constant	VLAN_NAME_TYPE_PLUS_VID	43	PENDING_REVIEW	COMPLETE	COMPLETE	vendor/linux/include/uapi/linux/if_vlan.h;vendor/linux/include/uapi/linux/if_vlan.h:43;rewrite/configs/aarch64/frozen.config;header_closure=rewrite/metadata/header_closure.tsv;selected=PENDING_REVIEW	425f94c2954b1fe80ebdbf9b29854e89750355df	8ec87034344ede6e887b445272a0c42851330fda9b8b10d5c7dd62353c315528	705fa9cf6ac5441d989805761e146231bbd8f07f38cfcaba95e1feab211e8114	0123af9e96b58af4e98b91a2de5608d36b63c67864b9041d3340587f3dbe40d2	cfa8dcf0d81c408de38d4202fe1ce9d9e5e301d1e67439c9530da94b1e64ee3f	7484d7b0dd80f45e18d726b04752827fe28555cc5c1af0e127948380e6688abf
semantic-proposal-v1	SC1-23dd1fd8fd5087bbc16b9e786ae9864168d4da9a9539ba2961d9fc4c14fe92a9	S016178	1	P02	SYMBOLS.tsv	372096	selection_expression	aarch64	include/uapi/linux/if_vlan.h	enum_constant	VLAN_NAME_TYPE_RAW_PLUS_VID	44	PENDING_REVIEW	SOURCE_REVIEWED_VALUE	COMPLETE	vendor/linux/include/uapi/linux/if_vlan.h;vendor/linux/include/uapi/linux/if_vlan.h:44;rewrite/configs/aarch64/frozen.config;header_closure=rewrite/metadata/header_closure.tsv;selected=PENDING_REVIEW	425f94c2954b1fe80ebdbf9b29854e89750355df	8ec87034344ede6e887b445272a0c42851330fda9b8b10d5c7dd62353c315528	705fa9cf6ac5441d989805761e146231bbd8f07f38cfcaba95e1feab211e8114	0123af9e96b58af4e98b91a2de5608d36b63c67864b9041d3340587f3dbe40d2	cfa8dcf0d81c408de38d4202fe1ce9d9e5e301d1e67439c9530da94b1e64ee3f	7484d7b0dd80f45e18d726b04752827fe28555cc5c1af0e127948380e6688abf
semantic-proposal-v1	SC1-08684a6ad85befcdd77cff2cfc3561bea9adcbf5fbb5649c3118694b85a2c0da	S016178	1	P02	SYMBOLS.tsv	372096	status	aarch64	include/uapi/linux/if_vlan.h	enum_constant	VLAN_NAME_TYPE_RAW_PLUS_VID	44	PENDING_REVIEW	COMPLETE	COMPLETE	vendor/linux/include/uapi/linux/if_vlan.h;vendor/linux/include/uapi/linux/if_vlan.h:44;rewrite/configs/aarch64/frozen.config;header_closure=rewrite/metadata/header_closure.tsv;selected=PENDING_REVIEW	425f94c2954b1fe80ebdbf9b29854e89750355df	8ec87034344ede6e887b445272a0c42851330fda9b8b10d5c7dd62353c315528	705fa9cf6ac5441d989805761e146231bbd8f07f38cfcaba95e1feab211e8114	0123af9e96b58af4e98b91a2de5608d36b63c67864b9041d3340587f3dbe40d2	cfa8dcf0d81c408de38d4202fe1ce9d9e5e301d1e67439c9530da94b1e64ee3f	7484d7b0dd80f45e18d726b04752827fe28555cc5c1af0e127948380e6688abf
semantic-proposal-v1	SC1-66975ede0488784be783e355488c7f00a5b7b197fa17c94f8940005223e6f078	S016178	1	P02	SYMBOLS.tsv	372097	selection_expression	aarch64	include/uapi/linux/if_vlan.h	enum_constant	VLAN_NAME_TYPE_PLUS_VID_NO_PAD	45	PENDING_REVIEW	SOURCE_REVIEWED_VALUE	COMPLETE	vendor/linux/include/uapi/linux/if_vlan.h;vendor/linux/include/uapi/linux/if_vlan.h:45;rewrite/configs/aarch64/frozen.config;header_closure=rewrite/metadata/header_closure.tsv;selected=PENDING_REVIEW	425f94c2954b1fe80ebdbf9b29854e89750355df	8ec87034344ede6e887b445272a0c42851330fda9b8b10d5c7dd62353c315528	705fa9cf6ac5441d989805761e146231bbd8f07f38cfcaba95e1feab211e8114	0123af9e96b58af4e98b91a2de5608d36b63c67864b9041d3340587f3dbe40d2	cfa8dcf0d81c408de38d4202fe1ce9d9e5e301d1e67439c9530da94b1e64ee3f	7484d7b0dd80f45e18d726b04752827fe28555cc5c1af0e127948380e6688abf
semantic-proposal-v1	SC1-564e39d4c5117bd263aa5d20fe101db013f33eae41950cc2867411393ff81f00	S016178	1	P02	SYMBOLS.tsv	372097	status	aarch64	include/uapi/linux/if_vlan.h	enum_constant	VLAN_NAME_TYPE_PLUS_VID_NO_PAD	45	PENDING_REVIEW	COMPLETE	COMPLETE	vendor/linux/include/uapi/linux/if_vlan.h;vendor/linux/include/uapi/linux/if_vlan.h:45;rewrite/configs/aarch64/frozen.config;header_closure=rewrite/metadata/header_closure.tsv;selected=PENDING_REVIEW	425f94c2954b1fe80ebdbf9b29854e89750355df	8ec87034344ede6e887b445272a0c42851330fda9b8b10d5c7dd62353c315528	705fa9cf6ac5441d989805761e146231bbd8f07f38cfcaba95e1feab211e8114	0123af9e96b58af4e98b91a2de5608d36b63c67864b9041d3340587f3dbe40d2	cfa8dcf0d81c408de38d4202fe1ce9d9e5e301d1e67439c9530da94b1e64ee3f	7484d7b0dd80f45e18d726b04752827fe28555cc5c1af0e127948380e6688abf
semantic-proposal-v1	SC1-2d4d6afe07a1249749d994cc2b199b55f611d779158f17693adf41bd27180f5e	S016178	1	P02	SYMBOLS.tsv	372098	selection_expression	aarch64	include/uapi/linux/if_vlan.h	enum_constant	VLAN_NAME_TYPE_RAW_PLUS_VID_NO_PAD	46	PENDING_REVIEW	SOURCE_REVIEWED_VALUE	COMPLETE	vendor/linux/include/uapi/linux/if_vlan.h;vendor/linux/include/uapi/linux/if_vlan.h:46;rewrite/configs/aarch64/frozen.config;header_closure=rewrite/metadata/header_closure.tsv;selected=PENDING_REVIEW	425f94c2954b1fe80ebdbf9b29854e89750355df	8ec87034344ede6e887b445272a0c42851330fda9b8b10d5c7dd62353c315528	705fa9cf6ac5441d989805761e146231bbd8f07f38cfcaba95e1feab211e8114	0123af9e96b58af4e98b91a2de5608d36b63c67864b9041d3340587f3dbe40d2	cfa8dcf0d81c408de38d4202fe1ce9d9e5e301d1e67439c9530da94b1e64ee3f	7484d7b0dd80f45e18d726b04752827fe28555cc5c1af0e127948380e6688abf
semantic-proposal-v1	SC1-d39d6608a11d6948204a3f80429ffbbd010077275d1b7a6fb0d451d1ac8b2eac	S016178	1	P02	SYMBOLS.tsv	372098	status	aarch64	include/uapi/linux/if_vlan.h	enum_constant	VLAN_NAME_TYPE_RAW_PLUS_VID_NO_PAD	46	PENDING_REVIEW	COMPLETE	COMPLETE	vendor/linux/include/uapi/linux/if_vlan.h;vendor/linux/include/uapi/linux/if_vlan.h:46;rewrite/configs/aarch64/frozen.config;header_closure=rewrite/metadata/header_closure.tsv;selected=PENDING_REVIEW	425f94c2954b1fe80ebdbf9b29854e89750355df	8ec87034344ede6e887b445272a0c42851330fda9b8b10d5c7dd62353c315528	705fa9cf6ac5441d989805761e146231bbd8f07f38cfcaba95e1feab211e8114	0123af9e96b58af4e98b91a2de5608d36b63c67864b9041d3340587f3dbe40d2	cfa8dcf0d81c408de38d4202fe1ce9d9e5e301d1e67439c9530da94b1e64ee3f	7484d7b0dd80f45e18d726b04752827fe28555cc5c1af0e127948380e6688abf
semantic-proposal-v1	SC1-afff0884e297897a1a779e8fa44ec6a74e9cdcfe2eb40e4975758395b47e24e2	S016178	1	P02	SYMBOLS.tsv	372099	selection_expression	aarch64	include/uapi/linux/if_vlan.h	enum_constant	VLAN_NAME_TYPE_HIGHEST	47	PENDING_REVIEW	SOURCE_REVIEWED_VALUE	COMPLETE	vendor/linux/include/uapi/linux/if_vlan.h;vendor/linux/include/uapi/linux/if_vlan.h:47;rewrite/configs/aarch64/frozen.config;header_closure=rewrite/metadata/header_closure.tsv;selected=PENDING_REVIEW	425f94c2954b1fe80ebdbf9b29854e89750355df	8ec87034344ede6e887b445272a0c42851330fda9b8b10d5c7dd62353c315528	705fa9cf6ac5441d989805761e146231bbd8f07f38cfcaba95e1feab211e8114	0123af9e96b58af4e98b91a2de5608d36b63c67864b9041d3340587f3dbe40d2	cfa8dcf0d81c408de38d4202fe1ce9d9e5e301d1e67439c9530da94b1e64ee3f	7484d7b0dd80f45e18d726b04752827fe28555cc5c1af0e127948380e6688abf
semantic-proposal-v1	SC1-c469b765052a82e512446f1bbe559ece14e2d5a57d3fdaacdbea972d10e9ff31	S016178	1	P02	SYMBOLS.tsv	372099	status	aarch64	include/uapi/linux/if_vlan.h	enum_constant	VLAN_NAME_TYPE_HIGHEST	47	PENDING_REVIEW	COMPLETE	COMPLETE	vendor/linux/include/uapi/linux/if_vlan.h;vendor/linux/include/uapi/linux/if_vlan.h:47;rewrite/configs/aarch64/frozen.config;header_closure=rewrite/metadata/header_closure.tsv;selected=PENDING_REVIEW	425f94c2954b1fe80ebdbf9b29854e89750355df	8ec87034344ede6e887b445272a0c42851330fda9b8b10d5c7dd62353c315528	705fa9cf6ac5441d989805761e146231bbd8f07f38cfcaba95e1feab211e8114	0123af9e96b58af4e98b91a2de5608d36b63c67864b9041d3340587f3dbe40d2	cfa8dcf0d81c408de38d4202fe1ce9d9e5e301d1e67439c9530da94b1e64ee3f	7484d7b0dd80f45e18d726b04752827fe28555cc5c1af0e127948380e6688abf
semantic-proposal-v1	SC1-9a4de4b83609bbac079a3c724e5c30d44a79de6e6c3f4a14a7acb4d1ff386d57	S016178	1	P02	SYMBOLS.tsv	372100	selection_expression	aarch64	include/uapi/linux/if_vlan.h	type	struct vlan_ioctl_args	50	PENDING_REVIEW	SOURCE_REVIEWED_VALUE	COMPLETE	vendor/linux/include/uapi/linux/if_vlan.h;vendor/linux/include/uapi/linux/if_vlan.h:50;rewrite/configs/aarch64/frozen.config;header_closure=rewrite/metadata/header_closure.tsv;selected=PENDING_REVIEW	425f94c2954b1fe80ebdbf9b29854e89750355df	8ec87034344ede6e887b445272a0c42851330fda9b8b10d5c7dd62353c315528	705fa9cf6ac5441d989805761e146231bbd8f07f38cfcaba95e1feab211e8114	0123af9e96b58af4e98b91a2de5608d36b63c67864b9041d3340587f3dbe40d2	cfa8dcf0d81c408de38d4202fe1ce9d9e5e301d1e67439c9530da94b1e64ee3f	7484d7b0dd80f45e18d726b04752827fe28555cc5c1af0e127948380e6688abf
semantic-proposal-v1	SC1-0321c5e38e4fa952e1a846edd4c995d6c3fb6c71570311e4b575d2cb6776087b	S016178	1	P02	SYMBOLS.tsv	372100	status	aarch64	include/uapi/linux/if_vlan.h	type	struct vlan_ioctl_args	50	PENDING_REVIEW	COMPLETE	COMPLETE	vendor/linux/include/uapi/linux/if_vlan.h;vendor/linux/include/uapi/linux/if_vlan.h:50;rewrite/configs/aarch64/frozen.config;header_closure=rewrite/metadata/header_closure.tsv;selected=PENDING_REVIEW	425f94c2954b1fe80ebdbf9b29854e89750355df	8ec87034344ede6e887b445272a0c42851330fda9b8b10d5c7dd62353c315528	705fa9cf6ac5441d989805761e146231bbd8f07f38cfcaba95e1feab211e8114	0123af9e96b58af4e98b91a2de5608d36b63c67864b9041d3340587f3dbe40d2	cfa8dcf0d81c408de38d4202fe1ce9d9e5e301d1e67439c9530da94b1e64ee3f	7484d7b0dd80f45e18d726b04752827fe28555cc5c1af0e127948380e6688abf
semantic-proposal-v1	SC1-979f602656f4c60c8fcbd6e9600044f93bf1b50f4182f73e88b882cd1fdeb6c4	S016178	1	P02	SYMBOLS.tsv	372101	selection_expression	aarch64	include/uapi/linux/if_vlan.h	type	anonymous_union@54	54	PENDING_REVIEW	SOURCE_REVIEWED_VALUE	COMPLETE	vendor/linux/include/uapi/linux/if_vlan.h;vendor/linux/include/uapi/linux/if_vlan.h:54;rewrite/configs/aarch64/frozen.config;header_closure=rewrite/metadata/header_closure.tsv;selected=PENDING_REVIEW	425f94c2954b1fe80ebdbf9b29854e89750355df	8ec87034344ede6e887b445272a0c42851330fda9b8b10d5c7dd62353c315528	705fa9cf6ac5441d989805761e146231bbd8f07f38cfcaba95e1feab211e8114	0123af9e96b58af4e98b91a2de5608d36b63c67864b9041d3340587f3dbe40d2	cfa8dcf0d81c408de38d4202fe1ce9d9e5e301d1e67439c9530da94b1e64ee3f	7484d7b0dd80f45e18d726b04752827fe28555cc5c1af0e127948380e6688abf
semantic-proposal-v1	SC1-c9f96216fd376f8e1986e01566284a18c096ab37105f301d4c2a9e449b4eafd1	S016178	1	P02	SYMBOLS.tsv	372101	status	aarch64	include/uapi/linux/if_vlan.h	type	anonymous_union@54	54	PENDING_REVIEW	COMPLETE	COMPLETE	vendor/linux/include/uapi/linux/if_vlan.h;vendor/linux/include/uapi/linux/if_vlan.h:54;rewrite/configs/aarch64/frozen.config;header_closure=rewrite/metadata/header_closure.tsv;selected=PENDING_REVIEW	425f94c2954b1fe80ebdbf9b29854e89750355df	8ec87034344ede6e887b445272a0c42851330fda9b8b10d5c7dd62353c315528	705fa9cf6ac5441d989805761e146231bbd8f07f38cfcaba95e1feab211e8114	0123af9e96b58af4e98b91a2de5608d36b63c67864b9041d3340587f3dbe40d2	cfa8dcf0d81c408de38d4202fe1ce9d9e5e301d1e67439c9530da94b1e64ee3f	7484d7b0dd80f45e18d726b04752827fe28555cc5c1af0e127948380e6688abf
semantic-proposal-v1	SC1-695ef55217a1bc5ff4dcd0db7134c7b124a6d6f85204538854398073880becbe	S016178	1	P02	SYMBOLS.tsv	372102	status	x86_64	include/uapi/linux/if_vlan.h	conditional	ifndef@14	14	PENDING_REVIEW	COMPLETE	COMPLETE	vendor/linux/include/uapi/linux/if_vlan.h;vendor/linux/include/uapi/linux/if_vlan.h:14;rewrite/configs/x86_64/frozen.config;header_closure=rewrite/metadata/header_closure.tsv;selected=PENDING_REVIEW	425f94c2954b1fe80ebdbf9b29854e89750355df	8ec87034344ede6e887b445272a0c42851330fda9b8b10d5c7dd62353c315528	705fa9cf6ac5441d989805761e146231bbd8f07f38cfcaba95e1feab211e8114	0123af9e96b58af4e98b91a2de5608d36b63c67864b9041d3340587f3dbe40d2	cfa8dcf0d81c408de38d4202fe1ce9d9e5e301d1e67439c9530da94b1e64ee3f	7484d7b0dd80f45e18d726b04752827fe28555cc5c1af0e127948380e6688abf
semantic-proposal-v1	SC1-f970ded501c2243155a99ca910c50eaf59d18d6e20573df7a3bfda24095f8f79	S016178	1	P02	SYMBOLS.tsv	372103	status	x86_64	include/uapi/linux/if_vlan.h	conditional	endif@66	66	PENDING_REVIEW	COMPLETE	COMPLETE	vendor/linux/include/uapi/linux/if_vlan.h;vendor/linux/include/uapi/linux/if_vlan.h:66;rewrite/configs/x86_64/frozen.config;header_closure=rewrite/metadata/header_closure.tsv;selected=PENDING_REVIEW	425f94c2954b1fe80ebdbf9b29854e89750355df	8ec87034344ede6e887b445272a0c42851330fda9b8b10d5c7dd62353c315528	705fa9cf6ac5441d989805761e146231bbd8f07f38cfcaba95e1feab211e8114	0123af9e96b58af4e98b91a2de5608d36b63c67864b9041d3340587f3dbe40d2	cfa8dcf0d81c408de38d4202fe1ce9d9e5e301d1e67439c9530da94b1e64ee3f	7484d7b0dd80f45e18d726b04752827fe28555cc5c1af0e127948380e6688abf
semantic-proposal-v1	SC1-1666344850b8b982d9b13265fc821d8e80ff13d4f30dd3544c54f52559821332	S016178	1	P02	SYMBOLS.tsv	372104	selection_expression	x86_64	include/uapi/linux/if_vlan.h	operative_macro	_UAPI_LINUX_IF_VLAN_H_	15	PENDING_REVIEW	SOURCE_REVIEWED_VALUE	COMPLETE	vendor/linux/include/uapi/linux/if_vlan.h;vendor/linux/include/uapi/linux/if_vlan.h:15;rewrite/configs/x86_64/frozen.config;header_closure=rewrite/metadata/header_closure.tsv;selected=PENDING_REVIEW	425f94c2954b1fe80ebdbf9b29854e89750355df	8ec87034344ede6e887b445272a0c42851330fda9b8b10d5c7dd62353c315528	705fa9cf6ac5441d989805761e146231bbd8f07f38cfcaba95e1feab211e8114	0123af9e96b58af4e98b91a2de5608d36b63c67864b9041d3340587f3dbe40d2	cfa8dcf0d81c408de38d4202fe1ce9d9e5e301d1e67439c9530da94b1e64ee3f	7484d7b0dd80f45e18d726b04752827fe28555cc5c1af0e127948380e6688abf
semantic-proposal-v1	SC1-106ef052f7c9286b5306de44068c62e49016c76b1f9021478883eda820bf9a70	S016178	1	P02	SYMBOLS.tsv	372104	status	x86_64	include/uapi/linux/if_vlan.h	operative_macro	_UAPI_LINUX_IF_VLAN_H_	15	PENDING_REVIEW	COMPLETE	COMPLETE	vendor/linux/include/uapi/linux/if_vlan.h;vendor/linux/include/uapi/linux/if_vlan.h:15;rewrite/configs/x86_64/frozen.config;header_closure=rewrite/metadata/header_closure.tsv;selected=PENDING_REVIEW	425f94c2954b1fe80ebdbf9b29854e89750355df	8ec87034344ede6e887b445272a0c42851330fda9b8b10d5c7dd62353c315528	705fa9cf6ac5441d989805761e146231bbd8f07f38cfcaba95e1feab211e8114	0123af9e96b58af4e98b91a2de5608d36b63c67864b9041d3340587f3dbe40d2	cfa8dcf0d81c408de38d4202fe1ce9d9e5e301d1e67439c9530da94b1e64ee3f	7484d7b0dd80f45e18d726b04752827fe28555cc5c1af0e127948380e6688abf
semantic-proposal-v1	SC1-4ac12c3f691aea2b35e0e36f4642b98dd45428275789e666f81917a230ac595d	S016178	1	P02	SYMBOLS.tsv	372105	selection_expression	x86_64	include/uapi/linux/if_vlan.h	type	enum vlan_ioctl_cmds	21	PENDING_REVIEW	SOURCE_REVIEWED_VALUE	COMPLETE	vendor/linux/include/uapi/linux/if_vlan.h;vendor/linux/include/uapi/linux/if_vlan.h:21;rewrite/configs/x86_64/frozen.config;header_closure=rewrite/metadata/header_closure.tsv;selected=PENDING_REVIEW	425f94c2954b1fe80ebdbf9b29854e89750355df	8ec87034344ede6e887b445272a0c42851330fda9b8b10d5c7dd62353c315528	705fa9cf6ac5441d989805761e146231bbd8f07f38cfcaba95e1feab211e8114	0123af9e96b58af4e98b91a2de5608d36b63c67864b9041d3340587f3dbe40d2	cfa8dcf0d81c408de38d4202fe1ce9d9e5e301d1e67439c9530da94b1e64ee3f	7484d7b0dd80f45e18d726b04752827fe28555cc5c1af0e127948380e6688abf
semantic-proposal-v1	SC1-11a94fbdd2ae26b3c605f94f4d60f439c92c9ef06e9400bcc19a70dae76228d2	S016178	1	P02	SYMBOLS.tsv	372105	status	x86_64	include/uapi/linux/if_vlan.h	type	enum vlan_ioctl_cmds	21	PENDING_REVIEW	COMPLETE	COMPLETE	vendor/linux/include/uapi/linux/if_vlan.h;vendor/linux/include/uapi/linux/if_vlan.h:21;rewrite/configs/x86_64/frozen.config;header_closure=rewrite/metadata/header_closure.tsv;selected=PENDING_REVIEW	425f94c2954b1fe80ebdbf9b29854e89750355df	8ec87034344ede6e887b445272a0c42851330fda9b8b10d5c7dd62353c315528	705fa9cf6ac5441d989805761e146231bbd8f07f38cfcaba95e1feab211e8114	0123af9e96b58af4e98b91a2de5608d36b63c67864b9041d3340587f3dbe40d2	cfa8dcf0d81c408de38d4202fe1ce9d9e5e301d1e67439c9530da94b1e64ee3f	7484d7b0dd80f45e18d726b04752827fe28555cc5c1af0e127948380e6688abf
semantic-proposal-v1	SC1-0c7510ecf8a94bf2c90d559c443745d20b60c3c697937ba9c23c958f62a32f74	S016178	1	P02	SYMBOLS.tsv	372106	selection_expression	x86_64	include/uapi/linux/if_vlan.h	enum_constant	ADD_VLAN_CMD	22	PENDING_REVIEW	SOURCE_REVIEWED_VALUE	COMPLETE	vendor/linux/include/uapi/linux/if_vlan.h;vendor/linux/include/uapi/linux/if_vlan.h:22;rewrite/configs/x86_64/frozen.config;header_closure=rewrite/metadata/header_closure.tsv;selected=PENDING_REVIEW	425f94c2954b1fe80ebdbf9b29854e89750355df	8ec87034344ede6e887b445272a0c42851330fda9b8b10d5c7dd62353c315528	705fa9cf6ac5441d989805761e146231bbd8f07f38cfcaba95e1feab211e8114	0123af9e96b58af4e98b91a2de5608d36b63c67864b9041d3340587f3dbe40d2	cfa8dcf0d81c408de38d4202fe1ce9d9e5e301d1e67439c9530da94b1e64ee3f	7484d7b0dd80f45e18d726b04752827fe28555cc5c1af0e127948380e6688abf
semantic-proposal-v1	SC1-3955b33db894ce410d57ce0dffad574b9559a8ca4b57ba29961da21f405e0893	S016178	1	P02	SYMBOLS.tsv	372106	status	x86_64	include/uapi/linux/if_vlan.h	enum_constant	ADD_VLAN_CMD	22	PENDING_REVIEW	COMPLETE	COMPLETE	vendor/linux/include/uapi/linux/if_vlan.h;vendor/linux/include/uapi/linux/if_vlan.h:22;rewrite/configs/x86_64/frozen.config;header_closure=rewrite/metadata/header_closure.tsv;selected=PENDING_REVIEW	425f94c2954b1fe80ebdbf9b29854e89750355df	8ec87034344ede6e887b445272a0c42851330fda9b8b10d5c7dd62353c315528	705fa9cf6ac5441d989805761e146231bbd8f07f38cfcaba95e1feab211e8114	0123af9e96b58af4e98b91a2de5608d36b63c67864b9041d3340587f3dbe40d2	cfa8dcf0d81c408de38d4202fe1ce9d9e5e301d1e67439c9530da94b1e64ee3f	7484d7b0dd80f45e18d726b04752827fe28555cc5c1af0e127948380e6688abf
semantic-proposal-v1	SC1-53c88b39dfcf1718d96293d15a34edba6cf8a44b647d52e7eb55b4bc2d8bb262	S016178	1	P02	SYMBOLS.tsv	372107	selection_expression	x86_64	include/uapi/linux/if_vlan.h	enum_constant	DEL_VLAN_CMD	23	PENDING_REVIEW	SOURCE_REVIEWED_VALUE	COMPLETE	vendor/linux/include/uapi/linux/if_vlan.h;vendor/linux/include/uapi/linux/if_vlan.h:23;rewrite/configs/x86_64/frozen.config;header_closure=rewrite/metadata/header_closure.tsv;selected=PENDING_REVIEW	425f94c2954b1fe80ebdbf9b29854e89750355df	8ec87034344ede6e887b445272a0c42851330fda9b8b10d5c7dd62353c315528	705fa9cf6ac5441d989805761e146231bbd8f07f38cfcaba95e1feab211e8114	0123af9e96b58af4e98b91a2de5608d36b63c67864b9041d3340587f3dbe40d2	cfa8dcf0d81c408de38d4202fe1ce9d9e5e301d1e67439c9530da94b1e64ee3f	7484d7b0dd80f45e18d726b04752827fe28555cc5c1af0e127948380e6688abf
semantic-proposal-v1	SC1-8634fd1f53eba186cfb0c203b468d75e3d0fd3d401d787ec0ca291461b77c2ef	S016178	1	P02	SYMBOLS.tsv	372107	status	x86_64	include/uapi/linux/if_vlan.h	enum_constant	DEL_VLAN_CMD	23	PENDING_REVIEW	COMPLETE	COMPLETE	vendor/linux/include/uapi/linux/if_vlan.h;vendor/linux/include/uapi/linux/if_vlan.h:23;rewrite/configs/x86_64/frozen.config;header_closure=rewrite/metadata/header_closure.tsv;selected=PENDING_REVIEW	425f94c2954b1fe80ebdbf9b29854e89750355df	8ec87034344ede6e887b445272a0c42851330fda9b8b10d5c7dd62353c315528	705fa9cf6ac5441d989805761e146231bbd8f07f38cfcaba95e1feab211e8114	0123af9e96b58af4e98b91a2de5608d36b63c67864b9041d3340587f3dbe40d2	cfa8dcf0d81c408de38d4202fe1ce9d9e5e301d1e67439c9530da94b1e64ee3f	7484d7b0dd80f45e18d726b04752827fe28555cc5c1af0e127948380e6688abf
semantic-proposal-v1	SC1-781431a3c49499fe49363151ec5827c36f44032b6f0868e4c2c73c0608234255	S016178	1	P02	SYMBOLS.tsv	372108	selection_expression	x86_64	include/uapi/linux/if_vlan.h	enum_constant	SET_VLAN_INGRESS_PRIORITY_CMD	24	PENDING_REVIEW	SOURCE_REVIEWED_VALUE	COMPLETE	vendor/linux/include/uapi/linux/if_vlan.h;vendor/linux/include/uapi/linux/if_vlan.h:24;rewrite/configs/x86_64/frozen.config;header_closure=rewrite/metadata/header_closure.tsv;selected=PENDING_REVIEW	425f94c2954b1fe80ebdbf9b29854e89750355df	8ec87034344ede6e887b445272a0c42851330fda9b8b10d5c7dd62353c315528	705fa9cf6ac5441d989805761e146231bbd8f07f38cfcaba95e1feab211e8114	0123af9e96b58af4e98b91a2de5608d36b63c67864b9041d3340587f3dbe40d2	cfa8dcf0d81c408de38d4202fe1ce9d9e5e301d1e67439c9530da94b1e64ee3f	7484d7b0dd80f45e18d726b04752827fe28555cc5c1af0e127948380e6688abf
semantic-proposal-v1	SC1-dd592a1f062933a47c538253ac85a6597ccef3fdffab91ce9cd2eaa1e7ae4761	S016178	1	P02	SYMBOLS.tsv	372108	status	x86_64	include/uapi/linux/if_vlan.h	enum_constant	SET_VLAN_INGRESS_PRIORITY_CMD	24	PENDING_REVIEW	COMPLETE	COMPLETE	vendor/linux/include/uapi/linux/if_vlan.h;vendor/linux/include/uapi/linux/if_vlan.h:24;rewrite/configs/x86_64/frozen.config;header_closure=rewrite/metadata/header_closure.tsv;selected=PENDING_REVIEW	425f94c2954b1fe80ebdbf9b29854e89750355df	8ec87034344ede6e887b445272a0c42851330fda9b8b10d5c7dd62353c315528	705fa9cf6ac5441d989805761e146231bbd8f07f38cfcaba95e1feab211e8114	0123af9e96b58af4e98b91a2de5608d36b63c67864b9041d3340587f3dbe40d2	cfa8dcf0d81c408de38d4202fe1ce9d9e5e301d1e67439c9530da94b1e64ee3f	7484d7b0dd80f45e18d726b04752827fe28555cc5c1af0e127948380e6688abf
semantic-proposal-v1	SC1-9a2a51ec327084172456dd7617326584ddd8b004eddfae23d62ad0616ecbd10a	S016178	1	P02	SYMBOLS.tsv	372109	selection_expression	x86_64	include/uapi/linux/if_vlan.h	enum_constant	SET_VLAN_EGRESS_PRIORITY_CMD	25	PENDING_REVIEW	SOURCE_REVIEWED_VALUE	COMPLETE	vendor/linux/include/uapi/linux/if_vlan.h;vendor/linux/include/uapi/linux/if_vlan.h:25;rewrite/configs/x86_64/frozen.config;header_closure=rewrite/metadata/header_closure.tsv;selected=PENDING_REVIEW	425f94c2954b1fe80ebdbf9b29854e89750355df	8ec87034344ede6e887b445272a0c42851330fda9b8b10d5c7dd62353c315528	705fa9cf6ac5441d989805761e146231bbd8f07f38cfcaba95e1feab211e8114	0123af9e96b58af4e98b91a2de5608d36b63c67864b9041d3340587f3dbe40d2	cfa8dcf0d81c408de38d4202fe1ce9d9e5e301d1e67439c9530da94b1e64ee3f	7484d7b0dd80f45e18d726b04752827fe28555cc5c1af0e127948380e6688abf
semantic-proposal-v1	SC1-0e98fc611fdf4f8d193365ba93207bc0d3ba95d19a3f9d9b72c1a18675902ff3	S016178	1	P02	SYMBOLS.tsv	372109	status	x86_64	include/uapi/linux/if_vlan.h	enum_constant	SET_VLAN_EGRESS_PRIORITY_CMD	25	PENDING_REVIEW	COMPLETE	COMPLETE	vendor/linux/include/uapi/linux/if_vlan.h;vendor/linux/include/uapi/linux/if_vlan.h:25;rewrite/configs/x86_64/frozen.config;header_closure=rewrite/metadata/header_closure.tsv;selected=PENDING_REVIEW	425f94c2954b1fe80ebdbf9b29854e89750355df	8ec87034344ede6e887b445272a0c42851330fda9b8b10d5c7dd62353c315528	705fa9cf6ac5441d989805761e146231bbd8f07f38cfcaba95e1feab211e8114	0123af9e96b58af4e98b91a2de5608d36b63c67864b9041d3340587f3dbe40d2	cfa8dcf0d81c408de38d4202fe1ce9d9e5e301d1e67439c9530da94b1e64ee3f	7484d7b0dd80f45e18d726b04752827fe28555cc5c1af0e127948380e6688abf
semantic-proposal-v1	SC1-20ee3f6e7a073acb7c1bc63d7eff62d48126bec1c461867745dcdefd20b1734e	S016178	1	P02	SYMBOLS.tsv	372110	selection_expression	x86_64	include/uapi/linux/if_vlan.h	enum_constant	GET_VLAN_INGRESS_PRIORITY_CMD	26	PENDING_REVIEW	SOURCE_REVIEWED_VALUE	COMPLETE	vendor/linux/include/uapi/linux/if_vlan.h;vendor/linux/include/uapi/linux/if_vlan.h:26;rewrite/configs/x86_64/frozen.config;header_closure=rewrite/metadata/header_closure.tsv;selected=PENDING_REVIEW	425f94c2954b1fe80ebdbf9b29854e89750355df	8ec87034344ede6e887b445272a0c42851330fda9b8b10d5c7dd62353c315528	705fa9cf6ac5441d989805761e146231bbd8f07f38cfcaba95e1feab211e8114	0123af9e96b58af4e98b91a2de5608d36b63c67864b9041d3340587f3dbe40d2	cfa8dcf0d81c408de38d4202fe1ce9d9e5e301d1e67439c9530da94b1e64ee3f	7484d7b0dd80f45e18d726b04752827fe28555cc5c1af0e127948380e6688abf
semantic-proposal-v1	SC1-7f5d537ce078996dbbf0466c150d0dc6461152968ee3185a541e0884e153fde1	S016178	1	P02	SYMBOLS.tsv	372110	status	x86_64	include/uapi/linux/if_vlan.h	enum_constant	GET_VLAN_INGRESS_PRIORITY_CMD	26	PENDING_REVIEW	COMPLETE	COMPLETE	vendor/linux/include/uapi/linux/if_vlan.h;vendor/linux/include/uapi/linux/if_vlan.h:26;rewrite/configs/x86_64/frozen.config;header_closure=rewrite/metadata/header_closure.tsv;selected=PENDING_REVIEW	425f94c2954b1fe80ebdbf9b29854e89750355df	8ec87034344ede6e887b445272a0c42851330fda9b8b10d5c7dd62353c315528	705fa9cf6ac5441d989805761e146231bbd8f07f38cfcaba95e1feab211e8114	0123af9e96b58af4e98b91a2de5608d36b63c67864b9041d3340587f3dbe40d2	cfa8dcf0d81c408de38d4202fe1ce9d9e5e301d1e67439c9530da94b1e64ee3f	7484d7b0dd80f45e18d726b04752827fe28555cc5c1af0e127948380e6688abf
semantic-proposal-v1	SC1-c6412c575475e379d70722efbd8e8fff01f17c535a43f0b21d3d49af4bf48950	S016178	1	P02	SYMBOLS.tsv	372111	selection_expression	x86_64	include/uapi/linux/if_vlan.h	enum_constant	GET_VLAN_EGRESS_PRIORITY_CMD	27	PENDING_REVIEW	SOURCE_REVIEWED_VALUE	COMPLETE	vendor/linux/include/uapi/linux/if_vlan.h;vendor/linux/include/uapi/linux/if_vlan.h:27;rewrite/configs/x86_64/frozen.config;header_closure=rewrite/metadata/header_closure.tsv;selected=PENDING_REVIEW	425f94c2954b1fe80ebdbf9b29854e89750355df	8ec87034344ede6e887b445272a0c42851330fda9b8b10d5c7dd62353c315528	705fa9cf6ac5441d989805761e146231bbd8f07f38cfcaba95e1feab211e8114	0123af9e96b58af4e98b91a2de5608d36b63c67864b9041d3340587f3dbe40d2	cfa8dcf0d81c408de38d4202fe1ce9d9e5e301d1e67439c9530da94b1e64ee3f	7484d7b0dd80f45e18d726b04752827fe28555cc5c1af0e127948380e6688abf
semantic-proposal-v1	SC1-407484a77eddca1fb2f74ac98fee12fe86d50c7c9c93da66d23ed28cfac4c3ed	S016178	1	P02	SYMBOLS.tsv	372111	status	x86_64	include/uapi/linux/if_vlan.h	enum_constant	GET_VLAN_EGRESS_PRIORITY_CMD	27	PENDING_REVIEW	COMPLETE	COMPLETE	vendor/linux/include/uapi/linux/if_vlan.h;vendor/linux/include/uapi/linux/if_vlan.h:27;rewrite/configs/x86_64/frozen.config;header_closure=rewrite/metadata/header_closure.tsv;selected=PENDING_REVIEW	425f94c2954b1fe80ebdbf9b29854e89750355df	8ec87034344ede6e887b445272a0c42851330fda9b8b10d5c7dd62353c315528	705fa9cf6ac5441d989805761e146231bbd8f07f38cfcaba95e1feab211e8114	0123af9e96b58af4e98b91a2de5608d36b63c67864b9041d3340587f3dbe40d2	cfa8dcf0d81c408de38d4202fe1ce9d9e5e301d1e67439c9530da94b1e64ee3f	7484d7b0dd80f45e18d726b04752827fe28555cc5c1af0e127948380e6688abf
semantic-proposal-v1	SC1-2f72466a4bfc84294dd46839f8ebd42dae1f0bad49788ad1e0a31ad4e0bdd4b0	S016178	1	P02	SYMBOLS.tsv	372112	selection_expression	x86_64	include/uapi/linux/if_vlan.h	enum_constant	SET_VLAN_NAME_TYPE_CMD	28	PENDING_REVIEW	SOURCE_REVIEWED_VALUE	COMPLETE	vendor/linux/include/uapi/linux/if_vlan.h;vendor/linux/include/uapi/linux/if_vlan.h:28;rewrite/configs/x86_64/frozen.config;header_closure=rewrite/metadata/header_closure.tsv;selected=PENDING_REVIEW	425f94c2954b1fe80ebdbf9b29854e89750355df	8ec87034344ede6e887b445272a0c42851330fda9b8b10d5c7dd62353c315528	705fa9cf6ac5441d989805761e146231bbd8f07f38cfcaba95e1feab211e8114	0123af9e96b58af4e98b91a2de5608d36b63c67864b9041d3340587f3dbe40d2	cfa8dcf0d81c408de38d4202fe1ce9d9e5e301d1e67439c9530da94b1e64ee3f	7484d7b0dd80f45e18d726b04752827fe28555cc5c1af0e127948380e6688abf
semantic-proposal-v1	SC1-bc5b5aec76658185fef7bfde3521f9ec96873cf0146b6a5809a8d79550bb801b	S016178	1	P02	SYMBOLS.tsv	372112	status	x86_64	include/uapi/linux/if_vlan.h	enum_constant	SET_VLAN_NAME_TYPE_CMD	28	PENDING_REVIEW	COMPLETE	COMPLETE	vendor/linux/include/uapi/linux/if_vlan.h;vendor/linux/include/uapi/linux/if_vlan.h:28;rewrite/configs/x86_64/frozen.config;header_closure=rewrite/metadata/header_closure.tsv;selected=PENDING_REVIEW	425f94c2954b1fe80ebdbf9b29854e89750355df	8ec87034344ede6e887b445272a0c42851330fda9b8b10d5c7dd62353c315528	705fa9cf6ac5441d989805761e146231bbd8f07f38cfcaba95e1feab211e8114	0123af9e96b58af4e98b91a2de5608d36b63c67864b9041d3340587f3dbe40d2	cfa8dcf0d81c408de38d4202fe1ce9d9e5e301d1e67439c9530da94b1e64ee3f	7484d7b0dd80f45e18d726b04752827fe28555cc5c1af0e127948380e6688abf
semantic-proposal-v1	SC1-b13a3d7319c4f02d8582668859b7bc8540507e9c4fdcb30da4ff1f4f9c87d404	S016178	1	P02	SYMBOLS.tsv	372113	selection_expression	x86_64	include/uapi/linux/if_vlan.h	enum_constant	SET_VLAN_FLAG_CMD	29	PENDING_REVIEW	SOURCE_REVIEWED_VALUE	COMPLETE	vendor/linux/include/uapi/linux/if_vlan.h;vendor/linux/include/uapi/linux/if_vlan.h:29;rewrite/configs/x86_64/frozen.config;header_closure=rewrite/metadata/header_closure.tsv;selected=PENDING_REVIEW	425f94c2954b1fe80ebdbf9b29854e89750355df	8ec87034344ede6e887b445272a0c42851330fda9b8b10d5c7dd62353c315528	705fa9cf6ac5441d989805761e146231bbd8f07f38cfcaba95e1feab211e8114	0123af9e96b58af4e98b91a2de5608d36b63c67864b9041d3340587f3dbe40d2	cfa8dcf0d81c408de38d4202fe1ce9d9e5e301d1e67439c9530da94b1e64ee3f	7484d7b0dd80f45e18d726b04752827fe28555cc5c1af0e127948380e6688abf
semantic-proposal-v1	SC1-34aa4a09de2fca21d8c1205192a0dc6ee604f3febacc601d2c8fc09f7e6752e0	S016178	1	P02	SYMBOLS.tsv	372113	status	x86_64	include/uapi/linux/if_vlan.h	enum_constant	SET_VLAN_FLAG_CMD	29	PENDING_REVIEW	COMPLETE	COMPLETE	vendor/linux/include/uapi/linux/if_vlan.h;vendor/linux/include/uapi/linux/if_vlan.h:29;rewrite/configs/x86_64/frozen.config;header_closure=rewrite/metadata/header_closure.tsv;selected=PENDING_REVIEW	425f94c2954b1fe80ebdbf9b29854e89750355df	8ec87034344ede6e887b445272a0c42851330fda9b8b10d5c7dd62353c315528	705fa9cf6ac5441d989805761e146231bbd8f07f38cfcaba95e1feab211e8114	0123af9e96b58af4e98b91a2de5608d36b63c67864b9041d3340587f3dbe40d2	cfa8dcf0d81c408de38d4202fe1ce9d9e5e301d1e67439c9530da94b1e64ee3f	7484d7b0dd80f45e18d726b04752827fe28555cc5c1af0e127948380e6688abf
semantic-proposal-v1	SC1-68e5f861d42db8f5b6bd6617a16f6a7ae3d620d0f6974fcfd92689b11e93de54	S016178	1	P02	SYMBOLS.tsv	372114	selection_expression	x86_64	include/uapi/linux/if_vlan.h	enum_constant	GET_VLAN_REALDEV_NAME_CMD	30	PENDING_REVIEW	SOURCE_REVIEWED_VALUE	COMPLETE	vendor/linux/include/uapi/linux/if_vlan.h;vendor/linux/include/uapi/linux/if_vlan.h:30;rewrite/configs/x86_64/frozen.config;header_closure=rewrite/metadata/header_closure.tsv;selected=PENDING_REVIEW	425f94c2954b1fe80ebdbf9b29854e89750355df	8ec87034344ede6e887b445272a0c42851330fda9b8b10d5c7dd62353c315528	705fa9cf6ac5441d989805761e146231bbd8f07f38cfcaba95e1feab211e8114	0123af9e96b58af4e98b91a2de5608d36b63c67864b9041d3340587f3dbe40d2	cfa8dcf0d81c408de38d4202fe1ce9d9e5e301d1e67439c9530da94b1e64ee3f	7484d7b0dd80f45e18d726b04752827fe28555cc5c1af0e127948380e6688abf
semantic-proposal-v1	SC1-30a2ead8eccfa20dee12fb272d3e13cdbfe0f94840fde4025d8f96f878885ac7	S016178	1	P02	SYMBOLS.tsv	372114	status	x86_64	include/uapi/linux/if_vlan.h	enum_constant	GET_VLAN_REALDEV_NAME_CMD	30	PENDING_REVIEW	COMPLETE	COMPLETE	vendor/linux/include/uapi/linux/if_vlan.h;vendor/linux/include/uapi/linux/if_vlan.h:30;rewrite/configs/x86_64/frozen.config;header_closure=rewrite/metadata/header_closure.tsv;selected=PENDING_REVIEW	425f94c2954b1fe80ebdbf9b29854e89750355df	8ec87034344ede6e887b445272a0c42851330fda9b8b10d5c7dd62353c315528	705fa9cf6ac5441d989805761e146231bbd8f07f38cfcaba95e1feab211e8114	0123af9e96b58af4e98b91a2de5608d36b63c67864b9041d3340587f3dbe40d2	cfa8dcf0d81c408de38d4202fe1ce9d9e5e301d1e67439c9530da94b1e64ee3f	7484d7b0dd80f45e18d726b04752827fe28555cc5c1af0e127948380e6688abf
semantic-proposal-v1	SC1-004fcff1beac2b3f4720d0907c94c06608de0f717c13d7d48d7f1b987d46922c	S016178	1	P02	SYMBOLS.tsv	372115	selection_expression	x86_64	include/uapi/linux/if_vlan.h	enum_constant	GET_VLAN_VID_CMD	31	PENDING_REVIEW	SOURCE_REVIEWED_VALUE	COMPLETE	vendor/linux/include/uapi/linux/if_vlan.h;vendor/linux/include/uapi/linux/if_vlan.h:31;rewrite/configs/x86_64/frozen.config;header_closure=rewrite/metadata/header_closure.tsv;selected=PENDING_REVIEW	425f94c2954b1fe80ebdbf9b29854e89750355df	8ec87034344ede6e887b445272a0c42851330fda9b8b10d5c7dd62353c315528	705fa9cf6ac5441d989805761e146231bbd8f07f38cfcaba95e1feab211e8114	0123af9e96b58af4e98b91a2de5608d36b63c67864b9041d3340587f3dbe40d2	cfa8dcf0d81c408de38d4202fe1ce9d9e5e301d1e67439c9530da94b1e64ee3f	7484d7b0dd80f45e18d726b04752827fe28555cc5c1af0e127948380e6688abf
semantic-proposal-v1	SC1-27197d81c5fd1c029e80a5481f275e86ad11251f4cd694eff0c07faf4d569ddf	S016178	1	P02	SYMBOLS.tsv	372115	status	x86_64	include/uapi/linux/if_vlan.h	enum_constant	GET_VLAN_VID_CMD	31	PENDING_REVIEW	COMPLETE	COMPLETE	vendor/linux/include/uapi/linux/if_vlan.h;vendor/linux/include/uapi/linux/if_vlan.h:31;rewrite/configs/x86_64/frozen.config;header_closure=rewrite/metadata/header_closure.tsv;selected=PENDING_REVIEW	425f94c2954b1fe80ebdbf9b29854e89750355df	8ec87034344ede6e887b445272a0c42851330fda9b8b10d5c7dd62353c315528	705fa9cf6ac5441d989805761e146231bbd8f07f38cfcaba95e1feab211e8114	0123af9e96b58af4e98b91a2de5608d36b63c67864b9041d3340587f3dbe40d2	cfa8dcf0d81c408de38d4202fe1ce9d9e5e301d1e67439c9530da94b1e64ee3f	7484d7b0dd80f45e18d726b04752827fe28555cc5c1af0e127948380e6688abf
semantic-proposal-v1	SC1-d04d66f295328d3f6ba9ee301d2d605e5d9d936d305236854c7985d670f34aa2	S016178	1	P02	SYMBOLS.tsv	372116	selection_expression	x86_64	include/uapi/linux/if_vlan.h	type	enum vlan_flags	34	PENDING_REVIEW	SOURCE_REVIEWED_VALUE	COMPLETE	vendor/linux/include/uapi/linux/if_vlan.h;vendor/linux/include/uapi/linux/if_vlan.h:34;rewrite/configs/x86_64/frozen.config;header_closure=rewrite/metadata/header_closure.tsv;selected=PENDING_REVIEW	425f94c2954b1fe80ebdbf9b29854e89750355df	8ec87034344ede6e887b445272a0c42851330fda9b8b10d5c7dd62353c315528	705fa9cf6ac5441d989805761e146231bbd8f07f38cfcaba95e1feab211e8114	0123af9e96b58af4e98b91a2de5608d36b63c67864b9041d3340587f3dbe40d2	cfa8dcf0d81c408de38d4202fe1ce9d9e5e301d1e67439c9530da94b1e64ee3f	7484d7b0dd80f45e18d726b04752827fe28555cc5c1af0e127948380e6688abf
semantic-proposal-v1	SC1-bcec4c674859457375674af0efd6bd85e1ad0f08645d6aa954caeb61aa34bd00	S016178	1	P02	SYMBOLS.tsv	372116	status	x86_64	include/uapi/linux/if_vlan.h	type	enum vlan_flags	34	PENDING_REVIEW	COMPLETE	COMPLETE	vendor/linux/include/uapi/linux/if_vlan.h;vendor/linux/include/uapi/linux/if_vlan.h:34;rewrite/configs/x86_64/frozen.config;header_closure=rewrite/metadata/header_closure.tsv;selected=PENDING_REVIEW	425f94c2954b1fe80ebdbf9b29854e89750355df	8ec87034344ede6e887b445272a0c42851330fda9b8b10d5c7dd62353c315528	705fa9cf6ac5441d989805761e146231bbd8f07f38cfcaba95e1feab211e8114	0123af9e96b58af4e98b91a2de5608d36b63c67864b9041d3340587f3dbe40d2	cfa8dcf0d81c408de38d4202fe1ce9d9e5e301d1e67439c9530da94b1e64ee3f	7484d7b0dd80f45e18d726b04752827fe28555cc5c1af0e127948380e6688abf
semantic-proposal-v1	SC1-98e809abbd64b36c6bfa3436690a12188ca6815c919ac9bf3ed9a47bb998742d	S016178	1	P02	SYMBOLS.tsv	372117	mechanical_value	x86_64	include/uapi/linux/if_vlan.h	enum_constant	VLAN_FLAG_REORDER_HDR	35	PENDING_REVIEW	SOURCE_REVIEWED_VALUE	COMPLETE	vendor/linux/include/uapi/linux/if_vlan.h;vendor/linux/include/uapi/linux/if_vlan.h:35;rewrite/configs/x86_64/frozen.config;header_closure=rewrite/metadata/header_closure.tsv;selected=PENDING_REVIEW	425f94c2954b1fe80ebdbf9b29854e89750355df	8ec87034344ede6e887b445272a0c42851330fda9b8b10d5c7dd62353c315528	705fa9cf6ac5441d989805761e146231bbd8f07f38cfcaba95e1feab211e8114	0123af9e96b58af4e98b91a2de5608d36b63c67864b9041d3340587f3dbe40d2	cfa8dcf0d81c408de38d4202fe1ce9d9e5e301d1e67439c9530da94b1e64ee3f	7484d7b0dd80f45e18d726b04752827fe28555cc5c1af0e127948380e6688abf
semantic-proposal-v1	SC1-2d775285a96d4ec37fb3f5b1b2459943328ad0db127acee7466a052304f39ea1	S016178	1	P02	SYMBOLS.tsv	372117	selection_expression	x86_64	include/uapi/linux/if_vlan.h	enum_constant	VLAN_FLAG_REORDER_HDR	35	PENDING_REVIEW	SOURCE_REVIEWED_VALUE	COMPLETE	vendor/linux/include/uapi/linux/if_vlan.h;vendor/linux/include/uapi/linux/if_vlan.h:35;rewrite/configs/x86_64/frozen.config;header_closure=rewrite/metadata/header_closure.tsv;selected=PENDING_REVIEW	425f94c2954b1fe80ebdbf9b29854e89750355df	8ec87034344ede6e887b445272a0c42851330fda9b8b10d5c7dd62353c315528	705fa9cf6ac5441d989805761e146231bbd8f07f38cfcaba95e1feab211e8114	0123af9e96b58af4e98b91a2de5608d36b63c67864b9041d3340587f3dbe40d2	cfa8dcf0d81c408de38d4202fe1ce9d9e5e301d1e67439c9530da94b1e64ee3f	7484d7b0dd80f45e18d726b04752827fe28555cc5c1af0e127948380e6688abf
semantic-proposal-v1	SC1-c466c6004111e1cd8b814d7f001a49e7979861600ae983ba3a84345353f6a294	S016178	1	P02	SYMBOLS.tsv	372117	status	x86_64	include/uapi/linux/if_vlan.h	enum_constant	VLAN_FLAG_REORDER_HDR	35	PENDING_REVIEW	COMPLETE	COMPLETE	vendor/linux/include/uapi/linux/if_vlan.h;vendor/linux/include/uapi/linux/if_vlan.h:35;rewrite/configs/x86_64/frozen.config;header_closure=rewrite/metadata/header_closure.tsv;selected=PENDING_REVIEW	425f94c2954b1fe80ebdbf9b29854e89750355df	8ec87034344ede6e887b445272a0c42851330fda9b8b10d5c7dd62353c315528	705fa9cf6ac5441d989805761e146231bbd8f07f38cfcaba95e1feab211e8114	0123af9e96b58af4e98b91a2de5608d36b63c67864b9041d3340587f3dbe40d2	cfa8dcf0d81c408de38d4202fe1ce9d9e5e301d1e67439c9530da94b1e64ee3f	7484d7b0dd80f45e18d726b04752827fe28555cc5c1af0e127948380e6688abf
semantic-proposal-v1	SC1-9761c0f267f9c89764c7e26ce08777bc03af489c6fe61dba8e6a626d775be3a3	S016178	1	P02	SYMBOLS.tsv	372118	mechanical_value	x86_64	include/uapi/linux/if_vlan.h	enum_constant	VLAN_FLAG_GVRP	36	PENDING_REVIEW	SOURCE_REVIEWED_VALUE	COMPLETE	vendor/linux/include/uapi/linux/if_vlan.h;vendor/linux/include/uapi/linux/if_vlan.h:36;rewrite/configs/x86_64/frozen.config;header_closure=rewrite/metadata/header_closure.tsv;selected=PENDING_REVIEW	425f94c2954b1fe80ebdbf9b29854e89750355df	8ec87034344ede6e887b445272a0c42851330fda9b8b10d5c7dd62353c315528	705fa9cf6ac5441d989805761e146231bbd8f07f38cfcaba95e1feab211e8114	0123af9e96b58af4e98b91a2de5608d36b63c67864b9041d3340587f3dbe40d2	cfa8dcf0d81c408de38d4202fe1ce9d9e5e301d1e67439c9530da94b1e64ee3f	7484d7b0dd80f45e18d726b04752827fe28555cc5c1af0e127948380e6688abf
semantic-proposal-v1	SC1-215099a96f1377e7002641f1baf3c3c425fd16f1b88f8bebbce9c708b31ac4d0	S016178	1	P02	SYMBOLS.tsv	372118	selection_expression	x86_64	include/uapi/linux/if_vlan.h	enum_constant	VLAN_FLAG_GVRP	36	PENDING_REVIEW	SOURCE_REVIEWED_VALUE	COMPLETE	vendor/linux/include/uapi/linux/if_vlan.h;vendor/linux/include/uapi/linux/if_vlan.h:36;rewrite/configs/x86_64/frozen.config;header_closure=rewrite/metadata/header_closure.tsv;selected=PENDING_REVIEW	425f94c2954b1fe80ebdbf9b29854e89750355df	8ec87034344ede6e887b445272a0c42851330fda9b8b10d5c7dd62353c315528	705fa9cf6ac5441d989805761e146231bbd8f07f38cfcaba95e1feab211e8114	0123af9e96b58af4e98b91a2de5608d36b63c67864b9041d3340587f3dbe40d2	cfa8dcf0d81c408de38d4202fe1ce9d9e5e301d1e67439c9530da94b1e64ee3f	7484d7b0dd80f45e18d726b04752827fe28555cc5c1af0e127948380e6688abf
semantic-proposal-v1	SC1-5caa26d9e74e42a5ab05e006865f81a709433b76ec3b9094bbba466b6981689e	S016178	1	P02	SYMBOLS.tsv	372118	status	x86_64	include/uapi/linux/if_vlan.h	enum_constant	VLAN_FLAG_GVRP	36	PENDING_REVIEW	COMPLETE	COMPLETE	vendor/linux/include/uapi/linux/if_vlan.h;vendor/linux/include/uapi/linux/if_vlan.h:36;rewrite/configs/x86_64/frozen.config;header_closure=rewrite/metadata/header_closure.tsv;selected=PENDING_REVIEW	425f94c2954b1fe80ebdbf9b29854e89750355df	8ec87034344ede6e887b445272a0c42851330fda9b8b10d5c7dd62353c315528	705fa9cf6ac5441d989805761e146231bbd8f07f38cfcaba95e1feab211e8114	0123af9e96b58af4e98b91a2de5608d36b63c67864b9041d3340587f3dbe40d2	cfa8dcf0d81c408de38d4202fe1ce9d9e5e301d1e67439c9530da94b1e64ee3f	7484d7b0dd80f45e18d726b04752827fe28555cc5c1af0e127948380e6688abf
semantic-proposal-v1	SC1-c07a0dbf47085c9f9d064c23426e1855244004748ffa3eabc6b81791072b071e	S016178	1	P02	SYMBOLS.tsv	372119	mechanical_value	x86_64	include/uapi/linux/if_vlan.h	enum_constant	VLAN_FLAG_LOOSE_BINDING	37	PENDING_REVIEW	SOURCE_REVIEWED_VALUE	COMPLETE	vendor/linux/include/uapi/linux/if_vlan.h;vendor/linux/include/uapi/linux/if_vlan.h:37;rewrite/configs/x86_64/frozen.config;header_closure=rewrite/metadata/header_closure.tsv;selected=PENDING_REVIEW	425f94c2954b1fe80ebdbf9b29854e89750355df	8ec87034344ede6e887b445272a0c42851330fda9b8b10d5c7dd62353c315528	705fa9cf6ac5441d989805761e146231bbd8f07f38cfcaba95e1feab211e8114	0123af9e96b58af4e98b91a2de5608d36b63c67864b9041d3340587f3dbe40d2	cfa8dcf0d81c408de38d4202fe1ce9d9e5e301d1e67439c9530da94b1e64ee3f	7484d7b0dd80f45e18d726b04752827fe28555cc5c1af0e127948380e6688abf
semantic-proposal-v1	SC1-17f3d297586af020c2e79409f49992b0e574f3ad348fc2ee23a969959c2e1c56	S016178	1	P02	SYMBOLS.tsv	372119	selection_expression	x86_64	include/uapi/linux/if_vlan.h	enum_constant	VLAN_FLAG_LOOSE_BINDING	37	PENDING_REVIEW	SOURCE_REVIEWED_VALUE	COMPLETE	vendor/linux/include/uapi/linux/if_vlan.h;vendor/linux/include/uapi/linux/if_vlan.h:37;rewrite/configs/x86_64/frozen.config;header_closure=rewrite/metadata/header_closure.tsv;selected=PENDING_REVIEW	425f94c2954b1fe80ebdbf9b29854e89750355df	8ec87034344ede6e887b445272a0c42851330fda9b8b10d5c7dd62353c315528	705fa9cf6ac5441d989805761e146231bbd8f07f38cfcaba95e1feab211e8114	0123af9e96b58af4e98b91a2de5608d36b63c67864b9041d3340587f3dbe40d2	cfa8dcf0d81c408de38d4202fe1ce9d9e5e301d1e67439c9530da94b1e64ee3f	7484d7b0dd80f45e18d726b04752827fe28555cc5c1af0e127948380e6688abf
semantic-proposal-v1	SC1-e933c590c28113880b330eff5deb1bf69561d2dcf5a2bf22a52dbbbe3b564c81	S016178	1	P02	SYMBOLS.tsv	372119	status	x86_64	include/uapi/linux/if_vlan.h	enum_constant	VLAN_FLAG_LOOSE_BINDING	37	PENDING_REVIEW	COMPLETE	COMPLETE	vendor/linux/include/uapi/linux/if_vlan.h;vendor/linux/include/uapi/linux/if_vlan.h:37;rewrite/configs/x86_64/frozen.config;header_closure=rewrite/metadata/header_closure.tsv;selected=PENDING_REVIEW	425f94c2954b1fe80ebdbf9b29854e89750355df	8ec87034344ede6e887b445272a0c42851330fda9b8b10d5c7dd62353c315528	705fa9cf6ac5441d989805761e146231bbd8f07f38cfcaba95e1feab211e8114	0123af9e96b58af4e98b91a2de5608d36b63c67864b9041d3340587f3dbe40d2	cfa8dcf0d81c408de38d4202fe1ce9d9e5e301d1e67439c9530da94b1e64ee3f	7484d7b0dd80f45e18d726b04752827fe28555cc5c1af0e127948380e6688abf
semantic-proposal-v1	SC1-84410d92a40de5663f1f76b098ed2c60b2edafcfe469d810dfcbe42ab82fcab8	S016178	1	P02	SYMBOLS.tsv	372120	mechanical_value	x86_64	include/uapi/linux/if_vlan.h	enum_constant	VLAN_FLAG_MVRP	38	PENDING_REVIEW	SOURCE_REVIEWED_VALUE	COMPLETE	vendor/linux/include/uapi/linux/if_vlan.h;vendor/linux/include/uapi/linux/if_vlan.h:38;rewrite/configs/x86_64/frozen.config;header_closure=rewrite/metadata/header_closure.tsv;selected=PENDING_REVIEW	425f94c2954b1fe80ebdbf9b29854e89750355df	8ec87034344ede6e887b445272a0c42851330fda9b8b10d5c7dd62353c315528	705fa9cf6ac5441d989805761e146231bbd8f07f38cfcaba95e1feab211e8114	0123af9e96b58af4e98b91a2de5608d36b63c67864b9041d3340587f3dbe40d2	cfa8dcf0d81c408de38d4202fe1ce9d9e5e301d1e67439c9530da94b1e64ee3f	7484d7b0dd80f45e18d726b04752827fe28555cc5c1af0e127948380e6688abf
semantic-proposal-v1	SC1-a757b621509d09363a6db1c76dd837494e958c27eb3c97610c6755ae114159c2	S016178	1	P02	SYMBOLS.tsv	372120	selection_expression	x86_64	include/uapi/linux/if_vlan.h	enum_constant	VLAN_FLAG_MVRP	38	PENDING_REVIEW	SOURCE_REVIEWED_VALUE	COMPLETE	vendor/linux/include/uapi/linux/if_vlan.h;vendor/linux/include/uapi/linux/if_vlan.h:38;rewrite/configs/x86_64/frozen.config;header_closure=rewrite/metadata/header_closure.tsv;selected=PENDING_REVIEW	425f94c2954b1fe80ebdbf9b29854e89750355df	8ec87034344ede6e887b445272a0c42851330fda9b8b10d5c7dd62353c315528	705fa9cf6ac5441d989805761e146231bbd8f07f38cfcaba95e1feab211e8114	0123af9e96b58af4e98b91a2de5608d36b63c67864b9041d3340587f3dbe40d2	cfa8dcf0d81c408de38d4202fe1ce9d9e5e301d1e67439c9530da94b1e64ee3f	7484d7b0dd80f45e18d726b04752827fe28555cc5c1af0e127948380e6688abf
semantic-proposal-v1	SC1-c3801cfbf969692bf148c6fa971f1262efb7789937b974b84e2588df8336fd51	S016178	1	P02	SYMBOLS.tsv	372120	status	x86_64	include/uapi/linux/if_vlan.h	enum_constant	VLAN_FLAG_MVRP	38	PENDING_REVIEW	COMPLETE	COMPLETE	vendor/linux/include/uapi/linux/if_vlan.h;vendor/linux/include/uapi/linux/if_vlan.h:38;rewrite/configs/x86_64/frozen.config;header_closure=rewrite/metadata/header_closure.tsv;selected=PENDING_REVIEW	425f94c2954b1fe80ebdbf9b29854e89750355df	8ec87034344ede6e887b445272a0c42851330fda9b8b10d5c7dd62353c315528	705fa9cf6ac5441d989805761e146231bbd8f07f38cfcaba95e1feab211e8114	0123af9e96b58af4e98b91a2de5608d36b63c67864b9041d3340587f3dbe40d2	cfa8dcf0d81c408de38d4202fe1ce9d9e5e301d1e67439c9530da94b1e64ee3f	7484d7b0dd80f45e18d726b04752827fe28555cc5c1af0e127948380e6688abf
semantic-proposal-v1	SC1-2782d24bab5362fa2f21cedfbf08450741d6f095320cffc6659e1447994afc06	S016178	1	P02	SYMBOLS.tsv	372121	mechanical_value	x86_64	include/uapi/linux/if_vlan.h	enum_constant	VLAN_FLAG_BRIDGE_BINDING	39	PENDING_REVIEW	SOURCE_REVIEWED_VALUE	COMPLETE	vendor/linux/include/uapi/linux/if_vlan.h;vendor/linux/include/uapi/linux/if_vlan.h:39;rewrite/configs/x86_64/frozen.config;header_closure=rewrite/metadata/header_closure.tsv;selected=PENDING_REVIEW	425f94c2954b1fe80ebdbf9b29854e89750355df	8ec87034344ede6e887b445272a0c42851330fda9b8b10d5c7dd62353c315528	705fa9cf6ac5441d989805761e146231bbd8f07f38cfcaba95e1feab211e8114	0123af9e96b58af4e98b91a2de5608d36b63c67864b9041d3340587f3dbe40d2	cfa8dcf0d81c408de38d4202fe1ce9d9e5e301d1e67439c9530da94b1e64ee3f	7484d7b0dd80f45e18d726b04752827fe28555cc5c1af0e127948380e6688abf
semantic-proposal-v1	SC1-fb14fc02b351dd4fdb124bd33839f5a42b6c273b9d88c3b8d716539165d4f625	S016178	1	P02	SYMBOLS.tsv	372121	selection_expression	x86_64	include/uapi/linux/if_vlan.h	enum_constant	VLAN_FLAG_BRIDGE_BINDING	39	PENDING_REVIEW	SOURCE_REVIEWED_VALUE	COMPLETE	vendor/linux/include/uapi/linux/if_vlan.h;vendor/linux/include/uapi/linux/if_vlan.h:39;rewrite/configs/x86_64/frozen.config;header_closure=rewrite/metadata/header_closure.tsv;selected=PENDING_REVIEW	425f94c2954b1fe80ebdbf9b29854e89750355df	8ec87034344ede6e887b445272a0c42851330fda9b8b10d5c7dd62353c315528	705fa9cf6ac5441d989805761e146231bbd8f07f38cfcaba95e1feab211e8114	0123af9e96b58af4e98b91a2de5608d36b63c67864b9041d3340587f3dbe40d2	cfa8dcf0d81c408de38d4202fe1ce9d9e5e301d1e67439c9530da94b1e64ee3f	7484d7b0dd80f45e18d726b04752827fe28555cc5c1af0e127948380e6688abf
semantic-proposal-v1	SC1-d8ecd79eab5e6398937ad142a6bbea8e08f51a00028d295c07b75ac7df791e75	S016178	1	P02	SYMBOLS.tsv	372121	status	x86_64	include/uapi/linux/if_vlan.h	enum_constant	VLAN_FLAG_BRIDGE_BINDING	39	PENDING_REVIEW	COMPLETE	COMPLETE	vendor/linux/include/uapi/linux/if_vlan.h;vendor/linux/include/uapi/linux/if_vlan.h:39;rewrite/configs/x86_64/frozen.config;header_closure=rewrite/metadata/header_closure.tsv;selected=PENDING_REVIEW	425f94c2954b1fe80ebdbf9b29854e89750355df	8ec87034344ede6e887b445272a0c42851330fda9b8b10d5c7dd62353c315528	705fa9cf6ac5441d989805761e146231bbd8f07f38cfcaba95e1feab211e8114	0123af9e96b58af4e98b91a2de5608d36b63c67864b9041d3340587f3dbe40d2	cfa8dcf0d81c408de38d4202fe1ce9d9e5e301d1e67439c9530da94b1e64ee3f	7484d7b0dd80f45e18d726b04752827fe28555cc5c1af0e127948380e6688abf
semantic-proposal-v1	SC1-58431164f227f4116835f0b84c8b244a6d14997995d0988d855857b7db876f83	S016178	1	P02	SYMBOLS.tsv	372122	selection_expression	x86_64	include/uapi/linux/if_vlan.h	type	enum vlan_name_types	42	PENDING_REVIEW	SOURCE_REVIEWED_VALUE	COMPLETE	vendor/linux/include/uapi/linux/if_vlan.h;vendor/linux/include/uapi/linux/if_vlan.h:42;rewrite/configs/x86_64/frozen.config;header_closure=rewrite/metadata/header_closure.tsv;selected=PENDING_REVIEW	425f94c2954b1fe80ebdbf9b29854e89750355df	8ec87034344ede6e887b445272a0c42851330fda9b8b10d5c7dd62353c315528	705fa9cf6ac5441d989805761e146231bbd8f07f38cfcaba95e1feab211e8114	0123af9e96b58af4e98b91a2de5608d36b63c67864b9041d3340587f3dbe40d2	cfa8dcf0d81c408de38d4202fe1ce9d9e5e301d1e67439c9530da94b1e64ee3f	7484d7b0dd80f45e18d726b04752827fe28555cc5c1af0e127948380e6688abf
semantic-proposal-v1	SC1-c9258e05f61cbea6bc68d9db132c1ee36ced65828c9ae5d3ed6504b3e34029a4	S016178	1	P02	SYMBOLS.tsv	372122	status	x86_64	include/uapi/linux/if_vlan.h	type	enum vlan_name_types	42	PENDING_REVIEW	COMPLETE	COMPLETE	vendor/linux/include/uapi/linux/if_vlan.h;vendor/linux/include/uapi/linux/if_vlan.h:42;rewrite/configs/x86_64/frozen.config;header_closure=rewrite/metadata/header_closure.tsv;selected=PENDING_REVIEW	425f94c2954b1fe80ebdbf9b29854e89750355df	8ec87034344ede6e887b445272a0c42851330fda9b8b10d5c7dd62353c315528	705fa9cf6ac5441d989805761e146231bbd8f07f38cfcaba95e1feab211e8114	0123af9e96b58af4e98b91a2de5608d36b63c67864b9041d3340587f3dbe40d2	cfa8dcf0d81c408de38d4202fe1ce9d9e5e301d1e67439c9530da94b1e64ee3f	7484d7b0dd80f45e18d726b04752827fe28555cc5c1af0e127948380e6688abf
semantic-proposal-v1	SC1-7dc6377250da93796d4a61133eb117312b5a2d2d1c7b5555ad5384cc21292dff	S016178	1	P02	SYMBOLS.tsv	372123	selection_expression	x86_64	include/uapi/linux/if_vlan.h	enum_constant	VLAN_NAME_TYPE_PLUS_VID	43	PENDING_REVIEW	SOURCE_REVIEWED_VALUE	COMPLETE	vendor/linux/include/uapi/linux/if_vlan.h;vendor/linux/include/uapi/linux/if_vlan.h:43;rewrite/configs/x86_64/frozen.config;header_closure=rewrite/metadata/header_closure.tsv;selected=PENDING_REVIEW	425f94c2954b1fe80ebdbf9b29854e89750355df	8ec87034344ede6e887b445272a0c42851330fda9b8b10d5c7dd62353c315528	705fa9cf6ac5441d989805761e146231bbd8f07f38cfcaba95e1feab211e8114	0123af9e96b58af4e98b91a2de5608d36b63c67864b9041d3340587f3dbe40d2	cfa8dcf0d81c408de38d4202fe1ce9d9e5e301d1e67439c9530da94b1e64ee3f	7484d7b0dd80f45e18d726b04752827fe28555cc5c1af0e127948380e6688abf
semantic-proposal-v1	SC1-f1516970874d823bea9629850437bb493def72b6d7e803a2c22dcadb4fa44501	S016178	1	P02	SYMBOLS.tsv	372123	status	x86_64	include/uapi/linux/if_vlan.h	enum_constant	VLAN_NAME_TYPE_PLUS_VID	43	PENDING_REVIEW	COMPLETE	COMPLETE	vendor/linux/include/uapi/linux/if_vlan.h;vendor/linux/include/uapi/linux/if_vlan.h:43;rewrite/configs/x86_64/frozen.config;header_closure=rewrite/metadata/header_closure.tsv;selected=PENDING_REVIEW	425f94c2954b1fe80ebdbf9b29854e89750355df	8ec87034344ede6e887b445272a0c42851330fda9b8b10d5c7dd62353c315528	705fa9cf6ac5441d989805761e146231bbd8f07f38cfcaba95e1feab211e8114	0123af9e96b58af4e98b91a2de5608d36b63c67864b9041d3340587f3dbe40d2	cfa8dcf0d81c408de38d4202fe1ce9d9e5e301d1e67439c9530da94b1e64ee3f	7484d7b0dd80f45e18d726b04752827fe28555cc5c1af0e127948380e6688abf
semantic-proposal-v1	SC1-2b383c2ff95126a82d7d7c667009c57e9662c1379541d5b5bef976890520a112	S016178	1	P02	SYMBOLS.tsv	372124	selection_expression	x86_64	include/uapi/linux/if_vlan.h	enum_constant	VLAN_NAME_TYPE_RAW_PLUS_VID	44	PENDING_REVIEW	SOURCE_REVIEWED_VALUE	COMPLETE	vendor/linux/include/uapi/linux/if_vlan.h;vendor/linux/include/uapi/linux/if_vlan.h:44;rewrite/configs/x86_64/frozen.config;header_closure=rewrite/metadata/header_closure.tsv;selected=PENDING_REVIEW	425f94c2954b1fe80ebdbf9b29854e89750355df	8ec87034344ede6e887b445272a0c42851330fda9b8b10d5c7dd62353c315528	705fa9cf6ac5441d989805761e146231bbd8f07f38cfcaba95e1feab211e8114	0123af9e96b58af4e98b91a2de5608d36b63c67864b9041d3340587f3dbe40d2	cfa8dcf0d81c408de38d4202fe1ce9d9e5e301d1e67439c9530da94b1e64ee3f	7484d7b0dd80f45e18d726b04752827fe28555cc5c1af0e127948380e6688abf
semantic-proposal-v1	SC1-83e31859edfa488a9a5aa5115e27bcc46efb87854ee5609b128bb7b32fdd6e0a	S016178	1	P02	SYMBOLS.tsv	372124	status	x86_64	include/uapi/linux/if_vlan.h	enum_constant	VLAN_NAME_TYPE_RAW_PLUS_VID	44	PENDING_REVIEW	COMPLETE	COMPLETE	vendor/linux/include/uapi/linux/if_vlan.h;vendor/linux/include/uapi/linux/if_vlan.h:44;rewrite/configs/x86_64/frozen.config;header_closure=rewrite/metadata/header_closure.tsv;selected=PENDING_REVIEW	425f94c2954b1fe80ebdbf9b29854e89750355df	8ec87034344ede6e887b445272a0c42851330fda9b8b10d5c7dd62353c315528	705fa9cf6ac5441d989805761e146231bbd8f07f38cfcaba95e1feab211e8114	0123af9e96b58af4e98b91a2de5608d36b63c67864b9041d3340587f3dbe40d2	cfa8dcf0d81c408de38d4202fe1ce9d9e5e301d1e67439c9530da94b1e64ee3f	7484d7b0dd80f45e18d726b04752827fe28555cc5c1af0e127948380e6688abf
semantic-proposal-v1	SC1-0879d8c2fd096989e342c1c9db83b65252099fbffb09edbe5150e2d738cc9798	S016178	1	P02	SYMBOLS.tsv	372125	selection_expression	x86_64	include/uapi/linux/if_vlan.h	enum_constant	VLAN_NAME_TYPE_PLUS_VID_NO_PAD	45	PENDING_REVIEW	SOURCE_REVIEWED_VALUE	COMPLETE	vendor/linux/include/uapi/linux/if_vlan.h;vendor/linux/include/uapi/linux/if_vlan.h:45;rewrite/configs/x86_64/frozen.config;header_closure=rewrite/metadata/header_closure.tsv;selected=PENDING_REVIEW	425f94c2954b1fe80ebdbf9b29854e89750355df	8ec87034344ede6e887b445272a0c42851330fda9b8b10d5c7dd62353c315528	705fa9cf6ac5441d989805761e146231bbd8f07f38cfcaba95e1feab211e8114	0123af9e96b58af4e98b91a2de5608d36b63c67864b9041d3340587f3dbe40d2	cfa8dcf0d81c408de38d4202fe1ce9d9e5e301d1e67439c9530da94b1e64ee3f	7484d7b0dd80f45e18d726b04752827fe28555cc5c1af0e127948380e6688abf
semantic-proposal-v1	SC1-cd46108da5a4221cdf97f3369d404ccf0acb25f86887eedec986f36cc01cd970	S016178	1	P02	SYMBOLS.tsv	372125	status	x86_64	include/uapi/linux/if_vlan.h	enum_constant	VLAN_NAME_TYPE_PLUS_VID_NO_PAD	45	PENDING_REVIEW	COMPLETE	COMPLETE	vendor/linux/include/uapi/linux/if_vlan.h;vendor/linux/include/uapi/linux/if_vlan.h:45;rewrite/configs/x86_64/frozen.config;header_closure=rewrite/metadata/header_closure.tsv;selected=PENDING_REVIEW	425f94c2954b1fe80ebdbf9b29854e89750355df	8ec87034344ede6e887b445272a0c42851330fda9b8b10d5c7dd62353c315528	705fa9cf6ac5441d989805761e146231bbd8f07f38cfcaba95e1feab211e8114	0123af9e96b58af4e98b91a2de5608d36b63c67864b9041d3340587f3dbe40d2	cfa8dcf0d81c408de38d4202fe1ce9d9e5e301d1e67439c9530da94b1e64ee3f	7484d7b0dd80f45e18d726b04752827fe28555cc5c1af0e127948380e6688abf
semantic-proposal-v1	SC1-ea177e3b3f95c53bc99b463faf208d8d8db99bec50c0688d54f229eb0543dcad	S016178	1	P02	SYMBOLS.tsv	372126	selection_expression	x86_64	include/uapi/linux/if_vlan.h	enum_constant	VLAN_NAME_TYPE_RAW_PLUS_VID_NO_PAD	46	PENDING_REVIEW	SOURCE_REVIEWED_VALUE	COMPLETE	vendor/linux/include/uapi/linux/if_vlan.h;vendor/linux/include/uapi/linux/if_vlan.h:46;rewrite/configs/x86_64/frozen.config;header_closure=rewrite/metadata/header_closure.tsv;selected=PENDING_REVIEW	425f94c2954b1fe80ebdbf9b29854e89750355df	8ec87034344ede6e887b445272a0c42851330fda9b8b10d5c7dd62353c315528	705fa9cf6ac5441d989805761e146231bbd8f07f38cfcaba95e1feab211e8114	0123af9e96b58af4e98b91a2de5608d36b63c67864b9041d3340587f3dbe40d2	cfa8dcf0d81c408de38d4202fe1ce9d9e5e301d1e67439c9530da94b1e64ee3f	7484d7b0dd80f45e18d726b04752827fe28555cc5c1af0e127948380e6688abf
semantic-proposal-v1	SC1-cdca7b63856099c37d6c05ceb8fa35a153dcff7bf300e70f77eac528e5c31317	S016178	1	P02	SYMBOLS.tsv	372126	status	x86_64	include/uapi/linux/if_vlan.h	enum_constant	VLAN_NAME_TYPE_RAW_PLUS_VID_NO_PAD	46	PENDING_REVIEW	COMPLETE	COMPLETE	vendor/linux/include/uapi/linux/if_vlan.h;vendor/linux/include/uapi/linux/if_vlan.h:46;rewrite/configs/x86_64/frozen.config;header_closure=rewrite/metadata/header_closure.tsv;selected=PENDING_REVIEW	425f94c2954b1fe80ebdbf9b29854e89750355df	8ec87034344ede6e887b445272a0c42851330fda9b8b10d5c7dd62353c315528	705fa9cf6ac5441d989805761e146231bbd8f07f38cfcaba95e1feab211e8114	0123af9e96b58af4e98b91a2de5608d36b63c67864b9041d3340587f3dbe40d2	cfa8dcf0d81c408de38d4202fe1ce9d9e5e301d1e67439c9530da94b1e64ee3f	7484d7b0dd80f45e18d726b04752827fe28555cc5c1af0e127948380e6688abf
semantic-proposal-v1	SC1-0daeb5463064c60f79169748670c4b35c166578ad658356be2cbff42047d4f8b	S016178	1	P02	SYMBOLS.tsv	372127	selection_expression	x86_64	include/uapi/linux/if_vlan.h	enum_constant	VLAN_NAME_TYPE_HIGHEST	47	PENDING_REVIEW	SOURCE_REVIEWED_VALUE	COMPLETE	vendor/linux/include/uapi/linux/if_vlan.h;vendor/linux/include/uapi/linux/if_vlan.h:47;rewrite/configs/x86_64/frozen.config;header_closure=rewrite/metadata/header_closure.tsv;selected=PENDING_REVIEW	425f94c2954b1fe80ebdbf9b29854e89750355df	8ec87034344ede6e887b445272a0c42851330fda9b8b10d5c7dd62353c315528	705fa9cf6ac5441d989805761e146231bbd8f07f38cfcaba95e1feab211e8114	0123af9e96b58af4e98b91a2de5608d36b63c67864b9041d3340587f3dbe40d2	cfa8dcf0d81c408de38d4202fe1ce9d9e5e301d1e67439c9530da94b1e64ee3f	7484d7b0dd80f45e18d726b04752827fe28555cc5c1af0e127948380e6688abf
semantic-proposal-v1	SC1-0e9a7919a8a6ce4fff7aa400547d6cb3e345de1767d241ab8284dcd55268c68e	S016178	1	P02	SYMBOLS.tsv	372127	status	x86_64	include/uapi/linux/if_vlan.h	enum_constant	VLAN_NAME_TYPE_HIGHEST	47	PENDING_REVIEW	COMPLETE	COMPLETE	vendor/linux/include/uapi/linux/if_vlan.h;vendor/linux/include/uapi/linux/if_vlan.h:47;rewrite/configs/x86_64/frozen.config;header_closure=rewrite/metadata/header_closure.tsv;selected=PENDING_REVIEW	425f94c2954b1fe80ebdbf9b29854e89750355df	8ec87034344ede6e887b445272a0c42851330fda9b8b10d5c7dd62353c315528	705fa9cf6ac5441d989805761e146231bbd8f07f38cfcaba95e1feab211e8114	0123af9e96b58af4e98b91a2de5608d36b63c67864b9041d3340587f3dbe40d2	cfa8dcf0d81c408de38d4202fe1ce9d9e5e301d1e67439c9530da94b1e64ee3f	7484d7b0dd80f45e18d726b04752827fe28555cc5c1af0e127948380e6688abf
semantic-proposal-v1	SC1-ff044a731bdeae04af72c5a88b3ccebcdb76a373ab07f1f6b171ce4ace15e032	S016178	1	P02	SYMBOLS.tsv	372128	selection_expression	x86_64	include/uapi/linux/if_vlan.h	type	struct vlan_ioctl_args	50	PENDING_REVIEW	SOURCE_REVIEWED_VALUE	COMPLETE	vendor/linux/include/uapi/linux/if_vlan.h;vendor/linux/include/uapi/linux/if_vlan.h:50;rewrite/configs/x86_64/frozen.config;header_closure=rewrite/metadata/header_closure.tsv;selected=PENDING_REVIEW	425f94c2954b1fe80ebdbf9b29854e89750355df	8ec87034344ede6e887b445272a0c42851330fda9b8b10d5c7dd62353c315528	705fa9cf6ac5441d989805761e146231bbd8f07f38cfcaba95e1feab211e8114	0123af9e96b58af4e98b91a2de5608d36b63c67864b9041d3340587f3dbe40d2	cfa8dcf0d81c408de38d4202fe1ce9d9e5e301d1e67439c9530da94b1e64ee3f	7484d7b0dd80f45e18d726b04752827fe28555cc5c1af0e127948380e6688abf
semantic-proposal-v1	SC1-98386c3b97fa2cb8edb1bf787bbf194e881befe25abbb42ca3e4f9b4eaac4b00	S016178	1	P02	SYMBOLS.tsv	372128	status	x86_64	include/uapi/linux/if_vlan.h	type	struct vlan_ioctl_args	50	PENDING_REVIEW	COMPLETE	COMPLETE	vendor/linux/include/uapi/linux/if_vlan.h;vendor/linux/include/uapi/linux/if_vlan.h:50;rewrite/configs/x86_64/frozen.config;header_closure=rewrite/metadata/header_closure.tsv;selected=PENDING_REVIEW	425f94c2954b1fe80ebdbf9b29854e89750355df	8ec87034344ede6e887b445272a0c42851330fda9b8b10d5c7dd62353c315528	705fa9cf6ac5441d989805761e146231bbd8f07f38cfcaba95e1feab211e8114	0123af9e96b58af4e98b91a2de5608d36b63c67864b9041d3340587f3dbe40d2	cfa8dcf0d81c408de38d4202fe1ce9d9e5e301d1e67439c9530da94b1e64ee3f	7484d7b0dd80f45e18d726b04752827fe28555cc5c1af0e127948380e6688abf
semantic-proposal-v1	SC1-b17ac5fe1dadde257ef6862f9d4f6259bc181e2374a9d6b941f2a620262ec9d6	S016178	1	P02	SYMBOLS.tsv	372129	selection_expression	x86_64	include/uapi/linux/if_vlan.h	type	anonymous_union@54	54	PENDING_REVIEW	SOURCE_REVIEWED_VALUE	COMPLETE	vendor/linux/include/uapi/linux/if_vlan.h;vendor/linux/include/uapi/linux/if_vlan.h:54;rewrite/configs/x86_64/frozen.config;header_closure=rewrite/metadata/header_closure.tsv;selected=PENDING_REVIEW	425f94c2954b1fe80ebdbf9b29854e89750355df	8ec87034344ede6e887b445272a0c42851330fda9b8b10d5c7dd62353c315528	705fa9cf6ac5441d989805761e146231bbd8f07f38cfcaba95e1feab211e8114	0123af9e96b58af4e98b91a2de5608d36b63c67864b9041d3340587f3dbe40d2	cfa8dcf0d81c408de38d4202fe1ce9d9e5e301d1e67439c9530da94b1e64ee3f	7484d7b0dd80f45e18d726b04752827fe28555cc5c1af0e127948380e6688abf
semantic-proposal-v1	SC1-76d667e2caa89729ab9d05939b8d2c5d1dabe480dbaf3b4dbe7fd0488e1f7735	S016178	1	P02	SYMBOLS.tsv	372129	status	x86_64	include/uapi/linux/if_vlan.h	type	anonymous_union@54	54	PENDING_REVIEW	COMPLETE	COMPLETE	vendor/linux/include/uapi/linux/if_vlan.h;vendor/linux/include/uapi/linux/if_vlan.h:54;rewrite/configs/x86_64/frozen.config;header_closure=rewrite/metadata/header_closure.tsv;selected=PENDING_REVIEW	425f94c2954b1fe80ebdbf9b29854e89750355df	8ec87034344ede6e887b445272a0c42851330fda9b8b10d5c7dd62353c315528	705fa9cf6ac5441d989805761e146231bbd8f07f38cfcaba95e1feab211e8114	0123af9e96b58af4e98b91a2de5608d36b63c67864b9041d3340587f3dbe40d2	cfa8dcf0d81c408de38d4202fe1ce9d9e5e301d1e67439c9530da94b1e64ee3f	7484d7b0dd80f45e18d726b04752827fe28555cc5c1af0e127948380e6688abf
semantic-proposal-v1	SC1-c52f7f8ce9c9fcd0e065f64b65d4c4a693abc2d688ef1847388ce387f8eee705	S016178	1	P02	ABI.tsv	191935	alignment	aarch64	include/uapi/linux/if_vlan.h	type	enum vlan_ioctl_cmds	21	PENDING_REVIEW	SOURCE_REVIEWED_VALUE	COMPLETE	vendor/linux/include/uapi/linux/if_vlan.h;vendor/linux/include/uapi/linux/if_vlan.h:21;header-context=PENDING_REVIEW	425f94c2954b1fe80ebdbf9b29854e89750355df	8ec87034344ede6e887b445272a0c42851330fda9b8b10d5c7dd62353c315528	705fa9cf6ac5441d989805761e146231bbd8f07f38cfcaba95e1feab211e8114	0123af9e96b58af4e98b91a2de5608d36b63c67864b9041d3340587f3dbe40d2	cfa8dcf0d81c408de38d4202fe1ce9d9e5e301d1e67439c9530da94b1e64ee3f	ae0caca34fe9b6eb8097958d2fbb8d2b6a1fad60f91f3c2b8d948c43dbfcee39
semantic-proposal-v1	SC1-6a523f485a2154931bc9410e7f3c247886d1e7caa3310818619818f1c761aaac	S016178	1	P02	ABI.tsv	191935	export_kind	aarch64	include/uapi/linux/if_vlan.h	type	enum vlan_ioctl_cmds	21	PENDING_REVIEW	SOURCE_REVIEWED_VALUE	COMPLETE	vendor/linux/include/uapi/linux/if_vlan.h;vendor/linux/include/uapi/linux/if_vlan.h:21;header-context=PENDING_REVIEW	425f94c2954b1fe80ebdbf9b29854e89750355df	8ec87034344ede6e887b445272a0c42851330fda9b8b10d5c7dd62353c315528	705fa9cf6ac5441d989805761e146231bbd8f07f38cfcaba95e1feab211e8114	0123af9e96b58af4e98b91a2de5608d36b63c67864b9041d3340587f3dbe40d2	cfa8dcf0d81c408de38d4202fe1ce9d9e5e301d1e67439c9530da94b1e64ee3f	ae0caca34fe9b6eb8097958d2fbb8d2b6a1fad60f91f3c2b8d948c43dbfcee39
semantic-proposal-v1	SC1-d082235ad1e25c279881c5a95cd8508dcefd27c35a05a03aa7913eb182e3e522	S016178	1	P02	ABI.tsv	191935	layout	aarch64	include/uapi/linux/if_vlan.h	type	enum vlan_ioctl_cmds	21	PENDING_REVIEW	SOURCE_REVIEWED_VALUE	COMPLETE	vendor/linux/include/uapi/linux/if_vlan.h;vendor/linux/include/uapi/linux/if_vlan.h:21;header-context=PENDING_REVIEW	425f94c2954b1fe80ebdbf9b29854e89750355df	8ec87034344ede6e887b445272a0c42851330fda9b8b10d5c7dd62353c315528	705fa9cf6ac5441d989805761e146231bbd8f07f38cfcaba95e1feab211e8114	0123af9e96b58af4e98b91a2de5608d36b63c67864b9041d3340587f3dbe40d2	cfa8dcf0d81c408de38d4202fe1ce9d9e5e301d1e67439c9530da94b1e64ee3f	ae0caca34fe9b6eb8097958d2fbb8d2b6a1fad60f91f3c2b8d948c43dbfcee39
semantic-proposal-v1	SC1-33f1218543ddfd68e99fc6682b7a098dce5978f22857d6b251902db4a5f3197a	S016178	1	P02	ABI.tsv	191935	status	aarch64	include/uapi/linux/if_vlan.h	type	enum vlan_ioctl_cmds	21	PENDING_REVIEW	COMPLETE	COMPLETE	vendor/linux/include/uapi/linux/if_vlan.h;vendor/linux/include/uapi/linux/if_vlan.h:21;header-context=PENDING_REVIEW	425f94c2954b1fe80ebdbf9b29854e89750355df	8ec87034344ede6e887b445272a0c42851330fda9b8b10d5c7dd62353c315528	705fa9cf6ac5441d989805761e146231bbd8f07f38cfcaba95e1feab211e8114	0123af9e96b58af4e98b91a2de5608d36b63c67864b9041d3340587f3dbe40d2	cfa8dcf0d81c408de38d4202fe1ce9d9e5e301d1e67439c9530da94b1e64ee3f	ae0caca34fe9b6eb8097958d2fbb8d2b6a1fad60f91f3c2b8d948c43dbfcee39
semantic-proposal-v1	SC1-b092abd83e59ae710b2b8300235fd159995f35e963401e66f4ba9270fe1ee221	S016178	1	P02	ABI.tsv	191936	alignment	aarch64	include/uapi/linux/if_vlan.h	type	enum vlan_flags	34	PENDING_REVIEW	SOURCE_REVIEWED_VALUE	COMPLETE	vendor/linux/include/uapi/linux/if_vlan.h;vendor/linux/include/uapi/linux/if_vlan.h:34;header-context=PENDING_REVIEW	425f94c2954b1fe80ebdbf9b29854e89750355df	8ec87034344ede6e887b445272a0c42851330fda9b8b10d5c7dd62353c315528	705fa9cf6ac5441d989805761e146231bbd8f07f38cfcaba95e1feab211e8114	0123af9e96b58af4e98b91a2de5608d36b63c67864b9041d3340587f3dbe40d2	cfa8dcf0d81c408de38d4202fe1ce9d9e5e301d1e67439c9530da94b1e64ee3f	ae0caca34fe9b6eb8097958d2fbb8d2b6a1fad60f91f3c2b8d948c43dbfcee39
semantic-proposal-v1	SC1-5d13721ee86141fd88d1790e774b35d2496a19205bc397f8e9c56df5d4646155	S016178	1	P02	ABI.tsv	191936	export_kind	aarch64	include/uapi/linux/if_vlan.h	type	enum vlan_flags	34	PENDING_REVIEW	SOURCE_REVIEWED_VALUE	COMPLETE	vendor/linux/include/uapi/linux/if_vlan.h;vendor/linux/include/uapi/linux/if_vlan.h:34;header-context=PENDING_REVIEW	425f94c2954b1fe80ebdbf9b29854e89750355df	8ec87034344ede6e887b445272a0c42851330fda9b8b10d5c7dd62353c315528	705fa9cf6ac5441d989805761e146231bbd8f07f38cfcaba95e1feab211e8114	0123af9e96b58af4e98b91a2de5608d36b63c67864b9041d3340587f3dbe40d2	cfa8dcf0d81c408de38d4202fe1ce9d9e5e301d1e67439c9530da94b1e64ee3f	ae0caca34fe9b6eb8097958d2fbb8d2b6a1fad60f91f3c2b8d948c43dbfcee39
semantic-proposal-v1	SC1-a78adecb4a1ca01a4aa1bb2d5368752692fa433212e4a1844d35653ec515a4eb	S016178	1	P02	ABI.tsv	191936	layout	aarch64	include/uapi/linux/if_vlan.h	type	enum vlan_flags	34	PENDING_REVIEW	SOURCE_REVIEWED_VALUE	COMPLETE	vendor/linux/include/uapi/linux/if_vlan.h;vendor/linux/include/uapi/linux/if_vlan.h:34;header-context=PENDING_REVIEW	425f94c2954b1fe80ebdbf9b29854e89750355df	8ec87034344ede6e887b445272a0c42851330fda9b8b10d5c7dd62353c315528	705fa9cf6ac5441d989805761e146231bbd8f07f38cfcaba95e1feab211e8114	0123af9e96b58af4e98b91a2de5608d36b63c67864b9041d3340587f3dbe40d2	cfa8dcf0d81c408de38d4202fe1ce9d9e5e301d1e67439c9530da94b1e64ee3f	ae0caca34fe9b6eb8097958d2fbb8d2b6a1fad60f91f3c2b8d948c43dbfcee39
semantic-proposal-v1	SC1-10a9f431ba91bbc0098337d5175b3eea1688da383d896127a12cb7867a9d839b	S016178	1	P02	ABI.tsv	191936	status	aarch64	include/uapi/linux/if_vlan.h	type	enum vlan_flags	34	PENDING_REVIEW	COMPLETE	COMPLETE	vendor/linux/include/uapi/linux/if_vlan.h;vendor/linux/include/uapi/linux/if_vlan.h:34;header-context=PENDING_REVIEW	425f94c2954b1fe80ebdbf9b29854e89750355df	8ec87034344ede6e887b445272a0c42851330fda9b8b10d5c7dd62353c315528	705fa9cf6ac5441d989805761e146231bbd8f07f38cfcaba95e1feab211e8114	0123af9e96b58af4e98b91a2de5608d36b63c67864b9041d3340587f3dbe40d2	cfa8dcf0d81c408de38d4202fe1ce9d9e5e301d1e67439c9530da94b1e64ee3f	ae0caca34fe9b6eb8097958d2fbb8d2b6a1fad60f91f3c2b8d948c43dbfcee39
semantic-proposal-v1	SC1-76b23f1262b6ca811477db58c2b391d7da2c6a30a8a31048178dd30741656cf7	S016178	1	P02	ABI.tsv	191937	alignment	aarch64	include/uapi/linux/if_vlan.h	type	enum vlan_name_types	42	PENDING_REVIEW	SOURCE_REVIEWED_VALUE	COMPLETE	vendor/linux/include/uapi/linux/if_vlan.h;vendor/linux/include/uapi/linux/if_vlan.h:42;header-context=PENDING_REVIEW	425f94c2954b1fe80ebdbf9b29854e89750355df	8ec87034344ede6e887b445272a0c42851330fda9b8b10d5c7dd62353c315528	705fa9cf6ac5441d989805761e146231bbd8f07f38cfcaba95e1feab211e8114	0123af9e96b58af4e98b91a2de5608d36b63c67864b9041d3340587f3dbe40d2	cfa8dcf0d81c408de38d4202fe1ce9d9e5e301d1e67439c9530da94b1e64ee3f	ae0caca34fe9b6eb8097958d2fbb8d2b6a1fad60f91f3c2b8d948c43dbfcee39
semantic-proposal-v1	SC1-d9c523573a45be606dee6a9f9b59d54d1ed9f333af6e91b9978f3e22f5a3e500	S016178	1	P02	ABI.tsv	191937	export_kind	aarch64	include/uapi/linux/if_vlan.h	type	enum vlan_name_types	42	PENDING_REVIEW	SOURCE_REVIEWED_VALUE	COMPLETE	vendor/linux/include/uapi/linux/if_vlan.h;vendor/linux/include/uapi/linux/if_vlan.h:42;header-context=PENDING_REVIEW	425f94c2954b1fe80ebdbf9b29854e89750355df	8ec87034344ede6e887b445272a0c42851330fda9b8b10d5c7dd62353c315528	705fa9cf6ac5441d989805761e146231bbd8f07f38cfcaba95e1feab211e8114	0123af9e96b58af4e98b91a2de5608d36b63c67864b9041d3340587f3dbe40d2	cfa8dcf0d81c408de38d4202fe1ce9d9e5e301d1e67439c9530da94b1e64ee3f	ae0caca34fe9b6eb8097958d2fbb8d2b6a1fad60f91f3c2b8d948c43dbfcee39
semantic-proposal-v1	SC1-b63da51de39de5e1d1208c42deb4ab5eb27704f91e32b7d69bf7efacbd873089	S016178	1	P02	ABI.tsv	191937	layout	aarch64	include/uapi/linux/if_vlan.h	type	enum vlan_name_types	42	PENDING_REVIEW	SOURCE_REVIEWED_VALUE	COMPLETE	vendor/linux/include/uapi/linux/if_vlan.h;vendor/linux/include/uapi/linux/if_vlan.h:42;header-context=PENDING_REVIEW	425f94c2954b1fe80ebdbf9b29854e89750355df	8ec87034344ede6e887b445272a0c42851330fda9b8b10d5c7dd62353c315528	705fa9cf6ac5441d989805761e146231bbd8f07f38cfcaba95e1feab211e8114	0123af9e96b58af4e98b91a2de5608d36b63c67864b9041d3340587f3dbe40d2	cfa8dcf0d81c408de38d4202fe1ce9d9e5e301d1e67439c9530da94b1e64ee3f	ae0caca34fe9b6eb8097958d2fbb8d2b6a1fad60f91f3c2b8d948c43dbfcee39
semantic-proposal-v1	SC1-b6f2e7945bb45c288e08286fb44df60e09471d8f267b628fccc084d6eb4df2e2	S016178	1	P02	ABI.tsv	191937	status	aarch64	include/uapi/linux/if_vlan.h	type	enum vlan_name_types	42	PENDING_REVIEW	COMPLETE	COMPLETE	vendor/linux/include/uapi/linux/if_vlan.h;vendor/linux/include/uapi/linux/if_vlan.h:42;header-context=PENDING_REVIEW	425f94c2954b1fe80ebdbf9b29854e89750355df	8ec87034344ede6e887b445272a0c42851330fda9b8b10d5c7dd62353c315528	705fa9cf6ac5441d989805761e146231bbd8f07f38cfcaba95e1feab211e8114	0123af9e96b58af4e98b91a2de5608d36b63c67864b9041d3340587f3dbe40d2	cfa8dcf0d81c408de38d4202fe1ce9d9e5e301d1e67439c9530da94b1e64ee3f	ae0caca34fe9b6eb8097958d2fbb8d2b6a1fad60f91f3c2b8d948c43dbfcee39
semantic-proposal-v1	SC1-463cc906b232496a62cfa33a27b6dea66818f6ac8afee91a18f75ee8b93c478c	S016178	1	P02	ABI.tsv	191938	alignment	aarch64	include/uapi/linux/if_vlan.h	type	struct vlan_ioctl_args	50	PENDING_REVIEW	SOURCE_REVIEWED_VALUE	COMPLETE	vendor/linux/include/uapi/linux/if_vlan.h;vendor/linux/include/uapi/linux/if_vlan.h:50;header-context=PENDING_REVIEW	425f94c2954b1fe80ebdbf9b29854e89750355df	8ec87034344ede6e887b445272a0c42851330fda9b8b10d5c7dd62353c315528	705fa9cf6ac5441d989805761e146231bbd8f07f38cfcaba95e1feab211e8114	0123af9e96b58af4e98b91a2de5608d36b63c67864b9041d3340587f3dbe40d2	cfa8dcf0d81c408de38d4202fe1ce9d9e5e301d1e67439c9530da94b1e64ee3f	ae0caca34fe9b6eb8097958d2fbb8d2b6a1fad60f91f3c2b8d948c43dbfcee39
semantic-proposal-v1	SC1-4df20601d9990a9eb961792003000d9b89b9a01bb50530009ff255b248657028	S016178	1	P02	ABI.tsv	191938	export_kind	aarch64	include/uapi/linux/if_vlan.h	type	struct vlan_ioctl_args	50	PENDING_REVIEW	SOURCE_REVIEWED_VALUE	COMPLETE	vendor/linux/include/uapi/linux/if_vlan.h;vendor/linux/include/uapi/linux/if_vlan.h:50;header-context=PENDING_REVIEW	425f94c2954b1fe80ebdbf9b29854e89750355df	8ec87034344ede6e887b445272a0c42851330fda9b8b10d5c7dd62353c315528	705fa9cf6ac5441d989805761e146231bbd8f07f38cfcaba95e1feab211e8114	0123af9e96b58af4e98b91a2de5608d36b63c67864b9041d3340587f3dbe40d2	cfa8dcf0d81c408de38d4202fe1ce9d9e5e301d1e67439c9530da94b1e64ee3f	ae0caca34fe9b6eb8097958d2fbb8d2b6a1fad60f91f3c2b8d948c43dbfcee39
semantic-proposal-v1	SC1-aa0cab0b1d1ddbc8246007ba233818e0fff05d6dd9dbfd1ebbe1909af49f2a0a	S016178	1	P02	ABI.tsv	191938	layout	aarch64	include/uapi/linux/if_vlan.h	type	struct vlan_ioctl_args	50	PENDING_REVIEW	SOURCE_REVIEWED_VALUE	COMPLETE	vendor/linux/include/uapi/linux/if_vlan.h;vendor/linux/include/uapi/linux/if_vlan.h:50;header-context=PENDING_REVIEW	425f94c2954b1fe80ebdbf9b29854e89750355df	8ec87034344ede6e887b445272a0c42851330fda9b8b10d5c7dd62353c315528	705fa9cf6ac5441d989805761e146231bbd8f07f38cfcaba95e1feab211e8114	0123af9e96b58af4e98b91a2de5608d36b63c67864b9041d3340587f3dbe40d2	cfa8dcf0d81c408de38d4202fe1ce9d9e5e301d1e67439c9530da94b1e64ee3f	ae0caca34fe9b6eb8097958d2fbb8d2b6a1fad60f91f3c2b8d948c43dbfcee39
semantic-proposal-v1	SC1-9dca2036e955ff3beef75a233cc04c42fa98e2f36d524737b3d871467f56ec2b	S016178	1	P02	ABI.tsv	191938	status	aarch64	include/uapi/linux/if_vlan.h	type	struct vlan_ioctl_args	50	PENDING_REVIEW	COMPLETE	COMPLETE	vendor/linux/include/uapi/linux/if_vlan.h;vendor/linux/include/uapi/linux/if_vlan.h:50;header-context=PENDING_REVIEW	425f94c2954b1fe80ebdbf9b29854e89750355df	8ec87034344ede6e887b445272a0c42851330fda9b8b10d5c7dd62353c315528	705fa9cf6ac5441d989805761e146231bbd8f07f38cfcaba95e1feab211e8114	0123af9e96b58af4e98b91a2de5608d36b63c67864b9041d3340587f3dbe40d2	cfa8dcf0d81c408de38d4202fe1ce9d9e5e301d1e67439c9530da94b1e64ee3f	ae0caca34fe9b6eb8097958d2fbb8d2b6a1fad60f91f3c2b8d948c43dbfcee39
semantic-proposal-v1	SC1-f017d795efa128453096f834e6f72311a347fc764eccd9db7ef43ff470525cba	S016178	1	P02	ABI.tsv	191939	alignment	aarch64	include/uapi/linux/if_vlan.h	type	anonymous_union@54	54	PENDING_REVIEW	SOURCE_REVIEWED_VALUE	COMPLETE	vendor/linux/include/uapi/linux/if_vlan.h;vendor/linux/include/uapi/linux/if_vlan.h:54;header-context=PENDING_REVIEW	425f94c2954b1fe80ebdbf9b29854e89750355df	8ec87034344ede6e887b445272a0c42851330fda9b8b10d5c7dd62353c315528	705fa9cf6ac5441d989805761e146231bbd8f07f38cfcaba95e1feab211e8114	0123af9e96b58af4e98b91a2de5608d36b63c67864b9041d3340587f3dbe40d2	cfa8dcf0d81c408de38d4202fe1ce9d9e5e301d1e67439c9530da94b1e64ee3f	ae0caca34fe9b6eb8097958d2fbb8d2b6a1fad60f91f3c2b8d948c43dbfcee39
semantic-proposal-v1	SC1-5045ddadca716cf3523b119b5be014b2f8b158712d195bb111f044721d951676	S016178	1	P02	ABI.tsv	191939	export_kind	aarch64	include/uapi/linux/if_vlan.h	type	anonymous_union@54	54	PENDING_REVIEW	SOURCE_REVIEWED_VALUE	COMPLETE	vendor/linux/include/uapi/linux/if_vlan.h;vendor/linux/include/uapi/linux/if_vlan.h:54;header-context=PENDING_REVIEW	425f94c2954b1fe80ebdbf9b29854e89750355df	8ec87034344ede6e887b445272a0c42851330fda9b8b10d5c7dd62353c315528	705fa9cf6ac5441d989805761e146231bbd8f07f38cfcaba95e1feab211e8114	0123af9e96b58af4e98b91a2de5608d36b63c67864b9041d3340587f3dbe40d2	cfa8dcf0d81c408de38d4202fe1ce9d9e5e301d1e67439c9530da94b1e64ee3f	ae0caca34fe9b6eb8097958d2fbb8d2b6a1fad60f91f3c2b8d948c43dbfcee39
semantic-proposal-v1	SC1-093a46eb550771c995afa36f847ba14cfb51053dc9152eca0ac1b6eeba16e39c	S016178	1	P02	ABI.tsv	191939	layout	aarch64	include/uapi/linux/if_vlan.h	type	anonymous_union@54	54	PENDING_REVIEW	SOURCE_REVIEWED_VALUE	COMPLETE	vendor/linux/include/uapi/linux/if_vlan.h;vendor/linux/include/uapi/linux/if_vlan.h:54;header-context=PENDING_REVIEW	425f94c2954b1fe80ebdbf9b29854e89750355df	8ec87034344ede6e887b445272a0c42851330fda9b8b10d5c7dd62353c315528	705fa9cf6ac5441d989805761e146231bbd8f07f38cfcaba95e1feab211e8114	0123af9e96b58af4e98b91a2de5608d36b63c67864b9041d3340587f3dbe40d2	cfa8dcf0d81c408de38d4202fe1ce9d9e5e301d1e67439c9530da94b1e64ee3f	ae0caca34fe9b6eb8097958d2fbb8d2b6a1fad60f91f3c2b8d948c43dbfcee39
semantic-proposal-v1	SC1-18c845ffeab654954379c74832cee069ff7aaaf245c14f5e9bd26769e666ac44	S016178	1	P02	ABI.tsv	191939	status	aarch64	include/uapi/linux/if_vlan.h	type	anonymous_union@54	54	PENDING_REVIEW	COMPLETE	COMPLETE	vendor/linux/include/uapi/linux/if_vlan.h;vendor/linux/include/uapi/linux/if_vlan.h:54;header-context=PENDING_REVIEW	425f94c2954b1fe80ebdbf9b29854e89750355df	8ec87034344ede6e887b445272a0c42851330fda9b8b10d5c7dd62353c315528	705fa9cf6ac5441d989805761e146231bbd8f07f38cfcaba95e1feab211e8114	0123af9e96b58af4e98b91a2de5608d36b63c67864b9041d3340587f3dbe40d2	cfa8dcf0d81c408de38d4202fe1ce9d9e5e301d1e67439c9530da94b1e64ee3f	ae0caca34fe9b6eb8097958d2fbb8d2b6a1fad60f91f3c2b8d948c43dbfcee39
semantic-proposal-v1	SC1-b287fa119c0a708bdd500a72ff4f23f93ea7482432b895ccf97ece59aaa43fbc	S016178	1	P02	ABI.tsv	191940	alignment	x86_64	include/uapi/linux/if_vlan.h	type	enum vlan_ioctl_cmds	21	PENDING_REVIEW	SOURCE_REVIEWED_VALUE	COMPLETE	vendor/linux/include/uapi/linux/if_vlan.h;vendor/linux/include/uapi/linux/if_vlan.h:21;header-context=PENDING_REVIEW	425f94c2954b1fe80ebdbf9b29854e89750355df	8ec87034344ede6e887b445272a0c42851330fda9b8b10d5c7dd62353c315528	705fa9cf6ac5441d989805761e146231bbd8f07f38cfcaba95e1feab211e8114	0123af9e96b58af4e98b91a2de5608d36b63c67864b9041d3340587f3dbe40d2	cfa8dcf0d81c408de38d4202fe1ce9d9e5e301d1e67439c9530da94b1e64ee3f	ae0caca34fe9b6eb8097958d2fbb8d2b6a1fad60f91f3c2b8d948c43dbfcee39
semantic-proposal-v1	SC1-4752ba1d4b8d3ca5b22d718777743a3804002b7a7a4a5dfe295af14741ce07b4	S016178	1	P02	ABI.tsv	191940	export_kind	x86_64	include/uapi/linux/if_vlan.h	type	enum vlan_ioctl_cmds	21	PENDING_REVIEW	SOURCE_REVIEWED_VALUE	COMPLETE	vendor/linux/include/uapi/linux/if_vlan.h;vendor/linux/include/uapi/linux/if_vlan.h:21;header-context=PENDING_REVIEW	425f94c2954b1fe80ebdbf9b29854e89750355df	8ec87034344ede6e887b445272a0c42851330fda9b8b10d5c7dd62353c315528	705fa9cf6ac5441d989805761e146231bbd8f07f38cfcaba95e1feab211e8114	0123af9e96b58af4e98b91a2de5608d36b63c67864b9041d3340587f3dbe40d2	cfa8dcf0d81c408de38d4202fe1ce9d9e5e301d1e67439c9530da94b1e64ee3f	ae0caca34fe9b6eb8097958d2fbb8d2b6a1fad60f91f3c2b8d948c43dbfcee39
semantic-proposal-v1	SC1-5765ec5caa3d5eb529635e91fc9e625bab79a0dd8577cf5d5ec4dc50e9761e2a	S016178	1	P02	ABI.tsv	191940	layout	x86_64	include/uapi/linux/if_vlan.h	type	enum vlan_ioctl_cmds	21	PENDING_REVIEW	SOURCE_REVIEWED_VALUE	COMPLETE	vendor/linux/include/uapi/linux/if_vlan.h;vendor/linux/include/uapi/linux/if_vlan.h:21;header-context=PENDING_REVIEW	425f94c2954b1fe80ebdbf9b29854e89750355df	8ec87034344ede6e887b445272a0c42851330fda9b8b10d5c7dd62353c315528	705fa9cf6ac5441d989805761e146231bbd8f07f38cfcaba95e1feab211e8114	0123af9e96b58af4e98b91a2de5608d36b63c67864b9041d3340587f3dbe40d2	cfa8dcf0d81c408de38d4202fe1ce9d9e5e301d1e67439c9530da94b1e64ee3f	ae0caca34fe9b6eb8097958d2fbb8d2b6a1fad60f91f3c2b8d948c43dbfcee39
semantic-proposal-v1	SC1-d2b2c2daee34842c0678840950dbebfa06c1eb53d20f99becf5d333aaf3cd7d0	S016178	1	P02	ABI.tsv	191940	status	x86_64	include/uapi/linux/if_vlan.h	type	enum vlan_ioctl_cmds	21	PENDING_REVIEW	COMPLETE	COMPLETE	vendor/linux/include/uapi/linux/if_vlan.h;vendor/linux/include/uapi/linux/if_vlan.h:21;header-context=PENDING_REVIEW	425f94c2954b1fe80ebdbf9b29854e89750355df	8ec87034344ede6e887b445272a0c42851330fda9b8b10d5c7dd62353c315528	705fa9cf6ac5441d989805761e146231bbd8f07f38cfcaba95e1feab211e8114	0123af9e96b58af4e98b91a2de5608d36b63c67864b9041d3340587f3dbe40d2	cfa8dcf0d81c408de38d4202fe1ce9d9e5e301d1e67439c9530da94b1e64ee3f	ae0caca34fe9b6eb8097958d2fbb8d2b6a1fad60f91f3c2b8d948c43dbfcee39
semantic-proposal-v1	SC1-57f9d93bb2791124ebd55085989c16c39bc4a11c9b8c4b5358029d2544c1044d	S016178	1	P02	ABI.tsv	191941	alignment	x86_64	include/uapi/linux/if_vlan.h	type	enum vlan_flags	34	PENDING_REVIEW	SOURCE_REVIEWED_VALUE	COMPLETE	vendor/linux/include/uapi/linux/if_vlan.h;vendor/linux/include/uapi/linux/if_vlan.h:34;header-context=PENDING_REVIEW	425f94c2954b1fe80ebdbf9b29854e89750355df	8ec87034344ede6e887b445272a0c42851330fda9b8b10d5c7dd62353c315528	705fa9cf6ac5441d989805761e146231bbd8f07f38cfcaba95e1feab211e8114	0123af9e96b58af4e98b91a2de5608d36b63c67864b9041d3340587f3dbe40d2	cfa8dcf0d81c408de38d4202fe1ce9d9e5e301d1e67439c9530da94b1e64ee3f	ae0caca34fe9b6eb8097958d2fbb8d2b6a1fad60f91f3c2b8d948c43dbfcee39
semantic-proposal-v1	SC1-1020b40f58d028e62f3c7dc2e99eaf6d708e5ddc4112511f8dd8373b92d65f36	S016178	1	P02	ABI.tsv	191941	export_kind	x86_64	include/uapi/linux/if_vlan.h	type	enum vlan_flags	34	PENDING_REVIEW	SOURCE_REVIEWED_VALUE	COMPLETE	vendor/linux/include/uapi/linux/if_vlan.h;vendor/linux/include/uapi/linux/if_vlan.h:34;header-context=PENDING_REVIEW	425f94c2954b1fe80ebdbf9b29854e89750355df	8ec87034344ede6e887b445272a0c42851330fda9b8b10d5c7dd62353c315528	705fa9cf6ac5441d989805761e146231bbd8f07f38cfcaba95e1feab211e8114	0123af9e96b58af4e98b91a2de5608d36b63c67864b9041d3340587f3dbe40d2	cfa8dcf0d81c408de38d4202fe1ce9d9e5e301d1e67439c9530da94b1e64ee3f	ae0caca34fe9b6eb8097958d2fbb8d2b6a1fad60f91f3c2b8d948c43dbfcee39
semantic-proposal-v1	SC1-223b5e15dcfe7f354fc7d17c91c4f89c3e5c7b6fc65bf30d54556e13668c16e0	S016178	1	P02	ABI.tsv	191941	layout	x86_64	include/uapi/linux/if_vlan.h	type	enum vlan_flags	34	PENDING_REVIEW	SOURCE_REVIEWED_VALUE	COMPLETE	vendor/linux/include/uapi/linux/if_vlan.h;vendor/linux/include/uapi/linux/if_vlan.h:34;header-context=PENDING_REVIEW	425f94c2954b1fe80ebdbf9b29854e89750355df	8ec87034344ede6e887b445272a0c42851330fda9b8b10d5c7dd62353c315528	705fa9cf6ac5441d989805761e146231bbd8f07f38cfcaba95e1feab211e8114	0123af9e96b58af4e98b91a2de5608d36b63c67864b9041d3340587f3dbe40d2	cfa8dcf0d81c408de38d4202fe1ce9d9e5e301d1e67439c9530da94b1e64ee3f	ae0caca34fe9b6eb8097958d2fbb8d2b6a1fad60f91f3c2b8d948c43dbfcee39
semantic-proposal-v1	SC1-ee5c1ee2fd9ee45208a8f9f2eb7418de86aee5bcea30e06d3a3c5c48d81c97db	S016178	1	P02	ABI.tsv	191941	status	x86_64	include/uapi/linux/if_vlan.h	type	enum vlan_flags	34	PENDING_REVIEW	COMPLETE	COMPLETE	vendor/linux/include/uapi/linux/if_vlan.h;vendor/linux/include/uapi/linux/if_vlan.h:34;header-context=PENDING_REVIEW	425f94c2954b1fe80ebdbf9b29854e89750355df	8ec87034344ede6e887b445272a0c42851330fda9b8b10d5c7dd62353c315528	705fa9cf6ac5441d989805761e146231bbd8f07f38cfcaba95e1feab211e8114	0123af9e96b58af4e98b91a2de5608d36b63c67864b9041d3340587f3dbe40d2	cfa8dcf0d81c408de38d4202fe1ce9d9e5e301d1e67439c9530da94b1e64ee3f	ae0caca34fe9b6eb8097958d2fbb8d2b6a1fad60f91f3c2b8d948c43dbfcee39
semantic-proposal-v1	SC1-d1b8cab55a3b2f4a0c696f6c282e0d8fe4a9cf4f453734668d69ad8eee71200e	S016178	1	P02	ABI.tsv	191942	alignment	x86_64	include/uapi/linux/if_vlan.h	type	enum vlan_name_types	42	PENDING_REVIEW	SOURCE_REVIEWED_VALUE	COMPLETE	vendor/linux/include/uapi/linux/if_vlan.h;vendor/linux/include/uapi/linux/if_vlan.h:42;header-context=PENDING_REVIEW	425f94c2954b1fe80ebdbf9b29854e89750355df	8ec87034344ede6e887b445272a0c42851330fda9b8b10d5c7dd62353c315528	705fa9cf6ac5441d989805761e146231bbd8f07f38cfcaba95e1feab211e8114	0123af9e96b58af4e98b91a2de5608d36b63c67864b9041d3340587f3dbe40d2	cfa8dcf0d81c408de38d4202fe1ce9d9e5e301d1e67439c9530da94b1e64ee3f	ae0caca34fe9b6eb8097958d2fbb8d2b6a1fad60f91f3c2b8d948c43dbfcee39
semantic-proposal-v1	SC1-f5b5460e8b547973356c1a9ba847a257f2ba63205dffeff0a6282ae2882009cc	S016178	1	P02	ABI.tsv	191942	export_kind	x86_64	include/uapi/linux/if_vlan.h	type	enum vlan_name_types	42	PENDING_REVIEW	SOURCE_REVIEWED_VALUE	COMPLETE	vendor/linux/include/uapi/linux/if_vlan.h;vendor/linux/include/uapi/linux/if_vlan.h:42;header-context=PENDING_REVIEW	425f94c2954b1fe80ebdbf9b29854e89750355df	8ec87034344ede6e887b445272a0c42851330fda9b8b10d5c7dd62353c315528	705fa9cf6ac5441d989805761e146231bbd8f07f38cfcaba95e1feab211e8114	0123af9e96b58af4e98b91a2de5608d36b63c67864b9041d3340587f3dbe40d2	cfa8dcf0d81c408de38d4202fe1ce9d9e5e301d1e67439c9530da94b1e64ee3f	ae0caca34fe9b6eb8097958d2fbb8d2b6a1fad60f91f3c2b8d948c43dbfcee39
semantic-proposal-v1	SC1-40264a012e877368333719d2ceb92559eed00d09f51db1d0c7f20db474087320	S016178	1	P02	ABI.tsv	191942	layout	x86_64	include/uapi/linux/if_vlan.h	type	enum vlan_name_types	42	PENDING_REVIEW	SOURCE_REVIEWED_VALUE	COMPLETE	vendor/linux/include/uapi/linux/if_vlan.h;vendor/linux/include/uapi/linux/if_vlan.h:42;header-context=PENDING_REVIEW	425f94c2954b1fe80ebdbf9b29854e89750355df	8ec87034344ede6e887b445272a0c42851330fda9b8b10d5c7dd62353c315528	705fa9cf6ac5441d989805761e146231bbd8f07f38cfcaba95e1feab211e8114	0123af9e96b58af4e98b91a2de5608d36b63c67864b9041d3340587f3dbe40d2	cfa8dcf0d81c408de38d4202fe1ce9d9e5e301d1e67439c9530da94b1e64ee3f	ae0caca34fe9b6eb8097958d2fbb8d2b6a1fad60f91f3c2b8d948c43dbfcee39
semantic-proposal-v1	SC1-970c2fe538961bd81ffd1f4f886abc64b80e2f682fd997c042e6b7a0cbfadce7	S016178	1	P02	ABI.tsv	191942	status	x86_64	include/uapi/linux/if_vlan.h	type	enum vlan_name_types	42	PENDING_REVIEW	COMPLETE	COMPLETE	vendor/linux/include/uapi/linux/if_vlan.h;vendor/linux/include/uapi/linux/if_vlan.h:42;header-context=PENDING_REVIEW	425f94c2954b1fe80ebdbf9b29854e89750355df	8ec87034344ede6e887b445272a0c42851330fda9b8b10d5c7dd62353c315528	705fa9cf6ac5441d989805761e146231bbd8f07f38cfcaba95e1feab211e8114	0123af9e96b58af4e98b91a2de5608d36b63c67864b9041d3340587f3dbe40d2	cfa8dcf0d81c408de38d4202fe1ce9d9e5e301d1e67439c9530da94b1e64ee3f	ae0caca34fe9b6eb8097958d2fbb8d2b6a1fad60f91f3c2b8d948c43dbfcee39
semantic-proposal-v1	SC1-a1aff0cb6f230abf0af955b2dbe463ebb048f887b000e6fdef38db865ebdb393	S016178	1	P02	ABI.tsv	191943	alignment	x86_64	include/uapi/linux/if_vlan.h	type	struct vlan_ioctl_args	50	PENDING_REVIEW	SOURCE_REVIEWED_VALUE	COMPLETE	vendor/linux/include/uapi/linux/if_vlan.h;vendor/linux/include/uapi/linux/if_vlan.h:50;header-context=PENDING_REVIEW	425f94c2954b1fe80ebdbf9b29854e89750355df	8ec87034344ede6e887b445272a0c42851330fda9b8b10d5c7dd62353c315528	705fa9cf6ac5441d989805761e146231bbd8f07f38cfcaba95e1feab211e8114	0123af9e96b58af4e98b91a2de5608d36b63c67864b9041d3340587f3dbe40d2	cfa8dcf0d81c408de38d4202fe1ce9d9e5e301d1e67439c9530da94b1e64ee3f	ae0caca34fe9b6eb8097958d2fbb8d2b6a1fad60f91f3c2b8d948c43dbfcee39
semantic-proposal-v1	SC1-c4ee57de2c56265678e8cbc4f02160817d48b82572552e45820363b481245e0b	S016178	1	P02	ABI.tsv	191943	export_kind	x86_64	include/uapi/linux/if_vlan.h	type	struct vlan_ioctl_args	50	PENDING_REVIEW	SOURCE_REVIEWED_VALUE	COMPLETE	vendor/linux/include/uapi/linux/if_vlan.h;vendor/linux/include/uapi/linux/if_vlan.h:50;header-context=PENDING_REVIEW	425f94c2954b1fe80ebdbf9b29854e89750355df	8ec87034344ede6e887b445272a0c42851330fda9b8b10d5c7dd62353c315528	705fa9cf6ac5441d989805761e146231bbd8f07f38cfcaba95e1feab211e8114	0123af9e96b58af4e98b91a2de5608d36b63c67864b9041d3340587f3dbe40d2	cfa8dcf0d81c408de38d4202fe1ce9d9e5e301d1e67439c9530da94b1e64ee3f	ae0caca34fe9b6eb8097958d2fbb8d2b6a1fad60f91f3c2b8d948c43dbfcee39
semantic-proposal-v1	SC1-6ffab864e02b0ebb2b4d4c78804a8a7c5d1b1f6ef3821eac71777612c0cc4854	S016178	1	P02	ABI.tsv	191943	layout	x86_64	include/uapi/linux/if_vlan.h	type	struct vlan_ioctl_args	50	PENDING_REVIEW	SOURCE_REVIEWED_VALUE	COMPLETE	vendor/linux/include/uapi/linux/if_vlan.h;vendor/linux/include/uapi/linux/if_vlan.h:50;header-context=PENDING_REVIEW	425f94c2954b1fe80ebdbf9b29854e89750355df	8ec87034344ede6e887b445272a0c42851330fda9b8b10d5c7dd62353c315528	705fa9cf6ac5441d989805761e146231bbd8f07f38cfcaba95e1feab211e8114	0123af9e96b58af4e98b91a2de5608d36b63c67864b9041d3340587f3dbe40d2	cfa8dcf0d81c408de38d4202fe1ce9d9e5e301d1e67439c9530da94b1e64ee3f	ae0caca34fe9b6eb8097958d2fbb8d2b6a1fad60f91f3c2b8d948c43dbfcee39
semantic-proposal-v1	SC1-c43f099ae5b5987c60600748989fead53e3a852aca86879783dd2cf3358affb7	S016178	1	P02	ABI.tsv	191943	status	x86_64	include/uapi/linux/if_vlan.h	type	struct vlan_ioctl_args	50	PENDING_REVIEW	COMPLETE	COMPLETE	vendor/linux/include/uapi/linux/if_vlan.h;vendor/linux/include/uapi/linux/if_vlan.h:50;header-context=PENDING_REVIEW	425f94c2954b1fe80ebdbf9b29854e89750355df	8ec87034344ede6e887b445272a0c42851330fda9b8b10d5c7dd62353c315528	705fa9cf6ac5441d989805761e146231bbd8f07f38cfcaba95e1feab211e8114	0123af9e96b58af4e98b91a2de5608d36b63c67864b9041d3340587f3dbe40d2	cfa8dcf0d81c408de38d4202fe1ce9d9e5e301d1e67439c9530da94b1e64ee3f	ae0caca34fe9b6eb8097958d2fbb8d2b6a1fad60f91f3c2b8d948c43dbfcee39
semantic-proposal-v1	SC1-d30f8be5b89b02b7252906b6f85a96e7f4623406baecc513cb523ae595668fa6	S016178	1	P02	ABI.tsv	191944	alignment	x86_64	include/uapi/linux/if_vlan.h	type	anonymous_union@54	54	PENDING_REVIEW	SOURCE_REVIEWED_VALUE	COMPLETE	vendor/linux/include/uapi/linux/if_vlan.h;vendor/linux/include/uapi/linux/if_vlan.h:54;header-context=PENDING_REVIEW	425f94c2954b1fe80ebdbf9b29854e89750355df	8ec87034344ede6e887b445272a0c42851330fda9b8b10d5c7dd62353c315528	705fa9cf6ac5441d989805761e146231bbd8f07f38cfcaba95e1feab211e8114	0123af9e96b58af4e98b91a2de5608d36b63c67864b9041d3340587f3dbe40d2	cfa8dcf0d81c408de38d4202fe1ce9d9e5e301d1e67439c9530da94b1e64ee3f	ae0caca34fe9b6eb8097958d2fbb8d2b6a1fad60f91f3c2b8d948c43dbfcee39
semantic-proposal-v1	SC1-ebd8cf25265a2e0e45ea9ef882b9e2a7f05aabca987d7a9d6172e1f205732392	S016178	1	P02	ABI.tsv	191944	export_kind	x86_64	include/uapi/linux/if_vlan.h	type	anonymous_union@54	54	PENDING_REVIEW	SOURCE_REVIEWED_VALUE	COMPLETE	vendor/linux/include/uapi/linux/if_vlan.h;vendor/linux/include/uapi/linux/if_vlan.h:54;header-context=PENDING_REVIEW	425f94c2954b1fe80ebdbf9b29854e89750355df	8ec87034344ede6e887b445272a0c42851330fda9b8b10d5c7dd62353c315528	705fa9cf6ac5441d989805761e146231bbd8f07f38cfcaba95e1feab211e8114	0123af9e96b58af4e98b91a2de5608d36b63c67864b9041d3340587f3dbe40d2	cfa8dcf0d81c408de38d4202fe1ce9d9e5e301d1e67439c9530da94b1e64ee3f	ae0caca34fe9b6eb8097958d2fbb8d2b6a1fad60f91f3c2b8d948c43dbfcee39
semantic-proposal-v1	SC1-2b7a4f2e1e2a88b4843fb2bc4a0ad8f1d1ba19e94d5236e44239fbe30f4dd04b	S016178	1	P02	ABI.tsv	191944	layout	x86_64	include/uapi/linux/if_vlan.h	type	anonymous_union@54	54	PENDING_REVIEW	SOURCE_REVIEWED_VALUE	COMPLETE	vendor/linux/include/uapi/linux/if_vlan.h;vendor/linux/include/uapi/linux/if_vlan.h:54;header-context=PENDING_REVIEW	425f94c2954b1fe80ebdbf9b29854e89750355df	8ec87034344ede6e887b445272a0c42851330fda9b8b10d5c7dd62353c315528	705fa9cf6ac5441d989805761e146231bbd8f07f38cfcaba95e1feab211e8114	0123af9e96b58af4e98b91a2de5608d36b63c67864b9041d3340587f3dbe40d2	cfa8dcf0d81c408de38d4202fe1ce9d9e5e301d1e67439c9530da94b1e64ee3f	ae0caca34fe9b6eb8097958d2fbb8d2b6a1fad60f91f3c2b8d948c43dbfcee39
semantic-proposal-v1	SC1-a02dd7c98d13206ebc536fa111b7fc456dadda96f266e6d88c92be2ce83540a3	S016178	1	P02	ABI.tsv	191944	status	x86_64	include/uapi/linux/if_vlan.h	type	anonymous_union@54	54	PENDING_REVIEW	COMPLETE	COMPLETE	vendor/linux/include/uapi/linux/if_vlan.h;vendor/linux/include/uapi/linux/if_vlan.h:54;header-context=PENDING_REVIEW	425f94c2954b1fe80ebdbf9b29854e89750355df	8ec87034344ede6e887b445272a0c42851330fda9b8b10d5c7dd62353c315528	705fa9cf6ac5441d989805761e146231bbd8f07f38cfcaba95e1feab211e8114	0123af9e96b58af4e98b91a2de5608d36b63c67864b9041d3340587f3dbe40d2	cfa8dcf0d81c408de38d4202fe1ce9d9e5e301d1e67439c9530da94b1e64ee3f	ae0caca34fe9b6eb8097958d2fbb8d2b6a1fad60f91f3c2b8d948c43dbfcee39
semantic-proposal-v1	SC1-24615a34499a8411af0dc84aec60e0a824f12cfc1b269e5bd88da0bbacb7da46	S016178	1	P02	LIFETIMES.tsv	187876	lifetime_contract	aarch64	include/uapi/linux/if_vlan.h	type	enum vlan_ioctl_cmds	21	PENDING_REVIEW	SOURCE_REVIEWED_VALUE	COMPLETE	vendor/linux/include/uapi/linux/if_vlan.h;vendor/linux/include/uapi/linux/if_vlan.h:21;header-context=PENDING_REVIEW	425f94c2954b1fe80ebdbf9b29854e89750355df	8ec87034344ede6e887b445272a0c42851330fda9b8b10d5c7dd62353c315528	705fa9cf6ac5441d989805761e146231bbd8f07f38cfcaba95e1feab211e8114	0123af9e96b58af4e98b91a2de5608d36b63c67864b9041d3340587f3dbe40d2	cfa8dcf0d81c408de38d4202fe1ce9d9e5e301d1e67439c9530da94b1e64ee3f	0e7e60940dd21c28f3d10965325f70644fc000495a2d61984437dec666da93d8
semantic-proposal-v1	SC1-f4a5682e938bd11bebcd8ea17229066e85c4f8d070a936f7cb418748f1c183b2	S016178	1	P02	LIFETIMES.tsv	187876	locking_rcu_refcount	aarch64	include/uapi/linux/if_vlan.h	type	enum vlan_ioctl_cmds	21	PENDING_REVIEW	SOURCE_REVIEWED_VALUE	COMPLETE	vendor/linux/include/uapi/linux/if_vlan.h;vendor/linux/include/uapi/linux/if_vlan.h:21;header-context=PENDING_REVIEW	425f94c2954b1fe80ebdbf9b29854e89750355df	8ec87034344ede6e887b445272a0c42851330fda9b8b10d5c7dd62353c315528	705fa9cf6ac5441d989805761e146231bbd8f07f38cfcaba95e1feab211e8114	0123af9e96b58af4e98b91a2de5608d36b63c67864b9041d3340587f3dbe40d2	cfa8dcf0d81c408de38d4202fe1ce9d9e5e301d1e67439c9530da94b1e64ee3f	0e7e60940dd21c28f3d10965325f70644fc000495a2d61984437dec666da93d8
semantic-proposal-v1	SC1-0fa736f87d4533a407d0d699a493d58fc5f5db7dca7a40be7a5f957a0164c122	S016178	1	P02	LIFETIMES.tsv	187876	ownership	aarch64	include/uapi/linux/if_vlan.h	type	enum vlan_ioctl_cmds	21	PENDING_REVIEW	SOURCE_REVIEWED_VALUE	COMPLETE	vendor/linux/include/uapi/linux/if_vlan.h;vendor/linux/include/uapi/linux/if_vlan.h:21;header-context=PENDING_REVIEW	425f94c2954b1fe80ebdbf9b29854e89750355df	8ec87034344ede6e887b445272a0c42851330fda9b8b10d5c7dd62353c315528	705fa9cf6ac5441d989805761e146231bbd8f07f38cfcaba95e1feab211e8114	0123af9e96b58af4e98b91a2de5608d36b63c67864b9041d3340587f3dbe40d2	cfa8dcf0d81c408de38d4202fe1ce9d9e5e301d1e67439c9530da94b1e64ee3f	0e7e60940dd21c28f3d10965325f70644fc000495a2d61984437dec666da93d8
semantic-proposal-v1	SC1-f7070b69f3d4f1401221faaf72b5e6ea4285e7439ac692b05dc44e4ad70ad46d	S016178	1	P02	LIFETIMES.tsv	187876	status	aarch64	include/uapi/linux/if_vlan.h	type	enum vlan_ioctl_cmds	21	PENDING_REVIEW	COMPLETE	COMPLETE	vendor/linux/include/uapi/linux/if_vlan.h;vendor/linux/include/uapi/linux/if_vlan.h:21;header-context=PENDING_REVIEW	425f94c2954b1fe80ebdbf9b29854e89750355df	8ec87034344ede6e887b445272a0c42851330fda9b8b10d5c7dd62353c315528	705fa9cf6ac5441d989805761e146231bbd8f07f38cfcaba95e1feab211e8114	0123af9e96b58af4e98b91a2de5608d36b63c67864b9041d3340587f3dbe40d2	cfa8dcf0d81c408de38d4202fe1ce9d9e5e301d1e67439c9530da94b1e64ee3f	0e7e60940dd21c28f3d10965325f70644fc000495a2d61984437dec666da93d8
semantic-proposal-v1	SC1-ad1fb96b91b111cb8c86186d2c2b4d701667e25da65f4b60e2a5a025db6f4a6e	S016178	1	P02	LIFETIMES.tsv	187877	lifetime_contract	aarch64	include/uapi/linux/if_vlan.h	type	enum vlan_flags	34	PENDING_REVIEW	SOURCE_REVIEWED_VALUE	COMPLETE	vendor/linux/include/uapi/linux/if_vlan.h;vendor/linux/include/uapi/linux/if_vlan.h:34;header-context=PENDING_REVIEW	425f94c2954b1fe80ebdbf9b29854e89750355df	8ec87034344ede6e887b445272a0c42851330fda9b8b10d5c7dd62353c315528	705fa9cf6ac5441d989805761e146231bbd8f07f38cfcaba95e1feab211e8114	0123af9e96b58af4e98b91a2de5608d36b63c67864b9041d3340587f3dbe40d2	cfa8dcf0d81c408de38d4202fe1ce9d9e5e301d1e67439c9530da94b1e64ee3f	0e7e60940dd21c28f3d10965325f70644fc000495a2d61984437dec666da93d8
semantic-proposal-v1	SC1-c7438ec84de2e62325efd28fe7c2ea1d85894543e94e9ca0200b8b0e3d2bf7d5	S016178	1	P02	LIFETIMES.tsv	187877	locking_rcu_refcount	aarch64	include/uapi/linux/if_vlan.h	type	enum vlan_flags	34	PENDING_REVIEW	SOURCE_REVIEWED_VALUE	COMPLETE	vendor/linux/include/uapi/linux/if_vlan.h;vendor/linux/include/uapi/linux/if_vlan.h:34;header-context=PENDING_REVIEW	425f94c2954b1fe80ebdbf9b29854e89750355df	8ec87034344ede6e887b445272a0c42851330fda9b8b10d5c7dd62353c315528	705fa9cf6ac5441d989805761e146231bbd8f07f38cfcaba95e1feab211e8114	0123af9e96b58af4e98b91a2de5608d36b63c67864b9041d3340587f3dbe40d2	cfa8dcf0d81c408de38d4202fe1ce9d9e5e301d1e67439c9530da94b1e64ee3f	0e7e60940dd21c28f3d10965325f70644fc000495a2d61984437dec666da93d8
semantic-proposal-v1	SC1-dd7441185ad718a90277aa8b936028a176b9181d7e115d3fe1988b7462a4b237	S016178	1	P02	LIFETIMES.tsv	187877	ownership	aarch64	include/uapi/linux/if_vlan.h	type	enum vlan_flags	34	PENDING_REVIEW	SOURCE_REVIEWED_VALUE	COMPLETE	vendor/linux/include/uapi/linux/if_vlan.h;vendor/linux/include/uapi/linux/if_vlan.h:34;header-context=PENDING_REVIEW	425f94c2954b1fe80ebdbf9b29854e89750355df	8ec87034344ede6e887b445272a0c42851330fda9b8b10d5c7dd62353c315528	705fa9cf6ac5441d989805761e146231bbd8f07f38cfcaba95e1feab211e8114	0123af9e96b58af4e98b91a2de5608d36b63c67864b9041d3340587f3dbe40d2	cfa8dcf0d81c408de38d4202fe1ce9d9e5e301d1e67439c9530da94b1e64ee3f	0e7e60940dd21c28f3d10965325f70644fc000495a2d61984437dec666da93d8
semantic-proposal-v1	SC1-1833efcf1ea9d0b0957a3b1344017a8a4868d15f6bb2d7a5fce7b8d90c9ef54a	S016178	1	P02	LIFETIMES.tsv	187877	status	aarch64	include/uapi/linux/if_vlan.h	type	enum vlan_flags	34	PENDING_REVIEW	COMPLETE	COMPLETE	vendor/linux/include/uapi/linux/if_vlan.h;vendor/linux/include/uapi/linux/if_vlan.h:34;header-context=PENDING_REVIEW	425f94c2954b1fe80ebdbf9b29854e89750355df	8ec87034344ede6e887b445272a0c42851330fda9b8b10d5c7dd62353c315528	705fa9cf6ac5441d989805761e146231bbd8f07f38cfcaba95e1feab211e8114	0123af9e96b58af4e98b91a2de5608d36b63c67864b9041d3340587f3dbe40d2	cfa8dcf0d81c408de38d4202fe1ce9d9e5e301d1e67439c9530da94b1e64ee3f	0e7e60940dd21c28f3d10965325f70644fc000495a2d61984437dec666da93d8
semantic-proposal-v1	SC1-f6508ae1a967c344bbc48b950c177deef49b151e47012e394371dcdf3fb4e19b	S016178	1	P02	LIFETIMES.tsv	187878	lifetime_contract	aarch64	include/uapi/linux/if_vlan.h	type	enum vlan_name_types	42	PENDING_REVIEW	SOURCE_REVIEWED_VALUE	COMPLETE	vendor/linux/include/uapi/linux/if_vlan.h;vendor/linux/include/uapi/linux/if_vlan.h:42;header-context=PENDING_REVIEW	425f94c2954b1fe80ebdbf9b29854e89750355df	8ec87034344ede6e887b445272a0c42851330fda9b8b10d5c7dd62353c315528	705fa9cf6ac5441d989805761e146231bbd8f07f38cfcaba95e1feab211e8114	0123af9e96b58af4e98b91a2de5608d36b63c67864b9041d3340587f3dbe40d2	cfa8dcf0d81c408de38d4202fe1ce9d9e5e301d1e67439c9530da94b1e64ee3f	0e7e60940dd21c28f3d10965325f70644fc000495a2d61984437dec666da93d8
semantic-proposal-v1	SC1-5b244c5f0dedd2c0019b09ce3f5e7cd85269e6957bb636ea8c04109abbc4ac49	S016178	1	P02	LIFETIMES.tsv	187878	locking_rcu_refcount	aarch64	include/uapi/linux/if_vlan.h	type	enum vlan_name_types	42	PENDING_REVIEW	SOURCE_REVIEWED_VALUE	COMPLETE	vendor/linux/include/uapi/linux/if_vlan.h;vendor/linux/include/uapi/linux/if_vlan.h:42;header-context=PENDING_REVIEW	425f94c2954b1fe80ebdbf9b29854e89750355df	8ec87034344ede6e887b445272a0c42851330fda9b8b10d5c7dd62353c315528	705fa9cf6ac5441d989805761e146231bbd8f07f38cfcaba95e1feab211e8114	0123af9e96b58af4e98b91a2de5608d36b63c67864b9041d3340587f3dbe40d2	cfa8dcf0d81c408de38d4202fe1ce9d9e5e301d1e67439c9530da94b1e64ee3f	0e7e60940dd21c28f3d10965325f70644fc000495a2d61984437dec666da93d8
semantic-proposal-v1	SC1-745caad39a666f25432d44267b907106db0dd9fad8d4e3c67f362524683bb902	S016178	1	P02	LIFETIMES.tsv	187878	ownership	aarch64	include/uapi/linux/if_vlan.h	type	enum vlan_name_types	42	PENDING_REVIEW	SOURCE_REVIEWED_VALUE	COMPLETE	vendor/linux/include/uapi/linux/if_vlan.h;vendor/linux/include/uapi/linux/if_vlan.h:42;header-context=PENDING_REVIEW	425f94c2954b1fe80ebdbf9b29854e89750355df	8ec87034344ede6e887b445272a0c42851330fda9b8b10d5c7dd62353c315528	705fa9cf6ac5441d989805761e146231bbd8f07f38cfcaba95e1feab211e8114	0123af9e96b58af4e98b91a2de5608d36b63c67864b9041d3340587f3dbe40d2	cfa8dcf0d81c408de38d4202fe1ce9d9e5e301d1e67439c9530da94b1e64ee3f	0e7e60940dd21c28f3d10965325f70644fc000495a2d61984437dec666da93d8
semantic-proposal-v1	SC1-a6c0ef1ca4df4c94db800722c8c0ba3eaebf0f4d38e370ad257c24d328f9f527	S016178	1	P02	LIFETIMES.tsv	187878	status	aarch64	include/uapi/linux/if_vlan.h	type	enum vlan_name_types	42	PENDING_REVIEW	COMPLETE	COMPLETE	vendor/linux/include/uapi/linux/if_vlan.h;vendor/linux/include/uapi/linux/if_vlan.h:42;header-context=PENDING_REVIEW	425f94c2954b1fe80ebdbf9b29854e89750355df	8ec87034344ede6e887b445272a0c42851330fda9b8b10d5c7dd62353c315528	705fa9cf6ac5441d989805761e146231bbd8f07f38cfcaba95e1feab211e8114	0123af9e96b58af4e98b91a2de5608d36b63c67864b9041d3340587f3dbe40d2	cfa8dcf0d81c408de38d4202fe1ce9d9e5e301d1e67439c9530da94b1e64ee3f	0e7e60940dd21c28f3d10965325f70644fc000495a2d61984437dec666da93d8
semantic-proposal-v1	SC1-e14bb622d64e615198db8a88027fe8202daae5a1ffee2d1688095ea29ccf1322	S016178	1	P02	LIFETIMES.tsv	187879	lifetime_contract	aarch64	include/uapi/linux/if_vlan.h	type	struct vlan_ioctl_args	50	PENDING_REVIEW	SOURCE_REVIEWED_VALUE	COMPLETE	vendor/linux/include/uapi/linux/if_vlan.h;vendor/linux/include/uapi/linux/if_vlan.h:50;header-context=PENDING_REVIEW	425f94c2954b1fe80ebdbf9b29854e89750355df	8ec87034344ede6e887b445272a0c42851330fda9b8b10d5c7dd62353c315528	705fa9cf6ac5441d989805761e146231bbd8f07f38cfcaba95e1feab211e8114	0123af9e96b58af4e98b91a2de5608d36b63c67864b9041d3340587f3dbe40d2	cfa8dcf0d81c408de38d4202fe1ce9d9e5e301d1e67439c9530da94b1e64ee3f	0e7e60940dd21c28f3d10965325f70644fc000495a2d61984437dec666da93d8
semantic-proposal-v1	SC1-3ec4919df2ac8435d7c035f605e230c73bb3cc20775dba863e80fcb8a95d7162	S016178	1	P02	LIFETIMES.tsv	187879	locking_rcu_refcount	aarch64	include/uapi/linux/if_vlan.h	type	struct vlan_ioctl_args	50	PENDING_REVIEW	SOURCE_REVIEWED_VALUE	COMPLETE	vendor/linux/include/uapi/linux/if_vlan.h;vendor/linux/include/uapi/linux/if_vlan.h:50;header-context=PENDING_REVIEW	425f94c2954b1fe80ebdbf9b29854e89750355df	8ec87034344ede6e887b445272a0c42851330fda9b8b10d5c7dd62353c315528	705fa9cf6ac5441d989805761e146231bbd8f07f38cfcaba95e1feab211e8114	0123af9e96b58af4e98b91a2de5608d36b63c67864b9041d3340587f3dbe40d2	cfa8dcf0d81c408de38d4202fe1ce9d9e5e301d1e67439c9530da94b1e64ee3f	0e7e60940dd21c28f3d10965325f70644fc000495a2d61984437dec666da93d8
semantic-proposal-v1	SC1-e7d6383c3b715c950a1af6a7827abf4c4730ff5d25419142dba80d4bec7c93ce	S016178	1	P02	LIFETIMES.tsv	187879	ownership	aarch64	include/uapi/linux/if_vlan.h	type	struct vlan_ioctl_args	50	PENDING_REVIEW	SOURCE_REVIEWED_VALUE	COMPLETE	vendor/linux/include/uapi/linux/if_vlan.h;vendor/linux/include/uapi/linux/if_vlan.h:50;header-context=PENDING_REVIEW	425f94c2954b1fe80ebdbf9b29854e89750355df	8ec87034344ede6e887b445272a0c42851330fda9b8b10d5c7dd62353c315528	705fa9cf6ac5441d989805761e146231bbd8f07f38cfcaba95e1feab211e8114	0123af9e96b58af4e98b91a2de5608d36b63c67864b9041d3340587f3dbe40d2	cfa8dcf0d81c408de38d4202fe1ce9d9e5e301d1e67439c9530da94b1e64ee3f	0e7e60940dd21c28f3d10965325f70644fc000495a2d61984437dec666da93d8
semantic-proposal-v1	SC1-e38a052222277e10836db12cf67d37c64d3b28a5fb3fdb588828fc0e81cb2c21	S016178	1	P02	LIFETIMES.tsv	187879	status	aarch64	include/uapi/linux/if_vlan.h	type	struct vlan_ioctl_args	50	PENDING_REVIEW	COMPLETE	COMPLETE	vendor/linux/include/uapi/linux/if_vlan.h;vendor/linux/include/uapi/linux/if_vlan.h:50;header-context=PENDING_REVIEW	425f94c2954b1fe80ebdbf9b29854e89750355df	8ec87034344ede6e887b445272a0c42851330fda9b8b10d5c7dd62353c315528	705fa9cf6ac5441d989805761e146231bbd8f07f38cfcaba95e1feab211e8114	0123af9e96b58af4e98b91a2de5608d36b63c67864b9041d3340587f3dbe40d2	cfa8dcf0d81c408de38d4202fe1ce9d9e5e301d1e67439c9530da94b1e64ee3f	0e7e60940dd21c28f3d10965325f70644fc000495a2d61984437dec666da93d8
semantic-proposal-v1	SC1-74ed966cbf04fa430106fc5ab854066293bb5360a1f4ff9fafbf27960bf6bb94	S016178	1	P02	LIFETIMES.tsv	187880	lifetime_contract	aarch64	include/uapi/linux/if_vlan.h	type	anonymous_union@54	54	PENDING_REVIEW	SOURCE_REVIEWED_VALUE	COMPLETE	vendor/linux/include/uapi/linux/if_vlan.h;vendor/linux/include/uapi/linux/if_vlan.h:54;header-context=PENDING_REVIEW	425f94c2954b1fe80ebdbf9b29854e89750355df	8ec87034344ede6e887b445272a0c42851330fda9b8b10d5c7dd62353c315528	705fa9cf6ac5441d989805761e146231bbd8f07f38cfcaba95e1feab211e8114	0123af9e96b58af4e98b91a2de5608d36b63c67864b9041d3340587f3dbe40d2	cfa8dcf0d81c408de38d4202fe1ce9d9e5e301d1e67439c9530da94b1e64ee3f	0e7e60940dd21c28f3d10965325f70644fc000495a2d61984437dec666da93d8
semantic-proposal-v1	SC1-23b37d22d2d52b2323072ca600845dadb199610f6698e4ea7403b4f9c3b733b1	S016178	1	P02	LIFETIMES.tsv	187880	locking_rcu_refcount	aarch64	include/uapi/linux/if_vlan.h	type	anonymous_union@54	54	PENDING_REVIEW	SOURCE_REVIEWED_VALUE	COMPLETE	vendor/linux/include/uapi/linux/if_vlan.h;vendor/linux/include/uapi/linux/if_vlan.h:54;header-context=PENDING_REVIEW	425f94c2954b1fe80ebdbf9b29854e89750355df	8ec87034344ede6e887b445272a0c42851330fda9b8b10d5c7dd62353c315528	705fa9cf6ac5441d989805761e146231bbd8f07f38cfcaba95e1feab211e8114	0123af9e96b58af4e98b91a2de5608d36b63c67864b9041d3340587f3dbe40d2	cfa8dcf0d81c408de38d4202fe1ce9d9e5e301d1e67439c9530da94b1e64ee3f	0e7e60940dd21c28f3d10965325f70644fc000495a2d61984437dec666da93d8
semantic-proposal-v1	SC1-b676428d5a3f3ff12393f59ffff056465a62b7da0cece77ef88b2545499c5cd1	S016178	1	P02	LIFETIMES.tsv	187880	ownership	aarch64	include/uapi/linux/if_vlan.h	type	anonymous_union@54	54	PENDING_REVIEW	SOURCE_REVIEWED_VALUE	COMPLETE	vendor/linux/include/uapi/linux/if_vlan.h;vendor/linux/include/uapi/linux/if_vlan.h:54;header-context=PENDING_REVIEW	425f94c2954b1fe80ebdbf9b29854e89750355df	8ec87034344ede6e887b445272a0c42851330fda9b8b10d5c7dd62353c315528	705fa9cf6ac5441d989805761e146231bbd8f07f38cfcaba95e1feab211e8114	0123af9e96b58af4e98b91a2de5608d36b63c67864b9041d3340587f3dbe40d2	cfa8dcf0d81c408de38d4202fe1ce9d9e5e301d1e67439c9530da94b1e64ee3f	0e7e60940dd21c28f3d10965325f70644fc000495a2d61984437dec666da93d8
semantic-proposal-v1	SC1-ae4e7dcfe7f1909bbb734594a62eb07f340a408ec780e9edebb966d004e1c769	S016178	1	P02	LIFETIMES.tsv	187880	status	aarch64	include/uapi/linux/if_vlan.h	type	anonymous_union@54	54	PENDING_REVIEW	COMPLETE	COMPLETE	vendor/linux/include/uapi/linux/if_vlan.h;vendor/linux/include/uapi/linux/if_vlan.h:54;header-context=PENDING_REVIEW	425f94c2954b1fe80ebdbf9b29854e89750355df	8ec87034344ede6e887b445272a0c42851330fda9b8b10d5c7dd62353c315528	705fa9cf6ac5441d989805761e146231bbd8f07f38cfcaba95e1feab211e8114	0123af9e96b58af4e98b91a2de5608d36b63c67864b9041d3340587f3dbe40d2	cfa8dcf0d81c408de38d4202fe1ce9d9e5e301d1e67439c9530da94b1e64ee3f	0e7e60940dd21c28f3d10965325f70644fc000495a2d61984437dec666da93d8
semantic-proposal-v1	SC1-c91b74f0b28a761f773e6961664e6343b2b3dc15b6d4fe5df47e3ab7154267be	S016178	1	P02	LIFETIMES.tsv	187881	lifetime_contract	x86_64	include/uapi/linux/if_vlan.h	type	enum vlan_ioctl_cmds	21	PENDING_REVIEW	SOURCE_REVIEWED_VALUE	COMPLETE	vendor/linux/include/uapi/linux/if_vlan.h;vendor/linux/include/uapi/linux/if_vlan.h:21;header-context=PENDING_REVIEW	425f94c2954b1fe80ebdbf9b29854e89750355df	8ec87034344ede6e887b445272a0c42851330fda9b8b10d5c7dd62353c315528	705fa9cf6ac5441d989805761e146231bbd8f07f38cfcaba95e1feab211e8114	0123af9e96b58af4e98b91a2de5608d36b63c67864b9041d3340587f3dbe40d2	cfa8dcf0d81c408de38d4202fe1ce9d9e5e301d1e67439c9530da94b1e64ee3f	0e7e60940dd21c28f3d10965325f70644fc000495a2d61984437dec666da93d8
semantic-proposal-v1	SC1-bbf3669ca837fc0ed867388b6c3a464d35dfdcb2440f7fbabb9e7fbe39e668e2	S016178	1	P02	LIFETIMES.tsv	187881	locking_rcu_refcount	x86_64	include/uapi/linux/if_vlan.h	type	enum vlan_ioctl_cmds	21	PENDING_REVIEW	SOURCE_REVIEWED_VALUE	COMPLETE	vendor/linux/include/uapi/linux/if_vlan.h;vendor/linux/include/uapi/linux/if_vlan.h:21;header-context=PENDING_REVIEW	425f94c2954b1fe80ebdbf9b29854e89750355df	8ec87034344ede6e887b445272a0c42851330fda9b8b10d5c7dd62353c315528	705fa9cf6ac5441d989805761e146231bbd8f07f38cfcaba95e1feab211e8114	0123af9e96b58af4e98b91a2de5608d36b63c67864b9041d3340587f3dbe40d2	cfa8dcf0d81c408de38d4202fe1ce9d9e5e301d1e67439c9530da94b1e64ee3f	0e7e60940dd21c28f3d10965325f70644fc000495a2d61984437dec666da93d8
semantic-proposal-v1	SC1-57e1e458d9f6514cca11f6d67e0cc754d8e664a03ab80af174c7f73b2e47d988	S016178	1	P02	LIFETIMES.tsv	187881	ownership	x86_64	include/uapi/linux/if_vlan.h	type	enum vlan_ioctl_cmds	21	PENDING_REVIEW	SOURCE_REVIEWED_VALUE	COMPLETE	vendor/linux/include/uapi/linux/if_vlan.h;vendor/linux/include/uapi/linux/if_vlan.h:21;header-context=PENDING_REVIEW	425f94c2954b1fe80ebdbf9b29854e89750355df	8ec87034344ede6e887b445272a0c42851330fda9b8b10d5c7dd62353c315528	705fa9cf6ac5441d989805761e146231bbd8f07f38cfcaba95e1feab211e8114	0123af9e96b58af4e98b91a2de5608d36b63c67864b9041d3340587f3dbe40d2	cfa8dcf0d81c408de38d4202fe1ce9d9e5e301d1e67439c9530da94b1e64ee3f	0e7e60940dd21c28f3d10965325f70644fc000495a2d61984437dec666da93d8
semantic-proposal-v1	SC1-25abcea84f0faf991cba45f0f8077880d92259cdbc4910c4fcf079e322089e7d	S016178	1	P02	LIFETIMES.tsv	187881	status	x86_64	include/uapi/linux/if_vlan.h	type	enum vlan_ioctl_cmds	21	PENDING_REVIEW	COMPLETE	COMPLETE	vendor/linux/include/uapi/linux/if_vlan.h;vendor/linux/include/uapi/linux/if_vlan.h:21;header-context=PENDING_REVIEW	425f94c2954b1fe80ebdbf9b29854e89750355df	8ec87034344ede6e887b445272a0c42851330fda9b8b10d5c7dd62353c315528	705fa9cf6ac5441d989805761e146231bbd8f07f38cfcaba95e1feab211e8114	0123af9e96b58af4e98b91a2de5608d36b63c67864b9041d3340587f3dbe40d2	cfa8dcf0d81c408de38d4202fe1ce9d9e5e301d1e67439c9530da94b1e64ee3f	0e7e60940dd21c28f3d10965325f70644fc000495a2d61984437dec666da93d8
semantic-proposal-v1	SC1-0b2ea8df43bec33c10c7d82cf9398eb3e63d302c4fd64ff276c0fdb3bf3d7257	S016178	1	P02	LIFETIMES.tsv	187882	lifetime_contract	x86_64	include/uapi/linux/if_vlan.h	type	enum vlan_flags	34	PENDING_REVIEW	SOURCE_REVIEWED_VALUE	COMPLETE	vendor/linux/include/uapi/linux/if_vlan.h;vendor/linux/include/uapi/linux/if_vlan.h:34;header-context=PENDING_REVIEW	425f94c2954b1fe80ebdbf9b29854e89750355df	8ec87034344ede6e887b445272a0c42851330fda9b8b10d5c7dd62353c315528	705fa9cf6ac5441d989805761e146231bbd8f07f38cfcaba95e1feab211e8114	0123af9e96b58af4e98b91a2de5608d36b63c67864b9041d3340587f3dbe40d2	cfa8dcf0d81c408de38d4202fe1ce9d9e5e301d1e67439c9530da94b1e64ee3f	0e7e60940dd21c28f3d10965325f70644fc000495a2d61984437dec666da93d8
semantic-proposal-v1	SC1-f0bb6e5142db3f9a3c61813a265d01164b7a8684a1c4c94c3fb36687ff33b6ee	S016178	1	P02	LIFETIMES.tsv	187882	locking_rcu_refcount	x86_64	include/uapi/linux/if_vlan.h	type	enum vlan_flags	34	PENDING_REVIEW	SOURCE_REVIEWED_VALUE	COMPLETE	vendor/linux/include/uapi/linux/if_vlan.h;vendor/linux/include/uapi/linux/if_vlan.h:34;header-context=PENDING_REVIEW	425f94c2954b1fe80ebdbf9b29854e89750355df	8ec87034344ede6e887b445272a0c42851330fda9b8b10d5c7dd62353c315528	705fa9cf6ac5441d989805761e146231bbd8f07f38cfcaba95e1feab211e8114	0123af9e96b58af4e98b91a2de5608d36b63c67864b9041d3340587f3dbe40d2	cfa8dcf0d81c408de38d4202fe1ce9d9e5e301d1e67439c9530da94b1e64ee3f	0e7e60940dd21c28f3d10965325f70644fc000495a2d61984437dec666da93d8
semantic-proposal-v1	SC1-47ab70af5e5b8fcf25116b69a70c1abed2c0fd688f7975c370867ec412d8ec1a	S016178	1	P02	LIFETIMES.tsv	187882	ownership	x86_64	include/uapi/linux/if_vlan.h	type	enum vlan_flags	34	PENDING_REVIEW	SOURCE_REVIEWED_VALUE	COMPLETE	vendor/linux/include/uapi/linux/if_vlan.h;vendor/linux/include/uapi/linux/if_vlan.h:34;header-context=PENDING_REVIEW	425f94c2954b1fe80ebdbf9b29854e89750355df	8ec87034344ede6e887b445272a0c42851330fda9b8b10d5c7dd62353c315528	705fa9cf6ac5441d989805761e146231bbd8f07f38cfcaba95e1feab211e8114	0123af9e96b58af4e98b91a2de5608d36b63c67864b9041d3340587f3dbe40d2	cfa8dcf0d81c408de38d4202fe1ce9d9e5e301d1e67439c9530da94b1e64ee3f	0e7e60940dd21c28f3d10965325f70644fc000495a2d61984437dec666da93d8
semantic-proposal-v1	SC1-ec706ea5ae38b383c83fecc0635f9a2202c8a98474079d0b1e24c49c71ac9b23	S016178	1	P02	LIFETIMES.tsv	187882	status	x86_64	include/uapi/linux/if_vlan.h	type	enum vlan_flags	34	PENDING_REVIEW	COMPLETE	COMPLETE	vendor/linux/include/uapi/linux/if_vlan.h;vendor/linux/include/uapi/linux/if_vlan.h:34;header-context=PENDING_REVIEW	425f94c2954b1fe80ebdbf9b29854e89750355df	8ec87034344ede6e887b445272a0c42851330fda9b8b10d5c7dd62353c315528	705fa9cf6ac5441d989805761e146231bbd8f07f38cfcaba95e1feab211e8114	0123af9e96b58af4e98b91a2de5608d36b63c67864b9041d3340587f3dbe40d2	cfa8dcf0d81c408de38d4202fe1ce9d9e5e301d1e67439c9530da94b1e64ee3f	0e7e60940dd21c28f3d10965325f70644fc000495a2d61984437dec666da93d8
semantic-proposal-v1	SC1-f79ab55029a9975b313b7c58b3d911cf6a19d3c81fcb5dedb602ed3babd21c31	S016178	1	P02	LIFETIMES.tsv	187883	lifetime_contract	x86_64	include/uapi/linux/if_vlan.h	type	enum vlan_name_types	42	PENDING_REVIEW	SOURCE_REVIEWED_VALUE	COMPLETE	vendor/linux/include/uapi/linux/if_vlan.h;vendor/linux/include/uapi/linux/if_vlan.h:42;header-context=PENDING_REVIEW	425f94c2954b1fe80ebdbf9b29854e89750355df	8ec87034344ede6e887b445272a0c42851330fda9b8b10d5c7dd62353c315528	705fa9cf6ac5441d989805761e146231bbd8f07f38cfcaba95e1feab211e8114	0123af9e96b58af4e98b91a2de5608d36b63c67864b9041d3340587f3dbe40d2	cfa8dcf0d81c408de38d4202fe1ce9d9e5e301d1e67439c9530da94b1e64ee3f	0e7e60940dd21c28f3d10965325f70644fc000495a2d61984437dec666da93d8
semantic-proposal-v1	SC1-99e26431576465ea524ecb4615fee8f88b7f3e7de8344719bc6df3a638ff8588	S016178	1	P02	LIFETIMES.tsv	187883	locking_rcu_refcount	x86_64	include/uapi/linux/if_vlan.h	type	enum vlan_name_types	42	PENDING_REVIEW	SOURCE_REVIEWED_VALUE	COMPLETE	vendor/linux/include/uapi/linux/if_vlan.h;vendor/linux/include/uapi/linux/if_vlan.h:42;header-context=PENDING_REVIEW	425f94c2954b1fe80ebdbf9b29854e89750355df	8ec87034344ede6e887b445272a0c42851330fda9b8b10d5c7dd62353c315528	705fa9cf6ac5441d989805761e146231bbd8f07f38cfcaba95e1feab211e8114	0123af9e96b58af4e98b91a2de5608d36b63c67864b9041d3340587f3dbe40d2	cfa8dcf0d81c408de38d4202fe1ce9d9e5e301d1e67439c9530da94b1e64ee3f	0e7e60940dd21c28f3d10965325f70644fc000495a2d61984437dec666da93d8
semantic-proposal-v1	SC1-16fe1213e150702071e73e76e94b7bd9a9b07b9d8695c5625e518962cdc4f2d5	S016178	1	P02	LIFETIMES.tsv	187883	ownership	x86_64	include/uapi/linux/if_vlan.h	type	enum vlan_name_types	42	PENDING_REVIEW	SOURCE_REVIEWED_VALUE	COMPLETE	vendor/linux/include/uapi/linux/if_vlan.h;vendor/linux/include/uapi/linux/if_vlan.h:42;header-context=PENDING_REVIEW	425f94c2954b1fe80ebdbf9b29854e89750355df	8ec87034344ede6e887b445272a0c42851330fda9b8b10d5c7dd62353c315528	705fa9cf6ac5441d989805761e146231bbd8f07f38cfcaba95e1feab211e8114	0123af9e96b58af4e98b91a2de5608d36b63c67864b9041d3340587f3dbe40d2	cfa8dcf0d81c408de38d4202fe1ce9d9e5e301d1e67439c9530da94b1e64ee3f	0e7e60940dd21c28f3d10965325f70644fc000495a2d61984437dec666da93d8
semantic-proposal-v1	SC1-4a2db4cc839586317af6653f6104cd43baf7b5ef26d8d4fcc88649cb70e1c374	S016178	1	P02	LIFETIMES.tsv	187883	status	x86_64	include/uapi/linux/if_vlan.h	type	enum vlan_name_types	42	PENDING_REVIEW	COMPLETE	COMPLETE	vendor/linux/include/uapi/linux/if_vlan.h;vendor/linux/include/uapi/linux/if_vlan.h:42;header-context=PENDING_REVIEW	425f94c2954b1fe80ebdbf9b29854e89750355df	8ec87034344ede6e887b445272a0c42851330fda9b8b10d5c7dd62353c315528	705fa9cf6ac5441d989805761e146231bbd8f07f38cfcaba95e1feab211e8114	0123af9e96b58af4e98b91a2de5608d36b63c67864b9041d3340587f3dbe40d2	cfa8dcf0d81c408de38d4202fe1ce9d9e5e301d1e67439c9530da94b1e64ee3f	0e7e60940dd21c28f3d10965325f70644fc000495a2d61984437dec666da93d8
semantic-proposal-v1	SC1-4a965a696f94ce14b890474ee4d91f4cabe1f9d0a71bc86e69a9c460ae11a5ab	S016178	1	P02	LIFETIMES.tsv	187884	lifetime_contract	x86_64	include/uapi/linux/if_vlan.h	type	struct vlan_ioctl_args	50	PENDING_REVIEW	SOURCE_REVIEWED_VALUE	COMPLETE	vendor/linux/include/uapi/linux/if_vlan.h;vendor/linux/include/uapi/linux/if_vlan.h:50;header-context=PENDING_REVIEW	425f94c2954b1fe80ebdbf9b29854e89750355df	8ec87034344ede6e887b445272a0c42851330fda9b8b10d5c7dd62353c315528	705fa9cf6ac5441d989805761e146231bbd8f07f38cfcaba95e1feab211e8114	0123af9e96b58af4e98b91a2de5608d36b63c67864b9041d3340587f3dbe40d2	cfa8dcf0d81c408de38d4202fe1ce9d9e5e301d1e67439c9530da94b1e64ee3f	0e7e60940dd21c28f3d10965325f70644fc000495a2d61984437dec666da93d8
semantic-proposal-v1	SC1-34e7b11a909b6ccead05f53c281bcf5785bfdcfedd0a2024f447f8e4a13ff130	S016178	1	P02	LIFETIMES.tsv	187884	locking_rcu_refcount	x86_64	include/uapi/linux/if_vlan.h	type	struct vlan_ioctl_args	50	PENDING_REVIEW	SOURCE_REVIEWED_VALUE	COMPLETE	vendor/linux/include/uapi/linux/if_vlan.h;vendor/linux/include/uapi/linux/if_vlan.h:50;header-context=PENDING_REVIEW	425f94c2954b1fe80ebdbf9b29854e89750355df	8ec87034344ede6e887b445272a0c42851330fda9b8b10d5c7dd62353c315528	705fa9cf6ac5441d989805761e146231bbd8f07f38cfcaba95e1feab211e8114	0123af9e96b58af4e98b91a2de5608d36b63c67864b9041d3340587f3dbe40d2	cfa8dcf0d81c408de38d4202fe1ce9d9e5e301d1e67439c9530da94b1e64ee3f	0e7e60940dd21c28f3d10965325f70644fc000495a2d61984437dec666da93d8
semantic-proposal-v1	SC1-e681fef2d869669768d3ba3906a723b592d516843e94710397ebe6bd9dc90aa6	S016178	1	P02	LIFETIMES.tsv	187884	ownership	x86_64	include/uapi/linux/if_vlan.h	type	struct vlan_ioctl_args	50	PENDING_REVIEW	SOURCE_REVIEWED_VALUE	COMPLETE	vendor/linux/include/uapi/linux/if_vlan.h;vendor/linux/include/uapi/linux/if_vlan.h:50;header-context=PENDING_REVIEW	425f94c2954b1fe80ebdbf9b29854e89750355df	8ec87034344ede6e887b445272a0c42851330fda9b8b10d5c7dd62353c315528	705fa9cf6ac5441d989805761e146231bbd8f07f38cfcaba95e1feab211e8114	0123af9e96b58af4e98b91a2de5608d36b63c67864b9041d3340587f3dbe40d2	cfa8dcf0d81c408de38d4202fe1ce9d9e5e301d1e67439c9530da94b1e64ee3f	0e7e60940dd21c28f3d10965325f70644fc000495a2d61984437dec666da93d8
semantic-proposal-v1	SC1-f242d7c50e9f1a255d161c52d03ecd4a8a418cabcb91be57f6d6c29f9bffb27a	S016178	1	P02	LIFETIMES.tsv	187884	status	x86_64	include/uapi/linux/if_vlan.h	type	struct vlan_ioctl_args	50	PENDING_REVIEW	COMPLETE	COMPLETE	vendor/linux/include/uapi/linux/if_vlan.h;vendor/linux/include/uapi/linux/if_vlan.h:50;header-context=PENDING_REVIEW	425f94c2954b1fe80ebdbf9b29854e89750355df	8ec87034344ede6e887b445272a0c42851330fda9b8b10d5c7dd62353c315528	705fa9cf6ac5441d989805761e146231bbd8f07f38cfcaba95e1feab211e8114	0123af9e96b58af4e98b91a2de5608d36b63c67864b9041d3340587f3dbe40d2	cfa8dcf0d81c408de38d4202fe1ce9d9e5e301d1e67439c9530da94b1e64ee3f	0e7e60940dd21c28f3d10965325f70644fc000495a2d61984437dec666da93d8
semantic-proposal-v1	SC1-a8f2978f1ce91998d290717860cd9633f8c2852ed70e39b72c8804093658cb0f	S016178	1	P02	LIFETIMES.tsv	187885	lifetime_contract	x86_64	include/uapi/linux/if_vlan.h	type	anonymous_union@54	54	PENDING_REVIEW	SOURCE_REVIEWED_VALUE	COMPLETE	vendor/linux/include/uapi/linux/if_vlan.h;vendor/linux/include/uapi/linux/if_vlan.h:54;header-context=PENDING_REVIEW	425f94c2954b1fe80ebdbf9b29854e89750355df	8ec87034344ede6e887b445272a0c42851330fda9b8b10d5c7dd62353c315528	705fa9cf6ac5441d989805761e146231bbd8f07f38cfcaba95e1feab211e8114	0123af9e96b58af4e98b91a2de5608d36b63c67864b9041d3340587f3dbe40d2	cfa8dcf0d81c408de38d4202fe1ce9d9e5e301d1e67439c9530da94b1e64ee3f	0e7e60940dd21c28f3d10965325f70644fc000495a2d61984437dec666da93d8
semantic-proposal-v1	SC1-1f3cb89d9dc08eb57789135f9dba7d4b3466a6f54ac5698f4a5e1267a1991294	S016178	1	P02	LIFETIMES.tsv	187885	locking_rcu_refcount	x86_64	include/uapi/linux/if_vlan.h	type	anonymous_union@54	54	PENDING_REVIEW	SOURCE_REVIEWED_VALUE	COMPLETE	vendor/linux/include/uapi/linux/if_vlan.h;vendor/linux/include/uapi/linux/if_vlan.h:54;header-context=PENDING_REVIEW	425f94c2954b1fe80ebdbf9b29854e89750355df	8ec87034344ede6e887b445272a0c42851330fda9b8b10d5c7dd62353c315528	705fa9cf6ac5441d989805761e146231bbd8f07f38cfcaba95e1feab211e8114	0123af9e96b58af4e98b91a2de5608d36b63c67864b9041d3340587f3dbe40d2	cfa8dcf0d81c408de38d4202fe1ce9d9e5e301d1e67439c9530da94b1e64ee3f	0e7e60940dd21c28f3d10965325f70644fc000495a2d61984437dec666da93d8
semantic-proposal-v1	SC1-389cf5e0026ec5ee104896b33b22f9e35d41043baacf661e234fd16b07370ea2	S016178	1	P02	LIFETIMES.tsv	187885	ownership	x86_64	include/uapi/linux/if_vlan.h	type	anonymous_union@54	54	PENDING_REVIEW	SOURCE_REVIEWED_VALUE	COMPLETE	vendor/linux/include/uapi/linux/if_vlan.h;vendor/linux/include/uapi/linux/if_vlan.h:54;header-context=PENDING_REVIEW	425f94c2954b1fe80ebdbf9b29854e89750355df	8ec87034344ede6e887b445272a0c42851330fda9b8b10d5c7dd62353c315528	705fa9cf6ac5441d989805761e146231bbd8f07f38cfcaba95e1feab211e8114	0123af9e96b58af4e98b91a2de5608d36b63c67864b9041d3340587f3dbe40d2	cfa8dcf0d81c408de38d4202fe1ce9d9e5e301d1e67439c9530da94b1e64ee3f	0e7e60940dd21c28f3d10965325f70644fc000495a2d61984437dec666da93d8
semantic-proposal-v1	SC1-6a098a58bb141e07a1690ca91bc07c833f10cda3e4828225d7048b4c1ec5ddff	S016178	1	P02	LIFETIMES.tsv	187885	status	x86_64	include/uapi/linux/if_vlan.h	type	anonymous_union@54	54	PENDING_REVIEW	COMPLETE	COMPLETE	vendor/linux/include/uapi/linux/if_vlan.h;vendor/linux/include/uapi/linux/if_vlan.h:54;header-context=PENDING_REVIEW	425f94c2954b1fe80ebdbf9b29854e89750355df	8ec87034344ede6e887b445272a0c42851330fda9b8b10d5c7dd62353c315528	705fa9cf6ac5441d989805761e146231bbd8f07f38cfcaba95e1feab211e8114	0123af9e96b58af4e98b91a2de5608d36b63c67864b9041d3340587f3dbe40d2	cfa8dcf0d81c408de38d4202fe1ce9d9e5e301d1e67439c9530da94b1e64ee3f	0e7e60940dd21c28f3d10965325f70644fc000495a2d61984437dec666da93d8
