schema_version	record_key	task_id	attempt	pipeline_id	manifest	base_row	field	architecture	linux_path	record_kind	symbol_name	source_line	old_value	final_value	decision_status	source_citations	linux_sha	candidate_sha256	implementation_sha256	phase0_identity_sha256	queue_fingerprint	base_manifest_sha256
semantic-proposal-v1	SC1-993859cb46e0f91d0dedc42ec0820aa43d685209e7ac6a9230acf008c7ef0be6	S015088	2	P01	SCOPE.tsv	15089	semantic_status	common	include/linux/sunrpc/gss_err.h	scope	S015088	0	PENDING_REVIEW	COMPLETE	COMPLETE	vendor/linux/include/linux/sunrpc/gss_err.h;rewrite/metadata/header_closure.tsv	425f94c2954b1fe80ebdbf9b29854e89750355df	49b63777d13278b575b2eacd911d6e986f060ea4d22d1e64be39b27f0f5fce9c	816c34c0c60da91f2257f703ba593c10b89b42256ed59504a47f277fe58cea41	0123af9e96b58af4e98b91a2de5608d36b63c67864b9041d3340587f3dbe40d2	cfa8dcf0d81c408de38d4202fe1ce9d9e5e301d1e67439c9530da94b1e64ee3f	b83349e6731e17e5da5e04a0ea053487e8ac8d9269538dbdb367d83f77b17e0a
semantic-proposal-v1	SC1-fbee59ad9b83b037f429d8787504ef1ed16c132bdfcbf7a0780fa27d7aa4028f	S015088	2	P01	SYMBOLS.tsv	285035	status	aarch64	include/linux/sunrpc/gss_err.h	conditional	ifndef@34	34	PENDING_REVIEW	COMPLETE	COMPLETE	vendor/linux/include/linux/sunrpc/gss_err.h;vendor/linux/include/linux/sunrpc/gss_err.h:34;rewrite/configs/aarch64/frozen.config;header_closure=rewrite/metadata/header_closure.tsv;selected=PENDING_REVIEW	425f94c2954b1fe80ebdbf9b29854e89750355df	49b63777d13278b575b2eacd911d6e986f060ea4d22d1e64be39b27f0f5fce9c	816c34c0c60da91f2257f703ba593c10b89b42256ed59504a47f277fe58cea41	0123af9e96b58af4e98b91a2de5608d36b63c67864b9041d3340587f3dbe40d2	cfa8dcf0d81c408de38d4202fe1ce9d9e5e301d1e67439c9530da94b1e64ee3f	7484d7b0dd80f45e18d726b04752827fe28555cc5c1af0e127948380e6688abf
semantic-proposal-v1	SC1-3f28aacb950c9034fbd67dde6f19e9e64b6163892083e242d08aa39a68249d16	S015088	2	P01	SYMBOLS.tsv	285036	status	aarch64	include/linux/sunrpc/gss_err.h	conditional	endif@164	164	PENDING_REVIEW	COMPLETE	COMPLETE	vendor/linux/include/linux/sunrpc/gss_err.h;vendor/linux/include/linux/sunrpc/gss_err.h:164;rewrite/configs/aarch64/frozen.config;header_closure=rewrite/metadata/header_closure.tsv;selected=PENDING_REVIEW	425f94c2954b1fe80ebdbf9b29854e89750355df	49b63777d13278b575b2eacd911d6e986f060ea4d22d1e64be39b27f0f5fce9c	816c34c0c60da91f2257f703ba593c10b89b42256ed59504a47f277fe58cea41	0123af9e96b58af4e98b91a2de5608d36b63c67864b9041d3340587f3dbe40d2	cfa8dcf0d81c408de38d4202fe1ce9d9e5e301d1e67439c9530da94b1e64ee3f	7484d7b0dd80f45e18d726b04752827fe28555cc5c1af0e127948380e6688abf
semantic-proposal-v1	SC1-e8e61ea287f09822819c08985fa49597e170dc732f161cf81ca1e6fff18e32f1	S015088	2	P01	SYMBOLS.tsv	285037	selection_expression	aarch64	include/linux/sunrpc/gss_err.h	operative_macro	_LINUX_SUNRPC_GSS_ERR_H	35	PENDING_REVIEW	SOURCE_REVIEWED_VALUE	COMPLETE	vendor/linux/include/linux/sunrpc/gss_err.h;vendor/linux/include/linux/sunrpc/gss_err.h:35;rewrite/configs/aarch64/frozen.config;header_closure=rewrite/metadata/header_closure.tsv;selected=PENDING_REVIEW	425f94c2954b1fe80ebdbf9b29854e89750355df	49b63777d13278b575b2eacd911d6e986f060ea4d22d1e64be39b27f0f5fce9c	816c34c0c60da91f2257f703ba593c10b89b42256ed59504a47f277fe58cea41	0123af9e96b58af4e98b91a2de5608d36b63c67864b9041d3340587f3dbe40d2	cfa8dcf0d81c408de38d4202fe1ce9d9e5e301d1e67439c9530da94b1e64ee3f	7484d7b0dd80f45e18d726b04752827fe28555cc5c1af0e127948380e6688abf
semantic-proposal-v1	SC1-762922d311a4eb0e4be16b0c642604d29014629d9fb11a1c4e4181a6243876c9	S015088	2	P01	SYMBOLS.tsv	285037	status	aarch64	include/linux/sunrpc/gss_err.h	operative_macro	_LINUX_SUNRPC_GSS_ERR_H	35	PENDING_REVIEW	COMPLETE	COMPLETE	vendor/linux/include/linux/sunrpc/gss_err.h;vendor/linux/include/linux/sunrpc/gss_err.h:35;rewrite/configs/aarch64/frozen.config;header_closure=rewrite/metadata/header_closure.tsv;selected=PENDING_REVIEW	425f94c2954b1fe80ebdbf9b29854e89750355df	49b63777d13278b575b2eacd911d6e986f060ea4d22d1e64be39b27f0f5fce9c	816c34c0c60da91f2257f703ba593c10b89b42256ed59504a47f277fe58cea41	0123af9e96b58af4e98b91a2de5608d36b63c67864b9041d3340587f3dbe40d2	cfa8dcf0d81c408de38d4202fe1ce9d9e5e301d1e67439c9530da94b1e64ee3f	7484d7b0dd80f45e18d726b04752827fe28555cc5c1af0e127948380e6688abf
semantic-proposal-v1	SC1-c25d6df41e7236ca216011a0ef8f8cdf1e94c496b73ce82f643f852c2c32d01d	S015088	2	P01	SYMBOLS.tsv	285038	selection_expression	aarch64	include/linux/sunrpc/gss_err.h	operative_macro	GSS_C_DELEG_FLAG	42	PENDING_REVIEW	SOURCE_REVIEWED_VALUE	COMPLETE	vendor/linux/include/linux/sunrpc/gss_err.h;vendor/linux/include/linux/sunrpc/gss_err.h:42;rewrite/configs/aarch64/frozen.config;header_closure=rewrite/metadata/header_closure.tsv;selected=PENDING_REVIEW	425f94c2954b1fe80ebdbf9b29854e89750355df	49b63777d13278b575b2eacd911d6e986f060ea4d22d1e64be39b27f0f5fce9c	816c34c0c60da91f2257f703ba593c10b89b42256ed59504a47f277fe58cea41	0123af9e96b58af4e98b91a2de5608d36b63c67864b9041d3340587f3dbe40d2	cfa8dcf0d81c408de38d4202fe1ce9d9e5e301d1e67439c9530da94b1e64ee3f	7484d7b0dd80f45e18d726b04752827fe28555cc5c1af0e127948380e6688abf
semantic-proposal-v1	SC1-2bd5e8870ff0c3bf447f523624256409db25ce3c02850487ee27d84a7724d184	S015088	2	P01	SYMBOLS.tsv	285038	status	aarch64	include/linux/sunrpc/gss_err.h	operative_macro	GSS_C_DELEG_FLAG	42	PENDING_REVIEW	COMPLETE	COMPLETE	vendor/linux/include/linux/sunrpc/gss_err.h;vendor/linux/include/linux/sunrpc/gss_err.h:42;rewrite/configs/aarch64/frozen.config;header_closure=rewrite/metadata/header_closure.tsv;selected=PENDING_REVIEW	425f94c2954b1fe80ebdbf9b29854e89750355df	49b63777d13278b575b2eacd911d6e986f060ea4d22d1e64be39b27f0f5fce9c	816c34c0c60da91f2257f703ba593c10b89b42256ed59504a47f277fe58cea41	0123af9e96b58af4e98b91a2de5608d36b63c67864b9041d3340587f3dbe40d2	cfa8dcf0d81c408de38d4202fe1ce9d9e5e301d1e67439c9530da94b1e64ee3f	7484d7b0dd80f45e18d726b04752827fe28555cc5c1af0e127948380e6688abf
semantic-proposal-v1	SC1-ea876414b3750bcb1dd09168cb8eaaecc1bdaf4c542e8e7c540309343b71423d	S015088	2	P01	SYMBOLS.tsv	285039	selection_expression	aarch64	include/linux/sunrpc/gss_err.h	operative_macro	GSS_C_MUTUAL_FLAG	43	PENDING_REVIEW	SOURCE_REVIEWED_VALUE	COMPLETE	vendor/linux/include/linux/sunrpc/gss_err.h;vendor/linux/include/linux/sunrpc/gss_err.h:43;rewrite/configs/aarch64/frozen.config;header_closure=rewrite/metadata/header_closure.tsv;selected=PENDING_REVIEW	425f94c2954b1fe80ebdbf9b29854e89750355df	49b63777d13278b575b2eacd911d6e986f060ea4d22d1e64be39b27f0f5fce9c	816c34c0c60da91f2257f703ba593c10b89b42256ed59504a47f277fe58cea41	0123af9e96b58af4e98b91a2de5608d36b63c67864b9041d3340587f3dbe40d2	cfa8dcf0d81c408de38d4202fe1ce9d9e5e301d1e67439c9530da94b1e64ee3f	7484d7b0dd80f45e18d726b04752827fe28555cc5c1af0e127948380e6688abf
semantic-proposal-v1	SC1-145777ddfae25a335f567f186ca43ba4b0e0b7b5ddd530443d325f61275166ec	S015088	2	P01	SYMBOLS.tsv	285039	status	aarch64	include/linux/sunrpc/gss_err.h	operative_macro	GSS_C_MUTUAL_FLAG	43	PENDING_REVIEW	COMPLETE	COMPLETE	vendor/linux/include/linux/sunrpc/gss_err.h;vendor/linux/include/linux/sunrpc/gss_err.h:43;rewrite/configs/aarch64/frozen.config;header_closure=rewrite/metadata/header_closure.tsv;selected=PENDING_REVIEW	425f94c2954b1fe80ebdbf9b29854e89750355df	49b63777d13278b575b2eacd911d6e986f060ea4d22d1e64be39b27f0f5fce9c	816c34c0c60da91f2257f703ba593c10b89b42256ed59504a47f277fe58cea41	0123af9e96b58af4e98b91a2de5608d36b63c67864b9041d3340587f3dbe40d2	cfa8dcf0d81c408de38d4202fe1ce9d9e5e301d1e67439c9530da94b1e64ee3f	7484d7b0dd80f45e18d726b04752827fe28555cc5c1af0e127948380e6688abf
semantic-proposal-v1	SC1-49cfe532b4bef91cdafc75812a4c8a4f45396b9f6c2f0ebfb69368361b54a00a	S015088	2	P01	SYMBOLS.tsv	285040	selection_expression	aarch64	include/linux/sunrpc/gss_err.h	operative_macro	GSS_C_REPLAY_FLAG	44	PENDING_REVIEW	SOURCE_REVIEWED_VALUE	COMPLETE	vendor/linux/include/linux/sunrpc/gss_err.h;vendor/linux/include/linux/sunrpc/gss_err.h:44;rewrite/configs/aarch64/frozen.config;header_closure=rewrite/metadata/header_closure.tsv;selected=PENDING_REVIEW	425f94c2954b1fe80ebdbf9b29854e89750355df	49b63777d13278b575b2eacd911d6e986f060ea4d22d1e64be39b27f0f5fce9c	816c34c0c60da91f2257f703ba593c10b89b42256ed59504a47f277fe58cea41	0123af9e96b58af4e98b91a2de5608d36b63c67864b9041d3340587f3dbe40d2	cfa8dcf0d81c408de38d4202fe1ce9d9e5e301d1e67439c9530da94b1e64ee3f	7484d7b0dd80f45e18d726b04752827fe28555cc5c1af0e127948380e6688abf
semantic-proposal-v1	SC1-27e389954a90cafce420ae9b35d97305b32d6998922ba16a0e9adec7d836da8b	S015088	2	P01	SYMBOLS.tsv	285040	status	aarch64	include/linux/sunrpc/gss_err.h	operative_macro	GSS_C_REPLAY_FLAG	44	PENDING_REVIEW	COMPLETE	COMPLETE	vendor/linux/include/linux/sunrpc/gss_err.h;vendor/linux/include/linux/sunrpc/gss_err.h:44;rewrite/configs/aarch64/frozen.config;header_closure=rewrite/metadata/header_closure.tsv;selected=PENDING_REVIEW	425f94c2954b1fe80ebdbf9b29854e89750355df	49b63777d13278b575b2eacd911d6e986f060ea4d22d1e64be39b27f0f5fce9c	816c34c0c60da91f2257f703ba593c10b89b42256ed59504a47f277fe58cea41	0123af9e96b58af4e98b91a2de5608d36b63c67864b9041d3340587f3dbe40d2	cfa8dcf0d81c408de38d4202fe1ce9d9e5e301d1e67439c9530da94b1e64ee3f	7484d7b0dd80f45e18d726b04752827fe28555cc5c1af0e127948380e6688abf
semantic-proposal-v1	SC1-8d3d3ab3f4330de27eeb6877a586780d477a34c383995cc662f367a1089d4037	S015088	2	P01	SYMBOLS.tsv	285041	selection_expression	aarch64	include/linux/sunrpc/gss_err.h	operative_macro	GSS_C_SEQUENCE_FLAG	45	PENDING_REVIEW	SOURCE_REVIEWED_VALUE	COMPLETE	vendor/linux/include/linux/sunrpc/gss_err.h;vendor/linux/include/linux/sunrpc/gss_err.h:45;rewrite/configs/aarch64/frozen.config;header_closure=rewrite/metadata/header_closure.tsv;selected=PENDING_REVIEW	425f94c2954b1fe80ebdbf9b29854e89750355df	49b63777d13278b575b2eacd911d6e986f060ea4d22d1e64be39b27f0f5fce9c	816c34c0c60da91f2257f703ba593c10b89b42256ed59504a47f277fe58cea41	0123af9e96b58af4e98b91a2de5608d36b63c67864b9041d3340587f3dbe40d2	cfa8dcf0d81c408de38d4202fe1ce9d9e5e301d1e67439c9530da94b1e64ee3f	7484d7b0dd80f45e18d726b04752827fe28555cc5c1af0e127948380e6688abf
semantic-proposal-v1	SC1-4dda68b82273129de0b771e63a74e4e2a6bde2d944e7398f828d31c40e81543a	S015088	2	P01	SYMBOLS.tsv	285041	status	aarch64	include/linux/sunrpc/gss_err.h	operative_macro	GSS_C_SEQUENCE_FLAG	45	PENDING_REVIEW	COMPLETE	COMPLETE	vendor/linux/include/linux/sunrpc/gss_err.h;vendor/linux/include/linux/sunrpc/gss_err.h:45;rewrite/configs/aarch64/frozen.config;header_closure=rewrite/metadata/header_closure.tsv;selected=PENDING_REVIEW	425f94c2954b1fe80ebdbf9b29854e89750355df	49b63777d13278b575b2eacd911d6e986f060ea4d22d1e64be39b27f0f5fce9c	816c34c0c60da91f2257f703ba593c10b89b42256ed59504a47f277fe58cea41	0123af9e96b58af4e98b91a2de5608d36b63c67864b9041d3340587f3dbe40d2	cfa8dcf0d81c408de38d4202fe1ce9d9e5e301d1e67439c9530da94b1e64ee3f	7484d7b0dd80f45e18d726b04752827fe28555cc5c1af0e127948380e6688abf
semantic-proposal-v1	SC1-20c9fc99316bcddbbf68bed117b59dc6617c3d15f97c0f1076f7f030319427b9	S015088	2	P01	SYMBOLS.tsv	285042	selection_expression	aarch64	include/linux/sunrpc/gss_err.h	operative_macro	GSS_C_CONF_FLAG	46	PENDING_REVIEW	SOURCE_REVIEWED_VALUE	COMPLETE	vendor/linux/include/linux/sunrpc/gss_err.h;vendor/linux/include/linux/sunrpc/gss_err.h:46;rewrite/configs/aarch64/frozen.config;header_closure=rewrite/metadata/header_closure.tsv;selected=PENDING_REVIEW	425f94c2954b1fe80ebdbf9b29854e89750355df	49b63777d13278b575b2eacd911d6e986f060ea4d22d1e64be39b27f0f5fce9c	816c34c0c60da91f2257f703ba593c10b89b42256ed59504a47f277fe58cea41	0123af9e96b58af4e98b91a2de5608d36b63c67864b9041d3340587f3dbe40d2	cfa8dcf0d81c408de38d4202fe1ce9d9e5e301d1e67439c9530da94b1e64ee3f	7484d7b0dd80f45e18d726b04752827fe28555cc5c1af0e127948380e6688abf
semantic-proposal-v1	SC1-78c6a2f33223841c06626e4bc5f8745432bd47e6253ba1857c73e136867f811d	S015088	2	P01	SYMBOLS.tsv	285042	status	aarch64	include/linux/sunrpc/gss_err.h	operative_macro	GSS_C_CONF_FLAG	46	PENDING_REVIEW	COMPLETE	COMPLETE	vendor/linux/include/linux/sunrpc/gss_err.h;vendor/linux/include/linux/sunrpc/gss_err.h:46;rewrite/configs/aarch64/frozen.config;header_closure=rewrite/metadata/header_closure.tsv;selected=PENDING_REVIEW	425f94c2954b1fe80ebdbf9b29854e89750355df	49b63777d13278b575b2eacd911d6e986f060ea4d22d1e64be39b27f0f5fce9c	816c34c0c60da91f2257f703ba593c10b89b42256ed59504a47f277fe58cea41	0123af9e96b58af4e98b91a2de5608d36b63c67864b9041d3340587f3dbe40d2	cfa8dcf0d81c408de38d4202fe1ce9d9e5e301d1e67439c9530da94b1e64ee3f	7484d7b0dd80f45e18d726b04752827fe28555cc5c1af0e127948380e6688abf
semantic-proposal-v1	SC1-73f95c6d4b093f9c1ec934ce8206abfeb7759280ed4265142c1137ea692f198b	S015088	2	P01	SYMBOLS.tsv	285043	selection_expression	aarch64	include/linux/sunrpc/gss_err.h	operative_macro	GSS_C_INTEG_FLAG	47	PENDING_REVIEW	SOURCE_REVIEWED_VALUE	COMPLETE	vendor/linux/include/linux/sunrpc/gss_err.h;vendor/linux/include/linux/sunrpc/gss_err.h:47;rewrite/configs/aarch64/frozen.config;header_closure=rewrite/metadata/header_closure.tsv;selected=PENDING_REVIEW	425f94c2954b1fe80ebdbf9b29854e89750355df	49b63777d13278b575b2eacd911d6e986f060ea4d22d1e64be39b27f0f5fce9c	816c34c0c60da91f2257f703ba593c10b89b42256ed59504a47f277fe58cea41	0123af9e96b58af4e98b91a2de5608d36b63c67864b9041d3340587f3dbe40d2	cfa8dcf0d81c408de38d4202fe1ce9d9e5e301d1e67439c9530da94b1e64ee3f	7484d7b0dd80f45e18d726b04752827fe28555cc5c1af0e127948380e6688abf
semantic-proposal-v1	SC1-5f68cb2bb69aae42e7645c85f4fda9dc9beb5a83f413910a9a16235dbec734fe	S015088	2	P01	SYMBOLS.tsv	285043	status	aarch64	include/linux/sunrpc/gss_err.h	operative_macro	GSS_C_INTEG_FLAG	47	PENDING_REVIEW	COMPLETE	COMPLETE	vendor/linux/include/linux/sunrpc/gss_err.h;vendor/linux/include/linux/sunrpc/gss_err.h:47;rewrite/configs/aarch64/frozen.config;header_closure=rewrite/metadata/header_closure.tsv;selected=PENDING_REVIEW	425f94c2954b1fe80ebdbf9b29854e89750355df	49b63777d13278b575b2eacd911d6e986f060ea4d22d1e64be39b27f0f5fce9c	816c34c0c60da91f2257f703ba593c10b89b42256ed59504a47f277fe58cea41	0123af9e96b58af4e98b91a2de5608d36b63c67864b9041d3340587f3dbe40d2	cfa8dcf0d81c408de38d4202fe1ce9d9e5e301d1e67439c9530da94b1e64ee3f	7484d7b0dd80f45e18d726b04752827fe28555cc5c1af0e127948380e6688abf
semantic-proposal-v1	SC1-d38130507fbce51052b83efc4eb8853a0b0412817e243d3513fd6698739430be	S015088	2	P01	SYMBOLS.tsv	285044	selection_expression	aarch64	include/linux/sunrpc/gss_err.h	operative_macro	GSS_C_ANON_FLAG	48	PENDING_REVIEW	SOURCE_REVIEWED_VALUE	COMPLETE	vendor/linux/include/linux/sunrpc/gss_err.h;vendor/linux/include/linux/sunrpc/gss_err.h:48;rewrite/configs/aarch64/frozen.config;header_closure=rewrite/metadata/header_closure.tsv;selected=PENDING_REVIEW	425f94c2954b1fe80ebdbf9b29854e89750355df	49b63777d13278b575b2eacd911d6e986f060ea4d22d1e64be39b27f0f5fce9c	816c34c0c60da91f2257f703ba593c10b89b42256ed59504a47f277fe58cea41	0123af9e96b58af4e98b91a2de5608d36b63c67864b9041d3340587f3dbe40d2	cfa8dcf0d81c408de38d4202fe1ce9d9e5e301d1e67439c9530da94b1e64ee3f	7484d7b0dd80f45e18d726b04752827fe28555cc5c1af0e127948380e6688abf
semantic-proposal-v1	SC1-174df23a98aa83f2131a16557a54ea57a70c2e36f5b794f126e284a79f30ccf9	S015088	2	P01	SYMBOLS.tsv	285044	status	aarch64	include/linux/sunrpc/gss_err.h	operative_macro	GSS_C_ANON_FLAG	48	PENDING_REVIEW	COMPLETE	COMPLETE	vendor/linux/include/linux/sunrpc/gss_err.h;vendor/linux/include/linux/sunrpc/gss_err.h:48;rewrite/configs/aarch64/frozen.config;header_closure=rewrite/metadata/header_closure.tsv;selected=PENDING_REVIEW	425f94c2954b1fe80ebdbf9b29854e89750355df	49b63777d13278b575b2eacd911d6e986f060ea4d22d1e64be39b27f0f5fce9c	816c34c0c60da91f2257f703ba593c10b89b42256ed59504a47f277fe58cea41	0123af9e96b58af4e98b91a2de5608d36b63c67864b9041d3340587f3dbe40d2	cfa8dcf0d81c408de38d4202fe1ce9d9e5e301d1e67439c9530da94b1e64ee3f	7484d7b0dd80f45e18d726b04752827fe28555cc5c1af0e127948380e6688abf
semantic-proposal-v1	SC1-25932e71b46fa89bf407e8f8bde66fd1b8817742b887a3c0706f81f3a5c409e4	S015088	2	P01	SYMBOLS.tsv	285045	selection_expression	aarch64	include/linux/sunrpc/gss_err.h	operative_macro	GSS_C_PROT_READY_FLAG	49	PENDING_REVIEW	SOURCE_REVIEWED_VALUE	COMPLETE	vendor/linux/include/linux/sunrpc/gss_err.h;vendor/linux/include/linux/sunrpc/gss_err.h:49;rewrite/configs/aarch64/frozen.config;header_closure=rewrite/metadata/header_closure.tsv;selected=PENDING_REVIEW	425f94c2954b1fe80ebdbf9b29854e89750355df	49b63777d13278b575b2eacd911d6e986f060ea4d22d1e64be39b27f0f5fce9c	816c34c0c60da91f2257f703ba593c10b89b42256ed59504a47f277fe58cea41	0123af9e96b58af4e98b91a2de5608d36b63c67864b9041d3340587f3dbe40d2	cfa8dcf0d81c408de38d4202fe1ce9d9e5e301d1e67439c9530da94b1e64ee3f	7484d7b0dd80f45e18d726b04752827fe28555cc5c1af0e127948380e6688abf
semantic-proposal-v1	SC1-bcc457c97bc62299341ecfed6cf14353343ab6afe5d67f2dcd5244d62a29bfd1	S015088	2	P01	SYMBOLS.tsv	285045	status	aarch64	include/linux/sunrpc/gss_err.h	operative_macro	GSS_C_PROT_READY_FLAG	49	PENDING_REVIEW	COMPLETE	COMPLETE	vendor/linux/include/linux/sunrpc/gss_err.h;vendor/linux/include/linux/sunrpc/gss_err.h:49;rewrite/configs/aarch64/frozen.config;header_closure=rewrite/metadata/header_closure.tsv;selected=PENDING_REVIEW	425f94c2954b1fe80ebdbf9b29854e89750355df	49b63777d13278b575b2eacd911d6e986f060ea4d22d1e64be39b27f0f5fce9c	816c34c0c60da91f2257f703ba593c10b89b42256ed59504a47f277fe58cea41	0123af9e96b58af4e98b91a2de5608d36b63c67864b9041d3340587f3dbe40d2	cfa8dcf0d81c408de38d4202fe1ce9d9e5e301d1e67439c9530da94b1e64ee3f	7484d7b0dd80f45e18d726b04752827fe28555cc5c1af0e127948380e6688abf
semantic-proposal-v1	SC1-69df0dc52da7d117ecf3f9775d724d79ee121507ac45af49b5938fe9bbe25834	S015088	2	P01	SYMBOLS.tsv	285046	selection_expression	aarch64	include/linux/sunrpc/gss_err.h	operative_macro	GSS_C_TRANS_FLAG	50	PENDING_REVIEW	SOURCE_REVIEWED_VALUE	COMPLETE	vendor/linux/include/linux/sunrpc/gss_err.h;vendor/linux/include/linux/sunrpc/gss_err.h:50;rewrite/configs/aarch64/frozen.config;header_closure=rewrite/metadata/header_closure.tsv;selected=PENDING_REVIEW	425f94c2954b1fe80ebdbf9b29854e89750355df	49b63777d13278b575b2eacd911d6e986f060ea4d22d1e64be39b27f0f5fce9c	816c34c0c60da91f2257f703ba593c10b89b42256ed59504a47f277fe58cea41	0123af9e96b58af4e98b91a2de5608d36b63c67864b9041d3340587f3dbe40d2	cfa8dcf0d81c408de38d4202fe1ce9d9e5e301d1e67439c9530da94b1e64ee3f	7484d7b0dd80f45e18d726b04752827fe28555cc5c1af0e127948380e6688abf
semantic-proposal-v1	SC1-3b06d5ec08281c80db88d43c8137de513aa772df0783d3441b0ea9e3ae1af824	S015088	2	P01	SYMBOLS.tsv	285046	status	aarch64	include/linux/sunrpc/gss_err.h	operative_macro	GSS_C_TRANS_FLAG	50	PENDING_REVIEW	COMPLETE	COMPLETE	vendor/linux/include/linux/sunrpc/gss_err.h;vendor/linux/include/linux/sunrpc/gss_err.h:50;rewrite/configs/aarch64/frozen.config;header_closure=rewrite/metadata/header_closure.tsv;selected=PENDING_REVIEW	425f94c2954b1fe80ebdbf9b29854e89750355df	49b63777d13278b575b2eacd911d6e986f060ea4d22d1e64be39b27f0f5fce9c	816c34c0c60da91f2257f703ba593c10b89b42256ed59504a47f277fe58cea41	0123af9e96b58af4e98b91a2de5608d36b63c67864b9041d3340587f3dbe40d2	cfa8dcf0d81c408de38d4202fe1ce9d9e5e301d1e67439c9530da94b1e64ee3f	7484d7b0dd80f45e18d726b04752827fe28555cc5c1af0e127948380e6688abf
semantic-proposal-v1	SC1-328613cfe9bdcc8c2a2923ec49586cd1ee74a7a859eaa1ac450f329c897ca33e	S015088	2	P01	SYMBOLS.tsv	285047	selection_expression	aarch64	include/linux/sunrpc/gss_err.h	operative_macro	GSS_C_BOTH	55	PENDING_REVIEW	SOURCE_REVIEWED_VALUE	COMPLETE	vendor/linux/include/linux/sunrpc/gss_err.h;vendor/linux/include/linux/sunrpc/gss_err.h:55;rewrite/configs/aarch64/frozen.config;header_closure=rewrite/metadata/header_closure.tsv;selected=PENDING_REVIEW	425f94c2954b1fe80ebdbf9b29854e89750355df	49b63777d13278b575b2eacd911d6e986f060ea4d22d1e64be39b27f0f5fce9c	816c34c0c60da91f2257f703ba593c10b89b42256ed59504a47f277fe58cea41	0123af9e96b58af4e98b91a2de5608d36b63c67864b9041d3340587f3dbe40d2	cfa8dcf0d81c408de38d4202fe1ce9d9e5e301d1e67439c9530da94b1e64ee3f	7484d7b0dd80f45e18d726b04752827fe28555cc5c1af0e127948380e6688abf
semantic-proposal-v1	SC1-12f47040303f4ac423198c0f512a080c9b80652664080b75759bf3f3ff91c1ea	S015088	2	P01	SYMBOLS.tsv	285047	status	aarch64	include/linux/sunrpc/gss_err.h	operative_macro	GSS_C_BOTH	55	PENDING_REVIEW	COMPLETE	COMPLETE	vendor/linux/include/linux/sunrpc/gss_err.h;vendor/linux/include/linux/sunrpc/gss_err.h:55;rewrite/configs/aarch64/frozen.config;header_closure=rewrite/metadata/header_closure.tsv;selected=PENDING_REVIEW	425f94c2954b1fe80ebdbf9b29854e89750355df	49b63777d13278b575b2eacd911d6e986f060ea4d22d1e64be39b27f0f5fce9c	816c34c0c60da91f2257f703ba593c10b89b42256ed59504a47f277fe58cea41	0123af9e96b58af4e98b91a2de5608d36b63c67864b9041d3340587f3dbe40d2	cfa8dcf0d81c408de38d4202fe1ce9d9e5e301d1e67439c9530da94b1e64ee3f	7484d7b0dd80f45e18d726b04752827fe28555cc5c1af0e127948380e6688abf
semantic-proposal-v1	SC1-54bfc1eb617a459f8b5888ded3d3785f126cd02db754a63816983a85240fe490	S015088	2	P01	SYMBOLS.tsv	285048	selection_expression	aarch64	include/linux/sunrpc/gss_err.h	operative_macro	GSS_C_INITIATE	56	PENDING_REVIEW	SOURCE_REVIEWED_VALUE	COMPLETE	vendor/linux/include/linux/sunrpc/gss_err.h;vendor/linux/include/linux/sunrpc/gss_err.h:56;rewrite/configs/aarch64/frozen.config;header_closure=rewrite/metadata/header_closure.tsv;selected=PENDING_REVIEW	425f94c2954b1fe80ebdbf9b29854e89750355df	49b63777d13278b575b2eacd911d6e986f060ea4d22d1e64be39b27f0f5fce9c	816c34c0c60da91f2257f703ba593c10b89b42256ed59504a47f277fe58cea41	0123af9e96b58af4e98b91a2de5608d36b63c67864b9041d3340587f3dbe40d2	cfa8dcf0d81c408de38d4202fe1ce9d9e5e301d1e67439c9530da94b1e64ee3f	7484d7b0dd80f45e18d726b04752827fe28555cc5c1af0e127948380e6688abf
semantic-proposal-v1	SC1-9d43d9df8e346eb9644d5bbb5fe7d8923e537d577941798adaeee8bfad530563	S015088	2	P01	SYMBOLS.tsv	285048	status	aarch64	include/linux/sunrpc/gss_err.h	operative_macro	GSS_C_INITIATE	56	PENDING_REVIEW	COMPLETE	COMPLETE	vendor/linux/include/linux/sunrpc/gss_err.h;vendor/linux/include/linux/sunrpc/gss_err.h:56;rewrite/configs/aarch64/frozen.config;header_closure=rewrite/metadata/header_closure.tsv;selected=PENDING_REVIEW	425f94c2954b1fe80ebdbf9b29854e89750355df	49b63777d13278b575b2eacd911d6e986f060ea4d22d1e64be39b27f0f5fce9c	816c34c0c60da91f2257f703ba593c10b89b42256ed59504a47f277fe58cea41	0123af9e96b58af4e98b91a2de5608d36b63c67864b9041d3340587f3dbe40d2	cfa8dcf0d81c408de38d4202fe1ce9d9e5e301d1e67439c9530da94b1e64ee3f	7484d7b0dd80f45e18d726b04752827fe28555cc5c1af0e127948380e6688abf
semantic-proposal-v1	SC1-645ad0c4f5b43fbabf476a01d18b590346a70ad3254062af7e7c9109f73c9af6	S015088	2	P01	SYMBOLS.tsv	285049	selection_expression	aarch64	include/linux/sunrpc/gss_err.h	operative_macro	GSS_C_ACCEPT	57	PENDING_REVIEW	SOURCE_REVIEWED_VALUE	COMPLETE	vendor/linux/include/linux/sunrpc/gss_err.h;vendor/linux/include/linux/sunrpc/gss_err.h:57;rewrite/configs/aarch64/frozen.config;header_closure=rewrite/metadata/header_closure.tsv;selected=PENDING_REVIEW	425f94c2954b1fe80ebdbf9b29854e89750355df	49b63777d13278b575b2eacd911d6e986f060ea4d22d1e64be39b27f0f5fce9c	816c34c0c60da91f2257f703ba593c10b89b42256ed59504a47f277fe58cea41	0123af9e96b58af4e98b91a2de5608d36b63c67864b9041d3340587f3dbe40d2	cfa8dcf0d81c408de38d4202fe1ce9d9e5e301d1e67439c9530da94b1e64ee3f	7484d7b0dd80f45e18d726b04752827fe28555cc5c1af0e127948380e6688abf
semantic-proposal-v1	SC1-7cd55707a4c3b649d88687f83230398e7e31c2a974d5767d7dc7ac9a2b0d6df5	S015088	2	P01	SYMBOLS.tsv	285049	status	aarch64	include/linux/sunrpc/gss_err.h	operative_macro	GSS_C_ACCEPT	57	PENDING_REVIEW	COMPLETE	COMPLETE	vendor/linux/include/linux/sunrpc/gss_err.h;vendor/linux/include/linux/sunrpc/gss_err.h:57;rewrite/configs/aarch64/frozen.config;header_closure=rewrite/metadata/header_closure.tsv;selected=PENDING_REVIEW	425f94c2954b1fe80ebdbf9b29854e89750355df	49b63777d13278b575b2eacd911d6e986f060ea4d22d1e64be39b27f0f5fce9c	816c34c0c60da91f2257f703ba593c10b89b42256ed59504a47f277fe58cea41	0123af9e96b58af4e98b91a2de5608d36b63c67864b9041d3340587f3dbe40d2	cfa8dcf0d81c408de38d4202fe1ce9d9e5e301d1e67439c9530da94b1e64ee3f	7484d7b0dd80f45e18d726b04752827fe28555cc5c1af0e127948380e6688abf
semantic-proposal-v1	SC1-9eea4a16e9a9dc7d1c19cd12687baae7a004e7de3ebff51b6152b7e8c05af008	S015088	2	P01	SYMBOLS.tsv	285050	selection_expression	aarch64	include/linux/sunrpc/gss_err.h	operative_macro	GSS_C_GSS_CODE	62	PENDING_REVIEW	SOURCE_REVIEWED_VALUE	COMPLETE	vendor/linux/include/linux/sunrpc/gss_err.h;vendor/linux/include/linux/sunrpc/gss_err.h:62;rewrite/configs/aarch64/frozen.config;header_closure=rewrite/metadata/header_closure.tsv;selected=PENDING_REVIEW	425f94c2954b1fe80ebdbf9b29854e89750355df	49b63777d13278b575b2eacd911d6e986f060ea4d22d1e64be39b27f0f5fce9c	816c34c0c60da91f2257f703ba593c10b89b42256ed59504a47f277fe58cea41	0123af9e96b58af4e98b91a2de5608d36b63c67864b9041d3340587f3dbe40d2	cfa8dcf0d81c408de38d4202fe1ce9d9e5e301d1e67439c9530da94b1e64ee3f	7484d7b0dd80f45e18d726b04752827fe28555cc5c1af0e127948380e6688abf
semantic-proposal-v1	SC1-f2990868c546912c5b4386cd1b08559a3c6b60657cad1d52c7db6cf0d3e02ed4	S015088	2	P01	SYMBOLS.tsv	285050	status	aarch64	include/linux/sunrpc/gss_err.h	operative_macro	GSS_C_GSS_CODE	62	PENDING_REVIEW	COMPLETE	COMPLETE	vendor/linux/include/linux/sunrpc/gss_err.h;vendor/linux/include/linux/sunrpc/gss_err.h:62;rewrite/configs/aarch64/frozen.config;header_closure=rewrite/metadata/header_closure.tsv;selected=PENDING_REVIEW	425f94c2954b1fe80ebdbf9b29854e89750355df	49b63777d13278b575b2eacd911d6e986f060ea4d22d1e64be39b27f0f5fce9c	816c34c0c60da91f2257f703ba593c10b89b42256ed59504a47f277fe58cea41	0123af9e96b58af4e98b91a2de5608d36b63c67864b9041d3340587f3dbe40d2	cfa8dcf0d81c408de38d4202fe1ce9d9e5e301d1e67439c9530da94b1e64ee3f	7484d7b0dd80f45e18d726b04752827fe28555cc5c1af0e127948380e6688abf
semantic-proposal-v1	SC1-0c4852b27cdcca7f7836b27d4a8ff5b5206be0cb9b598798781295000718e4bf	S015088	2	P01	SYMBOLS.tsv	285051	selection_expression	aarch64	include/linux/sunrpc/gss_err.h	operative_macro	GSS_C_MECH_CODE	63	PENDING_REVIEW	SOURCE_REVIEWED_VALUE	COMPLETE	vendor/linux/include/linux/sunrpc/gss_err.h;vendor/linux/include/linux/sunrpc/gss_err.h:63;rewrite/configs/aarch64/frozen.config;header_closure=rewrite/metadata/header_closure.tsv;selected=PENDING_REVIEW	425f94c2954b1fe80ebdbf9b29854e89750355df	49b63777d13278b575b2eacd911d6e986f060ea4d22d1e64be39b27f0f5fce9c	816c34c0c60da91f2257f703ba593c10b89b42256ed59504a47f277fe58cea41	0123af9e96b58af4e98b91a2de5608d36b63c67864b9041d3340587f3dbe40d2	cfa8dcf0d81c408de38d4202fe1ce9d9e5e301d1e67439c9530da94b1e64ee3f	7484d7b0dd80f45e18d726b04752827fe28555cc5c1af0e127948380e6688abf
semantic-proposal-v1	SC1-507427634f1432d6849161f371a6d803237162b2444bd03ce246e00f72504662	S015088	2	P01	SYMBOLS.tsv	285051	status	aarch64	include/linux/sunrpc/gss_err.h	operative_macro	GSS_C_MECH_CODE	63	PENDING_REVIEW	COMPLETE	COMPLETE	vendor/linux/include/linux/sunrpc/gss_err.h;vendor/linux/include/linux/sunrpc/gss_err.h:63;rewrite/configs/aarch64/frozen.config;header_closure=rewrite/metadata/header_closure.tsv;selected=PENDING_REVIEW	425f94c2954b1fe80ebdbf9b29854e89750355df	49b63777d13278b575b2eacd911d6e986f060ea4d22d1e64be39b27f0f5fce9c	816c34c0c60da91f2257f703ba593c10b89b42256ed59504a47f277fe58cea41	0123af9e96b58af4e98b91a2de5608d36b63c67864b9041d3340587f3dbe40d2	cfa8dcf0d81c408de38d4202fe1ce9d9e5e301d1e67439c9530da94b1e64ee3f	7484d7b0dd80f45e18d726b04752827fe28555cc5c1af0e127948380e6688abf
semantic-proposal-v1	SC1-d7f6fc3e6ac120adf71411a3cdaf0d546d812744d4b3dfe522a6c4f65c2eedf8	S015088	2	P01	SYMBOLS.tsv	285052	selection_expression	aarch64	include/linux/sunrpc/gss_err.h	operative_macro	GSS_C_INDEFINITE	70	PENDING_REVIEW	SOURCE_REVIEWED_VALUE	COMPLETE	vendor/linux/include/linux/sunrpc/gss_err.h;vendor/linux/include/linux/sunrpc/gss_err.h:70;rewrite/configs/aarch64/frozen.config;header_closure=rewrite/metadata/header_closure.tsv;selected=PENDING_REVIEW	425f94c2954b1fe80ebdbf9b29854e89750355df	49b63777d13278b575b2eacd911d6e986f060ea4d22d1e64be39b27f0f5fce9c	816c34c0c60da91f2257f703ba593c10b89b42256ed59504a47f277fe58cea41	0123af9e96b58af4e98b91a2de5608d36b63c67864b9041d3340587f3dbe40d2	cfa8dcf0d81c408de38d4202fe1ce9d9e5e301d1e67439c9530da94b1e64ee3f	7484d7b0dd80f45e18d726b04752827fe28555cc5c1af0e127948380e6688abf
semantic-proposal-v1	SC1-bbf6525e321cefdb98b702b8b7215c3061bc87cbfebb738dc23f5a5773da9d8d	S015088	2	P01	SYMBOLS.tsv	285052	status	aarch64	include/linux/sunrpc/gss_err.h	operative_macro	GSS_C_INDEFINITE	70	PENDING_REVIEW	COMPLETE	COMPLETE	vendor/linux/include/linux/sunrpc/gss_err.h;vendor/linux/include/linux/sunrpc/gss_err.h:70;rewrite/configs/aarch64/frozen.config;header_closure=rewrite/metadata/header_closure.tsv;selected=PENDING_REVIEW	425f94c2954b1fe80ebdbf9b29854e89750355df	49b63777d13278b575b2eacd911d6e986f060ea4d22d1e64be39b27f0f5fce9c	816c34c0c60da91f2257f703ba593c10b89b42256ed59504a47f277fe58cea41	0123af9e96b58af4e98b91a2de5608d36b63c67864b9041d3340587f3dbe40d2	cfa8dcf0d81c408de38d4202fe1ce9d9e5e301d1e67439c9530da94b1e64ee3f	7484d7b0dd80f45e18d726b04752827fe28555cc5c1af0e127948380e6688abf
semantic-proposal-v1	SC1-8a07b20429b9280d08c840c6acb500dc56d142067af3d3ff7019277ccd32860c	S015088	2	P01	SYMBOLS.tsv	285053	selection_expression	aarch64	include/linux/sunrpc/gss_err.h	operative_macro	GSS_S_COMPLETE	75	PENDING_REVIEW	SOURCE_REVIEWED_VALUE	COMPLETE	vendor/linux/include/linux/sunrpc/gss_err.h;vendor/linux/include/linux/sunrpc/gss_err.h:75;rewrite/configs/aarch64/frozen.config;header_closure=rewrite/metadata/header_closure.tsv;selected=PENDING_REVIEW	425f94c2954b1fe80ebdbf9b29854e89750355df	49b63777d13278b575b2eacd911d6e986f060ea4d22d1e64be39b27f0f5fce9c	816c34c0c60da91f2257f703ba593c10b89b42256ed59504a47f277fe58cea41	0123af9e96b58af4e98b91a2de5608d36b63c67864b9041d3340587f3dbe40d2	cfa8dcf0d81c408de38d4202fe1ce9d9e5e301d1e67439c9530da94b1e64ee3f	7484d7b0dd80f45e18d726b04752827fe28555cc5c1af0e127948380e6688abf
semantic-proposal-v1	SC1-a18975bc7db50e21842d478af4fea3ed823917a8b84241728b7a8fa0c5529ea6	S015088	2	P01	SYMBOLS.tsv	285053	status	aarch64	include/linux/sunrpc/gss_err.h	operative_macro	GSS_S_COMPLETE	75	PENDING_REVIEW	COMPLETE	COMPLETE	vendor/linux/include/linux/sunrpc/gss_err.h;vendor/linux/include/linux/sunrpc/gss_err.h:75;rewrite/configs/aarch64/frozen.config;header_closure=rewrite/metadata/header_closure.tsv;selected=PENDING_REVIEW	425f94c2954b1fe80ebdbf9b29854e89750355df	49b63777d13278b575b2eacd911d6e986f060ea4d22d1e64be39b27f0f5fce9c	816c34c0c60da91f2257f703ba593c10b89b42256ed59504a47f277fe58cea41	0123af9e96b58af4e98b91a2de5608d36b63c67864b9041d3340587f3dbe40d2	cfa8dcf0d81c408de38d4202fe1ce9d9e5e301d1e67439c9530da94b1e64ee3f	7484d7b0dd80f45e18d726b04752827fe28555cc5c1af0e127948380e6688abf
semantic-proposal-v1	SC1-ac3cb3490afa6c7e2a85dbe2a57323d509ba0d288cbe7ae7505a3a730d28f12d	S015088	2	P01	SYMBOLS.tsv	285054	selection_expression	aarch64	include/linux/sunrpc/gss_err.h	operative_macro	GSS_C_CALLING_ERROR_OFFSET	80	PENDING_REVIEW	SOURCE_REVIEWED_VALUE	COMPLETE	vendor/linux/include/linux/sunrpc/gss_err.h;vendor/linux/include/linux/sunrpc/gss_err.h:80;rewrite/configs/aarch64/frozen.config;header_closure=rewrite/metadata/header_closure.tsv;selected=PENDING_REVIEW	425f94c2954b1fe80ebdbf9b29854e89750355df	49b63777d13278b575b2eacd911d6e986f060ea4d22d1e64be39b27f0f5fce9c	816c34c0c60da91f2257f703ba593c10b89b42256ed59504a47f277fe58cea41	0123af9e96b58af4e98b91a2de5608d36b63c67864b9041d3340587f3dbe40d2	cfa8dcf0d81c408de38d4202fe1ce9d9e5e301d1e67439c9530da94b1e64ee3f	7484d7b0dd80f45e18d726b04752827fe28555cc5c1af0e127948380e6688abf
semantic-proposal-v1	SC1-217e6c4dd5b156987e17fc8d5145c6011e23eaa349fc3adc2a7dcd71614eaf79	S015088	2	P01	SYMBOLS.tsv	285054	status	aarch64	include/linux/sunrpc/gss_err.h	operative_macro	GSS_C_CALLING_ERROR_OFFSET	80	PENDING_REVIEW	COMPLETE	COMPLETE	vendor/linux/include/linux/sunrpc/gss_err.h;vendor/linux/include/linux/sunrpc/gss_err.h:80;rewrite/configs/aarch64/frozen.config;header_closure=rewrite/metadata/header_closure.tsv;selected=PENDING_REVIEW	425f94c2954b1fe80ebdbf9b29854e89750355df	49b63777d13278b575b2eacd911d6e986f060ea4d22d1e64be39b27f0f5fce9c	816c34c0c60da91f2257f703ba593c10b89b42256ed59504a47f277fe58cea41	0123af9e96b58af4e98b91a2de5608d36b63c67864b9041d3340587f3dbe40d2	cfa8dcf0d81c408de38d4202fe1ce9d9e5e301d1e67439c9530da94b1e64ee3f	7484d7b0dd80f45e18d726b04752827fe28555cc5c1af0e127948380e6688abf
semantic-proposal-v1	SC1-f0489f3edc1501be21978495613cc03736328a87dd86bfb5138e1a123310db90	S015088	2	P01	SYMBOLS.tsv	285055	selection_expression	aarch64	include/linux/sunrpc/gss_err.h	operative_macro	GSS_C_ROUTINE_ERROR_OFFSET	81	PENDING_REVIEW	SOURCE_REVIEWED_VALUE	COMPLETE	vendor/linux/include/linux/sunrpc/gss_err.h;vendor/linux/include/linux/sunrpc/gss_err.h:81;rewrite/configs/aarch64/frozen.config;header_closure=rewrite/metadata/header_closure.tsv;selected=PENDING_REVIEW	425f94c2954b1fe80ebdbf9b29854e89750355df	49b63777d13278b575b2eacd911d6e986f060ea4d22d1e64be39b27f0f5fce9c	816c34c0c60da91f2257f703ba593c10b89b42256ed59504a47f277fe58cea41	0123af9e96b58af4e98b91a2de5608d36b63c67864b9041d3340587f3dbe40d2	cfa8dcf0d81c408de38d4202fe1ce9d9e5e301d1e67439c9530da94b1e64ee3f	7484d7b0dd80f45e18d726b04752827fe28555cc5c1af0e127948380e6688abf
semantic-proposal-v1	SC1-83e0ca619fda932b87a1f3dbc2a390f4d11d347b778b684115276e951d7aeca2	S015088	2	P01	SYMBOLS.tsv	285055	status	aarch64	include/linux/sunrpc/gss_err.h	operative_macro	GSS_C_ROUTINE_ERROR_OFFSET	81	PENDING_REVIEW	COMPLETE	COMPLETE	vendor/linux/include/linux/sunrpc/gss_err.h;vendor/linux/include/linux/sunrpc/gss_err.h:81;rewrite/configs/aarch64/frozen.config;header_closure=rewrite/metadata/header_closure.tsv;selected=PENDING_REVIEW	425f94c2954b1fe80ebdbf9b29854e89750355df	49b63777d13278b575b2eacd911d6e986f060ea4d22d1e64be39b27f0f5fce9c	816c34c0c60da91f2257f703ba593c10b89b42256ed59504a47f277fe58cea41	0123af9e96b58af4e98b91a2de5608d36b63c67864b9041d3340587f3dbe40d2	cfa8dcf0d81c408de38d4202fe1ce9d9e5e301d1e67439c9530da94b1e64ee3f	7484d7b0dd80f45e18d726b04752827fe28555cc5c1af0e127948380e6688abf
semantic-proposal-v1	SC1-56d3c189174f4a5ecab0126d14e0a42cd873b0c4be1fc3db613bd7b4e20f6170	S015088	2	P01	SYMBOLS.tsv	285056	selection_expression	aarch64	include/linux/sunrpc/gss_err.h	operative_macro	GSS_C_SUPPLEMENTARY_OFFSET	82	PENDING_REVIEW	SOURCE_REVIEWED_VALUE	COMPLETE	vendor/linux/include/linux/sunrpc/gss_err.h;vendor/linux/include/linux/sunrpc/gss_err.h:82;rewrite/configs/aarch64/frozen.config;header_closure=rewrite/metadata/header_closure.tsv;selected=PENDING_REVIEW	425f94c2954b1fe80ebdbf9b29854e89750355df	49b63777d13278b575b2eacd911d6e986f060ea4d22d1e64be39b27f0f5fce9c	816c34c0c60da91f2257f703ba593c10b89b42256ed59504a47f277fe58cea41	0123af9e96b58af4e98b91a2de5608d36b63c67864b9041d3340587f3dbe40d2	cfa8dcf0d81c408de38d4202fe1ce9d9e5e301d1e67439c9530da94b1e64ee3f	7484d7b0dd80f45e18d726b04752827fe28555cc5c1af0e127948380e6688abf
semantic-proposal-v1	SC1-f62dc4ec1bf80fa155e57e72d0b79396d76e301c4cbfc1173d942c68cb45232f	S015088	2	P01	SYMBOLS.tsv	285056	status	aarch64	include/linux/sunrpc/gss_err.h	operative_macro	GSS_C_SUPPLEMENTARY_OFFSET	82	PENDING_REVIEW	COMPLETE	COMPLETE	vendor/linux/include/linux/sunrpc/gss_err.h;vendor/linux/include/linux/sunrpc/gss_err.h:82;rewrite/configs/aarch64/frozen.config;header_closure=rewrite/metadata/header_closure.tsv;selected=PENDING_REVIEW	425f94c2954b1fe80ebdbf9b29854e89750355df	49b63777d13278b575b2eacd911d6e986f060ea4d22d1e64be39b27f0f5fce9c	816c34c0c60da91f2257f703ba593c10b89b42256ed59504a47f277fe58cea41	0123af9e96b58af4e98b91a2de5608d36b63c67864b9041d3340587f3dbe40d2	cfa8dcf0d81c408de38d4202fe1ce9d9e5e301d1e67439c9530da94b1e64ee3f	7484d7b0dd80f45e18d726b04752827fe28555cc5c1af0e127948380e6688abf
semantic-proposal-v1	SC1-bb7343e0251008831b55a006436f088936ca0ce046925453128ea2586319cd48	S015088	2	P01	SYMBOLS.tsv	285057	selection_expression	aarch64	include/linux/sunrpc/gss_err.h	operative_macro	GSS_C_CALLING_ERROR_MASK	83	PENDING_REVIEW	SOURCE_REVIEWED_VALUE	COMPLETE	vendor/linux/include/linux/sunrpc/gss_err.h;vendor/linux/include/linux/sunrpc/gss_err.h:83;rewrite/configs/aarch64/frozen.config;header_closure=rewrite/metadata/header_closure.tsv;selected=PENDING_REVIEW	425f94c2954b1fe80ebdbf9b29854e89750355df	49b63777d13278b575b2eacd911d6e986f060ea4d22d1e64be39b27f0f5fce9c	816c34c0c60da91f2257f703ba593c10b89b42256ed59504a47f277fe58cea41	0123af9e96b58af4e98b91a2de5608d36b63c67864b9041d3340587f3dbe40d2	cfa8dcf0d81c408de38d4202fe1ce9d9e5e301d1e67439c9530da94b1e64ee3f	7484d7b0dd80f45e18d726b04752827fe28555cc5c1af0e127948380e6688abf
semantic-proposal-v1	SC1-fa538c8c058e5e1fd41d1a683028eddfa93b81b980787952b17880d91a122e1a	S015088	2	P01	SYMBOLS.tsv	285057	status	aarch64	include/linux/sunrpc/gss_err.h	operative_macro	GSS_C_CALLING_ERROR_MASK	83	PENDING_REVIEW	COMPLETE	COMPLETE	vendor/linux/include/linux/sunrpc/gss_err.h;vendor/linux/include/linux/sunrpc/gss_err.h:83;rewrite/configs/aarch64/frozen.config;header_closure=rewrite/metadata/header_closure.tsv;selected=PENDING_REVIEW	425f94c2954b1fe80ebdbf9b29854e89750355df	49b63777d13278b575b2eacd911d6e986f060ea4d22d1e64be39b27f0f5fce9c	816c34c0c60da91f2257f703ba593c10b89b42256ed59504a47f277fe58cea41	0123af9e96b58af4e98b91a2de5608d36b63c67864b9041d3340587f3dbe40d2	cfa8dcf0d81c408de38d4202fe1ce9d9e5e301d1e67439c9530da94b1e64ee3f	7484d7b0dd80f45e18d726b04752827fe28555cc5c1af0e127948380e6688abf
semantic-proposal-v1	SC1-82bb438dc9f6d8d0569537ccce75fcbbda82bf9e85bdf7aec55ebc82e34eff97	S015088	2	P01	SYMBOLS.tsv	285058	selection_expression	aarch64	include/linux/sunrpc/gss_err.h	operative_macro	GSS_C_ROUTINE_ERROR_MASK	84	PENDING_REVIEW	SOURCE_REVIEWED_VALUE	COMPLETE	vendor/linux/include/linux/sunrpc/gss_err.h;vendor/linux/include/linux/sunrpc/gss_err.h:84;rewrite/configs/aarch64/frozen.config;header_closure=rewrite/metadata/header_closure.tsv;selected=PENDING_REVIEW	425f94c2954b1fe80ebdbf9b29854e89750355df	49b63777d13278b575b2eacd911d6e986f060ea4d22d1e64be39b27f0f5fce9c	816c34c0c60da91f2257f703ba593c10b89b42256ed59504a47f277fe58cea41	0123af9e96b58af4e98b91a2de5608d36b63c67864b9041d3340587f3dbe40d2	cfa8dcf0d81c408de38d4202fe1ce9d9e5e301d1e67439c9530da94b1e64ee3f	7484d7b0dd80f45e18d726b04752827fe28555cc5c1af0e127948380e6688abf
semantic-proposal-v1	SC1-213f7df92d9bee14440db82b9bbeb68c830908c9782fa8ac86772b17f9285243	S015088	2	P01	SYMBOLS.tsv	285058	status	aarch64	include/linux/sunrpc/gss_err.h	operative_macro	GSS_C_ROUTINE_ERROR_MASK	84	PENDING_REVIEW	COMPLETE	COMPLETE	vendor/linux/include/linux/sunrpc/gss_err.h;vendor/linux/include/linux/sunrpc/gss_err.h:84;rewrite/configs/aarch64/frozen.config;header_closure=rewrite/metadata/header_closure.tsv;selected=PENDING_REVIEW	425f94c2954b1fe80ebdbf9b29854e89750355df	49b63777d13278b575b2eacd911d6e986f060ea4d22d1e64be39b27f0f5fce9c	816c34c0c60da91f2257f703ba593c10b89b42256ed59504a47f277fe58cea41	0123af9e96b58af4e98b91a2de5608d36b63c67864b9041d3340587f3dbe40d2	cfa8dcf0d81c408de38d4202fe1ce9d9e5e301d1e67439c9530da94b1e64ee3f	7484d7b0dd80f45e18d726b04752827fe28555cc5c1af0e127948380e6688abf
semantic-proposal-v1	SC1-fc5ad69b395a424fe07c80fc377859956f3dc32691a8e5aafea0f6dd89c45f85	S015088	2	P01	SYMBOLS.tsv	285059	selection_expression	aarch64	include/linux/sunrpc/gss_err.h	operative_macro	GSS_C_SUPPLEMENTARY_MASK	85	PENDING_REVIEW	SOURCE_REVIEWED_VALUE	COMPLETE	vendor/linux/include/linux/sunrpc/gss_err.h;vendor/linux/include/linux/sunrpc/gss_err.h:85;rewrite/configs/aarch64/frozen.config;header_closure=rewrite/metadata/header_closure.tsv;selected=PENDING_REVIEW	425f94c2954b1fe80ebdbf9b29854e89750355df	49b63777d13278b575b2eacd911d6e986f060ea4d22d1e64be39b27f0f5fce9c	816c34c0c60da91f2257f703ba593c10b89b42256ed59504a47f277fe58cea41	0123af9e96b58af4e98b91a2de5608d36b63c67864b9041d3340587f3dbe40d2	cfa8dcf0d81c408de38d4202fe1ce9d9e5e301d1e67439c9530da94b1e64ee3f	7484d7b0dd80f45e18d726b04752827fe28555cc5c1af0e127948380e6688abf
semantic-proposal-v1	SC1-1632e7be909cb1fdbaa4fb3c17df4495e9e047cd9ed4c8fb9b63bf8082fb378b	S015088	2	P01	SYMBOLS.tsv	285059	status	aarch64	include/linux/sunrpc/gss_err.h	operative_macro	GSS_C_SUPPLEMENTARY_MASK	85	PENDING_REVIEW	COMPLETE	COMPLETE	vendor/linux/include/linux/sunrpc/gss_err.h;vendor/linux/include/linux/sunrpc/gss_err.h:85;rewrite/configs/aarch64/frozen.config;header_closure=rewrite/metadata/header_closure.tsv;selected=PENDING_REVIEW	425f94c2954b1fe80ebdbf9b29854e89750355df	49b63777d13278b575b2eacd911d6e986f060ea4d22d1e64be39b27f0f5fce9c	816c34c0c60da91f2257f703ba593c10b89b42256ed59504a47f277fe58cea41	0123af9e96b58af4e98b91a2de5608d36b63c67864b9041d3340587f3dbe40d2	cfa8dcf0d81c408de38d4202fe1ce9d9e5e301d1e67439c9530da94b1e64ee3f	7484d7b0dd80f45e18d726b04752827fe28555cc5c1af0e127948380e6688abf
semantic-proposal-v1	SC1-b49849a77924cdccd7af904d78fc6b9e66bdd6be70a01aa9ae9b7b4f059a40f0	S015088	2	P01	SYMBOLS.tsv	285060	selection_expression	aarch64	include/linux/sunrpc/gss_err.h	operative_macro	GSS_CALLING_ERROR	92	PENDING_REVIEW	SOURCE_REVIEWED_VALUE	COMPLETE	vendor/linux/include/linux/sunrpc/gss_err.h;vendor/linux/include/linux/sunrpc/gss_err.h:92;rewrite/configs/aarch64/frozen.config;header_closure=rewrite/metadata/header_closure.tsv;selected=PENDING_REVIEW	425f94c2954b1fe80ebdbf9b29854e89750355df	49b63777d13278b575b2eacd911d6e986f060ea4d22d1e64be39b27f0f5fce9c	816c34c0c60da91f2257f703ba593c10b89b42256ed59504a47f277fe58cea41	0123af9e96b58af4e98b91a2de5608d36b63c67864b9041d3340587f3dbe40d2	cfa8dcf0d81c408de38d4202fe1ce9d9e5e301d1e67439c9530da94b1e64ee3f	7484d7b0dd80f45e18d726b04752827fe28555cc5c1af0e127948380e6688abf
semantic-proposal-v1	SC1-08f76ad162868179c44dd6285ec69056ecfada9a0ea02c848b33c47ed3c4fc8e	S015088	2	P01	SYMBOLS.tsv	285060	status	aarch64	include/linux/sunrpc/gss_err.h	operative_macro	GSS_CALLING_ERROR	92	PENDING_REVIEW	COMPLETE	COMPLETE	vendor/linux/include/linux/sunrpc/gss_err.h;vendor/linux/include/linux/sunrpc/gss_err.h:92;rewrite/configs/aarch64/frozen.config;header_closure=rewrite/metadata/header_closure.tsv;selected=PENDING_REVIEW	425f94c2954b1fe80ebdbf9b29854e89750355df	49b63777d13278b575b2eacd911d6e986f060ea4d22d1e64be39b27f0f5fce9c	816c34c0c60da91f2257f703ba593c10b89b42256ed59504a47f277fe58cea41	0123af9e96b58af4e98b91a2de5608d36b63c67864b9041d3340587f3dbe40d2	cfa8dcf0d81c408de38d4202fe1ce9d9e5e301d1e67439c9530da94b1e64ee3f	7484d7b0dd80f45e18d726b04752827fe28555cc5c1af0e127948380e6688abf
semantic-proposal-v1	SC1-f86176b52b5b89d232afe3601fe245a3edf16f5d077b9b8d744ab64550bd582a	S015088	2	P01	SYMBOLS.tsv	285061	selection_expression	aarch64	include/linux/sunrpc/gss_err.h	operative_macro	GSS_ROUTINE_ERROR	94	PENDING_REVIEW	SOURCE_REVIEWED_VALUE	COMPLETE	vendor/linux/include/linux/sunrpc/gss_err.h;vendor/linux/include/linux/sunrpc/gss_err.h:94;rewrite/configs/aarch64/frozen.config;header_closure=rewrite/metadata/header_closure.tsv;selected=PENDING_REVIEW	425f94c2954b1fe80ebdbf9b29854e89750355df	49b63777d13278b575b2eacd911d6e986f060ea4d22d1e64be39b27f0f5fce9c	816c34c0c60da91f2257f703ba593c10b89b42256ed59504a47f277fe58cea41	0123af9e96b58af4e98b91a2de5608d36b63c67864b9041d3340587f3dbe40d2	cfa8dcf0d81c408de38d4202fe1ce9d9e5e301d1e67439c9530da94b1e64ee3f	7484d7b0dd80f45e18d726b04752827fe28555cc5c1af0e127948380e6688abf
semantic-proposal-v1	SC1-953adfc343cf9babf30b646b143bb9f6d7525e8a580614478ec825aac0ec3edc	S015088	2	P01	SYMBOLS.tsv	285061	status	aarch64	include/linux/sunrpc/gss_err.h	operative_macro	GSS_ROUTINE_ERROR	94	PENDING_REVIEW	COMPLETE	COMPLETE	vendor/linux/include/linux/sunrpc/gss_err.h;vendor/linux/include/linux/sunrpc/gss_err.h:94;rewrite/configs/aarch64/frozen.config;header_closure=rewrite/metadata/header_closure.tsv;selected=PENDING_REVIEW	425f94c2954b1fe80ebdbf9b29854e89750355df	49b63777d13278b575b2eacd911d6e986f060ea4d22d1e64be39b27f0f5fce9c	816c34c0c60da91f2257f703ba593c10b89b42256ed59504a47f277fe58cea41	0123af9e96b58af4e98b91a2de5608d36b63c67864b9041d3340587f3dbe40d2	cfa8dcf0d81c408de38d4202fe1ce9d9e5e301d1e67439c9530da94b1e64ee3f	7484d7b0dd80f45e18d726b04752827fe28555cc5c1af0e127948380e6688abf
semantic-proposal-v1	SC1-283523761a8aebe91d74a9fbc86096109b4273696f8cc989a090085590f33bba	S015088	2	P01	SYMBOLS.tsv	285062	selection_expression	aarch64	include/linux/sunrpc/gss_err.h	operative_macro	GSS_SUPPLEMENTARY_INFO	96	PENDING_REVIEW	SOURCE_REVIEWED_VALUE	COMPLETE	vendor/linux/include/linux/sunrpc/gss_err.h;vendor/linux/include/linux/sunrpc/gss_err.h:96;rewrite/configs/aarch64/frozen.config;header_closure=rewrite/metadata/header_closure.tsv;selected=PENDING_REVIEW	425f94c2954b1fe80ebdbf9b29854e89750355df	49b63777d13278b575b2eacd911d6e986f060ea4d22d1e64be39b27f0f5fce9c	816c34c0c60da91f2257f703ba593c10b89b42256ed59504a47f277fe58cea41	0123af9e96b58af4e98b91a2de5608d36b63c67864b9041d3340587f3dbe40d2	cfa8dcf0d81c408de38d4202fe1ce9d9e5e301d1e67439c9530da94b1e64ee3f	7484d7b0dd80f45e18d726b04752827fe28555cc5c1af0e127948380e6688abf
semantic-proposal-v1	SC1-b85b82043cb5efa5c120a46c35b7182f30373f9a1e029decf716fec60e885285	S015088	2	P01	SYMBOLS.tsv	285062	status	aarch64	include/linux/sunrpc/gss_err.h	operative_macro	GSS_SUPPLEMENTARY_INFO	96	PENDING_REVIEW	COMPLETE	COMPLETE	vendor/linux/include/linux/sunrpc/gss_err.h;vendor/linux/include/linux/sunrpc/gss_err.h:96;rewrite/configs/aarch64/frozen.config;header_closure=rewrite/metadata/header_closure.tsv;selected=PENDING_REVIEW	425f94c2954b1fe80ebdbf9b29854e89750355df	49b63777d13278b575b2eacd911d6e986f060ea4d22d1e64be39b27f0f5fce9c	816c34c0c60da91f2257f703ba593c10b89b42256ed59504a47f277fe58cea41	0123af9e96b58af4e98b91a2de5608d36b63c67864b9041d3340587f3dbe40d2	cfa8dcf0d81c408de38d4202fe1ce9d9e5e301d1e67439c9530da94b1e64ee3f	7484d7b0dd80f45e18d726b04752827fe28555cc5c1af0e127948380e6688abf
semantic-proposal-v1	SC1-018e7bbbaecb38882d85ae99145b38d76252048a5ce813f547dc32827a664cfc	S015088	2	P01	SYMBOLS.tsv	285063	selection_expression	aarch64	include/linux/sunrpc/gss_err.h	operative_macro	GSS_ERROR	98	PENDING_REVIEW	SOURCE_REVIEWED_VALUE	COMPLETE	vendor/linux/include/linux/sunrpc/gss_err.h;vendor/linux/include/linux/sunrpc/gss_err.h:98;rewrite/configs/aarch64/frozen.config;header_closure=rewrite/metadata/header_closure.tsv;selected=PENDING_REVIEW	425f94c2954b1fe80ebdbf9b29854e89750355df	49b63777d13278b575b2eacd911d6e986f060ea4d22d1e64be39b27f0f5fce9c	816c34c0c60da91f2257f703ba593c10b89b42256ed59504a47f277fe58cea41	0123af9e96b58af4e98b91a2de5608d36b63c67864b9041d3340587f3dbe40d2	cfa8dcf0d81c408de38d4202fe1ce9d9e5e301d1e67439c9530da94b1e64ee3f	7484d7b0dd80f45e18d726b04752827fe28555cc5c1af0e127948380e6688abf
semantic-proposal-v1	SC1-dd9f3d26c35475da6451a68c0c1fc9154dde3a31e88c4910a2bf504623fec64c	S015088	2	P01	SYMBOLS.tsv	285063	status	aarch64	include/linux/sunrpc/gss_err.h	operative_macro	GSS_ERROR	98	PENDING_REVIEW	COMPLETE	COMPLETE	vendor/linux/include/linux/sunrpc/gss_err.h;vendor/linux/include/linux/sunrpc/gss_err.h:98;rewrite/configs/aarch64/frozen.config;header_closure=rewrite/metadata/header_closure.tsv;selected=PENDING_REVIEW	425f94c2954b1fe80ebdbf9b29854e89750355df	49b63777d13278b575b2eacd911d6e986f060ea4d22d1e64be39b27f0f5fce9c	816c34c0c60da91f2257f703ba593c10b89b42256ed59504a47f277fe58cea41	0123af9e96b58af4e98b91a2de5608d36b63c67864b9041d3340587f3dbe40d2	cfa8dcf0d81c408de38d4202fe1ce9d9e5e301d1e67439c9530da94b1e64ee3f	7484d7b0dd80f45e18d726b04752827fe28555cc5c1af0e127948380e6688abf
semantic-proposal-v1	SC1-9f745e779edb0179acd9811aa7dddb3ed4597c95e582aa7716ccf92413350d8e	S015088	2	P01	SYMBOLS.tsv	285064	selection_expression	aarch64	include/linux/sunrpc/gss_err.h	operative_macro	GSS_S_CALL_INACCESSIBLE_READ	109	PENDING_REVIEW	SOURCE_REVIEWED_VALUE	COMPLETE	vendor/linux/include/linux/sunrpc/gss_err.h;vendor/linux/include/linux/sunrpc/gss_err.h:109;rewrite/configs/aarch64/frozen.config;header_closure=rewrite/metadata/header_closure.tsv;selected=PENDING_REVIEW	425f94c2954b1fe80ebdbf9b29854e89750355df	49b63777d13278b575b2eacd911d6e986f060ea4d22d1e64be39b27f0f5fce9c	816c34c0c60da91f2257f703ba593c10b89b42256ed59504a47f277fe58cea41	0123af9e96b58af4e98b91a2de5608d36b63c67864b9041d3340587f3dbe40d2	cfa8dcf0d81c408de38d4202fe1ce9d9e5e301d1e67439c9530da94b1e64ee3f	7484d7b0dd80f45e18d726b04752827fe28555cc5c1af0e127948380e6688abf
semantic-proposal-v1	SC1-5d5772d2cd198f786b7be5e50a287a0c17c6bb056d8bc85892433dbd00d35f25	S015088	2	P01	SYMBOLS.tsv	285064	status	aarch64	include/linux/sunrpc/gss_err.h	operative_macro	GSS_S_CALL_INACCESSIBLE_READ	109	PENDING_REVIEW	COMPLETE	COMPLETE	vendor/linux/include/linux/sunrpc/gss_err.h;vendor/linux/include/linux/sunrpc/gss_err.h:109;rewrite/configs/aarch64/frozen.config;header_closure=rewrite/metadata/header_closure.tsv;selected=PENDING_REVIEW	425f94c2954b1fe80ebdbf9b29854e89750355df	49b63777d13278b575b2eacd911d6e986f060ea4d22d1e64be39b27f0f5fce9c	816c34c0c60da91f2257f703ba593c10b89b42256ed59504a47f277fe58cea41	0123af9e96b58af4e98b91a2de5608d36b63c67864b9041d3340587f3dbe40d2	cfa8dcf0d81c408de38d4202fe1ce9d9e5e301d1e67439c9530da94b1e64ee3f	7484d7b0dd80f45e18d726b04752827fe28555cc5c1af0e127948380e6688abf
semantic-proposal-v1	SC1-7425dacc2e3ea583c8063719d5653e7d91ea2b6fef006ce3279205e254189f1d	S015088	2	P01	SYMBOLS.tsv	285065	selection_expression	aarch64	include/linux/sunrpc/gss_err.h	operative_macro	GSS_S_CALL_INACCESSIBLE_WRITE	111	PENDING_REVIEW	SOURCE_REVIEWED_VALUE	COMPLETE	vendor/linux/include/linux/sunrpc/gss_err.h;vendor/linux/include/linux/sunrpc/gss_err.h:111;rewrite/configs/aarch64/frozen.config;header_closure=rewrite/metadata/header_closure.tsv;selected=PENDING_REVIEW	425f94c2954b1fe80ebdbf9b29854e89750355df	49b63777d13278b575b2eacd911d6e986f060ea4d22d1e64be39b27f0f5fce9c	816c34c0c60da91f2257f703ba593c10b89b42256ed59504a47f277fe58cea41	0123af9e96b58af4e98b91a2de5608d36b63c67864b9041d3340587f3dbe40d2	cfa8dcf0d81c408de38d4202fe1ce9d9e5e301d1e67439c9530da94b1e64ee3f	7484d7b0dd80f45e18d726b04752827fe28555cc5c1af0e127948380e6688abf
semantic-proposal-v1	SC1-e0cf40501e5b962e50ccebc0aba61ef2b9c65dbcac4ad72ac9db341feb4caa48	S015088	2	P01	SYMBOLS.tsv	285065	status	aarch64	include/linux/sunrpc/gss_err.h	operative_macro	GSS_S_CALL_INACCESSIBLE_WRITE	111	PENDING_REVIEW	COMPLETE	COMPLETE	vendor/linux/include/linux/sunrpc/gss_err.h;vendor/linux/include/linux/sunrpc/gss_err.h:111;rewrite/configs/aarch64/frozen.config;header_closure=rewrite/metadata/header_closure.tsv;selected=PENDING_REVIEW	425f94c2954b1fe80ebdbf9b29854e89750355df	49b63777d13278b575b2eacd911d6e986f060ea4d22d1e64be39b27f0f5fce9c	816c34c0c60da91f2257f703ba593c10b89b42256ed59504a47f277fe58cea41	0123af9e96b58af4e98b91a2de5608d36b63c67864b9041d3340587f3dbe40d2	cfa8dcf0d81c408de38d4202fe1ce9d9e5e301d1e67439c9530da94b1e64ee3f	7484d7b0dd80f45e18d726b04752827fe28555cc5c1af0e127948380e6688abf
semantic-proposal-v1	SC1-d95c717552bb742b015db6b9d1dd1a9a0118988d98f149049433d6b1e9b04adf	S015088	2	P01	SYMBOLS.tsv	285066	selection_expression	aarch64	include/linux/sunrpc/gss_err.h	operative_macro	GSS_S_CALL_BAD_STRUCTURE	113	PENDING_REVIEW	SOURCE_REVIEWED_VALUE	COMPLETE	vendor/linux/include/linux/sunrpc/gss_err.h;vendor/linux/include/linux/sunrpc/gss_err.h:113;rewrite/configs/aarch64/frozen.config;header_closure=rewrite/metadata/header_closure.tsv;selected=PENDING_REVIEW	425f94c2954b1fe80ebdbf9b29854e89750355df	49b63777d13278b575b2eacd911d6e986f060ea4d22d1e64be39b27f0f5fce9c	816c34c0c60da91f2257f703ba593c10b89b42256ed59504a47f277fe58cea41	0123af9e96b58af4e98b91a2de5608d36b63c67864b9041d3340587f3dbe40d2	cfa8dcf0d81c408de38d4202fe1ce9d9e5e301d1e67439c9530da94b1e64ee3f	7484d7b0dd80f45e18d726b04752827fe28555cc5c1af0e127948380e6688abf
semantic-proposal-v1	SC1-f6f9492a157ffbd35b7d881c7a86f8400ec553171d969990fb8800e3291b5eb2	S015088	2	P01	SYMBOLS.tsv	285066	status	aarch64	include/linux/sunrpc/gss_err.h	operative_macro	GSS_S_CALL_BAD_STRUCTURE	113	PENDING_REVIEW	COMPLETE	COMPLETE	vendor/linux/include/linux/sunrpc/gss_err.h;vendor/linux/include/linux/sunrpc/gss_err.h:113;rewrite/configs/aarch64/frozen.config;header_closure=rewrite/metadata/header_closure.tsv;selected=PENDING_REVIEW	425f94c2954b1fe80ebdbf9b29854e89750355df	49b63777d13278b575b2eacd911d6e986f060ea4d22d1e64be39b27f0f5fce9c	816c34c0c60da91f2257f703ba593c10b89b42256ed59504a47f277fe58cea41	0123af9e96b58af4e98b91a2de5608d36b63c67864b9041d3340587f3dbe40d2	cfa8dcf0d81c408de38d4202fe1ce9d9e5e301d1e67439c9530da94b1e64ee3f	7484d7b0dd80f45e18d726b04752827fe28555cc5c1af0e127948380e6688abf
semantic-proposal-v1	SC1-71b31c60c07d2d83a7ddd62b41af0a869511e9e201852581c3c3bda6147745b8	S015088	2	P01	SYMBOLS.tsv	285067	selection_expression	aarch64	include/linux/sunrpc/gss_err.h	operative_macro	GSS_S_BAD_MECH	119	PENDING_REVIEW	SOURCE_REVIEWED_VALUE	COMPLETE	vendor/linux/include/linux/sunrpc/gss_err.h;vendor/linux/include/linux/sunrpc/gss_err.h:119;rewrite/configs/aarch64/frozen.config;header_closure=rewrite/metadata/header_closure.tsv;selected=PENDING_REVIEW	425f94c2954b1fe80ebdbf9b29854e89750355df	49b63777d13278b575b2eacd911d6e986f060ea4d22d1e64be39b27f0f5fce9c	816c34c0c60da91f2257f703ba593c10b89b42256ed59504a47f277fe58cea41	0123af9e96b58af4e98b91a2de5608d36b63c67864b9041d3340587f3dbe40d2	cfa8dcf0d81c408de38d4202fe1ce9d9e5e301d1e67439c9530da94b1e64ee3f	7484d7b0dd80f45e18d726b04752827fe28555cc5c1af0e127948380e6688abf
semantic-proposal-v1	SC1-413aeb7feedef422433e9086b5caa8f4a834992332480e6cd745e58e10a29c42	S015088	2	P01	SYMBOLS.tsv	285067	status	aarch64	include/linux/sunrpc/gss_err.h	operative_macro	GSS_S_BAD_MECH	119	PENDING_REVIEW	COMPLETE	COMPLETE	vendor/linux/include/linux/sunrpc/gss_err.h;vendor/linux/include/linux/sunrpc/gss_err.h:119;rewrite/configs/aarch64/frozen.config;header_closure=rewrite/metadata/header_closure.tsv;selected=PENDING_REVIEW	425f94c2954b1fe80ebdbf9b29854e89750355df	49b63777d13278b575b2eacd911d6e986f060ea4d22d1e64be39b27f0f5fce9c	816c34c0c60da91f2257f703ba593c10b89b42256ed59504a47f277fe58cea41	0123af9e96b58af4e98b91a2de5608d36b63c67864b9041d3340587f3dbe40d2	cfa8dcf0d81c408de38d4202fe1ce9d9e5e301d1e67439c9530da94b1e64ee3f	7484d7b0dd80f45e18d726b04752827fe28555cc5c1af0e127948380e6688abf
semantic-proposal-v1	SC1-f3da00d8bf5ddcd4cca57bea44ec1755ea0927ffe48dd73d9b97dd0fff369e56	S015088	2	P01	SYMBOLS.tsv	285068	selection_expression	aarch64	include/linux/sunrpc/gss_err.h	operative_macro	GSS_S_BAD_NAME	120	PENDING_REVIEW	SOURCE_REVIEWED_VALUE	COMPLETE	vendor/linux/include/linux/sunrpc/gss_err.h;vendor/linux/include/linux/sunrpc/gss_err.h:120;rewrite/configs/aarch64/frozen.config;header_closure=rewrite/metadata/header_closure.tsv;selected=PENDING_REVIEW	425f94c2954b1fe80ebdbf9b29854e89750355df	49b63777d13278b575b2eacd911d6e986f060ea4d22d1e64be39b27f0f5fce9c	816c34c0c60da91f2257f703ba593c10b89b42256ed59504a47f277fe58cea41	0123af9e96b58af4e98b91a2de5608d36b63c67864b9041d3340587f3dbe40d2	cfa8dcf0d81c408de38d4202fe1ce9d9e5e301d1e67439c9530da94b1e64ee3f	7484d7b0dd80f45e18d726b04752827fe28555cc5c1af0e127948380e6688abf
semantic-proposal-v1	SC1-e04c4a59aa03a97e675e3adb93f3a63ce721f6e49eb5d23253ff9cf37de1da81	S015088	2	P01	SYMBOLS.tsv	285068	status	aarch64	include/linux/sunrpc/gss_err.h	operative_macro	GSS_S_BAD_NAME	120	PENDING_REVIEW	COMPLETE	COMPLETE	vendor/linux/include/linux/sunrpc/gss_err.h;vendor/linux/include/linux/sunrpc/gss_err.h:120;rewrite/configs/aarch64/frozen.config;header_closure=rewrite/metadata/header_closure.tsv;selected=PENDING_REVIEW	425f94c2954b1fe80ebdbf9b29854e89750355df	49b63777d13278b575b2eacd911d6e986f060ea4d22d1e64be39b27f0f5fce9c	816c34c0c60da91f2257f703ba593c10b89b42256ed59504a47f277fe58cea41	0123af9e96b58af4e98b91a2de5608d36b63c67864b9041d3340587f3dbe40d2	cfa8dcf0d81c408de38d4202fe1ce9d9e5e301d1e67439c9530da94b1e64ee3f	7484d7b0dd80f45e18d726b04752827fe28555cc5c1af0e127948380e6688abf
semantic-proposal-v1	SC1-58ad0c011d927b75a2f2059465887f9b9adfd8191a7f282148a8a9af1d21bb56	S015088	2	P01	SYMBOLS.tsv	285069	selection_expression	aarch64	include/linux/sunrpc/gss_err.h	operative_macro	GSS_S_BAD_NAMETYPE	121	PENDING_REVIEW	SOURCE_REVIEWED_VALUE	COMPLETE	vendor/linux/include/linux/sunrpc/gss_err.h;vendor/linux/include/linux/sunrpc/gss_err.h:121;rewrite/configs/aarch64/frozen.config;header_closure=rewrite/metadata/header_closure.tsv;selected=PENDING_REVIEW	425f94c2954b1fe80ebdbf9b29854e89750355df	49b63777d13278b575b2eacd911d6e986f060ea4d22d1e64be39b27f0f5fce9c	816c34c0c60da91f2257f703ba593c10b89b42256ed59504a47f277fe58cea41	0123af9e96b58af4e98b91a2de5608d36b63c67864b9041d3340587f3dbe40d2	cfa8dcf0d81c408de38d4202fe1ce9d9e5e301d1e67439c9530da94b1e64ee3f	7484d7b0dd80f45e18d726b04752827fe28555cc5c1af0e127948380e6688abf
semantic-proposal-v1	SC1-ecb2aec9782322c417f69a375a9ce219be2bbe165f6dff239156e34eb9f9c419	S015088	2	P01	SYMBOLS.tsv	285069	status	aarch64	include/linux/sunrpc/gss_err.h	operative_macro	GSS_S_BAD_NAMETYPE	121	PENDING_REVIEW	COMPLETE	COMPLETE	vendor/linux/include/linux/sunrpc/gss_err.h;vendor/linux/include/linux/sunrpc/gss_err.h:121;rewrite/configs/aarch64/frozen.config;header_closure=rewrite/metadata/header_closure.tsv;selected=PENDING_REVIEW	425f94c2954b1fe80ebdbf9b29854e89750355df	49b63777d13278b575b2eacd911d6e986f060ea4d22d1e64be39b27f0f5fce9c	816c34c0c60da91f2257f703ba593c10b89b42256ed59504a47f277fe58cea41	0123af9e96b58af4e98b91a2de5608d36b63c67864b9041d3340587f3dbe40d2	cfa8dcf0d81c408de38d4202fe1ce9d9e5e301d1e67439c9530da94b1e64ee3f	7484d7b0dd80f45e18d726b04752827fe28555cc5c1af0e127948380e6688abf
semantic-proposal-v1	SC1-2942fcdb55f8cbd81ac6170b7419ee453f65d1c34de66f49e6c3744d34dd9e33	S015088	2	P01	SYMBOLS.tsv	285070	selection_expression	aarch64	include/linux/sunrpc/gss_err.h	operative_macro	GSS_S_BAD_BINDINGS	122	PENDING_REVIEW	SOURCE_REVIEWED_VALUE	COMPLETE	vendor/linux/include/linux/sunrpc/gss_err.h;vendor/linux/include/linux/sunrpc/gss_err.h:122;rewrite/configs/aarch64/frozen.config;header_closure=rewrite/metadata/header_closure.tsv;selected=PENDING_REVIEW	425f94c2954b1fe80ebdbf9b29854e89750355df	49b63777d13278b575b2eacd911d6e986f060ea4d22d1e64be39b27f0f5fce9c	816c34c0c60da91f2257f703ba593c10b89b42256ed59504a47f277fe58cea41	0123af9e96b58af4e98b91a2de5608d36b63c67864b9041d3340587f3dbe40d2	cfa8dcf0d81c408de38d4202fe1ce9d9e5e301d1e67439c9530da94b1e64ee3f	7484d7b0dd80f45e18d726b04752827fe28555cc5c1af0e127948380e6688abf
semantic-proposal-v1	SC1-bf2f114f10197e23ce6177675d0bea40b682fe6ba42d72a98b42387d4d5d50ce	S015088	2	P01	SYMBOLS.tsv	285070	status	aarch64	include/linux/sunrpc/gss_err.h	operative_macro	GSS_S_BAD_BINDINGS	122	PENDING_REVIEW	COMPLETE	COMPLETE	vendor/linux/include/linux/sunrpc/gss_err.h;vendor/linux/include/linux/sunrpc/gss_err.h:122;rewrite/configs/aarch64/frozen.config;header_closure=rewrite/metadata/header_closure.tsv;selected=PENDING_REVIEW	425f94c2954b1fe80ebdbf9b29854e89750355df	49b63777d13278b575b2eacd911d6e986f060ea4d22d1e64be39b27f0f5fce9c	816c34c0c60da91f2257f703ba593c10b89b42256ed59504a47f277fe58cea41	0123af9e96b58af4e98b91a2de5608d36b63c67864b9041d3340587f3dbe40d2	cfa8dcf0d81c408de38d4202fe1ce9d9e5e301d1e67439c9530da94b1e64ee3f	7484d7b0dd80f45e18d726b04752827fe28555cc5c1af0e127948380e6688abf
semantic-proposal-v1	SC1-ee7a858893abab7a95f4e756571b1cf6ec4afe931b1ae820f8e0a3d732887952	S015088	2	P01	SYMBOLS.tsv	285071	selection_expression	aarch64	include/linux/sunrpc/gss_err.h	operative_macro	GSS_S_BAD_STATUS	123	PENDING_REVIEW	SOURCE_REVIEWED_VALUE	COMPLETE	vendor/linux/include/linux/sunrpc/gss_err.h;vendor/linux/include/linux/sunrpc/gss_err.h:123;rewrite/configs/aarch64/frozen.config;header_closure=rewrite/metadata/header_closure.tsv;selected=PENDING_REVIEW	425f94c2954b1fe80ebdbf9b29854e89750355df	49b63777d13278b575b2eacd911d6e986f060ea4d22d1e64be39b27f0f5fce9c	816c34c0c60da91f2257f703ba593c10b89b42256ed59504a47f277fe58cea41	0123af9e96b58af4e98b91a2de5608d36b63c67864b9041d3340587f3dbe40d2	cfa8dcf0d81c408de38d4202fe1ce9d9e5e301d1e67439c9530da94b1e64ee3f	7484d7b0dd80f45e18d726b04752827fe28555cc5c1af0e127948380e6688abf
semantic-proposal-v1	SC1-24c0cfe0110018873af118aa7548fb125144b86db73be0144baca41bfc5aa2bf	S015088	2	P01	SYMBOLS.tsv	285071	status	aarch64	include/linux/sunrpc/gss_err.h	operative_macro	GSS_S_BAD_STATUS	123	PENDING_REVIEW	COMPLETE	COMPLETE	vendor/linux/include/linux/sunrpc/gss_err.h;vendor/linux/include/linux/sunrpc/gss_err.h:123;rewrite/configs/aarch64/frozen.config;header_closure=rewrite/metadata/header_closure.tsv;selected=PENDING_REVIEW	425f94c2954b1fe80ebdbf9b29854e89750355df	49b63777d13278b575b2eacd911d6e986f060ea4d22d1e64be39b27f0f5fce9c	816c34c0c60da91f2257f703ba593c10b89b42256ed59504a47f277fe58cea41	0123af9e96b58af4e98b91a2de5608d36b63c67864b9041d3340587f3dbe40d2	cfa8dcf0d81c408de38d4202fe1ce9d9e5e301d1e67439c9530da94b1e64ee3f	7484d7b0dd80f45e18d726b04752827fe28555cc5c1af0e127948380e6688abf
semantic-proposal-v1	SC1-cca99408a0f9da6967da3235772a021474034fe32055720df334033ca72c7e92	S015088	2	P01	SYMBOLS.tsv	285072	selection_expression	aarch64	include/linux/sunrpc/gss_err.h	operative_macro	GSS_S_BAD_SIG	124	PENDING_REVIEW	SOURCE_REVIEWED_VALUE	COMPLETE	vendor/linux/include/linux/sunrpc/gss_err.h;vendor/linux/include/linux/sunrpc/gss_err.h:124;rewrite/configs/aarch64/frozen.config;header_closure=rewrite/metadata/header_closure.tsv;selected=PENDING_REVIEW	425f94c2954b1fe80ebdbf9b29854e89750355df	49b63777d13278b575b2eacd911d6e986f060ea4d22d1e64be39b27f0f5fce9c	816c34c0c60da91f2257f703ba593c10b89b42256ed59504a47f277fe58cea41	0123af9e96b58af4e98b91a2de5608d36b63c67864b9041d3340587f3dbe40d2	cfa8dcf0d81c408de38d4202fe1ce9d9e5e301d1e67439c9530da94b1e64ee3f	7484d7b0dd80f45e18d726b04752827fe28555cc5c1af0e127948380e6688abf
semantic-proposal-v1	SC1-28b012099523b150bb70b1d6d8d38e451aa77603c8aff64d435ddca3b70bfb85	S015088	2	P01	SYMBOLS.tsv	285072	status	aarch64	include/linux/sunrpc/gss_err.h	operative_macro	GSS_S_BAD_SIG	124	PENDING_REVIEW	COMPLETE	COMPLETE	vendor/linux/include/linux/sunrpc/gss_err.h;vendor/linux/include/linux/sunrpc/gss_err.h:124;rewrite/configs/aarch64/frozen.config;header_closure=rewrite/metadata/header_closure.tsv;selected=PENDING_REVIEW	425f94c2954b1fe80ebdbf9b29854e89750355df	49b63777d13278b575b2eacd911d6e986f060ea4d22d1e64be39b27f0f5fce9c	816c34c0c60da91f2257f703ba593c10b89b42256ed59504a47f277fe58cea41	0123af9e96b58af4e98b91a2de5608d36b63c67864b9041d3340587f3dbe40d2	cfa8dcf0d81c408de38d4202fe1ce9d9e5e301d1e67439c9530da94b1e64ee3f	7484d7b0dd80f45e18d726b04752827fe28555cc5c1af0e127948380e6688abf
semantic-proposal-v1	SC1-8cac2df05d78fee5b6fb3cf8aca9703d7897bfa8efaf032acf6ee09df9e7ffb5	S015088	2	P01	SYMBOLS.tsv	285073	selection_expression	aarch64	include/linux/sunrpc/gss_err.h	operative_macro	GSS_S_NO_CRED	125	PENDING_REVIEW	SOURCE_REVIEWED_VALUE	COMPLETE	vendor/linux/include/linux/sunrpc/gss_err.h;vendor/linux/include/linux/sunrpc/gss_err.h:125;rewrite/configs/aarch64/frozen.config;header_closure=rewrite/metadata/header_closure.tsv;selected=PENDING_REVIEW	425f94c2954b1fe80ebdbf9b29854e89750355df	49b63777d13278b575b2eacd911d6e986f060ea4d22d1e64be39b27f0f5fce9c	816c34c0c60da91f2257f703ba593c10b89b42256ed59504a47f277fe58cea41	0123af9e96b58af4e98b91a2de5608d36b63c67864b9041d3340587f3dbe40d2	cfa8dcf0d81c408de38d4202fe1ce9d9e5e301d1e67439c9530da94b1e64ee3f	7484d7b0dd80f45e18d726b04752827fe28555cc5c1af0e127948380e6688abf
semantic-proposal-v1	SC1-35c018d70f0d60dc1dd6f48c6e7871aa74475e8613f52c1328f715cff35ff0da	S015088	2	P01	SYMBOLS.tsv	285073	status	aarch64	include/linux/sunrpc/gss_err.h	operative_macro	GSS_S_NO_CRED	125	PENDING_REVIEW	COMPLETE	COMPLETE	vendor/linux/include/linux/sunrpc/gss_err.h;vendor/linux/include/linux/sunrpc/gss_err.h:125;rewrite/configs/aarch64/frozen.config;header_closure=rewrite/metadata/header_closure.tsv;selected=PENDING_REVIEW	425f94c2954b1fe80ebdbf9b29854e89750355df	49b63777d13278b575b2eacd911d6e986f060ea4d22d1e64be39b27f0f5fce9c	816c34c0c60da91f2257f703ba593c10b89b42256ed59504a47f277fe58cea41	0123af9e96b58af4e98b91a2de5608d36b63c67864b9041d3340587f3dbe40d2	cfa8dcf0d81c408de38d4202fe1ce9d9e5e301d1e67439c9530da94b1e64ee3f	7484d7b0dd80f45e18d726b04752827fe28555cc5c1af0e127948380e6688abf
semantic-proposal-v1	SC1-fbc0624938577f75669f69985e464384d57e594420e7620d0cb1071b9eb2e147	S015088	2	P01	SYMBOLS.tsv	285074	selection_expression	aarch64	include/linux/sunrpc/gss_err.h	operative_macro	GSS_S_NO_CONTEXT	126	PENDING_REVIEW	SOURCE_REVIEWED_VALUE	COMPLETE	vendor/linux/include/linux/sunrpc/gss_err.h;vendor/linux/include/linux/sunrpc/gss_err.h:126;rewrite/configs/aarch64/frozen.config;header_closure=rewrite/metadata/header_closure.tsv;selected=PENDING_REVIEW	425f94c2954b1fe80ebdbf9b29854e89750355df	49b63777d13278b575b2eacd911d6e986f060ea4d22d1e64be39b27f0f5fce9c	816c34c0c60da91f2257f703ba593c10b89b42256ed59504a47f277fe58cea41	0123af9e96b58af4e98b91a2de5608d36b63c67864b9041d3340587f3dbe40d2	cfa8dcf0d81c408de38d4202fe1ce9d9e5e301d1e67439c9530da94b1e64ee3f	7484d7b0dd80f45e18d726b04752827fe28555cc5c1af0e127948380e6688abf
semantic-proposal-v1	SC1-6d7ad47c3319a975b4bb938b804cabf22f436c9339db19122f1b042cbf38c56a	S015088	2	P01	SYMBOLS.tsv	285074	status	aarch64	include/linux/sunrpc/gss_err.h	operative_macro	GSS_S_NO_CONTEXT	126	PENDING_REVIEW	COMPLETE	COMPLETE	vendor/linux/include/linux/sunrpc/gss_err.h;vendor/linux/include/linux/sunrpc/gss_err.h:126;rewrite/configs/aarch64/frozen.config;header_closure=rewrite/metadata/header_closure.tsv;selected=PENDING_REVIEW	425f94c2954b1fe80ebdbf9b29854e89750355df	49b63777d13278b575b2eacd911d6e986f060ea4d22d1e64be39b27f0f5fce9c	816c34c0c60da91f2257f703ba593c10b89b42256ed59504a47f277fe58cea41	0123af9e96b58af4e98b91a2de5608d36b63c67864b9041d3340587f3dbe40d2	cfa8dcf0d81c408de38d4202fe1ce9d9e5e301d1e67439c9530da94b1e64ee3f	7484d7b0dd80f45e18d726b04752827fe28555cc5c1af0e127948380e6688abf
semantic-proposal-v1	SC1-0c11fee3231cdecdf36475fd8fe1774d3a00ad6689955f344184806e2f9df338	S015088	2	P01	SYMBOLS.tsv	285075	selection_expression	aarch64	include/linux/sunrpc/gss_err.h	operative_macro	GSS_S_DEFECTIVE_TOKEN	127	PENDING_REVIEW	SOURCE_REVIEWED_VALUE	COMPLETE	vendor/linux/include/linux/sunrpc/gss_err.h;vendor/linux/include/linux/sunrpc/gss_err.h:127;rewrite/configs/aarch64/frozen.config;header_closure=rewrite/metadata/header_closure.tsv;selected=PENDING_REVIEW	425f94c2954b1fe80ebdbf9b29854e89750355df	49b63777d13278b575b2eacd911d6e986f060ea4d22d1e64be39b27f0f5fce9c	816c34c0c60da91f2257f703ba593c10b89b42256ed59504a47f277fe58cea41	0123af9e96b58af4e98b91a2de5608d36b63c67864b9041d3340587f3dbe40d2	cfa8dcf0d81c408de38d4202fe1ce9d9e5e301d1e67439c9530da94b1e64ee3f	7484d7b0dd80f45e18d726b04752827fe28555cc5c1af0e127948380e6688abf
semantic-proposal-v1	SC1-64cc256a9d52f946ad4e7b4bfde0e6f8340dfcc6af07ecee52e1a9986301396d	S015088	2	P01	SYMBOLS.tsv	285075	status	aarch64	include/linux/sunrpc/gss_err.h	operative_macro	GSS_S_DEFECTIVE_TOKEN	127	PENDING_REVIEW	COMPLETE	COMPLETE	vendor/linux/include/linux/sunrpc/gss_err.h;vendor/linux/include/linux/sunrpc/gss_err.h:127;rewrite/configs/aarch64/frozen.config;header_closure=rewrite/metadata/header_closure.tsv;selected=PENDING_REVIEW	425f94c2954b1fe80ebdbf9b29854e89750355df	49b63777d13278b575b2eacd911d6e986f060ea4d22d1e64be39b27f0f5fce9c	816c34c0c60da91f2257f703ba593c10b89b42256ed59504a47f277fe58cea41	0123af9e96b58af4e98b91a2de5608d36b63c67864b9041d3340587f3dbe40d2	cfa8dcf0d81c408de38d4202fe1ce9d9e5e301d1e67439c9530da94b1e64ee3f	7484d7b0dd80f45e18d726b04752827fe28555cc5c1af0e127948380e6688abf
semantic-proposal-v1	SC1-c611468517cf4848d348958daa86c204dda700de9b2d41d7c31f07fbccfc8911	S015088	2	P01	SYMBOLS.tsv	285076	selection_expression	aarch64	include/linux/sunrpc/gss_err.h	operative_macro	GSS_S_DEFECTIVE_CREDENTIAL	128	PENDING_REVIEW	SOURCE_REVIEWED_VALUE	COMPLETE	vendor/linux/include/linux/sunrpc/gss_err.h;vendor/linux/include/linux/sunrpc/gss_err.h:128;rewrite/configs/aarch64/frozen.config;header_closure=rewrite/metadata/header_closure.tsv;selected=PENDING_REVIEW	425f94c2954b1fe80ebdbf9b29854e89750355df	49b63777d13278b575b2eacd911d6e986f060ea4d22d1e64be39b27f0f5fce9c	816c34c0c60da91f2257f703ba593c10b89b42256ed59504a47f277fe58cea41	0123af9e96b58af4e98b91a2de5608d36b63c67864b9041d3340587f3dbe40d2	cfa8dcf0d81c408de38d4202fe1ce9d9e5e301d1e67439c9530da94b1e64ee3f	7484d7b0dd80f45e18d726b04752827fe28555cc5c1af0e127948380e6688abf
semantic-proposal-v1	SC1-1a5c7693d032f2cadc212384f31677c9c7e9e4b55b10a673a2c8ecc472fa232e	S015088	2	P01	SYMBOLS.tsv	285076	status	aarch64	include/linux/sunrpc/gss_err.h	operative_macro	GSS_S_DEFECTIVE_CREDENTIAL	128	PENDING_REVIEW	COMPLETE	COMPLETE	vendor/linux/include/linux/sunrpc/gss_err.h;vendor/linux/include/linux/sunrpc/gss_err.h:128;rewrite/configs/aarch64/frozen.config;header_closure=rewrite/metadata/header_closure.tsv;selected=PENDING_REVIEW	425f94c2954b1fe80ebdbf9b29854e89750355df	49b63777d13278b575b2eacd911d6e986f060ea4d22d1e64be39b27f0f5fce9c	816c34c0c60da91f2257f703ba593c10b89b42256ed59504a47f277fe58cea41	0123af9e96b58af4e98b91a2de5608d36b63c67864b9041d3340587f3dbe40d2	cfa8dcf0d81c408de38d4202fe1ce9d9e5e301d1e67439c9530da94b1e64ee3f	7484d7b0dd80f45e18d726b04752827fe28555cc5c1af0e127948380e6688abf
semantic-proposal-v1	SC1-b945a4174d6cecac3390318625dd6d07a31252c002bc9375a96d6d3414aabdc6	S015088	2	P01	SYMBOLS.tsv	285077	selection_expression	aarch64	include/linux/sunrpc/gss_err.h	operative_macro	GSS_S_CREDENTIALS_EXPIRED	130	PENDING_REVIEW	SOURCE_REVIEWED_VALUE	COMPLETE	vendor/linux/include/linux/sunrpc/gss_err.h;vendor/linux/include/linux/sunrpc/gss_err.h:130;rewrite/configs/aarch64/frozen.config;header_closure=rewrite/metadata/header_closure.tsv;selected=PENDING_REVIEW	425f94c2954b1fe80ebdbf9b29854e89750355df	49b63777d13278b575b2eacd911d6e986f060ea4d22d1e64be39b27f0f5fce9c	816c34c0c60da91f2257f703ba593c10b89b42256ed59504a47f277fe58cea41	0123af9e96b58af4e98b91a2de5608d36b63c67864b9041d3340587f3dbe40d2	cfa8dcf0d81c408de38d4202fe1ce9d9e5e301d1e67439c9530da94b1e64ee3f	7484d7b0dd80f45e18d726b04752827fe28555cc5c1af0e127948380e6688abf
semantic-proposal-v1	SC1-0727e22fad7887154a9a529110bf5cd2411df1ba91bac3cea28f66277d917dbc	S015088	2	P01	SYMBOLS.tsv	285077	status	aarch64	include/linux/sunrpc/gss_err.h	operative_macro	GSS_S_CREDENTIALS_EXPIRED	130	PENDING_REVIEW	COMPLETE	COMPLETE	vendor/linux/include/linux/sunrpc/gss_err.h;vendor/linux/include/linux/sunrpc/gss_err.h:130;rewrite/configs/aarch64/frozen.config;header_closure=rewrite/metadata/header_closure.tsv;selected=PENDING_REVIEW	425f94c2954b1fe80ebdbf9b29854e89750355df	49b63777d13278b575b2eacd911d6e986f060ea4d22d1e64be39b27f0f5fce9c	816c34c0c60da91f2257f703ba593c10b89b42256ed59504a47f277fe58cea41	0123af9e96b58af4e98b91a2de5608d36b63c67864b9041d3340587f3dbe40d2	cfa8dcf0d81c408de38d4202fe1ce9d9e5e301d1e67439c9530da94b1e64ee3f	7484d7b0dd80f45e18d726b04752827fe28555cc5c1af0e127948380e6688abf
semantic-proposal-v1	SC1-f3d6bb7de78fb0e15e972ae5999f4ca78846f4473c123692eba802c2f2f6eb1a	S015088	2	P01	SYMBOLS.tsv	285078	selection_expression	aarch64	include/linux/sunrpc/gss_err.h	operative_macro	GSS_S_CONTEXT_EXPIRED	132	PENDING_REVIEW	SOURCE_REVIEWED_VALUE	COMPLETE	vendor/linux/include/linux/sunrpc/gss_err.h;vendor/linux/include/linux/sunrpc/gss_err.h:132;rewrite/configs/aarch64/frozen.config;header_closure=rewrite/metadata/header_closure.tsv;selected=PENDING_REVIEW	425f94c2954b1fe80ebdbf9b29854e89750355df	49b63777d13278b575b2eacd911d6e986f060ea4d22d1e64be39b27f0f5fce9c	816c34c0c60da91f2257f703ba593c10b89b42256ed59504a47f277fe58cea41	0123af9e96b58af4e98b91a2de5608d36b63c67864b9041d3340587f3dbe40d2	cfa8dcf0d81c408de38d4202fe1ce9d9e5e301d1e67439c9530da94b1e64ee3f	7484d7b0dd80f45e18d726b04752827fe28555cc5c1af0e127948380e6688abf
semantic-proposal-v1	SC1-f6bdeac1200d7e798e16286d69aba2147fb71ddb08c4b13bcbf6b8dd9e62c58a	S015088	2	P01	SYMBOLS.tsv	285078	status	aarch64	include/linux/sunrpc/gss_err.h	operative_macro	GSS_S_CONTEXT_EXPIRED	132	PENDING_REVIEW	COMPLETE	COMPLETE	vendor/linux/include/linux/sunrpc/gss_err.h;vendor/linux/include/linux/sunrpc/gss_err.h:132;rewrite/configs/aarch64/frozen.config;header_closure=rewrite/metadata/header_closure.tsv;selected=PENDING_REVIEW	425f94c2954b1fe80ebdbf9b29854e89750355df	49b63777d13278b575b2eacd911d6e986f060ea4d22d1e64be39b27f0f5fce9c	816c34c0c60da91f2257f703ba593c10b89b42256ed59504a47f277fe58cea41	0123af9e96b58af4e98b91a2de5608d36b63c67864b9041d3340587f3dbe40d2	cfa8dcf0d81c408de38d4202fe1ce9d9e5e301d1e67439c9530da94b1e64ee3f	7484d7b0dd80f45e18d726b04752827fe28555cc5c1af0e127948380e6688abf
semantic-proposal-v1	SC1-fb3f7f76c2e11345272d4bf3771260bd9f7fd38ee2c3e48cf71e5c9814f4ff56	S015088	2	P01	SYMBOLS.tsv	285079	selection_expression	aarch64	include/linux/sunrpc/gss_err.h	operative_macro	GSS_S_FAILURE	134	PENDING_REVIEW	SOURCE_REVIEWED_VALUE	COMPLETE	vendor/linux/include/linux/sunrpc/gss_err.h;vendor/linux/include/linux/sunrpc/gss_err.h:134;rewrite/configs/aarch64/frozen.config;header_closure=rewrite/metadata/header_closure.tsv;selected=PENDING_REVIEW	425f94c2954b1fe80ebdbf9b29854e89750355df	49b63777d13278b575b2eacd911d6e986f060ea4d22d1e64be39b27f0f5fce9c	816c34c0c60da91f2257f703ba593c10b89b42256ed59504a47f277fe58cea41	0123af9e96b58af4e98b91a2de5608d36b63c67864b9041d3340587f3dbe40d2	cfa8dcf0d81c408de38d4202fe1ce9d9e5e301d1e67439c9530da94b1e64ee3f	7484d7b0dd80f45e18d726b04752827fe28555cc5c1af0e127948380e6688abf
semantic-proposal-v1	SC1-540d7f57865b0b2e620e9dbae8e9787a3437dd67d678d22c0247c90a38577e7f	S015088	2	P01	SYMBOLS.tsv	285079	status	aarch64	include/linux/sunrpc/gss_err.h	operative_macro	GSS_S_FAILURE	134	PENDING_REVIEW	COMPLETE	COMPLETE	vendor/linux/include/linux/sunrpc/gss_err.h;vendor/linux/include/linux/sunrpc/gss_err.h:134;rewrite/configs/aarch64/frozen.config;header_closure=rewrite/metadata/header_closure.tsv;selected=PENDING_REVIEW	425f94c2954b1fe80ebdbf9b29854e89750355df	49b63777d13278b575b2eacd911d6e986f060ea4d22d1e64be39b27f0f5fce9c	816c34c0c60da91f2257f703ba593c10b89b42256ed59504a47f277fe58cea41	0123af9e96b58af4e98b91a2de5608d36b63c67864b9041d3340587f3dbe40d2	cfa8dcf0d81c408de38d4202fe1ce9d9e5e301d1e67439c9530da94b1e64ee3f	7484d7b0dd80f45e18d726b04752827fe28555cc5c1af0e127948380e6688abf
semantic-proposal-v1	SC1-05093a5570852f7506937c56c3ffe1f7e65d4440cc197aaca3d441696cfba241	S015088	2	P01	SYMBOLS.tsv	285080	selection_expression	aarch64	include/linux/sunrpc/gss_err.h	operative_macro	GSS_S_BAD_QOP	135	PENDING_REVIEW	SOURCE_REVIEWED_VALUE	COMPLETE	vendor/linux/include/linux/sunrpc/gss_err.h;vendor/linux/include/linux/sunrpc/gss_err.h:135;rewrite/configs/aarch64/frozen.config;header_closure=rewrite/metadata/header_closure.tsv;selected=PENDING_REVIEW	425f94c2954b1fe80ebdbf9b29854e89750355df	49b63777d13278b575b2eacd911d6e986f060ea4d22d1e64be39b27f0f5fce9c	816c34c0c60da91f2257f703ba593c10b89b42256ed59504a47f277fe58cea41	0123af9e96b58af4e98b91a2de5608d36b63c67864b9041d3340587f3dbe40d2	cfa8dcf0d81c408de38d4202fe1ce9d9e5e301d1e67439c9530da94b1e64ee3f	7484d7b0dd80f45e18d726b04752827fe28555cc5c1af0e127948380e6688abf
semantic-proposal-v1	SC1-9ef68f7d20e7b77895949dc04a4dc8b591f3f3e7775729df404aa24557ef6381	S015088	2	P01	SYMBOLS.tsv	285080	status	aarch64	include/linux/sunrpc/gss_err.h	operative_macro	GSS_S_BAD_QOP	135	PENDING_REVIEW	COMPLETE	COMPLETE	vendor/linux/include/linux/sunrpc/gss_err.h;vendor/linux/include/linux/sunrpc/gss_err.h:135;rewrite/configs/aarch64/frozen.config;header_closure=rewrite/metadata/header_closure.tsv;selected=PENDING_REVIEW	425f94c2954b1fe80ebdbf9b29854e89750355df	49b63777d13278b575b2eacd911d6e986f060ea4d22d1e64be39b27f0f5fce9c	816c34c0c60da91f2257f703ba593c10b89b42256ed59504a47f277fe58cea41	0123af9e96b58af4e98b91a2de5608d36b63c67864b9041d3340587f3dbe40d2	cfa8dcf0d81c408de38d4202fe1ce9d9e5e301d1e67439c9530da94b1e64ee3f	7484d7b0dd80f45e18d726b04752827fe28555cc5c1af0e127948380e6688abf
semantic-proposal-v1	SC1-e4142d33d1957cc366b5a533eedde41ec474689690f82fe5760dd1de8edfd1c4	S015088	2	P01	SYMBOLS.tsv	285081	selection_expression	aarch64	include/linux/sunrpc/gss_err.h	operative_macro	GSS_S_UNAUTHORIZED	136	PENDING_REVIEW	SOURCE_REVIEWED_VALUE	COMPLETE	vendor/linux/include/linux/sunrpc/gss_err.h;vendor/linux/include/linux/sunrpc/gss_err.h:136;rewrite/configs/aarch64/frozen.config;header_closure=rewrite/metadata/header_closure.tsv;selected=PENDING_REVIEW	425f94c2954b1fe80ebdbf9b29854e89750355df	49b63777d13278b575b2eacd911d6e986f060ea4d22d1e64be39b27f0f5fce9c	816c34c0c60da91f2257f703ba593c10b89b42256ed59504a47f277fe58cea41	0123af9e96b58af4e98b91a2de5608d36b63c67864b9041d3340587f3dbe40d2	cfa8dcf0d81c408de38d4202fe1ce9d9e5e301d1e67439c9530da94b1e64ee3f	7484d7b0dd80f45e18d726b04752827fe28555cc5c1af0e127948380e6688abf
semantic-proposal-v1	SC1-b44bbd4f34acc841ba3058cee9d37cbc441bafac11fd4320b2c2eec65b515742	S015088	2	P01	SYMBOLS.tsv	285081	status	aarch64	include/linux/sunrpc/gss_err.h	operative_macro	GSS_S_UNAUTHORIZED	136	PENDING_REVIEW	COMPLETE	COMPLETE	vendor/linux/include/linux/sunrpc/gss_err.h;vendor/linux/include/linux/sunrpc/gss_err.h:136;rewrite/configs/aarch64/frozen.config;header_closure=rewrite/metadata/header_closure.tsv;selected=PENDING_REVIEW	425f94c2954b1fe80ebdbf9b29854e89750355df	49b63777d13278b575b2eacd911d6e986f060ea4d22d1e64be39b27f0f5fce9c	816c34c0c60da91f2257f703ba593c10b89b42256ed59504a47f277fe58cea41	0123af9e96b58af4e98b91a2de5608d36b63c67864b9041d3340587f3dbe40d2	cfa8dcf0d81c408de38d4202fe1ce9d9e5e301d1e67439c9530da94b1e64ee3f	7484d7b0dd80f45e18d726b04752827fe28555cc5c1af0e127948380e6688abf
semantic-proposal-v1	SC1-47e41fb47c9c1e0102b6030cb555344d2c437a787ff28cc33e0219529f8dc1a6	S015088	2	P01	SYMBOLS.tsv	285082	selection_expression	aarch64	include/linux/sunrpc/gss_err.h	operative_macro	GSS_S_UNAVAILABLE	137	PENDING_REVIEW	SOURCE_REVIEWED_VALUE	COMPLETE	vendor/linux/include/linux/sunrpc/gss_err.h;vendor/linux/include/linux/sunrpc/gss_err.h:137;rewrite/configs/aarch64/frozen.config;header_closure=rewrite/metadata/header_closure.tsv;selected=PENDING_REVIEW	425f94c2954b1fe80ebdbf9b29854e89750355df	49b63777d13278b575b2eacd911d6e986f060ea4d22d1e64be39b27f0f5fce9c	816c34c0c60da91f2257f703ba593c10b89b42256ed59504a47f277fe58cea41	0123af9e96b58af4e98b91a2de5608d36b63c67864b9041d3340587f3dbe40d2	cfa8dcf0d81c408de38d4202fe1ce9d9e5e301d1e67439c9530da94b1e64ee3f	7484d7b0dd80f45e18d726b04752827fe28555cc5c1af0e127948380e6688abf
semantic-proposal-v1	SC1-fa108b877544d5a6c8c79d3ddbe91a95e33bbe6b448392b17d0aa936e4b01051	S015088	2	P01	SYMBOLS.tsv	285082	status	aarch64	include/linux/sunrpc/gss_err.h	operative_macro	GSS_S_UNAVAILABLE	137	PENDING_REVIEW	COMPLETE	COMPLETE	vendor/linux/include/linux/sunrpc/gss_err.h;vendor/linux/include/linux/sunrpc/gss_err.h:137;rewrite/configs/aarch64/frozen.config;header_closure=rewrite/metadata/header_closure.tsv;selected=PENDING_REVIEW	425f94c2954b1fe80ebdbf9b29854e89750355df	49b63777d13278b575b2eacd911d6e986f060ea4d22d1e64be39b27f0f5fce9c	816c34c0c60da91f2257f703ba593c10b89b42256ed59504a47f277fe58cea41	0123af9e96b58af4e98b91a2de5608d36b63c67864b9041d3340587f3dbe40d2	cfa8dcf0d81c408de38d4202fe1ce9d9e5e301d1e67439c9530da94b1e64ee3f	7484d7b0dd80f45e18d726b04752827fe28555cc5c1af0e127948380e6688abf
semantic-proposal-v1	SC1-cda6b2090cbf526b0920aa3c61778b28e3aee7a3004e0f484c093cd249cdf138	S015088	2	P01	SYMBOLS.tsv	285083	selection_expression	aarch64	include/linux/sunrpc/gss_err.h	operative_macro	GSS_S_DUPLICATE_ELEMENT	138	PENDING_REVIEW	SOURCE_REVIEWED_VALUE	COMPLETE	vendor/linux/include/linux/sunrpc/gss_err.h;vendor/linux/include/linux/sunrpc/gss_err.h:138;rewrite/configs/aarch64/frozen.config;header_closure=rewrite/metadata/header_closure.tsv;selected=PENDING_REVIEW	425f94c2954b1fe80ebdbf9b29854e89750355df	49b63777d13278b575b2eacd911d6e986f060ea4d22d1e64be39b27f0f5fce9c	816c34c0c60da91f2257f703ba593c10b89b42256ed59504a47f277fe58cea41	0123af9e96b58af4e98b91a2de5608d36b63c67864b9041d3340587f3dbe40d2	cfa8dcf0d81c408de38d4202fe1ce9d9e5e301d1e67439c9530da94b1e64ee3f	7484d7b0dd80f45e18d726b04752827fe28555cc5c1af0e127948380e6688abf
semantic-proposal-v1	SC1-fc635f8ac3bbf50ffebd8e85a64c659c5004439f9fce6d85729a95254954fbd9	S015088	2	P01	SYMBOLS.tsv	285083	status	aarch64	include/linux/sunrpc/gss_err.h	operative_macro	GSS_S_DUPLICATE_ELEMENT	138	PENDING_REVIEW	COMPLETE	COMPLETE	vendor/linux/include/linux/sunrpc/gss_err.h;vendor/linux/include/linux/sunrpc/gss_err.h:138;rewrite/configs/aarch64/frozen.config;header_closure=rewrite/metadata/header_closure.tsv;selected=PENDING_REVIEW	425f94c2954b1fe80ebdbf9b29854e89750355df	49b63777d13278b575b2eacd911d6e986f060ea4d22d1e64be39b27f0f5fce9c	816c34c0c60da91f2257f703ba593c10b89b42256ed59504a47f277fe58cea41	0123af9e96b58af4e98b91a2de5608d36b63c67864b9041d3340587f3dbe40d2	cfa8dcf0d81c408de38d4202fe1ce9d9e5e301d1e67439c9530da94b1e64ee3f	7484d7b0dd80f45e18d726b04752827fe28555cc5c1af0e127948380e6688abf
semantic-proposal-v1	SC1-e60ed6094eb76044f06f2afd1c21b899925d7b22113ad7003fb8de650169af32	S015088	2	P01	SYMBOLS.tsv	285084	selection_expression	aarch64	include/linux/sunrpc/gss_err.h	operative_macro	GSS_S_NAME_NOT_MN	140	PENDING_REVIEW	SOURCE_REVIEWED_VALUE	COMPLETE	vendor/linux/include/linux/sunrpc/gss_err.h;vendor/linux/include/linux/sunrpc/gss_err.h:140;rewrite/configs/aarch64/frozen.config;header_closure=rewrite/metadata/header_closure.tsv;selected=PENDING_REVIEW	425f94c2954b1fe80ebdbf9b29854e89750355df	49b63777d13278b575b2eacd911d6e986f060ea4d22d1e64be39b27f0f5fce9c	816c34c0c60da91f2257f703ba593c10b89b42256ed59504a47f277fe58cea41	0123af9e96b58af4e98b91a2de5608d36b63c67864b9041d3340587f3dbe40d2	cfa8dcf0d81c408de38d4202fe1ce9d9e5e301d1e67439c9530da94b1e64ee3f	7484d7b0dd80f45e18d726b04752827fe28555cc5c1af0e127948380e6688abf
semantic-proposal-v1	SC1-56970022e0c736e4e0aafb9538a9372e361bf38b2a6478bafc955ec6061ad228	S015088	2	P01	SYMBOLS.tsv	285084	status	aarch64	include/linux/sunrpc/gss_err.h	operative_macro	GSS_S_NAME_NOT_MN	140	PENDING_REVIEW	COMPLETE	COMPLETE	vendor/linux/include/linux/sunrpc/gss_err.h;vendor/linux/include/linux/sunrpc/gss_err.h:140;rewrite/configs/aarch64/frozen.config;header_closure=rewrite/metadata/header_closure.tsv;selected=PENDING_REVIEW	425f94c2954b1fe80ebdbf9b29854e89750355df	49b63777d13278b575b2eacd911d6e986f060ea4d22d1e64be39b27f0f5fce9c	816c34c0c60da91f2257f703ba593c10b89b42256ed59504a47f277fe58cea41	0123af9e96b58af4e98b91a2de5608d36b63c67864b9041d3340587f3dbe40d2	cfa8dcf0d81c408de38d4202fe1ce9d9e5e301d1e67439c9530da94b1e64ee3f	7484d7b0dd80f45e18d726b04752827fe28555cc5c1af0e127948380e6688abf
semantic-proposal-v1	SC1-19b409984029d16392f06d9119eb949f995c46c1aa05bb9ccb5528d99774f01f	S015088	2	P01	SYMBOLS.tsv	285085	selection_expression	aarch64	include/linux/sunrpc/gss_err.h	operative_macro	GSS_S_CONTINUE_NEEDED	146	PENDING_REVIEW	SOURCE_REVIEWED_VALUE	COMPLETE	vendor/linux/include/linux/sunrpc/gss_err.h;vendor/linux/include/linux/sunrpc/gss_err.h:146;rewrite/configs/aarch64/frozen.config;header_closure=rewrite/metadata/header_closure.tsv;selected=PENDING_REVIEW	425f94c2954b1fe80ebdbf9b29854e89750355df	49b63777d13278b575b2eacd911d6e986f060ea4d22d1e64be39b27f0f5fce9c	816c34c0c60da91f2257f703ba593c10b89b42256ed59504a47f277fe58cea41	0123af9e96b58af4e98b91a2de5608d36b63c67864b9041d3340587f3dbe40d2	cfa8dcf0d81c408de38d4202fe1ce9d9e5e301d1e67439c9530da94b1e64ee3f	7484d7b0dd80f45e18d726b04752827fe28555cc5c1af0e127948380e6688abf
semantic-proposal-v1	SC1-15dec688d10dc7c82a64277b4eae0d4ee2bc8d5c6ecef7b1da79abd0e9f99598	S015088	2	P01	SYMBOLS.tsv	285085	status	aarch64	include/linux/sunrpc/gss_err.h	operative_macro	GSS_S_CONTINUE_NEEDED	146	PENDING_REVIEW	COMPLETE	COMPLETE	vendor/linux/include/linux/sunrpc/gss_err.h;vendor/linux/include/linux/sunrpc/gss_err.h:146;rewrite/configs/aarch64/frozen.config;header_closure=rewrite/metadata/header_closure.tsv;selected=PENDING_REVIEW	425f94c2954b1fe80ebdbf9b29854e89750355df	49b63777d13278b575b2eacd911d6e986f060ea4d22d1e64be39b27f0f5fce9c	816c34c0c60da91f2257f703ba593c10b89b42256ed59504a47f277fe58cea41	0123af9e96b58af4e98b91a2de5608d36b63c67864b9041d3340587f3dbe40d2	cfa8dcf0d81c408de38d4202fe1ce9d9e5e301d1e67439c9530da94b1e64ee3f	7484d7b0dd80f45e18d726b04752827fe28555cc5c1af0e127948380e6688abf
semantic-proposal-v1	SC1-126e6919db74956d86430825671078a29c15cf33029db08b4fcc44b085685e9a	S015088	2	P01	SYMBOLS.tsv	285086	selection_expression	aarch64	include/linux/sunrpc/gss_err.h	operative_macro	GSS_S_DUPLICATE_TOKEN	147	PENDING_REVIEW	SOURCE_REVIEWED_VALUE	COMPLETE	vendor/linux/include/linux/sunrpc/gss_err.h;vendor/linux/include/linux/sunrpc/gss_err.h:147;rewrite/configs/aarch64/frozen.config;header_closure=rewrite/metadata/header_closure.tsv;selected=PENDING_REVIEW	425f94c2954b1fe80ebdbf9b29854e89750355df	49b63777d13278b575b2eacd911d6e986f060ea4d22d1e64be39b27f0f5fce9c	816c34c0c60da91f2257f703ba593c10b89b42256ed59504a47f277fe58cea41	0123af9e96b58af4e98b91a2de5608d36b63c67864b9041d3340587f3dbe40d2	cfa8dcf0d81c408de38d4202fe1ce9d9e5e301d1e67439c9530da94b1e64ee3f	7484d7b0dd80f45e18d726b04752827fe28555cc5c1af0e127948380e6688abf
semantic-proposal-v1	SC1-fbb3389a47312b284a3d6303e898154091b5e6b577430bc5ce2e80b3a2d1f2d2	S015088	2	P01	SYMBOLS.tsv	285086	status	aarch64	include/linux/sunrpc/gss_err.h	operative_macro	GSS_S_DUPLICATE_TOKEN	147	PENDING_REVIEW	COMPLETE	COMPLETE	vendor/linux/include/linux/sunrpc/gss_err.h;vendor/linux/include/linux/sunrpc/gss_err.h:147;rewrite/configs/aarch64/frozen.config;header_closure=rewrite/metadata/header_closure.tsv;selected=PENDING_REVIEW	425f94c2954b1fe80ebdbf9b29854e89750355df	49b63777d13278b575b2eacd911d6e986f060ea4d22d1e64be39b27f0f5fce9c	816c34c0c60da91f2257f703ba593c10b89b42256ed59504a47f277fe58cea41	0123af9e96b58af4e98b91a2de5608d36b63c67864b9041d3340587f3dbe40d2	cfa8dcf0d81c408de38d4202fe1ce9d9e5e301d1e67439c9530da94b1e64ee3f	7484d7b0dd80f45e18d726b04752827fe28555cc5c1af0e127948380e6688abf
semantic-proposal-v1	SC1-3b9f6c618dee4a6185608754f3abcbae87c338ebe9e80d6491d1a3b547b707fb	S015088	2	P01	SYMBOLS.tsv	285087	selection_expression	aarch64	include/linux/sunrpc/gss_err.h	operative_macro	GSS_S_OLD_TOKEN	148	PENDING_REVIEW	SOURCE_REVIEWED_VALUE	COMPLETE	vendor/linux/include/linux/sunrpc/gss_err.h;vendor/linux/include/linux/sunrpc/gss_err.h:148;rewrite/configs/aarch64/frozen.config;header_closure=rewrite/metadata/header_closure.tsv;selected=PENDING_REVIEW	425f94c2954b1fe80ebdbf9b29854e89750355df	49b63777d13278b575b2eacd911d6e986f060ea4d22d1e64be39b27f0f5fce9c	816c34c0c60da91f2257f703ba593c10b89b42256ed59504a47f277fe58cea41	0123af9e96b58af4e98b91a2de5608d36b63c67864b9041d3340587f3dbe40d2	cfa8dcf0d81c408de38d4202fe1ce9d9e5e301d1e67439c9530da94b1e64ee3f	7484d7b0dd80f45e18d726b04752827fe28555cc5c1af0e127948380e6688abf
semantic-proposal-v1	SC1-013710292938a8b79f7a2e66268485ade5fa56819e52f283762592bc30439eb7	S015088	2	P01	SYMBOLS.tsv	285087	status	aarch64	include/linux/sunrpc/gss_err.h	operative_macro	GSS_S_OLD_TOKEN	148	PENDING_REVIEW	COMPLETE	COMPLETE	vendor/linux/include/linux/sunrpc/gss_err.h;vendor/linux/include/linux/sunrpc/gss_err.h:148;rewrite/configs/aarch64/frozen.config;header_closure=rewrite/metadata/header_closure.tsv;selected=PENDING_REVIEW	425f94c2954b1fe80ebdbf9b29854e89750355df	49b63777d13278b575b2eacd911d6e986f060ea4d22d1e64be39b27f0f5fce9c	816c34c0c60da91f2257f703ba593c10b89b42256ed59504a47f277fe58cea41	0123af9e96b58af4e98b91a2de5608d36b63c67864b9041d3340587f3dbe40d2	cfa8dcf0d81c408de38d4202fe1ce9d9e5e301d1e67439c9530da94b1e64ee3f	7484d7b0dd80f45e18d726b04752827fe28555cc5c1af0e127948380e6688abf
semantic-proposal-v1	SC1-bf391ba1823469cc6b9e08d699e9c7e9db6a3fc3514aa815b312278aeb82ba72	S015088	2	P01	SYMBOLS.tsv	285088	selection_expression	aarch64	include/linux/sunrpc/gss_err.h	operative_macro	GSS_S_UNSEQ_TOKEN	149	PENDING_REVIEW	SOURCE_REVIEWED_VALUE	COMPLETE	vendor/linux/include/linux/sunrpc/gss_err.h;vendor/linux/include/linux/sunrpc/gss_err.h:149;rewrite/configs/aarch64/frozen.config;header_closure=rewrite/metadata/header_closure.tsv;selected=PENDING_REVIEW	425f94c2954b1fe80ebdbf9b29854e89750355df	49b63777d13278b575b2eacd911d6e986f060ea4d22d1e64be39b27f0f5fce9c	816c34c0c60da91f2257f703ba593c10b89b42256ed59504a47f277fe58cea41	0123af9e96b58af4e98b91a2de5608d36b63c67864b9041d3340587f3dbe40d2	cfa8dcf0d81c408de38d4202fe1ce9d9e5e301d1e67439c9530da94b1e64ee3f	7484d7b0dd80f45e18d726b04752827fe28555cc5c1af0e127948380e6688abf
semantic-proposal-v1	SC1-4bbe066fdb6dc84557d32ceca39b88b75ff5bde798b7728347d1bc15d7fa96e7	S015088	2	P01	SYMBOLS.tsv	285088	status	aarch64	include/linux/sunrpc/gss_err.h	operative_macro	GSS_S_UNSEQ_TOKEN	149	PENDING_REVIEW	COMPLETE	COMPLETE	vendor/linux/include/linux/sunrpc/gss_err.h;vendor/linux/include/linux/sunrpc/gss_err.h:149;rewrite/configs/aarch64/frozen.config;header_closure=rewrite/metadata/header_closure.tsv;selected=PENDING_REVIEW	425f94c2954b1fe80ebdbf9b29854e89750355df	49b63777d13278b575b2eacd911d6e986f060ea4d22d1e64be39b27f0f5fce9c	816c34c0c60da91f2257f703ba593c10b89b42256ed59504a47f277fe58cea41	0123af9e96b58af4e98b91a2de5608d36b63c67864b9041d3340587f3dbe40d2	cfa8dcf0d81c408de38d4202fe1ce9d9e5e301d1e67439c9530da94b1e64ee3f	7484d7b0dd80f45e18d726b04752827fe28555cc5c1af0e127948380e6688abf
semantic-proposal-v1	SC1-9fa80c382c5d7bbcb0293eccf7140a4ef74882d588586f44c47303c1417aa5f9	S015088	2	P01	SYMBOLS.tsv	285089	selection_expression	aarch64	include/linux/sunrpc/gss_err.h	operative_macro	GSS_S_GAP_TOKEN	150	PENDING_REVIEW	SOURCE_REVIEWED_VALUE	COMPLETE	vendor/linux/include/linux/sunrpc/gss_err.h;vendor/linux/include/linux/sunrpc/gss_err.h:150;rewrite/configs/aarch64/frozen.config;header_closure=rewrite/metadata/header_closure.tsv;selected=PENDING_REVIEW	425f94c2954b1fe80ebdbf9b29854e89750355df	49b63777d13278b575b2eacd911d6e986f060ea4d22d1e64be39b27f0f5fce9c	816c34c0c60da91f2257f703ba593c10b89b42256ed59504a47f277fe58cea41	0123af9e96b58af4e98b91a2de5608d36b63c67864b9041d3340587f3dbe40d2	cfa8dcf0d81c408de38d4202fe1ce9d9e5e301d1e67439c9530da94b1e64ee3f	7484d7b0dd80f45e18d726b04752827fe28555cc5c1af0e127948380e6688abf
semantic-proposal-v1	SC1-c75a6f063aaf3cabc90c91c82eb3c393be28c97866515966318122c3fdf20ccb	S015088	2	P01	SYMBOLS.tsv	285089	status	aarch64	include/linux/sunrpc/gss_err.h	operative_macro	GSS_S_GAP_TOKEN	150	PENDING_REVIEW	COMPLETE	COMPLETE	vendor/linux/include/linux/sunrpc/gss_err.h;vendor/linux/include/linux/sunrpc/gss_err.h:150;rewrite/configs/aarch64/frozen.config;header_closure=rewrite/metadata/header_closure.tsv;selected=PENDING_REVIEW	425f94c2954b1fe80ebdbf9b29854e89750355df	49b63777d13278b575b2eacd911d6e986f060ea4d22d1e64be39b27f0f5fce9c	816c34c0c60da91f2257f703ba593c10b89b42256ed59504a47f277fe58cea41	0123af9e96b58af4e98b91a2de5608d36b63c67864b9041d3340587f3dbe40d2	cfa8dcf0d81c408de38d4202fe1ce9d9e5e301d1e67439c9530da94b1e64ee3f	7484d7b0dd80f45e18d726b04752827fe28555cc5c1af0e127948380e6688abf
semantic-proposal-v1	SC1-17e316f3ae7331d16f01828095f0bfba5bac05679608b6a74462b55763488a50	S015088	2	P01	SYMBOLS.tsv	285090	selection_expression	aarch64	include/linux/sunrpc/gss_err.h	operative_macro	GSS_CALLING_ERROR_FIELD	154	PENDING_REVIEW	SOURCE_REVIEWED_VALUE	COMPLETE	vendor/linux/include/linux/sunrpc/gss_err.h;vendor/linux/include/linux/sunrpc/gss_err.h:154;rewrite/configs/aarch64/frozen.config;header_closure=rewrite/metadata/header_closure.tsv;selected=PENDING_REVIEW	425f94c2954b1fe80ebdbf9b29854e89750355df	49b63777d13278b575b2eacd911d6e986f060ea4d22d1e64be39b27f0f5fce9c	816c34c0c60da91f2257f703ba593c10b89b42256ed59504a47f277fe58cea41	0123af9e96b58af4e98b91a2de5608d36b63c67864b9041d3340587f3dbe40d2	cfa8dcf0d81c408de38d4202fe1ce9d9e5e301d1e67439c9530da94b1e64ee3f	7484d7b0dd80f45e18d726b04752827fe28555cc5c1af0e127948380e6688abf
semantic-proposal-v1	SC1-54796539607f5c368dbb35c143005610dee00098cd1d9357516495904afe0fa1	S015088	2	P01	SYMBOLS.tsv	285090	status	aarch64	include/linux/sunrpc/gss_err.h	operative_macro	GSS_CALLING_ERROR_FIELD	154	PENDING_REVIEW	COMPLETE	COMPLETE	vendor/linux/include/linux/sunrpc/gss_err.h;vendor/linux/include/linux/sunrpc/gss_err.h:154;rewrite/configs/aarch64/frozen.config;header_closure=rewrite/metadata/header_closure.tsv;selected=PENDING_REVIEW	425f94c2954b1fe80ebdbf9b29854e89750355df	49b63777d13278b575b2eacd911d6e986f060ea4d22d1e64be39b27f0f5fce9c	816c34c0c60da91f2257f703ba593c10b89b42256ed59504a47f277fe58cea41	0123af9e96b58af4e98b91a2de5608d36b63c67864b9041d3340587f3dbe40d2	cfa8dcf0d81c408de38d4202fe1ce9d9e5e301d1e67439c9530da94b1e64ee3f	7484d7b0dd80f45e18d726b04752827fe28555cc5c1af0e127948380e6688abf
semantic-proposal-v1	SC1-c8d1fcfa52392a5412832878dca5f91d4dd9c41842e3d1791971af5b7ddfee13	S015088	2	P01	SYMBOLS.tsv	285091	selection_expression	aarch64	include/linux/sunrpc/gss_err.h	operative_macro	GSS_ROUTINE_ERROR_FIELD	156	PENDING_REVIEW	SOURCE_REVIEWED_VALUE	COMPLETE	vendor/linux/include/linux/sunrpc/gss_err.h;vendor/linux/include/linux/sunrpc/gss_err.h:156;rewrite/configs/aarch64/frozen.config;header_closure=rewrite/metadata/header_closure.tsv;selected=PENDING_REVIEW	425f94c2954b1fe80ebdbf9b29854e89750355df	49b63777d13278b575b2eacd911d6e986f060ea4d22d1e64be39b27f0f5fce9c	816c34c0c60da91f2257f703ba593c10b89b42256ed59504a47f277fe58cea41	0123af9e96b58af4e98b91a2de5608d36b63c67864b9041d3340587f3dbe40d2	cfa8dcf0d81c408de38d4202fe1ce9d9e5e301d1e67439c9530da94b1e64ee3f	7484d7b0dd80f45e18d726b04752827fe28555cc5c1af0e127948380e6688abf
semantic-proposal-v1	SC1-5a329aa18aa1429b6df5ba3a968c425847212c75a9415654152e11e46a5d8789	S015088	2	P01	SYMBOLS.tsv	285091	status	aarch64	include/linux/sunrpc/gss_err.h	operative_macro	GSS_ROUTINE_ERROR_FIELD	156	PENDING_REVIEW	COMPLETE	COMPLETE	vendor/linux/include/linux/sunrpc/gss_err.h;vendor/linux/include/linux/sunrpc/gss_err.h:156;rewrite/configs/aarch64/frozen.config;header_closure=rewrite/metadata/header_closure.tsv;selected=PENDING_REVIEW	425f94c2954b1fe80ebdbf9b29854e89750355df	49b63777d13278b575b2eacd911d6e986f060ea4d22d1e64be39b27f0f5fce9c	816c34c0c60da91f2257f703ba593c10b89b42256ed59504a47f277fe58cea41	0123af9e96b58af4e98b91a2de5608d36b63c67864b9041d3340587f3dbe40d2	cfa8dcf0d81c408de38d4202fe1ce9d9e5e301d1e67439c9530da94b1e64ee3f	7484d7b0dd80f45e18d726b04752827fe28555cc5c1af0e127948380e6688abf
semantic-proposal-v1	SC1-aa75093fcbc88996b5b0b75deb452753b8a77b6c45c1cf416fb702a55ab0f289	S015088	2	P01	SYMBOLS.tsv	285092	selection_expression	aarch64	include/linux/sunrpc/gss_err.h	operative_macro	GSS_SUPPLEMENTARY_INFO_FIELD	158	PENDING_REVIEW	SOURCE_REVIEWED_VALUE	COMPLETE	vendor/linux/include/linux/sunrpc/gss_err.h;vendor/linux/include/linux/sunrpc/gss_err.h:158;rewrite/configs/aarch64/frozen.config;header_closure=rewrite/metadata/header_closure.tsv;selected=PENDING_REVIEW	425f94c2954b1fe80ebdbf9b29854e89750355df	49b63777d13278b575b2eacd911d6e986f060ea4d22d1e64be39b27f0f5fce9c	816c34c0c60da91f2257f703ba593c10b89b42256ed59504a47f277fe58cea41	0123af9e96b58af4e98b91a2de5608d36b63c67864b9041d3340587f3dbe40d2	cfa8dcf0d81c408de38d4202fe1ce9d9e5e301d1e67439c9530da94b1e64ee3f	7484d7b0dd80f45e18d726b04752827fe28555cc5c1af0e127948380e6688abf
semantic-proposal-v1	SC1-f8bad0c6371c77549aa3baab6d3c0eb72c4b3255b1c4f438dbdf3f0b92118de2	S015088	2	P01	SYMBOLS.tsv	285092	status	aarch64	include/linux/sunrpc/gss_err.h	operative_macro	GSS_SUPPLEMENTARY_INFO_FIELD	158	PENDING_REVIEW	COMPLETE	COMPLETE	vendor/linux/include/linux/sunrpc/gss_err.h;vendor/linux/include/linux/sunrpc/gss_err.h:158;rewrite/configs/aarch64/frozen.config;header_closure=rewrite/metadata/header_closure.tsv;selected=PENDING_REVIEW	425f94c2954b1fe80ebdbf9b29854e89750355df	49b63777d13278b575b2eacd911d6e986f060ea4d22d1e64be39b27f0f5fce9c	816c34c0c60da91f2257f703ba593c10b89b42256ed59504a47f277fe58cea41	0123af9e96b58af4e98b91a2de5608d36b63c67864b9041d3340587f3dbe40d2	cfa8dcf0d81c408de38d4202fe1ce9d9e5e301d1e67439c9530da94b1e64ee3f	7484d7b0dd80f45e18d726b04752827fe28555cc5c1af0e127948380e6688abf
semantic-proposal-v1	SC1-63619a266584f8f99251c2af7b41058d0693aff14047ceef0693a814433933a9	S015088	2	P01	SYMBOLS.tsv	285093	selection_expression	aarch64	include/linux/sunrpc/gss_err.h	operative_macro	GSS_S_CRED_UNAVAIL	162	PENDING_REVIEW	SOURCE_REVIEWED_VALUE	COMPLETE	vendor/linux/include/linux/sunrpc/gss_err.h;vendor/linux/include/linux/sunrpc/gss_err.h:162;rewrite/configs/aarch64/frozen.config;header_closure=rewrite/metadata/header_closure.tsv;selected=PENDING_REVIEW	425f94c2954b1fe80ebdbf9b29854e89750355df	49b63777d13278b575b2eacd911d6e986f060ea4d22d1e64be39b27f0f5fce9c	816c34c0c60da91f2257f703ba593c10b89b42256ed59504a47f277fe58cea41	0123af9e96b58af4e98b91a2de5608d36b63c67864b9041d3340587f3dbe40d2	cfa8dcf0d81c408de38d4202fe1ce9d9e5e301d1e67439c9530da94b1e64ee3f	7484d7b0dd80f45e18d726b04752827fe28555cc5c1af0e127948380e6688abf
semantic-proposal-v1	SC1-3b6c402796041af45f24d7a2674a20480d58cac3745d5783f5708eb7803c64a7	S015088	2	P01	SYMBOLS.tsv	285093	status	aarch64	include/linux/sunrpc/gss_err.h	operative_macro	GSS_S_CRED_UNAVAIL	162	PENDING_REVIEW	COMPLETE	COMPLETE	vendor/linux/include/linux/sunrpc/gss_err.h;vendor/linux/include/linux/sunrpc/gss_err.h:162;rewrite/configs/aarch64/frozen.config;header_closure=rewrite/metadata/header_closure.tsv;selected=PENDING_REVIEW	425f94c2954b1fe80ebdbf9b29854e89750355df	49b63777d13278b575b2eacd911d6e986f060ea4d22d1e64be39b27f0f5fce9c	816c34c0c60da91f2257f703ba593c10b89b42256ed59504a47f277fe58cea41	0123af9e96b58af4e98b91a2de5608d36b63c67864b9041d3340587f3dbe40d2	cfa8dcf0d81c408de38d4202fe1ce9d9e5e301d1e67439c9530da94b1e64ee3f	7484d7b0dd80f45e18d726b04752827fe28555cc5c1af0e127948380e6688abf
semantic-proposal-v1	SC1-e1f013f59848d685015bc2fd8e50ab9a15bc44d94afe2bccdb599922ea84428a	S015088	2	P01	SYMBOLS.tsv	285094	selection_expression	aarch64	include/linux/sunrpc/gss_err.h	type	OM_uint32	37	PENDING_REVIEW	SOURCE_REVIEWED_VALUE	COMPLETE	vendor/linux/include/linux/sunrpc/gss_err.h;vendor/linux/include/linux/sunrpc/gss_err.h:37;rewrite/configs/aarch64/frozen.config;header_closure=rewrite/metadata/header_closure.tsv;selected=PENDING_REVIEW	425f94c2954b1fe80ebdbf9b29854e89750355df	49b63777d13278b575b2eacd911d6e986f060ea4d22d1e64be39b27f0f5fce9c	816c34c0c60da91f2257f703ba593c10b89b42256ed59504a47f277fe58cea41	0123af9e96b58af4e98b91a2de5608d36b63c67864b9041d3340587f3dbe40d2	cfa8dcf0d81c408de38d4202fe1ce9d9e5e301d1e67439c9530da94b1e64ee3f	7484d7b0dd80f45e18d726b04752827fe28555cc5c1af0e127948380e6688abf
semantic-proposal-v1	SC1-09c56c31d07ededa1df1cc113b1f5582d6ea7ee36aa65e81fa7b0e5202e13b10	S015088	2	P01	SYMBOLS.tsv	285094	status	aarch64	include/linux/sunrpc/gss_err.h	type	OM_uint32	37	PENDING_REVIEW	COMPLETE	COMPLETE	vendor/linux/include/linux/sunrpc/gss_err.h;vendor/linux/include/linux/sunrpc/gss_err.h:37;rewrite/configs/aarch64/frozen.config;header_closure=rewrite/metadata/header_closure.tsv;selected=PENDING_REVIEW	425f94c2954b1fe80ebdbf9b29854e89750355df	49b63777d13278b575b2eacd911d6e986f060ea4d22d1e64be39b27f0f5fce9c	816c34c0c60da91f2257f703ba593c10b89b42256ed59504a47f277fe58cea41	0123af9e96b58af4e98b91a2de5608d36b63c67864b9041d3340587f3dbe40d2	cfa8dcf0d81c408de38d4202fe1ce9d9e5e301d1e67439c9530da94b1e64ee3f	7484d7b0dd80f45e18d726b04752827fe28555cc5c1af0e127948380e6688abf
semantic-proposal-v1	SC1-a3c9252eb554499853c1edd5efc1d25eae22952aa1127464b08629629fb2958d	S015088	2	P01	SYMBOLS.tsv	285095	status	x86_64	include/linux/sunrpc/gss_err.h	conditional	ifndef@34	34	PENDING_REVIEW	COMPLETE	COMPLETE	vendor/linux/include/linux/sunrpc/gss_err.h;vendor/linux/include/linux/sunrpc/gss_err.h:34;rewrite/configs/x86_64/frozen.config;header_closure=rewrite/metadata/header_closure.tsv;selected=PENDING_REVIEW	425f94c2954b1fe80ebdbf9b29854e89750355df	49b63777d13278b575b2eacd911d6e986f060ea4d22d1e64be39b27f0f5fce9c	816c34c0c60da91f2257f703ba593c10b89b42256ed59504a47f277fe58cea41	0123af9e96b58af4e98b91a2de5608d36b63c67864b9041d3340587f3dbe40d2	cfa8dcf0d81c408de38d4202fe1ce9d9e5e301d1e67439c9530da94b1e64ee3f	7484d7b0dd80f45e18d726b04752827fe28555cc5c1af0e127948380e6688abf
semantic-proposal-v1	SC1-03f34f138b59454cbd9f08768d893d38e0faefc04fd24b908561ecfc24122e61	S015088	2	P01	SYMBOLS.tsv	285096	status	x86_64	include/linux/sunrpc/gss_err.h	conditional	endif@164	164	PENDING_REVIEW	COMPLETE	COMPLETE	vendor/linux/include/linux/sunrpc/gss_err.h;vendor/linux/include/linux/sunrpc/gss_err.h:164;rewrite/configs/x86_64/frozen.config;header_closure=rewrite/metadata/header_closure.tsv;selected=PENDING_REVIEW	425f94c2954b1fe80ebdbf9b29854e89750355df	49b63777d13278b575b2eacd911d6e986f060ea4d22d1e64be39b27f0f5fce9c	816c34c0c60da91f2257f703ba593c10b89b42256ed59504a47f277fe58cea41	0123af9e96b58af4e98b91a2de5608d36b63c67864b9041d3340587f3dbe40d2	cfa8dcf0d81c408de38d4202fe1ce9d9e5e301d1e67439c9530da94b1e64ee3f	7484d7b0dd80f45e18d726b04752827fe28555cc5c1af0e127948380e6688abf
semantic-proposal-v1	SC1-56e31f56aa3cd179ea32f935316ed84e17a3f58ad71db1e35f7da90c62ca6821	S015088	2	P01	SYMBOLS.tsv	285097	selection_expression	x86_64	include/linux/sunrpc/gss_err.h	operative_macro	_LINUX_SUNRPC_GSS_ERR_H	35	PENDING_REVIEW	SOURCE_REVIEWED_VALUE	COMPLETE	vendor/linux/include/linux/sunrpc/gss_err.h;vendor/linux/include/linux/sunrpc/gss_err.h:35;rewrite/configs/x86_64/frozen.config;header_closure=rewrite/metadata/header_closure.tsv;selected=PENDING_REVIEW	425f94c2954b1fe80ebdbf9b29854e89750355df	49b63777d13278b575b2eacd911d6e986f060ea4d22d1e64be39b27f0f5fce9c	816c34c0c60da91f2257f703ba593c10b89b42256ed59504a47f277fe58cea41	0123af9e96b58af4e98b91a2de5608d36b63c67864b9041d3340587f3dbe40d2	cfa8dcf0d81c408de38d4202fe1ce9d9e5e301d1e67439c9530da94b1e64ee3f	7484d7b0dd80f45e18d726b04752827fe28555cc5c1af0e127948380e6688abf
semantic-proposal-v1	SC1-34c302eb612f44ea40965fdd3cd0e80b9f599c841967569bac287dfc3d88cb94	S015088	2	P01	SYMBOLS.tsv	285097	status	x86_64	include/linux/sunrpc/gss_err.h	operative_macro	_LINUX_SUNRPC_GSS_ERR_H	35	PENDING_REVIEW	COMPLETE	COMPLETE	vendor/linux/include/linux/sunrpc/gss_err.h;vendor/linux/include/linux/sunrpc/gss_err.h:35;rewrite/configs/x86_64/frozen.config;header_closure=rewrite/metadata/header_closure.tsv;selected=PENDING_REVIEW	425f94c2954b1fe80ebdbf9b29854e89750355df	49b63777d13278b575b2eacd911d6e986f060ea4d22d1e64be39b27f0f5fce9c	816c34c0c60da91f2257f703ba593c10b89b42256ed59504a47f277fe58cea41	0123af9e96b58af4e98b91a2de5608d36b63c67864b9041d3340587f3dbe40d2	cfa8dcf0d81c408de38d4202fe1ce9d9e5e301d1e67439c9530da94b1e64ee3f	7484d7b0dd80f45e18d726b04752827fe28555cc5c1af0e127948380e6688abf
semantic-proposal-v1	SC1-7b08493f8cd2d13ff767bf6f8340936cf3a64818ba3e3afe182f830826a358bd	S015088	2	P01	SYMBOLS.tsv	285098	selection_expression	x86_64	include/linux/sunrpc/gss_err.h	operative_macro	GSS_C_DELEG_FLAG	42	PENDING_REVIEW	SOURCE_REVIEWED_VALUE	COMPLETE	vendor/linux/include/linux/sunrpc/gss_err.h;vendor/linux/include/linux/sunrpc/gss_err.h:42;rewrite/configs/x86_64/frozen.config;header_closure=rewrite/metadata/header_closure.tsv;selected=PENDING_REVIEW	425f94c2954b1fe80ebdbf9b29854e89750355df	49b63777d13278b575b2eacd911d6e986f060ea4d22d1e64be39b27f0f5fce9c	816c34c0c60da91f2257f703ba593c10b89b42256ed59504a47f277fe58cea41	0123af9e96b58af4e98b91a2de5608d36b63c67864b9041d3340587f3dbe40d2	cfa8dcf0d81c408de38d4202fe1ce9d9e5e301d1e67439c9530da94b1e64ee3f	7484d7b0dd80f45e18d726b04752827fe28555cc5c1af0e127948380e6688abf
semantic-proposal-v1	SC1-1559f27c571be5c0d14e5e0cd35eff3fcfd78e63870b94ef0f23a15aeb4264c6	S015088	2	P01	SYMBOLS.tsv	285098	status	x86_64	include/linux/sunrpc/gss_err.h	operative_macro	GSS_C_DELEG_FLAG	42	PENDING_REVIEW	COMPLETE	COMPLETE	vendor/linux/include/linux/sunrpc/gss_err.h;vendor/linux/include/linux/sunrpc/gss_err.h:42;rewrite/configs/x86_64/frozen.config;header_closure=rewrite/metadata/header_closure.tsv;selected=PENDING_REVIEW	425f94c2954b1fe80ebdbf9b29854e89750355df	49b63777d13278b575b2eacd911d6e986f060ea4d22d1e64be39b27f0f5fce9c	816c34c0c60da91f2257f703ba593c10b89b42256ed59504a47f277fe58cea41	0123af9e96b58af4e98b91a2de5608d36b63c67864b9041d3340587f3dbe40d2	cfa8dcf0d81c408de38d4202fe1ce9d9e5e301d1e67439c9530da94b1e64ee3f	7484d7b0dd80f45e18d726b04752827fe28555cc5c1af0e127948380e6688abf
semantic-proposal-v1	SC1-85e4b5aade1b39425a38bf02742874b0acf2091de2b41ec8a4d8ede6302a73c7	S015088	2	P01	SYMBOLS.tsv	285099	selection_expression	x86_64	include/linux/sunrpc/gss_err.h	operative_macro	GSS_C_MUTUAL_FLAG	43	PENDING_REVIEW	SOURCE_REVIEWED_VALUE	COMPLETE	vendor/linux/include/linux/sunrpc/gss_err.h;vendor/linux/include/linux/sunrpc/gss_err.h:43;rewrite/configs/x86_64/frozen.config;header_closure=rewrite/metadata/header_closure.tsv;selected=PENDING_REVIEW	425f94c2954b1fe80ebdbf9b29854e89750355df	49b63777d13278b575b2eacd911d6e986f060ea4d22d1e64be39b27f0f5fce9c	816c34c0c60da91f2257f703ba593c10b89b42256ed59504a47f277fe58cea41	0123af9e96b58af4e98b91a2de5608d36b63c67864b9041d3340587f3dbe40d2	cfa8dcf0d81c408de38d4202fe1ce9d9e5e301d1e67439c9530da94b1e64ee3f	7484d7b0dd80f45e18d726b04752827fe28555cc5c1af0e127948380e6688abf
semantic-proposal-v1	SC1-99e9beaef616d9ac43c7fc6c46f98881e33d1a86d9619a667c9b293ac6c21e4b	S015088	2	P01	SYMBOLS.tsv	285099	status	x86_64	include/linux/sunrpc/gss_err.h	operative_macro	GSS_C_MUTUAL_FLAG	43	PENDING_REVIEW	COMPLETE	COMPLETE	vendor/linux/include/linux/sunrpc/gss_err.h;vendor/linux/include/linux/sunrpc/gss_err.h:43;rewrite/configs/x86_64/frozen.config;header_closure=rewrite/metadata/header_closure.tsv;selected=PENDING_REVIEW	425f94c2954b1fe80ebdbf9b29854e89750355df	49b63777d13278b575b2eacd911d6e986f060ea4d22d1e64be39b27f0f5fce9c	816c34c0c60da91f2257f703ba593c10b89b42256ed59504a47f277fe58cea41	0123af9e96b58af4e98b91a2de5608d36b63c67864b9041d3340587f3dbe40d2	cfa8dcf0d81c408de38d4202fe1ce9d9e5e301d1e67439c9530da94b1e64ee3f	7484d7b0dd80f45e18d726b04752827fe28555cc5c1af0e127948380e6688abf
semantic-proposal-v1	SC1-bc1b99fc2dc5adf5150b7d0c0ccdde570e03ce603498488c8c71588cce54362e	S015088	2	P01	SYMBOLS.tsv	285100	selection_expression	x86_64	include/linux/sunrpc/gss_err.h	operative_macro	GSS_C_REPLAY_FLAG	44	PENDING_REVIEW	SOURCE_REVIEWED_VALUE	COMPLETE	vendor/linux/include/linux/sunrpc/gss_err.h;vendor/linux/include/linux/sunrpc/gss_err.h:44;rewrite/configs/x86_64/frozen.config;header_closure=rewrite/metadata/header_closure.tsv;selected=PENDING_REVIEW	425f94c2954b1fe80ebdbf9b29854e89750355df	49b63777d13278b575b2eacd911d6e986f060ea4d22d1e64be39b27f0f5fce9c	816c34c0c60da91f2257f703ba593c10b89b42256ed59504a47f277fe58cea41	0123af9e96b58af4e98b91a2de5608d36b63c67864b9041d3340587f3dbe40d2	cfa8dcf0d81c408de38d4202fe1ce9d9e5e301d1e67439c9530da94b1e64ee3f	7484d7b0dd80f45e18d726b04752827fe28555cc5c1af0e127948380e6688abf
semantic-proposal-v1	SC1-ba43374a251f6cc3d905114c6a378fbd9da8b185ab0db5b26c8d473f92e3d8ab	S015088	2	P01	SYMBOLS.tsv	285100	status	x86_64	include/linux/sunrpc/gss_err.h	operative_macro	GSS_C_REPLAY_FLAG	44	PENDING_REVIEW	COMPLETE	COMPLETE	vendor/linux/include/linux/sunrpc/gss_err.h;vendor/linux/include/linux/sunrpc/gss_err.h:44;rewrite/configs/x86_64/frozen.config;header_closure=rewrite/metadata/header_closure.tsv;selected=PENDING_REVIEW	425f94c2954b1fe80ebdbf9b29854e89750355df	49b63777d13278b575b2eacd911d6e986f060ea4d22d1e64be39b27f0f5fce9c	816c34c0c60da91f2257f703ba593c10b89b42256ed59504a47f277fe58cea41	0123af9e96b58af4e98b91a2de5608d36b63c67864b9041d3340587f3dbe40d2	cfa8dcf0d81c408de38d4202fe1ce9d9e5e301d1e67439c9530da94b1e64ee3f	7484d7b0dd80f45e18d726b04752827fe28555cc5c1af0e127948380e6688abf
semantic-proposal-v1	SC1-7f095ec205031ad3d555628fb5267e4ce6e87e9797696b991e61caf365a20a18	S015088	2	P01	SYMBOLS.tsv	285101	selection_expression	x86_64	include/linux/sunrpc/gss_err.h	operative_macro	GSS_C_SEQUENCE_FLAG	45	PENDING_REVIEW	SOURCE_REVIEWED_VALUE	COMPLETE	vendor/linux/include/linux/sunrpc/gss_err.h;vendor/linux/include/linux/sunrpc/gss_err.h:45;rewrite/configs/x86_64/frozen.config;header_closure=rewrite/metadata/header_closure.tsv;selected=PENDING_REVIEW	425f94c2954b1fe80ebdbf9b29854e89750355df	49b63777d13278b575b2eacd911d6e986f060ea4d22d1e64be39b27f0f5fce9c	816c34c0c60da91f2257f703ba593c10b89b42256ed59504a47f277fe58cea41	0123af9e96b58af4e98b91a2de5608d36b63c67864b9041d3340587f3dbe40d2	cfa8dcf0d81c408de38d4202fe1ce9d9e5e301d1e67439c9530da94b1e64ee3f	7484d7b0dd80f45e18d726b04752827fe28555cc5c1af0e127948380e6688abf
semantic-proposal-v1	SC1-bd7e9d8044da2495f0184d167c44dde705559098913428fee54422deffa5356d	S015088	2	P01	SYMBOLS.tsv	285101	status	x86_64	include/linux/sunrpc/gss_err.h	operative_macro	GSS_C_SEQUENCE_FLAG	45	PENDING_REVIEW	COMPLETE	COMPLETE	vendor/linux/include/linux/sunrpc/gss_err.h;vendor/linux/include/linux/sunrpc/gss_err.h:45;rewrite/configs/x86_64/frozen.config;header_closure=rewrite/metadata/header_closure.tsv;selected=PENDING_REVIEW	425f94c2954b1fe80ebdbf9b29854e89750355df	49b63777d13278b575b2eacd911d6e986f060ea4d22d1e64be39b27f0f5fce9c	816c34c0c60da91f2257f703ba593c10b89b42256ed59504a47f277fe58cea41	0123af9e96b58af4e98b91a2de5608d36b63c67864b9041d3340587f3dbe40d2	cfa8dcf0d81c408de38d4202fe1ce9d9e5e301d1e67439c9530da94b1e64ee3f	7484d7b0dd80f45e18d726b04752827fe28555cc5c1af0e127948380e6688abf
semantic-proposal-v1	SC1-f2a913e9c1704c58854837891cbc8fcb0e1cc5e5acf81854b4d0f7d75fa92602	S015088	2	P01	SYMBOLS.tsv	285102	selection_expression	x86_64	include/linux/sunrpc/gss_err.h	operative_macro	GSS_C_CONF_FLAG	46	PENDING_REVIEW	SOURCE_REVIEWED_VALUE	COMPLETE	vendor/linux/include/linux/sunrpc/gss_err.h;vendor/linux/include/linux/sunrpc/gss_err.h:46;rewrite/configs/x86_64/frozen.config;header_closure=rewrite/metadata/header_closure.tsv;selected=PENDING_REVIEW	425f94c2954b1fe80ebdbf9b29854e89750355df	49b63777d13278b575b2eacd911d6e986f060ea4d22d1e64be39b27f0f5fce9c	816c34c0c60da91f2257f703ba593c10b89b42256ed59504a47f277fe58cea41	0123af9e96b58af4e98b91a2de5608d36b63c67864b9041d3340587f3dbe40d2	cfa8dcf0d81c408de38d4202fe1ce9d9e5e301d1e67439c9530da94b1e64ee3f	7484d7b0dd80f45e18d726b04752827fe28555cc5c1af0e127948380e6688abf
semantic-proposal-v1	SC1-11d368d321f8491997431d91b04072b7b990cb43e6d3fc45fdd9039afcb3241e	S015088	2	P01	SYMBOLS.tsv	285102	status	x86_64	include/linux/sunrpc/gss_err.h	operative_macro	GSS_C_CONF_FLAG	46	PENDING_REVIEW	COMPLETE	COMPLETE	vendor/linux/include/linux/sunrpc/gss_err.h;vendor/linux/include/linux/sunrpc/gss_err.h:46;rewrite/configs/x86_64/frozen.config;header_closure=rewrite/metadata/header_closure.tsv;selected=PENDING_REVIEW	425f94c2954b1fe80ebdbf9b29854e89750355df	49b63777d13278b575b2eacd911d6e986f060ea4d22d1e64be39b27f0f5fce9c	816c34c0c60da91f2257f703ba593c10b89b42256ed59504a47f277fe58cea41	0123af9e96b58af4e98b91a2de5608d36b63c67864b9041d3340587f3dbe40d2	cfa8dcf0d81c408de38d4202fe1ce9d9e5e301d1e67439c9530da94b1e64ee3f	7484d7b0dd80f45e18d726b04752827fe28555cc5c1af0e127948380e6688abf
semantic-proposal-v1	SC1-c5513e2e57ba222a5a4478619a42717b34f2695b992da721a90eea56ce44b036	S015088	2	P01	SYMBOLS.tsv	285103	selection_expression	x86_64	include/linux/sunrpc/gss_err.h	operative_macro	GSS_C_INTEG_FLAG	47	PENDING_REVIEW	SOURCE_REVIEWED_VALUE	COMPLETE	vendor/linux/include/linux/sunrpc/gss_err.h;vendor/linux/include/linux/sunrpc/gss_err.h:47;rewrite/configs/x86_64/frozen.config;header_closure=rewrite/metadata/header_closure.tsv;selected=PENDING_REVIEW	425f94c2954b1fe80ebdbf9b29854e89750355df	49b63777d13278b575b2eacd911d6e986f060ea4d22d1e64be39b27f0f5fce9c	816c34c0c60da91f2257f703ba593c10b89b42256ed59504a47f277fe58cea41	0123af9e96b58af4e98b91a2de5608d36b63c67864b9041d3340587f3dbe40d2	cfa8dcf0d81c408de38d4202fe1ce9d9e5e301d1e67439c9530da94b1e64ee3f	7484d7b0dd80f45e18d726b04752827fe28555cc5c1af0e127948380e6688abf
semantic-proposal-v1	SC1-d4003e643999a71240c48757c0ba7a826b2bbe3cf48807d20521187df9f03a2b	S015088	2	P01	SYMBOLS.tsv	285103	status	x86_64	include/linux/sunrpc/gss_err.h	operative_macro	GSS_C_INTEG_FLAG	47	PENDING_REVIEW	COMPLETE	COMPLETE	vendor/linux/include/linux/sunrpc/gss_err.h;vendor/linux/include/linux/sunrpc/gss_err.h:47;rewrite/configs/x86_64/frozen.config;header_closure=rewrite/metadata/header_closure.tsv;selected=PENDING_REVIEW	425f94c2954b1fe80ebdbf9b29854e89750355df	49b63777d13278b575b2eacd911d6e986f060ea4d22d1e64be39b27f0f5fce9c	816c34c0c60da91f2257f703ba593c10b89b42256ed59504a47f277fe58cea41	0123af9e96b58af4e98b91a2de5608d36b63c67864b9041d3340587f3dbe40d2	cfa8dcf0d81c408de38d4202fe1ce9d9e5e301d1e67439c9530da94b1e64ee3f	7484d7b0dd80f45e18d726b04752827fe28555cc5c1af0e127948380e6688abf
semantic-proposal-v1	SC1-1318ed2af9b666b7354c89133543d80229ec5610f60979c21ca42e430157cda5	S015088	2	P01	SYMBOLS.tsv	285104	selection_expression	x86_64	include/linux/sunrpc/gss_err.h	operative_macro	GSS_C_ANON_FLAG	48	PENDING_REVIEW	SOURCE_REVIEWED_VALUE	COMPLETE	vendor/linux/include/linux/sunrpc/gss_err.h;vendor/linux/include/linux/sunrpc/gss_err.h:48;rewrite/configs/x86_64/frozen.config;header_closure=rewrite/metadata/header_closure.tsv;selected=PENDING_REVIEW	425f94c2954b1fe80ebdbf9b29854e89750355df	49b63777d13278b575b2eacd911d6e986f060ea4d22d1e64be39b27f0f5fce9c	816c34c0c60da91f2257f703ba593c10b89b42256ed59504a47f277fe58cea41	0123af9e96b58af4e98b91a2de5608d36b63c67864b9041d3340587f3dbe40d2	cfa8dcf0d81c408de38d4202fe1ce9d9e5e301d1e67439c9530da94b1e64ee3f	7484d7b0dd80f45e18d726b04752827fe28555cc5c1af0e127948380e6688abf
semantic-proposal-v1	SC1-022d481b3b84a4b93508ddedabdd5aeba9ae9fa8019bb4df877aee9b30b2df9b	S015088	2	P01	SYMBOLS.tsv	285104	status	x86_64	include/linux/sunrpc/gss_err.h	operative_macro	GSS_C_ANON_FLAG	48	PENDING_REVIEW	COMPLETE	COMPLETE	vendor/linux/include/linux/sunrpc/gss_err.h;vendor/linux/include/linux/sunrpc/gss_err.h:48;rewrite/configs/x86_64/frozen.config;header_closure=rewrite/metadata/header_closure.tsv;selected=PENDING_REVIEW	425f94c2954b1fe80ebdbf9b29854e89750355df	49b63777d13278b575b2eacd911d6e986f060ea4d22d1e64be39b27f0f5fce9c	816c34c0c60da91f2257f703ba593c10b89b42256ed59504a47f277fe58cea41	0123af9e96b58af4e98b91a2de5608d36b63c67864b9041d3340587f3dbe40d2	cfa8dcf0d81c408de38d4202fe1ce9d9e5e301d1e67439c9530da94b1e64ee3f	7484d7b0dd80f45e18d726b04752827fe28555cc5c1af0e127948380e6688abf
semantic-proposal-v1	SC1-c9f544f4984c9bfbd4f77c93cd4f10f6328d1a6bb8f9d85628f1be28e1838b07	S015088	2	P01	SYMBOLS.tsv	285105	selection_expression	x86_64	include/linux/sunrpc/gss_err.h	operative_macro	GSS_C_PROT_READY_FLAG	49	PENDING_REVIEW	SOURCE_REVIEWED_VALUE	COMPLETE	vendor/linux/include/linux/sunrpc/gss_err.h;vendor/linux/include/linux/sunrpc/gss_err.h:49;rewrite/configs/x86_64/frozen.config;header_closure=rewrite/metadata/header_closure.tsv;selected=PENDING_REVIEW	425f94c2954b1fe80ebdbf9b29854e89750355df	49b63777d13278b575b2eacd911d6e986f060ea4d22d1e64be39b27f0f5fce9c	816c34c0c60da91f2257f703ba593c10b89b42256ed59504a47f277fe58cea41	0123af9e96b58af4e98b91a2de5608d36b63c67864b9041d3340587f3dbe40d2	cfa8dcf0d81c408de38d4202fe1ce9d9e5e301d1e67439c9530da94b1e64ee3f	7484d7b0dd80f45e18d726b04752827fe28555cc5c1af0e127948380e6688abf
semantic-proposal-v1	SC1-f4c01882faeb10c94b30fe32f745d8701ccd6299da39d8019562aecda2402bbd	S015088	2	P01	SYMBOLS.tsv	285105	status	x86_64	include/linux/sunrpc/gss_err.h	operative_macro	GSS_C_PROT_READY_FLAG	49	PENDING_REVIEW	COMPLETE	COMPLETE	vendor/linux/include/linux/sunrpc/gss_err.h;vendor/linux/include/linux/sunrpc/gss_err.h:49;rewrite/configs/x86_64/frozen.config;header_closure=rewrite/metadata/header_closure.tsv;selected=PENDING_REVIEW	425f94c2954b1fe80ebdbf9b29854e89750355df	49b63777d13278b575b2eacd911d6e986f060ea4d22d1e64be39b27f0f5fce9c	816c34c0c60da91f2257f703ba593c10b89b42256ed59504a47f277fe58cea41	0123af9e96b58af4e98b91a2de5608d36b63c67864b9041d3340587f3dbe40d2	cfa8dcf0d81c408de38d4202fe1ce9d9e5e301d1e67439c9530da94b1e64ee3f	7484d7b0dd80f45e18d726b04752827fe28555cc5c1af0e127948380e6688abf
semantic-proposal-v1	SC1-ae06dee0f0abce558ea68945391138b7eb1f9e2591f8682ca561223c8b348eea	S015088	2	P01	SYMBOLS.tsv	285106	selection_expression	x86_64	include/linux/sunrpc/gss_err.h	operative_macro	GSS_C_TRANS_FLAG	50	PENDING_REVIEW	SOURCE_REVIEWED_VALUE	COMPLETE	vendor/linux/include/linux/sunrpc/gss_err.h;vendor/linux/include/linux/sunrpc/gss_err.h:50;rewrite/configs/x86_64/frozen.config;header_closure=rewrite/metadata/header_closure.tsv;selected=PENDING_REVIEW	425f94c2954b1fe80ebdbf9b29854e89750355df	49b63777d13278b575b2eacd911d6e986f060ea4d22d1e64be39b27f0f5fce9c	816c34c0c60da91f2257f703ba593c10b89b42256ed59504a47f277fe58cea41	0123af9e96b58af4e98b91a2de5608d36b63c67864b9041d3340587f3dbe40d2	cfa8dcf0d81c408de38d4202fe1ce9d9e5e301d1e67439c9530da94b1e64ee3f	7484d7b0dd80f45e18d726b04752827fe28555cc5c1af0e127948380e6688abf
semantic-proposal-v1	SC1-0dc84cb52b14524970ec0b01a1b3aa52bafbcfeec3dee4f1b066db636f5c56fa	S015088	2	P01	SYMBOLS.tsv	285106	status	x86_64	include/linux/sunrpc/gss_err.h	operative_macro	GSS_C_TRANS_FLAG	50	PENDING_REVIEW	COMPLETE	COMPLETE	vendor/linux/include/linux/sunrpc/gss_err.h;vendor/linux/include/linux/sunrpc/gss_err.h:50;rewrite/configs/x86_64/frozen.config;header_closure=rewrite/metadata/header_closure.tsv;selected=PENDING_REVIEW	425f94c2954b1fe80ebdbf9b29854e89750355df	49b63777d13278b575b2eacd911d6e986f060ea4d22d1e64be39b27f0f5fce9c	816c34c0c60da91f2257f703ba593c10b89b42256ed59504a47f277fe58cea41	0123af9e96b58af4e98b91a2de5608d36b63c67864b9041d3340587f3dbe40d2	cfa8dcf0d81c408de38d4202fe1ce9d9e5e301d1e67439c9530da94b1e64ee3f	7484d7b0dd80f45e18d726b04752827fe28555cc5c1af0e127948380e6688abf
semantic-proposal-v1	SC1-727753ebb744546bcea48f7bddc22fbcb61c2efd513be4b6fa48329ccc937838	S015088	2	P01	SYMBOLS.tsv	285107	selection_expression	x86_64	include/linux/sunrpc/gss_err.h	operative_macro	GSS_C_BOTH	55	PENDING_REVIEW	SOURCE_REVIEWED_VALUE	COMPLETE	vendor/linux/include/linux/sunrpc/gss_err.h;vendor/linux/include/linux/sunrpc/gss_err.h:55;rewrite/configs/x86_64/frozen.config;header_closure=rewrite/metadata/header_closure.tsv;selected=PENDING_REVIEW	425f94c2954b1fe80ebdbf9b29854e89750355df	49b63777d13278b575b2eacd911d6e986f060ea4d22d1e64be39b27f0f5fce9c	816c34c0c60da91f2257f703ba593c10b89b42256ed59504a47f277fe58cea41	0123af9e96b58af4e98b91a2de5608d36b63c67864b9041d3340587f3dbe40d2	cfa8dcf0d81c408de38d4202fe1ce9d9e5e301d1e67439c9530da94b1e64ee3f	7484d7b0dd80f45e18d726b04752827fe28555cc5c1af0e127948380e6688abf
semantic-proposal-v1	SC1-ef062cde6bb55980117ff538808bfa571d934aed08f22936e1e97595cf2d2696	S015088	2	P01	SYMBOLS.tsv	285107	status	x86_64	include/linux/sunrpc/gss_err.h	operative_macro	GSS_C_BOTH	55	PENDING_REVIEW	COMPLETE	COMPLETE	vendor/linux/include/linux/sunrpc/gss_err.h;vendor/linux/include/linux/sunrpc/gss_err.h:55;rewrite/configs/x86_64/frozen.config;header_closure=rewrite/metadata/header_closure.tsv;selected=PENDING_REVIEW	425f94c2954b1fe80ebdbf9b29854e89750355df	49b63777d13278b575b2eacd911d6e986f060ea4d22d1e64be39b27f0f5fce9c	816c34c0c60da91f2257f703ba593c10b89b42256ed59504a47f277fe58cea41	0123af9e96b58af4e98b91a2de5608d36b63c67864b9041d3340587f3dbe40d2	cfa8dcf0d81c408de38d4202fe1ce9d9e5e301d1e67439c9530da94b1e64ee3f	7484d7b0dd80f45e18d726b04752827fe28555cc5c1af0e127948380e6688abf
semantic-proposal-v1	SC1-b29d944e37c812f2fa2cf9416a089b980ce5271edc9021d409660e0c787d24b2	S015088	2	P01	SYMBOLS.tsv	285108	selection_expression	x86_64	include/linux/sunrpc/gss_err.h	operative_macro	GSS_C_INITIATE	56	PENDING_REVIEW	SOURCE_REVIEWED_VALUE	COMPLETE	vendor/linux/include/linux/sunrpc/gss_err.h;vendor/linux/include/linux/sunrpc/gss_err.h:56;rewrite/configs/x86_64/frozen.config;header_closure=rewrite/metadata/header_closure.tsv;selected=PENDING_REVIEW	425f94c2954b1fe80ebdbf9b29854e89750355df	49b63777d13278b575b2eacd911d6e986f060ea4d22d1e64be39b27f0f5fce9c	816c34c0c60da91f2257f703ba593c10b89b42256ed59504a47f277fe58cea41	0123af9e96b58af4e98b91a2de5608d36b63c67864b9041d3340587f3dbe40d2	cfa8dcf0d81c408de38d4202fe1ce9d9e5e301d1e67439c9530da94b1e64ee3f	7484d7b0dd80f45e18d726b04752827fe28555cc5c1af0e127948380e6688abf
semantic-proposal-v1	SC1-3bba1cbd7cdd1d2140d4fe14b9fbc91227132da53885d34e9d031a411cb19ced	S015088	2	P01	SYMBOLS.tsv	285108	status	x86_64	include/linux/sunrpc/gss_err.h	operative_macro	GSS_C_INITIATE	56	PENDING_REVIEW	COMPLETE	COMPLETE	vendor/linux/include/linux/sunrpc/gss_err.h;vendor/linux/include/linux/sunrpc/gss_err.h:56;rewrite/configs/x86_64/frozen.config;header_closure=rewrite/metadata/header_closure.tsv;selected=PENDING_REVIEW	425f94c2954b1fe80ebdbf9b29854e89750355df	49b63777d13278b575b2eacd911d6e986f060ea4d22d1e64be39b27f0f5fce9c	816c34c0c60da91f2257f703ba593c10b89b42256ed59504a47f277fe58cea41	0123af9e96b58af4e98b91a2de5608d36b63c67864b9041d3340587f3dbe40d2	cfa8dcf0d81c408de38d4202fe1ce9d9e5e301d1e67439c9530da94b1e64ee3f	7484d7b0dd80f45e18d726b04752827fe28555cc5c1af0e127948380e6688abf
semantic-proposal-v1	SC1-e134a95a440d97eec8e3ff97bd251377928ad5146bba352e042267df54200f0a	S015088	2	P01	SYMBOLS.tsv	285109	selection_expression	x86_64	include/linux/sunrpc/gss_err.h	operative_macro	GSS_C_ACCEPT	57	PENDING_REVIEW	SOURCE_REVIEWED_VALUE	COMPLETE	vendor/linux/include/linux/sunrpc/gss_err.h;vendor/linux/include/linux/sunrpc/gss_err.h:57;rewrite/configs/x86_64/frozen.config;header_closure=rewrite/metadata/header_closure.tsv;selected=PENDING_REVIEW	425f94c2954b1fe80ebdbf9b29854e89750355df	49b63777d13278b575b2eacd911d6e986f060ea4d22d1e64be39b27f0f5fce9c	816c34c0c60da91f2257f703ba593c10b89b42256ed59504a47f277fe58cea41	0123af9e96b58af4e98b91a2de5608d36b63c67864b9041d3340587f3dbe40d2	cfa8dcf0d81c408de38d4202fe1ce9d9e5e301d1e67439c9530da94b1e64ee3f	7484d7b0dd80f45e18d726b04752827fe28555cc5c1af0e127948380e6688abf
semantic-proposal-v1	SC1-46c5d2266bc4c90431f268bc5f4bc2e49a17d2c3ece4207280cfa7e3d2fa7e3b	S015088	2	P01	SYMBOLS.tsv	285109	status	x86_64	include/linux/sunrpc/gss_err.h	operative_macro	GSS_C_ACCEPT	57	PENDING_REVIEW	COMPLETE	COMPLETE	vendor/linux/include/linux/sunrpc/gss_err.h;vendor/linux/include/linux/sunrpc/gss_err.h:57;rewrite/configs/x86_64/frozen.config;header_closure=rewrite/metadata/header_closure.tsv;selected=PENDING_REVIEW	425f94c2954b1fe80ebdbf9b29854e89750355df	49b63777d13278b575b2eacd911d6e986f060ea4d22d1e64be39b27f0f5fce9c	816c34c0c60da91f2257f703ba593c10b89b42256ed59504a47f277fe58cea41	0123af9e96b58af4e98b91a2de5608d36b63c67864b9041d3340587f3dbe40d2	cfa8dcf0d81c408de38d4202fe1ce9d9e5e301d1e67439c9530da94b1e64ee3f	7484d7b0dd80f45e18d726b04752827fe28555cc5c1af0e127948380e6688abf
semantic-proposal-v1	SC1-bc3a9e2b4f44ad5369f27044caad32681471a5856b87de9805d5f54942d128e3	S015088	2	P01	SYMBOLS.tsv	285110	selection_expression	x86_64	include/linux/sunrpc/gss_err.h	operative_macro	GSS_C_GSS_CODE	62	PENDING_REVIEW	SOURCE_REVIEWED_VALUE	COMPLETE	vendor/linux/include/linux/sunrpc/gss_err.h;vendor/linux/include/linux/sunrpc/gss_err.h:62;rewrite/configs/x86_64/frozen.config;header_closure=rewrite/metadata/header_closure.tsv;selected=PENDING_REVIEW	425f94c2954b1fe80ebdbf9b29854e89750355df	49b63777d13278b575b2eacd911d6e986f060ea4d22d1e64be39b27f0f5fce9c	816c34c0c60da91f2257f703ba593c10b89b42256ed59504a47f277fe58cea41	0123af9e96b58af4e98b91a2de5608d36b63c67864b9041d3340587f3dbe40d2	cfa8dcf0d81c408de38d4202fe1ce9d9e5e301d1e67439c9530da94b1e64ee3f	7484d7b0dd80f45e18d726b04752827fe28555cc5c1af0e127948380e6688abf
semantic-proposal-v1	SC1-a19d56c31bde072f5ed07095d153d08383cc8cafac57efd5fba7c1d3a169bff0	S015088	2	P01	SYMBOLS.tsv	285110	status	x86_64	include/linux/sunrpc/gss_err.h	operative_macro	GSS_C_GSS_CODE	62	PENDING_REVIEW	COMPLETE	COMPLETE	vendor/linux/include/linux/sunrpc/gss_err.h;vendor/linux/include/linux/sunrpc/gss_err.h:62;rewrite/configs/x86_64/frozen.config;header_closure=rewrite/metadata/header_closure.tsv;selected=PENDING_REVIEW	425f94c2954b1fe80ebdbf9b29854e89750355df	49b63777d13278b575b2eacd911d6e986f060ea4d22d1e64be39b27f0f5fce9c	816c34c0c60da91f2257f703ba593c10b89b42256ed59504a47f277fe58cea41	0123af9e96b58af4e98b91a2de5608d36b63c67864b9041d3340587f3dbe40d2	cfa8dcf0d81c408de38d4202fe1ce9d9e5e301d1e67439c9530da94b1e64ee3f	7484d7b0dd80f45e18d726b04752827fe28555cc5c1af0e127948380e6688abf
semantic-proposal-v1	SC1-ce0267e63abdb7e0d767214b02e714965b1df1578e2babc5ef6e253381ae0f9f	S015088	2	P01	SYMBOLS.tsv	285111	selection_expression	x86_64	include/linux/sunrpc/gss_err.h	operative_macro	GSS_C_MECH_CODE	63	PENDING_REVIEW	SOURCE_REVIEWED_VALUE	COMPLETE	vendor/linux/include/linux/sunrpc/gss_err.h;vendor/linux/include/linux/sunrpc/gss_err.h:63;rewrite/configs/x86_64/frozen.config;header_closure=rewrite/metadata/header_closure.tsv;selected=PENDING_REVIEW	425f94c2954b1fe80ebdbf9b29854e89750355df	49b63777d13278b575b2eacd911d6e986f060ea4d22d1e64be39b27f0f5fce9c	816c34c0c60da91f2257f703ba593c10b89b42256ed59504a47f277fe58cea41	0123af9e96b58af4e98b91a2de5608d36b63c67864b9041d3340587f3dbe40d2	cfa8dcf0d81c408de38d4202fe1ce9d9e5e301d1e67439c9530da94b1e64ee3f	7484d7b0dd80f45e18d726b04752827fe28555cc5c1af0e127948380e6688abf
semantic-proposal-v1	SC1-a900406d8cb9ce2f7d18ec3f4349af638c521dacc7e4c053266e81bb8d5dae96	S015088	2	P01	SYMBOLS.tsv	285111	status	x86_64	include/linux/sunrpc/gss_err.h	operative_macro	GSS_C_MECH_CODE	63	PENDING_REVIEW	COMPLETE	COMPLETE	vendor/linux/include/linux/sunrpc/gss_err.h;vendor/linux/include/linux/sunrpc/gss_err.h:63;rewrite/configs/x86_64/frozen.config;header_closure=rewrite/metadata/header_closure.tsv;selected=PENDING_REVIEW	425f94c2954b1fe80ebdbf9b29854e89750355df	49b63777d13278b575b2eacd911d6e986f060ea4d22d1e64be39b27f0f5fce9c	816c34c0c60da91f2257f703ba593c10b89b42256ed59504a47f277fe58cea41	0123af9e96b58af4e98b91a2de5608d36b63c67864b9041d3340587f3dbe40d2	cfa8dcf0d81c408de38d4202fe1ce9d9e5e301d1e67439c9530da94b1e64ee3f	7484d7b0dd80f45e18d726b04752827fe28555cc5c1af0e127948380e6688abf
semantic-proposal-v1	SC1-8af6898cfba3f6cab9ae0cfed14424cb88f774e1b4fa00804213f16254ab0568	S015088	2	P01	SYMBOLS.tsv	285112	selection_expression	x86_64	include/linux/sunrpc/gss_err.h	operative_macro	GSS_C_INDEFINITE	70	PENDING_REVIEW	SOURCE_REVIEWED_VALUE	COMPLETE	vendor/linux/include/linux/sunrpc/gss_err.h;vendor/linux/include/linux/sunrpc/gss_err.h:70;rewrite/configs/x86_64/frozen.config;header_closure=rewrite/metadata/header_closure.tsv;selected=PENDING_REVIEW	425f94c2954b1fe80ebdbf9b29854e89750355df	49b63777d13278b575b2eacd911d6e986f060ea4d22d1e64be39b27f0f5fce9c	816c34c0c60da91f2257f703ba593c10b89b42256ed59504a47f277fe58cea41	0123af9e96b58af4e98b91a2de5608d36b63c67864b9041d3340587f3dbe40d2	cfa8dcf0d81c408de38d4202fe1ce9d9e5e301d1e67439c9530da94b1e64ee3f	7484d7b0dd80f45e18d726b04752827fe28555cc5c1af0e127948380e6688abf
semantic-proposal-v1	SC1-4d5ed15f37009abe69df290ed1317c3fc4df8ae352d1ca8cb4de384a32242f48	S015088	2	P01	SYMBOLS.tsv	285112	status	x86_64	include/linux/sunrpc/gss_err.h	operative_macro	GSS_C_INDEFINITE	70	PENDING_REVIEW	COMPLETE	COMPLETE	vendor/linux/include/linux/sunrpc/gss_err.h;vendor/linux/include/linux/sunrpc/gss_err.h:70;rewrite/configs/x86_64/frozen.config;header_closure=rewrite/metadata/header_closure.tsv;selected=PENDING_REVIEW	425f94c2954b1fe80ebdbf9b29854e89750355df	49b63777d13278b575b2eacd911d6e986f060ea4d22d1e64be39b27f0f5fce9c	816c34c0c60da91f2257f703ba593c10b89b42256ed59504a47f277fe58cea41	0123af9e96b58af4e98b91a2de5608d36b63c67864b9041d3340587f3dbe40d2	cfa8dcf0d81c408de38d4202fe1ce9d9e5e301d1e67439c9530da94b1e64ee3f	7484d7b0dd80f45e18d726b04752827fe28555cc5c1af0e127948380e6688abf
semantic-proposal-v1	SC1-27954999b32efe1d454a408b87dcbd39aff54c0b66be4a40cc4055533adfacc7	S015088	2	P01	SYMBOLS.tsv	285113	selection_expression	x86_64	include/linux/sunrpc/gss_err.h	operative_macro	GSS_S_COMPLETE	75	PENDING_REVIEW	SOURCE_REVIEWED_VALUE	COMPLETE	vendor/linux/include/linux/sunrpc/gss_err.h;vendor/linux/include/linux/sunrpc/gss_err.h:75;rewrite/configs/x86_64/frozen.config;header_closure=rewrite/metadata/header_closure.tsv;selected=PENDING_REVIEW	425f94c2954b1fe80ebdbf9b29854e89750355df	49b63777d13278b575b2eacd911d6e986f060ea4d22d1e64be39b27f0f5fce9c	816c34c0c60da91f2257f703ba593c10b89b42256ed59504a47f277fe58cea41	0123af9e96b58af4e98b91a2de5608d36b63c67864b9041d3340587f3dbe40d2	cfa8dcf0d81c408de38d4202fe1ce9d9e5e301d1e67439c9530da94b1e64ee3f	7484d7b0dd80f45e18d726b04752827fe28555cc5c1af0e127948380e6688abf
semantic-proposal-v1	SC1-f6a52b07047c22339784881ce233fbe087978ff5aecf2d8e8df6c0cb1dee4c46	S015088	2	P01	SYMBOLS.tsv	285113	status	x86_64	include/linux/sunrpc/gss_err.h	operative_macro	GSS_S_COMPLETE	75	PENDING_REVIEW	COMPLETE	COMPLETE	vendor/linux/include/linux/sunrpc/gss_err.h;vendor/linux/include/linux/sunrpc/gss_err.h:75;rewrite/configs/x86_64/frozen.config;header_closure=rewrite/metadata/header_closure.tsv;selected=PENDING_REVIEW	425f94c2954b1fe80ebdbf9b29854e89750355df	49b63777d13278b575b2eacd911d6e986f060ea4d22d1e64be39b27f0f5fce9c	816c34c0c60da91f2257f703ba593c10b89b42256ed59504a47f277fe58cea41	0123af9e96b58af4e98b91a2de5608d36b63c67864b9041d3340587f3dbe40d2	cfa8dcf0d81c408de38d4202fe1ce9d9e5e301d1e67439c9530da94b1e64ee3f	7484d7b0dd80f45e18d726b04752827fe28555cc5c1af0e127948380e6688abf
semantic-proposal-v1	SC1-eddf2aaab411243ba3253ddb03a3e870746cbaf63fcb477215fa159e474a2e9a	S015088	2	P01	SYMBOLS.tsv	285114	selection_expression	x86_64	include/linux/sunrpc/gss_err.h	operative_macro	GSS_C_CALLING_ERROR_OFFSET	80	PENDING_REVIEW	SOURCE_REVIEWED_VALUE	COMPLETE	vendor/linux/include/linux/sunrpc/gss_err.h;vendor/linux/include/linux/sunrpc/gss_err.h:80;rewrite/configs/x86_64/frozen.config;header_closure=rewrite/metadata/header_closure.tsv;selected=PENDING_REVIEW	425f94c2954b1fe80ebdbf9b29854e89750355df	49b63777d13278b575b2eacd911d6e986f060ea4d22d1e64be39b27f0f5fce9c	816c34c0c60da91f2257f703ba593c10b89b42256ed59504a47f277fe58cea41	0123af9e96b58af4e98b91a2de5608d36b63c67864b9041d3340587f3dbe40d2	cfa8dcf0d81c408de38d4202fe1ce9d9e5e301d1e67439c9530da94b1e64ee3f	7484d7b0dd80f45e18d726b04752827fe28555cc5c1af0e127948380e6688abf
semantic-proposal-v1	SC1-1cdcfa513cffb5419a5fbdae199e2fab158ec8995accf2a55a077a0893e8b237	S015088	2	P01	SYMBOLS.tsv	285114	status	x86_64	include/linux/sunrpc/gss_err.h	operative_macro	GSS_C_CALLING_ERROR_OFFSET	80	PENDING_REVIEW	COMPLETE	COMPLETE	vendor/linux/include/linux/sunrpc/gss_err.h;vendor/linux/include/linux/sunrpc/gss_err.h:80;rewrite/configs/x86_64/frozen.config;header_closure=rewrite/metadata/header_closure.tsv;selected=PENDING_REVIEW	425f94c2954b1fe80ebdbf9b29854e89750355df	49b63777d13278b575b2eacd911d6e986f060ea4d22d1e64be39b27f0f5fce9c	816c34c0c60da91f2257f703ba593c10b89b42256ed59504a47f277fe58cea41	0123af9e96b58af4e98b91a2de5608d36b63c67864b9041d3340587f3dbe40d2	cfa8dcf0d81c408de38d4202fe1ce9d9e5e301d1e67439c9530da94b1e64ee3f	7484d7b0dd80f45e18d726b04752827fe28555cc5c1af0e127948380e6688abf
semantic-proposal-v1	SC1-006d35b6fbc395428a1d586bb758a2e55eb1caff29dc9a5a621f1839bcfb1868	S015088	2	P01	SYMBOLS.tsv	285115	selection_expression	x86_64	include/linux/sunrpc/gss_err.h	operative_macro	GSS_C_ROUTINE_ERROR_OFFSET	81	PENDING_REVIEW	SOURCE_REVIEWED_VALUE	COMPLETE	vendor/linux/include/linux/sunrpc/gss_err.h;vendor/linux/include/linux/sunrpc/gss_err.h:81;rewrite/configs/x86_64/frozen.config;header_closure=rewrite/metadata/header_closure.tsv;selected=PENDING_REVIEW	425f94c2954b1fe80ebdbf9b29854e89750355df	49b63777d13278b575b2eacd911d6e986f060ea4d22d1e64be39b27f0f5fce9c	816c34c0c60da91f2257f703ba593c10b89b42256ed59504a47f277fe58cea41	0123af9e96b58af4e98b91a2de5608d36b63c67864b9041d3340587f3dbe40d2	cfa8dcf0d81c408de38d4202fe1ce9d9e5e301d1e67439c9530da94b1e64ee3f	7484d7b0dd80f45e18d726b04752827fe28555cc5c1af0e127948380e6688abf
semantic-proposal-v1	SC1-2f1eafd1b21801fd1a484b6f62872b9ce0ef7ed1386b04de955562cd1307feb3	S015088	2	P01	SYMBOLS.tsv	285115	status	x86_64	include/linux/sunrpc/gss_err.h	operative_macro	GSS_C_ROUTINE_ERROR_OFFSET	81	PENDING_REVIEW	COMPLETE	COMPLETE	vendor/linux/include/linux/sunrpc/gss_err.h;vendor/linux/include/linux/sunrpc/gss_err.h:81;rewrite/configs/x86_64/frozen.config;header_closure=rewrite/metadata/header_closure.tsv;selected=PENDING_REVIEW	425f94c2954b1fe80ebdbf9b29854e89750355df	49b63777d13278b575b2eacd911d6e986f060ea4d22d1e64be39b27f0f5fce9c	816c34c0c60da91f2257f703ba593c10b89b42256ed59504a47f277fe58cea41	0123af9e96b58af4e98b91a2de5608d36b63c67864b9041d3340587f3dbe40d2	cfa8dcf0d81c408de38d4202fe1ce9d9e5e301d1e67439c9530da94b1e64ee3f	7484d7b0dd80f45e18d726b04752827fe28555cc5c1af0e127948380e6688abf
semantic-proposal-v1	SC1-636b470ad8fef198d8e200705ce40e950a482a1980caab6dc43c3239cc82daea	S015088	2	P01	SYMBOLS.tsv	285116	selection_expression	x86_64	include/linux/sunrpc/gss_err.h	operative_macro	GSS_C_SUPPLEMENTARY_OFFSET	82	PENDING_REVIEW	SOURCE_REVIEWED_VALUE	COMPLETE	vendor/linux/include/linux/sunrpc/gss_err.h;vendor/linux/include/linux/sunrpc/gss_err.h:82;rewrite/configs/x86_64/frozen.config;header_closure=rewrite/metadata/header_closure.tsv;selected=PENDING_REVIEW	425f94c2954b1fe80ebdbf9b29854e89750355df	49b63777d13278b575b2eacd911d6e986f060ea4d22d1e64be39b27f0f5fce9c	816c34c0c60da91f2257f703ba593c10b89b42256ed59504a47f277fe58cea41	0123af9e96b58af4e98b91a2de5608d36b63c67864b9041d3340587f3dbe40d2	cfa8dcf0d81c408de38d4202fe1ce9d9e5e301d1e67439c9530da94b1e64ee3f	7484d7b0dd80f45e18d726b04752827fe28555cc5c1af0e127948380e6688abf
semantic-proposal-v1	SC1-31f45f5a03ea41f251dea9271fbae87ee979b5f2bcd9168a9d32d4488a15d30b	S015088	2	P01	SYMBOLS.tsv	285116	status	x86_64	include/linux/sunrpc/gss_err.h	operative_macro	GSS_C_SUPPLEMENTARY_OFFSET	82	PENDING_REVIEW	COMPLETE	COMPLETE	vendor/linux/include/linux/sunrpc/gss_err.h;vendor/linux/include/linux/sunrpc/gss_err.h:82;rewrite/configs/x86_64/frozen.config;header_closure=rewrite/metadata/header_closure.tsv;selected=PENDING_REVIEW	425f94c2954b1fe80ebdbf9b29854e89750355df	49b63777d13278b575b2eacd911d6e986f060ea4d22d1e64be39b27f0f5fce9c	816c34c0c60da91f2257f703ba593c10b89b42256ed59504a47f277fe58cea41	0123af9e96b58af4e98b91a2de5608d36b63c67864b9041d3340587f3dbe40d2	cfa8dcf0d81c408de38d4202fe1ce9d9e5e301d1e67439c9530da94b1e64ee3f	7484d7b0dd80f45e18d726b04752827fe28555cc5c1af0e127948380e6688abf
semantic-proposal-v1	SC1-c7354b4f0ce2d4239565738590d1ce8ac43f59bab3adead7d50562cb86a10a6e	S015088	2	P01	SYMBOLS.tsv	285117	selection_expression	x86_64	include/linux/sunrpc/gss_err.h	operative_macro	GSS_C_CALLING_ERROR_MASK	83	PENDING_REVIEW	SOURCE_REVIEWED_VALUE	COMPLETE	vendor/linux/include/linux/sunrpc/gss_err.h;vendor/linux/include/linux/sunrpc/gss_err.h:83;rewrite/configs/x86_64/frozen.config;header_closure=rewrite/metadata/header_closure.tsv;selected=PENDING_REVIEW	425f94c2954b1fe80ebdbf9b29854e89750355df	49b63777d13278b575b2eacd911d6e986f060ea4d22d1e64be39b27f0f5fce9c	816c34c0c60da91f2257f703ba593c10b89b42256ed59504a47f277fe58cea41	0123af9e96b58af4e98b91a2de5608d36b63c67864b9041d3340587f3dbe40d2	cfa8dcf0d81c408de38d4202fe1ce9d9e5e301d1e67439c9530da94b1e64ee3f	7484d7b0dd80f45e18d726b04752827fe28555cc5c1af0e127948380e6688abf
semantic-proposal-v1	SC1-a85d7ecc701f36b3778357c2323ccf1b16411e1f5d9596154b3caa4ef228d7f0	S015088	2	P01	SYMBOLS.tsv	285117	status	x86_64	include/linux/sunrpc/gss_err.h	operative_macro	GSS_C_CALLING_ERROR_MASK	83	PENDING_REVIEW	COMPLETE	COMPLETE	vendor/linux/include/linux/sunrpc/gss_err.h;vendor/linux/include/linux/sunrpc/gss_err.h:83;rewrite/configs/x86_64/frozen.config;header_closure=rewrite/metadata/header_closure.tsv;selected=PENDING_REVIEW	425f94c2954b1fe80ebdbf9b29854e89750355df	49b63777d13278b575b2eacd911d6e986f060ea4d22d1e64be39b27f0f5fce9c	816c34c0c60da91f2257f703ba593c10b89b42256ed59504a47f277fe58cea41	0123af9e96b58af4e98b91a2de5608d36b63c67864b9041d3340587f3dbe40d2	cfa8dcf0d81c408de38d4202fe1ce9d9e5e301d1e67439c9530da94b1e64ee3f	7484d7b0dd80f45e18d726b04752827fe28555cc5c1af0e127948380e6688abf
semantic-proposal-v1	SC1-db18784e57ccb5d7ed5dac8015c95733ec32924fcdd64d6a6c67fc68eef4065d	S015088	2	P01	SYMBOLS.tsv	285118	selection_expression	x86_64	include/linux/sunrpc/gss_err.h	operative_macro	GSS_C_ROUTINE_ERROR_MASK	84	PENDING_REVIEW	SOURCE_REVIEWED_VALUE	COMPLETE	vendor/linux/include/linux/sunrpc/gss_err.h;vendor/linux/include/linux/sunrpc/gss_err.h:84;rewrite/configs/x86_64/frozen.config;header_closure=rewrite/metadata/header_closure.tsv;selected=PENDING_REVIEW	425f94c2954b1fe80ebdbf9b29854e89750355df	49b63777d13278b575b2eacd911d6e986f060ea4d22d1e64be39b27f0f5fce9c	816c34c0c60da91f2257f703ba593c10b89b42256ed59504a47f277fe58cea41	0123af9e96b58af4e98b91a2de5608d36b63c67864b9041d3340587f3dbe40d2	cfa8dcf0d81c408de38d4202fe1ce9d9e5e301d1e67439c9530da94b1e64ee3f	7484d7b0dd80f45e18d726b04752827fe28555cc5c1af0e127948380e6688abf
semantic-proposal-v1	SC1-210bb15c8255dc0b76ecb5ef2aa3864692b1e660d45ae1d79a5110a692598a24	S015088	2	P01	SYMBOLS.tsv	285118	status	x86_64	include/linux/sunrpc/gss_err.h	operative_macro	GSS_C_ROUTINE_ERROR_MASK	84	PENDING_REVIEW	COMPLETE	COMPLETE	vendor/linux/include/linux/sunrpc/gss_err.h;vendor/linux/include/linux/sunrpc/gss_err.h:84;rewrite/configs/x86_64/frozen.config;header_closure=rewrite/metadata/header_closure.tsv;selected=PENDING_REVIEW	425f94c2954b1fe80ebdbf9b29854e89750355df	49b63777d13278b575b2eacd911d6e986f060ea4d22d1e64be39b27f0f5fce9c	816c34c0c60da91f2257f703ba593c10b89b42256ed59504a47f277fe58cea41	0123af9e96b58af4e98b91a2de5608d36b63c67864b9041d3340587f3dbe40d2	cfa8dcf0d81c408de38d4202fe1ce9d9e5e301d1e67439c9530da94b1e64ee3f	7484d7b0dd80f45e18d726b04752827fe28555cc5c1af0e127948380e6688abf
semantic-proposal-v1	SC1-4d7b2e5346f4aea7fe487264528315cffd8067cd75e56b2b5b30503a77c40560	S015088	2	P01	SYMBOLS.tsv	285119	selection_expression	x86_64	include/linux/sunrpc/gss_err.h	operative_macro	GSS_C_SUPPLEMENTARY_MASK	85	PENDING_REVIEW	SOURCE_REVIEWED_VALUE	COMPLETE	vendor/linux/include/linux/sunrpc/gss_err.h;vendor/linux/include/linux/sunrpc/gss_err.h:85;rewrite/configs/x86_64/frozen.config;header_closure=rewrite/metadata/header_closure.tsv;selected=PENDING_REVIEW	425f94c2954b1fe80ebdbf9b29854e89750355df	49b63777d13278b575b2eacd911d6e986f060ea4d22d1e64be39b27f0f5fce9c	816c34c0c60da91f2257f703ba593c10b89b42256ed59504a47f277fe58cea41	0123af9e96b58af4e98b91a2de5608d36b63c67864b9041d3340587f3dbe40d2	cfa8dcf0d81c408de38d4202fe1ce9d9e5e301d1e67439c9530da94b1e64ee3f	7484d7b0dd80f45e18d726b04752827fe28555cc5c1af0e127948380e6688abf
semantic-proposal-v1	SC1-4ee0ff34762e2ed865250a38ec0736be339178aeb9d24798f50c65a77fb3e9ec	S015088	2	P01	SYMBOLS.tsv	285119	status	x86_64	include/linux/sunrpc/gss_err.h	operative_macro	GSS_C_SUPPLEMENTARY_MASK	85	PENDING_REVIEW	COMPLETE	COMPLETE	vendor/linux/include/linux/sunrpc/gss_err.h;vendor/linux/include/linux/sunrpc/gss_err.h:85;rewrite/configs/x86_64/frozen.config;header_closure=rewrite/metadata/header_closure.tsv;selected=PENDING_REVIEW	425f94c2954b1fe80ebdbf9b29854e89750355df	49b63777d13278b575b2eacd911d6e986f060ea4d22d1e64be39b27f0f5fce9c	816c34c0c60da91f2257f703ba593c10b89b42256ed59504a47f277fe58cea41	0123af9e96b58af4e98b91a2de5608d36b63c67864b9041d3340587f3dbe40d2	cfa8dcf0d81c408de38d4202fe1ce9d9e5e301d1e67439c9530da94b1e64ee3f	7484d7b0dd80f45e18d726b04752827fe28555cc5c1af0e127948380e6688abf
semantic-proposal-v1	SC1-e3717da1227862fb9235eba83b86844746046191c960d26b5b66c8784a51a43b	S015088	2	P01	SYMBOLS.tsv	285120	selection_expression	x86_64	include/linux/sunrpc/gss_err.h	operative_macro	GSS_CALLING_ERROR	92	PENDING_REVIEW	SOURCE_REVIEWED_VALUE	COMPLETE	vendor/linux/include/linux/sunrpc/gss_err.h;vendor/linux/include/linux/sunrpc/gss_err.h:92;rewrite/configs/x86_64/frozen.config;header_closure=rewrite/metadata/header_closure.tsv;selected=PENDING_REVIEW	425f94c2954b1fe80ebdbf9b29854e89750355df	49b63777d13278b575b2eacd911d6e986f060ea4d22d1e64be39b27f0f5fce9c	816c34c0c60da91f2257f703ba593c10b89b42256ed59504a47f277fe58cea41	0123af9e96b58af4e98b91a2de5608d36b63c67864b9041d3340587f3dbe40d2	cfa8dcf0d81c408de38d4202fe1ce9d9e5e301d1e67439c9530da94b1e64ee3f	7484d7b0dd80f45e18d726b04752827fe28555cc5c1af0e127948380e6688abf
semantic-proposal-v1	SC1-74229105eae54f9fef12690f86ba84335cbde47a5429ce316f4b39b96a1a2fba	S015088	2	P01	SYMBOLS.tsv	285120	status	x86_64	include/linux/sunrpc/gss_err.h	operative_macro	GSS_CALLING_ERROR	92	PENDING_REVIEW	COMPLETE	COMPLETE	vendor/linux/include/linux/sunrpc/gss_err.h;vendor/linux/include/linux/sunrpc/gss_err.h:92;rewrite/configs/x86_64/frozen.config;header_closure=rewrite/metadata/header_closure.tsv;selected=PENDING_REVIEW	425f94c2954b1fe80ebdbf9b29854e89750355df	49b63777d13278b575b2eacd911d6e986f060ea4d22d1e64be39b27f0f5fce9c	816c34c0c60da91f2257f703ba593c10b89b42256ed59504a47f277fe58cea41	0123af9e96b58af4e98b91a2de5608d36b63c67864b9041d3340587f3dbe40d2	cfa8dcf0d81c408de38d4202fe1ce9d9e5e301d1e67439c9530da94b1e64ee3f	7484d7b0dd80f45e18d726b04752827fe28555cc5c1af0e127948380e6688abf
semantic-proposal-v1	SC1-d43c60aeebdb158c74bbda9394614f699b0caf047574152e2f0d9c323bf05df0	S015088	2	P01	SYMBOLS.tsv	285121	selection_expression	x86_64	include/linux/sunrpc/gss_err.h	operative_macro	GSS_ROUTINE_ERROR	94	PENDING_REVIEW	SOURCE_REVIEWED_VALUE	COMPLETE	vendor/linux/include/linux/sunrpc/gss_err.h;vendor/linux/include/linux/sunrpc/gss_err.h:94;rewrite/configs/x86_64/frozen.config;header_closure=rewrite/metadata/header_closure.tsv;selected=PENDING_REVIEW	425f94c2954b1fe80ebdbf9b29854e89750355df	49b63777d13278b575b2eacd911d6e986f060ea4d22d1e64be39b27f0f5fce9c	816c34c0c60da91f2257f703ba593c10b89b42256ed59504a47f277fe58cea41	0123af9e96b58af4e98b91a2de5608d36b63c67864b9041d3340587f3dbe40d2	cfa8dcf0d81c408de38d4202fe1ce9d9e5e301d1e67439c9530da94b1e64ee3f	7484d7b0dd80f45e18d726b04752827fe28555cc5c1af0e127948380e6688abf
semantic-proposal-v1	SC1-91f3ecce6c67ebc0ff03c119d95b69bec9420cf1341fc5abe8c09425b8228860	S015088	2	P01	SYMBOLS.tsv	285121	status	x86_64	include/linux/sunrpc/gss_err.h	operative_macro	GSS_ROUTINE_ERROR	94	PENDING_REVIEW	COMPLETE	COMPLETE	vendor/linux/include/linux/sunrpc/gss_err.h;vendor/linux/include/linux/sunrpc/gss_err.h:94;rewrite/configs/x86_64/frozen.config;header_closure=rewrite/metadata/header_closure.tsv;selected=PENDING_REVIEW	425f94c2954b1fe80ebdbf9b29854e89750355df	49b63777d13278b575b2eacd911d6e986f060ea4d22d1e64be39b27f0f5fce9c	816c34c0c60da91f2257f703ba593c10b89b42256ed59504a47f277fe58cea41	0123af9e96b58af4e98b91a2de5608d36b63c67864b9041d3340587f3dbe40d2	cfa8dcf0d81c408de38d4202fe1ce9d9e5e301d1e67439c9530da94b1e64ee3f	7484d7b0dd80f45e18d726b04752827fe28555cc5c1af0e127948380e6688abf
semantic-proposal-v1	SC1-b5abd50526dd0887ef74fe894de1822b79964c58bae4e98859b6e1bcfae74fc8	S015088	2	P01	SYMBOLS.tsv	285122	selection_expression	x86_64	include/linux/sunrpc/gss_err.h	operative_macro	GSS_SUPPLEMENTARY_INFO	96	PENDING_REVIEW	SOURCE_REVIEWED_VALUE	COMPLETE	vendor/linux/include/linux/sunrpc/gss_err.h;vendor/linux/include/linux/sunrpc/gss_err.h:96;rewrite/configs/x86_64/frozen.config;header_closure=rewrite/metadata/header_closure.tsv;selected=PENDING_REVIEW	425f94c2954b1fe80ebdbf9b29854e89750355df	49b63777d13278b575b2eacd911d6e986f060ea4d22d1e64be39b27f0f5fce9c	816c34c0c60da91f2257f703ba593c10b89b42256ed59504a47f277fe58cea41	0123af9e96b58af4e98b91a2de5608d36b63c67864b9041d3340587f3dbe40d2	cfa8dcf0d81c408de38d4202fe1ce9d9e5e301d1e67439c9530da94b1e64ee3f	7484d7b0dd80f45e18d726b04752827fe28555cc5c1af0e127948380e6688abf
semantic-proposal-v1	SC1-c7f561a63ab629b39011a9dc741bebc903bdf61cd32dedf09c92a32cd4588593	S015088	2	P01	SYMBOLS.tsv	285122	status	x86_64	include/linux/sunrpc/gss_err.h	operative_macro	GSS_SUPPLEMENTARY_INFO	96	PENDING_REVIEW	COMPLETE	COMPLETE	vendor/linux/include/linux/sunrpc/gss_err.h;vendor/linux/include/linux/sunrpc/gss_err.h:96;rewrite/configs/x86_64/frozen.config;header_closure=rewrite/metadata/header_closure.tsv;selected=PENDING_REVIEW	425f94c2954b1fe80ebdbf9b29854e89750355df	49b63777d13278b575b2eacd911d6e986f060ea4d22d1e64be39b27f0f5fce9c	816c34c0c60da91f2257f703ba593c10b89b42256ed59504a47f277fe58cea41	0123af9e96b58af4e98b91a2de5608d36b63c67864b9041d3340587f3dbe40d2	cfa8dcf0d81c408de38d4202fe1ce9d9e5e301d1e67439c9530da94b1e64ee3f	7484d7b0dd80f45e18d726b04752827fe28555cc5c1af0e127948380e6688abf
semantic-proposal-v1	SC1-ab80f7a2120a61d573ddb3e24147311e03834c290d8406914d35f9edebbf4e85	S015088	2	P01	SYMBOLS.tsv	285123	selection_expression	x86_64	include/linux/sunrpc/gss_err.h	operative_macro	GSS_ERROR	98	PENDING_REVIEW	SOURCE_REVIEWED_VALUE	COMPLETE	vendor/linux/include/linux/sunrpc/gss_err.h;vendor/linux/include/linux/sunrpc/gss_err.h:98;rewrite/configs/x86_64/frozen.config;header_closure=rewrite/metadata/header_closure.tsv;selected=PENDING_REVIEW	425f94c2954b1fe80ebdbf9b29854e89750355df	49b63777d13278b575b2eacd911d6e986f060ea4d22d1e64be39b27f0f5fce9c	816c34c0c60da91f2257f703ba593c10b89b42256ed59504a47f277fe58cea41	0123af9e96b58af4e98b91a2de5608d36b63c67864b9041d3340587f3dbe40d2	cfa8dcf0d81c408de38d4202fe1ce9d9e5e301d1e67439c9530da94b1e64ee3f	7484d7b0dd80f45e18d726b04752827fe28555cc5c1af0e127948380e6688abf
semantic-proposal-v1	SC1-59b782138f76e240b708c53ad946e176eb85efbebe18ca512febd92328c4bcae	S015088	2	P01	SYMBOLS.tsv	285123	status	x86_64	include/linux/sunrpc/gss_err.h	operative_macro	GSS_ERROR	98	PENDING_REVIEW	COMPLETE	COMPLETE	vendor/linux/include/linux/sunrpc/gss_err.h;vendor/linux/include/linux/sunrpc/gss_err.h:98;rewrite/configs/x86_64/frozen.config;header_closure=rewrite/metadata/header_closure.tsv;selected=PENDING_REVIEW	425f94c2954b1fe80ebdbf9b29854e89750355df	49b63777d13278b575b2eacd911d6e986f060ea4d22d1e64be39b27f0f5fce9c	816c34c0c60da91f2257f703ba593c10b89b42256ed59504a47f277fe58cea41	0123af9e96b58af4e98b91a2de5608d36b63c67864b9041d3340587f3dbe40d2	cfa8dcf0d81c408de38d4202fe1ce9d9e5e301d1e67439c9530da94b1e64ee3f	7484d7b0dd80f45e18d726b04752827fe28555cc5c1af0e127948380e6688abf
semantic-proposal-v1	SC1-7f42614b6204bcd85ee264ac08c3dc4493d7c5394a07ea31ee46cd479b6af68d	S015088	2	P01	SYMBOLS.tsv	285124	selection_expression	x86_64	include/linux/sunrpc/gss_err.h	operative_macro	GSS_S_CALL_INACCESSIBLE_READ	109	PENDING_REVIEW	SOURCE_REVIEWED_VALUE	COMPLETE	vendor/linux/include/linux/sunrpc/gss_err.h;vendor/linux/include/linux/sunrpc/gss_err.h:109;rewrite/configs/x86_64/frozen.config;header_closure=rewrite/metadata/header_closure.tsv;selected=PENDING_REVIEW	425f94c2954b1fe80ebdbf9b29854e89750355df	49b63777d13278b575b2eacd911d6e986f060ea4d22d1e64be39b27f0f5fce9c	816c34c0c60da91f2257f703ba593c10b89b42256ed59504a47f277fe58cea41	0123af9e96b58af4e98b91a2de5608d36b63c67864b9041d3340587f3dbe40d2	cfa8dcf0d81c408de38d4202fe1ce9d9e5e301d1e67439c9530da94b1e64ee3f	7484d7b0dd80f45e18d726b04752827fe28555cc5c1af0e127948380e6688abf
semantic-proposal-v1	SC1-0484a2a571f50e46be9db1171559846ab9af54b280913d8164ecf57198a995fe	S015088	2	P01	SYMBOLS.tsv	285124	status	x86_64	include/linux/sunrpc/gss_err.h	operative_macro	GSS_S_CALL_INACCESSIBLE_READ	109	PENDING_REVIEW	COMPLETE	COMPLETE	vendor/linux/include/linux/sunrpc/gss_err.h;vendor/linux/include/linux/sunrpc/gss_err.h:109;rewrite/configs/x86_64/frozen.config;header_closure=rewrite/metadata/header_closure.tsv;selected=PENDING_REVIEW	425f94c2954b1fe80ebdbf9b29854e89750355df	49b63777d13278b575b2eacd911d6e986f060ea4d22d1e64be39b27f0f5fce9c	816c34c0c60da91f2257f703ba593c10b89b42256ed59504a47f277fe58cea41	0123af9e96b58af4e98b91a2de5608d36b63c67864b9041d3340587f3dbe40d2	cfa8dcf0d81c408de38d4202fe1ce9d9e5e301d1e67439c9530da94b1e64ee3f	7484d7b0dd80f45e18d726b04752827fe28555cc5c1af0e127948380e6688abf
semantic-proposal-v1	SC1-856155bf186c924d465cb3b8a08dd021187fbdea0340840efe40889fa1748833	S015088	2	P01	SYMBOLS.tsv	285125	selection_expression	x86_64	include/linux/sunrpc/gss_err.h	operative_macro	GSS_S_CALL_INACCESSIBLE_WRITE	111	PENDING_REVIEW	SOURCE_REVIEWED_VALUE	COMPLETE	vendor/linux/include/linux/sunrpc/gss_err.h;vendor/linux/include/linux/sunrpc/gss_err.h:111;rewrite/configs/x86_64/frozen.config;header_closure=rewrite/metadata/header_closure.tsv;selected=PENDING_REVIEW	425f94c2954b1fe80ebdbf9b29854e89750355df	49b63777d13278b575b2eacd911d6e986f060ea4d22d1e64be39b27f0f5fce9c	816c34c0c60da91f2257f703ba593c10b89b42256ed59504a47f277fe58cea41	0123af9e96b58af4e98b91a2de5608d36b63c67864b9041d3340587f3dbe40d2	cfa8dcf0d81c408de38d4202fe1ce9d9e5e301d1e67439c9530da94b1e64ee3f	7484d7b0dd80f45e18d726b04752827fe28555cc5c1af0e127948380e6688abf
semantic-proposal-v1	SC1-01e1042c10350fc91591322b959bbb71e3b06afddbadc0f62de919fef676c9cd	S015088	2	P01	SYMBOLS.tsv	285125	status	x86_64	include/linux/sunrpc/gss_err.h	operative_macro	GSS_S_CALL_INACCESSIBLE_WRITE	111	PENDING_REVIEW	COMPLETE	COMPLETE	vendor/linux/include/linux/sunrpc/gss_err.h;vendor/linux/include/linux/sunrpc/gss_err.h:111;rewrite/configs/x86_64/frozen.config;header_closure=rewrite/metadata/header_closure.tsv;selected=PENDING_REVIEW	425f94c2954b1fe80ebdbf9b29854e89750355df	49b63777d13278b575b2eacd911d6e986f060ea4d22d1e64be39b27f0f5fce9c	816c34c0c60da91f2257f703ba593c10b89b42256ed59504a47f277fe58cea41	0123af9e96b58af4e98b91a2de5608d36b63c67864b9041d3340587f3dbe40d2	cfa8dcf0d81c408de38d4202fe1ce9d9e5e301d1e67439c9530da94b1e64ee3f	7484d7b0dd80f45e18d726b04752827fe28555cc5c1af0e127948380e6688abf
semantic-proposal-v1	SC1-7e1877fd3a90363ccc560334b57bd1408c76785ba2b6eb425f073fd7016cf577	S015088	2	P01	SYMBOLS.tsv	285126	selection_expression	x86_64	include/linux/sunrpc/gss_err.h	operative_macro	GSS_S_CALL_BAD_STRUCTURE	113	PENDING_REVIEW	SOURCE_REVIEWED_VALUE	COMPLETE	vendor/linux/include/linux/sunrpc/gss_err.h;vendor/linux/include/linux/sunrpc/gss_err.h:113;rewrite/configs/x86_64/frozen.config;header_closure=rewrite/metadata/header_closure.tsv;selected=PENDING_REVIEW	425f94c2954b1fe80ebdbf9b29854e89750355df	49b63777d13278b575b2eacd911d6e986f060ea4d22d1e64be39b27f0f5fce9c	816c34c0c60da91f2257f703ba593c10b89b42256ed59504a47f277fe58cea41	0123af9e96b58af4e98b91a2de5608d36b63c67864b9041d3340587f3dbe40d2	cfa8dcf0d81c408de38d4202fe1ce9d9e5e301d1e67439c9530da94b1e64ee3f	7484d7b0dd80f45e18d726b04752827fe28555cc5c1af0e127948380e6688abf
semantic-proposal-v1	SC1-571dcd3a57d8a8fb9c75bf9b0ae38d685c87d8944363ff24b5f84edb9d896d9a	S015088	2	P01	SYMBOLS.tsv	285126	status	x86_64	include/linux/sunrpc/gss_err.h	operative_macro	GSS_S_CALL_BAD_STRUCTURE	113	PENDING_REVIEW	COMPLETE	COMPLETE	vendor/linux/include/linux/sunrpc/gss_err.h;vendor/linux/include/linux/sunrpc/gss_err.h:113;rewrite/configs/x86_64/frozen.config;header_closure=rewrite/metadata/header_closure.tsv;selected=PENDING_REVIEW	425f94c2954b1fe80ebdbf9b29854e89750355df	49b63777d13278b575b2eacd911d6e986f060ea4d22d1e64be39b27f0f5fce9c	816c34c0c60da91f2257f703ba593c10b89b42256ed59504a47f277fe58cea41	0123af9e96b58af4e98b91a2de5608d36b63c67864b9041d3340587f3dbe40d2	cfa8dcf0d81c408de38d4202fe1ce9d9e5e301d1e67439c9530da94b1e64ee3f	7484d7b0dd80f45e18d726b04752827fe28555cc5c1af0e127948380e6688abf
semantic-proposal-v1	SC1-7be05f7979c534ee031f71c5f09b5db1e0f4f6a8bc92c03b128f9e9c09487770	S015088	2	P01	SYMBOLS.tsv	285127	selection_expression	x86_64	include/linux/sunrpc/gss_err.h	operative_macro	GSS_S_BAD_MECH	119	PENDING_REVIEW	SOURCE_REVIEWED_VALUE	COMPLETE	vendor/linux/include/linux/sunrpc/gss_err.h;vendor/linux/include/linux/sunrpc/gss_err.h:119;rewrite/configs/x86_64/frozen.config;header_closure=rewrite/metadata/header_closure.tsv;selected=PENDING_REVIEW	425f94c2954b1fe80ebdbf9b29854e89750355df	49b63777d13278b575b2eacd911d6e986f060ea4d22d1e64be39b27f0f5fce9c	816c34c0c60da91f2257f703ba593c10b89b42256ed59504a47f277fe58cea41	0123af9e96b58af4e98b91a2de5608d36b63c67864b9041d3340587f3dbe40d2	cfa8dcf0d81c408de38d4202fe1ce9d9e5e301d1e67439c9530da94b1e64ee3f	7484d7b0dd80f45e18d726b04752827fe28555cc5c1af0e127948380e6688abf
semantic-proposal-v1	SC1-b47440af2c34f3aec487956d6c24d6d8bbfa98ca280b2256f07bbe9e18f5e46d	S015088	2	P01	SYMBOLS.tsv	285127	status	x86_64	include/linux/sunrpc/gss_err.h	operative_macro	GSS_S_BAD_MECH	119	PENDING_REVIEW	COMPLETE	COMPLETE	vendor/linux/include/linux/sunrpc/gss_err.h;vendor/linux/include/linux/sunrpc/gss_err.h:119;rewrite/configs/x86_64/frozen.config;header_closure=rewrite/metadata/header_closure.tsv;selected=PENDING_REVIEW	425f94c2954b1fe80ebdbf9b29854e89750355df	49b63777d13278b575b2eacd911d6e986f060ea4d22d1e64be39b27f0f5fce9c	816c34c0c60da91f2257f703ba593c10b89b42256ed59504a47f277fe58cea41	0123af9e96b58af4e98b91a2de5608d36b63c67864b9041d3340587f3dbe40d2	cfa8dcf0d81c408de38d4202fe1ce9d9e5e301d1e67439c9530da94b1e64ee3f	7484d7b0dd80f45e18d726b04752827fe28555cc5c1af0e127948380e6688abf
semantic-proposal-v1	SC1-bc799da305dc95d3a424399f72c896bfca0deef3ff286e6967d5054e411288a7	S015088	2	P01	SYMBOLS.tsv	285128	selection_expression	x86_64	include/linux/sunrpc/gss_err.h	operative_macro	GSS_S_BAD_NAME	120	PENDING_REVIEW	SOURCE_REVIEWED_VALUE	COMPLETE	vendor/linux/include/linux/sunrpc/gss_err.h;vendor/linux/include/linux/sunrpc/gss_err.h:120;rewrite/configs/x86_64/frozen.config;header_closure=rewrite/metadata/header_closure.tsv;selected=PENDING_REVIEW	425f94c2954b1fe80ebdbf9b29854e89750355df	49b63777d13278b575b2eacd911d6e986f060ea4d22d1e64be39b27f0f5fce9c	816c34c0c60da91f2257f703ba593c10b89b42256ed59504a47f277fe58cea41	0123af9e96b58af4e98b91a2de5608d36b63c67864b9041d3340587f3dbe40d2	cfa8dcf0d81c408de38d4202fe1ce9d9e5e301d1e67439c9530da94b1e64ee3f	7484d7b0dd80f45e18d726b04752827fe28555cc5c1af0e127948380e6688abf
semantic-proposal-v1	SC1-230ad8b4607c17fba1fd7a9c26cff5bd2cd32fac5f9964f8b74c4a2f75d964e8	S015088	2	P01	SYMBOLS.tsv	285128	status	x86_64	include/linux/sunrpc/gss_err.h	operative_macro	GSS_S_BAD_NAME	120	PENDING_REVIEW	COMPLETE	COMPLETE	vendor/linux/include/linux/sunrpc/gss_err.h;vendor/linux/include/linux/sunrpc/gss_err.h:120;rewrite/configs/x86_64/frozen.config;header_closure=rewrite/metadata/header_closure.tsv;selected=PENDING_REVIEW	425f94c2954b1fe80ebdbf9b29854e89750355df	49b63777d13278b575b2eacd911d6e986f060ea4d22d1e64be39b27f0f5fce9c	816c34c0c60da91f2257f703ba593c10b89b42256ed59504a47f277fe58cea41	0123af9e96b58af4e98b91a2de5608d36b63c67864b9041d3340587f3dbe40d2	cfa8dcf0d81c408de38d4202fe1ce9d9e5e301d1e67439c9530da94b1e64ee3f	7484d7b0dd80f45e18d726b04752827fe28555cc5c1af0e127948380e6688abf
semantic-proposal-v1	SC1-cdd8ce08d00d098a56ef3ae55a7ad142aaa88db260679356986a30a4ee05c835	S015088	2	P01	SYMBOLS.tsv	285129	selection_expression	x86_64	include/linux/sunrpc/gss_err.h	operative_macro	GSS_S_BAD_NAMETYPE	121	PENDING_REVIEW	SOURCE_REVIEWED_VALUE	COMPLETE	vendor/linux/include/linux/sunrpc/gss_err.h;vendor/linux/include/linux/sunrpc/gss_err.h:121;rewrite/configs/x86_64/frozen.config;header_closure=rewrite/metadata/header_closure.tsv;selected=PENDING_REVIEW	425f94c2954b1fe80ebdbf9b29854e89750355df	49b63777d13278b575b2eacd911d6e986f060ea4d22d1e64be39b27f0f5fce9c	816c34c0c60da91f2257f703ba593c10b89b42256ed59504a47f277fe58cea41	0123af9e96b58af4e98b91a2de5608d36b63c67864b9041d3340587f3dbe40d2	cfa8dcf0d81c408de38d4202fe1ce9d9e5e301d1e67439c9530da94b1e64ee3f	7484d7b0dd80f45e18d726b04752827fe28555cc5c1af0e127948380e6688abf
semantic-proposal-v1	SC1-06474ddc561cbbd76e7907fb60741f82da813c2b96df6f55c64627f122ff224d	S015088	2	P01	SYMBOLS.tsv	285129	status	x86_64	include/linux/sunrpc/gss_err.h	operative_macro	GSS_S_BAD_NAMETYPE	121	PENDING_REVIEW	COMPLETE	COMPLETE	vendor/linux/include/linux/sunrpc/gss_err.h;vendor/linux/include/linux/sunrpc/gss_err.h:121;rewrite/configs/x86_64/frozen.config;header_closure=rewrite/metadata/header_closure.tsv;selected=PENDING_REVIEW	425f94c2954b1fe80ebdbf9b29854e89750355df	49b63777d13278b575b2eacd911d6e986f060ea4d22d1e64be39b27f0f5fce9c	816c34c0c60da91f2257f703ba593c10b89b42256ed59504a47f277fe58cea41	0123af9e96b58af4e98b91a2de5608d36b63c67864b9041d3340587f3dbe40d2	cfa8dcf0d81c408de38d4202fe1ce9d9e5e301d1e67439c9530da94b1e64ee3f	7484d7b0dd80f45e18d726b04752827fe28555cc5c1af0e127948380e6688abf
semantic-proposal-v1	SC1-5ecd8e6e6a0037d89bb2a07667a1b0c23f3c2a11a7cb214b81f3b210ed003ce7	S015088	2	P01	SYMBOLS.tsv	285130	selection_expression	x86_64	include/linux/sunrpc/gss_err.h	operative_macro	GSS_S_BAD_BINDINGS	122	PENDING_REVIEW	SOURCE_REVIEWED_VALUE	COMPLETE	vendor/linux/include/linux/sunrpc/gss_err.h;vendor/linux/include/linux/sunrpc/gss_err.h:122;rewrite/configs/x86_64/frozen.config;header_closure=rewrite/metadata/header_closure.tsv;selected=PENDING_REVIEW	425f94c2954b1fe80ebdbf9b29854e89750355df	49b63777d13278b575b2eacd911d6e986f060ea4d22d1e64be39b27f0f5fce9c	816c34c0c60da91f2257f703ba593c10b89b42256ed59504a47f277fe58cea41	0123af9e96b58af4e98b91a2de5608d36b63c67864b9041d3340587f3dbe40d2	cfa8dcf0d81c408de38d4202fe1ce9d9e5e301d1e67439c9530da94b1e64ee3f	7484d7b0dd80f45e18d726b04752827fe28555cc5c1af0e127948380e6688abf
semantic-proposal-v1	SC1-9ac1923a8b49bdbbb1a13f2abd1e25da9097a1a1f2661727fdd178dac53eaad4	S015088	2	P01	SYMBOLS.tsv	285130	status	x86_64	include/linux/sunrpc/gss_err.h	operative_macro	GSS_S_BAD_BINDINGS	122	PENDING_REVIEW	COMPLETE	COMPLETE	vendor/linux/include/linux/sunrpc/gss_err.h;vendor/linux/include/linux/sunrpc/gss_err.h:122;rewrite/configs/x86_64/frozen.config;header_closure=rewrite/metadata/header_closure.tsv;selected=PENDING_REVIEW	425f94c2954b1fe80ebdbf9b29854e89750355df	49b63777d13278b575b2eacd911d6e986f060ea4d22d1e64be39b27f0f5fce9c	816c34c0c60da91f2257f703ba593c10b89b42256ed59504a47f277fe58cea41	0123af9e96b58af4e98b91a2de5608d36b63c67864b9041d3340587f3dbe40d2	cfa8dcf0d81c408de38d4202fe1ce9d9e5e301d1e67439c9530da94b1e64ee3f	7484d7b0dd80f45e18d726b04752827fe28555cc5c1af0e127948380e6688abf
semantic-proposal-v1	SC1-8dae9891ec34cd34b5f5a3c01ea951fcd15ea177424feca96c46d72a3f6cdcea	S015088	2	P01	SYMBOLS.tsv	285131	selection_expression	x86_64	include/linux/sunrpc/gss_err.h	operative_macro	GSS_S_BAD_STATUS	123	PENDING_REVIEW	SOURCE_REVIEWED_VALUE	COMPLETE	vendor/linux/include/linux/sunrpc/gss_err.h;vendor/linux/include/linux/sunrpc/gss_err.h:123;rewrite/configs/x86_64/frozen.config;header_closure=rewrite/metadata/header_closure.tsv;selected=PENDING_REVIEW	425f94c2954b1fe80ebdbf9b29854e89750355df	49b63777d13278b575b2eacd911d6e986f060ea4d22d1e64be39b27f0f5fce9c	816c34c0c60da91f2257f703ba593c10b89b42256ed59504a47f277fe58cea41	0123af9e96b58af4e98b91a2de5608d36b63c67864b9041d3340587f3dbe40d2	cfa8dcf0d81c408de38d4202fe1ce9d9e5e301d1e67439c9530da94b1e64ee3f	7484d7b0dd80f45e18d726b04752827fe28555cc5c1af0e127948380e6688abf
semantic-proposal-v1	SC1-c4d9fd7b897815ea411e9689987b662a0acebd67c38592af62ff00e077ebbd28	S015088	2	P01	SYMBOLS.tsv	285131	status	x86_64	include/linux/sunrpc/gss_err.h	operative_macro	GSS_S_BAD_STATUS	123	PENDING_REVIEW	COMPLETE	COMPLETE	vendor/linux/include/linux/sunrpc/gss_err.h;vendor/linux/include/linux/sunrpc/gss_err.h:123;rewrite/configs/x86_64/frozen.config;header_closure=rewrite/metadata/header_closure.tsv;selected=PENDING_REVIEW	425f94c2954b1fe80ebdbf9b29854e89750355df	49b63777d13278b575b2eacd911d6e986f060ea4d22d1e64be39b27f0f5fce9c	816c34c0c60da91f2257f703ba593c10b89b42256ed59504a47f277fe58cea41	0123af9e96b58af4e98b91a2de5608d36b63c67864b9041d3340587f3dbe40d2	cfa8dcf0d81c408de38d4202fe1ce9d9e5e301d1e67439c9530da94b1e64ee3f	7484d7b0dd80f45e18d726b04752827fe28555cc5c1af0e127948380e6688abf
semantic-proposal-v1	SC1-3bb4dd5abb74a88649740692895707fa36d619b8e5acb399159c8f9d0c9ce628	S015088	2	P01	SYMBOLS.tsv	285132	selection_expression	x86_64	include/linux/sunrpc/gss_err.h	operative_macro	GSS_S_BAD_SIG	124	PENDING_REVIEW	SOURCE_REVIEWED_VALUE	COMPLETE	vendor/linux/include/linux/sunrpc/gss_err.h;vendor/linux/include/linux/sunrpc/gss_err.h:124;rewrite/configs/x86_64/frozen.config;header_closure=rewrite/metadata/header_closure.tsv;selected=PENDING_REVIEW	425f94c2954b1fe80ebdbf9b29854e89750355df	49b63777d13278b575b2eacd911d6e986f060ea4d22d1e64be39b27f0f5fce9c	816c34c0c60da91f2257f703ba593c10b89b42256ed59504a47f277fe58cea41	0123af9e96b58af4e98b91a2de5608d36b63c67864b9041d3340587f3dbe40d2	cfa8dcf0d81c408de38d4202fe1ce9d9e5e301d1e67439c9530da94b1e64ee3f	7484d7b0dd80f45e18d726b04752827fe28555cc5c1af0e127948380e6688abf
semantic-proposal-v1	SC1-64452611469cad912eb210bb521393bace9461b76030287acbe7b98ae2b94b91	S015088	2	P01	SYMBOLS.tsv	285132	status	x86_64	include/linux/sunrpc/gss_err.h	operative_macro	GSS_S_BAD_SIG	124	PENDING_REVIEW	COMPLETE	COMPLETE	vendor/linux/include/linux/sunrpc/gss_err.h;vendor/linux/include/linux/sunrpc/gss_err.h:124;rewrite/configs/x86_64/frozen.config;header_closure=rewrite/metadata/header_closure.tsv;selected=PENDING_REVIEW	425f94c2954b1fe80ebdbf9b29854e89750355df	49b63777d13278b575b2eacd911d6e986f060ea4d22d1e64be39b27f0f5fce9c	816c34c0c60da91f2257f703ba593c10b89b42256ed59504a47f277fe58cea41	0123af9e96b58af4e98b91a2de5608d36b63c67864b9041d3340587f3dbe40d2	cfa8dcf0d81c408de38d4202fe1ce9d9e5e301d1e67439c9530da94b1e64ee3f	7484d7b0dd80f45e18d726b04752827fe28555cc5c1af0e127948380e6688abf
semantic-proposal-v1	SC1-f60c3dc1aca0325de1ee85afd9ab239e92d3026d8e9669f83cd903bb0c3e83a0	S015088	2	P01	SYMBOLS.tsv	285133	selection_expression	x86_64	include/linux/sunrpc/gss_err.h	operative_macro	GSS_S_NO_CRED	125	PENDING_REVIEW	SOURCE_REVIEWED_VALUE	COMPLETE	vendor/linux/include/linux/sunrpc/gss_err.h;vendor/linux/include/linux/sunrpc/gss_err.h:125;rewrite/configs/x86_64/frozen.config;header_closure=rewrite/metadata/header_closure.tsv;selected=PENDING_REVIEW	425f94c2954b1fe80ebdbf9b29854e89750355df	49b63777d13278b575b2eacd911d6e986f060ea4d22d1e64be39b27f0f5fce9c	816c34c0c60da91f2257f703ba593c10b89b42256ed59504a47f277fe58cea41	0123af9e96b58af4e98b91a2de5608d36b63c67864b9041d3340587f3dbe40d2	cfa8dcf0d81c408de38d4202fe1ce9d9e5e301d1e67439c9530da94b1e64ee3f	7484d7b0dd80f45e18d726b04752827fe28555cc5c1af0e127948380e6688abf
semantic-proposal-v1	SC1-f5d28cc05ad0568b3997667dbf6f4781e5f0dcb22a6a29ac83a2835e2c5842ea	S015088	2	P01	SYMBOLS.tsv	285133	status	x86_64	include/linux/sunrpc/gss_err.h	operative_macro	GSS_S_NO_CRED	125	PENDING_REVIEW	COMPLETE	COMPLETE	vendor/linux/include/linux/sunrpc/gss_err.h;vendor/linux/include/linux/sunrpc/gss_err.h:125;rewrite/configs/x86_64/frozen.config;header_closure=rewrite/metadata/header_closure.tsv;selected=PENDING_REVIEW	425f94c2954b1fe80ebdbf9b29854e89750355df	49b63777d13278b575b2eacd911d6e986f060ea4d22d1e64be39b27f0f5fce9c	816c34c0c60da91f2257f703ba593c10b89b42256ed59504a47f277fe58cea41	0123af9e96b58af4e98b91a2de5608d36b63c67864b9041d3340587f3dbe40d2	cfa8dcf0d81c408de38d4202fe1ce9d9e5e301d1e67439c9530da94b1e64ee3f	7484d7b0dd80f45e18d726b04752827fe28555cc5c1af0e127948380e6688abf
semantic-proposal-v1	SC1-80fac4107d23328dc9b3bef4b39424a751ee37aad497183f0afa8bef062c8bc7	S015088	2	P01	SYMBOLS.tsv	285134	selection_expression	x86_64	include/linux/sunrpc/gss_err.h	operative_macro	GSS_S_NO_CONTEXT	126	PENDING_REVIEW	SOURCE_REVIEWED_VALUE	COMPLETE	vendor/linux/include/linux/sunrpc/gss_err.h;vendor/linux/include/linux/sunrpc/gss_err.h:126;rewrite/configs/x86_64/frozen.config;header_closure=rewrite/metadata/header_closure.tsv;selected=PENDING_REVIEW	425f94c2954b1fe80ebdbf9b29854e89750355df	49b63777d13278b575b2eacd911d6e986f060ea4d22d1e64be39b27f0f5fce9c	816c34c0c60da91f2257f703ba593c10b89b42256ed59504a47f277fe58cea41	0123af9e96b58af4e98b91a2de5608d36b63c67864b9041d3340587f3dbe40d2	cfa8dcf0d81c408de38d4202fe1ce9d9e5e301d1e67439c9530da94b1e64ee3f	7484d7b0dd80f45e18d726b04752827fe28555cc5c1af0e127948380e6688abf
semantic-proposal-v1	SC1-201469b2ca5cec960bc31a1174872772230efbff4fb44cf05826d27667ef9f30	S015088	2	P01	SYMBOLS.tsv	285134	status	x86_64	include/linux/sunrpc/gss_err.h	operative_macro	GSS_S_NO_CONTEXT	126	PENDING_REVIEW	COMPLETE	COMPLETE	vendor/linux/include/linux/sunrpc/gss_err.h;vendor/linux/include/linux/sunrpc/gss_err.h:126;rewrite/configs/x86_64/frozen.config;header_closure=rewrite/metadata/header_closure.tsv;selected=PENDING_REVIEW	425f94c2954b1fe80ebdbf9b29854e89750355df	49b63777d13278b575b2eacd911d6e986f060ea4d22d1e64be39b27f0f5fce9c	816c34c0c60da91f2257f703ba593c10b89b42256ed59504a47f277fe58cea41	0123af9e96b58af4e98b91a2de5608d36b63c67864b9041d3340587f3dbe40d2	cfa8dcf0d81c408de38d4202fe1ce9d9e5e301d1e67439c9530da94b1e64ee3f	7484d7b0dd80f45e18d726b04752827fe28555cc5c1af0e127948380e6688abf
semantic-proposal-v1	SC1-f857c172a0821faa20f1476cdab7af4f9b4974e823d8399b1505aa65d62fa40e	S015088	2	P01	SYMBOLS.tsv	285135	selection_expression	x86_64	include/linux/sunrpc/gss_err.h	operative_macro	GSS_S_DEFECTIVE_TOKEN	127	PENDING_REVIEW	SOURCE_REVIEWED_VALUE	COMPLETE	vendor/linux/include/linux/sunrpc/gss_err.h;vendor/linux/include/linux/sunrpc/gss_err.h:127;rewrite/configs/x86_64/frozen.config;header_closure=rewrite/metadata/header_closure.tsv;selected=PENDING_REVIEW	425f94c2954b1fe80ebdbf9b29854e89750355df	49b63777d13278b575b2eacd911d6e986f060ea4d22d1e64be39b27f0f5fce9c	816c34c0c60da91f2257f703ba593c10b89b42256ed59504a47f277fe58cea41	0123af9e96b58af4e98b91a2de5608d36b63c67864b9041d3340587f3dbe40d2	cfa8dcf0d81c408de38d4202fe1ce9d9e5e301d1e67439c9530da94b1e64ee3f	7484d7b0dd80f45e18d726b04752827fe28555cc5c1af0e127948380e6688abf
semantic-proposal-v1	SC1-bceab18446bd1d45292e621fd7f3acb58f8e7eaf908734c61b3e626b409a8bff	S015088	2	P01	SYMBOLS.tsv	285135	status	x86_64	include/linux/sunrpc/gss_err.h	operative_macro	GSS_S_DEFECTIVE_TOKEN	127	PENDING_REVIEW	COMPLETE	COMPLETE	vendor/linux/include/linux/sunrpc/gss_err.h;vendor/linux/include/linux/sunrpc/gss_err.h:127;rewrite/configs/x86_64/frozen.config;header_closure=rewrite/metadata/header_closure.tsv;selected=PENDING_REVIEW	425f94c2954b1fe80ebdbf9b29854e89750355df	49b63777d13278b575b2eacd911d6e986f060ea4d22d1e64be39b27f0f5fce9c	816c34c0c60da91f2257f703ba593c10b89b42256ed59504a47f277fe58cea41	0123af9e96b58af4e98b91a2de5608d36b63c67864b9041d3340587f3dbe40d2	cfa8dcf0d81c408de38d4202fe1ce9d9e5e301d1e67439c9530da94b1e64ee3f	7484d7b0dd80f45e18d726b04752827fe28555cc5c1af0e127948380e6688abf
semantic-proposal-v1	SC1-26ff08596797b793150b0fb0abffae9ac349f6bc1195d40da297a122dc22554d	S015088	2	P01	SYMBOLS.tsv	285136	selection_expression	x86_64	include/linux/sunrpc/gss_err.h	operative_macro	GSS_S_DEFECTIVE_CREDENTIAL	128	PENDING_REVIEW	SOURCE_REVIEWED_VALUE	COMPLETE	vendor/linux/include/linux/sunrpc/gss_err.h;vendor/linux/include/linux/sunrpc/gss_err.h:128;rewrite/configs/x86_64/frozen.config;header_closure=rewrite/metadata/header_closure.tsv;selected=PENDING_REVIEW	425f94c2954b1fe80ebdbf9b29854e89750355df	49b63777d13278b575b2eacd911d6e986f060ea4d22d1e64be39b27f0f5fce9c	816c34c0c60da91f2257f703ba593c10b89b42256ed59504a47f277fe58cea41	0123af9e96b58af4e98b91a2de5608d36b63c67864b9041d3340587f3dbe40d2	cfa8dcf0d81c408de38d4202fe1ce9d9e5e301d1e67439c9530da94b1e64ee3f	7484d7b0dd80f45e18d726b04752827fe28555cc5c1af0e127948380e6688abf
semantic-proposal-v1	SC1-c45f0b743e952ae57ce3ad9f8cfceb25a0f584e14e87ce986269e87c2f9cb819	S015088	2	P01	SYMBOLS.tsv	285136	status	x86_64	include/linux/sunrpc/gss_err.h	operative_macro	GSS_S_DEFECTIVE_CREDENTIAL	128	PENDING_REVIEW	COMPLETE	COMPLETE	vendor/linux/include/linux/sunrpc/gss_err.h;vendor/linux/include/linux/sunrpc/gss_err.h:128;rewrite/configs/x86_64/frozen.config;header_closure=rewrite/metadata/header_closure.tsv;selected=PENDING_REVIEW	425f94c2954b1fe80ebdbf9b29854e89750355df	49b63777d13278b575b2eacd911d6e986f060ea4d22d1e64be39b27f0f5fce9c	816c34c0c60da91f2257f703ba593c10b89b42256ed59504a47f277fe58cea41	0123af9e96b58af4e98b91a2de5608d36b63c67864b9041d3340587f3dbe40d2	cfa8dcf0d81c408de38d4202fe1ce9d9e5e301d1e67439c9530da94b1e64ee3f	7484d7b0dd80f45e18d726b04752827fe28555cc5c1af0e127948380e6688abf
semantic-proposal-v1	SC1-bda47ecdcecbeeafc3101773fbdbc9909a512dcd6dbfc86dbb5c73f628833e5f	S015088	2	P01	SYMBOLS.tsv	285137	selection_expression	x86_64	include/linux/sunrpc/gss_err.h	operative_macro	GSS_S_CREDENTIALS_EXPIRED	130	PENDING_REVIEW	SOURCE_REVIEWED_VALUE	COMPLETE	vendor/linux/include/linux/sunrpc/gss_err.h;vendor/linux/include/linux/sunrpc/gss_err.h:130;rewrite/configs/x86_64/frozen.config;header_closure=rewrite/metadata/header_closure.tsv;selected=PENDING_REVIEW	425f94c2954b1fe80ebdbf9b29854e89750355df	49b63777d13278b575b2eacd911d6e986f060ea4d22d1e64be39b27f0f5fce9c	816c34c0c60da91f2257f703ba593c10b89b42256ed59504a47f277fe58cea41	0123af9e96b58af4e98b91a2de5608d36b63c67864b9041d3340587f3dbe40d2	cfa8dcf0d81c408de38d4202fe1ce9d9e5e301d1e67439c9530da94b1e64ee3f	7484d7b0dd80f45e18d726b04752827fe28555cc5c1af0e127948380e6688abf
semantic-proposal-v1	SC1-80929ec1c6dcfcc6121c7fb49d30f19e2421035fcdcd2017a308377c608226d9	S015088	2	P01	SYMBOLS.tsv	285137	status	x86_64	include/linux/sunrpc/gss_err.h	operative_macro	GSS_S_CREDENTIALS_EXPIRED	130	PENDING_REVIEW	COMPLETE	COMPLETE	vendor/linux/include/linux/sunrpc/gss_err.h;vendor/linux/include/linux/sunrpc/gss_err.h:130;rewrite/configs/x86_64/frozen.config;header_closure=rewrite/metadata/header_closure.tsv;selected=PENDING_REVIEW	425f94c2954b1fe80ebdbf9b29854e89750355df	49b63777d13278b575b2eacd911d6e986f060ea4d22d1e64be39b27f0f5fce9c	816c34c0c60da91f2257f703ba593c10b89b42256ed59504a47f277fe58cea41	0123af9e96b58af4e98b91a2de5608d36b63c67864b9041d3340587f3dbe40d2	cfa8dcf0d81c408de38d4202fe1ce9d9e5e301d1e67439c9530da94b1e64ee3f	7484d7b0dd80f45e18d726b04752827fe28555cc5c1af0e127948380e6688abf
semantic-proposal-v1	SC1-e2acac9d028915059d825ecc0210371c143ffb8ccc1a85d15267378e095092ae	S015088	2	P01	SYMBOLS.tsv	285138	selection_expression	x86_64	include/linux/sunrpc/gss_err.h	operative_macro	GSS_S_CONTEXT_EXPIRED	132	PENDING_REVIEW	SOURCE_REVIEWED_VALUE	COMPLETE	vendor/linux/include/linux/sunrpc/gss_err.h;vendor/linux/include/linux/sunrpc/gss_err.h:132;rewrite/configs/x86_64/frozen.config;header_closure=rewrite/metadata/header_closure.tsv;selected=PENDING_REVIEW	425f94c2954b1fe80ebdbf9b29854e89750355df	49b63777d13278b575b2eacd911d6e986f060ea4d22d1e64be39b27f0f5fce9c	816c34c0c60da91f2257f703ba593c10b89b42256ed59504a47f277fe58cea41	0123af9e96b58af4e98b91a2de5608d36b63c67864b9041d3340587f3dbe40d2	cfa8dcf0d81c408de38d4202fe1ce9d9e5e301d1e67439c9530da94b1e64ee3f	7484d7b0dd80f45e18d726b04752827fe28555cc5c1af0e127948380e6688abf
semantic-proposal-v1	SC1-7d49e0c6b2e3eb7e3596281ec49584048e5235a2bab7871b7b01e497a99ea170	S015088	2	P01	SYMBOLS.tsv	285138	status	x86_64	include/linux/sunrpc/gss_err.h	operative_macro	GSS_S_CONTEXT_EXPIRED	132	PENDING_REVIEW	COMPLETE	COMPLETE	vendor/linux/include/linux/sunrpc/gss_err.h;vendor/linux/include/linux/sunrpc/gss_err.h:132;rewrite/configs/x86_64/frozen.config;header_closure=rewrite/metadata/header_closure.tsv;selected=PENDING_REVIEW	425f94c2954b1fe80ebdbf9b29854e89750355df	49b63777d13278b575b2eacd911d6e986f060ea4d22d1e64be39b27f0f5fce9c	816c34c0c60da91f2257f703ba593c10b89b42256ed59504a47f277fe58cea41	0123af9e96b58af4e98b91a2de5608d36b63c67864b9041d3340587f3dbe40d2	cfa8dcf0d81c408de38d4202fe1ce9d9e5e301d1e67439c9530da94b1e64ee3f	7484d7b0dd80f45e18d726b04752827fe28555cc5c1af0e127948380e6688abf
semantic-proposal-v1	SC1-ce85a7ee6fd7f36cd714f19232cc43cd679baa43e46dd6bd2a5e077255383f47	S015088	2	P01	SYMBOLS.tsv	285139	selection_expression	x86_64	include/linux/sunrpc/gss_err.h	operative_macro	GSS_S_FAILURE	134	PENDING_REVIEW	SOURCE_REVIEWED_VALUE	COMPLETE	vendor/linux/include/linux/sunrpc/gss_err.h;vendor/linux/include/linux/sunrpc/gss_err.h:134;rewrite/configs/x86_64/frozen.config;header_closure=rewrite/metadata/header_closure.tsv;selected=PENDING_REVIEW	425f94c2954b1fe80ebdbf9b29854e89750355df	49b63777d13278b575b2eacd911d6e986f060ea4d22d1e64be39b27f0f5fce9c	816c34c0c60da91f2257f703ba593c10b89b42256ed59504a47f277fe58cea41	0123af9e96b58af4e98b91a2de5608d36b63c67864b9041d3340587f3dbe40d2	cfa8dcf0d81c408de38d4202fe1ce9d9e5e301d1e67439c9530da94b1e64ee3f	7484d7b0dd80f45e18d726b04752827fe28555cc5c1af0e127948380e6688abf
semantic-proposal-v1	SC1-6efd04fc9f6defd345bd8aef586a9eba2c87c41b7a3ba580c4f561c12077c43a	S015088	2	P01	SYMBOLS.tsv	285139	status	x86_64	include/linux/sunrpc/gss_err.h	operative_macro	GSS_S_FAILURE	134	PENDING_REVIEW	COMPLETE	COMPLETE	vendor/linux/include/linux/sunrpc/gss_err.h;vendor/linux/include/linux/sunrpc/gss_err.h:134;rewrite/configs/x86_64/frozen.config;header_closure=rewrite/metadata/header_closure.tsv;selected=PENDING_REVIEW	425f94c2954b1fe80ebdbf9b29854e89750355df	49b63777d13278b575b2eacd911d6e986f060ea4d22d1e64be39b27f0f5fce9c	816c34c0c60da91f2257f703ba593c10b89b42256ed59504a47f277fe58cea41	0123af9e96b58af4e98b91a2de5608d36b63c67864b9041d3340587f3dbe40d2	cfa8dcf0d81c408de38d4202fe1ce9d9e5e301d1e67439c9530da94b1e64ee3f	7484d7b0dd80f45e18d726b04752827fe28555cc5c1af0e127948380e6688abf
semantic-proposal-v1	SC1-393ef2d3ffe54eb4b1073b0811629000963821c3e4df41b69cd2ffc2aa8cda0b	S015088	2	P01	SYMBOLS.tsv	285140	selection_expression	x86_64	include/linux/sunrpc/gss_err.h	operative_macro	GSS_S_BAD_QOP	135	PENDING_REVIEW	SOURCE_REVIEWED_VALUE	COMPLETE	vendor/linux/include/linux/sunrpc/gss_err.h;vendor/linux/include/linux/sunrpc/gss_err.h:135;rewrite/configs/x86_64/frozen.config;header_closure=rewrite/metadata/header_closure.tsv;selected=PENDING_REVIEW	425f94c2954b1fe80ebdbf9b29854e89750355df	49b63777d13278b575b2eacd911d6e986f060ea4d22d1e64be39b27f0f5fce9c	816c34c0c60da91f2257f703ba593c10b89b42256ed59504a47f277fe58cea41	0123af9e96b58af4e98b91a2de5608d36b63c67864b9041d3340587f3dbe40d2	cfa8dcf0d81c408de38d4202fe1ce9d9e5e301d1e67439c9530da94b1e64ee3f	7484d7b0dd80f45e18d726b04752827fe28555cc5c1af0e127948380e6688abf
semantic-proposal-v1	SC1-d03a937787b3e8c0247802c84cb562498e4865d1c49fa1daa307f0a34eaf8176	S015088	2	P01	SYMBOLS.tsv	285140	status	x86_64	include/linux/sunrpc/gss_err.h	operative_macro	GSS_S_BAD_QOP	135	PENDING_REVIEW	COMPLETE	COMPLETE	vendor/linux/include/linux/sunrpc/gss_err.h;vendor/linux/include/linux/sunrpc/gss_err.h:135;rewrite/configs/x86_64/frozen.config;header_closure=rewrite/metadata/header_closure.tsv;selected=PENDING_REVIEW	425f94c2954b1fe80ebdbf9b29854e89750355df	49b63777d13278b575b2eacd911d6e986f060ea4d22d1e64be39b27f0f5fce9c	816c34c0c60da91f2257f703ba593c10b89b42256ed59504a47f277fe58cea41	0123af9e96b58af4e98b91a2de5608d36b63c67864b9041d3340587f3dbe40d2	cfa8dcf0d81c408de38d4202fe1ce9d9e5e301d1e67439c9530da94b1e64ee3f	7484d7b0dd80f45e18d726b04752827fe28555cc5c1af0e127948380e6688abf
semantic-proposal-v1	SC1-966d2bc80105249e92641dc8da7aecbb8cb9b4f0da32e20cb5bc5de49f527dfe	S015088	2	P01	SYMBOLS.tsv	285141	selection_expression	x86_64	include/linux/sunrpc/gss_err.h	operative_macro	GSS_S_UNAUTHORIZED	136	PENDING_REVIEW	SOURCE_REVIEWED_VALUE	COMPLETE	vendor/linux/include/linux/sunrpc/gss_err.h;vendor/linux/include/linux/sunrpc/gss_err.h:136;rewrite/configs/x86_64/frozen.config;header_closure=rewrite/metadata/header_closure.tsv;selected=PENDING_REVIEW	425f94c2954b1fe80ebdbf9b29854e89750355df	49b63777d13278b575b2eacd911d6e986f060ea4d22d1e64be39b27f0f5fce9c	816c34c0c60da91f2257f703ba593c10b89b42256ed59504a47f277fe58cea41	0123af9e96b58af4e98b91a2de5608d36b63c67864b9041d3340587f3dbe40d2	cfa8dcf0d81c408de38d4202fe1ce9d9e5e301d1e67439c9530da94b1e64ee3f	7484d7b0dd80f45e18d726b04752827fe28555cc5c1af0e127948380e6688abf
semantic-proposal-v1	SC1-67307dd9fe6f294034594bb84e6575b34d63721ed239b09cedfa28ed78c63001	S015088	2	P01	SYMBOLS.tsv	285141	status	x86_64	include/linux/sunrpc/gss_err.h	operative_macro	GSS_S_UNAUTHORIZED	136	PENDING_REVIEW	COMPLETE	COMPLETE	vendor/linux/include/linux/sunrpc/gss_err.h;vendor/linux/include/linux/sunrpc/gss_err.h:136;rewrite/configs/x86_64/frozen.config;header_closure=rewrite/metadata/header_closure.tsv;selected=PENDING_REVIEW	425f94c2954b1fe80ebdbf9b29854e89750355df	49b63777d13278b575b2eacd911d6e986f060ea4d22d1e64be39b27f0f5fce9c	816c34c0c60da91f2257f703ba593c10b89b42256ed59504a47f277fe58cea41	0123af9e96b58af4e98b91a2de5608d36b63c67864b9041d3340587f3dbe40d2	cfa8dcf0d81c408de38d4202fe1ce9d9e5e301d1e67439c9530da94b1e64ee3f	7484d7b0dd80f45e18d726b04752827fe28555cc5c1af0e127948380e6688abf
semantic-proposal-v1	SC1-d98d9327b95a1ea0b9194abf1d70d50ccac72e58cdb88b10748e226105a40314	S015088	2	P01	SYMBOLS.tsv	285142	selection_expression	x86_64	include/linux/sunrpc/gss_err.h	operative_macro	GSS_S_UNAVAILABLE	137	PENDING_REVIEW	SOURCE_REVIEWED_VALUE	COMPLETE	vendor/linux/include/linux/sunrpc/gss_err.h;vendor/linux/include/linux/sunrpc/gss_err.h:137;rewrite/configs/x86_64/frozen.config;header_closure=rewrite/metadata/header_closure.tsv;selected=PENDING_REVIEW	425f94c2954b1fe80ebdbf9b29854e89750355df	49b63777d13278b575b2eacd911d6e986f060ea4d22d1e64be39b27f0f5fce9c	816c34c0c60da91f2257f703ba593c10b89b42256ed59504a47f277fe58cea41	0123af9e96b58af4e98b91a2de5608d36b63c67864b9041d3340587f3dbe40d2	cfa8dcf0d81c408de38d4202fe1ce9d9e5e301d1e67439c9530da94b1e64ee3f	7484d7b0dd80f45e18d726b04752827fe28555cc5c1af0e127948380e6688abf
semantic-proposal-v1	SC1-93cbcefea45a702542d65a16e47a876eb2dc23640d73b0a23ff7881254fb0e6b	S015088	2	P01	SYMBOLS.tsv	285142	status	x86_64	include/linux/sunrpc/gss_err.h	operative_macro	GSS_S_UNAVAILABLE	137	PENDING_REVIEW	COMPLETE	COMPLETE	vendor/linux/include/linux/sunrpc/gss_err.h;vendor/linux/include/linux/sunrpc/gss_err.h:137;rewrite/configs/x86_64/frozen.config;header_closure=rewrite/metadata/header_closure.tsv;selected=PENDING_REVIEW	425f94c2954b1fe80ebdbf9b29854e89750355df	49b63777d13278b575b2eacd911d6e986f060ea4d22d1e64be39b27f0f5fce9c	816c34c0c60da91f2257f703ba593c10b89b42256ed59504a47f277fe58cea41	0123af9e96b58af4e98b91a2de5608d36b63c67864b9041d3340587f3dbe40d2	cfa8dcf0d81c408de38d4202fe1ce9d9e5e301d1e67439c9530da94b1e64ee3f	7484d7b0dd80f45e18d726b04752827fe28555cc5c1af0e127948380e6688abf
semantic-proposal-v1	SC1-b4d4e39ebc8b7dd90b029a128a10defdf9306b9f2e16b3ec0e413e8c78b3142c	S015088	2	P01	SYMBOLS.tsv	285143	selection_expression	x86_64	include/linux/sunrpc/gss_err.h	operative_macro	GSS_S_DUPLICATE_ELEMENT	138	PENDING_REVIEW	SOURCE_REVIEWED_VALUE	COMPLETE	vendor/linux/include/linux/sunrpc/gss_err.h;vendor/linux/include/linux/sunrpc/gss_err.h:138;rewrite/configs/x86_64/frozen.config;header_closure=rewrite/metadata/header_closure.tsv;selected=PENDING_REVIEW	425f94c2954b1fe80ebdbf9b29854e89750355df	49b63777d13278b575b2eacd911d6e986f060ea4d22d1e64be39b27f0f5fce9c	816c34c0c60da91f2257f703ba593c10b89b42256ed59504a47f277fe58cea41	0123af9e96b58af4e98b91a2de5608d36b63c67864b9041d3340587f3dbe40d2	cfa8dcf0d81c408de38d4202fe1ce9d9e5e301d1e67439c9530da94b1e64ee3f	7484d7b0dd80f45e18d726b04752827fe28555cc5c1af0e127948380e6688abf
semantic-proposal-v1	SC1-03202f2fd3b4f8cbce2d32d54e685fb360f8c61bcd1c9535d65378d3ec8c15a7	S015088	2	P01	SYMBOLS.tsv	285143	status	x86_64	include/linux/sunrpc/gss_err.h	operative_macro	GSS_S_DUPLICATE_ELEMENT	138	PENDING_REVIEW	COMPLETE	COMPLETE	vendor/linux/include/linux/sunrpc/gss_err.h;vendor/linux/include/linux/sunrpc/gss_err.h:138;rewrite/configs/x86_64/frozen.config;header_closure=rewrite/metadata/header_closure.tsv;selected=PENDING_REVIEW	425f94c2954b1fe80ebdbf9b29854e89750355df	49b63777d13278b575b2eacd911d6e986f060ea4d22d1e64be39b27f0f5fce9c	816c34c0c60da91f2257f703ba593c10b89b42256ed59504a47f277fe58cea41	0123af9e96b58af4e98b91a2de5608d36b63c67864b9041d3340587f3dbe40d2	cfa8dcf0d81c408de38d4202fe1ce9d9e5e301d1e67439c9530da94b1e64ee3f	7484d7b0dd80f45e18d726b04752827fe28555cc5c1af0e127948380e6688abf
semantic-proposal-v1	SC1-990bb99119e758b552b37def3ce5469198766ffaf5e32492e48cdd39b57fc83d	S015088	2	P01	SYMBOLS.tsv	285144	selection_expression	x86_64	include/linux/sunrpc/gss_err.h	operative_macro	GSS_S_NAME_NOT_MN	140	PENDING_REVIEW	SOURCE_REVIEWED_VALUE	COMPLETE	vendor/linux/include/linux/sunrpc/gss_err.h;vendor/linux/include/linux/sunrpc/gss_err.h:140;rewrite/configs/x86_64/frozen.config;header_closure=rewrite/metadata/header_closure.tsv;selected=PENDING_REVIEW	425f94c2954b1fe80ebdbf9b29854e89750355df	49b63777d13278b575b2eacd911d6e986f060ea4d22d1e64be39b27f0f5fce9c	816c34c0c60da91f2257f703ba593c10b89b42256ed59504a47f277fe58cea41	0123af9e96b58af4e98b91a2de5608d36b63c67864b9041d3340587f3dbe40d2	cfa8dcf0d81c408de38d4202fe1ce9d9e5e301d1e67439c9530da94b1e64ee3f	7484d7b0dd80f45e18d726b04752827fe28555cc5c1af0e127948380e6688abf
semantic-proposal-v1	SC1-70ba4339fa4e12114e09f28e9a7c5b78bea1f08a50a7ddce2e45415ec404ea4c	S015088	2	P01	SYMBOLS.tsv	285144	status	x86_64	include/linux/sunrpc/gss_err.h	operative_macro	GSS_S_NAME_NOT_MN	140	PENDING_REVIEW	COMPLETE	COMPLETE	vendor/linux/include/linux/sunrpc/gss_err.h;vendor/linux/include/linux/sunrpc/gss_err.h:140;rewrite/configs/x86_64/frozen.config;header_closure=rewrite/metadata/header_closure.tsv;selected=PENDING_REVIEW	425f94c2954b1fe80ebdbf9b29854e89750355df	49b63777d13278b575b2eacd911d6e986f060ea4d22d1e64be39b27f0f5fce9c	816c34c0c60da91f2257f703ba593c10b89b42256ed59504a47f277fe58cea41	0123af9e96b58af4e98b91a2de5608d36b63c67864b9041d3340587f3dbe40d2	cfa8dcf0d81c408de38d4202fe1ce9d9e5e301d1e67439c9530da94b1e64ee3f	7484d7b0dd80f45e18d726b04752827fe28555cc5c1af0e127948380e6688abf
semantic-proposal-v1	SC1-a9712b27b5ebe5225cd1750113399ed6b361d316c643e59abef85c64143f4515	S015088	2	P01	SYMBOLS.tsv	285145	selection_expression	x86_64	include/linux/sunrpc/gss_err.h	operative_macro	GSS_S_CONTINUE_NEEDED	146	PENDING_REVIEW	SOURCE_REVIEWED_VALUE	COMPLETE	vendor/linux/include/linux/sunrpc/gss_err.h;vendor/linux/include/linux/sunrpc/gss_err.h:146;rewrite/configs/x86_64/frozen.config;header_closure=rewrite/metadata/header_closure.tsv;selected=PENDING_REVIEW	425f94c2954b1fe80ebdbf9b29854e89750355df	49b63777d13278b575b2eacd911d6e986f060ea4d22d1e64be39b27f0f5fce9c	816c34c0c60da91f2257f703ba593c10b89b42256ed59504a47f277fe58cea41	0123af9e96b58af4e98b91a2de5608d36b63c67864b9041d3340587f3dbe40d2	cfa8dcf0d81c408de38d4202fe1ce9d9e5e301d1e67439c9530da94b1e64ee3f	7484d7b0dd80f45e18d726b04752827fe28555cc5c1af0e127948380e6688abf
semantic-proposal-v1	SC1-42b8028c09de90dd6ea32862a0c3947c6045cf495eff66e0ceb1ed3ec8e217f0	S015088	2	P01	SYMBOLS.tsv	285145	status	x86_64	include/linux/sunrpc/gss_err.h	operative_macro	GSS_S_CONTINUE_NEEDED	146	PENDING_REVIEW	COMPLETE	COMPLETE	vendor/linux/include/linux/sunrpc/gss_err.h;vendor/linux/include/linux/sunrpc/gss_err.h:146;rewrite/configs/x86_64/frozen.config;header_closure=rewrite/metadata/header_closure.tsv;selected=PENDING_REVIEW	425f94c2954b1fe80ebdbf9b29854e89750355df	49b63777d13278b575b2eacd911d6e986f060ea4d22d1e64be39b27f0f5fce9c	816c34c0c60da91f2257f703ba593c10b89b42256ed59504a47f277fe58cea41	0123af9e96b58af4e98b91a2de5608d36b63c67864b9041d3340587f3dbe40d2	cfa8dcf0d81c408de38d4202fe1ce9d9e5e301d1e67439c9530da94b1e64ee3f	7484d7b0dd80f45e18d726b04752827fe28555cc5c1af0e127948380e6688abf
semantic-proposal-v1	SC1-427ead9ba6a3c7dc2de289e43a737acb9958969b14f0db84625db2957bccb347	S015088	2	P01	SYMBOLS.tsv	285146	selection_expression	x86_64	include/linux/sunrpc/gss_err.h	operative_macro	GSS_S_DUPLICATE_TOKEN	147	PENDING_REVIEW	SOURCE_REVIEWED_VALUE	COMPLETE	vendor/linux/include/linux/sunrpc/gss_err.h;vendor/linux/include/linux/sunrpc/gss_err.h:147;rewrite/configs/x86_64/frozen.config;header_closure=rewrite/metadata/header_closure.tsv;selected=PENDING_REVIEW	425f94c2954b1fe80ebdbf9b29854e89750355df	49b63777d13278b575b2eacd911d6e986f060ea4d22d1e64be39b27f0f5fce9c	816c34c0c60da91f2257f703ba593c10b89b42256ed59504a47f277fe58cea41	0123af9e96b58af4e98b91a2de5608d36b63c67864b9041d3340587f3dbe40d2	cfa8dcf0d81c408de38d4202fe1ce9d9e5e301d1e67439c9530da94b1e64ee3f	7484d7b0dd80f45e18d726b04752827fe28555cc5c1af0e127948380e6688abf
semantic-proposal-v1	SC1-a3b997f1f50408927b2d2b3b5befe1450412ebcb5cf07ea7d778858bd79f5ccc	S015088	2	P01	SYMBOLS.tsv	285146	status	x86_64	include/linux/sunrpc/gss_err.h	operative_macro	GSS_S_DUPLICATE_TOKEN	147	PENDING_REVIEW	COMPLETE	COMPLETE	vendor/linux/include/linux/sunrpc/gss_err.h;vendor/linux/include/linux/sunrpc/gss_err.h:147;rewrite/configs/x86_64/frozen.config;header_closure=rewrite/metadata/header_closure.tsv;selected=PENDING_REVIEW	425f94c2954b1fe80ebdbf9b29854e89750355df	49b63777d13278b575b2eacd911d6e986f060ea4d22d1e64be39b27f0f5fce9c	816c34c0c60da91f2257f703ba593c10b89b42256ed59504a47f277fe58cea41	0123af9e96b58af4e98b91a2de5608d36b63c67864b9041d3340587f3dbe40d2	cfa8dcf0d81c408de38d4202fe1ce9d9e5e301d1e67439c9530da94b1e64ee3f	7484d7b0dd80f45e18d726b04752827fe28555cc5c1af0e127948380e6688abf
semantic-proposal-v1	SC1-7c1aede0fd5acbcf8679e172c01377b841c5ebd4f3c37c198a61cd3d697e1f28	S015088	2	P01	SYMBOLS.tsv	285147	selection_expression	x86_64	include/linux/sunrpc/gss_err.h	operative_macro	GSS_S_OLD_TOKEN	148	PENDING_REVIEW	SOURCE_REVIEWED_VALUE	COMPLETE	vendor/linux/include/linux/sunrpc/gss_err.h;vendor/linux/include/linux/sunrpc/gss_err.h:148;rewrite/configs/x86_64/frozen.config;header_closure=rewrite/metadata/header_closure.tsv;selected=PENDING_REVIEW	425f94c2954b1fe80ebdbf9b29854e89750355df	49b63777d13278b575b2eacd911d6e986f060ea4d22d1e64be39b27f0f5fce9c	816c34c0c60da91f2257f703ba593c10b89b42256ed59504a47f277fe58cea41	0123af9e96b58af4e98b91a2de5608d36b63c67864b9041d3340587f3dbe40d2	cfa8dcf0d81c408de38d4202fe1ce9d9e5e301d1e67439c9530da94b1e64ee3f	7484d7b0dd80f45e18d726b04752827fe28555cc5c1af0e127948380e6688abf
semantic-proposal-v1	SC1-56c5925f893a656e42d07d230b06c5ae5c719c2c0cc8cca88e950fcfc7fe7179	S015088	2	P01	SYMBOLS.tsv	285147	status	x86_64	include/linux/sunrpc/gss_err.h	operative_macro	GSS_S_OLD_TOKEN	148	PENDING_REVIEW	COMPLETE	COMPLETE	vendor/linux/include/linux/sunrpc/gss_err.h;vendor/linux/include/linux/sunrpc/gss_err.h:148;rewrite/configs/x86_64/frozen.config;header_closure=rewrite/metadata/header_closure.tsv;selected=PENDING_REVIEW	425f94c2954b1fe80ebdbf9b29854e89750355df	49b63777d13278b575b2eacd911d6e986f060ea4d22d1e64be39b27f0f5fce9c	816c34c0c60da91f2257f703ba593c10b89b42256ed59504a47f277fe58cea41	0123af9e96b58af4e98b91a2de5608d36b63c67864b9041d3340587f3dbe40d2	cfa8dcf0d81c408de38d4202fe1ce9d9e5e301d1e67439c9530da94b1e64ee3f	7484d7b0dd80f45e18d726b04752827fe28555cc5c1af0e127948380e6688abf
semantic-proposal-v1	SC1-83e6701a3be4d5d03902b1a0e4dcfe12a908e939f6a92b73e04ad6eb205f16ca	S015088	2	P01	SYMBOLS.tsv	285148	selection_expression	x86_64	include/linux/sunrpc/gss_err.h	operative_macro	GSS_S_UNSEQ_TOKEN	149	PENDING_REVIEW	SOURCE_REVIEWED_VALUE	COMPLETE	vendor/linux/include/linux/sunrpc/gss_err.h;vendor/linux/include/linux/sunrpc/gss_err.h:149;rewrite/configs/x86_64/frozen.config;header_closure=rewrite/metadata/header_closure.tsv;selected=PENDING_REVIEW	425f94c2954b1fe80ebdbf9b29854e89750355df	49b63777d13278b575b2eacd911d6e986f060ea4d22d1e64be39b27f0f5fce9c	816c34c0c60da91f2257f703ba593c10b89b42256ed59504a47f277fe58cea41	0123af9e96b58af4e98b91a2de5608d36b63c67864b9041d3340587f3dbe40d2	cfa8dcf0d81c408de38d4202fe1ce9d9e5e301d1e67439c9530da94b1e64ee3f	7484d7b0dd80f45e18d726b04752827fe28555cc5c1af0e127948380e6688abf
semantic-proposal-v1	SC1-9b9b610252511e46b566e1d4c85042a777588e83d481ab39590faa5a9d77e6d8	S015088	2	P01	SYMBOLS.tsv	285148	status	x86_64	include/linux/sunrpc/gss_err.h	operative_macro	GSS_S_UNSEQ_TOKEN	149	PENDING_REVIEW	COMPLETE	COMPLETE	vendor/linux/include/linux/sunrpc/gss_err.h;vendor/linux/include/linux/sunrpc/gss_err.h:149;rewrite/configs/x86_64/frozen.config;header_closure=rewrite/metadata/header_closure.tsv;selected=PENDING_REVIEW	425f94c2954b1fe80ebdbf9b29854e89750355df	49b63777d13278b575b2eacd911d6e986f060ea4d22d1e64be39b27f0f5fce9c	816c34c0c60da91f2257f703ba593c10b89b42256ed59504a47f277fe58cea41	0123af9e96b58af4e98b91a2de5608d36b63c67864b9041d3340587f3dbe40d2	cfa8dcf0d81c408de38d4202fe1ce9d9e5e301d1e67439c9530da94b1e64ee3f	7484d7b0dd80f45e18d726b04752827fe28555cc5c1af0e127948380e6688abf
semantic-proposal-v1	SC1-ed79277b9fa2a1ab1c0a10732d2d5237c029e8d57a634683826caa5f6908ea96	S015088	2	P01	SYMBOLS.tsv	285149	selection_expression	x86_64	include/linux/sunrpc/gss_err.h	operative_macro	GSS_S_GAP_TOKEN	150	PENDING_REVIEW	SOURCE_REVIEWED_VALUE	COMPLETE	vendor/linux/include/linux/sunrpc/gss_err.h;vendor/linux/include/linux/sunrpc/gss_err.h:150;rewrite/configs/x86_64/frozen.config;header_closure=rewrite/metadata/header_closure.tsv;selected=PENDING_REVIEW	425f94c2954b1fe80ebdbf9b29854e89750355df	49b63777d13278b575b2eacd911d6e986f060ea4d22d1e64be39b27f0f5fce9c	816c34c0c60da91f2257f703ba593c10b89b42256ed59504a47f277fe58cea41	0123af9e96b58af4e98b91a2de5608d36b63c67864b9041d3340587f3dbe40d2	cfa8dcf0d81c408de38d4202fe1ce9d9e5e301d1e67439c9530da94b1e64ee3f	7484d7b0dd80f45e18d726b04752827fe28555cc5c1af0e127948380e6688abf
semantic-proposal-v1	SC1-5c84bbb0a1f9375cae82a27473ae146f15239dd845eaaf6061673d20739937b0	S015088	2	P01	SYMBOLS.tsv	285149	status	x86_64	include/linux/sunrpc/gss_err.h	operative_macro	GSS_S_GAP_TOKEN	150	PENDING_REVIEW	COMPLETE	COMPLETE	vendor/linux/include/linux/sunrpc/gss_err.h;vendor/linux/include/linux/sunrpc/gss_err.h:150;rewrite/configs/x86_64/frozen.config;header_closure=rewrite/metadata/header_closure.tsv;selected=PENDING_REVIEW	425f94c2954b1fe80ebdbf9b29854e89750355df	49b63777d13278b575b2eacd911d6e986f060ea4d22d1e64be39b27f0f5fce9c	816c34c0c60da91f2257f703ba593c10b89b42256ed59504a47f277fe58cea41	0123af9e96b58af4e98b91a2de5608d36b63c67864b9041d3340587f3dbe40d2	cfa8dcf0d81c408de38d4202fe1ce9d9e5e301d1e67439c9530da94b1e64ee3f	7484d7b0dd80f45e18d726b04752827fe28555cc5c1af0e127948380e6688abf
semantic-proposal-v1	SC1-73f7fe2bb95772601680ea8d373a077fc20941700d7c4d84b0acbe548369c4e4	S015088	2	P01	SYMBOLS.tsv	285150	selection_expression	x86_64	include/linux/sunrpc/gss_err.h	operative_macro	GSS_CALLING_ERROR_FIELD	154	PENDING_REVIEW	SOURCE_REVIEWED_VALUE	COMPLETE	vendor/linux/include/linux/sunrpc/gss_err.h;vendor/linux/include/linux/sunrpc/gss_err.h:154;rewrite/configs/x86_64/frozen.config;header_closure=rewrite/metadata/header_closure.tsv;selected=PENDING_REVIEW	425f94c2954b1fe80ebdbf9b29854e89750355df	49b63777d13278b575b2eacd911d6e986f060ea4d22d1e64be39b27f0f5fce9c	816c34c0c60da91f2257f703ba593c10b89b42256ed59504a47f277fe58cea41	0123af9e96b58af4e98b91a2de5608d36b63c67864b9041d3340587f3dbe40d2	cfa8dcf0d81c408de38d4202fe1ce9d9e5e301d1e67439c9530da94b1e64ee3f	7484d7b0dd80f45e18d726b04752827fe28555cc5c1af0e127948380e6688abf
semantic-proposal-v1	SC1-de2e72345cf9f083069b6bf257969accbaaf4ad5987799a42d7e3749e4387f13	S015088	2	P01	SYMBOLS.tsv	285150	status	x86_64	include/linux/sunrpc/gss_err.h	operative_macro	GSS_CALLING_ERROR_FIELD	154	PENDING_REVIEW	COMPLETE	COMPLETE	vendor/linux/include/linux/sunrpc/gss_err.h;vendor/linux/include/linux/sunrpc/gss_err.h:154;rewrite/configs/x86_64/frozen.config;header_closure=rewrite/metadata/header_closure.tsv;selected=PENDING_REVIEW	425f94c2954b1fe80ebdbf9b29854e89750355df	49b63777d13278b575b2eacd911d6e986f060ea4d22d1e64be39b27f0f5fce9c	816c34c0c60da91f2257f703ba593c10b89b42256ed59504a47f277fe58cea41	0123af9e96b58af4e98b91a2de5608d36b63c67864b9041d3340587f3dbe40d2	cfa8dcf0d81c408de38d4202fe1ce9d9e5e301d1e67439c9530da94b1e64ee3f	7484d7b0dd80f45e18d726b04752827fe28555cc5c1af0e127948380e6688abf
semantic-proposal-v1	SC1-a6263330b7cac4f3d43a26b63b2d3fbf9150634adfea5adca9c027f7e0ef7ca7	S015088	2	P01	SYMBOLS.tsv	285151	selection_expression	x86_64	include/linux/sunrpc/gss_err.h	operative_macro	GSS_ROUTINE_ERROR_FIELD	156	PENDING_REVIEW	SOURCE_REVIEWED_VALUE	COMPLETE	vendor/linux/include/linux/sunrpc/gss_err.h;vendor/linux/include/linux/sunrpc/gss_err.h:156;rewrite/configs/x86_64/frozen.config;header_closure=rewrite/metadata/header_closure.tsv;selected=PENDING_REVIEW	425f94c2954b1fe80ebdbf9b29854e89750355df	49b63777d13278b575b2eacd911d6e986f060ea4d22d1e64be39b27f0f5fce9c	816c34c0c60da91f2257f703ba593c10b89b42256ed59504a47f277fe58cea41	0123af9e96b58af4e98b91a2de5608d36b63c67864b9041d3340587f3dbe40d2	cfa8dcf0d81c408de38d4202fe1ce9d9e5e301d1e67439c9530da94b1e64ee3f	7484d7b0dd80f45e18d726b04752827fe28555cc5c1af0e127948380e6688abf
semantic-proposal-v1	SC1-0a53cc641b5bf7b4dbe54f2181c53fda73b160f5df3a11f4dec1849a7c30b306	S015088	2	P01	SYMBOLS.tsv	285151	status	x86_64	include/linux/sunrpc/gss_err.h	operative_macro	GSS_ROUTINE_ERROR_FIELD	156	PENDING_REVIEW	COMPLETE	COMPLETE	vendor/linux/include/linux/sunrpc/gss_err.h;vendor/linux/include/linux/sunrpc/gss_err.h:156;rewrite/configs/x86_64/frozen.config;header_closure=rewrite/metadata/header_closure.tsv;selected=PENDING_REVIEW	425f94c2954b1fe80ebdbf9b29854e89750355df	49b63777d13278b575b2eacd911d6e986f060ea4d22d1e64be39b27f0f5fce9c	816c34c0c60da91f2257f703ba593c10b89b42256ed59504a47f277fe58cea41	0123af9e96b58af4e98b91a2de5608d36b63c67864b9041d3340587f3dbe40d2	cfa8dcf0d81c408de38d4202fe1ce9d9e5e301d1e67439c9530da94b1e64ee3f	7484d7b0dd80f45e18d726b04752827fe28555cc5c1af0e127948380e6688abf
semantic-proposal-v1	SC1-ff33171addf51e0e3b3097452b370c306f48bda4fe3db679f914115d5113c9f0	S015088	2	P01	SYMBOLS.tsv	285152	selection_expression	x86_64	include/linux/sunrpc/gss_err.h	operative_macro	GSS_SUPPLEMENTARY_INFO_FIELD	158	PENDING_REVIEW	SOURCE_REVIEWED_VALUE	COMPLETE	vendor/linux/include/linux/sunrpc/gss_err.h;vendor/linux/include/linux/sunrpc/gss_err.h:158;rewrite/configs/x86_64/frozen.config;header_closure=rewrite/metadata/header_closure.tsv;selected=PENDING_REVIEW	425f94c2954b1fe80ebdbf9b29854e89750355df	49b63777d13278b575b2eacd911d6e986f060ea4d22d1e64be39b27f0f5fce9c	816c34c0c60da91f2257f703ba593c10b89b42256ed59504a47f277fe58cea41	0123af9e96b58af4e98b91a2de5608d36b63c67864b9041d3340587f3dbe40d2	cfa8dcf0d81c408de38d4202fe1ce9d9e5e301d1e67439c9530da94b1e64ee3f	7484d7b0dd80f45e18d726b04752827fe28555cc5c1af0e127948380e6688abf
semantic-proposal-v1	SC1-4fc22fe634b3a11303c21f1480d213991f28a019baf74966cf5386a32d02b70d	S015088	2	P01	SYMBOLS.tsv	285152	status	x86_64	include/linux/sunrpc/gss_err.h	operative_macro	GSS_SUPPLEMENTARY_INFO_FIELD	158	PENDING_REVIEW	COMPLETE	COMPLETE	vendor/linux/include/linux/sunrpc/gss_err.h;vendor/linux/include/linux/sunrpc/gss_err.h:158;rewrite/configs/x86_64/frozen.config;header_closure=rewrite/metadata/header_closure.tsv;selected=PENDING_REVIEW	425f94c2954b1fe80ebdbf9b29854e89750355df	49b63777d13278b575b2eacd911d6e986f060ea4d22d1e64be39b27f0f5fce9c	816c34c0c60da91f2257f703ba593c10b89b42256ed59504a47f277fe58cea41	0123af9e96b58af4e98b91a2de5608d36b63c67864b9041d3340587f3dbe40d2	cfa8dcf0d81c408de38d4202fe1ce9d9e5e301d1e67439c9530da94b1e64ee3f	7484d7b0dd80f45e18d726b04752827fe28555cc5c1af0e127948380e6688abf
semantic-proposal-v1	SC1-6535000ce167a7c5f02a4ee16ad72b515b0f79a8cc0eebed072094cc243f3903	S015088	2	P01	SYMBOLS.tsv	285153	selection_expression	x86_64	include/linux/sunrpc/gss_err.h	operative_macro	GSS_S_CRED_UNAVAIL	162	PENDING_REVIEW	SOURCE_REVIEWED_VALUE	COMPLETE	vendor/linux/include/linux/sunrpc/gss_err.h;vendor/linux/include/linux/sunrpc/gss_err.h:162;rewrite/configs/x86_64/frozen.config;header_closure=rewrite/metadata/header_closure.tsv;selected=PENDING_REVIEW	425f94c2954b1fe80ebdbf9b29854e89750355df	49b63777d13278b575b2eacd911d6e986f060ea4d22d1e64be39b27f0f5fce9c	816c34c0c60da91f2257f703ba593c10b89b42256ed59504a47f277fe58cea41	0123af9e96b58af4e98b91a2de5608d36b63c67864b9041d3340587f3dbe40d2	cfa8dcf0d81c408de38d4202fe1ce9d9e5e301d1e67439c9530da94b1e64ee3f	7484d7b0dd80f45e18d726b04752827fe28555cc5c1af0e127948380e6688abf
semantic-proposal-v1	SC1-f081e1f6bb5fe5173953b1dc3e8fe7d8f2f5758d54b9d23a0beb3e57125fcdbf	S015088	2	P01	SYMBOLS.tsv	285153	status	x86_64	include/linux/sunrpc/gss_err.h	operative_macro	GSS_S_CRED_UNAVAIL	162	PENDING_REVIEW	COMPLETE	COMPLETE	vendor/linux/include/linux/sunrpc/gss_err.h;vendor/linux/include/linux/sunrpc/gss_err.h:162;rewrite/configs/x86_64/frozen.config;header_closure=rewrite/metadata/header_closure.tsv;selected=PENDING_REVIEW	425f94c2954b1fe80ebdbf9b29854e89750355df	49b63777d13278b575b2eacd911d6e986f060ea4d22d1e64be39b27f0f5fce9c	816c34c0c60da91f2257f703ba593c10b89b42256ed59504a47f277fe58cea41	0123af9e96b58af4e98b91a2de5608d36b63c67864b9041d3340587f3dbe40d2	cfa8dcf0d81c408de38d4202fe1ce9d9e5e301d1e67439c9530da94b1e64ee3f	7484d7b0dd80f45e18d726b04752827fe28555cc5c1af0e127948380e6688abf
semantic-proposal-v1	SC1-6b313c2456cdf54a1f066c65a496b2146b7f19f2d1dc2a7d58fa09762cb50cd4	S015088	2	P01	SYMBOLS.tsv	285154	selection_expression	x86_64	include/linux/sunrpc/gss_err.h	type	OM_uint32	37	PENDING_REVIEW	SOURCE_REVIEWED_VALUE	COMPLETE	vendor/linux/include/linux/sunrpc/gss_err.h;vendor/linux/include/linux/sunrpc/gss_err.h:37;rewrite/configs/x86_64/frozen.config;header_closure=rewrite/metadata/header_closure.tsv;selected=PENDING_REVIEW	425f94c2954b1fe80ebdbf9b29854e89750355df	49b63777d13278b575b2eacd911d6e986f060ea4d22d1e64be39b27f0f5fce9c	816c34c0c60da91f2257f703ba593c10b89b42256ed59504a47f277fe58cea41	0123af9e96b58af4e98b91a2de5608d36b63c67864b9041d3340587f3dbe40d2	cfa8dcf0d81c408de38d4202fe1ce9d9e5e301d1e67439c9530da94b1e64ee3f	7484d7b0dd80f45e18d726b04752827fe28555cc5c1af0e127948380e6688abf
semantic-proposal-v1	SC1-c4f8c5ec0e15c8fa2e7b50da7066237f0aadd7cd78456ba65c9f063afaa459f5	S015088	2	P01	SYMBOLS.tsv	285154	status	x86_64	include/linux/sunrpc/gss_err.h	type	OM_uint32	37	PENDING_REVIEW	COMPLETE	COMPLETE	vendor/linux/include/linux/sunrpc/gss_err.h;vendor/linux/include/linux/sunrpc/gss_err.h:37;rewrite/configs/x86_64/frozen.config;header_closure=rewrite/metadata/header_closure.tsv;selected=PENDING_REVIEW	425f94c2954b1fe80ebdbf9b29854e89750355df	49b63777d13278b575b2eacd911d6e986f060ea4d22d1e64be39b27f0f5fce9c	816c34c0c60da91f2257f703ba593c10b89b42256ed59504a47f277fe58cea41	0123af9e96b58af4e98b91a2de5608d36b63c67864b9041d3340587f3dbe40d2	cfa8dcf0d81c408de38d4202fe1ce9d9e5e301d1e67439c9530da94b1e64ee3f	7484d7b0dd80f45e18d726b04752827fe28555cc5c1af0e127948380e6688abf
semantic-proposal-v1	SC1-252dd80d45f9e4ff07ce279c697cc1825a1f6d9f350b17b4c1a8663353af86c5	S015088	2	P01	ABI.tsv	156795	alignment	aarch64	include/linux/sunrpc/gss_err.h	type	OM_uint32	37	PENDING_REVIEW	SOURCE_REVIEWED_VALUE	COMPLETE	vendor/linux/include/linux/sunrpc/gss_err.h;vendor/linux/include/linux/sunrpc/gss_err.h:37;header-context=PENDING_REVIEW	425f94c2954b1fe80ebdbf9b29854e89750355df	49b63777d13278b575b2eacd911d6e986f060ea4d22d1e64be39b27f0f5fce9c	816c34c0c60da91f2257f703ba593c10b89b42256ed59504a47f277fe58cea41	0123af9e96b58af4e98b91a2de5608d36b63c67864b9041d3340587f3dbe40d2	cfa8dcf0d81c408de38d4202fe1ce9d9e5e301d1e67439c9530da94b1e64ee3f	ae0caca34fe9b6eb8097958d2fbb8d2b6a1fad60f91f3c2b8d948c43dbfcee39
semantic-proposal-v1	SC1-c985007efdba59a972e86d0dd8da722967deaa9f06f733db43ba84caa77cccce	S015088	2	P01	ABI.tsv	156795	export_kind	aarch64	include/linux/sunrpc/gss_err.h	type	OM_uint32	37	PENDING_REVIEW	SOURCE_REVIEWED_VALUE	COMPLETE	vendor/linux/include/linux/sunrpc/gss_err.h;vendor/linux/include/linux/sunrpc/gss_err.h:37;header-context=PENDING_REVIEW	425f94c2954b1fe80ebdbf9b29854e89750355df	49b63777d13278b575b2eacd911d6e986f060ea4d22d1e64be39b27f0f5fce9c	816c34c0c60da91f2257f703ba593c10b89b42256ed59504a47f277fe58cea41	0123af9e96b58af4e98b91a2de5608d36b63c67864b9041d3340587f3dbe40d2	cfa8dcf0d81c408de38d4202fe1ce9d9e5e301d1e67439c9530da94b1e64ee3f	ae0caca34fe9b6eb8097958d2fbb8d2b6a1fad60f91f3c2b8d948c43dbfcee39
semantic-proposal-v1	SC1-748220b2d86748830148a3280e22160a008d793adcd561fa0b167ce71b3c8392	S015088	2	P01	ABI.tsv	156795	layout	aarch64	include/linux/sunrpc/gss_err.h	type	OM_uint32	37	PENDING_REVIEW	SOURCE_REVIEWED_VALUE	COMPLETE	vendor/linux/include/linux/sunrpc/gss_err.h;vendor/linux/include/linux/sunrpc/gss_err.h:37;header-context=PENDING_REVIEW	425f94c2954b1fe80ebdbf9b29854e89750355df	49b63777d13278b575b2eacd911d6e986f060ea4d22d1e64be39b27f0f5fce9c	816c34c0c60da91f2257f703ba593c10b89b42256ed59504a47f277fe58cea41	0123af9e96b58af4e98b91a2de5608d36b63c67864b9041d3340587f3dbe40d2	cfa8dcf0d81c408de38d4202fe1ce9d9e5e301d1e67439c9530da94b1e64ee3f	ae0caca34fe9b6eb8097958d2fbb8d2b6a1fad60f91f3c2b8d948c43dbfcee39
semantic-proposal-v1	SC1-4c9caac9e875883ece7386f8a3bf923d27db3cae5e56a9e0f9879d0a4db861d8	S015088	2	P01	ABI.tsv	156795	status	aarch64	include/linux/sunrpc/gss_err.h	type	OM_uint32	37	PENDING_REVIEW	COMPLETE	COMPLETE	vendor/linux/include/linux/sunrpc/gss_err.h;vendor/linux/include/linux/sunrpc/gss_err.h:37;header-context=PENDING_REVIEW	425f94c2954b1fe80ebdbf9b29854e89750355df	49b63777d13278b575b2eacd911d6e986f060ea4d22d1e64be39b27f0f5fce9c	816c34c0c60da91f2257f703ba593c10b89b42256ed59504a47f277fe58cea41	0123af9e96b58af4e98b91a2de5608d36b63c67864b9041d3340587f3dbe40d2	cfa8dcf0d81c408de38d4202fe1ce9d9e5e301d1e67439c9530da94b1e64ee3f	ae0caca34fe9b6eb8097958d2fbb8d2b6a1fad60f91f3c2b8d948c43dbfcee39
semantic-proposal-v1	SC1-8a289cbb68247847d2f84dcc9e08c187e7a4420ba9658e2ab6e5ed6433171db4	S015088	2	P01	ABI.tsv	156796	alignment	x86_64	include/linux/sunrpc/gss_err.h	type	OM_uint32	37	PENDING_REVIEW	SOURCE_REVIEWED_VALUE	COMPLETE	vendor/linux/include/linux/sunrpc/gss_err.h;vendor/linux/include/linux/sunrpc/gss_err.h:37;header-context=PENDING_REVIEW	425f94c2954b1fe80ebdbf9b29854e89750355df	49b63777d13278b575b2eacd911d6e986f060ea4d22d1e64be39b27f0f5fce9c	816c34c0c60da91f2257f703ba593c10b89b42256ed59504a47f277fe58cea41	0123af9e96b58af4e98b91a2de5608d36b63c67864b9041d3340587f3dbe40d2	cfa8dcf0d81c408de38d4202fe1ce9d9e5e301d1e67439c9530da94b1e64ee3f	ae0caca34fe9b6eb8097958d2fbb8d2b6a1fad60f91f3c2b8d948c43dbfcee39
semantic-proposal-v1	SC1-cda61175708e56b541a084ef09a3fcd31d696cd991a1e55eae70d8b8d58b8a58	S015088	2	P01	ABI.tsv	156796	export_kind	x86_64	include/linux/sunrpc/gss_err.h	type	OM_uint32	37	PENDING_REVIEW	SOURCE_REVIEWED_VALUE	COMPLETE	vendor/linux/include/linux/sunrpc/gss_err.h;vendor/linux/include/linux/sunrpc/gss_err.h:37;header-context=PENDING_REVIEW	425f94c2954b1fe80ebdbf9b29854e89750355df	49b63777d13278b575b2eacd911d6e986f060ea4d22d1e64be39b27f0f5fce9c	816c34c0c60da91f2257f703ba593c10b89b42256ed59504a47f277fe58cea41	0123af9e96b58af4e98b91a2de5608d36b63c67864b9041d3340587f3dbe40d2	cfa8dcf0d81c408de38d4202fe1ce9d9e5e301d1e67439c9530da94b1e64ee3f	ae0caca34fe9b6eb8097958d2fbb8d2b6a1fad60f91f3c2b8d948c43dbfcee39
semantic-proposal-v1	SC1-cb0cbe882a845e65736d5cb503096f1731702adf0b1c93bb101d834f2bde54cc	S015088	2	P01	ABI.tsv	156796	layout	x86_64	include/linux/sunrpc/gss_err.h	type	OM_uint32	37	PENDING_REVIEW	SOURCE_REVIEWED_VALUE	COMPLETE	vendor/linux/include/linux/sunrpc/gss_err.h;vendor/linux/include/linux/sunrpc/gss_err.h:37;header-context=PENDING_REVIEW	425f94c2954b1fe80ebdbf9b29854e89750355df	49b63777d13278b575b2eacd911d6e986f060ea4d22d1e64be39b27f0f5fce9c	816c34c0c60da91f2257f703ba593c10b89b42256ed59504a47f277fe58cea41	0123af9e96b58af4e98b91a2de5608d36b63c67864b9041d3340587f3dbe40d2	cfa8dcf0d81c408de38d4202fe1ce9d9e5e301d1e67439c9530da94b1e64ee3f	ae0caca34fe9b6eb8097958d2fbb8d2b6a1fad60f91f3c2b8d948c43dbfcee39
semantic-proposal-v1	SC1-8f0cbabdaac783d82bb1382257370295e767fadaa128ea7c9d246af105533946	S015088	2	P01	ABI.tsv	156796	status	x86_64	include/linux/sunrpc/gss_err.h	type	OM_uint32	37	PENDING_REVIEW	COMPLETE	COMPLETE	vendor/linux/include/linux/sunrpc/gss_err.h;vendor/linux/include/linux/sunrpc/gss_err.h:37;header-context=PENDING_REVIEW	425f94c2954b1fe80ebdbf9b29854e89750355df	49b63777d13278b575b2eacd911d6e986f060ea4d22d1e64be39b27f0f5fce9c	816c34c0c60da91f2257f703ba593c10b89b42256ed59504a47f277fe58cea41	0123af9e96b58af4e98b91a2de5608d36b63c67864b9041d3340587f3dbe40d2	cfa8dcf0d81c408de38d4202fe1ce9d9e5e301d1e67439c9530da94b1e64ee3f	ae0caca34fe9b6eb8097958d2fbb8d2b6a1fad60f91f3c2b8d948c43dbfcee39
semantic-proposal-v1	SC1-83cb0935e23bf07ea286f2c513885d7539510c0e76dcf8184a06d5475d34f7fb	S015088	2	P01	LIFETIMES.tsv	152736	lifetime_contract	aarch64	include/linux/sunrpc/gss_err.h	type	OM_uint32	37	PENDING_REVIEW	SOURCE_REVIEWED_VALUE	COMPLETE	vendor/linux/include/linux/sunrpc/gss_err.h;vendor/linux/include/linux/sunrpc/gss_err.h:37;header-context=PENDING_REVIEW	425f94c2954b1fe80ebdbf9b29854e89750355df	49b63777d13278b575b2eacd911d6e986f060ea4d22d1e64be39b27f0f5fce9c	816c34c0c60da91f2257f703ba593c10b89b42256ed59504a47f277fe58cea41	0123af9e96b58af4e98b91a2de5608d36b63c67864b9041d3340587f3dbe40d2	cfa8dcf0d81c408de38d4202fe1ce9d9e5e301d1e67439c9530da94b1e64ee3f	0e7e60940dd21c28f3d10965325f70644fc000495a2d61984437dec666da93d8
semantic-proposal-v1	SC1-b8abb9b7609e82ba24b59c303a6ca0c7c869958d43474bb75da042c874745b02	S015088	2	P01	LIFETIMES.tsv	152736	locking_rcu_refcount	aarch64	include/linux/sunrpc/gss_err.h	type	OM_uint32	37	PENDING_REVIEW	SOURCE_REVIEWED_VALUE	COMPLETE	vendor/linux/include/linux/sunrpc/gss_err.h;vendor/linux/include/linux/sunrpc/gss_err.h:37;header-context=PENDING_REVIEW	425f94c2954b1fe80ebdbf9b29854e89750355df	49b63777d13278b575b2eacd911d6e986f060ea4d22d1e64be39b27f0f5fce9c	816c34c0c60da91f2257f703ba593c10b89b42256ed59504a47f277fe58cea41	0123af9e96b58af4e98b91a2de5608d36b63c67864b9041d3340587f3dbe40d2	cfa8dcf0d81c408de38d4202fe1ce9d9e5e301d1e67439c9530da94b1e64ee3f	0e7e60940dd21c28f3d10965325f70644fc000495a2d61984437dec666da93d8
semantic-proposal-v1	SC1-6cc1a128f8a6b4a51da9b14421ea11d49137344d7bb590745f1ad9bb9c2e832c	S015088	2	P01	LIFETIMES.tsv	152736	ownership	aarch64	include/linux/sunrpc/gss_err.h	type	OM_uint32	37	PENDING_REVIEW	SOURCE_REVIEWED_VALUE	COMPLETE	vendor/linux/include/linux/sunrpc/gss_err.h;vendor/linux/include/linux/sunrpc/gss_err.h:37;header-context=PENDING_REVIEW	425f94c2954b1fe80ebdbf9b29854e89750355df	49b63777d13278b575b2eacd911d6e986f060ea4d22d1e64be39b27f0f5fce9c	816c34c0c60da91f2257f703ba593c10b89b42256ed59504a47f277fe58cea41	0123af9e96b58af4e98b91a2de5608d36b63c67864b9041d3340587f3dbe40d2	cfa8dcf0d81c408de38d4202fe1ce9d9e5e301d1e67439c9530da94b1e64ee3f	0e7e60940dd21c28f3d10965325f70644fc000495a2d61984437dec666da93d8
semantic-proposal-v1	SC1-834006fd2884504a3910b72e2a4de84e83059d9d8742a8b95323b6566199ec5b	S015088	2	P01	LIFETIMES.tsv	152736	status	aarch64	include/linux/sunrpc/gss_err.h	type	OM_uint32	37	PENDING_REVIEW	COMPLETE	COMPLETE	vendor/linux/include/linux/sunrpc/gss_err.h;vendor/linux/include/linux/sunrpc/gss_err.h:37;header-context=PENDING_REVIEW	425f94c2954b1fe80ebdbf9b29854e89750355df	49b63777d13278b575b2eacd911d6e986f060ea4d22d1e64be39b27f0f5fce9c	816c34c0c60da91f2257f703ba593c10b89b42256ed59504a47f277fe58cea41	0123af9e96b58af4e98b91a2de5608d36b63c67864b9041d3340587f3dbe40d2	cfa8dcf0d81c408de38d4202fe1ce9d9e5e301d1e67439c9530da94b1e64ee3f	0e7e60940dd21c28f3d10965325f70644fc000495a2d61984437dec666da93d8
semantic-proposal-v1	SC1-88b6c5100fc32292773ce9bdf1cf8406446afedac7ff7cf3abbff2062c7b5639	S015088	2	P01	LIFETIMES.tsv	152737	lifetime_contract	x86_64	include/linux/sunrpc/gss_err.h	type	OM_uint32	37	PENDING_REVIEW	SOURCE_REVIEWED_VALUE	COMPLETE	vendor/linux/include/linux/sunrpc/gss_err.h;vendor/linux/include/linux/sunrpc/gss_err.h:37;header-context=PENDING_REVIEW	425f94c2954b1fe80ebdbf9b29854e89750355df	49b63777d13278b575b2eacd911d6e986f060ea4d22d1e64be39b27f0f5fce9c	816c34c0c60da91f2257f703ba593c10b89b42256ed59504a47f277fe58cea41	0123af9e96b58af4e98b91a2de5608d36b63c67864b9041d3340587f3dbe40d2	cfa8dcf0d81c408de38d4202fe1ce9d9e5e301d1e67439c9530da94b1e64ee3f	0e7e60940dd21c28f3d10965325f70644fc000495a2d61984437dec666da93d8
semantic-proposal-v1	SC1-d52d452ecf3fc7d4a82496ba19032fb6456e7c05ee3ebf9ea1bf7aa709e772e8	S015088	2	P01	LIFETIMES.tsv	152737	locking_rcu_refcount	x86_64	include/linux/sunrpc/gss_err.h	type	OM_uint32	37	PENDING_REVIEW	SOURCE_REVIEWED_VALUE	COMPLETE	vendor/linux/include/linux/sunrpc/gss_err.h;vendor/linux/include/linux/sunrpc/gss_err.h:37;header-context=PENDING_REVIEW	425f94c2954b1fe80ebdbf9b29854e89750355df	49b63777d13278b575b2eacd911d6e986f060ea4d22d1e64be39b27f0f5fce9c	816c34c0c60da91f2257f703ba593c10b89b42256ed59504a47f277fe58cea41	0123af9e96b58af4e98b91a2de5608d36b63c67864b9041d3340587f3dbe40d2	cfa8dcf0d81c408de38d4202fe1ce9d9e5e301d1e67439c9530da94b1e64ee3f	0e7e60940dd21c28f3d10965325f70644fc000495a2d61984437dec666da93d8
semantic-proposal-v1	SC1-d0f03541d01e494e6ef944b6a25d986fc0f0a8e71429f51213c49405ab30bafa	S015088	2	P01	LIFETIMES.tsv	152737	ownership	x86_64	include/linux/sunrpc/gss_err.h	type	OM_uint32	37	PENDING_REVIEW	SOURCE_REVIEWED_VALUE	COMPLETE	vendor/linux/include/linux/sunrpc/gss_err.h;vendor/linux/include/linux/sunrpc/gss_err.h:37;header-context=PENDING_REVIEW	425f94c2954b1fe80ebdbf9b29854e89750355df	49b63777d13278b575b2eacd911d6e986f060ea4d22d1e64be39b27f0f5fce9c	816c34c0c60da91f2257f703ba593c10b89b42256ed59504a47f277fe58cea41	0123af9e96b58af4e98b91a2de5608d36b63c67864b9041d3340587f3dbe40d2	cfa8dcf0d81c408de38d4202fe1ce9d9e5e301d1e67439c9530da94b1e64ee3f	0e7e60940dd21c28f3d10965325f70644fc000495a2d61984437dec666da93d8
semantic-proposal-v1	SC1-6af5e29b54b265ba19e76c5a2b244b572c9d39fffa0b1d1b1740ebfc77bc7eaa	S015088	2	P01	LIFETIMES.tsv	152737	status	x86_64	include/linux/sunrpc/gss_err.h	type	OM_uint32	37	PENDING_REVIEW	COMPLETE	COMPLETE	vendor/linux/include/linux/sunrpc/gss_err.h;vendor/linux/include/linux/sunrpc/gss_err.h:37;header-context=PENDING_REVIEW	425f94c2954b1fe80ebdbf9b29854e89750355df	49b63777d13278b575b2eacd911d6e986f060ea4d22d1e64be39b27f0f5fce9c	816c34c0c60da91f2257f703ba593c10b89b42256ed59504a47f277fe58cea41	0123af9e96b58af4e98b91a2de5608d36b63c67864b9041d3340587f3dbe40d2	cfa8dcf0d81c408de38d4202fe1ce9d9e5e301d1e67439c9530da94b1e64ee3f	0e7e60940dd21c28f3d10965325f70644fc000495a2d61984437dec666da93d8
