schema_version	record_key	task_id	attempt	pipeline_id	manifest	base_row	field	architecture	linux_path	record_kind	symbol_name	source_line	old_value	final_value	decision_status	source_citations	linux_sha	candidate_sha256	implementation_sha256	phase0_identity_sha256	queue_fingerprint	base_manifest_sha256
semantic-proposal-v1	SC1-91fb372dcf400e541d9f91514108cb310a87f9e992f572629ad8df8c78c0eb3d	S015666	1	P01	SCOPE.tsv	15667	semantic_status	common	include/net/tcp_states.h	scope	S015666	0	PENDING_REVIEW	COMPLETE	COMPLETE	vendor/linux/include/net/tcp_states.h;rewrite/metadata/header_closure.tsv	425f94c2954b1fe80ebdbf9b29854e89750355df	4ac2c35a1fb792ed369cd7be974f380313a4762e7bdfbe06cde9b3548bbf812c	3a8398e3c15afe2820ff1903fefca4d0ec21c0a74e1148db5d11652ca07ce7c6	0123af9e96b58af4e98b91a2de5608d36b63c67864b9041d3340587f3dbe40d2	cfa8dcf0d81c408de38d4202fe1ce9d9e5e301d1e67439c9530da94b1e64ee3f	b83349e6731e17e5da5e04a0ea053487e8ac8d9269538dbdb367d83f77b17e0a
semantic-proposal-v1	SC1-5dfab14eb48cfd646e34a3f5f9f99b7b0004f2ad34f4ac25348d800dd4132ebb	S015666	1	P01	SYMBOLS.tsv	331638	status	aarch64	include/net/tcp_states.h	conditional	ifndef@9	9	PENDING_REVIEW	COMPLETE	COMPLETE	vendor/linux/include/net/tcp_states.h;vendor/linux/include/net/tcp_states.h:9;rewrite/configs/aarch64/frozen.config;header_closure=rewrite/metadata/header_closure.tsv;selected=PENDING_REVIEW	425f94c2954b1fe80ebdbf9b29854e89750355df	4ac2c35a1fb792ed369cd7be974f380313a4762e7bdfbe06cde9b3548bbf812c	3a8398e3c15afe2820ff1903fefca4d0ec21c0a74e1148db5d11652ca07ce7c6	0123af9e96b58af4e98b91a2de5608d36b63c67864b9041d3340587f3dbe40d2	cfa8dcf0d81c408de38d4202fe1ce9d9e5e301d1e67439c9530da94b1e64ee3f	7484d7b0dd80f45e18d726b04752827fe28555cc5c1af0e127948380e6688abf
semantic-proposal-v1	SC1-62d2ad6b7ee8580181291aaddb9c4d62cc474349532dccaf1cb2d7c5c6d8f372	S015666	1	P01	SYMBOLS.tsv	331639	status	aarch64	include/net/tcp_states.h	conditional	endif@50	50	PENDING_REVIEW	COMPLETE	COMPLETE	vendor/linux/include/net/tcp_states.h;vendor/linux/include/net/tcp_states.h:50;rewrite/configs/aarch64/frozen.config;header_closure=rewrite/metadata/header_closure.tsv;selected=PENDING_REVIEW	425f94c2954b1fe80ebdbf9b29854e89750355df	4ac2c35a1fb792ed369cd7be974f380313a4762e7bdfbe06cde9b3548bbf812c	3a8398e3c15afe2820ff1903fefca4d0ec21c0a74e1148db5d11652ca07ce7c6	0123af9e96b58af4e98b91a2de5608d36b63c67864b9041d3340587f3dbe40d2	cfa8dcf0d81c408de38d4202fe1ce9d9e5e301d1e67439c9530da94b1e64ee3f	7484d7b0dd80f45e18d726b04752827fe28555cc5c1af0e127948380e6688abf
semantic-proposal-v1	SC1-dfc11b04a00b2e7e9e4c8187c0f272e2201b7074f98fa0f89b3dcabadbd2235b	S015666	1	P01	SYMBOLS.tsv	331640	selection_expression	aarch64	include/net/tcp_states.h	operative_macro	_LINUX_TCP_STATES_H	10	PENDING_REVIEW	SOURCE_REVIEWED_VALUE	COMPLETE	vendor/linux/include/net/tcp_states.h;vendor/linux/include/net/tcp_states.h:10;rewrite/configs/aarch64/frozen.config;header_closure=rewrite/metadata/header_closure.tsv;selected=PENDING_REVIEW	425f94c2954b1fe80ebdbf9b29854e89750355df	4ac2c35a1fb792ed369cd7be974f380313a4762e7bdfbe06cde9b3548bbf812c	3a8398e3c15afe2820ff1903fefca4d0ec21c0a74e1148db5d11652ca07ce7c6	0123af9e96b58af4e98b91a2de5608d36b63c67864b9041d3340587f3dbe40d2	cfa8dcf0d81c408de38d4202fe1ce9d9e5e301d1e67439c9530da94b1e64ee3f	7484d7b0dd80f45e18d726b04752827fe28555cc5c1af0e127948380e6688abf
semantic-proposal-v1	SC1-7da4facfc7a376e5740075b61c7221d32ee26a92baf1b400757d54e2bf9ffdbd	S015666	1	P01	SYMBOLS.tsv	331640	status	aarch64	include/net/tcp_states.h	operative_macro	_LINUX_TCP_STATES_H	10	PENDING_REVIEW	COMPLETE	COMPLETE	vendor/linux/include/net/tcp_states.h;vendor/linux/include/net/tcp_states.h:10;rewrite/configs/aarch64/frozen.config;header_closure=rewrite/metadata/header_closure.tsv;selected=PENDING_REVIEW	425f94c2954b1fe80ebdbf9b29854e89750355df	4ac2c35a1fb792ed369cd7be974f380313a4762e7bdfbe06cde9b3548bbf812c	3a8398e3c15afe2820ff1903fefca4d0ec21c0a74e1148db5d11652ca07ce7c6	0123af9e96b58af4e98b91a2de5608d36b63c67864b9041d3340587f3dbe40d2	cfa8dcf0d81c408de38d4202fe1ce9d9e5e301d1e67439c9530da94b1e64ee3f	7484d7b0dd80f45e18d726b04752827fe28555cc5c1af0e127948380e6688abf
semantic-proposal-v1	SC1-852fb69bbfb9d4b48f059c2ff507b66f28e7c2f796fcc680a0dac7ba71baff5c	S015666	1	P01	SYMBOLS.tsv	331641	selection_expression	aarch64	include/net/tcp_states.h	operative_macro	TCP_STATE_MASK	30	PENDING_REVIEW	SOURCE_REVIEWED_VALUE	COMPLETE	vendor/linux/include/net/tcp_states.h;vendor/linux/include/net/tcp_states.h:30;rewrite/configs/aarch64/frozen.config;header_closure=rewrite/metadata/header_closure.tsv;selected=PENDING_REVIEW	425f94c2954b1fe80ebdbf9b29854e89750355df	4ac2c35a1fb792ed369cd7be974f380313a4762e7bdfbe06cde9b3548bbf812c	3a8398e3c15afe2820ff1903fefca4d0ec21c0a74e1148db5d11652ca07ce7c6	0123af9e96b58af4e98b91a2de5608d36b63c67864b9041d3340587f3dbe40d2	cfa8dcf0d81c408de38d4202fe1ce9d9e5e301d1e67439c9530da94b1e64ee3f	7484d7b0dd80f45e18d726b04752827fe28555cc5c1af0e127948380e6688abf
semantic-proposal-v1	SC1-240bd80dd5ea6b1a6f31e6f012267f897c8176747c5931cda5964774fc455785	S015666	1	P01	SYMBOLS.tsv	331641	status	aarch64	include/net/tcp_states.h	operative_macro	TCP_STATE_MASK	30	PENDING_REVIEW	COMPLETE	COMPLETE	vendor/linux/include/net/tcp_states.h;vendor/linux/include/net/tcp_states.h:30;rewrite/configs/aarch64/frozen.config;header_closure=rewrite/metadata/header_closure.tsv;selected=PENDING_REVIEW	425f94c2954b1fe80ebdbf9b29854e89750355df	4ac2c35a1fb792ed369cd7be974f380313a4762e7bdfbe06cde9b3548bbf812c	3a8398e3c15afe2820ff1903fefca4d0ec21c0a74e1148db5d11652ca07ce7c6	0123af9e96b58af4e98b91a2de5608d36b63c67864b9041d3340587f3dbe40d2	cfa8dcf0d81c408de38d4202fe1ce9d9e5e301d1e67439c9530da94b1e64ee3f	7484d7b0dd80f45e18d726b04752827fe28555cc5c1af0e127948380e6688abf
semantic-proposal-v1	SC1-d25b480822cc8829638b0392ef1205df3ab1ed624b1c78a7e48ea200cf0ddc85	S015666	1	P01	SYMBOLS.tsv	331642	selection_expression	aarch64	include/net/tcp_states.h	operative_macro	TCP_ACTION_FIN	32	PENDING_REVIEW	SOURCE_REVIEWED_VALUE	COMPLETE	vendor/linux/include/net/tcp_states.h;vendor/linux/include/net/tcp_states.h:32;rewrite/configs/aarch64/frozen.config;header_closure=rewrite/metadata/header_closure.tsv;selected=PENDING_REVIEW	425f94c2954b1fe80ebdbf9b29854e89750355df	4ac2c35a1fb792ed369cd7be974f380313a4762e7bdfbe06cde9b3548bbf812c	3a8398e3c15afe2820ff1903fefca4d0ec21c0a74e1148db5d11652ca07ce7c6	0123af9e96b58af4e98b91a2de5608d36b63c67864b9041d3340587f3dbe40d2	cfa8dcf0d81c408de38d4202fe1ce9d9e5e301d1e67439c9530da94b1e64ee3f	7484d7b0dd80f45e18d726b04752827fe28555cc5c1af0e127948380e6688abf
semantic-proposal-v1	SC1-51353d41bffee25b6b36c375c81df3999b72a2a31908d4cf2f01a2fde0a7534f	S015666	1	P01	SYMBOLS.tsv	331642	status	aarch64	include/net/tcp_states.h	operative_macro	TCP_ACTION_FIN	32	PENDING_REVIEW	COMPLETE	COMPLETE	vendor/linux/include/net/tcp_states.h;vendor/linux/include/net/tcp_states.h:32;rewrite/configs/aarch64/frozen.config;header_closure=rewrite/metadata/header_closure.tsv;selected=PENDING_REVIEW	425f94c2954b1fe80ebdbf9b29854e89750355df	4ac2c35a1fb792ed369cd7be974f380313a4762e7bdfbe06cde9b3548bbf812c	3a8398e3c15afe2820ff1903fefca4d0ec21c0a74e1148db5d11652ca07ce7c6	0123af9e96b58af4e98b91a2de5608d36b63c67864b9041d3340587f3dbe40d2	cfa8dcf0d81c408de38d4202fe1ce9d9e5e301d1e67439c9530da94b1e64ee3f	7484d7b0dd80f45e18d726b04752827fe28555cc5c1af0e127948380e6688abf
semantic-proposal-v1	SC1-8b610295a520b624e60be566ce63602a78f73f8371776a9e2267e22ff054c641	S015666	1	P01	SYMBOLS.tsv	331643	selection_expression	aarch64	include/net/tcp_states.h	type	anonymous_enum@12	12	PENDING_REVIEW	SOURCE_REVIEWED_VALUE	COMPLETE	vendor/linux/include/net/tcp_states.h;vendor/linux/include/net/tcp_states.h:12;rewrite/configs/aarch64/frozen.config;header_closure=rewrite/metadata/header_closure.tsv;selected=PENDING_REVIEW	425f94c2954b1fe80ebdbf9b29854e89750355df	4ac2c35a1fb792ed369cd7be974f380313a4762e7bdfbe06cde9b3548bbf812c	3a8398e3c15afe2820ff1903fefca4d0ec21c0a74e1148db5d11652ca07ce7c6	0123af9e96b58af4e98b91a2de5608d36b63c67864b9041d3340587f3dbe40d2	cfa8dcf0d81c408de38d4202fe1ce9d9e5e301d1e67439c9530da94b1e64ee3f	7484d7b0dd80f45e18d726b04752827fe28555cc5c1af0e127948380e6688abf
semantic-proposal-v1	SC1-488c816a1aff8e4d9f1c8b2e06a74854a1ff60e4eebe4de3568399bf6719ace5	S015666	1	P01	SYMBOLS.tsv	331643	status	aarch64	include/net/tcp_states.h	type	anonymous_enum@12	12	PENDING_REVIEW	COMPLETE	COMPLETE	vendor/linux/include/net/tcp_states.h;vendor/linux/include/net/tcp_states.h:12;rewrite/configs/aarch64/frozen.config;header_closure=rewrite/metadata/header_closure.tsv;selected=PENDING_REVIEW	425f94c2954b1fe80ebdbf9b29854e89750355df	4ac2c35a1fb792ed369cd7be974f380313a4762e7bdfbe06cde9b3548bbf812c	3a8398e3c15afe2820ff1903fefca4d0ec21c0a74e1148db5d11652ca07ce7c6	0123af9e96b58af4e98b91a2de5608d36b63c67864b9041d3340587f3dbe40d2	cfa8dcf0d81c408de38d4202fe1ce9d9e5e301d1e67439c9530da94b1e64ee3f	7484d7b0dd80f45e18d726b04752827fe28555cc5c1af0e127948380e6688abf
semantic-proposal-v1	SC1-d0c9051103109e893ccff966dd5a4874887c7c2983e054e90958aee72a17798c	S015666	1	P01	SYMBOLS.tsv	331644	selection_expression	aarch64	include/net/tcp_states.h	enum_constant	TCP_ESTABLISHED	13	PENDING_REVIEW	SOURCE_REVIEWED_VALUE	COMPLETE	vendor/linux/include/net/tcp_states.h;vendor/linux/include/net/tcp_states.h:13;rewrite/configs/aarch64/frozen.config;header_closure=rewrite/metadata/header_closure.tsv;selected=PENDING_REVIEW	425f94c2954b1fe80ebdbf9b29854e89750355df	4ac2c35a1fb792ed369cd7be974f380313a4762e7bdfbe06cde9b3548bbf812c	3a8398e3c15afe2820ff1903fefca4d0ec21c0a74e1148db5d11652ca07ce7c6	0123af9e96b58af4e98b91a2de5608d36b63c67864b9041d3340587f3dbe40d2	cfa8dcf0d81c408de38d4202fe1ce9d9e5e301d1e67439c9530da94b1e64ee3f	7484d7b0dd80f45e18d726b04752827fe28555cc5c1af0e127948380e6688abf
semantic-proposal-v1	SC1-16f6a3f2eacf9aae98bca7e3cad415c00516473f9af9dfc7050580f2fade7cb2	S015666	1	P01	SYMBOLS.tsv	331644	status	aarch64	include/net/tcp_states.h	enum_constant	TCP_ESTABLISHED	13	PENDING_REVIEW	COMPLETE	COMPLETE	vendor/linux/include/net/tcp_states.h;vendor/linux/include/net/tcp_states.h:13;rewrite/configs/aarch64/frozen.config;header_closure=rewrite/metadata/header_closure.tsv;selected=PENDING_REVIEW	425f94c2954b1fe80ebdbf9b29854e89750355df	4ac2c35a1fb792ed369cd7be974f380313a4762e7bdfbe06cde9b3548bbf812c	3a8398e3c15afe2820ff1903fefca4d0ec21c0a74e1148db5d11652ca07ce7c6	0123af9e96b58af4e98b91a2de5608d36b63c67864b9041d3340587f3dbe40d2	cfa8dcf0d81c408de38d4202fe1ce9d9e5e301d1e67439c9530da94b1e64ee3f	7484d7b0dd80f45e18d726b04752827fe28555cc5c1af0e127948380e6688abf
semantic-proposal-v1	SC1-19696bb7793dea40fcd7e269ba3c5ffb96879aa5d96bfa5959860799a569766d	S015666	1	P01	SYMBOLS.tsv	331645	selection_expression	aarch64	include/net/tcp_states.h	enum_constant	TCP_SYN_SENT	14	PENDING_REVIEW	SOURCE_REVIEWED_VALUE	COMPLETE	vendor/linux/include/net/tcp_states.h;vendor/linux/include/net/tcp_states.h:14;rewrite/configs/aarch64/frozen.config;header_closure=rewrite/metadata/header_closure.tsv;selected=PENDING_REVIEW	425f94c2954b1fe80ebdbf9b29854e89750355df	4ac2c35a1fb792ed369cd7be974f380313a4762e7bdfbe06cde9b3548bbf812c	3a8398e3c15afe2820ff1903fefca4d0ec21c0a74e1148db5d11652ca07ce7c6	0123af9e96b58af4e98b91a2de5608d36b63c67864b9041d3340587f3dbe40d2	cfa8dcf0d81c408de38d4202fe1ce9d9e5e301d1e67439c9530da94b1e64ee3f	7484d7b0dd80f45e18d726b04752827fe28555cc5c1af0e127948380e6688abf
semantic-proposal-v1	SC1-081d07082aadd2242aea7bdfcf1a3a66ae18fc82433c0e3c0c9669a54b38547c	S015666	1	P01	SYMBOLS.tsv	331645	status	aarch64	include/net/tcp_states.h	enum_constant	TCP_SYN_SENT	14	PENDING_REVIEW	COMPLETE	COMPLETE	vendor/linux/include/net/tcp_states.h;vendor/linux/include/net/tcp_states.h:14;rewrite/configs/aarch64/frozen.config;header_closure=rewrite/metadata/header_closure.tsv;selected=PENDING_REVIEW	425f94c2954b1fe80ebdbf9b29854e89750355df	4ac2c35a1fb792ed369cd7be974f380313a4762e7bdfbe06cde9b3548bbf812c	3a8398e3c15afe2820ff1903fefca4d0ec21c0a74e1148db5d11652ca07ce7c6	0123af9e96b58af4e98b91a2de5608d36b63c67864b9041d3340587f3dbe40d2	cfa8dcf0d81c408de38d4202fe1ce9d9e5e301d1e67439c9530da94b1e64ee3f	7484d7b0dd80f45e18d726b04752827fe28555cc5c1af0e127948380e6688abf
semantic-proposal-v1	SC1-89eb2cb9964c06c828590261d712a6a4cf8f6babc4f28a0389a9809f2d884782	S015666	1	P01	SYMBOLS.tsv	331646	selection_expression	aarch64	include/net/tcp_states.h	enum_constant	TCP_SYN_RECV	15	PENDING_REVIEW	SOURCE_REVIEWED_VALUE	COMPLETE	vendor/linux/include/net/tcp_states.h;vendor/linux/include/net/tcp_states.h:15;rewrite/configs/aarch64/frozen.config;header_closure=rewrite/metadata/header_closure.tsv;selected=PENDING_REVIEW	425f94c2954b1fe80ebdbf9b29854e89750355df	4ac2c35a1fb792ed369cd7be974f380313a4762e7bdfbe06cde9b3548bbf812c	3a8398e3c15afe2820ff1903fefca4d0ec21c0a74e1148db5d11652ca07ce7c6	0123af9e96b58af4e98b91a2de5608d36b63c67864b9041d3340587f3dbe40d2	cfa8dcf0d81c408de38d4202fe1ce9d9e5e301d1e67439c9530da94b1e64ee3f	7484d7b0dd80f45e18d726b04752827fe28555cc5c1af0e127948380e6688abf
semantic-proposal-v1	SC1-6517d1fd91b8301e84dd585f26fa0546f85f0f2d51a0abe123beb1126ec2d707	S015666	1	P01	SYMBOLS.tsv	331646	status	aarch64	include/net/tcp_states.h	enum_constant	TCP_SYN_RECV	15	PENDING_REVIEW	COMPLETE	COMPLETE	vendor/linux/include/net/tcp_states.h;vendor/linux/include/net/tcp_states.h:15;rewrite/configs/aarch64/frozen.config;header_closure=rewrite/metadata/header_closure.tsv;selected=PENDING_REVIEW	425f94c2954b1fe80ebdbf9b29854e89750355df	4ac2c35a1fb792ed369cd7be974f380313a4762e7bdfbe06cde9b3548bbf812c	3a8398e3c15afe2820ff1903fefca4d0ec21c0a74e1148db5d11652ca07ce7c6	0123af9e96b58af4e98b91a2de5608d36b63c67864b9041d3340587f3dbe40d2	cfa8dcf0d81c408de38d4202fe1ce9d9e5e301d1e67439c9530da94b1e64ee3f	7484d7b0dd80f45e18d726b04752827fe28555cc5c1af0e127948380e6688abf
semantic-proposal-v1	SC1-866180efdab6849db39fe4922320aac13e7cb0b3a8048bf377fcf2642fe6fd48	S015666	1	P01	SYMBOLS.tsv	331647	selection_expression	aarch64	include/net/tcp_states.h	enum_constant	TCP_FIN_WAIT1	16	PENDING_REVIEW	SOURCE_REVIEWED_VALUE	COMPLETE	vendor/linux/include/net/tcp_states.h;vendor/linux/include/net/tcp_states.h:16;rewrite/configs/aarch64/frozen.config;header_closure=rewrite/metadata/header_closure.tsv;selected=PENDING_REVIEW	425f94c2954b1fe80ebdbf9b29854e89750355df	4ac2c35a1fb792ed369cd7be974f380313a4762e7bdfbe06cde9b3548bbf812c	3a8398e3c15afe2820ff1903fefca4d0ec21c0a74e1148db5d11652ca07ce7c6	0123af9e96b58af4e98b91a2de5608d36b63c67864b9041d3340587f3dbe40d2	cfa8dcf0d81c408de38d4202fe1ce9d9e5e301d1e67439c9530da94b1e64ee3f	7484d7b0dd80f45e18d726b04752827fe28555cc5c1af0e127948380e6688abf
semantic-proposal-v1	SC1-c694bb3af3d34dff777226eacfd55109faae1523c3a39e190a22eaccccb2c9a5	S015666	1	P01	SYMBOLS.tsv	331647	status	aarch64	include/net/tcp_states.h	enum_constant	TCP_FIN_WAIT1	16	PENDING_REVIEW	COMPLETE	COMPLETE	vendor/linux/include/net/tcp_states.h;vendor/linux/include/net/tcp_states.h:16;rewrite/configs/aarch64/frozen.config;header_closure=rewrite/metadata/header_closure.tsv;selected=PENDING_REVIEW	425f94c2954b1fe80ebdbf9b29854e89750355df	4ac2c35a1fb792ed369cd7be974f380313a4762e7bdfbe06cde9b3548bbf812c	3a8398e3c15afe2820ff1903fefca4d0ec21c0a74e1148db5d11652ca07ce7c6	0123af9e96b58af4e98b91a2de5608d36b63c67864b9041d3340587f3dbe40d2	cfa8dcf0d81c408de38d4202fe1ce9d9e5e301d1e67439c9530da94b1e64ee3f	7484d7b0dd80f45e18d726b04752827fe28555cc5c1af0e127948380e6688abf
semantic-proposal-v1	SC1-09825760abb9ed084bc967f31cd9cab94849067f61fee7fcd3f9eabf6d4d7b7b	S015666	1	P01	SYMBOLS.tsv	331648	selection_expression	aarch64	include/net/tcp_states.h	enum_constant	TCP_FIN_WAIT2	17	PENDING_REVIEW	SOURCE_REVIEWED_VALUE	COMPLETE	vendor/linux/include/net/tcp_states.h;vendor/linux/include/net/tcp_states.h:17;rewrite/configs/aarch64/frozen.config;header_closure=rewrite/metadata/header_closure.tsv;selected=PENDING_REVIEW	425f94c2954b1fe80ebdbf9b29854e89750355df	4ac2c35a1fb792ed369cd7be974f380313a4762e7bdfbe06cde9b3548bbf812c	3a8398e3c15afe2820ff1903fefca4d0ec21c0a74e1148db5d11652ca07ce7c6	0123af9e96b58af4e98b91a2de5608d36b63c67864b9041d3340587f3dbe40d2	cfa8dcf0d81c408de38d4202fe1ce9d9e5e301d1e67439c9530da94b1e64ee3f	7484d7b0dd80f45e18d726b04752827fe28555cc5c1af0e127948380e6688abf
semantic-proposal-v1	SC1-cdac74ad23e44e8dddffe706242441785ed7679d532abd37970057db4bd7e972	S015666	1	P01	SYMBOLS.tsv	331648	status	aarch64	include/net/tcp_states.h	enum_constant	TCP_FIN_WAIT2	17	PENDING_REVIEW	COMPLETE	COMPLETE	vendor/linux/include/net/tcp_states.h;vendor/linux/include/net/tcp_states.h:17;rewrite/configs/aarch64/frozen.config;header_closure=rewrite/metadata/header_closure.tsv;selected=PENDING_REVIEW	425f94c2954b1fe80ebdbf9b29854e89750355df	4ac2c35a1fb792ed369cd7be974f380313a4762e7bdfbe06cde9b3548bbf812c	3a8398e3c15afe2820ff1903fefca4d0ec21c0a74e1148db5d11652ca07ce7c6	0123af9e96b58af4e98b91a2de5608d36b63c67864b9041d3340587f3dbe40d2	cfa8dcf0d81c408de38d4202fe1ce9d9e5e301d1e67439c9530da94b1e64ee3f	7484d7b0dd80f45e18d726b04752827fe28555cc5c1af0e127948380e6688abf
semantic-proposal-v1	SC1-82010e4188d186d816821093eda9bf3fff324ae21807b1962d0fc142e2a6eee3	S015666	1	P01	SYMBOLS.tsv	331649	selection_expression	aarch64	include/net/tcp_states.h	enum_constant	TCP_TIME_WAIT	18	PENDING_REVIEW	SOURCE_REVIEWED_VALUE	COMPLETE	vendor/linux/include/net/tcp_states.h;vendor/linux/include/net/tcp_states.h:18;rewrite/configs/aarch64/frozen.config;header_closure=rewrite/metadata/header_closure.tsv;selected=PENDING_REVIEW	425f94c2954b1fe80ebdbf9b29854e89750355df	4ac2c35a1fb792ed369cd7be974f380313a4762e7bdfbe06cde9b3548bbf812c	3a8398e3c15afe2820ff1903fefca4d0ec21c0a74e1148db5d11652ca07ce7c6	0123af9e96b58af4e98b91a2de5608d36b63c67864b9041d3340587f3dbe40d2	cfa8dcf0d81c408de38d4202fe1ce9d9e5e301d1e67439c9530da94b1e64ee3f	7484d7b0dd80f45e18d726b04752827fe28555cc5c1af0e127948380e6688abf
semantic-proposal-v1	SC1-91fab4459c369e63ae11531f35348db219e81bde557218429a411ffe173b04b5	S015666	1	P01	SYMBOLS.tsv	331649	status	aarch64	include/net/tcp_states.h	enum_constant	TCP_TIME_WAIT	18	PENDING_REVIEW	COMPLETE	COMPLETE	vendor/linux/include/net/tcp_states.h;vendor/linux/include/net/tcp_states.h:18;rewrite/configs/aarch64/frozen.config;header_closure=rewrite/metadata/header_closure.tsv;selected=PENDING_REVIEW	425f94c2954b1fe80ebdbf9b29854e89750355df	4ac2c35a1fb792ed369cd7be974f380313a4762e7bdfbe06cde9b3548bbf812c	3a8398e3c15afe2820ff1903fefca4d0ec21c0a74e1148db5d11652ca07ce7c6	0123af9e96b58af4e98b91a2de5608d36b63c67864b9041d3340587f3dbe40d2	cfa8dcf0d81c408de38d4202fe1ce9d9e5e301d1e67439c9530da94b1e64ee3f	7484d7b0dd80f45e18d726b04752827fe28555cc5c1af0e127948380e6688abf
semantic-proposal-v1	SC1-b2310adacd237f959614ae9c59ba8b3eceb6c47442605db7a3f84b09397dd280	S015666	1	P01	SYMBOLS.tsv	331650	selection_expression	aarch64	include/net/tcp_states.h	enum_constant	TCP_CLOSE	19	PENDING_REVIEW	SOURCE_REVIEWED_VALUE	COMPLETE	vendor/linux/include/net/tcp_states.h;vendor/linux/include/net/tcp_states.h:19;rewrite/configs/aarch64/frozen.config;header_closure=rewrite/metadata/header_closure.tsv;selected=PENDING_REVIEW	425f94c2954b1fe80ebdbf9b29854e89750355df	4ac2c35a1fb792ed369cd7be974f380313a4762e7bdfbe06cde9b3548bbf812c	3a8398e3c15afe2820ff1903fefca4d0ec21c0a74e1148db5d11652ca07ce7c6	0123af9e96b58af4e98b91a2de5608d36b63c67864b9041d3340587f3dbe40d2	cfa8dcf0d81c408de38d4202fe1ce9d9e5e301d1e67439c9530da94b1e64ee3f	7484d7b0dd80f45e18d726b04752827fe28555cc5c1af0e127948380e6688abf
semantic-proposal-v1	SC1-825cdba1db28cb3cdc77c69bd72a8d4e815863888041dc8c734a986e5894f065	S015666	1	P01	SYMBOLS.tsv	331650	status	aarch64	include/net/tcp_states.h	enum_constant	TCP_CLOSE	19	PENDING_REVIEW	COMPLETE	COMPLETE	vendor/linux/include/net/tcp_states.h;vendor/linux/include/net/tcp_states.h:19;rewrite/configs/aarch64/frozen.config;header_closure=rewrite/metadata/header_closure.tsv;selected=PENDING_REVIEW	425f94c2954b1fe80ebdbf9b29854e89750355df	4ac2c35a1fb792ed369cd7be974f380313a4762e7bdfbe06cde9b3548bbf812c	3a8398e3c15afe2820ff1903fefca4d0ec21c0a74e1148db5d11652ca07ce7c6	0123af9e96b58af4e98b91a2de5608d36b63c67864b9041d3340587f3dbe40d2	cfa8dcf0d81c408de38d4202fe1ce9d9e5e301d1e67439c9530da94b1e64ee3f	7484d7b0dd80f45e18d726b04752827fe28555cc5c1af0e127948380e6688abf
semantic-proposal-v1	SC1-edff511a10d16142f6633c2f5af050d64ede17409de68558b59cd9add89736f0	S015666	1	P01	SYMBOLS.tsv	331651	selection_expression	aarch64	include/net/tcp_states.h	enum_constant	TCP_CLOSE_WAIT	20	PENDING_REVIEW	SOURCE_REVIEWED_VALUE	COMPLETE	vendor/linux/include/net/tcp_states.h;vendor/linux/include/net/tcp_states.h:20;rewrite/configs/aarch64/frozen.config;header_closure=rewrite/metadata/header_closure.tsv;selected=PENDING_REVIEW	425f94c2954b1fe80ebdbf9b29854e89750355df	4ac2c35a1fb792ed369cd7be974f380313a4762e7bdfbe06cde9b3548bbf812c	3a8398e3c15afe2820ff1903fefca4d0ec21c0a74e1148db5d11652ca07ce7c6	0123af9e96b58af4e98b91a2de5608d36b63c67864b9041d3340587f3dbe40d2	cfa8dcf0d81c408de38d4202fe1ce9d9e5e301d1e67439c9530da94b1e64ee3f	7484d7b0dd80f45e18d726b04752827fe28555cc5c1af0e127948380e6688abf
semantic-proposal-v1	SC1-6496f86f5a1f399ec3493a1f77fbcae61864722ba9e79a4801e4801b0ff5ebd5	S015666	1	P01	SYMBOLS.tsv	331651	status	aarch64	include/net/tcp_states.h	enum_constant	TCP_CLOSE_WAIT	20	PENDING_REVIEW	COMPLETE	COMPLETE	vendor/linux/include/net/tcp_states.h;vendor/linux/include/net/tcp_states.h:20;rewrite/configs/aarch64/frozen.config;header_closure=rewrite/metadata/header_closure.tsv;selected=PENDING_REVIEW	425f94c2954b1fe80ebdbf9b29854e89750355df	4ac2c35a1fb792ed369cd7be974f380313a4762e7bdfbe06cde9b3548bbf812c	3a8398e3c15afe2820ff1903fefca4d0ec21c0a74e1148db5d11652ca07ce7c6	0123af9e96b58af4e98b91a2de5608d36b63c67864b9041d3340587f3dbe40d2	cfa8dcf0d81c408de38d4202fe1ce9d9e5e301d1e67439c9530da94b1e64ee3f	7484d7b0dd80f45e18d726b04752827fe28555cc5c1af0e127948380e6688abf
semantic-proposal-v1	SC1-8759115a66b7f51c2e3682db8d7c9121f7d522ce1d15e3f0fb992e52356ea872	S015666	1	P01	SYMBOLS.tsv	331652	selection_expression	aarch64	include/net/tcp_states.h	enum_constant	TCP_LAST_ACK	21	PENDING_REVIEW	SOURCE_REVIEWED_VALUE	COMPLETE	vendor/linux/include/net/tcp_states.h;vendor/linux/include/net/tcp_states.h:21;rewrite/configs/aarch64/frozen.config;header_closure=rewrite/metadata/header_closure.tsv;selected=PENDING_REVIEW	425f94c2954b1fe80ebdbf9b29854e89750355df	4ac2c35a1fb792ed369cd7be974f380313a4762e7bdfbe06cde9b3548bbf812c	3a8398e3c15afe2820ff1903fefca4d0ec21c0a74e1148db5d11652ca07ce7c6	0123af9e96b58af4e98b91a2de5608d36b63c67864b9041d3340587f3dbe40d2	cfa8dcf0d81c408de38d4202fe1ce9d9e5e301d1e67439c9530da94b1e64ee3f	7484d7b0dd80f45e18d726b04752827fe28555cc5c1af0e127948380e6688abf
semantic-proposal-v1	SC1-25f217c67506bd6a490a784117364187583b55f479647d560a6dc97251b9bafc	S015666	1	P01	SYMBOLS.tsv	331652	status	aarch64	include/net/tcp_states.h	enum_constant	TCP_LAST_ACK	21	PENDING_REVIEW	COMPLETE	COMPLETE	vendor/linux/include/net/tcp_states.h;vendor/linux/include/net/tcp_states.h:21;rewrite/configs/aarch64/frozen.config;header_closure=rewrite/metadata/header_closure.tsv;selected=PENDING_REVIEW	425f94c2954b1fe80ebdbf9b29854e89750355df	4ac2c35a1fb792ed369cd7be974f380313a4762e7bdfbe06cde9b3548bbf812c	3a8398e3c15afe2820ff1903fefca4d0ec21c0a74e1148db5d11652ca07ce7c6	0123af9e96b58af4e98b91a2de5608d36b63c67864b9041d3340587f3dbe40d2	cfa8dcf0d81c408de38d4202fe1ce9d9e5e301d1e67439c9530da94b1e64ee3f	7484d7b0dd80f45e18d726b04752827fe28555cc5c1af0e127948380e6688abf
semantic-proposal-v1	SC1-98caf2a75b262e424d1661f931b932658d17bbf2ffcd1911ade07cddf55527c5	S015666	1	P01	SYMBOLS.tsv	331653	selection_expression	aarch64	include/net/tcp_states.h	enum_constant	TCP_LISTEN	22	PENDING_REVIEW	SOURCE_REVIEWED_VALUE	COMPLETE	vendor/linux/include/net/tcp_states.h;vendor/linux/include/net/tcp_states.h:22;rewrite/configs/aarch64/frozen.config;header_closure=rewrite/metadata/header_closure.tsv;selected=PENDING_REVIEW	425f94c2954b1fe80ebdbf9b29854e89750355df	4ac2c35a1fb792ed369cd7be974f380313a4762e7bdfbe06cde9b3548bbf812c	3a8398e3c15afe2820ff1903fefca4d0ec21c0a74e1148db5d11652ca07ce7c6	0123af9e96b58af4e98b91a2de5608d36b63c67864b9041d3340587f3dbe40d2	cfa8dcf0d81c408de38d4202fe1ce9d9e5e301d1e67439c9530da94b1e64ee3f	7484d7b0dd80f45e18d726b04752827fe28555cc5c1af0e127948380e6688abf
semantic-proposal-v1	SC1-ac1a1afc31b010c34b90d64b0c8077a4014a35c3e46be84ea140049b5912901c	S015666	1	P01	SYMBOLS.tsv	331653	status	aarch64	include/net/tcp_states.h	enum_constant	TCP_LISTEN	22	PENDING_REVIEW	COMPLETE	COMPLETE	vendor/linux/include/net/tcp_states.h;vendor/linux/include/net/tcp_states.h:22;rewrite/configs/aarch64/frozen.config;header_closure=rewrite/metadata/header_closure.tsv;selected=PENDING_REVIEW	425f94c2954b1fe80ebdbf9b29854e89750355df	4ac2c35a1fb792ed369cd7be974f380313a4762e7bdfbe06cde9b3548bbf812c	3a8398e3c15afe2820ff1903fefca4d0ec21c0a74e1148db5d11652ca07ce7c6	0123af9e96b58af4e98b91a2de5608d36b63c67864b9041d3340587f3dbe40d2	cfa8dcf0d81c408de38d4202fe1ce9d9e5e301d1e67439c9530da94b1e64ee3f	7484d7b0dd80f45e18d726b04752827fe28555cc5c1af0e127948380e6688abf
semantic-proposal-v1	SC1-dd07050dca97e93b9370ccb28490e323f06f7e8fa1bd83e6574a4a50b967386c	S015666	1	P01	SYMBOLS.tsv	331654	selection_expression	aarch64	include/net/tcp_states.h	enum_constant	TCP_CLOSING	23	PENDING_REVIEW	SOURCE_REVIEWED_VALUE	COMPLETE	vendor/linux/include/net/tcp_states.h;vendor/linux/include/net/tcp_states.h:23;rewrite/configs/aarch64/frozen.config;header_closure=rewrite/metadata/header_closure.tsv;selected=PENDING_REVIEW	425f94c2954b1fe80ebdbf9b29854e89750355df	4ac2c35a1fb792ed369cd7be974f380313a4762e7bdfbe06cde9b3548bbf812c	3a8398e3c15afe2820ff1903fefca4d0ec21c0a74e1148db5d11652ca07ce7c6	0123af9e96b58af4e98b91a2de5608d36b63c67864b9041d3340587f3dbe40d2	cfa8dcf0d81c408de38d4202fe1ce9d9e5e301d1e67439c9530da94b1e64ee3f	7484d7b0dd80f45e18d726b04752827fe28555cc5c1af0e127948380e6688abf
semantic-proposal-v1	SC1-3dee845cfe38207c85b2066f414480193145260d36a0d2b6bf34bcf367669de3	S015666	1	P01	SYMBOLS.tsv	331654	status	aarch64	include/net/tcp_states.h	enum_constant	TCP_CLOSING	23	PENDING_REVIEW	COMPLETE	COMPLETE	vendor/linux/include/net/tcp_states.h;vendor/linux/include/net/tcp_states.h:23;rewrite/configs/aarch64/frozen.config;header_closure=rewrite/metadata/header_closure.tsv;selected=PENDING_REVIEW	425f94c2954b1fe80ebdbf9b29854e89750355df	4ac2c35a1fb792ed369cd7be974f380313a4762e7bdfbe06cde9b3548bbf812c	3a8398e3c15afe2820ff1903fefca4d0ec21c0a74e1148db5d11652ca07ce7c6	0123af9e96b58af4e98b91a2de5608d36b63c67864b9041d3340587f3dbe40d2	cfa8dcf0d81c408de38d4202fe1ce9d9e5e301d1e67439c9530da94b1e64ee3f	7484d7b0dd80f45e18d726b04752827fe28555cc5c1af0e127948380e6688abf
semantic-proposal-v1	SC1-b853dc0a2f454d61ca2451868cc3543ee39ed99c7a969c74431edb387858d35a	S015666	1	P01	SYMBOLS.tsv	331655	selection_expression	aarch64	include/net/tcp_states.h	enum_constant	TCP_NEW_SYN_RECV	24	PENDING_REVIEW	SOURCE_REVIEWED_VALUE	COMPLETE	vendor/linux/include/net/tcp_states.h;vendor/linux/include/net/tcp_states.h:24;rewrite/configs/aarch64/frozen.config;header_closure=rewrite/metadata/header_closure.tsv;selected=PENDING_REVIEW	425f94c2954b1fe80ebdbf9b29854e89750355df	4ac2c35a1fb792ed369cd7be974f380313a4762e7bdfbe06cde9b3548bbf812c	3a8398e3c15afe2820ff1903fefca4d0ec21c0a74e1148db5d11652ca07ce7c6	0123af9e96b58af4e98b91a2de5608d36b63c67864b9041d3340587f3dbe40d2	cfa8dcf0d81c408de38d4202fe1ce9d9e5e301d1e67439c9530da94b1e64ee3f	7484d7b0dd80f45e18d726b04752827fe28555cc5c1af0e127948380e6688abf
semantic-proposal-v1	SC1-eb58e8528abb91efeac78ee9e579244f7394f438f9c52c4aa4edc6c04e80132f	S015666	1	P01	SYMBOLS.tsv	331655	status	aarch64	include/net/tcp_states.h	enum_constant	TCP_NEW_SYN_RECV	24	PENDING_REVIEW	COMPLETE	COMPLETE	vendor/linux/include/net/tcp_states.h;vendor/linux/include/net/tcp_states.h:24;rewrite/configs/aarch64/frozen.config;header_closure=rewrite/metadata/header_closure.tsv;selected=PENDING_REVIEW	425f94c2954b1fe80ebdbf9b29854e89750355df	4ac2c35a1fb792ed369cd7be974f380313a4762e7bdfbe06cde9b3548bbf812c	3a8398e3c15afe2820ff1903fefca4d0ec21c0a74e1148db5d11652ca07ce7c6	0123af9e96b58af4e98b91a2de5608d36b63c67864b9041d3340587f3dbe40d2	cfa8dcf0d81c408de38d4202fe1ce9d9e5e301d1e67439c9530da94b1e64ee3f	7484d7b0dd80f45e18d726b04752827fe28555cc5c1af0e127948380e6688abf
semantic-proposal-v1	SC1-368d3524e40b7937dbc7f78c4c6d9a1819836e862101c8c97f3068dda5b4acfc	S015666	1	P01	SYMBOLS.tsv	331656	selection_expression	aarch64	include/net/tcp_states.h	enum_constant	TCP_BOUND_INACTIVE	25	PENDING_REVIEW	SOURCE_REVIEWED_VALUE	COMPLETE	vendor/linux/include/net/tcp_states.h;vendor/linux/include/net/tcp_states.h:25;rewrite/configs/aarch64/frozen.config;header_closure=rewrite/metadata/header_closure.tsv;selected=PENDING_REVIEW	425f94c2954b1fe80ebdbf9b29854e89750355df	4ac2c35a1fb792ed369cd7be974f380313a4762e7bdfbe06cde9b3548bbf812c	3a8398e3c15afe2820ff1903fefca4d0ec21c0a74e1148db5d11652ca07ce7c6	0123af9e96b58af4e98b91a2de5608d36b63c67864b9041d3340587f3dbe40d2	cfa8dcf0d81c408de38d4202fe1ce9d9e5e301d1e67439c9530da94b1e64ee3f	7484d7b0dd80f45e18d726b04752827fe28555cc5c1af0e127948380e6688abf
semantic-proposal-v1	SC1-b0d3079585ccccdfa82cba2a1754a750e94d3fbf53f10151ec486252790e4413	S015666	1	P01	SYMBOLS.tsv	331656	status	aarch64	include/net/tcp_states.h	enum_constant	TCP_BOUND_INACTIVE	25	PENDING_REVIEW	COMPLETE	COMPLETE	vendor/linux/include/net/tcp_states.h;vendor/linux/include/net/tcp_states.h:25;rewrite/configs/aarch64/frozen.config;header_closure=rewrite/metadata/header_closure.tsv;selected=PENDING_REVIEW	425f94c2954b1fe80ebdbf9b29854e89750355df	4ac2c35a1fb792ed369cd7be974f380313a4762e7bdfbe06cde9b3548bbf812c	3a8398e3c15afe2820ff1903fefca4d0ec21c0a74e1148db5d11652ca07ce7c6	0123af9e96b58af4e98b91a2de5608d36b63c67864b9041d3340587f3dbe40d2	cfa8dcf0d81c408de38d4202fe1ce9d9e5e301d1e67439c9530da94b1e64ee3f	7484d7b0dd80f45e18d726b04752827fe28555cc5c1af0e127948380e6688abf
semantic-proposal-v1	SC1-f35b1710eef401bb4b1d46fd133f23a354b23da0ff306dff94977646527273fa	S015666	1	P01	SYMBOLS.tsv	331657	selection_expression	aarch64	include/net/tcp_states.h	enum_constant	TCP_MAX_STATES	27	PENDING_REVIEW	SOURCE_REVIEWED_VALUE	COMPLETE	vendor/linux/include/net/tcp_states.h;vendor/linux/include/net/tcp_states.h:27;rewrite/configs/aarch64/frozen.config;header_closure=rewrite/metadata/header_closure.tsv;selected=PENDING_REVIEW	425f94c2954b1fe80ebdbf9b29854e89750355df	4ac2c35a1fb792ed369cd7be974f380313a4762e7bdfbe06cde9b3548bbf812c	3a8398e3c15afe2820ff1903fefca4d0ec21c0a74e1148db5d11652ca07ce7c6	0123af9e96b58af4e98b91a2de5608d36b63c67864b9041d3340587f3dbe40d2	cfa8dcf0d81c408de38d4202fe1ce9d9e5e301d1e67439c9530da94b1e64ee3f	7484d7b0dd80f45e18d726b04752827fe28555cc5c1af0e127948380e6688abf
semantic-proposal-v1	SC1-9f3146c0afc7c313ae42854ab8a93748142f573823c0166f7f61fc27aa443c86	S015666	1	P01	SYMBOLS.tsv	331657	status	aarch64	include/net/tcp_states.h	enum_constant	TCP_MAX_STATES	27	PENDING_REVIEW	COMPLETE	COMPLETE	vendor/linux/include/net/tcp_states.h;vendor/linux/include/net/tcp_states.h:27;rewrite/configs/aarch64/frozen.config;header_closure=rewrite/metadata/header_closure.tsv;selected=PENDING_REVIEW	425f94c2954b1fe80ebdbf9b29854e89750355df	4ac2c35a1fb792ed369cd7be974f380313a4762e7bdfbe06cde9b3548bbf812c	3a8398e3c15afe2820ff1903fefca4d0ec21c0a74e1148db5d11652ca07ce7c6	0123af9e96b58af4e98b91a2de5608d36b63c67864b9041d3340587f3dbe40d2	cfa8dcf0d81c408de38d4202fe1ce9d9e5e301d1e67439c9530da94b1e64ee3f	7484d7b0dd80f45e18d726b04752827fe28555cc5c1af0e127948380e6688abf
semantic-proposal-v1	SC1-8fd881acee8a7100cecef20facd4a013d360e7567aa46b0a825882996894d1f7	S015666	1	P01	SYMBOLS.tsv	331658	selection_expression	aarch64	include/net/tcp_states.h	type	anonymous_enum@34	34	PENDING_REVIEW	SOURCE_REVIEWED_VALUE	COMPLETE	vendor/linux/include/net/tcp_states.h;vendor/linux/include/net/tcp_states.h:34;rewrite/configs/aarch64/frozen.config;header_closure=rewrite/metadata/header_closure.tsv;selected=PENDING_REVIEW	425f94c2954b1fe80ebdbf9b29854e89750355df	4ac2c35a1fb792ed369cd7be974f380313a4762e7bdfbe06cde9b3548bbf812c	3a8398e3c15afe2820ff1903fefca4d0ec21c0a74e1148db5d11652ca07ce7c6	0123af9e96b58af4e98b91a2de5608d36b63c67864b9041d3340587f3dbe40d2	cfa8dcf0d81c408de38d4202fe1ce9d9e5e301d1e67439c9530da94b1e64ee3f	7484d7b0dd80f45e18d726b04752827fe28555cc5c1af0e127948380e6688abf
semantic-proposal-v1	SC1-ed41bec19bb612d05856dea6c0127a9692b6125d428f4f0968bcb8095ca4129c	S015666	1	P01	SYMBOLS.tsv	331658	status	aarch64	include/net/tcp_states.h	type	anonymous_enum@34	34	PENDING_REVIEW	COMPLETE	COMPLETE	vendor/linux/include/net/tcp_states.h;vendor/linux/include/net/tcp_states.h:34;rewrite/configs/aarch64/frozen.config;header_closure=rewrite/metadata/header_closure.tsv;selected=PENDING_REVIEW	425f94c2954b1fe80ebdbf9b29854e89750355df	4ac2c35a1fb792ed369cd7be974f380313a4762e7bdfbe06cde9b3548bbf812c	3a8398e3c15afe2820ff1903fefca4d0ec21c0a74e1148db5d11652ca07ce7c6	0123af9e96b58af4e98b91a2de5608d36b63c67864b9041d3340587f3dbe40d2	cfa8dcf0d81c408de38d4202fe1ce9d9e5e301d1e67439c9530da94b1e64ee3f	7484d7b0dd80f45e18d726b04752827fe28555cc5c1af0e127948380e6688abf
semantic-proposal-v1	SC1-43258f8026be08716a9ca87db49c4a4b79155b90eef7e8d92fdb1e01a67cf92e	S015666	1	P01	SYMBOLS.tsv	331659	mechanical_value	aarch64	include/net/tcp_states.h	enum_constant	TCPF_ESTABLISHED	35	PENDING_REVIEW	SOURCE_REVIEWED_VALUE	COMPLETE	vendor/linux/include/net/tcp_states.h;vendor/linux/include/net/tcp_states.h:35;rewrite/configs/aarch64/frozen.config;header_closure=rewrite/metadata/header_closure.tsv;selected=PENDING_REVIEW	425f94c2954b1fe80ebdbf9b29854e89750355df	4ac2c35a1fb792ed369cd7be974f380313a4762e7bdfbe06cde9b3548bbf812c	3a8398e3c15afe2820ff1903fefca4d0ec21c0a74e1148db5d11652ca07ce7c6	0123af9e96b58af4e98b91a2de5608d36b63c67864b9041d3340587f3dbe40d2	cfa8dcf0d81c408de38d4202fe1ce9d9e5e301d1e67439c9530da94b1e64ee3f	7484d7b0dd80f45e18d726b04752827fe28555cc5c1af0e127948380e6688abf
semantic-proposal-v1	SC1-2bb81d896e86bcb550b29e47504527b938cc39c93d63dc38c31cf98bab9ca268	S015666	1	P01	SYMBOLS.tsv	331659	selection_expression	aarch64	include/net/tcp_states.h	enum_constant	TCPF_ESTABLISHED	35	PENDING_REVIEW	SOURCE_REVIEWED_VALUE	COMPLETE	vendor/linux/include/net/tcp_states.h;vendor/linux/include/net/tcp_states.h:35;rewrite/configs/aarch64/frozen.config;header_closure=rewrite/metadata/header_closure.tsv;selected=PENDING_REVIEW	425f94c2954b1fe80ebdbf9b29854e89750355df	4ac2c35a1fb792ed369cd7be974f380313a4762e7bdfbe06cde9b3548bbf812c	3a8398e3c15afe2820ff1903fefca4d0ec21c0a74e1148db5d11652ca07ce7c6	0123af9e96b58af4e98b91a2de5608d36b63c67864b9041d3340587f3dbe40d2	cfa8dcf0d81c408de38d4202fe1ce9d9e5e301d1e67439c9530da94b1e64ee3f	7484d7b0dd80f45e18d726b04752827fe28555cc5c1af0e127948380e6688abf
semantic-proposal-v1	SC1-2a649702194722b38ddbb1759dd015c831045b3af5ca1a7f3329b044d50ed71c	S015666	1	P01	SYMBOLS.tsv	331659	status	aarch64	include/net/tcp_states.h	enum_constant	TCPF_ESTABLISHED	35	PENDING_REVIEW	COMPLETE	COMPLETE	vendor/linux/include/net/tcp_states.h;vendor/linux/include/net/tcp_states.h:35;rewrite/configs/aarch64/frozen.config;header_closure=rewrite/metadata/header_closure.tsv;selected=PENDING_REVIEW	425f94c2954b1fe80ebdbf9b29854e89750355df	4ac2c35a1fb792ed369cd7be974f380313a4762e7bdfbe06cde9b3548bbf812c	3a8398e3c15afe2820ff1903fefca4d0ec21c0a74e1148db5d11652ca07ce7c6	0123af9e96b58af4e98b91a2de5608d36b63c67864b9041d3340587f3dbe40d2	cfa8dcf0d81c408de38d4202fe1ce9d9e5e301d1e67439c9530da94b1e64ee3f	7484d7b0dd80f45e18d726b04752827fe28555cc5c1af0e127948380e6688abf
semantic-proposal-v1	SC1-9779e38edf5bac5d83c77153ea7ab8d980013e095dfbee3d8ca92258bcc1953d	S015666	1	P01	SYMBOLS.tsv	331660	mechanical_value	aarch64	include/net/tcp_states.h	enum_constant	TCPF_SYN_SENT	36	PENDING_REVIEW	SOURCE_REVIEWED_VALUE	COMPLETE	vendor/linux/include/net/tcp_states.h;vendor/linux/include/net/tcp_states.h:36;rewrite/configs/aarch64/frozen.config;header_closure=rewrite/metadata/header_closure.tsv;selected=PENDING_REVIEW	425f94c2954b1fe80ebdbf9b29854e89750355df	4ac2c35a1fb792ed369cd7be974f380313a4762e7bdfbe06cde9b3548bbf812c	3a8398e3c15afe2820ff1903fefca4d0ec21c0a74e1148db5d11652ca07ce7c6	0123af9e96b58af4e98b91a2de5608d36b63c67864b9041d3340587f3dbe40d2	cfa8dcf0d81c408de38d4202fe1ce9d9e5e301d1e67439c9530da94b1e64ee3f	7484d7b0dd80f45e18d726b04752827fe28555cc5c1af0e127948380e6688abf
semantic-proposal-v1	SC1-26bb6b4276852e5adee67eeb12773cbb3f6740a51bd03bc812153014cf3f5ed5	S015666	1	P01	SYMBOLS.tsv	331660	selection_expression	aarch64	include/net/tcp_states.h	enum_constant	TCPF_SYN_SENT	36	PENDING_REVIEW	SOURCE_REVIEWED_VALUE	COMPLETE	vendor/linux/include/net/tcp_states.h;vendor/linux/include/net/tcp_states.h:36;rewrite/configs/aarch64/frozen.config;header_closure=rewrite/metadata/header_closure.tsv;selected=PENDING_REVIEW	425f94c2954b1fe80ebdbf9b29854e89750355df	4ac2c35a1fb792ed369cd7be974f380313a4762e7bdfbe06cde9b3548bbf812c	3a8398e3c15afe2820ff1903fefca4d0ec21c0a74e1148db5d11652ca07ce7c6	0123af9e96b58af4e98b91a2de5608d36b63c67864b9041d3340587f3dbe40d2	cfa8dcf0d81c408de38d4202fe1ce9d9e5e301d1e67439c9530da94b1e64ee3f	7484d7b0dd80f45e18d726b04752827fe28555cc5c1af0e127948380e6688abf
semantic-proposal-v1	SC1-5f0125d86b45189fcff76744d32b6cc1324fa4defb4246367a7e9af3af99d4a8	S015666	1	P01	SYMBOLS.tsv	331660	status	aarch64	include/net/tcp_states.h	enum_constant	TCPF_SYN_SENT	36	PENDING_REVIEW	COMPLETE	COMPLETE	vendor/linux/include/net/tcp_states.h;vendor/linux/include/net/tcp_states.h:36;rewrite/configs/aarch64/frozen.config;header_closure=rewrite/metadata/header_closure.tsv;selected=PENDING_REVIEW	425f94c2954b1fe80ebdbf9b29854e89750355df	4ac2c35a1fb792ed369cd7be974f380313a4762e7bdfbe06cde9b3548bbf812c	3a8398e3c15afe2820ff1903fefca4d0ec21c0a74e1148db5d11652ca07ce7c6	0123af9e96b58af4e98b91a2de5608d36b63c67864b9041d3340587f3dbe40d2	cfa8dcf0d81c408de38d4202fe1ce9d9e5e301d1e67439c9530da94b1e64ee3f	7484d7b0dd80f45e18d726b04752827fe28555cc5c1af0e127948380e6688abf
semantic-proposal-v1	SC1-069885f1a13bc7a9440d6397b26e77cca2a002bc1870fe4da4ba17ced5debef4	S015666	1	P01	SYMBOLS.tsv	331661	mechanical_value	aarch64	include/net/tcp_states.h	enum_constant	TCPF_SYN_RECV	37	PENDING_REVIEW	SOURCE_REVIEWED_VALUE	COMPLETE	vendor/linux/include/net/tcp_states.h;vendor/linux/include/net/tcp_states.h:37;rewrite/configs/aarch64/frozen.config;header_closure=rewrite/metadata/header_closure.tsv;selected=PENDING_REVIEW	425f94c2954b1fe80ebdbf9b29854e89750355df	4ac2c35a1fb792ed369cd7be974f380313a4762e7bdfbe06cde9b3548bbf812c	3a8398e3c15afe2820ff1903fefca4d0ec21c0a74e1148db5d11652ca07ce7c6	0123af9e96b58af4e98b91a2de5608d36b63c67864b9041d3340587f3dbe40d2	cfa8dcf0d81c408de38d4202fe1ce9d9e5e301d1e67439c9530da94b1e64ee3f	7484d7b0dd80f45e18d726b04752827fe28555cc5c1af0e127948380e6688abf
semantic-proposal-v1	SC1-5a7e0975cd3ec09bbe02cb155b8cfb809658768b02bfd0f14085c81a08e1bd48	S015666	1	P01	SYMBOLS.tsv	331661	selection_expression	aarch64	include/net/tcp_states.h	enum_constant	TCPF_SYN_RECV	37	PENDING_REVIEW	SOURCE_REVIEWED_VALUE	COMPLETE	vendor/linux/include/net/tcp_states.h;vendor/linux/include/net/tcp_states.h:37;rewrite/configs/aarch64/frozen.config;header_closure=rewrite/metadata/header_closure.tsv;selected=PENDING_REVIEW	425f94c2954b1fe80ebdbf9b29854e89750355df	4ac2c35a1fb792ed369cd7be974f380313a4762e7bdfbe06cde9b3548bbf812c	3a8398e3c15afe2820ff1903fefca4d0ec21c0a74e1148db5d11652ca07ce7c6	0123af9e96b58af4e98b91a2de5608d36b63c67864b9041d3340587f3dbe40d2	cfa8dcf0d81c408de38d4202fe1ce9d9e5e301d1e67439c9530da94b1e64ee3f	7484d7b0dd80f45e18d726b04752827fe28555cc5c1af0e127948380e6688abf
semantic-proposal-v1	SC1-661eae978737d945cb6b074e9ca022534966e0f48ffed9b1080c0100ce818bef	S015666	1	P01	SYMBOLS.tsv	331661	status	aarch64	include/net/tcp_states.h	enum_constant	TCPF_SYN_RECV	37	PENDING_REVIEW	COMPLETE	COMPLETE	vendor/linux/include/net/tcp_states.h;vendor/linux/include/net/tcp_states.h:37;rewrite/configs/aarch64/frozen.config;header_closure=rewrite/metadata/header_closure.tsv;selected=PENDING_REVIEW	425f94c2954b1fe80ebdbf9b29854e89750355df	4ac2c35a1fb792ed369cd7be974f380313a4762e7bdfbe06cde9b3548bbf812c	3a8398e3c15afe2820ff1903fefca4d0ec21c0a74e1148db5d11652ca07ce7c6	0123af9e96b58af4e98b91a2de5608d36b63c67864b9041d3340587f3dbe40d2	cfa8dcf0d81c408de38d4202fe1ce9d9e5e301d1e67439c9530da94b1e64ee3f	7484d7b0dd80f45e18d726b04752827fe28555cc5c1af0e127948380e6688abf
semantic-proposal-v1	SC1-a35b9fc1250957987d3049623c9d5cac921e2ea5e0948644b33e4666da19e23d	S015666	1	P01	SYMBOLS.tsv	331662	mechanical_value	aarch64	include/net/tcp_states.h	enum_constant	TCPF_FIN_WAIT1	38	PENDING_REVIEW	SOURCE_REVIEWED_VALUE	COMPLETE	vendor/linux/include/net/tcp_states.h;vendor/linux/include/net/tcp_states.h:38;rewrite/configs/aarch64/frozen.config;header_closure=rewrite/metadata/header_closure.tsv;selected=PENDING_REVIEW	425f94c2954b1fe80ebdbf9b29854e89750355df	4ac2c35a1fb792ed369cd7be974f380313a4762e7bdfbe06cde9b3548bbf812c	3a8398e3c15afe2820ff1903fefca4d0ec21c0a74e1148db5d11652ca07ce7c6	0123af9e96b58af4e98b91a2de5608d36b63c67864b9041d3340587f3dbe40d2	cfa8dcf0d81c408de38d4202fe1ce9d9e5e301d1e67439c9530da94b1e64ee3f	7484d7b0dd80f45e18d726b04752827fe28555cc5c1af0e127948380e6688abf
semantic-proposal-v1	SC1-e2eccb795dfa1de77153a7d125d413106c92ca49dd2a6718bcd7f797bea46473	S015666	1	P01	SYMBOLS.tsv	331662	selection_expression	aarch64	include/net/tcp_states.h	enum_constant	TCPF_FIN_WAIT1	38	PENDING_REVIEW	SOURCE_REVIEWED_VALUE	COMPLETE	vendor/linux/include/net/tcp_states.h;vendor/linux/include/net/tcp_states.h:38;rewrite/configs/aarch64/frozen.config;header_closure=rewrite/metadata/header_closure.tsv;selected=PENDING_REVIEW	425f94c2954b1fe80ebdbf9b29854e89750355df	4ac2c35a1fb792ed369cd7be974f380313a4762e7bdfbe06cde9b3548bbf812c	3a8398e3c15afe2820ff1903fefca4d0ec21c0a74e1148db5d11652ca07ce7c6	0123af9e96b58af4e98b91a2de5608d36b63c67864b9041d3340587f3dbe40d2	cfa8dcf0d81c408de38d4202fe1ce9d9e5e301d1e67439c9530da94b1e64ee3f	7484d7b0dd80f45e18d726b04752827fe28555cc5c1af0e127948380e6688abf
semantic-proposal-v1	SC1-422b57dfd68f3caf3bb014ef3f97997a2543f136c0373bfca52058d8122a0bdd	S015666	1	P01	SYMBOLS.tsv	331662	status	aarch64	include/net/tcp_states.h	enum_constant	TCPF_FIN_WAIT1	38	PENDING_REVIEW	COMPLETE	COMPLETE	vendor/linux/include/net/tcp_states.h;vendor/linux/include/net/tcp_states.h:38;rewrite/configs/aarch64/frozen.config;header_closure=rewrite/metadata/header_closure.tsv;selected=PENDING_REVIEW	425f94c2954b1fe80ebdbf9b29854e89750355df	4ac2c35a1fb792ed369cd7be974f380313a4762e7bdfbe06cde9b3548bbf812c	3a8398e3c15afe2820ff1903fefca4d0ec21c0a74e1148db5d11652ca07ce7c6	0123af9e96b58af4e98b91a2de5608d36b63c67864b9041d3340587f3dbe40d2	cfa8dcf0d81c408de38d4202fe1ce9d9e5e301d1e67439c9530da94b1e64ee3f	7484d7b0dd80f45e18d726b04752827fe28555cc5c1af0e127948380e6688abf
semantic-proposal-v1	SC1-cbec50e0cc2c9822fef23e696f14b3ea43ece995f0eb84c4b394a5038b4ffa59	S015666	1	P01	SYMBOLS.tsv	331663	mechanical_value	aarch64	include/net/tcp_states.h	enum_constant	TCPF_FIN_WAIT2	39	PENDING_REVIEW	SOURCE_REVIEWED_VALUE	COMPLETE	vendor/linux/include/net/tcp_states.h;vendor/linux/include/net/tcp_states.h:39;rewrite/configs/aarch64/frozen.config;header_closure=rewrite/metadata/header_closure.tsv;selected=PENDING_REVIEW	425f94c2954b1fe80ebdbf9b29854e89750355df	4ac2c35a1fb792ed369cd7be974f380313a4762e7bdfbe06cde9b3548bbf812c	3a8398e3c15afe2820ff1903fefca4d0ec21c0a74e1148db5d11652ca07ce7c6	0123af9e96b58af4e98b91a2de5608d36b63c67864b9041d3340587f3dbe40d2	cfa8dcf0d81c408de38d4202fe1ce9d9e5e301d1e67439c9530da94b1e64ee3f	7484d7b0dd80f45e18d726b04752827fe28555cc5c1af0e127948380e6688abf
semantic-proposal-v1	SC1-366c152f735fbebc117682a711cbf9cfed1aecbbc114f84dd70cd916f8b6577c	S015666	1	P01	SYMBOLS.tsv	331663	selection_expression	aarch64	include/net/tcp_states.h	enum_constant	TCPF_FIN_WAIT2	39	PENDING_REVIEW	SOURCE_REVIEWED_VALUE	COMPLETE	vendor/linux/include/net/tcp_states.h;vendor/linux/include/net/tcp_states.h:39;rewrite/configs/aarch64/frozen.config;header_closure=rewrite/metadata/header_closure.tsv;selected=PENDING_REVIEW	425f94c2954b1fe80ebdbf9b29854e89750355df	4ac2c35a1fb792ed369cd7be974f380313a4762e7bdfbe06cde9b3548bbf812c	3a8398e3c15afe2820ff1903fefca4d0ec21c0a74e1148db5d11652ca07ce7c6	0123af9e96b58af4e98b91a2de5608d36b63c67864b9041d3340587f3dbe40d2	cfa8dcf0d81c408de38d4202fe1ce9d9e5e301d1e67439c9530da94b1e64ee3f	7484d7b0dd80f45e18d726b04752827fe28555cc5c1af0e127948380e6688abf
semantic-proposal-v1	SC1-405d13379c7be9be1db5e4816fa67bb92dfe868b811d7cb87ee95fc7cbaac98d	S015666	1	P01	SYMBOLS.tsv	331663	status	aarch64	include/net/tcp_states.h	enum_constant	TCPF_FIN_WAIT2	39	PENDING_REVIEW	COMPLETE	COMPLETE	vendor/linux/include/net/tcp_states.h;vendor/linux/include/net/tcp_states.h:39;rewrite/configs/aarch64/frozen.config;header_closure=rewrite/metadata/header_closure.tsv;selected=PENDING_REVIEW	425f94c2954b1fe80ebdbf9b29854e89750355df	4ac2c35a1fb792ed369cd7be974f380313a4762e7bdfbe06cde9b3548bbf812c	3a8398e3c15afe2820ff1903fefca4d0ec21c0a74e1148db5d11652ca07ce7c6	0123af9e96b58af4e98b91a2de5608d36b63c67864b9041d3340587f3dbe40d2	cfa8dcf0d81c408de38d4202fe1ce9d9e5e301d1e67439c9530da94b1e64ee3f	7484d7b0dd80f45e18d726b04752827fe28555cc5c1af0e127948380e6688abf
semantic-proposal-v1	SC1-bf65577a6795daf90e048bd89f54374b274ce2029c1437eed4154833988a48b1	S015666	1	P01	SYMBOLS.tsv	331664	mechanical_value	aarch64	include/net/tcp_states.h	enum_constant	TCPF_TIME_WAIT	40	PENDING_REVIEW	SOURCE_REVIEWED_VALUE	COMPLETE	vendor/linux/include/net/tcp_states.h;vendor/linux/include/net/tcp_states.h:40;rewrite/configs/aarch64/frozen.config;header_closure=rewrite/metadata/header_closure.tsv;selected=PENDING_REVIEW	425f94c2954b1fe80ebdbf9b29854e89750355df	4ac2c35a1fb792ed369cd7be974f380313a4762e7bdfbe06cde9b3548bbf812c	3a8398e3c15afe2820ff1903fefca4d0ec21c0a74e1148db5d11652ca07ce7c6	0123af9e96b58af4e98b91a2de5608d36b63c67864b9041d3340587f3dbe40d2	cfa8dcf0d81c408de38d4202fe1ce9d9e5e301d1e67439c9530da94b1e64ee3f	7484d7b0dd80f45e18d726b04752827fe28555cc5c1af0e127948380e6688abf
semantic-proposal-v1	SC1-90bc4911ca077715fc7a9e15fd50896048b34a0ecf6984007f147241db6dd1b7	S015666	1	P01	SYMBOLS.tsv	331664	selection_expression	aarch64	include/net/tcp_states.h	enum_constant	TCPF_TIME_WAIT	40	PENDING_REVIEW	SOURCE_REVIEWED_VALUE	COMPLETE	vendor/linux/include/net/tcp_states.h;vendor/linux/include/net/tcp_states.h:40;rewrite/configs/aarch64/frozen.config;header_closure=rewrite/metadata/header_closure.tsv;selected=PENDING_REVIEW	425f94c2954b1fe80ebdbf9b29854e89750355df	4ac2c35a1fb792ed369cd7be974f380313a4762e7bdfbe06cde9b3548bbf812c	3a8398e3c15afe2820ff1903fefca4d0ec21c0a74e1148db5d11652ca07ce7c6	0123af9e96b58af4e98b91a2de5608d36b63c67864b9041d3340587f3dbe40d2	cfa8dcf0d81c408de38d4202fe1ce9d9e5e301d1e67439c9530da94b1e64ee3f	7484d7b0dd80f45e18d726b04752827fe28555cc5c1af0e127948380e6688abf
semantic-proposal-v1	SC1-c4e4cdcb915317df77f1b994a801c8212ae9ac18bcf2313aee112c9a19e7e380	S015666	1	P01	SYMBOLS.tsv	331664	status	aarch64	include/net/tcp_states.h	enum_constant	TCPF_TIME_WAIT	40	PENDING_REVIEW	COMPLETE	COMPLETE	vendor/linux/include/net/tcp_states.h;vendor/linux/include/net/tcp_states.h:40;rewrite/configs/aarch64/frozen.config;header_closure=rewrite/metadata/header_closure.tsv;selected=PENDING_REVIEW	425f94c2954b1fe80ebdbf9b29854e89750355df	4ac2c35a1fb792ed369cd7be974f380313a4762e7bdfbe06cde9b3548bbf812c	3a8398e3c15afe2820ff1903fefca4d0ec21c0a74e1148db5d11652ca07ce7c6	0123af9e96b58af4e98b91a2de5608d36b63c67864b9041d3340587f3dbe40d2	cfa8dcf0d81c408de38d4202fe1ce9d9e5e301d1e67439c9530da94b1e64ee3f	7484d7b0dd80f45e18d726b04752827fe28555cc5c1af0e127948380e6688abf
semantic-proposal-v1	SC1-1b9c85681ada8e18d6b76b7f86565ce042307cab17ac00c1f1d5f42a2920f573	S015666	1	P01	SYMBOLS.tsv	331665	mechanical_value	aarch64	include/net/tcp_states.h	enum_constant	TCPF_CLOSE	41	PENDING_REVIEW	SOURCE_REVIEWED_VALUE	COMPLETE	vendor/linux/include/net/tcp_states.h;vendor/linux/include/net/tcp_states.h:41;rewrite/configs/aarch64/frozen.config;header_closure=rewrite/metadata/header_closure.tsv;selected=PENDING_REVIEW	425f94c2954b1fe80ebdbf9b29854e89750355df	4ac2c35a1fb792ed369cd7be974f380313a4762e7bdfbe06cde9b3548bbf812c	3a8398e3c15afe2820ff1903fefca4d0ec21c0a74e1148db5d11652ca07ce7c6	0123af9e96b58af4e98b91a2de5608d36b63c67864b9041d3340587f3dbe40d2	cfa8dcf0d81c408de38d4202fe1ce9d9e5e301d1e67439c9530da94b1e64ee3f	7484d7b0dd80f45e18d726b04752827fe28555cc5c1af0e127948380e6688abf
semantic-proposal-v1	SC1-e6d4b93b18e109f05959d88fb71d1b359ebd36730d46d0d7c8a9f072acaa4a3b	S015666	1	P01	SYMBOLS.tsv	331665	selection_expression	aarch64	include/net/tcp_states.h	enum_constant	TCPF_CLOSE	41	PENDING_REVIEW	SOURCE_REVIEWED_VALUE	COMPLETE	vendor/linux/include/net/tcp_states.h;vendor/linux/include/net/tcp_states.h:41;rewrite/configs/aarch64/frozen.config;header_closure=rewrite/metadata/header_closure.tsv;selected=PENDING_REVIEW	425f94c2954b1fe80ebdbf9b29854e89750355df	4ac2c35a1fb792ed369cd7be974f380313a4762e7bdfbe06cde9b3548bbf812c	3a8398e3c15afe2820ff1903fefca4d0ec21c0a74e1148db5d11652ca07ce7c6	0123af9e96b58af4e98b91a2de5608d36b63c67864b9041d3340587f3dbe40d2	cfa8dcf0d81c408de38d4202fe1ce9d9e5e301d1e67439c9530da94b1e64ee3f	7484d7b0dd80f45e18d726b04752827fe28555cc5c1af0e127948380e6688abf
semantic-proposal-v1	SC1-3400a1b48d7e1549fab7a9e018c7fa86a4f06f8c686c09c1df4fa839c31777d2	S015666	1	P01	SYMBOLS.tsv	331665	status	aarch64	include/net/tcp_states.h	enum_constant	TCPF_CLOSE	41	PENDING_REVIEW	COMPLETE	COMPLETE	vendor/linux/include/net/tcp_states.h;vendor/linux/include/net/tcp_states.h:41;rewrite/configs/aarch64/frozen.config;header_closure=rewrite/metadata/header_closure.tsv;selected=PENDING_REVIEW	425f94c2954b1fe80ebdbf9b29854e89750355df	4ac2c35a1fb792ed369cd7be974f380313a4762e7bdfbe06cde9b3548bbf812c	3a8398e3c15afe2820ff1903fefca4d0ec21c0a74e1148db5d11652ca07ce7c6	0123af9e96b58af4e98b91a2de5608d36b63c67864b9041d3340587f3dbe40d2	cfa8dcf0d81c408de38d4202fe1ce9d9e5e301d1e67439c9530da94b1e64ee3f	7484d7b0dd80f45e18d726b04752827fe28555cc5c1af0e127948380e6688abf
semantic-proposal-v1	SC1-afdf2367bbf8a5e1b37f3e62c8d16cbbc2af126f2675b37bf328e76e553bbda7	S015666	1	P01	SYMBOLS.tsv	331666	mechanical_value	aarch64	include/net/tcp_states.h	enum_constant	TCPF_CLOSE_WAIT	42	PENDING_REVIEW	SOURCE_REVIEWED_VALUE	COMPLETE	vendor/linux/include/net/tcp_states.h;vendor/linux/include/net/tcp_states.h:42;rewrite/configs/aarch64/frozen.config;header_closure=rewrite/metadata/header_closure.tsv;selected=PENDING_REVIEW	425f94c2954b1fe80ebdbf9b29854e89750355df	4ac2c35a1fb792ed369cd7be974f380313a4762e7bdfbe06cde9b3548bbf812c	3a8398e3c15afe2820ff1903fefca4d0ec21c0a74e1148db5d11652ca07ce7c6	0123af9e96b58af4e98b91a2de5608d36b63c67864b9041d3340587f3dbe40d2	cfa8dcf0d81c408de38d4202fe1ce9d9e5e301d1e67439c9530da94b1e64ee3f	7484d7b0dd80f45e18d726b04752827fe28555cc5c1af0e127948380e6688abf
semantic-proposal-v1	SC1-bd6858af1c5fe61a0fbf3966086f65be9953457b4b94a3d5283067d1a7def727	S015666	1	P01	SYMBOLS.tsv	331666	selection_expression	aarch64	include/net/tcp_states.h	enum_constant	TCPF_CLOSE_WAIT	42	PENDING_REVIEW	SOURCE_REVIEWED_VALUE	COMPLETE	vendor/linux/include/net/tcp_states.h;vendor/linux/include/net/tcp_states.h:42;rewrite/configs/aarch64/frozen.config;header_closure=rewrite/metadata/header_closure.tsv;selected=PENDING_REVIEW	425f94c2954b1fe80ebdbf9b29854e89750355df	4ac2c35a1fb792ed369cd7be974f380313a4762e7bdfbe06cde9b3548bbf812c	3a8398e3c15afe2820ff1903fefca4d0ec21c0a74e1148db5d11652ca07ce7c6	0123af9e96b58af4e98b91a2de5608d36b63c67864b9041d3340587f3dbe40d2	cfa8dcf0d81c408de38d4202fe1ce9d9e5e301d1e67439c9530da94b1e64ee3f	7484d7b0dd80f45e18d726b04752827fe28555cc5c1af0e127948380e6688abf
semantic-proposal-v1	SC1-3b80f9dd5685b0851036fa9336ec0eb35c2361b41b19cf759cd3359fd23e2a39	S015666	1	P01	SYMBOLS.tsv	331666	status	aarch64	include/net/tcp_states.h	enum_constant	TCPF_CLOSE_WAIT	42	PENDING_REVIEW	COMPLETE	COMPLETE	vendor/linux/include/net/tcp_states.h;vendor/linux/include/net/tcp_states.h:42;rewrite/configs/aarch64/frozen.config;header_closure=rewrite/metadata/header_closure.tsv;selected=PENDING_REVIEW	425f94c2954b1fe80ebdbf9b29854e89750355df	4ac2c35a1fb792ed369cd7be974f380313a4762e7bdfbe06cde9b3548bbf812c	3a8398e3c15afe2820ff1903fefca4d0ec21c0a74e1148db5d11652ca07ce7c6	0123af9e96b58af4e98b91a2de5608d36b63c67864b9041d3340587f3dbe40d2	cfa8dcf0d81c408de38d4202fe1ce9d9e5e301d1e67439c9530da94b1e64ee3f	7484d7b0dd80f45e18d726b04752827fe28555cc5c1af0e127948380e6688abf
semantic-proposal-v1	SC1-6d5c8f4309ef6b33d04b456cec572523cb5604df177392999ea566a4a5ec3a2f	S015666	1	P01	SYMBOLS.tsv	331667	mechanical_value	aarch64	include/net/tcp_states.h	enum_constant	TCPF_LAST_ACK	43	PENDING_REVIEW	SOURCE_REVIEWED_VALUE	COMPLETE	vendor/linux/include/net/tcp_states.h;vendor/linux/include/net/tcp_states.h:43;rewrite/configs/aarch64/frozen.config;header_closure=rewrite/metadata/header_closure.tsv;selected=PENDING_REVIEW	425f94c2954b1fe80ebdbf9b29854e89750355df	4ac2c35a1fb792ed369cd7be974f380313a4762e7bdfbe06cde9b3548bbf812c	3a8398e3c15afe2820ff1903fefca4d0ec21c0a74e1148db5d11652ca07ce7c6	0123af9e96b58af4e98b91a2de5608d36b63c67864b9041d3340587f3dbe40d2	cfa8dcf0d81c408de38d4202fe1ce9d9e5e301d1e67439c9530da94b1e64ee3f	7484d7b0dd80f45e18d726b04752827fe28555cc5c1af0e127948380e6688abf
semantic-proposal-v1	SC1-ff3c1e5e53242d26146956d62bb71c6741a3c74ccc9d86d434478693b5849c40	S015666	1	P01	SYMBOLS.tsv	331667	selection_expression	aarch64	include/net/tcp_states.h	enum_constant	TCPF_LAST_ACK	43	PENDING_REVIEW	SOURCE_REVIEWED_VALUE	COMPLETE	vendor/linux/include/net/tcp_states.h;vendor/linux/include/net/tcp_states.h:43;rewrite/configs/aarch64/frozen.config;header_closure=rewrite/metadata/header_closure.tsv;selected=PENDING_REVIEW	425f94c2954b1fe80ebdbf9b29854e89750355df	4ac2c35a1fb792ed369cd7be974f380313a4762e7bdfbe06cde9b3548bbf812c	3a8398e3c15afe2820ff1903fefca4d0ec21c0a74e1148db5d11652ca07ce7c6	0123af9e96b58af4e98b91a2de5608d36b63c67864b9041d3340587f3dbe40d2	cfa8dcf0d81c408de38d4202fe1ce9d9e5e301d1e67439c9530da94b1e64ee3f	7484d7b0dd80f45e18d726b04752827fe28555cc5c1af0e127948380e6688abf
semantic-proposal-v1	SC1-c5fe3788c45547b5c283cbb303e940beed063bbf38a772351bc18be6a44133ec	S015666	1	P01	SYMBOLS.tsv	331667	status	aarch64	include/net/tcp_states.h	enum_constant	TCPF_LAST_ACK	43	PENDING_REVIEW	COMPLETE	COMPLETE	vendor/linux/include/net/tcp_states.h;vendor/linux/include/net/tcp_states.h:43;rewrite/configs/aarch64/frozen.config;header_closure=rewrite/metadata/header_closure.tsv;selected=PENDING_REVIEW	425f94c2954b1fe80ebdbf9b29854e89750355df	4ac2c35a1fb792ed369cd7be974f380313a4762e7bdfbe06cde9b3548bbf812c	3a8398e3c15afe2820ff1903fefca4d0ec21c0a74e1148db5d11652ca07ce7c6	0123af9e96b58af4e98b91a2de5608d36b63c67864b9041d3340587f3dbe40d2	cfa8dcf0d81c408de38d4202fe1ce9d9e5e301d1e67439c9530da94b1e64ee3f	7484d7b0dd80f45e18d726b04752827fe28555cc5c1af0e127948380e6688abf
semantic-proposal-v1	SC1-ce1cc21d1cb162be6c59fac3e71311b11aee50b54393c0b073a0c97d81dc88ad	S015666	1	P01	SYMBOLS.tsv	331668	mechanical_value	aarch64	include/net/tcp_states.h	enum_constant	TCPF_LISTEN	44	PENDING_REVIEW	SOURCE_REVIEWED_VALUE	COMPLETE	vendor/linux/include/net/tcp_states.h;vendor/linux/include/net/tcp_states.h:44;rewrite/configs/aarch64/frozen.config;header_closure=rewrite/metadata/header_closure.tsv;selected=PENDING_REVIEW	425f94c2954b1fe80ebdbf9b29854e89750355df	4ac2c35a1fb792ed369cd7be974f380313a4762e7bdfbe06cde9b3548bbf812c	3a8398e3c15afe2820ff1903fefca4d0ec21c0a74e1148db5d11652ca07ce7c6	0123af9e96b58af4e98b91a2de5608d36b63c67864b9041d3340587f3dbe40d2	cfa8dcf0d81c408de38d4202fe1ce9d9e5e301d1e67439c9530da94b1e64ee3f	7484d7b0dd80f45e18d726b04752827fe28555cc5c1af0e127948380e6688abf
semantic-proposal-v1	SC1-f599ae9e6e8fdbd77dedaa2360e0bc71804e4c378e67087934010ff11bbfcfdd	S015666	1	P01	SYMBOLS.tsv	331668	selection_expression	aarch64	include/net/tcp_states.h	enum_constant	TCPF_LISTEN	44	PENDING_REVIEW	SOURCE_REVIEWED_VALUE	COMPLETE	vendor/linux/include/net/tcp_states.h;vendor/linux/include/net/tcp_states.h:44;rewrite/configs/aarch64/frozen.config;header_closure=rewrite/metadata/header_closure.tsv;selected=PENDING_REVIEW	425f94c2954b1fe80ebdbf9b29854e89750355df	4ac2c35a1fb792ed369cd7be974f380313a4762e7bdfbe06cde9b3548bbf812c	3a8398e3c15afe2820ff1903fefca4d0ec21c0a74e1148db5d11652ca07ce7c6	0123af9e96b58af4e98b91a2de5608d36b63c67864b9041d3340587f3dbe40d2	cfa8dcf0d81c408de38d4202fe1ce9d9e5e301d1e67439c9530da94b1e64ee3f	7484d7b0dd80f45e18d726b04752827fe28555cc5c1af0e127948380e6688abf
semantic-proposal-v1	SC1-cdc941b259ed2d9974350cab88fa4dd6d34a9d880bb93329693cce193f713687	S015666	1	P01	SYMBOLS.tsv	331668	status	aarch64	include/net/tcp_states.h	enum_constant	TCPF_LISTEN	44	PENDING_REVIEW	COMPLETE	COMPLETE	vendor/linux/include/net/tcp_states.h;vendor/linux/include/net/tcp_states.h:44;rewrite/configs/aarch64/frozen.config;header_closure=rewrite/metadata/header_closure.tsv;selected=PENDING_REVIEW	425f94c2954b1fe80ebdbf9b29854e89750355df	4ac2c35a1fb792ed369cd7be974f380313a4762e7bdfbe06cde9b3548bbf812c	3a8398e3c15afe2820ff1903fefca4d0ec21c0a74e1148db5d11652ca07ce7c6	0123af9e96b58af4e98b91a2de5608d36b63c67864b9041d3340587f3dbe40d2	cfa8dcf0d81c408de38d4202fe1ce9d9e5e301d1e67439c9530da94b1e64ee3f	7484d7b0dd80f45e18d726b04752827fe28555cc5c1af0e127948380e6688abf
semantic-proposal-v1	SC1-3f69bb79e8774bf35061c06af918aa40af1e712ee2f39eafaf155a5c6d613968	S015666	1	P01	SYMBOLS.tsv	331669	mechanical_value	aarch64	include/net/tcp_states.h	enum_constant	TCPF_CLOSING	45	PENDING_REVIEW	SOURCE_REVIEWED_VALUE	COMPLETE	vendor/linux/include/net/tcp_states.h;vendor/linux/include/net/tcp_states.h:45;rewrite/configs/aarch64/frozen.config;header_closure=rewrite/metadata/header_closure.tsv;selected=PENDING_REVIEW	425f94c2954b1fe80ebdbf9b29854e89750355df	4ac2c35a1fb792ed369cd7be974f380313a4762e7bdfbe06cde9b3548bbf812c	3a8398e3c15afe2820ff1903fefca4d0ec21c0a74e1148db5d11652ca07ce7c6	0123af9e96b58af4e98b91a2de5608d36b63c67864b9041d3340587f3dbe40d2	cfa8dcf0d81c408de38d4202fe1ce9d9e5e301d1e67439c9530da94b1e64ee3f	7484d7b0dd80f45e18d726b04752827fe28555cc5c1af0e127948380e6688abf
semantic-proposal-v1	SC1-d6b9a523cc03636c5b204acc031a323f1576c93e2ec4b98cd809c50cc63a31a6	S015666	1	P01	SYMBOLS.tsv	331669	selection_expression	aarch64	include/net/tcp_states.h	enum_constant	TCPF_CLOSING	45	PENDING_REVIEW	SOURCE_REVIEWED_VALUE	COMPLETE	vendor/linux/include/net/tcp_states.h;vendor/linux/include/net/tcp_states.h:45;rewrite/configs/aarch64/frozen.config;header_closure=rewrite/metadata/header_closure.tsv;selected=PENDING_REVIEW	425f94c2954b1fe80ebdbf9b29854e89750355df	4ac2c35a1fb792ed369cd7be974f380313a4762e7bdfbe06cde9b3548bbf812c	3a8398e3c15afe2820ff1903fefca4d0ec21c0a74e1148db5d11652ca07ce7c6	0123af9e96b58af4e98b91a2de5608d36b63c67864b9041d3340587f3dbe40d2	cfa8dcf0d81c408de38d4202fe1ce9d9e5e301d1e67439c9530da94b1e64ee3f	7484d7b0dd80f45e18d726b04752827fe28555cc5c1af0e127948380e6688abf
semantic-proposal-v1	SC1-9e36c874588bfa4ddd954117afd802f5a3a35a7ff50f1509e6f71ce9147642bf	S015666	1	P01	SYMBOLS.tsv	331669	status	aarch64	include/net/tcp_states.h	enum_constant	TCPF_CLOSING	45	PENDING_REVIEW	COMPLETE	COMPLETE	vendor/linux/include/net/tcp_states.h;vendor/linux/include/net/tcp_states.h:45;rewrite/configs/aarch64/frozen.config;header_closure=rewrite/metadata/header_closure.tsv;selected=PENDING_REVIEW	425f94c2954b1fe80ebdbf9b29854e89750355df	4ac2c35a1fb792ed369cd7be974f380313a4762e7bdfbe06cde9b3548bbf812c	3a8398e3c15afe2820ff1903fefca4d0ec21c0a74e1148db5d11652ca07ce7c6	0123af9e96b58af4e98b91a2de5608d36b63c67864b9041d3340587f3dbe40d2	cfa8dcf0d81c408de38d4202fe1ce9d9e5e301d1e67439c9530da94b1e64ee3f	7484d7b0dd80f45e18d726b04752827fe28555cc5c1af0e127948380e6688abf
semantic-proposal-v1	SC1-8fe10e0552920d8297088a8bebbd851d2e943b9bfbdbd2bfccc5bced35dc4895	S015666	1	P01	SYMBOLS.tsv	331670	mechanical_value	aarch64	include/net/tcp_states.h	enum_constant	TCPF_NEW_SYN_RECV	46	PENDING_REVIEW	SOURCE_REVIEWED_VALUE	COMPLETE	vendor/linux/include/net/tcp_states.h;vendor/linux/include/net/tcp_states.h:46;rewrite/configs/aarch64/frozen.config;header_closure=rewrite/metadata/header_closure.tsv;selected=PENDING_REVIEW	425f94c2954b1fe80ebdbf9b29854e89750355df	4ac2c35a1fb792ed369cd7be974f380313a4762e7bdfbe06cde9b3548bbf812c	3a8398e3c15afe2820ff1903fefca4d0ec21c0a74e1148db5d11652ca07ce7c6	0123af9e96b58af4e98b91a2de5608d36b63c67864b9041d3340587f3dbe40d2	cfa8dcf0d81c408de38d4202fe1ce9d9e5e301d1e67439c9530da94b1e64ee3f	7484d7b0dd80f45e18d726b04752827fe28555cc5c1af0e127948380e6688abf
semantic-proposal-v1	SC1-c9e01c7e51b7bb4139977a9683bcec901416fcf57d4db5b94dfc160c9ddd1d85	S015666	1	P01	SYMBOLS.tsv	331670	selection_expression	aarch64	include/net/tcp_states.h	enum_constant	TCPF_NEW_SYN_RECV	46	PENDING_REVIEW	SOURCE_REVIEWED_VALUE	COMPLETE	vendor/linux/include/net/tcp_states.h;vendor/linux/include/net/tcp_states.h:46;rewrite/configs/aarch64/frozen.config;header_closure=rewrite/metadata/header_closure.tsv;selected=PENDING_REVIEW	425f94c2954b1fe80ebdbf9b29854e89750355df	4ac2c35a1fb792ed369cd7be974f380313a4762e7bdfbe06cde9b3548bbf812c	3a8398e3c15afe2820ff1903fefca4d0ec21c0a74e1148db5d11652ca07ce7c6	0123af9e96b58af4e98b91a2de5608d36b63c67864b9041d3340587f3dbe40d2	cfa8dcf0d81c408de38d4202fe1ce9d9e5e301d1e67439c9530da94b1e64ee3f	7484d7b0dd80f45e18d726b04752827fe28555cc5c1af0e127948380e6688abf
semantic-proposal-v1	SC1-199606dbf8ab0070fca616c3c1fca8a2bb1b9b706b26fc4afcb150fbf25c3e04	S015666	1	P01	SYMBOLS.tsv	331670	status	aarch64	include/net/tcp_states.h	enum_constant	TCPF_NEW_SYN_RECV	46	PENDING_REVIEW	COMPLETE	COMPLETE	vendor/linux/include/net/tcp_states.h;vendor/linux/include/net/tcp_states.h:46;rewrite/configs/aarch64/frozen.config;header_closure=rewrite/metadata/header_closure.tsv;selected=PENDING_REVIEW	425f94c2954b1fe80ebdbf9b29854e89750355df	4ac2c35a1fb792ed369cd7be974f380313a4762e7bdfbe06cde9b3548bbf812c	3a8398e3c15afe2820ff1903fefca4d0ec21c0a74e1148db5d11652ca07ce7c6	0123af9e96b58af4e98b91a2de5608d36b63c67864b9041d3340587f3dbe40d2	cfa8dcf0d81c408de38d4202fe1ce9d9e5e301d1e67439c9530da94b1e64ee3f	7484d7b0dd80f45e18d726b04752827fe28555cc5c1af0e127948380e6688abf
semantic-proposal-v1	SC1-3541dcb10e08cf0e7f3615d6740afe78f55e4a4e408f98d81f187174a20e6ea3	S015666	1	P01	SYMBOLS.tsv	331671	mechanical_value	aarch64	include/net/tcp_states.h	enum_constant	TCPF_BOUND_INACTIVE	47	PENDING_REVIEW	SOURCE_REVIEWED_VALUE	COMPLETE	vendor/linux/include/net/tcp_states.h;vendor/linux/include/net/tcp_states.h:47;rewrite/configs/aarch64/frozen.config;header_closure=rewrite/metadata/header_closure.tsv;selected=PENDING_REVIEW	425f94c2954b1fe80ebdbf9b29854e89750355df	4ac2c35a1fb792ed369cd7be974f380313a4762e7bdfbe06cde9b3548bbf812c	3a8398e3c15afe2820ff1903fefca4d0ec21c0a74e1148db5d11652ca07ce7c6	0123af9e96b58af4e98b91a2de5608d36b63c67864b9041d3340587f3dbe40d2	cfa8dcf0d81c408de38d4202fe1ce9d9e5e301d1e67439c9530da94b1e64ee3f	7484d7b0dd80f45e18d726b04752827fe28555cc5c1af0e127948380e6688abf
semantic-proposal-v1	SC1-862114907daf2da0889985dd8054f077af69ca92b46a1b2e19bd000bae5ed9d5	S015666	1	P01	SYMBOLS.tsv	331671	selection_expression	aarch64	include/net/tcp_states.h	enum_constant	TCPF_BOUND_INACTIVE	47	PENDING_REVIEW	SOURCE_REVIEWED_VALUE	COMPLETE	vendor/linux/include/net/tcp_states.h;vendor/linux/include/net/tcp_states.h:47;rewrite/configs/aarch64/frozen.config;header_closure=rewrite/metadata/header_closure.tsv;selected=PENDING_REVIEW	425f94c2954b1fe80ebdbf9b29854e89750355df	4ac2c35a1fb792ed369cd7be974f380313a4762e7bdfbe06cde9b3548bbf812c	3a8398e3c15afe2820ff1903fefca4d0ec21c0a74e1148db5d11652ca07ce7c6	0123af9e96b58af4e98b91a2de5608d36b63c67864b9041d3340587f3dbe40d2	cfa8dcf0d81c408de38d4202fe1ce9d9e5e301d1e67439c9530da94b1e64ee3f	7484d7b0dd80f45e18d726b04752827fe28555cc5c1af0e127948380e6688abf
semantic-proposal-v1	SC1-41622730ec7996354973bc40a86bc37fc2d33a3e2e66b885545354c1ee3db05b	S015666	1	P01	SYMBOLS.tsv	331671	status	aarch64	include/net/tcp_states.h	enum_constant	TCPF_BOUND_INACTIVE	47	PENDING_REVIEW	COMPLETE	COMPLETE	vendor/linux/include/net/tcp_states.h;vendor/linux/include/net/tcp_states.h:47;rewrite/configs/aarch64/frozen.config;header_closure=rewrite/metadata/header_closure.tsv;selected=PENDING_REVIEW	425f94c2954b1fe80ebdbf9b29854e89750355df	4ac2c35a1fb792ed369cd7be974f380313a4762e7bdfbe06cde9b3548bbf812c	3a8398e3c15afe2820ff1903fefca4d0ec21c0a74e1148db5d11652ca07ce7c6	0123af9e96b58af4e98b91a2de5608d36b63c67864b9041d3340587f3dbe40d2	cfa8dcf0d81c408de38d4202fe1ce9d9e5e301d1e67439c9530da94b1e64ee3f	7484d7b0dd80f45e18d726b04752827fe28555cc5c1af0e127948380e6688abf
semantic-proposal-v1	SC1-2101d4bd9430b3a031fbd256a2707c8db79311c394c16881c876ca81870f482a	S015666	1	P01	SYMBOLS.tsv	331672	status	x86_64	include/net/tcp_states.h	conditional	ifndef@9	9	PENDING_REVIEW	COMPLETE	COMPLETE	vendor/linux/include/net/tcp_states.h;vendor/linux/include/net/tcp_states.h:9;rewrite/configs/x86_64/frozen.config;header_closure=rewrite/metadata/header_closure.tsv;selected=PENDING_REVIEW	425f94c2954b1fe80ebdbf9b29854e89750355df	4ac2c35a1fb792ed369cd7be974f380313a4762e7bdfbe06cde9b3548bbf812c	3a8398e3c15afe2820ff1903fefca4d0ec21c0a74e1148db5d11652ca07ce7c6	0123af9e96b58af4e98b91a2de5608d36b63c67864b9041d3340587f3dbe40d2	cfa8dcf0d81c408de38d4202fe1ce9d9e5e301d1e67439c9530da94b1e64ee3f	7484d7b0dd80f45e18d726b04752827fe28555cc5c1af0e127948380e6688abf
semantic-proposal-v1	SC1-f25c2105d77ea4ac571645eed7d77b7c7cba1afc4c91e1c16139853cbecb5de7	S015666	1	P01	SYMBOLS.tsv	331673	status	x86_64	include/net/tcp_states.h	conditional	endif@50	50	PENDING_REVIEW	COMPLETE	COMPLETE	vendor/linux/include/net/tcp_states.h;vendor/linux/include/net/tcp_states.h:50;rewrite/configs/x86_64/frozen.config;header_closure=rewrite/metadata/header_closure.tsv;selected=PENDING_REVIEW	425f94c2954b1fe80ebdbf9b29854e89750355df	4ac2c35a1fb792ed369cd7be974f380313a4762e7bdfbe06cde9b3548bbf812c	3a8398e3c15afe2820ff1903fefca4d0ec21c0a74e1148db5d11652ca07ce7c6	0123af9e96b58af4e98b91a2de5608d36b63c67864b9041d3340587f3dbe40d2	cfa8dcf0d81c408de38d4202fe1ce9d9e5e301d1e67439c9530da94b1e64ee3f	7484d7b0dd80f45e18d726b04752827fe28555cc5c1af0e127948380e6688abf
semantic-proposal-v1	SC1-d91bcdcf45aa8b2d28bbf74d3217b949f5734df56680223b35affb6fb77a50f2	S015666	1	P01	SYMBOLS.tsv	331674	selection_expression	x86_64	include/net/tcp_states.h	operative_macro	_LINUX_TCP_STATES_H	10	PENDING_REVIEW	SOURCE_REVIEWED_VALUE	COMPLETE	vendor/linux/include/net/tcp_states.h;vendor/linux/include/net/tcp_states.h:10;rewrite/configs/x86_64/frozen.config;header_closure=rewrite/metadata/header_closure.tsv;selected=PENDING_REVIEW	425f94c2954b1fe80ebdbf9b29854e89750355df	4ac2c35a1fb792ed369cd7be974f380313a4762e7bdfbe06cde9b3548bbf812c	3a8398e3c15afe2820ff1903fefca4d0ec21c0a74e1148db5d11652ca07ce7c6	0123af9e96b58af4e98b91a2de5608d36b63c67864b9041d3340587f3dbe40d2	cfa8dcf0d81c408de38d4202fe1ce9d9e5e301d1e67439c9530da94b1e64ee3f	7484d7b0dd80f45e18d726b04752827fe28555cc5c1af0e127948380e6688abf
semantic-proposal-v1	SC1-9cf4b0988937e6504267abfdb691d3233b8a479dff83784a112223c37cb50392	S015666	1	P01	SYMBOLS.tsv	331674	status	x86_64	include/net/tcp_states.h	operative_macro	_LINUX_TCP_STATES_H	10	PENDING_REVIEW	COMPLETE	COMPLETE	vendor/linux/include/net/tcp_states.h;vendor/linux/include/net/tcp_states.h:10;rewrite/configs/x86_64/frozen.config;header_closure=rewrite/metadata/header_closure.tsv;selected=PENDING_REVIEW	425f94c2954b1fe80ebdbf9b29854e89750355df	4ac2c35a1fb792ed369cd7be974f380313a4762e7bdfbe06cde9b3548bbf812c	3a8398e3c15afe2820ff1903fefca4d0ec21c0a74e1148db5d11652ca07ce7c6	0123af9e96b58af4e98b91a2de5608d36b63c67864b9041d3340587f3dbe40d2	cfa8dcf0d81c408de38d4202fe1ce9d9e5e301d1e67439c9530da94b1e64ee3f	7484d7b0dd80f45e18d726b04752827fe28555cc5c1af0e127948380e6688abf
semantic-proposal-v1	SC1-fcb17c1f0467066dfd1b5a765384d0452b5d0b04e2b3914a0e73d2c5c7529426	S015666	1	P01	SYMBOLS.tsv	331675	selection_expression	x86_64	include/net/tcp_states.h	operative_macro	TCP_STATE_MASK	30	PENDING_REVIEW	SOURCE_REVIEWED_VALUE	COMPLETE	vendor/linux/include/net/tcp_states.h;vendor/linux/include/net/tcp_states.h:30;rewrite/configs/x86_64/frozen.config;header_closure=rewrite/metadata/header_closure.tsv;selected=PENDING_REVIEW	425f94c2954b1fe80ebdbf9b29854e89750355df	4ac2c35a1fb792ed369cd7be974f380313a4762e7bdfbe06cde9b3548bbf812c	3a8398e3c15afe2820ff1903fefca4d0ec21c0a74e1148db5d11652ca07ce7c6	0123af9e96b58af4e98b91a2de5608d36b63c67864b9041d3340587f3dbe40d2	cfa8dcf0d81c408de38d4202fe1ce9d9e5e301d1e67439c9530da94b1e64ee3f	7484d7b0dd80f45e18d726b04752827fe28555cc5c1af0e127948380e6688abf
semantic-proposal-v1	SC1-58656e65f06ae039039b797a2e6962c3928dad886580ab35edeff270faf6c7bf	S015666	1	P01	SYMBOLS.tsv	331675	status	x86_64	include/net/tcp_states.h	operative_macro	TCP_STATE_MASK	30	PENDING_REVIEW	COMPLETE	COMPLETE	vendor/linux/include/net/tcp_states.h;vendor/linux/include/net/tcp_states.h:30;rewrite/configs/x86_64/frozen.config;header_closure=rewrite/metadata/header_closure.tsv;selected=PENDING_REVIEW	425f94c2954b1fe80ebdbf9b29854e89750355df	4ac2c35a1fb792ed369cd7be974f380313a4762e7bdfbe06cde9b3548bbf812c	3a8398e3c15afe2820ff1903fefca4d0ec21c0a74e1148db5d11652ca07ce7c6	0123af9e96b58af4e98b91a2de5608d36b63c67864b9041d3340587f3dbe40d2	cfa8dcf0d81c408de38d4202fe1ce9d9e5e301d1e67439c9530da94b1e64ee3f	7484d7b0dd80f45e18d726b04752827fe28555cc5c1af0e127948380e6688abf
semantic-proposal-v1	SC1-90c5bfc1df1e7d0916e3b5ec8537eab3cee6e1e4b89167c680ba4db29a106707	S015666	1	P01	SYMBOLS.tsv	331676	selection_expression	x86_64	include/net/tcp_states.h	operative_macro	TCP_ACTION_FIN	32	PENDING_REVIEW	SOURCE_REVIEWED_VALUE	COMPLETE	vendor/linux/include/net/tcp_states.h;vendor/linux/include/net/tcp_states.h:32;rewrite/configs/x86_64/frozen.config;header_closure=rewrite/metadata/header_closure.tsv;selected=PENDING_REVIEW	425f94c2954b1fe80ebdbf9b29854e89750355df	4ac2c35a1fb792ed369cd7be974f380313a4762e7bdfbe06cde9b3548bbf812c	3a8398e3c15afe2820ff1903fefca4d0ec21c0a74e1148db5d11652ca07ce7c6	0123af9e96b58af4e98b91a2de5608d36b63c67864b9041d3340587f3dbe40d2	cfa8dcf0d81c408de38d4202fe1ce9d9e5e301d1e67439c9530da94b1e64ee3f	7484d7b0dd80f45e18d726b04752827fe28555cc5c1af0e127948380e6688abf
semantic-proposal-v1	SC1-411292d74676620a529cf53695c16736414bc2d85eabc41c6cbf50e27e52b2f9	S015666	1	P01	SYMBOLS.tsv	331676	status	x86_64	include/net/tcp_states.h	operative_macro	TCP_ACTION_FIN	32	PENDING_REVIEW	COMPLETE	COMPLETE	vendor/linux/include/net/tcp_states.h;vendor/linux/include/net/tcp_states.h:32;rewrite/configs/x86_64/frozen.config;header_closure=rewrite/metadata/header_closure.tsv;selected=PENDING_REVIEW	425f94c2954b1fe80ebdbf9b29854e89750355df	4ac2c35a1fb792ed369cd7be974f380313a4762e7bdfbe06cde9b3548bbf812c	3a8398e3c15afe2820ff1903fefca4d0ec21c0a74e1148db5d11652ca07ce7c6	0123af9e96b58af4e98b91a2de5608d36b63c67864b9041d3340587f3dbe40d2	cfa8dcf0d81c408de38d4202fe1ce9d9e5e301d1e67439c9530da94b1e64ee3f	7484d7b0dd80f45e18d726b04752827fe28555cc5c1af0e127948380e6688abf
semantic-proposal-v1	SC1-eae0046378fd25c622bb6588f049b567820ea75f9b7a9bf0740189e4d1cfa092	S015666	1	P01	SYMBOLS.tsv	331677	selection_expression	x86_64	include/net/tcp_states.h	type	anonymous_enum@12	12	PENDING_REVIEW	SOURCE_REVIEWED_VALUE	COMPLETE	vendor/linux/include/net/tcp_states.h;vendor/linux/include/net/tcp_states.h:12;rewrite/configs/x86_64/frozen.config;header_closure=rewrite/metadata/header_closure.tsv;selected=PENDING_REVIEW	425f94c2954b1fe80ebdbf9b29854e89750355df	4ac2c35a1fb792ed369cd7be974f380313a4762e7bdfbe06cde9b3548bbf812c	3a8398e3c15afe2820ff1903fefca4d0ec21c0a74e1148db5d11652ca07ce7c6	0123af9e96b58af4e98b91a2de5608d36b63c67864b9041d3340587f3dbe40d2	cfa8dcf0d81c408de38d4202fe1ce9d9e5e301d1e67439c9530da94b1e64ee3f	7484d7b0dd80f45e18d726b04752827fe28555cc5c1af0e127948380e6688abf
semantic-proposal-v1	SC1-5bae94329be3ee25a7851f6071e302438d76d228c4c3240e68839c5c7a8a8911	S015666	1	P01	SYMBOLS.tsv	331677	status	x86_64	include/net/tcp_states.h	type	anonymous_enum@12	12	PENDING_REVIEW	COMPLETE	COMPLETE	vendor/linux/include/net/tcp_states.h;vendor/linux/include/net/tcp_states.h:12;rewrite/configs/x86_64/frozen.config;header_closure=rewrite/metadata/header_closure.tsv;selected=PENDING_REVIEW	425f94c2954b1fe80ebdbf9b29854e89750355df	4ac2c35a1fb792ed369cd7be974f380313a4762e7bdfbe06cde9b3548bbf812c	3a8398e3c15afe2820ff1903fefca4d0ec21c0a74e1148db5d11652ca07ce7c6	0123af9e96b58af4e98b91a2de5608d36b63c67864b9041d3340587f3dbe40d2	cfa8dcf0d81c408de38d4202fe1ce9d9e5e301d1e67439c9530da94b1e64ee3f	7484d7b0dd80f45e18d726b04752827fe28555cc5c1af0e127948380e6688abf
semantic-proposal-v1	SC1-356934cd772b03f9175a37ce8bd8fd1c3e57f408d58bd492ea795eb69f697ef9	S015666	1	P01	SYMBOLS.tsv	331678	selection_expression	x86_64	include/net/tcp_states.h	enum_constant	TCP_ESTABLISHED	13	PENDING_REVIEW	SOURCE_REVIEWED_VALUE	COMPLETE	vendor/linux/include/net/tcp_states.h;vendor/linux/include/net/tcp_states.h:13;rewrite/configs/x86_64/frozen.config;header_closure=rewrite/metadata/header_closure.tsv;selected=PENDING_REVIEW	425f94c2954b1fe80ebdbf9b29854e89750355df	4ac2c35a1fb792ed369cd7be974f380313a4762e7bdfbe06cde9b3548bbf812c	3a8398e3c15afe2820ff1903fefca4d0ec21c0a74e1148db5d11652ca07ce7c6	0123af9e96b58af4e98b91a2de5608d36b63c67864b9041d3340587f3dbe40d2	cfa8dcf0d81c408de38d4202fe1ce9d9e5e301d1e67439c9530da94b1e64ee3f	7484d7b0dd80f45e18d726b04752827fe28555cc5c1af0e127948380e6688abf
semantic-proposal-v1	SC1-7d59ad1d6b609b22c9d6ae923bf4c92245d824fb2c01aee2c99b2cae1c44734e	S015666	1	P01	SYMBOLS.tsv	331678	status	x86_64	include/net/tcp_states.h	enum_constant	TCP_ESTABLISHED	13	PENDING_REVIEW	COMPLETE	COMPLETE	vendor/linux/include/net/tcp_states.h;vendor/linux/include/net/tcp_states.h:13;rewrite/configs/x86_64/frozen.config;header_closure=rewrite/metadata/header_closure.tsv;selected=PENDING_REVIEW	425f94c2954b1fe80ebdbf9b29854e89750355df	4ac2c35a1fb792ed369cd7be974f380313a4762e7bdfbe06cde9b3548bbf812c	3a8398e3c15afe2820ff1903fefca4d0ec21c0a74e1148db5d11652ca07ce7c6	0123af9e96b58af4e98b91a2de5608d36b63c67864b9041d3340587f3dbe40d2	cfa8dcf0d81c408de38d4202fe1ce9d9e5e301d1e67439c9530da94b1e64ee3f	7484d7b0dd80f45e18d726b04752827fe28555cc5c1af0e127948380e6688abf
semantic-proposal-v1	SC1-070be49823ec270f7fd4c0732a7dcc93c4ccbc81b0b3ff2c19952ceb93ca1cc9	S015666	1	P01	SYMBOLS.tsv	331679	selection_expression	x86_64	include/net/tcp_states.h	enum_constant	TCP_SYN_SENT	14	PENDING_REVIEW	SOURCE_REVIEWED_VALUE	COMPLETE	vendor/linux/include/net/tcp_states.h;vendor/linux/include/net/tcp_states.h:14;rewrite/configs/x86_64/frozen.config;header_closure=rewrite/metadata/header_closure.tsv;selected=PENDING_REVIEW	425f94c2954b1fe80ebdbf9b29854e89750355df	4ac2c35a1fb792ed369cd7be974f380313a4762e7bdfbe06cde9b3548bbf812c	3a8398e3c15afe2820ff1903fefca4d0ec21c0a74e1148db5d11652ca07ce7c6	0123af9e96b58af4e98b91a2de5608d36b63c67864b9041d3340587f3dbe40d2	cfa8dcf0d81c408de38d4202fe1ce9d9e5e301d1e67439c9530da94b1e64ee3f	7484d7b0dd80f45e18d726b04752827fe28555cc5c1af0e127948380e6688abf
semantic-proposal-v1	SC1-4eeb38767ba507da21a7fda86defbe1fcc1d1499779ffafb7d4dd0094ac203b0	S015666	1	P01	SYMBOLS.tsv	331679	status	x86_64	include/net/tcp_states.h	enum_constant	TCP_SYN_SENT	14	PENDING_REVIEW	COMPLETE	COMPLETE	vendor/linux/include/net/tcp_states.h;vendor/linux/include/net/tcp_states.h:14;rewrite/configs/x86_64/frozen.config;header_closure=rewrite/metadata/header_closure.tsv;selected=PENDING_REVIEW	425f94c2954b1fe80ebdbf9b29854e89750355df	4ac2c35a1fb792ed369cd7be974f380313a4762e7bdfbe06cde9b3548bbf812c	3a8398e3c15afe2820ff1903fefca4d0ec21c0a74e1148db5d11652ca07ce7c6	0123af9e96b58af4e98b91a2de5608d36b63c67864b9041d3340587f3dbe40d2	cfa8dcf0d81c408de38d4202fe1ce9d9e5e301d1e67439c9530da94b1e64ee3f	7484d7b0dd80f45e18d726b04752827fe28555cc5c1af0e127948380e6688abf
semantic-proposal-v1	SC1-ab936fe0f3cfffec6d95d08d73f7fcbded1bad46103bf72a3bfec24aec8cb133	S015666	1	P01	SYMBOLS.tsv	331680	selection_expression	x86_64	include/net/tcp_states.h	enum_constant	TCP_SYN_RECV	15	PENDING_REVIEW	SOURCE_REVIEWED_VALUE	COMPLETE	vendor/linux/include/net/tcp_states.h;vendor/linux/include/net/tcp_states.h:15;rewrite/configs/x86_64/frozen.config;header_closure=rewrite/metadata/header_closure.tsv;selected=PENDING_REVIEW	425f94c2954b1fe80ebdbf9b29854e89750355df	4ac2c35a1fb792ed369cd7be974f380313a4762e7bdfbe06cde9b3548bbf812c	3a8398e3c15afe2820ff1903fefca4d0ec21c0a74e1148db5d11652ca07ce7c6	0123af9e96b58af4e98b91a2de5608d36b63c67864b9041d3340587f3dbe40d2	cfa8dcf0d81c408de38d4202fe1ce9d9e5e301d1e67439c9530da94b1e64ee3f	7484d7b0dd80f45e18d726b04752827fe28555cc5c1af0e127948380e6688abf
semantic-proposal-v1	SC1-4bccf1e69b5ed1490eb44f478ba1b72b01b284dd1da78a95fdeea0f73c479653	S015666	1	P01	SYMBOLS.tsv	331680	status	x86_64	include/net/tcp_states.h	enum_constant	TCP_SYN_RECV	15	PENDING_REVIEW	COMPLETE	COMPLETE	vendor/linux/include/net/tcp_states.h;vendor/linux/include/net/tcp_states.h:15;rewrite/configs/x86_64/frozen.config;header_closure=rewrite/metadata/header_closure.tsv;selected=PENDING_REVIEW	425f94c2954b1fe80ebdbf9b29854e89750355df	4ac2c35a1fb792ed369cd7be974f380313a4762e7bdfbe06cde9b3548bbf812c	3a8398e3c15afe2820ff1903fefca4d0ec21c0a74e1148db5d11652ca07ce7c6	0123af9e96b58af4e98b91a2de5608d36b63c67864b9041d3340587f3dbe40d2	cfa8dcf0d81c408de38d4202fe1ce9d9e5e301d1e67439c9530da94b1e64ee3f	7484d7b0dd80f45e18d726b04752827fe28555cc5c1af0e127948380e6688abf
semantic-proposal-v1	SC1-4b449bac92712abf806ec56b1293a42b092f4e1a4d8ab87a6cadb4dab3e8ab04	S015666	1	P01	SYMBOLS.tsv	331681	selection_expression	x86_64	include/net/tcp_states.h	enum_constant	TCP_FIN_WAIT1	16	PENDING_REVIEW	SOURCE_REVIEWED_VALUE	COMPLETE	vendor/linux/include/net/tcp_states.h;vendor/linux/include/net/tcp_states.h:16;rewrite/configs/x86_64/frozen.config;header_closure=rewrite/metadata/header_closure.tsv;selected=PENDING_REVIEW	425f94c2954b1fe80ebdbf9b29854e89750355df	4ac2c35a1fb792ed369cd7be974f380313a4762e7bdfbe06cde9b3548bbf812c	3a8398e3c15afe2820ff1903fefca4d0ec21c0a74e1148db5d11652ca07ce7c6	0123af9e96b58af4e98b91a2de5608d36b63c67864b9041d3340587f3dbe40d2	cfa8dcf0d81c408de38d4202fe1ce9d9e5e301d1e67439c9530da94b1e64ee3f	7484d7b0dd80f45e18d726b04752827fe28555cc5c1af0e127948380e6688abf
semantic-proposal-v1	SC1-3209c875a5908f4d1d026636746eee696263cf24cc265da72f52684e5b3b64b0	S015666	1	P01	SYMBOLS.tsv	331681	status	x86_64	include/net/tcp_states.h	enum_constant	TCP_FIN_WAIT1	16	PENDING_REVIEW	COMPLETE	COMPLETE	vendor/linux/include/net/tcp_states.h;vendor/linux/include/net/tcp_states.h:16;rewrite/configs/x86_64/frozen.config;header_closure=rewrite/metadata/header_closure.tsv;selected=PENDING_REVIEW	425f94c2954b1fe80ebdbf9b29854e89750355df	4ac2c35a1fb792ed369cd7be974f380313a4762e7bdfbe06cde9b3548bbf812c	3a8398e3c15afe2820ff1903fefca4d0ec21c0a74e1148db5d11652ca07ce7c6	0123af9e96b58af4e98b91a2de5608d36b63c67864b9041d3340587f3dbe40d2	cfa8dcf0d81c408de38d4202fe1ce9d9e5e301d1e67439c9530da94b1e64ee3f	7484d7b0dd80f45e18d726b04752827fe28555cc5c1af0e127948380e6688abf
semantic-proposal-v1	SC1-7fa295ded6eeecca958f91eda5aa4868249ab2c138f30f53884f977f9bac1c31	S015666	1	P01	SYMBOLS.tsv	331682	selection_expression	x86_64	include/net/tcp_states.h	enum_constant	TCP_FIN_WAIT2	17	PENDING_REVIEW	SOURCE_REVIEWED_VALUE	COMPLETE	vendor/linux/include/net/tcp_states.h;vendor/linux/include/net/tcp_states.h:17;rewrite/configs/x86_64/frozen.config;header_closure=rewrite/metadata/header_closure.tsv;selected=PENDING_REVIEW	425f94c2954b1fe80ebdbf9b29854e89750355df	4ac2c35a1fb792ed369cd7be974f380313a4762e7bdfbe06cde9b3548bbf812c	3a8398e3c15afe2820ff1903fefca4d0ec21c0a74e1148db5d11652ca07ce7c6	0123af9e96b58af4e98b91a2de5608d36b63c67864b9041d3340587f3dbe40d2	cfa8dcf0d81c408de38d4202fe1ce9d9e5e301d1e67439c9530da94b1e64ee3f	7484d7b0dd80f45e18d726b04752827fe28555cc5c1af0e127948380e6688abf
semantic-proposal-v1	SC1-71fa3df724d2876882606ad7f6f0dc97a154e0efe9e00bb9000ee8cecec70739	S015666	1	P01	SYMBOLS.tsv	331682	status	x86_64	include/net/tcp_states.h	enum_constant	TCP_FIN_WAIT2	17	PENDING_REVIEW	COMPLETE	COMPLETE	vendor/linux/include/net/tcp_states.h;vendor/linux/include/net/tcp_states.h:17;rewrite/configs/x86_64/frozen.config;header_closure=rewrite/metadata/header_closure.tsv;selected=PENDING_REVIEW	425f94c2954b1fe80ebdbf9b29854e89750355df	4ac2c35a1fb792ed369cd7be974f380313a4762e7bdfbe06cde9b3548bbf812c	3a8398e3c15afe2820ff1903fefca4d0ec21c0a74e1148db5d11652ca07ce7c6	0123af9e96b58af4e98b91a2de5608d36b63c67864b9041d3340587f3dbe40d2	cfa8dcf0d81c408de38d4202fe1ce9d9e5e301d1e67439c9530da94b1e64ee3f	7484d7b0dd80f45e18d726b04752827fe28555cc5c1af0e127948380e6688abf
semantic-proposal-v1	SC1-59839d2aed68958a0235ab9db9d13f344952fd8639f8a09b660587688a126ad4	S015666	1	P01	SYMBOLS.tsv	331683	selection_expression	x86_64	include/net/tcp_states.h	enum_constant	TCP_TIME_WAIT	18	PENDING_REVIEW	SOURCE_REVIEWED_VALUE	COMPLETE	vendor/linux/include/net/tcp_states.h;vendor/linux/include/net/tcp_states.h:18;rewrite/configs/x86_64/frozen.config;header_closure=rewrite/metadata/header_closure.tsv;selected=PENDING_REVIEW	425f94c2954b1fe80ebdbf9b29854e89750355df	4ac2c35a1fb792ed369cd7be974f380313a4762e7bdfbe06cde9b3548bbf812c	3a8398e3c15afe2820ff1903fefca4d0ec21c0a74e1148db5d11652ca07ce7c6	0123af9e96b58af4e98b91a2de5608d36b63c67864b9041d3340587f3dbe40d2	cfa8dcf0d81c408de38d4202fe1ce9d9e5e301d1e67439c9530da94b1e64ee3f	7484d7b0dd80f45e18d726b04752827fe28555cc5c1af0e127948380e6688abf
semantic-proposal-v1	SC1-a75a9f918a329ca59649ed9b33d720f6252b0eb35e6bede2b23b71fbb76f60b9	S015666	1	P01	SYMBOLS.tsv	331683	status	x86_64	include/net/tcp_states.h	enum_constant	TCP_TIME_WAIT	18	PENDING_REVIEW	COMPLETE	COMPLETE	vendor/linux/include/net/tcp_states.h;vendor/linux/include/net/tcp_states.h:18;rewrite/configs/x86_64/frozen.config;header_closure=rewrite/metadata/header_closure.tsv;selected=PENDING_REVIEW	425f94c2954b1fe80ebdbf9b29854e89750355df	4ac2c35a1fb792ed369cd7be974f380313a4762e7bdfbe06cde9b3548bbf812c	3a8398e3c15afe2820ff1903fefca4d0ec21c0a74e1148db5d11652ca07ce7c6	0123af9e96b58af4e98b91a2de5608d36b63c67864b9041d3340587f3dbe40d2	cfa8dcf0d81c408de38d4202fe1ce9d9e5e301d1e67439c9530da94b1e64ee3f	7484d7b0dd80f45e18d726b04752827fe28555cc5c1af0e127948380e6688abf
semantic-proposal-v1	SC1-57b2b3855fa5a7cb96bd6af9d0521d5359b895712ef01f2a9cf185472251af79	S015666	1	P01	SYMBOLS.tsv	331684	selection_expression	x86_64	include/net/tcp_states.h	enum_constant	TCP_CLOSE	19	PENDING_REVIEW	SOURCE_REVIEWED_VALUE	COMPLETE	vendor/linux/include/net/tcp_states.h;vendor/linux/include/net/tcp_states.h:19;rewrite/configs/x86_64/frozen.config;header_closure=rewrite/metadata/header_closure.tsv;selected=PENDING_REVIEW	425f94c2954b1fe80ebdbf9b29854e89750355df	4ac2c35a1fb792ed369cd7be974f380313a4762e7bdfbe06cde9b3548bbf812c	3a8398e3c15afe2820ff1903fefca4d0ec21c0a74e1148db5d11652ca07ce7c6	0123af9e96b58af4e98b91a2de5608d36b63c67864b9041d3340587f3dbe40d2	cfa8dcf0d81c408de38d4202fe1ce9d9e5e301d1e67439c9530da94b1e64ee3f	7484d7b0dd80f45e18d726b04752827fe28555cc5c1af0e127948380e6688abf
semantic-proposal-v1	SC1-c60f5c5aeac28f560cde360d0fcaf266adfafe47912d492e520371d2ebd8dd35	S015666	1	P01	SYMBOLS.tsv	331684	status	x86_64	include/net/tcp_states.h	enum_constant	TCP_CLOSE	19	PENDING_REVIEW	COMPLETE	COMPLETE	vendor/linux/include/net/tcp_states.h;vendor/linux/include/net/tcp_states.h:19;rewrite/configs/x86_64/frozen.config;header_closure=rewrite/metadata/header_closure.tsv;selected=PENDING_REVIEW	425f94c2954b1fe80ebdbf9b29854e89750355df	4ac2c35a1fb792ed369cd7be974f380313a4762e7bdfbe06cde9b3548bbf812c	3a8398e3c15afe2820ff1903fefca4d0ec21c0a74e1148db5d11652ca07ce7c6	0123af9e96b58af4e98b91a2de5608d36b63c67864b9041d3340587f3dbe40d2	cfa8dcf0d81c408de38d4202fe1ce9d9e5e301d1e67439c9530da94b1e64ee3f	7484d7b0dd80f45e18d726b04752827fe28555cc5c1af0e127948380e6688abf
semantic-proposal-v1	SC1-dc573b1dc50de247a047e58a4ff2b6af35cce73c493edaec434d14fec657e961	S015666	1	P01	SYMBOLS.tsv	331685	selection_expression	x86_64	include/net/tcp_states.h	enum_constant	TCP_CLOSE_WAIT	20	PENDING_REVIEW	SOURCE_REVIEWED_VALUE	COMPLETE	vendor/linux/include/net/tcp_states.h;vendor/linux/include/net/tcp_states.h:20;rewrite/configs/x86_64/frozen.config;header_closure=rewrite/metadata/header_closure.tsv;selected=PENDING_REVIEW	425f94c2954b1fe80ebdbf9b29854e89750355df	4ac2c35a1fb792ed369cd7be974f380313a4762e7bdfbe06cde9b3548bbf812c	3a8398e3c15afe2820ff1903fefca4d0ec21c0a74e1148db5d11652ca07ce7c6	0123af9e96b58af4e98b91a2de5608d36b63c67864b9041d3340587f3dbe40d2	cfa8dcf0d81c408de38d4202fe1ce9d9e5e301d1e67439c9530da94b1e64ee3f	7484d7b0dd80f45e18d726b04752827fe28555cc5c1af0e127948380e6688abf
semantic-proposal-v1	SC1-50bcb0db0690ba738a28107d0a585c94af0d56c191a33fa0d7ad99eeb5d6b67e	S015666	1	P01	SYMBOLS.tsv	331685	status	x86_64	include/net/tcp_states.h	enum_constant	TCP_CLOSE_WAIT	20	PENDING_REVIEW	COMPLETE	COMPLETE	vendor/linux/include/net/tcp_states.h;vendor/linux/include/net/tcp_states.h:20;rewrite/configs/x86_64/frozen.config;header_closure=rewrite/metadata/header_closure.tsv;selected=PENDING_REVIEW	425f94c2954b1fe80ebdbf9b29854e89750355df	4ac2c35a1fb792ed369cd7be974f380313a4762e7bdfbe06cde9b3548bbf812c	3a8398e3c15afe2820ff1903fefca4d0ec21c0a74e1148db5d11652ca07ce7c6	0123af9e96b58af4e98b91a2de5608d36b63c67864b9041d3340587f3dbe40d2	cfa8dcf0d81c408de38d4202fe1ce9d9e5e301d1e67439c9530da94b1e64ee3f	7484d7b0dd80f45e18d726b04752827fe28555cc5c1af0e127948380e6688abf
semantic-proposal-v1	SC1-6dbeba5850843d4adaafe00e40cdf0e13fcb9edebe482ca4a9146ff2aa33e0df	S015666	1	P01	SYMBOLS.tsv	331686	selection_expression	x86_64	include/net/tcp_states.h	enum_constant	TCP_LAST_ACK	21	PENDING_REVIEW	SOURCE_REVIEWED_VALUE	COMPLETE	vendor/linux/include/net/tcp_states.h;vendor/linux/include/net/tcp_states.h:21;rewrite/configs/x86_64/frozen.config;header_closure=rewrite/metadata/header_closure.tsv;selected=PENDING_REVIEW	425f94c2954b1fe80ebdbf9b29854e89750355df	4ac2c35a1fb792ed369cd7be974f380313a4762e7bdfbe06cde9b3548bbf812c	3a8398e3c15afe2820ff1903fefca4d0ec21c0a74e1148db5d11652ca07ce7c6	0123af9e96b58af4e98b91a2de5608d36b63c67864b9041d3340587f3dbe40d2	cfa8dcf0d81c408de38d4202fe1ce9d9e5e301d1e67439c9530da94b1e64ee3f	7484d7b0dd80f45e18d726b04752827fe28555cc5c1af0e127948380e6688abf
semantic-proposal-v1	SC1-a3bef53e4bff7f3f6a628b6a52b240efebe166cc407910cd0f2bc920dfa2a21a	S015666	1	P01	SYMBOLS.tsv	331686	status	x86_64	include/net/tcp_states.h	enum_constant	TCP_LAST_ACK	21	PENDING_REVIEW	COMPLETE	COMPLETE	vendor/linux/include/net/tcp_states.h;vendor/linux/include/net/tcp_states.h:21;rewrite/configs/x86_64/frozen.config;header_closure=rewrite/metadata/header_closure.tsv;selected=PENDING_REVIEW	425f94c2954b1fe80ebdbf9b29854e89750355df	4ac2c35a1fb792ed369cd7be974f380313a4762e7bdfbe06cde9b3548bbf812c	3a8398e3c15afe2820ff1903fefca4d0ec21c0a74e1148db5d11652ca07ce7c6	0123af9e96b58af4e98b91a2de5608d36b63c67864b9041d3340587f3dbe40d2	cfa8dcf0d81c408de38d4202fe1ce9d9e5e301d1e67439c9530da94b1e64ee3f	7484d7b0dd80f45e18d726b04752827fe28555cc5c1af0e127948380e6688abf
semantic-proposal-v1	SC1-a56b3d4adac41dfa986e9f78220c71f71874c894f952c828b724c8f8ba87cc64	S015666	1	P01	SYMBOLS.tsv	331687	selection_expression	x86_64	include/net/tcp_states.h	enum_constant	TCP_LISTEN	22	PENDING_REVIEW	SOURCE_REVIEWED_VALUE	COMPLETE	vendor/linux/include/net/tcp_states.h;vendor/linux/include/net/tcp_states.h:22;rewrite/configs/x86_64/frozen.config;header_closure=rewrite/metadata/header_closure.tsv;selected=PENDING_REVIEW	425f94c2954b1fe80ebdbf9b29854e89750355df	4ac2c35a1fb792ed369cd7be974f380313a4762e7bdfbe06cde9b3548bbf812c	3a8398e3c15afe2820ff1903fefca4d0ec21c0a74e1148db5d11652ca07ce7c6	0123af9e96b58af4e98b91a2de5608d36b63c67864b9041d3340587f3dbe40d2	cfa8dcf0d81c408de38d4202fe1ce9d9e5e301d1e67439c9530da94b1e64ee3f	7484d7b0dd80f45e18d726b04752827fe28555cc5c1af0e127948380e6688abf
semantic-proposal-v1	SC1-e25c92aadedbe48e9401db582c3ba47cb7290b8c515eb0fbea2158e26b25debd	S015666	1	P01	SYMBOLS.tsv	331687	status	x86_64	include/net/tcp_states.h	enum_constant	TCP_LISTEN	22	PENDING_REVIEW	COMPLETE	COMPLETE	vendor/linux/include/net/tcp_states.h;vendor/linux/include/net/tcp_states.h:22;rewrite/configs/x86_64/frozen.config;header_closure=rewrite/metadata/header_closure.tsv;selected=PENDING_REVIEW	425f94c2954b1fe80ebdbf9b29854e89750355df	4ac2c35a1fb792ed369cd7be974f380313a4762e7bdfbe06cde9b3548bbf812c	3a8398e3c15afe2820ff1903fefca4d0ec21c0a74e1148db5d11652ca07ce7c6	0123af9e96b58af4e98b91a2de5608d36b63c67864b9041d3340587f3dbe40d2	cfa8dcf0d81c408de38d4202fe1ce9d9e5e301d1e67439c9530da94b1e64ee3f	7484d7b0dd80f45e18d726b04752827fe28555cc5c1af0e127948380e6688abf
semantic-proposal-v1	SC1-2cd5939f9bff6d9b534e1ffdac8d9690da0017acd1e9d62094d56e0652843d2b	S015666	1	P01	SYMBOLS.tsv	331688	selection_expression	x86_64	include/net/tcp_states.h	enum_constant	TCP_CLOSING	23	PENDING_REVIEW	SOURCE_REVIEWED_VALUE	COMPLETE	vendor/linux/include/net/tcp_states.h;vendor/linux/include/net/tcp_states.h:23;rewrite/configs/x86_64/frozen.config;header_closure=rewrite/metadata/header_closure.tsv;selected=PENDING_REVIEW	425f94c2954b1fe80ebdbf9b29854e89750355df	4ac2c35a1fb792ed369cd7be974f380313a4762e7bdfbe06cde9b3548bbf812c	3a8398e3c15afe2820ff1903fefca4d0ec21c0a74e1148db5d11652ca07ce7c6	0123af9e96b58af4e98b91a2de5608d36b63c67864b9041d3340587f3dbe40d2	cfa8dcf0d81c408de38d4202fe1ce9d9e5e301d1e67439c9530da94b1e64ee3f	7484d7b0dd80f45e18d726b04752827fe28555cc5c1af0e127948380e6688abf
semantic-proposal-v1	SC1-85891869f58ff7843606ec8fc50bc653481fec5bc97c954e99c3eb9d0b738ab9	S015666	1	P01	SYMBOLS.tsv	331688	status	x86_64	include/net/tcp_states.h	enum_constant	TCP_CLOSING	23	PENDING_REVIEW	COMPLETE	COMPLETE	vendor/linux/include/net/tcp_states.h;vendor/linux/include/net/tcp_states.h:23;rewrite/configs/x86_64/frozen.config;header_closure=rewrite/metadata/header_closure.tsv;selected=PENDING_REVIEW	425f94c2954b1fe80ebdbf9b29854e89750355df	4ac2c35a1fb792ed369cd7be974f380313a4762e7bdfbe06cde9b3548bbf812c	3a8398e3c15afe2820ff1903fefca4d0ec21c0a74e1148db5d11652ca07ce7c6	0123af9e96b58af4e98b91a2de5608d36b63c67864b9041d3340587f3dbe40d2	cfa8dcf0d81c408de38d4202fe1ce9d9e5e301d1e67439c9530da94b1e64ee3f	7484d7b0dd80f45e18d726b04752827fe28555cc5c1af0e127948380e6688abf
semantic-proposal-v1	SC1-fb7d828ea944c91e68904553b25bf72d1e734813c4fc0548b35ab5463f504280	S015666	1	P01	SYMBOLS.tsv	331689	selection_expression	x86_64	include/net/tcp_states.h	enum_constant	TCP_NEW_SYN_RECV	24	PENDING_REVIEW	SOURCE_REVIEWED_VALUE	COMPLETE	vendor/linux/include/net/tcp_states.h;vendor/linux/include/net/tcp_states.h:24;rewrite/configs/x86_64/frozen.config;header_closure=rewrite/metadata/header_closure.tsv;selected=PENDING_REVIEW	425f94c2954b1fe80ebdbf9b29854e89750355df	4ac2c35a1fb792ed369cd7be974f380313a4762e7bdfbe06cde9b3548bbf812c	3a8398e3c15afe2820ff1903fefca4d0ec21c0a74e1148db5d11652ca07ce7c6	0123af9e96b58af4e98b91a2de5608d36b63c67864b9041d3340587f3dbe40d2	cfa8dcf0d81c408de38d4202fe1ce9d9e5e301d1e67439c9530da94b1e64ee3f	7484d7b0dd80f45e18d726b04752827fe28555cc5c1af0e127948380e6688abf
semantic-proposal-v1	SC1-ccda67024b89679bf367367e6509400166e504f4805460cb3d3905513577c357	S015666	1	P01	SYMBOLS.tsv	331689	status	x86_64	include/net/tcp_states.h	enum_constant	TCP_NEW_SYN_RECV	24	PENDING_REVIEW	COMPLETE	COMPLETE	vendor/linux/include/net/tcp_states.h;vendor/linux/include/net/tcp_states.h:24;rewrite/configs/x86_64/frozen.config;header_closure=rewrite/metadata/header_closure.tsv;selected=PENDING_REVIEW	425f94c2954b1fe80ebdbf9b29854e89750355df	4ac2c35a1fb792ed369cd7be974f380313a4762e7bdfbe06cde9b3548bbf812c	3a8398e3c15afe2820ff1903fefca4d0ec21c0a74e1148db5d11652ca07ce7c6	0123af9e96b58af4e98b91a2de5608d36b63c67864b9041d3340587f3dbe40d2	cfa8dcf0d81c408de38d4202fe1ce9d9e5e301d1e67439c9530da94b1e64ee3f	7484d7b0dd80f45e18d726b04752827fe28555cc5c1af0e127948380e6688abf
semantic-proposal-v1	SC1-fd5d76cdc911c936aeb828a689b3143f72372f4083ae3da06d5992c5c0eacaa2	S015666	1	P01	SYMBOLS.tsv	331690	selection_expression	x86_64	include/net/tcp_states.h	enum_constant	TCP_BOUND_INACTIVE	25	PENDING_REVIEW	SOURCE_REVIEWED_VALUE	COMPLETE	vendor/linux/include/net/tcp_states.h;vendor/linux/include/net/tcp_states.h:25;rewrite/configs/x86_64/frozen.config;header_closure=rewrite/metadata/header_closure.tsv;selected=PENDING_REVIEW	425f94c2954b1fe80ebdbf9b29854e89750355df	4ac2c35a1fb792ed369cd7be974f380313a4762e7bdfbe06cde9b3548bbf812c	3a8398e3c15afe2820ff1903fefca4d0ec21c0a74e1148db5d11652ca07ce7c6	0123af9e96b58af4e98b91a2de5608d36b63c67864b9041d3340587f3dbe40d2	cfa8dcf0d81c408de38d4202fe1ce9d9e5e301d1e67439c9530da94b1e64ee3f	7484d7b0dd80f45e18d726b04752827fe28555cc5c1af0e127948380e6688abf
semantic-proposal-v1	SC1-68f99bb3ab9c81f165dac36a089093100312f82d7d830251d8381ca4e4e84767	S015666	1	P01	SYMBOLS.tsv	331690	status	x86_64	include/net/tcp_states.h	enum_constant	TCP_BOUND_INACTIVE	25	PENDING_REVIEW	COMPLETE	COMPLETE	vendor/linux/include/net/tcp_states.h;vendor/linux/include/net/tcp_states.h:25;rewrite/configs/x86_64/frozen.config;header_closure=rewrite/metadata/header_closure.tsv;selected=PENDING_REVIEW	425f94c2954b1fe80ebdbf9b29854e89750355df	4ac2c35a1fb792ed369cd7be974f380313a4762e7bdfbe06cde9b3548bbf812c	3a8398e3c15afe2820ff1903fefca4d0ec21c0a74e1148db5d11652ca07ce7c6	0123af9e96b58af4e98b91a2de5608d36b63c67864b9041d3340587f3dbe40d2	cfa8dcf0d81c408de38d4202fe1ce9d9e5e301d1e67439c9530da94b1e64ee3f	7484d7b0dd80f45e18d726b04752827fe28555cc5c1af0e127948380e6688abf
semantic-proposal-v1	SC1-89e21643516e6f063ea186a59562922ebe3480d7a670746f24ff8daa44e70a2f	S015666	1	P01	SYMBOLS.tsv	331691	selection_expression	x86_64	include/net/tcp_states.h	enum_constant	TCP_MAX_STATES	27	PENDING_REVIEW	SOURCE_REVIEWED_VALUE	COMPLETE	vendor/linux/include/net/tcp_states.h;vendor/linux/include/net/tcp_states.h:27;rewrite/configs/x86_64/frozen.config;header_closure=rewrite/metadata/header_closure.tsv;selected=PENDING_REVIEW	425f94c2954b1fe80ebdbf9b29854e89750355df	4ac2c35a1fb792ed369cd7be974f380313a4762e7bdfbe06cde9b3548bbf812c	3a8398e3c15afe2820ff1903fefca4d0ec21c0a74e1148db5d11652ca07ce7c6	0123af9e96b58af4e98b91a2de5608d36b63c67864b9041d3340587f3dbe40d2	cfa8dcf0d81c408de38d4202fe1ce9d9e5e301d1e67439c9530da94b1e64ee3f	7484d7b0dd80f45e18d726b04752827fe28555cc5c1af0e127948380e6688abf
semantic-proposal-v1	SC1-f7f3039b41b83ed2354deafded94c50e7df35cea501ab6a3a25f1dbb97a4de9d	S015666	1	P01	SYMBOLS.tsv	331691	status	x86_64	include/net/tcp_states.h	enum_constant	TCP_MAX_STATES	27	PENDING_REVIEW	COMPLETE	COMPLETE	vendor/linux/include/net/tcp_states.h;vendor/linux/include/net/tcp_states.h:27;rewrite/configs/x86_64/frozen.config;header_closure=rewrite/metadata/header_closure.tsv;selected=PENDING_REVIEW	425f94c2954b1fe80ebdbf9b29854e89750355df	4ac2c35a1fb792ed369cd7be974f380313a4762e7bdfbe06cde9b3548bbf812c	3a8398e3c15afe2820ff1903fefca4d0ec21c0a74e1148db5d11652ca07ce7c6	0123af9e96b58af4e98b91a2de5608d36b63c67864b9041d3340587f3dbe40d2	cfa8dcf0d81c408de38d4202fe1ce9d9e5e301d1e67439c9530da94b1e64ee3f	7484d7b0dd80f45e18d726b04752827fe28555cc5c1af0e127948380e6688abf
semantic-proposal-v1	SC1-7adbdeb5eeda3cc499ecc5c00d19f8a7b8071f6fde5791f083fe6509a92d3ad4	S015666	1	P01	SYMBOLS.tsv	331692	selection_expression	x86_64	include/net/tcp_states.h	type	anonymous_enum@34	34	PENDING_REVIEW	SOURCE_REVIEWED_VALUE	COMPLETE	vendor/linux/include/net/tcp_states.h;vendor/linux/include/net/tcp_states.h:34;rewrite/configs/x86_64/frozen.config;header_closure=rewrite/metadata/header_closure.tsv;selected=PENDING_REVIEW	425f94c2954b1fe80ebdbf9b29854e89750355df	4ac2c35a1fb792ed369cd7be974f380313a4762e7bdfbe06cde9b3548bbf812c	3a8398e3c15afe2820ff1903fefca4d0ec21c0a74e1148db5d11652ca07ce7c6	0123af9e96b58af4e98b91a2de5608d36b63c67864b9041d3340587f3dbe40d2	cfa8dcf0d81c408de38d4202fe1ce9d9e5e301d1e67439c9530da94b1e64ee3f	7484d7b0dd80f45e18d726b04752827fe28555cc5c1af0e127948380e6688abf
semantic-proposal-v1	SC1-c1febd2f0ee8a401989b94f8750b98d4f7df6c25dcb2b118adeedec8bef5c42d	S015666	1	P01	SYMBOLS.tsv	331692	status	x86_64	include/net/tcp_states.h	type	anonymous_enum@34	34	PENDING_REVIEW	COMPLETE	COMPLETE	vendor/linux/include/net/tcp_states.h;vendor/linux/include/net/tcp_states.h:34;rewrite/configs/x86_64/frozen.config;header_closure=rewrite/metadata/header_closure.tsv;selected=PENDING_REVIEW	425f94c2954b1fe80ebdbf9b29854e89750355df	4ac2c35a1fb792ed369cd7be974f380313a4762e7bdfbe06cde9b3548bbf812c	3a8398e3c15afe2820ff1903fefca4d0ec21c0a74e1148db5d11652ca07ce7c6	0123af9e96b58af4e98b91a2de5608d36b63c67864b9041d3340587f3dbe40d2	cfa8dcf0d81c408de38d4202fe1ce9d9e5e301d1e67439c9530da94b1e64ee3f	7484d7b0dd80f45e18d726b04752827fe28555cc5c1af0e127948380e6688abf
semantic-proposal-v1	SC1-265f7783224f1c2be8e4da14da7642e7d58242465b1436e7b0a0415dc685ab9d	S015666	1	P01	SYMBOLS.tsv	331693	mechanical_value	x86_64	include/net/tcp_states.h	enum_constant	TCPF_ESTABLISHED	35	PENDING_REVIEW	SOURCE_REVIEWED_VALUE	COMPLETE	vendor/linux/include/net/tcp_states.h;vendor/linux/include/net/tcp_states.h:35;rewrite/configs/x86_64/frozen.config;header_closure=rewrite/metadata/header_closure.tsv;selected=PENDING_REVIEW	425f94c2954b1fe80ebdbf9b29854e89750355df	4ac2c35a1fb792ed369cd7be974f380313a4762e7bdfbe06cde9b3548bbf812c	3a8398e3c15afe2820ff1903fefca4d0ec21c0a74e1148db5d11652ca07ce7c6	0123af9e96b58af4e98b91a2de5608d36b63c67864b9041d3340587f3dbe40d2	cfa8dcf0d81c408de38d4202fe1ce9d9e5e301d1e67439c9530da94b1e64ee3f	7484d7b0dd80f45e18d726b04752827fe28555cc5c1af0e127948380e6688abf
semantic-proposal-v1	SC1-400a508b7c8ff1e30b4f2d3aa9ab07683899fe228190986943af1206cf9a57f1	S015666	1	P01	SYMBOLS.tsv	331693	selection_expression	x86_64	include/net/tcp_states.h	enum_constant	TCPF_ESTABLISHED	35	PENDING_REVIEW	SOURCE_REVIEWED_VALUE	COMPLETE	vendor/linux/include/net/tcp_states.h;vendor/linux/include/net/tcp_states.h:35;rewrite/configs/x86_64/frozen.config;header_closure=rewrite/metadata/header_closure.tsv;selected=PENDING_REVIEW	425f94c2954b1fe80ebdbf9b29854e89750355df	4ac2c35a1fb792ed369cd7be974f380313a4762e7bdfbe06cde9b3548bbf812c	3a8398e3c15afe2820ff1903fefca4d0ec21c0a74e1148db5d11652ca07ce7c6	0123af9e96b58af4e98b91a2de5608d36b63c67864b9041d3340587f3dbe40d2	cfa8dcf0d81c408de38d4202fe1ce9d9e5e301d1e67439c9530da94b1e64ee3f	7484d7b0dd80f45e18d726b04752827fe28555cc5c1af0e127948380e6688abf
semantic-proposal-v1	SC1-1fa60d63c2b9023bea6d995ee0af8e712b68a23372a3dae1f9735db3a0670a6c	S015666	1	P01	SYMBOLS.tsv	331693	status	x86_64	include/net/tcp_states.h	enum_constant	TCPF_ESTABLISHED	35	PENDING_REVIEW	COMPLETE	COMPLETE	vendor/linux/include/net/tcp_states.h;vendor/linux/include/net/tcp_states.h:35;rewrite/configs/x86_64/frozen.config;header_closure=rewrite/metadata/header_closure.tsv;selected=PENDING_REVIEW	425f94c2954b1fe80ebdbf9b29854e89750355df	4ac2c35a1fb792ed369cd7be974f380313a4762e7bdfbe06cde9b3548bbf812c	3a8398e3c15afe2820ff1903fefca4d0ec21c0a74e1148db5d11652ca07ce7c6	0123af9e96b58af4e98b91a2de5608d36b63c67864b9041d3340587f3dbe40d2	cfa8dcf0d81c408de38d4202fe1ce9d9e5e301d1e67439c9530da94b1e64ee3f	7484d7b0dd80f45e18d726b04752827fe28555cc5c1af0e127948380e6688abf
semantic-proposal-v1	SC1-1095d10d9efb0cc2073f433888bdf35a8b7c13d899091df99a9126b52baf25be	S015666	1	P01	SYMBOLS.tsv	331694	mechanical_value	x86_64	include/net/tcp_states.h	enum_constant	TCPF_SYN_SENT	36	PENDING_REVIEW	SOURCE_REVIEWED_VALUE	COMPLETE	vendor/linux/include/net/tcp_states.h;vendor/linux/include/net/tcp_states.h:36;rewrite/configs/x86_64/frozen.config;header_closure=rewrite/metadata/header_closure.tsv;selected=PENDING_REVIEW	425f94c2954b1fe80ebdbf9b29854e89750355df	4ac2c35a1fb792ed369cd7be974f380313a4762e7bdfbe06cde9b3548bbf812c	3a8398e3c15afe2820ff1903fefca4d0ec21c0a74e1148db5d11652ca07ce7c6	0123af9e96b58af4e98b91a2de5608d36b63c67864b9041d3340587f3dbe40d2	cfa8dcf0d81c408de38d4202fe1ce9d9e5e301d1e67439c9530da94b1e64ee3f	7484d7b0dd80f45e18d726b04752827fe28555cc5c1af0e127948380e6688abf
semantic-proposal-v1	SC1-7ec4cf728acdf92bbf06df23ef32d46cc45065bf27cea6973a7df1bcef0e3d01	S015666	1	P01	SYMBOLS.tsv	331694	selection_expression	x86_64	include/net/tcp_states.h	enum_constant	TCPF_SYN_SENT	36	PENDING_REVIEW	SOURCE_REVIEWED_VALUE	COMPLETE	vendor/linux/include/net/tcp_states.h;vendor/linux/include/net/tcp_states.h:36;rewrite/configs/x86_64/frozen.config;header_closure=rewrite/metadata/header_closure.tsv;selected=PENDING_REVIEW	425f94c2954b1fe80ebdbf9b29854e89750355df	4ac2c35a1fb792ed369cd7be974f380313a4762e7bdfbe06cde9b3548bbf812c	3a8398e3c15afe2820ff1903fefca4d0ec21c0a74e1148db5d11652ca07ce7c6	0123af9e96b58af4e98b91a2de5608d36b63c67864b9041d3340587f3dbe40d2	cfa8dcf0d81c408de38d4202fe1ce9d9e5e301d1e67439c9530da94b1e64ee3f	7484d7b0dd80f45e18d726b04752827fe28555cc5c1af0e127948380e6688abf
semantic-proposal-v1	SC1-e810d52a0dc804864dd37bcfa73d2b1b7d752ddcc3b90c17927972af6af11cfa	S015666	1	P01	SYMBOLS.tsv	331694	status	x86_64	include/net/tcp_states.h	enum_constant	TCPF_SYN_SENT	36	PENDING_REVIEW	COMPLETE	COMPLETE	vendor/linux/include/net/tcp_states.h;vendor/linux/include/net/tcp_states.h:36;rewrite/configs/x86_64/frozen.config;header_closure=rewrite/metadata/header_closure.tsv;selected=PENDING_REVIEW	425f94c2954b1fe80ebdbf9b29854e89750355df	4ac2c35a1fb792ed369cd7be974f380313a4762e7bdfbe06cde9b3548bbf812c	3a8398e3c15afe2820ff1903fefca4d0ec21c0a74e1148db5d11652ca07ce7c6	0123af9e96b58af4e98b91a2de5608d36b63c67864b9041d3340587f3dbe40d2	cfa8dcf0d81c408de38d4202fe1ce9d9e5e301d1e67439c9530da94b1e64ee3f	7484d7b0dd80f45e18d726b04752827fe28555cc5c1af0e127948380e6688abf
semantic-proposal-v1	SC1-fd1a27368f7b2205b9d61dc64f68cdf5a988188b27818fea66e7f08cd68d5819	S015666	1	P01	SYMBOLS.tsv	331695	mechanical_value	x86_64	include/net/tcp_states.h	enum_constant	TCPF_SYN_RECV	37	PENDING_REVIEW	SOURCE_REVIEWED_VALUE	COMPLETE	vendor/linux/include/net/tcp_states.h;vendor/linux/include/net/tcp_states.h:37;rewrite/configs/x86_64/frozen.config;header_closure=rewrite/metadata/header_closure.tsv;selected=PENDING_REVIEW	425f94c2954b1fe80ebdbf9b29854e89750355df	4ac2c35a1fb792ed369cd7be974f380313a4762e7bdfbe06cde9b3548bbf812c	3a8398e3c15afe2820ff1903fefca4d0ec21c0a74e1148db5d11652ca07ce7c6	0123af9e96b58af4e98b91a2de5608d36b63c67864b9041d3340587f3dbe40d2	cfa8dcf0d81c408de38d4202fe1ce9d9e5e301d1e67439c9530da94b1e64ee3f	7484d7b0dd80f45e18d726b04752827fe28555cc5c1af0e127948380e6688abf
semantic-proposal-v1	SC1-efc2fa773740e8816e932c745edad44891527a79e0ec93e87d3c3178072975d8	S015666	1	P01	SYMBOLS.tsv	331695	selection_expression	x86_64	include/net/tcp_states.h	enum_constant	TCPF_SYN_RECV	37	PENDING_REVIEW	SOURCE_REVIEWED_VALUE	COMPLETE	vendor/linux/include/net/tcp_states.h;vendor/linux/include/net/tcp_states.h:37;rewrite/configs/x86_64/frozen.config;header_closure=rewrite/metadata/header_closure.tsv;selected=PENDING_REVIEW	425f94c2954b1fe80ebdbf9b29854e89750355df	4ac2c35a1fb792ed369cd7be974f380313a4762e7bdfbe06cde9b3548bbf812c	3a8398e3c15afe2820ff1903fefca4d0ec21c0a74e1148db5d11652ca07ce7c6	0123af9e96b58af4e98b91a2de5608d36b63c67864b9041d3340587f3dbe40d2	cfa8dcf0d81c408de38d4202fe1ce9d9e5e301d1e67439c9530da94b1e64ee3f	7484d7b0dd80f45e18d726b04752827fe28555cc5c1af0e127948380e6688abf
semantic-proposal-v1	SC1-026fa8e1d595012da42314b101b8555717da5ae1d9f586cebb2026ce4efaca5c	S015666	1	P01	SYMBOLS.tsv	331695	status	x86_64	include/net/tcp_states.h	enum_constant	TCPF_SYN_RECV	37	PENDING_REVIEW	COMPLETE	COMPLETE	vendor/linux/include/net/tcp_states.h;vendor/linux/include/net/tcp_states.h:37;rewrite/configs/x86_64/frozen.config;header_closure=rewrite/metadata/header_closure.tsv;selected=PENDING_REVIEW	425f94c2954b1fe80ebdbf9b29854e89750355df	4ac2c35a1fb792ed369cd7be974f380313a4762e7bdfbe06cde9b3548bbf812c	3a8398e3c15afe2820ff1903fefca4d0ec21c0a74e1148db5d11652ca07ce7c6	0123af9e96b58af4e98b91a2de5608d36b63c67864b9041d3340587f3dbe40d2	cfa8dcf0d81c408de38d4202fe1ce9d9e5e301d1e67439c9530da94b1e64ee3f	7484d7b0dd80f45e18d726b04752827fe28555cc5c1af0e127948380e6688abf
semantic-proposal-v1	SC1-2eb27af57b593915b166bb9231fe74b7205cbb9b74130b9d74f97d94c423fe8b	S015666	1	P01	SYMBOLS.tsv	331696	mechanical_value	x86_64	include/net/tcp_states.h	enum_constant	TCPF_FIN_WAIT1	38	PENDING_REVIEW	SOURCE_REVIEWED_VALUE	COMPLETE	vendor/linux/include/net/tcp_states.h;vendor/linux/include/net/tcp_states.h:38;rewrite/configs/x86_64/frozen.config;header_closure=rewrite/metadata/header_closure.tsv;selected=PENDING_REVIEW	425f94c2954b1fe80ebdbf9b29854e89750355df	4ac2c35a1fb792ed369cd7be974f380313a4762e7bdfbe06cde9b3548bbf812c	3a8398e3c15afe2820ff1903fefca4d0ec21c0a74e1148db5d11652ca07ce7c6	0123af9e96b58af4e98b91a2de5608d36b63c67864b9041d3340587f3dbe40d2	cfa8dcf0d81c408de38d4202fe1ce9d9e5e301d1e67439c9530da94b1e64ee3f	7484d7b0dd80f45e18d726b04752827fe28555cc5c1af0e127948380e6688abf
semantic-proposal-v1	SC1-835bb8132a5399d0e323a42e3dd099029205f92bd7a3f84ce124ae27f235b6a5	S015666	1	P01	SYMBOLS.tsv	331696	selection_expression	x86_64	include/net/tcp_states.h	enum_constant	TCPF_FIN_WAIT1	38	PENDING_REVIEW	SOURCE_REVIEWED_VALUE	COMPLETE	vendor/linux/include/net/tcp_states.h;vendor/linux/include/net/tcp_states.h:38;rewrite/configs/x86_64/frozen.config;header_closure=rewrite/metadata/header_closure.tsv;selected=PENDING_REVIEW	425f94c2954b1fe80ebdbf9b29854e89750355df	4ac2c35a1fb792ed369cd7be974f380313a4762e7bdfbe06cde9b3548bbf812c	3a8398e3c15afe2820ff1903fefca4d0ec21c0a74e1148db5d11652ca07ce7c6	0123af9e96b58af4e98b91a2de5608d36b63c67864b9041d3340587f3dbe40d2	cfa8dcf0d81c408de38d4202fe1ce9d9e5e301d1e67439c9530da94b1e64ee3f	7484d7b0dd80f45e18d726b04752827fe28555cc5c1af0e127948380e6688abf
semantic-proposal-v1	SC1-ad5e68075b5f13a653d11fedfa7199383a94cc83d0c196819ba8b688c2865a8f	S015666	1	P01	SYMBOLS.tsv	331696	status	x86_64	include/net/tcp_states.h	enum_constant	TCPF_FIN_WAIT1	38	PENDING_REVIEW	COMPLETE	COMPLETE	vendor/linux/include/net/tcp_states.h;vendor/linux/include/net/tcp_states.h:38;rewrite/configs/x86_64/frozen.config;header_closure=rewrite/metadata/header_closure.tsv;selected=PENDING_REVIEW	425f94c2954b1fe80ebdbf9b29854e89750355df	4ac2c35a1fb792ed369cd7be974f380313a4762e7bdfbe06cde9b3548bbf812c	3a8398e3c15afe2820ff1903fefca4d0ec21c0a74e1148db5d11652ca07ce7c6	0123af9e96b58af4e98b91a2de5608d36b63c67864b9041d3340587f3dbe40d2	cfa8dcf0d81c408de38d4202fe1ce9d9e5e301d1e67439c9530da94b1e64ee3f	7484d7b0dd80f45e18d726b04752827fe28555cc5c1af0e127948380e6688abf
semantic-proposal-v1	SC1-981216553556581f2aecfb57bc58b2a17f0d4c9ac1386aa8bcf1392af32b0d80	S015666	1	P01	SYMBOLS.tsv	331697	mechanical_value	x86_64	include/net/tcp_states.h	enum_constant	TCPF_FIN_WAIT2	39	PENDING_REVIEW	SOURCE_REVIEWED_VALUE	COMPLETE	vendor/linux/include/net/tcp_states.h;vendor/linux/include/net/tcp_states.h:39;rewrite/configs/x86_64/frozen.config;header_closure=rewrite/metadata/header_closure.tsv;selected=PENDING_REVIEW	425f94c2954b1fe80ebdbf9b29854e89750355df	4ac2c35a1fb792ed369cd7be974f380313a4762e7bdfbe06cde9b3548bbf812c	3a8398e3c15afe2820ff1903fefca4d0ec21c0a74e1148db5d11652ca07ce7c6	0123af9e96b58af4e98b91a2de5608d36b63c67864b9041d3340587f3dbe40d2	cfa8dcf0d81c408de38d4202fe1ce9d9e5e301d1e67439c9530da94b1e64ee3f	7484d7b0dd80f45e18d726b04752827fe28555cc5c1af0e127948380e6688abf
semantic-proposal-v1	SC1-9a95d37fe0cebd93c9cb4570fe5076e4804b0855e3dce883f5ecfdf37a01c123	S015666	1	P01	SYMBOLS.tsv	331697	selection_expression	x86_64	include/net/tcp_states.h	enum_constant	TCPF_FIN_WAIT2	39	PENDING_REVIEW	SOURCE_REVIEWED_VALUE	COMPLETE	vendor/linux/include/net/tcp_states.h;vendor/linux/include/net/tcp_states.h:39;rewrite/configs/x86_64/frozen.config;header_closure=rewrite/metadata/header_closure.tsv;selected=PENDING_REVIEW	425f94c2954b1fe80ebdbf9b29854e89750355df	4ac2c35a1fb792ed369cd7be974f380313a4762e7bdfbe06cde9b3548bbf812c	3a8398e3c15afe2820ff1903fefca4d0ec21c0a74e1148db5d11652ca07ce7c6	0123af9e96b58af4e98b91a2de5608d36b63c67864b9041d3340587f3dbe40d2	cfa8dcf0d81c408de38d4202fe1ce9d9e5e301d1e67439c9530da94b1e64ee3f	7484d7b0dd80f45e18d726b04752827fe28555cc5c1af0e127948380e6688abf
semantic-proposal-v1	SC1-77b7a9ee9b20803f7dd4baa60b7b4b10756b354d377ea0f3a65805385b1289fa	S015666	1	P01	SYMBOLS.tsv	331697	status	x86_64	include/net/tcp_states.h	enum_constant	TCPF_FIN_WAIT2	39	PENDING_REVIEW	COMPLETE	COMPLETE	vendor/linux/include/net/tcp_states.h;vendor/linux/include/net/tcp_states.h:39;rewrite/configs/x86_64/frozen.config;header_closure=rewrite/metadata/header_closure.tsv;selected=PENDING_REVIEW	425f94c2954b1fe80ebdbf9b29854e89750355df	4ac2c35a1fb792ed369cd7be974f380313a4762e7bdfbe06cde9b3548bbf812c	3a8398e3c15afe2820ff1903fefca4d0ec21c0a74e1148db5d11652ca07ce7c6	0123af9e96b58af4e98b91a2de5608d36b63c67864b9041d3340587f3dbe40d2	cfa8dcf0d81c408de38d4202fe1ce9d9e5e301d1e67439c9530da94b1e64ee3f	7484d7b0dd80f45e18d726b04752827fe28555cc5c1af0e127948380e6688abf
semantic-proposal-v1	SC1-c329cfa7edf4c62ffe02a15befd96178654ec76f67a44201947baf168a8e2f6e	S015666	1	P01	SYMBOLS.tsv	331698	mechanical_value	x86_64	include/net/tcp_states.h	enum_constant	TCPF_TIME_WAIT	40	PENDING_REVIEW	SOURCE_REVIEWED_VALUE	COMPLETE	vendor/linux/include/net/tcp_states.h;vendor/linux/include/net/tcp_states.h:40;rewrite/configs/x86_64/frozen.config;header_closure=rewrite/metadata/header_closure.tsv;selected=PENDING_REVIEW	425f94c2954b1fe80ebdbf9b29854e89750355df	4ac2c35a1fb792ed369cd7be974f380313a4762e7bdfbe06cde9b3548bbf812c	3a8398e3c15afe2820ff1903fefca4d0ec21c0a74e1148db5d11652ca07ce7c6	0123af9e96b58af4e98b91a2de5608d36b63c67864b9041d3340587f3dbe40d2	cfa8dcf0d81c408de38d4202fe1ce9d9e5e301d1e67439c9530da94b1e64ee3f	7484d7b0dd80f45e18d726b04752827fe28555cc5c1af0e127948380e6688abf
semantic-proposal-v1	SC1-b5356718f518d64e273ab2687218c1c3a8634e6583293c515f8306e01867be6a	S015666	1	P01	SYMBOLS.tsv	331698	selection_expression	x86_64	include/net/tcp_states.h	enum_constant	TCPF_TIME_WAIT	40	PENDING_REVIEW	SOURCE_REVIEWED_VALUE	COMPLETE	vendor/linux/include/net/tcp_states.h;vendor/linux/include/net/tcp_states.h:40;rewrite/configs/x86_64/frozen.config;header_closure=rewrite/metadata/header_closure.tsv;selected=PENDING_REVIEW	425f94c2954b1fe80ebdbf9b29854e89750355df	4ac2c35a1fb792ed369cd7be974f380313a4762e7bdfbe06cde9b3548bbf812c	3a8398e3c15afe2820ff1903fefca4d0ec21c0a74e1148db5d11652ca07ce7c6	0123af9e96b58af4e98b91a2de5608d36b63c67864b9041d3340587f3dbe40d2	cfa8dcf0d81c408de38d4202fe1ce9d9e5e301d1e67439c9530da94b1e64ee3f	7484d7b0dd80f45e18d726b04752827fe28555cc5c1af0e127948380e6688abf
semantic-proposal-v1	SC1-624309845b13c9e0a65c7448e28a988050a0cbe50228d67003be0c3be276391c	S015666	1	P01	SYMBOLS.tsv	331698	status	x86_64	include/net/tcp_states.h	enum_constant	TCPF_TIME_WAIT	40	PENDING_REVIEW	COMPLETE	COMPLETE	vendor/linux/include/net/tcp_states.h;vendor/linux/include/net/tcp_states.h:40;rewrite/configs/x86_64/frozen.config;header_closure=rewrite/metadata/header_closure.tsv;selected=PENDING_REVIEW	425f94c2954b1fe80ebdbf9b29854e89750355df	4ac2c35a1fb792ed369cd7be974f380313a4762e7bdfbe06cde9b3548bbf812c	3a8398e3c15afe2820ff1903fefca4d0ec21c0a74e1148db5d11652ca07ce7c6	0123af9e96b58af4e98b91a2de5608d36b63c67864b9041d3340587f3dbe40d2	cfa8dcf0d81c408de38d4202fe1ce9d9e5e301d1e67439c9530da94b1e64ee3f	7484d7b0dd80f45e18d726b04752827fe28555cc5c1af0e127948380e6688abf
semantic-proposal-v1	SC1-aae8accccbeb8775d6971fe2c0807718712dff91b88841ddaa8c360dd067de6c	S015666	1	P01	SYMBOLS.tsv	331699	mechanical_value	x86_64	include/net/tcp_states.h	enum_constant	TCPF_CLOSE	41	PENDING_REVIEW	SOURCE_REVIEWED_VALUE	COMPLETE	vendor/linux/include/net/tcp_states.h;vendor/linux/include/net/tcp_states.h:41;rewrite/configs/x86_64/frozen.config;header_closure=rewrite/metadata/header_closure.tsv;selected=PENDING_REVIEW	425f94c2954b1fe80ebdbf9b29854e89750355df	4ac2c35a1fb792ed369cd7be974f380313a4762e7bdfbe06cde9b3548bbf812c	3a8398e3c15afe2820ff1903fefca4d0ec21c0a74e1148db5d11652ca07ce7c6	0123af9e96b58af4e98b91a2de5608d36b63c67864b9041d3340587f3dbe40d2	cfa8dcf0d81c408de38d4202fe1ce9d9e5e301d1e67439c9530da94b1e64ee3f	7484d7b0dd80f45e18d726b04752827fe28555cc5c1af0e127948380e6688abf
semantic-proposal-v1	SC1-49f229b7e854d9eec54988bba3f0fa44a76df8fc739b5177e75094b3e4e3265d	S015666	1	P01	SYMBOLS.tsv	331699	selection_expression	x86_64	include/net/tcp_states.h	enum_constant	TCPF_CLOSE	41	PENDING_REVIEW	SOURCE_REVIEWED_VALUE	COMPLETE	vendor/linux/include/net/tcp_states.h;vendor/linux/include/net/tcp_states.h:41;rewrite/configs/x86_64/frozen.config;header_closure=rewrite/metadata/header_closure.tsv;selected=PENDING_REVIEW	425f94c2954b1fe80ebdbf9b29854e89750355df	4ac2c35a1fb792ed369cd7be974f380313a4762e7bdfbe06cde9b3548bbf812c	3a8398e3c15afe2820ff1903fefca4d0ec21c0a74e1148db5d11652ca07ce7c6	0123af9e96b58af4e98b91a2de5608d36b63c67864b9041d3340587f3dbe40d2	cfa8dcf0d81c408de38d4202fe1ce9d9e5e301d1e67439c9530da94b1e64ee3f	7484d7b0dd80f45e18d726b04752827fe28555cc5c1af0e127948380e6688abf
semantic-proposal-v1	SC1-9236ea6e331cd5125c70bf4cebd7a8527df02c00f36718aa999b4561d11ca2f5	S015666	1	P01	SYMBOLS.tsv	331699	status	x86_64	include/net/tcp_states.h	enum_constant	TCPF_CLOSE	41	PENDING_REVIEW	COMPLETE	COMPLETE	vendor/linux/include/net/tcp_states.h;vendor/linux/include/net/tcp_states.h:41;rewrite/configs/x86_64/frozen.config;header_closure=rewrite/metadata/header_closure.tsv;selected=PENDING_REVIEW	425f94c2954b1fe80ebdbf9b29854e89750355df	4ac2c35a1fb792ed369cd7be974f380313a4762e7bdfbe06cde9b3548bbf812c	3a8398e3c15afe2820ff1903fefca4d0ec21c0a74e1148db5d11652ca07ce7c6	0123af9e96b58af4e98b91a2de5608d36b63c67864b9041d3340587f3dbe40d2	cfa8dcf0d81c408de38d4202fe1ce9d9e5e301d1e67439c9530da94b1e64ee3f	7484d7b0dd80f45e18d726b04752827fe28555cc5c1af0e127948380e6688abf
semantic-proposal-v1	SC1-7bfa92efeb4a84eb2183127afda631f3da1c3fd8703a72a6c7824e353c7bb2a6	S015666	1	P01	SYMBOLS.tsv	331700	mechanical_value	x86_64	include/net/tcp_states.h	enum_constant	TCPF_CLOSE_WAIT	42	PENDING_REVIEW	SOURCE_REVIEWED_VALUE	COMPLETE	vendor/linux/include/net/tcp_states.h;vendor/linux/include/net/tcp_states.h:42;rewrite/configs/x86_64/frozen.config;header_closure=rewrite/metadata/header_closure.tsv;selected=PENDING_REVIEW	425f94c2954b1fe80ebdbf9b29854e89750355df	4ac2c35a1fb792ed369cd7be974f380313a4762e7bdfbe06cde9b3548bbf812c	3a8398e3c15afe2820ff1903fefca4d0ec21c0a74e1148db5d11652ca07ce7c6	0123af9e96b58af4e98b91a2de5608d36b63c67864b9041d3340587f3dbe40d2	cfa8dcf0d81c408de38d4202fe1ce9d9e5e301d1e67439c9530da94b1e64ee3f	7484d7b0dd80f45e18d726b04752827fe28555cc5c1af0e127948380e6688abf
semantic-proposal-v1	SC1-139f5fa36e030e5dd357a0c54c07b06f161a6973bbf435e8f69dbe23247bacb8	S015666	1	P01	SYMBOLS.tsv	331700	selection_expression	x86_64	include/net/tcp_states.h	enum_constant	TCPF_CLOSE_WAIT	42	PENDING_REVIEW	SOURCE_REVIEWED_VALUE	COMPLETE	vendor/linux/include/net/tcp_states.h;vendor/linux/include/net/tcp_states.h:42;rewrite/configs/x86_64/frozen.config;header_closure=rewrite/metadata/header_closure.tsv;selected=PENDING_REVIEW	425f94c2954b1fe80ebdbf9b29854e89750355df	4ac2c35a1fb792ed369cd7be974f380313a4762e7bdfbe06cde9b3548bbf812c	3a8398e3c15afe2820ff1903fefca4d0ec21c0a74e1148db5d11652ca07ce7c6	0123af9e96b58af4e98b91a2de5608d36b63c67864b9041d3340587f3dbe40d2	cfa8dcf0d81c408de38d4202fe1ce9d9e5e301d1e67439c9530da94b1e64ee3f	7484d7b0dd80f45e18d726b04752827fe28555cc5c1af0e127948380e6688abf
semantic-proposal-v1	SC1-a6e25619b9a53330fcf2e3c2edc92fe8336715dbc862f0325a7f848bacb1c6e3	S015666	1	P01	SYMBOLS.tsv	331700	status	x86_64	include/net/tcp_states.h	enum_constant	TCPF_CLOSE_WAIT	42	PENDING_REVIEW	COMPLETE	COMPLETE	vendor/linux/include/net/tcp_states.h;vendor/linux/include/net/tcp_states.h:42;rewrite/configs/x86_64/frozen.config;header_closure=rewrite/metadata/header_closure.tsv;selected=PENDING_REVIEW	425f94c2954b1fe80ebdbf9b29854e89750355df	4ac2c35a1fb792ed369cd7be974f380313a4762e7bdfbe06cde9b3548bbf812c	3a8398e3c15afe2820ff1903fefca4d0ec21c0a74e1148db5d11652ca07ce7c6	0123af9e96b58af4e98b91a2de5608d36b63c67864b9041d3340587f3dbe40d2	cfa8dcf0d81c408de38d4202fe1ce9d9e5e301d1e67439c9530da94b1e64ee3f	7484d7b0dd80f45e18d726b04752827fe28555cc5c1af0e127948380e6688abf
semantic-proposal-v1	SC1-7bb39e07edb0ce7f072e3fd42a0e33642f7fdfdc9ce3084e4a8134a5cd24cbe0	S015666	1	P01	SYMBOLS.tsv	331701	mechanical_value	x86_64	include/net/tcp_states.h	enum_constant	TCPF_LAST_ACK	43	PENDING_REVIEW	SOURCE_REVIEWED_VALUE	COMPLETE	vendor/linux/include/net/tcp_states.h;vendor/linux/include/net/tcp_states.h:43;rewrite/configs/x86_64/frozen.config;header_closure=rewrite/metadata/header_closure.tsv;selected=PENDING_REVIEW	425f94c2954b1fe80ebdbf9b29854e89750355df	4ac2c35a1fb792ed369cd7be974f380313a4762e7bdfbe06cde9b3548bbf812c	3a8398e3c15afe2820ff1903fefca4d0ec21c0a74e1148db5d11652ca07ce7c6	0123af9e96b58af4e98b91a2de5608d36b63c67864b9041d3340587f3dbe40d2	cfa8dcf0d81c408de38d4202fe1ce9d9e5e301d1e67439c9530da94b1e64ee3f	7484d7b0dd80f45e18d726b04752827fe28555cc5c1af0e127948380e6688abf
semantic-proposal-v1	SC1-7573e25f3d55e14b39a967f4909b6b168431b9b21ce320d2de4c090b07f3cbaa	S015666	1	P01	SYMBOLS.tsv	331701	selection_expression	x86_64	include/net/tcp_states.h	enum_constant	TCPF_LAST_ACK	43	PENDING_REVIEW	SOURCE_REVIEWED_VALUE	COMPLETE	vendor/linux/include/net/tcp_states.h;vendor/linux/include/net/tcp_states.h:43;rewrite/configs/x86_64/frozen.config;header_closure=rewrite/metadata/header_closure.tsv;selected=PENDING_REVIEW	425f94c2954b1fe80ebdbf9b29854e89750355df	4ac2c35a1fb792ed369cd7be974f380313a4762e7bdfbe06cde9b3548bbf812c	3a8398e3c15afe2820ff1903fefca4d0ec21c0a74e1148db5d11652ca07ce7c6	0123af9e96b58af4e98b91a2de5608d36b63c67864b9041d3340587f3dbe40d2	cfa8dcf0d81c408de38d4202fe1ce9d9e5e301d1e67439c9530da94b1e64ee3f	7484d7b0dd80f45e18d726b04752827fe28555cc5c1af0e127948380e6688abf
semantic-proposal-v1	SC1-ec11d6880392ee9fb9ca2460692ff0f445c4fae25b7b697ddf3c4cedf7fdbb3b	S015666	1	P01	SYMBOLS.tsv	331701	status	x86_64	include/net/tcp_states.h	enum_constant	TCPF_LAST_ACK	43	PENDING_REVIEW	COMPLETE	COMPLETE	vendor/linux/include/net/tcp_states.h;vendor/linux/include/net/tcp_states.h:43;rewrite/configs/x86_64/frozen.config;header_closure=rewrite/metadata/header_closure.tsv;selected=PENDING_REVIEW	425f94c2954b1fe80ebdbf9b29854e89750355df	4ac2c35a1fb792ed369cd7be974f380313a4762e7bdfbe06cde9b3548bbf812c	3a8398e3c15afe2820ff1903fefca4d0ec21c0a74e1148db5d11652ca07ce7c6	0123af9e96b58af4e98b91a2de5608d36b63c67864b9041d3340587f3dbe40d2	cfa8dcf0d81c408de38d4202fe1ce9d9e5e301d1e67439c9530da94b1e64ee3f	7484d7b0dd80f45e18d726b04752827fe28555cc5c1af0e127948380e6688abf
semantic-proposal-v1	SC1-63e4e72e995a9b2f5d0cfc47c4b2ebf2dff84a3ddb108fd64f462110a576f5ad	S015666	1	P01	SYMBOLS.tsv	331702	mechanical_value	x86_64	include/net/tcp_states.h	enum_constant	TCPF_LISTEN	44	PENDING_REVIEW	SOURCE_REVIEWED_VALUE	COMPLETE	vendor/linux/include/net/tcp_states.h;vendor/linux/include/net/tcp_states.h:44;rewrite/configs/x86_64/frozen.config;header_closure=rewrite/metadata/header_closure.tsv;selected=PENDING_REVIEW	425f94c2954b1fe80ebdbf9b29854e89750355df	4ac2c35a1fb792ed369cd7be974f380313a4762e7bdfbe06cde9b3548bbf812c	3a8398e3c15afe2820ff1903fefca4d0ec21c0a74e1148db5d11652ca07ce7c6	0123af9e96b58af4e98b91a2de5608d36b63c67864b9041d3340587f3dbe40d2	cfa8dcf0d81c408de38d4202fe1ce9d9e5e301d1e67439c9530da94b1e64ee3f	7484d7b0dd80f45e18d726b04752827fe28555cc5c1af0e127948380e6688abf
semantic-proposal-v1	SC1-f595625e2b77a37aef8f34ae80fe7df814e4dcec26b5ab622ee60e97e8060426	S015666	1	P01	SYMBOLS.tsv	331702	selection_expression	x86_64	include/net/tcp_states.h	enum_constant	TCPF_LISTEN	44	PENDING_REVIEW	SOURCE_REVIEWED_VALUE	COMPLETE	vendor/linux/include/net/tcp_states.h;vendor/linux/include/net/tcp_states.h:44;rewrite/configs/x86_64/frozen.config;header_closure=rewrite/metadata/header_closure.tsv;selected=PENDING_REVIEW	425f94c2954b1fe80ebdbf9b29854e89750355df	4ac2c35a1fb792ed369cd7be974f380313a4762e7bdfbe06cde9b3548bbf812c	3a8398e3c15afe2820ff1903fefca4d0ec21c0a74e1148db5d11652ca07ce7c6	0123af9e96b58af4e98b91a2de5608d36b63c67864b9041d3340587f3dbe40d2	cfa8dcf0d81c408de38d4202fe1ce9d9e5e301d1e67439c9530da94b1e64ee3f	7484d7b0dd80f45e18d726b04752827fe28555cc5c1af0e127948380e6688abf
semantic-proposal-v1	SC1-d9c63a2c035ee0ec8b92ece9b8fd848ad382c6e3613b36b7122e439c12fa7b4e	S015666	1	P01	SYMBOLS.tsv	331702	status	x86_64	include/net/tcp_states.h	enum_constant	TCPF_LISTEN	44	PENDING_REVIEW	COMPLETE	COMPLETE	vendor/linux/include/net/tcp_states.h;vendor/linux/include/net/tcp_states.h:44;rewrite/configs/x86_64/frozen.config;header_closure=rewrite/metadata/header_closure.tsv;selected=PENDING_REVIEW	425f94c2954b1fe80ebdbf9b29854e89750355df	4ac2c35a1fb792ed369cd7be974f380313a4762e7bdfbe06cde9b3548bbf812c	3a8398e3c15afe2820ff1903fefca4d0ec21c0a74e1148db5d11652ca07ce7c6	0123af9e96b58af4e98b91a2de5608d36b63c67864b9041d3340587f3dbe40d2	cfa8dcf0d81c408de38d4202fe1ce9d9e5e301d1e67439c9530da94b1e64ee3f	7484d7b0dd80f45e18d726b04752827fe28555cc5c1af0e127948380e6688abf
semantic-proposal-v1	SC1-f20a5acc851feeee5a493c36a905828af1b6a196ab3641e3d562cd922771a3cc	S015666	1	P01	SYMBOLS.tsv	331703	mechanical_value	x86_64	include/net/tcp_states.h	enum_constant	TCPF_CLOSING	45	PENDING_REVIEW	SOURCE_REVIEWED_VALUE	COMPLETE	vendor/linux/include/net/tcp_states.h;vendor/linux/include/net/tcp_states.h:45;rewrite/configs/x86_64/frozen.config;header_closure=rewrite/metadata/header_closure.tsv;selected=PENDING_REVIEW	425f94c2954b1fe80ebdbf9b29854e89750355df	4ac2c35a1fb792ed369cd7be974f380313a4762e7bdfbe06cde9b3548bbf812c	3a8398e3c15afe2820ff1903fefca4d0ec21c0a74e1148db5d11652ca07ce7c6	0123af9e96b58af4e98b91a2de5608d36b63c67864b9041d3340587f3dbe40d2	cfa8dcf0d81c408de38d4202fe1ce9d9e5e301d1e67439c9530da94b1e64ee3f	7484d7b0dd80f45e18d726b04752827fe28555cc5c1af0e127948380e6688abf
semantic-proposal-v1	SC1-ead76351a9faf680ba77d0e52ed47fa7de96e9920d56693ebb2506e2a5590fc4	S015666	1	P01	SYMBOLS.tsv	331703	selection_expression	x86_64	include/net/tcp_states.h	enum_constant	TCPF_CLOSING	45	PENDING_REVIEW	SOURCE_REVIEWED_VALUE	COMPLETE	vendor/linux/include/net/tcp_states.h;vendor/linux/include/net/tcp_states.h:45;rewrite/configs/x86_64/frozen.config;header_closure=rewrite/metadata/header_closure.tsv;selected=PENDING_REVIEW	425f94c2954b1fe80ebdbf9b29854e89750355df	4ac2c35a1fb792ed369cd7be974f380313a4762e7bdfbe06cde9b3548bbf812c	3a8398e3c15afe2820ff1903fefca4d0ec21c0a74e1148db5d11652ca07ce7c6	0123af9e96b58af4e98b91a2de5608d36b63c67864b9041d3340587f3dbe40d2	cfa8dcf0d81c408de38d4202fe1ce9d9e5e301d1e67439c9530da94b1e64ee3f	7484d7b0dd80f45e18d726b04752827fe28555cc5c1af0e127948380e6688abf
semantic-proposal-v1	SC1-85f60f21ee1563759fb9ea5c19b1633166cd8981a7fa36e9030fa34a9296e1c6	S015666	1	P01	SYMBOLS.tsv	331703	status	x86_64	include/net/tcp_states.h	enum_constant	TCPF_CLOSING	45	PENDING_REVIEW	COMPLETE	COMPLETE	vendor/linux/include/net/tcp_states.h;vendor/linux/include/net/tcp_states.h:45;rewrite/configs/x86_64/frozen.config;header_closure=rewrite/metadata/header_closure.tsv;selected=PENDING_REVIEW	425f94c2954b1fe80ebdbf9b29854e89750355df	4ac2c35a1fb792ed369cd7be974f380313a4762e7bdfbe06cde9b3548bbf812c	3a8398e3c15afe2820ff1903fefca4d0ec21c0a74e1148db5d11652ca07ce7c6	0123af9e96b58af4e98b91a2de5608d36b63c67864b9041d3340587f3dbe40d2	cfa8dcf0d81c408de38d4202fe1ce9d9e5e301d1e67439c9530da94b1e64ee3f	7484d7b0dd80f45e18d726b04752827fe28555cc5c1af0e127948380e6688abf
semantic-proposal-v1	SC1-af496d5a2656ef7c4c66d2ce3511b1272c96bc632ef4816f567cee52520c0fbc	S015666	1	P01	SYMBOLS.tsv	331704	mechanical_value	x86_64	include/net/tcp_states.h	enum_constant	TCPF_NEW_SYN_RECV	46	PENDING_REVIEW	SOURCE_REVIEWED_VALUE	COMPLETE	vendor/linux/include/net/tcp_states.h;vendor/linux/include/net/tcp_states.h:46;rewrite/configs/x86_64/frozen.config;header_closure=rewrite/metadata/header_closure.tsv;selected=PENDING_REVIEW	425f94c2954b1fe80ebdbf9b29854e89750355df	4ac2c35a1fb792ed369cd7be974f380313a4762e7bdfbe06cde9b3548bbf812c	3a8398e3c15afe2820ff1903fefca4d0ec21c0a74e1148db5d11652ca07ce7c6	0123af9e96b58af4e98b91a2de5608d36b63c67864b9041d3340587f3dbe40d2	cfa8dcf0d81c408de38d4202fe1ce9d9e5e301d1e67439c9530da94b1e64ee3f	7484d7b0dd80f45e18d726b04752827fe28555cc5c1af0e127948380e6688abf
semantic-proposal-v1	SC1-e4c77cf6d94c34a57381b998a65d9db5b0986cb537a7a56f325a8e5a40b3562f	S015666	1	P01	SYMBOLS.tsv	331704	selection_expression	x86_64	include/net/tcp_states.h	enum_constant	TCPF_NEW_SYN_RECV	46	PENDING_REVIEW	SOURCE_REVIEWED_VALUE	COMPLETE	vendor/linux/include/net/tcp_states.h;vendor/linux/include/net/tcp_states.h:46;rewrite/configs/x86_64/frozen.config;header_closure=rewrite/metadata/header_closure.tsv;selected=PENDING_REVIEW	425f94c2954b1fe80ebdbf9b29854e89750355df	4ac2c35a1fb792ed369cd7be974f380313a4762e7bdfbe06cde9b3548bbf812c	3a8398e3c15afe2820ff1903fefca4d0ec21c0a74e1148db5d11652ca07ce7c6	0123af9e96b58af4e98b91a2de5608d36b63c67864b9041d3340587f3dbe40d2	cfa8dcf0d81c408de38d4202fe1ce9d9e5e301d1e67439c9530da94b1e64ee3f	7484d7b0dd80f45e18d726b04752827fe28555cc5c1af0e127948380e6688abf
semantic-proposal-v1	SC1-9459f3a1b51f32cf426dd0be0f132f83c3ec472170e60859301bbff7a87c5564	S015666	1	P01	SYMBOLS.tsv	331704	status	x86_64	include/net/tcp_states.h	enum_constant	TCPF_NEW_SYN_RECV	46	PENDING_REVIEW	COMPLETE	COMPLETE	vendor/linux/include/net/tcp_states.h;vendor/linux/include/net/tcp_states.h:46;rewrite/configs/x86_64/frozen.config;header_closure=rewrite/metadata/header_closure.tsv;selected=PENDING_REVIEW	425f94c2954b1fe80ebdbf9b29854e89750355df	4ac2c35a1fb792ed369cd7be974f380313a4762e7bdfbe06cde9b3548bbf812c	3a8398e3c15afe2820ff1903fefca4d0ec21c0a74e1148db5d11652ca07ce7c6	0123af9e96b58af4e98b91a2de5608d36b63c67864b9041d3340587f3dbe40d2	cfa8dcf0d81c408de38d4202fe1ce9d9e5e301d1e67439c9530da94b1e64ee3f	7484d7b0dd80f45e18d726b04752827fe28555cc5c1af0e127948380e6688abf
semantic-proposal-v1	SC1-29c7744b2cc990f2b448827355ff54453d70a03f06b1d42eefedbe011da059c2	S015666	1	P01	SYMBOLS.tsv	331705	mechanical_value	x86_64	include/net/tcp_states.h	enum_constant	TCPF_BOUND_INACTIVE	47	PENDING_REVIEW	SOURCE_REVIEWED_VALUE	COMPLETE	vendor/linux/include/net/tcp_states.h;vendor/linux/include/net/tcp_states.h:47;rewrite/configs/x86_64/frozen.config;header_closure=rewrite/metadata/header_closure.tsv;selected=PENDING_REVIEW	425f94c2954b1fe80ebdbf9b29854e89750355df	4ac2c35a1fb792ed369cd7be974f380313a4762e7bdfbe06cde9b3548bbf812c	3a8398e3c15afe2820ff1903fefca4d0ec21c0a74e1148db5d11652ca07ce7c6	0123af9e96b58af4e98b91a2de5608d36b63c67864b9041d3340587f3dbe40d2	cfa8dcf0d81c408de38d4202fe1ce9d9e5e301d1e67439c9530da94b1e64ee3f	7484d7b0dd80f45e18d726b04752827fe28555cc5c1af0e127948380e6688abf
semantic-proposal-v1	SC1-0f253ac4c6b3d1f87cf87ce6be9619ea1140a7e2ff1c80e168a04cd96bafa858	S015666	1	P01	SYMBOLS.tsv	331705	selection_expression	x86_64	include/net/tcp_states.h	enum_constant	TCPF_BOUND_INACTIVE	47	PENDING_REVIEW	SOURCE_REVIEWED_VALUE	COMPLETE	vendor/linux/include/net/tcp_states.h;vendor/linux/include/net/tcp_states.h:47;rewrite/configs/x86_64/frozen.config;header_closure=rewrite/metadata/header_closure.tsv;selected=PENDING_REVIEW	425f94c2954b1fe80ebdbf9b29854e89750355df	4ac2c35a1fb792ed369cd7be974f380313a4762e7bdfbe06cde9b3548bbf812c	3a8398e3c15afe2820ff1903fefca4d0ec21c0a74e1148db5d11652ca07ce7c6	0123af9e96b58af4e98b91a2de5608d36b63c67864b9041d3340587f3dbe40d2	cfa8dcf0d81c408de38d4202fe1ce9d9e5e301d1e67439c9530da94b1e64ee3f	7484d7b0dd80f45e18d726b04752827fe28555cc5c1af0e127948380e6688abf
semantic-proposal-v1	SC1-25983885d65ddc49c73d609781f4fc526c93e25e3e90c0d0e5a27152b732e1f0	S015666	1	P01	SYMBOLS.tsv	331705	status	x86_64	include/net/tcp_states.h	enum_constant	TCPF_BOUND_INACTIVE	47	PENDING_REVIEW	COMPLETE	COMPLETE	vendor/linux/include/net/tcp_states.h;vendor/linux/include/net/tcp_states.h:47;rewrite/configs/x86_64/frozen.config;header_closure=rewrite/metadata/header_closure.tsv;selected=PENDING_REVIEW	425f94c2954b1fe80ebdbf9b29854e89750355df	4ac2c35a1fb792ed369cd7be974f380313a4762e7bdfbe06cde9b3548bbf812c	3a8398e3c15afe2820ff1903fefca4d0ec21c0a74e1148db5d11652ca07ce7c6	0123af9e96b58af4e98b91a2de5608d36b63c67864b9041d3340587f3dbe40d2	cfa8dcf0d81c408de38d4202fe1ce9d9e5e301d1e67439c9530da94b1e64ee3f	7484d7b0dd80f45e18d726b04752827fe28555cc5c1af0e127948380e6688abf
semantic-proposal-v1	SC1-9455002b2d2862eb831c9cf9e3d341d106cf8a715f30ef5f431a027ab36a816b	S015666	1	P01	ABI.tsv	179056	alignment	aarch64	include/net/tcp_states.h	type	anonymous_enum@12	12	PENDING_REVIEW	SOURCE_REVIEWED_VALUE	COMPLETE	vendor/linux/include/net/tcp_states.h;vendor/linux/include/net/tcp_states.h:12;header-context=PENDING_REVIEW	425f94c2954b1fe80ebdbf9b29854e89750355df	4ac2c35a1fb792ed369cd7be974f380313a4762e7bdfbe06cde9b3548bbf812c	3a8398e3c15afe2820ff1903fefca4d0ec21c0a74e1148db5d11652ca07ce7c6	0123af9e96b58af4e98b91a2de5608d36b63c67864b9041d3340587f3dbe40d2	cfa8dcf0d81c408de38d4202fe1ce9d9e5e301d1e67439c9530da94b1e64ee3f	ae0caca34fe9b6eb8097958d2fbb8d2b6a1fad60f91f3c2b8d948c43dbfcee39
semantic-proposal-v1	SC1-fc5d8a822cf32675704bb12b41a37be227fea2ee9cd60e03985fa189aaa5dd39	S015666	1	P01	ABI.tsv	179056	export_kind	aarch64	include/net/tcp_states.h	type	anonymous_enum@12	12	PENDING_REVIEW	SOURCE_REVIEWED_VALUE	COMPLETE	vendor/linux/include/net/tcp_states.h;vendor/linux/include/net/tcp_states.h:12;header-context=PENDING_REVIEW	425f94c2954b1fe80ebdbf9b29854e89750355df	4ac2c35a1fb792ed369cd7be974f380313a4762e7bdfbe06cde9b3548bbf812c	3a8398e3c15afe2820ff1903fefca4d0ec21c0a74e1148db5d11652ca07ce7c6	0123af9e96b58af4e98b91a2de5608d36b63c67864b9041d3340587f3dbe40d2	cfa8dcf0d81c408de38d4202fe1ce9d9e5e301d1e67439c9530da94b1e64ee3f	ae0caca34fe9b6eb8097958d2fbb8d2b6a1fad60f91f3c2b8d948c43dbfcee39
semantic-proposal-v1	SC1-2f1ccd5507b2ea32f062adff3338c727f414de09631610a5146f2d66f2685704	S015666	1	P01	ABI.tsv	179056	layout	aarch64	include/net/tcp_states.h	type	anonymous_enum@12	12	PENDING_REVIEW	SOURCE_REVIEWED_VALUE	COMPLETE	vendor/linux/include/net/tcp_states.h;vendor/linux/include/net/tcp_states.h:12;header-context=PENDING_REVIEW	425f94c2954b1fe80ebdbf9b29854e89750355df	4ac2c35a1fb792ed369cd7be974f380313a4762e7bdfbe06cde9b3548bbf812c	3a8398e3c15afe2820ff1903fefca4d0ec21c0a74e1148db5d11652ca07ce7c6	0123af9e96b58af4e98b91a2de5608d36b63c67864b9041d3340587f3dbe40d2	cfa8dcf0d81c408de38d4202fe1ce9d9e5e301d1e67439c9530da94b1e64ee3f	ae0caca34fe9b6eb8097958d2fbb8d2b6a1fad60f91f3c2b8d948c43dbfcee39
semantic-proposal-v1	SC1-5f26bd5a23a8a67c694250f5bf9c991d8122fc1a61848894a51ab38e7055b54f	S015666	1	P01	ABI.tsv	179056	status	aarch64	include/net/tcp_states.h	type	anonymous_enum@12	12	PENDING_REVIEW	COMPLETE	COMPLETE	vendor/linux/include/net/tcp_states.h;vendor/linux/include/net/tcp_states.h:12;header-context=PENDING_REVIEW	425f94c2954b1fe80ebdbf9b29854e89750355df	4ac2c35a1fb792ed369cd7be974f380313a4762e7bdfbe06cde9b3548bbf812c	3a8398e3c15afe2820ff1903fefca4d0ec21c0a74e1148db5d11652ca07ce7c6	0123af9e96b58af4e98b91a2de5608d36b63c67864b9041d3340587f3dbe40d2	cfa8dcf0d81c408de38d4202fe1ce9d9e5e301d1e67439c9530da94b1e64ee3f	ae0caca34fe9b6eb8097958d2fbb8d2b6a1fad60f91f3c2b8d948c43dbfcee39
semantic-proposal-v1	SC1-8114aa3e8b7425e578dcdf20581bb0d45b6c9c90f27293d2f8af1550a30aa5dd	S015666	1	P01	ABI.tsv	179057	alignment	aarch64	include/net/tcp_states.h	type	anonymous_enum@34	34	PENDING_REVIEW	SOURCE_REVIEWED_VALUE	COMPLETE	vendor/linux/include/net/tcp_states.h;vendor/linux/include/net/tcp_states.h:34;header-context=PENDING_REVIEW	425f94c2954b1fe80ebdbf9b29854e89750355df	4ac2c35a1fb792ed369cd7be974f380313a4762e7bdfbe06cde9b3548bbf812c	3a8398e3c15afe2820ff1903fefca4d0ec21c0a74e1148db5d11652ca07ce7c6	0123af9e96b58af4e98b91a2de5608d36b63c67864b9041d3340587f3dbe40d2	cfa8dcf0d81c408de38d4202fe1ce9d9e5e301d1e67439c9530da94b1e64ee3f	ae0caca34fe9b6eb8097958d2fbb8d2b6a1fad60f91f3c2b8d948c43dbfcee39
semantic-proposal-v1	SC1-2c23c1104fa5f08bf8f524b88f37124297cf8eb8120f2bda97168a9f09e0b0e6	S015666	1	P01	ABI.tsv	179057	export_kind	aarch64	include/net/tcp_states.h	type	anonymous_enum@34	34	PENDING_REVIEW	SOURCE_REVIEWED_VALUE	COMPLETE	vendor/linux/include/net/tcp_states.h;vendor/linux/include/net/tcp_states.h:34;header-context=PENDING_REVIEW	425f94c2954b1fe80ebdbf9b29854e89750355df	4ac2c35a1fb792ed369cd7be974f380313a4762e7bdfbe06cde9b3548bbf812c	3a8398e3c15afe2820ff1903fefca4d0ec21c0a74e1148db5d11652ca07ce7c6	0123af9e96b58af4e98b91a2de5608d36b63c67864b9041d3340587f3dbe40d2	cfa8dcf0d81c408de38d4202fe1ce9d9e5e301d1e67439c9530da94b1e64ee3f	ae0caca34fe9b6eb8097958d2fbb8d2b6a1fad60f91f3c2b8d948c43dbfcee39
semantic-proposal-v1	SC1-a527a9f5b643d12bf8e3c8af50898c317fb9c6d4a2326d1482f848f082c1207f	S015666	1	P01	ABI.tsv	179057	layout	aarch64	include/net/tcp_states.h	type	anonymous_enum@34	34	PENDING_REVIEW	SOURCE_REVIEWED_VALUE	COMPLETE	vendor/linux/include/net/tcp_states.h;vendor/linux/include/net/tcp_states.h:34;header-context=PENDING_REVIEW	425f94c2954b1fe80ebdbf9b29854e89750355df	4ac2c35a1fb792ed369cd7be974f380313a4762e7bdfbe06cde9b3548bbf812c	3a8398e3c15afe2820ff1903fefca4d0ec21c0a74e1148db5d11652ca07ce7c6	0123af9e96b58af4e98b91a2de5608d36b63c67864b9041d3340587f3dbe40d2	cfa8dcf0d81c408de38d4202fe1ce9d9e5e301d1e67439c9530da94b1e64ee3f	ae0caca34fe9b6eb8097958d2fbb8d2b6a1fad60f91f3c2b8d948c43dbfcee39
semantic-proposal-v1	SC1-b8984fa9bc477dad81ca1fd7abe50d5c6e599b77769bf677427ccaff316c9704	S015666	1	P01	ABI.tsv	179057	status	aarch64	include/net/tcp_states.h	type	anonymous_enum@34	34	PENDING_REVIEW	COMPLETE	COMPLETE	vendor/linux/include/net/tcp_states.h;vendor/linux/include/net/tcp_states.h:34;header-context=PENDING_REVIEW	425f94c2954b1fe80ebdbf9b29854e89750355df	4ac2c35a1fb792ed369cd7be974f380313a4762e7bdfbe06cde9b3548bbf812c	3a8398e3c15afe2820ff1903fefca4d0ec21c0a74e1148db5d11652ca07ce7c6	0123af9e96b58af4e98b91a2de5608d36b63c67864b9041d3340587f3dbe40d2	cfa8dcf0d81c408de38d4202fe1ce9d9e5e301d1e67439c9530da94b1e64ee3f	ae0caca34fe9b6eb8097958d2fbb8d2b6a1fad60f91f3c2b8d948c43dbfcee39
semantic-proposal-v1	SC1-0a62c65d5cfb23b4e70e7068b9cd2b8d62811e87f8f7d3ff47d37759fc1784d0	S015666	1	P01	ABI.tsv	179058	alignment	x86_64	include/net/tcp_states.h	type	anonymous_enum@12	12	PENDING_REVIEW	SOURCE_REVIEWED_VALUE	COMPLETE	vendor/linux/include/net/tcp_states.h;vendor/linux/include/net/tcp_states.h:12;header-context=PENDING_REVIEW	425f94c2954b1fe80ebdbf9b29854e89750355df	4ac2c35a1fb792ed369cd7be974f380313a4762e7bdfbe06cde9b3548bbf812c	3a8398e3c15afe2820ff1903fefca4d0ec21c0a74e1148db5d11652ca07ce7c6	0123af9e96b58af4e98b91a2de5608d36b63c67864b9041d3340587f3dbe40d2	cfa8dcf0d81c408de38d4202fe1ce9d9e5e301d1e67439c9530da94b1e64ee3f	ae0caca34fe9b6eb8097958d2fbb8d2b6a1fad60f91f3c2b8d948c43dbfcee39
semantic-proposal-v1	SC1-5dbd1bffbd1611bc5d7ca4358ab04e6637c9d26dc9fbc43bcc24824e3b806e92	S015666	1	P01	ABI.tsv	179058	export_kind	x86_64	include/net/tcp_states.h	type	anonymous_enum@12	12	PENDING_REVIEW	SOURCE_REVIEWED_VALUE	COMPLETE	vendor/linux/include/net/tcp_states.h;vendor/linux/include/net/tcp_states.h:12;header-context=PENDING_REVIEW	425f94c2954b1fe80ebdbf9b29854e89750355df	4ac2c35a1fb792ed369cd7be974f380313a4762e7bdfbe06cde9b3548bbf812c	3a8398e3c15afe2820ff1903fefca4d0ec21c0a74e1148db5d11652ca07ce7c6	0123af9e96b58af4e98b91a2de5608d36b63c67864b9041d3340587f3dbe40d2	cfa8dcf0d81c408de38d4202fe1ce9d9e5e301d1e67439c9530da94b1e64ee3f	ae0caca34fe9b6eb8097958d2fbb8d2b6a1fad60f91f3c2b8d948c43dbfcee39
semantic-proposal-v1	SC1-9ec111eee8d14a7bc3ff061fb05526caa7e0bc75c3e13511a441269a6ec900b5	S015666	1	P01	ABI.tsv	179058	layout	x86_64	include/net/tcp_states.h	type	anonymous_enum@12	12	PENDING_REVIEW	SOURCE_REVIEWED_VALUE	COMPLETE	vendor/linux/include/net/tcp_states.h;vendor/linux/include/net/tcp_states.h:12;header-context=PENDING_REVIEW	425f94c2954b1fe80ebdbf9b29854e89750355df	4ac2c35a1fb792ed369cd7be974f380313a4762e7bdfbe06cde9b3548bbf812c	3a8398e3c15afe2820ff1903fefca4d0ec21c0a74e1148db5d11652ca07ce7c6	0123af9e96b58af4e98b91a2de5608d36b63c67864b9041d3340587f3dbe40d2	cfa8dcf0d81c408de38d4202fe1ce9d9e5e301d1e67439c9530da94b1e64ee3f	ae0caca34fe9b6eb8097958d2fbb8d2b6a1fad60f91f3c2b8d948c43dbfcee39
semantic-proposal-v1	SC1-115d77dbca2fc6e886ce48f417f30493a49fc5bf50a87ecb640ad50c1664a05d	S015666	1	P01	ABI.tsv	179058	status	x86_64	include/net/tcp_states.h	type	anonymous_enum@12	12	PENDING_REVIEW	COMPLETE	COMPLETE	vendor/linux/include/net/tcp_states.h;vendor/linux/include/net/tcp_states.h:12;header-context=PENDING_REVIEW	425f94c2954b1fe80ebdbf9b29854e89750355df	4ac2c35a1fb792ed369cd7be974f380313a4762e7bdfbe06cde9b3548bbf812c	3a8398e3c15afe2820ff1903fefca4d0ec21c0a74e1148db5d11652ca07ce7c6	0123af9e96b58af4e98b91a2de5608d36b63c67864b9041d3340587f3dbe40d2	cfa8dcf0d81c408de38d4202fe1ce9d9e5e301d1e67439c9530da94b1e64ee3f	ae0caca34fe9b6eb8097958d2fbb8d2b6a1fad60f91f3c2b8d948c43dbfcee39
semantic-proposal-v1	SC1-5d4319855490328b2263c63e68f6278af94baa369cb6d1b459f46a47da07fd74	S015666	1	P01	ABI.tsv	179059	alignment	x86_64	include/net/tcp_states.h	type	anonymous_enum@34	34	PENDING_REVIEW	SOURCE_REVIEWED_VALUE	COMPLETE	vendor/linux/include/net/tcp_states.h;vendor/linux/include/net/tcp_states.h:34;header-context=PENDING_REVIEW	425f94c2954b1fe80ebdbf9b29854e89750355df	4ac2c35a1fb792ed369cd7be974f380313a4762e7bdfbe06cde9b3548bbf812c	3a8398e3c15afe2820ff1903fefca4d0ec21c0a74e1148db5d11652ca07ce7c6	0123af9e96b58af4e98b91a2de5608d36b63c67864b9041d3340587f3dbe40d2	cfa8dcf0d81c408de38d4202fe1ce9d9e5e301d1e67439c9530da94b1e64ee3f	ae0caca34fe9b6eb8097958d2fbb8d2b6a1fad60f91f3c2b8d948c43dbfcee39
semantic-proposal-v1	SC1-78ddbb0e3fad1dad0a1dc51fef236d46b53f8acca4d61199895ffb90772f49c5	S015666	1	P01	ABI.tsv	179059	export_kind	x86_64	include/net/tcp_states.h	type	anonymous_enum@34	34	PENDING_REVIEW	SOURCE_REVIEWED_VALUE	COMPLETE	vendor/linux/include/net/tcp_states.h;vendor/linux/include/net/tcp_states.h:34;header-context=PENDING_REVIEW	425f94c2954b1fe80ebdbf9b29854e89750355df	4ac2c35a1fb792ed369cd7be974f380313a4762e7bdfbe06cde9b3548bbf812c	3a8398e3c15afe2820ff1903fefca4d0ec21c0a74e1148db5d11652ca07ce7c6	0123af9e96b58af4e98b91a2de5608d36b63c67864b9041d3340587f3dbe40d2	cfa8dcf0d81c408de38d4202fe1ce9d9e5e301d1e67439c9530da94b1e64ee3f	ae0caca34fe9b6eb8097958d2fbb8d2b6a1fad60f91f3c2b8d948c43dbfcee39
semantic-proposal-v1	SC1-0a7d3e0341409cf59abd18f2ab49d6ef2292d0fa03fb51ab477ed92efa78d0eb	S015666	1	P01	ABI.tsv	179059	layout	x86_64	include/net/tcp_states.h	type	anonymous_enum@34	34	PENDING_REVIEW	SOURCE_REVIEWED_VALUE	COMPLETE	vendor/linux/include/net/tcp_states.h;vendor/linux/include/net/tcp_states.h:34;header-context=PENDING_REVIEW	425f94c2954b1fe80ebdbf9b29854e89750355df	4ac2c35a1fb792ed369cd7be974f380313a4762e7bdfbe06cde9b3548bbf812c	3a8398e3c15afe2820ff1903fefca4d0ec21c0a74e1148db5d11652ca07ce7c6	0123af9e96b58af4e98b91a2de5608d36b63c67864b9041d3340587f3dbe40d2	cfa8dcf0d81c408de38d4202fe1ce9d9e5e301d1e67439c9530da94b1e64ee3f	ae0caca34fe9b6eb8097958d2fbb8d2b6a1fad60f91f3c2b8d948c43dbfcee39
semantic-proposal-v1	SC1-891ffc52f5b73b3331d7489303fe5d7a16057b17d51dce125eed3d4af9c84870	S015666	1	P01	ABI.tsv	179059	status	x86_64	include/net/tcp_states.h	type	anonymous_enum@34	34	PENDING_REVIEW	COMPLETE	COMPLETE	vendor/linux/include/net/tcp_states.h;vendor/linux/include/net/tcp_states.h:34;header-context=PENDING_REVIEW	425f94c2954b1fe80ebdbf9b29854e89750355df	4ac2c35a1fb792ed369cd7be974f380313a4762e7bdfbe06cde9b3548bbf812c	3a8398e3c15afe2820ff1903fefca4d0ec21c0a74e1148db5d11652ca07ce7c6	0123af9e96b58af4e98b91a2de5608d36b63c67864b9041d3340587f3dbe40d2	cfa8dcf0d81c408de38d4202fe1ce9d9e5e301d1e67439c9530da94b1e64ee3f	ae0caca34fe9b6eb8097958d2fbb8d2b6a1fad60f91f3c2b8d948c43dbfcee39
semantic-proposal-v1	SC1-c1e3693c05ff0b6597f67e09406f8e43db8c8e58d546f0d0b4ba58dd790a8ee8	S015666	1	P01	LIFETIMES.tsv	174997	lifetime_contract	aarch64	include/net/tcp_states.h	type	anonymous_enum@12	12	PENDING_REVIEW	SOURCE_REVIEWED_VALUE	COMPLETE	vendor/linux/include/net/tcp_states.h;vendor/linux/include/net/tcp_states.h:12;header-context=PENDING_REVIEW	425f94c2954b1fe80ebdbf9b29854e89750355df	4ac2c35a1fb792ed369cd7be974f380313a4762e7bdfbe06cde9b3548bbf812c	3a8398e3c15afe2820ff1903fefca4d0ec21c0a74e1148db5d11652ca07ce7c6	0123af9e96b58af4e98b91a2de5608d36b63c67864b9041d3340587f3dbe40d2	cfa8dcf0d81c408de38d4202fe1ce9d9e5e301d1e67439c9530da94b1e64ee3f	0e7e60940dd21c28f3d10965325f70644fc000495a2d61984437dec666da93d8
semantic-proposal-v1	SC1-13e0b05962a3130ff8f450e513f2eecd262faa9cf9179a9e0623aa888832e9e2	S015666	1	P01	LIFETIMES.tsv	174997	locking_rcu_refcount	aarch64	include/net/tcp_states.h	type	anonymous_enum@12	12	PENDING_REVIEW	SOURCE_REVIEWED_VALUE	COMPLETE	vendor/linux/include/net/tcp_states.h;vendor/linux/include/net/tcp_states.h:12;header-context=PENDING_REVIEW	425f94c2954b1fe80ebdbf9b29854e89750355df	4ac2c35a1fb792ed369cd7be974f380313a4762e7bdfbe06cde9b3548bbf812c	3a8398e3c15afe2820ff1903fefca4d0ec21c0a74e1148db5d11652ca07ce7c6	0123af9e96b58af4e98b91a2de5608d36b63c67864b9041d3340587f3dbe40d2	cfa8dcf0d81c408de38d4202fe1ce9d9e5e301d1e67439c9530da94b1e64ee3f	0e7e60940dd21c28f3d10965325f70644fc000495a2d61984437dec666da93d8
semantic-proposal-v1	SC1-be10f8143bf34041703defdb04c36655df443f73029cd2edba309395f90a7ac9	S015666	1	P01	LIFETIMES.tsv	174997	ownership	aarch64	include/net/tcp_states.h	type	anonymous_enum@12	12	PENDING_REVIEW	SOURCE_REVIEWED_VALUE	COMPLETE	vendor/linux/include/net/tcp_states.h;vendor/linux/include/net/tcp_states.h:12;header-context=PENDING_REVIEW	425f94c2954b1fe80ebdbf9b29854e89750355df	4ac2c35a1fb792ed369cd7be974f380313a4762e7bdfbe06cde9b3548bbf812c	3a8398e3c15afe2820ff1903fefca4d0ec21c0a74e1148db5d11652ca07ce7c6	0123af9e96b58af4e98b91a2de5608d36b63c67864b9041d3340587f3dbe40d2	cfa8dcf0d81c408de38d4202fe1ce9d9e5e301d1e67439c9530da94b1e64ee3f	0e7e60940dd21c28f3d10965325f70644fc000495a2d61984437dec666da93d8
semantic-proposal-v1	SC1-4520818ff65f883fe609db0876091d9e481f7e321768581327653afcefca33a9	S015666	1	P01	LIFETIMES.tsv	174997	status	aarch64	include/net/tcp_states.h	type	anonymous_enum@12	12	PENDING_REVIEW	COMPLETE	COMPLETE	vendor/linux/include/net/tcp_states.h;vendor/linux/include/net/tcp_states.h:12;header-context=PENDING_REVIEW	425f94c2954b1fe80ebdbf9b29854e89750355df	4ac2c35a1fb792ed369cd7be974f380313a4762e7bdfbe06cde9b3548bbf812c	3a8398e3c15afe2820ff1903fefca4d0ec21c0a74e1148db5d11652ca07ce7c6	0123af9e96b58af4e98b91a2de5608d36b63c67864b9041d3340587f3dbe40d2	cfa8dcf0d81c408de38d4202fe1ce9d9e5e301d1e67439c9530da94b1e64ee3f	0e7e60940dd21c28f3d10965325f70644fc000495a2d61984437dec666da93d8
semantic-proposal-v1	SC1-ff8b6063d282f854ef1a0814b63c2bb4555f4770771385e8686fea7c094561cb	S015666	1	P01	LIFETIMES.tsv	174998	lifetime_contract	aarch64	include/net/tcp_states.h	type	anonymous_enum@34	34	PENDING_REVIEW	SOURCE_REVIEWED_VALUE	COMPLETE	vendor/linux/include/net/tcp_states.h;vendor/linux/include/net/tcp_states.h:34;header-context=PENDING_REVIEW	425f94c2954b1fe80ebdbf9b29854e89750355df	4ac2c35a1fb792ed369cd7be974f380313a4762e7bdfbe06cde9b3548bbf812c	3a8398e3c15afe2820ff1903fefca4d0ec21c0a74e1148db5d11652ca07ce7c6	0123af9e96b58af4e98b91a2de5608d36b63c67864b9041d3340587f3dbe40d2	cfa8dcf0d81c408de38d4202fe1ce9d9e5e301d1e67439c9530da94b1e64ee3f	0e7e60940dd21c28f3d10965325f70644fc000495a2d61984437dec666da93d8
semantic-proposal-v1	SC1-0d9a2f95f3c9d68af9950c8fde2b860fc7902c332ca4bb50c9c098e4b3f42d70	S015666	1	P01	LIFETIMES.tsv	174998	locking_rcu_refcount	aarch64	include/net/tcp_states.h	type	anonymous_enum@34	34	PENDING_REVIEW	SOURCE_REVIEWED_VALUE	COMPLETE	vendor/linux/include/net/tcp_states.h;vendor/linux/include/net/tcp_states.h:34;header-context=PENDING_REVIEW	425f94c2954b1fe80ebdbf9b29854e89750355df	4ac2c35a1fb792ed369cd7be974f380313a4762e7bdfbe06cde9b3548bbf812c	3a8398e3c15afe2820ff1903fefca4d0ec21c0a74e1148db5d11652ca07ce7c6	0123af9e96b58af4e98b91a2de5608d36b63c67864b9041d3340587f3dbe40d2	cfa8dcf0d81c408de38d4202fe1ce9d9e5e301d1e67439c9530da94b1e64ee3f	0e7e60940dd21c28f3d10965325f70644fc000495a2d61984437dec666da93d8
semantic-proposal-v1	SC1-12a75aee0c3b0b33cae21658cba109a887847eb3ae06558f3c776d295d9b61da	S015666	1	P01	LIFETIMES.tsv	174998	ownership	aarch64	include/net/tcp_states.h	type	anonymous_enum@34	34	PENDING_REVIEW	SOURCE_REVIEWED_VALUE	COMPLETE	vendor/linux/include/net/tcp_states.h;vendor/linux/include/net/tcp_states.h:34;header-context=PENDING_REVIEW	425f94c2954b1fe80ebdbf9b29854e89750355df	4ac2c35a1fb792ed369cd7be974f380313a4762e7bdfbe06cde9b3548bbf812c	3a8398e3c15afe2820ff1903fefca4d0ec21c0a74e1148db5d11652ca07ce7c6	0123af9e96b58af4e98b91a2de5608d36b63c67864b9041d3340587f3dbe40d2	cfa8dcf0d81c408de38d4202fe1ce9d9e5e301d1e67439c9530da94b1e64ee3f	0e7e60940dd21c28f3d10965325f70644fc000495a2d61984437dec666da93d8
semantic-proposal-v1	SC1-619044071770d8538ef7e8799edec5b55844b3739211e27ed1cb04ff58328b56	S015666	1	P01	LIFETIMES.tsv	174998	status	aarch64	include/net/tcp_states.h	type	anonymous_enum@34	34	PENDING_REVIEW	COMPLETE	COMPLETE	vendor/linux/include/net/tcp_states.h;vendor/linux/include/net/tcp_states.h:34;header-context=PENDING_REVIEW	425f94c2954b1fe80ebdbf9b29854e89750355df	4ac2c35a1fb792ed369cd7be974f380313a4762e7bdfbe06cde9b3548bbf812c	3a8398e3c15afe2820ff1903fefca4d0ec21c0a74e1148db5d11652ca07ce7c6	0123af9e96b58af4e98b91a2de5608d36b63c67864b9041d3340587f3dbe40d2	cfa8dcf0d81c408de38d4202fe1ce9d9e5e301d1e67439c9530da94b1e64ee3f	0e7e60940dd21c28f3d10965325f70644fc000495a2d61984437dec666da93d8
semantic-proposal-v1	SC1-a2243e402b4cda448b96ebbb4275bf154467c3c10cc4ff0fd1490f48b0e740c1	S015666	1	P01	LIFETIMES.tsv	174999	lifetime_contract	x86_64	include/net/tcp_states.h	type	anonymous_enum@12	12	PENDING_REVIEW	SOURCE_REVIEWED_VALUE	COMPLETE	vendor/linux/include/net/tcp_states.h;vendor/linux/include/net/tcp_states.h:12;header-context=PENDING_REVIEW	425f94c2954b1fe80ebdbf9b29854e89750355df	4ac2c35a1fb792ed369cd7be974f380313a4762e7bdfbe06cde9b3548bbf812c	3a8398e3c15afe2820ff1903fefca4d0ec21c0a74e1148db5d11652ca07ce7c6	0123af9e96b58af4e98b91a2de5608d36b63c67864b9041d3340587f3dbe40d2	cfa8dcf0d81c408de38d4202fe1ce9d9e5e301d1e67439c9530da94b1e64ee3f	0e7e60940dd21c28f3d10965325f70644fc000495a2d61984437dec666da93d8
semantic-proposal-v1	SC1-8f21f8f04dfb44e66db8dff4c68d45e2b6f1be290739f997896e1a35898e14ec	S015666	1	P01	LIFETIMES.tsv	174999	locking_rcu_refcount	x86_64	include/net/tcp_states.h	type	anonymous_enum@12	12	PENDING_REVIEW	SOURCE_REVIEWED_VALUE	COMPLETE	vendor/linux/include/net/tcp_states.h;vendor/linux/include/net/tcp_states.h:12;header-context=PENDING_REVIEW	425f94c2954b1fe80ebdbf9b29854e89750355df	4ac2c35a1fb792ed369cd7be974f380313a4762e7bdfbe06cde9b3548bbf812c	3a8398e3c15afe2820ff1903fefca4d0ec21c0a74e1148db5d11652ca07ce7c6	0123af9e96b58af4e98b91a2de5608d36b63c67864b9041d3340587f3dbe40d2	cfa8dcf0d81c408de38d4202fe1ce9d9e5e301d1e67439c9530da94b1e64ee3f	0e7e60940dd21c28f3d10965325f70644fc000495a2d61984437dec666da93d8
semantic-proposal-v1	SC1-2fa05744dcdc160e32a5680f5a9bd506fdc35820d4c62af6607ced2b9b612427	S015666	1	P01	LIFETIMES.tsv	174999	ownership	x86_64	include/net/tcp_states.h	type	anonymous_enum@12	12	PENDING_REVIEW	SOURCE_REVIEWED_VALUE	COMPLETE	vendor/linux/include/net/tcp_states.h;vendor/linux/include/net/tcp_states.h:12;header-context=PENDING_REVIEW	425f94c2954b1fe80ebdbf9b29854e89750355df	4ac2c35a1fb792ed369cd7be974f380313a4762e7bdfbe06cde9b3548bbf812c	3a8398e3c15afe2820ff1903fefca4d0ec21c0a74e1148db5d11652ca07ce7c6	0123af9e96b58af4e98b91a2de5608d36b63c67864b9041d3340587f3dbe40d2	cfa8dcf0d81c408de38d4202fe1ce9d9e5e301d1e67439c9530da94b1e64ee3f	0e7e60940dd21c28f3d10965325f70644fc000495a2d61984437dec666da93d8
semantic-proposal-v1	SC1-da7617c75aea9aaa2018f56bf265b9ce74a902be66beaef656d9d05d5cbbd480	S015666	1	P01	LIFETIMES.tsv	174999	status	x86_64	include/net/tcp_states.h	type	anonymous_enum@12	12	PENDING_REVIEW	COMPLETE	COMPLETE	vendor/linux/include/net/tcp_states.h;vendor/linux/include/net/tcp_states.h:12;header-context=PENDING_REVIEW	425f94c2954b1fe80ebdbf9b29854e89750355df	4ac2c35a1fb792ed369cd7be974f380313a4762e7bdfbe06cde9b3548bbf812c	3a8398e3c15afe2820ff1903fefca4d0ec21c0a74e1148db5d11652ca07ce7c6	0123af9e96b58af4e98b91a2de5608d36b63c67864b9041d3340587f3dbe40d2	cfa8dcf0d81c408de38d4202fe1ce9d9e5e301d1e67439c9530da94b1e64ee3f	0e7e60940dd21c28f3d10965325f70644fc000495a2d61984437dec666da93d8
semantic-proposal-v1	SC1-49a88ae6951f91a1dc5ede491aab96a7205093eac7091222038e19645a279a99	S015666	1	P01	LIFETIMES.tsv	175000	lifetime_contract	x86_64	include/net/tcp_states.h	type	anonymous_enum@34	34	PENDING_REVIEW	SOURCE_REVIEWED_VALUE	COMPLETE	vendor/linux/include/net/tcp_states.h;vendor/linux/include/net/tcp_states.h:34;header-context=PENDING_REVIEW	425f94c2954b1fe80ebdbf9b29854e89750355df	4ac2c35a1fb792ed369cd7be974f380313a4762e7bdfbe06cde9b3548bbf812c	3a8398e3c15afe2820ff1903fefca4d0ec21c0a74e1148db5d11652ca07ce7c6	0123af9e96b58af4e98b91a2de5608d36b63c67864b9041d3340587f3dbe40d2	cfa8dcf0d81c408de38d4202fe1ce9d9e5e301d1e67439c9530da94b1e64ee3f	0e7e60940dd21c28f3d10965325f70644fc000495a2d61984437dec666da93d8
semantic-proposal-v1	SC1-5c28d280a9dab2d35d369e0328fb37f4458b8ed928ed39830f8f8d4241d021a2	S015666	1	P01	LIFETIMES.tsv	175000	locking_rcu_refcount	x86_64	include/net/tcp_states.h	type	anonymous_enum@34	34	PENDING_REVIEW	SOURCE_REVIEWED_VALUE	COMPLETE	vendor/linux/include/net/tcp_states.h;vendor/linux/include/net/tcp_states.h:34;header-context=PENDING_REVIEW	425f94c2954b1fe80ebdbf9b29854e89750355df	4ac2c35a1fb792ed369cd7be974f380313a4762e7bdfbe06cde9b3548bbf812c	3a8398e3c15afe2820ff1903fefca4d0ec21c0a74e1148db5d11652ca07ce7c6	0123af9e96b58af4e98b91a2de5608d36b63c67864b9041d3340587f3dbe40d2	cfa8dcf0d81c408de38d4202fe1ce9d9e5e301d1e67439c9530da94b1e64ee3f	0e7e60940dd21c28f3d10965325f70644fc000495a2d61984437dec666da93d8
semantic-proposal-v1	SC1-3d8932fdb0cd452627ebca77489f2023377098a9b858e125e103852b95c59adb	S015666	1	P01	LIFETIMES.tsv	175000	ownership	x86_64	include/net/tcp_states.h	type	anonymous_enum@34	34	PENDING_REVIEW	SOURCE_REVIEWED_VALUE	COMPLETE	vendor/linux/include/net/tcp_states.h;vendor/linux/include/net/tcp_states.h:34;header-context=PENDING_REVIEW	425f94c2954b1fe80ebdbf9b29854e89750355df	4ac2c35a1fb792ed369cd7be974f380313a4762e7bdfbe06cde9b3548bbf812c	3a8398e3c15afe2820ff1903fefca4d0ec21c0a74e1148db5d11652ca07ce7c6	0123af9e96b58af4e98b91a2de5608d36b63c67864b9041d3340587f3dbe40d2	cfa8dcf0d81c408de38d4202fe1ce9d9e5e301d1e67439c9530da94b1e64ee3f	0e7e60940dd21c28f3d10965325f70644fc000495a2d61984437dec666da93d8
semantic-proposal-v1	SC1-b27ab1dba8b92f2e260b34a725897f6d3e9189f45bbd73fee2435964475fabd7	S015666	1	P01	LIFETIMES.tsv	175000	status	x86_64	include/net/tcp_states.h	type	anonymous_enum@34	34	PENDING_REVIEW	COMPLETE	COMPLETE	vendor/linux/include/net/tcp_states.h;vendor/linux/include/net/tcp_states.h:34;header-context=PENDING_REVIEW	425f94c2954b1fe80ebdbf9b29854e89750355df	4ac2c35a1fb792ed369cd7be974f380313a4762e7bdfbe06cde9b3548bbf812c	3a8398e3c15afe2820ff1903fefca4d0ec21c0a74e1148db5d11652ca07ce7c6	0123af9e96b58af4e98b91a2de5608d36b63c67864b9041d3340587f3dbe40d2	cfa8dcf0d81c408de38d4202fe1ce9d9e5e301d1e67439c9530da94b1e64ee3f	0e7e60940dd21c28f3d10965325f70644fc000495a2d61984437dec666da93d8
