schema_version	record_key	task_id	attempt	pipeline_id	manifest	base_row	field	architecture	linux_path	record_kind	symbol_name	source_line	old_value	final_value	decision_status	source_citations	linux_sha	candidate_sha256	implementation_sha256	phase0_identity_sha256	queue_fingerprint	base_manifest_sha256
semantic-proposal-v1	SC1-5856fde937c0d2201e5015133d17ae19fe3d8f217691bb5ff2fb404a46deb7e0	S000805	1	P02	SCOPE.tsv	806	semantic_status	x86_64	arch/x86/include/uapi/asm/vmx.h	scope	S000805	0	PENDING_REVIEW	COMPLETE	COMPLETE	vendor/linux/arch/x86/include/uapi/asm/vmx.h;rewrite/metadata/header_closure.tsv	425f94c2954b1fe80ebdbf9b29854e89750355df	ecce5e2cf9ed4fd4b561a9cf6dca8db733f61f1b33d1c611394f8a447b0cd6a0	a2fd9d3b9cd2636fb5536fc272c657191cee3bd16077411fbb79fb6e4fecb655	0123af9e96b58af4e98b91a2de5608d36b63c67864b9041d3340587f3dbe40d2	cfa8dcf0d81c408de38d4202fe1ce9d9e5e301d1e67439c9530da94b1e64ee3f	b83349e6731e17e5da5e04a0ea053487e8ac8d9269538dbdb367d83f77b17e0a
semantic-proposal-v1	SC1-34f4f2ab82ffbe44dfe11a0a1b0de23594b581aaecc35d953a80cdf6b11bcde4	S000805	1	P02	SYMBOLS.tsv	38000	status	x86_64	arch/x86/include/uapi/asm/vmx.h	conditional	ifndef@25	25	PENDING_REVIEW	COMPLETE	COMPLETE	vendor/linux/arch/x86/include/uapi/asm/vmx.h;vendor/linux/arch/x86/include/uapi/asm/vmx.h:25;rewrite/configs/x86_64/frozen.config;header_closure=rewrite/metadata/header_closure.tsv;selected=PENDING_REVIEW	425f94c2954b1fe80ebdbf9b29854e89750355df	ecce5e2cf9ed4fd4b561a9cf6dca8db733f61f1b33d1c611394f8a447b0cd6a0	a2fd9d3b9cd2636fb5536fc272c657191cee3bd16077411fbb79fb6e4fecb655	0123af9e96b58af4e98b91a2de5608d36b63c67864b9041d3340587f3dbe40d2	cfa8dcf0d81c408de38d4202fe1ce9d9e5e301d1e67439c9530da94b1e64ee3f	7484d7b0dd80f45e18d726b04752827fe28555cc5c1af0e127948380e6688abf
semantic-proposal-v1	SC1-b28b90adfffa41a04c3372b59f97f8887b5db8112e8567663a68419b476e9645	S000805	1	P02	SYMBOLS.tsv	38001	status	x86_64	arch/x86/include/uapi/asm/vmx.h	conditional	endif@175	175	PENDING_REVIEW	COMPLETE	COMPLETE	vendor/linux/arch/x86/include/uapi/asm/vmx.h;vendor/linux/arch/x86/include/uapi/asm/vmx.h:175;rewrite/configs/x86_64/frozen.config;header_closure=rewrite/metadata/header_closure.tsv;selected=PENDING_REVIEW	425f94c2954b1fe80ebdbf9b29854e89750355df	ecce5e2cf9ed4fd4b561a9cf6dca8db733f61f1b33d1c611394f8a447b0cd6a0	a2fd9d3b9cd2636fb5536fc272c657191cee3bd16077411fbb79fb6e4fecb655	0123af9e96b58af4e98b91a2de5608d36b63c67864b9041d3340587f3dbe40d2	cfa8dcf0d81c408de38d4202fe1ce9d9e5e301d1e67439c9530da94b1e64ee3f	7484d7b0dd80f45e18d726b04752827fe28555cc5c1af0e127948380e6688abf
semantic-proposal-v1	SC1-bbbd48b684f78033fe10b543b5b36f1ca28556fd55068718db013046a58ea702	S000805	1	P02	SYMBOLS.tsv	38002	selection_expression	x86_64	arch/x86/include/uapi/asm/vmx.h	operative_macro	_UAPIVMX_H	26	PENDING_REVIEW	SOURCE_REVIEWED_VALUE	COMPLETE	vendor/linux/arch/x86/include/uapi/asm/vmx.h;vendor/linux/arch/x86/include/uapi/asm/vmx.h:26;rewrite/configs/x86_64/frozen.config;header_closure=rewrite/metadata/header_closure.tsv;selected=PENDING_REVIEW	425f94c2954b1fe80ebdbf9b29854e89750355df	ecce5e2cf9ed4fd4b561a9cf6dca8db733f61f1b33d1c611394f8a447b0cd6a0	a2fd9d3b9cd2636fb5536fc272c657191cee3bd16077411fbb79fb6e4fecb655	0123af9e96b58af4e98b91a2de5608d36b63c67864b9041d3340587f3dbe40d2	cfa8dcf0d81c408de38d4202fe1ce9d9e5e301d1e67439c9530da94b1e64ee3f	7484d7b0dd80f45e18d726b04752827fe28555cc5c1af0e127948380e6688abf
semantic-proposal-v1	SC1-b90283344eec69c13ef78e19c24dfa34505e89bb4af70350c36942c55ea4fd9f	S000805	1	P02	SYMBOLS.tsv	38002	status	x86_64	arch/x86/include/uapi/asm/vmx.h	operative_macro	_UAPIVMX_H	26	PENDING_REVIEW	COMPLETE	COMPLETE	vendor/linux/arch/x86/include/uapi/asm/vmx.h;vendor/linux/arch/x86/include/uapi/asm/vmx.h:26;rewrite/configs/x86_64/frozen.config;header_closure=rewrite/metadata/header_closure.tsv;selected=PENDING_REVIEW	425f94c2954b1fe80ebdbf9b29854e89750355df	ecce5e2cf9ed4fd4b561a9cf6dca8db733f61f1b33d1c611394f8a447b0cd6a0	a2fd9d3b9cd2636fb5536fc272c657191cee3bd16077411fbb79fb6e4fecb655	0123af9e96b58af4e98b91a2de5608d36b63c67864b9041d3340587f3dbe40d2	cfa8dcf0d81c408de38d4202fe1ce9d9e5e301d1e67439c9530da94b1e64ee3f	7484d7b0dd80f45e18d726b04752827fe28555cc5c1af0e127948380e6688abf
semantic-proposal-v1	SC1-06034794370c67c8d6e627723f1c32a746006087a674f26c042eeef6c49add76	S000805	1	P02	SYMBOLS.tsv	38003	selection_expression	x86_64	arch/x86/include/uapi/asm/vmx.h	operative_macro	VMX_EXIT_REASONS_FAILED_VMENTRY	29	PENDING_REVIEW	SOURCE_REVIEWED_VALUE	COMPLETE	vendor/linux/arch/x86/include/uapi/asm/vmx.h;vendor/linux/arch/x86/include/uapi/asm/vmx.h:29;rewrite/configs/x86_64/frozen.config;header_closure=rewrite/metadata/header_closure.tsv;selected=PENDING_REVIEW	425f94c2954b1fe80ebdbf9b29854e89750355df	ecce5e2cf9ed4fd4b561a9cf6dca8db733f61f1b33d1c611394f8a447b0cd6a0	a2fd9d3b9cd2636fb5536fc272c657191cee3bd16077411fbb79fb6e4fecb655	0123af9e96b58af4e98b91a2de5608d36b63c67864b9041d3340587f3dbe40d2	cfa8dcf0d81c408de38d4202fe1ce9d9e5e301d1e67439c9530da94b1e64ee3f	7484d7b0dd80f45e18d726b04752827fe28555cc5c1af0e127948380e6688abf
semantic-proposal-v1	SC1-b72c97e609abf3808c229100db84322a1fdbb93c0df63a9b009dda971f47fb49	S000805	1	P02	SYMBOLS.tsv	38003	status	x86_64	arch/x86/include/uapi/asm/vmx.h	operative_macro	VMX_EXIT_REASONS_FAILED_VMENTRY	29	PENDING_REVIEW	COMPLETE	COMPLETE	vendor/linux/arch/x86/include/uapi/asm/vmx.h;vendor/linux/arch/x86/include/uapi/asm/vmx.h:29;rewrite/configs/x86_64/frozen.config;header_closure=rewrite/metadata/header_closure.tsv;selected=PENDING_REVIEW	425f94c2954b1fe80ebdbf9b29854e89750355df	ecce5e2cf9ed4fd4b561a9cf6dca8db733f61f1b33d1c611394f8a447b0cd6a0	a2fd9d3b9cd2636fb5536fc272c657191cee3bd16077411fbb79fb6e4fecb655	0123af9e96b58af4e98b91a2de5608d36b63c67864b9041d3340587f3dbe40d2	cfa8dcf0d81c408de38d4202fe1ce9d9e5e301d1e67439c9530da94b1e64ee3f	7484d7b0dd80f45e18d726b04752827fe28555cc5c1af0e127948380e6688abf
semantic-proposal-v1	SC1-c9b0517ecc6172ed74014e7d061273155b17adb239c171713afda22a751cf32f	S000805	1	P02	SYMBOLS.tsv	38004	selection_expression	x86_64	arch/x86/include/uapi/asm/vmx.h	operative_macro	VMX_EXIT_REASONS_SGX_ENCLAVE_MODE	30	PENDING_REVIEW	SOURCE_REVIEWED_VALUE	COMPLETE	vendor/linux/arch/x86/include/uapi/asm/vmx.h;vendor/linux/arch/x86/include/uapi/asm/vmx.h:30;rewrite/configs/x86_64/frozen.config;header_closure=rewrite/metadata/header_closure.tsv;selected=PENDING_REVIEW	425f94c2954b1fe80ebdbf9b29854e89750355df	ecce5e2cf9ed4fd4b561a9cf6dca8db733f61f1b33d1c611394f8a447b0cd6a0	a2fd9d3b9cd2636fb5536fc272c657191cee3bd16077411fbb79fb6e4fecb655	0123af9e96b58af4e98b91a2de5608d36b63c67864b9041d3340587f3dbe40d2	cfa8dcf0d81c408de38d4202fe1ce9d9e5e301d1e67439c9530da94b1e64ee3f	7484d7b0dd80f45e18d726b04752827fe28555cc5c1af0e127948380e6688abf
semantic-proposal-v1	SC1-2aa6fb443a750035573a4bb30736adebdacfaa212aaa5e92b16958db16e07564	S000805	1	P02	SYMBOLS.tsv	38004	status	x86_64	arch/x86/include/uapi/asm/vmx.h	operative_macro	VMX_EXIT_REASONS_SGX_ENCLAVE_MODE	30	PENDING_REVIEW	COMPLETE	COMPLETE	vendor/linux/arch/x86/include/uapi/asm/vmx.h;vendor/linux/arch/x86/include/uapi/asm/vmx.h:30;rewrite/configs/x86_64/frozen.config;header_closure=rewrite/metadata/header_closure.tsv;selected=PENDING_REVIEW	425f94c2954b1fe80ebdbf9b29854e89750355df	ecce5e2cf9ed4fd4b561a9cf6dca8db733f61f1b33d1c611394f8a447b0cd6a0	a2fd9d3b9cd2636fb5536fc272c657191cee3bd16077411fbb79fb6e4fecb655	0123af9e96b58af4e98b91a2de5608d36b63c67864b9041d3340587f3dbe40d2	cfa8dcf0d81c408de38d4202fe1ce9d9e5e301d1e67439c9530da94b1e64ee3f	7484d7b0dd80f45e18d726b04752827fe28555cc5c1af0e127948380e6688abf
semantic-proposal-v1	SC1-7c7d3a169e844407915bdaeae13b11b4bbb591609b9adbb56dd87c5af466753b	S000805	1	P02	SYMBOLS.tsv	38005	selection_expression	x86_64	arch/x86/include/uapi/asm/vmx.h	operative_macro	EXIT_REASON_EXCEPTION_NMI	32	PENDING_REVIEW	SOURCE_REVIEWED_VALUE	COMPLETE	vendor/linux/arch/x86/include/uapi/asm/vmx.h;vendor/linux/arch/x86/include/uapi/asm/vmx.h:32;rewrite/configs/x86_64/frozen.config;header_closure=rewrite/metadata/header_closure.tsv;selected=PENDING_REVIEW	425f94c2954b1fe80ebdbf9b29854e89750355df	ecce5e2cf9ed4fd4b561a9cf6dca8db733f61f1b33d1c611394f8a447b0cd6a0	a2fd9d3b9cd2636fb5536fc272c657191cee3bd16077411fbb79fb6e4fecb655	0123af9e96b58af4e98b91a2de5608d36b63c67864b9041d3340587f3dbe40d2	cfa8dcf0d81c408de38d4202fe1ce9d9e5e301d1e67439c9530da94b1e64ee3f	7484d7b0dd80f45e18d726b04752827fe28555cc5c1af0e127948380e6688abf
semantic-proposal-v1	SC1-7574f7ebd667cc6e1d92ba53b55717a7ed1df8f835f201217445bfd68a177894	S000805	1	P02	SYMBOLS.tsv	38005	status	x86_64	arch/x86/include/uapi/asm/vmx.h	operative_macro	EXIT_REASON_EXCEPTION_NMI	32	PENDING_REVIEW	COMPLETE	COMPLETE	vendor/linux/arch/x86/include/uapi/asm/vmx.h;vendor/linux/arch/x86/include/uapi/asm/vmx.h:32;rewrite/configs/x86_64/frozen.config;header_closure=rewrite/metadata/header_closure.tsv;selected=PENDING_REVIEW	425f94c2954b1fe80ebdbf9b29854e89750355df	ecce5e2cf9ed4fd4b561a9cf6dca8db733f61f1b33d1c611394f8a447b0cd6a0	a2fd9d3b9cd2636fb5536fc272c657191cee3bd16077411fbb79fb6e4fecb655	0123af9e96b58af4e98b91a2de5608d36b63c67864b9041d3340587f3dbe40d2	cfa8dcf0d81c408de38d4202fe1ce9d9e5e301d1e67439c9530da94b1e64ee3f	7484d7b0dd80f45e18d726b04752827fe28555cc5c1af0e127948380e6688abf
semantic-proposal-v1	SC1-66a018c9d169d9f9bcd8e81fb06333c3bbe4d91678e8808aea01f2810ca49e0b	S000805	1	P02	SYMBOLS.tsv	38006	selection_expression	x86_64	arch/x86/include/uapi/asm/vmx.h	operative_macro	EXIT_REASON_EXTERNAL_INTERRUPT	33	PENDING_REVIEW	SOURCE_REVIEWED_VALUE	COMPLETE	vendor/linux/arch/x86/include/uapi/asm/vmx.h;vendor/linux/arch/x86/include/uapi/asm/vmx.h:33;rewrite/configs/x86_64/frozen.config;header_closure=rewrite/metadata/header_closure.tsv;selected=PENDING_REVIEW	425f94c2954b1fe80ebdbf9b29854e89750355df	ecce5e2cf9ed4fd4b561a9cf6dca8db733f61f1b33d1c611394f8a447b0cd6a0	a2fd9d3b9cd2636fb5536fc272c657191cee3bd16077411fbb79fb6e4fecb655	0123af9e96b58af4e98b91a2de5608d36b63c67864b9041d3340587f3dbe40d2	cfa8dcf0d81c408de38d4202fe1ce9d9e5e301d1e67439c9530da94b1e64ee3f	7484d7b0dd80f45e18d726b04752827fe28555cc5c1af0e127948380e6688abf
semantic-proposal-v1	SC1-41ae8b889e364178a4a8eaa5a8fe191a9ce295a96582183150c738c98f6fd4c0	S000805	1	P02	SYMBOLS.tsv	38006	status	x86_64	arch/x86/include/uapi/asm/vmx.h	operative_macro	EXIT_REASON_EXTERNAL_INTERRUPT	33	PENDING_REVIEW	COMPLETE	COMPLETE	vendor/linux/arch/x86/include/uapi/asm/vmx.h;vendor/linux/arch/x86/include/uapi/asm/vmx.h:33;rewrite/configs/x86_64/frozen.config;header_closure=rewrite/metadata/header_closure.tsv;selected=PENDING_REVIEW	425f94c2954b1fe80ebdbf9b29854e89750355df	ecce5e2cf9ed4fd4b561a9cf6dca8db733f61f1b33d1c611394f8a447b0cd6a0	a2fd9d3b9cd2636fb5536fc272c657191cee3bd16077411fbb79fb6e4fecb655	0123af9e96b58af4e98b91a2de5608d36b63c67864b9041d3340587f3dbe40d2	cfa8dcf0d81c408de38d4202fe1ce9d9e5e301d1e67439c9530da94b1e64ee3f	7484d7b0dd80f45e18d726b04752827fe28555cc5c1af0e127948380e6688abf
semantic-proposal-v1	SC1-031310a09a25318b60f461aee898c33ae28abfb5244ee88e522a5ec5340ac751	S000805	1	P02	SYMBOLS.tsv	38007	selection_expression	x86_64	arch/x86/include/uapi/asm/vmx.h	operative_macro	EXIT_REASON_TRIPLE_FAULT	34	PENDING_REVIEW	SOURCE_REVIEWED_VALUE	COMPLETE	vendor/linux/arch/x86/include/uapi/asm/vmx.h;vendor/linux/arch/x86/include/uapi/asm/vmx.h:34;rewrite/configs/x86_64/frozen.config;header_closure=rewrite/metadata/header_closure.tsv;selected=PENDING_REVIEW	425f94c2954b1fe80ebdbf9b29854e89750355df	ecce5e2cf9ed4fd4b561a9cf6dca8db733f61f1b33d1c611394f8a447b0cd6a0	a2fd9d3b9cd2636fb5536fc272c657191cee3bd16077411fbb79fb6e4fecb655	0123af9e96b58af4e98b91a2de5608d36b63c67864b9041d3340587f3dbe40d2	cfa8dcf0d81c408de38d4202fe1ce9d9e5e301d1e67439c9530da94b1e64ee3f	7484d7b0dd80f45e18d726b04752827fe28555cc5c1af0e127948380e6688abf
semantic-proposal-v1	SC1-0f01f2a6c75ef16a22634e405e09e74fe967195ba8010f06f39378ecd87ba732	S000805	1	P02	SYMBOLS.tsv	38007	status	x86_64	arch/x86/include/uapi/asm/vmx.h	operative_macro	EXIT_REASON_TRIPLE_FAULT	34	PENDING_REVIEW	COMPLETE	COMPLETE	vendor/linux/arch/x86/include/uapi/asm/vmx.h;vendor/linux/arch/x86/include/uapi/asm/vmx.h:34;rewrite/configs/x86_64/frozen.config;header_closure=rewrite/metadata/header_closure.tsv;selected=PENDING_REVIEW	425f94c2954b1fe80ebdbf9b29854e89750355df	ecce5e2cf9ed4fd4b561a9cf6dca8db733f61f1b33d1c611394f8a447b0cd6a0	a2fd9d3b9cd2636fb5536fc272c657191cee3bd16077411fbb79fb6e4fecb655	0123af9e96b58af4e98b91a2de5608d36b63c67864b9041d3340587f3dbe40d2	cfa8dcf0d81c408de38d4202fe1ce9d9e5e301d1e67439c9530da94b1e64ee3f	7484d7b0dd80f45e18d726b04752827fe28555cc5c1af0e127948380e6688abf
semantic-proposal-v1	SC1-6b0ab2edaca261e2f529aa99a36bf98bbaec6140f1c0906032866e0b32bf1741	S000805	1	P02	SYMBOLS.tsv	38008	selection_expression	x86_64	arch/x86/include/uapi/asm/vmx.h	operative_macro	EXIT_REASON_INIT_SIGNAL	35	PENDING_REVIEW	SOURCE_REVIEWED_VALUE	COMPLETE	vendor/linux/arch/x86/include/uapi/asm/vmx.h;vendor/linux/arch/x86/include/uapi/asm/vmx.h:35;rewrite/configs/x86_64/frozen.config;header_closure=rewrite/metadata/header_closure.tsv;selected=PENDING_REVIEW	425f94c2954b1fe80ebdbf9b29854e89750355df	ecce5e2cf9ed4fd4b561a9cf6dca8db733f61f1b33d1c611394f8a447b0cd6a0	a2fd9d3b9cd2636fb5536fc272c657191cee3bd16077411fbb79fb6e4fecb655	0123af9e96b58af4e98b91a2de5608d36b63c67864b9041d3340587f3dbe40d2	cfa8dcf0d81c408de38d4202fe1ce9d9e5e301d1e67439c9530da94b1e64ee3f	7484d7b0dd80f45e18d726b04752827fe28555cc5c1af0e127948380e6688abf
semantic-proposal-v1	SC1-d14ce1d3353bc4f8eabdd8a0ad851fb80a5e0373d7cf59488c30bd0bd3652014	S000805	1	P02	SYMBOLS.tsv	38008	status	x86_64	arch/x86/include/uapi/asm/vmx.h	operative_macro	EXIT_REASON_INIT_SIGNAL	35	PENDING_REVIEW	COMPLETE	COMPLETE	vendor/linux/arch/x86/include/uapi/asm/vmx.h;vendor/linux/arch/x86/include/uapi/asm/vmx.h:35;rewrite/configs/x86_64/frozen.config;header_closure=rewrite/metadata/header_closure.tsv;selected=PENDING_REVIEW	425f94c2954b1fe80ebdbf9b29854e89750355df	ecce5e2cf9ed4fd4b561a9cf6dca8db733f61f1b33d1c611394f8a447b0cd6a0	a2fd9d3b9cd2636fb5536fc272c657191cee3bd16077411fbb79fb6e4fecb655	0123af9e96b58af4e98b91a2de5608d36b63c67864b9041d3340587f3dbe40d2	cfa8dcf0d81c408de38d4202fe1ce9d9e5e301d1e67439c9530da94b1e64ee3f	7484d7b0dd80f45e18d726b04752827fe28555cc5c1af0e127948380e6688abf
semantic-proposal-v1	SC1-e1230b893b1f4ba4be819e526406747814dec1c51b1215230bd53348077b106e	S000805	1	P02	SYMBOLS.tsv	38009	selection_expression	x86_64	arch/x86/include/uapi/asm/vmx.h	operative_macro	EXIT_REASON_SIPI_SIGNAL	36	PENDING_REVIEW	SOURCE_REVIEWED_VALUE	COMPLETE	vendor/linux/arch/x86/include/uapi/asm/vmx.h;vendor/linux/arch/x86/include/uapi/asm/vmx.h:36;rewrite/configs/x86_64/frozen.config;header_closure=rewrite/metadata/header_closure.tsv;selected=PENDING_REVIEW	425f94c2954b1fe80ebdbf9b29854e89750355df	ecce5e2cf9ed4fd4b561a9cf6dca8db733f61f1b33d1c611394f8a447b0cd6a0	a2fd9d3b9cd2636fb5536fc272c657191cee3bd16077411fbb79fb6e4fecb655	0123af9e96b58af4e98b91a2de5608d36b63c67864b9041d3340587f3dbe40d2	cfa8dcf0d81c408de38d4202fe1ce9d9e5e301d1e67439c9530da94b1e64ee3f	7484d7b0dd80f45e18d726b04752827fe28555cc5c1af0e127948380e6688abf
semantic-proposal-v1	SC1-ef88783785afba28d42fccc65b39a057ce6bd4d63164e4561a11c0a6faf92bad	S000805	1	P02	SYMBOLS.tsv	38009	status	x86_64	arch/x86/include/uapi/asm/vmx.h	operative_macro	EXIT_REASON_SIPI_SIGNAL	36	PENDING_REVIEW	COMPLETE	COMPLETE	vendor/linux/arch/x86/include/uapi/asm/vmx.h;vendor/linux/arch/x86/include/uapi/asm/vmx.h:36;rewrite/configs/x86_64/frozen.config;header_closure=rewrite/metadata/header_closure.tsv;selected=PENDING_REVIEW	425f94c2954b1fe80ebdbf9b29854e89750355df	ecce5e2cf9ed4fd4b561a9cf6dca8db733f61f1b33d1c611394f8a447b0cd6a0	a2fd9d3b9cd2636fb5536fc272c657191cee3bd16077411fbb79fb6e4fecb655	0123af9e96b58af4e98b91a2de5608d36b63c67864b9041d3340587f3dbe40d2	cfa8dcf0d81c408de38d4202fe1ce9d9e5e301d1e67439c9530da94b1e64ee3f	7484d7b0dd80f45e18d726b04752827fe28555cc5c1af0e127948380e6688abf
semantic-proposal-v1	SC1-0f2c75f016512fa8a01bc6ab690cd9c8a5c03f66d32ceb242e54bd3e2594fe08	S000805	1	P02	SYMBOLS.tsv	38010	selection_expression	x86_64	arch/x86/include/uapi/asm/vmx.h	operative_macro	EXIT_REASON_OTHER_SMI	37	PENDING_REVIEW	SOURCE_REVIEWED_VALUE	COMPLETE	vendor/linux/arch/x86/include/uapi/asm/vmx.h;vendor/linux/arch/x86/include/uapi/asm/vmx.h:37;rewrite/configs/x86_64/frozen.config;header_closure=rewrite/metadata/header_closure.tsv;selected=PENDING_REVIEW	425f94c2954b1fe80ebdbf9b29854e89750355df	ecce5e2cf9ed4fd4b561a9cf6dca8db733f61f1b33d1c611394f8a447b0cd6a0	a2fd9d3b9cd2636fb5536fc272c657191cee3bd16077411fbb79fb6e4fecb655	0123af9e96b58af4e98b91a2de5608d36b63c67864b9041d3340587f3dbe40d2	cfa8dcf0d81c408de38d4202fe1ce9d9e5e301d1e67439c9530da94b1e64ee3f	7484d7b0dd80f45e18d726b04752827fe28555cc5c1af0e127948380e6688abf
semantic-proposal-v1	SC1-64d2abcf691af616d7eb6adf510b2da85ea32aae55d2c15788f54dd81612d236	S000805	1	P02	SYMBOLS.tsv	38010	status	x86_64	arch/x86/include/uapi/asm/vmx.h	operative_macro	EXIT_REASON_OTHER_SMI	37	PENDING_REVIEW	COMPLETE	COMPLETE	vendor/linux/arch/x86/include/uapi/asm/vmx.h;vendor/linux/arch/x86/include/uapi/asm/vmx.h:37;rewrite/configs/x86_64/frozen.config;header_closure=rewrite/metadata/header_closure.tsv;selected=PENDING_REVIEW	425f94c2954b1fe80ebdbf9b29854e89750355df	ecce5e2cf9ed4fd4b561a9cf6dca8db733f61f1b33d1c611394f8a447b0cd6a0	a2fd9d3b9cd2636fb5536fc272c657191cee3bd16077411fbb79fb6e4fecb655	0123af9e96b58af4e98b91a2de5608d36b63c67864b9041d3340587f3dbe40d2	cfa8dcf0d81c408de38d4202fe1ce9d9e5e301d1e67439c9530da94b1e64ee3f	7484d7b0dd80f45e18d726b04752827fe28555cc5c1af0e127948380e6688abf
semantic-proposal-v1	SC1-a8ff6ba4f6a3e9a3ce081cabb89838536d7c74463497486e6daf9eca60f170f1	S000805	1	P02	SYMBOLS.tsv	38011	selection_expression	x86_64	arch/x86/include/uapi/asm/vmx.h	operative_macro	EXIT_REASON_INTERRUPT_WINDOW	39	PENDING_REVIEW	SOURCE_REVIEWED_VALUE	COMPLETE	vendor/linux/arch/x86/include/uapi/asm/vmx.h;vendor/linux/arch/x86/include/uapi/asm/vmx.h:39;rewrite/configs/x86_64/frozen.config;header_closure=rewrite/metadata/header_closure.tsv;selected=PENDING_REVIEW	425f94c2954b1fe80ebdbf9b29854e89750355df	ecce5e2cf9ed4fd4b561a9cf6dca8db733f61f1b33d1c611394f8a447b0cd6a0	a2fd9d3b9cd2636fb5536fc272c657191cee3bd16077411fbb79fb6e4fecb655	0123af9e96b58af4e98b91a2de5608d36b63c67864b9041d3340587f3dbe40d2	cfa8dcf0d81c408de38d4202fe1ce9d9e5e301d1e67439c9530da94b1e64ee3f	7484d7b0dd80f45e18d726b04752827fe28555cc5c1af0e127948380e6688abf
semantic-proposal-v1	SC1-d04237d494009ccd91faad131e33d8f30645f4f1f61974de28f53bcb16ea4e33	S000805	1	P02	SYMBOLS.tsv	38011	status	x86_64	arch/x86/include/uapi/asm/vmx.h	operative_macro	EXIT_REASON_INTERRUPT_WINDOW	39	PENDING_REVIEW	COMPLETE	COMPLETE	vendor/linux/arch/x86/include/uapi/asm/vmx.h;vendor/linux/arch/x86/include/uapi/asm/vmx.h:39;rewrite/configs/x86_64/frozen.config;header_closure=rewrite/metadata/header_closure.tsv;selected=PENDING_REVIEW	425f94c2954b1fe80ebdbf9b29854e89750355df	ecce5e2cf9ed4fd4b561a9cf6dca8db733f61f1b33d1c611394f8a447b0cd6a0	a2fd9d3b9cd2636fb5536fc272c657191cee3bd16077411fbb79fb6e4fecb655	0123af9e96b58af4e98b91a2de5608d36b63c67864b9041d3340587f3dbe40d2	cfa8dcf0d81c408de38d4202fe1ce9d9e5e301d1e67439c9530da94b1e64ee3f	7484d7b0dd80f45e18d726b04752827fe28555cc5c1af0e127948380e6688abf
semantic-proposal-v1	SC1-a0c0c83384b956688375c06775ce02d8eaad97daedccab867002d762ba472fb4	S000805	1	P02	SYMBOLS.tsv	38012	selection_expression	x86_64	arch/x86/include/uapi/asm/vmx.h	operative_macro	EXIT_REASON_NMI_WINDOW	40	PENDING_REVIEW	SOURCE_REVIEWED_VALUE	COMPLETE	vendor/linux/arch/x86/include/uapi/asm/vmx.h;vendor/linux/arch/x86/include/uapi/asm/vmx.h:40;rewrite/configs/x86_64/frozen.config;header_closure=rewrite/metadata/header_closure.tsv;selected=PENDING_REVIEW	425f94c2954b1fe80ebdbf9b29854e89750355df	ecce5e2cf9ed4fd4b561a9cf6dca8db733f61f1b33d1c611394f8a447b0cd6a0	a2fd9d3b9cd2636fb5536fc272c657191cee3bd16077411fbb79fb6e4fecb655	0123af9e96b58af4e98b91a2de5608d36b63c67864b9041d3340587f3dbe40d2	cfa8dcf0d81c408de38d4202fe1ce9d9e5e301d1e67439c9530da94b1e64ee3f	7484d7b0dd80f45e18d726b04752827fe28555cc5c1af0e127948380e6688abf
semantic-proposal-v1	SC1-c603906f6e87fc7536900ebfbbe4752c103b0fb4e793412af0ad31439383c45b	S000805	1	P02	SYMBOLS.tsv	38012	status	x86_64	arch/x86/include/uapi/asm/vmx.h	operative_macro	EXIT_REASON_NMI_WINDOW	40	PENDING_REVIEW	COMPLETE	COMPLETE	vendor/linux/arch/x86/include/uapi/asm/vmx.h;vendor/linux/arch/x86/include/uapi/asm/vmx.h:40;rewrite/configs/x86_64/frozen.config;header_closure=rewrite/metadata/header_closure.tsv;selected=PENDING_REVIEW	425f94c2954b1fe80ebdbf9b29854e89750355df	ecce5e2cf9ed4fd4b561a9cf6dca8db733f61f1b33d1c611394f8a447b0cd6a0	a2fd9d3b9cd2636fb5536fc272c657191cee3bd16077411fbb79fb6e4fecb655	0123af9e96b58af4e98b91a2de5608d36b63c67864b9041d3340587f3dbe40d2	cfa8dcf0d81c408de38d4202fe1ce9d9e5e301d1e67439c9530da94b1e64ee3f	7484d7b0dd80f45e18d726b04752827fe28555cc5c1af0e127948380e6688abf
semantic-proposal-v1	SC1-cb1afeeac67fb67070eac99fdbf9ff7430d537602ed08f7a31b884ea95fd7a74	S000805	1	P02	SYMBOLS.tsv	38013	selection_expression	x86_64	arch/x86/include/uapi/asm/vmx.h	operative_macro	EXIT_REASON_TASK_SWITCH	41	PENDING_REVIEW	SOURCE_REVIEWED_VALUE	COMPLETE	vendor/linux/arch/x86/include/uapi/asm/vmx.h;vendor/linux/arch/x86/include/uapi/asm/vmx.h:41;rewrite/configs/x86_64/frozen.config;header_closure=rewrite/metadata/header_closure.tsv;selected=PENDING_REVIEW	425f94c2954b1fe80ebdbf9b29854e89750355df	ecce5e2cf9ed4fd4b561a9cf6dca8db733f61f1b33d1c611394f8a447b0cd6a0	a2fd9d3b9cd2636fb5536fc272c657191cee3bd16077411fbb79fb6e4fecb655	0123af9e96b58af4e98b91a2de5608d36b63c67864b9041d3340587f3dbe40d2	cfa8dcf0d81c408de38d4202fe1ce9d9e5e301d1e67439c9530da94b1e64ee3f	7484d7b0dd80f45e18d726b04752827fe28555cc5c1af0e127948380e6688abf
semantic-proposal-v1	SC1-634a6eb96adca376b4d641d452b754e4d4fe982206a0bf4a98fe11f698e25f40	S000805	1	P02	SYMBOLS.tsv	38013	status	x86_64	arch/x86/include/uapi/asm/vmx.h	operative_macro	EXIT_REASON_TASK_SWITCH	41	PENDING_REVIEW	COMPLETE	COMPLETE	vendor/linux/arch/x86/include/uapi/asm/vmx.h;vendor/linux/arch/x86/include/uapi/asm/vmx.h:41;rewrite/configs/x86_64/frozen.config;header_closure=rewrite/metadata/header_closure.tsv;selected=PENDING_REVIEW	425f94c2954b1fe80ebdbf9b29854e89750355df	ecce5e2cf9ed4fd4b561a9cf6dca8db733f61f1b33d1c611394f8a447b0cd6a0	a2fd9d3b9cd2636fb5536fc272c657191cee3bd16077411fbb79fb6e4fecb655	0123af9e96b58af4e98b91a2de5608d36b63c67864b9041d3340587f3dbe40d2	cfa8dcf0d81c408de38d4202fe1ce9d9e5e301d1e67439c9530da94b1e64ee3f	7484d7b0dd80f45e18d726b04752827fe28555cc5c1af0e127948380e6688abf
semantic-proposal-v1	SC1-4d476a2892c93ff05ecfa58815cd7666613c4521d9b2ed83db80e4d441db1b31	S000805	1	P02	SYMBOLS.tsv	38014	selection_expression	x86_64	arch/x86/include/uapi/asm/vmx.h	operative_macro	EXIT_REASON_CPUID	42	PENDING_REVIEW	SOURCE_REVIEWED_VALUE	COMPLETE	vendor/linux/arch/x86/include/uapi/asm/vmx.h;vendor/linux/arch/x86/include/uapi/asm/vmx.h:42;rewrite/configs/x86_64/frozen.config;header_closure=rewrite/metadata/header_closure.tsv;selected=PENDING_REVIEW	425f94c2954b1fe80ebdbf9b29854e89750355df	ecce5e2cf9ed4fd4b561a9cf6dca8db733f61f1b33d1c611394f8a447b0cd6a0	a2fd9d3b9cd2636fb5536fc272c657191cee3bd16077411fbb79fb6e4fecb655	0123af9e96b58af4e98b91a2de5608d36b63c67864b9041d3340587f3dbe40d2	cfa8dcf0d81c408de38d4202fe1ce9d9e5e301d1e67439c9530da94b1e64ee3f	7484d7b0dd80f45e18d726b04752827fe28555cc5c1af0e127948380e6688abf
semantic-proposal-v1	SC1-c093e3ed1511d74c8bc79dc3b91b031c1d79cdb3791638376a6b6db488b1510e	S000805	1	P02	SYMBOLS.tsv	38014	status	x86_64	arch/x86/include/uapi/asm/vmx.h	operative_macro	EXIT_REASON_CPUID	42	PENDING_REVIEW	COMPLETE	COMPLETE	vendor/linux/arch/x86/include/uapi/asm/vmx.h;vendor/linux/arch/x86/include/uapi/asm/vmx.h:42;rewrite/configs/x86_64/frozen.config;header_closure=rewrite/metadata/header_closure.tsv;selected=PENDING_REVIEW	425f94c2954b1fe80ebdbf9b29854e89750355df	ecce5e2cf9ed4fd4b561a9cf6dca8db733f61f1b33d1c611394f8a447b0cd6a0	a2fd9d3b9cd2636fb5536fc272c657191cee3bd16077411fbb79fb6e4fecb655	0123af9e96b58af4e98b91a2de5608d36b63c67864b9041d3340587f3dbe40d2	cfa8dcf0d81c408de38d4202fe1ce9d9e5e301d1e67439c9530da94b1e64ee3f	7484d7b0dd80f45e18d726b04752827fe28555cc5c1af0e127948380e6688abf
semantic-proposal-v1	SC1-398dabca225967d24073e3172498ec67ab5b7aeee34336b5966bf10e7e41181c	S000805	1	P02	SYMBOLS.tsv	38015	selection_expression	x86_64	arch/x86/include/uapi/asm/vmx.h	operative_macro	EXIT_REASON_HLT	43	PENDING_REVIEW	SOURCE_REVIEWED_VALUE	COMPLETE	vendor/linux/arch/x86/include/uapi/asm/vmx.h;vendor/linux/arch/x86/include/uapi/asm/vmx.h:43;rewrite/configs/x86_64/frozen.config;header_closure=rewrite/metadata/header_closure.tsv;selected=PENDING_REVIEW	425f94c2954b1fe80ebdbf9b29854e89750355df	ecce5e2cf9ed4fd4b561a9cf6dca8db733f61f1b33d1c611394f8a447b0cd6a0	a2fd9d3b9cd2636fb5536fc272c657191cee3bd16077411fbb79fb6e4fecb655	0123af9e96b58af4e98b91a2de5608d36b63c67864b9041d3340587f3dbe40d2	cfa8dcf0d81c408de38d4202fe1ce9d9e5e301d1e67439c9530da94b1e64ee3f	7484d7b0dd80f45e18d726b04752827fe28555cc5c1af0e127948380e6688abf
semantic-proposal-v1	SC1-431e01ecb6109e90bab85396d5e858e50e375c525683dfe5c6f64890cf65808b	S000805	1	P02	SYMBOLS.tsv	38015	status	x86_64	arch/x86/include/uapi/asm/vmx.h	operative_macro	EXIT_REASON_HLT	43	PENDING_REVIEW	COMPLETE	COMPLETE	vendor/linux/arch/x86/include/uapi/asm/vmx.h;vendor/linux/arch/x86/include/uapi/asm/vmx.h:43;rewrite/configs/x86_64/frozen.config;header_closure=rewrite/metadata/header_closure.tsv;selected=PENDING_REVIEW	425f94c2954b1fe80ebdbf9b29854e89750355df	ecce5e2cf9ed4fd4b561a9cf6dca8db733f61f1b33d1c611394f8a447b0cd6a0	a2fd9d3b9cd2636fb5536fc272c657191cee3bd16077411fbb79fb6e4fecb655	0123af9e96b58af4e98b91a2de5608d36b63c67864b9041d3340587f3dbe40d2	cfa8dcf0d81c408de38d4202fe1ce9d9e5e301d1e67439c9530da94b1e64ee3f	7484d7b0dd80f45e18d726b04752827fe28555cc5c1af0e127948380e6688abf
semantic-proposal-v1	SC1-7306084e804f3ed40f3c2fbe1bdd5f831168baa83f2d96dd3304947f5fcd9146	S000805	1	P02	SYMBOLS.tsv	38016	selection_expression	x86_64	arch/x86/include/uapi/asm/vmx.h	operative_macro	EXIT_REASON_INVD	44	PENDING_REVIEW	SOURCE_REVIEWED_VALUE	COMPLETE	vendor/linux/arch/x86/include/uapi/asm/vmx.h;vendor/linux/arch/x86/include/uapi/asm/vmx.h:44;rewrite/configs/x86_64/frozen.config;header_closure=rewrite/metadata/header_closure.tsv;selected=PENDING_REVIEW	425f94c2954b1fe80ebdbf9b29854e89750355df	ecce5e2cf9ed4fd4b561a9cf6dca8db733f61f1b33d1c611394f8a447b0cd6a0	a2fd9d3b9cd2636fb5536fc272c657191cee3bd16077411fbb79fb6e4fecb655	0123af9e96b58af4e98b91a2de5608d36b63c67864b9041d3340587f3dbe40d2	cfa8dcf0d81c408de38d4202fe1ce9d9e5e301d1e67439c9530da94b1e64ee3f	7484d7b0dd80f45e18d726b04752827fe28555cc5c1af0e127948380e6688abf
semantic-proposal-v1	SC1-1831059d999ae362d72374745b29c2a9e53c41c46ab29a2b3f21c12add95412c	S000805	1	P02	SYMBOLS.tsv	38016	status	x86_64	arch/x86/include/uapi/asm/vmx.h	operative_macro	EXIT_REASON_INVD	44	PENDING_REVIEW	COMPLETE	COMPLETE	vendor/linux/arch/x86/include/uapi/asm/vmx.h;vendor/linux/arch/x86/include/uapi/asm/vmx.h:44;rewrite/configs/x86_64/frozen.config;header_closure=rewrite/metadata/header_closure.tsv;selected=PENDING_REVIEW	425f94c2954b1fe80ebdbf9b29854e89750355df	ecce5e2cf9ed4fd4b561a9cf6dca8db733f61f1b33d1c611394f8a447b0cd6a0	a2fd9d3b9cd2636fb5536fc272c657191cee3bd16077411fbb79fb6e4fecb655	0123af9e96b58af4e98b91a2de5608d36b63c67864b9041d3340587f3dbe40d2	cfa8dcf0d81c408de38d4202fe1ce9d9e5e301d1e67439c9530da94b1e64ee3f	7484d7b0dd80f45e18d726b04752827fe28555cc5c1af0e127948380e6688abf
semantic-proposal-v1	SC1-23065ac9de82ad3a56d42764b81655fbf718caaf14f3c19e034e62fc0eae858a	S000805	1	P02	SYMBOLS.tsv	38017	selection_expression	x86_64	arch/x86/include/uapi/asm/vmx.h	operative_macro	EXIT_REASON_INVLPG	45	PENDING_REVIEW	SOURCE_REVIEWED_VALUE	COMPLETE	vendor/linux/arch/x86/include/uapi/asm/vmx.h;vendor/linux/arch/x86/include/uapi/asm/vmx.h:45;rewrite/configs/x86_64/frozen.config;header_closure=rewrite/metadata/header_closure.tsv;selected=PENDING_REVIEW	425f94c2954b1fe80ebdbf9b29854e89750355df	ecce5e2cf9ed4fd4b561a9cf6dca8db733f61f1b33d1c611394f8a447b0cd6a0	a2fd9d3b9cd2636fb5536fc272c657191cee3bd16077411fbb79fb6e4fecb655	0123af9e96b58af4e98b91a2de5608d36b63c67864b9041d3340587f3dbe40d2	cfa8dcf0d81c408de38d4202fe1ce9d9e5e301d1e67439c9530da94b1e64ee3f	7484d7b0dd80f45e18d726b04752827fe28555cc5c1af0e127948380e6688abf
semantic-proposal-v1	SC1-0a01f9f1827b3ee519780508ad3c12951d0c49076bb54e91bd1b62c038d8a2a2	S000805	1	P02	SYMBOLS.tsv	38017	status	x86_64	arch/x86/include/uapi/asm/vmx.h	operative_macro	EXIT_REASON_INVLPG	45	PENDING_REVIEW	COMPLETE	COMPLETE	vendor/linux/arch/x86/include/uapi/asm/vmx.h;vendor/linux/arch/x86/include/uapi/asm/vmx.h:45;rewrite/configs/x86_64/frozen.config;header_closure=rewrite/metadata/header_closure.tsv;selected=PENDING_REVIEW	425f94c2954b1fe80ebdbf9b29854e89750355df	ecce5e2cf9ed4fd4b561a9cf6dca8db733f61f1b33d1c611394f8a447b0cd6a0	a2fd9d3b9cd2636fb5536fc272c657191cee3bd16077411fbb79fb6e4fecb655	0123af9e96b58af4e98b91a2de5608d36b63c67864b9041d3340587f3dbe40d2	cfa8dcf0d81c408de38d4202fe1ce9d9e5e301d1e67439c9530da94b1e64ee3f	7484d7b0dd80f45e18d726b04752827fe28555cc5c1af0e127948380e6688abf
semantic-proposal-v1	SC1-ad05a087ca06446511abed9ff89b20b74b10a720b36d28b7a94ac084f0469056	S000805	1	P02	SYMBOLS.tsv	38018	selection_expression	x86_64	arch/x86/include/uapi/asm/vmx.h	operative_macro	EXIT_REASON_RDPMC	46	PENDING_REVIEW	SOURCE_REVIEWED_VALUE	COMPLETE	vendor/linux/arch/x86/include/uapi/asm/vmx.h;vendor/linux/arch/x86/include/uapi/asm/vmx.h:46;rewrite/configs/x86_64/frozen.config;header_closure=rewrite/metadata/header_closure.tsv;selected=PENDING_REVIEW	425f94c2954b1fe80ebdbf9b29854e89750355df	ecce5e2cf9ed4fd4b561a9cf6dca8db733f61f1b33d1c611394f8a447b0cd6a0	a2fd9d3b9cd2636fb5536fc272c657191cee3bd16077411fbb79fb6e4fecb655	0123af9e96b58af4e98b91a2de5608d36b63c67864b9041d3340587f3dbe40d2	cfa8dcf0d81c408de38d4202fe1ce9d9e5e301d1e67439c9530da94b1e64ee3f	7484d7b0dd80f45e18d726b04752827fe28555cc5c1af0e127948380e6688abf
semantic-proposal-v1	SC1-3fdf78e12cd63d60db246b0bbe8a218d2a013a4576fb23d7a605efec527a89bb	S000805	1	P02	SYMBOLS.tsv	38018	status	x86_64	arch/x86/include/uapi/asm/vmx.h	operative_macro	EXIT_REASON_RDPMC	46	PENDING_REVIEW	COMPLETE	COMPLETE	vendor/linux/arch/x86/include/uapi/asm/vmx.h;vendor/linux/arch/x86/include/uapi/asm/vmx.h:46;rewrite/configs/x86_64/frozen.config;header_closure=rewrite/metadata/header_closure.tsv;selected=PENDING_REVIEW	425f94c2954b1fe80ebdbf9b29854e89750355df	ecce5e2cf9ed4fd4b561a9cf6dca8db733f61f1b33d1c611394f8a447b0cd6a0	a2fd9d3b9cd2636fb5536fc272c657191cee3bd16077411fbb79fb6e4fecb655	0123af9e96b58af4e98b91a2de5608d36b63c67864b9041d3340587f3dbe40d2	cfa8dcf0d81c408de38d4202fe1ce9d9e5e301d1e67439c9530da94b1e64ee3f	7484d7b0dd80f45e18d726b04752827fe28555cc5c1af0e127948380e6688abf
semantic-proposal-v1	SC1-10a28c5065ac0ebed381376e1f155543a3803f4b6d2f4aac103666f167933c0b	S000805	1	P02	SYMBOLS.tsv	38019	selection_expression	x86_64	arch/x86/include/uapi/asm/vmx.h	operative_macro	EXIT_REASON_RDTSC	47	PENDING_REVIEW	SOURCE_REVIEWED_VALUE	COMPLETE	vendor/linux/arch/x86/include/uapi/asm/vmx.h;vendor/linux/arch/x86/include/uapi/asm/vmx.h:47;rewrite/configs/x86_64/frozen.config;header_closure=rewrite/metadata/header_closure.tsv;selected=PENDING_REVIEW	425f94c2954b1fe80ebdbf9b29854e89750355df	ecce5e2cf9ed4fd4b561a9cf6dca8db733f61f1b33d1c611394f8a447b0cd6a0	a2fd9d3b9cd2636fb5536fc272c657191cee3bd16077411fbb79fb6e4fecb655	0123af9e96b58af4e98b91a2de5608d36b63c67864b9041d3340587f3dbe40d2	cfa8dcf0d81c408de38d4202fe1ce9d9e5e301d1e67439c9530da94b1e64ee3f	7484d7b0dd80f45e18d726b04752827fe28555cc5c1af0e127948380e6688abf
semantic-proposal-v1	SC1-42c431093b4abd859b66926eb33a8ff1a7cb40f3cc39292b959d8fbefb08a21f	S000805	1	P02	SYMBOLS.tsv	38019	status	x86_64	arch/x86/include/uapi/asm/vmx.h	operative_macro	EXIT_REASON_RDTSC	47	PENDING_REVIEW	COMPLETE	COMPLETE	vendor/linux/arch/x86/include/uapi/asm/vmx.h;vendor/linux/arch/x86/include/uapi/asm/vmx.h:47;rewrite/configs/x86_64/frozen.config;header_closure=rewrite/metadata/header_closure.tsv;selected=PENDING_REVIEW	425f94c2954b1fe80ebdbf9b29854e89750355df	ecce5e2cf9ed4fd4b561a9cf6dca8db733f61f1b33d1c611394f8a447b0cd6a0	a2fd9d3b9cd2636fb5536fc272c657191cee3bd16077411fbb79fb6e4fecb655	0123af9e96b58af4e98b91a2de5608d36b63c67864b9041d3340587f3dbe40d2	cfa8dcf0d81c408de38d4202fe1ce9d9e5e301d1e67439c9530da94b1e64ee3f	7484d7b0dd80f45e18d726b04752827fe28555cc5c1af0e127948380e6688abf
semantic-proposal-v1	SC1-11f9d6208ea9b971863fce00256f9c1b1879485157e5adba199090f0fc63f935	S000805	1	P02	SYMBOLS.tsv	38020	selection_expression	x86_64	arch/x86/include/uapi/asm/vmx.h	operative_macro	EXIT_REASON_VMCALL	48	PENDING_REVIEW	SOURCE_REVIEWED_VALUE	COMPLETE	vendor/linux/arch/x86/include/uapi/asm/vmx.h;vendor/linux/arch/x86/include/uapi/asm/vmx.h:48;rewrite/configs/x86_64/frozen.config;header_closure=rewrite/metadata/header_closure.tsv;selected=PENDING_REVIEW	425f94c2954b1fe80ebdbf9b29854e89750355df	ecce5e2cf9ed4fd4b561a9cf6dca8db733f61f1b33d1c611394f8a447b0cd6a0	a2fd9d3b9cd2636fb5536fc272c657191cee3bd16077411fbb79fb6e4fecb655	0123af9e96b58af4e98b91a2de5608d36b63c67864b9041d3340587f3dbe40d2	cfa8dcf0d81c408de38d4202fe1ce9d9e5e301d1e67439c9530da94b1e64ee3f	7484d7b0dd80f45e18d726b04752827fe28555cc5c1af0e127948380e6688abf
semantic-proposal-v1	SC1-27014a35c0d8b64cc856c2ae2f3d1c70ef3019acbc2ee957a663af358d094a95	S000805	1	P02	SYMBOLS.tsv	38020	status	x86_64	arch/x86/include/uapi/asm/vmx.h	operative_macro	EXIT_REASON_VMCALL	48	PENDING_REVIEW	COMPLETE	COMPLETE	vendor/linux/arch/x86/include/uapi/asm/vmx.h;vendor/linux/arch/x86/include/uapi/asm/vmx.h:48;rewrite/configs/x86_64/frozen.config;header_closure=rewrite/metadata/header_closure.tsv;selected=PENDING_REVIEW	425f94c2954b1fe80ebdbf9b29854e89750355df	ecce5e2cf9ed4fd4b561a9cf6dca8db733f61f1b33d1c611394f8a447b0cd6a0	a2fd9d3b9cd2636fb5536fc272c657191cee3bd16077411fbb79fb6e4fecb655	0123af9e96b58af4e98b91a2de5608d36b63c67864b9041d3340587f3dbe40d2	cfa8dcf0d81c408de38d4202fe1ce9d9e5e301d1e67439c9530da94b1e64ee3f	7484d7b0dd80f45e18d726b04752827fe28555cc5c1af0e127948380e6688abf
semantic-proposal-v1	SC1-d76e942b1a538cd6315516818a59cd31e34e5af6b15f7c8b6675e1712008b425	S000805	1	P02	SYMBOLS.tsv	38021	selection_expression	x86_64	arch/x86/include/uapi/asm/vmx.h	operative_macro	EXIT_REASON_VMCLEAR	49	PENDING_REVIEW	SOURCE_REVIEWED_VALUE	COMPLETE	vendor/linux/arch/x86/include/uapi/asm/vmx.h;vendor/linux/arch/x86/include/uapi/asm/vmx.h:49;rewrite/configs/x86_64/frozen.config;header_closure=rewrite/metadata/header_closure.tsv;selected=PENDING_REVIEW	425f94c2954b1fe80ebdbf9b29854e89750355df	ecce5e2cf9ed4fd4b561a9cf6dca8db733f61f1b33d1c611394f8a447b0cd6a0	a2fd9d3b9cd2636fb5536fc272c657191cee3bd16077411fbb79fb6e4fecb655	0123af9e96b58af4e98b91a2de5608d36b63c67864b9041d3340587f3dbe40d2	cfa8dcf0d81c408de38d4202fe1ce9d9e5e301d1e67439c9530da94b1e64ee3f	7484d7b0dd80f45e18d726b04752827fe28555cc5c1af0e127948380e6688abf
semantic-proposal-v1	SC1-13bfb097c3540be8a79e46cfddb10f2ef36c8fa00e742702509f018839f614c4	S000805	1	P02	SYMBOLS.tsv	38021	status	x86_64	arch/x86/include/uapi/asm/vmx.h	operative_macro	EXIT_REASON_VMCLEAR	49	PENDING_REVIEW	COMPLETE	COMPLETE	vendor/linux/arch/x86/include/uapi/asm/vmx.h;vendor/linux/arch/x86/include/uapi/asm/vmx.h:49;rewrite/configs/x86_64/frozen.config;header_closure=rewrite/metadata/header_closure.tsv;selected=PENDING_REVIEW	425f94c2954b1fe80ebdbf9b29854e89750355df	ecce5e2cf9ed4fd4b561a9cf6dca8db733f61f1b33d1c611394f8a447b0cd6a0	a2fd9d3b9cd2636fb5536fc272c657191cee3bd16077411fbb79fb6e4fecb655	0123af9e96b58af4e98b91a2de5608d36b63c67864b9041d3340587f3dbe40d2	cfa8dcf0d81c408de38d4202fe1ce9d9e5e301d1e67439c9530da94b1e64ee3f	7484d7b0dd80f45e18d726b04752827fe28555cc5c1af0e127948380e6688abf
semantic-proposal-v1	SC1-b087af36d9619754b3aae1c499c41827101680493fe8ce3cba8fa22733a57cf4	S000805	1	P02	SYMBOLS.tsv	38022	selection_expression	x86_64	arch/x86/include/uapi/asm/vmx.h	operative_macro	EXIT_REASON_VMLAUNCH	50	PENDING_REVIEW	SOURCE_REVIEWED_VALUE	COMPLETE	vendor/linux/arch/x86/include/uapi/asm/vmx.h;vendor/linux/arch/x86/include/uapi/asm/vmx.h:50;rewrite/configs/x86_64/frozen.config;header_closure=rewrite/metadata/header_closure.tsv;selected=PENDING_REVIEW	425f94c2954b1fe80ebdbf9b29854e89750355df	ecce5e2cf9ed4fd4b561a9cf6dca8db733f61f1b33d1c611394f8a447b0cd6a0	a2fd9d3b9cd2636fb5536fc272c657191cee3bd16077411fbb79fb6e4fecb655	0123af9e96b58af4e98b91a2de5608d36b63c67864b9041d3340587f3dbe40d2	cfa8dcf0d81c408de38d4202fe1ce9d9e5e301d1e67439c9530da94b1e64ee3f	7484d7b0dd80f45e18d726b04752827fe28555cc5c1af0e127948380e6688abf
semantic-proposal-v1	SC1-1579b0e00f7de2da2f18c4998445ae7fa7a4e58aa27182bdd23c885a420f8e62	S000805	1	P02	SYMBOLS.tsv	38022	status	x86_64	arch/x86/include/uapi/asm/vmx.h	operative_macro	EXIT_REASON_VMLAUNCH	50	PENDING_REVIEW	COMPLETE	COMPLETE	vendor/linux/arch/x86/include/uapi/asm/vmx.h;vendor/linux/arch/x86/include/uapi/asm/vmx.h:50;rewrite/configs/x86_64/frozen.config;header_closure=rewrite/metadata/header_closure.tsv;selected=PENDING_REVIEW	425f94c2954b1fe80ebdbf9b29854e89750355df	ecce5e2cf9ed4fd4b561a9cf6dca8db733f61f1b33d1c611394f8a447b0cd6a0	a2fd9d3b9cd2636fb5536fc272c657191cee3bd16077411fbb79fb6e4fecb655	0123af9e96b58af4e98b91a2de5608d36b63c67864b9041d3340587f3dbe40d2	cfa8dcf0d81c408de38d4202fe1ce9d9e5e301d1e67439c9530da94b1e64ee3f	7484d7b0dd80f45e18d726b04752827fe28555cc5c1af0e127948380e6688abf
semantic-proposal-v1	SC1-cb490981d489306761248d044751aa6f174f44bb596e73538cecf2b214415945	S000805	1	P02	SYMBOLS.tsv	38023	selection_expression	x86_64	arch/x86/include/uapi/asm/vmx.h	operative_macro	EXIT_REASON_VMPTRLD	51	PENDING_REVIEW	SOURCE_REVIEWED_VALUE	COMPLETE	vendor/linux/arch/x86/include/uapi/asm/vmx.h;vendor/linux/arch/x86/include/uapi/asm/vmx.h:51;rewrite/configs/x86_64/frozen.config;header_closure=rewrite/metadata/header_closure.tsv;selected=PENDING_REVIEW	425f94c2954b1fe80ebdbf9b29854e89750355df	ecce5e2cf9ed4fd4b561a9cf6dca8db733f61f1b33d1c611394f8a447b0cd6a0	a2fd9d3b9cd2636fb5536fc272c657191cee3bd16077411fbb79fb6e4fecb655	0123af9e96b58af4e98b91a2de5608d36b63c67864b9041d3340587f3dbe40d2	cfa8dcf0d81c408de38d4202fe1ce9d9e5e301d1e67439c9530da94b1e64ee3f	7484d7b0dd80f45e18d726b04752827fe28555cc5c1af0e127948380e6688abf
semantic-proposal-v1	SC1-31ec2d5ce1e37220e23204fbf344153b99155769f3067bbc9f8422de23c6dbfc	S000805	1	P02	SYMBOLS.tsv	38023	status	x86_64	arch/x86/include/uapi/asm/vmx.h	operative_macro	EXIT_REASON_VMPTRLD	51	PENDING_REVIEW	COMPLETE	COMPLETE	vendor/linux/arch/x86/include/uapi/asm/vmx.h;vendor/linux/arch/x86/include/uapi/asm/vmx.h:51;rewrite/configs/x86_64/frozen.config;header_closure=rewrite/metadata/header_closure.tsv;selected=PENDING_REVIEW	425f94c2954b1fe80ebdbf9b29854e89750355df	ecce5e2cf9ed4fd4b561a9cf6dca8db733f61f1b33d1c611394f8a447b0cd6a0	a2fd9d3b9cd2636fb5536fc272c657191cee3bd16077411fbb79fb6e4fecb655	0123af9e96b58af4e98b91a2de5608d36b63c67864b9041d3340587f3dbe40d2	cfa8dcf0d81c408de38d4202fe1ce9d9e5e301d1e67439c9530da94b1e64ee3f	7484d7b0dd80f45e18d726b04752827fe28555cc5c1af0e127948380e6688abf
semantic-proposal-v1	SC1-0fff010e0a4b8d8f55ab6abacafb7d480203148b5e99448dfa6a73546a772fde	S000805	1	P02	SYMBOLS.tsv	38024	selection_expression	x86_64	arch/x86/include/uapi/asm/vmx.h	operative_macro	EXIT_REASON_VMPTRST	52	PENDING_REVIEW	SOURCE_REVIEWED_VALUE	COMPLETE	vendor/linux/arch/x86/include/uapi/asm/vmx.h;vendor/linux/arch/x86/include/uapi/asm/vmx.h:52;rewrite/configs/x86_64/frozen.config;header_closure=rewrite/metadata/header_closure.tsv;selected=PENDING_REVIEW	425f94c2954b1fe80ebdbf9b29854e89750355df	ecce5e2cf9ed4fd4b561a9cf6dca8db733f61f1b33d1c611394f8a447b0cd6a0	a2fd9d3b9cd2636fb5536fc272c657191cee3bd16077411fbb79fb6e4fecb655	0123af9e96b58af4e98b91a2de5608d36b63c67864b9041d3340587f3dbe40d2	cfa8dcf0d81c408de38d4202fe1ce9d9e5e301d1e67439c9530da94b1e64ee3f	7484d7b0dd80f45e18d726b04752827fe28555cc5c1af0e127948380e6688abf
semantic-proposal-v1	SC1-6c273edc8114dcbca0899db43d220ee587c72fc217cb3133a13aa8227ab3460c	S000805	1	P02	SYMBOLS.tsv	38024	status	x86_64	arch/x86/include/uapi/asm/vmx.h	operative_macro	EXIT_REASON_VMPTRST	52	PENDING_REVIEW	COMPLETE	COMPLETE	vendor/linux/arch/x86/include/uapi/asm/vmx.h;vendor/linux/arch/x86/include/uapi/asm/vmx.h:52;rewrite/configs/x86_64/frozen.config;header_closure=rewrite/metadata/header_closure.tsv;selected=PENDING_REVIEW	425f94c2954b1fe80ebdbf9b29854e89750355df	ecce5e2cf9ed4fd4b561a9cf6dca8db733f61f1b33d1c611394f8a447b0cd6a0	a2fd9d3b9cd2636fb5536fc272c657191cee3bd16077411fbb79fb6e4fecb655	0123af9e96b58af4e98b91a2de5608d36b63c67864b9041d3340587f3dbe40d2	cfa8dcf0d81c408de38d4202fe1ce9d9e5e301d1e67439c9530da94b1e64ee3f	7484d7b0dd80f45e18d726b04752827fe28555cc5c1af0e127948380e6688abf
semantic-proposal-v1	SC1-2d6f1c7d3b7bf874e86ec98ed64133b418740f04c37b7be2641fd504c4cbe005	S000805	1	P02	SYMBOLS.tsv	38025	selection_expression	x86_64	arch/x86/include/uapi/asm/vmx.h	operative_macro	EXIT_REASON_VMREAD	53	PENDING_REVIEW	SOURCE_REVIEWED_VALUE	COMPLETE	vendor/linux/arch/x86/include/uapi/asm/vmx.h;vendor/linux/arch/x86/include/uapi/asm/vmx.h:53;rewrite/configs/x86_64/frozen.config;header_closure=rewrite/metadata/header_closure.tsv;selected=PENDING_REVIEW	425f94c2954b1fe80ebdbf9b29854e89750355df	ecce5e2cf9ed4fd4b561a9cf6dca8db733f61f1b33d1c611394f8a447b0cd6a0	a2fd9d3b9cd2636fb5536fc272c657191cee3bd16077411fbb79fb6e4fecb655	0123af9e96b58af4e98b91a2de5608d36b63c67864b9041d3340587f3dbe40d2	cfa8dcf0d81c408de38d4202fe1ce9d9e5e301d1e67439c9530da94b1e64ee3f	7484d7b0dd80f45e18d726b04752827fe28555cc5c1af0e127948380e6688abf
semantic-proposal-v1	SC1-97c96d5d89cc3dfbee41bfd099e27e866e7bea08ba5fe9080dd78e5db44abfa2	S000805	1	P02	SYMBOLS.tsv	38025	status	x86_64	arch/x86/include/uapi/asm/vmx.h	operative_macro	EXIT_REASON_VMREAD	53	PENDING_REVIEW	COMPLETE	COMPLETE	vendor/linux/arch/x86/include/uapi/asm/vmx.h;vendor/linux/arch/x86/include/uapi/asm/vmx.h:53;rewrite/configs/x86_64/frozen.config;header_closure=rewrite/metadata/header_closure.tsv;selected=PENDING_REVIEW	425f94c2954b1fe80ebdbf9b29854e89750355df	ecce5e2cf9ed4fd4b561a9cf6dca8db733f61f1b33d1c611394f8a447b0cd6a0	a2fd9d3b9cd2636fb5536fc272c657191cee3bd16077411fbb79fb6e4fecb655	0123af9e96b58af4e98b91a2de5608d36b63c67864b9041d3340587f3dbe40d2	cfa8dcf0d81c408de38d4202fe1ce9d9e5e301d1e67439c9530da94b1e64ee3f	7484d7b0dd80f45e18d726b04752827fe28555cc5c1af0e127948380e6688abf
semantic-proposal-v1	SC1-46ce6f41ae22f44cae701372fce4d53b8163aa46558eea5647533e9d0d71149b	S000805	1	P02	SYMBOLS.tsv	38026	selection_expression	x86_64	arch/x86/include/uapi/asm/vmx.h	operative_macro	EXIT_REASON_VMRESUME	54	PENDING_REVIEW	SOURCE_REVIEWED_VALUE	COMPLETE	vendor/linux/arch/x86/include/uapi/asm/vmx.h;vendor/linux/arch/x86/include/uapi/asm/vmx.h:54;rewrite/configs/x86_64/frozen.config;header_closure=rewrite/metadata/header_closure.tsv;selected=PENDING_REVIEW	425f94c2954b1fe80ebdbf9b29854e89750355df	ecce5e2cf9ed4fd4b561a9cf6dca8db733f61f1b33d1c611394f8a447b0cd6a0	a2fd9d3b9cd2636fb5536fc272c657191cee3bd16077411fbb79fb6e4fecb655	0123af9e96b58af4e98b91a2de5608d36b63c67864b9041d3340587f3dbe40d2	cfa8dcf0d81c408de38d4202fe1ce9d9e5e301d1e67439c9530da94b1e64ee3f	7484d7b0dd80f45e18d726b04752827fe28555cc5c1af0e127948380e6688abf
semantic-proposal-v1	SC1-2780f6459448c9e2afaef36c86c93dd8f7779f66f1883390e0ee94162cd960b8	S000805	1	P02	SYMBOLS.tsv	38026	status	x86_64	arch/x86/include/uapi/asm/vmx.h	operative_macro	EXIT_REASON_VMRESUME	54	PENDING_REVIEW	COMPLETE	COMPLETE	vendor/linux/arch/x86/include/uapi/asm/vmx.h;vendor/linux/arch/x86/include/uapi/asm/vmx.h:54;rewrite/configs/x86_64/frozen.config;header_closure=rewrite/metadata/header_closure.tsv;selected=PENDING_REVIEW	425f94c2954b1fe80ebdbf9b29854e89750355df	ecce5e2cf9ed4fd4b561a9cf6dca8db733f61f1b33d1c611394f8a447b0cd6a0	a2fd9d3b9cd2636fb5536fc272c657191cee3bd16077411fbb79fb6e4fecb655	0123af9e96b58af4e98b91a2de5608d36b63c67864b9041d3340587f3dbe40d2	cfa8dcf0d81c408de38d4202fe1ce9d9e5e301d1e67439c9530da94b1e64ee3f	7484d7b0dd80f45e18d726b04752827fe28555cc5c1af0e127948380e6688abf
semantic-proposal-v1	SC1-032629d6aa345349000fbb262af4db751d0095cdd5cf18eee686747ebfe70488	S000805	1	P02	SYMBOLS.tsv	38027	selection_expression	x86_64	arch/x86/include/uapi/asm/vmx.h	operative_macro	EXIT_REASON_VMWRITE	55	PENDING_REVIEW	SOURCE_REVIEWED_VALUE	COMPLETE	vendor/linux/arch/x86/include/uapi/asm/vmx.h;vendor/linux/arch/x86/include/uapi/asm/vmx.h:55;rewrite/configs/x86_64/frozen.config;header_closure=rewrite/metadata/header_closure.tsv;selected=PENDING_REVIEW	425f94c2954b1fe80ebdbf9b29854e89750355df	ecce5e2cf9ed4fd4b561a9cf6dca8db733f61f1b33d1c611394f8a447b0cd6a0	a2fd9d3b9cd2636fb5536fc272c657191cee3bd16077411fbb79fb6e4fecb655	0123af9e96b58af4e98b91a2de5608d36b63c67864b9041d3340587f3dbe40d2	cfa8dcf0d81c408de38d4202fe1ce9d9e5e301d1e67439c9530da94b1e64ee3f	7484d7b0dd80f45e18d726b04752827fe28555cc5c1af0e127948380e6688abf
semantic-proposal-v1	SC1-f835ad40ab32d0234f3f8a5e330c2bc4fa199f787762d2b7e2180883196cce7e	S000805	1	P02	SYMBOLS.tsv	38027	status	x86_64	arch/x86/include/uapi/asm/vmx.h	operative_macro	EXIT_REASON_VMWRITE	55	PENDING_REVIEW	COMPLETE	COMPLETE	vendor/linux/arch/x86/include/uapi/asm/vmx.h;vendor/linux/arch/x86/include/uapi/asm/vmx.h:55;rewrite/configs/x86_64/frozen.config;header_closure=rewrite/metadata/header_closure.tsv;selected=PENDING_REVIEW	425f94c2954b1fe80ebdbf9b29854e89750355df	ecce5e2cf9ed4fd4b561a9cf6dca8db733f61f1b33d1c611394f8a447b0cd6a0	a2fd9d3b9cd2636fb5536fc272c657191cee3bd16077411fbb79fb6e4fecb655	0123af9e96b58af4e98b91a2de5608d36b63c67864b9041d3340587f3dbe40d2	cfa8dcf0d81c408de38d4202fe1ce9d9e5e301d1e67439c9530da94b1e64ee3f	7484d7b0dd80f45e18d726b04752827fe28555cc5c1af0e127948380e6688abf
semantic-proposal-v1	SC1-af205c9a149535838232e2dd42ae54fb1fa2c3413046f1939cd26829c393a3f7	S000805	1	P02	SYMBOLS.tsv	38028	selection_expression	x86_64	arch/x86/include/uapi/asm/vmx.h	operative_macro	EXIT_REASON_VMOFF	56	PENDING_REVIEW	SOURCE_REVIEWED_VALUE	COMPLETE	vendor/linux/arch/x86/include/uapi/asm/vmx.h;vendor/linux/arch/x86/include/uapi/asm/vmx.h:56;rewrite/configs/x86_64/frozen.config;header_closure=rewrite/metadata/header_closure.tsv;selected=PENDING_REVIEW	425f94c2954b1fe80ebdbf9b29854e89750355df	ecce5e2cf9ed4fd4b561a9cf6dca8db733f61f1b33d1c611394f8a447b0cd6a0	a2fd9d3b9cd2636fb5536fc272c657191cee3bd16077411fbb79fb6e4fecb655	0123af9e96b58af4e98b91a2de5608d36b63c67864b9041d3340587f3dbe40d2	cfa8dcf0d81c408de38d4202fe1ce9d9e5e301d1e67439c9530da94b1e64ee3f	7484d7b0dd80f45e18d726b04752827fe28555cc5c1af0e127948380e6688abf
semantic-proposal-v1	SC1-a26c0dbabca4c145a2c3ef5c4bfb7064efdf458d505941b9654f94a5140db2e2	S000805	1	P02	SYMBOLS.tsv	38028	status	x86_64	arch/x86/include/uapi/asm/vmx.h	operative_macro	EXIT_REASON_VMOFF	56	PENDING_REVIEW	COMPLETE	COMPLETE	vendor/linux/arch/x86/include/uapi/asm/vmx.h;vendor/linux/arch/x86/include/uapi/asm/vmx.h:56;rewrite/configs/x86_64/frozen.config;header_closure=rewrite/metadata/header_closure.tsv;selected=PENDING_REVIEW	425f94c2954b1fe80ebdbf9b29854e89750355df	ecce5e2cf9ed4fd4b561a9cf6dca8db733f61f1b33d1c611394f8a447b0cd6a0	a2fd9d3b9cd2636fb5536fc272c657191cee3bd16077411fbb79fb6e4fecb655	0123af9e96b58af4e98b91a2de5608d36b63c67864b9041d3340587f3dbe40d2	cfa8dcf0d81c408de38d4202fe1ce9d9e5e301d1e67439c9530da94b1e64ee3f	7484d7b0dd80f45e18d726b04752827fe28555cc5c1af0e127948380e6688abf
semantic-proposal-v1	SC1-b748fafd67737881b42d1515b2aca7740725d1185df73dd1aeb78f0e95d3c370	S000805	1	P02	SYMBOLS.tsv	38029	selection_expression	x86_64	arch/x86/include/uapi/asm/vmx.h	operative_macro	EXIT_REASON_VMON	57	PENDING_REVIEW	SOURCE_REVIEWED_VALUE	COMPLETE	vendor/linux/arch/x86/include/uapi/asm/vmx.h;vendor/linux/arch/x86/include/uapi/asm/vmx.h:57;rewrite/configs/x86_64/frozen.config;header_closure=rewrite/metadata/header_closure.tsv;selected=PENDING_REVIEW	425f94c2954b1fe80ebdbf9b29854e89750355df	ecce5e2cf9ed4fd4b561a9cf6dca8db733f61f1b33d1c611394f8a447b0cd6a0	a2fd9d3b9cd2636fb5536fc272c657191cee3bd16077411fbb79fb6e4fecb655	0123af9e96b58af4e98b91a2de5608d36b63c67864b9041d3340587f3dbe40d2	cfa8dcf0d81c408de38d4202fe1ce9d9e5e301d1e67439c9530da94b1e64ee3f	7484d7b0dd80f45e18d726b04752827fe28555cc5c1af0e127948380e6688abf
semantic-proposal-v1	SC1-3252fca5cd8c3b2773dc600221d236dcada60f216e149d509c4c2daf5a3aaf32	S000805	1	P02	SYMBOLS.tsv	38029	status	x86_64	arch/x86/include/uapi/asm/vmx.h	operative_macro	EXIT_REASON_VMON	57	PENDING_REVIEW	COMPLETE	COMPLETE	vendor/linux/arch/x86/include/uapi/asm/vmx.h;vendor/linux/arch/x86/include/uapi/asm/vmx.h:57;rewrite/configs/x86_64/frozen.config;header_closure=rewrite/metadata/header_closure.tsv;selected=PENDING_REVIEW	425f94c2954b1fe80ebdbf9b29854e89750355df	ecce5e2cf9ed4fd4b561a9cf6dca8db733f61f1b33d1c611394f8a447b0cd6a0	a2fd9d3b9cd2636fb5536fc272c657191cee3bd16077411fbb79fb6e4fecb655	0123af9e96b58af4e98b91a2de5608d36b63c67864b9041d3340587f3dbe40d2	cfa8dcf0d81c408de38d4202fe1ce9d9e5e301d1e67439c9530da94b1e64ee3f	7484d7b0dd80f45e18d726b04752827fe28555cc5c1af0e127948380e6688abf
semantic-proposal-v1	SC1-e58db60ba2deebfb27ac1da1f30b859ce7c0627fa8d72e561ab8b570f83fa68b	S000805	1	P02	SYMBOLS.tsv	38030	selection_expression	x86_64	arch/x86/include/uapi/asm/vmx.h	operative_macro	EXIT_REASON_CR_ACCESS	58	PENDING_REVIEW	SOURCE_REVIEWED_VALUE	COMPLETE	vendor/linux/arch/x86/include/uapi/asm/vmx.h;vendor/linux/arch/x86/include/uapi/asm/vmx.h:58;rewrite/configs/x86_64/frozen.config;header_closure=rewrite/metadata/header_closure.tsv;selected=PENDING_REVIEW	425f94c2954b1fe80ebdbf9b29854e89750355df	ecce5e2cf9ed4fd4b561a9cf6dca8db733f61f1b33d1c611394f8a447b0cd6a0	a2fd9d3b9cd2636fb5536fc272c657191cee3bd16077411fbb79fb6e4fecb655	0123af9e96b58af4e98b91a2de5608d36b63c67864b9041d3340587f3dbe40d2	cfa8dcf0d81c408de38d4202fe1ce9d9e5e301d1e67439c9530da94b1e64ee3f	7484d7b0dd80f45e18d726b04752827fe28555cc5c1af0e127948380e6688abf
semantic-proposal-v1	SC1-4a65a5912a9ad00cb273e0e3a3ad490e4b69284a6d4748a9e513f718061f99b3	S000805	1	P02	SYMBOLS.tsv	38030	status	x86_64	arch/x86/include/uapi/asm/vmx.h	operative_macro	EXIT_REASON_CR_ACCESS	58	PENDING_REVIEW	COMPLETE	COMPLETE	vendor/linux/arch/x86/include/uapi/asm/vmx.h;vendor/linux/arch/x86/include/uapi/asm/vmx.h:58;rewrite/configs/x86_64/frozen.config;header_closure=rewrite/metadata/header_closure.tsv;selected=PENDING_REVIEW	425f94c2954b1fe80ebdbf9b29854e89750355df	ecce5e2cf9ed4fd4b561a9cf6dca8db733f61f1b33d1c611394f8a447b0cd6a0	a2fd9d3b9cd2636fb5536fc272c657191cee3bd16077411fbb79fb6e4fecb655	0123af9e96b58af4e98b91a2de5608d36b63c67864b9041d3340587f3dbe40d2	cfa8dcf0d81c408de38d4202fe1ce9d9e5e301d1e67439c9530da94b1e64ee3f	7484d7b0dd80f45e18d726b04752827fe28555cc5c1af0e127948380e6688abf
semantic-proposal-v1	SC1-bfeb72438dbf23249b2790f18e0e6e9de7dc9aa6f4bd34835cbacb047c11fb99	S000805	1	P02	SYMBOLS.tsv	38031	selection_expression	x86_64	arch/x86/include/uapi/asm/vmx.h	operative_macro	EXIT_REASON_DR_ACCESS	59	PENDING_REVIEW	SOURCE_REVIEWED_VALUE	COMPLETE	vendor/linux/arch/x86/include/uapi/asm/vmx.h;vendor/linux/arch/x86/include/uapi/asm/vmx.h:59;rewrite/configs/x86_64/frozen.config;header_closure=rewrite/metadata/header_closure.tsv;selected=PENDING_REVIEW	425f94c2954b1fe80ebdbf9b29854e89750355df	ecce5e2cf9ed4fd4b561a9cf6dca8db733f61f1b33d1c611394f8a447b0cd6a0	a2fd9d3b9cd2636fb5536fc272c657191cee3bd16077411fbb79fb6e4fecb655	0123af9e96b58af4e98b91a2de5608d36b63c67864b9041d3340587f3dbe40d2	cfa8dcf0d81c408de38d4202fe1ce9d9e5e301d1e67439c9530da94b1e64ee3f	7484d7b0dd80f45e18d726b04752827fe28555cc5c1af0e127948380e6688abf
semantic-proposal-v1	SC1-d1af45a83894a1c3dc4039dae04f433d20e7d669ecd75a54addc88d7667368c2	S000805	1	P02	SYMBOLS.tsv	38031	status	x86_64	arch/x86/include/uapi/asm/vmx.h	operative_macro	EXIT_REASON_DR_ACCESS	59	PENDING_REVIEW	COMPLETE	COMPLETE	vendor/linux/arch/x86/include/uapi/asm/vmx.h;vendor/linux/arch/x86/include/uapi/asm/vmx.h:59;rewrite/configs/x86_64/frozen.config;header_closure=rewrite/metadata/header_closure.tsv;selected=PENDING_REVIEW	425f94c2954b1fe80ebdbf9b29854e89750355df	ecce5e2cf9ed4fd4b561a9cf6dca8db733f61f1b33d1c611394f8a447b0cd6a0	a2fd9d3b9cd2636fb5536fc272c657191cee3bd16077411fbb79fb6e4fecb655	0123af9e96b58af4e98b91a2de5608d36b63c67864b9041d3340587f3dbe40d2	cfa8dcf0d81c408de38d4202fe1ce9d9e5e301d1e67439c9530da94b1e64ee3f	7484d7b0dd80f45e18d726b04752827fe28555cc5c1af0e127948380e6688abf
semantic-proposal-v1	SC1-ebb1245d18aced459a9aef8c675e7b53ef9709016a670e61ff463fa8c7af9c98	S000805	1	P02	SYMBOLS.tsv	38032	selection_expression	x86_64	arch/x86/include/uapi/asm/vmx.h	operative_macro	EXIT_REASON_IO_INSTRUCTION	60	PENDING_REVIEW	SOURCE_REVIEWED_VALUE	COMPLETE	vendor/linux/arch/x86/include/uapi/asm/vmx.h;vendor/linux/arch/x86/include/uapi/asm/vmx.h:60;rewrite/configs/x86_64/frozen.config;header_closure=rewrite/metadata/header_closure.tsv;selected=PENDING_REVIEW	425f94c2954b1fe80ebdbf9b29854e89750355df	ecce5e2cf9ed4fd4b561a9cf6dca8db733f61f1b33d1c611394f8a447b0cd6a0	a2fd9d3b9cd2636fb5536fc272c657191cee3bd16077411fbb79fb6e4fecb655	0123af9e96b58af4e98b91a2de5608d36b63c67864b9041d3340587f3dbe40d2	cfa8dcf0d81c408de38d4202fe1ce9d9e5e301d1e67439c9530da94b1e64ee3f	7484d7b0dd80f45e18d726b04752827fe28555cc5c1af0e127948380e6688abf
semantic-proposal-v1	SC1-bd0db9cb6e5ea30d78fc5faebecc91f0d840bb0cce86dff2d022ca3e153c1299	S000805	1	P02	SYMBOLS.tsv	38032	status	x86_64	arch/x86/include/uapi/asm/vmx.h	operative_macro	EXIT_REASON_IO_INSTRUCTION	60	PENDING_REVIEW	COMPLETE	COMPLETE	vendor/linux/arch/x86/include/uapi/asm/vmx.h;vendor/linux/arch/x86/include/uapi/asm/vmx.h:60;rewrite/configs/x86_64/frozen.config;header_closure=rewrite/metadata/header_closure.tsv;selected=PENDING_REVIEW	425f94c2954b1fe80ebdbf9b29854e89750355df	ecce5e2cf9ed4fd4b561a9cf6dca8db733f61f1b33d1c611394f8a447b0cd6a0	a2fd9d3b9cd2636fb5536fc272c657191cee3bd16077411fbb79fb6e4fecb655	0123af9e96b58af4e98b91a2de5608d36b63c67864b9041d3340587f3dbe40d2	cfa8dcf0d81c408de38d4202fe1ce9d9e5e301d1e67439c9530da94b1e64ee3f	7484d7b0dd80f45e18d726b04752827fe28555cc5c1af0e127948380e6688abf
semantic-proposal-v1	SC1-0aa8f2264d443e3784f8adc4d21ef62c62e6b1ad9ecc18825c481f457d45e274	S000805	1	P02	SYMBOLS.tsv	38033	selection_expression	x86_64	arch/x86/include/uapi/asm/vmx.h	operative_macro	EXIT_REASON_MSR_READ	61	PENDING_REVIEW	SOURCE_REVIEWED_VALUE	COMPLETE	vendor/linux/arch/x86/include/uapi/asm/vmx.h;vendor/linux/arch/x86/include/uapi/asm/vmx.h:61;rewrite/configs/x86_64/frozen.config;header_closure=rewrite/metadata/header_closure.tsv;selected=PENDING_REVIEW	425f94c2954b1fe80ebdbf9b29854e89750355df	ecce5e2cf9ed4fd4b561a9cf6dca8db733f61f1b33d1c611394f8a447b0cd6a0	a2fd9d3b9cd2636fb5536fc272c657191cee3bd16077411fbb79fb6e4fecb655	0123af9e96b58af4e98b91a2de5608d36b63c67864b9041d3340587f3dbe40d2	cfa8dcf0d81c408de38d4202fe1ce9d9e5e301d1e67439c9530da94b1e64ee3f	7484d7b0dd80f45e18d726b04752827fe28555cc5c1af0e127948380e6688abf
semantic-proposal-v1	SC1-85b3836c57cc74473ce26fd1250300d2fa39675c336224d2b6282fbefb36c26e	S000805	1	P02	SYMBOLS.tsv	38033	status	x86_64	arch/x86/include/uapi/asm/vmx.h	operative_macro	EXIT_REASON_MSR_READ	61	PENDING_REVIEW	COMPLETE	COMPLETE	vendor/linux/arch/x86/include/uapi/asm/vmx.h;vendor/linux/arch/x86/include/uapi/asm/vmx.h:61;rewrite/configs/x86_64/frozen.config;header_closure=rewrite/metadata/header_closure.tsv;selected=PENDING_REVIEW	425f94c2954b1fe80ebdbf9b29854e89750355df	ecce5e2cf9ed4fd4b561a9cf6dca8db733f61f1b33d1c611394f8a447b0cd6a0	a2fd9d3b9cd2636fb5536fc272c657191cee3bd16077411fbb79fb6e4fecb655	0123af9e96b58af4e98b91a2de5608d36b63c67864b9041d3340587f3dbe40d2	cfa8dcf0d81c408de38d4202fe1ce9d9e5e301d1e67439c9530da94b1e64ee3f	7484d7b0dd80f45e18d726b04752827fe28555cc5c1af0e127948380e6688abf
semantic-proposal-v1	SC1-0f7780a199b5c4d1e0e66225a1c38d08b646df9e735cd345043aa0634d6957b5	S000805	1	P02	SYMBOLS.tsv	38034	selection_expression	x86_64	arch/x86/include/uapi/asm/vmx.h	operative_macro	EXIT_REASON_MSR_WRITE	62	PENDING_REVIEW	SOURCE_REVIEWED_VALUE	COMPLETE	vendor/linux/arch/x86/include/uapi/asm/vmx.h;vendor/linux/arch/x86/include/uapi/asm/vmx.h:62;rewrite/configs/x86_64/frozen.config;header_closure=rewrite/metadata/header_closure.tsv;selected=PENDING_REVIEW	425f94c2954b1fe80ebdbf9b29854e89750355df	ecce5e2cf9ed4fd4b561a9cf6dca8db733f61f1b33d1c611394f8a447b0cd6a0	a2fd9d3b9cd2636fb5536fc272c657191cee3bd16077411fbb79fb6e4fecb655	0123af9e96b58af4e98b91a2de5608d36b63c67864b9041d3340587f3dbe40d2	cfa8dcf0d81c408de38d4202fe1ce9d9e5e301d1e67439c9530da94b1e64ee3f	7484d7b0dd80f45e18d726b04752827fe28555cc5c1af0e127948380e6688abf
semantic-proposal-v1	SC1-a04c2cb6c3f8c1d8ab7d0b8e655304f9b0d3ffd3f9d275794e115c75a5fac3fd	S000805	1	P02	SYMBOLS.tsv	38034	status	x86_64	arch/x86/include/uapi/asm/vmx.h	operative_macro	EXIT_REASON_MSR_WRITE	62	PENDING_REVIEW	COMPLETE	COMPLETE	vendor/linux/arch/x86/include/uapi/asm/vmx.h;vendor/linux/arch/x86/include/uapi/asm/vmx.h:62;rewrite/configs/x86_64/frozen.config;header_closure=rewrite/metadata/header_closure.tsv;selected=PENDING_REVIEW	425f94c2954b1fe80ebdbf9b29854e89750355df	ecce5e2cf9ed4fd4b561a9cf6dca8db733f61f1b33d1c611394f8a447b0cd6a0	a2fd9d3b9cd2636fb5536fc272c657191cee3bd16077411fbb79fb6e4fecb655	0123af9e96b58af4e98b91a2de5608d36b63c67864b9041d3340587f3dbe40d2	cfa8dcf0d81c408de38d4202fe1ce9d9e5e301d1e67439c9530da94b1e64ee3f	7484d7b0dd80f45e18d726b04752827fe28555cc5c1af0e127948380e6688abf
semantic-proposal-v1	SC1-047c006342ce5ff2583cd21979f7691d969f48fbbf19a00ddd7385f4e9f60c54	S000805	1	P02	SYMBOLS.tsv	38035	selection_expression	x86_64	arch/x86/include/uapi/asm/vmx.h	operative_macro	EXIT_REASON_INVALID_STATE	63	PENDING_REVIEW	SOURCE_REVIEWED_VALUE	COMPLETE	vendor/linux/arch/x86/include/uapi/asm/vmx.h;vendor/linux/arch/x86/include/uapi/asm/vmx.h:63;rewrite/configs/x86_64/frozen.config;header_closure=rewrite/metadata/header_closure.tsv;selected=PENDING_REVIEW	425f94c2954b1fe80ebdbf9b29854e89750355df	ecce5e2cf9ed4fd4b561a9cf6dca8db733f61f1b33d1c611394f8a447b0cd6a0	a2fd9d3b9cd2636fb5536fc272c657191cee3bd16077411fbb79fb6e4fecb655	0123af9e96b58af4e98b91a2de5608d36b63c67864b9041d3340587f3dbe40d2	cfa8dcf0d81c408de38d4202fe1ce9d9e5e301d1e67439c9530da94b1e64ee3f	7484d7b0dd80f45e18d726b04752827fe28555cc5c1af0e127948380e6688abf
semantic-proposal-v1	SC1-11c17a5ddc1cd15fb53129aaee21307f900637c6a57376289070137f6e6187dd	S000805	1	P02	SYMBOLS.tsv	38035	status	x86_64	arch/x86/include/uapi/asm/vmx.h	operative_macro	EXIT_REASON_INVALID_STATE	63	PENDING_REVIEW	COMPLETE	COMPLETE	vendor/linux/arch/x86/include/uapi/asm/vmx.h;vendor/linux/arch/x86/include/uapi/asm/vmx.h:63;rewrite/configs/x86_64/frozen.config;header_closure=rewrite/metadata/header_closure.tsv;selected=PENDING_REVIEW	425f94c2954b1fe80ebdbf9b29854e89750355df	ecce5e2cf9ed4fd4b561a9cf6dca8db733f61f1b33d1c611394f8a447b0cd6a0	a2fd9d3b9cd2636fb5536fc272c657191cee3bd16077411fbb79fb6e4fecb655	0123af9e96b58af4e98b91a2de5608d36b63c67864b9041d3340587f3dbe40d2	cfa8dcf0d81c408de38d4202fe1ce9d9e5e301d1e67439c9530da94b1e64ee3f	7484d7b0dd80f45e18d726b04752827fe28555cc5c1af0e127948380e6688abf
semantic-proposal-v1	SC1-88952c339e750ae9f950ac2183643feb1d57be7303cad69f0493ab3156235ddd	S000805	1	P02	SYMBOLS.tsv	38036	selection_expression	x86_64	arch/x86/include/uapi/asm/vmx.h	operative_macro	EXIT_REASON_MSR_LOAD_FAIL	64	PENDING_REVIEW	SOURCE_REVIEWED_VALUE	COMPLETE	vendor/linux/arch/x86/include/uapi/asm/vmx.h;vendor/linux/arch/x86/include/uapi/asm/vmx.h:64;rewrite/configs/x86_64/frozen.config;header_closure=rewrite/metadata/header_closure.tsv;selected=PENDING_REVIEW	425f94c2954b1fe80ebdbf9b29854e89750355df	ecce5e2cf9ed4fd4b561a9cf6dca8db733f61f1b33d1c611394f8a447b0cd6a0	a2fd9d3b9cd2636fb5536fc272c657191cee3bd16077411fbb79fb6e4fecb655	0123af9e96b58af4e98b91a2de5608d36b63c67864b9041d3340587f3dbe40d2	cfa8dcf0d81c408de38d4202fe1ce9d9e5e301d1e67439c9530da94b1e64ee3f	7484d7b0dd80f45e18d726b04752827fe28555cc5c1af0e127948380e6688abf
semantic-proposal-v1	SC1-53ac2a74f17de3e177ac7d0bd253580030d55c9aa4bc3b9272f1157d44409d1b	S000805	1	P02	SYMBOLS.tsv	38036	status	x86_64	arch/x86/include/uapi/asm/vmx.h	operative_macro	EXIT_REASON_MSR_LOAD_FAIL	64	PENDING_REVIEW	COMPLETE	COMPLETE	vendor/linux/arch/x86/include/uapi/asm/vmx.h;vendor/linux/arch/x86/include/uapi/asm/vmx.h:64;rewrite/configs/x86_64/frozen.config;header_closure=rewrite/metadata/header_closure.tsv;selected=PENDING_REVIEW	425f94c2954b1fe80ebdbf9b29854e89750355df	ecce5e2cf9ed4fd4b561a9cf6dca8db733f61f1b33d1c611394f8a447b0cd6a0	a2fd9d3b9cd2636fb5536fc272c657191cee3bd16077411fbb79fb6e4fecb655	0123af9e96b58af4e98b91a2de5608d36b63c67864b9041d3340587f3dbe40d2	cfa8dcf0d81c408de38d4202fe1ce9d9e5e301d1e67439c9530da94b1e64ee3f	7484d7b0dd80f45e18d726b04752827fe28555cc5c1af0e127948380e6688abf
semantic-proposal-v1	SC1-7a49544eeb4f5d77cc2e8ca741312ca5fc5f74f3f9623478a9462436f3a4a90e	S000805	1	P02	SYMBOLS.tsv	38037	selection_expression	x86_64	arch/x86/include/uapi/asm/vmx.h	operative_macro	EXIT_REASON_MWAIT_INSTRUCTION	65	PENDING_REVIEW	SOURCE_REVIEWED_VALUE	COMPLETE	vendor/linux/arch/x86/include/uapi/asm/vmx.h;vendor/linux/arch/x86/include/uapi/asm/vmx.h:65;rewrite/configs/x86_64/frozen.config;header_closure=rewrite/metadata/header_closure.tsv;selected=PENDING_REVIEW	425f94c2954b1fe80ebdbf9b29854e89750355df	ecce5e2cf9ed4fd4b561a9cf6dca8db733f61f1b33d1c611394f8a447b0cd6a0	a2fd9d3b9cd2636fb5536fc272c657191cee3bd16077411fbb79fb6e4fecb655	0123af9e96b58af4e98b91a2de5608d36b63c67864b9041d3340587f3dbe40d2	cfa8dcf0d81c408de38d4202fe1ce9d9e5e301d1e67439c9530da94b1e64ee3f	7484d7b0dd80f45e18d726b04752827fe28555cc5c1af0e127948380e6688abf
semantic-proposal-v1	SC1-fa4c717bb872efc564405fbdd7d3941220a83309bde95967d0c82dce595563c8	S000805	1	P02	SYMBOLS.tsv	38037	status	x86_64	arch/x86/include/uapi/asm/vmx.h	operative_macro	EXIT_REASON_MWAIT_INSTRUCTION	65	PENDING_REVIEW	COMPLETE	COMPLETE	vendor/linux/arch/x86/include/uapi/asm/vmx.h;vendor/linux/arch/x86/include/uapi/asm/vmx.h:65;rewrite/configs/x86_64/frozen.config;header_closure=rewrite/metadata/header_closure.tsv;selected=PENDING_REVIEW	425f94c2954b1fe80ebdbf9b29854e89750355df	ecce5e2cf9ed4fd4b561a9cf6dca8db733f61f1b33d1c611394f8a447b0cd6a0	a2fd9d3b9cd2636fb5536fc272c657191cee3bd16077411fbb79fb6e4fecb655	0123af9e96b58af4e98b91a2de5608d36b63c67864b9041d3340587f3dbe40d2	cfa8dcf0d81c408de38d4202fe1ce9d9e5e301d1e67439c9530da94b1e64ee3f	7484d7b0dd80f45e18d726b04752827fe28555cc5c1af0e127948380e6688abf
semantic-proposal-v1	SC1-465c6519f900536076432aed9393ff49592208691d27683208c4a2b106530d4e	S000805	1	P02	SYMBOLS.tsv	38038	selection_expression	x86_64	arch/x86/include/uapi/asm/vmx.h	operative_macro	EXIT_REASON_MONITOR_TRAP_FLAG	66	PENDING_REVIEW	SOURCE_REVIEWED_VALUE	COMPLETE	vendor/linux/arch/x86/include/uapi/asm/vmx.h;vendor/linux/arch/x86/include/uapi/asm/vmx.h:66;rewrite/configs/x86_64/frozen.config;header_closure=rewrite/metadata/header_closure.tsv;selected=PENDING_REVIEW	425f94c2954b1fe80ebdbf9b29854e89750355df	ecce5e2cf9ed4fd4b561a9cf6dca8db733f61f1b33d1c611394f8a447b0cd6a0	a2fd9d3b9cd2636fb5536fc272c657191cee3bd16077411fbb79fb6e4fecb655	0123af9e96b58af4e98b91a2de5608d36b63c67864b9041d3340587f3dbe40d2	cfa8dcf0d81c408de38d4202fe1ce9d9e5e301d1e67439c9530da94b1e64ee3f	7484d7b0dd80f45e18d726b04752827fe28555cc5c1af0e127948380e6688abf
semantic-proposal-v1	SC1-c6065ab98f072226ee4b11b7c00c8fedc7e901131515ff3b924c0375df508cc6	S000805	1	P02	SYMBOLS.tsv	38038	status	x86_64	arch/x86/include/uapi/asm/vmx.h	operative_macro	EXIT_REASON_MONITOR_TRAP_FLAG	66	PENDING_REVIEW	COMPLETE	COMPLETE	vendor/linux/arch/x86/include/uapi/asm/vmx.h;vendor/linux/arch/x86/include/uapi/asm/vmx.h:66;rewrite/configs/x86_64/frozen.config;header_closure=rewrite/metadata/header_closure.tsv;selected=PENDING_REVIEW	425f94c2954b1fe80ebdbf9b29854e89750355df	ecce5e2cf9ed4fd4b561a9cf6dca8db733f61f1b33d1c611394f8a447b0cd6a0	a2fd9d3b9cd2636fb5536fc272c657191cee3bd16077411fbb79fb6e4fecb655	0123af9e96b58af4e98b91a2de5608d36b63c67864b9041d3340587f3dbe40d2	cfa8dcf0d81c408de38d4202fe1ce9d9e5e301d1e67439c9530da94b1e64ee3f	7484d7b0dd80f45e18d726b04752827fe28555cc5c1af0e127948380e6688abf
semantic-proposal-v1	SC1-441a70ddafc85d69cdcfb0eac74d050fc4b649801a752194eae16148529b9105	S000805	1	P02	SYMBOLS.tsv	38039	selection_expression	x86_64	arch/x86/include/uapi/asm/vmx.h	operative_macro	EXIT_REASON_MONITOR_INSTRUCTION	67	PENDING_REVIEW	SOURCE_REVIEWED_VALUE	COMPLETE	vendor/linux/arch/x86/include/uapi/asm/vmx.h;vendor/linux/arch/x86/include/uapi/asm/vmx.h:67;rewrite/configs/x86_64/frozen.config;header_closure=rewrite/metadata/header_closure.tsv;selected=PENDING_REVIEW	425f94c2954b1fe80ebdbf9b29854e89750355df	ecce5e2cf9ed4fd4b561a9cf6dca8db733f61f1b33d1c611394f8a447b0cd6a0	a2fd9d3b9cd2636fb5536fc272c657191cee3bd16077411fbb79fb6e4fecb655	0123af9e96b58af4e98b91a2de5608d36b63c67864b9041d3340587f3dbe40d2	cfa8dcf0d81c408de38d4202fe1ce9d9e5e301d1e67439c9530da94b1e64ee3f	7484d7b0dd80f45e18d726b04752827fe28555cc5c1af0e127948380e6688abf
semantic-proposal-v1	SC1-9369b55ab5d1b15a23243e1dbb836ca37da5ab8e163cdb2004d56fcbbc313fd2	S000805	1	P02	SYMBOLS.tsv	38039	status	x86_64	arch/x86/include/uapi/asm/vmx.h	operative_macro	EXIT_REASON_MONITOR_INSTRUCTION	67	PENDING_REVIEW	COMPLETE	COMPLETE	vendor/linux/arch/x86/include/uapi/asm/vmx.h;vendor/linux/arch/x86/include/uapi/asm/vmx.h:67;rewrite/configs/x86_64/frozen.config;header_closure=rewrite/metadata/header_closure.tsv;selected=PENDING_REVIEW	425f94c2954b1fe80ebdbf9b29854e89750355df	ecce5e2cf9ed4fd4b561a9cf6dca8db733f61f1b33d1c611394f8a447b0cd6a0	a2fd9d3b9cd2636fb5536fc272c657191cee3bd16077411fbb79fb6e4fecb655	0123af9e96b58af4e98b91a2de5608d36b63c67864b9041d3340587f3dbe40d2	cfa8dcf0d81c408de38d4202fe1ce9d9e5e301d1e67439c9530da94b1e64ee3f	7484d7b0dd80f45e18d726b04752827fe28555cc5c1af0e127948380e6688abf
semantic-proposal-v1	SC1-6a81b8f2d5b8e321ab6eb6aba9979eea7ea6550757ad3fd0dbe6bea68a07ee00	S000805	1	P02	SYMBOLS.tsv	38040	selection_expression	x86_64	arch/x86/include/uapi/asm/vmx.h	operative_macro	EXIT_REASON_PAUSE_INSTRUCTION	68	PENDING_REVIEW	SOURCE_REVIEWED_VALUE	COMPLETE	vendor/linux/arch/x86/include/uapi/asm/vmx.h;vendor/linux/arch/x86/include/uapi/asm/vmx.h:68;rewrite/configs/x86_64/frozen.config;header_closure=rewrite/metadata/header_closure.tsv;selected=PENDING_REVIEW	425f94c2954b1fe80ebdbf9b29854e89750355df	ecce5e2cf9ed4fd4b561a9cf6dca8db733f61f1b33d1c611394f8a447b0cd6a0	a2fd9d3b9cd2636fb5536fc272c657191cee3bd16077411fbb79fb6e4fecb655	0123af9e96b58af4e98b91a2de5608d36b63c67864b9041d3340587f3dbe40d2	cfa8dcf0d81c408de38d4202fe1ce9d9e5e301d1e67439c9530da94b1e64ee3f	7484d7b0dd80f45e18d726b04752827fe28555cc5c1af0e127948380e6688abf
semantic-proposal-v1	SC1-aa4876a0ba83072eaac786ecaaa695a18844df256f1730f506051c7897587ef9	S000805	1	P02	SYMBOLS.tsv	38040	status	x86_64	arch/x86/include/uapi/asm/vmx.h	operative_macro	EXIT_REASON_PAUSE_INSTRUCTION	68	PENDING_REVIEW	COMPLETE	COMPLETE	vendor/linux/arch/x86/include/uapi/asm/vmx.h;vendor/linux/arch/x86/include/uapi/asm/vmx.h:68;rewrite/configs/x86_64/frozen.config;header_closure=rewrite/metadata/header_closure.tsv;selected=PENDING_REVIEW	425f94c2954b1fe80ebdbf9b29854e89750355df	ecce5e2cf9ed4fd4b561a9cf6dca8db733f61f1b33d1c611394f8a447b0cd6a0	a2fd9d3b9cd2636fb5536fc272c657191cee3bd16077411fbb79fb6e4fecb655	0123af9e96b58af4e98b91a2de5608d36b63c67864b9041d3340587f3dbe40d2	cfa8dcf0d81c408de38d4202fe1ce9d9e5e301d1e67439c9530da94b1e64ee3f	7484d7b0dd80f45e18d726b04752827fe28555cc5c1af0e127948380e6688abf
semantic-proposal-v1	SC1-6e85719ed422e61cbab0243ecb8416fc576628330fbc6bc592cd221c814eca2f	S000805	1	P02	SYMBOLS.tsv	38041	selection_expression	x86_64	arch/x86/include/uapi/asm/vmx.h	operative_macro	EXIT_REASON_MCE_DURING_VMENTRY	69	PENDING_REVIEW	SOURCE_REVIEWED_VALUE	COMPLETE	vendor/linux/arch/x86/include/uapi/asm/vmx.h;vendor/linux/arch/x86/include/uapi/asm/vmx.h:69;rewrite/configs/x86_64/frozen.config;header_closure=rewrite/metadata/header_closure.tsv;selected=PENDING_REVIEW	425f94c2954b1fe80ebdbf9b29854e89750355df	ecce5e2cf9ed4fd4b561a9cf6dca8db733f61f1b33d1c611394f8a447b0cd6a0	a2fd9d3b9cd2636fb5536fc272c657191cee3bd16077411fbb79fb6e4fecb655	0123af9e96b58af4e98b91a2de5608d36b63c67864b9041d3340587f3dbe40d2	cfa8dcf0d81c408de38d4202fe1ce9d9e5e301d1e67439c9530da94b1e64ee3f	7484d7b0dd80f45e18d726b04752827fe28555cc5c1af0e127948380e6688abf
semantic-proposal-v1	SC1-d84eb1e1fa8326dd0ed1444a120303e7c1b7d3fdc7368606cf89c422686c7452	S000805	1	P02	SYMBOLS.tsv	38041	status	x86_64	arch/x86/include/uapi/asm/vmx.h	operative_macro	EXIT_REASON_MCE_DURING_VMENTRY	69	PENDING_REVIEW	COMPLETE	COMPLETE	vendor/linux/arch/x86/include/uapi/asm/vmx.h;vendor/linux/arch/x86/include/uapi/asm/vmx.h:69;rewrite/configs/x86_64/frozen.config;header_closure=rewrite/metadata/header_closure.tsv;selected=PENDING_REVIEW	425f94c2954b1fe80ebdbf9b29854e89750355df	ecce5e2cf9ed4fd4b561a9cf6dca8db733f61f1b33d1c611394f8a447b0cd6a0	a2fd9d3b9cd2636fb5536fc272c657191cee3bd16077411fbb79fb6e4fecb655	0123af9e96b58af4e98b91a2de5608d36b63c67864b9041d3340587f3dbe40d2	cfa8dcf0d81c408de38d4202fe1ce9d9e5e301d1e67439c9530da94b1e64ee3f	7484d7b0dd80f45e18d726b04752827fe28555cc5c1af0e127948380e6688abf
semantic-proposal-v1	SC1-874208dd1d31207573186828d5ddf6a40d2b9606c5f07e0481093fcb49685803	S000805	1	P02	SYMBOLS.tsv	38042	selection_expression	x86_64	arch/x86/include/uapi/asm/vmx.h	operative_macro	EXIT_REASON_TPR_BELOW_THRESHOLD	70	PENDING_REVIEW	SOURCE_REVIEWED_VALUE	COMPLETE	vendor/linux/arch/x86/include/uapi/asm/vmx.h;vendor/linux/arch/x86/include/uapi/asm/vmx.h:70;rewrite/configs/x86_64/frozen.config;header_closure=rewrite/metadata/header_closure.tsv;selected=PENDING_REVIEW	425f94c2954b1fe80ebdbf9b29854e89750355df	ecce5e2cf9ed4fd4b561a9cf6dca8db733f61f1b33d1c611394f8a447b0cd6a0	a2fd9d3b9cd2636fb5536fc272c657191cee3bd16077411fbb79fb6e4fecb655	0123af9e96b58af4e98b91a2de5608d36b63c67864b9041d3340587f3dbe40d2	cfa8dcf0d81c408de38d4202fe1ce9d9e5e301d1e67439c9530da94b1e64ee3f	7484d7b0dd80f45e18d726b04752827fe28555cc5c1af0e127948380e6688abf
semantic-proposal-v1	SC1-3a2570b07df7b621f3da24e39936e32a08015de74234a5dec5df4de9d85d29f8	S000805	1	P02	SYMBOLS.tsv	38042	status	x86_64	arch/x86/include/uapi/asm/vmx.h	operative_macro	EXIT_REASON_TPR_BELOW_THRESHOLD	70	PENDING_REVIEW	COMPLETE	COMPLETE	vendor/linux/arch/x86/include/uapi/asm/vmx.h;vendor/linux/arch/x86/include/uapi/asm/vmx.h:70;rewrite/configs/x86_64/frozen.config;header_closure=rewrite/metadata/header_closure.tsv;selected=PENDING_REVIEW	425f94c2954b1fe80ebdbf9b29854e89750355df	ecce5e2cf9ed4fd4b561a9cf6dca8db733f61f1b33d1c611394f8a447b0cd6a0	a2fd9d3b9cd2636fb5536fc272c657191cee3bd16077411fbb79fb6e4fecb655	0123af9e96b58af4e98b91a2de5608d36b63c67864b9041d3340587f3dbe40d2	cfa8dcf0d81c408de38d4202fe1ce9d9e5e301d1e67439c9530da94b1e64ee3f	7484d7b0dd80f45e18d726b04752827fe28555cc5c1af0e127948380e6688abf
semantic-proposal-v1	SC1-3905e2d9a22bec1af34212c8a4821d7f08adfdcd42db0d5eb2330aab2fde6609	S000805	1	P02	SYMBOLS.tsv	38043	selection_expression	x86_64	arch/x86/include/uapi/asm/vmx.h	operative_macro	EXIT_REASON_APIC_ACCESS	71	PENDING_REVIEW	SOURCE_REVIEWED_VALUE	COMPLETE	vendor/linux/arch/x86/include/uapi/asm/vmx.h;vendor/linux/arch/x86/include/uapi/asm/vmx.h:71;rewrite/configs/x86_64/frozen.config;header_closure=rewrite/metadata/header_closure.tsv;selected=PENDING_REVIEW	425f94c2954b1fe80ebdbf9b29854e89750355df	ecce5e2cf9ed4fd4b561a9cf6dca8db733f61f1b33d1c611394f8a447b0cd6a0	a2fd9d3b9cd2636fb5536fc272c657191cee3bd16077411fbb79fb6e4fecb655	0123af9e96b58af4e98b91a2de5608d36b63c67864b9041d3340587f3dbe40d2	cfa8dcf0d81c408de38d4202fe1ce9d9e5e301d1e67439c9530da94b1e64ee3f	7484d7b0dd80f45e18d726b04752827fe28555cc5c1af0e127948380e6688abf
semantic-proposal-v1	SC1-7372e5675fd802f90f5a0a394f32b1f2e9430e162df3e0d2882b0744b868dc10	S000805	1	P02	SYMBOLS.tsv	38043	status	x86_64	arch/x86/include/uapi/asm/vmx.h	operative_macro	EXIT_REASON_APIC_ACCESS	71	PENDING_REVIEW	COMPLETE	COMPLETE	vendor/linux/arch/x86/include/uapi/asm/vmx.h;vendor/linux/arch/x86/include/uapi/asm/vmx.h:71;rewrite/configs/x86_64/frozen.config;header_closure=rewrite/metadata/header_closure.tsv;selected=PENDING_REVIEW	425f94c2954b1fe80ebdbf9b29854e89750355df	ecce5e2cf9ed4fd4b561a9cf6dca8db733f61f1b33d1c611394f8a447b0cd6a0	a2fd9d3b9cd2636fb5536fc272c657191cee3bd16077411fbb79fb6e4fecb655	0123af9e96b58af4e98b91a2de5608d36b63c67864b9041d3340587f3dbe40d2	cfa8dcf0d81c408de38d4202fe1ce9d9e5e301d1e67439c9530da94b1e64ee3f	7484d7b0dd80f45e18d726b04752827fe28555cc5c1af0e127948380e6688abf
semantic-proposal-v1	SC1-96b6dc19aa1b4f5f3d9c914ec742163c2a600161ec49db44135abe5d6e11afff	S000805	1	P02	SYMBOLS.tsv	38044	selection_expression	x86_64	arch/x86/include/uapi/asm/vmx.h	operative_macro	EXIT_REASON_EOI_INDUCED	72	PENDING_REVIEW	SOURCE_REVIEWED_VALUE	COMPLETE	vendor/linux/arch/x86/include/uapi/asm/vmx.h;vendor/linux/arch/x86/include/uapi/asm/vmx.h:72;rewrite/configs/x86_64/frozen.config;header_closure=rewrite/metadata/header_closure.tsv;selected=PENDING_REVIEW	425f94c2954b1fe80ebdbf9b29854e89750355df	ecce5e2cf9ed4fd4b561a9cf6dca8db733f61f1b33d1c611394f8a447b0cd6a0	a2fd9d3b9cd2636fb5536fc272c657191cee3bd16077411fbb79fb6e4fecb655	0123af9e96b58af4e98b91a2de5608d36b63c67864b9041d3340587f3dbe40d2	cfa8dcf0d81c408de38d4202fe1ce9d9e5e301d1e67439c9530da94b1e64ee3f	7484d7b0dd80f45e18d726b04752827fe28555cc5c1af0e127948380e6688abf
semantic-proposal-v1	SC1-76de1a4de9758de70fb4be8bcc7b821f2ba9a72f64f95738ce93fd4facc2a5b4	S000805	1	P02	SYMBOLS.tsv	38044	status	x86_64	arch/x86/include/uapi/asm/vmx.h	operative_macro	EXIT_REASON_EOI_INDUCED	72	PENDING_REVIEW	COMPLETE	COMPLETE	vendor/linux/arch/x86/include/uapi/asm/vmx.h;vendor/linux/arch/x86/include/uapi/asm/vmx.h:72;rewrite/configs/x86_64/frozen.config;header_closure=rewrite/metadata/header_closure.tsv;selected=PENDING_REVIEW	425f94c2954b1fe80ebdbf9b29854e89750355df	ecce5e2cf9ed4fd4b561a9cf6dca8db733f61f1b33d1c611394f8a447b0cd6a0	a2fd9d3b9cd2636fb5536fc272c657191cee3bd16077411fbb79fb6e4fecb655	0123af9e96b58af4e98b91a2de5608d36b63c67864b9041d3340587f3dbe40d2	cfa8dcf0d81c408de38d4202fe1ce9d9e5e301d1e67439c9530da94b1e64ee3f	7484d7b0dd80f45e18d726b04752827fe28555cc5c1af0e127948380e6688abf
semantic-proposal-v1	SC1-56496ad6a00d93fa09cf054c72cfa47ae9bc5b023d8911c6a9d54b2e31d9b180	S000805	1	P02	SYMBOLS.tsv	38045	selection_expression	x86_64	arch/x86/include/uapi/asm/vmx.h	operative_macro	EXIT_REASON_GDTR_IDTR	73	PENDING_REVIEW	SOURCE_REVIEWED_VALUE	COMPLETE	vendor/linux/arch/x86/include/uapi/asm/vmx.h;vendor/linux/arch/x86/include/uapi/asm/vmx.h:73;rewrite/configs/x86_64/frozen.config;header_closure=rewrite/metadata/header_closure.tsv;selected=PENDING_REVIEW	425f94c2954b1fe80ebdbf9b29854e89750355df	ecce5e2cf9ed4fd4b561a9cf6dca8db733f61f1b33d1c611394f8a447b0cd6a0	a2fd9d3b9cd2636fb5536fc272c657191cee3bd16077411fbb79fb6e4fecb655	0123af9e96b58af4e98b91a2de5608d36b63c67864b9041d3340587f3dbe40d2	cfa8dcf0d81c408de38d4202fe1ce9d9e5e301d1e67439c9530da94b1e64ee3f	7484d7b0dd80f45e18d726b04752827fe28555cc5c1af0e127948380e6688abf
semantic-proposal-v1	SC1-71ebc2ab3852df6c8d08dec032dcb73cc1284c3d4eea57045ae25974f38eb79d	S000805	1	P02	SYMBOLS.tsv	38045	status	x86_64	arch/x86/include/uapi/asm/vmx.h	operative_macro	EXIT_REASON_GDTR_IDTR	73	PENDING_REVIEW	COMPLETE	COMPLETE	vendor/linux/arch/x86/include/uapi/asm/vmx.h;vendor/linux/arch/x86/include/uapi/asm/vmx.h:73;rewrite/configs/x86_64/frozen.config;header_closure=rewrite/metadata/header_closure.tsv;selected=PENDING_REVIEW	425f94c2954b1fe80ebdbf9b29854e89750355df	ecce5e2cf9ed4fd4b561a9cf6dca8db733f61f1b33d1c611394f8a447b0cd6a0	a2fd9d3b9cd2636fb5536fc272c657191cee3bd16077411fbb79fb6e4fecb655	0123af9e96b58af4e98b91a2de5608d36b63c67864b9041d3340587f3dbe40d2	cfa8dcf0d81c408de38d4202fe1ce9d9e5e301d1e67439c9530da94b1e64ee3f	7484d7b0dd80f45e18d726b04752827fe28555cc5c1af0e127948380e6688abf
semantic-proposal-v1	SC1-adf789e5adca301d46ec95db1dcfc1b1d9eca45c266410c88486470fbb9a3949	S000805	1	P02	SYMBOLS.tsv	38046	selection_expression	x86_64	arch/x86/include/uapi/asm/vmx.h	operative_macro	EXIT_REASON_LDTR_TR	74	PENDING_REVIEW	SOURCE_REVIEWED_VALUE	COMPLETE	vendor/linux/arch/x86/include/uapi/asm/vmx.h;vendor/linux/arch/x86/include/uapi/asm/vmx.h:74;rewrite/configs/x86_64/frozen.config;header_closure=rewrite/metadata/header_closure.tsv;selected=PENDING_REVIEW	425f94c2954b1fe80ebdbf9b29854e89750355df	ecce5e2cf9ed4fd4b561a9cf6dca8db733f61f1b33d1c611394f8a447b0cd6a0	a2fd9d3b9cd2636fb5536fc272c657191cee3bd16077411fbb79fb6e4fecb655	0123af9e96b58af4e98b91a2de5608d36b63c67864b9041d3340587f3dbe40d2	cfa8dcf0d81c408de38d4202fe1ce9d9e5e301d1e67439c9530da94b1e64ee3f	7484d7b0dd80f45e18d726b04752827fe28555cc5c1af0e127948380e6688abf
semantic-proposal-v1	SC1-e3621cb9ed1f94a5d0efe0c20ba82c1a090e9f0a3a113da306fa0eae73928b5f	S000805	1	P02	SYMBOLS.tsv	38046	status	x86_64	arch/x86/include/uapi/asm/vmx.h	operative_macro	EXIT_REASON_LDTR_TR	74	PENDING_REVIEW	COMPLETE	COMPLETE	vendor/linux/arch/x86/include/uapi/asm/vmx.h;vendor/linux/arch/x86/include/uapi/asm/vmx.h:74;rewrite/configs/x86_64/frozen.config;header_closure=rewrite/metadata/header_closure.tsv;selected=PENDING_REVIEW	425f94c2954b1fe80ebdbf9b29854e89750355df	ecce5e2cf9ed4fd4b561a9cf6dca8db733f61f1b33d1c611394f8a447b0cd6a0	a2fd9d3b9cd2636fb5536fc272c657191cee3bd16077411fbb79fb6e4fecb655	0123af9e96b58af4e98b91a2de5608d36b63c67864b9041d3340587f3dbe40d2	cfa8dcf0d81c408de38d4202fe1ce9d9e5e301d1e67439c9530da94b1e64ee3f	7484d7b0dd80f45e18d726b04752827fe28555cc5c1af0e127948380e6688abf
semantic-proposal-v1	SC1-131184810ae15c7449eddf70cf8ca081848ca6e705187cede6cc9f45740324b7	S000805	1	P02	SYMBOLS.tsv	38047	selection_expression	x86_64	arch/x86/include/uapi/asm/vmx.h	operative_macro	EXIT_REASON_EPT_VIOLATION	75	PENDING_REVIEW	SOURCE_REVIEWED_VALUE	COMPLETE	vendor/linux/arch/x86/include/uapi/asm/vmx.h;vendor/linux/arch/x86/include/uapi/asm/vmx.h:75;rewrite/configs/x86_64/frozen.config;header_closure=rewrite/metadata/header_closure.tsv;selected=PENDING_REVIEW	425f94c2954b1fe80ebdbf9b29854e89750355df	ecce5e2cf9ed4fd4b561a9cf6dca8db733f61f1b33d1c611394f8a447b0cd6a0	a2fd9d3b9cd2636fb5536fc272c657191cee3bd16077411fbb79fb6e4fecb655	0123af9e96b58af4e98b91a2de5608d36b63c67864b9041d3340587f3dbe40d2	cfa8dcf0d81c408de38d4202fe1ce9d9e5e301d1e67439c9530da94b1e64ee3f	7484d7b0dd80f45e18d726b04752827fe28555cc5c1af0e127948380e6688abf
semantic-proposal-v1	SC1-8a8b353d9396506161dbcc26abaf4daa2d27edbddf6cc616f2a974a875db50d0	S000805	1	P02	SYMBOLS.tsv	38047	status	x86_64	arch/x86/include/uapi/asm/vmx.h	operative_macro	EXIT_REASON_EPT_VIOLATION	75	PENDING_REVIEW	COMPLETE	COMPLETE	vendor/linux/arch/x86/include/uapi/asm/vmx.h;vendor/linux/arch/x86/include/uapi/asm/vmx.h:75;rewrite/configs/x86_64/frozen.config;header_closure=rewrite/metadata/header_closure.tsv;selected=PENDING_REVIEW	425f94c2954b1fe80ebdbf9b29854e89750355df	ecce5e2cf9ed4fd4b561a9cf6dca8db733f61f1b33d1c611394f8a447b0cd6a0	a2fd9d3b9cd2636fb5536fc272c657191cee3bd16077411fbb79fb6e4fecb655	0123af9e96b58af4e98b91a2de5608d36b63c67864b9041d3340587f3dbe40d2	cfa8dcf0d81c408de38d4202fe1ce9d9e5e301d1e67439c9530da94b1e64ee3f	7484d7b0dd80f45e18d726b04752827fe28555cc5c1af0e127948380e6688abf
semantic-proposal-v1	SC1-034a593fe5152eeaa5f4b5e425b1df182da851c786a6bbf54f01b74038a58c14	S000805	1	P02	SYMBOLS.tsv	38048	selection_expression	x86_64	arch/x86/include/uapi/asm/vmx.h	operative_macro	EXIT_REASON_EPT_MISCONFIG	76	PENDING_REVIEW	SOURCE_REVIEWED_VALUE	COMPLETE	vendor/linux/arch/x86/include/uapi/asm/vmx.h;vendor/linux/arch/x86/include/uapi/asm/vmx.h:76;rewrite/configs/x86_64/frozen.config;header_closure=rewrite/metadata/header_closure.tsv;selected=PENDING_REVIEW	425f94c2954b1fe80ebdbf9b29854e89750355df	ecce5e2cf9ed4fd4b561a9cf6dca8db733f61f1b33d1c611394f8a447b0cd6a0	a2fd9d3b9cd2636fb5536fc272c657191cee3bd16077411fbb79fb6e4fecb655	0123af9e96b58af4e98b91a2de5608d36b63c67864b9041d3340587f3dbe40d2	cfa8dcf0d81c408de38d4202fe1ce9d9e5e301d1e67439c9530da94b1e64ee3f	7484d7b0dd80f45e18d726b04752827fe28555cc5c1af0e127948380e6688abf
semantic-proposal-v1	SC1-ad285d4d50aa3a3cc6712b1e1c2adcd9dc4236efaaef92cf980bdcc63aac1f86	S000805	1	P02	SYMBOLS.tsv	38048	status	x86_64	arch/x86/include/uapi/asm/vmx.h	operative_macro	EXIT_REASON_EPT_MISCONFIG	76	PENDING_REVIEW	COMPLETE	COMPLETE	vendor/linux/arch/x86/include/uapi/asm/vmx.h;vendor/linux/arch/x86/include/uapi/asm/vmx.h:76;rewrite/configs/x86_64/frozen.config;header_closure=rewrite/metadata/header_closure.tsv;selected=PENDING_REVIEW	425f94c2954b1fe80ebdbf9b29854e89750355df	ecce5e2cf9ed4fd4b561a9cf6dca8db733f61f1b33d1c611394f8a447b0cd6a0	a2fd9d3b9cd2636fb5536fc272c657191cee3bd16077411fbb79fb6e4fecb655	0123af9e96b58af4e98b91a2de5608d36b63c67864b9041d3340587f3dbe40d2	cfa8dcf0d81c408de38d4202fe1ce9d9e5e301d1e67439c9530da94b1e64ee3f	7484d7b0dd80f45e18d726b04752827fe28555cc5c1af0e127948380e6688abf
semantic-proposal-v1	SC1-4ffea8b96183590dbb79558bb844abdbeb8de78f8d46f1d6c18a13a77a9b54fa	S000805	1	P02	SYMBOLS.tsv	38049	selection_expression	x86_64	arch/x86/include/uapi/asm/vmx.h	operative_macro	EXIT_REASON_INVEPT	77	PENDING_REVIEW	SOURCE_REVIEWED_VALUE	COMPLETE	vendor/linux/arch/x86/include/uapi/asm/vmx.h;vendor/linux/arch/x86/include/uapi/asm/vmx.h:77;rewrite/configs/x86_64/frozen.config;header_closure=rewrite/metadata/header_closure.tsv;selected=PENDING_REVIEW	425f94c2954b1fe80ebdbf9b29854e89750355df	ecce5e2cf9ed4fd4b561a9cf6dca8db733f61f1b33d1c611394f8a447b0cd6a0	a2fd9d3b9cd2636fb5536fc272c657191cee3bd16077411fbb79fb6e4fecb655	0123af9e96b58af4e98b91a2de5608d36b63c67864b9041d3340587f3dbe40d2	cfa8dcf0d81c408de38d4202fe1ce9d9e5e301d1e67439c9530da94b1e64ee3f	7484d7b0dd80f45e18d726b04752827fe28555cc5c1af0e127948380e6688abf
semantic-proposal-v1	SC1-57be6c80703b6f9e8f95b094296e263d1c8264718d379e83c3e11b59785bc359	S000805	1	P02	SYMBOLS.tsv	38049	status	x86_64	arch/x86/include/uapi/asm/vmx.h	operative_macro	EXIT_REASON_INVEPT	77	PENDING_REVIEW	COMPLETE	COMPLETE	vendor/linux/arch/x86/include/uapi/asm/vmx.h;vendor/linux/arch/x86/include/uapi/asm/vmx.h:77;rewrite/configs/x86_64/frozen.config;header_closure=rewrite/metadata/header_closure.tsv;selected=PENDING_REVIEW	425f94c2954b1fe80ebdbf9b29854e89750355df	ecce5e2cf9ed4fd4b561a9cf6dca8db733f61f1b33d1c611394f8a447b0cd6a0	a2fd9d3b9cd2636fb5536fc272c657191cee3bd16077411fbb79fb6e4fecb655	0123af9e96b58af4e98b91a2de5608d36b63c67864b9041d3340587f3dbe40d2	cfa8dcf0d81c408de38d4202fe1ce9d9e5e301d1e67439c9530da94b1e64ee3f	7484d7b0dd80f45e18d726b04752827fe28555cc5c1af0e127948380e6688abf
semantic-proposal-v1	SC1-8e262638b7b071b326859a155fb9f6a3a12747070f1d65f49c02a7db3a5ac28d	S000805	1	P02	SYMBOLS.tsv	38050	selection_expression	x86_64	arch/x86/include/uapi/asm/vmx.h	operative_macro	EXIT_REASON_RDTSCP	78	PENDING_REVIEW	SOURCE_REVIEWED_VALUE	COMPLETE	vendor/linux/arch/x86/include/uapi/asm/vmx.h;vendor/linux/arch/x86/include/uapi/asm/vmx.h:78;rewrite/configs/x86_64/frozen.config;header_closure=rewrite/metadata/header_closure.tsv;selected=PENDING_REVIEW	425f94c2954b1fe80ebdbf9b29854e89750355df	ecce5e2cf9ed4fd4b561a9cf6dca8db733f61f1b33d1c611394f8a447b0cd6a0	a2fd9d3b9cd2636fb5536fc272c657191cee3bd16077411fbb79fb6e4fecb655	0123af9e96b58af4e98b91a2de5608d36b63c67864b9041d3340587f3dbe40d2	cfa8dcf0d81c408de38d4202fe1ce9d9e5e301d1e67439c9530da94b1e64ee3f	7484d7b0dd80f45e18d726b04752827fe28555cc5c1af0e127948380e6688abf
semantic-proposal-v1	SC1-86d168fac637fadfa49839e9a8d6f7faae313a2e89693690c2b5bb48bb440e7c	S000805	1	P02	SYMBOLS.tsv	38050	status	x86_64	arch/x86/include/uapi/asm/vmx.h	operative_macro	EXIT_REASON_RDTSCP	78	PENDING_REVIEW	COMPLETE	COMPLETE	vendor/linux/arch/x86/include/uapi/asm/vmx.h;vendor/linux/arch/x86/include/uapi/asm/vmx.h:78;rewrite/configs/x86_64/frozen.config;header_closure=rewrite/metadata/header_closure.tsv;selected=PENDING_REVIEW	425f94c2954b1fe80ebdbf9b29854e89750355df	ecce5e2cf9ed4fd4b561a9cf6dca8db733f61f1b33d1c611394f8a447b0cd6a0	a2fd9d3b9cd2636fb5536fc272c657191cee3bd16077411fbb79fb6e4fecb655	0123af9e96b58af4e98b91a2de5608d36b63c67864b9041d3340587f3dbe40d2	cfa8dcf0d81c408de38d4202fe1ce9d9e5e301d1e67439c9530da94b1e64ee3f	7484d7b0dd80f45e18d726b04752827fe28555cc5c1af0e127948380e6688abf
semantic-proposal-v1	SC1-05cc5fd62d8518d55a16f947c1a30ff48e1cdaa3d904f3a8c668851d838c630a	S000805	1	P02	SYMBOLS.tsv	38051	selection_expression	x86_64	arch/x86/include/uapi/asm/vmx.h	operative_macro	EXIT_REASON_PREEMPTION_TIMER	79	PENDING_REVIEW	SOURCE_REVIEWED_VALUE	COMPLETE	vendor/linux/arch/x86/include/uapi/asm/vmx.h;vendor/linux/arch/x86/include/uapi/asm/vmx.h:79;rewrite/configs/x86_64/frozen.config;header_closure=rewrite/metadata/header_closure.tsv;selected=PENDING_REVIEW	425f94c2954b1fe80ebdbf9b29854e89750355df	ecce5e2cf9ed4fd4b561a9cf6dca8db733f61f1b33d1c611394f8a447b0cd6a0	a2fd9d3b9cd2636fb5536fc272c657191cee3bd16077411fbb79fb6e4fecb655	0123af9e96b58af4e98b91a2de5608d36b63c67864b9041d3340587f3dbe40d2	cfa8dcf0d81c408de38d4202fe1ce9d9e5e301d1e67439c9530da94b1e64ee3f	7484d7b0dd80f45e18d726b04752827fe28555cc5c1af0e127948380e6688abf
semantic-proposal-v1	SC1-da6770c325c66703536095f913537298cc443eccb2152a2e04d47f00ac304c3f	S000805	1	P02	SYMBOLS.tsv	38051	status	x86_64	arch/x86/include/uapi/asm/vmx.h	operative_macro	EXIT_REASON_PREEMPTION_TIMER	79	PENDING_REVIEW	COMPLETE	COMPLETE	vendor/linux/arch/x86/include/uapi/asm/vmx.h;vendor/linux/arch/x86/include/uapi/asm/vmx.h:79;rewrite/configs/x86_64/frozen.config;header_closure=rewrite/metadata/header_closure.tsv;selected=PENDING_REVIEW	425f94c2954b1fe80ebdbf9b29854e89750355df	ecce5e2cf9ed4fd4b561a9cf6dca8db733f61f1b33d1c611394f8a447b0cd6a0	a2fd9d3b9cd2636fb5536fc272c657191cee3bd16077411fbb79fb6e4fecb655	0123af9e96b58af4e98b91a2de5608d36b63c67864b9041d3340587f3dbe40d2	cfa8dcf0d81c408de38d4202fe1ce9d9e5e301d1e67439c9530da94b1e64ee3f	7484d7b0dd80f45e18d726b04752827fe28555cc5c1af0e127948380e6688abf
semantic-proposal-v1	SC1-481293cd07424618a5b896574ddee85471b45309f08319c1bc3d96a0ee126252	S000805	1	P02	SYMBOLS.tsv	38052	selection_expression	x86_64	arch/x86/include/uapi/asm/vmx.h	operative_macro	EXIT_REASON_INVVPID	80	PENDING_REVIEW	SOURCE_REVIEWED_VALUE	COMPLETE	vendor/linux/arch/x86/include/uapi/asm/vmx.h;vendor/linux/arch/x86/include/uapi/asm/vmx.h:80;rewrite/configs/x86_64/frozen.config;header_closure=rewrite/metadata/header_closure.tsv;selected=PENDING_REVIEW	425f94c2954b1fe80ebdbf9b29854e89750355df	ecce5e2cf9ed4fd4b561a9cf6dca8db733f61f1b33d1c611394f8a447b0cd6a0	a2fd9d3b9cd2636fb5536fc272c657191cee3bd16077411fbb79fb6e4fecb655	0123af9e96b58af4e98b91a2de5608d36b63c67864b9041d3340587f3dbe40d2	cfa8dcf0d81c408de38d4202fe1ce9d9e5e301d1e67439c9530da94b1e64ee3f	7484d7b0dd80f45e18d726b04752827fe28555cc5c1af0e127948380e6688abf
semantic-proposal-v1	SC1-080b2a651612c31f9062d54880422c0c389ba4135b9149f8f04f98093a593fda	S000805	1	P02	SYMBOLS.tsv	38052	status	x86_64	arch/x86/include/uapi/asm/vmx.h	operative_macro	EXIT_REASON_INVVPID	80	PENDING_REVIEW	COMPLETE	COMPLETE	vendor/linux/arch/x86/include/uapi/asm/vmx.h;vendor/linux/arch/x86/include/uapi/asm/vmx.h:80;rewrite/configs/x86_64/frozen.config;header_closure=rewrite/metadata/header_closure.tsv;selected=PENDING_REVIEW	425f94c2954b1fe80ebdbf9b29854e89750355df	ecce5e2cf9ed4fd4b561a9cf6dca8db733f61f1b33d1c611394f8a447b0cd6a0	a2fd9d3b9cd2636fb5536fc272c657191cee3bd16077411fbb79fb6e4fecb655	0123af9e96b58af4e98b91a2de5608d36b63c67864b9041d3340587f3dbe40d2	cfa8dcf0d81c408de38d4202fe1ce9d9e5e301d1e67439c9530da94b1e64ee3f	7484d7b0dd80f45e18d726b04752827fe28555cc5c1af0e127948380e6688abf
semantic-proposal-v1	SC1-3e0c5594e75f4b4a1657ea3a43995b6bfd3ce9d290a8f6687e6f645af47945d3	S000805	1	P02	SYMBOLS.tsv	38053	selection_expression	x86_64	arch/x86/include/uapi/asm/vmx.h	operative_macro	EXIT_REASON_WBINVD	81	PENDING_REVIEW	SOURCE_REVIEWED_VALUE	COMPLETE	vendor/linux/arch/x86/include/uapi/asm/vmx.h;vendor/linux/arch/x86/include/uapi/asm/vmx.h:81;rewrite/configs/x86_64/frozen.config;header_closure=rewrite/metadata/header_closure.tsv;selected=PENDING_REVIEW	425f94c2954b1fe80ebdbf9b29854e89750355df	ecce5e2cf9ed4fd4b561a9cf6dca8db733f61f1b33d1c611394f8a447b0cd6a0	a2fd9d3b9cd2636fb5536fc272c657191cee3bd16077411fbb79fb6e4fecb655	0123af9e96b58af4e98b91a2de5608d36b63c67864b9041d3340587f3dbe40d2	cfa8dcf0d81c408de38d4202fe1ce9d9e5e301d1e67439c9530da94b1e64ee3f	7484d7b0dd80f45e18d726b04752827fe28555cc5c1af0e127948380e6688abf
semantic-proposal-v1	SC1-b18d67eb16285cd283a946fec7e277b3be6e935a41a4f676448d96f5d63ffcd3	S000805	1	P02	SYMBOLS.tsv	38053	status	x86_64	arch/x86/include/uapi/asm/vmx.h	operative_macro	EXIT_REASON_WBINVD	81	PENDING_REVIEW	COMPLETE	COMPLETE	vendor/linux/arch/x86/include/uapi/asm/vmx.h;vendor/linux/arch/x86/include/uapi/asm/vmx.h:81;rewrite/configs/x86_64/frozen.config;header_closure=rewrite/metadata/header_closure.tsv;selected=PENDING_REVIEW	425f94c2954b1fe80ebdbf9b29854e89750355df	ecce5e2cf9ed4fd4b561a9cf6dca8db733f61f1b33d1c611394f8a447b0cd6a0	a2fd9d3b9cd2636fb5536fc272c657191cee3bd16077411fbb79fb6e4fecb655	0123af9e96b58af4e98b91a2de5608d36b63c67864b9041d3340587f3dbe40d2	cfa8dcf0d81c408de38d4202fe1ce9d9e5e301d1e67439c9530da94b1e64ee3f	7484d7b0dd80f45e18d726b04752827fe28555cc5c1af0e127948380e6688abf
semantic-proposal-v1	SC1-cc179d9e8b227800082b098dd41e709390ef6118bbee36f00e0a03204f873b50	S000805	1	P02	SYMBOLS.tsv	38054	selection_expression	x86_64	arch/x86/include/uapi/asm/vmx.h	operative_macro	EXIT_REASON_XSETBV	82	PENDING_REVIEW	SOURCE_REVIEWED_VALUE	COMPLETE	vendor/linux/arch/x86/include/uapi/asm/vmx.h;vendor/linux/arch/x86/include/uapi/asm/vmx.h:82;rewrite/configs/x86_64/frozen.config;header_closure=rewrite/metadata/header_closure.tsv;selected=PENDING_REVIEW	425f94c2954b1fe80ebdbf9b29854e89750355df	ecce5e2cf9ed4fd4b561a9cf6dca8db733f61f1b33d1c611394f8a447b0cd6a0	a2fd9d3b9cd2636fb5536fc272c657191cee3bd16077411fbb79fb6e4fecb655	0123af9e96b58af4e98b91a2de5608d36b63c67864b9041d3340587f3dbe40d2	cfa8dcf0d81c408de38d4202fe1ce9d9e5e301d1e67439c9530da94b1e64ee3f	7484d7b0dd80f45e18d726b04752827fe28555cc5c1af0e127948380e6688abf
semantic-proposal-v1	SC1-71eabcd15fbc37c10080ff2bd6ec341b087ed65fa5f5086e57b83091bc2f69f2	S000805	1	P02	SYMBOLS.tsv	38054	status	x86_64	arch/x86/include/uapi/asm/vmx.h	operative_macro	EXIT_REASON_XSETBV	82	PENDING_REVIEW	COMPLETE	COMPLETE	vendor/linux/arch/x86/include/uapi/asm/vmx.h;vendor/linux/arch/x86/include/uapi/asm/vmx.h:82;rewrite/configs/x86_64/frozen.config;header_closure=rewrite/metadata/header_closure.tsv;selected=PENDING_REVIEW	425f94c2954b1fe80ebdbf9b29854e89750355df	ecce5e2cf9ed4fd4b561a9cf6dca8db733f61f1b33d1c611394f8a447b0cd6a0	a2fd9d3b9cd2636fb5536fc272c657191cee3bd16077411fbb79fb6e4fecb655	0123af9e96b58af4e98b91a2de5608d36b63c67864b9041d3340587f3dbe40d2	cfa8dcf0d81c408de38d4202fe1ce9d9e5e301d1e67439c9530da94b1e64ee3f	7484d7b0dd80f45e18d726b04752827fe28555cc5c1af0e127948380e6688abf
semantic-proposal-v1	SC1-23ef984f1ae200a6b74e28c6cf77ad19208feef42b92e899e0b4bae90901e1b6	S000805	1	P02	SYMBOLS.tsv	38055	selection_expression	x86_64	arch/x86/include/uapi/asm/vmx.h	operative_macro	EXIT_REASON_APIC_WRITE	83	PENDING_REVIEW	SOURCE_REVIEWED_VALUE	COMPLETE	vendor/linux/arch/x86/include/uapi/asm/vmx.h;vendor/linux/arch/x86/include/uapi/asm/vmx.h:83;rewrite/configs/x86_64/frozen.config;header_closure=rewrite/metadata/header_closure.tsv;selected=PENDING_REVIEW	425f94c2954b1fe80ebdbf9b29854e89750355df	ecce5e2cf9ed4fd4b561a9cf6dca8db733f61f1b33d1c611394f8a447b0cd6a0	a2fd9d3b9cd2636fb5536fc272c657191cee3bd16077411fbb79fb6e4fecb655	0123af9e96b58af4e98b91a2de5608d36b63c67864b9041d3340587f3dbe40d2	cfa8dcf0d81c408de38d4202fe1ce9d9e5e301d1e67439c9530da94b1e64ee3f	7484d7b0dd80f45e18d726b04752827fe28555cc5c1af0e127948380e6688abf
semantic-proposal-v1	SC1-f4cee2463ccb3fbeb54cdd1db6e4e24e492551eb33d43fa65a07039b30c7d4c8	S000805	1	P02	SYMBOLS.tsv	38055	status	x86_64	arch/x86/include/uapi/asm/vmx.h	operative_macro	EXIT_REASON_APIC_WRITE	83	PENDING_REVIEW	COMPLETE	COMPLETE	vendor/linux/arch/x86/include/uapi/asm/vmx.h;vendor/linux/arch/x86/include/uapi/asm/vmx.h:83;rewrite/configs/x86_64/frozen.config;header_closure=rewrite/metadata/header_closure.tsv;selected=PENDING_REVIEW	425f94c2954b1fe80ebdbf9b29854e89750355df	ecce5e2cf9ed4fd4b561a9cf6dca8db733f61f1b33d1c611394f8a447b0cd6a0	a2fd9d3b9cd2636fb5536fc272c657191cee3bd16077411fbb79fb6e4fecb655	0123af9e96b58af4e98b91a2de5608d36b63c67864b9041d3340587f3dbe40d2	cfa8dcf0d81c408de38d4202fe1ce9d9e5e301d1e67439c9530da94b1e64ee3f	7484d7b0dd80f45e18d726b04752827fe28555cc5c1af0e127948380e6688abf
semantic-proposal-v1	SC1-22c9dcd7d0d61a6c3b7b326e0921e152c8ed9cf2274d937fe6329a0d78f242cf	S000805	1	P02	SYMBOLS.tsv	38056	selection_expression	x86_64	arch/x86/include/uapi/asm/vmx.h	operative_macro	EXIT_REASON_RDRAND	84	PENDING_REVIEW	SOURCE_REVIEWED_VALUE	COMPLETE	vendor/linux/arch/x86/include/uapi/asm/vmx.h;vendor/linux/arch/x86/include/uapi/asm/vmx.h:84;rewrite/configs/x86_64/frozen.config;header_closure=rewrite/metadata/header_closure.tsv;selected=PENDING_REVIEW	425f94c2954b1fe80ebdbf9b29854e89750355df	ecce5e2cf9ed4fd4b561a9cf6dca8db733f61f1b33d1c611394f8a447b0cd6a0	a2fd9d3b9cd2636fb5536fc272c657191cee3bd16077411fbb79fb6e4fecb655	0123af9e96b58af4e98b91a2de5608d36b63c67864b9041d3340587f3dbe40d2	cfa8dcf0d81c408de38d4202fe1ce9d9e5e301d1e67439c9530da94b1e64ee3f	7484d7b0dd80f45e18d726b04752827fe28555cc5c1af0e127948380e6688abf
semantic-proposal-v1	SC1-dc606731d24bfcdc8a5640cc77c84bccd2f3199ce51aedcb2b3e19bb1c3f9b60	S000805	1	P02	SYMBOLS.tsv	38056	status	x86_64	arch/x86/include/uapi/asm/vmx.h	operative_macro	EXIT_REASON_RDRAND	84	PENDING_REVIEW	COMPLETE	COMPLETE	vendor/linux/arch/x86/include/uapi/asm/vmx.h;vendor/linux/arch/x86/include/uapi/asm/vmx.h:84;rewrite/configs/x86_64/frozen.config;header_closure=rewrite/metadata/header_closure.tsv;selected=PENDING_REVIEW	425f94c2954b1fe80ebdbf9b29854e89750355df	ecce5e2cf9ed4fd4b561a9cf6dca8db733f61f1b33d1c611394f8a447b0cd6a0	a2fd9d3b9cd2636fb5536fc272c657191cee3bd16077411fbb79fb6e4fecb655	0123af9e96b58af4e98b91a2de5608d36b63c67864b9041d3340587f3dbe40d2	cfa8dcf0d81c408de38d4202fe1ce9d9e5e301d1e67439c9530da94b1e64ee3f	7484d7b0dd80f45e18d726b04752827fe28555cc5c1af0e127948380e6688abf
semantic-proposal-v1	SC1-0a92324f676a6326d03e6a5b03b13c9c4815dbc0e41977a136676a443162c06d	S000805	1	P02	SYMBOLS.tsv	38057	selection_expression	x86_64	arch/x86/include/uapi/asm/vmx.h	operative_macro	EXIT_REASON_INVPCID	85	PENDING_REVIEW	SOURCE_REVIEWED_VALUE	COMPLETE	vendor/linux/arch/x86/include/uapi/asm/vmx.h;vendor/linux/arch/x86/include/uapi/asm/vmx.h:85;rewrite/configs/x86_64/frozen.config;header_closure=rewrite/metadata/header_closure.tsv;selected=PENDING_REVIEW	425f94c2954b1fe80ebdbf9b29854e89750355df	ecce5e2cf9ed4fd4b561a9cf6dca8db733f61f1b33d1c611394f8a447b0cd6a0	a2fd9d3b9cd2636fb5536fc272c657191cee3bd16077411fbb79fb6e4fecb655	0123af9e96b58af4e98b91a2de5608d36b63c67864b9041d3340587f3dbe40d2	cfa8dcf0d81c408de38d4202fe1ce9d9e5e301d1e67439c9530da94b1e64ee3f	7484d7b0dd80f45e18d726b04752827fe28555cc5c1af0e127948380e6688abf
semantic-proposal-v1	SC1-124d291826c49fe641185fd41bc9ed785118c36d09778738fec9edb6fb0e130b	S000805	1	P02	SYMBOLS.tsv	38057	status	x86_64	arch/x86/include/uapi/asm/vmx.h	operative_macro	EXIT_REASON_INVPCID	85	PENDING_REVIEW	COMPLETE	COMPLETE	vendor/linux/arch/x86/include/uapi/asm/vmx.h;vendor/linux/arch/x86/include/uapi/asm/vmx.h:85;rewrite/configs/x86_64/frozen.config;header_closure=rewrite/metadata/header_closure.tsv;selected=PENDING_REVIEW	425f94c2954b1fe80ebdbf9b29854e89750355df	ecce5e2cf9ed4fd4b561a9cf6dca8db733f61f1b33d1c611394f8a447b0cd6a0	a2fd9d3b9cd2636fb5536fc272c657191cee3bd16077411fbb79fb6e4fecb655	0123af9e96b58af4e98b91a2de5608d36b63c67864b9041d3340587f3dbe40d2	cfa8dcf0d81c408de38d4202fe1ce9d9e5e301d1e67439c9530da94b1e64ee3f	7484d7b0dd80f45e18d726b04752827fe28555cc5c1af0e127948380e6688abf
semantic-proposal-v1	SC1-2e9175c06f37a01c8ec773ac1f2ea852a991b8429e37483db0cc3e2e59424b41	S000805	1	P02	SYMBOLS.tsv	38058	selection_expression	x86_64	arch/x86/include/uapi/asm/vmx.h	operative_macro	EXIT_REASON_VMFUNC	86	PENDING_REVIEW	SOURCE_REVIEWED_VALUE	COMPLETE	vendor/linux/arch/x86/include/uapi/asm/vmx.h;vendor/linux/arch/x86/include/uapi/asm/vmx.h:86;rewrite/configs/x86_64/frozen.config;header_closure=rewrite/metadata/header_closure.tsv;selected=PENDING_REVIEW	425f94c2954b1fe80ebdbf9b29854e89750355df	ecce5e2cf9ed4fd4b561a9cf6dca8db733f61f1b33d1c611394f8a447b0cd6a0	a2fd9d3b9cd2636fb5536fc272c657191cee3bd16077411fbb79fb6e4fecb655	0123af9e96b58af4e98b91a2de5608d36b63c67864b9041d3340587f3dbe40d2	cfa8dcf0d81c408de38d4202fe1ce9d9e5e301d1e67439c9530da94b1e64ee3f	7484d7b0dd80f45e18d726b04752827fe28555cc5c1af0e127948380e6688abf
semantic-proposal-v1	SC1-9b0583dfce2da2b185d10c7fe10eca9d01114eaa31068803e8a646010fe394b9	S000805	1	P02	SYMBOLS.tsv	38058	status	x86_64	arch/x86/include/uapi/asm/vmx.h	operative_macro	EXIT_REASON_VMFUNC	86	PENDING_REVIEW	COMPLETE	COMPLETE	vendor/linux/arch/x86/include/uapi/asm/vmx.h;vendor/linux/arch/x86/include/uapi/asm/vmx.h:86;rewrite/configs/x86_64/frozen.config;header_closure=rewrite/metadata/header_closure.tsv;selected=PENDING_REVIEW	425f94c2954b1fe80ebdbf9b29854e89750355df	ecce5e2cf9ed4fd4b561a9cf6dca8db733f61f1b33d1c611394f8a447b0cd6a0	a2fd9d3b9cd2636fb5536fc272c657191cee3bd16077411fbb79fb6e4fecb655	0123af9e96b58af4e98b91a2de5608d36b63c67864b9041d3340587f3dbe40d2	cfa8dcf0d81c408de38d4202fe1ce9d9e5e301d1e67439c9530da94b1e64ee3f	7484d7b0dd80f45e18d726b04752827fe28555cc5c1af0e127948380e6688abf
semantic-proposal-v1	SC1-d5fcf091b83e88d9177cdd47ba0eae43daf1151a278c9939a1ab29c39160117a	S000805	1	P02	SYMBOLS.tsv	38059	selection_expression	x86_64	arch/x86/include/uapi/asm/vmx.h	operative_macro	EXIT_REASON_ENCLS	87	PENDING_REVIEW	SOURCE_REVIEWED_VALUE	COMPLETE	vendor/linux/arch/x86/include/uapi/asm/vmx.h;vendor/linux/arch/x86/include/uapi/asm/vmx.h:87;rewrite/configs/x86_64/frozen.config;header_closure=rewrite/metadata/header_closure.tsv;selected=PENDING_REVIEW	425f94c2954b1fe80ebdbf9b29854e89750355df	ecce5e2cf9ed4fd4b561a9cf6dca8db733f61f1b33d1c611394f8a447b0cd6a0	a2fd9d3b9cd2636fb5536fc272c657191cee3bd16077411fbb79fb6e4fecb655	0123af9e96b58af4e98b91a2de5608d36b63c67864b9041d3340587f3dbe40d2	cfa8dcf0d81c408de38d4202fe1ce9d9e5e301d1e67439c9530da94b1e64ee3f	7484d7b0dd80f45e18d726b04752827fe28555cc5c1af0e127948380e6688abf
semantic-proposal-v1	SC1-398561f49c23ba768e470f84c273c67e15ab9b46f167d71bf2eccae388ee3d94	S000805	1	P02	SYMBOLS.tsv	38059	status	x86_64	arch/x86/include/uapi/asm/vmx.h	operative_macro	EXIT_REASON_ENCLS	87	PENDING_REVIEW	COMPLETE	COMPLETE	vendor/linux/arch/x86/include/uapi/asm/vmx.h;vendor/linux/arch/x86/include/uapi/asm/vmx.h:87;rewrite/configs/x86_64/frozen.config;header_closure=rewrite/metadata/header_closure.tsv;selected=PENDING_REVIEW	425f94c2954b1fe80ebdbf9b29854e89750355df	ecce5e2cf9ed4fd4b561a9cf6dca8db733f61f1b33d1c611394f8a447b0cd6a0	a2fd9d3b9cd2636fb5536fc272c657191cee3bd16077411fbb79fb6e4fecb655	0123af9e96b58af4e98b91a2de5608d36b63c67864b9041d3340587f3dbe40d2	cfa8dcf0d81c408de38d4202fe1ce9d9e5e301d1e67439c9530da94b1e64ee3f	7484d7b0dd80f45e18d726b04752827fe28555cc5c1af0e127948380e6688abf
semantic-proposal-v1	SC1-d12010d6c9c749d596e822288b36b1e38342d485dd54bcb9a7bf29646700fb70	S000805	1	P02	SYMBOLS.tsv	38060	selection_expression	x86_64	arch/x86/include/uapi/asm/vmx.h	operative_macro	EXIT_REASON_RDSEED	88	PENDING_REVIEW	SOURCE_REVIEWED_VALUE	COMPLETE	vendor/linux/arch/x86/include/uapi/asm/vmx.h;vendor/linux/arch/x86/include/uapi/asm/vmx.h:88;rewrite/configs/x86_64/frozen.config;header_closure=rewrite/metadata/header_closure.tsv;selected=PENDING_REVIEW	425f94c2954b1fe80ebdbf9b29854e89750355df	ecce5e2cf9ed4fd4b561a9cf6dca8db733f61f1b33d1c611394f8a447b0cd6a0	a2fd9d3b9cd2636fb5536fc272c657191cee3bd16077411fbb79fb6e4fecb655	0123af9e96b58af4e98b91a2de5608d36b63c67864b9041d3340587f3dbe40d2	cfa8dcf0d81c408de38d4202fe1ce9d9e5e301d1e67439c9530da94b1e64ee3f	7484d7b0dd80f45e18d726b04752827fe28555cc5c1af0e127948380e6688abf
semantic-proposal-v1	SC1-9405c550b9eafa813e408f0d28781aa1d3ffb77e6e2cd938c4bba596b8b6a5c5	S000805	1	P02	SYMBOLS.tsv	38060	status	x86_64	arch/x86/include/uapi/asm/vmx.h	operative_macro	EXIT_REASON_RDSEED	88	PENDING_REVIEW	COMPLETE	COMPLETE	vendor/linux/arch/x86/include/uapi/asm/vmx.h;vendor/linux/arch/x86/include/uapi/asm/vmx.h:88;rewrite/configs/x86_64/frozen.config;header_closure=rewrite/metadata/header_closure.tsv;selected=PENDING_REVIEW	425f94c2954b1fe80ebdbf9b29854e89750355df	ecce5e2cf9ed4fd4b561a9cf6dca8db733f61f1b33d1c611394f8a447b0cd6a0	a2fd9d3b9cd2636fb5536fc272c657191cee3bd16077411fbb79fb6e4fecb655	0123af9e96b58af4e98b91a2de5608d36b63c67864b9041d3340587f3dbe40d2	cfa8dcf0d81c408de38d4202fe1ce9d9e5e301d1e67439c9530da94b1e64ee3f	7484d7b0dd80f45e18d726b04752827fe28555cc5c1af0e127948380e6688abf
semantic-proposal-v1	SC1-487b2f0794847a136d2a3d69b888dcf92733210ccdcb629489c45478bdcf2781	S000805	1	P02	SYMBOLS.tsv	38061	selection_expression	x86_64	arch/x86/include/uapi/asm/vmx.h	operative_macro	EXIT_REASON_PML_FULL	89	PENDING_REVIEW	SOURCE_REVIEWED_VALUE	COMPLETE	vendor/linux/arch/x86/include/uapi/asm/vmx.h;vendor/linux/arch/x86/include/uapi/asm/vmx.h:89;rewrite/configs/x86_64/frozen.config;header_closure=rewrite/metadata/header_closure.tsv;selected=PENDING_REVIEW	425f94c2954b1fe80ebdbf9b29854e89750355df	ecce5e2cf9ed4fd4b561a9cf6dca8db733f61f1b33d1c611394f8a447b0cd6a0	a2fd9d3b9cd2636fb5536fc272c657191cee3bd16077411fbb79fb6e4fecb655	0123af9e96b58af4e98b91a2de5608d36b63c67864b9041d3340587f3dbe40d2	cfa8dcf0d81c408de38d4202fe1ce9d9e5e301d1e67439c9530da94b1e64ee3f	7484d7b0dd80f45e18d726b04752827fe28555cc5c1af0e127948380e6688abf
semantic-proposal-v1	SC1-4a313698aece6b99d4ec57799c49715c9db5d24da40fd04b6a24f3abddf19c87	S000805	1	P02	SYMBOLS.tsv	38061	status	x86_64	arch/x86/include/uapi/asm/vmx.h	operative_macro	EXIT_REASON_PML_FULL	89	PENDING_REVIEW	COMPLETE	COMPLETE	vendor/linux/arch/x86/include/uapi/asm/vmx.h;vendor/linux/arch/x86/include/uapi/asm/vmx.h:89;rewrite/configs/x86_64/frozen.config;header_closure=rewrite/metadata/header_closure.tsv;selected=PENDING_REVIEW	425f94c2954b1fe80ebdbf9b29854e89750355df	ecce5e2cf9ed4fd4b561a9cf6dca8db733f61f1b33d1c611394f8a447b0cd6a0	a2fd9d3b9cd2636fb5536fc272c657191cee3bd16077411fbb79fb6e4fecb655	0123af9e96b58af4e98b91a2de5608d36b63c67864b9041d3340587f3dbe40d2	cfa8dcf0d81c408de38d4202fe1ce9d9e5e301d1e67439c9530da94b1e64ee3f	7484d7b0dd80f45e18d726b04752827fe28555cc5c1af0e127948380e6688abf
semantic-proposal-v1	SC1-6845db94778dd1908a19f7c8e767c2987b0f1deea89583c2784ee25cb59e5f3a	S000805	1	P02	SYMBOLS.tsv	38062	selection_expression	x86_64	arch/x86/include/uapi/asm/vmx.h	operative_macro	EXIT_REASON_XSAVES	90	PENDING_REVIEW	SOURCE_REVIEWED_VALUE	COMPLETE	vendor/linux/arch/x86/include/uapi/asm/vmx.h;vendor/linux/arch/x86/include/uapi/asm/vmx.h:90;rewrite/configs/x86_64/frozen.config;header_closure=rewrite/metadata/header_closure.tsv;selected=PENDING_REVIEW	425f94c2954b1fe80ebdbf9b29854e89750355df	ecce5e2cf9ed4fd4b561a9cf6dca8db733f61f1b33d1c611394f8a447b0cd6a0	a2fd9d3b9cd2636fb5536fc272c657191cee3bd16077411fbb79fb6e4fecb655	0123af9e96b58af4e98b91a2de5608d36b63c67864b9041d3340587f3dbe40d2	cfa8dcf0d81c408de38d4202fe1ce9d9e5e301d1e67439c9530da94b1e64ee3f	7484d7b0dd80f45e18d726b04752827fe28555cc5c1af0e127948380e6688abf
semantic-proposal-v1	SC1-0795ea62d6c823354ddd1c7103abad44f58aef0c220101bf7b880822a7e69dbd	S000805	1	P02	SYMBOLS.tsv	38062	status	x86_64	arch/x86/include/uapi/asm/vmx.h	operative_macro	EXIT_REASON_XSAVES	90	PENDING_REVIEW	COMPLETE	COMPLETE	vendor/linux/arch/x86/include/uapi/asm/vmx.h;vendor/linux/arch/x86/include/uapi/asm/vmx.h:90;rewrite/configs/x86_64/frozen.config;header_closure=rewrite/metadata/header_closure.tsv;selected=PENDING_REVIEW	425f94c2954b1fe80ebdbf9b29854e89750355df	ecce5e2cf9ed4fd4b561a9cf6dca8db733f61f1b33d1c611394f8a447b0cd6a0	a2fd9d3b9cd2636fb5536fc272c657191cee3bd16077411fbb79fb6e4fecb655	0123af9e96b58af4e98b91a2de5608d36b63c67864b9041d3340587f3dbe40d2	cfa8dcf0d81c408de38d4202fe1ce9d9e5e301d1e67439c9530da94b1e64ee3f	7484d7b0dd80f45e18d726b04752827fe28555cc5c1af0e127948380e6688abf
semantic-proposal-v1	SC1-0c493ab4e528288309611024a7bec19b70d61314630276ac545783f74927fae8	S000805	1	P02	SYMBOLS.tsv	38063	selection_expression	x86_64	arch/x86/include/uapi/asm/vmx.h	operative_macro	EXIT_REASON_XRSTORS	91	PENDING_REVIEW	SOURCE_REVIEWED_VALUE	COMPLETE	vendor/linux/arch/x86/include/uapi/asm/vmx.h;vendor/linux/arch/x86/include/uapi/asm/vmx.h:91;rewrite/configs/x86_64/frozen.config;header_closure=rewrite/metadata/header_closure.tsv;selected=PENDING_REVIEW	425f94c2954b1fe80ebdbf9b29854e89750355df	ecce5e2cf9ed4fd4b561a9cf6dca8db733f61f1b33d1c611394f8a447b0cd6a0	a2fd9d3b9cd2636fb5536fc272c657191cee3bd16077411fbb79fb6e4fecb655	0123af9e96b58af4e98b91a2de5608d36b63c67864b9041d3340587f3dbe40d2	cfa8dcf0d81c408de38d4202fe1ce9d9e5e301d1e67439c9530da94b1e64ee3f	7484d7b0dd80f45e18d726b04752827fe28555cc5c1af0e127948380e6688abf
semantic-proposal-v1	SC1-617aff8d50210135ec34a3dcbe7a2f86101733ba0e28cfbcd846d88336aa0248	S000805	1	P02	SYMBOLS.tsv	38063	status	x86_64	arch/x86/include/uapi/asm/vmx.h	operative_macro	EXIT_REASON_XRSTORS	91	PENDING_REVIEW	COMPLETE	COMPLETE	vendor/linux/arch/x86/include/uapi/asm/vmx.h;vendor/linux/arch/x86/include/uapi/asm/vmx.h:91;rewrite/configs/x86_64/frozen.config;header_closure=rewrite/metadata/header_closure.tsv;selected=PENDING_REVIEW	425f94c2954b1fe80ebdbf9b29854e89750355df	ecce5e2cf9ed4fd4b561a9cf6dca8db733f61f1b33d1c611394f8a447b0cd6a0	a2fd9d3b9cd2636fb5536fc272c657191cee3bd16077411fbb79fb6e4fecb655	0123af9e96b58af4e98b91a2de5608d36b63c67864b9041d3340587f3dbe40d2	cfa8dcf0d81c408de38d4202fe1ce9d9e5e301d1e67439c9530da94b1e64ee3f	7484d7b0dd80f45e18d726b04752827fe28555cc5c1af0e127948380e6688abf
semantic-proposal-v1	SC1-819cb224004c327cc39bc1f1ef07b5f6d6f97f7fd125a694d85e960bd7bc01ed	S000805	1	P02	SYMBOLS.tsv	38064	selection_expression	x86_64	arch/x86/include/uapi/asm/vmx.h	operative_macro	EXIT_REASON_UMWAIT	92	PENDING_REVIEW	SOURCE_REVIEWED_VALUE	COMPLETE	vendor/linux/arch/x86/include/uapi/asm/vmx.h;vendor/linux/arch/x86/include/uapi/asm/vmx.h:92;rewrite/configs/x86_64/frozen.config;header_closure=rewrite/metadata/header_closure.tsv;selected=PENDING_REVIEW	425f94c2954b1fe80ebdbf9b29854e89750355df	ecce5e2cf9ed4fd4b561a9cf6dca8db733f61f1b33d1c611394f8a447b0cd6a0	a2fd9d3b9cd2636fb5536fc272c657191cee3bd16077411fbb79fb6e4fecb655	0123af9e96b58af4e98b91a2de5608d36b63c67864b9041d3340587f3dbe40d2	cfa8dcf0d81c408de38d4202fe1ce9d9e5e301d1e67439c9530da94b1e64ee3f	7484d7b0dd80f45e18d726b04752827fe28555cc5c1af0e127948380e6688abf
semantic-proposal-v1	SC1-5e8e2ed6eb21cd69117de9a2f2d1128c83c3e7380acf5ac31ce462e5d2e4b663	S000805	1	P02	SYMBOLS.tsv	38064	status	x86_64	arch/x86/include/uapi/asm/vmx.h	operative_macro	EXIT_REASON_UMWAIT	92	PENDING_REVIEW	COMPLETE	COMPLETE	vendor/linux/arch/x86/include/uapi/asm/vmx.h;vendor/linux/arch/x86/include/uapi/asm/vmx.h:92;rewrite/configs/x86_64/frozen.config;header_closure=rewrite/metadata/header_closure.tsv;selected=PENDING_REVIEW	425f94c2954b1fe80ebdbf9b29854e89750355df	ecce5e2cf9ed4fd4b561a9cf6dca8db733f61f1b33d1c611394f8a447b0cd6a0	a2fd9d3b9cd2636fb5536fc272c657191cee3bd16077411fbb79fb6e4fecb655	0123af9e96b58af4e98b91a2de5608d36b63c67864b9041d3340587f3dbe40d2	cfa8dcf0d81c408de38d4202fe1ce9d9e5e301d1e67439c9530da94b1e64ee3f	7484d7b0dd80f45e18d726b04752827fe28555cc5c1af0e127948380e6688abf
semantic-proposal-v1	SC1-1d79f3faa1497db364c16c5f92b1627bdc0a842a84eafa75fdc065c10ac64792	S000805	1	P02	SYMBOLS.tsv	38065	selection_expression	x86_64	arch/x86/include/uapi/asm/vmx.h	operative_macro	EXIT_REASON_TPAUSE	93	PENDING_REVIEW	SOURCE_REVIEWED_VALUE	COMPLETE	vendor/linux/arch/x86/include/uapi/asm/vmx.h;vendor/linux/arch/x86/include/uapi/asm/vmx.h:93;rewrite/configs/x86_64/frozen.config;header_closure=rewrite/metadata/header_closure.tsv;selected=PENDING_REVIEW	425f94c2954b1fe80ebdbf9b29854e89750355df	ecce5e2cf9ed4fd4b561a9cf6dca8db733f61f1b33d1c611394f8a447b0cd6a0	a2fd9d3b9cd2636fb5536fc272c657191cee3bd16077411fbb79fb6e4fecb655	0123af9e96b58af4e98b91a2de5608d36b63c67864b9041d3340587f3dbe40d2	cfa8dcf0d81c408de38d4202fe1ce9d9e5e301d1e67439c9530da94b1e64ee3f	7484d7b0dd80f45e18d726b04752827fe28555cc5c1af0e127948380e6688abf
semantic-proposal-v1	SC1-0ffa057de2f315591fcbc117ecb340277c12c76fb06d2df5f4b14cbaeaebdaaf	S000805	1	P02	SYMBOLS.tsv	38065	status	x86_64	arch/x86/include/uapi/asm/vmx.h	operative_macro	EXIT_REASON_TPAUSE	93	PENDING_REVIEW	COMPLETE	COMPLETE	vendor/linux/arch/x86/include/uapi/asm/vmx.h;vendor/linux/arch/x86/include/uapi/asm/vmx.h:93;rewrite/configs/x86_64/frozen.config;header_closure=rewrite/metadata/header_closure.tsv;selected=PENDING_REVIEW	425f94c2954b1fe80ebdbf9b29854e89750355df	ecce5e2cf9ed4fd4b561a9cf6dca8db733f61f1b33d1c611394f8a447b0cd6a0	a2fd9d3b9cd2636fb5536fc272c657191cee3bd16077411fbb79fb6e4fecb655	0123af9e96b58af4e98b91a2de5608d36b63c67864b9041d3340587f3dbe40d2	cfa8dcf0d81c408de38d4202fe1ce9d9e5e301d1e67439c9530da94b1e64ee3f	7484d7b0dd80f45e18d726b04752827fe28555cc5c1af0e127948380e6688abf
semantic-proposal-v1	SC1-43df08528e39e512bec63674c224a8d29554b5d466636b37c425572fd0ed7286	S000805	1	P02	SYMBOLS.tsv	38066	selection_expression	x86_64	arch/x86/include/uapi/asm/vmx.h	operative_macro	EXIT_REASON_BUS_LOCK	94	PENDING_REVIEW	SOURCE_REVIEWED_VALUE	COMPLETE	vendor/linux/arch/x86/include/uapi/asm/vmx.h;vendor/linux/arch/x86/include/uapi/asm/vmx.h:94;rewrite/configs/x86_64/frozen.config;header_closure=rewrite/metadata/header_closure.tsv;selected=PENDING_REVIEW	425f94c2954b1fe80ebdbf9b29854e89750355df	ecce5e2cf9ed4fd4b561a9cf6dca8db733f61f1b33d1c611394f8a447b0cd6a0	a2fd9d3b9cd2636fb5536fc272c657191cee3bd16077411fbb79fb6e4fecb655	0123af9e96b58af4e98b91a2de5608d36b63c67864b9041d3340587f3dbe40d2	cfa8dcf0d81c408de38d4202fe1ce9d9e5e301d1e67439c9530da94b1e64ee3f	7484d7b0dd80f45e18d726b04752827fe28555cc5c1af0e127948380e6688abf
semantic-proposal-v1	SC1-840f1b9e93558e1271c467f1c8a8953aacc3d1298630ed6ef5fc704cd6f05440	S000805	1	P02	SYMBOLS.tsv	38066	status	x86_64	arch/x86/include/uapi/asm/vmx.h	operative_macro	EXIT_REASON_BUS_LOCK	94	PENDING_REVIEW	COMPLETE	COMPLETE	vendor/linux/arch/x86/include/uapi/asm/vmx.h;vendor/linux/arch/x86/include/uapi/asm/vmx.h:94;rewrite/configs/x86_64/frozen.config;header_closure=rewrite/metadata/header_closure.tsv;selected=PENDING_REVIEW	425f94c2954b1fe80ebdbf9b29854e89750355df	ecce5e2cf9ed4fd4b561a9cf6dca8db733f61f1b33d1c611394f8a447b0cd6a0	a2fd9d3b9cd2636fb5536fc272c657191cee3bd16077411fbb79fb6e4fecb655	0123af9e96b58af4e98b91a2de5608d36b63c67864b9041d3340587f3dbe40d2	cfa8dcf0d81c408de38d4202fe1ce9d9e5e301d1e67439c9530da94b1e64ee3f	7484d7b0dd80f45e18d726b04752827fe28555cc5c1af0e127948380e6688abf
semantic-proposal-v1	SC1-7de97d0ed10bdec0445b06b11ed80d3dc9bd5d62cbd1d037d7845f47aa310367	S000805	1	P02	SYMBOLS.tsv	38067	selection_expression	x86_64	arch/x86/include/uapi/asm/vmx.h	operative_macro	EXIT_REASON_NOTIFY	95	PENDING_REVIEW	SOURCE_REVIEWED_VALUE	COMPLETE	vendor/linux/arch/x86/include/uapi/asm/vmx.h;vendor/linux/arch/x86/include/uapi/asm/vmx.h:95;rewrite/configs/x86_64/frozen.config;header_closure=rewrite/metadata/header_closure.tsv;selected=PENDING_REVIEW	425f94c2954b1fe80ebdbf9b29854e89750355df	ecce5e2cf9ed4fd4b561a9cf6dca8db733f61f1b33d1c611394f8a447b0cd6a0	a2fd9d3b9cd2636fb5536fc272c657191cee3bd16077411fbb79fb6e4fecb655	0123af9e96b58af4e98b91a2de5608d36b63c67864b9041d3340587f3dbe40d2	cfa8dcf0d81c408de38d4202fe1ce9d9e5e301d1e67439c9530da94b1e64ee3f	7484d7b0dd80f45e18d726b04752827fe28555cc5c1af0e127948380e6688abf
semantic-proposal-v1	SC1-c8ff861a1da31557d2b98634433a7ccffd59ebe72654eae720e21eb9f62e26e1	S000805	1	P02	SYMBOLS.tsv	38067	status	x86_64	arch/x86/include/uapi/asm/vmx.h	operative_macro	EXIT_REASON_NOTIFY	95	PENDING_REVIEW	COMPLETE	COMPLETE	vendor/linux/arch/x86/include/uapi/asm/vmx.h;vendor/linux/arch/x86/include/uapi/asm/vmx.h:95;rewrite/configs/x86_64/frozen.config;header_closure=rewrite/metadata/header_closure.tsv;selected=PENDING_REVIEW	425f94c2954b1fe80ebdbf9b29854e89750355df	ecce5e2cf9ed4fd4b561a9cf6dca8db733f61f1b33d1c611394f8a447b0cd6a0	a2fd9d3b9cd2636fb5536fc272c657191cee3bd16077411fbb79fb6e4fecb655	0123af9e96b58af4e98b91a2de5608d36b63c67864b9041d3340587f3dbe40d2	cfa8dcf0d81c408de38d4202fe1ce9d9e5e301d1e67439c9530da94b1e64ee3f	7484d7b0dd80f45e18d726b04752827fe28555cc5c1af0e127948380e6688abf
semantic-proposal-v1	SC1-6d94205e27453df217aba41c0f62993c38d0c59afbbfef2e8520648a74128753	S000805	1	P02	SYMBOLS.tsv	38068	selection_expression	x86_64	arch/x86/include/uapi/asm/vmx.h	operative_macro	EXIT_REASON_SEAMCALL	96	PENDING_REVIEW	SOURCE_REVIEWED_VALUE	COMPLETE	vendor/linux/arch/x86/include/uapi/asm/vmx.h;vendor/linux/arch/x86/include/uapi/asm/vmx.h:96;rewrite/configs/x86_64/frozen.config;header_closure=rewrite/metadata/header_closure.tsv;selected=PENDING_REVIEW	425f94c2954b1fe80ebdbf9b29854e89750355df	ecce5e2cf9ed4fd4b561a9cf6dca8db733f61f1b33d1c611394f8a447b0cd6a0	a2fd9d3b9cd2636fb5536fc272c657191cee3bd16077411fbb79fb6e4fecb655	0123af9e96b58af4e98b91a2de5608d36b63c67864b9041d3340587f3dbe40d2	cfa8dcf0d81c408de38d4202fe1ce9d9e5e301d1e67439c9530da94b1e64ee3f	7484d7b0dd80f45e18d726b04752827fe28555cc5c1af0e127948380e6688abf
semantic-proposal-v1	SC1-68faa62363ce9c67c81fb4e80b9aed093d09bdd0407e972b3a2b27d55cf48661	S000805	1	P02	SYMBOLS.tsv	38068	status	x86_64	arch/x86/include/uapi/asm/vmx.h	operative_macro	EXIT_REASON_SEAMCALL	96	PENDING_REVIEW	COMPLETE	COMPLETE	vendor/linux/arch/x86/include/uapi/asm/vmx.h;vendor/linux/arch/x86/include/uapi/asm/vmx.h:96;rewrite/configs/x86_64/frozen.config;header_closure=rewrite/metadata/header_closure.tsv;selected=PENDING_REVIEW	425f94c2954b1fe80ebdbf9b29854e89750355df	ecce5e2cf9ed4fd4b561a9cf6dca8db733f61f1b33d1c611394f8a447b0cd6a0	a2fd9d3b9cd2636fb5536fc272c657191cee3bd16077411fbb79fb6e4fecb655	0123af9e96b58af4e98b91a2de5608d36b63c67864b9041d3340587f3dbe40d2	cfa8dcf0d81c408de38d4202fe1ce9d9e5e301d1e67439c9530da94b1e64ee3f	7484d7b0dd80f45e18d726b04752827fe28555cc5c1af0e127948380e6688abf
semantic-proposal-v1	SC1-b5dbd704d6dbb2fe31f35bd97cee620e3b98b29eac878e8b1f78992f95177de4	S000805	1	P02	SYMBOLS.tsv	38069	selection_expression	x86_64	arch/x86/include/uapi/asm/vmx.h	operative_macro	EXIT_REASON_TDCALL	97	PENDING_REVIEW	SOURCE_REVIEWED_VALUE	COMPLETE	vendor/linux/arch/x86/include/uapi/asm/vmx.h;vendor/linux/arch/x86/include/uapi/asm/vmx.h:97;rewrite/configs/x86_64/frozen.config;header_closure=rewrite/metadata/header_closure.tsv;selected=PENDING_REVIEW	425f94c2954b1fe80ebdbf9b29854e89750355df	ecce5e2cf9ed4fd4b561a9cf6dca8db733f61f1b33d1c611394f8a447b0cd6a0	a2fd9d3b9cd2636fb5536fc272c657191cee3bd16077411fbb79fb6e4fecb655	0123af9e96b58af4e98b91a2de5608d36b63c67864b9041d3340587f3dbe40d2	cfa8dcf0d81c408de38d4202fe1ce9d9e5e301d1e67439c9530da94b1e64ee3f	7484d7b0dd80f45e18d726b04752827fe28555cc5c1af0e127948380e6688abf
semantic-proposal-v1	SC1-96668afec0d74ea9ba684540625fc20614c3771d83472095f34a1e928f5a8fc9	S000805	1	P02	SYMBOLS.tsv	38069	status	x86_64	arch/x86/include/uapi/asm/vmx.h	operative_macro	EXIT_REASON_TDCALL	97	PENDING_REVIEW	COMPLETE	COMPLETE	vendor/linux/arch/x86/include/uapi/asm/vmx.h;vendor/linux/arch/x86/include/uapi/asm/vmx.h:97;rewrite/configs/x86_64/frozen.config;header_closure=rewrite/metadata/header_closure.tsv;selected=PENDING_REVIEW	425f94c2954b1fe80ebdbf9b29854e89750355df	ecce5e2cf9ed4fd4b561a9cf6dca8db733f61f1b33d1c611394f8a447b0cd6a0	a2fd9d3b9cd2636fb5536fc272c657191cee3bd16077411fbb79fb6e4fecb655	0123af9e96b58af4e98b91a2de5608d36b63c67864b9041d3340587f3dbe40d2	cfa8dcf0d81c408de38d4202fe1ce9d9e5e301d1e67439c9530da94b1e64ee3f	7484d7b0dd80f45e18d726b04752827fe28555cc5c1af0e127948380e6688abf
semantic-proposal-v1	SC1-60f1c68600619b589efc3b2445bae5d93f7585bc77d9e441d53a02f78d26fef0	S000805	1	P02	SYMBOLS.tsv	38070	selection_expression	x86_64	arch/x86/include/uapi/asm/vmx.h	operative_macro	EXIT_REASON_MSR_READ_IMM	98	PENDING_REVIEW	SOURCE_REVIEWED_VALUE	COMPLETE	vendor/linux/arch/x86/include/uapi/asm/vmx.h;vendor/linux/arch/x86/include/uapi/asm/vmx.h:98;rewrite/configs/x86_64/frozen.config;header_closure=rewrite/metadata/header_closure.tsv;selected=PENDING_REVIEW	425f94c2954b1fe80ebdbf9b29854e89750355df	ecce5e2cf9ed4fd4b561a9cf6dca8db733f61f1b33d1c611394f8a447b0cd6a0	a2fd9d3b9cd2636fb5536fc272c657191cee3bd16077411fbb79fb6e4fecb655	0123af9e96b58af4e98b91a2de5608d36b63c67864b9041d3340587f3dbe40d2	cfa8dcf0d81c408de38d4202fe1ce9d9e5e301d1e67439c9530da94b1e64ee3f	7484d7b0dd80f45e18d726b04752827fe28555cc5c1af0e127948380e6688abf
semantic-proposal-v1	SC1-25b284f6c12713764b1820283920ad6f2747a6be8ab5d17c05f5844de93620eb	S000805	1	P02	SYMBOLS.tsv	38070	status	x86_64	arch/x86/include/uapi/asm/vmx.h	operative_macro	EXIT_REASON_MSR_READ_IMM	98	PENDING_REVIEW	COMPLETE	COMPLETE	vendor/linux/arch/x86/include/uapi/asm/vmx.h;vendor/linux/arch/x86/include/uapi/asm/vmx.h:98;rewrite/configs/x86_64/frozen.config;header_closure=rewrite/metadata/header_closure.tsv;selected=PENDING_REVIEW	425f94c2954b1fe80ebdbf9b29854e89750355df	ecce5e2cf9ed4fd4b561a9cf6dca8db733f61f1b33d1c611394f8a447b0cd6a0	a2fd9d3b9cd2636fb5536fc272c657191cee3bd16077411fbb79fb6e4fecb655	0123af9e96b58af4e98b91a2de5608d36b63c67864b9041d3340587f3dbe40d2	cfa8dcf0d81c408de38d4202fe1ce9d9e5e301d1e67439c9530da94b1e64ee3f	7484d7b0dd80f45e18d726b04752827fe28555cc5c1af0e127948380e6688abf
semantic-proposal-v1	SC1-d7932ad7a80291e0c59f6456fd97ebade97c034611527fe300624a99bdc1f5f6	S000805	1	P02	SYMBOLS.tsv	38071	selection_expression	x86_64	arch/x86/include/uapi/asm/vmx.h	operative_macro	EXIT_REASON_MSR_WRITE_IMM	99	PENDING_REVIEW	SOURCE_REVIEWED_VALUE	COMPLETE	vendor/linux/arch/x86/include/uapi/asm/vmx.h;vendor/linux/arch/x86/include/uapi/asm/vmx.h:99;rewrite/configs/x86_64/frozen.config;header_closure=rewrite/metadata/header_closure.tsv;selected=PENDING_REVIEW	425f94c2954b1fe80ebdbf9b29854e89750355df	ecce5e2cf9ed4fd4b561a9cf6dca8db733f61f1b33d1c611394f8a447b0cd6a0	a2fd9d3b9cd2636fb5536fc272c657191cee3bd16077411fbb79fb6e4fecb655	0123af9e96b58af4e98b91a2de5608d36b63c67864b9041d3340587f3dbe40d2	cfa8dcf0d81c408de38d4202fe1ce9d9e5e301d1e67439c9530da94b1e64ee3f	7484d7b0dd80f45e18d726b04752827fe28555cc5c1af0e127948380e6688abf
semantic-proposal-v1	SC1-ff72f0befc7021fd25f2097fa2d40676fc9f7295901c2c7a61dedcea79b4dfa3	S000805	1	P02	SYMBOLS.tsv	38071	status	x86_64	arch/x86/include/uapi/asm/vmx.h	operative_macro	EXIT_REASON_MSR_WRITE_IMM	99	PENDING_REVIEW	COMPLETE	COMPLETE	vendor/linux/arch/x86/include/uapi/asm/vmx.h;vendor/linux/arch/x86/include/uapi/asm/vmx.h:99;rewrite/configs/x86_64/frozen.config;header_closure=rewrite/metadata/header_closure.tsv;selected=PENDING_REVIEW	425f94c2954b1fe80ebdbf9b29854e89750355df	ecce5e2cf9ed4fd4b561a9cf6dca8db733f61f1b33d1c611394f8a447b0cd6a0	a2fd9d3b9cd2636fb5536fc272c657191cee3bd16077411fbb79fb6e4fecb655	0123af9e96b58af4e98b91a2de5608d36b63c67864b9041d3340587f3dbe40d2	cfa8dcf0d81c408de38d4202fe1ce9d9e5e301d1e67439c9530da94b1e64ee3f	7484d7b0dd80f45e18d726b04752827fe28555cc5c1af0e127948380e6688abf
semantic-proposal-v1	SC1-b477b1b4eff2bf6beb9760d8a18c595e5c2374e61cbb584c5ef60c07af731757	S000805	1	P02	SYMBOLS.tsv	38072	selection_expression	x86_64	arch/x86/include/uapi/asm/vmx.h	operative_macro	VMX_EXIT_REASONS	101	PENDING_REVIEW	SOURCE_REVIEWED_VALUE	COMPLETE	vendor/linux/arch/x86/include/uapi/asm/vmx.h;vendor/linux/arch/x86/include/uapi/asm/vmx.h:101;rewrite/configs/x86_64/frozen.config;header_closure=rewrite/metadata/header_closure.tsv;selected=PENDING_REVIEW	425f94c2954b1fe80ebdbf9b29854e89750355df	ecce5e2cf9ed4fd4b561a9cf6dca8db733f61f1b33d1c611394f8a447b0cd6a0	a2fd9d3b9cd2636fb5536fc272c657191cee3bd16077411fbb79fb6e4fecb655	0123af9e96b58af4e98b91a2de5608d36b63c67864b9041d3340587f3dbe40d2	cfa8dcf0d81c408de38d4202fe1ce9d9e5e301d1e67439c9530da94b1e64ee3f	7484d7b0dd80f45e18d726b04752827fe28555cc5c1af0e127948380e6688abf
semantic-proposal-v1	SC1-2cd13e727c572cb4de23adcd377d70827a7d2974cc6590599d4d0510cc4e4303	S000805	1	P02	SYMBOLS.tsv	38072	status	x86_64	arch/x86/include/uapi/asm/vmx.h	operative_macro	VMX_EXIT_REASONS	101	PENDING_REVIEW	COMPLETE	COMPLETE	vendor/linux/arch/x86/include/uapi/asm/vmx.h;vendor/linux/arch/x86/include/uapi/asm/vmx.h:101;rewrite/configs/x86_64/frozen.config;header_closure=rewrite/metadata/header_closure.tsv;selected=PENDING_REVIEW	425f94c2954b1fe80ebdbf9b29854e89750355df	ecce5e2cf9ed4fd4b561a9cf6dca8db733f61f1b33d1c611394f8a447b0cd6a0	a2fd9d3b9cd2636fb5536fc272c657191cee3bd16077411fbb79fb6e4fecb655	0123af9e96b58af4e98b91a2de5608d36b63c67864b9041d3340587f3dbe40d2	cfa8dcf0d81c408de38d4202fe1ce9d9e5e301d1e67439c9530da94b1e64ee3f	7484d7b0dd80f45e18d726b04752827fe28555cc5c1af0e127948380e6688abf
semantic-proposal-v1	SC1-677985eba31a18d00d28e63138e00463220b14e78ed809aa1b5205f2e8acb85a	S000805	1	P02	SYMBOLS.tsv	38073	selection_expression	x86_64	arch/x86/include/uapi/asm/vmx.h	operative_macro	VMX_EXIT_REASON_FLAGS	168	PENDING_REVIEW	SOURCE_REVIEWED_VALUE	COMPLETE	vendor/linux/arch/x86/include/uapi/asm/vmx.h;vendor/linux/arch/x86/include/uapi/asm/vmx.h:168;rewrite/configs/x86_64/frozen.config;header_closure=rewrite/metadata/header_closure.tsv;selected=PENDING_REVIEW	425f94c2954b1fe80ebdbf9b29854e89750355df	ecce5e2cf9ed4fd4b561a9cf6dca8db733f61f1b33d1c611394f8a447b0cd6a0	a2fd9d3b9cd2636fb5536fc272c657191cee3bd16077411fbb79fb6e4fecb655	0123af9e96b58af4e98b91a2de5608d36b63c67864b9041d3340587f3dbe40d2	cfa8dcf0d81c408de38d4202fe1ce9d9e5e301d1e67439c9530da94b1e64ee3f	7484d7b0dd80f45e18d726b04752827fe28555cc5c1af0e127948380e6688abf
semantic-proposal-v1	SC1-28bbfbf5d026135dce882a9fbbbbb1f6b67ec46ab9cca652144b6e5fe3fe466c	S000805	1	P02	SYMBOLS.tsv	38073	status	x86_64	arch/x86/include/uapi/asm/vmx.h	operative_macro	VMX_EXIT_REASON_FLAGS	168	PENDING_REVIEW	COMPLETE	COMPLETE	vendor/linux/arch/x86/include/uapi/asm/vmx.h;vendor/linux/arch/x86/include/uapi/asm/vmx.h:168;rewrite/configs/x86_64/frozen.config;header_closure=rewrite/metadata/header_closure.tsv;selected=PENDING_REVIEW	425f94c2954b1fe80ebdbf9b29854e89750355df	ecce5e2cf9ed4fd4b561a9cf6dca8db733f61f1b33d1c611394f8a447b0cd6a0	a2fd9d3b9cd2636fb5536fc272c657191cee3bd16077411fbb79fb6e4fecb655	0123af9e96b58af4e98b91a2de5608d36b63c67864b9041d3340587f3dbe40d2	cfa8dcf0d81c408de38d4202fe1ce9d9e5e301d1e67439c9530da94b1e64ee3f	7484d7b0dd80f45e18d726b04752827fe28555cc5c1af0e127948380e6688abf
semantic-proposal-v1	SC1-63c2666720064bfb83742b330f455a56241020cb88a99792d476dadfa8113236	S000805	1	P02	SYMBOLS.tsv	38074	selection_expression	x86_64	arch/x86/include/uapi/asm/vmx.h	operative_macro	VMX_ABORT_SAVE_GUEST_MSR_FAIL	171	PENDING_REVIEW	SOURCE_REVIEWED_VALUE	COMPLETE	vendor/linux/arch/x86/include/uapi/asm/vmx.h;vendor/linux/arch/x86/include/uapi/asm/vmx.h:171;rewrite/configs/x86_64/frozen.config;header_closure=rewrite/metadata/header_closure.tsv;selected=PENDING_REVIEW	425f94c2954b1fe80ebdbf9b29854e89750355df	ecce5e2cf9ed4fd4b561a9cf6dca8db733f61f1b33d1c611394f8a447b0cd6a0	a2fd9d3b9cd2636fb5536fc272c657191cee3bd16077411fbb79fb6e4fecb655	0123af9e96b58af4e98b91a2de5608d36b63c67864b9041d3340587f3dbe40d2	cfa8dcf0d81c408de38d4202fe1ce9d9e5e301d1e67439c9530da94b1e64ee3f	7484d7b0dd80f45e18d726b04752827fe28555cc5c1af0e127948380e6688abf
semantic-proposal-v1	SC1-5f48b7228dc4d5b338755c2386371f67be7ea3d8d1da133c07285a3bd5f69e59	S000805	1	P02	SYMBOLS.tsv	38074	status	x86_64	arch/x86/include/uapi/asm/vmx.h	operative_macro	VMX_ABORT_SAVE_GUEST_MSR_FAIL	171	PENDING_REVIEW	COMPLETE	COMPLETE	vendor/linux/arch/x86/include/uapi/asm/vmx.h;vendor/linux/arch/x86/include/uapi/asm/vmx.h:171;rewrite/configs/x86_64/frozen.config;header_closure=rewrite/metadata/header_closure.tsv;selected=PENDING_REVIEW	425f94c2954b1fe80ebdbf9b29854e89750355df	ecce5e2cf9ed4fd4b561a9cf6dca8db733f61f1b33d1c611394f8a447b0cd6a0	a2fd9d3b9cd2636fb5536fc272c657191cee3bd16077411fbb79fb6e4fecb655	0123af9e96b58af4e98b91a2de5608d36b63c67864b9041d3340587f3dbe40d2	cfa8dcf0d81c408de38d4202fe1ce9d9e5e301d1e67439c9530da94b1e64ee3f	7484d7b0dd80f45e18d726b04752827fe28555cc5c1af0e127948380e6688abf
semantic-proposal-v1	SC1-cbf891300f871b85206ef6c63b650ea86f880b17570c2ec63c0b5b8cf450221e	S000805	1	P02	SYMBOLS.tsv	38075	selection_expression	x86_64	arch/x86/include/uapi/asm/vmx.h	operative_macro	VMX_ABORT_LOAD_HOST_PDPTE_FAIL	172	PENDING_REVIEW	SOURCE_REVIEWED_VALUE	COMPLETE	vendor/linux/arch/x86/include/uapi/asm/vmx.h;vendor/linux/arch/x86/include/uapi/asm/vmx.h:172;rewrite/configs/x86_64/frozen.config;header_closure=rewrite/metadata/header_closure.tsv;selected=PENDING_REVIEW	425f94c2954b1fe80ebdbf9b29854e89750355df	ecce5e2cf9ed4fd4b561a9cf6dca8db733f61f1b33d1c611394f8a447b0cd6a0	a2fd9d3b9cd2636fb5536fc272c657191cee3bd16077411fbb79fb6e4fecb655	0123af9e96b58af4e98b91a2de5608d36b63c67864b9041d3340587f3dbe40d2	cfa8dcf0d81c408de38d4202fe1ce9d9e5e301d1e67439c9530da94b1e64ee3f	7484d7b0dd80f45e18d726b04752827fe28555cc5c1af0e127948380e6688abf
semantic-proposal-v1	SC1-3061cc056cec135d7574d7266d4893ff7ca08791bf7a3b924589564cc1aebaa7	S000805	1	P02	SYMBOLS.tsv	38075	status	x86_64	arch/x86/include/uapi/asm/vmx.h	operative_macro	VMX_ABORT_LOAD_HOST_PDPTE_FAIL	172	PENDING_REVIEW	COMPLETE	COMPLETE	vendor/linux/arch/x86/include/uapi/asm/vmx.h;vendor/linux/arch/x86/include/uapi/asm/vmx.h:172;rewrite/configs/x86_64/frozen.config;header_closure=rewrite/metadata/header_closure.tsv;selected=PENDING_REVIEW	425f94c2954b1fe80ebdbf9b29854e89750355df	ecce5e2cf9ed4fd4b561a9cf6dca8db733f61f1b33d1c611394f8a447b0cd6a0	a2fd9d3b9cd2636fb5536fc272c657191cee3bd16077411fbb79fb6e4fecb655	0123af9e96b58af4e98b91a2de5608d36b63c67864b9041d3340587f3dbe40d2	cfa8dcf0d81c408de38d4202fe1ce9d9e5e301d1e67439c9530da94b1e64ee3f	7484d7b0dd80f45e18d726b04752827fe28555cc5c1af0e127948380e6688abf
semantic-proposal-v1	SC1-d6c089890b2ac24de4b0d69a6ff57136bfc711c22469f2cd934c2eac2dce1c2d	S000805	1	P02	SYMBOLS.tsv	38076	selection_expression	x86_64	arch/x86/include/uapi/asm/vmx.h	operative_macro	VMX_ABORT_LOAD_HOST_MSR_FAIL	173	PENDING_REVIEW	SOURCE_REVIEWED_VALUE	COMPLETE	vendor/linux/arch/x86/include/uapi/asm/vmx.h;vendor/linux/arch/x86/include/uapi/asm/vmx.h:173;rewrite/configs/x86_64/frozen.config;header_closure=rewrite/metadata/header_closure.tsv;selected=PENDING_REVIEW	425f94c2954b1fe80ebdbf9b29854e89750355df	ecce5e2cf9ed4fd4b561a9cf6dca8db733f61f1b33d1c611394f8a447b0cd6a0	a2fd9d3b9cd2636fb5536fc272c657191cee3bd16077411fbb79fb6e4fecb655	0123af9e96b58af4e98b91a2de5608d36b63c67864b9041d3340587f3dbe40d2	cfa8dcf0d81c408de38d4202fe1ce9d9e5e301d1e67439c9530da94b1e64ee3f	7484d7b0dd80f45e18d726b04752827fe28555cc5c1af0e127948380e6688abf
semantic-proposal-v1	SC1-88b46d978b431fdf7eb503fd8a43f3ed18118b1be12c2dc63860fe7144cbf158	S000805	1	P02	SYMBOLS.tsv	38076	status	x86_64	arch/x86/include/uapi/asm/vmx.h	operative_macro	VMX_ABORT_LOAD_HOST_MSR_FAIL	173	PENDING_REVIEW	COMPLETE	COMPLETE	vendor/linux/arch/x86/include/uapi/asm/vmx.h;vendor/linux/arch/x86/include/uapi/asm/vmx.h:173;rewrite/configs/x86_64/frozen.config;header_closure=rewrite/metadata/header_closure.tsv;selected=PENDING_REVIEW	425f94c2954b1fe80ebdbf9b29854e89750355df	ecce5e2cf9ed4fd4b561a9cf6dca8db733f61f1b33d1c611394f8a447b0cd6a0	a2fd9d3b9cd2636fb5536fc272c657191cee3bd16077411fbb79fb6e4fecb655	0123af9e96b58af4e98b91a2de5608d36b63c67864b9041d3340587f3dbe40d2	cfa8dcf0d81c408de38d4202fe1ce9d9e5e301d1e67439c9530da94b1e64ee3f	7484d7b0dd80f45e18d726b04752827fe28555cc5c1af0e127948380e6688abf
