schema_version	record_key	task_id	attempt	pipeline_id	manifest	base_row	field	architecture	linux_path	record_kind	symbol_name	source_line	old_value	final_value	decision_status	source_citations	linux_sha	candidate_sha256	implementation_sha256	phase0_identity_sha256	queue_fingerprint	base_manifest_sha256
semantic-proposal-v1	SC1-702eaf86a03ce5736b392367fd0d089d1265db1984a0809acd18dec40ea3a6e1	S016270	1	P02	SCOPE.tsv	16271	semantic_status	common	include/uapi/linux/netfilter/nf_conntrack_common.h	scope	S016270	0	PENDING_REVIEW	COMPLETE	COMPLETE	vendor/linux/include/uapi/linux/netfilter/nf_conntrack_common.h;rewrite/metadata/header_closure.tsv	425f94c2954b1fe80ebdbf9b29854e89750355df	9438e0a2880fb10b9c48bd5fa44ecfbce2266f760edb6c33780afecc0f69ee43	e9d9a47838c402d1d9b7e373524645143e738e83a03ccee0c2ae1ab75ac6b205	0123af9e96b58af4e98b91a2de5608d36b63c67864b9041d3340587f3dbe40d2	cfa8dcf0d81c408de38d4202fe1ce9d9e5e301d1e67439c9530da94b1e64ee3f	b83349e6731e17e5da5e04a0ea053487e8ac8d9269538dbdb367d83f77b17e0a
semantic-proposal-v1	SC1-7f85092abed6affea2bfbec2b76e82792b6c2ec07f288921386219402df1f17c	S016270	1	P02	SYMBOLS.tsv	384976	status	aarch64	include/uapi/linux/netfilter/nf_conntrack_common.h	conditional	ifndef@2	2	PENDING_REVIEW	COMPLETE	COMPLETE	vendor/linux/include/uapi/linux/netfilter/nf_conntrack_common.h;vendor/linux/include/uapi/linux/netfilter/nf_conntrack_common.h:2;rewrite/configs/aarch64/frozen.config;header_closure=rewrite/metadata/header_closure.tsv;selected=PENDING_REVIEW	425f94c2954b1fe80ebdbf9b29854e89750355df	9438e0a2880fb10b9c48bd5fa44ecfbce2266f760edb6c33780afecc0f69ee43	e9d9a47838c402d1d9b7e373524645143e738e83a03ccee0c2ae1ab75ac6b205	0123af9e96b58af4e98b91a2de5608d36b63c67864b9041d3340587f3dbe40d2	cfa8dcf0d81c408de38d4202fe1ce9d9e5e301d1e67439c9530da94b1e64ee3f	7484d7b0dd80f45e18d726b04752827fe28555cc5c1af0e127948380e6688abf
semantic-proposal-v1	SC1-1831e6dfb9ea9180329689a1ec700f13b2aee7818be70a7857ef6c7535b7cf7f	S016270	1	P02	SYMBOLS.tsv	384977	status	aarch64	include/uapi/linux/netfilter/nf_conntrack_common.h	conditional	ifndef@30	30	PENDING_REVIEW	COMPLETE	COMPLETE	vendor/linux/include/uapi/linux/netfilter/nf_conntrack_common.h;vendor/linux/include/uapi/linux/netfilter/nf_conntrack_common.h:30;rewrite/configs/aarch64/frozen.config;header_closure=rewrite/metadata/header_closure.tsv;selected=PENDING_REVIEW	425f94c2954b1fe80ebdbf9b29854e89750355df	9438e0a2880fb10b9c48bd5fa44ecfbce2266f760edb6c33780afecc0f69ee43	e9d9a47838c402d1d9b7e373524645143e738e83a03ccee0c2ae1ab75ac6b205	0123af9e96b58af4e98b91a2de5608d36b63c67864b9041d3340587f3dbe40d2	cfa8dcf0d81c408de38d4202fe1ce9d9e5e301d1e67439c9530da94b1e64ee3f	7484d7b0dd80f45e18d726b04752827fe28555cc5c1af0e127948380e6688abf
semantic-proposal-v1	SC1-df3be5dfd077fd776dc4e9b9f4c9f24907a895b5981ca6f2e03593a57fe38db4	S016270	1	P02	SYMBOLS.tsv	384978	status	aarch64	include/uapi/linux/netfilter/nf_conntrack_common.h	conditional	else@32	32	PENDING_REVIEW	COMPLETE	COMPLETE	vendor/linux/include/uapi/linux/netfilter/nf_conntrack_common.h;vendor/linux/include/uapi/linux/netfilter/nf_conntrack_common.h:32;rewrite/configs/aarch64/frozen.config;header_closure=rewrite/metadata/header_closure.tsv;selected=PENDING_REVIEW	425f94c2954b1fe80ebdbf9b29854e89750355df	9438e0a2880fb10b9c48bd5fa44ecfbce2266f760edb6c33780afecc0f69ee43	e9d9a47838c402d1d9b7e373524645143e738e83a03ccee0c2ae1ab75ac6b205	0123af9e96b58af4e98b91a2de5608d36b63c67864b9041d3340587f3dbe40d2	cfa8dcf0d81c408de38d4202fe1ce9d9e5e301d1e67439c9530da94b1e64ee3f	7484d7b0dd80f45e18d726b04752827fe28555cc5c1af0e127948380e6688abf
semantic-proposal-v1	SC1-74fb7e4d4429a957bbb101c3ba18507836846521e24e33a0132abff408169bef	S016270	1	P02	SYMBOLS.tsv	384979	status	aarch64	include/uapi/linux/netfilter/nf_conntrack_common.h	conditional	endif@34	34	PENDING_REVIEW	COMPLETE	COMPLETE	vendor/linux/include/uapi/linux/netfilter/nf_conntrack_common.h;vendor/linux/include/uapi/linux/netfilter/nf_conntrack_common.h:34;rewrite/configs/aarch64/frozen.config;header_closure=rewrite/metadata/header_closure.tsv;selected=PENDING_REVIEW	425f94c2954b1fe80ebdbf9b29854e89750355df	9438e0a2880fb10b9c48bd5fa44ecfbce2266f760edb6c33780afecc0f69ee43	e9d9a47838c402d1d9b7e373524645143e738e83a03ccee0c2ae1ab75ac6b205	0123af9e96b58af4e98b91a2de5608d36b63c67864b9041d3340587f3dbe40d2	cfa8dcf0d81c408de38d4202fe1ce9d9e5e301d1e67439c9530da94b1e64ee3f	7484d7b0dd80f45e18d726b04752827fe28555cc5c1af0e127948380e6688abf
semantic-proposal-v1	SC1-8cb12de86e4dc306eda1214e81a24a92727ae922db70d23ad5766e88ba7727ff	S016270	1	P02	SYMBOLS.tsv	384980	status	aarch64	include/uapi/linux/netfilter/nf_conntrack_common.h	conditional	ifdef@100	100	PENDING_REVIEW	COMPLETE	COMPLETE	vendor/linux/include/uapi/linux/netfilter/nf_conntrack_common.h;vendor/linux/include/uapi/linux/netfilter/nf_conntrack_common.h:100;rewrite/configs/aarch64/frozen.config;header_closure=rewrite/metadata/header_closure.tsv;selected=PENDING_REVIEW	425f94c2954b1fe80ebdbf9b29854e89750355df	9438e0a2880fb10b9c48bd5fa44ecfbce2266f760edb6c33780afecc0f69ee43	e9d9a47838c402d1d9b7e373524645143e738e83a03ccee0c2ae1ab75ac6b205	0123af9e96b58af4e98b91a2de5608d36b63c67864b9041d3340587f3dbe40d2	cfa8dcf0d81c408de38d4202fe1ce9d9e5e301d1e67439c9530da94b1e64ee3f	7484d7b0dd80f45e18d726b04752827fe28555cc5c1af0e127948380e6688abf
semantic-proposal-v1	SC1-821901ff8ffe23c0971c7aeeddafcf9137ad77711010cb58f90c3dede7a93187	S016270	1	P02	SYMBOLS.tsv	384981	status	aarch64	include/uapi/linux/netfilter/nf_conntrack_common.h	conditional	endif@107	107	PENDING_REVIEW	COMPLETE	COMPLETE	vendor/linux/include/uapi/linux/netfilter/nf_conntrack_common.h;vendor/linux/include/uapi/linux/netfilter/nf_conntrack_common.h:107;rewrite/configs/aarch64/frozen.config;header_closure=rewrite/metadata/header_closure.tsv;selected=PENDING_REVIEW	425f94c2954b1fe80ebdbf9b29854e89750355df	9438e0a2880fb10b9c48bd5fa44ecfbce2266f760edb6c33780afecc0f69ee43	e9d9a47838c402d1d9b7e373524645143e738e83a03ccee0c2ae1ab75ac6b205	0123af9e96b58af4e98b91a2de5608d36b63c67864b9041d3340587f3dbe40d2	cfa8dcf0d81c408de38d4202fe1ce9d9e5e301d1e67439c9530da94b1e64ee3f	7484d7b0dd80f45e18d726b04752827fe28555cc5c1af0e127948380e6688abf
semantic-proposal-v1	SC1-45ce1c29ee0ad6747dc1c592fc0304cb61f16c2093f83c0b49f2dd3987baafbb	S016270	1	P02	SYMBOLS.tsv	384982	status	aarch64	include/uapi/linux/netfilter/nf_conntrack_common.h	conditional	ifdef@147	147	PENDING_REVIEW	COMPLETE	COMPLETE	vendor/linux/include/uapi/linux/netfilter/nf_conntrack_common.h;vendor/linux/include/uapi/linux/netfilter/nf_conntrack_common.h:147;rewrite/configs/aarch64/frozen.config;header_closure=rewrite/metadata/header_closure.tsv;selected=PENDING_REVIEW	425f94c2954b1fe80ebdbf9b29854e89750355df	9438e0a2880fb10b9c48bd5fa44ecfbce2266f760edb6c33780afecc0f69ee43	e9d9a47838c402d1d9b7e373524645143e738e83a03ccee0c2ae1ab75ac6b205	0123af9e96b58af4e98b91a2de5608d36b63c67864b9041d3340587f3dbe40d2	cfa8dcf0d81c408de38d4202fe1ce9d9e5e301d1e67439c9530da94b1e64ee3f	7484d7b0dd80f45e18d726b04752827fe28555cc5c1af0e127948380e6688abf
semantic-proposal-v1	SC1-201fd38dcfdd272daccb2a4b36caf3dea7735f54f0af099e0b1a58011f689cda	S016270	1	P02	SYMBOLS.tsv	384983	status	aarch64	include/uapi/linux/netfilter/nf_conntrack_common.h	conditional	endif@149	149	PENDING_REVIEW	COMPLETE	COMPLETE	vendor/linux/include/uapi/linux/netfilter/nf_conntrack_common.h;vendor/linux/include/uapi/linux/netfilter/nf_conntrack_common.h:149;rewrite/configs/aarch64/frozen.config;header_closure=rewrite/metadata/header_closure.tsv;selected=PENDING_REVIEW	425f94c2954b1fe80ebdbf9b29854e89750355df	9438e0a2880fb10b9c48bd5fa44ecfbce2266f760edb6c33780afecc0f69ee43	e9d9a47838c402d1d9b7e373524645143e738e83a03ccee0c2ae1ab75ac6b205	0123af9e96b58af4e98b91a2de5608d36b63c67864b9041d3340587f3dbe40d2	cfa8dcf0d81c408de38d4202fe1ce9d9e5e301d1e67439c9530da94b1e64ee3f	7484d7b0dd80f45e18d726b04752827fe28555cc5c1af0e127948380e6688abf
semantic-proposal-v1	SC1-9016c741da199b145ef1dec0c2370d7545df8013a637318fe546d6120b627f1c	S016270	1	P02	SYMBOLS.tsv	384984	status	aarch64	include/uapi/linux/netfilter/nf_conntrack_common.h	conditional	ifdef@162	162	PENDING_REVIEW	COMPLETE	COMPLETE	vendor/linux/include/uapi/linux/netfilter/nf_conntrack_common.h;vendor/linux/include/uapi/linux/netfilter/nf_conntrack_common.h:162;rewrite/configs/aarch64/frozen.config;header_closure=rewrite/metadata/header_closure.tsv;selected=PENDING_REVIEW	425f94c2954b1fe80ebdbf9b29854e89750355df	9438e0a2880fb10b9c48bd5fa44ecfbce2266f760edb6c33780afecc0f69ee43	e9d9a47838c402d1d9b7e373524645143e738e83a03ccee0c2ae1ab75ac6b205	0123af9e96b58af4e98b91a2de5608d36b63c67864b9041d3340587f3dbe40d2	cfa8dcf0d81c408de38d4202fe1ce9d9e5e301d1e67439c9530da94b1e64ee3f	7484d7b0dd80f45e18d726b04752827fe28555cc5c1af0e127948380e6688abf
semantic-proposal-v1	SC1-9b8f06ed2664be74072446e06790946b55cfc56268811bd2318e145efc46d30f	S016270	1	P02	SYMBOLS.tsv	384985	status	aarch64	include/uapi/linux/netfilter/nf_conntrack_common.h	conditional	endif@166	166	PENDING_REVIEW	COMPLETE	COMPLETE	vendor/linux/include/uapi/linux/netfilter/nf_conntrack_common.h;vendor/linux/include/uapi/linux/netfilter/nf_conntrack_common.h:166;rewrite/configs/aarch64/frozen.config;header_closure=rewrite/metadata/header_closure.tsv;selected=PENDING_REVIEW	425f94c2954b1fe80ebdbf9b29854e89750355df	9438e0a2880fb10b9c48bd5fa44ecfbce2266f760edb6c33780afecc0f69ee43	e9d9a47838c402d1d9b7e373524645143e738e83a03ccee0c2ae1ab75ac6b205	0123af9e96b58af4e98b91a2de5608d36b63c67864b9041d3340587f3dbe40d2	cfa8dcf0d81c408de38d4202fe1ce9d9e5e301d1e67439c9530da94b1e64ee3f	7484d7b0dd80f45e18d726b04752827fe28555cc5c1af0e127948380e6688abf
semantic-proposal-v1	SC1-3ea5f618dd6da1d75e3b2f58aa7bf15585a2cc52295f0990cac95863f6b7a356	S016270	1	P02	SYMBOLS.tsv	384986	status	aarch64	include/uapi/linux/netfilter/nf_conntrack_common.h	conditional	endif@168	168	PENDING_REVIEW	COMPLETE	COMPLETE	vendor/linux/include/uapi/linux/netfilter/nf_conntrack_common.h;vendor/linux/include/uapi/linux/netfilter/nf_conntrack_common.h:168;rewrite/configs/aarch64/frozen.config;header_closure=rewrite/metadata/header_closure.tsv;selected=PENDING_REVIEW	425f94c2954b1fe80ebdbf9b29854e89750355df	9438e0a2880fb10b9c48bd5fa44ecfbce2266f760edb6c33780afecc0f69ee43	e9d9a47838c402d1d9b7e373524645143e738e83a03ccee0c2ae1ab75ac6b205	0123af9e96b58af4e98b91a2de5608d36b63c67864b9041d3340587f3dbe40d2	cfa8dcf0d81c408de38d4202fe1ce9d9e5e301d1e67439c9530da94b1e64ee3f	7484d7b0dd80f45e18d726b04752827fe28555cc5c1af0e127948380e6688abf
semantic-proposal-v1	SC1-0d25479a50005138b2cfc2d88540632584a15a3eea1dbf02c279e96c95140af3	S016270	1	P02	SYMBOLS.tsv	384987	selection_expression	aarch64	include/uapi/linux/netfilter/nf_conntrack_common.h	operative_macro	_UAPI_NF_CONNTRACK_COMMON_H	3	PENDING_REVIEW	SOURCE_REVIEWED_VALUE	COMPLETE	vendor/linux/include/uapi/linux/netfilter/nf_conntrack_common.h;vendor/linux/include/uapi/linux/netfilter/nf_conntrack_common.h:3;rewrite/configs/aarch64/frozen.config;header_closure=rewrite/metadata/header_closure.tsv;selected=PENDING_REVIEW	425f94c2954b1fe80ebdbf9b29854e89750355df	9438e0a2880fb10b9c48bd5fa44ecfbce2266f760edb6c33780afecc0f69ee43	e9d9a47838c402d1d9b7e373524645143e738e83a03ccee0c2ae1ab75ac6b205	0123af9e96b58af4e98b91a2de5608d36b63c67864b9041d3340587f3dbe40d2	cfa8dcf0d81c408de38d4202fe1ce9d9e5e301d1e67439c9530da94b1e64ee3f	7484d7b0dd80f45e18d726b04752827fe28555cc5c1af0e127948380e6688abf
semantic-proposal-v1	SC1-1f6785518f9ba631eb0189279801b02d6c598eaf7f07f5cb4819a25c05ac80c8	S016270	1	P02	SYMBOLS.tsv	384987	status	aarch64	include/uapi/linux/netfilter/nf_conntrack_common.h	operative_macro	_UAPI_NF_CONNTRACK_COMMON_H	3	PENDING_REVIEW	COMPLETE	COMPLETE	vendor/linux/include/uapi/linux/netfilter/nf_conntrack_common.h;vendor/linux/include/uapi/linux/netfilter/nf_conntrack_common.h:3;rewrite/configs/aarch64/frozen.config;header_closure=rewrite/metadata/header_closure.tsv;selected=PENDING_REVIEW	425f94c2954b1fe80ebdbf9b29854e89750355df	9438e0a2880fb10b9c48bd5fa44ecfbce2266f760edb6c33780afecc0f69ee43	e9d9a47838c402d1d9b7e373524645143e738e83a03ccee0c2ae1ab75ac6b205	0123af9e96b58af4e98b91a2de5608d36b63c67864b9041d3340587f3dbe40d2	cfa8dcf0d81c408de38d4202fe1ce9d9e5e301d1e67439c9530da94b1e64ee3f	7484d7b0dd80f45e18d726b04752827fe28555cc5c1af0e127948380e6688abf
semantic-proposal-v1	SC1-86e307a32836d9fdc9e65bfe3bd8d8827a4ae028291317bc00705eb4ec5cbc95	S016270	1	P02	SYMBOLS.tsv	384988	selection_expression	aarch64	include/uapi/linux/netfilter/nf_conntrack_common.h	operative_macro	NF_CT_STATE_INVALID_BIT	37	PENDING_REVIEW	SOURCE_REVIEWED_VALUE	COMPLETE	vendor/linux/include/uapi/linux/netfilter/nf_conntrack_common.h;vendor/linux/include/uapi/linux/netfilter/nf_conntrack_common.h:37;rewrite/configs/aarch64/frozen.config;header_closure=rewrite/metadata/header_closure.tsv;selected=PENDING_REVIEW	425f94c2954b1fe80ebdbf9b29854e89750355df	9438e0a2880fb10b9c48bd5fa44ecfbce2266f760edb6c33780afecc0f69ee43	e9d9a47838c402d1d9b7e373524645143e738e83a03ccee0c2ae1ab75ac6b205	0123af9e96b58af4e98b91a2de5608d36b63c67864b9041d3340587f3dbe40d2	cfa8dcf0d81c408de38d4202fe1ce9d9e5e301d1e67439c9530da94b1e64ee3f	7484d7b0dd80f45e18d726b04752827fe28555cc5c1af0e127948380e6688abf
semantic-proposal-v1	SC1-78b037fda9bdd694fd856443ed38c67ee3bddbcca53fcf4f5f3b0e8310a66c86	S016270	1	P02	SYMBOLS.tsv	384988	status	aarch64	include/uapi/linux/netfilter/nf_conntrack_common.h	operative_macro	NF_CT_STATE_INVALID_BIT	37	PENDING_REVIEW	COMPLETE	COMPLETE	vendor/linux/include/uapi/linux/netfilter/nf_conntrack_common.h;vendor/linux/include/uapi/linux/netfilter/nf_conntrack_common.h:37;rewrite/configs/aarch64/frozen.config;header_closure=rewrite/metadata/header_closure.tsv;selected=PENDING_REVIEW	425f94c2954b1fe80ebdbf9b29854e89750355df	9438e0a2880fb10b9c48bd5fa44ecfbce2266f760edb6c33780afecc0f69ee43	e9d9a47838c402d1d9b7e373524645143e738e83a03ccee0c2ae1ab75ac6b205	0123af9e96b58af4e98b91a2de5608d36b63c67864b9041d3340587f3dbe40d2	cfa8dcf0d81c408de38d4202fe1ce9d9e5e301d1e67439c9530da94b1e64ee3f	7484d7b0dd80f45e18d726b04752827fe28555cc5c1af0e127948380e6688abf
semantic-proposal-v1	SC1-3fc9ff89790261e32ccff5fe1b880dc5fdf21f9247558fcbb903408dcfcf4e49	S016270	1	P02	SYMBOLS.tsv	384989	selection_expression	aarch64	include/uapi/linux/netfilter/nf_conntrack_common.h	operative_macro	NF_CT_STATE_BIT	38	PENDING_REVIEW	SOURCE_REVIEWED_VALUE	COMPLETE	vendor/linux/include/uapi/linux/netfilter/nf_conntrack_common.h;vendor/linux/include/uapi/linux/netfilter/nf_conntrack_common.h:38;rewrite/configs/aarch64/frozen.config;header_closure=rewrite/metadata/header_closure.tsv;selected=PENDING_REVIEW	425f94c2954b1fe80ebdbf9b29854e89750355df	9438e0a2880fb10b9c48bd5fa44ecfbce2266f760edb6c33780afecc0f69ee43	e9d9a47838c402d1d9b7e373524645143e738e83a03ccee0c2ae1ab75ac6b205	0123af9e96b58af4e98b91a2de5608d36b63c67864b9041d3340587f3dbe40d2	cfa8dcf0d81c408de38d4202fe1ce9d9e5e301d1e67439c9530da94b1e64ee3f	7484d7b0dd80f45e18d726b04752827fe28555cc5c1af0e127948380e6688abf
semantic-proposal-v1	SC1-7d3cd7a1a7e593726246bad2310b816c8bddeb06e4160d1b9edabd3658f6dda2	S016270	1	P02	SYMBOLS.tsv	384989	status	aarch64	include/uapi/linux/netfilter/nf_conntrack_common.h	operative_macro	NF_CT_STATE_BIT	38	PENDING_REVIEW	COMPLETE	COMPLETE	vendor/linux/include/uapi/linux/netfilter/nf_conntrack_common.h;vendor/linux/include/uapi/linux/netfilter/nf_conntrack_common.h:38;rewrite/configs/aarch64/frozen.config;header_closure=rewrite/metadata/header_closure.tsv;selected=PENDING_REVIEW	425f94c2954b1fe80ebdbf9b29854e89750355df	9438e0a2880fb10b9c48bd5fa44ecfbce2266f760edb6c33780afecc0f69ee43	e9d9a47838c402d1d9b7e373524645143e738e83a03ccee0c2ae1ab75ac6b205	0123af9e96b58af4e98b91a2de5608d36b63c67864b9041d3340587f3dbe40d2	cfa8dcf0d81c408de38d4202fe1ce9d9e5e301d1e67439c9530da94b1e64ee3f	7484d7b0dd80f45e18d726b04752827fe28555cc5c1af0e127948380e6688abf
semantic-proposal-v1	SC1-1b908b6473e08951e5d210366c10e8254d8349481f61a3015156df2973a81d48	S016270	1	P02	SYMBOLS.tsv	384990	selection_expression	aarch64	include/uapi/linux/netfilter/nf_conntrack_common.h	operative_macro	NF_CT_STATE_UNTRACKED_BIT	39	PENDING_REVIEW	SOURCE_REVIEWED_VALUE	COMPLETE	vendor/linux/include/uapi/linux/netfilter/nf_conntrack_common.h;vendor/linux/include/uapi/linux/netfilter/nf_conntrack_common.h:39;rewrite/configs/aarch64/frozen.config;header_closure=rewrite/metadata/header_closure.tsv;selected=PENDING_REVIEW	425f94c2954b1fe80ebdbf9b29854e89750355df	9438e0a2880fb10b9c48bd5fa44ecfbce2266f760edb6c33780afecc0f69ee43	e9d9a47838c402d1d9b7e373524645143e738e83a03ccee0c2ae1ab75ac6b205	0123af9e96b58af4e98b91a2de5608d36b63c67864b9041d3340587f3dbe40d2	cfa8dcf0d81c408de38d4202fe1ce9d9e5e301d1e67439c9530da94b1e64ee3f	7484d7b0dd80f45e18d726b04752827fe28555cc5c1af0e127948380e6688abf
semantic-proposal-v1	SC1-5423ae871d438fd0956fba00c974c98f2cf58f242b55883345a3adf9f9127cdc	S016270	1	P02	SYMBOLS.tsv	384990	status	aarch64	include/uapi/linux/netfilter/nf_conntrack_common.h	operative_macro	NF_CT_STATE_UNTRACKED_BIT	39	PENDING_REVIEW	COMPLETE	COMPLETE	vendor/linux/include/uapi/linux/netfilter/nf_conntrack_common.h;vendor/linux/include/uapi/linux/netfilter/nf_conntrack_common.h:39;rewrite/configs/aarch64/frozen.config;header_closure=rewrite/metadata/header_closure.tsv;selected=PENDING_REVIEW	425f94c2954b1fe80ebdbf9b29854e89750355df	9438e0a2880fb10b9c48bd5fa44ecfbce2266f760edb6c33780afecc0f69ee43	e9d9a47838c402d1d9b7e373524645143e738e83a03ccee0c2ae1ab75ac6b205	0123af9e96b58af4e98b91a2de5608d36b63c67864b9041d3340587f3dbe40d2	cfa8dcf0d81c408de38d4202fe1ce9d9e5e301d1e67439c9530da94b1e64ee3f	7484d7b0dd80f45e18d726b04752827fe28555cc5c1af0e127948380e6688abf
semantic-proposal-v1	SC1-f97d902e578ce7c1624de21d653adf33a293fdaf1c9c83e23e4a977b1529b537	S016270	1	P02	SYMBOLS.tsv	384991	selection_expression	aarch64	include/uapi/linux/netfilter/nf_conntrack_common.h	operative_macro	NF_CT_EXPECT_PERMANENT	158	PENDING_REVIEW	SOURCE_REVIEWED_VALUE	COMPLETE	vendor/linux/include/uapi/linux/netfilter/nf_conntrack_common.h;vendor/linux/include/uapi/linux/netfilter/nf_conntrack_common.h:158;rewrite/configs/aarch64/frozen.config;header_closure=rewrite/metadata/header_closure.tsv;selected=PENDING_REVIEW	425f94c2954b1fe80ebdbf9b29854e89750355df	9438e0a2880fb10b9c48bd5fa44ecfbce2266f760edb6c33780afecc0f69ee43	e9d9a47838c402d1d9b7e373524645143e738e83a03ccee0c2ae1ab75ac6b205	0123af9e96b58af4e98b91a2de5608d36b63c67864b9041d3340587f3dbe40d2	cfa8dcf0d81c408de38d4202fe1ce9d9e5e301d1e67439c9530da94b1e64ee3f	7484d7b0dd80f45e18d726b04752827fe28555cc5c1af0e127948380e6688abf
semantic-proposal-v1	SC1-0e4ebb6dadbdeddaa937c2a02bc85f7568710af5ee0d850efc8a14128e7d0d44	S016270	1	P02	SYMBOLS.tsv	384991	status	aarch64	include/uapi/linux/netfilter/nf_conntrack_common.h	operative_macro	NF_CT_EXPECT_PERMANENT	158	PENDING_REVIEW	COMPLETE	COMPLETE	vendor/linux/include/uapi/linux/netfilter/nf_conntrack_common.h;vendor/linux/include/uapi/linux/netfilter/nf_conntrack_common.h:158;rewrite/configs/aarch64/frozen.config;header_closure=rewrite/metadata/header_closure.tsv;selected=PENDING_REVIEW	425f94c2954b1fe80ebdbf9b29854e89750355df	9438e0a2880fb10b9c48bd5fa44ecfbce2266f760edb6c33780afecc0f69ee43	e9d9a47838c402d1d9b7e373524645143e738e83a03ccee0c2ae1ab75ac6b205	0123af9e96b58af4e98b91a2de5608d36b63c67864b9041d3340587f3dbe40d2	cfa8dcf0d81c408de38d4202fe1ce9d9e5e301d1e67439c9530da94b1e64ee3f	7484d7b0dd80f45e18d726b04752827fe28555cc5c1af0e127948380e6688abf
semantic-proposal-v1	SC1-b162342270a5aa1dc60cae8d82a32bb4c10b49cce19e802c4b817fbc80f35125	S016270	1	P02	SYMBOLS.tsv	384992	selection_expression	aarch64	include/uapi/linux/netfilter/nf_conntrack_common.h	operative_macro	NF_CT_EXPECT_INACTIVE	159	PENDING_REVIEW	SOURCE_REVIEWED_VALUE	COMPLETE	vendor/linux/include/uapi/linux/netfilter/nf_conntrack_common.h;vendor/linux/include/uapi/linux/netfilter/nf_conntrack_common.h:159;rewrite/configs/aarch64/frozen.config;header_closure=rewrite/metadata/header_closure.tsv;selected=PENDING_REVIEW	425f94c2954b1fe80ebdbf9b29854e89750355df	9438e0a2880fb10b9c48bd5fa44ecfbce2266f760edb6c33780afecc0f69ee43	e9d9a47838c402d1d9b7e373524645143e738e83a03ccee0c2ae1ab75ac6b205	0123af9e96b58af4e98b91a2de5608d36b63c67864b9041d3340587f3dbe40d2	cfa8dcf0d81c408de38d4202fe1ce9d9e5e301d1e67439c9530da94b1e64ee3f	7484d7b0dd80f45e18d726b04752827fe28555cc5c1af0e127948380e6688abf
semantic-proposal-v1	SC1-62c6f8acc850cdc0bfa89e8b4cddbe813905d84e55da9d27ba6f56fa763e796a	S016270	1	P02	SYMBOLS.tsv	384992	status	aarch64	include/uapi/linux/netfilter/nf_conntrack_common.h	operative_macro	NF_CT_EXPECT_INACTIVE	159	PENDING_REVIEW	COMPLETE	COMPLETE	vendor/linux/include/uapi/linux/netfilter/nf_conntrack_common.h;vendor/linux/include/uapi/linux/netfilter/nf_conntrack_common.h:159;rewrite/configs/aarch64/frozen.config;header_closure=rewrite/metadata/header_closure.tsv;selected=PENDING_REVIEW	425f94c2954b1fe80ebdbf9b29854e89750355df	9438e0a2880fb10b9c48bd5fa44ecfbce2266f760edb6c33780afecc0f69ee43	e9d9a47838c402d1d9b7e373524645143e738e83a03ccee0c2ae1ab75ac6b205	0123af9e96b58af4e98b91a2de5608d36b63c67864b9041d3340587f3dbe40d2	cfa8dcf0d81c408de38d4202fe1ce9d9e5e301d1e67439c9530da94b1e64ee3f	7484d7b0dd80f45e18d726b04752827fe28555cc5c1af0e127948380e6688abf
semantic-proposal-v1	SC1-6f9ee411c5f7b4102e79dda72eea9cefc4ca89ce6044d9be4b1f3c14a19b7a82	S016270	1	P02	SYMBOLS.tsv	384993	selection_expression	aarch64	include/uapi/linux/netfilter/nf_conntrack_common.h	operative_macro	NF_CT_EXPECT_USERSPACE	160	PENDING_REVIEW	SOURCE_REVIEWED_VALUE	COMPLETE	vendor/linux/include/uapi/linux/netfilter/nf_conntrack_common.h;vendor/linux/include/uapi/linux/netfilter/nf_conntrack_common.h:160;rewrite/configs/aarch64/frozen.config;header_closure=rewrite/metadata/header_closure.tsv;selected=PENDING_REVIEW	425f94c2954b1fe80ebdbf9b29854e89750355df	9438e0a2880fb10b9c48bd5fa44ecfbce2266f760edb6c33780afecc0f69ee43	e9d9a47838c402d1d9b7e373524645143e738e83a03ccee0c2ae1ab75ac6b205	0123af9e96b58af4e98b91a2de5608d36b63c67864b9041d3340587f3dbe40d2	cfa8dcf0d81c408de38d4202fe1ce9d9e5e301d1e67439c9530da94b1e64ee3f	7484d7b0dd80f45e18d726b04752827fe28555cc5c1af0e127948380e6688abf
semantic-proposal-v1	SC1-9fb47e048347125c9942c8489a34128588f5694db2b803162dd0915cfc55589f	S016270	1	P02	SYMBOLS.tsv	384993	status	aarch64	include/uapi/linux/netfilter/nf_conntrack_common.h	operative_macro	NF_CT_EXPECT_USERSPACE	160	PENDING_REVIEW	COMPLETE	COMPLETE	vendor/linux/include/uapi/linux/netfilter/nf_conntrack_common.h;vendor/linux/include/uapi/linux/netfilter/nf_conntrack_common.h:160;rewrite/configs/aarch64/frozen.config;header_closure=rewrite/metadata/header_closure.tsv;selected=PENDING_REVIEW	425f94c2954b1fe80ebdbf9b29854e89750355df	9438e0a2880fb10b9c48bd5fa44ecfbce2266f760edb6c33780afecc0f69ee43	e9d9a47838c402d1d9b7e373524645143e738e83a03ccee0c2ae1ab75ac6b205	0123af9e96b58af4e98b91a2de5608d36b63c67864b9041d3340587f3dbe40d2	cfa8dcf0d81c408de38d4202fe1ce9d9e5e301d1e67439c9530da94b1e64ee3f	7484d7b0dd80f45e18d726b04752827fe28555cc5c1af0e127948380e6688abf
semantic-proposal-v1	SC1-08e10967c23f662a29385f15f4fd284eabde03e461b27f452302ef8050df5817	S016270	1	P02	SYMBOLS.tsv	384994	selection_expression	aarch64	include/uapi/linux/netfilter/nf_conntrack_common.h	operative_macro	NF_CT_EXPECT_DEAD	163	PENDING_REVIEW	SOURCE_REVIEWED_VALUE	COMPLETE	vendor/linux/include/uapi/linux/netfilter/nf_conntrack_common.h;vendor/linux/include/uapi/linux/netfilter/nf_conntrack_common.h:163;rewrite/configs/aarch64/frozen.config;header_closure=rewrite/metadata/header_closure.tsv;selected=PENDING_REVIEW	425f94c2954b1fe80ebdbf9b29854e89750355df	9438e0a2880fb10b9c48bd5fa44ecfbce2266f760edb6c33780afecc0f69ee43	e9d9a47838c402d1d9b7e373524645143e738e83a03ccee0c2ae1ab75ac6b205	0123af9e96b58af4e98b91a2de5608d36b63c67864b9041d3340587f3dbe40d2	cfa8dcf0d81c408de38d4202fe1ce9d9e5e301d1e67439c9530da94b1e64ee3f	7484d7b0dd80f45e18d726b04752827fe28555cc5c1af0e127948380e6688abf
semantic-proposal-v1	SC1-30ef829c9fcdbde380f0ecfecfe89e3942465f4711778d51863091638f7ebf5b	S016270	1	P02	SYMBOLS.tsv	384994	status	aarch64	include/uapi/linux/netfilter/nf_conntrack_common.h	operative_macro	NF_CT_EXPECT_DEAD	163	PENDING_REVIEW	COMPLETE	COMPLETE	vendor/linux/include/uapi/linux/netfilter/nf_conntrack_common.h;vendor/linux/include/uapi/linux/netfilter/nf_conntrack_common.h:163;rewrite/configs/aarch64/frozen.config;header_closure=rewrite/metadata/header_closure.tsv;selected=PENDING_REVIEW	425f94c2954b1fe80ebdbf9b29854e89750355df	9438e0a2880fb10b9c48bd5fa44ecfbce2266f760edb6c33780afecc0f69ee43	e9d9a47838c402d1d9b7e373524645143e738e83a03ccee0c2ae1ab75ac6b205	0123af9e96b58af4e98b91a2de5608d36b63c67864b9041d3340587f3dbe40d2	cfa8dcf0d81c408de38d4202fe1ce9d9e5e301d1e67439c9530da94b1e64ee3f	7484d7b0dd80f45e18d726b04752827fe28555cc5c1af0e127948380e6688abf
semantic-proposal-v1	SC1-6833fdfffcaf59eb90aeeb813eb592cd361c88fd6c429e28aebcefe2d24d9b0e	S016270	1	P02	SYMBOLS.tsv	384995	selection_expression	aarch64	include/uapi/linux/netfilter/nf_conntrack_common.h	operative_macro	NF_CT_EXPECT_MASK	164	PENDING_REVIEW	SOURCE_REVIEWED_VALUE	COMPLETE	vendor/linux/include/uapi/linux/netfilter/nf_conntrack_common.h;vendor/linux/include/uapi/linux/netfilter/nf_conntrack_common.h:164;rewrite/configs/aarch64/frozen.config;header_closure=rewrite/metadata/header_closure.tsv;selected=PENDING_REVIEW	425f94c2954b1fe80ebdbf9b29854e89750355df	9438e0a2880fb10b9c48bd5fa44ecfbce2266f760edb6c33780afecc0f69ee43	e9d9a47838c402d1d9b7e373524645143e738e83a03ccee0c2ae1ab75ac6b205	0123af9e96b58af4e98b91a2de5608d36b63c67864b9041d3340587f3dbe40d2	cfa8dcf0d81c408de38d4202fe1ce9d9e5e301d1e67439c9530da94b1e64ee3f	7484d7b0dd80f45e18d726b04752827fe28555cc5c1af0e127948380e6688abf
semantic-proposal-v1	SC1-2582fadedab7eb43503b0380243075254a9d4758d4502ad0a95ef795c6567625	S016270	1	P02	SYMBOLS.tsv	384995	status	aarch64	include/uapi/linux/netfilter/nf_conntrack_common.h	operative_macro	NF_CT_EXPECT_MASK	164	PENDING_REVIEW	COMPLETE	COMPLETE	vendor/linux/include/uapi/linux/netfilter/nf_conntrack_common.h;vendor/linux/include/uapi/linux/netfilter/nf_conntrack_common.h:164;rewrite/configs/aarch64/frozen.config;header_closure=rewrite/metadata/header_closure.tsv;selected=PENDING_REVIEW	425f94c2954b1fe80ebdbf9b29854e89750355df	9438e0a2880fb10b9c48bd5fa44ecfbce2266f760edb6c33780afecc0f69ee43	e9d9a47838c402d1d9b7e373524645143e738e83a03ccee0c2ae1ab75ac6b205	0123af9e96b58af4e98b91a2de5608d36b63c67864b9041d3340587f3dbe40d2	cfa8dcf0d81c408de38d4202fe1ce9d9e5e301d1e67439c9530da94b1e64ee3f	7484d7b0dd80f45e18d726b04752827fe28555cc5c1af0e127948380e6688abf
semantic-proposal-v1	SC1-7397c78593d286d8a4a05bf6979d063be4085abf435e489e07415d7dde32c3eb	S016270	1	P02	SYMBOLS.tsv	384996	selection_expression	aarch64	include/uapi/linux/netfilter/nf_conntrack_common.h	type	enum ip_conntrack_info	7	PENDING_REVIEW	SOURCE_REVIEWED_VALUE	COMPLETE	vendor/linux/include/uapi/linux/netfilter/nf_conntrack_common.h;vendor/linux/include/uapi/linux/netfilter/nf_conntrack_common.h:7;rewrite/configs/aarch64/frozen.config;header_closure=rewrite/metadata/header_closure.tsv;selected=PENDING_REVIEW	425f94c2954b1fe80ebdbf9b29854e89750355df	9438e0a2880fb10b9c48bd5fa44ecfbce2266f760edb6c33780afecc0f69ee43	e9d9a47838c402d1d9b7e373524645143e738e83a03ccee0c2ae1ab75ac6b205	0123af9e96b58af4e98b91a2de5608d36b63c67864b9041d3340587f3dbe40d2	cfa8dcf0d81c408de38d4202fe1ce9d9e5e301d1e67439c9530da94b1e64ee3f	7484d7b0dd80f45e18d726b04752827fe28555cc5c1af0e127948380e6688abf
semantic-proposal-v1	SC1-9be37e8c28670a7d3474548e5a496717401e9880ca36db906a8f1d59583436cf	S016270	1	P02	SYMBOLS.tsv	384996	status	aarch64	include/uapi/linux/netfilter/nf_conntrack_common.h	type	enum ip_conntrack_info	7	PENDING_REVIEW	COMPLETE	COMPLETE	vendor/linux/include/uapi/linux/netfilter/nf_conntrack_common.h;vendor/linux/include/uapi/linux/netfilter/nf_conntrack_common.h:7;rewrite/configs/aarch64/frozen.config;header_closure=rewrite/metadata/header_closure.tsv;selected=PENDING_REVIEW	425f94c2954b1fe80ebdbf9b29854e89750355df	9438e0a2880fb10b9c48bd5fa44ecfbce2266f760edb6c33780afecc0f69ee43	e9d9a47838c402d1d9b7e373524645143e738e83a03ccee0c2ae1ab75ac6b205	0123af9e96b58af4e98b91a2de5608d36b63c67864b9041d3340587f3dbe40d2	cfa8dcf0d81c408de38d4202fe1ce9d9e5e301d1e67439c9530da94b1e64ee3f	7484d7b0dd80f45e18d726b04752827fe28555cc5c1af0e127948380e6688abf
semantic-proposal-v1	SC1-f83b59330e534aa202b1a84a2bc89dd1bf3ff664062f9f062296c17a24ba32db	S016270	1	P02	SYMBOLS.tsv	384997	selection_expression	aarch64	include/uapi/linux/netfilter/nf_conntrack_common.h	enum_constant	IP_CT_ESTABLISHED	9	PENDING_REVIEW	SOURCE_REVIEWED_VALUE	COMPLETE	vendor/linux/include/uapi/linux/netfilter/nf_conntrack_common.h;vendor/linux/include/uapi/linux/netfilter/nf_conntrack_common.h:9;rewrite/configs/aarch64/frozen.config;header_closure=rewrite/metadata/header_closure.tsv;selected=PENDING_REVIEW	425f94c2954b1fe80ebdbf9b29854e89750355df	9438e0a2880fb10b9c48bd5fa44ecfbce2266f760edb6c33780afecc0f69ee43	e9d9a47838c402d1d9b7e373524645143e738e83a03ccee0c2ae1ab75ac6b205	0123af9e96b58af4e98b91a2de5608d36b63c67864b9041d3340587f3dbe40d2	cfa8dcf0d81c408de38d4202fe1ce9d9e5e301d1e67439c9530da94b1e64ee3f	7484d7b0dd80f45e18d726b04752827fe28555cc5c1af0e127948380e6688abf
semantic-proposal-v1	SC1-4963f5dafcf4ee4efd9882c1bd1e44775fc492a75e708250d020244fe3524b12	S016270	1	P02	SYMBOLS.tsv	384997	status	aarch64	include/uapi/linux/netfilter/nf_conntrack_common.h	enum_constant	IP_CT_ESTABLISHED	9	PENDING_REVIEW	COMPLETE	COMPLETE	vendor/linux/include/uapi/linux/netfilter/nf_conntrack_common.h;vendor/linux/include/uapi/linux/netfilter/nf_conntrack_common.h:9;rewrite/configs/aarch64/frozen.config;header_closure=rewrite/metadata/header_closure.tsv;selected=PENDING_REVIEW	425f94c2954b1fe80ebdbf9b29854e89750355df	9438e0a2880fb10b9c48bd5fa44ecfbce2266f760edb6c33780afecc0f69ee43	e9d9a47838c402d1d9b7e373524645143e738e83a03ccee0c2ae1ab75ac6b205	0123af9e96b58af4e98b91a2de5608d36b63c67864b9041d3340587f3dbe40d2	cfa8dcf0d81c408de38d4202fe1ce9d9e5e301d1e67439c9530da94b1e64ee3f	7484d7b0dd80f45e18d726b04752827fe28555cc5c1af0e127948380e6688abf
semantic-proposal-v1	SC1-9e8e3210025b6e1a26b9c3eeab8b83cf63f280f4d4a4ca3a636583a0ddac39c1	S016270	1	P02	SYMBOLS.tsv	384998	selection_expression	aarch64	include/uapi/linux/netfilter/nf_conntrack_common.h	enum_constant	IP_CT_RELATED	13	PENDING_REVIEW	SOURCE_REVIEWED_VALUE	COMPLETE	vendor/linux/include/uapi/linux/netfilter/nf_conntrack_common.h;vendor/linux/include/uapi/linux/netfilter/nf_conntrack_common.h:13;rewrite/configs/aarch64/frozen.config;header_closure=rewrite/metadata/header_closure.tsv;selected=PENDING_REVIEW	425f94c2954b1fe80ebdbf9b29854e89750355df	9438e0a2880fb10b9c48bd5fa44ecfbce2266f760edb6c33780afecc0f69ee43	e9d9a47838c402d1d9b7e373524645143e738e83a03ccee0c2ae1ab75ac6b205	0123af9e96b58af4e98b91a2de5608d36b63c67864b9041d3340587f3dbe40d2	cfa8dcf0d81c408de38d4202fe1ce9d9e5e301d1e67439c9530da94b1e64ee3f	7484d7b0dd80f45e18d726b04752827fe28555cc5c1af0e127948380e6688abf
semantic-proposal-v1	SC1-d787841fcd720b8112099db0d152cb32e2c481c6c041b633bd7419c93df71054	S016270	1	P02	SYMBOLS.tsv	384998	status	aarch64	include/uapi/linux/netfilter/nf_conntrack_common.h	enum_constant	IP_CT_RELATED	13	PENDING_REVIEW	COMPLETE	COMPLETE	vendor/linux/include/uapi/linux/netfilter/nf_conntrack_common.h;vendor/linux/include/uapi/linux/netfilter/nf_conntrack_common.h:13;rewrite/configs/aarch64/frozen.config;header_closure=rewrite/metadata/header_closure.tsv;selected=PENDING_REVIEW	425f94c2954b1fe80ebdbf9b29854e89750355df	9438e0a2880fb10b9c48bd5fa44ecfbce2266f760edb6c33780afecc0f69ee43	e9d9a47838c402d1d9b7e373524645143e738e83a03ccee0c2ae1ab75ac6b205	0123af9e96b58af4e98b91a2de5608d36b63c67864b9041d3340587f3dbe40d2	cfa8dcf0d81c408de38d4202fe1ce9d9e5e301d1e67439c9530da94b1e64ee3f	7484d7b0dd80f45e18d726b04752827fe28555cc5c1af0e127948380e6688abf
semantic-proposal-v1	SC1-2ff310446f04fabb1bc5ba33d6a5141b613e6bc263bb7c419eaa1cdcdc6fb01e	S016270	1	P02	SYMBOLS.tsv	384999	selection_expression	aarch64	include/uapi/linux/netfilter/nf_conntrack_common.h	enum_constant	IP_CT_NEW	17	PENDING_REVIEW	SOURCE_REVIEWED_VALUE	COMPLETE	vendor/linux/include/uapi/linux/netfilter/nf_conntrack_common.h;vendor/linux/include/uapi/linux/netfilter/nf_conntrack_common.h:17;rewrite/configs/aarch64/frozen.config;header_closure=rewrite/metadata/header_closure.tsv;selected=PENDING_REVIEW	425f94c2954b1fe80ebdbf9b29854e89750355df	9438e0a2880fb10b9c48bd5fa44ecfbce2266f760edb6c33780afecc0f69ee43	e9d9a47838c402d1d9b7e373524645143e738e83a03ccee0c2ae1ab75ac6b205	0123af9e96b58af4e98b91a2de5608d36b63c67864b9041d3340587f3dbe40d2	cfa8dcf0d81c408de38d4202fe1ce9d9e5e301d1e67439c9530da94b1e64ee3f	7484d7b0dd80f45e18d726b04752827fe28555cc5c1af0e127948380e6688abf
semantic-proposal-v1	SC1-80f5e577fcd839c7c8f5a61384e820658a4bd071346015252b9db661423aecfe	S016270	1	P02	SYMBOLS.tsv	384999	status	aarch64	include/uapi/linux/netfilter/nf_conntrack_common.h	enum_constant	IP_CT_NEW	17	PENDING_REVIEW	COMPLETE	COMPLETE	vendor/linux/include/uapi/linux/netfilter/nf_conntrack_common.h;vendor/linux/include/uapi/linux/netfilter/nf_conntrack_common.h:17;rewrite/configs/aarch64/frozen.config;header_closure=rewrite/metadata/header_closure.tsv;selected=PENDING_REVIEW	425f94c2954b1fe80ebdbf9b29854e89750355df	9438e0a2880fb10b9c48bd5fa44ecfbce2266f760edb6c33780afecc0f69ee43	e9d9a47838c402d1d9b7e373524645143e738e83a03ccee0c2ae1ab75ac6b205	0123af9e96b58af4e98b91a2de5608d36b63c67864b9041d3340587f3dbe40d2	cfa8dcf0d81c408de38d4202fe1ce9d9e5e301d1e67439c9530da94b1e64ee3f	7484d7b0dd80f45e18d726b04752827fe28555cc5c1af0e127948380e6688abf
semantic-proposal-v1	SC1-c23c35466ad7203f0ddbe2c90aacc4e9b9d783510b731ea3ded54c9c77751356	S016270	1	P02	SYMBOLS.tsv	385000	selection_expression	aarch64	include/uapi/linux/netfilter/nf_conntrack_common.h	enum_constant	IP_CT_IS_REPLY	20	PENDING_REVIEW	SOURCE_REVIEWED_VALUE	COMPLETE	vendor/linux/include/uapi/linux/netfilter/nf_conntrack_common.h;vendor/linux/include/uapi/linux/netfilter/nf_conntrack_common.h:20;rewrite/configs/aarch64/frozen.config;header_closure=rewrite/metadata/header_closure.tsv;selected=PENDING_REVIEW	425f94c2954b1fe80ebdbf9b29854e89750355df	9438e0a2880fb10b9c48bd5fa44ecfbce2266f760edb6c33780afecc0f69ee43	e9d9a47838c402d1d9b7e373524645143e738e83a03ccee0c2ae1ab75ac6b205	0123af9e96b58af4e98b91a2de5608d36b63c67864b9041d3340587f3dbe40d2	cfa8dcf0d81c408de38d4202fe1ce9d9e5e301d1e67439c9530da94b1e64ee3f	7484d7b0dd80f45e18d726b04752827fe28555cc5c1af0e127948380e6688abf
semantic-proposal-v1	SC1-7a57d524c25001bec73fe1dcf7dcb19a9e312856dcca177612bbf57706e00ea7	S016270	1	P02	SYMBOLS.tsv	385000	status	aarch64	include/uapi/linux/netfilter/nf_conntrack_common.h	enum_constant	IP_CT_IS_REPLY	20	PENDING_REVIEW	COMPLETE	COMPLETE	vendor/linux/include/uapi/linux/netfilter/nf_conntrack_common.h;vendor/linux/include/uapi/linux/netfilter/nf_conntrack_common.h:20;rewrite/configs/aarch64/frozen.config;header_closure=rewrite/metadata/header_closure.tsv;selected=PENDING_REVIEW	425f94c2954b1fe80ebdbf9b29854e89750355df	9438e0a2880fb10b9c48bd5fa44ecfbce2266f760edb6c33780afecc0f69ee43	e9d9a47838c402d1d9b7e373524645143e738e83a03ccee0c2ae1ab75ac6b205	0123af9e96b58af4e98b91a2de5608d36b63c67864b9041d3340587f3dbe40d2	cfa8dcf0d81c408de38d4202fe1ce9d9e5e301d1e67439c9530da94b1e64ee3f	7484d7b0dd80f45e18d726b04752827fe28555cc5c1af0e127948380e6688abf
semantic-proposal-v1	SC1-62ec821a496289c289d53f798e3ae6988d9a92c20a21f91acc008e0bc68261ef	S016270	1	P02	SYMBOLS.tsv	385001	selection_expression	aarch64	include/uapi/linux/netfilter/nf_conntrack_common.h	enum_constant	IP_CT_ESTABLISHED_REPLY	22	PENDING_REVIEW	SOURCE_REVIEWED_VALUE	COMPLETE	vendor/linux/include/uapi/linux/netfilter/nf_conntrack_common.h;vendor/linux/include/uapi/linux/netfilter/nf_conntrack_common.h:22;rewrite/configs/aarch64/frozen.config;header_closure=rewrite/metadata/header_closure.tsv;selected=PENDING_REVIEW	425f94c2954b1fe80ebdbf9b29854e89750355df	9438e0a2880fb10b9c48bd5fa44ecfbce2266f760edb6c33780afecc0f69ee43	e9d9a47838c402d1d9b7e373524645143e738e83a03ccee0c2ae1ab75ac6b205	0123af9e96b58af4e98b91a2de5608d36b63c67864b9041d3340587f3dbe40d2	cfa8dcf0d81c408de38d4202fe1ce9d9e5e301d1e67439c9530da94b1e64ee3f	7484d7b0dd80f45e18d726b04752827fe28555cc5c1af0e127948380e6688abf
semantic-proposal-v1	SC1-3b65177c7f0ea520938d730de9ebc6d23eab7ee351fcd7614c9b560c4c5f4366	S016270	1	P02	SYMBOLS.tsv	385001	status	aarch64	include/uapi/linux/netfilter/nf_conntrack_common.h	enum_constant	IP_CT_ESTABLISHED_REPLY	22	PENDING_REVIEW	COMPLETE	COMPLETE	vendor/linux/include/uapi/linux/netfilter/nf_conntrack_common.h;vendor/linux/include/uapi/linux/netfilter/nf_conntrack_common.h:22;rewrite/configs/aarch64/frozen.config;header_closure=rewrite/metadata/header_closure.tsv;selected=PENDING_REVIEW	425f94c2954b1fe80ebdbf9b29854e89750355df	9438e0a2880fb10b9c48bd5fa44ecfbce2266f760edb6c33780afecc0f69ee43	e9d9a47838c402d1d9b7e373524645143e738e83a03ccee0c2ae1ab75ac6b205	0123af9e96b58af4e98b91a2de5608d36b63c67864b9041d3340587f3dbe40d2	cfa8dcf0d81c408de38d4202fe1ce9d9e5e301d1e67439c9530da94b1e64ee3f	7484d7b0dd80f45e18d726b04752827fe28555cc5c1af0e127948380e6688abf
semantic-proposal-v1	SC1-c1b65d7e47d96a499af2998065fdc23f313bc097a3a6bcea3f1f82c87861c458	S016270	1	P02	SYMBOLS.tsv	385002	selection_expression	aarch64	include/uapi/linux/netfilter/nf_conntrack_common.h	enum_constant	IP_CT_RELATED_REPLY	23	PENDING_REVIEW	SOURCE_REVIEWED_VALUE	COMPLETE	vendor/linux/include/uapi/linux/netfilter/nf_conntrack_common.h;vendor/linux/include/uapi/linux/netfilter/nf_conntrack_common.h:23;rewrite/configs/aarch64/frozen.config;header_closure=rewrite/metadata/header_closure.tsv;selected=PENDING_REVIEW	425f94c2954b1fe80ebdbf9b29854e89750355df	9438e0a2880fb10b9c48bd5fa44ecfbce2266f760edb6c33780afecc0f69ee43	e9d9a47838c402d1d9b7e373524645143e738e83a03ccee0c2ae1ab75ac6b205	0123af9e96b58af4e98b91a2de5608d36b63c67864b9041d3340587f3dbe40d2	cfa8dcf0d81c408de38d4202fe1ce9d9e5e301d1e67439c9530da94b1e64ee3f	7484d7b0dd80f45e18d726b04752827fe28555cc5c1af0e127948380e6688abf
semantic-proposal-v1	SC1-9921d4b261a7cac164330e0bba5641d7191426521ffaeceb5a06c0ac6068715b	S016270	1	P02	SYMBOLS.tsv	385002	status	aarch64	include/uapi/linux/netfilter/nf_conntrack_common.h	enum_constant	IP_CT_RELATED_REPLY	23	PENDING_REVIEW	COMPLETE	COMPLETE	vendor/linux/include/uapi/linux/netfilter/nf_conntrack_common.h;vendor/linux/include/uapi/linux/netfilter/nf_conntrack_common.h:23;rewrite/configs/aarch64/frozen.config;header_closure=rewrite/metadata/header_closure.tsv;selected=PENDING_REVIEW	425f94c2954b1fe80ebdbf9b29854e89750355df	9438e0a2880fb10b9c48bd5fa44ecfbce2266f760edb6c33780afecc0f69ee43	e9d9a47838c402d1d9b7e373524645143e738e83a03ccee0c2ae1ab75ac6b205	0123af9e96b58af4e98b91a2de5608d36b63c67864b9041d3340587f3dbe40d2	cfa8dcf0d81c408de38d4202fe1ce9d9e5e301d1e67439c9530da94b1e64ee3f	7484d7b0dd80f45e18d726b04752827fe28555cc5c1af0e127948380e6688abf
semantic-proposal-v1	SC1-d6b36b905e550984849b7dbf6ab31ea1d64d8c82d2eb5136a967e95a5af1fe18	S016270	1	P02	SYMBOLS.tsv	385003	selection_expression	aarch64	include/uapi/linux/netfilter/nf_conntrack_common.h	enum_constant	IP_CT_NUMBER	27	PENDING_REVIEW	SOURCE_REVIEWED_VALUE	COMPLETE	vendor/linux/include/uapi/linux/netfilter/nf_conntrack_common.h;vendor/linux/include/uapi/linux/netfilter/nf_conntrack_common.h:27;rewrite/configs/aarch64/frozen.config;header_closure=rewrite/metadata/header_closure.tsv;selected=PENDING_REVIEW	425f94c2954b1fe80ebdbf9b29854e89750355df	9438e0a2880fb10b9c48bd5fa44ecfbce2266f760edb6c33780afecc0f69ee43	e9d9a47838c402d1d9b7e373524645143e738e83a03ccee0c2ae1ab75ac6b205	0123af9e96b58af4e98b91a2de5608d36b63c67864b9041d3340587f3dbe40d2	cfa8dcf0d81c408de38d4202fe1ce9d9e5e301d1e67439c9530da94b1e64ee3f	7484d7b0dd80f45e18d726b04752827fe28555cc5c1af0e127948380e6688abf
semantic-proposal-v1	SC1-8c4fd894c5ff008a72ebb51e7e1a1c4247930fa1ce76f619576d6c5a76b2e739	S016270	1	P02	SYMBOLS.tsv	385003	status	aarch64	include/uapi/linux/netfilter/nf_conntrack_common.h	enum_constant	IP_CT_NUMBER	27	PENDING_REVIEW	COMPLETE	COMPLETE	vendor/linux/include/uapi/linux/netfilter/nf_conntrack_common.h;vendor/linux/include/uapi/linux/netfilter/nf_conntrack_common.h:27;rewrite/configs/aarch64/frozen.config;header_closure=rewrite/metadata/header_closure.tsv;selected=PENDING_REVIEW	425f94c2954b1fe80ebdbf9b29854e89750355df	9438e0a2880fb10b9c48bd5fa44ecfbce2266f760edb6c33780afecc0f69ee43	e9d9a47838c402d1d9b7e373524645143e738e83a03ccee0c2ae1ab75ac6b205	0123af9e96b58af4e98b91a2de5608d36b63c67864b9041d3340587f3dbe40d2	cfa8dcf0d81c408de38d4202fe1ce9d9e5e301d1e67439c9530da94b1e64ee3f	7484d7b0dd80f45e18d726b04752827fe28555cc5c1af0e127948380e6688abf
semantic-proposal-v1	SC1-dbc1decb0b04f095783e1155567489618473db2998d706c9373561cb0af179ff	S016270	1	P02	SYMBOLS.tsv	385004	selection_expression	aarch64	include/uapi/linux/netfilter/nf_conntrack_common.h	enum_constant	IP_CT_NEW_REPLY	31	PENDING_REVIEW	SOURCE_REVIEWED_VALUE	COMPLETE	vendor/linux/include/uapi/linux/netfilter/nf_conntrack_common.h;vendor/linux/include/uapi/linux/netfilter/nf_conntrack_common.h:31;rewrite/configs/aarch64/frozen.config;header_closure=rewrite/metadata/header_closure.tsv;selected=PENDING_REVIEW	425f94c2954b1fe80ebdbf9b29854e89750355df	9438e0a2880fb10b9c48bd5fa44ecfbce2266f760edb6c33780afecc0f69ee43	e9d9a47838c402d1d9b7e373524645143e738e83a03ccee0c2ae1ab75ac6b205	0123af9e96b58af4e98b91a2de5608d36b63c67864b9041d3340587f3dbe40d2	cfa8dcf0d81c408de38d4202fe1ce9d9e5e301d1e67439c9530da94b1e64ee3f	7484d7b0dd80f45e18d726b04752827fe28555cc5c1af0e127948380e6688abf
semantic-proposal-v1	SC1-98979e7b8d7f10610fbda16395fb95484264687d157e9efb39b89d2fd43dae75	S016270	1	P02	SYMBOLS.tsv	385004	status	aarch64	include/uapi/linux/netfilter/nf_conntrack_common.h	enum_constant	IP_CT_NEW_REPLY	31	PENDING_REVIEW	COMPLETE	COMPLETE	vendor/linux/include/uapi/linux/netfilter/nf_conntrack_common.h;vendor/linux/include/uapi/linux/netfilter/nf_conntrack_common.h:31;rewrite/configs/aarch64/frozen.config;header_closure=rewrite/metadata/header_closure.tsv;selected=PENDING_REVIEW	425f94c2954b1fe80ebdbf9b29854e89750355df	9438e0a2880fb10b9c48bd5fa44ecfbce2266f760edb6c33780afecc0f69ee43	e9d9a47838c402d1d9b7e373524645143e738e83a03ccee0c2ae1ab75ac6b205	0123af9e96b58af4e98b91a2de5608d36b63c67864b9041d3340587f3dbe40d2	cfa8dcf0d81c408de38d4202fe1ce9d9e5e301d1e67439c9530da94b1e64ee3f	7484d7b0dd80f45e18d726b04752827fe28555cc5c1af0e127948380e6688abf
semantic-proposal-v1	SC1-0f4771aacb1422d9d37798e12adf30e40bfb9abacf473f39470f6bb0b99242c9	S016270	1	P02	SYMBOLS.tsv	385005	selection_expression	aarch64	include/uapi/linux/netfilter/nf_conntrack_common.h	enum_constant	IP_CT_UNTRACKED	33	PENDING_REVIEW	SOURCE_REVIEWED_VALUE	COMPLETE	vendor/linux/include/uapi/linux/netfilter/nf_conntrack_common.h;vendor/linux/include/uapi/linux/netfilter/nf_conntrack_common.h:33;rewrite/configs/aarch64/frozen.config;header_closure=rewrite/metadata/header_closure.tsv;selected=PENDING_REVIEW	425f94c2954b1fe80ebdbf9b29854e89750355df	9438e0a2880fb10b9c48bd5fa44ecfbce2266f760edb6c33780afecc0f69ee43	e9d9a47838c402d1d9b7e373524645143e738e83a03ccee0c2ae1ab75ac6b205	0123af9e96b58af4e98b91a2de5608d36b63c67864b9041d3340587f3dbe40d2	cfa8dcf0d81c408de38d4202fe1ce9d9e5e301d1e67439c9530da94b1e64ee3f	7484d7b0dd80f45e18d726b04752827fe28555cc5c1af0e127948380e6688abf
semantic-proposal-v1	SC1-c640872892b75ecd933c403d31774bdb4b5a0d564f70fed26f0ef92c552202d3	S016270	1	P02	SYMBOLS.tsv	385005	status	aarch64	include/uapi/linux/netfilter/nf_conntrack_common.h	enum_constant	IP_CT_UNTRACKED	33	PENDING_REVIEW	COMPLETE	COMPLETE	vendor/linux/include/uapi/linux/netfilter/nf_conntrack_common.h;vendor/linux/include/uapi/linux/netfilter/nf_conntrack_common.h:33;rewrite/configs/aarch64/frozen.config;header_closure=rewrite/metadata/header_closure.tsv;selected=PENDING_REVIEW	425f94c2954b1fe80ebdbf9b29854e89750355df	9438e0a2880fb10b9c48bd5fa44ecfbce2266f760edb6c33780afecc0f69ee43	e9d9a47838c402d1d9b7e373524645143e738e83a03ccee0c2ae1ab75ac6b205	0123af9e96b58af4e98b91a2de5608d36b63c67864b9041d3340587f3dbe40d2	cfa8dcf0d81c408de38d4202fe1ce9d9e5e301d1e67439c9530da94b1e64ee3f	7484d7b0dd80f45e18d726b04752827fe28555cc5c1af0e127948380e6688abf
semantic-proposal-v1	SC1-950e1cfa9e5cde40f626e4018d9bc3a4bba6c7af3153be8e73aad0ee873c476e	S016270	1	P02	SYMBOLS.tsv	385006	selection_expression	aarch64	include/uapi/linux/netfilter/nf_conntrack_common.h	type	enum ip_conntrack_status	42	PENDING_REVIEW	SOURCE_REVIEWED_VALUE	COMPLETE	vendor/linux/include/uapi/linux/netfilter/nf_conntrack_common.h;vendor/linux/include/uapi/linux/netfilter/nf_conntrack_common.h:42;rewrite/configs/aarch64/frozen.config;header_closure=rewrite/metadata/header_closure.tsv;selected=PENDING_REVIEW	425f94c2954b1fe80ebdbf9b29854e89750355df	9438e0a2880fb10b9c48bd5fa44ecfbce2266f760edb6c33780afecc0f69ee43	e9d9a47838c402d1d9b7e373524645143e738e83a03ccee0c2ae1ab75ac6b205	0123af9e96b58af4e98b91a2de5608d36b63c67864b9041d3340587f3dbe40d2	cfa8dcf0d81c408de38d4202fe1ce9d9e5e301d1e67439c9530da94b1e64ee3f	7484d7b0dd80f45e18d726b04752827fe28555cc5c1af0e127948380e6688abf
semantic-proposal-v1	SC1-d5ecd446c60f8df2296ac20cc01d9f112c0fc0d974ed090555682c417bcdc3d0	S016270	1	P02	SYMBOLS.tsv	385006	status	aarch64	include/uapi/linux/netfilter/nf_conntrack_common.h	type	enum ip_conntrack_status	42	PENDING_REVIEW	COMPLETE	COMPLETE	vendor/linux/include/uapi/linux/netfilter/nf_conntrack_common.h;vendor/linux/include/uapi/linux/netfilter/nf_conntrack_common.h:42;rewrite/configs/aarch64/frozen.config;header_closure=rewrite/metadata/header_closure.tsv;selected=PENDING_REVIEW	425f94c2954b1fe80ebdbf9b29854e89750355df	9438e0a2880fb10b9c48bd5fa44ecfbce2266f760edb6c33780afecc0f69ee43	e9d9a47838c402d1d9b7e373524645143e738e83a03ccee0c2ae1ab75ac6b205	0123af9e96b58af4e98b91a2de5608d36b63c67864b9041d3340587f3dbe40d2	cfa8dcf0d81c408de38d4202fe1ce9d9e5e301d1e67439c9530da94b1e64ee3f	7484d7b0dd80f45e18d726b04752827fe28555cc5c1af0e127948380e6688abf
semantic-proposal-v1	SC1-0eaa0758c5f4feade0dd98dabe205df6a85dc116aea134abe7833f05cdc66abb	S016270	1	P02	SYMBOLS.tsv	385007	selection_expression	aarch64	include/uapi/linux/netfilter/nf_conntrack_common.h	enum_constant	IPS_EXPECTED_BIT	44	PENDING_REVIEW	SOURCE_REVIEWED_VALUE	COMPLETE	vendor/linux/include/uapi/linux/netfilter/nf_conntrack_common.h;vendor/linux/include/uapi/linux/netfilter/nf_conntrack_common.h:44;rewrite/configs/aarch64/frozen.config;header_closure=rewrite/metadata/header_closure.tsv;selected=PENDING_REVIEW	425f94c2954b1fe80ebdbf9b29854e89750355df	9438e0a2880fb10b9c48bd5fa44ecfbce2266f760edb6c33780afecc0f69ee43	e9d9a47838c402d1d9b7e373524645143e738e83a03ccee0c2ae1ab75ac6b205	0123af9e96b58af4e98b91a2de5608d36b63c67864b9041d3340587f3dbe40d2	cfa8dcf0d81c408de38d4202fe1ce9d9e5e301d1e67439c9530da94b1e64ee3f	7484d7b0dd80f45e18d726b04752827fe28555cc5c1af0e127948380e6688abf
semantic-proposal-v1	SC1-ffb0d220e2ec6326381b91d1a7c439ac5db0da1fee88299ce6a22c9034beae2d	S016270	1	P02	SYMBOLS.tsv	385007	status	aarch64	include/uapi/linux/netfilter/nf_conntrack_common.h	enum_constant	IPS_EXPECTED_BIT	44	PENDING_REVIEW	COMPLETE	COMPLETE	vendor/linux/include/uapi/linux/netfilter/nf_conntrack_common.h;vendor/linux/include/uapi/linux/netfilter/nf_conntrack_common.h:44;rewrite/configs/aarch64/frozen.config;header_closure=rewrite/metadata/header_closure.tsv;selected=PENDING_REVIEW	425f94c2954b1fe80ebdbf9b29854e89750355df	9438e0a2880fb10b9c48bd5fa44ecfbce2266f760edb6c33780afecc0f69ee43	e9d9a47838c402d1d9b7e373524645143e738e83a03ccee0c2ae1ab75ac6b205	0123af9e96b58af4e98b91a2de5608d36b63c67864b9041d3340587f3dbe40d2	cfa8dcf0d81c408de38d4202fe1ce9d9e5e301d1e67439c9530da94b1e64ee3f	7484d7b0dd80f45e18d726b04752827fe28555cc5c1af0e127948380e6688abf
semantic-proposal-v1	SC1-17db7fbaf66eb3b3fd1e42be4f5b003fb71ea9f669c374607addce2bd6a64b67	S016270	1	P02	SYMBOLS.tsv	385008	selection_expression	aarch64	include/uapi/linux/netfilter/nf_conntrack_common.h	enum_constant	IPS_EXPECTED	45	PENDING_REVIEW	SOURCE_REVIEWED_VALUE	COMPLETE	vendor/linux/include/uapi/linux/netfilter/nf_conntrack_common.h;vendor/linux/include/uapi/linux/netfilter/nf_conntrack_common.h:45;rewrite/configs/aarch64/frozen.config;header_closure=rewrite/metadata/header_closure.tsv;selected=PENDING_REVIEW	425f94c2954b1fe80ebdbf9b29854e89750355df	9438e0a2880fb10b9c48bd5fa44ecfbce2266f760edb6c33780afecc0f69ee43	e9d9a47838c402d1d9b7e373524645143e738e83a03ccee0c2ae1ab75ac6b205	0123af9e96b58af4e98b91a2de5608d36b63c67864b9041d3340587f3dbe40d2	cfa8dcf0d81c408de38d4202fe1ce9d9e5e301d1e67439c9530da94b1e64ee3f	7484d7b0dd80f45e18d726b04752827fe28555cc5c1af0e127948380e6688abf
semantic-proposal-v1	SC1-f01e7f49e933543cfce0e66737932e1f266e2b3c86e302c403ed0028a4e8336e	S016270	1	P02	SYMBOLS.tsv	385008	status	aarch64	include/uapi/linux/netfilter/nf_conntrack_common.h	enum_constant	IPS_EXPECTED	45	PENDING_REVIEW	COMPLETE	COMPLETE	vendor/linux/include/uapi/linux/netfilter/nf_conntrack_common.h;vendor/linux/include/uapi/linux/netfilter/nf_conntrack_common.h:45;rewrite/configs/aarch64/frozen.config;header_closure=rewrite/metadata/header_closure.tsv;selected=PENDING_REVIEW	425f94c2954b1fe80ebdbf9b29854e89750355df	9438e0a2880fb10b9c48bd5fa44ecfbce2266f760edb6c33780afecc0f69ee43	e9d9a47838c402d1d9b7e373524645143e738e83a03ccee0c2ae1ab75ac6b205	0123af9e96b58af4e98b91a2de5608d36b63c67864b9041d3340587f3dbe40d2	cfa8dcf0d81c408de38d4202fe1ce9d9e5e301d1e67439c9530da94b1e64ee3f	7484d7b0dd80f45e18d726b04752827fe28555cc5c1af0e127948380e6688abf
semantic-proposal-v1	SC1-5b22ef0b62cc0a1ed237e467f3d50bfc56ccf25fd8d2c099c646f43e8439ab97	S016270	1	P02	SYMBOLS.tsv	385009	selection_expression	aarch64	include/uapi/linux/netfilter/nf_conntrack_common.h	enum_constant	IPS_SEEN_REPLY_BIT	48	PENDING_REVIEW	SOURCE_REVIEWED_VALUE	COMPLETE	vendor/linux/include/uapi/linux/netfilter/nf_conntrack_common.h;vendor/linux/include/uapi/linux/netfilter/nf_conntrack_common.h:48;rewrite/configs/aarch64/frozen.config;header_closure=rewrite/metadata/header_closure.tsv;selected=PENDING_REVIEW	425f94c2954b1fe80ebdbf9b29854e89750355df	9438e0a2880fb10b9c48bd5fa44ecfbce2266f760edb6c33780afecc0f69ee43	e9d9a47838c402d1d9b7e373524645143e738e83a03ccee0c2ae1ab75ac6b205	0123af9e96b58af4e98b91a2de5608d36b63c67864b9041d3340587f3dbe40d2	cfa8dcf0d81c408de38d4202fe1ce9d9e5e301d1e67439c9530da94b1e64ee3f	7484d7b0dd80f45e18d726b04752827fe28555cc5c1af0e127948380e6688abf
semantic-proposal-v1	SC1-ef1c07ff3fc9418bfdc803c5d2b383f1b012515e55264a96951e5786c1e4ada8	S016270	1	P02	SYMBOLS.tsv	385009	status	aarch64	include/uapi/linux/netfilter/nf_conntrack_common.h	enum_constant	IPS_SEEN_REPLY_BIT	48	PENDING_REVIEW	COMPLETE	COMPLETE	vendor/linux/include/uapi/linux/netfilter/nf_conntrack_common.h;vendor/linux/include/uapi/linux/netfilter/nf_conntrack_common.h:48;rewrite/configs/aarch64/frozen.config;header_closure=rewrite/metadata/header_closure.tsv;selected=PENDING_REVIEW	425f94c2954b1fe80ebdbf9b29854e89750355df	9438e0a2880fb10b9c48bd5fa44ecfbce2266f760edb6c33780afecc0f69ee43	e9d9a47838c402d1d9b7e373524645143e738e83a03ccee0c2ae1ab75ac6b205	0123af9e96b58af4e98b91a2de5608d36b63c67864b9041d3340587f3dbe40d2	cfa8dcf0d81c408de38d4202fe1ce9d9e5e301d1e67439c9530da94b1e64ee3f	7484d7b0dd80f45e18d726b04752827fe28555cc5c1af0e127948380e6688abf
semantic-proposal-v1	SC1-8179401261b11e03be549f6bb5f5b4f74a48feb1e2e6d32be701045d8caf907f	S016270	1	P02	SYMBOLS.tsv	385010	selection_expression	aarch64	include/uapi/linux/netfilter/nf_conntrack_common.h	enum_constant	IPS_SEEN_REPLY	49	PENDING_REVIEW	SOURCE_REVIEWED_VALUE	COMPLETE	vendor/linux/include/uapi/linux/netfilter/nf_conntrack_common.h;vendor/linux/include/uapi/linux/netfilter/nf_conntrack_common.h:49;rewrite/configs/aarch64/frozen.config;header_closure=rewrite/metadata/header_closure.tsv;selected=PENDING_REVIEW	425f94c2954b1fe80ebdbf9b29854e89750355df	9438e0a2880fb10b9c48bd5fa44ecfbce2266f760edb6c33780afecc0f69ee43	e9d9a47838c402d1d9b7e373524645143e738e83a03ccee0c2ae1ab75ac6b205	0123af9e96b58af4e98b91a2de5608d36b63c67864b9041d3340587f3dbe40d2	cfa8dcf0d81c408de38d4202fe1ce9d9e5e301d1e67439c9530da94b1e64ee3f	7484d7b0dd80f45e18d726b04752827fe28555cc5c1af0e127948380e6688abf
semantic-proposal-v1	SC1-9aa89ba16e57408ee8eb66da21bbd9d087b020ed4132fa3ad4d47fa7e0323e5b	S016270	1	P02	SYMBOLS.tsv	385010	status	aarch64	include/uapi/linux/netfilter/nf_conntrack_common.h	enum_constant	IPS_SEEN_REPLY	49	PENDING_REVIEW	COMPLETE	COMPLETE	vendor/linux/include/uapi/linux/netfilter/nf_conntrack_common.h;vendor/linux/include/uapi/linux/netfilter/nf_conntrack_common.h:49;rewrite/configs/aarch64/frozen.config;header_closure=rewrite/metadata/header_closure.tsv;selected=PENDING_REVIEW	425f94c2954b1fe80ebdbf9b29854e89750355df	9438e0a2880fb10b9c48bd5fa44ecfbce2266f760edb6c33780afecc0f69ee43	e9d9a47838c402d1d9b7e373524645143e738e83a03ccee0c2ae1ab75ac6b205	0123af9e96b58af4e98b91a2de5608d36b63c67864b9041d3340587f3dbe40d2	cfa8dcf0d81c408de38d4202fe1ce9d9e5e301d1e67439c9530da94b1e64ee3f	7484d7b0dd80f45e18d726b04752827fe28555cc5c1af0e127948380e6688abf
semantic-proposal-v1	SC1-c01064289c93b29bfe6809a182bf7115ca1829b40b1da232ab72424bab6ecdd7	S016270	1	P02	SYMBOLS.tsv	385011	selection_expression	aarch64	include/uapi/linux/netfilter/nf_conntrack_common.h	enum_constant	IPS_ASSURED_BIT	52	PENDING_REVIEW	SOURCE_REVIEWED_VALUE	COMPLETE	vendor/linux/include/uapi/linux/netfilter/nf_conntrack_common.h;vendor/linux/include/uapi/linux/netfilter/nf_conntrack_common.h:52;rewrite/configs/aarch64/frozen.config;header_closure=rewrite/metadata/header_closure.tsv;selected=PENDING_REVIEW	425f94c2954b1fe80ebdbf9b29854e89750355df	9438e0a2880fb10b9c48bd5fa44ecfbce2266f760edb6c33780afecc0f69ee43	e9d9a47838c402d1d9b7e373524645143e738e83a03ccee0c2ae1ab75ac6b205	0123af9e96b58af4e98b91a2de5608d36b63c67864b9041d3340587f3dbe40d2	cfa8dcf0d81c408de38d4202fe1ce9d9e5e301d1e67439c9530da94b1e64ee3f	7484d7b0dd80f45e18d726b04752827fe28555cc5c1af0e127948380e6688abf
semantic-proposal-v1	SC1-c92916a4f7386c2c753a24b7988b2522ea40768d7708a8167e1464bd5b32d18b	S016270	1	P02	SYMBOLS.tsv	385011	status	aarch64	include/uapi/linux/netfilter/nf_conntrack_common.h	enum_constant	IPS_ASSURED_BIT	52	PENDING_REVIEW	COMPLETE	COMPLETE	vendor/linux/include/uapi/linux/netfilter/nf_conntrack_common.h;vendor/linux/include/uapi/linux/netfilter/nf_conntrack_common.h:52;rewrite/configs/aarch64/frozen.config;header_closure=rewrite/metadata/header_closure.tsv;selected=PENDING_REVIEW	425f94c2954b1fe80ebdbf9b29854e89750355df	9438e0a2880fb10b9c48bd5fa44ecfbce2266f760edb6c33780afecc0f69ee43	e9d9a47838c402d1d9b7e373524645143e738e83a03ccee0c2ae1ab75ac6b205	0123af9e96b58af4e98b91a2de5608d36b63c67864b9041d3340587f3dbe40d2	cfa8dcf0d81c408de38d4202fe1ce9d9e5e301d1e67439c9530da94b1e64ee3f	7484d7b0dd80f45e18d726b04752827fe28555cc5c1af0e127948380e6688abf
semantic-proposal-v1	SC1-3e712e5248880b8a60b915b7f1a1c30b0c1125916411b87e4cdd433eea637cea	S016270	1	P02	SYMBOLS.tsv	385012	selection_expression	aarch64	include/uapi/linux/netfilter/nf_conntrack_common.h	enum_constant	IPS_ASSURED	53	PENDING_REVIEW	SOURCE_REVIEWED_VALUE	COMPLETE	vendor/linux/include/uapi/linux/netfilter/nf_conntrack_common.h;vendor/linux/include/uapi/linux/netfilter/nf_conntrack_common.h:53;rewrite/configs/aarch64/frozen.config;header_closure=rewrite/metadata/header_closure.tsv;selected=PENDING_REVIEW	425f94c2954b1fe80ebdbf9b29854e89750355df	9438e0a2880fb10b9c48bd5fa44ecfbce2266f760edb6c33780afecc0f69ee43	e9d9a47838c402d1d9b7e373524645143e738e83a03ccee0c2ae1ab75ac6b205	0123af9e96b58af4e98b91a2de5608d36b63c67864b9041d3340587f3dbe40d2	cfa8dcf0d81c408de38d4202fe1ce9d9e5e301d1e67439c9530da94b1e64ee3f	7484d7b0dd80f45e18d726b04752827fe28555cc5c1af0e127948380e6688abf
semantic-proposal-v1	SC1-877fde811c57e21ed0e6b0db1a40a680729282355ff80cfa9fd2d4ca5a158cf5	S016270	1	P02	SYMBOLS.tsv	385012	status	aarch64	include/uapi/linux/netfilter/nf_conntrack_common.h	enum_constant	IPS_ASSURED	53	PENDING_REVIEW	COMPLETE	COMPLETE	vendor/linux/include/uapi/linux/netfilter/nf_conntrack_common.h;vendor/linux/include/uapi/linux/netfilter/nf_conntrack_common.h:53;rewrite/configs/aarch64/frozen.config;header_closure=rewrite/metadata/header_closure.tsv;selected=PENDING_REVIEW	425f94c2954b1fe80ebdbf9b29854e89750355df	9438e0a2880fb10b9c48bd5fa44ecfbce2266f760edb6c33780afecc0f69ee43	e9d9a47838c402d1d9b7e373524645143e738e83a03ccee0c2ae1ab75ac6b205	0123af9e96b58af4e98b91a2de5608d36b63c67864b9041d3340587f3dbe40d2	cfa8dcf0d81c408de38d4202fe1ce9d9e5e301d1e67439c9530da94b1e64ee3f	7484d7b0dd80f45e18d726b04752827fe28555cc5c1af0e127948380e6688abf
semantic-proposal-v1	SC1-120cf093092801ee9d43958efa0df2ea9bd147d02d2878e8a3dbb5332e261b52	S016270	1	P02	SYMBOLS.tsv	385013	selection_expression	aarch64	include/uapi/linux/netfilter/nf_conntrack_common.h	enum_constant	IPS_CONFIRMED_BIT	56	PENDING_REVIEW	SOURCE_REVIEWED_VALUE	COMPLETE	vendor/linux/include/uapi/linux/netfilter/nf_conntrack_common.h;vendor/linux/include/uapi/linux/netfilter/nf_conntrack_common.h:56;rewrite/configs/aarch64/frozen.config;header_closure=rewrite/metadata/header_closure.tsv;selected=PENDING_REVIEW	425f94c2954b1fe80ebdbf9b29854e89750355df	9438e0a2880fb10b9c48bd5fa44ecfbce2266f760edb6c33780afecc0f69ee43	e9d9a47838c402d1d9b7e373524645143e738e83a03ccee0c2ae1ab75ac6b205	0123af9e96b58af4e98b91a2de5608d36b63c67864b9041d3340587f3dbe40d2	cfa8dcf0d81c408de38d4202fe1ce9d9e5e301d1e67439c9530da94b1e64ee3f	7484d7b0dd80f45e18d726b04752827fe28555cc5c1af0e127948380e6688abf
semantic-proposal-v1	SC1-13f19a4a3d8aafe34393d7d8ad1af9837d99551402f2d77e36a1bcf15aec6c3f	S016270	1	P02	SYMBOLS.tsv	385013	status	aarch64	include/uapi/linux/netfilter/nf_conntrack_common.h	enum_constant	IPS_CONFIRMED_BIT	56	PENDING_REVIEW	COMPLETE	COMPLETE	vendor/linux/include/uapi/linux/netfilter/nf_conntrack_common.h;vendor/linux/include/uapi/linux/netfilter/nf_conntrack_common.h:56;rewrite/configs/aarch64/frozen.config;header_closure=rewrite/metadata/header_closure.tsv;selected=PENDING_REVIEW	425f94c2954b1fe80ebdbf9b29854e89750355df	9438e0a2880fb10b9c48bd5fa44ecfbce2266f760edb6c33780afecc0f69ee43	e9d9a47838c402d1d9b7e373524645143e738e83a03ccee0c2ae1ab75ac6b205	0123af9e96b58af4e98b91a2de5608d36b63c67864b9041d3340587f3dbe40d2	cfa8dcf0d81c408de38d4202fe1ce9d9e5e301d1e67439c9530da94b1e64ee3f	7484d7b0dd80f45e18d726b04752827fe28555cc5c1af0e127948380e6688abf
semantic-proposal-v1	SC1-28a3d1ff084314e68bcfd8a476de6937460aefa67443d221f13932a747a90c41	S016270	1	P02	SYMBOLS.tsv	385014	selection_expression	aarch64	include/uapi/linux/netfilter/nf_conntrack_common.h	enum_constant	IPS_CONFIRMED	57	PENDING_REVIEW	SOURCE_REVIEWED_VALUE	COMPLETE	vendor/linux/include/uapi/linux/netfilter/nf_conntrack_common.h;vendor/linux/include/uapi/linux/netfilter/nf_conntrack_common.h:57;rewrite/configs/aarch64/frozen.config;header_closure=rewrite/metadata/header_closure.tsv;selected=PENDING_REVIEW	425f94c2954b1fe80ebdbf9b29854e89750355df	9438e0a2880fb10b9c48bd5fa44ecfbce2266f760edb6c33780afecc0f69ee43	e9d9a47838c402d1d9b7e373524645143e738e83a03ccee0c2ae1ab75ac6b205	0123af9e96b58af4e98b91a2de5608d36b63c67864b9041d3340587f3dbe40d2	cfa8dcf0d81c408de38d4202fe1ce9d9e5e301d1e67439c9530da94b1e64ee3f	7484d7b0dd80f45e18d726b04752827fe28555cc5c1af0e127948380e6688abf
semantic-proposal-v1	SC1-999f4dd601a5566dadc449c2be27ed500223a45213cbb7ce0f896c9abe11a984	S016270	1	P02	SYMBOLS.tsv	385014	status	aarch64	include/uapi/linux/netfilter/nf_conntrack_common.h	enum_constant	IPS_CONFIRMED	57	PENDING_REVIEW	COMPLETE	COMPLETE	vendor/linux/include/uapi/linux/netfilter/nf_conntrack_common.h;vendor/linux/include/uapi/linux/netfilter/nf_conntrack_common.h:57;rewrite/configs/aarch64/frozen.config;header_closure=rewrite/metadata/header_closure.tsv;selected=PENDING_REVIEW	425f94c2954b1fe80ebdbf9b29854e89750355df	9438e0a2880fb10b9c48bd5fa44ecfbce2266f760edb6c33780afecc0f69ee43	e9d9a47838c402d1d9b7e373524645143e738e83a03ccee0c2ae1ab75ac6b205	0123af9e96b58af4e98b91a2de5608d36b63c67864b9041d3340587f3dbe40d2	cfa8dcf0d81c408de38d4202fe1ce9d9e5e301d1e67439c9530da94b1e64ee3f	7484d7b0dd80f45e18d726b04752827fe28555cc5c1af0e127948380e6688abf
semantic-proposal-v1	SC1-7b1dce381a9c5d38a83c63ed0737fa22ad4faa3e594a7cc63a91d5de945c961e	S016270	1	P02	SYMBOLS.tsv	385015	selection_expression	aarch64	include/uapi/linux/netfilter/nf_conntrack_common.h	enum_constant	IPS_SRC_NAT_BIT	60	PENDING_REVIEW	SOURCE_REVIEWED_VALUE	COMPLETE	vendor/linux/include/uapi/linux/netfilter/nf_conntrack_common.h;vendor/linux/include/uapi/linux/netfilter/nf_conntrack_common.h:60;rewrite/configs/aarch64/frozen.config;header_closure=rewrite/metadata/header_closure.tsv;selected=PENDING_REVIEW	425f94c2954b1fe80ebdbf9b29854e89750355df	9438e0a2880fb10b9c48bd5fa44ecfbce2266f760edb6c33780afecc0f69ee43	e9d9a47838c402d1d9b7e373524645143e738e83a03ccee0c2ae1ab75ac6b205	0123af9e96b58af4e98b91a2de5608d36b63c67864b9041d3340587f3dbe40d2	cfa8dcf0d81c408de38d4202fe1ce9d9e5e301d1e67439c9530da94b1e64ee3f	7484d7b0dd80f45e18d726b04752827fe28555cc5c1af0e127948380e6688abf
semantic-proposal-v1	SC1-d2bc26e9a9ffdee6a4f9819462856164910d15ce8a20c77f166f173d95d21c63	S016270	1	P02	SYMBOLS.tsv	385015	status	aarch64	include/uapi/linux/netfilter/nf_conntrack_common.h	enum_constant	IPS_SRC_NAT_BIT	60	PENDING_REVIEW	COMPLETE	COMPLETE	vendor/linux/include/uapi/linux/netfilter/nf_conntrack_common.h;vendor/linux/include/uapi/linux/netfilter/nf_conntrack_common.h:60;rewrite/configs/aarch64/frozen.config;header_closure=rewrite/metadata/header_closure.tsv;selected=PENDING_REVIEW	425f94c2954b1fe80ebdbf9b29854e89750355df	9438e0a2880fb10b9c48bd5fa44ecfbce2266f760edb6c33780afecc0f69ee43	e9d9a47838c402d1d9b7e373524645143e738e83a03ccee0c2ae1ab75ac6b205	0123af9e96b58af4e98b91a2de5608d36b63c67864b9041d3340587f3dbe40d2	cfa8dcf0d81c408de38d4202fe1ce9d9e5e301d1e67439c9530da94b1e64ee3f	7484d7b0dd80f45e18d726b04752827fe28555cc5c1af0e127948380e6688abf
semantic-proposal-v1	SC1-b61c4771f85ce78ff76454aa12d546f4970a5169db90470588ad1f5be0093b29	S016270	1	P02	SYMBOLS.tsv	385016	selection_expression	aarch64	include/uapi/linux/netfilter/nf_conntrack_common.h	enum_constant	IPS_SRC_NAT	61	PENDING_REVIEW	SOURCE_REVIEWED_VALUE	COMPLETE	vendor/linux/include/uapi/linux/netfilter/nf_conntrack_common.h;vendor/linux/include/uapi/linux/netfilter/nf_conntrack_common.h:61;rewrite/configs/aarch64/frozen.config;header_closure=rewrite/metadata/header_closure.tsv;selected=PENDING_REVIEW	425f94c2954b1fe80ebdbf9b29854e89750355df	9438e0a2880fb10b9c48bd5fa44ecfbce2266f760edb6c33780afecc0f69ee43	e9d9a47838c402d1d9b7e373524645143e738e83a03ccee0c2ae1ab75ac6b205	0123af9e96b58af4e98b91a2de5608d36b63c67864b9041d3340587f3dbe40d2	cfa8dcf0d81c408de38d4202fe1ce9d9e5e301d1e67439c9530da94b1e64ee3f	7484d7b0dd80f45e18d726b04752827fe28555cc5c1af0e127948380e6688abf
semantic-proposal-v1	SC1-a3ea3b0cd7a07b3954852dd510ae06831be5d0a0baec3697f32d12ba248e8b26	S016270	1	P02	SYMBOLS.tsv	385016	status	aarch64	include/uapi/linux/netfilter/nf_conntrack_common.h	enum_constant	IPS_SRC_NAT	61	PENDING_REVIEW	COMPLETE	COMPLETE	vendor/linux/include/uapi/linux/netfilter/nf_conntrack_common.h;vendor/linux/include/uapi/linux/netfilter/nf_conntrack_common.h:61;rewrite/configs/aarch64/frozen.config;header_closure=rewrite/metadata/header_closure.tsv;selected=PENDING_REVIEW	425f94c2954b1fe80ebdbf9b29854e89750355df	9438e0a2880fb10b9c48bd5fa44ecfbce2266f760edb6c33780afecc0f69ee43	e9d9a47838c402d1d9b7e373524645143e738e83a03ccee0c2ae1ab75ac6b205	0123af9e96b58af4e98b91a2de5608d36b63c67864b9041d3340587f3dbe40d2	cfa8dcf0d81c408de38d4202fe1ce9d9e5e301d1e67439c9530da94b1e64ee3f	7484d7b0dd80f45e18d726b04752827fe28555cc5c1af0e127948380e6688abf
semantic-proposal-v1	SC1-b15d623d8e474b054a9122afcb38313067f758c48dcc5e22235b17db1d8d1836	S016270	1	P02	SYMBOLS.tsv	385017	selection_expression	aarch64	include/uapi/linux/netfilter/nf_conntrack_common.h	enum_constant	IPS_DST_NAT_BIT	64	PENDING_REVIEW	SOURCE_REVIEWED_VALUE	COMPLETE	vendor/linux/include/uapi/linux/netfilter/nf_conntrack_common.h;vendor/linux/include/uapi/linux/netfilter/nf_conntrack_common.h:64;rewrite/configs/aarch64/frozen.config;header_closure=rewrite/metadata/header_closure.tsv;selected=PENDING_REVIEW	425f94c2954b1fe80ebdbf9b29854e89750355df	9438e0a2880fb10b9c48bd5fa44ecfbce2266f760edb6c33780afecc0f69ee43	e9d9a47838c402d1d9b7e373524645143e738e83a03ccee0c2ae1ab75ac6b205	0123af9e96b58af4e98b91a2de5608d36b63c67864b9041d3340587f3dbe40d2	cfa8dcf0d81c408de38d4202fe1ce9d9e5e301d1e67439c9530da94b1e64ee3f	7484d7b0dd80f45e18d726b04752827fe28555cc5c1af0e127948380e6688abf
semantic-proposal-v1	SC1-dd7393f106f08743a677c59053155bfab21e9fbf4ff54e75f796c5d756d23ba7	S016270	1	P02	SYMBOLS.tsv	385017	status	aarch64	include/uapi/linux/netfilter/nf_conntrack_common.h	enum_constant	IPS_DST_NAT_BIT	64	PENDING_REVIEW	COMPLETE	COMPLETE	vendor/linux/include/uapi/linux/netfilter/nf_conntrack_common.h;vendor/linux/include/uapi/linux/netfilter/nf_conntrack_common.h:64;rewrite/configs/aarch64/frozen.config;header_closure=rewrite/metadata/header_closure.tsv;selected=PENDING_REVIEW	425f94c2954b1fe80ebdbf9b29854e89750355df	9438e0a2880fb10b9c48bd5fa44ecfbce2266f760edb6c33780afecc0f69ee43	e9d9a47838c402d1d9b7e373524645143e738e83a03ccee0c2ae1ab75ac6b205	0123af9e96b58af4e98b91a2de5608d36b63c67864b9041d3340587f3dbe40d2	cfa8dcf0d81c408de38d4202fe1ce9d9e5e301d1e67439c9530da94b1e64ee3f	7484d7b0dd80f45e18d726b04752827fe28555cc5c1af0e127948380e6688abf
semantic-proposal-v1	SC1-75f8368960672ac85eb244689cb59b551c87ba9f6a56030f59481cf4097c8f2c	S016270	1	P02	SYMBOLS.tsv	385018	selection_expression	aarch64	include/uapi/linux/netfilter/nf_conntrack_common.h	enum_constant	IPS_DST_NAT	65	PENDING_REVIEW	SOURCE_REVIEWED_VALUE	COMPLETE	vendor/linux/include/uapi/linux/netfilter/nf_conntrack_common.h;vendor/linux/include/uapi/linux/netfilter/nf_conntrack_common.h:65;rewrite/configs/aarch64/frozen.config;header_closure=rewrite/metadata/header_closure.tsv;selected=PENDING_REVIEW	425f94c2954b1fe80ebdbf9b29854e89750355df	9438e0a2880fb10b9c48bd5fa44ecfbce2266f760edb6c33780afecc0f69ee43	e9d9a47838c402d1d9b7e373524645143e738e83a03ccee0c2ae1ab75ac6b205	0123af9e96b58af4e98b91a2de5608d36b63c67864b9041d3340587f3dbe40d2	cfa8dcf0d81c408de38d4202fe1ce9d9e5e301d1e67439c9530da94b1e64ee3f	7484d7b0dd80f45e18d726b04752827fe28555cc5c1af0e127948380e6688abf
semantic-proposal-v1	SC1-c2d35fa7dcb7804ddc2c862f606c8498a6c935e6f9a7bb3b4d717b2087d22cfc	S016270	1	P02	SYMBOLS.tsv	385018	status	aarch64	include/uapi/linux/netfilter/nf_conntrack_common.h	enum_constant	IPS_DST_NAT	65	PENDING_REVIEW	COMPLETE	COMPLETE	vendor/linux/include/uapi/linux/netfilter/nf_conntrack_common.h;vendor/linux/include/uapi/linux/netfilter/nf_conntrack_common.h:65;rewrite/configs/aarch64/frozen.config;header_closure=rewrite/metadata/header_closure.tsv;selected=PENDING_REVIEW	425f94c2954b1fe80ebdbf9b29854e89750355df	9438e0a2880fb10b9c48bd5fa44ecfbce2266f760edb6c33780afecc0f69ee43	e9d9a47838c402d1d9b7e373524645143e738e83a03ccee0c2ae1ab75ac6b205	0123af9e96b58af4e98b91a2de5608d36b63c67864b9041d3340587f3dbe40d2	cfa8dcf0d81c408de38d4202fe1ce9d9e5e301d1e67439c9530da94b1e64ee3f	7484d7b0dd80f45e18d726b04752827fe28555cc5c1af0e127948380e6688abf
semantic-proposal-v1	SC1-4542db45075c21ed7e334eaf401e4b1f1f1005f2cd4a9bec2998ceb6b780566a	S016270	1	P02	SYMBOLS.tsv	385019	selection_expression	aarch64	include/uapi/linux/netfilter/nf_conntrack_common.h	enum_constant	IPS_NAT_MASK	68	PENDING_REVIEW	SOURCE_REVIEWED_VALUE	COMPLETE	vendor/linux/include/uapi/linux/netfilter/nf_conntrack_common.h;vendor/linux/include/uapi/linux/netfilter/nf_conntrack_common.h:68;rewrite/configs/aarch64/frozen.config;header_closure=rewrite/metadata/header_closure.tsv;selected=PENDING_REVIEW	425f94c2954b1fe80ebdbf9b29854e89750355df	9438e0a2880fb10b9c48bd5fa44ecfbce2266f760edb6c33780afecc0f69ee43	e9d9a47838c402d1d9b7e373524645143e738e83a03ccee0c2ae1ab75ac6b205	0123af9e96b58af4e98b91a2de5608d36b63c67864b9041d3340587f3dbe40d2	cfa8dcf0d81c408de38d4202fe1ce9d9e5e301d1e67439c9530da94b1e64ee3f	7484d7b0dd80f45e18d726b04752827fe28555cc5c1af0e127948380e6688abf
semantic-proposal-v1	SC1-1f8be2106b53e10005414480d18697b00df4b741bc82bb981ed5b79fd7579fc1	S016270	1	P02	SYMBOLS.tsv	385019	status	aarch64	include/uapi/linux/netfilter/nf_conntrack_common.h	enum_constant	IPS_NAT_MASK	68	PENDING_REVIEW	COMPLETE	COMPLETE	vendor/linux/include/uapi/linux/netfilter/nf_conntrack_common.h;vendor/linux/include/uapi/linux/netfilter/nf_conntrack_common.h:68;rewrite/configs/aarch64/frozen.config;header_closure=rewrite/metadata/header_closure.tsv;selected=PENDING_REVIEW	425f94c2954b1fe80ebdbf9b29854e89750355df	9438e0a2880fb10b9c48bd5fa44ecfbce2266f760edb6c33780afecc0f69ee43	e9d9a47838c402d1d9b7e373524645143e738e83a03ccee0c2ae1ab75ac6b205	0123af9e96b58af4e98b91a2de5608d36b63c67864b9041d3340587f3dbe40d2	cfa8dcf0d81c408de38d4202fe1ce9d9e5e301d1e67439c9530da94b1e64ee3f	7484d7b0dd80f45e18d726b04752827fe28555cc5c1af0e127948380e6688abf
semantic-proposal-v1	SC1-e5b46e7bd4b3bb5de3173172ad2649ce28070732df124e2ec8e53badef8d99b2	S016270	1	P02	SYMBOLS.tsv	385020	selection_expression	aarch64	include/uapi/linux/netfilter/nf_conntrack_common.h	enum_constant	IPS_SEQ_ADJUST_BIT	71	PENDING_REVIEW	SOURCE_REVIEWED_VALUE	COMPLETE	vendor/linux/include/uapi/linux/netfilter/nf_conntrack_common.h;vendor/linux/include/uapi/linux/netfilter/nf_conntrack_common.h:71;rewrite/configs/aarch64/frozen.config;header_closure=rewrite/metadata/header_closure.tsv;selected=PENDING_REVIEW	425f94c2954b1fe80ebdbf9b29854e89750355df	9438e0a2880fb10b9c48bd5fa44ecfbce2266f760edb6c33780afecc0f69ee43	e9d9a47838c402d1d9b7e373524645143e738e83a03ccee0c2ae1ab75ac6b205	0123af9e96b58af4e98b91a2de5608d36b63c67864b9041d3340587f3dbe40d2	cfa8dcf0d81c408de38d4202fe1ce9d9e5e301d1e67439c9530da94b1e64ee3f	7484d7b0dd80f45e18d726b04752827fe28555cc5c1af0e127948380e6688abf
semantic-proposal-v1	SC1-7ddfbc6cf660aaefeb9b6335eb5e93f7d0ccdc4d75b07cf949b31b4f7531d0e2	S016270	1	P02	SYMBOLS.tsv	385020	status	aarch64	include/uapi/linux/netfilter/nf_conntrack_common.h	enum_constant	IPS_SEQ_ADJUST_BIT	71	PENDING_REVIEW	COMPLETE	COMPLETE	vendor/linux/include/uapi/linux/netfilter/nf_conntrack_common.h;vendor/linux/include/uapi/linux/netfilter/nf_conntrack_common.h:71;rewrite/configs/aarch64/frozen.config;header_closure=rewrite/metadata/header_closure.tsv;selected=PENDING_REVIEW	425f94c2954b1fe80ebdbf9b29854e89750355df	9438e0a2880fb10b9c48bd5fa44ecfbce2266f760edb6c33780afecc0f69ee43	e9d9a47838c402d1d9b7e373524645143e738e83a03ccee0c2ae1ab75ac6b205	0123af9e96b58af4e98b91a2de5608d36b63c67864b9041d3340587f3dbe40d2	cfa8dcf0d81c408de38d4202fe1ce9d9e5e301d1e67439c9530da94b1e64ee3f	7484d7b0dd80f45e18d726b04752827fe28555cc5c1af0e127948380e6688abf
semantic-proposal-v1	SC1-e3330ef3bba790ad21c227c46f5b70406a25b250de55b8b146744c81d563fa5b	S016270	1	P02	SYMBOLS.tsv	385021	selection_expression	aarch64	include/uapi/linux/netfilter/nf_conntrack_common.h	enum_constant	IPS_SEQ_ADJUST	72	PENDING_REVIEW	SOURCE_REVIEWED_VALUE	COMPLETE	vendor/linux/include/uapi/linux/netfilter/nf_conntrack_common.h;vendor/linux/include/uapi/linux/netfilter/nf_conntrack_common.h:72;rewrite/configs/aarch64/frozen.config;header_closure=rewrite/metadata/header_closure.tsv;selected=PENDING_REVIEW	425f94c2954b1fe80ebdbf9b29854e89750355df	9438e0a2880fb10b9c48bd5fa44ecfbce2266f760edb6c33780afecc0f69ee43	e9d9a47838c402d1d9b7e373524645143e738e83a03ccee0c2ae1ab75ac6b205	0123af9e96b58af4e98b91a2de5608d36b63c67864b9041d3340587f3dbe40d2	cfa8dcf0d81c408de38d4202fe1ce9d9e5e301d1e67439c9530da94b1e64ee3f	7484d7b0dd80f45e18d726b04752827fe28555cc5c1af0e127948380e6688abf
semantic-proposal-v1	SC1-593a426745f4ff0aef6142ddce816e0d3a410c2fecc4b525d5a5e1a43461e81e	S016270	1	P02	SYMBOLS.tsv	385021	status	aarch64	include/uapi/linux/netfilter/nf_conntrack_common.h	enum_constant	IPS_SEQ_ADJUST	72	PENDING_REVIEW	COMPLETE	COMPLETE	vendor/linux/include/uapi/linux/netfilter/nf_conntrack_common.h;vendor/linux/include/uapi/linux/netfilter/nf_conntrack_common.h:72;rewrite/configs/aarch64/frozen.config;header_closure=rewrite/metadata/header_closure.tsv;selected=PENDING_REVIEW	425f94c2954b1fe80ebdbf9b29854e89750355df	9438e0a2880fb10b9c48bd5fa44ecfbce2266f760edb6c33780afecc0f69ee43	e9d9a47838c402d1d9b7e373524645143e738e83a03ccee0c2ae1ab75ac6b205	0123af9e96b58af4e98b91a2de5608d36b63c67864b9041d3340587f3dbe40d2	cfa8dcf0d81c408de38d4202fe1ce9d9e5e301d1e67439c9530da94b1e64ee3f	7484d7b0dd80f45e18d726b04752827fe28555cc5c1af0e127948380e6688abf
semantic-proposal-v1	SC1-bf0da87fecd035f367275abd7bf427cb022cb258d1c0333abc79d274598cf9d5	S016270	1	P02	SYMBOLS.tsv	385022	selection_expression	aarch64	include/uapi/linux/netfilter/nf_conntrack_common.h	enum_constant	IPS_SRC_NAT_DONE_BIT	75	PENDING_REVIEW	SOURCE_REVIEWED_VALUE	COMPLETE	vendor/linux/include/uapi/linux/netfilter/nf_conntrack_common.h;vendor/linux/include/uapi/linux/netfilter/nf_conntrack_common.h:75;rewrite/configs/aarch64/frozen.config;header_closure=rewrite/metadata/header_closure.tsv;selected=PENDING_REVIEW	425f94c2954b1fe80ebdbf9b29854e89750355df	9438e0a2880fb10b9c48bd5fa44ecfbce2266f760edb6c33780afecc0f69ee43	e9d9a47838c402d1d9b7e373524645143e738e83a03ccee0c2ae1ab75ac6b205	0123af9e96b58af4e98b91a2de5608d36b63c67864b9041d3340587f3dbe40d2	cfa8dcf0d81c408de38d4202fe1ce9d9e5e301d1e67439c9530da94b1e64ee3f	7484d7b0dd80f45e18d726b04752827fe28555cc5c1af0e127948380e6688abf
semantic-proposal-v1	SC1-ff27183916ee52d2c0c0db28e6fe08341c335f2c3dffb98397e94b1c9064750b	S016270	1	P02	SYMBOLS.tsv	385022	status	aarch64	include/uapi/linux/netfilter/nf_conntrack_common.h	enum_constant	IPS_SRC_NAT_DONE_BIT	75	PENDING_REVIEW	COMPLETE	COMPLETE	vendor/linux/include/uapi/linux/netfilter/nf_conntrack_common.h;vendor/linux/include/uapi/linux/netfilter/nf_conntrack_common.h:75;rewrite/configs/aarch64/frozen.config;header_closure=rewrite/metadata/header_closure.tsv;selected=PENDING_REVIEW	425f94c2954b1fe80ebdbf9b29854e89750355df	9438e0a2880fb10b9c48bd5fa44ecfbce2266f760edb6c33780afecc0f69ee43	e9d9a47838c402d1d9b7e373524645143e738e83a03ccee0c2ae1ab75ac6b205	0123af9e96b58af4e98b91a2de5608d36b63c67864b9041d3340587f3dbe40d2	cfa8dcf0d81c408de38d4202fe1ce9d9e5e301d1e67439c9530da94b1e64ee3f	7484d7b0dd80f45e18d726b04752827fe28555cc5c1af0e127948380e6688abf
semantic-proposal-v1	SC1-c9ff99b75d249489ccad9f52c40b02f1e9e32bf8caab404eab7e701ce2eb78bd	S016270	1	P02	SYMBOLS.tsv	385023	selection_expression	aarch64	include/uapi/linux/netfilter/nf_conntrack_common.h	enum_constant	IPS_SRC_NAT_DONE	76	PENDING_REVIEW	SOURCE_REVIEWED_VALUE	COMPLETE	vendor/linux/include/uapi/linux/netfilter/nf_conntrack_common.h;vendor/linux/include/uapi/linux/netfilter/nf_conntrack_common.h:76;rewrite/configs/aarch64/frozen.config;header_closure=rewrite/metadata/header_closure.tsv;selected=PENDING_REVIEW	425f94c2954b1fe80ebdbf9b29854e89750355df	9438e0a2880fb10b9c48bd5fa44ecfbce2266f760edb6c33780afecc0f69ee43	e9d9a47838c402d1d9b7e373524645143e738e83a03ccee0c2ae1ab75ac6b205	0123af9e96b58af4e98b91a2de5608d36b63c67864b9041d3340587f3dbe40d2	cfa8dcf0d81c408de38d4202fe1ce9d9e5e301d1e67439c9530da94b1e64ee3f	7484d7b0dd80f45e18d726b04752827fe28555cc5c1af0e127948380e6688abf
semantic-proposal-v1	SC1-7a5ffc62b9f9f11cc77ade7499d8a974748151a06aeabc3778a47bd36a73321e	S016270	1	P02	SYMBOLS.tsv	385023	status	aarch64	include/uapi/linux/netfilter/nf_conntrack_common.h	enum_constant	IPS_SRC_NAT_DONE	76	PENDING_REVIEW	COMPLETE	COMPLETE	vendor/linux/include/uapi/linux/netfilter/nf_conntrack_common.h;vendor/linux/include/uapi/linux/netfilter/nf_conntrack_common.h:76;rewrite/configs/aarch64/frozen.config;header_closure=rewrite/metadata/header_closure.tsv;selected=PENDING_REVIEW	425f94c2954b1fe80ebdbf9b29854e89750355df	9438e0a2880fb10b9c48bd5fa44ecfbce2266f760edb6c33780afecc0f69ee43	e9d9a47838c402d1d9b7e373524645143e738e83a03ccee0c2ae1ab75ac6b205	0123af9e96b58af4e98b91a2de5608d36b63c67864b9041d3340587f3dbe40d2	cfa8dcf0d81c408de38d4202fe1ce9d9e5e301d1e67439c9530da94b1e64ee3f	7484d7b0dd80f45e18d726b04752827fe28555cc5c1af0e127948380e6688abf
semantic-proposal-v1	SC1-f7dc762910ae0a73148e1e3135216288e2271146466dc8893556340592165e3b	S016270	1	P02	SYMBOLS.tsv	385024	selection_expression	aarch64	include/uapi/linux/netfilter/nf_conntrack_common.h	enum_constant	IPS_DST_NAT_DONE_BIT	78	PENDING_REVIEW	SOURCE_REVIEWED_VALUE	COMPLETE	vendor/linux/include/uapi/linux/netfilter/nf_conntrack_common.h;vendor/linux/include/uapi/linux/netfilter/nf_conntrack_common.h:78;rewrite/configs/aarch64/frozen.config;header_closure=rewrite/metadata/header_closure.tsv;selected=PENDING_REVIEW	425f94c2954b1fe80ebdbf9b29854e89750355df	9438e0a2880fb10b9c48bd5fa44ecfbce2266f760edb6c33780afecc0f69ee43	e9d9a47838c402d1d9b7e373524645143e738e83a03ccee0c2ae1ab75ac6b205	0123af9e96b58af4e98b91a2de5608d36b63c67864b9041d3340587f3dbe40d2	cfa8dcf0d81c408de38d4202fe1ce9d9e5e301d1e67439c9530da94b1e64ee3f	7484d7b0dd80f45e18d726b04752827fe28555cc5c1af0e127948380e6688abf
semantic-proposal-v1	SC1-c72d2c229d9063d844a2a3098a481b12cab0279fd308465f0ee86facd2a7cb29	S016270	1	P02	SYMBOLS.tsv	385024	status	aarch64	include/uapi/linux/netfilter/nf_conntrack_common.h	enum_constant	IPS_DST_NAT_DONE_BIT	78	PENDING_REVIEW	COMPLETE	COMPLETE	vendor/linux/include/uapi/linux/netfilter/nf_conntrack_common.h;vendor/linux/include/uapi/linux/netfilter/nf_conntrack_common.h:78;rewrite/configs/aarch64/frozen.config;header_closure=rewrite/metadata/header_closure.tsv;selected=PENDING_REVIEW	425f94c2954b1fe80ebdbf9b29854e89750355df	9438e0a2880fb10b9c48bd5fa44ecfbce2266f760edb6c33780afecc0f69ee43	e9d9a47838c402d1d9b7e373524645143e738e83a03ccee0c2ae1ab75ac6b205	0123af9e96b58af4e98b91a2de5608d36b63c67864b9041d3340587f3dbe40d2	cfa8dcf0d81c408de38d4202fe1ce9d9e5e301d1e67439c9530da94b1e64ee3f	7484d7b0dd80f45e18d726b04752827fe28555cc5c1af0e127948380e6688abf
semantic-proposal-v1	SC1-fd54c95548e6bc27bae347771164653d43b82ffcc97a9e6a4781f6315dcf37ef	S016270	1	P02	SYMBOLS.tsv	385025	selection_expression	aarch64	include/uapi/linux/netfilter/nf_conntrack_common.h	enum_constant	IPS_DST_NAT_DONE	79	PENDING_REVIEW	SOURCE_REVIEWED_VALUE	COMPLETE	vendor/linux/include/uapi/linux/netfilter/nf_conntrack_common.h;vendor/linux/include/uapi/linux/netfilter/nf_conntrack_common.h:79;rewrite/configs/aarch64/frozen.config;header_closure=rewrite/metadata/header_closure.tsv;selected=PENDING_REVIEW	425f94c2954b1fe80ebdbf9b29854e89750355df	9438e0a2880fb10b9c48bd5fa44ecfbce2266f760edb6c33780afecc0f69ee43	e9d9a47838c402d1d9b7e373524645143e738e83a03ccee0c2ae1ab75ac6b205	0123af9e96b58af4e98b91a2de5608d36b63c67864b9041d3340587f3dbe40d2	cfa8dcf0d81c408de38d4202fe1ce9d9e5e301d1e67439c9530da94b1e64ee3f	7484d7b0dd80f45e18d726b04752827fe28555cc5c1af0e127948380e6688abf
semantic-proposal-v1	SC1-d290cdadfd861cdc37e1465ed744227dd2c0dfb2863a9df9014bdd248fc85d70	S016270	1	P02	SYMBOLS.tsv	385025	status	aarch64	include/uapi/linux/netfilter/nf_conntrack_common.h	enum_constant	IPS_DST_NAT_DONE	79	PENDING_REVIEW	COMPLETE	COMPLETE	vendor/linux/include/uapi/linux/netfilter/nf_conntrack_common.h;vendor/linux/include/uapi/linux/netfilter/nf_conntrack_common.h:79;rewrite/configs/aarch64/frozen.config;header_closure=rewrite/metadata/header_closure.tsv;selected=PENDING_REVIEW	425f94c2954b1fe80ebdbf9b29854e89750355df	9438e0a2880fb10b9c48bd5fa44ecfbce2266f760edb6c33780afecc0f69ee43	e9d9a47838c402d1d9b7e373524645143e738e83a03ccee0c2ae1ab75ac6b205	0123af9e96b58af4e98b91a2de5608d36b63c67864b9041d3340587f3dbe40d2	cfa8dcf0d81c408de38d4202fe1ce9d9e5e301d1e67439c9530da94b1e64ee3f	7484d7b0dd80f45e18d726b04752827fe28555cc5c1af0e127948380e6688abf
semantic-proposal-v1	SC1-489893226c1d3f14b4ab7503bb6f4755a86ff1a5ece6cf9a7c78366a0b353000	S016270	1	P02	SYMBOLS.tsv	385026	selection_expression	aarch64	include/uapi/linux/netfilter/nf_conntrack_common.h	enum_constant	IPS_NAT_DONE_MASK	82	PENDING_REVIEW	SOURCE_REVIEWED_VALUE	COMPLETE	vendor/linux/include/uapi/linux/netfilter/nf_conntrack_common.h;vendor/linux/include/uapi/linux/netfilter/nf_conntrack_common.h:82;rewrite/configs/aarch64/frozen.config;header_closure=rewrite/metadata/header_closure.tsv;selected=PENDING_REVIEW	425f94c2954b1fe80ebdbf9b29854e89750355df	9438e0a2880fb10b9c48bd5fa44ecfbce2266f760edb6c33780afecc0f69ee43	e9d9a47838c402d1d9b7e373524645143e738e83a03ccee0c2ae1ab75ac6b205	0123af9e96b58af4e98b91a2de5608d36b63c67864b9041d3340587f3dbe40d2	cfa8dcf0d81c408de38d4202fe1ce9d9e5e301d1e67439c9530da94b1e64ee3f	7484d7b0dd80f45e18d726b04752827fe28555cc5c1af0e127948380e6688abf
semantic-proposal-v1	SC1-c4d8f49b29792a7e07039e8072b34bc18563c68392f46ad4fa2bb6d266bb45c0	S016270	1	P02	SYMBOLS.tsv	385026	status	aarch64	include/uapi/linux/netfilter/nf_conntrack_common.h	enum_constant	IPS_NAT_DONE_MASK	82	PENDING_REVIEW	COMPLETE	COMPLETE	vendor/linux/include/uapi/linux/netfilter/nf_conntrack_common.h;vendor/linux/include/uapi/linux/netfilter/nf_conntrack_common.h:82;rewrite/configs/aarch64/frozen.config;header_closure=rewrite/metadata/header_closure.tsv;selected=PENDING_REVIEW	425f94c2954b1fe80ebdbf9b29854e89750355df	9438e0a2880fb10b9c48bd5fa44ecfbce2266f760edb6c33780afecc0f69ee43	e9d9a47838c402d1d9b7e373524645143e738e83a03ccee0c2ae1ab75ac6b205	0123af9e96b58af4e98b91a2de5608d36b63c67864b9041d3340587f3dbe40d2	cfa8dcf0d81c408de38d4202fe1ce9d9e5e301d1e67439c9530da94b1e64ee3f	7484d7b0dd80f45e18d726b04752827fe28555cc5c1af0e127948380e6688abf
semantic-proposal-v1	SC1-0c12b9ec52d72deaa8427638b47a6305450f09222f1d8d8866293cbd56faad78	S016270	1	P02	SYMBOLS.tsv	385027	selection_expression	aarch64	include/uapi/linux/netfilter/nf_conntrack_common.h	enum_constant	IPS_DYING_BIT	85	PENDING_REVIEW	SOURCE_REVIEWED_VALUE	COMPLETE	vendor/linux/include/uapi/linux/netfilter/nf_conntrack_common.h;vendor/linux/include/uapi/linux/netfilter/nf_conntrack_common.h:85;rewrite/configs/aarch64/frozen.config;header_closure=rewrite/metadata/header_closure.tsv;selected=PENDING_REVIEW	425f94c2954b1fe80ebdbf9b29854e89750355df	9438e0a2880fb10b9c48bd5fa44ecfbce2266f760edb6c33780afecc0f69ee43	e9d9a47838c402d1d9b7e373524645143e738e83a03ccee0c2ae1ab75ac6b205	0123af9e96b58af4e98b91a2de5608d36b63c67864b9041d3340587f3dbe40d2	cfa8dcf0d81c408de38d4202fe1ce9d9e5e301d1e67439c9530da94b1e64ee3f	7484d7b0dd80f45e18d726b04752827fe28555cc5c1af0e127948380e6688abf
semantic-proposal-v1	SC1-057d4a2b010a50b6666170383e50d729e7b07b21e5cd71ae91eb69d2e825aaf8	S016270	1	P02	SYMBOLS.tsv	385027	status	aarch64	include/uapi/linux/netfilter/nf_conntrack_common.h	enum_constant	IPS_DYING_BIT	85	PENDING_REVIEW	COMPLETE	COMPLETE	vendor/linux/include/uapi/linux/netfilter/nf_conntrack_common.h;vendor/linux/include/uapi/linux/netfilter/nf_conntrack_common.h:85;rewrite/configs/aarch64/frozen.config;header_closure=rewrite/metadata/header_closure.tsv;selected=PENDING_REVIEW	425f94c2954b1fe80ebdbf9b29854e89750355df	9438e0a2880fb10b9c48bd5fa44ecfbce2266f760edb6c33780afecc0f69ee43	e9d9a47838c402d1d9b7e373524645143e738e83a03ccee0c2ae1ab75ac6b205	0123af9e96b58af4e98b91a2de5608d36b63c67864b9041d3340587f3dbe40d2	cfa8dcf0d81c408de38d4202fe1ce9d9e5e301d1e67439c9530da94b1e64ee3f	7484d7b0dd80f45e18d726b04752827fe28555cc5c1af0e127948380e6688abf
semantic-proposal-v1	SC1-3e6da119fa74304e623f931fa6d6f118b23704fe1d1c297e599866f6e4e36ccc	S016270	1	P02	SYMBOLS.tsv	385028	selection_expression	aarch64	include/uapi/linux/netfilter/nf_conntrack_common.h	enum_constant	IPS_DYING	86	PENDING_REVIEW	SOURCE_REVIEWED_VALUE	COMPLETE	vendor/linux/include/uapi/linux/netfilter/nf_conntrack_common.h;vendor/linux/include/uapi/linux/netfilter/nf_conntrack_common.h:86;rewrite/configs/aarch64/frozen.config;header_closure=rewrite/metadata/header_closure.tsv;selected=PENDING_REVIEW	425f94c2954b1fe80ebdbf9b29854e89750355df	9438e0a2880fb10b9c48bd5fa44ecfbce2266f760edb6c33780afecc0f69ee43	e9d9a47838c402d1d9b7e373524645143e738e83a03ccee0c2ae1ab75ac6b205	0123af9e96b58af4e98b91a2de5608d36b63c67864b9041d3340587f3dbe40d2	cfa8dcf0d81c408de38d4202fe1ce9d9e5e301d1e67439c9530da94b1e64ee3f	7484d7b0dd80f45e18d726b04752827fe28555cc5c1af0e127948380e6688abf
semantic-proposal-v1	SC1-3744f179ec6136fc9b445e3bb38b2191af933cb16a02c31a4d5cc9089b5940c0	S016270	1	P02	SYMBOLS.tsv	385028	status	aarch64	include/uapi/linux/netfilter/nf_conntrack_common.h	enum_constant	IPS_DYING	86	PENDING_REVIEW	COMPLETE	COMPLETE	vendor/linux/include/uapi/linux/netfilter/nf_conntrack_common.h;vendor/linux/include/uapi/linux/netfilter/nf_conntrack_common.h:86;rewrite/configs/aarch64/frozen.config;header_closure=rewrite/metadata/header_closure.tsv;selected=PENDING_REVIEW	425f94c2954b1fe80ebdbf9b29854e89750355df	9438e0a2880fb10b9c48bd5fa44ecfbce2266f760edb6c33780afecc0f69ee43	e9d9a47838c402d1d9b7e373524645143e738e83a03ccee0c2ae1ab75ac6b205	0123af9e96b58af4e98b91a2de5608d36b63c67864b9041d3340587f3dbe40d2	cfa8dcf0d81c408de38d4202fe1ce9d9e5e301d1e67439c9530da94b1e64ee3f	7484d7b0dd80f45e18d726b04752827fe28555cc5c1af0e127948380e6688abf
semantic-proposal-v1	SC1-58a70232e4bf557da7ae20a0ac057a8c2d9242cc0bd592ab5a909e11b00368d9	S016270	1	P02	SYMBOLS.tsv	385029	selection_expression	aarch64	include/uapi/linux/netfilter/nf_conntrack_common.h	enum_constant	IPS_FIXED_TIMEOUT_BIT	89	PENDING_REVIEW	SOURCE_REVIEWED_VALUE	COMPLETE	vendor/linux/include/uapi/linux/netfilter/nf_conntrack_common.h;vendor/linux/include/uapi/linux/netfilter/nf_conntrack_common.h:89;rewrite/configs/aarch64/frozen.config;header_closure=rewrite/metadata/header_closure.tsv;selected=PENDING_REVIEW	425f94c2954b1fe80ebdbf9b29854e89750355df	9438e0a2880fb10b9c48bd5fa44ecfbce2266f760edb6c33780afecc0f69ee43	e9d9a47838c402d1d9b7e373524645143e738e83a03ccee0c2ae1ab75ac6b205	0123af9e96b58af4e98b91a2de5608d36b63c67864b9041d3340587f3dbe40d2	cfa8dcf0d81c408de38d4202fe1ce9d9e5e301d1e67439c9530da94b1e64ee3f	7484d7b0dd80f45e18d726b04752827fe28555cc5c1af0e127948380e6688abf
semantic-proposal-v1	SC1-08bb2620c4d7b864880bc5b3157d06124f050e6660a6b411eab428dad6bba86b	S016270	1	P02	SYMBOLS.tsv	385029	status	aarch64	include/uapi/linux/netfilter/nf_conntrack_common.h	enum_constant	IPS_FIXED_TIMEOUT_BIT	89	PENDING_REVIEW	COMPLETE	COMPLETE	vendor/linux/include/uapi/linux/netfilter/nf_conntrack_common.h;vendor/linux/include/uapi/linux/netfilter/nf_conntrack_common.h:89;rewrite/configs/aarch64/frozen.config;header_closure=rewrite/metadata/header_closure.tsv;selected=PENDING_REVIEW	425f94c2954b1fe80ebdbf9b29854e89750355df	9438e0a2880fb10b9c48bd5fa44ecfbce2266f760edb6c33780afecc0f69ee43	e9d9a47838c402d1d9b7e373524645143e738e83a03ccee0c2ae1ab75ac6b205	0123af9e96b58af4e98b91a2de5608d36b63c67864b9041d3340587f3dbe40d2	cfa8dcf0d81c408de38d4202fe1ce9d9e5e301d1e67439c9530da94b1e64ee3f	7484d7b0dd80f45e18d726b04752827fe28555cc5c1af0e127948380e6688abf
semantic-proposal-v1	SC1-b2da0cca04523e61740ed23b0632a56d4a710e9a4bf3d08dbf4337135f5570de	S016270	1	P02	SYMBOLS.tsv	385030	selection_expression	aarch64	include/uapi/linux/netfilter/nf_conntrack_common.h	enum_constant	IPS_FIXED_TIMEOUT	90	PENDING_REVIEW	SOURCE_REVIEWED_VALUE	COMPLETE	vendor/linux/include/uapi/linux/netfilter/nf_conntrack_common.h;vendor/linux/include/uapi/linux/netfilter/nf_conntrack_common.h:90;rewrite/configs/aarch64/frozen.config;header_closure=rewrite/metadata/header_closure.tsv;selected=PENDING_REVIEW	425f94c2954b1fe80ebdbf9b29854e89750355df	9438e0a2880fb10b9c48bd5fa44ecfbce2266f760edb6c33780afecc0f69ee43	e9d9a47838c402d1d9b7e373524645143e738e83a03ccee0c2ae1ab75ac6b205	0123af9e96b58af4e98b91a2de5608d36b63c67864b9041d3340587f3dbe40d2	cfa8dcf0d81c408de38d4202fe1ce9d9e5e301d1e67439c9530da94b1e64ee3f	7484d7b0dd80f45e18d726b04752827fe28555cc5c1af0e127948380e6688abf
semantic-proposal-v1	SC1-4736e853a8f4739ba7ea36cc4b8d0154ecdd42c34fa213b8626191c4216427d2	S016270	1	P02	SYMBOLS.tsv	385030	status	aarch64	include/uapi/linux/netfilter/nf_conntrack_common.h	enum_constant	IPS_FIXED_TIMEOUT	90	PENDING_REVIEW	COMPLETE	COMPLETE	vendor/linux/include/uapi/linux/netfilter/nf_conntrack_common.h;vendor/linux/include/uapi/linux/netfilter/nf_conntrack_common.h:90;rewrite/configs/aarch64/frozen.config;header_closure=rewrite/metadata/header_closure.tsv;selected=PENDING_REVIEW	425f94c2954b1fe80ebdbf9b29854e89750355df	9438e0a2880fb10b9c48bd5fa44ecfbce2266f760edb6c33780afecc0f69ee43	e9d9a47838c402d1d9b7e373524645143e738e83a03ccee0c2ae1ab75ac6b205	0123af9e96b58af4e98b91a2de5608d36b63c67864b9041d3340587f3dbe40d2	cfa8dcf0d81c408de38d4202fe1ce9d9e5e301d1e67439c9530da94b1e64ee3f	7484d7b0dd80f45e18d726b04752827fe28555cc5c1af0e127948380e6688abf
semantic-proposal-v1	SC1-d2893e2458b3ceaae8bf4c29175d7a0199086e50c77a8de0eeb62e78aabfb618	S016270	1	P02	SYMBOLS.tsv	385031	selection_expression	aarch64	include/uapi/linux/netfilter/nf_conntrack_common.h	enum_constant	IPS_TEMPLATE_BIT	93	PENDING_REVIEW	SOURCE_REVIEWED_VALUE	COMPLETE	vendor/linux/include/uapi/linux/netfilter/nf_conntrack_common.h;vendor/linux/include/uapi/linux/netfilter/nf_conntrack_common.h:93;rewrite/configs/aarch64/frozen.config;header_closure=rewrite/metadata/header_closure.tsv;selected=PENDING_REVIEW	425f94c2954b1fe80ebdbf9b29854e89750355df	9438e0a2880fb10b9c48bd5fa44ecfbce2266f760edb6c33780afecc0f69ee43	e9d9a47838c402d1d9b7e373524645143e738e83a03ccee0c2ae1ab75ac6b205	0123af9e96b58af4e98b91a2de5608d36b63c67864b9041d3340587f3dbe40d2	cfa8dcf0d81c408de38d4202fe1ce9d9e5e301d1e67439c9530da94b1e64ee3f	7484d7b0dd80f45e18d726b04752827fe28555cc5c1af0e127948380e6688abf
semantic-proposal-v1	SC1-1c1adfc383c3c2bbaf7dc0402a3a69006aad34ce14c566db2d190e357239a8f7	S016270	1	P02	SYMBOLS.tsv	385031	status	aarch64	include/uapi/linux/netfilter/nf_conntrack_common.h	enum_constant	IPS_TEMPLATE_BIT	93	PENDING_REVIEW	COMPLETE	COMPLETE	vendor/linux/include/uapi/linux/netfilter/nf_conntrack_common.h;vendor/linux/include/uapi/linux/netfilter/nf_conntrack_common.h:93;rewrite/configs/aarch64/frozen.config;header_closure=rewrite/metadata/header_closure.tsv;selected=PENDING_REVIEW	425f94c2954b1fe80ebdbf9b29854e89750355df	9438e0a2880fb10b9c48bd5fa44ecfbce2266f760edb6c33780afecc0f69ee43	e9d9a47838c402d1d9b7e373524645143e738e83a03ccee0c2ae1ab75ac6b205	0123af9e96b58af4e98b91a2de5608d36b63c67864b9041d3340587f3dbe40d2	cfa8dcf0d81c408de38d4202fe1ce9d9e5e301d1e67439c9530da94b1e64ee3f	7484d7b0dd80f45e18d726b04752827fe28555cc5c1af0e127948380e6688abf
semantic-proposal-v1	SC1-c8558e7e6ef28c7260de9d5e62b8e385e5972c9f52dc8f885e91e6361fe75da2	S016270	1	P02	SYMBOLS.tsv	385032	selection_expression	aarch64	include/uapi/linux/netfilter/nf_conntrack_common.h	enum_constant	IPS_TEMPLATE	94	PENDING_REVIEW	SOURCE_REVIEWED_VALUE	COMPLETE	vendor/linux/include/uapi/linux/netfilter/nf_conntrack_common.h;vendor/linux/include/uapi/linux/netfilter/nf_conntrack_common.h:94;rewrite/configs/aarch64/frozen.config;header_closure=rewrite/metadata/header_closure.tsv;selected=PENDING_REVIEW	425f94c2954b1fe80ebdbf9b29854e89750355df	9438e0a2880fb10b9c48bd5fa44ecfbce2266f760edb6c33780afecc0f69ee43	e9d9a47838c402d1d9b7e373524645143e738e83a03ccee0c2ae1ab75ac6b205	0123af9e96b58af4e98b91a2de5608d36b63c67864b9041d3340587f3dbe40d2	cfa8dcf0d81c408de38d4202fe1ce9d9e5e301d1e67439c9530da94b1e64ee3f	7484d7b0dd80f45e18d726b04752827fe28555cc5c1af0e127948380e6688abf
semantic-proposal-v1	SC1-cbb8403d395033bd47b82b3a88687a8d05df5237c41f58ad2acae72756366407	S016270	1	P02	SYMBOLS.tsv	385032	status	aarch64	include/uapi/linux/netfilter/nf_conntrack_common.h	enum_constant	IPS_TEMPLATE	94	PENDING_REVIEW	COMPLETE	COMPLETE	vendor/linux/include/uapi/linux/netfilter/nf_conntrack_common.h;vendor/linux/include/uapi/linux/netfilter/nf_conntrack_common.h:94;rewrite/configs/aarch64/frozen.config;header_closure=rewrite/metadata/header_closure.tsv;selected=PENDING_REVIEW	425f94c2954b1fe80ebdbf9b29854e89750355df	9438e0a2880fb10b9c48bd5fa44ecfbce2266f760edb6c33780afecc0f69ee43	e9d9a47838c402d1d9b7e373524645143e738e83a03ccee0c2ae1ab75ac6b205	0123af9e96b58af4e98b91a2de5608d36b63c67864b9041d3340587f3dbe40d2	cfa8dcf0d81c408de38d4202fe1ce9d9e5e301d1e67439c9530da94b1e64ee3f	7484d7b0dd80f45e18d726b04752827fe28555cc5c1af0e127948380e6688abf
semantic-proposal-v1	SC1-ce5dd5ab917e75cf336271db2cdeb36fc5def946a939cbda6a59dd4487c25500	S016270	1	P02	SYMBOLS.tsv	385033	selection_expression	aarch64	include/uapi/linux/netfilter/nf_conntrack_common.h	enum_constant	IPS_UNTRACKED_BIT	97	PENDING_REVIEW	SOURCE_REVIEWED_VALUE	COMPLETE	vendor/linux/include/uapi/linux/netfilter/nf_conntrack_common.h;vendor/linux/include/uapi/linux/netfilter/nf_conntrack_common.h:97;rewrite/configs/aarch64/frozen.config;header_closure=rewrite/metadata/header_closure.tsv;selected=PENDING_REVIEW	425f94c2954b1fe80ebdbf9b29854e89750355df	9438e0a2880fb10b9c48bd5fa44ecfbce2266f760edb6c33780afecc0f69ee43	e9d9a47838c402d1d9b7e373524645143e738e83a03ccee0c2ae1ab75ac6b205	0123af9e96b58af4e98b91a2de5608d36b63c67864b9041d3340587f3dbe40d2	cfa8dcf0d81c408de38d4202fe1ce9d9e5e301d1e67439c9530da94b1e64ee3f	7484d7b0dd80f45e18d726b04752827fe28555cc5c1af0e127948380e6688abf
semantic-proposal-v1	SC1-92a31e3d88f0f00b9756e4d03eb286035b6efbdc7f39ec55a6d878b9e46f7817	S016270	1	P02	SYMBOLS.tsv	385033	status	aarch64	include/uapi/linux/netfilter/nf_conntrack_common.h	enum_constant	IPS_UNTRACKED_BIT	97	PENDING_REVIEW	COMPLETE	COMPLETE	vendor/linux/include/uapi/linux/netfilter/nf_conntrack_common.h;vendor/linux/include/uapi/linux/netfilter/nf_conntrack_common.h:97;rewrite/configs/aarch64/frozen.config;header_closure=rewrite/metadata/header_closure.tsv;selected=PENDING_REVIEW	425f94c2954b1fe80ebdbf9b29854e89750355df	9438e0a2880fb10b9c48bd5fa44ecfbce2266f760edb6c33780afecc0f69ee43	e9d9a47838c402d1d9b7e373524645143e738e83a03ccee0c2ae1ab75ac6b205	0123af9e96b58af4e98b91a2de5608d36b63c67864b9041d3340587f3dbe40d2	cfa8dcf0d81c408de38d4202fe1ce9d9e5e301d1e67439c9530da94b1e64ee3f	7484d7b0dd80f45e18d726b04752827fe28555cc5c1af0e127948380e6688abf
semantic-proposal-v1	SC1-d0c14b11f341c5e4d9b57d113f07df6a25818f8f20c5ee3fd9cdb90a4a68e2c1	S016270	1	P02	SYMBOLS.tsv	385034	selection_expression	aarch64	include/uapi/linux/netfilter/nf_conntrack_common.h	enum_constant	IPS_UNTRACKED	98	PENDING_REVIEW	SOURCE_REVIEWED_VALUE	COMPLETE	vendor/linux/include/uapi/linux/netfilter/nf_conntrack_common.h;vendor/linux/include/uapi/linux/netfilter/nf_conntrack_common.h:98;rewrite/configs/aarch64/frozen.config;header_closure=rewrite/metadata/header_closure.tsv;selected=PENDING_REVIEW	425f94c2954b1fe80ebdbf9b29854e89750355df	9438e0a2880fb10b9c48bd5fa44ecfbce2266f760edb6c33780afecc0f69ee43	e9d9a47838c402d1d9b7e373524645143e738e83a03ccee0c2ae1ab75ac6b205	0123af9e96b58af4e98b91a2de5608d36b63c67864b9041d3340587f3dbe40d2	cfa8dcf0d81c408de38d4202fe1ce9d9e5e301d1e67439c9530da94b1e64ee3f	7484d7b0dd80f45e18d726b04752827fe28555cc5c1af0e127948380e6688abf
semantic-proposal-v1	SC1-c83a925a0fe99660ed8260801bf5bec47d39427f7a7281593f288670772ce622	S016270	1	P02	SYMBOLS.tsv	385034	status	aarch64	include/uapi/linux/netfilter/nf_conntrack_common.h	enum_constant	IPS_UNTRACKED	98	PENDING_REVIEW	COMPLETE	COMPLETE	vendor/linux/include/uapi/linux/netfilter/nf_conntrack_common.h;vendor/linux/include/uapi/linux/netfilter/nf_conntrack_common.h:98;rewrite/configs/aarch64/frozen.config;header_closure=rewrite/metadata/header_closure.tsv;selected=PENDING_REVIEW	425f94c2954b1fe80ebdbf9b29854e89750355df	9438e0a2880fb10b9c48bd5fa44ecfbce2266f760edb6c33780afecc0f69ee43	e9d9a47838c402d1d9b7e373524645143e738e83a03ccee0c2ae1ab75ac6b205	0123af9e96b58af4e98b91a2de5608d36b63c67864b9041d3340587f3dbe40d2	cfa8dcf0d81c408de38d4202fe1ce9d9e5e301d1e67439c9530da94b1e64ee3f	7484d7b0dd80f45e18d726b04752827fe28555cc5c1af0e127948380e6688abf
semantic-proposal-v1	SC1-9af88a6732df6a68f8baec9e07e428ede6a13c7e59d531c4df19beac3c1f7bee	S016270	1	P02	SYMBOLS.tsv	385035	selection_expression	aarch64	include/uapi/linux/netfilter/nf_conntrack_common.h	enum_constant	IPS_NAT_CLASH_BIT	105	PENDING_REVIEW	SOURCE_REVIEWED_VALUE	COMPLETE	vendor/linux/include/uapi/linux/netfilter/nf_conntrack_common.h;vendor/linux/include/uapi/linux/netfilter/nf_conntrack_common.h:105;rewrite/configs/aarch64/frozen.config;header_closure=rewrite/metadata/header_closure.tsv;selected=PENDING_REVIEW	425f94c2954b1fe80ebdbf9b29854e89750355df	9438e0a2880fb10b9c48bd5fa44ecfbce2266f760edb6c33780afecc0f69ee43	e9d9a47838c402d1d9b7e373524645143e738e83a03ccee0c2ae1ab75ac6b205	0123af9e96b58af4e98b91a2de5608d36b63c67864b9041d3340587f3dbe40d2	cfa8dcf0d81c408de38d4202fe1ce9d9e5e301d1e67439c9530da94b1e64ee3f	7484d7b0dd80f45e18d726b04752827fe28555cc5c1af0e127948380e6688abf
semantic-proposal-v1	SC1-117764013a8cf549952de016aba6a991e03d268c7a35fa34ffda43188f685857	S016270	1	P02	SYMBOLS.tsv	385035	status	aarch64	include/uapi/linux/netfilter/nf_conntrack_common.h	enum_constant	IPS_NAT_CLASH_BIT	105	PENDING_REVIEW	COMPLETE	COMPLETE	vendor/linux/include/uapi/linux/netfilter/nf_conntrack_common.h;vendor/linux/include/uapi/linux/netfilter/nf_conntrack_common.h:105;rewrite/configs/aarch64/frozen.config;header_closure=rewrite/metadata/header_closure.tsv;selected=PENDING_REVIEW	425f94c2954b1fe80ebdbf9b29854e89750355df	9438e0a2880fb10b9c48bd5fa44ecfbce2266f760edb6c33780afecc0f69ee43	e9d9a47838c402d1d9b7e373524645143e738e83a03ccee0c2ae1ab75ac6b205	0123af9e96b58af4e98b91a2de5608d36b63c67864b9041d3340587f3dbe40d2	cfa8dcf0d81c408de38d4202fe1ce9d9e5e301d1e67439c9530da94b1e64ee3f	7484d7b0dd80f45e18d726b04752827fe28555cc5c1af0e127948380e6688abf
semantic-proposal-v1	SC1-0df6d6227c8cb2029e65db36d07bef5d1a03e452896b74590bad96182f10c7e3	S016270	1	P02	SYMBOLS.tsv	385036	selection_expression	aarch64	include/uapi/linux/netfilter/nf_conntrack_common.h	enum_constant	IPS_NAT_CLASH	106	PENDING_REVIEW	SOURCE_REVIEWED_VALUE	COMPLETE	vendor/linux/include/uapi/linux/netfilter/nf_conntrack_common.h;vendor/linux/include/uapi/linux/netfilter/nf_conntrack_common.h:106;rewrite/configs/aarch64/frozen.config;header_closure=rewrite/metadata/header_closure.tsv;selected=PENDING_REVIEW	425f94c2954b1fe80ebdbf9b29854e89750355df	9438e0a2880fb10b9c48bd5fa44ecfbce2266f760edb6c33780afecc0f69ee43	e9d9a47838c402d1d9b7e373524645143e738e83a03ccee0c2ae1ab75ac6b205	0123af9e96b58af4e98b91a2de5608d36b63c67864b9041d3340587f3dbe40d2	cfa8dcf0d81c408de38d4202fe1ce9d9e5e301d1e67439c9530da94b1e64ee3f	7484d7b0dd80f45e18d726b04752827fe28555cc5c1af0e127948380e6688abf
semantic-proposal-v1	SC1-787ea0b191b55fcdb20b4d084b30e38eb07ec0c51c4e1f380218a5384836930a	S016270	1	P02	SYMBOLS.tsv	385036	status	aarch64	include/uapi/linux/netfilter/nf_conntrack_common.h	enum_constant	IPS_NAT_CLASH	106	PENDING_REVIEW	COMPLETE	COMPLETE	vendor/linux/include/uapi/linux/netfilter/nf_conntrack_common.h;vendor/linux/include/uapi/linux/netfilter/nf_conntrack_common.h:106;rewrite/configs/aarch64/frozen.config;header_closure=rewrite/metadata/header_closure.tsv;selected=PENDING_REVIEW	425f94c2954b1fe80ebdbf9b29854e89750355df	9438e0a2880fb10b9c48bd5fa44ecfbce2266f760edb6c33780afecc0f69ee43	e9d9a47838c402d1d9b7e373524645143e738e83a03ccee0c2ae1ab75ac6b205	0123af9e96b58af4e98b91a2de5608d36b63c67864b9041d3340587f3dbe40d2	cfa8dcf0d81c408de38d4202fe1ce9d9e5e301d1e67439c9530da94b1e64ee3f	7484d7b0dd80f45e18d726b04752827fe28555cc5c1af0e127948380e6688abf
semantic-proposal-v1	SC1-09a82beae91b5e3b5474e3c762d3f0c26e9338f1df0a969654bc9e11f3b06f74	S016270	1	P02	SYMBOLS.tsv	385037	selection_expression	aarch64	include/uapi/linux/netfilter/nf_conntrack_common.h	enum_constant	IPS_HELPER_BIT	110	PENDING_REVIEW	SOURCE_REVIEWED_VALUE	COMPLETE	vendor/linux/include/uapi/linux/netfilter/nf_conntrack_common.h;vendor/linux/include/uapi/linux/netfilter/nf_conntrack_common.h:110;rewrite/configs/aarch64/frozen.config;header_closure=rewrite/metadata/header_closure.tsv;selected=PENDING_REVIEW	425f94c2954b1fe80ebdbf9b29854e89750355df	9438e0a2880fb10b9c48bd5fa44ecfbce2266f760edb6c33780afecc0f69ee43	e9d9a47838c402d1d9b7e373524645143e738e83a03ccee0c2ae1ab75ac6b205	0123af9e96b58af4e98b91a2de5608d36b63c67864b9041d3340587f3dbe40d2	cfa8dcf0d81c408de38d4202fe1ce9d9e5e301d1e67439c9530da94b1e64ee3f	7484d7b0dd80f45e18d726b04752827fe28555cc5c1af0e127948380e6688abf
semantic-proposal-v1	SC1-2072f9561283cd308a96312f9d9e9db07a42a07ee006b3a21ca876aef1c5c601	S016270	1	P02	SYMBOLS.tsv	385037	status	aarch64	include/uapi/linux/netfilter/nf_conntrack_common.h	enum_constant	IPS_HELPER_BIT	110	PENDING_REVIEW	COMPLETE	COMPLETE	vendor/linux/include/uapi/linux/netfilter/nf_conntrack_common.h;vendor/linux/include/uapi/linux/netfilter/nf_conntrack_common.h:110;rewrite/configs/aarch64/frozen.config;header_closure=rewrite/metadata/header_closure.tsv;selected=PENDING_REVIEW	425f94c2954b1fe80ebdbf9b29854e89750355df	9438e0a2880fb10b9c48bd5fa44ecfbce2266f760edb6c33780afecc0f69ee43	e9d9a47838c402d1d9b7e373524645143e738e83a03ccee0c2ae1ab75ac6b205	0123af9e96b58af4e98b91a2de5608d36b63c67864b9041d3340587f3dbe40d2	cfa8dcf0d81c408de38d4202fe1ce9d9e5e301d1e67439c9530da94b1e64ee3f	7484d7b0dd80f45e18d726b04752827fe28555cc5c1af0e127948380e6688abf
semantic-proposal-v1	SC1-17d28a54bb708e28598113add76206e4fc2d0944c650b49d14bb3d9ab313aa29	S016270	1	P02	SYMBOLS.tsv	385038	selection_expression	aarch64	include/uapi/linux/netfilter/nf_conntrack_common.h	enum_constant	IPS_HELPER	111	PENDING_REVIEW	SOURCE_REVIEWED_VALUE	COMPLETE	vendor/linux/include/uapi/linux/netfilter/nf_conntrack_common.h;vendor/linux/include/uapi/linux/netfilter/nf_conntrack_common.h:111;rewrite/configs/aarch64/frozen.config;header_closure=rewrite/metadata/header_closure.tsv;selected=PENDING_REVIEW	425f94c2954b1fe80ebdbf9b29854e89750355df	9438e0a2880fb10b9c48bd5fa44ecfbce2266f760edb6c33780afecc0f69ee43	e9d9a47838c402d1d9b7e373524645143e738e83a03ccee0c2ae1ab75ac6b205	0123af9e96b58af4e98b91a2de5608d36b63c67864b9041d3340587f3dbe40d2	cfa8dcf0d81c408de38d4202fe1ce9d9e5e301d1e67439c9530da94b1e64ee3f	7484d7b0dd80f45e18d726b04752827fe28555cc5c1af0e127948380e6688abf
semantic-proposal-v1	SC1-3c7ad4fc775fa5ef2ca4b519bbc44f07d52d6fb4498f4c7dd009b1c01373034c	S016270	1	P02	SYMBOLS.tsv	385038	status	aarch64	include/uapi/linux/netfilter/nf_conntrack_common.h	enum_constant	IPS_HELPER	111	PENDING_REVIEW	COMPLETE	COMPLETE	vendor/linux/include/uapi/linux/netfilter/nf_conntrack_common.h;vendor/linux/include/uapi/linux/netfilter/nf_conntrack_common.h:111;rewrite/configs/aarch64/frozen.config;header_closure=rewrite/metadata/header_closure.tsv;selected=PENDING_REVIEW	425f94c2954b1fe80ebdbf9b29854e89750355df	9438e0a2880fb10b9c48bd5fa44ecfbce2266f760edb6c33780afecc0f69ee43	e9d9a47838c402d1d9b7e373524645143e738e83a03ccee0c2ae1ab75ac6b205	0123af9e96b58af4e98b91a2de5608d36b63c67864b9041d3340587f3dbe40d2	cfa8dcf0d81c408de38d4202fe1ce9d9e5e301d1e67439c9530da94b1e64ee3f	7484d7b0dd80f45e18d726b04752827fe28555cc5c1af0e127948380e6688abf
semantic-proposal-v1	SC1-553b1b4b4d359b71b22886032e8ec24fc4fcb082644075c03d9947a9c2be0476	S016270	1	P02	SYMBOLS.tsv	385039	selection_expression	aarch64	include/uapi/linux/netfilter/nf_conntrack_common.h	enum_constant	IPS_OFFLOAD_BIT	114	PENDING_REVIEW	SOURCE_REVIEWED_VALUE	COMPLETE	vendor/linux/include/uapi/linux/netfilter/nf_conntrack_common.h;vendor/linux/include/uapi/linux/netfilter/nf_conntrack_common.h:114;rewrite/configs/aarch64/frozen.config;header_closure=rewrite/metadata/header_closure.tsv;selected=PENDING_REVIEW	425f94c2954b1fe80ebdbf9b29854e89750355df	9438e0a2880fb10b9c48bd5fa44ecfbce2266f760edb6c33780afecc0f69ee43	e9d9a47838c402d1d9b7e373524645143e738e83a03ccee0c2ae1ab75ac6b205	0123af9e96b58af4e98b91a2de5608d36b63c67864b9041d3340587f3dbe40d2	cfa8dcf0d81c408de38d4202fe1ce9d9e5e301d1e67439c9530da94b1e64ee3f	7484d7b0dd80f45e18d726b04752827fe28555cc5c1af0e127948380e6688abf
semantic-proposal-v1	SC1-ee559a71a4e5817d8fa479be58251803120842c6dd4cbe907d1431d6511bca9c	S016270	1	P02	SYMBOLS.tsv	385039	status	aarch64	include/uapi/linux/netfilter/nf_conntrack_common.h	enum_constant	IPS_OFFLOAD_BIT	114	PENDING_REVIEW	COMPLETE	COMPLETE	vendor/linux/include/uapi/linux/netfilter/nf_conntrack_common.h;vendor/linux/include/uapi/linux/netfilter/nf_conntrack_common.h:114;rewrite/configs/aarch64/frozen.config;header_closure=rewrite/metadata/header_closure.tsv;selected=PENDING_REVIEW	425f94c2954b1fe80ebdbf9b29854e89750355df	9438e0a2880fb10b9c48bd5fa44ecfbce2266f760edb6c33780afecc0f69ee43	e9d9a47838c402d1d9b7e373524645143e738e83a03ccee0c2ae1ab75ac6b205	0123af9e96b58af4e98b91a2de5608d36b63c67864b9041d3340587f3dbe40d2	cfa8dcf0d81c408de38d4202fe1ce9d9e5e301d1e67439c9530da94b1e64ee3f	7484d7b0dd80f45e18d726b04752827fe28555cc5c1af0e127948380e6688abf
semantic-proposal-v1	SC1-0e5dfa8031bff816121a40a68a6e350d8930e0b3601c9edfa4ecc2d09d5f7a77	S016270	1	P02	SYMBOLS.tsv	385040	selection_expression	aarch64	include/uapi/linux/netfilter/nf_conntrack_common.h	enum_constant	IPS_OFFLOAD	115	PENDING_REVIEW	SOURCE_REVIEWED_VALUE	COMPLETE	vendor/linux/include/uapi/linux/netfilter/nf_conntrack_common.h;vendor/linux/include/uapi/linux/netfilter/nf_conntrack_common.h:115;rewrite/configs/aarch64/frozen.config;header_closure=rewrite/metadata/header_closure.tsv;selected=PENDING_REVIEW	425f94c2954b1fe80ebdbf9b29854e89750355df	9438e0a2880fb10b9c48bd5fa44ecfbce2266f760edb6c33780afecc0f69ee43	e9d9a47838c402d1d9b7e373524645143e738e83a03ccee0c2ae1ab75ac6b205	0123af9e96b58af4e98b91a2de5608d36b63c67864b9041d3340587f3dbe40d2	cfa8dcf0d81c408de38d4202fe1ce9d9e5e301d1e67439c9530da94b1e64ee3f	7484d7b0dd80f45e18d726b04752827fe28555cc5c1af0e127948380e6688abf
semantic-proposal-v1	SC1-85072bb407b26a3a8fec271f6bab2b0333e14c38a8f9ef0d4d910ef93fbecd44	S016270	1	P02	SYMBOLS.tsv	385040	status	aarch64	include/uapi/linux/netfilter/nf_conntrack_common.h	enum_constant	IPS_OFFLOAD	115	PENDING_REVIEW	COMPLETE	COMPLETE	vendor/linux/include/uapi/linux/netfilter/nf_conntrack_common.h;vendor/linux/include/uapi/linux/netfilter/nf_conntrack_common.h:115;rewrite/configs/aarch64/frozen.config;header_closure=rewrite/metadata/header_closure.tsv;selected=PENDING_REVIEW	425f94c2954b1fe80ebdbf9b29854e89750355df	9438e0a2880fb10b9c48bd5fa44ecfbce2266f760edb6c33780afecc0f69ee43	e9d9a47838c402d1d9b7e373524645143e738e83a03ccee0c2ae1ab75ac6b205	0123af9e96b58af4e98b91a2de5608d36b63c67864b9041d3340587f3dbe40d2	cfa8dcf0d81c408de38d4202fe1ce9d9e5e301d1e67439c9530da94b1e64ee3f	7484d7b0dd80f45e18d726b04752827fe28555cc5c1af0e127948380e6688abf
semantic-proposal-v1	SC1-f57874170e231ce2b5616ee97775d2974f6aadace05f6345923dd099899889fb	S016270	1	P02	SYMBOLS.tsv	385041	selection_expression	aarch64	include/uapi/linux/netfilter/nf_conntrack_common.h	enum_constant	IPS_HW_OFFLOAD_BIT	118	PENDING_REVIEW	SOURCE_REVIEWED_VALUE	COMPLETE	vendor/linux/include/uapi/linux/netfilter/nf_conntrack_common.h;vendor/linux/include/uapi/linux/netfilter/nf_conntrack_common.h:118;rewrite/configs/aarch64/frozen.config;header_closure=rewrite/metadata/header_closure.tsv;selected=PENDING_REVIEW	425f94c2954b1fe80ebdbf9b29854e89750355df	9438e0a2880fb10b9c48bd5fa44ecfbce2266f760edb6c33780afecc0f69ee43	e9d9a47838c402d1d9b7e373524645143e738e83a03ccee0c2ae1ab75ac6b205	0123af9e96b58af4e98b91a2de5608d36b63c67864b9041d3340587f3dbe40d2	cfa8dcf0d81c408de38d4202fe1ce9d9e5e301d1e67439c9530da94b1e64ee3f	7484d7b0dd80f45e18d726b04752827fe28555cc5c1af0e127948380e6688abf
semantic-proposal-v1	SC1-edec287665c85c383253726072654642679ecc19a47ad697245e923145dd2e74	S016270	1	P02	SYMBOLS.tsv	385041	status	aarch64	include/uapi/linux/netfilter/nf_conntrack_common.h	enum_constant	IPS_HW_OFFLOAD_BIT	118	PENDING_REVIEW	COMPLETE	COMPLETE	vendor/linux/include/uapi/linux/netfilter/nf_conntrack_common.h;vendor/linux/include/uapi/linux/netfilter/nf_conntrack_common.h:118;rewrite/configs/aarch64/frozen.config;header_closure=rewrite/metadata/header_closure.tsv;selected=PENDING_REVIEW	425f94c2954b1fe80ebdbf9b29854e89750355df	9438e0a2880fb10b9c48bd5fa44ecfbce2266f760edb6c33780afecc0f69ee43	e9d9a47838c402d1d9b7e373524645143e738e83a03ccee0c2ae1ab75ac6b205	0123af9e96b58af4e98b91a2de5608d36b63c67864b9041d3340587f3dbe40d2	cfa8dcf0d81c408de38d4202fe1ce9d9e5e301d1e67439c9530da94b1e64ee3f	7484d7b0dd80f45e18d726b04752827fe28555cc5c1af0e127948380e6688abf
semantic-proposal-v1	SC1-bb30be67d189a060752c812394ea504aa7242ec5d0acc47a763c6563e3f640d9	S016270	1	P02	SYMBOLS.tsv	385042	selection_expression	aarch64	include/uapi/linux/netfilter/nf_conntrack_common.h	enum_constant	IPS_HW_OFFLOAD	119	PENDING_REVIEW	SOURCE_REVIEWED_VALUE	COMPLETE	vendor/linux/include/uapi/linux/netfilter/nf_conntrack_common.h;vendor/linux/include/uapi/linux/netfilter/nf_conntrack_common.h:119;rewrite/configs/aarch64/frozen.config;header_closure=rewrite/metadata/header_closure.tsv;selected=PENDING_REVIEW	425f94c2954b1fe80ebdbf9b29854e89750355df	9438e0a2880fb10b9c48bd5fa44ecfbce2266f760edb6c33780afecc0f69ee43	e9d9a47838c402d1d9b7e373524645143e738e83a03ccee0c2ae1ab75ac6b205	0123af9e96b58af4e98b91a2de5608d36b63c67864b9041d3340587f3dbe40d2	cfa8dcf0d81c408de38d4202fe1ce9d9e5e301d1e67439c9530da94b1e64ee3f	7484d7b0dd80f45e18d726b04752827fe28555cc5c1af0e127948380e6688abf
semantic-proposal-v1	SC1-5a62ee7ddc7ecb236c4312581214946beab6ef67ceaf08e28044c1572cb33292	S016270	1	P02	SYMBOLS.tsv	385042	status	aarch64	include/uapi/linux/netfilter/nf_conntrack_common.h	enum_constant	IPS_HW_OFFLOAD	119	PENDING_REVIEW	COMPLETE	COMPLETE	vendor/linux/include/uapi/linux/netfilter/nf_conntrack_common.h;vendor/linux/include/uapi/linux/netfilter/nf_conntrack_common.h:119;rewrite/configs/aarch64/frozen.config;header_closure=rewrite/metadata/header_closure.tsv;selected=PENDING_REVIEW	425f94c2954b1fe80ebdbf9b29854e89750355df	9438e0a2880fb10b9c48bd5fa44ecfbce2266f760edb6c33780afecc0f69ee43	e9d9a47838c402d1d9b7e373524645143e738e83a03ccee0c2ae1ab75ac6b205	0123af9e96b58af4e98b91a2de5608d36b63c67864b9041d3340587f3dbe40d2	cfa8dcf0d81c408de38d4202fe1ce9d9e5e301d1e67439c9530da94b1e64ee3f	7484d7b0dd80f45e18d726b04752827fe28555cc5c1af0e127948380e6688abf
semantic-proposal-v1	SC1-5679c670053364eb8a8c5d85a3b372e9540d0452083cb44238b4c32505a31154	S016270	1	P02	SYMBOLS.tsv	385043	selection_expression	aarch64	include/uapi/linux/netfilter/nf_conntrack_common.h	enum_constant	IPS_UNCHANGEABLE_MASK	124	PENDING_REVIEW	SOURCE_REVIEWED_VALUE	COMPLETE	vendor/linux/include/uapi/linux/netfilter/nf_conntrack_common.h;vendor/linux/include/uapi/linux/netfilter/nf_conntrack_common.h:124;rewrite/configs/aarch64/frozen.config;header_closure=rewrite/metadata/header_closure.tsv;selected=PENDING_REVIEW	425f94c2954b1fe80ebdbf9b29854e89750355df	9438e0a2880fb10b9c48bd5fa44ecfbce2266f760edb6c33780afecc0f69ee43	e9d9a47838c402d1d9b7e373524645143e738e83a03ccee0c2ae1ab75ac6b205	0123af9e96b58af4e98b91a2de5608d36b63c67864b9041d3340587f3dbe40d2	cfa8dcf0d81c408de38d4202fe1ce9d9e5e301d1e67439c9530da94b1e64ee3f	7484d7b0dd80f45e18d726b04752827fe28555cc5c1af0e127948380e6688abf
semantic-proposal-v1	SC1-1bcee8d4f2fe5aa3585cb085d18e66a1d5f645d8d153825817a5da3751a0692f	S016270	1	P02	SYMBOLS.tsv	385043	status	aarch64	include/uapi/linux/netfilter/nf_conntrack_common.h	enum_constant	IPS_UNCHANGEABLE_MASK	124	PENDING_REVIEW	COMPLETE	COMPLETE	vendor/linux/include/uapi/linux/netfilter/nf_conntrack_common.h;vendor/linux/include/uapi/linux/netfilter/nf_conntrack_common.h:124;rewrite/configs/aarch64/frozen.config;header_closure=rewrite/metadata/header_closure.tsv;selected=PENDING_REVIEW	425f94c2954b1fe80ebdbf9b29854e89750355df	9438e0a2880fb10b9c48bd5fa44ecfbce2266f760edb6c33780afecc0f69ee43	e9d9a47838c402d1d9b7e373524645143e738e83a03ccee0c2ae1ab75ac6b205	0123af9e96b58af4e98b91a2de5608d36b63c67864b9041d3340587f3dbe40d2	cfa8dcf0d81c408de38d4202fe1ce9d9e5e301d1e67439c9530da94b1e64ee3f	7484d7b0dd80f45e18d726b04752827fe28555cc5c1af0e127948380e6688abf
semantic-proposal-v1	SC1-821b0a80fcaee84a498ae48c1e5f3b7b766f3fc51329f2ff662d5283f2440fd9	S016270	1	P02	SYMBOLS.tsv	385044	selection_expression	aarch64	include/uapi/linux/netfilter/nf_conntrack_common.h	enum_constant	__IPS_MAX_BIT	129	PENDING_REVIEW	SOURCE_REVIEWED_VALUE	COMPLETE	vendor/linux/include/uapi/linux/netfilter/nf_conntrack_common.h;vendor/linux/include/uapi/linux/netfilter/nf_conntrack_common.h:129;rewrite/configs/aarch64/frozen.config;header_closure=rewrite/metadata/header_closure.tsv;selected=PENDING_REVIEW	425f94c2954b1fe80ebdbf9b29854e89750355df	9438e0a2880fb10b9c48bd5fa44ecfbce2266f760edb6c33780afecc0f69ee43	e9d9a47838c402d1d9b7e373524645143e738e83a03ccee0c2ae1ab75ac6b205	0123af9e96b58af4e98b91a2de5608d36b63c67864b9041d3340587f3dbe40d2	cfa8dcf0d81c408de38d4202fe1ce9d9e5e301d1e67439c9530da94b1e64ee3f	7484d7b0dd80f45e18d726b04752827fe28555cc5c1af0e127948380e6688abf
semantic-proposal-v1	SC1-4665616aa20006850e101e1035ff79bb98d131267955dd870225ee70d3bf8794	S016270	1	P02	SYMBOLS.tsv	385044	status	aarch64	include/uapi/linux/netfilter/nf_conntrack_common.h	enum_constant	__IPS_MAX_BIT	129	PENDING_REVIEW	COMPLETE	COMPLETE	vendor/linux/include/uapi/linux/netfilter/nf_conntrack_common.h;vendor/linux/include/uapi/linux/netfilter/nf_conntrack_common.h:129;rewrite/configs/aarch64/frozen.config;header_closure=rewrite/metadata/header_closure.tsv;selected=PENDING_REVIEW	425f94c2954b1fe80ebdbf9b29854e89750355df	9438e0a2880fb10b9c48bd5fa44ecfbce2266f760edb6c33780afecc0f69ee43	e9d9a47838c402d1d9b7e373524645143e738e83a03ccee0c2ae1ab75ac6b205	0123af9e96b58af4e98b91a2de5608d36b63c67864b9041d3340587f3dbe40d2	cfa8dcf0d81c408de38d4202fe1ce9d9e5e301d1e67439c9530da94b1e64ee3f	7484d7b0dd80f45e18d726b04752827fe28555cc5c1af0e127948380e6688abf
semantic-proposal-v1	SC1-0f76f129c0d7b9cc38c2814bd414ce4f35015363bf88fe92f9e774061c8c97b3	S016270	1	P02	SYMBOLS.tsv	385045	selection_expression	aarch64	include/uapi/linux/netfilter/nf_conntrack_common.h	type	enum ip_conntrack_events	133	PENDING_REVIEW	SOURCE_REVIEWED_VALUE	COMPLETE	vendor/linux/include/uapi/linux/netfilter/nf_conntrack_common.h;vendor/linux/include/uapi/linux/netfilter/nf_conntrack_common.h:133;rewrite/configs/aarch64/frozen.config;header_closure=rewrite/metadata/header_closure.tsv;selected=PENDING_REVIEW	425f94c2954b1fe80ebdbf9b29854e89750355df	9438e0a2880fb10b9c48bd5fa44ecfbce2266f760edb6c33780afecc0f69ee43	e9d9a47838c402d1d9b7e373524645143e738e83a03ccee0c2ae1ab75ac6b205	0123af9e96b58af4e98b91a2de5608d36b63c67864b9041d3340587f3dbe40d2	cfa8dcf0d81c408de38d4202fe1ce9d9e5e301d1e67439c9530da94b1e64ee3f	7484d7b0dd80f45e18d726b04752827fe28555cc5c1af0e127948380e6688abf
semantic-proposal-v1	SC1-924ab0f0a11695ec10ea80dc8a22cec17080382426ffe3583b69c252548bb4ad	S016270	1	P02	SYMBOLS.tsv	385045	status	aarch64	include/uapi/linux/netfilter/nf_conntrack_common.h	type	enum ip_conntrack_events	133	PENDING_REVIEW	COMPLETE	COMPLETE	vendor/linux/include/uapi/linux/netfilter/nf_conntrack_common.h;vendor/linux/include/uapi/linux/netfilter/nf_conntrack_common.h:133;rewrite/configs/aarch64/frozen.config;header_closure=rewrite/metadata/header_closure.tsv;selected=PENDING_REVIEW	425f94c2954b1fe80ebdbf9b29854e89750355df	9438e0a2880fb10b9c48bd5fa44ecfbce2266f760edb6c33780afecc0f69ee43	e9d9a47838c402d1d9b7e373524645143e738e83a03ccee0c2ae1ab75ac6b205	0123af9e96b58af4e98b91a2de5608d36b63c67864b9041d3340587f3dbe40d2	cfa8dcf0d81c408de38d4202fe1ce9d9e5e301d1e67439c9530da94b1e64ee3f	7484d7b0dd80f45e18d726b04752827fe28555cc5c1af0e127948380e6688abf
semantic-proposal-v1	SC1-74aaa8d0db23db85c50fc31de8606f475d6d841d9331cf11aa39611cc8f32f9d	S016270	1	P02	SYMBOLS.tsv	385046	selection_expression	aarch64	include/uapi/linux/netfilter/nf_conntrack_common.h	enum_constant	IPCT_NEW	134	PENDING_REVIEW	SOURCE_REVIEWED_VALUE	COMPLETE	vendor/linux/include/uapi/linux/netfilter/nf_conntrack_common.h;vendor/linux/include/uapi/linux/netfilter/nf_conntrack_common.h:134;rewrite/configs/aarch64/frozen.config;header_closure=rewrite/metadata/header_closure.tsv;selected=PENDING_REVIEW	425f94c2954b1fe80ebdbf9b29854e89750355df	9438e0a2880fb10b9c48bd5fa44ecfbce2266f760edb6c33780afecc0f69ee43	e9d9a47838c402d1d9b7e373524645143e738e83a03ccee0c2ae1ab75ac6b205	0123af9e96b58af4e98b91a2de5608d36b63c67864b9041d3340587f3dbe40d2	cfa8dcf0d81c408de38d4202fe1ce9d9e5e301d1e67439c9530da94b1e64ee3f	7484d7b0dd80f45e18d726b04752827fe28555cc5c1af0e127948380e6688abf
semantic-proposal-v1	SC1-b516d89bf5975a396934f6468bd572bfdf93915b51f4132c8b26f79cf3d4cd56	S016270	1	P02	SYMBOLS.tsv	385046	status	aarch64	include/uapi/linux/netfilter/nf_conntrack_common.h	enum_constant	IPCT_NEW	134	PENDING_REVIEW	COMPLETE	COMPLETE	vendor/linux/include/uapi/linux/netfilter/nf_conntrack_common.h;vendor/linux/include/uapi/linux/netfilter/nf_conntrack_common.h:134;rewrite/configs/aarch64/frozen.config;header_closure=rewrite/metadata/header_closure.tsv;selected=PENDING_REVIEW	425f94c2954b1fe80ebdbf9b29854e89750355df	9438e0a2880fb10b9c48bd5fa44ecfbce2266f760edb6c33780afecc0f69ee43	e9d9a47838c402d1d9b7e373524645143e738e83a03ccee0c2ae1ab75ac6b205	0123af9e96b58af4e98b91a2de5608d36b63c67864b9041d3340587f3dbe40d2	cfa8dcf0d81c408de38d4202fe1ce9d9e5e301d1e67439c9530da94b1e64ee3f	7484d7b0dd80f45e18d726b04752827fe28555cc5c1af0e127948380e6688abf
semantic-proposal-v1	SC1-2fcbc48aead5374493fb8c23918889ec3b681b8f115a7b596c565f09b282a001	S016270	1	P02	SYMBOLS.tsv	385047	selection_expression	aarch64	include/uapi/linux/netfilter/nf_conntrack_common.h	enum_constant	IPCT_RELATED	135	PENDING_REVIEW	SOURCE_REVIEWED_VALUE	COMPLETE	vendor/linux/include/uapi/linux/netfilter/nf_conntrack_common.h;vendor/linux/include/uapi/linux/netfilter/nf_conntrack_common.h:135;rewrite/configs/aarch64/frozen.config;header_closure=rewrite/metadata/header_closure.tsv;selected=PENDING_REVIEW	425f94c2954b1fe80ebdbf9b29854e89750355df	9438e0a2880fb10b9c48bd5fa44ecfbce2266f760edb6c33780afecc0f69ee43	e9d9a47838c402d1d9b7e373524645143e738e83a03ccee0c2ae1ab75ac6b205	0123af9e96b58af4e98b91a2de5608d36b63c67864b9041d3340587f3dbe40d2	cfa8dcf0d81c408de38d4202fe1ce9d9e5e301d1e67439c9530da94b1e64ee3f	7484d7b0dd80f45e18d726b04752827fe28555cc5c1af0e127948380e6688abf
semantic-proposal-v1	SC1-ac2fbee471c36c8b3010f95d08e8012262d1c2253ca12c888bafe2a92f38077c	S016270	1	P02	SYMBOLS.tsv	385047	status	aarch64	include/uapi/linux/netfilter/nf_conntrack_common.h	enum_constant	IPCT_RELATED	135	PENDING_REVIEW	COMPLETE	COMPLETE	vendor/linux/include/uapi/linux/netfilter/nf_conntrack_common.h;vendor/linux/include/uapi/linux/netfilter/nf_conntrack_common.h:135;rewrite/configs/aarch64/frozen.config;header_closure=rewrite/metadata/header_closure.tsv;selected=PENDING_REVIEW	425f94c2954b1fe80ebdbf9b29854e89750355df	9438e0a2880fb10b9c48bd5fa44ecfbce2266f760edb6c33780afecc0f69ee43	e9d9a47838c402d1d9b7e373524645143e738e83a03ccee0c2ae1ab75ac6b205	0123af9e96b58af4e98b91a2de5608d36b63c67864b9041d3340587f3dbe40d2	cfa8dcf0d81c408de38d4202fe1ce9d9e5e301d1e67439c9530da94b1e64ee3f	7484d7b0dd80f45e18d726b04752827fe28555cc5c1af0e127948380e6688abf
semantic-proposal-v1	SC1-043677b3879262d26ab5dafc0998a9cb7953be1f5c86c15b92a2802a7ff8b721	S016270	1	P02	SYMBOLS.tsv	385048	selection_expression	aarch64	include/uapi/linux/netfilter/nf_conntrack_common.h	enum_constant	IPCT_DESTROY	136	PENDING_REVIEW	SOURCE_REVIEWED_VALUE	COMPLETE	vendor/linux/include/uapi/linux/netfilter/nf_conntrack_common.h;vendor/linux/include/uapi/linux/netfilter/nf_conntrack_common.h:136;rewrite/configs/aarch64/frozen.config;header_closure=rewrite/metadata/header_closure.tsv;selected=PENDING_REVIEW	425f94c2954b1fe80ebdbf9b29854e89750355df	9438e0a2880fb10b9c48bd5fa44ecfbce2266f760edb6c33780afecc0f69ee43	e9d9a47838c402d1d9b7e373524645143e738e83a03ccee0c2ae1ab75ac6b205	0123af9e96b58af4e98b91a2de5608d36b63c67864b9041d3340587f3dbe40d2	cfa8dcf0d81c408de38d4202fe1ce9d9e5e301d1e67439c9530da94b1e64ee3f	7484d7b0dd80f45e18d726b04752827fe28555cc5c1af0e127948380e6688abf
semantic-proposal-v1	SC1-6a5fe8d951005e67e0a0a58757d406ddb10d2e3c3e5318120174924921de76fb	S016270	1	P02	SYMBOLS.tsv	385048	status	aarch64	include/uapi/linux/netfilter/nf_conntrack_common.h	enum_constant	IPCT_DESTROY	136	PENDING_REVIEW	COMPLETE	COMPLETE	vendor/linux/include/uapi/linux/netfilter/nf_conntrack_common.h;vendor/linux/include/uapi/linux/netfilter/nf_conntrack_common.h:136;rewrite/configs/aarch64/frozen.config;header_closure=rewrite/metadata/header_closure.tsv;selected=PENDING_REVIEW	425f94c2954b1fe80ebdbf9b29854e89750355df	9438e0a2880fb10b9c48bd5fa44ecfbce2266f760edb6c33780afecc0f69ee43	e9d9a47838c402d1d9b7e373524645143e738e83a03ccee0c2ae1ab75ac6b205	0123af9e96b58af4e98b91a2de5608d36b63c67864b9041d3340587f3dbe40d2	cfa8dcf0d81c408de38d4202fe1ce9d9e5e301d1e67439c9530da94b1e64ee3f	7484d7b0dd80f45e18d726b04752827fe28555cc5c1af0e127948380e6688abf
semantic-proposal-v1	SC1-c48a90c29f0ad37bfc48406daae55c96fca25f5caf79fa478221bb69ffdad48f	S016270	1	P02	SYMBOLS.tsv	385049	selection_expression	aarch64	include/uapi/linux/netfilter/nf_conntrack_common.h	enum_constant	IPCT_REPLY	137	PENDING_REVIEW	SOURCE_REVIEWED_VALUE	COMPLETE	vendor/linux/include/uapi/linux/netfilter/nf_conntrack_common.h;vendor/linux/include/uapi/linux/netfilter/nf_conntrack_common.h:137;rewrite/configs/aarch64/frozen.config;header_closure=rewrite/metadata/header_closure.tsv;selected=PENDING_REVIEW	425f94c2954b1fe80ebdbf9b29854e89750355df	9438e0a2880fb10b9c48bd5fa44ecfbce2266f760edb6c33780afecc0f69ee43	e9d9a47838c402d1d9b7e373524645143e738e83a03ccee0c2ae1ab75ac6b205	0123af9e96b58af4e98b91a2de5608d36b63c67864b9041d3340587f3dbe40d2	cfa8dcf0d81c408de38d4202fe1ce9d9e5e301d1e67439c9530da94b1e64ee3f	7484d7b0dd80f45e18d726b04752827fe28555cc5c1af0e127948380e6688abf
semantic-proposal-v1	SC1-f36b6bf7693f55eeaf724a686da052d953d97c9cd293dede080f38932d0b116b	S016270	1	P02	SYMBOLS.tsv	385049	status	aarch64	include/uapi/linux/netfilter/nf_conntrack_common.h	enum_constant	IPCT_REPLY	137	PENDING_REVIEW	COMPLETE	COMPLETE	vendor/linux/include/uapi/linux/netfilter/nf_conntrack_common.h;vendor/linux/include/uapi/linux/netfilter/nf_conntrack_common.h:137;rewrite/configs/aarch64/frozen.config;header_closure=rewrite/metadata/header_closure.tsv;selected=PENDING_REVIEW	425f94c2954b1fe80ebdbf9b29854e89750355df	9438e0a2880fb10b9c48bd5fa44ecfbce2266f760edb6c33780afecc0f69ee43	e9d9a47838c402d1d9b7e373524645143e738e83a03ccee0c2ae1ab75ac6b205	0123af9e96b58af4e98b91a2de5608d36b63c67864b9041d3340587f3dbe40d2	cfa8dcf0d81c408de38d4202fe1ce9d9e5e301d1e67439c9530da94b1e64ee3f	7484d7b0dd80f45e18d726b04752827fe28555cc5c1af0e127948380e6688abf
semantic-proposal-v1	SC1-a8f6a5085d06778f02c2ceaa7cc7fe9c147ce3a96459cde1b718cf1534ff5171	S016270	1	P02	SYMBOLS.tsv	385050	selection_expression	aarch64	include/uapi/linux/netfilter/nf_conntrack_common.h	enum_constant	IPCT_ASSURED	138	PENDING_REVIEW	SOURCE_REVIEWED_VALUE	COMPLETE	vendor/linux/include/uapi/linux/netfilter/nf_conntrack_common.h;vendor/linux/include/uapi/linux/netfilter/nf_conntrack_common.h:138;rewrite/configs/aarch64/frozen.config;header_closure=rewrite/metadata/header_closure.tsv;selected=PENDING_REVIEW	425f94c2954b1fe80ebdbf9b29854e89750355df	9438e0a2880fb10b9c48bd5fa44ecfbce2266f760edb6c33780afecc0f69ee43	e9d9a47838c402d1d9b7e373524645143e738e83a03ccee0c2ae1ab75ac6b205	0123af9e96b58af4e98b91a2de5608d36b63c67864b9041d3340587f3dbe40d2	cfa8dcf0d81c408de38d4202fe1ce9d9e5e301d1e67439c9530da94b1e64ee3f	7484d7b0dd80f45e18d726b04752827fe28555cc5c1af0e127948380e6688abf
semantic-proposal-v1	SC1-f2cef80063861d64c0d73e30910b1f37088030dc9e32b7f4b9cab814176fc720	S016270	1	P02	SYMBOLS.tsv	385050	status	aarch64	include/uapi/linux/netfilter/nf_conntrack_common.h	enum_constant	IPCT_ASSURED	138	PENDING_REVIEW	COMPLETE	COMPLETE	vendor/linux/include/uapi/linux/netfilter/nf_conntrack_common.h;vendor/linux/include/uapi/linux/netfilter/nf_conntrack_common.h:138;rewrite/configs/aarch64/frozen.config;header_closure=rewrite/metadata/header_closure.tsv;selected=PENDING_REVIEW	425f94c2954b1fe80ebdbf9b29854e89750355df	9438e0a2880fb10b9c48bd5fa44ecfbce2266f760edb6c33780afecc0f69ee43	e9d9a47838c402d1d9b7e373524645143e738e83a03ccee0c2ae1ab75ac6b205	0123af9e96b58af4e98b91a2de5608d36b63c67864b9041d3340587f3dbe40d2	cfa8dcf0d81c408de38d4202fe1ce9d9e5e301d1e67439c9530da94b1e64ee3f	7484d7b0dd80f45e18d726b04752827fe28555cc5c1af0e127948380e6688abf
semantic-proposal-v1	SC1-ebcc352527c8f9271f49c09506459b8e86cd8944da59794a6d744290844c1294	S016270	1	P02	SYMBOLS.tsv	385051	selection_expression	aarch64	include/uapi/linux/netfilter/nf_conntrack_common.h	enum_constant	IPCT_PROTOINFO	139	PENDING_REVIEW	SOURCE_REVIEWED_VALUE	COMPLETE	vendor/linux/include/uapi/linux/netfilter/nf_conntrack_common.h;vendor/linux/include/uapi/linux/netfilter/nf_conntrack_common.h:139;rewrite/configs/aarch64/frozen.config;header_closure=rewrite/metadata/header_closure.tsv;selected=PENDING_REVIEW	425f94c2954b1fe80ebdbf9b29854e89750355df	9438e0a2880fb10b9c48bd5fa44ecfbce2266f760edb6c33780afecc0f69ee43	e9d9a47838c402d1d9b7e373524645143e738e83a03ccee0c2ae1ab75ac6b205	0123af9e96b58af4e98b91a2de5608d36b63c67864b9041d3340587f3dbe40d2	cfa8dcf0d81c408de38d4202fe1ce9d9e5e301d1e67439c9530da94b1e64ee3f	7484d7b0dd80f45e18d726b04752827fe28555cc5c1af0e127948380e6688abf
semantic-proposal-v1	SC1-933412d6131918e7527f3000f4d981c64889583765379dbd8a30df4c763f84e4	S016270	1	P02	SYMBOLS.tsv	385051	status	aarch64	include/uapi/linux/netfilter/nf_conntrack_common.h	enum_constant	IPCT_PROTOINFO	139	PENDING_REVIEW	COMPLETE	COMPLETE	vendor/linux/include/uapi/linux/netfilter/nf_conntrack_common.h;vendor/linux/include/uapi/linux/netfilter/nf_conntrack_common.h:139;rewrite/configs/aarch64/frozen.config;header_closure=rewrite/metadata/header_closure.tsv;selected=PENDING_REVIEW	425f94c2954b1fe80ebdbf9b29854e89750355df	9438e0a2880fb10b9c48bd5fa44ecfbce2266f760edb6c33780afecc0f69ee43	e9d9a47838c402d1d9b7e373524645143e738e83a03ccee0c2ae1ab75ac6b205	0123af9e96b58af4e98b91a2de5608d36b63c67864b9041d3340587f3dbe40d2	cfa8dcf0d81c408de38d4202fe1ce9d9e5e301d1e67439c9530da94b1e64ee3f	7484d7b0dd80f45e18d726b04752827fe28555cc5c1af0e127948380e6688abf
semantic-proposal-v1	SC1-bec008f066790d6f49f5a5f51a80a97d06f7521dccf185b68258bf6c630ccba9	S016270	1	P02	SYMBOLS.tsv	385052	selection_expression	aarch64	include/uapi/linux/netfilter/nf_conntrack_common.h	enum_constant	IPCT_HELPER	140	PENDING_REVIEW	SOURCE_REVIEWED_VALUE	COMPLETE	vendor/linux/include/uapi/linux/netfilter/nf_conntrack_common.h;vendor/linux/include/uapi/linux/netfilter/nf_conntrack_common.h:140;rewrite/configs/aarch64/frozen.config;header_closure=rewrite/metadata/header_closure.tsv;selected=PENDING_REVIEW	425f94c2954b1fe80ebdbf9b29854e89750355df	9438e0a2880fb10b9c48bd5fa44ecfbce2266f760edb6c33780afecc0f69ee43	e9d9a47838c402d1d9b7e373524645143e738e83a03ccee0c2ae1ab75ac6b205	0123af9e96b58af4e98b91a2de5608d36b63c67864b9041d3340587f3dbe40d2	cfa8dcf0d81c408de38d4202fe1ce9d9e5e301d1e67439c9530da94b1e64ee3f	7484d7b0dd80f45e18d726b04752827fe28555cc5c1af0e127948380e6688abf
semantic-proposal-v1	SC1-0ecb1fccd239fd6fafaef569d06171adb933e61bc87a5db8cb880ed1b9dfd3a2	S016270	1	P02	SYMBOLS.tsv	385052	status	aarch64	include/uapi/linux/netfilter/nf_conntrack_common.h	enum_constant	IPCT_HELPER	140	PENDING_REVIEW	COMPLETE	COMPLETE	vendor/linux/include/uapi/linux/netfilter/nf_conntrack_common.h;vendor/linux/include/uapi/linux/netfilter/nf_conntrack_common.h:140;rewrite/configs/aarch64/frozen.config;header_closure=rewrite/metadata/header_closure.tsv;selected=PENDING_REVIEW	425f94c2954b1fe80ebdbf9b29854e89750355df	9438e0a2880fb10b9c48bd5fa44ecfbce2266f760edb6c33780afecc0f69ee43	e9d9a47838c402d1d9b7e373524645143e738e83a03ccee0c2ae1ab75ac6b205	0123af9e96b58af4e98b91a2de5608d36b63c67864b9041d3340587f3dbe40d2	cfa8dcf0d81c408de38d4202fe1ce9d9e5e301d1e67439c9530da94b1e64ee3f	7484d7b0dd80f45e18d726b04752827fe28555cc5c1af0e127948380e6688abf
semantic-proposal-v1	SC1-494a5d2bb9720af4c65d5bda4bf4bf731e7d74f3f0a4daedd31ec43e98e2706c	S016270	1	P02	SYMBOLS.tsv	385053	selection_expression	aarch64	include/uapi/linux/netfilter/nf_conntrack_common.h	enum_constant	IPCT_MARK	141	PENDING_REVIEW	SOURCE_REVIEWED_VALUE	COMPLETE	vendor/linux/include/uapi/linux/netfilter/nf_conntrack_common.h;vendor/linux/include/uapi/linux/netfilter/nf_conntrack_common.h:141;rewrite/configs/aarch64/frozen.config;header_closure=rewrite/metadata/header_closure.tsv;selected=PENDING_REVIEW	425f94c2954b1fe80ebdbf9b29854e89750355df	9438e0a2880fb10b9c48bd5fa44ecfbce2266f760edb6c33780afecc0f69ee43	e9d9a47838c402d1d9b7e373524645143e738e83a03ccee0c2ae1ab75ac6b205	0123af9e96b58af4e98b91a2de5608d36b63c67864b9041d3340587f3dbe40d2	cfa8dcf0d81c408de38d4202fe1ce9d9e5e301d1e67439c9530da94b1e64ee3f	7484d7b0dd80f45e18d726b04752827fe28555cc5c1af0e127948380e6688abf
semantic-proposal-v1	SC1-2ed24aea97b20127b809a22a9008253dba3a752b83249b6262434beba1e851cd	S016270	1	P02	SYMBOLS.tsv	385053	status	aarch64	include/uapi/linux/netfilter/nf_conntrack_common.h	enum_constant	IPCT_MARK	141	PENDING_REVIEW	COMPLETE	COMPLETE	vendor/linux/include/uapi/linux/netfilter/nf_conntrack_common.h;vendor/linux/include/uapi/linux/netfilter/nf_conntrack_common.h:141;rewrite/configs/aarch64/frozen.config;header_closure=rewrite/metadata/header_closure.tsv;selected=PENDING_REVIEW	425f94c2954b1fe80ebdbf9b29854e89750355df	9438e0a2880fb10b9c48bd5fa44ecfbce2266f760edb6c33780afecc0f69ee43	e9d9a47838c402d1d9b7e373524645143e738e83a03ccee0c2ae1ab75ac6b205	0123af9e96b58af4e98b91a2de5608d36b63c67864b9041d3340587f3dbe40d2	cfa8dcf0d81c408de38d4202fe1ce9d9e5e301d1e67439c9530da94b1e64ee3f	7484d7b0dd80f45e18d726b04752827fe28555cc5c1af0e127948380e6688abf
semantic-proposal-v1	SC1-7e76694b82272619af2133192487570d18489b3490e899258d6aec29749e8c92	S016270	1	P02	SYMBOLS.tsv	385054	selection_expression	aarch64	include/uapi/linux/netfilter/nf_conntrack_common.h	enum_constant	IPCT_SEQADJ	142	PENDING_REVIEW	SOURCE_REVIEWED_VALUE	COMPLETE	vendor/linux/include/uapi/linux/netfilter/nf_conntrack_common.h;vendor/linux/include/uapi/linux/netfilter/nf_conntrack_common.h:142;rewrite/configs/aarch64/frozen.config;header_closure=rewrite/metadata/header_closure.tsv;selected=PENDING_REVIEW	425f94c2954b1fe80ebdbf9b29854e89750355df	9438e0a2880fb10b9c48bd5fa44ecfbce2266f760edb6c33780afecc0f69ee43	e9d9a47838c402d1d9b7e373524645143e738e83a03ccee0c2ae1ab75ac6b205	0123af9e96b58af4e98b91a2de5608d36b63c67864b9041d3340587f3dbe40d2	cfa8dcf0d81c408de38d4202fe1ce9d9e5e301d1e67439c9530da94b1e64ee3f	7484d7b0dd80f45e18d726b04752827fe28555cc5c1af0e127948380e6688abf
semantic-proposal-v1	SC1-d53ac6b13ca996262fbaea003362f68f308ab1bfc5c18ba4a01e1ddb15fc3a83	S016270	1	P02	SYMBOLS.tsv	385054	status	aarch64	include/uapi/linux/netfilter/nf_conntrack_common.h	enum_constant	IPCT_SEQADJ	142	PENDING_REVIEW	COMPLETE	COMPLETE	vendor/linux/include/uapi/linux/netfilter/nf_conntrack_common.h;vendor/linux/include/uapi/linux/netfilter/nf_conntrack_common.h:142;rewrite/configs/aarch64/frozen.config;header_closure=rewrite/metadata/header_closure.tsv;selected=PENDING_REVIEW	425f94c2954b1fe80ebdbf9b29854e89750355df	9438e0a2880fb10b9c48bd5fa44ecfbce2266f760edb6c33780afecc0f69ee43	e9d9a47838c402d1d9b7e373524645143e738e83a03ccee0c2ae1ab75ac6b205	0123af9e96b58af4e98b91a2de5608d36b63c67864b9041d3340587f3dbe40d2	cfa8dcf0d81c408de38d4202fe1ce9d9e5e301d1e67439c9530da94b1e64ee3f	7484d7b0dd80f45e18d726b04752827fe28555cc5c1af0e127948380e6688abf
semantic-proposal-v1	SC1-0b7d7b3ce95bc9499491657db72b6c0426fec8c7380bac32bfaf457f5b33887e	S016270	1	P02	SYMBOLS.tsv	385055	selection_expression	aarch64	include/uapi/linux/netfilter/nf_conntrack_common.h	enum_constant	IPCT_NATSEQADJ	143	PENDING_REVIEW	SOURCE_REVIEWED_VALUE	COMPLETE	vendor/linux/include/uapi/linux/netfilter/nf_conntrack_common.h;vendor/linux/include/uapi/linux/netfilter/nf_conntrack_common.h:143;rewrite/configs/aarch64/frozen.config;header_closure=rewrite/metadata/header_closure.tsv;selected=PENDING_REVIEW	425f94c2954b1fe80ebdbf9b29854e89750355df	9438e0a2880fb10b9c48bd5fa44ecfbce2266f760edb6c33780afecc0f69ee43	e9d9a47838c402d1d9b7e373524645143e738e83a03ccee0c2ae1ab75ac6b205	0123af9e96b58af4e98b91a2de5608d36b63c67864b9041d3340587f3dbe40d2	cfa8dcf0d81c408de38d4202fe1ce9d9e5e301d1e67439c9530da94b1e64ee3f	7484d7b0dd80f45e18d726b04752827fe28555cc5c1af0e127948380e6688abf
semantic-proposal-v1	SC1-7f662794fb6409d93c80c3a386e0432a8d41551cb6056d185c9b798da3daf005	S016270	1	P02	SYMBOLS.tsv	385055	status	aarch64	include/uapi/linux/netfilter/nf_conntrack_common.h	enum_constant	IPCT_NATSEQADJ	143	PENDING_REVIEW	COMPLETE	COMPLETE	vendor/linux/include/uapi/linux/netfilter/nf_conntrack_common.h;vendor/linux/include/uapi/linux/netfilter/nf_conntrack_common.h:143;rewrite/configs/aarch64/frozen.config;header_closure=rewrite/metadata/header_closure.tsv;selected=PENDING_REVIEW	425f94c2954b1fe80ebdbf9b29854e89750355df	9438e0a2880fb10b9c48bd5fa44ecfbce2266f760edb6c33780afecc0f69ee43	e9d9a47838c402d1d9b7e373524645143e738e83a03ccee0c2ae1ab75ac6b205	0123af9e96b58af4e98b91a2de5608d36b63c67864b9041d3340587f3dbe40d2	cfa8dcf0d81c408de38d4202fe1ce9d9e5e301d1e67439c9530da94b1e64ee3f	7484d7b0dd80f45e18d726b04752827fe28555cc5c1af0e127948380e6688abf
semantic-proposal-v1	SC1-3ae0c64ad9712d57a426b64a9ed6a44c997bc5eb1902e73952c83cb096253646	S016270	1	P02	SYMBOLS.tsv	385056	selection_expression	aarch64	include/uapi/linux/netfilter/nf_conntrack_common.h	enum_constant	IPCT_SECMARK	144	PENDING_REVIEW	SOURCE_REVIEWED_VALUE	COMPLETE	vendor/linux/include/uapi/linux/netfilter/nf_conntrack_common.h;vendor/linux/include/uapi/linux/netfilter/nf_conntrack_common.h:144;rewrite/configs/aarch64/frozen.config;header_closure=rewrite/metadata/header_closure.tsv;selected=PENDING_REVIEW	425f94c2954b1fe80ebdbf9b29854e89750355df	9438e0a2880fb10b9c48bd5fa44ecfbce2266f760edb6c33780afecc0f69ee43	e9d9a47838c402d1d9b7e373524645143e738e83a03ccee0c2ae1ab75ac6b205	0123af9e96b58af4e98b91a2de5608d36b63c67864b9041d3340587f3dbe40d2	cfa8dcf0d81c408de38d4202fe1ce9d9e5e301d1e67439c9530da94b1e64ee3f	7484d7b0dd80f45e18d726b04752827fe28555cc5c1af0e127948380e6688abf
semantic-proposal-v1	SC1-9172839d77563a6053c57f0dd923cbdac6e041ee15943383bb969e65f5b3842b	S016270	1	P02	SYMBOLS.tsv	385056	status	aarch64	include/uapi/linux/netfilter/nf_conntrack_common.h	enum_constant	IPCT_SECMARK	144	PENDING_REVIEW	COMPLETE	COMPLETE	vendor/linux/include/uapi/linux/netfilter/nf_conntrack_common.h;vendor/linux/include/uapi/linux/netfilter/nf_conntrack_common.h:144;rewrite/configs/aarch64/frozen.config;header_closure=rewrite/metadata/header_closure.tsv;selected=PENDING_REVIEW	425f94c2954b1fe80ebdbf9b29854e89750355df	9438e0a2880fb10b9c48bd5fa44ecfbce2266f760edb6c33780afecc0f69ee43	e9d9a47838c402d1d9b7e373524645143e738e83a03ccee0c2ae1ab75ac6b205	0123af9e96b58af4e98b91a2de5608d36b63c67864b9041d3340587f3dbe40d2	cfa8dcf0d81c408de38d4202fe1ce9d9e5e301d1e67439c9530da94b1e64ee3f	7484d7b0dd80f45e18d726b04752827fe28555cc5c1af0e127948380e6688abf
semantic-proposal-v1	SC1-1636cbd341e8519dd9a802d8aa05a18f6c6549da086bff36dfe7bf079bb0f86c	S016270	1	P02	SYMBOLS.tsv	385057	selection_expression	aarch64	include/uapi/linux/netfilter/nf_conntrack_common.h	enum_constant	IPCT_LABEL	145	PENDING_REVIEW	SOURCE_REVIEWED_VALUE	COMPLETE	vendor/linux/include/uapi/linux/netfilter/nf_conntrack_common.h;vendor/linux/include/uapi/linux/netfilter/nf_conntrack_common.h:145;rewrite/configs/aarch64/frozen.config;header_closure=rewrite/metadata/header_closure.tsv;selected=PENDING_REVIEW	425f94c2954b1fe80ebdbf9b29854e89750355df	9438e0a2880fb10b9c48bd5fa44ecfbce2266f760edb6c33780afecc0f69ee43	e9d9a47838c402d1d9b7e373524645143e738e83a03ccee0c2ae1ab75ac6b205	0123af9e96b58af4e98b91a2de5608d36b63c67864b9041d3340587f3dbe40d2	cfa8dcf0d81c408de38d4202fe1ce9d9e5e301d1e67439c9530da94b1e64ee3f	7484d7b0dd80f45e18d726b04752827fe28555cc5c1af0e127948380e6688abf
semantic-proposal-v1	SC1-e7fb7ee4d31b4c0e3f0ae76a62d45ba0576808522eeafc61b044498f87dc9306	S016270	1	P02	SYMBOLS.tsv	385057	status	aarch64	include/uapi/linux/netfilter/nf_conntrack_common.h	enum_constant	IPCT_LABEL	145	PENDING_REVIEW	COMPLETE	COMPLETE	vendor/linux/include/uapi/linux/netfilter/nf_conntrack_common.h;vendor/linux/include/uapi/linux/netfilter/nf_conntrack_common.h:145;rewrite/configs/aarch64/frozen.config;header_closure=rewrite/metadata/header_closure.tsv;selected=PENDING_REVIEW	425f94c2954b1fe80ebdbf9b29854e89750355df	9438e0a2880fb10b9c48bd5fa44ecfbce2266f760edb6c33780afecc0f69ee43	e9d9a47838c402d1d9b7e373524645143e738e83a03ccee0c2ae1ab75ac6b205	0123af9e96b58af4e98b91a2de5608d36b63c67864b9041d3340587f3dbe40d2	cfa8dcf0d81c408de38d4202fe1ce9d9e5e301d1e67439c9530da94b1e64ee3f	7484d7b0dd80f45e18d726b04752827fe28555cc5c1af0e127948380e6688abf
semantic-proposal-v1	SC1-4343f7a08293e356f5ad39cf9a4abc8bc6f1015ecab131f257cbe826c3c57938	S016270	1	P02	SYMBOLS.tsv	385058	selection_expression	aarch64	include/uapi/linux/netfilter/nf_conntrack_common.h	enum_constant	IPCT_SYNPROXY	146	PENDING_REVIEW	SOURCE_REVIEWED_VALUE	COMPLETE	vendor/linux/include/uapi/linux/netfilter/nf_conntrack_common.h;vendor/linux/include/uapi/linux/netfilter/nf_conntrack_common.h:146;rewrite/configs/aarch64/frozen.config;header_closure=rewrite/metadata/header_closure.tsv;selected=PENDING_REVIEW	425f94c2954b1fe80ebdbf9b29854e89750355df	9438e0a2880fb10b9c48bd5fa44ecfbce2266f760edb6c33780afecc0f69ee43	e9d9a47838c402d1d9b7e373524645143e738e83a03ccee0c2ae1ab75ac6b205	0123af9e96b58af4e98b91a2de5608d36b63c67864b9041d3340587f3dbe40d2	cfa8dcf0d81c408de38d4202fe1ce9d9e5e301d1e67439c9530da94b1e64ee3f	7484d7b0dd80f45e18d726b04752827fe28555cc5c1af0e127948380e6688abf
semantic-proposal-v1	SC1-28946d0f922a14c55cf52a057b381bda4a03b5a6055331e140360c4a4f6c8a98	S016270	1	P02	SYMBOLS.tsv	385058	status	aarch64	include/uapi/linux/netfilter/nf_conntrack_common.h	enum_constant	IPCT_SYNPROXY	146	PENDING_REVIEW	COMPLETE	COMPLETE	vendor/linux/include/uapi/linux/netfilter/nf_conntrack_common.h;vendor/linux/include/uapi/linux/netfilter/nf_conntrack_common.h:146;rewrite/configs/aarch64/frozen.config;header_closure=rewrite/metadata/header_closure.tsv;selected=PENDING_REVIEW	425f94c2954b1fe80ebdbf9b29854e89750355df	9438e0a2880fb10b9c48bd5fa44ecfbce2266f760edb6c33780afecc0f69ee43	e9d9a47838c402d1d9b7e373524645143e738e83a03ccee0c2ae1ab75ac6b205	0123af9e96b58af4e98b91a2de5608d36b63c67864b9041d3340587f3dbe40d2	cfa8dcf0d81c408de38d4202fe1ce9d9e5e301d1e67439c9530da94b1e64ee3f	7484d7b0dd80f45e18d726b04752827fe28555cc5c1af0e127948380e6688abf
semantic-proposal-v1	SC1-4bbf28bf6d4dbccbea57778e9bac2ca8df503a6b0d79b536a2e7e80be677c33b	S016270	1	P02	SYMBOLS.tsv	385059	selection_expression	aarch64	include/uapi/linux/netfilter/nf_conntrack_common.h	enum_constant	__IPCT_MAX	148	PENDING_REVIEW	SOURCE_REVIEWED_VALUE	COMPLETE	vendor/linux/include/uapi/linux/netfilter/nf_conntrack_common.h;vendor/linux/include/uapi/linux/netfilter/nf_conntrack_common.h:148;rewrite/configs/aarch64/frozen.config;header_closure=rewrite/metadata/header_closure.tsv;selected=PENDING_REVIEW	425f94c2954b1fe80ebdbf9b29854e89750355df	9438e0a2880fb10b9c48bd5fa44ecfbce2266f760edb6c33780afecc0f69ee43	e9d9a47838c402d1d9b7e373524645143e738e83a03ccee0c2ae1ab75ac6b205	0123af9e96b58af4e98b91a2de5608d36b63c67864b9041d3340587f3dbe40d2	cfa8dcf0d81c408de38d4202fe1ce9d9e5e301d1e67439c9530da94b1e64ee3f	7484d7b0dd80f45e18d726b04752827fe28555cc5c1af0e127948380e6688abf
semantic-proposal-v1	SC1-c95694be8bd0a83bdce02f343782ab96e496022e8610769c73df1863e91d6a7b	S016270	1	P02	SYMBOLS.tsv	385059	status	aarch64	include/uapi/linux/netfilter/nf_conntrack_common.h	enum_constant	__IPCT_MAX	148	PENDING_REVIEW	COMPLETE	COMPLETE	vendor/linux/include/uapi/linux/netfilter/nf_conntrack_common.h;vendor/linux/include/uapi/linux/netfilter/nf_conntrack_common.h:148;rewrite/configs/aarch64/frozen.config;header_closure=rewrite/metadata/header_closure.tsv;selected=PENDING_REVIEW	425f94c2954b1fe80ebdbf9b29854e89750355df	9438e0a2880fb10b9c48bd5fa44ecfbce2266f760edb6c33780afecc0f69ee43	e9d9a47838c402d1d9b7e373524645143e738e83a03ccee0c2ae1ab75ac6b205	0123af9e96b58af4e98b91a2de5608d36b63c67864b9041d3340587f3dbe40d2	cfa8dcf0d81c408de38d4202fe1ce9d9e5e301d1e67439c9530da94b1e64ee3f	7484d7b0dd80f45e18d726b04752827fe28555cc5c1af0e127948380e6688abf
semantic-proposal-v1	SC1-3621808908a66b0b3b083e788f32d877152da6211fa195e5b9fabe950e167ac8	S016270	1	P02	SYMBOLS.tsv	385060	selection_expression	aarch64	include/uapi/linux/netfilter/nf_conntrack_common.h	type	enum ip_conntrack_expect_events	152	PENDING_REVIEW	SOURCE_REVIEWED_VALUE	COMPLETE	vendor/linux/include/uapi/linux/netfilter/nf_conntrack_common.h;vendor/linux/include/uapi/linux/netfilter/nf_conntrack_common.h:152;rewrite/configs/aarch64/frozen.config;header_closure=rewrite/metadata/header_closure.tsv;selected=PENDING_REVIEW	425f94c2954b1fe80ebdbf9b29854e89750355df	9438e0a2880fb10b9c48bd5fa44ecfbce2266f760edb6c33780afecc0f69ee43	e9d9a47838c402d1d9b7e373524645143e738e83a03ccee0c2ae1ab75ac6b205	0123af9e96b58af4e98b91a2de5608d36b63c67864b9041d3340587f3dbe40d2	cfa8dcf0d81c408de38d4202fe1ce9d9e5e301d1e67439c9530da94b1e64ee3f	7484d7b0dd80f45e18d726b04752827fe28555cc5c1af0e127948380e6688abf
semantic-proposal-v1	SC1-58138d416884089fd6591c77cfe36d8c0ae1a1aa048961024b91fe611bff52f0	S016270	1	P02	SYMBOLS.tsv	385060	status	aarch64	include/uapi/linux/netfilter/nf_conntrack_common.h	type	enum ip_conntrack_expect_events	152	PENDING_REVIEW	COMPLETE	COMPLETE	vendor/linux/include/uapi/linux/netfilter/nf_conntrack_common.h;vendor/linux/include/uapi/linux/netfilter/nf_conntrack_common.h:152;rewrite/configs/aarch64/frozen.config;header_closure=rewrite/metadata/header_closure.tsv;selected=PENDING_REVIEW	425f94c2954b1fe80ebdbf9b29854e89750355df	9438e0a2880fb10b9c48bd5fa44ecfbce2266f760edb6c33780afecc0f69ee43	e9d9a47838c402d1d9b7e373524645143e738e83a03ccee0c2ae1ab75ac6b205	0123af9e96b58af4e98b91a2de5608d36b63c67864b9041d3340587f3dbe40d2	cfa8dcf0d81c408de38d4202fe1ce9d9e5e301d1e67439c9530da94b1e64ee3f	7484d7b0dd80f45e18d726b04752827fe28555cc5c1af0e127948380e6688abf
semantic-proposal-v1	SC1-5b97f1b776fa92179f1ed794ea134ac4fb2109dbf08dd66261cd29bf61667efc	S016270	1	P02	SYMBOLS.tsv	385061	selection_expression	aarch64	include/uapi/linux/netfilter/nf_conntrack_common.h	enum_constant	IPEXP_NEW	153	PENDING_REVIEW	SOURCE_REVIEWED_VALUE	COMPLETE	vendor/linux/include/uapi/linux/netfilter/nf_conntrack_common.h;vendor/linux/include/uapi/linux/netfilter/nf_conntrack_common.h:153;rewrite/configs/aarch64/frozen.config;header_closure=rewrite/metadata/header_closure.tsv;selected=PENDING_REVIEW	425f94c2954b1fe80ebdbf9b29854e89750355df	9438e0a2880fb10b9c48bd5fa44ecfbce2266f760edb6c33780afecc0f69ee43	e9d9a47838c402d1d9b7e373524645143e738e83a03ccee0c2ae1ab75ac6b205	0123af9e96b58af4e98b91a2de5608d36b63c67864b9041d3340587f3dbe40d2	cfa8dcf0d81c408de38d4202fe1ce9d9e5e301d1e67439c9530da94b1e64ee3f	7484d7b0dd80f45e18d726b04752827fe28555cc5c1af0e127948380e6688abf
semantic-proposal-v1	SC1-6e1bac7d661624468fe32a91d538b3d9bc6d5864783cbbf2ef01a458a9d57575	S016270	1	P02	SYMBOLS.tsv	385061	status	aarch64	include/uapi/linux/netfilter/nf_conntrack_common.h	enum_constant	IPEXP_NEW	153	PENDING_REVIEW	COMPLETE	COMPLETE	vendor/linux/include/uapi/linux/netfilter/nf_conntrack_common.h;vendor/linux/include/uapi/linux/netfilter/nf_conntrack_common.h:153;rewrite/configs/aarch64/frozen.config;header_closure=rewrite/metadata/header_closure.tsv;selected=PENDING_REVIEW	425f94c2954b1fe80ebdbf9b29854e89750355df	9438e0a2880fb10b9c48bd5fa44ecfbce2266f760edb6c33780afecc0f69ee43	e9d9a47838c402d1d9b7e373524645143e738e83a03ccee0c2ae1ab75ac6b205	0123af9e96b58af4e98b91a2de5608d36b63c67864b9041d3340587f3dbe40d2	cfa8dcf0d81c408de38d4202fe1ce9d9e5e301d1e67439c9530da94b1e64ee3f	7484d7b0dd80f45e18d726b04752827fe28555cc5c1af0e127948380e6688abf
semantic-proposal-v1	SC1-cb036dfc2da6023d956a58a4eb27eeb00e89535574c469bc1ea3cb6e2d75b14f	S016270	1	P02	SYMBOLS.tsv	385062	selection_expression	aarch64	include/uapi/linux/netfilter/nf_conntrack_common.h	enum_constant	IPEXP_DESTROY	154	PENDING_REVIEW	SOURCE_REVIEWED_VALUE	COMPLETE	vendor/linux/include/uapi/linux/netfilter/nf_conntrack_common.h;vendor/linux/include/uapi/linux/netfilter/nf_conntrack_common.h:154;rewrite/configs/aarch64/frozen.config;header_closure=rewrite/metadata/header_closure.tsv;selected=PENDING_REVIEW	425f94c2954b1fe80ebdbf9b29854e89750355df	9438e0a2880fb10b9c48bd5fa44ecfbce2266f760edb6c33780afecc0f69ee43	e9d9a47838c402d1d9b7e373524645143e738e83a03ccee0c2ae1ab75ac6b205	0123af9e96b58af4e98b91a2de5608d36b63c67864b9041d3340587f3dbe40d2	cfa8dcf0d81c408de38d4202fe1ce9d9e5e301d1e67439c9530da94b1e64ee3f	7484d7b0dd80f45e18d726b04752827fe28555cc5c1af0e127948380e6688abf
semantic-proposal-v1	SC1-e7a601421e9ace2a3977d6ef41af351182bbd01dd3e7a1e3cb6c0bb681d3fc71	S016270	1	P02	SYMBOLS.tsv	385062	status	aarch64	include/uapi/linux/netfilter/nf_conntrack_common.h	enum_constant	IPEXP_DESTROY	154	PENDING_REVIEW	COMPLETE	COMPLETE	vendor/linux/include/uapi/linux/netfilter/nf_conntrack_common.h;vendor/linux/include/uapi/linux/netfilter/nf_conntrack_common.h:154;rewrite/configs/aarch64/frozen.config;header_closure=rewrite/metadata/header_closure.tsv;selected=PENDING_REVIEW	425f94c2954b1fe80ebdbf9b29854e89750355df	9438e0a2880fb10b9c48bd5fa44ecfbce2266f760edb6c33780afecc0f69ee43	e9d9a47838c402d1d9b7e373524645143e738e83a03ccee0c2ae1ab75ac6b205	0123af9e96b58af4e98b91a2de5608d36b63c67864b9041d3340587f3dbe40d2	cfa8dcf0d81c408de38d4202fe1ce9d9e5e301d1e67439c9530da94b1e64ee3f	7484d7b0dd80f45e18d726b04752827fe28555cc5c1af0e127948380e6688abf
semantic-proposal-v1	SC1-7100e6db7cc4754948e18c18ab163ee107bfb78511eee5d640fc80f53c58529c	S016270	1	P02	SYMBOLS.tsv	385063	status	x86_64	include/uapi/linux/netfilter/nf_conntrack_common.h	conditional	ifndef@2	2	PENDING_REVIEW	COMPLETE	COMPLETE	vendor/linux/include/uapi/linux/netfilter/nf_conntrack_common.h;vendor/linux/include/uapi/linux/netfilter/nf_conntrack_common.h:2;rewrite/configs/x86_64/frozen.config;header_closure=rewrite/metadata/header_closure.tsv;selected=PENDING_REVIEW	425f94c2954b1fe80ebdbf9b29854e89750355df	9438e0a2880fb10b9c48bd5fa44ecfbce2266f760edb6c33780afecc0f69ee43	e9d9a47838c402d1d9b7e373524645143e738e83a03ccee0c2ae1ab75ac6b205	0123af9e96b58af4e98b91a2de5608d36b63c67864b9041d3340587f3dbe40d2	cfa8dcf0d81c408de38d4202fe1ce9d9e5e301d1e67439c9530da94b1e64ee3f	7484d7b0dd80f45e18d726b04752827fe28555cc5c1af0e127948380e6688abf
semantic-proposal-v1	SC1-e2b19a21004bdcc47bd4989df2d2f0c1d647004f38cf105bba3c29d59f35c08c	S016270	1	P02	SYMBOLS.tsv	385064	status	x86_64	include/uapi/linux/netfilter/nf_conntrack_common.h	conditional	ifndef@30	30	PENDING_REVIEW	COMPLETE	COMPLETE	vendor/linux/include/uapi/linux/netfilter/nf_conntrack_common.h;vendor/linux/include/uapi/linux/netfilter/nf_conntrack_common.h:30;rewrite/configs/x86_64/frozen.config;header_closure=rewrite/metadata/header_closure.tsv;selected=PENDING_REVIEW	425f94c2954b1fe80ebdbf9b29854e89750355df	9438e0a2880fb10b9c48bd5fa44ecfbce2266f760edb6c33780afecc0f69ee43	e9d9a47838c402d1d9b7e373524645143e738e83a03ccee0c2ae1ab75ac6b205	0123af9e96b58af4e98b91a2de5608d36b63c67864b9041d3340587f3dbe40d2	cfa8dcf0d81c408de38d4202fe1ce9d9e5e301d1e67439c9530da94b1e64ee3f	7484d7b0dd80f45e18d726b04752827fe28555cc5c1af0e127948380e6688abf
semantic-proposal-v1	SC1-bef167ad8b16db4c713d66221cb859a4ed3245e2de65b9d5e062310ae51927b9	S016270	1	P02	SYMBOLS.tsv	385065	status	x86_64	include/uapi/linux/netfilter/nf_conntrack_common.h	conditional	else@32	32	PENDING_REVIEW	COMPLETE	COMPLETE	vendor/linux/include/uapi/linux/netfilter/nf_conntrack_common.h;vendor/linux/include/uapi/linux/netfilter/nf_conntrack_common.h:32;rewrite/configs/x86_64/frozen.config;header_closure=rewrite/metadata/header_closure.tsv;selected=PENDING_REVIEW	425f94c2954b1fe80ebdbf9b29854e89750355df	9438e0a2880fb10b9c48bd5fa44ecfbce2266f760edb6c33780afecc0f69ee43	e9d9a47838c402d1d9b7e373524645143e738e83a03ccee0c2ae1ab75ac6b205	0123af9e96b58af4e98b91a2de5608d36b63c67864b9041d3340587f3dbe40d2	cfa8dcf0d81c408de38d4202fe1ce9d9e5e301d1e67439c9530da94b1e64ee3f	7484d7b0dd80f45e18d726b04752827fe28555cc5c1af0e127948380e6688abf
semantic-proposal-v1	SC1-4b6a4a1767bacbe05ea4f823f6e14a052865fa1ff5b1f524426d5088255123e5	S016270	1	P02	SYMBOLS.tsv	385066	status	x86_64	include/uapi/linux/netfilter/nf_conntrack_common.h	conditional	endif@34	34	PENDING_REVIEW	COMPLETE	COMPLETE	vendor/linux/include/uapi/linux/netfilter/nf_conntrack_common.h;vendor/linux/include/uapi/linux/netfilter/nf_conntrack_common.h:34;rewrite/configs/x86_64/frozen.config;header_closure=rewrite/metadata/header_closure.tsv;selected=PENDING_REVIEW	425f94c2954b1fe80ebdbf9b29854e89750355df	9438e0a2880fb10b9c48bd5fa44ecfbce2266f760edb6c33780afecc0f69ee43	e9d9a47838c402d1d9b7e373524645143e738e83a03ccee0c2ae1ab75ac6b205	0123af9e96b58af4e98b91a2de5608d36b63c67864b9041d3340587f3dbe40d2	cfa8dcf0d81c408de38d4202fe1ce9d9e5e301d1e67439c9530da94b1e64ee3f	7484d7b0dd80f45e18d726b04752827fe28555cc5c1af0e127948380e6688abf
semantic-proposal-v1	SC1-4b590fc42f813982356f262c3e39af570a768ef376c23264198cd14051dd5f4e	S016270	1	P02	SYMBOLS.tsv	385067	status	x86_64	include/uapi/linux/netfilter/nf_conntrack_common.h	conditional	ifdef@100	100	PENDING_REVIEW	COMPLETE	COMPLETE	vendor/linux/include/uapi/linux/netfilter/nf_conntrack_common.h;vendor/linux/include/uapi/linux/netfilter/nf_conntrack_common.h:100;rewrite/configs/x86_64/frozen.config;header_closure=rewrite/metadata/header_closure.tsv;selected=PENDING_REVIEW	425f94c2954b1fe80ebdbf9b29854e89750355df	9438e0a2880fb10b9c48bd5fa44ecfbce2266f760edb6c33780afecc0f69ee43	e9d9a47838c402d1d9b7e373524645143e738e83a03ccee0c2ae1ab75ac6b205	0123af9e96b58af4e98b91a2de5608d36b63c67864b9041d3340587f3dbe40d2	cfa8dcf0d81c408de38d4202fe1ce9d9e5e301d1e67439c9530da94b1e64ee3f	7484d7b0dd80f45e18d726b04752827fe28555cc5c1af0e127948380e6688abf
semantic-proposal-v1	SC1-069b522fbf625bbbe54044a594d4451ab361acc6c26653034d2d76649a30d358	S016270	1	P02	SYMBOLS.tsv	385068	status	x86_64	include/uapi/linux/netfilter/nf_conntrack_common.h	conditional	endif@107	107	PENDING_REVIEW	COMPLETE	COMPLETE	vendor/linux/include/uapi/linux/netfilter/nf_conntrack_common.h;vendor/linux/include/uapi/linux/netfilter/nf_conntrack_common.h:107;rewrite/configs/x86_64/frozen.config;header_closure=rewrite/metadata/header_closure.tsv;selected=PENDING_REVIEW	425f94c2954b1fe80ebdbf9b29854e89750355df	9438e0a2880fb10b9c48bd5fa44ecfbce2266f760edb6c33780afecc0f69ee43	e9d9a47838c402d1d9b7e373524645143e738e83a03ccee0c2ae1ab75ac6b205	0123af9e96b58af4e98b91a2de5608d36b63c67864b9041d3340587f3dbe40d2	cfa8dcf0d81c408de38d4202fe1ce9d9e5e301d1e67439c9530da94b1e64ee3f	7484d7b0dd80f45e18d726b04752827fe28555cc5c1af0e127948380e6688abf
semantic-proposal-v1	SC1-9b4cd1de6a920e3fb1c200b840eef9adaf6b1ea473d741fd7f35461a96a4a39c	S016270	1	P02	SYMBOLS.tsv	385069	status	x86_64	include/uapi/linux/netfilter/nf_conntrack_common.h	conditional	ifdef@147	147	PENDING_REVIEW	COMPLETE	COMPLETE	vendor/linux/include/uapi/linux/netfilter/nf_conntrack_common.h;vendor/linux/include/uapi/linux/netfilter/nf_conntrack_common.h:147;rewrite/configs/x86_64/frozen.config;header_closure=rewrite/metadata/header_closure.tsv;selected=PENDING_REVIEW	425f94c2954b1fe80ebdbf9b29854e89750355df	9438e0a2880fb10b9c48bd5fa44ecfbce2266f760edb6c33780afecc0f69ee43	e9d9a47838c402d1d9b7e373524645143e738e83a03ccee0c2ae1ab75ac6b205	0123af9e96b58af4e98b91a2de5608d36b63c67864b9041d3340587f3dbe40d2	cfa8dcf0d81c408de38d4202fe1ce9d9e5e301d1e67439c9530da94b1e64ee3f	7484d7b0dd80f45e18d726b04752827fe28555cc5c1af0e127948380e6688abf
semantic-proposal-v1	SC1-1572d6731081a89b772a5c70c586217a204837dd8d9f380acada41b31293e2b4	S016270	1	P02	SYMBOLS.tsv	385070	status	x86_64	include/uapi/linux/netfilter/nf_conntrack_common.h	conditional	endif@149	149	PENDING_REVIEW	COMPLETE	COMPLETE	vendor/linux/include/uapi/linux/netfilter/nf_conntrack_common.h;vendor/linux/include/uapi/linux/netfilter/nf_conntrack_common.h:149;rewrite/configs/x86_64/frozen.config;header_closure=rewrite/metadata/header_closure.tsv;selected=PENDING_REVIEW	425f94c2954b1fe80ebdbf9b29854e89750355df	9438e0a2880fb10b9c48bd5fa44ecfbce2266f760edb6c33780afecc0f69ee43	e9d9a47838c402d1d9b7e373524645143e738e83a03ccee0c2ae1ab75ac6b205	0123af9e96b58af4e98b91a2de5608d36b63c67864b9041d3340587f3dbe40d2	cfa8dcf0d81c408de38d4202fe1ce9d9e5e301d1e67439c9530da94b1e64ee3f	7484d7b0dd80f45e18d726b04752827fe28555cc5c1af0e127948380e6688abf
semantic-proposal-v1	SC1-b46eb34d4e1a1158b8a799a0bc8e59da0b917e5092491120963d3722aa3813bd	S016270	1	P02	SYMBOLS.tsv	385071	status	x86_64	include/uapi/linux/netfilter/nf_conntrack_common.h	conditional	ifdef@162	162	PENDING_REVIEW	COMPLETE	COMPLETE	vendor/linux/include/uapi/linux/netfilter/nf_conntrack_common.h;vendor/linux/include/uapi/linux/netfilter/nf_conntrack_common.h:162;rewrite/configs/x86_64/frozen.config;header_closure=rewrite/metadata/header_closure.tsv;selected=PENDING_REVIEW	425f94c2954b1fe80ebdbf9b29854e89750355df	9438e0a2880fb10b9c48bd5fa44ecfbce2266f760edb6c33780afecc0f69ee43	e9d9a47838c402d1d9b7e373524645143e738e83a03ccee0c2ae1ab75ac6b205	0123af9e96b58af4e98b91a2de5608d36b63c67864b9041d3340587f3dbe40d2	cfa8dcf0d81c408de38d4202fe1ce9d9e5e301d1e67439c9530da94b1e64ee3f	7484d7b0dd80f45e18d726b04752827fe28555cc5c1af0e127948380e6688abf
semantic-proposal-v1	SC1-68cba1b33442702f0e9dbec4466bfab09fdc15982f4cd988da9e0b3c11b36cdb	S016270	1	P02	SYMBOLS.tsv	385072	status	x86_64	include/uapi/linux/netfilter/nf_conntrack_common.h	conditional	endif@166	166	PENDING_REVIEW	COMPLETE	COMPLETE	vendor/linux/include/uapi/linux/netfilter/nf_conntrack_common.h;vendor/linux/include/uapi/linux/netfilter/nf_conntrack_common.h:166;rewrite/configs/x86_64/frozen.config;header_closure=rewrite/metadata/header_closure.tsv;selected=PENDING_REVIEW	425f94c2954b1fe80ebdbf9b29854e89750355df	9438e0a2880fb10b9c48bd5fa44ecfbce2266f760edb6c33780afecc0f69ee43	e9d9a47838c402d1d9b7e373524645143e738e83a03ccee0c2ae1ab75ac6b205	0123af9e96b58af4e98b91a2de5608d36b63c67864b9041d3340587f3dbe40d2	cfa8dcf0d81c408de38d4202fe1ce9d9e5e301d1e67439c9530da94b1e64ee3f	7484d7b0dd80f45e18d726b04752827fe28555cc5c1af0e127948380e6688abf
semantic-proposal-v1	SC1-4ec52395190cdf9f154258b379f1c915d218e6123cdf53b159d29ccd466e7fa5	S016270	1	P02	SYMBOLS.tsv	385073	status	x86_64	include/uapi/linux/netfilter/nf_conntrack_common.h	conditional	endif@168	168	PENDING_REVIEW	COMPLETE	COMPLETE	vendor/linux/include/uapi/linux/netfilter/nf_conntrack_common.h;vendor/linux/include/uapi/linux/netfilter/nf_conntrack_common.h:168;rewrite/configs/x86_64/frozen.config;header_closure=rewrite/metadata/header_closure.tsv;selected=PENDING_REVIEW	425f94c2954b1fe80ebdbf9b29854e89750355df	9438e0a2880fb10b9c48bd5fa44ecfbce2266f760edb6c33780afecc0f69ee43	e9d9a47838c402d1d9b7e373524645143e738e83a03ccee0c2ae1ab75ac6b205	0123af9e96b58af4e98b91a2de5608d36b63c67864b9041d3340587f3dbe40d2	cfa8dcf0d81c408de38d4202fe1ce9d9e5e301d1e67439c9530da94b1e64ee3f	7484d7b0dd80f45e18d726b04752827fe28555cc5c1af0e127948380e6688abf
semantic-proposal-v1	SC1-4f3c29ea529cd878c9fa53d659239bbea3aa5b83bd9c8b73786035053b223276	S016270	1	P02	SYMBOLS.tsv	385074	selection_expression	x86_64	include/uapi/linux/netfilter/nf_conntrack_common.h	operative_macro	_UAPI_NF_CONNTRACK_COMMON_H	3	PENDING_REVIEW	SOURCE_REVIEWED_VALUE	COMPLETE	vendor/linux/include/uapi/linux/netfilter/nf_conntrack_common.h;vendor/linux/include/uapi/linux/netfilter/nf_conntrack_common.h:3;rewrite/configs/x86_64/frozen.config;header_closure=rewrite/metadata/header_closure.tsv;selected=PENDING_REVIEW	425f94c2954b1fe80ebdbf9b29854e89750355df	9438e0a2880fb10b9c48bd5fa44ecfbce2266f760edb6c33780afecc0f69ee43	e9d9a47838c402d1d9b7e373524645143e738e83a03ccee0c2ae1ab75ac6b205	0123af9e96b58af4e98b91a2de5608d36b63c67864b9041d3340587f3dbe40d2	cfa8dcf0d81c408de38d4202fe1ce9d9e5e301d1e67439c9530da94b1e64ee3f	7484d7b0dd80f45e18d726b04752827fe28555cc5c1af0e127948380e6688abf
semantic-proposal-v1	SC1-dfebc4149bbad4cb5aac5c1ad9dade29833e68afa9a060365e50da7acefa182d	S016270	1	P02	SYMBOLS.tsv	385074	status	x86_64	include/uapi/linux/netfilter/nf_conntrack_common.h	operative_macro	_UAPI_NF_CONNTRACK_COMMON_H	3	PENDING_REVIEW	COMPLETE	COMPLETE	vendor/linux/include/uapi/linux/netfilter/nf_conntrack_common.h;vendor/linux/include/uapi/linux/netfilter/nf_conntrack_common.h:3;rewrite/configs/x86_64/frozen.config;header_closure=rewrite/metadata/header_closure.tsv;selected=PENDING_REVIEW	425f94c2954b1fe80ebdbf9b29854e89750355df	9438e0a2880fb10b9c48bd5fa44ecfbce2266f760edb6c33780afecc0f69ee43	e9d9a47838c402d1d9b7e373524645143e738e83a03ccee0c2ae1ab75ac6b205	0123af9e96b58af4e98b91a2de5608d36b63c67864b9041d3340587f3dbe40d2	cfa8dcf0d81c408de38d4202fe1ce9d9e5e301d1e67439c9530da94b1e64ee3f	7484d7b0dd80f45e18d726b04752827fe28555cc5c1af0e127948380e6688abf
semantic-proposal-v1	SC1-d0bd80e27166a3d4aa22cf500c9bfacf9e5cf2b58bd2ad7573a1c7f1a5af699f	S016270	1	P02	SYMBOLS.tsv	385075	selection_expression	x86_64	include/uapi/linux/netfilter/nf_conntrack_common.h	operative_macro	NF_CT_STATE_INVALID_BIT	37	PENDING_REVIEW	SOURCE_REVIEWED_VALUE	COMPLETE	vendor/linux/include/uapi/linux/netfilter/nf_conntrack_common.h;vendor/linux/include/uapi/linux/netfilter/nf_conntrack_common.h:37;rewrite/configs/x86_64/frozen.config;header_closure=rewrite/metadata/header_closure.tsv;selected=PENDING_REVIEW	425f94c2954b1fe80ebdbf9b29854e89750355df	9438e0a2880fb10b9c48bd5fa44ecfbce2266f760edb6c33780afecc0f69ee43	e9d9a47838c402d1d9b7e373524645143e738e83a03ccee0c2ae1ab75ac6b205	0123af9e96b58af4e98b91a2de5608d36b63c67864b9041d3340587f3dbe40d2	cfa8dcf0d81c408de38d4202fe1ce9d9e5e301d1e67439c9530da94b1e64ee3f	7484d7b0dd80f45e18d726b04752827fe28555cc5c1af0e127948380e6688abf
semantic-proposal-v1	SC1-fb2c482e00c6af8045d95bdd83cd5589c1109ffd8dccb8ff11eea73efb7ed153	S016270	1	P02	SYMBOLS.tsv	385075	status	x86_64	include/uapi/linux/netfilter/nf_conntrack_common.h	operative_macro	NF_CT_STATE_INVALID_BIT	37	PENDING_REVIEW	COMPLETE	COMPLETE	vendor/linux/include/uapi/linux/netfilter/nf_conntrack_common.h;vendor/linux/include/uapi/linux/netfilter/nf_conntrack_common.h:37;rewrite/configs/x86_64/frozen.config;header_closure=rewrite/metadata/header_closure.tsv;selected=PENDING_REVIEW	425f94c2954b1fe80ebdbf9b29854e89750355df	9438e0a2880fb10b9c48bd5fa44ecfbce2266f760edb6c33780afecc0f69ee43	e9d9a47838c402d1d9b7e373524645143e738e83a03ccee0c2ae1ab75ac6b205	0123af9e96b58af4e98b91a2de5608d36b63c67864b9041d3340587f3dbe40d2	cfa8dcf0d81c408de38d4202fe1ce9d9e5e301d1e67439c9530da94b1e64ee3f	7484d7b0dd80f45e18d726b04752827fe28555cc5c1af0e127948380e6688abf
semantic-proposal-v1	SC1-0d70a900104ba0e8118717059fa12392f3feda573eebfd7e507fcd2a5b48e2ea	S016270	1	P02	SYMBOLS.tsv	385076	selection_expression	x86_64	include/uapi/linux/netfilter/nf_conntrack_common.h	operative_macro	NF_CT_STATE_BIT	38	PENDING_REVIEW	SOURCE_REVIEWED_VALUE	COMPLETE	vendor/linux/include/uapi/linux/netfilter/nf_conntrack_common.h;vendor/linux/include/uapi/linux/netfilter/nf_conntrack_common.h:38;rewrite/configs/x86_64/frozen.config;header_closure=rewrite/metadata/header_closure.tsv;selected=PENDING_REVIEW	425f94c2954b1fe80ebdbf9b29854e89750355df	9438e0a2880fb10b9c48bd5fa44ecfbce2266f760edb6c33780afecc0f69ee43	e9d9a47838c402d1d9b7e373524645143e738e83a03ccee0c2ae1ab75ac6b205	0123af9e96b58af4e98b91a2de5608d36b63c67864b9041d3340587f3dbe40d2	cfa8dcf0d81c408de38d4202fe1ce9d9e5e301d1e67439c9530da94b1e64ee3f	7484d7b0dd80f45e18d726b04752827fe28555cc5c1af0e127948380e6688abf
semantic-proposal-v1	SC1-6ddced9c7db92f60cb1f3ebce93566a28673d769839595845e97f31d4f074f73	S016270	1	P02	SYMBOLS.tsv	385076	status	x86_64	include/uapi/linux/netfilter/nf_conntrack_common.h	operative_macro	NF_CT_STATE_BIT	38	PENDING_REVIEW	COMPLETE	COMPLETE	vendor/linux/include/uapi/linux/netfilter/nf_conntrack_common.h;vendor/linux/include/uapi/linux/netfilter/nf_conntrack_common.h:38;rewrite/configs/x86_64/frozen.config;header_closure=rewrite/metadata/header_closure.tsv;selected=PENDING_REVIEW	425f94c2954b1fe80ebdbf9b29854e89750355df	9438e0a2880fb10b9c48bd5fa44ecfbce2266f760edb6c33780afecc0f69ee43	e9d9a47838c402d1d9b7e373524645143e738e83a03ccee0c2ae1ab75ac6b205	0123af9e96b58af4e98b91a2de5608d36b63c67864b9041d3340587f3dbe40d2	cfa8dcf0d81c408de38d4202fe1ce9d9e5e301d1e67439c9530da94b1e64ee3f	7484d7b0dd80f45e18d726b04752827fe28555cc5c1af0e127948380e6688abf
semantic-proposal-v1	SC1-db7b9e6ab7757d5f6d9360079617a07883eda9cbf687326df02f6b911b95d415	S016270	1	P02	SYMBOLS.tsv	385077	selection_expression	x86_64	include/uapi/linux/netfilter/nf_conntrack_common.h	operative_macro	NF_CT_STATE_UNTRACKED_BIT	39	PENDING_REVIEW	SOURCE_REVIEWED_VALUE	COMPLETE	vendor/linux/include/uapi/linux/netfilter/nf_conntrack_common.h;vendor/linux/include/uapi/linux/netfilter/nf_conntrack_common.h:39;rewrite/configs/x86_64/frozen.config;header_closure=rewrite/metadata/header_closure.tsv;selected=PENDING_REVIEW	425f94c2954b1fe80ebdbf9b29854e89750355df	9438e0a2880fb10b9c48bd5fa44ecfbce2266f760edb6c33780afecc0f69ee43	e9d9a47838c402d1d9b7e373524645143e738e83a03ccee0c2ae1ab75ac6b205	0123af9e96b58af4e98b91a2de5608d36b63c67864b9041d3340587f3dbe40d2	cfa8dcf0d81c408de38d4202fe1ce9d9e5e301d1e67439c9530da94b1e64ee3f	7484d7b0dd80f45e18d726b04752827fe28555cc5c1af0e127948380e6688abf
semantic-proposal-v1	SC1-31dac9ad3116f86c4bf3ed487b6948be1ea1aeb31108feabde63efc049039ba9	S016270	1	P02	SYMBOLS.tsv	385077	status	x86_64	include/uapi/linux/netfilter/nf_conntrack_common.h	operative_macro	NF_CT_STATE_UNTRACKED_BIT	39	PENDING_REVIEW	COMPLETE	COMPLETE	vendor/linux/include/uapi/linux/netfilter/nf_conntrack_common.h;vendor/linux/include/uapi/linux/netfilter/nf_conntrack_common.h:39;rewrite/configs/x86_64/frozen.config;header_closure=rewrite/metadata/header_closure.tsv;selected=PENDING_REVIEW	425f94c2954b1fe80ebdbf9b29854e89750355df	9438e0a2880fb10b9c48bd5fa44ecfbce2266f760edb6c33780afecc0f69ee43	e9d9a47838c402d1d9b7e373524645143e738e83a03ccee0c2ae1ab75ac6b205	0123af9e96b58af4e98b91a2de5608d36b63c67864b9041d3340587f3dbe40d2	cfa8dcf0d81c408de38d4202fe1ce9d9e5e301d1e67439c9530da94b1e64ee3f	7484d7b0dd80f45e18d726b04752827fe28555cc5c1af0e127948380e6688abf
semantic-proposal-v1	SC1-39dcda4dcad670021c4ec7670c88f84b2797ccc7f6d748370500868979c83c5d	S016270	1	P02	SYMBOLS.tsv	385078	selection_expression	x86_64	include/uapi/linux/netfilter/nf_conntrack_common.h	operative_macro	NF_CT_EXPECT_PERMANENT	158	PENDING_REVIEW	SOURCE_REVIEWED_VALUE	COMPLETE	vendor/linux/include/uapi/linux/netfilter/nf_conntrack_common.h;vendor/linux/include/uapi/linux/netfilter/nf_conntrack_common.h:158;rewrite/configs/x86_64/frozen.config;header_closure=rewrite/metadata/header_closure.tsv;selected=PENDING_REVIEW	425f94c2954b1fe80ebdbf9b29854e89750355df	9438e0a2880fb10b9c48bd5fa44ecfbce2266f760edb6c33780afecc0f69ee43	e9d9a47838c402d1d9b7e373524645143e738e83a03ccee0c2ae1ab75ac6b205	0123af9e96b58af4e98b91a2de5608d36b63c67864b9041d3340587f3dbe40d2	cfa8dcf0d81c408de38d4202fe1ce9d9e5e301d1e67439c9530da94b1e64ee3f	7484d7b0dd80f45e18d726b04752827fe28555cc5c1af0e127948380e6688abf
semantic-proposal-v1	SC1-da7c10dfcb8c9060944e7205b436027b5fbe9f90b7b4655faf9114e18af85c27	S016270	1	P02	SYMBOLS.tsv	385078	status	x86_64	include/uapi/linux/netfilter/nf_conntrack_common.h	operative_macro	NF_CT_EXPECT_PERMANENT	158	PENDING_REVIEW	COMPLETE	COMPLETE	vendor/linux/include/uapi/linux/netfilter/nf_conntrack_common.h;vendor/linux/include/uapi/linux/netfilter/nf_conntrack_common.h:158;rewrite/configs/x86_64/frozen.config;header_closure=rewrite/metadata/header_closure.tsv;selected=PENDING_REVIEW	425f94c2954b1fe80ebdbf9b29854e89750355df	9438e0a2880fb10b9c48bd5fa44ecfbce2266f760edb6c33780afecc0f69ee43	e9d9a47838c402d1d9b7e373524645143e738e83a03ccee0c2ae1ab75ac6b205	0123af9e96b58af4e98b91a2de5608d36b63c67864b9041d3340587f3dbe40d2	cfa8dcf0d81c408de38d4202fe1ce9d9e5e301d1e67439c9530da94b1e64ee3f	7484d7b0dd80f45e18d726b04752827fe28555cc5c1af0e127948380e6688abf
semantic-proposal-v1	SC1-2f1c3b4be41075896e79c0bda9364d85329b395128c8087457851954e0b417dc	S016270	1	P02	SYMBOLS.tsv	385079	selection_expression	x86_64	include/uapi/linux/netfilter/nf_conntrack_common.h	operative_macro	NF_CT_EXPECT_INACTIVE	159	PENDING_REVIEW	SOURCE_REVIEWED_VALUE	COMPLETE	vendor/linux/include/uapi/linux/netfilter/nf_conntrack_common.h;vendor/linux/include/uapi/linux/netfilter/nf_conntrack_common.h:159;rewrite/configs/x86_64/frozen.config;header_closure=rewrite/metadata/header_closure.tsv;selected=PENDING_REVIEW	425f94c2954b1fe80ebdbf9b29854e89750355df	9438e0a2880fb10b9c48bd5fa44ecfbce2266f760edb6c33780afecc0f69ee43	e9d9a47838c402d1d9b7e373524645143e738e83a03ccee0c2ae1ab75ac6b205	0123af9e96b58af4e98b91a2de5608d36b63c67864b9041d3340587f3dbe40d2	cfa8dcf0d81c408de38d4202fe1ce9d9e5e301d1e67439c9530da94b1e64ee3f	7484d7b0dd80f45e18d726b04752827fe28555cc5c1af0e127948380e6688abf
semantic-proposal-v1	SC1-88a131130cabbba79e42c5e162b4294935ee83ad45fc8c79c2d88a665020a3a8	S016270	1	P02	SYMBOLS.tsv	385079	status	x86_64	include/uapi/linux/netfilter/nf_conntrack_common.h	operative_macro	NF_CT_EXPECT_INACTIVE	159	PENDING_REVIEW	COMPLETE	COMPLETE	vendor/linux/include/uapi/linux/netfilter/nf_conntrack_common.h;vendor/linux/include/uapi/linux/netfilter/nf_conntrack_common.h:159;rewrite/configs/x86_64/frozen.config;header_closure=rewrite/metadata/header_closure.tsv;selected=PENDING_REVIEW	425f94c2954b1fe80ebdbf9b29854e89750355df	9438e0a2880fb10b9c48bd5fa44ecfbce2266f760edb6c33780afecc0f69ee43	e9d9a47838c402d1d9b7e373524645143e738e83a03ccee0c2ae1ab75ac6b205	0123af9e96b58af4e98b91a2de5608d36b63c67864b9041d3340587f3dbe40d2	cfa8dcf0d81c408de38d4202fe1ce9d9e5e301d1e67439c9530da94b1e64ee3f	7484d7b0dd80f45e18d726b04752827fe28555cc5c1af0e127948380e6688abf
semantic-proposal-v1	SC1-ebfcdba1a451a7627acb2399e36c2c984234c73ab53ac42d40186fb52e84a30d	S016270	1	P02	SYMBOLS.tsv	385080	selection_expression	x86_64	include/uapi/linux/netfilter/nf_conntrack_common.h	operative_macro	NF_CT_EXPECT_USERSPACE	160	PENDING_REVIEW	SOURCE_REVIEWED_VALUE	COMPLETE	vendor/linux/include/uapi/linux/netfilter/nf_conntrack_common.h;vendor/linux/include/uapi/linux/netfilter/nf_conntrack_common.h:160;rewrite/configs/x86_64/frozen.config;header_closure=rewrite/metadata/header_closure.tsv;selected=PENDING_REVIEW	425f94c2954b1fe80ebdbf9b29854e89750355df	9438e0a2880fb10b9c48bd5fa44ecfbce2266f760edb6c33780afecc0f69ee43	e9d9a47838c402d1d9b7e373524645143e738e83a03ccee0c2ae1ab75ac6b205	0123af9e96b58af4e98b91a2de5608d36b63c67864b9041d3340587f3dbe40d2	cfa8dcf0d81c408de38d4202fe1ce9d9e5e301d1e67439c9530da94b1e64ee3f	7484d7b0dd80f45e18d726b04752827fe28555cc5c1af0e127948380e6688abf
semantic-proposal-v1	SC1-389a02b64b23d8368b355a9c117449e3f8d7739a877a7d819b602cb119fe6e71	S016270	1	P02	SYMBOLS.tsv	385080	status	x86_64	include/uapi/linux/netfilter/nf_conntrack_common.h	operative_macro	NF_CT_EXPECT_USERSPACE	160	PENDING_REVIEW	COMPLETE	COMPLETE	vendor/linux/include/uapi/linux/netfilter/nf_conntrack_common.h;vendor/linux/include/uapi/linux/netfilter/nf_conntrack_common.h:160;rewrite/configs/x86_64/frozen.config;header_closure=rewrite/metadata/header_closure.tsv;selected=PENDING_REVIEW	425f94c2954b1fe80ebdbf9b29854e89750355df	9438e0a2880fb10b9c48bd5fa44ecfbce2266f760edb6c33780afecc0f69ee43	e9d9a47838c402d1d9b7e373524645143e738e83a03ccee0c2ae1ab75ac6b205	0123af9e96b58af4e98b91a2de5608d36b63c67864b9041d3340587f3dbe40d2	cfa8dcf0d81c408de38d4202fe1ce9d9e5e301d1e67439c9530da94b1e64ee3f	7484d7b0dd80f45e18d726b04752827fe28555cc5c1af0e127948380e6688abf
semantic-proposal-v1	SC1-31a4a83b7988d49861834db4997f414386ee7f81cd21cf8a64c64c6f16b4bb04	S016270	1	P02	SYMBOLS.tsv	385081	selection_expression	x86_64	include/uapi/linux/netfilter/nf_conntrack_common.h	operative_macro	NF_CT_EXPECT_DEAD	163	PENDING_REVIEW	SOURCE_REVIEWED_VALUE	COMPLETE	vendor/linux/include/uapi/linux/netfilter/nf_conntrack_common.h;vendor/linux/include/uapi/linux/netfilter/nf_conntrack_common.h:163;rewrite/configs/x86_64/frozen.config;header_closure=rewrite/metadata/header_closure.tsv;selected=PENDING_REVIEW	425f94c2954b1fe80ebdbf9b29854e89750355df	9438e0a2880fb10b9c48bd5fa44ecfbce2266f760edb6c33780afecc0f69ee43	e9d9a47838c402d1d9b7e373524645143e738e83a03ccee0c2ae1ab75ac6b205	0123af9e96b58af4e98b91a2de5608d36b63c67864b9041d3340587f3dbe40d2	cfa8dcf0d81c408de38d4202fe1ce9d9e5e301d1e67439c9530da94b1e64ee3f	7484d7b0dd80f45e18d726b04752827fe28555cc5c1af0e127948380e6688abf
semantic-proposal-v1	SC1-8c0f3f324ffe68260d56d68a1fed8dd7121fcd575fbaae9312c873ba88465377	S016270	1	P02	SYMBOLS.tsv	385081	status	x86_64	include/uapi/linux/netfilter/nf_conntrack_common.h	operative_macro	NF_CT_EXPECT_DEAD	163	PENDING_REVIEW	COMPLETE	COMPLETE	vendor/linux/include/uapi/linux/netfilter/nf_conntrack_common.h;vendor/linux/include/uapi/linux/netfilter/nf_conntrack_common.h:163;rewrite/configs/x86_64/frozen.config;header_closure=rewrite/metadata/header_closure.tsv;selected=PENDING_REVIEW	425f94c2954b1fe80ebdbf9b29854e89750355df	9438e0a2880fb10b9c48bd5fa44ecfbce2266f760edb6c33780afecc0f69ee43	e9d9a47838c402d1d9b7e373524645143e738e83a03ccee0c2ae1ab75ac6b205	0123af9e96b58af4e98b91a2de5608d36b63c67864b9041d3340587f3dbe40d2	cfa8dcf0d81c408de38d4202fe1ce9d9e5e301d1e67439c9530da94b1e64ee3f	7484d7b0dd80f45e18d726b04752827fe28555cc5c1af0e127948380e6688abf
semantic-proposal-v1	SC1-03b462e568fd3cd1a2a7fe5ae79cc99f885fd631b845bae747208ff21107ee27	S016270	1	P02	SYMBOLS.tsv	385082	selection_expression	x86_64	include/uapi/linux/netfilter/nf_conntrack_common.h	operative_macro	NF_CT_EXPECT_MASK	164	PENDING_REVIEW	SOURCE_REVIEWED_VALUE	COMPLETE	vendor/linux/include/uapi/linux/netfilter/nf_conntrack_common.h;vendor/linux/include/uapi/linux/netfilter/nf_conntrack_common.h:164;rewrite/configs/x86_64/frozen.config;header_closure=rewrite/metadata/header_closure.tsv;selected=PENDING_REVIEW	425f94c2954b1fe80ebdbf9b29854e89750355df	9438e0a2880fb10b9c48bd5fa44ecfbce2266f760edb6c33780afecc0f69ee43	e9d9a47838c402d1d9b7e373524645143e738e83a03ccee0c2ae1ab75ac6b205	0123af9e96b58af4e98b91a2de5608d36b63c67864b9041d3340587f3dbe40d2	cfa8dcf0d81c408de38d4202fe1ce9d9e5e301d1e67439c9530da94b1e64ee3f	7484d7b0dd80f45e18d726b04752827fe28555cc5c1af0e127948380e6688abf
semantic-proposal-v1	SC1-3c230a5fe52620dab74bdb4642f05bc284f3256eadc4569cfc7f61932e283f22	S016270	1	P02	SYMBOLS.tsv	385082	status	x86_64	include/uapi/linux/netfilter/nf_conntrack_common.h	operative_macro	NF_CT_EXPECT_MASK	164	PENDING_REVIEW	COMPLETE	COMPLETE	vendor/linux/include/uapi/linux/netfilter/nf_conntrack_common.h;vendor/linux/include/uapi/linux/netfilter/nf_conntrack_common.h:164;rewrite/configs/x86_64/frozen.config;header_closure=rewrite/metadata/header_closure.tsv;selected=PENDING_REVIEW	425f94c2954b1fe80ebdbf9b29854e89750355df	9438e0a2880fb10b9c48bd5fa44ecfbce2266f760edb6c33780afecc0f69ee43	e9d9a47838c402d1d9b7e373524645143e738e83a03ccee0c2ae1ab75ac6b205	0123af9e96b58af4e98b91a2de5608d36b63c67864b9041d3340587f3dbe40d2	cfa8dcf0d81c408de38d4202fe1ce9d9e5e301d1e67439c9530da94b1e64ee3f	7484d7b0dd80f45e18d726b04752827fe28555cc5c1af0e127948380e6688abf
semantic-proposal-v1	SC1-1013da5b87b28777625301abf767a169928abf1c7d1e9e134e7b4f24f4087c2d	S016270	1	P02	SYMBOLS.tsv	385083	selection_expression	x86_64	include/uapi/linux/netfilter/nf_conntrack_common.h	type	enum ip_conntrack_info	7	PENDING_REVIEW	SOURCE_REVIEWED_VALUE	COMPLETE	vendor/linux/include/uapi/linux/netfilter/nf_conntrack_common.h;vendor/linux/include/uapi/linux/netfilter/nf_conntrack_common.h:7;rewrite/configs/x86_64/frozen.config;header_closure=rewrite/metadata/header_closure.tsv;selected=PENDING_REVIEW	425f94c2954b1fe80ebdbf9b29854e89750355df	9438e0a2880fb10b9c48bd5fa44ecfbce2266f760edb6c33780afecc0f69ee43	e9d9a47838c402d1d9b7e373524645143e738e83a03ccee0c2ae1ab75ac6b205	0123af9e96b58af4e98b91a2de5608d36b63c67864b9041d3340587f3dbe40d2	cfa8dcf0d81c408de38d4202fe1ce9d9e5e301d1e67439c9530da94b1e64ee3f	7484d7b0dd80f45e18d726b04752827fe28555cc5c1af0e127948380e6688abf
semantic-proposal-v1	SC1-a1b3945dac62b5d7c463bf58ddeef6c42594448eecadbc7382ee4ad8b83539a9	S016270	1	P02	SYMBOLS.tsv	385083	status	x86_64	include/uapi/linux/netfilter/nf_conntrack_common.h	type	enum ip_conntrack_info	7	PENDING_REVIEW	COMPLETE	COMPLETE	vendor/linux/include/uapi/linux/netfilter/nf_conntrack_common.h;vendor/linux/include/uapi/linux/netfilter/nf_conntrack_common.h:7;rewrite/configs/x86_64/frozen.config;header_closure=rewrite/metadata/header_closure.tsv;selected=PENDING_REVIEW	425f94c2954b1fe80ebdbf9b29854e89750355df	9438e0a2880fb10b9c48bd5fa44ecfbce2266f760edb6c33780afecc0f69ee43	e9d9a47838c402d1d9b7e373524645143e738e83a03ccee0c2ae1ab75ac6b205	0123af9e96b58af4e98b91a2de5608d36b63c67864b9041d3340587f3dbe40d2	cfa8dcf0d81c408de38d4202fe1ce9d9e5e301d1e67439c9530da94b1e64ee3f	7484d7b0dd80f45e18d726b04752827fe28555cc5c1af0e127948380e6688abf
semantic-proposal-v1	SC1-cc8b51eaa92c16567d434920e43cd4cd596075064c59ee0e02889fc7d2350046	S016270	1	P02	SYMBOLS.tsv	385084	selection_expression	x86_64	include/uapi/linux/netfilter/nf_conntrack_common.h	enum_constant	IP_CT_ESTABLISHED	9	PENDING_REVIEW	SOURCE_REVIEWED_VALUE	COMPLETE	vendor/linux/include/uapi/linux/netfilter/nf_conntrack_common.h;vendor/linux/include/uapi/linux/netfilter/nf_conntrack_common.h:9;rewrite/configs/x86_64/frozen.config;header_closure=rewrite/metadata/header_closure.tsv;selected=PENDING_REVIEW	425f94c2954b1fe80ebdbf9b29854e89750355df	9438e0a2880fb10b9c48bd5fa44ecfbce2266f760edb6c33780afecc0f69ee43	e9d9a47838c402d1d9b7e373524645143e738e83a03ccee0c2ae1ab75ac6b205	0123af9e96b58af4e98b91a2de5608d36b63c67864b9041d3340587f3dbe40d2	cfa8dcf0d81c408de38d4202fe1ce9d9e5e301d1e67439c9530da94b1e64ee3f	7484d7b0dd80f45e18d726b04752827fe28555cc5c1af0e127948380e6688abf
semantic-proposal-v1	SC1-5c867e11579479acf4ce0698cae4fa309e8c9a0f53c72d66ff0d0961d21fdf72	S016270	1	P02	SYMBOLS.tsv	385084	status	x86_64	include/uapi/linux/netfilter/nf_conntrack_common.h	enum_constant	IP_CT_ESTABLISHED	9	PENDING_REVIEW	COMPLETE	COMPLETE	vendor/linux/include/uapi/linux/netfilter/nf_conntrack_common.h;vendor/linux/include/uapi/linux/netfilter/nf_conntrack_common.h:9;rewrite/configs/x86_64/frozen.config;header_closure=rewrite/metadata/header_closure.tsv;selected=PENDING_REVIEW	425f94c2954b1fe80ebdbf9b29854e89750355df	9438e0a2880fb10b9c48bd5fa44ecfbce2266f760edb6c33780afecc0f69ee43	e9d9a47838c402d1d9b7e373524645143e738e83a03ccee0c2ae1ab75ac6b205	0123af9e96b58af4e98b91a2de5608d36b63c67864b9041d3340587f3dbe40d2	cfa8dcf0d81c408de38d4202fe1ce9d9e5e301d1e67439c9530da94b1e64ee3f	7484d7b0dd80f45e18d726b04752827fe28555cc5c1af0e127948380e6688abf
semantic-proposal-v1	SC1-37dbcaa859619bfe45e428203ff44a2fd1573a34cdcdf02ab80dbc7be5113ca1	S016270	1	P02	SYMBOLS.tsv	385085	selection_expression	x86_64	include/uapi/linux/netfilter/nf_conntrack_common.h	enum_constant	IP_CT_RELATED	13	PENDING_REVIEW	SOURCE_REVIEWED_VALUE	COMPLETE	vendor/linux/include/uapi/linux/netfilter/nf_conntrack_common.h;vendor/linux/include/uapi/linux/netfilter/nf_conntrack_common.h:13;rewrite/configs/x86_64/frozen.config;header_closure=rewrite/metadata/header_closure.tsv;selected=PENDING_REVIEW	425f94c2954b1fe80ebdbf9b29854e89750355df	9438e0a2880fb10b9c48bd5fa44ecfbce2266f760edb6c33780afecc0f69ee43	e9d9a47838c402d1d9b7e373524645143e738e83a03ccee0c2ae1ab75ac6b205	0123af9e96b58af4e98b91a2de5608d36b63c67864b9041d3340587f3dbe40d2	cfa8dcf0d81c408de38d4202fe1ce9d9e5e301d1e67439c9530da94b1e64ee3f	7484d7b0dd80f45e18d726b04752827fe28555cc5c1af0e127948380e6688abf
semantic-proposal-v1	SC1-e638d4bdab1397c600311051a170b8726cf6cee9e131053e2074fb719d8f980a	S016270	1	P02	SYMBOLS.tsv	385085	status	x86_64	include/uapi/linux/netfilter/nf_conntrack_common.h	enum_constant	IP_CT_RELATED	13	PENDING_REVIEW	COMPLETE	COMPLETE	vendor/linux/include/uapi/linux/netfilter/nf_conntrack_common.h;vendor/linux/include/uapi/linux/netfilter/nf_conntrack_common.h:13;rewrite/configs/x86_64/frozen.config;header_closure=rewrite/metadata/header_closure.tsv;selected=PENDING_REVIEW	425f94c2954b1fe80ebdbf9b29854e89750355df	9438e0a2880fb10b9c48bd5fa44ecfbce2266f760edb6c33780afecc0f69ee43	e9d9a47838c402d1d9b7e373524645143e738e83a03ccee0c2ae1ab75ac6b205	0123af9e96b58af4e98b91a2de5608d36b63c67864b9041d3340587f3dbe40d2	cfa8dcf0d81c408de38d4202fe1ce9d9e5e301d1e67439c9530da94b1e64ee3f	7484d7b0dd80f45e18d726b04752827fe28555cc5c1af0e127948380e6688abf
semantic-proposal-v1	SC1-009c0d89f6326b02e401fa78647f91be3dc0abdf49ab6c446b0d2952e32958a8	S016270	1	P02	SYMBOLS.tsv	385086	selection_expression	x86_64	include/uapi/linux/netfilter/nf_conntrack_common.h	enum_constant	IP_CT_NEW	17	PENDING_REVIEW	SOURCE_REVIEWED_VALUE	COMPLETE	vendor/linux/include/uapi/linux/netfilter/nf_conntrack_common.h;vendor/linux/include/uapi/linux/netfilter/nf_conntrack_common.h:17;rewrite/configs/x86_64/frozen.config;header_closure=rewrite/metadata/header_closure.tsv;selected=PENDING_REVIEW	425f94c2954b1fe80ebdbf9b29854e89750355df	9438e0a2880fb10b9c48bd5fa44ecfbce2266f760edb6c33780afecc0f69ee43	e9d9a47838c402d1d9b7e373524645143e738e83a03ccee0c2ae1ab75ac6b205	0123af9e96b58af4e98b91a2de5608d36b63c67864b9041d3340587f3dbe40d2	cfa8dcf0d81c408de38d4202fe1ce9d9e5e301d1e67439c9530da94b1e64ee3f	7484d7b0dd80f45e18d726b04752827fe28555cc5c1af0e127948380e6688abf
semantic-proposal-v1	SC1-98cd6986d72ff842e6f0ca4a848cafcfc5741773cab818729e5fceb8b6608c58	S016270	1	P02	SYMBOLS.tsv	385086	status	x86_64	include/uapi/linux/netfilter/nf_conntrack_common.h	enum_constant	IP_CT_NEW	17	PENDING_REVIEW	COMPLETE	COMPLETE	vendor/linux/include/uapi/linux/netfilter/nf_conntrack_common.h;vendor/linux/include/uapi/linux/netfilter/nf_conntrack_common.h:17;rewrite/configs/x86_64/frozen.config;header_closure=rewrite/metadata/header_closure.tsv;selected=PENDING_REVIEW	425f94c2954b1fe80ebdbf9b29854e89750355df	9438e0a2880fb10b9c48bd5fa44ecfbce2266f760edb6c33780afecc0f69ee43	e9d9a47838c402d1d9b7e373524645143e738e83a03ccee0c2ae1ab75ac6b205	0123af9e96b58af4e98b91a2de5608d36b63c67864b9041d3340587f3dbe40d2	cfa8dcf0d81c408de38d4202fe1ce9d9e5e301d1e67439c9530da94b1e64ee3f	7484d7b0dd80f45e18d726b04752827fe28555cc5c1af0e127948380e6688abf
semantic-proposal-v1	SC1-3d759c87b75458772706ed64b2438be2d2521642c356f06db896e73359488631	S016270	1	P02	SYMBOLS.tsv	385087	selection_expression	x86_64	include/uapi/linux/netfilter/nf_conntrack_common.h	enum_constant	IP_CT_IS_REPLY	20	PENDING_REVIEW	SOURCE_REVIEWED_VALUE	COMPLETE	vendor/linux/include/uapi/linux/netfilter/nf_conntrack_common.h;vendor/linux/include/uapi/linux/netfilter/nf_conntrack_common.h:20;rewrite/configs/x86_64/frozen.config;header_closure=rewrite/metadata/header_closure.tsv;selected=PENDING_REVIEW	425f94c2954b1fe80ebdbf9b29854e89750355df	9438e0a2880fb10b9c48bd5fa44ecfbce2266f760edb6c33780afecc0f69ee43	e9d9a47838c402d1d9b7e373524645143e738e83a03ccee0c2ae1ab75ac6b205	0123af9e96b58af4e98b91a2de5608d36b63c67864b9041d3340587f3dbe40d2	cfa8dcf0d81c408de38d4202fe1ce9d9e5e301d1e67439c9530da94b1e64ee3f	7484d7b0dd80f45e18d726b04752827fe28555cc5c1af0e127948380e6688abf
semantic-proposal-v1	SC1-c5cb7bcde30c1f6d2edb250c5b197fe91e0bfed9c8c437c44361519a2450fbc1	S016270	1	P02	SYMBOLS.tsv	385087	status	x86_64	include/uapi/linux/netfilter/nf_conntrack_common.h	enum_constant	IP_CT_IS_REPLY	20	PENDING_REVIEW	COMPLETE	COMPLETE	vendor/linux/include/uapi/linux/netfilter/nf_conntrack_common.h;vendor/linux/include/uapi/linux/netfilter/nf_conntrack_common.h:20;rewrite/configs/x86_64/frozen.config;header_closure=rewrite/metadata/header_closure.tsv;selected=PENDING_REVIEW	425f94c2954b1fe80ebdbf9b29854e89750355df	9438e0a2880fb10b9c48bd5fa44ecfbce2266f760edb6c33780afecc0f69ee43	e9d9a47838c402d1d9b7e373524645143e738e83a03ccee0c2ae1ab75ac6b205	0123af9e96b58af4e98b91a2de5608d36b63c67864b9041d3340587f3dbe40d2	cfa8dcf0d81c408de38d4202fe1ce9d9e5e301d1e67439c9530da94b1e64ee3f	7484d7b0dd80f45e18d726b04752827fe28555cc5c1af0e127948380e6688abf
semantic-proposal-v1	SC1-e9bca3748d2a5e71b0bf73890f2aed555c667a38802ac9d3e2471c856d5d6fa4	S016270	1	P02	SYMBOLS.tsv	385088	selection_expression	x86_64	include/uapi/linux/netfilter/nf_conntrack_common.h	enum_constant	IP_CT_ESTABLISHED_REPLY	22	PENDING_REVIEW	SOURCE_REVIEWED_VALUE	COMPLETE	vendor/linux/include/uapi/linux/netfilter/nf_conntrack_common.h;vendor/linux/include/uapi/linux/netfilter/nf_conntrack_common.h:22;rewrite/configs/x86_64/frozen.config;header_closure=rewrite/metadata/header_closure.tsv;selected=PENDING_REVIEW	425f94c2954b1fe80ebdbf9b29854e89750355df	9438e0a2880fb10b9c48bd5fa44ecfbce2266f760edb6c33780afecc0f69ee43	e9d9a47838c402d1d9b7e373524645143e738e83a03ccee0c2ae1ab75ac6b205	0123af9e96b58af4e98b91a2de5608d36b63c67864b9041d3340587f3dbe40d2	cfa8dcf0d81c408de38d4202fe1ce9d9e5e301d1e67439c9530da94b1e64ee3f	7484d7b0dd80f45e18d726b04752827fe28555cc5c1af0e127948380e6688abf
semantic-proposal-v1	SC1-c3a63e6e0e8bc7a95ce5675c2cd63629b910288d0569cd335d3bdc24eb762dfd	S016270	1	P02	SYMBOLS.tsv	385088	status	x86_64	include/uapi/linux/netfilter/nf_conntrack_common.h	enum_constant	IP_CT_ESTABLISHED_REPLY	22	PENDING_REVIEW	COMPLETE	COMPLETE	vendor/linux/include/uapi/linux/netfilter/nf_conntrack_common.h;vendor/linux/include/uapi/linux/netfilter/nf_conntrack_common.h:22;rewrite/configs/x86_64/frozen.config;header_closure=rewrite/metadata/header_closure.tsv;selected=PENDING_REVIEW	425f94c2954b1fe80ebdbf9b29854e89750355df	9438e0a2880fb10b9c48bd5fa44ecfbce2266f760edb6c33780afecc0f69ee43	e9d9a47838c402d1d9b7e373524645143e738e83a03ccee0c2ae1ab75ac6b205	0123af9e96b58af4e98b91a2de5608d36b63c67864b9041d3340587f3dbe40d2	cfa8dcf0d81c408de38d4202fe1ce9d9e5e301d1e67439c9530da94b1e64ee3f	7484d7b0dd80f45e18d726b04752827fe28555cc5c1af0e127948380e6688abf
semantic-proposal-v1	SC1-b852c430c850fe0c8844379276001a5fe96821c3ca520078548fff7fa908bb3e	S016270	1	P02	SYMBOLS.tsv	385089	selection_expression	x86_64	include/uapi/linux/netfilter/nf_conntrack_common.h	enum_constant	IP_CT_RELATED_REPLY	23	PENDING_REVIEW	SOURCE_REVIEWED_VALUE	COMPLETE	vendor/linux/include/uapi/linux/netfilter/nf_conntrack_common.h;vendor/linux/include/uapi/linux/netfilter/nf_conntrack_common.h:23;rewrite/configs/x86_64/frozen.config;header_closure=rewrite/metadata/header_closure.tsv;selected=PENDING_REVIEW	425f94c2954b1fe80ebdbf9b29854e89750355df	9438e0a2880fb10b9c48bd5fa44ecfbce2266f760edb6c33780afecc0f69ee43	e9d9a47838c402d1d9b7e373524645143e738e83a03ccee0c2ae1ab75ac6b205	0123af9e96b58af4e98b91a2de5608d36b63c67864b9041d3340587f3dbe40d2	cfa8dcf0d81c408de38d4202fe1ce9d9e5e301d1e67439c9530da94b1e64ee3f	7484d7b0dd80f45e18d726b04752827fe28555cc5c1af0e127948380e6688abf
semantic-proposal-v1	SC1-a290b9e8015d81f70ebaec401f3a91c5da7571273f5aed6757222edef468b751	S016270	1	P02	SYMBOLS.tsv	385089	status	x86_64	include/uapi/linux/netfilter/nf_conntrack_common.h	enum_constant	IP_CT_RELATED_REPLY	23	PENDING_REVIEW	COMPLETE	COMPLETE	vendor/linux/include/uapi/linux/netfilter/nf_conntrack_common.h;vendor/linux/include/uapi/linux/netfilter/nf_conntrack_common.h:23;rewrite/configs/x86_64/frozen.config;header_closure=rewrite/metadata/header_closure.tsv;selected=PENDING_REVIEW	425f94c2954b1fe80ebdbf9b29854e89750355df	9438e0a2880fb10b9c48bd5fa44ecfbce2266f760edb6c33780afecc0f69ee43	e9d9a47838c402d1d9b7e373524645143e738e83a03ccee0c2ae1ab75ac6b205	0123af9e96b58af4e98b91a2de5608d36b63c67864b9041d3340587f3dbe40d2	cfa8dcf0d81c408de38d4202fe1ce9d9e5e301d1e67439c9530da94b1e64ee3f	7484d7b0dd80f45e18d726b04752827fe28555cc5c1af0e127948380e6688abf
semantic-proposal-v1	SC1-d06d80b9596a9123d0b2381934671339a9677eae290b3ad3a92e514bbc810b88	S016270	1	P02	SYMBOLS.tsv	385090	selection_expression	x86_64	include/uapi/linux/netfilter/nf_conntrack_common.h	enum_constant	IP_CT_NUMBER	27	PENDING_REVIEW	SOURCE_REVIEWED_VALUE	COMPLETE	vendor/linux/include/uapi/linux/netfilter/nf_conntrack_common.h;vendor/linux/include/uapi/linux/netfilter/nf_conntrack_common.h:27;rewrite/configs/x86_64/frozen.config;header_closure=rewrite/metadata/header_closure.tsv;selected=PENDING_REVIEW	425f94c2954b1fe80ebdbf9b29854e89750355df	9438e0a2880fb10b9c48bd5fa44ecfbce2266f760edb6c33780afecc0f69ee43	e9d9a47838c402d1d9b7e373524645143e738e83a03ccee0c2ae1ab75ac6b205	0123af9e96b58af4e98b91a2de5608d36b63c67864b9041d3340587f3dbe40d2	cfa8dcf0d81c408de38d4202fe1ce9d9e5e301d1e67439c9530da94b1e64ee3f	7484d7b0dd80f45e18d726b04752827fe28555cc5c1af0e127948380e6688abf
semantic-proposal-v1	SC1-f4d31877d73dfcd984ed03d7aec832c3bb84df72ee88fce2c1d3621bb0da55f4	S016270	1	P02	SYMBOLS.tsv	385090	status	x86_64	include/uapi/linux/netfilter/nf_conntrack_common.h	enum_constant	IP_CT_NUMBER	27	PENDING_REVIEW	COMPLETE	COMPLETE	vendor/linux/include/uapi/linux/netfilter/nf_conntrack_common.h;vendor/linux/include/uapi/linux/netfilter/nf_conntrack_common.h:27;rewrite/configs/x86_64/frozen.config;header_closure=rewrite/metadata/header_closure.tsv;selected=PENDING_REVIEW	425f94c2954b1fe80ebdbf9b29854e89750355df	9438e0a2880fb10b9c48bd5fa44ecfbce2266f760edb6c33780afecc0f69ee43	e9d9a47838c402d1d9b7e373524645143e738e83a03ccee0c2ae1ab75ac6b205	0123af9e96b58af4e98b91a2de5608d36b63c67864b9041d3340587f3dbe40d2	cfa8dcf0d81c408de38d4202fe1ce9d9e5e301d1e67439c9530da94b1e64ee3f	7484d7b0dd80f45e18d726b04752827fe28555cc5c1af0e127948380e6688abf
semantic-proposal-v1	SC1-ab95f964e040596a5d9d679a8fa837adcf37cfd6b187078fc4a4c4c4e3ddac74	S016270	1	P02	SYMBOLS.tsv	385091	selection_expression	x86_64	include/uapi/linux/netfilter/nf_conntrack_common.h	enum_constant	IP_CT_NEW_REPLY	31	PENDING_REVIEW	SOURCE_REVIEWED_VALUE	COMPLETE	vendor/linux/include/uapi/linux/netfilter/nf_conntrack_common.h;vendor/linux/include/uapi/linux/netfilter/nf_conntrack_common.h:31;rewrite/configs/x86_64/frozen.config;header_closure=rewrite/metadata/header_closure.tsv;selected=PENDING_REVIEW	425f94c2954b1fe80ebdbf9b29854e89750355df	9438e0a2880fb10b9c48bd5fa44ecfbce2266f760edb6c33780afecc0f69ee43	e9d9a47838c402d1d9b7e373524645143e738e83a03ccee0c2ae1ab75ac6b205	0123af9e96b58af4e98b91a2de5608d36b63c67864b9041d3340587f3dbe40d2	cfa8dcf0d81c408de38d4202fe1ce9d9e5e301d1e67439c9530da94b1e64ee3f	7484d7b0dd80f45e18d726b04752827fe28555cc5c1af0e127948380e6688abf
semantic-proposal-v1	SC1-67b6b9be72dc142749849ef1e76626a2e0b7ff378b8d0e390d16872f4e617bd5	S016270	1	P02	SYMBOLS.tsv	385091	status	x86_64	include/uapi/linux/netfilter/nf_conntrack_common.h	enum_constant	IP_CT_NEW_REPLY	31	PENDING_REVIEW	COMPLETE	COMPLETE	vendor/linux/include/uapi/linux/netfilter/nf_conntrack_common.h;vendor/linux/include/uapi/linux/netfilter/nf_conntrack_common.h:31;rewrite/configs/x86_64/frozen.config;header_closure=rewrite/metadata/header_closure.tsv;selected=PENDING_REVIEW	425f94c2954b1fe80ebdbf9b29854e89750355df	9438e0a2880fb10b9c48bd5fa44ecfbce2266f760edb6c33780afecc0f69ee43	e9d9a47838c402d1d9b7e373524645143e738e83a03ccee0c2ae1ab75ac6b205	0123af9e96b58af4e98b91a2de5608d36b63c67864b9041d3340587f3dbe40d2	cfa8dcf0d81c408de38d4202fe1ce9d9e5e301d1e67439c9530da94b1e64ee3f	7484d7b0dd80f45e18d726b04752827fe28555cc5c1af0e127948380e6688abf
semantic-proposal-v1	SC1-1631399995ac93496e4b86f408ec9dd72304399da1d83385c152d7dd94e6a8d5	S016270	1	P02	SYMBOLS.tsv	385092	selection_expression	x86_64	include/uapi/linux/netfilter/nf_conntrack_common.h	enum_constant	IP_CT_UNTRACKED	33	PENDING_REVIEW	SOURCE_REVIEWED_VALUE	COMPLETE	vendor/linux/include/uapi/linux/netfilter/nf_conntrack_common.h;vendor/linux/include/uapi/linux/netfilter/nf_conntrack_common.h:33;rewrite/configs/x86_64/frozen.config;header_closure=rewrite/metadata/header_closure.tsv;selected=PENDING_REVIEW	425f94c2954b1fe80ebdbf9b29854e89750355df	9438e0a2880fb10b9c48bd5fa44ecfbce2266f760edb6c33780afecc0f69ee43	e9d9a47838c402d1d9b7e373524645143e738e83a03ccee0c2ae1ab75ac6b205	0123af9e96b58af4e98b91a2de5608d36b63c67864b9041d3340587f3dbe40d2	cfa8dcf0d81c408de38d4202fe1ce9d9e5e301d1e67439c9530da94b1e64ee3f	7484d7b0dd80f45e18d726b04752827fe28555cc5c1af0e127948380e6688abf
semantic-proposal-v1	SC1-e692fb2ffe36ebe846194082c87635c748994ae7fa795957886c3883b1061672	S016270	1	P02	SYMBOLS.tsv	385092	status	x86_64	include/uapi/linux/netfilter/nf_conntrack_common.h	enum_constant	IP_CT_UNTRACKED	33	PENDING_REVIEW	COMPLETE	COMPLETE	vendor/linux/include/uapi/linux/netfilter/nf_conntrack_common.h;vendor/linux/include/uapi/linux/netfilter/nf_conntrack_common.h:33;rewrite/configs/x86_64/frozen.config;header_closure=rewrite/metadata/header_closure.tsv;selected=PENDING_REVIEW	425f94c2954b1fe80ebdbf9b29854e89750355df	9438e0a2880fb10b9c48bd5fa44ecfbce2266f760edb6c33780afecc0f69ee43	e9d9a47838c402d1d9b7e373524645143e738e83a03ccee0c2ae1ab75ac6b205	0123af9e96b58af4e98b91a2de5608d36b63c67864b9041d3340587f3dbe40d2	cfa8dcf0d81c408de38d4202fe1ce9d9e5e301d1e67439c9530da94b1e64ee3f	7484d7b0dd80f45e18d726b04752827fe28555cc5c1af0e127948380e6688abf
semantic-proposal-v1	SC1-47c12eb123916366274697e82976a295da89f2b87a3847fe25dcd1d2c3a10e48	S016270	1	P02	SYMBOLS.tsv	385093	selection_expression	x86_64	include/uapi/linux/netfilter/nf_conntrack_common.h	type	enum ip_conntrack_status	42	PENDING_REVIEW	SOURCE_REVIEWED_VALUE	COMPLETE	vendor/linux/include/uapi/linux/netfilter/nf_conntrack_common.h;vendor/linux/include/uapi/linux/netfilter/nf_conntrack_common.h:42;rewrite/configs/x86_64/frozen.config;header_closure=rewrite/metadata/header_closure.tsv;selected=PENDING_REVIEW	425f94c2954b1fe80ebdbf9b29854e89750355df	9438e0a2880fb10b9c48bd5fa44ecfbce2266f760edb6c33780afecc0f69ee43	e9d9a47838c402d1d9b7e373524645143e738e83a03ccee0c2ae1ab75ac6b205	0123af9e96b58af4e98b91a2de5608d36b63c67864b9041d3340587f3dbe40d2	cfa8dcf0d81c408de38d4202fe1ce9d9e5e301d1e67439c9530da94b1e64ee3f	7484d7b0dd80f45e18d726b04752827fe28555cc5c1af0e127948380e6688abf
semantic-proposal-v1	SC1-8da76520fbebaa722d9a536b8f5b7d30dedc138f1983fe9c53ce499119737a36	S016270	1	P02	SYMBOLS.tsv	385093	status	x86_64	include/uapi/linux/netfilter/nf_conntrack_common.h	type	enum ip_conntrack_status	42	PENDING_REVIEW	COMPLETE	COMPLETE	vendor/linux/include/uapi/linux/netfilter/nf_conntrack_common.h;vendor/linux/include/uapi/linux/netfilter/nf_conntrack_common.h:42;rewrite/configs/x86_64/frozen.config;header_closure=rewrite/metadata/header_closure.tsv;selected=PENDING_REVIEW	425f94c2954b1fe80ebdbf9b29854e89750355df	9438e0a2880fb10b9c48bd5fa44ecfbce2266f760edb6c33780afecc0f69ee43	e9d9a47838c402d1d9b7e373524645143e738e83a03ccee0c2ae1ab75ac6b205	0123af9e96b58af4e98b91a2de5608d36b63c67864b9041d3340587f3dbe40d2	cfa8dcf0d81c408de38d4202fe1ce9d9e5e301d1e67439c9530da94b1e64ee3f	7484d7b0dd80f45e18d726b04752827fe28555cc5c1af0e127948380e6688abf
semantic-proposal-v1	SC1-03c3a63984cfd5002a9c5d6eefe8169606dff3c4f262e4e38256f94eecc2773e	S016270	1	P02	SYMBOLS.tsv	385094	selection_expression	x86_64	include/uapi/linux/netfilter/nf_conntrack_common.h	enum_constant	IPS_EXPECTED_BIT	44	PENDING_REVIEW	SOURCE_REVIEWED_VALUE	COMPLETE	vendor/linux/include/uapi/linux/netfilter/nf_conntrack_common.h;vendor/linux/include/uapi/linux/netfilter/nf_conntrack_common.h:44;rewrite/configs/x86_64/frozen.config;header_closure=rewrite/metadata/header_closure.tsv;selected=PENDING_REVIEW	425f94c2954b1fe80ebdbf9b29854e89750355df	9438e0a2880fb10b9c48bd5fa44ecfbce2266f760edb6c33780afecc0f69ee43	e9d9a47838c402d1d9b7e373524645143e738e83a03ccee0c2ae1ab75ac6b205	0123af9e96b58af4e98b91a2de5608d36b63c67864b9041d3340587f3dbe40d2	cfa8dcf0d81c408de38d4202fe1ce9d9e5e301d1e67439c9530da94b1e64ee3f	7484d7b0dd80f45e18d726b04752827fe28555cc5c1af0e127948380e6688abf
semantic-proposal-v1	SC1-7e882731858108dec3f1a5184711e2676d76f098a8c4a7bec4a990c5dc87632b	S016270	1	P02	SYMBOLS.tsv	385094	status	x86_64	include/uapi/linux/netfilter/nf_conntrack_common.h	enum_constant	IPS_EXPECTED_BIT	44	PENDING_REVIEW	COMPLETE	COMPLETE	vendor/linux/include/uapi/linux/netfilter/nf_conntrack_common.h;vendor/linux/include/uapi/linux/netfilter/nf_conntrack_common.h:44;rewrite/configs/x86_64/frozen.config;header_closure=rewrite/metadata/header_closure.tsv;selected=PENDING_REVIEW	425f94c2954b1fe80ebdbf9b29854e89750355df	9438e0a2880fb10b9c48bd5fa44ecfbce2266f760edb6c33780afecc0f69ee43	e9d9a47838c402d1d9b7e373524645143e738e83a03ccee0c2ae1ab75ac6b205	0123af9e96b58af4e98b91a2de5608d36b63c67864b9041d3340587f3dbe40d2	cfa8dcf0d81c408de38d4202fe1ce9d9e5e301d1e67439c9530da94b1e64ee3f	7484d7b0dd80f45e18d726b04752827fe28555cc5c1af0e127948380e6688abf
semantic-proposal-v1	SC1-4ec03da6eb812a52e6a033026eb0a590ebc7617cdb60b1d416a3b4c902fb1d88	S016270	1	P02	SYMBOLS.tsv	385095	selection_expression	x86_64	include/uapi/linux/netfilter/nf_conntrack_common.h	enum_constant	IPS_EXPECTED	45	PENDING_REVIEW	SOURCE_REVIEWED_VALUE	COMPLETE	vendor/linux/include/uapi/linux/netfilter/nf_conntrack_common.h;vendor/linux/include/uapi/linux/netfilter/nf_conntrack_common.h:45;rewrite/configs/x86_64/frozen.config;header_closure=rewrite/metadata/header_closure.tsv;selected=PENDING_REVIEW	425f94c2954b1fe80ebdbf9b29854e89750355df	9438e0a2880fb10b9c48bd5fa44ecfbce2266f760edb6c33780afecc0f69ee43	e9d9a47838c402d1d9b7e373524645143e738e83a03ccee0c2ae1ab75ac6b205	0123af9e96b58af4e98b91a2de5608d36b63c67864b9041d3340587f3dbe40d2	cfa8dcf0d81c408de38d4202fe1ce9d9e5e301d1e67439c9530da94b1e64ee3f	7484d7b0dd80f45e18d726b04752827fe28555cc5c1af0e127948380e6688abf
semantic-proposal-v1	SC1-7e87c472c676e087d2ad7dbf2976a6c9dfd1aed39fc8d12537e06143f169fdd8	S016270	1	P02	SYMBOLS.tsv	385095	status	x86_64	include/uapi/linux/netfilter/nf_conntrack_common.h	enum_constant	IPS_EXPECTED	45	PENDING_REVIEW	COMPLETE	COMPLETE	vendor/linux/include/uapi/linux/netfilter/nf_conntrack_common.h;vendor/linux/include/uapi/linux/netfilter/nf_conntrack_common.h:45;rewrite/configs/x86_64/frozen.config;header_closure=rewrite/metadata/header_closure.tsv;selected=PENDING_REVIEW	425f94c2954b1fe80ebdbf9b29854e89750355df	9438e0a2880fb10b9c48bd5fa44ecfbce2266f760edb6c33780afecc0f69ee43	e9d9a47838c402d1d9b7e373524645143e738e83a03ccee0c2ae1ab75ac6b205	0123af9e96b58af4e98b91a2de5608d36b63c67864b9041d3340587f3dbe40d2	cfa8dcf0d81c408de38d4202fe1ce9d9e5e301d1e67439c9530da94b1e64ee3f	7484d7b0dd80f45e18d726b04752827fe28555cc5c1af0e127948380e6688abf
semantic-proposal-v1	SC1-1cdd85659ff12d8530f2d85e8f1e633c5b9e43ed3df0a52d62f718ef28b5ff86	S016270	1	P02	SYMBOLS.tsv	385096	selection_expression	x86_64	include/uapi/linux/netfilter/nf_conntrack_common.h	enum_constant	IPS_SEEN_REPLY_BIT	48	PENDING_REVIEW	SOURCE_REVIEWED_VALUE	COMPLETE	vendor/linux/include/uapi/linux/netfilter/nf_conntrack_common.h;vendor/linux/include/uapi/linux/netfilter/nf_conntrack_common.h:48;rewrite/configs/x86_64/frozen.config;header_closure=rewrite/metadata/header_closure.tsv;selected=PENDING_REVIEW	425f94c2954b1fe80ebdbf9b29854e89750355df	9438e0a2880fb10b9c48bd5fa44ecfbce2266f760edb6c33780afecc0f69ee43	e9d9a47838c402d1d9b7e373524645143e738e83a03ccee0c2ae1ab75ac6b205	0123af9e96b58af4e98b91a2de5608d36b63c67864b9041d3340587f3dbe40d2	cfa8dcf0d81c408de38d4202fe1ce9d9e5e301d1e67439c9530da94b1e64ee3f	7484d7b0dd80f45e18d726b04752827fe28555cc5c1af0e127948380e6688abf
semantic-proposal-v1	SC1-50b785ef4edf1ab30a40bca7764ad99f9090b0e7d040682d9f5a83079852a384	S016270	1	P02	SYMBOLS.tsv	385096	status	x86_64	include/uapi/linux/netfilter/nf_conntrack_common.h	enum_constant	IPS_SEEN_REPLY_BIT	48	PENDING_REVIEW	COMPLETE	COMPLETE	vendor/linux/include/uapi/linux/netfilter/nf_conntrack_common.h;vendor/linux/include/uapi/linux/netfilter/nf_conntrack_common.h:48;rewrite/configs/x86_64/frozen.config;header_closure=rewrite/metadata/header_closure.tsv;selected=PENDING_REVIEW	425f94c2954b1fe80ebdbf9b29854e89750355df	9438e0a2880fb10b9c48bd5fa44ecfbce2266f760edb6c33780afecc0f69ee43	e9d9a47838c402d1d9b7e373524645143e738e83a03ccee0c2ae1ab75ac6b205	0123af9e96b58af4e98b91a2de5608d36b63c67864b9041d3340587f3dbe40d2	cfa8dcf0d81c408de38d4202fe1ce9d9e5e301d1e67439c9530da94b1e64ee3f	7484d7b0dd80f45e18d726b04752827fe28555cc5c1af0e127948380e6688abf
semantic-proposal-v1	SC1-f4cf327007a6d8613fa5cccc5fe09bb02c4be248b07caf3a706ac45539ecab25	S016270	1	P02	SYMBOLS.tsv	385097	selection_expression	x86_64	include/uapi/linux/netfilter/nf_conntrack_common.h	enum_constant	IPS_SEEN_REPLY	49	PENDING_REVIEW	SOURCE_REVIEWED_VALUE	COMPLETE	vendor/linux/include/uapi/linux/netfilter/nf_conntrack_common.h;vendor/linux/include/uapi/linux/netfilter/nf_conntrack_common.h:49;rewrite/configs/x86_64/frozen.config;header_closure=rewrite/metadata/header_closure.tsv;selected=PENDING_REVIEW	425f94c2954b1fe80ebdbf9b29854e89750355df	9438e0a2880fb10b9c48bd5fa44ecfbce2266f760edb6c33780afecc0f69ee43	e9d9a47838c402d1d9b7e373524645143e738e83a03ccee0c2ae1ab75ac6b205	0123af9e96b58af4e98b91a2de5608d36b63c67864b9041d3340587f3dbe40d2	cfa8dcf0d81c408de38d4202fe1ce9d9e5e301d1e67439c9530da94b1e64ee3f	7484d7b0dd80f45e18d726b04752827fe28555cc5c1af0e127948380e6688abf
semantic-proposal-v1	SC1-cef0a72c3c396d745b65d8b2f55e3750c4323c17a9a9015cfe7038e9ffecf4ca	S016270	1	P02	SYMBOLS.tsv	385097	status	x86_64	include/uapi/linux/netfilter/nf_conntrack_common.h	enum_constant	IPS_SEEN_REPLY	49	PENDING_REVIEW	COMPLETE	COMPLETE	vendor/linux/include/uapi/linux/netfilter/nf_conntrack_common.h;vendor/linux/include/uapi/linux/netfilter/nf_conntrack_common.h:49;rewrite/configs/x86_64/frozen.config;header_closure=rewrite/metadata/header_closure.tsv;selected=PENDING_REVIEW	425f94c2954b1fe80ebdbf9b29854e89750355df	9438e0a2880fb10b9c48bd5fa44ecfbce2266f760edb6c33780afecc0f69ee43	e9d9a47838c402d1d9b7e373524645143e738e83a03ccee0c2ae1ab75ac6b205	0123af9e96b58af4e98b91a2de5608d36b63c67864b9041d3340587f3dbe40d2	cfa8dcf0d81c408de38d4202fe1ce9d9e5e301d1e67439c9530da94b1e64ee3f	7484d7b0dd80f45e18d726b04752827fe28555cc5c1af0e127948380e6688abf
semantic-proposal-v1	SC1-8cec70c5626e9341e0ccc95a827606c2b5580a223f029839894b5ee218139d35	S016270	1	P02	SYMBOLS.tsv	385098	selection_expression	x86_64	include/uapi/linux/netfilter/nf_conntrack_common.h	enum_constant	IPS_ASSURED_BIT	52	PENDING_REVIEW	SOURCE_REVIEWED_VALUE	COMPLETE	vendor/linux/include/uapi/linux/netfilter/nf_conntrack_common.h;vendor/linux/include/uapi/linux/netfilter/nf_conntrack_common.h:52;rewrite/configs/x86_64/frozen.config;header_closure=rewrite/metadata/header_closure.tsv;selected=PENDING_REVIEW	425f94c2954b1fe80ebdbf9b29854e89750355df	9438e0a2880fb10b9c48bd5fa44ecfbce2266f760edb6c33780afecc0f69ee43	e9d9a47838c402d1d9b7e373524645143e738e83a03ccee0c2ae1ab75ac6b205	0123af9e96b58af4e98b91a2de5608d36b63c67864b9041d3340587f3dbe40d2	cfa8dcf0d81c408de38d4202fe1ce9d9e5e301d1e67439c9530da94b1e64ee3f	7484d7b0dd80f45e18d726b04752827fe28555cc5c1af0e127948380e6688abf
semantic-proposal-v1	SC1-9ba73df9dc0af246076a2da367c5c3942bb981a19b8619b0c91b46668a9b98d7	S016270	1	P02	SYMBOLS.tsv	385098	status	x86_64	include/uapi/linux/netfilter/nf_conntrack_common.h	enum_constant	IPS_ASSURED_BIT	52	PENDING_REVIEW	COMPLETE	COMPLETE	vendor/linux/include/uapi/linux/netfilter/nf_conntrack_common.h;vendor/linux/include/uapi/linux/netfilter/nf_conntrack_common.h:52;rewrite/configs/x86_64/frozen.config;header_closure=rewrite/metadata/header_closure.tsv;selected=PENDING_REVIEW	425f94c2954b1fe80ebdbf9b29854e89750355df	9438e0a2880fb10b9c48bd5fa44ecfbce2266f760edb6c33780afecc0f69ee43	e9d9a47838c402d1d9b7e373524645143e738e83a03ccee0c2ae1ab75ac6b205	0123af9e96b58af4e98b91a2de5608d36b63c67864b9041d3340587f3dbe40d2	cfa8dcf0d81c408de38d4202fe1ce9d9e5e301d1e67439c9530da94b1e64ee3f	7484d7b0dd80f45e18d726b04752827fe28555cc5c1af0e127948380e6688abf
semantic-proposal-v1	SC1-21483de28d12fe644b7d00d1b8297c8a82716c80bc0ae1c170f3064813492dde	S016270	1	P02	SYMBOLS.tsv	385099	selection_expression	x86_64	include/uapi/linux/netfilter/nf_conntrack_common.h	enum_constant	IPS_ASSURED	53	PENDING_REVIEW	SOURCE_REVIEWED_VALUE	COMPLETE	vendor/linux/include/uapi/linux/netfilter/nf_conntrack_common.h;vendor/linux/include/uapi/linux/netfilter/nf_conntrack_common.h:53;rewrite/configs/x86_64/frozen.config;header_closure=rewrite/metadata/header_closure.tsv;selected=PENDING_REVIEW	425f94c2954b1fe80ebdbf9b29854e89750355df	9438e0a2880fb10b9c48bd5fa44ecfbce2266f760edb6c33780afecc0f69ee43	e9d9a47838c402d1d9b7e373524645143e738e83a03ccee0c2ae1ab75ac6b205	0123af9e96b58af4e98b91a2de5608d36b63c67864b9041d3340587f3dbe40d2	cfa8dcf0d81c408de38d4202fe1ce9d9e5e301d1e67439c9530da94b1e64ee3f	7484d7b0dd80f45e18d726b04752827fe28555cc5c1af0e127948380e6688abf
semantic-proposal-v1	SC1-32a23e9a77435b490a95a7f39b442ddac8ecc9175afcaeef46ebc288e46f7b84	S016270	1	P02	SYMBOLS.tsv	385099	status	x86_64	include/uapi/linux/netfilter/nf_conntrack_common.h	enum_constant	IPS_ASSURED	53	PENDING_REVIEW	COMPLETE	COMPLETE	vendor/linux/include/uapi/linux/netfilter/nf_conntrack_common.h;vendor/linux/include/uapi/linux/netfilter/nf_conntrack_common.h:53;rewrite/configs/x86_64/frozen.config;header_closure=rewrite/metadata/header_closure.tsv;selected=PENDING_REVIEW	425f94c2954b1fe80ebdbf9b29854e89750355df	9438e0a2880fb10b9c48bd5fa44ecfbce2266f760edb6c33780afecc0f69ee43	e9d9a47838c402d1d9b7e373524645143e738e83a03ccee0c2ae1ab75ac6b205	0123af9e96b58af4e98b91a2de5608d36b63c67864b9041d3340587f3dbe40d2	cfa8dcf0d81c408de38d4202fe1ce9d9e5e301d1e67439c9530da94b1e64ee3f	7484d7b0dd80f45e18d726b04752827fe28555cc5c1af0e127948380e6688abf
semantic-proposal-v1	SC1-9f1ac67cec7a8b1561031ff635934be3073932eca9d78a612661cc41acb92409	S016270	1	P02	SYMBOLS.tsv	385100	selection_expression	x86_64	include/uapi/linux/netfilter/nf_conntrack_common.h	enum_constant	IPS_CONFIRMED_BIT	56	PENDING_REVIEW	SOURCE_REVIEWED_VALUE	COMPLETE	vendor/linux/include/uapi/linux/netfilter/nf_conntrack_common.h;vendor/linux/include/uapi/linux/netfilter/nf_conntrack_common.h:56;rewrite/configs/x86_64/frozen.config;header_closure=rewrite/metadata/header_closure.tsv;selected=PENDING_REVIEW	425f94c2954b1fe80ebdbf9b29854e89750355df	9438e0a2880fb10b9c48bd5fa44ecfbce2266f760edb6c33780afecc0f69ee43	e9d9a47838c402d1d9b7e373524645143e738e83a03ccee0c2ae1ab75ac6b205	0123af9e96b58af4e98b91a2de5608d36b63c67864b9041d3340587f3dbe40d2	cfa8dcf0d81c408de38d4202fe1ce9d9e5e301d1e67439c9530da94b1e64ee3f	7484d7b0dd80f45e18d726b04752827fe28555cc5c1af0e127948380e6688abf
semantic-proposal-v1	SC1-70625081e3ffbc027177a47103e149c3ff83e5897c91365bcb338bd78a72db74	S016270	1	P02	SYMBOLS.tsv	385100	status	x86_64	include/uapi/linux/netfilter/nf_conntrack_common.h	enum_constant	IPS_CONFIRMED_BIT	56	PENDING_REVIEW	COMPLETE	COMPLETE	vendor/linux/include/uapi/linux/netfilter/nf_conntrack_common.h;vendor/linux/include/uapi/linux/netfilter/nf_conntrack_common.h:56;rewrite/configs/x86_64/frozen.config;header_closure=rewrite/metadata/header_closure.tsv;selected=PENDING_REVIEW	425f94c2954b1fe80ebdbf9b29854e89750355df	9438e0a2880fb10b9c48bd5fa44ecfbce2266f760edb6c33780afecc0f69ee43	e9d9a47838c402d1d9b7e373524645143e738e83a03ccee0c2ae1ab75ac6b205	0123af9e96b58af4e98b91a2de5608d36b63c67864b9041d3340587f3dbe40d2	cfa8dcf0d81c408de38d4202fe1ce9d9e5e301d1e67439c9530da94b1e64ee3f	7484d7b0dd80f45e18d726b04752827fe28555cc5c1af0e127948380e6688abf
semantic-proposal-v1	SC1-458a0f530b1eb79d8e230da8e82b2fe4d1b96850c3f979a4a9c1ed01fe19c30f	S016270	1	P02	SYMBOLS.tsv	385101	selection_expression	x86_64	include/uapi/linux/netfilter/nf_conntrack_common.h	enum_constant	IPS_CONFIRMED	57	PENDING_REVIEW	SOURCE_REVIEWED_VALUE	COMPLETE	vendor/linux/include/uapi/linux/netfilter/nf_conntrack_common.h;vendor/linux/include/uapi/linux/netfilter/nf_conntrack_common.h:57;rewrite/configs/x86_64/frozen.config;header_closure=rewrite/metadata/header_closure.tsv;selected=PENDING_REVIEW	425f94c2954b1fe80ebdbf9b29854e89750355df	9438e0a2880fb10b9c48bd5fa44ecfbce2266f760edb6c33780afecc0f69ee43	e9d9a47838c402d1d9b7e373524645143e738e83a03ccee0c2ae1ab75ac6b205	0123af9e96b58af4e98b91a2de5608d36b63c67864b9041d3340587f3dbe40d2	cfa8dcf0d81c408de38d4202fe1ce9d9e5e301d1e67439c9530da94b1e64ee3f	7484d7b0dd80f45e18d726b04752827fe28555cc5c1af0e127948380e6688abf
semantic-proposal-v1	SC1-e5a20984b55348bfc21f4c0b4e712eee28ae998316b2736ae5ca3fbe13904da7	S016270	1	P02	SYMBOLS.tsv	385101	status	x86_64	include/uapi/linux/netfilter/nf_conntrack_common.h	enum_constant	IPS_CONFIRMED	57	PENDING_REVIEW	COMPLETE	COMPLETE	vendor/linux/include/uapi/linux/netfilter/nf_conntrack_common.h;vendor/linux/include/uapi/linux/netfilter/nf_conntrack_common.h:57;rewrite/configs/x86_64/frozen.config;header_closure=rewrite/metadata/header_closure.tsv;selected=PENDING_REVIEW	425f94c2954b1fe80ebdbf9b29854e89750355df	9438e0a2880fb10b9c48bd5fa44ecfbce2266f760edb6c33780afecc0f69ee43	e9d9a47838c402d1d9b7e373524645143e738e83a03ccee0c2ae1ab75ac6b205	0123af9e96b58af4e98b91a2de5608d36b63c67864b9041d3340587f3dbe40d2	cfa8dcf0d81c408de38d4202fe1ce9d9e5e301d1e67439c9530da94b1e64ee3f	7484d7b0dd80f45e18d726b04752827fe28555cc5c1af0e127948380e6688abf
semantic-proposal-v1	SC1-ecbf54dd14e0e71f7ae60700eb0869e57f5d0bd31d895f6000217ffbd9b9020d	S016270	1	P02	SYMBOLS.tsv	385102	selection_expression	x86_64	include/uapi/linux/netfilter/nf_conntrack_common.h	enum_constant	IPS_SRC_NAT_BIT	60	PENDING_REVIEW	SOURCE_REVIEWED_VALUE	COMPLETE	vendor/linux/include/uapi/linux/netfilter/nf_conntrack_common.h;vendor/linux/include/uapi/linux/netfilter/nf_conntrack_common.h:60;rewrite/configs/x86_64/frozen.config;header_closure=rewrite/metadata/header_closure.tsv;selected=PENDING_REVIEW	425f94c2954b1fe80ebdbf9b29854e89750355df	9438e0a2880fb10b9c48bd5fa44ecfbce2266f760edb6c33780afecc0f69ee43	e9d9a47838c402d1d9b7e373524645143e738e83a03ccee0c2ae1ab75ac6b205	0123af9e96b58af4e98b91a2de5608d36b63c67864b9041d3340587f3dbe40d2	cfa8dcf0d81c408de38d4202fe1ce9d9e5e301d1e67439c9530da94b1e64ee3f	7484d7b0dd80f45e18d726b04752827fe28555cc5c1af0e127948380e6688abf
semantic-proposal-v1	SC1-df40c2ce1590497e9a0522900fa976315a9e15e3c664a2481c07a38b8a83543e	S016270	1	P02	SYMBOLS.tsv	385102	status	x86_64	include/uapi/linux/netfilter/nf_conntrack_common.h	enum_constant	IPS_SRC_NAT_BIT	60	PENDING_REVIEW	COMPLETE	COMPLETE	vendor/linux/include/uapi/linux/netfilter/nf_conntrack_common.h;vendor/linux/include/uapi/linux/netfilter/nf_conntrack_common.h:60;rewrite/configs/x86_64/frozen.config;header_closure=rewrite/metadata/header_closure.tsv;selected=PENDING_REVIEW	425f94c2954b1fe80ebdbf9b29854e89750355df	9438e0a2880fb10b9c48bd5fa44ecfbce2266f760edb6c33780afecc0f69ee43	e9d9a47838c402d1d9b7e373524645143e738e83a03ccee0c2ae1ab75ac6b205	0123af9e96b58af4e98b91a2de5608d36b63c67864b9041d3340587f3dbe40d2	cfa8dcf0d81c408de38d4202fe1ce9d9e5e301d1e67439c9530da94b1e64ee3f	7484d7b0dd80f45e18d726b04752827fe28555cc5c1af0e127948380e6688abf
semantic-proposal-v1	SC1-9774938c170e33c4a0bd11d08a12dc7149605bd3c46923715176ec9270316c6f	S016270	1	P02	SYMBOLS.tsv	385103	selection_expression	x86_64	include/uapi/linux/netfilter/nf_conntrack_common.h	enum_constant	IPS_SRC_NAT	61	PENDING_REVIEW	SOURCE_REVIEWED_VALUE	COMPLETE	vendor/linux/include/uapi/linux/netfilter/nf_conntrack_common.h;vendor/linux/include/uapi/linux/netfilter/nf_conntrack_common.h:61;rewrite/configs/x86_64/frozen.config;header_closure=rewrite/metadata/header_closure.tsv;selected=PENDING_REVIEW	425f94c2954b1fe80ebdbf9b29854e89750355df	9438e0a2880fb10b9c48bd5fa44ecfbce2266f760edb6c33780afecc0f69ee43	e9d9a47838c402d1d9b7e373524645143e738e83a03ccee0c2ae1ab75ac6b205	0123af9e96b58af4e98b91a2de5608d36b63c67864b9041d3340587f3dbe40d2	cfa8dcf0d81c408de38d4202fe1ce9d9e5e301d1e67439c9530da94b1e64ee3f	7484d7b0dd80f45e18d726b04752827fe28555cc5c1af0e127948380e6688abf
semantic-proposal-v1	SC1-df233a82cc196cfb4f0a71ecf3ecd4d6ffaff2d8b4cd5b4f56eedb04337be7d3	S016270	1	P02	SYMBOLS.tsv	385103	status	x86_64	include/uapi/linux/netfilter/nf_conntrack_common.h	enum_constant	IPS_SRC_NAT	61	PENDING_REVIEW	COMPLETE	COMPLETE	vendor/linux/include/uapi/linux/netfilter/nf_conntrack_common.h;vendor/linux/include/uapi/linux/netfilter/nf_conntrack_common.h:61;rewrite/configs/x86_64/frozen.config;header_closure=rewrite/metadata/header_closure.tsv;selected=PENDING_REVIEW	425f94c2954b1fe80ebdbf9b29854e89750355df	9438e0a2880fb10b9c48bd5fa44ecfbce2266f760edb6c33780afecc0f69ee43	e9d9a47838c402d1d9b7e373524645143e738e83a03ccee0c2ae1ab75ac6b205	0123af9e96b58af4e98b91a2de5608d36b63c67864b9041d3340587f3dbe40d2	cfa8dcf0d81c408de38d4202fe1ce9d9e5e301d1e67439c9530da94b1e64ee3f	7484d7b0dd80f45e18d726b04752827fe28555cc5c1af0e127948380e6688abf
semantic-proposal-v1	SC1-3354914a90fddea937393b8bc95c694df90f8fdaea84b16d35f63fb73051637d	S016270	1	P02	SYMBOLS.tsv	385104	selection_expression	x86_64	include/uapi/linux/netfilter/nf_conntrack_common.h	enum_constant	IPS_DST_NAT_BIT	64	PENDING_REVIEW	SOURCE_REVIEWED_VALUE	COMPLETE	vendor/linux/include/uapi/linux/netfilter/nf_conntrack_common.h;vendor/linux/include/uapi/linux/netfilter/nf_conntrack_common.h:64;rewrite/configs/x86_64/frozen.config;header_closure=rewrite/metadata/header_closure.tsv;selected=PENDING_REVIEW	425f94c2954b1fe80ebdbf9b29854e89750355df	9438e0a2880fb10b9c48bd5fa44ecfbce2266f760edb6c33780afecc0f69ee43	e9d9a47838c402d1d9b7e373524645143e738e83a03ccee0c2ae1ab75ac6b205	0123af9e96b58af4e98b91a2de5608d36b63c67864b9041d3340587f3dbe40d2	cfa8dcf0d81c408de38d4202fe1ce9d9e5e301d1e67439c9530da94b1e64ee3f	7484d7b0dd80f45e18d726b04752827fe28555cc5c1af0e127948380e6688abf
semantic-proposal-v1	SC1-1c9fc95e163dc09f3b83a5c8be78892369afb0f25a24252099f1868ccee28e7f	S016270	1	P02	SYMBOLS.tsv	385104	status	x86_64	include/uapi/linux/netfilter/nf_conntrack_common.h	enum_constant	IPS_DST_NAT_BIT	64	PENDING_REVIEW	COMPLETE	COMPLETE	vendor/linux/include/uapi/linux/netfilter/nf_conntrack_common.h;vendor/linux/include/uapi/linux/netfilter/nf_conntrack_common.h:64;rewrite/configs/x86_64/frozen.config;header_closure=rewrite/metadata/header_closure.tsv;selected=PENDING_REVIEW	425f94c2954b1fe80ebdbf9b29854e89750355df	9438e0a2880fb10b9c48bd5fa44ecfbce2266f760edb6c33780afecc0f69ee43	e9d9a47838c402d1d9b7e373524645143e738e83a03ccee0c2ae1ab75ac6b205	0123af9e96b58af4e98b91a2de5608d36b63c67864b9041d3340587f3dbe40d2	cfa8dcf0d81c408de38d4202fe1ce9d9e5e301d1e67439c9530da94b1e64ee3f	7484d7b0dd80f45e18d726b04752827fe28555cc5c1af0e127948380e6688abf
semantic-proposal-v1	SC1-f198110f4cf03f450d3629971aee95676f3228ca55c4b2d5fdf7761eb22608ab	S016270	1	P02	SYMBOLS.tsv	385105	selection_expression	x86_64	include/uapi/linux/netfilter/nf_conntrack_common.h	enum_constant	IPS_DST_NAT	65	PENDING_REVIEW	SOURCE_REVIEWED_VALUE	COMPLETE	vendor/linux/include/uapi/linux/netfilter/nf_conntrack_common.h;vendor/linux/include/uapi/linux/netfilter/nf_conntrack_common.h:65;rewrite/configs/x86_64/frozen.config;header_closure=rewrite/metadata/header_closure.tsv;selected=PENDING_REVIEW	425f94c2954b1fe80ebdbf9b29854e89750355df	9438e0a2880fb10b9c48bd5fa44ecfbce2266f760edb6c33780afecc0f69ee43	e9d9a47838c402d1d9b7e373524645143e738e83a03ccee0c2ae1ab75ac6b205	0123af9e96b58af4e98b91a2de5608d36b63c67864b9041d3340587f3dbe40d2	cfa8dcf0d81c408de38d4202fe1ce9d9e5e301d1e67439c9530da94b1e64ee3f	7484d7b0dd80f45e18d726b04752827fe28555cc5c1af0e127948380e6688abf
semantic-proposal-v1	SC1-5f2d6382bfecb38915dd9ca615ce4791fe4e63aa74dfaa3cd7f210dd5a15ac1b	S016270	1	P02	SYMBOLS.tsv	385105	status	x86_64	include/uapi/linux/netfilter/nf_conntrack_common.h	enum_constant	IPS_DST_NAT	65	PENDING_REVIEW	COMPLETE	COMPLETE	vendor/linux/include/uapi/linux/netfilter/nf_conntrack_common.h;vendor/linux/include/uapi/linux/netfilter/nf_conntrack_common.h:65;rewrite/configs/x86_64/frozen.config;header_closure=rewrite/metadata/header_closure.tsv;selected=PENDING_REVIEW	425f94c2954b1fe80ebdbf9b29854e89750355df	9438e0a2880fb10b9c48bd5fa44ecfbce2266f760edb6c33780afecc0f69ee43	e9d9a47838c402d1d9b7e373524645143e738e83a03ccee0c2ae1ab75ac6b205	0123af9e96b58af4e98b91a2de5608d36b63c67864b9041d3340587f3dbe40d2	cfa8dcf0d81c408de38d4202fe1ce9d9e5e301d1e67439c9530da94b1e64ee3f	7484d7b0dd80f45e18d726b04752827fe28555cc5c1af0e127948380e6688abf
semantic-proposal-v1	SC1-1b8eb422cc6b70121f58ee51181bda509f6d3499ec23be70b494ea097c0bbeda	S016270	1	P02	SYMBOLS.tsv	385106	selection_expression	x86_64	include/uapi/linux/netfilter/nf_conntrack_common.h	enum_constant	IPS_NAT_MASK	68	PENDING_REVIEW	SOURCE_REVIEWED_VALUE	COMPLETE	vendor/linux/include/uapi/linux/netfilter/nf_conntrack_common.h;vendor/linux/include/uapi/linux/netfilter/nf_conntrack_common.h:68;rewrite/configs/x86_64/frozen.config;header_closure=rewrite/metadata/header_closure.tsv;selected=PENDING_REVIEW	425f94c2954b1fe80ebdbf9b29854e89750355df	9438e0a2880fb10b9c48bd5fa44ecfbce2266f760edb6c33780afecc0f69ee43	e9d9a47838c402d1d9b7e373524645143e738e83a03ccee0c2ae1ab75ac6b205	0123af9e96b58af4e98b91a2de5608d36b63c67864b9041d3340587f3dbe40d2	cfa8dcf0d81c408de38d4202fe1ce9d9e5e301d1e67439c9530da94b1e64ee3f	7484d7b0dd80f45e18d726b04752827fe28555cc5c1af0e127948380e6688abf
semantic-proposal-v1	SC1-ce6d01f7e3c25fbdd8c03ea6b5ba3cb53e36a215818ae76c5a9a17b2cb090eca	S016270	1	P02	SYMBOLS.tsv	385106	status	x86_64	include/uapi/linux/netfilter/nf_conntrack_common.h	enum_constant	IPS_NAT_MASK	68	PENDING_REVIEW	COMPLETE	COMPLETE	vendor/linux/include/uapi/linux/netfilter/nf_conntrack_common.h;vendor/linux/include/uapi/linux/netfilter/nf_conntrack_common.h:68;rewrite/configs/x86_64/frozen.config;header_closure=rewrite/metadata/header_closure.tsv;selected=PENDING_REVIEW	425f94c2954b1fe80ebdbf9b29854e89750355df	9438e0a2880fb10b9c48bd5fa44ecfbce2266f760edb6c33780afecc0f69ee43	e9d9a47838c402d1d9b7e373524645143e738e83a03ccee0c2ae1ab75ac6b205	0123af9e96b58af4e98b91a2de5608d36b63c67864b9041d3340587f3dbe40d2	cfa8dcf0d81c408de38d4202fe1ce9d9e5e301d1e67439c9530da94b1e64ee3f	7484d7b0dd80f45e18d726b04752827fe28555cc5c1af0e127948380e6688abf
semantic-proposal-v1	SC1-c3a7d6156cafd76bae92d14ea71361bc16cc67728699d0c9fe7f24fa1e7c4c9f	S016270	1	P02	SYMBOLS.tsv	385107	selection_expression	x86_64	include/uapi/linux/netfilter/nf_conntrack_common.h	enum_constant	IPS_SEQ_ADJUST_BIT	71	PENDING_REVIEW	SOURCE_REVIEWED_VALUE	COMPLETE	vendor/linux/include/uapi/linux/netfilter/nf_conntrack_common.h;vendor/linux/include/uapi/linux/netfilter/nf_conntrack_common.h:71;rewrite/configs/x86_64/frozen.config;header_closure=rewrite/metadata/header_closure.tsv;selected=PENDING_REVIEW	425f94c2954b1fe80ebdbf9b29854e89750355df	9438e0a2880fb10b9c48bd5fa44ecfbce2266f760edb6c33780afecc0f69ee43	e9d9a47838c402d1d9b7e373524645143e738e83a03ccee0c2ae1ab75ac6b205	0123af9e96b58af4e98b91a2de5608d36b63c67864b9041d3340587f3dbe40d2	cfa8dcf0d81c408de38d4202fe1ce9d9e5e301d1e67439c9530da94b1e64ee3f	7484d7b0dd80f45e18d726b04752827fe28555cc5c1af0e127948380e6688abf
semantic-proposal-v1	SC1-25fbfd3f89a9e1e6b0f0f907c2d516a654ab49468e0b22fba9b8c29e01a4e9a7	S016270	1	P02	SYMBOLS.tsv	385107	status	x86_64	include/uapi/linux/netfilter/nf_conntrack_common.h	enum_constant	IPS_SEQ_ADJUST_BIT	71	PENDING_REVIEW	COMPLETE	COMPLETE	vendor/linux/include/uapi/linux/netfilter/nf_conntrack_common.h;vendor/linux/include/uapi/linux/netfilter/nf_conntrack_common.h:71;rewrite/configs/x86_64/frozen.config;header_closure=rewrite/metadata/header_closure.tsv;selected=PENDING_REVIEW	425f94c2954b1fe80ebdbf9b29854e89750355df	9438e0a2880fb10b9c48bd5fa44ecfbce2266f760edb6c33780afecc0f69ee43	e9d9a47838c402d1d9b7e373524645143e738e83a03ccee0c2ae1ab75ac6b205	0123af9e96b58af4e98b91a2de5608d36b63c67864b9041d3340587f3dbe40d2	cfa8dcf0d81c408de38d4202fe1ce9d9e5e301d1e67439c9530da94b1e64ee3f	7484d7b0dd80f45e18d726b04752827fe28555cc5c1af0e127948380e6688abf
semantic-proposal-v1	SC1-1e8f7fcbb9c2a296e50ae7fede0f73ddd05931df9565c0ce65dc246cc126acb4	S016270	1	P02	SYMBOLS.tsv	385108	selection_expression	x86_64	include/uapi/linux/netfilter/nf_conntrack_common.h	enum_constant	IPS_SEQ_ADJUST	72	PENDING_REVIEW	SOURCE_REVIEWED_VALUE	COMPLETE	vendor/linux/include/uapi/linux/netfilter/nf_conntrack_common.h;vendor/linux/include/uapi/linux/netfilter/nf_conntrack_common.h:72;rewrite/configs/x86_64/frozen.config;header_closure=rewrite/metadata/header_closure.tsv;selected=PENDING_REVIEW	425f94c2954b1fe80ebdbf9b29854e89750355df	9438e0a2880fb10b9c48bd5fa44ecfbce2266f760edb6c33780afecc0f69ee43	e9d9a47838c402d1d9b7e373524645143e738e83a03ccee0c2ae1ab75ac6b205	0123af9e96b58af4e98b91a2de5608d36b63c67864b9041d3340587f3dbe40d2	cfa8dcf0d81c408de38d4202fe1ce9d9e5e301d1e67439c9530da94b1e64ee3f	7484d7b0dd80f45e18d726b04752827fe28555cc5c1af0e127948380e6688abf
semantic-proposal-v1	SC1-a6818ae03dd753e9ae73db4fcfbc20752074a5f9ff8daf70b1cdeb3092cb2ae0	S016270	1	P02	SYMBOLS.tsv	385108	status	x86_64	include/uapi/linux/netfilter/nf_conntrack_common.h	enum_constant	IPS_SEQ_ADJUST	72	PENDING_REVIEW	COMPLETE	COMPLETE	vendor/linux/include/uapi/linux/netfilter/nf_conntrack_common.h;vendor/linux/include/uapi/linux/netfilter/nf_conntrack_common.h:72;rewrite/configs/x86_64/frozen.config;header_closure=rewrite/metadata/header_closure.tsv;selected=PENDING_REVIEW	425f94c2954b1fe80ebdbf9b29854e89750355df	9438e0a2880fb10b9c48bd5fa44ecfbce2266f760edb6c33780afecc0f69ee43	e9d9a47838c402d1d9b7e373524645143e738e83a03ccee0c2ae1ab75ac6b205	0123af9e96b58af4e98b91a2de5608d36b63c67864b9041d3340587f3dbe40d2	cfa8dcf0d81c408de38d4202fe1ce9d9e5e301d1e67439c9530da94b1e64ee3f	7484d7b0dd80f45e18d726b04752827fe28555cc5c1af0e127948380e6688abf
semantic-proposal-v1	SC1-fe116104de6922a9103e8ccea8c91ff0640ce81b8f9c1c3c79605b1c1973cffd	S016270	1	P02	SYMBOLS.tsv	385109	selection_expression	x86_64	include/uapi/linux/netfilter/nf_conntrack_common.h	enum_constant	IPS_SRC_NAT_DONE_BIT	75	PENDING_REVIEW	SOURCE_REVIEWED_VALUE	COMPLETE	vendor/linux/include/uapi/linux/netfilter/nf_conntrack_common.h;vendor/linux/include/uapi/linux/netfilter/nf_conntrack_common.h:75;rewrite/configs/x86_64/frozen.config;header_closure=rewrite/metadata/header_closure.tsv;selected=PENDING_REVIEW	425f94c2954b1fe80ebdbf9b29854e89750355df	9438e0a2880fb10b9c48bd5fa44ecfbce2266f760edb6c33780afecc0f69ee43	e9d9a47838c402d1d9b7e373524645143e738e83a03ccee0c2ae1ab75ac6b205	0123af9e96b58af4e98b91a2de5608d36b63c67864b9041d3340587f3dbe40d2	cfa8dcf0d81c408de38d4202fe1ce9d9e5e301d1e67439c9530da94b1e64ee3f	7484d7b0dd80f45e18d726b04752827fe28555cc5c1af0e127948380e6688abf
semantic-proposal-v1	SC1-de35938b30026b727dc193c2bb891e5f0fe0b9b103f16e51158b76f93be7447b	S016270	1	P02	SYMBOLS.tsv	385109	status	x86_64	include/uapi/linux/netfilter/nf_conntrack_common.h	enum_constant	IPS_SRC_NAT_DONE_BIT	75	PENDING_REVIEW	COMPLETE	COMPLETE	vendor/linux/include/uapi/linux/netfilter/nf_conntrack_common.h;vendor/linux/include/uapi/linux/netfilter/nf_conntrack_common.h:75;rewrite/configs/x86_64/frozen.config;header_closure=rewrite/metadata/header_closure.tsv;selected=PENDING_REVIEW	425f94c2954b1fe80ebdbf9b29854e89750355df	9438e0a2880fb10b9c48bd5fa44ecfbce2266f760edb6c33780afecc0f69ee43	e9d9a47838c402d1d9b7e373524645143e738e83a03ccee0c2ae1ab75ac6b205	0123af9e96b58af4e98b91a2de5608d36b63c67864b9041d3340587f3dbe40d2	cfa8dcf0d81c408de38d4202fe1ce9d9e5e301d1e67439c9530da94b1e64ee3f	7484d7b0dd80f45e18d726b04752827fe28555cc5c1af0e127948380e6688abf
semantic-proposal-v1	SC1-2d9a1cf88cde6f3407d8706efc220e81d5b6f17db93e758b91ae28ea7b2e42ad	S016270	1	P02	SYMBOLS.tsv	385110	selection_expression	x86_64	include/uapi/linux/netfilter/nf_conntrack_common.h	enum_constant	IPS_SRC_NAT_DONE	76	PENDING_REVIEW	SOURCE_REVIEWED_VALUE	COMPLETE	vendor/linux/include/uapi/linux/netfilter/nf_conntrack_common.h;vendor/linux/include/uapi/linux/netfilter/nf_conntrack_common.h:76;rewrite/configs/x86_64/frozen.config;header_closure=rewrite/metadata/header_closure.tsv;selected=PENDING_REVIEW	425f94c2954b1fe80ebdbf9b29854e89750355df	9438e0a2880fb10b9c48bd5fa44ecfbce2266f760edb6c33780afecc0f69ee43	e9d9a47838c402d1d9b7e373524645143e738e83a03ccee0c2ae1ab75ac6b205	0123af9e96b58af4e98b91a2de5608d36b63c67864b9041d3340587f3dbe40d2	cfa8dcf0d81c408de38d4202fe1ce9d9e5e301d1e67439c9530da94b1e64ee3f	7484d7b0dd80f45e18d726b04752827fe28555cc5c1af0e127948380e6688abf
semantic-proposal-v1	SC1-306c847e13f725eba3b9b3993ebd2db6ed355c6ba1a13d93ad5127210b26a995	S016270	1	P02	SYMBOLS.tsv	385110	status	x86_64	include/uapi/linux/netfilter/nf_conntrack_common.h	enum_constant	IPS_SRC_NAT_DONE	76	PENDING_REVIEW	COMPLETE	COMPLETE	vendor/linux/include/uapi/linux/netfilter/nf_conntrack_common.h;vendor/linux/include/uapi/linux/netfilter/nf_conntrack_common.h:76;rewrite/configs/x86_64/frozen.config;header_closure=rewrite/metadata/header_closure.tsv;selected=PENDING_REVIEW	425f94c2954b1fe80ebdbf9b29854e89750355df	9438e0a2880fb10b9c48bd5fa44ecfbce2266f760edb6c33780afecc0f69ee43	e9d9a47838c402d1d9b7e373524645143e738e83a03ccee0c2ae1ab75ac6b205	0123af9e96b58af4e98b91a2de5608d36b63c67864b9041d3340587f3dbe40d2	cfa8dcf0d81c408de38d4202fe1ce9d9e5e301d1e67439c9530da94b1e64ee3f	7484d7b0dd80f45e18d726b04752827fe28555cc5c1af0e127948380e6688abf
semantic-proposal-v1	SC1-cdf3ee4a0505d59c069dafd77a2dc7afc9850a6f2ae775f8ddd0bc4304135bc5	S016270	1	P02	SYMBOLS.tsv	385111	selection_expression	x86_64	include/uapi/linux/netfilter/nf_conntrack_common.h	enum_constant	IPS_DST_NAT_DONE_BIT	78	PENDING_REVIEW	SOURCE_REVIEWED_VALUE	COMPLETE	vendor/linux/include/uapi/linux/netfilter/nf_conntrack_common.h;vendor/linux/include/uapi/linux/netfilter/nf_conntrack_common.h:78;rewrite/configs/x86_64/frozen.config;header_closure=rewrite/metadata/header_closure.tsv;selected=PENDING_REVIEW	425f94c2954b1fe80ebdbf9b29854e89750355df	9438e0a2880fb10b9c48bd5fa44ecfbce2266f760edb6c33780afecc0f69ee43	e9d9a47838c402d1d9b7e373524645143e738e83a03ccee0c2ae1ab75ac6b205	0123af9e96b58af4e98b91a2de5608d36b63c67864b9041d3340587f3dbe40d2	cfa8dcf0d81c408de38d4202fe1ce9d9e5e301d1e67439c9530da94b1e64ee3f	7484d7b0dd80f45e18d726b04752827fe28555cc5c1af0e127948380e6688abf
semantic-proposal-v1	SC1-e872d3986e82151415a1ca8146ca27a3f766592e3150ba8e68bf645b1d5c745b	S016270	1	P02	SYMBOLS.tsv	385111	status	x86_64	include/uapi/linux/netfilter/nf_conntrack_common.h	enum_constant	IPS_DST_NAT_DONE_BIT	78	PENDING_REVIEW	COMPLETE	COMPLETE	vendor/linux/include/uapi/linux/netfilter/nf_conntrack_common.h;vendor/linux/include/uapi/linux/netfilter/nf_conntrack_common.h:78;rewrite/configs/x86_64/frozen.config;header_closure=rewrite/metadata/header_closure.tsv;selected=PENDING_REVIEW	425f94c2954b1fe80ebdbf9b29854e89750355df	9438e0a2880fb10b9c48bd5fa44ecfbce2266f760edb6c33780afecc0f69ee43	e9d9a47838c402d1d9b7e373524645143e738e83a03ccee0c2ae1ab75ac6b205	0123af9e96b58af4e98b91a2de5608d36b63c67864b9041d3340587f3dbe40d2	cfa8dcf0d81c408de38d4202fe1ce9d9e5e301d1e67439c9530da94b1e64ee3f	7484d7b0dd80f45e18d726b04752827fe28555cc5c1af0e127948380e6688abf
semantic-proposal-v1	SC1-7d697c8d4efe85aabba38b387f97000a9c141a468cc163ebdc2731a9f9ad14dd	S016270	1	P02	SYMBOLS.tsv	385112	selection_expression	x86_64	include/uapi/linux/netfilter/nf_conntrack_common.h	enum_constant	IPS_DST_NAT_DONE	79	PENDING_REVIEW	SOURCE_REVIEWED_VALUE	COMPLETE	vendor/linux/include/uapi/linux/netfilter/nf_conntrack_common.h;vendor/linux/include/uapi/linux/netfilter/nf_conntrack_common.h:79;rewrite/configs/x86_64/frozen.config;header_closure=rewrite/metadata/header_closure.tsv;selected=PENDING_REVIEW	425f94c2954b1fe80ebdbf9b29854e89750355df	9438e0a2880fb10b9c48bd5fa44ecfbce2266f760edb6c33780afecc0f69ee43	e9d9a47838c402d1d9b7e373524645143e738e83a03ccee0c2ae1ab75ac6b205	0123af9e96b58af4e98b91a2de5608d36b63c67864b9041d3340587f3dbe40d2	cfa8dcf0d81c408de38d4202fe1ce9d9e5e301d1e67439c9530da94b1e64ee3f	7484d7b0dd80f45e18d726b04752827fe28555cc5c1af0e127948380e6688abf
semantic-proposal-v1	SC1-72c926313140c171ad48c01fc8cbde98e88f48dd9cf073941e6e00a9ecb48ffd	S016270	1	P02	SYMBOLS.tsv	385112	status	x86_64	include/uapi/linux/netfilter/nf_conntrack_common.h	enum_constant	IPS_DST_NAT_DONE	79	PENDING_REVIEW	COMPLETE	COMPLETE	vendor/linux/include/uapi/linux/netfilter/nf_conntrack_common.h;vendor/linux/include/uapi/linux/netfilter/nf_conntrack_common.h:79;rewrite/configs/x86_64/frozen.config;header_closure=rewrite/metadata/header_closure.tsv;selected=PENDING_REVIEW	425f94c2954b1fe80ebdbf9b29854e89750355df	9438e0a2880fb10b9c48bd5fa44ecfbce2266f760edb6c33780afecc0f69ee43	e9d9a47838c402d1d9b7e373524645143e738e83a03ccee0c2ae1ab75ac6b205	0123af9e96b58af4e98b91a2de5608d36b63c67864b9041d3340587f3dbe40d2	cfa8dcf0d81c408de38d4202fe1ce9d9e5e301d1e67439c9530da94b1e64ee3f	7484d7b0dd80f45e18d726b04752827fe28555cc5c1af0e127948380e6688abf
semantic-proposal-v1	SC1-881071f337e57e740e0dcafb87d2139e550259d171c351a763cfc65a2032d078	S016270	1	P02	SYMBOLS.tsv	385113	selection_expression	x86_64	include/uapi/linux/netfilter/nf_conntrack_common.h	enum_constant	IPS_NAT_DONE_MASK	82	PENDING_REVIEW	SOURCE_REVIEWED_VALUE	COMPLETE	vendor/linux/include/uapi/linux/netfilter/nf_conntrack_common.h;vendor/linux/include/uapi/linux/netfilter/nf_conntrack_common.h:82;rewrite/configs/x86_64/frozen.config;header_closure=rewrite/metadata/header_closure.tsv;selected=PENDING_REVIEW	425f94c2954b1fe80ebdbf9b29854e89750355df	9438e0a2880fb10b9c48bd5fa44ecfbce2266f760edb6c33780afecc0f69ee43	e9d9a47838c402d1d9b7e373524645143e738e83a03ccee0c2ae1ab75ac6b205	0123af9e96b58af4e98b91a2de5608d36b63c67864b9041d3340587f3dbe40d2	cfa8dcf0d81c408de38d4202fe1ce9d9e5e301d1e67439c9530da94b1e64ee3f	7484d7b0dd80f45e18d726b04752827fe28555cc5c1af0e127948380e6688abf
semantic-proposal-v1	SC1-194eea12c7278b4af02adbf4948a535c1e1b30a1c9896db3e6e8ba4c7cc18461	S016270	1	P02	SYMBOLS.tsv	385113	status	x86_64	include/uapi/linux/netfilter/nf_conntrack_common.h	enum_constant	IPS_NAT_DONE_MASK	82	PENDING_REVIEW	COMPLETE	COMPLETE	vendor/linux/include/uapi/linux/netfilter/nf_conntrack_common.h;vendor/linux/include/uapi/linux/netfilter/nf_conntrack_common.h:82;rewrite/configs/x86_64/frozen.config;header_closure=rewrite/metadata/header_closure.tsv;selected=PENDING_REVIEW	425f94c2954b1fe80ebdbf9b29854e89750355df	9438e0a2880fb10b9c48bd5fa44ecfbce2266f760edb6c33780afecc0f69ee43	e9d9a47838c402d1d9b7e373524645143e738e83a03ccee0c2ae1ab75ac6b205	0123af9e96b58af4e98b91a2de5608d36b63c67864b9041d3340587f3dbe40d2	cfa8dcf0d81c408de38d4202fe1ce9d9e5e301d1e67439c9530da94b1e64ee3f	7484d7b0dd80f45e18d726b04752827fe28555cc5c1af0e127948380e6688abf
semantic-proposal-v1	SC1-5d81484d9a59147d4d6ad20ea2326300f5177e88380ba3314aa0d6d5a4c39ce8	S016270	1	P02	SYMBOLS.tsv	385114	selection_expression	x86_64	include/uapi/linux/netfilter/nf_conntrack_common.h	enum_constant	IPS_DYING_BIT	85	PENDING_REVIEW	SOURCE_REVIEWED_VALUE	COMPLETE	vendor/linux/include/uapi/linux/netfilter/nf_conntrack_common.h;vendor/linux/include/uapi/linux/netfilter/nf_conntrack_common.h:85;rewrite/configs/x86_64/frozen.config;header_closure=rewrite/metadata/header_closure.tsv;selected=PENDING_REVIEW	425f94c2954b1fe80ebdbf9b29854e89750355df	9438e0a2880fb10b9c48bd5fa44ecfbce2266f760edb6c33780afecc0f69ee43	e9d9a47838c402d1d9b7e373524645143e738e83a03ccee0c2ae1ab75ac6b205	0123af9e96b58af4e98b91a2de5608d36b63c67864b9041d3340587f3dbe40d2	cfa8dcf0d81c408de38d4202fe1ce9d9e5e301d1e67439c9530da94b1e64ee3f	7484d7b0dd80f45e18d726b04752827fe28555cc5c1af0e127948380e6688abf
semantic-proposal-v1	SC1-27218c7ad07dfec18bc9a2d117f85fecb4f593893dc930b3b199e2494f3465ca	S016270	1	P02	SYMBOLS.tsv	385114	status	x86_64	include/uapi/linux/netfilter/nf_conntrack_common.h	enum_constant	IPS_DYING_BIT	85	PENDING_REVIEW	COMPLETE	COMPLETE	vendor/linux/include/uapi/linux/netfilter/nf_conntrack_common.h;vendor/linux/include/uapi/linux/netfilter/nf_conntrack_common.h:85;rewrite/configs/x86_64/frozen.config;header_closure=rewrite/metadata/header_closure.tsv;selected=PENDING_REVIEW	425f94c2954b1fe80ebdbf9b29854e89750355df	9438e0a2880fb10b9c48bd5fa44ecfbce2266f760edb6c33780afecc0f69ee43	e9d9a47838c402d1d9b7e373524645143e738e83a03ccee0c2ae1ab75ac6b205	0123af9e96b58af4e98b91a2de5608d36b63c67864b9041d3340587f3dbe40d2	cfa8dcf0d81c408de38d4202fe1ce9d9e5e301d1e67439c9530da94b1e64ee3f	7484d7b0dd80f45e18d726b04752827fe28555cc5c1af0e127948380e6688abf
semantic-proposal-v1	SC1-74608661379b08cf9b3924e56bc04d42ed798046544c165aa1103d9a7b230595	S016270	1	P02	SYMBOLS.tsv	385115	selection_expression	x86_64	include/uapi/linux/netfilter/nf_conntrack_common.h	enum_constant	IPS_DYING	86	PENDING_REVIEW	SOURCE_REVIEWED_VALUE	COMPLETE	vendor/linux/include/uapi/linux/netfilter/nf_conntrack_common.h;vendor/linux/include/uapi/linux/netfilter/nf_conntrack_common.h:86;rewrite/configs/x86_64/frozen.config;header_closure=rewrite/metadata/header_closure.tsv;selected=PENDING_REVIEW	425f94c2954b1fe80ebdbf9b29854e89750355df	9438e0a2880fb10b9c48bd5fa44ecfbce2266f760edb6c33780afecc0f69ee43	e9d9a47838c402d1d9b7e373524645143e738e83a03ccee0c2ae1ab75ac6b205	0123af9e96b58af4e98b91a2de5608d36b63c67864b9041d3340587f3dbe40d2	cfa8dcf0d81c408de38d4202fe1ce9d9e5e301d1e67439c9530da94b1e64ee3f	7484d7b0dd80f45e18d726b04752827fe28555cc5c1af0e127948380e6688abf
semantic-proposal-v1	SC1-2956eba25618227c1ef47d1bcb31f0b8e5cd56137624f473ebad87570e9797b7	S016270	1	P02	SYMBOLS.tsv	385115	status	x86_64	include/uapi/linux/netfilter/nf_conntrack_common.h	enum_constant	IPS_DYING	86	PENDING_REVIEW	COMPLETE	COMPLETE	vendor/linux/include/uapi/linux/netfilter/nf_conntrack_common.h;vendor/linux/include/uapi/linux/netfilter/nf_conntrack_common.h:86;rewrite/configs/x86_64/frozen.config;header_closure=rewrite/metadata/header_closure.tsv;selected=PENDING_REVIEW	425f94c2954b1fe80ebdbf9b29854e89750355df	9438e0a2880fb10b9c48bd5fa44ecfbce2266f760edb6c33780afecc0f69ee43	e9d9a47838c402d1d9b7e373524645143e738e83a03ccee0c2ae1ab75ac6b205	0123af9e96b58af4e98b91a2de5608d36b63c67864b9041d3340587f3dbe40d2	cfa8dcf0d81c408de38d4202fe1ce9d9e5e301d1e67439c9530da94b1e64ee3f	7484d7b0dd80f45e18d726b04752827fe28555cc5c1af0e127948380e6688abf
semantic-proposal-v1	SC1-bce421741a045a5d7dab4c2ea78276c06809f7cd8cbeec11f734209334f6836c	S016270	1	P02	SYMBOLS.tsv	385116	selection_expression	x86_64	include/uapi/linux/netfilter/nf_conntrack_common.h	enum_constant	IPS_FIXED_TIMEOUT_BIT	89	PENDING_REVIEW	SOURCE_REVIEWED_VALUE	COMPLETE	vendor/linux/include/uapi/linux/netfilter/nf_conntrack_common.h;vendor/linux/include/uapi/linux/netfilter/nf_conntrack_common.h:89;rewrite/configs/x86_64/frozen.config;header_closure=rewrite/metadata/header_closure.tsv;selected=PENDING_REVIEW	425f94c2954b1fe80ebdbf9b29854e89750355df	9438e0a2880fb10b9c48bd5fa44ecfbce2266f760edb6c33780afecc0f69ee43	e9d9a47838c402d1d9b7e373524645143e738e83a03ccee0c2ae1ab75ac6b205	0123af9e96b58af4e98b91a2de5608d36b63c67864b9041d3340587f3dbe40d2	cfa8dcf0d81c408de38d4202fe1ce9d9e5e301d1e67439c9530da94b1e64ee3f	7484d7b0dd80f45e18d726b04752827fe28555cc5c1af0e127948380e6688abf
semantic-proposal-v1	SC1-00900433d4baee52482d319c7199d454f29f01f807bea08a51f0814411382bf1	S016270	1	P02	SYMBOLS.tsv	385116	status	x86_64	include/uapi/linux/netfilter/nf_conntrack_common.h	enum_constant	IPS_FIXED_TIMEOUT_BIT	89	PENDING_REVIEW	COMPLETE	COMPLETE	vendor/linux/include/uapi/linux/netfilter/nf_conntrack_common.h;vendor/linux/include/uapi/linux/netfilter/nf_conntrack_common.h:89;rewrite/configs/x86_64/frozen.config;header_closure=rewrite/metadata/header_closure.tsv;selected=PENDING_REVIEW	425f94c2954b1fe80ebdbf9b29854e89750355df	9438e0a2880fb10b9c48bd5fa44ecfbce2266f760edb6c33780afecc0f69ee43	e9d9a47838c402d1d9b7e373524645143e738e83a03ccee0c2ae1ab75ac6b205	0123af9e96b58af4e98b91a2de5608d36b63c67864b9041d3340587f3dbe40d2	cfa8dcf0d81c408de38d4202fe1ce9d9e5e301d1e67439c9530da94b1e64ee3f	7484d7b0dd80f45e18d726b04752827fe28555cc5c1af0e127948380e6688abf
semantic-proposal-v1	SC1-192b64b9bfcd5984ac6bdba5ce25bde430218858448320e19d5c3aee1bcc9c66	S016270	1	P02	SYMBOLS.tsv	385117	selection_expression	x86_64	include/uapi/linux/netfilter/nf_conntrack_common.h	enum_constant	IPS_FIXED_TIMEOUT	90	PENDING_REVIEW	SOURCE_REVIEWED_VALUE	COMPLETE	vendor/linux/include/uapi/linux/netfilter/nf_conntrack_common.h;vendor/linux/include/uapi/linux/netfilter/nf_conntrack_common.h:90;rewrite/configs/x86_64/frozen.config;header_closure=rewrite/metadata/header_closure.tsv;selected=PENDING_REVIEW	425f94c2954b1fe80ebdbf9b29854e89750355df	9438e0a2880fb10b9c48bd5fa44ecfbce2266f760edb6c33780afecc0f69ee43	e9d9a47838c402d1d9b7e373524645143e738e83a03ccee0c2ae1ab75ac6b205	0123af9e96b58af4e98b91a2de5608d36b63c67864b9041d3340587f3dbe40d2	cfa8dcf0d81c408de38d4202fe1ce9d9e5e301d1e67439c9530da94b1e64ee3f	7484d7b0dd80f45e18d726b04752827fe28555cc5c1af0e127948380e6688abf
semantic-proposal-v1	SC1-0550f96738a941b2e33afc0999547725eb5afbc6e4df9e83af8f81e676a5e6a2	S016270	1	P02	SYMBOLS.tsv	385117	status	x86_64	include/uapi/linux/netfilter/nf_conntrack_common.h	enum_constant	IPS_FIXED_TIMEOUT	90	PENDING_REVIEW	COMPLETE	COMPLETE	vendor/linux/include/uapi/linux/netfilter/nf_conntrack_common.h;vendor/linux/include/uapi/linux/netfilter/nf_conntrack_common.h:90;rewrite/configs/x86_64/frozen.config;header_closure=rewrite/metadata/header_closure.tsv;selected=PENDING_REVIEW	425f94c2954b1fe80ebdbf9b29854e89750355df	9438e0a2880fb10b9c48bd5fa44ecfbce2266f760edb6c33780afecc0f69ee43	e9d9a47838c402d1d9b7e373524645143e738e83a03ccee0c2ae1ab75ac6b205	0123af9e96b58af4e98b91a2de5608d36b63c67864b9041d3340587f3dbe40d2	cfa8dcf0d81c408de38d4202fe1ce9d9e5e301d1e67439c9530da94b1e64ee3f	7484d7b0dd80f45e18d726b04752827fe28555cc5c1af0e127948380e6688abf
semantic-proposal-v1	SC1-12c4dff42639646859969a3d4f3c8e0a3af3067a67b50493b09c93be09272cb3	S016270	1	P02	SYMBOLS.tsv	385118	selection_expression	x86_64	include/uapi/linux/netfilter/nf_conntrack_common.h	enum_constant	IPS_TEMPLATE_BIT	93	PENDING_REVIEW	SOURCE_REVIEWED_VALUE	COMPLETE	vendor/linux/include/uapi/linux/netfilter/nf_conntrack_common.h;vendor/linux/include/uapi/linux/netfilter/nf_conntrack_common.h:93;rewrite/configs/x86_64/frozen.config;header_closure=rewrite/metadata/header_closure.tsv;selected=PENDING_REVIEW	425f94c2954b1fe80ebdbf9b29854e89750355df	9438e0a2880fb10b9c48bd5fa44ecfbce2266f760edb6c33780afecc0f69ee43	e9d9a47838c402d1d9b7e373524645143e738e83a03ccee0c2ae1ab75ac6b205	0123af9e96b58af4e98b91a2de5608d36b63c67864b9041d3340587f3dbe40d2	cfa8dcf0d81c408de38d4202fe1ce9d9e5e301d1e67439c9530da94b1e64ee3f	7484d7b0dd80f45e18d726b04752827fe28555cc5c1af0e127948380e6688abf
semantic-proposal-v1	SC1-ebde2ca11fc2e474d79f087c1caba75a48ccc71911670081141fc4c89d2fcf4a	S016270	1	P02	SYMBOLS.tsv	385118	status	x86_64	include/uapi/linux/netfilter/nf_conntrack_common.h	enum_constant	IPS_TEMPLATE_BIT	93	PENDING_REVIEW	COMPLETE	COMPLETE	vendor/linux/include/uapi/linux/netfilter/nf_conntrack_common.h;vendor/linux/include/uapi/linux/netfilter/nf_conntrack_common.h:93;rewrite/configs/x86_64/frozen.config;header_closure=rewrite/metadata/header_closure.tsv;selected=PENDING_REVIEW	425f94c2954b1fe80ebdbf9b29854e89750355df	9438e0a2880fb10b9c48bd5fa44ecfbce2266f760edb6c33780afecc0f69ee43	e9d9a47838c402d1d9b7e373524645143e738e83a03ccee0c2ae1ab75ac6b205	0123af9e96b58af4e98b91a2de5608d36b63c67864b9041d3340587f3dbe40d2	cfa8dcf0d81c408de38d4202fe1ce9d9e5e301d1e67439c9530da94b1e64ee3f	7484d7b0dd80f45e18d726b04752827fe28555cc5c1af0e127948380e6688abf
semantic-proposal-v1	SC1-3cc524a9d40cb192c020a0389931caae6790858f0dd600a962a9e4a22e8f11de	S016270	1	P02	SYMBOLS.tsv	385119	selection_expression	x86_64	include/uapi/linux/netfilter/nf_conntrack_common.h	enum_constant	IPS_TEMPLATE	94	PENDING_REVIEW	SOURCE_REVIEWED_VALUE	COMPLETE	vendor/linux/include/uapi/linux/netfilter/nf_conntrack_common.h;vendor/linux/include/uapi/linux/netfilter/nf_conntrack_common.h:94;rewrite/configs/x86_64/frozen.config;header_closure=rewrite/metadata/header_closure.tsv;selected=PENDING_REVIEW	425f94c2954b1fe80ebdbf9b29854e89750355df	9438e0a2880fb10b9c48bd5fa44ecfbce2266f760edb6c33780afecc0f69ee43	e9d9a47838c402d1d9b7e373524645143e738e83a03ccee0c2ae1ab75ac6b205	0123af9e96b58af4e98b91a2de5608d36b63c67864b9041d3340587f3dbe40d2	cfa8dcf0d81c408de38d4202fe1ce9d9e5e301d1e67439c9530da94b1e64ee3f	7484d7b0dd80f45e18d726b04752827fe28555cc5c1af0e127948380e6688abf
semantic-proposal-v1	SC1-564d3eab973dea2e43624be9e887b8dd23b2abe5fc722116b82655716c178619	S016270	1	P02	SYMBOLS.tsv	385119	status	x86_64	include/uapi/linux/netfilter/nf_conntrack_common.h	enum_constant	IPS_TEMPLATE	94	PENDING_REVIEW	COMPLETE	COMPLETE	vendor/linux/include/uapi/linux/netfilter/nf_conntrack_common.h;vendor/linux/include/uapi/linux/netfilter/nf_conntrack_common.h:94;rewrite/configs/x86_64/frozen.config;header_closure=rewrite/metadata/header_closure.tsv;selected=PENDING_REVIEW	425f94c2954b1fe80ebdbf9b29854e89750355df	9438e0a2880fb10b9c48bd5fa44ecfbce2266f760edb6c33780afecc0f69ee43	e9d9a47838c402d1d9b7e373524645143e738e83a03ccee0c2ae1ab75ac6b205	0123af9e96b58af4e98b91a2de5608d36b63c67864b9041d3340587f3dbe40d2	cfa8dcf0d81c408de38d4202fe1ce9d9e5e301d1e67439c9530da94b1e64ee3f	7484d7b0dd80f45e18d726b04752827fe28555cc5c1af0e127948380e6688abf
semantic-proposal-v1	SC1-4ad7a65e765d440b6e5ec0ba0a918de713caa2073b6008471a698f6d3b005640	S016270	1	P02	SYMBOLS.tsv	385120	selection_expression	x86_64	include/uapi/linux/netfilter/nf_conntrack_common.h	enum_constant	IPS_UNTRACKED_BIT	97	PENDING_REVIEW	SOURCE_REVIEWED_VALUE	COMPLETE	vendor/linux/include/uapi/linux/netfilter/nf_conntrack_common.h;vendor/linux/include/uapi/linux/netfilter/nf_conntrack_common.h:97;rewrite/configs/x86_64/frozen.config;header_closure=rewrite/metadata/header_closure.tsv;selected=PENDING_REVIEW	425f94c2954b1fe80ebdbf9b29854e89750355df	9438e0a2880fb10b9c48bd5fa44ecfbce2266f760edb6c33780afecc0f69ee43	e9d9a47838c402d1d9b7e373524645143e738e83a03ccee0c2ae1ab75ac6b205	0123af9e96b58af4e98b91a2de5608d36b63c67864b9041d3340587f3dbe40d2	cfa8dcf0d81c408de38d4202fe1ce9d9e5e301d1e67439c9530da94b1e64ee3f	7484d7b0dd80f45e18d726b04752827fe28555cc5c1af0e127948380e6688abf
semantic-proposal-v1	SC1-4b4d89be0d98248d07f2c3129b2e20092c4b7af50dbe34861eab7c36cb405a3e	S016270	1	P02	SYMBOLS.tsv	385120	status	x86_64	include/uapi/linux/netfilter/nf_conntrack_common.h	enum_constant	IPS_UNTRACKED_BIT	97	PENDING_REVIEW	COMPLETE	COMPLETE	vendor/linux/include/uapi/linux/netfilter/nf_conntrack_common.h;vendor/linux/include/uapi/linux/netfilter/nf_conntrack_common.h:97;rewrite/configs/x86_64/frozen.config;header_closure=rewrite/metadata/header_closure.tsv;selected=PENDING_REVIEW	425f94c2954b1fe80ebdbf9b29854e89750355df	9438e0a2880fb10b9c48bd5fa44ecfbce2266f760edb6c33780afecc0f69ee43	e9d9a47838c402d1d9b7e373524645143e738e83a03ccee0c2ae1ab75ac6b205	0123af9e96b58af4e98b91a2de5608d36b63c67864b9041d3340587f3dbe40d2	cfa8dcf0d81c408de38d4202fe1ce9d9e5e301d1e67439c9530da94b1e64ee3f	7484d7b0dd80f45e18d726b04752827fe28555cc5c1af0e127948380e6688abf
semantic-proposal-v1	SC1-87604c72e9d239fa0ef5663c248994ce03031e44cdb76c71739433b55e0054cb	S016270	1	P02	SYMBOLS.tsv	385121	selection_expression	x86_64	include/uapi/linux/netfilter/nf_conntrack_common.h	enum_constant	IPS_UNTRACKED	98	PENDING_REVIEW	SOURCE_REVIEWED_VALUE	COMPLETE	vendor/linux/include/uapi/linux/netfilter/nf_conntrack_common.h;vendor/linux/include/uapi/linux/netfilter/nf_conntrack_common.h:98;rewrite/configs/x86_64/frozen.config;header_closure=rewrite/metadata/header_closure.tsv;selected=PENDING_REVIEW	425f94c2954b1fe80ebdbf9b29854e89750355df	9438e0a2880fb10b9c48bd5fa44ecfbce2266f760edb6c33780afecc0f69ee43	e9d9a47838c402d1d9b7e373524645143e738e83a03ccee0c2ae1ab75ac6b205	0123af9e96b58af4e98b91a2de5608d36b63c67864b9041d3340587f3dbe40d2	cfa8dcf0d81c408de38d4202fe1ce9d9e5e301d1e67439c9530da94b1e64ee3f	7484d7b0dd80f45e18d726b04752827fe28555cc5c1af0e127948380e6688abf
semantic-proposal-v1	SC1-969ef7698afed9141aacf38c26d67fdd0af3d86e5a81c113c9bc3ece63db2b4a	S016270	1	P02	SYMBOLS.tsv	385121	status	x86_64	include/uapi/linux/netfilter/nf_conntrack_common.h	enum_constant	IPS_UNTRACKED	98	PENDING_REVIEW	COMPLETE	COMPLETE	vendor/linux/include/uapi/linux/netfilter/nf_conntrack_common.h;vendor/linux/include/uapi/linux/netfilter/nf_conntrack_common.h:98;rewrite/configs/x86_64/frozen.config;header_closure=rewrite/metadata/header_closure.tsv;selected=PENDING_REVIEW	425f94c2954b1fe80ebdbf9b29854e89750355df	9438e0a2880fb10b9c48bd5fa44ecfbce2266f760edb6c33780afecc0f69ee43	e9d9a47838c402d1d9b7e373524645143e738e83a03ccee0c2ae1ab75ac6b205	0123af9e96b58af4e98b91a2de5608d36b63c67864b9041d3340587f3dbe40d2	cfa8dcf0d81c408de38d4202fe1ce9d9e5e301d1e67439c9530da94b1e64ee3f	7484d7b0dd80f45e18d726b04752827fe28555cc5c1af0e127948380e6688abf
semantic-proposal-v1	SC1-40f6f7cf59298812d8de9805366d0e5c86e33c08d1e5c31f39753bff93182d2f	S016270	1	P02	SYMBOLS.tsv	385122	selection_expression	x86_64	include/uapi/linux/netfilter/nf_conntrack_common.h	enum_constant	IPS_NAT_CLASH_BIT	105	PENDING_REVIEW	SOURCE_REVIEWED_VALUE	COMPLETE	vendor/linux/include/uapi/linux/netfilter/nf_conntrack_common.h;vendor/linux/include/uapi/linux/netfilter/nf_conntrack_common.h:105;rewrite/configs/x86_64/frozen.config;header_closure=rewrite/metadata/header_closure.tsv;selected=PENDING_REVIEW	425f94c2954b1fe80ebdbf9b29854e89750355df	9438e0a2880fb10b9c48bd5fa44ecfbce2266f760edb6c33780afecc0f69ee43	e9d9a47838c402d1d9b7e373524645143e738e83a03ccee0c2ae1ab75ac6b205	0123af9e96b58af4e98b91a2de5608d36b63c67864b9041d3340587f3dbe40d2	cfa8dcf0d81c408de38d4202fe1ce9d9e5e301d1e67439c9530da94b1e64ee3f	7484d7b0dd80f45e18d726b04752827fe28555cc5c1af0e127948380e6688abf
semantic-proposal-v1	SC1-5f953a29694344a75d69ba4fce5f75dff7d8eba363b8f962eec3575b072a27b4	S016270	1	P02	SYMBOLS.tsv	385122	status	x86_64	include/uapi/linux/netfilter/nf_conntrack_common.h	enum_constant	IPS_NAT_CLASH_BIT	105	PENDING_REVIEW	COMPLETE	COMPLETE	vendor/linux/include/uapi/linux/netfilter/nf_conntrack_common.h;vendor/linux/include/uapi/linux/netfilter/nf_conntrack_common.h:105;rewrite/configs/x86_64/frozen.config;header_closure=rewrite/metadata/header_closure.tsv;selected=PENDING_REVIEW	425f94c2954b1fe80ebdbf9b29854e89750355df	9438e0a2880fb10b9c48bd5fa44ecfbce2266f760edb6c33780afecc0f69ee43	e9d9a47838c402d1d9b7e373524645143e738e83a03ccee0c2ae1ab75ac6b205	0123af9e96b58af4e98b91a2de5608d36b63c67864b9041d3340587f3dbe40d2	cfa8dcf0d81c408de38d4202fe1ce9d9e5e301d1e67439c9530da94b1e64ee3f	7484d7b0dd80f45e18d726b04752827fe28555cc5c1af0e127948380e6688abf
semantic-proposal-v1	SC1-5088f63ddfd7742c2a61e575c13b2c86bac11e3534125a031110d7e11825f0bf	S016270	1	P02	SYMBOLS.tsv	385123	selection_expression	x86_64	include/uapi/linux/netfilter/nf_conntrack_common.h	enum_constant	IPS_NAT_CLASH	106	PENDING_REVIEW	SOURCE_REVIEWED_VALUE	COMPLETE	vendor/linux/include/uapi/linux/netfilter/nf_conntrack_common.h;vendor/linux/include/uapi/linux/netfilter/nf_conntrack_common.h:106;rewrite/configs/x86_64/frozen.config;header_closure=rewrite/metadata/header_closure.tsv;selected=PENDING_REVIEW	425f94c2954b1fe80ebdbf9b29854e89750355df	9438e0a2880fb10b9c48bd5fa44ecfbce2266f760edb6c33780afecc0f69ee43	e9d9a47838c402d1d9b7e373524645143e738e83a03ccee0c2ae1ab75ac6b205	0123af9e96b58af4e98b91a2de5608d36b63c67864b9041d3340587f3dbe40d2	cfa8dcf0d81c408de38d4202fe1ce9d9e5e301d1e67439c9530da94b1e64ee3f	7484d7b0dd80f45e18d726b04752827fe28555cc5c1af0e127948380e6688abf
semantic-proposal-v1	SC1-5620e6d9579135dc284b338a90e7e408ac6306b5cda8483bcc24c33c3c1fd724	S016270	1	P02	SYMBOLS.tsv	385123	status	x86_64	include/uapi/linux/netfilter/nf_conntrack_common.h	enum_constant	IPS_NAT_CLASH	106	PENDING_REVIEW	COMPLETE	COMPLETE	vendor/linux/include/uapi/linux/netfilter/nf_conntrack_common.h;vendor/linux/include/uapi/linux/netfilter/nf_conntrack_common.h:106;rewrite/configs/x86_64/frozen.config;header_closure=rewrite/metadata/header_closure.tsv;selected=PENDING_REVIEW	425f94c2954b1fe80ebdbf9b29854e89750355df	9438e0a2880fb10b9c48bd5fa44ecfbce2266f760edb6c33780afecc0f69ee43	e9d9a47838c402d1d9b7e373524645143e738e83a03ccee0c2ae1ab75ac6b205	0123af9e96b58af4e98b91a2de5608d36b63c67864b9041d3340587f3dbe40d2	cfa8dcf0d81c408de38d4202fe1ce9d9e5e301d1e67439c9530da94b1e64ee3f	7484d7b0dd80f45e18d726b04752827fe28555cc5c1af0e127948380e6688abf
semantic-proposal-v1	SC1-d18791ac971a9dbdc3b4ef3d70044b82520800d6da306a6bb20aba7b5cf6a41a	S016270	1	P02	SYMBOLS.tsv	385124	selection_expression	x86_64	include/uapi/linux/netfilter/nf_conntrack_common.h	enum_constant	IPS_HELPER_BIT	110	PENDING_REVIEW	SOURCE_REVIEWED_VALUE	COMPLETE	vendor/linux/include/uapi/linux/netfilter/nf_conntrack_common.h;vendor/linux/include/uapi/linux/netfilter/nf_conntrack_common.h:110;rewrite/configs/x86_64/frozen.config;header_closure=rewrite/metadata/header_closure.tsv;selected=PENDING_REVIEW	425f94c2954b1fe80ebdbf9b29854e89750355df	9438e0a2880fb10b9c48bd5fa44ecfbce2266f760edb6c33780afecc0f69ee43	e9d9a47838c402d1d9b7e373524645143e738e83a03ccee0c2ae1ab75ac6b205	0123af9e96b58af4e98b91a2de5608d36b63c67864b9041d3340587f3dbe40d2	cfa8dcf0d81c408de38d4202fe1ce9d9e5e301d1e67439c9530da94b1e64ee3f	7484d7b0dd80f45e18d726b04752827fe28555cc5c1af0e127948380e6688abf
semantic-proposal-v1	SC1-753fada66fd4c19d40b236c7776e8d92e833494ed581f5d17902ba7b39194af7	S016270	1	P02	SYMBOLS.tsv	385124	status	x86_64	include/uapi/linux/netfilter/nf_conntrack_common.h	enum_constant	IPS_HELPER_BIT	110	PENDING_REVIEW	COMPLETE	COMPLETE	vendor/linux/include/uapi/linux/netfilter/nf_conntrack_common.h;vendor/linux/include/uapi/linux/netfilter/nf_conntrack_common.h:110;rewrite/configs/x86_64/frozen.config;header_closure=rewrite/metadata/header_closure.tsv;selected=PENDING_REVIEW	425f94c2954b1fe80ebdbf9b29854e89750355df	9438e0a2880fb10b9c48bd5fa44ecfbce2266f760edb6c33780afecc0f69ee43	e9d9a47838c402d1d9b7e373524645143e738e83a03ccee0c2ae1ab75ac6b205	0123af9e96b58af4e98b91a2de5608d36b63c67864b9041d3340587f3dbe40d2	cfa8dcf0d81c408de38d4202fe1ce9d9e5e301d1e67439c9530da94b1e64ee3f	7484d7b0dd80f45e18d726b04752827fe28555cc5c1af0e127948380e6688abf
semantic-proposal-v1	SC1-6ebbbbd5cc8d1b88d0395644d616c8053c6f8595f9c48988da6decba85bbb857	S016270	1	P02	SYMBOLS.tsv	385125	selection_expression	x86_64	include/uapi/linux/netfilter/nf_conntrack_common.h	enum_constant	IPS_HELPER	111	PENDING_REVIEW	SOURCE_REVIEWED_VALUE	COMPLETE	vendor/linux/include/uapi/linux/netfilter/nf_conntrack_common.h;vendor/linux/include/uapi/linux/netfilter/nf_conntrack_common.h:111;rewrite/configs/x86_64/frozen.config;header_closure=rewrite/metadata/header_closure.tsv;selected=PENDING_REVIEW	425f94c2954b1fe80ebdbf9b29854e89750355df	9438e0a2880fb10b9c48bd5fa44ecfbce2266f760edb6c33780afecc0f69ee43	e9d9a47838c402d1d9b7e373524645143e738e83a03ccee0c2ae1ab75ac6b205	0123af9e96b58af4e98b91a2de5608d36b63c67864b9041d3340587f3dbe40d2	cfa8dcf0d81c408de38d4202fe1ce9d9e5e301d1e67439c9530da94b1e64ee3f	7484d7b0dd80f45e18d726b04752827fe28555cc5c1af0e127948380e6688abf
semantic-proposal-v1	SC1-d969577b3b0c48ed69d3e75350ae0e5e8a1b008c8bed78115eb146f76bc89d7d	S016270	1	P02	SYMBOLS.tsv	385125	status	x86_64	include/uapi/linux/netfilter/nf_conntrack_common.h	enum_constant	IPS_HELPER	111	PENDING_REVIEW	COMPLETE	COMPLETE	vendor/linux/include/uapi/linux/netfilter/nf_conntrack_common.h;vendor/linux/include/uapi/linux/netfilter/nf_conntrack_common.h:111;rewrite/configs/x86_64/frozen.config;header_closure=rewrite/metadata/header_closure.tsv;selected=PENDING_REVIEW	425f94c2954b1fe80ebdbf9b29854e89750355df	9438e0a2880fb10b9c48bd5fa44ecfbce2266f760edb6c33780afecc0f69ee43	e9d9a47838c402d1d9b7e373524645143e738e83a03ccee0c2ae1ab75ac6b205	0123af9e96b58af4e98b91a2de5608d36b63c67864b9041d3340587f3dbe40d2	cfa8dcf0d81c408de38d4202fe1ce9d9e5e301d1e67439c9530da94b1e64ee3f	7484d7b0dd80f45e18d726b04752827fe28555cc5c1af0e127948380e6688abf
semantic-proposal-v1	SC1-bb7d7a82305e3f4bd5fa382ba86821a42cf72a640d68e1c4707df7a397bef2fe	S016270	1	P02	SYMBOLS.tsv	385126	selection_expression	x86_64	include/uapi/linux/netfilter/nf_conntrack_common.h	enum_constant	IPS_OFFLOAD_BIT	114	PENDING_REVIEW	SOURCE_REVIEWED_VALUE	COMPLETE	vendor/linux/include/uapi/linux/netfilter/nf_conntrack_common.h;vendor/linux/include/uapi/linux/netfilter/nf_conntrack_common.h:114;rewrite/configs/x86_64/frozen.config;header_closure=rewrite/metadata/header_closure.tsv;selected=PENDING_REVIEW	425f94c2954b1fe80ebdbf9b29854e89750355df	9438e0a2880fb10b9c48bd5fa44ecfbce2266f760edb6c33780afecc0f69ee43	e9d9a47838c402d1d9b7e373524645143e738e83a03ccee0c2ae1ab75ac6b205	0123af9e96b58af4e98b91a2de5608d36b63c67864b9041d3340587f3dbe40d2	cfa8dcf0d81c408de38d4202fe1ce9d9e5e301d1e67439c9530da94b1e64ee3f	7484d7b0dd80f45e18d726b04752827fe28555cc5c1af0e127948380e6688abf
semantic-proposal-v1	SC1-981d6ad7203fdcd68e256a835fe84f2974c8c30fe814fd7a12aad0ae3af94be7	S016270	1	P02	SYMBOLS.tsv	385126	status	x86_64	include/uapi/linux/netfilter/nf_conntrack_common.h	enum_constant	IPS_OFFLOAD_BIT	114	PENDING_REVIEW	COMPLETE	COMPLETE	vendor/linux/include/uapi/linux/netfilter/nf_conntrack_common.h;vendor/linux/include/uapi/linux/netfilter/nf_conntrack_common.h:114;rewrite/configs/x86_64/frozen.config;header_closure=rewrite/metadata/header_closure.tsv;selected=PENDING_REVIEW	425f94c2954b1fe80ebdbf9b29854e89750355df	9438e0a2880fb10b9c48bd5fa44ecfbce2266f760edb6c33780afecc0f69ee43	e9d9a47838c402d1d9b7e373524645143e738e83a03ccee0c2ae1ab75ac6b205	0123af9e96b58af4e98b91a2de5608d36b63c67864b9041d3340587f3dbe40d2	cfa8dcf0d81c408de38d4202fe1ce9d9e5e301d1e67439c9530da94b1e64ee3f	7484d7b0dd80f45e18d726b04752827fe28555cc5c1af0e127948380e6688abf
semantic-proposal-v1	SC1-be4b55d44d55dce2ab081ba2c6b1d729b47769fff67e1c25752f28f90c04855b	S016270	1	P02	SYMBOLS.tsv	385127	selection_expression	x86_64	include/uapi/linux/netfilter/nf_conntrack_common.h	enum_constant	IPS_OFFLOAD	115	PENDING_REVIEW	SOURCE_REVIEWED_VALUE	COMPLETE	vendor/linux/include/uapi/linux/netfilter/nf_conntrack_common.h;vendor/linux/include/uapi/linux/netfilter/nf_conntrack_common.h:115;rewrite/configs/x86_64/frozen.config;header_closure=rewrite/metadata/header_closure.tsv;selected=PENDING_REVIEW	425f94c2954b1fe80ebdbf9b29854e89750355df	9438e0a2880fb10b9c48bd5fa44ecfbce2266f760edb6c33780afecc0f69ee43	e9d9a47838c402d1d9b7e373524645143e738e83a03ccee0c2ae1ab75ac6b205	0123af9e96b58af4e98b91a2de5608d36b63c67864b9041d3340587f3dbe40d2	cfa8dcf0d81c408de38d4202fe1ce9d9e5e301d1e67439c9530da94b1e64ee3f	7484d7b0dd80f45e18d726b04752827fe28555cc5c1af0e127948380e6688abf
semantic-proposal-v1	SC1-4c381abc4c6709814d6c18f5f84019453f6e7972a4bffc5099f23c58952b51f8	S016270	1	P02	SYMBOLS.tsv	385127	status	x86_64	include/uapi/linux/netfilter/nf_conntrack_common.h	enum_constant	IPS_OFFLOAD	115	PENDING_REVIEW	COMPLETE	COMPLETE	vendor/linux/include/uapi/linux/netfilter/nf_conntrack_common.h;vendor/linux/include/uapi/linux/netfilter/nf_conntrack_common.h:115;rewrite/configs/x86_64/frozen.config;header_closure=rewrite/metadata/header_closure.tsv;selected=PENDING_REVIEW	425f94c2954b1fe80ebdbf9b29854e89750355df	9438e0a2880fb10b9c48bd5fa44ecfbce2266f760edb6c33780afecc0f69ee43	e9d9a47838c402d1d9b7e373524645143e738e83a03ccee0c2ae1ab75ac6b205	0123af9e96b58af4e98b91a2de5608d36b63c67864b9041d3340587f3dbe40d2	cfa8dcf0d81c408de38d4202fe1ce9d9e5e301d1e67439c9530da94b1e64ee3f	7484d7b0dd80f45e18d726b04752827fe28555cc5c1af0e127948380e6688abf
semantic-proposal-v1	SC1-38dd99fe1bb7f85f6c42e9eb0d27a1f07ba2ebaeefccaa3798cdce28b44ef825	S016270	1	P02	SYMBOLS.tsv	385128	selection_expression	x86_64	include/uapi/linux/netfilter/nf_conntrack_common.h	enum_constant	IPS_HW_OFFLOAD_BIT	118	PENDING_REVIEW	SOURCE_REVIEWED_VALUE	COMPLETE	vendor/linux/include/uapi/linux/netfilter/nf_conntrack_common.h;vendor/linux/include/uapi/linux/netfilter/nf_conntrack_common.h:118;rewrite/configs/x86_64/frozen.config;header_closure=rewrite/metadata/header_closure.tsv;selected=PENDING_REVIEW	425f94c2954b1fe80ebdbf9b29854e89750355df	9438e0a2880fb10b9c48bd5fa44ecfbce2266f760edb6c33780afecc0f69ee43	e9d9a47838c402d1d9b7e373524645143e738e83a03ccee0c2ae1ab75ac6b205	0123af9e96b58af4e98b91a2de5608d36b63c67864b9041d3340587f3dbe40d2	cfa8dcf0d81c408de38d4202fe1ce9d9e5e301d1e67439c9530da94b1e64ee3f	7484d7b0dd80f45e18d726b04752827fe28555cc5c1af0e127948380e6688abf
semantic-proposal-v1	SC1-65cb456af5b3b6ec6cb2a9f616dbe614e48fb7761fbcf014155d3a80f0bc537d	S016270	1	P02	SYMBOLS.tsv	385128	status	x86_64	include/uapi/linux/netfilter/nf_conntrack_common.h	enum_constant	IPS_HW_OFFLOAD_BIT	118	PENDING_REVIEW	COMPLETE	COMPLETE	vendor/linux/include/uapi/linux/netfilter/nf_conntrack_common.h;vendor/linux/include/uapi/linux/netfilter/nf_conntrack_common.h:118;rewrite/configs/x86_64/frozen.config;header_closure=rewrite/metadata/header_closure.tsv;selected=PENDING_REVIEW	425f94c2954b1fe80ebdbf9b29854e89750355df	9438e0a2880fb10b9c48bd5fa44ecfbce2266f760edb6c33780afecc0f69ee43	e9d9a47838c402d1d9b7e373524645143e738e83a03ccee0c2ae1ab75ac6b205	0123af9e96b58af4e98b91a2de5608d36b63c67864b9041d3340587f3dbe40d2	cfa8dcf0d81c408de38d4202fe1ce9d9e5e301d1e67439c9530da94b1e64ee3f	7484d7b0dd80f45e18d726b04752827fe28555cc5c1af0e127948380e6688abf
semantic-proposal-v1	SC1-9328a75e868dd712d4ed7d28a47fcf0719e4157a9306f2ae9fa7aca5347808df	S016270	1	P02	SYMBOLS.tsv	385129	selection_expression	x86_64	include/uapi/linux/netfilter/nf_conntrack_common.h	enum_constant	IPS_HW_OFFLOAD	119	PENDING_REVIEW	SOURCE_REVIEWED_VALUE	COMPLETE	vendor/linux/include/uapi/linux/netfilter/nf_conntrack_common.h;vendor/linux/include/uapi/linux/netfilter/nf_conntrack_common.h:119;rewrite/configs/x86_64/frozen.config;header_closure=rewrite/metadata/header_closure.tsv;selected=PENDING_REVIEW	425f94c2954b1fe80ebdbf9b29854e89750355df	9438e0a2880fb10b9c48bd5fa44ecfbce2266f760edb6c33780afecc0f69ee43	e9d9a47838c402d1d9b7e373524645143e738e83a03ccee0c2ae1ab75ac6b205	0123af9e96b58af4e98b91a2de5608d36b63c67864b9041d3340587f3dbe40d2	cfa8dcf0d81c408de38d4202fe1ce9d9e5e301d1e67439c9530da94b1e64ee3f	7484d7b0dd80f45e18d726b04752827fe28555cc5c1af0e127948380e6688abf
semantic-proposal-v1	SC1-fbb776f0261cc2c025ad50f69921fa07c4d92f26fc799681c95f95642c02e1ef	S016270	1	P02	SYMBOLS.tsv	385129	status	x86_64	include/uapi/linux/netfilter/nf_conntrack_common.h	enum_constant	IPS_HW_OFFLOAD	119	PENDING_REVIEW	COMPLETE	COMPLETE	vendor/linux/include/uapi/linux/netfilter/nf_conntrack_common.h;vendor/linux/include/uapi/linux/netfilter/nf_conntrack_common.h:119;rewrite/configs/x86_64/frozen.config;header_closure=rewrite/metadata/header_closure.tsv;selected=PENDING_REVIEW	425f94c2954b1fe80ebdbf9b29854e89750355df	9438e0a2880fb10b9c48bd5fa44ecfbce2266f760edb6c33780afecc0f69ee43	e9d9a47838c402d1d9b7e373524645143e738e83a03ccee0c2ae1ab75ac6b205	0123af9e96b58af4e98b91a2de5608d36b63c67864b9041d3340587f3dbe40d2	cfa8dcf0d81c408de38d4202fe1ce9d9e5e301d1e67439c9530da94b1e64ee3f	7484d7b0dd80f45e18d726b04752827fe28555cc5c1af0e127948380e6688abf
semantic-proposal-v1	SC1-ea1050fc84c9d16192a1ef82b0fe60b828363cbd9faa8ec08b53c1ceb5b5cb5b	S016270	1	P02	SYMBOLS.tsv	385130	selection_expression	x86_64	include/uapi/linux/netfilter/nf_conntrack_common.h	enum_constant	IPS_UNCHANGEABLE_MASK	124	PENDING_REVIEW	SOURCE_REVIEWED_VALUE	COMPLETE	vendor/linux/include/uapi/linux/netfilter/nf_conntrack_common.h;vendor/linux/include/uapi/linux/netfilter/nf_conntrack_common.h:124;rewrite/configs/x86_64/frozen.config;header_closure=rewrite/metadata/header_closure.tsv;selected=PENDING_REVIEW	425f94c2954b1fe80ebdbf9b29854e89750355df	9438e0a2880fb10b9c48bd5fa44ecfbce2266f760edb6c33780afecc0f69ee43	e9d9a47838c402d1d9b7e373524645143e738e83a03ccee0c2ae1ab75ac6b205	0123af9e96b58af4e98b91a2de5608d36b63c67864b9041d3340587f3dbe40d2	cfa8dcf0d81c408de38d4202fe1ce9d9e5e301d1e67439c9530da94b1e64ee3f	7484d7b0dd80f45e18d726b04752827fe28555cc5c1af0e127948380e6688abf
semantic-proposal-v1	SC1-86df4c1bf9aa165e4ec9d50ea9942623f00f16f98a2ecc631eee4117bfdd715f	S016270	1	P02	SYMBOLS.tsv	385130	status	x86_64	include/uapi/linux/netfilter/nf_conntrack_common.h	enum_constant	IPS_UNCHANGEABLE_MASK	124	PENDING_REVIEW	COMPLETE	COMPLETE	vendor/linux/include/uapi/linux/netfilter/nf_conntrack_common.h;vendor/linux/include/uapi/linux/netfilter/nf_conntrack_common.h:124;rewrite/configs/x86_64/frozen.config;header_closure=rewrite/metadata/header_closure.tsv;selected=PENDING_REVIEW	425f94c2954b1fe80ebdbf9b29854e89750355df	9438e0a2880fb10b9c48bd5fa44ecfbce2266f760edb6c33780afecc0f69ee43	e9d9a47838c402d1d9b7e373524645143e738e83a03ccee0c2ae1ab75ac6b205	0123af9e96b58af4e98b91a2de5608d36b63c67864b9041d3340587f3dbe40d2	cfa8dcf0d81c408de38d4202fe1ce9d9e5e301d1e67439c9530da94b1e64ee3f	7484d7b0dd80f45e18d726b04752827fe28555cc5c1af0e127948380e6688abf
semantic-proposal-v1	SC1-e055ea2c4b2eb922f7a62678219a8d0bf404eff3f6f2a696f131ee0d4080c3f8	S016270	1	P02	SYMBOLS.tsv	385131	selection_expression	x86_64	include/uapi/linux/netfilter/nf_conntrack_common.h	enum_constant	__IPS_MAX_BIT	129	PENDING_REVIEW	SOURCE_REVIEWED_VALUE	COMPLETE	vendor/linux/include/uapi/linux/netfilter/nf_conntrack_common.h;vendor/linux/include/uapi/linux/netfilter/nf_conntrack_common.h:129;rewrite/configs/x86_64/frozen.config;header_closure=rewrite/metadata/header_closure.tsv;selected=PENDING_REVIEW	425f94c2954b1fe80ebdbf9b29854e89750355df	9438e0a2880fb10b9c48bd5fa44ecfbce2266f760edb6c33780afecc0f69ee43	e9d9a47838c402d1d9b7e373524645143e738e83a03ccee0c2ae1ab75ac6b205	0123af9e96b58af4e98b91a2de5608d36b63c67864b9041d3340587f3dbe40d2	cfa8dcf0d81c408de38d4202fe1ce9d9e5e301d1e67439c9530da94b1e64ee3f	7484d7b0dd80f45e18d726b04752827fe28555cc5c1af0e127948380e6688abf
semantic-proposal-v1	SC1-022c7d873b4d580602b45b1629c1dfb00d2b939d5c82c5fb6b52a35ef420af01	S016270	1	P02	SYMBOLS.tsv	385131	status	x86_64	include/uapi/linux/netfilter/nf_conntrack_common.h	enum_constant	__IPS_MAX_BIT	129	PENDING_REVIEW	COMPLETE	COMPLETE	vendor/linux/include/uapi/linux/netfilter/nf_conntrack_common.h;vendor/linux/include/uapi/linux/netfilter/nf_conntrack_common.h:129;rewrite/configs/x86_64/frozen.config;header_closure=rewrite/metadata/header_closure.tsv;selected=PENDING_REVIEW	425f94c2954b1fe80ebdbf9b29854e89750355df	9438e0a2880fb10b9c48bd5fa44ecfbce2266f760edb6c33780afecc0f69ee43	e9d9a47838c402d1d9b7e373524645143e738e83a03ccee0c2ae1ab75ac6b205	0123af9e96b58af4e98b91a2de5608d36b63c67864b9041d3340587f3dbe40d2	cfa8dcf0d81c408de38d4202fe1ce9d9e5e301d1e67439c9530da94b1e64ee3f	7484d7b0dd80f45e18d726b04752827fe28555cc5c1af0e127948380e6688abf
semantic-proposal-v1	SC1-33813b43bfa7d9e0ae3782300dd01d9f0804bcdb84ceb56666b7fbcc4faf7b59	S016270	1	P02	SYMBOLS.tsv	385132	selection_expression	x86_64	include/uapi/linux/netfilter/nf_conntrack_common.h	type	enum ip_conntrack_events	133	PENDING_REVIEW	SOURCE_REVIEWED_VALUE	COMPLETE	vendor/linux/include/uapi/linux/netfilter/nf_conntrack_common.h;vendor/linux/include/uapi/linux/netfilter/nf_conntrack_common.h:133;rewrite/configs/x86_64/frozen.config;header_closure=rewrite/metadata/header_closure.tsv;selected=PENDING_REVIEW	425f94c2954b1fe80ebdbf9b29854e89750355df	9438e0a2880fb10b9c48bd5fa44ecfbce2266f760edb6c33780afecc0f69ee43	e9d9a47838c402d1d9b7e373524645143e738e83a03ccee0c2ae1ab75ac6b205	0123af9e96b58af4e98b91a2de5608d36b63c67864b9041d3340587f3dbe40d2	cfa8dcf0d81c408de38d4202fe1ce9d9e5e301d1e67439c9530da94b1e64ee3f	7484d7b0dd80f45e18d726b04752827fe28555cc5c1af0e127948380e6688abf
semantic-proposal-v1	SC1-4e1dc68cc93cf980cc2ba786d4e93dfe52b9edd9c2557fdc601570c46000f557	S016270	1	P02	SYMBOLS.tsv	385132	status	x86_64	include/uapi/linux/netfilter/nf_conntrack_common.h	type	enum ip_conntrack_events	133	PENDING_REVIEW	COMPLETE	COMPLETE	vendor/linux/include/uapi/linux/netfilter/nf_conntrack_common.h;vendor/linux/include/uapi/linux/netfilter/nf_conntrack_common.h:133;rewrite/configs/x86_64/frozen.config;header_closure=rewrite/metadata/header_closure.tsv;selected=PENDING_REVIEW	425f94c2954b1fe80ebdbf9b29854e89750355df	9438e0a2880fb10b9c48bd5fa44ecfbce2266f760edb6c33780afecc0f69ee43	e9d9a47838c402d1d9b7e373524645143e738e83a03ccee0c2ae1ab75ac6b205	0123af9e96b58af4e98b91a2de5608d36b63c67864b9041d3340587f3dbe40d2	cfa8dcf0d81c408de38d4202fe1ce9d9e5e301d1e67439c9530da94b1e64ee3f	7484d7b0dd80f45e18d726b04752827fe28555cc5c1af0e127948380e6688abf
semantic-proposal-v1	SC1-226afe595ac8a800fda69498064f1ca987654dc3613a7d8541b8de7b145757ef	S016270	1	P02	SYMBOLS.tsv	385133	selection_expression	x86_64	include/uapi/linux/netfilter/nf_conntrack_common.h	enum_constant	IPCT_NEW	134	PENDING_REVIEW	SOURCE_REVIEWED_VALUE	COMPLETE	vendor/linux/include/uapi/linux/netfilter/nf_conntrack_common.h;vendor/linux/include/uapi/linux/netfilter/nf_conntrack_common.h:134;rewrite/configs/x86_64/frozen.config;header_closure=rewrite/metadata/header_closure.tsv;selected=PENDING_REVIEW	425f94c2954b1fe80ebdbf9b29854e89750355df	9438e0a2880fb10b9c48bd5fa44ecfbce2266f760edb6c33780afecc0f69ee43	e9d9a47838c402d1d9b7e373524645143e738e83a03ccee0c2ae1ab75ac6b205	0123af9e96b58af4e98b91a2de5608d36b63c67864b9041d3340587f3dbe40d2	cfa8dcf0d81c408de38d4202fe1ce9d9e5e301d1e67439c9530da94b1e64ee3f	7484d7b0dd80f45e18d726b04752827fe28555cc5c1af0e127948380e6688abf
semantic-proposal-v1	SC1-2a4452c2fc2f0980e49678c34fb84c1dfd0ab0b41d8b5c47a20c4ee7fd857728	S016270	1	P02	SYMBOLS.tsv	385133	status	x86_64	include/uapi/linux/netfilter/nf_conntrack_common.h	enum_constant	IPCT_NEW	134	PENDING_REVIEW	COMPLETE	COMPLETE	vendor/linux/include/uapi/linux/netfilter/nf_conntrack_common.h;vendor/linux/include/uapi/linux/netfilter/nf_conntrack_common.h:134;rewrite/configs/x86_64/frozen.config;header_closure=rewrite/metadata/header_closure.tsv;selected=PENDING_REVIEW	425f94c2954b1fe80ebdbf9b29854e89750355df	9438e0a2880fb10b9c48bd5fa44ecfbce2266f760edb6c33780afecc0f69ee43	e9d9a47838c402d1d9b7e373524645143e738e83a03ccee0c2ae1ab75ac6b205	0123af9e96b58af4e98b91a2de5608d36b63c67864b9041d3340587f3dbe40d2	cfa8dcf0d81c408de38d4202fe1ce9d9e5e301d1e67439c9530da94b1e64ee3f	7484d7b0dd80f45e18d726b04752827fe28555cc5c1af0e127948380e6688abf
semantic-proposal-v1	SC1-927e9216f7b7fff56e7238b77dc191fa1f80d73bb575f089d515374821833e1d	S016270	1	P02	SYMBOLS.tsv	385134	selection_expression	x86_64	include/uapi/linux/netfilter/nf_conntrack_common.h	enum_constant	IPCT_RELATED	135	PENDING_REVIEW	SOURCE_REVIEWED_VALUE	COMPLETE	vendor/linux/include/uapi/linux/netfilter/nf_conntrack_common.h;vendor/linux/include/uapi/linux/netfilter/nf_conntrack_common.h:135;rewrite/configs/x86_64/frozen.config;header_closure=rewrite/metadata/header_closure.tsv;selected=PENDING_REVIEW	425f94c2954b1fe80ebdbf9b29854e89750355df	9438e0a2880fb10b9c48bd5fa44ecfbce2266f760edb6c33780afecc0f69ee43	e9d9a47838c402d1d9b7e373524645143e738e83a03ccee0c2ae1ab75ac6b205	0123af9e96b58af4e98b91a2de5608d36b63c67864b9041d3340587f3dbe40d2	cfa8dcf0d81c408de38d4202fe1ce9d9e5e301d1e67439c9530da94b1e64ee3f	7484d7b0dd80f45e18d726b04752827fe28555cc5c1af0e127948380e6688abf
semantic-proposal-v1	SC1-e56d27203295fdf8f35e2bedb4b0c5138f58e9e35c19f06dcdf5c370dd986b8a	S016270	1	P02	SYMBOLS.tsv	385134	status	x86_64	include/uapi/linux/netfilter/nf_conntrack_common.h	enum_constant	IPCT_RELATED	135	PENDING_REVIEW	COMPLETE	COMPLETE	vendor/linux/include/uapi/linux/netfilter/nf_conntrack_common.h;vendor/linux/include/uapi/linux/netfilter/nf_conntrack_common.h:135;rewrite/configs/x86_64/frozen.config;header_closure=rewrite/metadata/header_closure.tsv;selected=PENDING_REVIEW	425f94c2954b1fe80ebdbf9b29854e89750355df	9438e0a2880fb10b9c48bd5fa44ecfbce2266f760edb6c33780afecc0f69ee43	e9d9a47838c402d1d9b7e373524645143e738e83a03ccee0c2ae1ab75ac6b205	0123af9e96b58af4e98b91a2de5608d36b63c67864b9041d3340587f3dbe40d2	cfa8dcf0d81c408de38d4202fe1ce9d9e5e301d1e67439c9530da94b1e64ee3f	7484d7b0dd80f45e18d726b04752827fe28555cc5c1af0e127948380e6688abf
semantic-proposal-v1	SC1-0f66ce156f2c8d1da89495eb88d3f65d2824b7cadd9bbc4cb993f0ed754a5c1b	S016270	1	P02	SYMBOLS.tsv	385135	selection_expression	x86_64	include/uapi/linux/netfilter/nf_conntrack_common.h	enum_constant	IPCT_DESTROY	136	PENDING_REVIEW	SOURCE_REVIEWED_VALUE	COMPLETE	vendor/linux/include/uapi/linux/netfilter/nf_conntrack_common.h;vendor/linux/include/uapi/linux/netfilter/nf_conntrack_common.h:136;rewrite/configs/x86_64/frozen.config;header_closure=rewrite/metadata/header_closure.tsv;selected=PENDING_REVIEW	425f94c2954b1fe80ebdbf9b29854e89750355df	9438e0a2880fb10b9c48bd5fa44ecfbce2266f760edb6c33780afecc0f69ee43	e9d9a47838c402d1d9b7e373524645143e738e83a03ccee0c2ae1ab75ac6b205	0123af9e96b58af4e98b91a2de5608d36b63c67864b9041d3340587f3dbe40d2	cfa8dcf0d81c408de38d4202fe1ce9d9e5e301d1e67439c9530da94b1e64ee3f	7484d7b0dd80f45e18d726b04752827fe28555cc5c1af0e127948380e6688abf
semantic-proposal-v1	SC1-5fea23848cb8e9bd374a4c3ad2161f7ae5524b3ae1f824caf852d182dc03ea1e	S016270	1	P02	SYMBOLS.tsv	385135	status	x86_64	include/uapi/linux/netfilter/nf_conntrack_common.h	enum_constant	IPCT_DESTROY	136	PENDING_REVIEW	COMPLETE	COMPLETE	vendor/linux/include/uapi/linux/netfilter/nf_conntrack_common.h;vendor/linux/include/uapi/linux/netfilter/nf_conntrack_common.h:136;rewrite/configs/x86_64/frozen.config;header_closure=rewrite/metadata/header_closure.tsv;selected=PENDING_REVIEW	425f94c2954b1fe80ebdbf9b29854e89750355df	9438e0a2880fb10b9c48bd5fa44ecfbce2266f760edb6c33780afecc0f69ee43	e9d9a47838c402d1d9b7e373524645143e738e83a03ccee0c2ae1ab75ac6b205	0123af9e96b58af4e98b91a2de5608d36b63c67864b9041d3340587f3dbe40d2	cfa8dcf0d81c408de38d4202fe1ce9d9e5e301d1e67439c9530da94b1e64ee3f	7484d7b0dd80f45e18d726b04752827fe28555cc5c1af0e127948380e6688abf
semantic-proposal-v1	SC1-a2c01eb97526fd34f814ddd7382075b6d46aee3ec4ab9694e528ae34045f190f	S016270	1	P02	SYMBOLS.tsv	385136	selection_expression	x86_64	include/uapi/linux/netfilter/nf_conntrack_common.h	enum_constant	IPCT_REPLY	137	PENDING_REVIEW	SOURCE_REVIEWED_VALUE	COMPLETE	vendor/linux/include/uapi/linux/netfilter/nf_conntrack_common.h;vendor/linux/include/uapi/linux/netfilter/nf_conntrack_common.h:137;rewrite/configs/x86_64/frozen.config;header_closure=rewrite/metadata/header_closure.tsv;selected=PENDING_REVIEW	425f94c2954b1fe80ebdbf9b29854e89750355df	9438e0a2880fb10b9c48bd5fa44ecfbce2266f760edb6c33780afecc0f69ee43	e9d9a47838c402d1d9b7e373524645143e738e83a03ccee0c2ae1ab75ac6b205	0123af9e96b58af4e98b91a2de5608d36b63c67864b9041d3340587f3dbe40d2	cfa8dcf0d81c408de38d4202fe1ce9d9e5e301d1e67439c9530da94b1e64ee3f	7484d7b0dd80f45e18d726b04752827fe28555cc5c1af0e127948380e6688abf
semantic-proposal-v1	SC1-27ac580b587fed93aa23c74a0b696d6b345a5451ea46123b0f5bb9d24d2eddc3	S016270	1	P02	SYMBOLS.tsv	385136	status	x86_64	include/uapi/linux/netfilter/nf_conntrack_common.h	enum_constant	IPCT_REPLY	137	PENDING_REVIEW	COMPLETE	COMPLETE	vendor/linux/include/uapi/linux/netfilter/nf_conntrack_common.h;vendor/linux/include/uapi/linux/netfilter/nf_conntrack_common.h:137;rewrite/configs/x86_64/frozen.config;header_closure=rewrite/metadata/header_closure.tsv;selected=PENDING_REVIEW	425f94c2954b1fe80ebdbf9b29854e89750355df	9438e0a2880fb10b9c48bd5fa44ecfbce2266f760edb6c33780afecc0f69ee43	e9d9a47838c402d1d9b7e373524645143e738e83a03ccee0c2ae1ab75ac6b205	0123af9e96b58af4e98b91a2de5608d36b63c67864b9041d3340587f3dbe40d2	cfa8dcf0d81c408de38d4202fe1ce9d9e5e301d1e67439c9530da94b1e64ee3f	7484d7b0dd80f45e18d726b04752827fe28555cc5c1af0e127948380e6688abf
semantic-proposal-v1	SC1-a94b386347ad96b548add98697256ed8fdcee2c1552b0cdc65dd97d4caf254ca	S016270	1	P02	SYMBOLS.tsv	385137	selection_expression	x86_64	include/uapi/linux/netfilter/nf_conntrack_common.h	enum_constant	IPCT_ASSURED	138	PENDING_REVIEW	SOURCE_REVIEWED_VALUE	COMPLETE	vendor/linux/include/uapi/linux/netfilter/nf_conntrack_common.h;vendor/linux/include/uapi/linux/netfilter/nf_conntrack_common.h:138;rewrite/configs/x86_64/frozen.config;header_closure=rewrite/metadata/header_closure.tsv;selected=PENDING_REVIEW	425f94c2954b1fe80ebdbf9b29854e89750355df	9438e0a2880fb10b9c48bd5fa44ecfbce2266f760edb6c33780afecc0f69ee43	e9d9a47838c402d1d9b7e373524645143e738e83a03ccee0c2ae1ab75ac6b205	0123af9e96b58af4e98b91a2de5608d36b63c67864b9041d3340587f3dbe40d2	cfa8dcf0d81c408de38d4202fe1ce9d9e5e301d1e67439c9530da94b1e64ee3f	7484d7b0dd80f45e18d726b04752827fe28555cc5c1af0e127948380e6688abf
semantic-proposal-v1	SC1-f9a8796bcb99079de8f876ca05ad6a44bc94e53cfdad69385b92d55a4ba44b40	S016270	1	P02	SYMBOLS.tsv	385137	status	x86_64	include/uapi/linux/netfilter/nf_conntrack_common.h	enum_constant	IPCT_ASSURED	138	PENDING_REVIEW	COMPLETE	COMPLETE	vendor/linux/include/uapi/linux/netfilter/nf_conntrack_common.h;vendor/linux/include/uapi/linux/netfilter/nf_conntrack_common.h:138;rewrite/configs/x86_64/frozen.config;header_closure=rewrite/metadata/header_closure.tsv;selected=PENDING_REVIEW	425f94c2954b1fe80ebdbf9b29854e89750355df	9438e0a2880fb10b9c48bd5fa44ecfbce2266f760edb6c33780afecc0f69ee43	e9d9a47838c402d1d9b7e373524645143e738e83a03ccee0c2ae1ab75ac6b205	0123af9e96b58af4e98b91a2de5608d36b63c67864b9041d3340587f3dbe40d2	cfa8dcf0d81c408de38d4202fe1ce9d9e5e301d1e67439c9530da94b1e64ee3f	7484d7b0dd80f45e18d726b04752827fe28555cc5c1af0e127948380e6688abf
semantic-proposal-v1	SC1-ccf861a63c59cf7399fb09086bf70f1c974a4ec44ec8e660d4ad84d28ce622c2	S016270	1	P02	SYMBOLS.tsv	385138	selection_expression	x86_64	include/uapi/linux/netfilter/nf_conntrack_common.h	enum_constant	IPCT_PROTOINFO	139	PENDING_REVIEW	SOURCE_REVIEWED_VALUE	COMPLETE	vendor/linux/include/uapi/linux/netfilter/nf_conntrack_common.h;vendor/linux/include/uapi/linux/netfilter/nf_conntrack_common.h:139;rewrite/configs/x86_64/frozen.config;header_closure=rewrite/metadata/header_closure.tsv;selected=PENDING_REVIEW	425f94c2954b1fe80ebdbf9b29854e89750355df	9438e0a2880fb10b9c48bd5fa44ecfbce2266f760edb6c33780afecc0f69ee43	e9d9a47838c402d1d9b7e373524645143e738e83a03ccee0c2ae1ab75ac6b205	0123af9e96b58af4e98b91a2de5608d36b63c67864b9041d3340587f3dbe40d2	cfa8dcf0d81c408de38d4202fe1ce9d9e5e301d1e67439c9530da94b1e64ee3f	7484d7b0dd80f45e18d726b04752827fe28555cc5c1af0e127948380e6688abf
semantic-proposal-v1	SC1-2627282708026e51ad3e15f0916e38a8fc2d6bc14cb17c1d82e0c2493b0bb620	S016270	1	P02	SYMBOLS.tsv	385138	status	x86_64	include/uapi/linux/netfilter/nf_conntrack_common.h	enum_constant	IPCT_PROTOINFO	139	PENDING_REVIEW	COMPLETE	COMPLETE	vendor/linux/include/uapi/linux/netfilter/nf_conntrack_common.h;vendor/linux/include/uapi/linux/netfilter/nf_conntrack_common.h:139;rewrite/configs/x86_64/frozen.config;header_closure=rewrite/metadata/header_closure.tsv;selected=PENDING_REVIEW	425f94c2954b1fe80ebdbf9b29854e89750355df	9438e0a2880fb10b9c48bd5fa44ecfbce2266f760edb6c33780afecc0f69ee43	e9d9a47838c402d1d9b7e373524645143e738e83a03ccee0c2ae1ab75ac6b205	0123af9e96b58af4e98b91a2de5608d36b63c67864b9041d3340587f3dbe40d2	cfa8dcf0d81c408de38d4202fe1ce9d9e5e301d1e67439c9530da94b1e64ee3f	7484d7b0dd80f45e18d726b04752827fe28555cc5c1af0e127948380e6688abf
semantic-proposal-v1	SC1-95e80f2e4b91707b0679409cba855a853c8a864d201eddb7b049672b4fe6e10c	S016270	1	P02	SYMBOLS.tsv	385139	selection_expression	x86_64	include/uapi/linux/netfilter/nf_conntrack_common.h	enum_constant	IPCT_HELPER	140	PENDING_REVIEW	SOURCE_REVIEWED_VALUE	COMPLETE	vendor/linux/include/uapi/linux/netfilter/nf_conntrack_common.h;vendor/linux/include/uapi/linux/netfilter/nf_conntrack_common.h:140;rewrite/configs/x86_64/frozen.config;header_closure=rewrite/metadata/header_closure.tsv;selected=PENDING_REVIEW	425f94c2954b1fe80ebdbf9b29854e89750355df	9438e0a2880fb10b9c48bd5fa44ecfbce2266f760edb6c33780afecc0f69ee43	e9d9a47838c402d1d9b7e373524645143e738e83a03ccee0c2ae1ab75ac6b205	0123af9e96b58af4e98b91a2de5608d36b63c67864b9041d3340587f3dbe40d2	cfa8dcf0d81c408de38d4202fe1ce9d9e5e301d1e67439c9530da94b1e64ee3f	7484d7b0dd80f45e18d726b04752827fe28555cc5c1af0e127948380e6688abf
semantic-proposal-v1	SC1-cfa0741d7a470340c407f281dfa8f586f2cb70773619660ca53a5df30702c3ce	S016270	1	P02	SYMBOLS.tsv	385139	status	x86_64	include/uapi/linux/netfilter/nf_conntrack_common.h	enum_constant	IPCT_HELPER	140	PENDING_REVIEW	COMPLETE	COMPLETE	vendor/linux/include/uapi/linux/netfilter/nf_conntrack_common.h;vendor/linux/include/uapi/linux/netfilter/nf_conntrack_common.h:140;rewrite/configs/x86_64/frozen.config;header_closure=rewrite/metadata/header_closure.tsv;selected=PENDING_REVIEW	425f94c2954b1fe80ebdbf9b29854e89750355df	9438e0a2880fb10b9c48bd5fa44ecfbce2266f760edb6c33780afecc0f69ee43	e9d9a47838c402d1d9b7e373524645143e738e83a03ccee0c2ae1ab75ac6b205	0123af9e96b58af4e98b91a2de5608d36b63c67864b9041d3340587f3dbe40d2	cfa8dcf0d81c408de38d4202fe1ce9d9e5e301d1e67439c9530da94b1e64ee3f	7484d7b0dd80f45e18d726b04752827fe28555cc5c1af0e127948380e6688abf
semantic-proposal-v1	SC1-5062dd6898c934f657598871a0b91f8bd42294e0622da106968bd97522b6ce1c	S016270	1	P02	SYMBOLS.tsv	385140	selection_expression	x86_64	include/uapi/linux/netfilter/nf_conntrack_common.h	enum_constant	IPCT_MARK	141	PENDING_REVIEW	SOURCE_REVIEWED_VALUE	COMPLETE	vendor/linux/include/uapi/linux/netfilter/nf_conntrack_common.h;vendor/linux/include/uapi/linux/netfilter/nf_conntrack_common.h:141;rewrite/configs/x86_64/frozen.config;header_closure=rewrite/metadata/header_closure.tsv;selected=PENDING_REVIEW	425f94c2954b1fe80ebdbf9b29854e89750355df	9438e0a2880fb10b9c48bd5fa44ecfbce2266f760edb6c33780afecc0f69ee43	e9d9a47838c402d1d9b7e373524645143e738e83a03ccee0c2ae1ab75ac6b205	0123af9e96b58af4e98b91a2de5608d36b63c67864b9041d3340587f3dbe40d2	cfa8dcf0d81c408de38d4202fe1ce9d9e5e301d1e67439c9530da94b1e64ee3f	7484d7b0dd80f45e18d726b04752827fe28555cc5c1af0e127948380e6688abf
semantic-proposal-v1	SC1-19f8d445b291fe10d65ab39c9b866b8cf95ddad01bc7bd93f665b77491f04fe4	S016270	1	P02	SYMBOLS.tsv	385140	status	x86_64	include/uapi/linux/netfilter/nf_conntrack_common.h	enum_constant	IPCT_MARK	141	PENDING_REVIEW	COMPLETE	COMPLETE	vendor/linux/include/uapi/linux/netfilter/nf_conntrack_common.h;vendor/linux/include/uapi/linux/netfilter/nf_conntrack_common.h:141;rewrite/configs/x86_64/frozen.config;header_closure=rewrite/metadata/header_closure.tsv;selected=PENDING_REVIEW	425f94c2954b1fe80ebdbf9b29854e89750355df	9438e0a2880fb10b9c48bd5fa44ecfbce2266f760edb6c33780afecc0f69ee43	e9d9a47838c402d1d9b7e373524645143e738e83a03ccee0c2ae1ab75ac6b205	0123af9e96b58af4e98b91a2de5608d36b63c67864b9041d3340587f3dbe40d2	cfa8dcf0d81c408de38d4202fe1ce9d9e5e301d1e67439c9530da94b1e64ee3f	7484d7b0dd80f45e18d726b04752827fe28555cc5c1af0e127948380e6688abf
semantic-proposal-v1	SC1-e03df66d12e62528f8eafd95d389e4ef76ad894fb346718a1c3ebd056459b7a7	S016270	1	P02	SYMBOLS.tsv	385141	selection_expression	x86_64	include/uapi/linux/netfilter/nf_conntrack_common.h	enum_constant	IPCT_SEQADJ	142	PENDING_REVIEW	SOURCE_REVIEWED_VALUE	COMPLETE	vendor/linux/include/uapi/linux/netfilter/nf_conntrack_common.h;vendor/linux/include/uapi/linux/netfilter/nf_conntrack_common.h:142;rewrite/configs/x86_64/frozen.config;header_closure=rewrite/metadata/header_closure.tsv;selected=PENDING_REVIEW	425f94c2954b1fe80ebdbf9b29854e89750355df	9438e0a2880fb10b9c48bd5fa44ecfbce2266f760edb6c33780afecc0f69ee43	e9d9a47838c402d1d9b7e373524645143e738e83a03ccee0c2ae1ab75ac6b205	0123af9e96b58af4e98b91a2de5608d36b63c67864b9041d3340587f3dbe40d2	cfa8dcf0d81c408de38d4202fe1ce9d9e5e301d1e67439c9530da94b1e64ee3f	7484d7b0dd80f45e18d726b04752827fe28555cc5c1af0e127948380e6688abf
semantic-proposal-v1	SC1-3eef81043e02a308fc687b33910d056f7cd7c748cbf4f1bd4d19cb17305c0063	S016270	1	P02	SYMBOLS.tsv	385141	status	x86_64	include/uapi/linux/netfilter/nf_conntrack_common.h	enum_constant	IPCT_SEQADJ	142	PENDING_REVIEW	COMPLETE	COMPLETE	vendor/linux/include/uapi/linux/netfilter/nf_conntrack_common.h;vendor/linux/include/uapi/linux/netfilter/nf_conntrack_common.h:142;rewrite/configs/x86_64/frozen.config;header_closure=rewrite/metadata/header_closure.tsv;selected=PENDING_REVIEW	425f94c2954b1fe80ebdbf9b29854e89750355df	9438e0a2880fb10b9c48bd5fa44ecfbce2266f760edb6c33780afecc0f69ee43	e9d9a47838c402d1d9b7e373524645143e738e83a03ccee0c2ae1ab75ac6b205	0123af9e96b58af4e98b91a2de5608d36b63c67864b9041d3340587f3dbe40d2	cfa8dcf0d81c408de38d4202fe1ce9d9e5e301d1e67439c9530da94b1e64ee3f	7484d7b0dd80f45e18d726b04752827fe28555cc5c1af0e127948380e6688abf
semantic-proposal-v1	SC1-be625387e02d052b615aa9b51c099d67aaba4da74afb70495a2f6be2e61fac74	S016270	1	P02	SYMBOLS.tsv	385142	selection_expression	x86_64	include/uapi/linux/netfilter/nf_conntrack_common.h	enum_constant	IPCT_NATSEQADJ	143	PENDING_REVIEW	SOURCE_REVIEWED_VALUE	COMPLETE	vendor/linux/include/uapi/linux/netfilter/nf_conntrack_common.h;vendor/linux/include/uapi/linux/netfilter/nf_conntrack_common.h:143;rewrite/configs/x86_64/frozen.config;header_closure=rewrite/metadata/header_closure.tsv;selected=PENDING_REVIEW	425f94c2954b1fe80ebdbf9b29854e89750355df	9438e0a2880fb10b9c48bd5fa44ecfbce2266f760edb6c33780afecc0f69ee43	e9d9a47838c402d1d9b7e373524645143e738e83a03ccee0c2ae1ab75ac6b205	0123af9e96b58af4e98b91a2de5608d36b63c67864b9041d3340587f3dbe40d2	cfa8dcf0d81c408de38d4202fe1ce9d9e5e301d1e67439c9530da94b1e64ee3f	7484d7b0dd80f45e18d726b04752827fe28555cc5c1af0e127948380e6688abf
semantic-proposal-v1	SC1-f7d67c42b2984876f69ece303c57d1235dee593cbcd9029de27cc5922d23983b	S016270	1	P02	SYMBOLS.tsv	385142	status	x86_64	include/uapi/linux/netfilter/nf_conntrack_common.h	enum_constant	IPCT_NATSEQADJ	143	PENDING_REVIEW	COMPLETE	COMPLETE	vendor/linux/include/uapi/linux/netfilter/nf_conntrack_common.h;vendor/linux/include/uapi/linux/netfilter/nf_conntrack_common.h:143;rewrite/configs/x86_64/frozen.config;header_closure=rewrite/metadata/header_closure.tsv;selected=PENDING_REVIEW	425f94c2954b1fe80ebdbf9b29854e89750355df	9438e0a2880fb10b9c48bd5fa44ecfbce2266f760edb6c33780afecc0f69ee43	e9d9a47838c402d1d9b7e373524645143e738e83a03ccee0c2ae1ab75ac6b205	0123af9e96b58af4e98b91a2de5608d36b63c67864b9041d3340587f3dbe40d2	cfa8dcf0d81c408de38d4202fe1ce9d9e5e301d1e67439c9530da94b1e64ee3f	7484d7b0dd80f45e18d726b04752827fe28555cc5c1af0e127948380e6688abf
semantic-proposal-v1	SC1-6a4a64efb43acbdf476ac39ea3467ec40b856a50fbe17f21c93aae3ad662657c	S016270	1	P02	SYMBOLS.tsv	385143	selection_expression	x86_64	include/uapi/linux/netfilter/nf_conntrack_common.h	enum_constant	IPCT_SECMARK	144	PENDING_REVIEW	SOURCE_REVIEWED_VALUE	COMPLETE	vendor/linux/include/uapi/linux/netfilter/nf_conntrack_common.h;vendor/linux/include/uapi/linux/netfilter/nf_conntrack_common.h:144;rewrite/configs/x86_64/frozen.config;header_closure=rewrite/metadata/header_closure.tsv;selected=PENDING_REVIEW	425f94c2954b1fe80ebdbf9b29854e89750355df	9438e0a2880fb10b9c48bd5fa44ecfbce2266f760edb6c33780afecc0f69ee43	e9d9a47838c402d1d9b7e373524645143e738e83a03ccee0c2ae1ab75ac6b205	0123af9e96b58af4e98b91a2de5608d36b63c67864b9041d3340587f3dbe40d2	cfa8dcf0d81c408de38d4202fe1ce9d9e5e301d1e67439c9530da94b1e64ee3f	7484d7b0dd80f45e18d726b04752827fe28555cc5c1af0e127948380e6688abf
semantic-proposal-v1	SC1-14d7d3c4be93fb7d2b93439a24ed950f91dd92d0f95d344ce17c97393f0f5a00	S016270	1	P02	SYMBOLS.tsv	385143	status	x86_64	include/uapi/linux/netfilter/nf_conntrack_common.h	enum_constant	IPCT_SECMARK	144	PENDING_REVIEW	COMPLETE	COMPLETE	vendor/linux/include/uapi/linux/netfilter/nf_conntrack_common.h;vendor/linux/include/uapi/linux/netfilter/nf_conntrack_common.h:144;rewrite/configs/x86_64/frozen.config;header_closure=rewrite/metadata/header_closure.tsv;selected=PENDING_REVIEW	425f94c2954b1fe80ebdbf9b29854e89750355df	9438e0a2880fb10b9c48bd5fa44ecfbce2266f760edb6c33780afecc0f69ee43	e9d9a47838c402d1d9b7e373524645143e738e83a03ccee0c2ae1ab75ac6b205	0123af9e96b58af4e98b91a2de5608d36b63c67864b9041d3340587f3dbe40d2	cfa8dcf0d81c408de38d4202fe1ce9d9e5e301d1e67439c9530da94b1e64ee3f	7484d7b0dd80f45e18d726b04752827fe28555cc5c1af0e127948380e6688abf
semantic-proposal-v1	SC1-66f636a57c05608cdf4c8d8364db38832bab2a93ef8572561ce8825db2f99268	S016270	1	P02	SYMBOLS.tsv	385144	selection_expression	x86_64	include/uapi/linux/netfilter/nf_conntrack_common.h	enum_constant	IPCT_LABEL	145	PENDING_REVIEW	SOURCE_REVIEWED_VALUE	COMPLETE	vendor/linux/include/uapi/linux/netfilter/nf_conntrack_common.h;vendor/linux/include/uapi/linux/netfilter/nf_conntrack_common.h:145;rewrite/configs/x86_64/frozen.config;header_closure=rewrite/metadata/header_closure.tsv;selected=PENDING_REVIEW	425f94c2954b1fe80ebdbf9b29854e89750355df	9438e0a2880fb10b9c48bd5fa44ecfbce2266f760edb6c33780afecc0f69ee43	e9d9a47838c402d1d9b7e373524645143e738e83a03ccee0c2ae1ab75ac6b205	0123af9e96b58af4e98b91a2de5608d36b63c67864b9041d3340587f3dbe40d2	cfa8dcf0d81c408de38d4202fe1ce9d9e5e301d1e67439c9530da94b1e64ee3f	7484d7b0dd80f45e18d726b04752827fe28555cc5c1af0e127948380e6688abf
semantic-proposal-v1	SC1-f9ed5c02cf9a1fc4002af8c46be3abbee18e21bfc3bb316380cab5abefc6986d	S016270	1	P02	SYMBOLS.tsv	385144	status	x86_64	include/uapi/linux/netfilter/nf_conntrack_common.h	enum_constant	IPCT_LABEL	145	PENDING_REVIEW	COMPLETE	COMPLETE	vendor/linux/include/uapi/linux/netfilter/nf_conntrack_common.h;vendor/linux/include/uapi/linux/netfilter/nf_conntrack_common.h:145;rewrite/configs/x86_64/frozen.config;header_closure=rewrite/metadata/header_closure.tsv;selected=PENDING_REVIEW	425f94c2954b1fe80ebdbf9b29854e89750355df	9438e0a2880fb10b9c48bd5fa44ecfbce2266f760edb6c33780afecc0f69ee43	e9d9a47838c402d1d9b7e373524645143e738e83a03ccee0c2ae1ab75ac6b205	0123af9e96b58af4e98b91a2de5608d36b63c67864b9041d3340587f3dbe40d2	cfa8dcf0d81c408de38d4202fe1ce9d9e5e301d1e67439c9530da94b1e64ee3f	7484d7b0dd80f45e18d726b04752827fe28555cc5c1af0e127948380e6688abf
semantic-proposal-v1	SC1-c41384ec9f88946da2ffe51a32bbfc2a6f6a66cc2546708aec9db5327fb6e08a	S016270	1	P02	SYMBOLS.tsv	385145	selection_expression	x86_64	include/uapi/linux/netfilter/nf_conntrack_common.h	enum_constant	IPCT_SYNPROXY	146	PENDING_REVIEW	SOURCE_REVIEWED_VALUE	COMPLETE	vendor/linux/include/uapi/linux/netfilter/nf_conntrack_common.h;vendor/linux/include/uapi/linux/netfilter/nf_conntrack_common.h:146;rewrite/configs/x86_64/frozen.config;header_closure=rewrite/metadata/header_closure.tsv;selected=PENDING_REVIEW	425f94c2954b1fe80ebdbf9b29854e89750355df	9438e0a2880fb10b9c48bd5fa44ecfbce2266f760edb6c33780afecc0f69ee43	e9d9a47838c402d1d9b7e373524645143e738e83a03ccee0c2ae1ab75ac6b205	0123af9e96b58af4e98b91a2de5608d36b63c67864b9041d3340587f3dbe40d2	cfa8dcf0d81c408de38d4202fe1ce9d9e5e301d1e67439c9530da94b1e64ee3f	7484d7b0dd80f45e18d726b04752827fe28555cc5c1af0e127948380e6688abf
semantic-proposal-v1	SC1-a2760a5525d520d440360d98536eec9efabcb80a8a18dd8ec43821c2eb48d046	S016270	1	P02	SYMBOLS.tsv	385145	status	x86_64	include/uapi/linux/netfilter/nf_conntrack_common.h	enum_constant	IPCT_SYNPROXY	146	PENDING_REVIEW	COMPLETE	COMPLETE	vendor/linux/include/uapi/linux/netfilter/nf_conntrack_common.h;vendor/linux/include/uapi/linux/netfilter/nf_conntrack_common.h:146;rewrite/configs/x86_64/frozen.config;header_closure=rewrite/metadata/header_closure.tsv;selected=PENDING_REVIEW	425f94c2954b1fe80ebdbf9b29854e89750355df	9438e0a2880fb10b9c48bd5fa44ecfbce2266f760edb6c33780afecc0f69ee43	e9d9a47838c402d1d9b7e373524645143e738e83a03ccee0c2ae1ab75ac6b205	0123af9e96b58af4e98b91a2de5608d36b63c67864b9041d3340587f3dbe40d2	cfa8dcf0d81c408de38d4202fe1ce9d9e5e301d1e67439c9530da94b1e64ee3f	7484d7b0dd80f45e18d726b04752827fe28555cc5c1af0e127948380e6688abf
semantic-proposal-v1	SC1-98d034b9b4992b26197d042d11c4a7305077f8ec5d984382bad09070cf38edb1	S016270	1	P02	SYMBOLS.tsv	385146	selection_expression	x86_64	include/uapi/linux/netfilter/nf_conntrack_common.h	enum_constant	__IPCT_MAX	148	PENDING_REVIEW	SOURCE_REVIEWED_VALUE	COMPLETE	vendor/linux/include/uapi/linux/netfilter/nf_conntrack_common.h;vendor/linux/include/uapi/linux/netfilter/nf_conntrack_common.h:148;rewrite/configs/x86_64/frozen.config;header_closure=rewrite/metadata/header_closure.tsv;selected=PENDING_REVIEW	425f94c2954b1fe80ebdbf9b29854e89750355df	9438e0a2880fb10b9c48bd5fa44ecfbce2266f760edb6c33780afecc0f69ee43	e9d9a47838c402d1d9b7e373524645143e738e83a03ccee0c2ae1ab75ac6b205	0123af9e96b58af4e98b91a2de5608d36b63c67864b9041d3340587f3dbe40d2	cfa8dcf0d81c408de38d4202fe1ce9d9e5e301d1e67439c9530da94b1e64ee3f	7484d7b0dd80f45e18d726b04752827fe28555cc5c1af0e127948380e6688abf
semantic-proposal-v1	SC1-17ef0d8ae88e93741a432e5a0ae7304d41bf85259d72b434a86c8fc75f488318	S016270	1	P02	SYMBOLS.tsv	385146	status	x86_64	include/uapi/linux/netfilter/nf_conntrack_common.h	enum_constant	__IPCT_MAX	148	PENDING_REVIEW	COMPLETE	COMPLETE	vendor/linux/include/uapi/linux/netfilter/nf_conntrack_common.h;vendor/linux/include/uapi/linux/netfilter/nf_conntrack_common.h:148;rewrite/configs/x86_64/frozen.config;header_closure=rewrite/metadata/header_closure.tsv;selected=PENDING_REVIEW	425f94c2954b1fe80ebdbf9b29854e89750355df	9438e0a2880fb10b9c48bd5fa44ecfbce2266f760edb6c33780afecc0f69ee43	e9d9a47838c402d1d9b7e373524645143e738e83a03ccee0c2ae1ab75ac6b205	0123af9e96b58af4e98b91a2de5608d36b63c67864b9041d3340587f3dbe40d2	cfa8dcf0d81c408de38d4202fe1ce9d9e5e301d1e67439c9530da94b1e64ee3f	7484d7b0dd80f45e18d726b04752827fe28555cc5c1af0e127948380e6688abf
semantic-proposal-v1	SC1-be74f4add7b69e670a06070ffcc6fc32a580369ddaad3054376cdcb731cc47b9	S016270	1	P02	SYMBOLS.tsv	385147	selection_expression	x86_64	include/uapi/linux/netfilter/nf_conntrack_common.h	type	enum ip_conntrack_expect_events	152	PENDING_REVIEW	SOURCE_REVIEWED_VALUE	COMPLETE	vendor/linux/include/uapi/linux/netfilter/nf_conntrack_common.h;vendor/linux/include/uapi/linux/netfilter/nf_conntrack_common.h:152;rewrite/configs/x86_64/frozen.config;header_closure=rewrite/metadata/header_closure.tsv;selected=PENDING_REVIEW	425f94c2954b1fe80ebdbf9b29854e89750355df	9438e0a2880fb10b9c48bd5fa44ecfbce2266f760edb6c33780afecc0f69ee43	e9d9a47838c402d1d9b7e373524645143e738e83a03ccee0c2ae1ab75ac6b205	0123af9e96b58af4e98b91a2de5608d36b63c67864b9041d3340587f3dbe40d2	cfa8dcf0d81c408de38d4202fe1ce9d9e5e301d1e67439c9530da94b1e64ee3f	7484d7b0dd80f45e18d726b04752827fe28555cc5c1af0e127948380e6688abf
semantic-proposal-v1	SC1-18c036e8a1852d160d7e48a2076103f2963e00178867613e39789e241ed4dc11	S016270	1	P02	SYMBOLS.tsv	385147	status	x86_64	include/uapi/linux/netfilter/nf_conntrack_common.h	type	enum ip_conntrack_expect_events	152	PENDING_REVIEW	COMPLETE	COMPLETE	vendor/linux/include/uapi/linux/netfilter/nf_conntrack_common.h;vendor/linux/include/uapi/linux/netfilter/nf_conntrack_common.h:152;rewrite/configs/x86_64/frozen.config;header_closure=rewrite/metadata/header_closure.tsv;selected=PENDING_REVIEW	425f94c2954b1fe80ebdbf9b29854e89750355df	9438e0a2880fb10b9c48bd5fa44ecfbce2266f760edb6c33780afecc0f69ee43	e9d9a47838c402d1d9b7e373524645143e738e83a03ccee0c2ae1ab75ac6b205	0123af9e96b58af4e98b91a2de5608d36b63c67864b9041d3340587f3dbe40d2	cfa8dcf0d81c408de38d4202fe1ce9d9e5e301d1e67439c9530da94b1e64ee3f	7484d7b0dd80f45e18d726b04752827fe28555cc5c1af0e127948380e6688abf
semantic-proposal-v1	SC1-f46088eafb4b82fd9fbfa8fb807bd7433b86e578d8d546a08460131fe2e356a4	S016270	1	P02	SYMBOLS.tsv	385148	selection_expression	x86_64	include/uapi/linux/netfilter/nf_conntrack_common.h	enum_constant	IPEXP_NEW	153	PENDING_REVIEW	SOURCE_REVIEWED_VALUE	COMPLETE	vendor/linux/include/uapi/linux/netfilter/nf_conntrack_common.h;vendor/linux/include/uapi/linux/netfilter/nf_conntrack_common.h:153;rewrite/configs/x86_64/frozen.config;header_closure=rewrite/metadata/header_closure.tsv;selected=PENDING_REVIEW	425f94c2954b1fe80ebdbf9b29854e89750355df	9438e0a2880fb10b9c48bd5fa44ecfbce2266f760edb6c33780afecc0f69ee43	e9d9a47838c402d1d9b7e373524645143e738e83a03ccee0c2ae1ab75ac6b205	0123af9e96b58af4e98b91a2de5608d36b63c67864b9041d3340587f3dbe40d2	cfa8dcf0d81c408de38d4202fe1ce9d9e5e301d1e67439c9530da94b1e64ee3f	7484d7b0dd80f45e18d726b04752827fe28555cc5c1af0e127948380e6688abf
semantic-proposal-v1	SC1-670f5d360b4530e1d20f0da97d16d862695ee9da958ffabcff1c563d7334eece	S016270	1	P02	SYMBOLS.tsv	385148	status	x86_64	include/uapi/linux/netfilter/nf_conntrack_common.h	enum_constant	IPEXP_NEW	153	PENDING_REVIEW	COMPLETE	COMPLETE	vendor/linux/include/uapi/linux/netfilter/nf_conntrack_common.h;vendor/linux/include/uapi/linux/netfilter/nf_conntrack_common.h:153;rewrite/configs/x86_64/frozen.config;header_closure=rewrite/metadata/header_closure.tsv;selected=PENDING_REVIEW	425f94c2954b1fe80ebdbf9b29854e89750355df	9438e0a2880fb10b9c48bd5fa44ecfbce2266f760edb6c33780afecc0f69ee43	e9d9a47838c402d1d9b7e373524645143e738e83a03ccee0c2ae1ab75ac6b205	0123af9e96b58af4e98b91a2de5608d36b63c67864b9041d3340587f3dbe40d2	cfa8dcf0d81c408de38d4202fe1ce9d9e5e301d1e67439c9530da94b1e64ee3f	7484d7b0dd80f45e18d726b04752827fe28555cc5c1af0e127948380e6688abf
semantic-proposal-v1	SC1-03071c625f37b8dca5a3501945a8addf1897a420ce43700237660257cc87d41b	S016270	1	P02	SYMBOLS.tsv	385149	selection_expression	x86_64	include/uapi/linux/netfilter/nf_conntrack_common.h	enum_constant	IPEXP_DESTROY	154	PENDING_REVIEW	SOURCE_REVIEWED_VALUE	COMPLETE	vendor/linux/include/uapi/linux/netfilter/nf_conntrack_common.h;vendor/linux/include/uapi/linux/netfilter/nf_conntrack_common.h:154;rewrite/configs/x86_64/frozen.config;header_closure=rewrite/metadata/header_closure.tsv;selected=PENDING_REVIEW	425f94c2954b1fe80ebdbf9b29854e89750355df	9438e0a2880fb10b9c48bd5fa44ecfbce2266f760edb6c33780afecc0f69ee43	e9d9a47838c402d1d9b7e373524645143e738e83a03ccee0c2ae1ab75ac6b205	0123af9e96b58af4e98b91a2de5608d36b63c67864b9041d3340587f3dbe40d2	cfa8dcf0d81c408de38d4202fe1ce9d9e5e301d1e67439c9530da94b1e64ee3f	7484d7b0dd80f45e18d726b04752827fe28555cc5c1af0e127948380e6688abf
semantic-proposal-v1	SC1-fa6403816d4b0250f2ee933571dc5acf61f5c3ddebb48d37d6e70935fc58521a	S016270	1	P02	SYMBOLS.tsv	385149	status	x86_64	include/uapi/linux/netfilter/nf_conntrack_common.h	enum_constant	IPEXP_DESTROY	154	PENDING_REVIEW	COMPLETE	COMPLETE	vendor/linux/include/uapi/linux/netfilter/nf_conntrack_common.h;vendor/linux/include/uapi/linux/netfilter/nf_conntrack_common.h:154;rewrite/configs/x86_64/frozen.config;header_closure=rewrite/metadata/header_closure.tsv;selected=PENDING_REVIEW	425f94c2954b1fe80ebdbf9b29854e89750355df	9438e0a2880fb10b9c48bd5fa44ecfbce2266f760edb6c33780afecc0f69ee43	e9d9a47838c402d1d9b7e373524645143e738e83a03ccee0c2ae1ab75ac6b205	0123af9e96b58af4e98b91a2de5608d36b63c67864b9041d3340587f3dbe40d2	cfa8dcf0d81c408de38d4202fe1ce9d9e5e301d1e67439c9530da94b1e64ee3f	7484d7b0dd80f45e18d726b04752827fe28555cc5c1af0e127948380e6688abf
semantic-proposal-v1	SC1-ef34e3052f6e5fc06f5a66ed2cb962f1e7819be97e6ab8fe3922fa0bab2c8931	S016270	1	P02	ABI.tsv	193098	alignment	aarch64	include/uapi/linux/netfilter/nf_conntrack_common.h	type	enum ip_conntrack_info	7	PENDING_REVIEW	SOURCE_REVIEWED_VALUE	COMPLETE	vendor/linux/include/uapi/linux/netfilter/nf_conntrack_common.h;vendor/linux/include/uapi/linux/netfilter/nf_conntrack_common.h:7;header-context=PENDING_REVIEW	425f94c2954b1fe80ebdbf9b29854e89750355df	9438e0a2880fb10b9c48bd5fa44ecfbce2266f760edb6c33780afecc0f69ee43	e9d9a47838c402d1d9b7e373524645143e738e83a03ccee0c2ae1ab75ac6b205	0123af9e96b58af4e98b91a2de5608d36b63c67864b9041d3340587f3dbe40d2	cfa8dcf0d81c408de38d4202fe1ce9d9e5e301d1e67439c9530da94b1e64ee3f	ae0caca34fe9b6eb8097958d2fbb8d2b6a1fad60f91f3c2b8d948c43dbfcee39
semantic-proposal-v1	SC1-a5c2e78674db2fbe83e4f42f7996fdb3b3cebcea916030a5ef61f6b6b3cde9f0	S016270	1	P02	ABI.tsv	193098	export_kind	aarch64	include/uapi/linux/netfilter/nf_conntrack_common.h	type	enum ip_conntrack_info	7	PENDING_REVIEW	SOURCE_REVIEWED_VALUE	COMPLETE	vendor/linux/include/uapi/linux/netfilter/nf_conntrack_common.h;vendor/linux/include/uapi/linux/netfilter/nf_conntrack_common.h:7;header-context=PENDING_REVIEW	425f94c2954b1fe80ebdbf9b29854e89750355df	9438e0a2880fb10b9c48bd5fa44ecfbce2266f760edb6c33780afecc0f69ee43	e9d9a47838c402d1d9b7e373524645143e738e83a03ccee0c2ae1ab75ac6b205	0123af9e96b58af4e98b91a2de5608d36b63c67864b9041d3340587f3dbe40d2	cfa8dcf0d81c408de38d4202fe1ce9d9e5e301d1e67439c9530da94b1e64ee3f	ae0caca34fe9b6eb8097958d2fbb8d2b6a1fad60f91f3c2b8d948c43dbfcee39
semantic-proposal-v1	SC1-1fbbb64029566a150c7c7194a88ff77cbdd70b4f579e6b1f37899b367e9c338a	S016270	1	P02	ABI.tsv	193098	layout	aarch64	include/uapi/linux/netfilter/nf_conntrack_common.h	type	enum ip_conntrack_info	7	PENDING_REVIEW	SOURCE_REVIEWED_VALUE	COMPLETE	vendor/linux/include/uapi/linux/netfilter/nf_conntrack_common.h;vendor/linux/include/uapi/linux/netfilter/nf_conntrack_common.h:7;header-context=PENDING_REVIEW	425f94c2954b1fe80ebdbf9b29854e89750355df	9438e0a2880fb10b9c48bd5fa44ecfbce2266f760edb6c33780afecc0f69ee43	e9d9a47838c402d1d9b7e373524645143e738e83a03ccee0c2ae1ab75ac6b205	0123af9e96b58af4e98b91a2de5608d36b63c67864b9041d3340587f3dbe40d2	cfa8dcf0d81c408de38d4202fe1ce9d9e5e301d1e67439c9530da94b1e64ee3f	ae0caca34fe9b6eb8097958d2fbb8d2b6a1fad60f91f3c2b8d948c43dbfcee39
semantic-proposal-v1	SC1-67f3f965533978c85200c9e349af36c7b8d8d445354629496907181b3d1b1f64	S016270	1	P02	ABI.tsv	193098	status	aarch64	include/uapi/linux/netfilter/nf_conntrack_common.h	type	enum ip_conntrack_info	7	PENDING_REVIEW	COMPLETE	COMPLETE	vendor/linux/include/uapi/linux/netfilter/nf_conntrack_common.h;vendor/linux/include/uapi/linux/netfilter/nf_conntrack_common.h:7;header-context=PENDING_REVIEW	425f94c2954b1fe80ebdbf9b29854e89750355df	9438e0a2880fb10b9c48bd5fa44ecfbce2266f760edb6c33780afecc0f69ee43	e9d9a47838c402d1d9b7e373524645143e738e83a03ccee0c2ae1ab75ac6b205	0123af9e96b58af4e98b91a2de5608d36b63c67864b9041d3340587f3dbe40d2	cfa8dcf0d81c408de38d4202fe1ce9d9e5e301d1e67439c9530da94b1e64ee3f	ae0caca34fe9b6eb8097958d2fbb8d2b6a1fad60f91f3c2b8d948c43dbfcee39
semantic-proposal-v1	SC1-c46721f7173ca0423052c9ff8c9e559e1ccec6cc5c65bb3e3f461e17b825d6a6	S016270	1	P02	ABI.tsv	193099	alignment	aarch64	include/uapi/linux/netfilter/nf_conntrack_common.h	type	enum ip_conntrack_status	42	PENDING_REVIEW	SOURCE_REVIEWED_VALUE	COMPLETE	vendor/linux/include/uapi/linux/netfilter/nf_conntrack_common.h;vendor/linux/include/uapi/linux/netfilter/nf_conntrack_common.h:42;header-context=PENDING_REVIEW	425f94c2954b1fe80ebdbf9b29854e89750355df	9438e0a2880fb10b9c48bd5fa44ecfbce2266f760edb6c33780afecc0f69ee43	e9d9a47838c402d1d9b7e373524645143e738e83a03ccee0c2ae1ab75ac6b205	0123af9e96b58af4e98b91a2de5608d36b63c67864b9041d3340587f3dbe40d2	cfa8dcf0d81c408de38d4202fe1ce9d9e5e301d1e67439c9530da94b1e64ee3f	ae0caca34fe9b6eb8097958d2fbb8d2b6a1fad60f91f3c2b8d948c43dbfcee39
semantic-proposal-v1	SC1-ab827ac3ec66668e819d3bed51c9e74635063987577fded2dfb22ed89c65aa4d	S016270	1	P02	ABI.tsv	193099	export_kind	aarch64	include/uapi/linux/netfilter/nf_conntrack_common.h	type	enum ip_conntrack_status	42	PENDING_REVIEW	SOURCE_REVIEWED_VALUE	COMPLETE	vendor/linux/include/uapi/linux/netfilter/nf_conntrack_common.h;vendor/linux/include/uapi/linux/netfilter/nf_conntrack_common.h:42;header-context=PENDING_REVIEW	425f94c2954b1fe80ebdbf9b29854e89750355df	9438e0a2880fb10b9c48bd5fa44ecfbce2266f760edb6c33780afecc0f69ee43	e9d9a47838c402d1d9b7e373524645143e738e83a03ccee0c2ae1ab75ac6b205	0123af9e96b58af4e98b91a2de5608d36b63c67864b9041d3340587f3dbe40d2	cfa8dcf0d81c408de38d4202fe1ce9d9e5e301d1e67439c9530da94b1e64ee3f	ae0caca34fe9b6eb8097958d2fbb8d2b6a1fad60f91f3c2b8d948c43dbfcee39
semantic-proposal-v1	SC1-f9345ed20f5e6e5aa1cef8e88481d0e9ba40ddbcebbb37bac09d51890cbf5deb	S016270	1	P02	ABI.tsv	193099	layout	aarch64	include/uapi/linux/netfilter/nf_conntrack_common.h	type	enum ip_conntrack_status	42	PENDING_REVIEW	SOURCE_REVIEWED_VALUE	COMPLETE	vendor/linux/include/uapi/linux/netfilter/nf_conntrack_common.h;vendor/linux/include/uapi/linux/netfilter/nf_conntrack_common.h:42;header-context=PENDING_REVIEW	425f94c2954b1fe80ebdbf9b29854e89750355df	9438e0a2880fb10b9c48bd5fa44ecfbce2266f760edb6c33780afecc0f69ee43	e9d9a47838c402d1d9b7e373524645143e738e83a03ccee0c2ae1ab75ac6b205	0123af9e96b58af4e98b91a2de5608d36b63c67864b9041d3340587f3dbe40d2	cfa8dcf0d81c408de38d4202fe1ce9d9e5e301d1e67439c9530da94b1e64ee3f	ae0caca34fe9b6eb8097958d2fbb8d2b6a1fad60f91f3c2b8d948c43dbfcee39
semantic-proposal-v1	SC1-f8a1c75203c34e8817ccf2f0da3c6c97c501daadc5ec4fd0c1eb83f01de3584c	S016270	1	P02	ABI.tsv	193099	status	aarch64	include/uapi/linux/netfilter/nf_conntrack_common.h	type	enum ip_conntrack_status	42	PENDING_REVIEW	COMPLETE	COMPLETE	vendor/linux/include/uapi/linux/netfilter/nf_conntrack_common.h;vendor/linux/include/uapi/linux/netfilter/nf_conntrack_common.h:42;header-context=PENDING_REVIEW	425f94c2954b1fe80ebdbf9b29854e89750355df	9438e0a2880fb10b9c48bd5fa44ecfbce2266f760edb6c33780afecc0f69ee43	e9d9a47838c402d1d9b7e373524645143e738e83a03ccee0c2ae1ab75ac6b205	0123af9e96b58af4e98b91a2de5608d36b63c67864b9041d3340587f3dbe40d2	cfa8dcf0d81c408de38d4202fe1ce9d9e5e301d1e67439c9530da94b1e64ee3f	ae0caca34fe9b6eb8097958d2fbb8d2b6a1fad60f91f3c2b8d948c43dbfcee39
semantic-proposal-v1	SC1-940a81ff60c43e297d1b32a596925594e55eac7711fef509f08fbd11ea33d9e3	S016270	1	P02	ABI.tsv	193100	alignment	aarch64	include/uapi/linux/netfilter/nf_conntrack_common.h	type	enum ip_conntrack_events	133	PENDING_REVIEW	SOURCE_REVIEWED_VALUE	COMPLETE	vendor/linux/include/uapi/linux/netfilter/nf_conntrack_common.h;vendor/linux/include/uapi/linux/netfilter/nf_conntrack_common.h:133;header-context=PENDING_REVIEW	425f94c2954b1fe80ebdbf9b29854e89750355df	9438e0a2880fb10b9c48bd5fa44ecfbce2266f760edb6c33780afecc0f69ee43	e9d9a47838c402d1d9b7e373524645143e738e83a03ccee0c2ae1ab75ac6b205	0123af9e96b58af4e98b91a2de5608d36b63c67864b9041d3340587f3dbe40d2	cfa8dcf0d81c408de38d4202fe1ce9d9e5e301d1e67439c9530da94b1e64ee3f	ae0caca34fe9b6eb8097958d2fbb8d2b6a1fad60f91f3c2b8d948c43dbfcee39
semantic-proposal-v1	SC1-46ea1ba03e61bf5fe548eee3426c4df169da2e194cf1083457b659ad0b91ce36	S016270	1	P02	ABI.tsv	193100	export_kind	aarch64	include/uapi/linux/netfilter/nf_conntrack_common.h	type	enum ip_conntrack_events	133	PENDING_REVIEW	SOURCE_REVIEWED_VALUE	COMPLETE	vendor/linux/include/uapi/linux/netfilter/nf_conntrack_common.h;vendor/linux/include/uapi/linux/netfilter/nf_conntrack_common.h:133;header-context=PENDING_REVIEW	425f94c2954b1fe80ebdbf9b29854e89750355df	9438e0a2880fb10b9c48bd5fa44ecfbce2266f760edb6c33780afecc0f69ee43	e9d9a47838c402d1d9b7e373524645143e738e83a03ccee0c2ae1ab75ac6b205	0123af9e96b58af4e98b91a2de5608d36b63c67864b9041d3340587f3dbe40d2	cfa8dcf0d81c408de38d4202fe1ce9d9e5e301d1e67439c9530da94b1e64ee3f	ae0caca34fe9b6eb8097958d2fbb8d2b6a1fad60f91f3c2b8d948c43dbfcee39
semantic-proposal-v1	SC1-1d5cffa3ce9aa127710257ffbccdd3911cb82216758d26c46def796b36692318	S016270	1	P02	ABI.tsv	193100	layout	aarch64	include/uapi/linux/netfilter/nf_conntrack_common.h	type	enum ip_conntrack_events	133	PENDING_REVIEW	SOURCE_REVIEWED_VALUE	COMPLETE	vendor/linux/include/uapi/linux/netfilter/nf_conntrack_common.h;vendor/linux/include/uapi/linux/netfilter/nf_conntrack_common.h:133;header-context=PENDING_REVIEW	425f94c2954b1fe80ebdbf9b29854e89750355df	9438e0a2880fb10b9c48bd5fa44ecfbce2266f760edb6c33780afecc0f69ee43	e9d9a47838c402d1d9b7e373524645143e738e83a03ccee0c2ae1ab75ac6b205	0123af9e96b58af4e98b91a2de5608d36b63c67864b9041d3340587f3dbe40d2	cfa8dcf0d81c408de38d4202fe1ce9d9e5e301d1e67439c9530da94b1e64ee3f	ae0caca34fe9b6eb8097958d2fbb8d2b6a1fad60f91f3c2b8d948c43dbfcee39
semantic-proposal-v1	SC1-694d9f08498b4abf5a6ad86061fe37fe8271679ae56bc3bf313134c0224a5dc0	S016270	1	P02	ABI.tsv	193100	status	aarch64	include/uapi/linux/netfilter/nf_conntrack_common.h	type	enum ip_conntrack_events	133	PENDING_REVIEW	COMPLETE	COMPLETE	vendor/linux/include/uapi/linux/netfilter/nf_conntrack_common.h;vendor/linux/include/uapi/linux/netfilter/nf_conntrack_common.h:133;header-context=PENDING_REVIEW	425f94c2954b1fe80ebdbf9b29854e89750355df	9438e0a2880fb10b9c48bd5fa44ecfbce2266f760edb6c33780afecc0f69ee43	e9d9a47838c402d1d9b7e373524645143e738e83a03ccee0c2ae1ab75ac6b205	0123af9e96b58af4e98b91a2de5608d36b63c67864b9041d3340587f3dbe40d2	cfa8dcf0d81c408de38d4202fe1ce9d9e5e301d1e67439c9530da94b1e64ee3f	ae0caca34fe9b6eb8097958d2fbb8d2b6a1fad60f91f3c2b8d948c43dbfcee39
semantic-proposal-v1	SC1-1b6c3b470df2f471dc4c17c73df4ca49d48b77d40e430bb4552a4983bad5bece	S016270	1	P02	ABI.tsv	193101	alignment	aarch64	include/uapi/linux/netfilter/nf_conntrack_common.h	type	enum ip_conntrack_expect_events	152	PENDING_REVIEW	SOURCE_REVIEWED_VALUE	COMPLETE	vendor/linux/include/uapi/linux/netfilter/nf_conntrack_common.h;vendor/linux/include/uapi/linux/netfilter/nf_conntrack_common.h:152;header-context=PENDING_REVIEW	425f94c2954b1fe80ebdbf9b29854e89750355df	9438e0a2880fb10b9c48bd5fa44ecfbce2266f760edb6c33780afecc0f69ee43	e9d9a47838c402d1d9b7e373524645143e738e83a03ccee0c2ae1ab75ac6b205	0123af9e96b58af4e98b91a2de5608d36b63c67864b9041d3340587f3dbe40d2	cfa8dcf0d81c408de38d4202fe1ce9d9e5e301d1e67439c9530da94b1e64ee3f	ae0caca34fe9b6eb8097958d2fbb8d2b6a1fad60f91f3c2b8d948c43dbfcee39
semantic-proposal-v1	SC1-1a7d0bbabf33105f0d1c76b6e9eb51ed044754a24b135d6951b738e9ce179dd5	S016270	1	P02	ABI.tsv	193101	export_kind	aarch64	include/uapi/linux/netfilter/nf_conntrack_common.h	type	enum ip_conntrack_expect_events	152	PENDING_REVIEW	SOURCE_REVIEWED_VALUE	COMPLETE	vendor/linux/include/uapi/linux/netfilter/nf_conntrack_common.h;vendor/linux/include/uapi/linux/netfilter/nf_conntrack_common.h:152;header-context=PENDING_REVIEW	425f94c2954b1fe80ebdbf9b29854e89750355df	9438e0a2880fb10b9c48bd5fa44ecfbce2266f760edb6c33780afecc0f69ee43	e9d9a47838c402d1d9b7e373524645143e738e83a03ccee0c2ae1ab75ac6b205	0123af9e96b58af4e98b91a2de5608d36b63c67864b9041d3340587f3dbe40d2	cfa8dcf0d81c408de38d4202fe1ce9d9e5e301d1e67439c9530da94b1e64ee3f	ae0caca34fe9b6eb8097958d2fbb8d2b6a1fad60f91f3c2b8d948c43dbfcee39
semantic-proposal-v1	SC1-d89c6f9cd84eeee78af484f7899acf175a906a0bed7a251320c8b19ac3c4ebc5	S016270	1	P02	ABI.tsv	193101	layout	aarch64	include/uapi/linux/netfilter/nf_conntrack_common.h	type	enum ip_conntrack_expect_events	152	PENDING_REVIEW	SOURCE_REVIEWED_VALUE	COMPLETE	vendor/linux/include/uapi/linux/netfilter/nf_conntrack_common.h;vendor/linux/include/uapi/linux/netfilter/nf_conntrack_common.h:152;header-context=PENDING_REVIEW	425f94c2954b1fe80ebdbf9b29854e89750355df	9438e0a2880fb10b9c48bd5fa44ecfbce2266f760edb6c33780afecc0f69ee43	e9d9a47838c402d1d9b7e373524645143e738e83a03ccee0c2ae1ab75ac6b205	0123af9e96b58af4e98b91a2de5608d36b63c67864b9041d3340587f3dbe40d2	cfa8dcf0d81c408de38d4202fe1ce9d9e5e301d1e67439c9530da94b1e64ee3f	ae0caca34fe9b6eb8097958d2fbb8d2b6a1fad60f91f3c2b8d948c43dbfcee39
semantic-proposal-v1	SC1-363e9533d176ee55457279621052a231c9e2c1bb6aaf305c3f25385da865670e	S016270	1	P02	ABI.tsv	193101	status	aarch64	include/uapi/linux/netfilter/nf_conntrack_common.h	type	enum ip_conntrack_expect_events	152	PENDING_REVIEW	COMPLETE	COMPLETE	vendor/linux/include/uapi/linux/netfilter/nf_conntrack_common.h;vendor/linux/include/uapi/linux/netfilter/nf_conntrack_common.h:152;header-context=PENDING_REVIEW	425f94c2954b1fe80ebdbf9b29854e89750355df	9438e0a2880fb10b9c48bd5fa44ecfbce2266f760edb6c33780afecc0f69ee43	e9d9a47838c402d1d9b7e373524645143e738e83a03ccee0c2ae1ab75ac6b205	0123af9e96b58af4e98b91a2de5608d36b63c67864b9041d3340587f3dbe40d2	cfa8dcf0d81c408de38d4202fe1ce9d9e5e301d1e67439c9530da94b1e64ee3f	ae0caca34fe9b6eb8097958d2fbb8d2b6a1fad60f91f3c2b8d948c43dbfcee39
semantic-proposal-v1	SC1-a6ea6372d065c0aa85757cb88e1e4f7b024008eaa239514d80cc469850d4c874	S016270	1	P02	ABI.tsv	193102	alignment	x86_64	include/uapi/linux/netfilter/nf_conntrack_common.h	type	enum ip_conntrack_info	7	PENDING_REVIEW	SOURCE_REVIEWED_VALUE	COMPLETE	vendor/linux/include/uapi/linux/netfilter/nf_conntrack_common.h;vendor/linux/include/uapi/linux/netfilter/nf_conntrack_common.h:7;header-context=PENDING_REVIEW	425f94c2954b1fe80ebdbf9b29854e89750355df	9438e0a2880fb10b9c48bd5fa44ecfbce2266f760edb6c33780afecc0f69ee43	e9d9a47838c402d1d9b7e373524645143e738e83a03ccee0c2ae1ab75ac6b205	0123af9e96b58af4e98b91a2de5608d36b63c67864b9041d3340587f3dbe40d2	cfa8dcf0d81c408de38d4202fe1ce9d9e5e301d1e67439c9530da94b1e64ee3f	ae0caca34fe9b6eb8097958d2fbb8d2b6a1fad60f91f3c2b8d948c43dbfcee39
semantic-proposal-v1	SC1-a0da21a5c048de05a34e4c965318c5e80c255fd4284a0e060536d76e89424cf3	S016270	1	P02	ABI.tsv	193102	export_kind	x86_64	include/uapi/linux/netfilter/nf_conntrack_common.h	type	enum ip_conntrack_info	7	PENDING_REVIEW	SOURCE_REVIEWED_VALUE	COMPLETE	vendor/linux/include/uapi/linux/netfilter/nf_conntrack_common.h;vendor/linux/include/uapi/linux/netfilter/nf_conntrack_common.h:7;header-context=PENDING_REVIEW	425f94c2954b1fe80ebdbf9b29854e89750355df	9438e0a2880fb10b9c48bd5fa44ecfbce2266f760edb6c33780afecc0f69ee43	e9d9a47838c402d1d9b7e373524645143e738e83a03ccee0c2ae1ab75ac6b205	0123af9e96b58af4e98b91a2de5608d36b63c67864b9041d3340587f3dbe40d2	cfa8dcf0d81c408de38d4202fe1ce9d9e5e301d1e67439c9530da94b1e64ee3f	ae0caca34fe9b6eb8097958d2fbb8d2b6a1fad60f91f3c2b8d948c43dbfcee39
semantic-proposal-v1	SC1-322b18197675b656f381bb93cfb7d06b4c60658f24a37ea02f0e047ae9ce0737	S016270	1	P02	ABI.tsv	193102	layout	x86_64	include/uapi/linux/netfilter/nf_conntrack_common.h	type	enum ip_conntrack_info	7	PENDING_REVIEW	SOURCE_REVIEWED_VALUE	COMPLETE	vendor/linux/include/uapi/linux/netfilter/nf_conntrack_common.h;vendor/linux/include/uapi/linux/netfilter/nf_conntrack_common.h:7;header-context=PENDING_REVIEW	425f94c2954b1fe80ebdbf9b29854e89750355df	9438e0a2880fb10b9c48bd5fa44ecfbce2266f760edb6c33780afecc0f69ee43	e9d9a47838c402d1d9b7e373524645143e738e83a03ccee0c2ae1ab75ac6b205	0123af9e96b58af4e98b91a2de5608d36b63c67864b9041d3340587f3dbe40d2	cfa8dcf0d81c408de38d4202fe1ce9d9e5e301d1e67439c9530da94b1e64ee3f	ae0caca34fe9b6eb8097958d2fbb8d2b6a1fad60f91f3c2b8d948c43dbfcee39
semantic-proposal-v1	SC1-fac4cb5d09cc8ce0c5bc930a923f0b6129b18a9256e82a0db005a95d7102236c	S016270	1	P02	ABI.tsv	193102	status	x86_64	include/uapi/linux/netfilter/nf_conntrack_common.h	type	enum ip_conntrack_info	7	PENDING_REVIEW	COMPLETE	COMPLETE	vendor/linux/include/uapi/linux/netfilter/nf_conntrack_common.h;vendor/linux/include/uapi/linux/netfilter/nf_conntrack_common.h:7;header-context=PENDING_REVIEW	425f94c2954b1fe80ebdbf9b29854e89750355df	9438e0a2880fb10b9c48bd5fa44ecfbce2266f760edb6c33780afecc0f69ee43	e9d9a47838c402d1d9b7e373524645143e738e83a03ccee0c2ae1ab75ac6b205	0123af9e96b58af4e98b91a2de5608d36b63c67864b9041d3340587f3dbe40d2	cfa8dcf0d81c408de38d4202fe1ce9d9e5e301d1e67439c9530da94b1e64ee3f	ae0caca34fe9b6eb8097958d2fbb8d2b6a1fad60f91f3c2b8d948c43dbfcee39
semantic-proposal-v1	SC1-4a5acc8ce8f34a9598a51f084a75b1efdb948caf371be959890eeff0b6f3dc2e	S016270	1	P02	ABI.tsv	193103	alignment	x86_64	include/uapi/linux/netfilter/nf_conntrack_common.h	type	enum ip_conntrack_status	42	PENDING_REVIEW	SOURCE_REVIEWED_VALUE	COMPLETE	vendor/linux/include/uapi/linux/netfilter/nf_conntrack_common.h;vendor/linux/include/uapi/linux/netfilter/nf_conntrack_common.h:42;header-context=PENDING_REVIEW	425f94c2954b1fe80ebdbf9b29854e89750355df	9438e0a2880fb10b9c48bd5fa44ecfbce2266f760edb6c33780afecc0f69ee43	e9d9a47838c402d1d9b7e373524645143e738e83a03ccee0c2ae1ab75ac6b205	0123af9e96b58af4e98b91a2de5608d36b63c67864b9041d3340587f3dbe40d2	cfa8dcf0d81c408de38d4202fe1ce9d9e5e301d1e67439c9530da94b1e64ee3f	ae0caca34fe9b6eb8097958d2fbb8d2b6a1fad60f91f3c2b8d948c43dbfcee39
semantic-proposal-v1	SC1-3547ee1fcd368d1ef1f9e775465c8c0c585ae94abb5119961bc6d32f71af5ff7	S016270	1	P02	ABI.tsv	193103	export_kind	x86_64	include/uapi/linux/netfilter/nf_conntrack_common.h	type	enum ip_conntrack_status	42	PENDING_REVIEW	SOURCE_REVIEWED_VALUE	COMPLETE	vendor/linux/include/uapi/linux/netfilter/nf_conntrack_common.h;vendor/linux/include/uapi/linux/netfilter/nf_conntrack_common.h:42;header-context=PENDING_REVIEW	425f94c2954b1fe80ebdbf9b29854e89750355df	9438e0a2880fb10b9c48bd5fa44ecfbce2266f760edb6c33780afecc0f69ee43	e9d9a47838c402d1d9b7e373524645143e738e83a03ccee0c2ae1ab75ac6b205	0123af9e96b58af4e98b91a2de5608d36b63c67864b9041d3340587f3dbe40d2	cfa8dcf0d81c408de38d4202fe1ce9d9e5e301d1e67439c9530da94b1e64ee3f	ae0caca34fe9b6eb8097958d2fbb8d2b6a1fad60f91f3c2b8d948c43dbfcee39
semantic-proposal-v1	SC1-a884721d45d347cc35faf25c356d1c7d3721b1924f20e6ebc813ab6c0ce0ed8f	S016270	1	P02	ABI.tsv	193103	layout	x86_64	include/uapi/linux/netfilter/nf_conntrack_common.h	type	enum ip_conntrack_status	42	PENDING_REVIEW	SOURCE_REVIEWED_VALUE	COMPLETE	vendor/linux/include/uapi/linux/netfilter/nf_conntrack_common.h;vendor/linux/include/uapi/linux/netfilter/nf_conntrack_common.h:42;header-context=PENDING_REVIEW	425f94c2954b1fe80ebdbf9b29854e89750355df	9438e0a2880fb10b9c48bd5fa44ecfbce2266f760edb6c33780afecc0f69ee43	e9d9a47838c402d1d9b7e373524645143e738e83a03ccee0c2ae1ab75ac6b205	0123af9e96b58af4e98b91a2de5608d36b63c67864b9041d3340587f3dbe40d2	cfa8dcf0d81c408de38d4202fe1ce9d9e5e301d1e67439c9530da94b1e64ee3f	ae0caca34fe9b6eb8097958d2fbb8d2b6a1fad60f91f3c2b8d948c43dbfcee39
semantic-proposal-v1	SC1-32e2972a29cb4452cdc3676e5b765351e6089e5a8264e237df1677d0315c6ce2	S016270	1	P02	ABI.tsv	193103	status	x86_64	include/uapi/linux/netfilter/nf_conntrack_common.h	type	enum ip_conntrack_status	42	PENDING_REVIEW	COMPLETE	COMPLETE	vendor/linux/include/uapi/linux/netfilter/nf_conntrack_common.h;vendor/linux/include/uapi/linux/netfilter/nf_conntrack_common.h:42;header-context=PENDING_REVIEW	425f94c2954b1fe80ebdbf9b29854e89750355df	9438e0a2880fb10b9c48bd5fa44ecfbce2266f760edb6c33780afecc0f69ee43	e9d9a47838c402d1d9b7e373524645143e738e83a03ccee0c2ae1ab75ac6b205	0123af9e96b58af4e98b91a2de5608d36b63c67864b9041d3340587f3dbe40d2	cfa8dcf0d81c408de38d4202fe1ce9d9e5e301d1e67439c9530da94b1e64ee3f	ae0caca34fe9b6eb8097958d2fbb8d2b6a1fad60f91f3c2b8d948c43dbfcee39
semantic-proposal-v1	SC1-69ad6eaa2f3f9e63027d0491b07884da0a4f0d3f722f93b49dd55b293ee08aa2	S016270	1	P02	ABI.tsv	193104	alignment	x86_64	include/uapi/linux/netfilter/nf_conntrack_common.h	type	enum ip_conntrack_events	133	PENDING_REVIEW	SOURCE_REVIEWED_VALUE	COMPLETE	vendor/linux/include/uapi/linux/netfilter/nf_conntrack_common.h;vendor/linux/include/uapi/linux/netfilter/nf_conntrack_common.h:133;header-context=PENDING_REVIEW	425f94c2954b1fe80ebdbf9b29854e89750355df	9438e0a2880fb10b9c48bd5fa44ecfbce2266f760edb6c33780afecc0f69ee43	e9d9a47838c402d1d9b7e373524645143e738e83a03ccee0c2ae1ab75ac6b205	0123af9e96b58af4e98b91a2de5608d36b63c67864b9041d3340587f3dbe40d2	cfa8dcf0d81c408de38d4202fe1ce9d9e5e301d1e67439c9530da94b1e64ee3f	ae0caca34fe9b6eb8097958d2fbb8d2b6a1fad60f91f3c2b8d948c43dbfcee39
semantic-proposal-v1	SC1-04d3536793a7553cfe537658c6e2ee808f7896ef5af046b4d4056a754ee523c8	S016270	1	P02	ABI.tsv	193104	export_kind	x86_64	include/uapi/linux/netfilter/nf_conntrack_common.h	type	enum ip_conntrack_events	133	PENDING_REVIEW	SOURCE_REVIEWED_VALUE	COMPLETE	vendor/linux/include/uapi/linux/netfilter/nf_conntrack_common.h;vendor/linux/include/uapi/linux/netfilter/nf_conntrack_common.h:133;header-context=PENDING_REVIEW	425f94c2954b1fe80ebdbf9b29854e89750355df	9438e0a2880fb10b9c48bd5fa44ecfbce2266f760edb6c33780afecc0f69ee43	e9d9a47838c402d1d9b7e373524645143e738e83a03ccee0c2ae1ab75ac6b205	0123af9e96b58af4e98b91a2de5608d36b63c67864b9041d3340587f3dbe40d2	cfa8dcf0d81c408de38d4202fe1ce9d9e5e301d1e67439c9530da94b1e64ee3f	ae0caca34fe9b6eb8097958d2fbb8d2b6a1fad60f91f3c2b8d948c43dbfcee39
semantic-proposal-v1	SC1-c6ec5b3da4bde93e3eadb5a5a077cc85723edeb8b1e9bd8bffff8f89881f3534	S016270	1	P02	ABI.tsv	193104	layout	x86_64	include/uapi/linux/netfilter/nf_conntrack_common.h	type	enum ip_conntrack_events	133	PENDING_REVIEW	SOURCE_REVIEWED_VALUE	COMPLETE	vendor/linux/include/uapi/linux/netfilter/nf_conntrack_common.h;vendor/linux/include/uapi/linux/netfilter/nf_conntrack_common.h:133;header-context=PENDING_REVIEW	425f94c2954b1fe80ebdbf9b29854e89750355df	9438e0a2880fb10b9c48bd5fa44ecfbce2266f760edb6c33780afecc0f69ee43	e9d9a47838c402d1d9b7e373524645143e738e83a03ccee0c2ae1ab75ac6b205	0123af9e96b58af4e98b91a2de5608d36b63c67864b9041d3340587f3dbe40d2	cfa8dcf0d81c408de38d4202fe1ce9d9e5e301d1e67439c9530da94b1e64ee3f	ae0caca34fe9b6eb8097958d2fbb8d2b6a1fad60f91f3c2b8d948c43dbfcee39
semantic-proposal-v1	SC1-d8ec687eae6b0649bf73b3b96041a7579486ec0edef58b23ff20605e9e25a245	S016270	1	P02	ABI.tsv	193104	status	x86_64	include/uapi/linux/netfilter/nf_conntrack_common.h	type	enum ip_conntrack_events	133	PENDING_REVIEW	COMPLETE	COMPLETE	vendor/linux/include/uapi/linux/netfilter/nf_conntrack_common.h;vendor/linux/include/uapi/linux/netfilter/nf_conntrack_common.h:133;header-context=PENDING_REVIEW	425f94c2954b1fe80ebdbf9b29854e89750355df	9438e0a2880fb10b9c48bd5fa44ecfbce2266f760edb6c33780afecc0f69ee43	e9d9a47838c402d1d9b7e373524645143e738e83a03ccee0c2ae1ab75ac6b205	0123af9e96b58af4e98b91a2de5608d36b63c67864b9041d3340587f3dbe40d2	cfa8dcf0d81c408de38d4202fe1ce9d9e5e301d1e67439c9530da94b1e64ee3f	ae0caca34fe9b6eb8097958d2fbb8d2b6a1fad60f91f3c2b8d948c43dbfcee39
semantic-proposal-v1	SC1-e4d2b70d0c68abf953383904dceedd21e4b836f9e0c0cf470fa07ffafa6d3c6c	S016270	1	P02	ABI.tsv	193105	alignment	x86_64	include/uapi/linux/netfilter/nf_conntrack_common.h	type	enum ip_conntrack_expect_events	152	PENDING_REVIEW	SOURCE_REVIEWED_VALUE	COMPLETE	vendor/linux/include/uapi/linux/netfilter/nf_conntrack_common.h;vendor/linux/include/uapi/linux/netfilter/nf_conntrack_common.h:152;header-context=PENDING_REVIEW	425f94c2954b1fe80ebdbf9b29854e89750355df	9438e0a2880fb10b9c48bd5fa44ecfbce2266f760edb6c33780afecc0f69ee43	e9d9a47838c402d1d9b7e373524645143e738e83a03ccee0c2ae1ab75ac6b205	0123af9e96b58af4e98b91a2de5608d36b63c67864b9041d3340587f3dbe40d2	cfa8dcf0d81c408de38d4202fe1ce9d9e5e301d1e67439c9530da94b1e64ee3f	ae0caca34fe9b6eb8097958d2fbb8d2b6a1fad60f91f3c2b8d948c43dbfcee39
semantic-proposal-v1	SC1-509b648d6ede44795889cb28ef5f475f3dadf0b49a13ea49d1b96ef499f9d60f	S016270	1	P02	ABI.tsv	193105	export_kind	x86_64	include/uapi/linux/netfilter/nf_conntrack_common.h	type	enum ip_conntrack_expect_events	152	PENDING_REVIEW	SOURCE_REVIEWED_VALUE	COMPLETE	vendor/linux/include/uapi/linux/netfilter/nf_conntrack_common.h;vendor/linux/include/uapi/linux/netfilter/nf_conntrack_common.h:152;header-context=PENDING_REVIEW	425f94c2954b1fe80ebdbf9b29854e89750355df	9438e0a2880fb10b9c48bd5fa44ecfbce2266f760edb6c33780afecc0f69ee43	e9d9a47838c402d1d9b7e373524645143e738e83a03ccee0c2ae1ab75ac6b205	0123af9e96b58af4e98b91a2de5608d36b63c67864b9041d3340587f3dbe40d2	cfa8dcf0d81c408de38d4202fe1ce9d9e5e301d1e67439c9530da94b1e64ee3f	ae0caca34fe9b6eb8097958d2fbb8d2b6a1fad60f91f3c2b8d948c43dbfcee39
semantic-proposal-v1	SC1-c7b9ef840ad6cb5d65f9ee7d3abca926ed12637e688c85153cf4f268b7d601f7	S016270	1	P02	ABI.tsv	193105	layout	x86_64	include/uapi/linux/netfilter/nf_conntrack_common.h	type	enum ip_conntrack_expect_events	152	PENDING_REVIEW	SOURCE_REVIEWED_VALUE	COMPLETE	vendor/linux/include/uapi/linux/netfilter/nf_conntrack_common.h;vendor/linux/include/uapi/linux/netfilter/nf_conntrack_common.h:152;header-context=PENDING_REVIEW	425f94c2954b1fe80ebdbf9b29854e89750355df	9438e0a2880fb10b9c48bd5fa44ecfbce2266f760edb6c33780afecc0f69ee43	e9d9a47838c402d1d9b7e373524645143e738e83a03ccee0c2ae1ab75ac6b205	0123af9e96b58af4e98b91a2de5608d36b63c67864b9041d3340587f3dbe40d2	cfa8dcf0d81c408de38d4202fe1ce9d9e5e301d1e67439c9530da94b1e64ee3f	ae0caca34fe9b6eb8097958d2fbb8d2b6a1fad60f91f3c2b8d948c43dbfcee39
semantic-proposal-v1	SC1-c7aa6946711f93d60f0c451d6642d5e2fed0b736fd0be877249b992addf54de8	S016270	1	P02	ABI.tsv	193105	status	x86_64	include/uapi/linux/netfilter/nf_conntrack_common.h	type	enum ip_conntrack_expect_events	152	PENDING_REVIEW	COMPLETE	COMPLETE	vendor/linux/include/uapi/linux/netfilter/nf_conntrack_common.h;vendor/linux/include/uapi/linux/netfilter/nf_conntrack_common.h:152;header-context=PENDING_REVIEW	425f94c2954b1fe80ebdbf9b29854e89750355df	9438e0a2880fb10b9c48bd5fa44ecfbce2266f760edb6c33780afecc0f69ee43	e9d9a47838c402d1d9b7e373524645143e738e83a03ccee0c2ae1ab75ac6b205	0123af9e96b58af4e98b91a2de5608d36b63c67864b9041d3340587f3dbe40d2	cfa8dcf0d81c408de38d4202fe1ce9d9e5e301d1e67439c9530da94b1e64ee3f	ae0caca34fe9b6eb8097958d2fbb8d2b6a1fad60f91f3c2b8d948c43dbfcee39
semantic-proposal-v1	SC1-9a500226e79958c436003484ae99c30407b95b208151f475c6bbae1394869d4c	S016270	1	P02	LIFETIMES.tsv	189039	lifetime_contract	aarch64	include/uapi/linux/netfilter/nf_conntrack_common.h	type	enum ip_conntrack_info	7	PENDING_REVIEW	SOURCE_REVIEWED_VALUE	COMPLETE	vendor/linux/include/uapi/linux/netfilter/nf_conntrack_common.h;vendor/linux/include/uapi/linux/netfilter/nf_conntrack_common.h:7;header-context=PENDING_REVIEW	425f94c2954b1fe80ebdbf9b29854e89750355df	9438e0a2880fb10b9c48bd5fa44ecfbce2266f760edb6c33780afecc0f69ee43	e9d9a47838c402d1d9b7e373524645143e738e83a03ccee0c2ae1ab75ac6b205	0123af9e96b58af4e98b91a2de5608d36b63c67864b9041d3340587f3dbe40d2	cfa8dcf0d81c408de38d4202fe1ce9d9e5e301d1e67439c9530da94b1e64ee3f	0e7e60940dd21c28f3d10965325f70644fc000495a2d61984437dec666da93d8
semantic-proposal-v1	SC1-c81c8e1e780b4dfcde9e4a31f6eb86522deec6b693dc07ab418731de0c903466	S016270	1	P02	LIFETIMES.tsv	189039	locking_rcu_refcount	aarch64	include/uapi/linux/netfilter/nf_conntrack_common.h	type	enum ip_conntrack_info	7	PENDING_REVIEW	SOURCE_REVIEWED_VALUE	COMPLETE	vendor/linux/include/uapi/linux/netfilter/nf_conntrack_common.h;vendor/linux/include/uapi/linux/netfilter/nf_conntrack_common.h:7;header-context=PENDING_REVIEW	425f94c2954b1fe80ebdbf9b29854e89750355df	9438e0a2880fb10b9c48bd5fa44ecfbce2266f760edb6c33780afecc0f69ee43	e9d9a47838c402d1d9b7e373524645143e738e83a03ccee0c2ae1ab75ac6b205	0123af9e96b58af4e98b91a2de5608d36b63c67864b9041d3340587f3dbe40d2	cfa8dcf0d81c408de38d4202fe1ce9d9e5e301d1e67439c9530da94b1e64ee3f	0e7e60940dd21c28f3d10965325f70644fc000495a2d61984437dec666da93d8
semantic-proposal-v1	SC1-23177d68b184d7cab8daacd0a16fc98b0837b1edec42d001a36161bb182edc1d	S016270	1	P02	LIFETIMES.tsv	189039	ownership	aarch64	include/uapi/linux/netfilter/nf_conntrack_common.h	type	enum ip_conntrack_info	7	PENDING_REVIEW	SOURCE_REVIEWED_VALUE	COMPLETE	vendor/linux/include/uapi/linux/netfilter/nf_conntrack_common.h;vendor/linux/include/uapi/linux/netfilter/nf_conntrack_common.h:7;header-context=PENDING_REVIEW	425f94c2954b1fe80ebdbf9b29854e89750355df	9438e0a2880fb10b9c48bd5fa44ecfbce2266f760edb6c33780afecc0f69ee43	e9d9a47838c402d1d9b7e373524645143e738e83a03ccee0c2ae1ab75ac6b205	0123af9e96b58af4e98b91a2de5608d36b63c67864b9041d3340587f3dbe40d2	cfa8dcf0d81c408de38d4202fe1ce9d9e5e301d1e67439c9530da94b1e64ee3f	0e7e60940dd21c28f3d10965325f70644fc000495a2d61984437dec666da93d8
semantic-proposal-v1	SC1-90e8a7719fd04acf3ef9e2cd9edb05a8de755e229fbfdda844239a4b658e6153	S016270	1	P02	LIFETIMES.tsv	189039	status	aarch64	include/uapi/linux/netfilter/nf_conntrack_common.h	type	enum ip_conntrack_info	7	PENDING_REVIEW	COMPLETE	COMPLETE	vendor/linux/include/uapi/linux/netfilter/nf_conntrack_common.h;vendor/linux/include/uapi/linux/netfilter/nf_conntrack_common.h:7;header-context=PENDING_REVIEW	425f94c2954b1fe80ebdbf9b29854e89750355df	9438e0a2880fb10b9c48bd5fa44ecfbce2266f760edb6c33780afecc0f69ee43	e9d9a47838c402d1d9b7e373524645143e738e83a03ccee0c2ae1ab75ac6b205	0123af9e96b58af4e98b91a2de5608d36b63c67864b9041d3340587f3dbe40d2	cfa8dcf0d81c408de38d4202fe1ce9d9e5e301d1e67439c9530da94b1e64ee3f	0e7e60940dd21c28f3d10965325f70644fc000495a2d61984437dec666da93d8
semantic-proposal-v1	SC1-3aaa1df94771b6533a0375695eba436b01ebf633a6750c4d5e56989263c6ee6e	S016270	1	P02	LIFETIMES.tsv	189040	lifetime_contract	aarch64	include/uapi/linux/netfilter/nf_conntrack_common.h	type	enum ip_conntrack_status	42	PENDING_REVIEW	SOURCE_REVIEWED_VALUE	COMPLETE	vendor/linux/include/uapi/linux/netfilter/nf_conntrack_common.h;vendor/linux/include/uapi/linux/netfilter/nf_conntrack_common.h:42;header-context=PENDING_REVIEW	425f94c2954b1fe80ebdbf9b29854e89750355df	9438e0a2880fb10b9c48bd5fa44ecfbce2266f760edb6c33780afecc0f69ee43	e9d9a47838c402d1d9b7e373524645143e738e83a03ccee0c2ae1ab75ac6b205	0123af9e96b58af4e98b91a2de5608d36b63c67864b9041d3340587f3dbe40d2	cfa8dcf0d81c408de38d4202fe1ce9d9e5e301d1e67439c9530da94b1e64ee3f	0e7e60940dd21c28f3d10965325f70644fc000495a2d61984437dec666da93d8
semantic-proposal-v1	SC1-400f7361b27fed646c9ba8deecb514d124a9a3137e99d69159594dfa5dc773a7	S016270	1	P02	LIFETIMES.tsv	189040	locking_rcu_refcount	aarch64	include/uapi/linux/netfilter/nf_conntrack_common.h	type	enum ip_conntrack_status	42	PENDING_REVIEW	SOURCE_REVIEWED_VALUE	COMPLETE	vendor/linux/include/uapi/linux/netfilter/nf_conntrack_common.h;vendor/linux/include/uapi/linux/netfilter/nf_conntrack_common.h:42;header-context=PENDING_REVIEW	425f94c2954b1fe80ebdbf9b29854e89750355df	9438e0a2880fb10b9c48bd5fa44ecfbce2266f760edb6c33780afecc0f69ee43	e9d9a47838c402d1d9b7e373524645143e738e83a03ccee0c2ae1ab75ac6b205	0123af9e96b58af4e98b91a2de5608d36b63c67864b9041d3340587f3dbe40d2	cfa8dcf0d81c408de38d4202fe1ce9d9e5e301d1e67439c9530da94b1e64ee3f	0e7e60940dd21c28f3d10965325f70644fc000495a2d61984437dec666da93d8
semantic-proposal-v1	SC1-1d42008e3f77d335f9096deac73131a140e484ac50b4aea88dc67c7783939b98	S016270	1	P02	LIFETIMES.tsv	189040	ownership	aarch64	include/uapi/linux/netfilter/nf_conntrack_common.h	type	enum ip_conntrack_status	42	PENDING_REVIEW	SOURCE_REVIEWED_VALUE	COMPLETE	vendor/linux/include/uapi/linux/netfilter/nf_conntrack_common.h;vendor/linux/include/uapi/linux/netfilter/nf_conntrack_common.h:42;header-context=PENDING_REVIEW	425f94c2954b1fe80ebdbf9b29854e89750355df	9438e0a2880fb10b9c48bd5fa44ecfbce2266f760edb6c33780afecc0f69ee43	e9d9a47838c402d1d9b7e373524645143e738e83a03ccee0c2ae1ab75ac6b205	0123af9e96b58af4e98b91a2de5608d36b63c67864b9041d3340587f3dbe40d2	cfa8dcf0d81c408de38d4202fe1ce9d9e5e301d1e67439c9530da94b1e64ee3f	0e7e60940dd21c28f3d10965325f70644fc000495a2d61984437dec666da93d8
semantic-proposal-v1	SC1-73cd020c30be2816d31069992944db05786c3de49cbd1e6d44893f1168bf782c	S016270	1	P02	LIFETIMES.tsv	189040	status	aarch64	include/uapi/linux/netfilter/nf_conntrack_common.h	type	enum ip_conntrack_status	42	PENDING_REVIEW	COMPLETE	COMPLETE	vendor/linux/include/uapi/linux/netfilter/nf_conntrack_common.h;vendor/linux/include/uapi/linux/netfilter/nf_conntrack_common.h:42;header-context=PENDING_REVIEW	425f94c2954b1fe80ebdbf9b29854e89750355df	9438e0a2880fb10b9c48bd5fa44ecfbce2266f760edb6c33780afecc0f69ee43	e9d9a47838c402d1d9b7e373524645143e738e83a03ccee0c2ae1ab75ac6b205	0123af9e96b58af4e98b91a2de5608d36b63c67864b9041d3340587f3dbe40d2	cfa8dcf0d81c408de38d4202fe1ce9d9e5e301d1e67439c9530da94b1e64ee3f	0e7e60940dd21c28f3d10965325f70644fc000495a2d61984437dec666da93d8
semantic-proposal-v1	SC1-196ef6d63fcf49a9584fa85408fb4213a7320bdb11b98b198dd64db0d46609f3	S016270	1	P02	LIFETIMES.tsv	189041	lifetime_contract	aarch64	include/uapi/linux/netfilter/nf_conntrack_common.h	type	enum ip_conntrack_events	133	PENDING_REVIEW	SOURCE_REVIEWED_VALUE	COMPLETE	vendor/linux/include/uapi/linux/netfilter/nf_conntrack_common.h;vendor/linux/include/uapi/linux/netfilter/nf_conntrack_common.h:133;header-context=PENDING_REVIEW	425f94c2954b1fe80ebdbf9b29854e89750355df	9438e0a2880fb10b9c48bd5fa44ecfbce2266f760edb6c33780afecc0f69ee43	e9d9a47838c402d1d9b7e373524645143e738e83a03ccee0c2ae1ab75ac6b205	0123af9e96b58af4e98b91a2de5608d36b63c67864b9041d3340587f3dbe40d2	cfa8dcf0d81c408de38d4202fe1ce9d9e5e301d1e67439c9530da94b1e64ee3f	0e7e60940dd21c28f3d10965325f70644fc000495a2d61984437dec666da93d8
semantic-proposal-v1	SC1-cbda10a43038c18490b894635791b67b62a33a56f23a484245c91db837b6c66f	S016270	1	P02	LIFETIMES.tsv	189041	locking_rcu_refcount	aarch64	include/uapi/linux/netfilter/nf_conntrack_common.h	type	enum ip_conntrack_events	133	PENDING_REVIEW	SOURCE_REVIEWED_VALUE	COMPLETE	vendor/linux/include/uapi/linux/netfilter/nf_conntrack_common.h;vendor/linux/include/uapi/linux/netfilter/nf_conntrack_common.h:133;header-context=PENDING_REVIEW	425f94c2954b1fe80ebdbf9b29854e89750355df	9438e0a2880fb10b9c48bd5fa44ecfbce2266f760edb6c33780afecc0f69ee43	e9d9a47838c402d1d9b7e373524645143e738e83a03ccee0c2ae1ab75ac6b205	0123af9e96b58af4e98b91a2de5608d36b63c67864b9041d3340587f3dbe40d2	cfa8dcf0d81c408de38d4202fe1ce9d9e5e301d1e67439c9530da94b1e64ee3f	0e7e60940dd21c28f3d10965325f70644fc000495a2d61984437dec666da93d8
semantic-proposal-v1	SC1-7447768c3cd9c7ff1be10d9c73da5800d025675575d25ec00d54fae0a54f07b4	S016270	1	P02	LIFETIMES.tsv	189041	ownership	aarch64	include/uapi/linux/netfilter/nf_conntrack_common.h	type	enum ip_conntrack_events	133	PENDING_REVIEW	SOURCE_REVIEWED_VALUE	COMPLETE	vendor/linux/include/uapi/linux/netfilter/nf_conntrack_common.h;vendor/linux/include/uapi/linux/netfilter/nf_conntrack_common.h:133;header-context=PENDING_REVIEW	425f94c2954b1fe80ebdbf9b29854e89750355df	9438e0a2880fb10b9c48bd5fa44ecfbce2266f760edb6c33780afecc0f69ee43	e9d9a47838c402d1d9b7e373524645143e738e83a03ccee0c2ae1ab75ac6b205	0123af9e96b58af4e98b91a2de5608d36b63c67864b9041d3340587f3dbe40d2	cfa8dcf0d81c408de38d4202fe1ce9d9e5e301d1e67439c9530da94b1e64ee3f	0e7e60940dd21c28f3d10965325f70644fc000495a2d61984437dec666da93d8
semantic-proposal-v1	SC1-7f9aa0701b16b7bf2527e88ff4e328dfc1e0b9e55f82add3ac1c999f658500c1	S016270	1	P02	LIFETIMES.tsv	189041	status	aarch64	include/uapi/linux/netfilter/nf_conntrack_common.h	type	enum ip_conntrack_events	133	PENDING_REVIEW	COMPLETE	COMPLETE	vendor/linux/include/uapi/linux/netfilter/nf_conntrack_common.h;vendor/linux/include/uapi/linux/netfilter/nf_conntrack_common.h:133;header-context=PENDING_REVIEW	425f94c2954b1fe80ebdbf9b29854e89750355df	9438e0a2880fb10b9c48bd5fa44ecfbce2266f760edb6c33780afecc0f69ee43	e9d9a47838c402d1d9b7e373524645143e738e83a03ccee0c2ae1ab75ac6b205	0123af9e96b58af4e98b91a2de5608d36b63c67864b9041d3340587f3dbe40d2	cfa8dcf0d81c408de38d4202fe1ce9d9e5e301d1e67439c9530da94b1e64ee3f	0e7e60940dd21c28f3d10965325f70644fc000495a2d61984437dec666da93d8
semantic-proposal-v1	SC1-587eeeb48463fa6a580994b4d2fe86230d61bd45c486a0cb387c3daa9a85ad93	S016270	1	P02	LIFETIMES.tsv	189042	lifetime_contract	aarch64	include/uapi/linux/netfilter/nf_conntrack_common.h	type	enum ip_conntrack_expect_events	152	PENDING_REVIEW	SOURCE_REVIEWED_VALUE	COMPLETE	vendor/linux/include/uapi/linux/netfilter/nf_conntrack_common.h;vendor/linux/include/uapi/linux/netfilter/nf_conntrack_common.h:152;header-context=PENDING_REVIEW	425f94c2954b1fe80ebdbf9b29854e89750355df	9438e0a2880fb10b9c48bd5fa44ecfbce2266f760edb6c33780afecc0f69ee43	e9d9a47838c402d1d9b7e373524645143e738e83a03ccee0c2ae1ab75ac6b205	0123af9e96b58af4e98b91a2de5608d36b63c67864b9041d3340587f3dbe40d2	cfa8dcf0d81c408de38d4202fe1ce9d9e5e301d1e67439c9530da94b1e64ee3f	0e7e60940dd21c28f3d10965325f70644fc000495a2d61984437dec666da93d8
semantic-proposal-v1	SC1-c1e751b738d0d77c4f63fa41b6fd6ecd63a6c7e1fdbc26c8d9d72d896a75af4d	S016270	1	P02	LIFETIMES.tsv	189042	locking_rcu_refcount	aarch64	include/uapi/linux/netfilter/nf_conntrack_common.h	type	enum ip_conntrack_expect_events	152	PENDING_REVIEW	SOURCE_REVIEWED_VALUE	COMPLETE	vendor/linux/include/uapi/linux/netfilter/nf_conntrack_common.h;vendor/linux/include/uapi/linux/netfilter/nf_conntrack_common.h:152;header-context=PENDING_REVIEW	425f94c2954b1fe80ebdbf9b29854e89750355df	9438e0a2880fb10b9c48bd5fa44ecfbce2266f760edb6c33780afecc0f69ee43	e9d9a47838c402d1d9b7e373524645143e738e83a03ccee0c2ae1ab75ac6b205	0123af9e96b58af4e98b91a2de5608d36b63c67864b9041d3340587f3dbe40d2	cfa8dcf0d81c408de38d4202fe1ce9d9e5e301d1e67439c9530da94b1e64ee3f	0e7e60940dd21c28f3d10965325f70644fc000495a2d61984437dec666da93d8
semantic-proposal-v1	SC1-32ae0de5652d1ced3ffb19fce14a8cae52342ce18a561c0dcfd890f18539762a	S016270	1	P02	LIFETIMES.tsv	189042	ownership	aarch64	include/uapi/linux/netfilter/nf_conntrack_common.h	type	enum ip_conntrack_expect_events	152	PENDING_REVIEW	SOURCE_REVIEWED_VALUE	COMPLETE	vendor/linux/include/uapi/linux/netfilter/nf_conntrack_common.h;vendor/linux/include/uapi/linux/netfilter/nf_conntrack_common.h:152;header-context=PENDING_REVIEW	425f94c2954b1fe80ebdbf9b29854e89750355df	9438e0a2880fb10b9c48bd5fa44ecfbce2266f760edb6c33780afecc0f69ee43	e9d9a47838c402d1d9b7e373524645143e738e83a03ccee0c2ae1ab75ac6b205	0123af9e96b58af4e98b91a2de5608d36b63c67864b9041d3340587f3dbe40d2	cfa8dcf0d81c408de38d4202fe1ce9d9e5e301d1e67439c9530da94b1e64ee3f	0e7e60940dd21c28f3d10965325f70644fc000495a2d61984437dec666da93d8
semantic-proposal-v1	SC1-db474902dfc76efae5517cbb1511940f0470973f26d356294add2fd8268957d0	S016270	1	P02	LIFETIMES.tsv	189042	status	aarch64	include/uapi/linux/netfilter/nf_conntrack_common.h	type	enum ip_conntrack_expect_events	152	PENDING_REVIEW	COMPLETE	COMPLETE	vendor/linux/include/uapi/linux/netfilter/nf_conntrack_common.h;vendor/linux/include/uapi/linux/netfilter/nf_conntrack_common.h:152;header-context=PENDING_REVIEW	425f94c2954b1fe80ebdbf9b29854e89750355df	9438e0a2880fb10b9c48bd5fa44ecfbce2266f760edb6c33780afecc0f69ee43	e9d9a47838c402d1d9b7e373524645143e738e83a03ccee0c2ae1ab75ac6b205	0123af9e96b58af4e98b91a2de5608d36b63c67864b9041d3340587f3dbe40d2	cfa8dcf0d81c408de38d4202fe1ce9d9e5e301d1e67439c9530da94b1e64ee3f	0e7e60940dd21c28f3d10965325f70644fc000495a2d61984437dec666da93d8
semantic-proposal-v1	SC1-bc3b494a359a174af2572200175e86d766fb524b1409890493f73bced7fdef33	S016270	1	P02	LIFETIMES.tsv	189043	lifetime_contract	x86_64	include/uapi/linux/netfilter/nf_conntrack_common.h	type	enum ip_conntrack_info	7	PENDING_REVIEW	SOURCE_REVIEWED_VALUE	COMPLETE	vendor/linux/include/uapi/linux/netfilter/nf_conntrack_common.h;vendor/linux/include/uapi/linux/netfilter/nf_conntrack_common.h:7;header-context=PENDING_REVIEW	425f94c2954b1fe80ebdbf9b29854e89750355df	9438e0a2880fb10b9c48bd5fa44ecfbce2266f760edb6c33780afecc0f69ee43	e9d9a47838c402d1d9b7e373524645143e738e83a03ccee0c2ae1ab75ac6b205	0123af9e96b58af4e98b91a2de5608d36b63c67864b9041d3340587f3dbe40d2	cfa8dcf0d81c408de38d4202fe1ce9d9e5e301d1e67439c9530da94b1e64ee3f	0e7e60940dd21c28f3d10965325f70644fc000495a2d61984437dec666da93d8
semantic-proposal-v1	SC1-892daa4fd06969b7a127e8a1f721225d447896b6351cf79f34b20b38d7b83bc2	S016270	1	P02	LIFETIMES.tsv	189043	locking_rcu_refcount	x86_64	include/uapi/linux/netfilter/nf_conntrack_common.h	type	enum ip_conntrack_info	7	PENDING_REVIEW	SOURCE_REVIEWED_VALUE	COMPLETE	vendor/linux/include/uapi/linux/netfilter/nf_conntrack_common.h;vendor/linux/include/uapi/linux/netfilter/nf_conntrack_common.h:7;header-context=PENDING_REVIEW	425f94c2954b1fe80ebdbf9b29854e89750355df	9438e0a2880fb10b9c48bd5fa44ecfbce2266f760edb6c33780afecc0f69ee43	e9d9a47838c402d1d9b7e373524645143e738e83a03ccee0c2ae1ab75ac6b205	0123af9e96b58af4e98b91a2de5608d36b63c67864b9041d3340587f3dbe40d2	cfa8dcf0d81c408de38d4202fe1ce9d9e5e301d1e67439c9530da94b1e64ee3f	0e7e60940dd21c28f3d10965325f70644fc000495a2d61984437dec666da93d8
semantic-proposal-v1	SC1-afe42a40cb7c28d92c56967f6025220c92ab597af310e7b895c6ff3d969ddb22	S016270	1	P02	LIFETIMES.tsv	189043	ownership	x86_64	include/uapi/linux/netfilter/nf_conntrack_common.h	type	enum ip_conntrack_info	7	PENDING_REVIEW	SOURCE_REVIEWED_VALUE	COMPLETE	vendor/linux/include/uapi/linux/netfilter/nf_conntrack_common.h;vendor/linux/include/uapi/linux/netfilter/nf_conntrack_common.h:7;header-context=PENDING_REVIEW	425f94c2954b1fe80ebdbf9b29854e89750355df	9438e0a2880fb10b9c48bd5fa44ecfbce2266f760edb6c33780afecc0f69ee43	e9d9a47838c402d1d9b7e373524645143e738e83a03ccee0c2ae1ab75ac6b205	0123af9e96b58af4e98b91a2de5608d36b63c67864b9041d3340587f3dbe40d2	cfa8dcf0d81c408de38d4202fe1ce9d9e5e301d1e67439c9530da94b1e64ee3f	0e7e60940dd21c28f3d10965325f70644fc000495a2d61984437dec666da93d8
semantic-proposal-v1	SC1-24798d088c60d554d7ed9009d54306542ed724e22fcd66f13f097775c31c302a	S016270	1	P02	LIFETIMES.tsv	189043	status	x86_64	include/uapi/linux/netfilter/nf_conntrack_common.h	type	enum ip_conntrack_info	7	PENDING_REVIEW	COMPLETE	COMPLETE	vendor/linux/include/uapi/linux/netfilter/nf_conntrack_common.h;vendor/linux/include/uapi/linux/netfilter/nf_conntrack_common.h:7;header-context=PENDING_REVIEW	425f94c2954b1fe80ebdbf9b29854e89750355df	9438e0a2880fb10b9c48bd5fa44ecfbce2266f760edb6c33780afecc0f69ee43	e9d9a47838c402d1d9b7e373524645143e738e83a03ccee0c2ae1ab75ac6b205	0123af9e96b58af4e98b91a2de5608d36b63c67864b9041d3340587f3dbe40d2	cfa8dcf0d81c408de38d4202fe1ce9d9e5e301d1e67439c9530da94b1e64ee3f	0e7e60940dd21c28f3d10965325f70644fc000495a2d61984437dec666da93d8
semantic-proposal-v1	SC1-b14300074a1d4bab80d451fa93e6fe6a8e9461b7775d90dfab3a0ac5dcd612e5	S016270	1	P02	LIFETIMES.tsv	189044	lifetime_contract	x86_64	include/uapi/linux/netfilter/nf_conntrack_common.h	type	enum ip_conntrack_status	42	PENDING_REVIEW	SOURCE_REVIEWED_VALUE	COMPLETE	vendor/linux/include/uapi/linux/netfilter/nf_conntrack_common.h;vendor/linux/include/uapi/linux/netfilter/nf_conntrack_common.h:42;header-context=PENDING_REVIEW	425f94c2954b1fe80ebdbf9b29854e89750355df	9438e0a2880fb10b9c48bd5fa44ecfbce2266f760edb6c33780afecc0f69ee43	e9d9a47838c402d1d9b7e373524645143e738e83a03ccee0c2ae1ab75ac6b205	0123af9e96b58af4e98b91a2de5608d36b63c67864b9041d3340587f3dbe40d2	cfa8dcf0d81c408de38d4202fe1ce9d9e5e301d1e67439c9530da94b1e64ee3f	0e7e60940dd21c28f3d10965325f70644fc000495a2d61984437dec666da93d8
semantic-proposal-v1	SC1-aecb1e8f6566c79e3d14569ff52f0dd606b0b67bde96f456381cf2f2f45f69b6	S016270	1	P02	LIFETIMES.tsv	189044	locking_rcu_refcount	x86_64	include/uapi/linux/netfilter/nf_conntrack_common.h	type	enum ip_conntrack_status	42	PENDING_REVIEW	SOURCE_REVIEWED_VALUE	COMPLETE	vendor/linux/include/uapi/linux/netfilter/nf_conntrack_common.h;vendor/linux/include/uapi/linux/netfilter/nf_conntrack_common.h:42;header-context=PENDING_REVIEW	425f94c2954b1fe80ebdbf9b29854e89750355df	9438e0a2880fb10b9c48bd5fa44ecfbce2266f760edb6c33780afecc0f69ee43	e9d9a47838c402d1d9b7e373524645143e738e83a03ccee0c2ae1ab75ac6b205	0123af9e96b58af4e98b91a2de5608d36b63c67864b9041d3340587f3dbe40d2	cfa8dcf0d81c408de38d4202fe1ce9d9e5e301d1e67439c9530da94b1e64ee3f	0e7e60940dd21c28f3d10965325f70644fc000495a2d61984437dec666da93d8
semantic-proposal-v1	SC1-4d927a7c21b07c7f641dba1163c013ebed9cea47f63be032ed86962ce3d1e3aa	S016270	1	P02	LIFETIMES.tsv	189044	ownership	x86_64	include/uapi/linux/netfilter/nf_conntrack_common.h	type	enum ip_conntrack_status	42	PENDING_REVIEW	SOURCE_REVIEWED_VALUE	COMPLETE	vendor/linux/include/uapi/linux/netfilter/nf_conntrack_common.h;vendor/linux/include/uapi/linux/netfilter/nf_conntrack_common.h:42;header-context=PENDING_REVIEW	425f94c2954b1fe80ebdbf9b29854e89750355df	9438e0a2880fb10b9c48bd5fa44ecfbce2266f760edb6c33780afecc0f69ee43	e9d9a47838c402d1d9b7e373524645143e738e83a03ccee0c2ae1ab75ac6b205	0123af9e96b58af4e98b91a2de5608d36b63c67864b9041d3340587f3dbe40d2	cfa8dcf0d81c408de38d4202fe1ce9d9e5e301d1e67439c9530da94b1e64ee3f	0e7e60940dd21c28f3d10965325f70644fc000495a2d61984437dec666da93d8
semantic-proposal-v1	SC1-9674c06dac5c3b5a36b99b6d0297ee8c6302533164ba2a6d770a2958713c6483	S016270	1	P02	LIFETIMES.tsv	189044	status	x86_64	include/uapi/linux/netfilter/nf_conntrack_common.h	type	enum ip_conntrack_status	42	PENDING_REVIEW	COMPLETE	COMPLETE	vendor/linux/include/uapi/linux/netfilter/nf_conntrack_common.h;vendor/linux/include/uapi/linux/netfilter/nf_conntrack_common.h:42;header-context=PENDING_REVIEW	425f94c2954b1fe80ebdbf9b29854e89750355df	9438e0a2880fb10b9c48bd5fa44ecfbce2266f760edb6c33780afecc0f69ee43	e9d9a47838c402d1d9b7e373524645143e738e83a03ccee0c2ae1ab75ac6b205	0123af9e96b58af4e98b91a2de5608d36b63c67864b9041d3340587f3dbe40d2	cfa8dcf0d81c408de38d4202fe1ce9d9e5e301d1e67439c9530da94b1e64ee3f	0e7e60940dd21c28f3d10965325f70644fc000495a2d61984437dec666da93d8
semantic-proposal-v1	SC1-ff406a1861110cae4128810ac7b140a3545fc86e732c3741bce32025de768b91	S016270	1	P02	LIFETIMES.tsv	189045	lifetime_contract	x86_64	include/uapi/linux/netfilter/nf_conntrack_common.h	type	enum ip_conntrack_events	133	PENDING_REVIEW	SOURCE_REVIEWED_VALUE	COMPLETE	vendor/linux/include/uapi/linux/netfilter/nf_conntrack_common.h;vendor/linux/include/uapi/linux/netfilter/nf_conntrack_common.h:133;header-context=PENDING_REVIEW	425f94c2954b1fe80ebdbf9b29854e89750355df	9438e0a2880fb10b9c48bd5fa44ecfbce2266f760edb6c33780afecc0f69ee43	e9d9a47838c402d1d9b7e373524645143e738e83a03ccee0c2ae1ab75ac6b205	0123af9e96b58af4e98b91a2de5608d36b63c67864b9041d3340587f3dbe40d2	cfa8dcf0d81c408de38d4202fe1ce9d9e5e301d1e67439c9530da94b1e64ee3f	0e7e60940dd21c28f3d10965325f70644fc000495a2d61984437dec666da93d8
semantic-proposal-v1	SC1-1eef5bdc2e6ab7485f20874042e00ef05bd9e288f071e9940fe091e9b140e604	S016270	1	P02	LIFETIMES.tsv	189045	locking_rcu_refcount	x86_64	include/uapi/linux/netfilter/nf_conntrack_common.h	type	enum ip_conntrack_events	133	PENDING_REVIEW	SOURCE_REVIEWED_VALUE	COMPLETE	vendor/linux/include/uapi/linux/netfilter/nf_conntrack_common.h;vendor/linux/include/uapi/linux/netfilter/nf_conntrack_common.h:133;header-context=PENDING_REVIEW	425f94c2954b1fe80ebdbf9b29854e89750355df	9438e0a2880fb10b9c48bd5fa44ecfbce2266f760edb6c33780afecc0f69ee43	e9d9a47838c402d1d9b7e373524645143e738e83a03ccee0c2ae1ab75ac6b205	0123af9e96b58af4e98b91a2de5608d36b63c67864b9041d3340587f3dbe40d2	cfa8dcf0d81c408de38d4202fe1ce9d9e5e301d1e67439c9530da94b1e64ee3f	0e7e60940dd21c28f3d10965325f70644fc000495a2d61984437dec666da93d8
semantic-proposal-v1	SC1-eb3a3b841e740550d4ea6242607dbc86bc2dd9a9ffc9409540b4d62521149e89	S016270	1	P02	LIFETIMES.tsv	189045	ownership	x86_64	include/uapi/linux/netfilter/nf_conntrack_common.h	type	enum ip_conntrack_events	133	PENDING_REVIEW	SOURCE_REVIEWED_VALUE	COMPLETE	vendor/linux/include/uapi/linux/netfilter/nf_conntrack_common.h;vendor/linux/include/uapi/linux/netfilter/nf_conntrack_common.h:133;header-context=PENDING_REVIEW	425f94c2954b1fe80ebdbf9b29854e89750355df	9438e0a2880fb10b9c48bd5fa44ecfbce2266f760edb6c33780afecc0f69ee43	e9d9a47838c402d1d9b7e373524645143e738e83a03ccee0c2ae1ab75ac6b205	0123af9e96b58af4e98b91a2de5608d36b63c67864b9041d3340587f3dbe40d2	cfa8dcf0d81c408de38d4202fe1ce9d9e5e301d1e67439c9530da94b1e64ee3f	0e7e60940dd21c28f3d10965325f70644fc000495a2d61984437dec666da93d8
semantic-proposal-v1	SC1-38e3738d6ce4ffff20b2fb10ccb105723363359552b3bc71d76cf732e132e2c0	S016270	1	P02	LIFETIMES.tsv	189045	status	x86_64	include/uapi/linux/netfilter/nf_conntrack_common.h	type	enum ip_conntrack_events	133	PENDING_REVIEW	COMPLETE	COMPLETE	vendor/linux/include/uapi/linux/netfilter/nf_conntrack_common.h;vendor/linux/include/uapi/linux/netfilter/nf_conntrack_common.h:133;header-context=PENDING_REVIEW	425f94c2954b1fe80ebdbf9b29854e89750355df	9438e0a2880fb10b9c48bd5fa44ecfbce2266f760edb6c33780afecc0f69ee43	e9d9a47838c402d1d9b7e373524645143e738e83a03ccee0c2ae1ab75ac6b205	0123af9e96b58af4e98b91a2de5608d36b63c67864b9041d3340587f3dbe40d2	cfa8dcf0d81c408de38d4202fe1ce9d9e5e301d1e67439c9530da94b1e64ee3f	0e7e60940dd21c28f3d10965325f70644fc000495a2d61984437dec666da93d8
semantic-proposal-v1	SC1-d1125c83dbc330f418f33727b71eb0b503c84554dd5d0ecad3507bdbb36335b7	S016270	1	P02	LIFETIMES.tsv	189046	lifetime_contract	x86_64	include/uapi/linux/netfilter/nf_conntrack_common.h	type	enum ip_conntrack_expect_events	152	PENDING_REVIEW	SOURCE_REVIEWED_VALUE	COMPLETE	vendor/linux/include/uapi/linux/netfilter/nf_conntrack_common.h;vendor/linux/include/uapi/linux/netfilter/nf_conntrack_common.h:152;header-context=PENDING_REVIEW	425f94c2954b1fe80ebdbf9b29854e89750355df	9438e0a2880fb10b9c48bd5fa44ecfbce2266f760edb6c33780afecc0f69ee43	e9d9a47838c402d1d9b7e373524645143e738e83a03ccee0c2ae1ab75ac6b205	0123af9e96b58af4e98b91a2de5608d36b63c67864b9041d3340587f3dbe40d2	cfa8dcf0d81c408de38d4202fe1ce9d9e5e301d1e67439c9530da94b1e64ee3f	0e7e60940dd21c28f3d10965325f70644fc000495a2d61984437dec666da93d8
semantic-proposal-v1	SC1-d53ab272ccab7d096730d10a541f81e673fd08b7bf8383cf597f6b941d06bfd4	S016270	1	P02	LIFETIMES.tsv	189046	locking_rcu_refcount	x86_64	include/uapi/linux/netfilter/nf_conntrack_common.h	type	enum ip_conntrack_expect_events	152	PENDING_REVIEW	SOURCE_REVIEWED_VALUE	COMPLETE	vendor/linux/include/uapi/linux/netfilter/nf_conntrack_common.h;vendor/linux/include/uapi/linux/netfilter/nf_conntrack_common.h:152;header-context=PENDING_REVIEW	425f94c2954b1fe80ebdbf9b29854e89750355df	9438e0a2880fb10b9c48bd5fa44ecfbce2266f760edb6c33780afecc0f69ee43	e9d9a47838c402d1d9b7e373524645143e738e83a03ccee0c2ae1ab75ac6b205	0123af9e96b58af4e98b91a2de5608d36b63c67864b9041d3340587f3dbe40d2	cfa8dcf0d81c408de38d4202fe1ce9d9e5e301d1e67439c9530da94b1e64ee3f	0e7e60940dd21c28f3d10965325f70644fc000495a2d61984437dec666da93d8
semantic-proposal-v1	SC1-9520e8df4aa8ea7bf444d47fc9a940ba7d322ff88ab3aa45cee40818ef2baf8b	S016270	1	P02	LIFETIMES.tsv	189046	ownership	x86_64	include/uapi/linux/netfilter/nf_conntrack_common.h	type	enum ip_conntrack_expect_events	152	PENDING_REVIEW	SOURCE_REVIEWED_VALUE	COMPLETE	vendor/linux/include/uapi/linux/netfilter/nf_conntrack_common.h;vendor/linux/include/uapi/linux/netfilter/nf_conntrack_common.h:152;header-context=PENDING_REVIEW	425f94c2954b1fe80ebdbf9b29854e89750355df	9438e0a2880fb10b9c48bd5fa44ecfbce2266f760edb6c33780afecc0f69ee43	e9d9a47838c402d1d9b7e373524645143e738e83a03ccee0c2ae1ab75ac6b205	0123af9e96b58af4e98b91a2de5608d36b63c67864b9041d3340587f3dbe40d2	cfa8dcf0d81c408de38d4202fe1ce9d9e5e301d1e67439c9530da94b1e64ee3f	0e7e60940dd21c28f3d10965325f70644fc000495a2d61984437dec666da93d8
semantic-proposal-v1	SC1-9498ea7c3aa37d33106e78ea74a01a73be793d760525d50fd3602c70809ede55	S016270	1	P02	LIFETIMES.tsv	189046	status	x86_64	include/uapi/linux/netfilter/nf_conntrack_common.h	type	enum ip_conntrack_expect_events	152	PENDING_REVIEW	COMPLETE	COMPLETE	vendor/linux/include/uapi/linux/netfilter/nf_conntrack_common.h;vendor/linux/include/uapi/linux/netfilter/nf_conntrack_common.h:152;header-context=PENDING_REVIEW	425f94c2954b1fe80ebdbf9b29854e89750355df	9438e0a2880fb10b9c48bd5fa44ecfbce2266f760edb6c33780afecc0f69ee43	e9d9a47838c402d1d9b7e373524645143e738e83a03ccee0c2ae1ab75ac6b205	0123af9e96b58af4e98b91a2de5608d36b63c67864b9041d3340587f3dbe40d2	cfa8dcf0d81c408de38d4202fe1ce9d9e5e301d1e67439c9530da94b1e64ee3f	0e7e60940dd21c28f3d10965325f70644fc000495a2d61984437dec666da93d8
