schema_version	record_key	task_id	attempt	pipeline_id	manifest	base_row	field	architecture	linux_path	record_kind	symbol_name	source_line	old_value	final_value	decision_status	source_citations	linux_sha	candidate_sha256	implementation_sha256	phase0_identity_sha256	queue_fingerprint	base_manifest_sha256
semantic-proposal-v1	SC1-170cba98aaa2e7b0927e599c900b1f058dacc175cbc7e18b19f11e1604877153	S015671	1	P01	SCOPE.tsv	15672	semantic_status	common	include/net/tls_prot.h	scope	S015671	0	PENDING_REVIEW	COMPLETE	COMPLETE	vendor/linux/include/net/tls_prot.h;rewrite/metadata/header_closure.tsv	425f94c2954b1fe80ebdbf9b29854e89750355df	661834d402ec88b9dd3bda4628ddbbed72837e397a3a99f87d7ab3ab5ab15121	ab9e1b04b3e0a9e0474bf76f69d67488d423401629a8dd5c1872fc3893ae4502	0123af9e96b58af4e98b91a2de5608d36b63c67864b9041d3340587f3dbe40d2	cfa8dcf0d81c408de38d4202fe1ce9d9e5e301d1e67439c9530da94b1e64ee3f	b83349e6731e17e5da5e04a0ea053487e8ac8d9269538dbdb367d83f77b17e0a
semantic-proposal-v1	SC1-63afa0e2e1b1f02bd7aab110f0b13c651820c26c671cbba125585f1ca47a9770	S015671	1	P01	SYMBOLS.tsv	332044	status	aarch64	include/net/tls_prot.h	conditional	ifndef@10	10	PENDING_REVIEW	COMPLETE	COMPLETE	vendor/linux/include/net/tls_prot.h;vendor/linux/include/net/tls_prot.h:10;rewrite/configs/aarch64/frozen.config;header_closure=rewrite/metadata/header_closure.tsv;selected=PENDING_REVIEW	425f94c2954b1fe80ebdbf9b29854e89750355df	661834d402ec88b9dd3bda4628ddbbed72837e397a3a99f87d7ab3ab5ab15121	ab9e1b04b3e0a9e0474bf76f69d67488d423401629a8dd5c1872fc3893ae4502	0123af9e96b58af4e98b91a2de5608d36b63c67864b9041d3340587f3dbe40d2	cfa8dcf0d81c408de38d4202fe1ce9d9e5e301d1e67439c9530da94b1e64ee3f	7484d7b0dd80f45e18d726b04752827fe28555cc5c1af0e127948380e6688abf
semantic-proposal-v1	SC1-6af397c9622e578dc940326e36e3940ae8677d4d9454e65a41f381053ab5453a	S015671	1	P01	SYMBOLS.tsv	332045	status	aarch64	include/net/tls_prot.h	conditional	endif@68	68	PENDING_REVIEW	COMPLETE	COMPLETE	vendor/linux/include/net/tls_prot.h;vendor/linux/include/net/tls_prot.h:68;rewrite/configs/aarch64/frozen.config;header_closure=rewrite/metadata/header_closure.tsv;selected=PENDING_REVIEW	425f94c2954b1fe80ebdbf9b29854e89750355df	661834d402ec88b9dd3bda4628ddbbed72837e397a3a99f87d7ab3ab5ab15121	ab9e1b04b3e0a9e0474bf76f69d67488d423401629a8dd5c1872fc3893ae4502	0123af9e96b58af4e98b91a2de5608d36b63c67864b9041d3340587f3dbe40d2	cfa8dcf0d81c408de38d4202fe1ce9d9e5e301d1e67439c9530da94b1e64ee3f	7484d7b0dd80f45e18d726b04752827fe28555cc5c1af0e127948380e6688abf
semantic-proposal-v1	SC1-ac04aeb50e8ee54cfc67cebf9348a8e526138efedc12b5ac7ee0700c1fb08371	S015671	1	P01	SYMBOLS.tsv	332046	selection_expression	aarch64	include/net/tls_prot.h	operative_macro	_TLS_PROT_H	11	PENDING_REVIEW	SOURCE_REVIEWED_VALUE	COMPLETE	vendor/linux/include/net/tls_prot.h;vendor/linux/include/net/tls_prot.h:11;rewrite/configs/aarch64/frozen.config;header_closure=rewrite/metadata/header_closure.tsv;selected=PENDING_REVIEW	425f94c2954b1fe80ebdbf9b29854e89750355df	661834d402ec88b9dd3bda4628ddbbed72837e397a3a99f87d7ab3ab5ab15121	ab9e1b04b3e0a9e0474bf76f69d67488d423401629a8dd5c1872fc3893ae4502	0123af9e96b58af4e98b91a2de5608d36b63c67864b9041d3340587f3dbe40d2	cfa8dcf0d81c408de38d4202fe1ce9d9e5e301d1e67439c9530da94b1e64ee3f	7484d7b0dd80f45e18d726b04752827fe28555cc5c1af0e127948380e6688abf
semantic-proposal-v1	SC1-e669f9ef3bf9adf413229fef3133b625e0f51f39724fceab4c89fd1b18d9c104	S015671	1	P01	SYMBOLS.tsv	332046	status	aarch64	include/net/tls_prot.h	operative_macro	_TLS_PROT_H	11	PENDING_REVIEW	COMPLETE	COMPLETE	vendor/linux/include/net/tls_prot.h;vendor/linux/include/net/tls_prot.h:11;rewrite/configs/aarch64/frozen.config;header_closure=rewrite/metadata/header_closure.tsv;selected=PENDING_REVIEW	425f94c2954b1fe80ebdbf9b29854e89750355df	661834d402ec88b9dd3bda4628ddbbed72837e397a3a99f87d7ab3ab5ab15121	ab9e1b04b3e0a9e0474bf76f69d67488d423401629a8dd5c1872fc3893ae4502	0123af9e96b58af4e98b91a2de5608d36b63c67864b9041d3340587f3dbe40d2	cfa8dcf0d81c408de38d4202fe1ce9d9e5e301d1e67439c9530da94b1e64ee3f	7484d7b0dd80f45e18d726b04752827fe28555cc5c1af0e127948380e6688abf
semantic-proposal-v1	SC1-a1ed358747de120e8d58cec0e1db3f9280bb7c87018642a1bcfea92544ed8f58	S015671	1	P01	SYMBOLS.tsv	332047	selection_expression	aarch64	include/net/tls_prot.h	type	anonymous_enum@16	16	PENDING_REVIEW	SOURCE_REVIEWED_VALUE	COMPLETE	vendor/linux/include/net/tls_prot.h;vendor/linux/include/net/tls_prot.h:16;rewrite/configs/aarch64/frozen.config;header_closure=rewrite/metadata/header_closure.tsv;selected=PENDING_REVIEW	425f94c2954b1fe80ebdbf9b29854e89750355df	661834d402ec88b9dd3bda4628ddbbed72837e397a3a99f87d7ab3ab5ab15121	ab9e1b04b3e0a9e0474bf76f69d67488d423401629a8dd5c1872fc3893ae4502	0123af9e96b58af4e98b91a2de5608d36b63c67864b9041d3340587f3dbe40d2	cfa8dcf0d81c408de38d4202fe1ce9d9e5e301d1e67439c9530da94b1e64ee3f	7484d7b0dd80f45e18d726b04752827fe28555cc5c1af0e127948380e6688abf
semantic-proposal-v1	SC1-932d368c74b0c8ad08cf4a942884c104f1460792b95b52c3b735679787ed0767	S015671	1	P01	SYMBOLS.tsv	332047	status	aarch64	include/net/tls_prot.h	type	anonymous_enum@16	16	PENDING_REVIEW	COMPLETE	COMPLETE	vendor/linux/include/net/tls_prot.h;vendor/linux/include/net/tls_prot.h:16;rewrite/configs/aarch64/frozen.config;header_closure=rewrite/metadata/header_closure.tsv;selected=PENDING_REVIEW	425f94c2954b1fe80ebdbf9b29854e89750355df	661834d402ec88b9dd3bda4628ddbbed72837e397a3a99f87d7ab3ab5ab15121	ab9e1b04b3e0a9e0474bf76f69d67488d423401629a8dd5c1872fc3893ae4502	0123af9e96b58af4e98b91a2de5608d36b63c67864b9041d3340587f3dbe40d2	cfa8dcf0d81c408de38d4202fe1ce9d9e5e301d1e67439c9530da94b1e64ee3f	7484d7b0dd80f45e18d726b04752827fe28555cc5c1af0e127948380e6688abf
semantic-proposal-v1	SC1-ff5542ec7b7062c5e6a1ffb7ea6e7a9dea04320f8cf0222e693ed71e7bf4ed56	S015671	1	P01	SYMBOLS.tsv	332048	selection_expression	aarch64	include/net/tls_prot.h	enum_constant	TLS_RECORD_TYPE_CHANGE_CIPHER_SPEC	17	PENDING_REVIEW	SOURCE_REVIEWED_VALUE	COMPLETE	vendor/linux/include/net/tls_prot.h;vendor/linux/include/net/tls_prot.h:17;rewrite/configs/aarch64/frozen.config;header_closure=rewrite/metadata/header_closure.tsv;selected=PENDING_REVIEW	425f94c2954b1fe80ebdbf9b29854e89750355df	661834d402ec88b9dd3bda4628ddbbed72837e397a3a99f87d7ab3ab5ab15121	ab9e1b04b3e0a9e0474bf76f69d67488d423401629a8dd5c1872fc3893ae4502	0123af9e96b58af4e98b91a2de5608d36b63c67864b9041d3340587f3dbe40d2	cfa8dcf0d81c408de38d4202fe1ce9d9e5e301d1e67439c9530da94b1e64ee3f	7484d7b0dd80f45e18d726b04752827fe28555cc5c1af0e127948380e6688abf
semantic-proposal-v1	SC1-0e839f83cf6580555ad68ace41b63982a0775761ede75174e272c6203e351e26	S015671	1	P01	SYMBOLS.tsv	332048	status	aarch64	include/net/tls_prot.h	enum_constant	TLS_RECORD_TYPE_CHANGE_CIPHER_SPEC	17	PENDING_REVIEW	COMPLETE	COMPLETE	vendor/linux/include/net/tls_prot.h;vendor/linux/include/net/tls_prot.h:17;rewrite/configs/aarch64/frozen.config;header_closure=rewrite/metadata/header_closure.tsv;selected=PENDING_REVIEW	425f94c2954b1fe80ebdbf9b29854e89750355df	661834d402ec88b9dd3bda4628ddbbed72837e397a3a99f87d7ab3ab5ab15121	ab9e1b04b3e0a9e0474bf76f69d67488d423401629a8dd5c1872fc3893ae4502	0123af9e96b58af4e98b91a2de5608d36b63c67864b9041d3340587f3dbe40d2	cfa8dcf0d81c408de38d4202fe1ce9d9e5e301d1e67439c9530da94b1e64ee3f	7484d7b0dd80f45e18d726b04752827fe28555cc5c1af0e127948380e6688abf
semantic-proposal-v1	SC1-df8ab831627acc6fdec304c1dbe1ce9cd45d1a5c3d7e8120486e94eac3a4db3c	S015671	1	P01	SYMBOLS.tsv	332049	selection_expression	aarch64	include/net/tls_prot.h	enum_constant	TLS_RECORD_TYPE_ALERT	18	PENDING_REVIEW	SOURCE_REVIEWED_VALUE	COMPLETE	vendor/linux/include/net/tls_prot.h;vendor/linux/include/net/tls_prot.h:18;rewrite/configs/aarch64/frozen.config;header_closure=rewrite/metadata/header_closure.tsv;selected=PENDING_REVIEW	425f94c2954b1fe80ebdbf9b29854e89750355df	661834d402ec88b9dd3bda4628ddbbed72837e397a3a99f87d7ab3ab5ab15121	ab9e1b04b3e0a9e0474bf76f69d67488d423401629a8dd5c1872fc3893ae4502	0123af9e96b58af4e98b91a2de5608d36b63c67864b9041d3340587f3dbe40d2	cfa8dcf0d81c408de38d4202fe1ce9d9e5e301d1e67439c9530da94b1e64ee3f	7484d7b0dd80f45e18d726b04752827fe28555cc5c1af0e127948380e6688abf
semantic-proposal-v1	SC1-436b34ea78ddeef4c0b76cbb5f5d84d448c03e9274e7a70ec72aa59296054811	S015671	1	P01	SYMBOLS.tsv	332049	status	aarch64	include/net/tls_prot.h	enum_constant	TLS_RECORD_TYPE_ALERT	18	PENDING_REVIEW	COMPLETE	COMPLETE	vendor/linux/include/net/tls_prot.h;vendor/linux/include/net/tls_prot.h:18;rewrite/configs/aarch64/frozen.config;header_closure=rewrite/metadata/header_closure.tsv;selected=PENDING_REVIEW	425f94c2954b1fe80ebdbf9b29854e89750355df	661834d402ec88b9dd3bda4628ddbbed72837e397a3a99f87d7ab3ab5ab15121	ab9e1b04b3e0a9e0474bf76f69d67488d423401629a8dd5c1872fc3893ae4502	0123af9e96b58af4e98b91a2de5608d36b63c67864b9041d3340587f3dbe40d2	cfa8dcf0d81c408de38d4202fe1ce9d9e5e301d1e67439c9530da94b1e64ee3f	7484d7b0dd80f45e18d726b04752827fe28555cc5c1af0e127948380e6688abf
semantic-proposal-v1	SC1-037e881890dba81263c67e875c15caf5ab8e1e78707b98bb37a540e13d177e1b	S015671	1	P01	SYMBOLS.tsv	332050	selection_expression	aarch64	include/net/tls_prot.h	enum_constant	TLS_RECORD_TYPE_HANDSHAKE	19	PENDING_REVIEW	SOURCE_REVIEWED_VALUE	COMPLETE	vendor/linux/include/net/tls_prot.h;vendor/linux/include/net/tls_prot.h:19;rewrite/configs/aarch64/frozen.config;header_closure=rewrite/metadata/header_closure.tsv;selected=PENDING_REVIEW	425f94c2954b1fe80ebdbf9b29854e89750355df	661834d402ec88b9dd3bda4628ddbbed72837e397a3a99f87d7ab3ab5ab15121	ab9e1b04b3e0a9e0474bf76f69d67488d423401629a8dd5c1872fc3893ae4502	0123af9e96b58af4e98b91a2de5608d36b63c67864b9041d3340587f3dbe40d2	cfa8dcf0d81c408de38d4202fe1ce9d9e5e301d1e67439c9530da94b1e64ee3f	7484d7b0dd80f45e18d726b04752827fe28555cc5c1af0e127948380e6688abf
semantic-proposal-v1	SC1-36f8a4b75fe7f2e7cb70062fa5a740ed5a85a42a2d2b57f2986fc8f89c23fba6	S015671	1	P01	SYMBOLS.tsv	332050	status	aarch64	include/net/tls_prot.h	enum_constant	TLS_RECORD_TYPE_HANDSHAKE	19	PENDING_REVIEW	COMPLETE	COMPLETE	vendor/linux/include/net/tls_prot.h;vendor/linux/include/net/tls_prot.h:19;rewrite/configs/aarch64/frozen.config;header_closure=rewrite/metadata/header_closure.tsv;selected=PENDING_REVIEW	425f94c2954b1fe80ebdbf9b29854e89750355df	661834d402ec88b9dd3bda4628ddbbed72837e397a3a99f87d7ab3ab5ab15121	ab9e1b04b3e0a9e0474bf76f69d67488d423401629a8dd5c1872fc3893ae4502	0123af9e96b58af4e98b91a2de5608d36b63c67864b9041d3340587f3dbe40d2	cfa8dcf0d81c408de38d4202fe1ce9d9e5e301d1e67439c9530da94b1e64ee3f	7484d7b0dd80f45e18d726b04752827fe28555cc5c1af0e127948380e6688abf
semantic-proposal-v1	SC1-46fbcd452a46c7c1c5717eafc8184ae7c5e2a83f6e088904bf054797e9e511ea	S015671	1	P01	SYMBOLS.tsv	332051	selection_expression	aarch64	include/net/tls_prot.h	enum_constant	TLS_RECORD_TYPE_DATA	20	PENDING_REVIEW	SOURCE_REVIEWED_VALUE	COMPLETE	vendor/linux/include/net/tls_prot.h;vendor/linux/include/net/tls_prot.h:20;rewrite/configs/aarch64/frozen.config;header_closure=rewrite/metadata/header_closure.tsv;selected=PENDING_REVIEW	425f94c2954b1fe80ebdbf9b29854e89750355df	661834d402ec88b9dd3bda4628ddbbed72837e397a3a99f87d7ab3ab5ab15121	ab9e1b04b3e0a9e0474bf76f69d67488d423401629a8dd5c1872fc3893ae4502	0123af9e96b58af4e98b91a2de5608d36b63c67864b9041d3340587f3dbe40d2	cfa8dcf0d81c408de38d4202fe1ce9d9e5e301d1e67439c9530da94b1e64ee3f	7484d7b0dd80f45e18d726b04752827fe28555cc5c1af0e127948380e6688abf
semantic-proposal-v1	SC1-0df7236bea308423b23734f0fb0784a3c3b9bb30b08f25879fee036ad3decde9	S015671	1	P01	SYMBOLS.tsv	332051	status	aarch64	include/net/tls_prot.h	enum_constant	TLS_RECORD_TYPE_DATA	20	PENDING_REVIEW	COMPLETE	COMPLETE	vendor/linux/include/net/tls_prot.h;vendor/linux/include/net/tls_prot.h:20;rewrite/configs/aarch64/frozen.config;header_closure=rewrite/metadata/header_closure.tsv;selected=PENDING_REVIEW	425f94c2954b1fe80ebdbf9b29854e89750355df	661834d402ec88b9dd3bda4628ddbbed72837e397a3a99f87d7ab3ab5ab15121	ab9e1b04b3e0a9e0474bf76f69d67488d423401629a8dd5c1872fc3893ae4502	0123af9e96b58af4e98b91a2de5608d36b63c67864b9041d3340587f3dbe40d2	cfa8dcf0d81c408de38d4202fe1ce9d9e5e301d1e67439c9530da94b1e64ee3f	7484d7b0dd80f45e18d726b04752827fe28555cc5c1af0e127948380e6688abf
semantic-proposal-v1	SC1-050314b8d8f64482fc3b83d5145abf89f516b9421d00f9cc0a59ec7cfb9d3b75	S015671	1	P01	SYMBOLS.tsv	332052	selection_expression	aarch64	include/net/tls_prot.h	enum_constant	TLS_RECORD_TYPE_HEARTBEAT	21	PENDING_REVIEW	SOURCE_REVIEWED_VALUE	COMPLETE	vendor/linux/include/net/tls_prot.h;vendor/linux/include/net/tls_prot.h:21;rewrite/configs/aarch64/frozen.config;header_closure=rewrite/metadata/header_closure.tsv;selected=PENDING_REVIEW	425f94c2954b1fe80ebdbf9b29854e89750355df	661834d402ec88b9dd3bda4628ddbbed72837e397a3a99f87d7ab3ab5ab15121	ab9e1b04b3e0a9e0474bf76f69d67488d423401629a8dd5c1872fc3893ae4502	0123af9e96b58af4e98b91a2de5608d36b63c67864b9041d3340587f3dbe40d2	cfa8dcf0d81c408de38d4202fe1ce9d9e5e301d1e67439c9530da94b1e64ee3f	7484d7b0dd80f45e18d726b04752827fe28555cc5c1af0e127948380e6688abf
semantic-proposal-v1	SC1-4bd8c4bbba13bb4fbb2e76cb99ba4664bdd038c20682e68cc71d15c231b9a35f	S015671	1	P01	SYMBOLS.tsv	332052	status	aarch64	include/net/tls_prot.h	enum_constant	TLS_RECORD_TYPE_HEARTBEAT	21	PENDING_REVIEW	COMPLETE	COMPLETE	vendor/linux/include/net/tls_prot.h;vendor/linux/include/net/tls_prot.h:21;rewrite/configs/aarch64/frozen.config;header_closure=rewrite/metadata/header_closure.tsv;selected=PENDING_REVIEW	425f94c2954b1fe80ebdbf9b29854e89750355df	661834d402ec88b9dd3bda4628ddbbed72837e397a3a99f87d7ab3ab5ab15121	ab9e1b04b3e0a9e0474bf76f69d67488d423401629a8dd5c1872fc3893ae4502	0123af9e96b58af4e98b91a2de5608d36b63c67864b9041d3340587f3dbe40d2	cfa8dcf0d81c408de38d4202fe1ce9d9e5e301d1e67439c9530da94b1e64ee3f	7484d7b0dd80f45e18d726b04752827fe28555cc5c1af0e127948380e6688abf
semantic-proposal-v1	SC1-a36525797956d70a3cff0a64513325127fe9bbd7cfe43f95f0dc105d1d22d83e	S015671	1	P01	SYMBOLS.tsv	332053	selection_expression	aarch64	include/net/tls_prot.h	enum_constant	TLS_RECORD_TYPE_TLS12_CID	22	PENDING_REVIEW	SOURCE_REVIEWED_VALUE	COMPLETE	vendor/linux/include/net/tls_prot.h;vendor/linux/include/net/tls_prot.h:22;rewrite/configs/aarch64/frozen.config;header_closure=rewrite/metadata/header_closure.tsv;selected=PENDING_REVIEW	425f94c2954b1fe80ebdbf9b29854e89750355df	661834d402ec88b9dd3bda4628ddbbed72837e397a3a99f87d7ab3ab5ab15121	ab9e1b04b3e0a9e0474bf76f69d67488d423401629a8dd5c1872fc3893ae4502	0123af9e96b58af4e98b91a2de5608d36b63c67864b9041d3340587f3dbe40d2	cfa8dcf0d81c408de38d4202fe1ce9d9e5e301d1e67439c9530da94b1e64ee3f	7484d7b0dd80f45e18d726b04752827fe28555cc5c1af0e127948380e6688abf
semantic-proposal-v1	SC1-933f94c2a013febe9eb83072ea31bad032f737a435814a75727466dc69f20466	S015671	1	P01	SYMBOLS.tsv	332053	status	aarch64	include/net/tls_prot.h	enum_constant	TLS_RECORD_TYPE_TLS12_CID	22	PENDING_REVIEW	COMPLETE	COMPLETE	vendor/linux/include/net/tls_prot.h;vendor/linux/include/net/tls_prot.h:22;rewrite/configs/aarch64/frozen.config;header_closure=rewrite/metadata/header_closure.tsv;selected=PENDING_REVIEW	425f94c2954b1fe80ebdbf9b29854e89750355df	661834d402ec88b9dd3bda4628ddbbed72837e397a3a99f87d7ab3ab5ab15121	ab9e1b04b3e0a9e0474bf76f69d67488d423401629a8dd5c1872fc3893ae4502	0123af9e96b58af4e98b91a2de5608d36b63c67864b9041d3340587f3dbe40d2	cfa8dcf0d81c408de38d4202fe1ce9d9e5e301d1e67439c9530da94b1e64ee3f	7484d7b0dd80f45e18d726b04752827fe28555cc5c1af0e127948380e6688abf
semantic-proposal-v1	SC1-62373db1b07ea6ce69fe0f9f88cbba092658473ec53d338c168d68a6cd5574c5	S015671	1	P01	SYMBOLS.tsv	332054	selection_expression	aarch64	include/net/tls_prot.h	enum_constant	TLS_RECORD_TYPE_ACK	23	PENDING_REVIEW	SOURCE_REVIEWED_VALUE	COMPLETE	vendor/linux/include/net/tls_prot.h;vendor/linux/include/net/tls_prot.h:23;rewrite/configs/aarch64/frozen.config;header_closure=rewrite/metadata/header_closure.tsv;selected=PENDING_REVIEW	425f94c2954b1fe80ebdbf9b29854e89750355df	661834d402ec88b9dd3bda4628ddbbed72837e397a3a99f87d7ab3ab5ab15121	ab9e1b04b3e0a9e0474bf76f69d67488d423401629a8dd5c1872fc3893ae4502	0123af9e96b58af4e98b91a2de5608d36b63c67864b9041d3340587f3dbe40d2	cfa8dcf0d81c408de38d4202fe1ce9d9e5e301d1e67439c9530da94b1e64ee3f	7484d7b0dd80f45e18d726b04752827fe28555cc5c1af0e127948380e6688abf
semantic-proposal-v1	SC1-26fc693e2ce12c16bd4967d6051a5bfcf1765b1e5ddb7f5ceef28b44a97fad00	S015671	1	P01	SYMBOLS.tsv	332054	status	aarch64	include/net/tls_prot.h	enum_constant	TLS_RECORD_TYPE_ACK	23	PENDING_REVIEW	COMPLETE	COMPLETE	vendor/linux/include/net/tls_prot.h;vendor/linux/include/net/tls_prot.h:23;rewrite/configs/aarch64/frozen.config;header_closure=rewrite/metadata/header_closure.tsv;selected=PENDING_REVIEW	425f94c2954b1fe80ebdbf9b29854e89750355df	661834d402ec88b9dd3bda4628ddbbed72837e397a3a99f87d7ab3ab5ab15121	ab9e1b04b3e0a9e0474bf76f69d67488d423401629a8dd5c1872fc3893ae4502	0123af9e96b58af4e98b91a2de5608d36b63c67864b9041d3340587f3dbe40d2	cfa8dcf0d81c408de38d4202fe1ce9d9e5e301d1e67439c9530da94b1e64ee3f	7484d7b0dd80f45e18d726b04752827fe28555cc5c1af0e127948380e6688abf
semantic-proposal-v1	SC1-f0654eb3ceb646602134da7ae53533d1bd04ce6d3831958b76e0ecee1ac278b9	S015671	1	P01	SYMBOLS.tsv	332055	selection_expression	aarch64	include/net/tls_prot.h	type	anonymous_enum@29	29	PENDING_REVIEW	SOURCE_REVIEWED_VALUE	COMPLETE	vendor/linux/include/net/tls_prot.h;vendor/linux/include/net/tls_prot.h:29;rewrite/configs/aarch64/frozen.config;header_closure=rewrite/metadata/header_closure.tsv;selected=PENDING_REVIEW	425f94c2954b1fe80ebdbf9b29854e89750355df	661834d402ec88b9dd3bda4628ddbbed72837e397a3a99f87d7ab3ab5ab15121	ab9e1b04b3e0a9e0474bf76f69d67488d423401629a8dd5c1872fc3893ae4502	0123af9e96b58af4e98b91a2de5608d36b63c67864b9041d3340587f3dbe40d2	cfa8dcf0d81c408de38d4202fe1ce9d9e5e301d1e67439c9530da94b1e64ee3f	7484d7b0dd80f45e18d726b04752827fe28555cc5c1af0e127948380e6688abf
semantic-proposal-v1	SC1-0793884f039cea6a21a3abdaaa0daf7143f5b3204f7b1a6046e633e9e38f5686	S015671	1	P01	SYMBOLS.tsv	332055	status	aarch64	include/net/tls_prot.h	type	anonymous_enum@29	29	PENDING_REVIEW	COMPLETE	COMPLETE	vendor/linux/include/net/tls_prot.h;vendor/linux/include/net/tls_prot.h:29;rewrite/configs/aarch64/frozen.config;header_closure=rewrite/metadata/header_closure.tsv;selected=PENDING_REVIEW	425f94c2954b1fe80ebdbf9b29854e89750355df	661834d402ec88b9dd3bda4628ddbbed72837e397a3a99f87d7ab3ab5ab15121	ab9e1b04b3e0a9e0474bf76f69d67488d423401629a8dd5c1872fc3893ae4502	0123af9e96b58af4e98b91a2de5608d36b63c67864b9041d3340587f3dbe40d2	cfa8dcf0d81c408de38d4202fe1ce9d9e5e301d1e67439c9530da94b1e64ee3f	7484d7b0dd80f45e18d726b04752827fe28555cc5c1af0e127948380e6688abf
semantic-proposal-v1	SC1-ecc636be9bf38a06827b08b04b0cbd85edb88a3a4f3f96638f32a7028ea93254	S015671	1	P01	SYMBOLS.tsv	332056	selection_expression	aarch64	include/net/tls_prot.h	enum_constant	TLS_ALERT_LEVEL_WARNING	30	PENDING_REVIEW	SOURCE_REVIEWED_VALUE	COMPLETE	vendor/linux/include/net/tls_prot.h;vendor/linux/include/net/tls_prot.h:30;rewrite/configs/aarch64/frozen.config;header_closure=rewrite/metadata/header_closure.tsv;selected=PENDING_REVIEW	425f94c2954b1fe80ebdbf9b29854e89750355df	661834d402ec88b9dd3bda4628ddbbed72837e397a3a99f87d7ab3ab5ab15121	ab9e1b04b3e0a9e0474bf76f69d67488d423401629a8dd5c1872fc3893ae4502	0123af9e96b58af4e98b91a2de5608d36b63c67864b9041d3340587f3dbe40d2	cfa8dcf0d81c408de38d4202fe1ce9d9e5e301d1e67439c9530da94b1e64ee3f	7484d7b0dd80f45e18d726b04752827fe28555cc5c1af0e127948380e6688abf
semantic-proposal-v1	SC1-352a7dbb32c68e00209f2f6185708504722d0150194aae48fec898011bdc701a	S015671	1	P01	SYMBOLS.tsv	332056	status	aarch64	include/net/tls_prot.h	enum_constant	TLS_ALERT_LEVEL_WARNING	30	PENDING_REVIEW	COMPLETE	COMPLETE	vendor/linux/include/net/tls_prot.h;vendor/linux/include/net/tls_prot.h:30;rewrite/configs/aarch64/frozen.config;header_closure=rewrite/metadata/header_closure.tsv;selected=PENDING_REVIEW	425f94c2954b1fe80ebdbf9b29854e89750355df	661834d402ec88b9dd3bda4628ddbbed72837e397a3a99f87d7ab3ab5ab15121	ab9e1b04b3e0a9e0474bf76f69d67488d423401629a8dd5c1872fc3893ae4502	0123af9e96b58af4e98b91a2de5608d36b63c67864b9041d3340587f3dbe40d2	cfa8dcf0d81c408de38d4202fe1ce9d9e5e301d1e67439c9530da94b1e64ee3f	7484d7b0dd80f45e18d726b04752827fe28555cc5c1af0e127948380e6688abf
semantic-proposal-v1	SC1-90031d8bbe4fdc361efb62f3d13765869a60ebd1f7b2eb831b25d5911cd96315	S015671	1	P01	SYMBOLS.tsv	332057	selection_expression	aarch64	include/net/tls_prot.h	enum_constant	TLS_ALERT_LEVEL_FATAL	31	PENDING_REVIEW	SOURCE_REVIEWED_VALUE	COMPLETE	vendor/linux/include/net/tls_prot.h;vendor/linux/include/net/tls_prot.h:31;rewrite/configs/aarch64/frozen.config;header_closure=rewrite/metadata/header_closure.tsv;selected=PENDING_REVIEW	425f94c2954b1fe80ebdbf9b29854e89750355df	661834d402ec88b9dd3bda4628ddbbed72837e397a3a99f87d7ab3ab5ab15121	ab9e1b04b3e0a9e0474bf76f69d67488d423401629a8dd5c1872fc3893ae4502	0123af9e96b58af4e98b91a2de5608d36b63c67864b9041d3340587f3dbe40d2	cfa8dcf0d81c408de38d4202fe1ce9d9e5e301d1e67439c9530da94b1e64ee3f	7484d7b0dd80f45e18d726b04752827fe28555cc5c1af0e127948380e6688abf
semantic-proposal-v1	SC1-3082ec0e8cd0d1afd21ff3dd8d6fb064cfe968fe9ddb7d377cb2e9f0d139569c	S015671	1	P01	SYMBOLS.tsv	332057	status	aarch64	include/net/tls_prot.h	enum_constant	TLS_ALERT_LEVEL_FATAL	31	PENDING_REVIEW	COMPLETE	COMPLETE	vendor/linux/include/net/tls_prot.h;vendor/linux/include/net/tls_prot.h:31;rewrite/configs/aarch64/frozen.config;header_closure=rewrite/metadata/header_closure.tsv;selected=PENDING_REVIEW	425f94c2954b1fe80ebdbf9b29854e89750355df	661834d402ec88b9dd3bda4628ddbbed72837e397a3a99f87d7ab3ab5ab15121	ab9e1b04b3e0a9e0474bf76f69d67488d423401629a8dd5c1872fc3893ae4502	0123af9e96b58af4e98b91a2de5608d36b63c67864b9041d3340587f3dbe40d2	cfa8dcf0d81c408de38d4202fe1ce9d9e5e301d1e67439c9530da94b1e64ee3f	7484d7b0dd80f45e18d726b04752827fe28555cc5c1af0e127948380e6688abf
semantic-proposal-v1	SC1-b83f2d2d85777b0a38e201779e908455d5f4b77d14e50f73bf45ac1c062a0807	S015671	1	P01	SYMBOLS.tsv	332058	selection_expression	aarch64	include/net/tls_prot.h	type	anonymous_enum@37	37	PENDING_REVIEW	SOURCE_REVIEWED_VALUE	COMPLETE	vendor/linux/include/net/tls_prot.h;vendor/linux/include/net/tls_prot.h:37;rewrite/configs/aarch64/frozen.config;header_closure=rewrite/metadata/header_closure.tsv;selected=PENDING_REVIEW	425f94c2954b1fe80ebdbf9b29854e89750355df	661834d402ec88b9dd3bda4628ddbbed72837e397a3a99f87d7ab3ab5ab15121	ab9e1b04b3e0a9e0474bf76f69d67488d423401629a8dd5c1872fc3893ae4502	0123af9e96b58af4e98b91a2de5608d36b63c67864b9041d3340587f3dbe40d2	cfa8dcf0d81c408de38d4202fe1ce9d9e5e301d1e67439c9530da94b1e64ee3f	7484d7b0dd80f45e18d726b04752827fe28555cc5c1af0e127948380e6688abf
semantic-proposal-v1	SC1-b37174e41142968d39d03713fcc1c7cf3e106d701c9f448d37320e23a6968451	S015671	1	P01	SYMBOLS.tsv	332058	status	aarch64	include/net/tls_prot.h	type	anonymous_enum@37	37	PENDING_REVIEW	COMPLETE	COMPLETE	vendor/linux/include/net/tls_prot.h;vendor/linux/include/net/tls_prot.h:37;rewrite/configs/aarch64/frozen.config;header_closure=rewrite/metadata/header_closure.tsv;selected=PENDING_REVIEW	425f94c2954b1fe80ebdbf9b29854e89750355df	661834d402ec88b9dd3bda4628ddbbed72837e397a3a99f87d7ab3ab5ab15121	ab9e1b04b3e0a9e0474bf76f69d67488d423401629a8dd5c1872fc3893ae4502	0123af9e96b58af4e98b91a2de5608d36b63c67864b9041d3340587f3dbe40d2	cfa8dcf0d81c408de38d4202fe1ce9d9e5e301d1e67439c9530da94b1e64ee3f	7484d7b0dd80f45e18d726b04752827fe28555cc5c1af0e127948380e6688abf
semantic-proposal-v1	SC1-dc8aa9dd60c5d7b89c883e14f0ab7a43bd7b57b76149ee153ce6c6412270e30e	S015671	1	P01	SYMBOLS.tsv	332059	selection_expression	aarch64	include/net/tls_prot.h	enum_constant	TLS_ALERT_DESC_CLOSE_NOTIFY	38	PENDING_REVIEW	SOURCE_REVIEWED_VALUE	COMPLETE	vendor/linux/include/net/tls_prot.h;vendor/linux/include/net/tls_prot.h:38;rewrite/configs/aarch64/frozen.config;header_closure=rewrite/metadata/header_closure.tsv;selected=PENDING_REVIEW	425f94c2954b1fe80ebdbf9b29854e89750355df	661834d402ec88b9dd3bda4628ddbbed72837e397a3a99f87d7ab3ab5ab15121	ab9e1b04b3e0a9e0474bf76f69d67488d423401629a8dd5c1872fc3893ae4502	0123af9e96b58af4e98b91a2de5608d36b63c67864b9041d3340587f3dbe40d2	cfa8dcf0d81c408de38d4202fe1ce9d9e5e301d1e67439c9530da94b1e64ee3f	7484d7b0dd80f45e18d726b04752827fe28555cc5c1af0e127948380e6688abf
semantic-proposal-v1	SC1-95f30c3116f8532488e84f0c8cd6b58739525bb7e78d007fef11d4e7edd2b679	S015671	1	P01	SYMBOLS.tsv	332059	status	aarch64	include/net/tls_prot.h	enum_constant	TLS_ALERT_DESC_CLOSE_NOTIFY	38	PENDING_REVIEW	COMPLETE	COMPLETE	vendor/linux/include/net/tls_prot.h;vendor/linux/include/net/tls_prot.h:38;rewrite/configs/aarch64/frozen.config;header_closure=rewrite/metadata/header_closure.tsv;selected=PENDING_REVIEW	425f94c2954b1fe80ebdbf9b29854e89750355df	661834d402ec88b9dd3bda4628ddbbed72837e397a3a99f87d7ab3ab5ab15121	ab9e1b04b3e0a9e0474bf76f69d67488d423401629a8dd5c1872fc3893ae4502	0123af9e96b58af4e98b91a2de5608d36b63c67864b9041d3340587f3dbe40d2	cfa8dcf0d81c408de38d4202fe1ce9d9e5e301d1e67439c9530da94b1e64ee3f	7484d7b0dd80f45e18d726b04752827fe28555cc5c1af0e127948380e6688abf
semantic-proposal-v1	SC1-321c13a913af6cc04572350ec996133b5694b0caa6c868cc459c262be53ea810	S015671	1	P01	SYMBOLS.tsv	332060	selection_expression	aarch64	include/net/tls_prot.h	enum_constant	TLS_ALERT_DESC_UNEXPECTED_MESSAGE	39	PENDING_REVIEW	SOURCE_REVIEWED_VALUE	COMPLETE	vendor/linux/include/net/tls_prot.h;vendor/linux/include/net/tls_prot.h:39;rewrite/configs/aarch64/frozen.config;header_closure=rewrite/metadata/header_closure.tsv;selected=PENDING_REVIEW	425f94c2954b1fe80ebdbf9b29854e89750355df	661834d402ec88b9dd3bda4628ddbbed72837e397a3a99f87d7ab3ab5ab15121	ab9e1b04b3e0a9e0474bf76f69d67488d423401629a8dd5c1872fc3893ae4502	0123af9e96b58af4e98b91a2de5608d36b63c67864b9041d3340587f3dbe40d2	cfa8dcf0d81c408de38d4202fe1ce9d9e5e301d1e67439c9530da94b1e64ee3f	7484d7b0dd80f45e18d726b04752827fe28555cc5c1af0e127948380e6688abf
semantic-proposal-v1	SC1-17034b1fa1d389e2402a0ae977980d030b590790d3705042774a92da0e73e14b	S015671	1	P01	SYMBOLS.tsv	332060	status	aarch64	include/net/tls_prot.h	enum_constant	TLS_ALERT_DESC_UNEXPECTED_MESSAGE	39	PENDING_REVIEW	COMPLETE	COMPLETE	vendor/linux/include/net/tls_prot.h;vendor/linux/include/net/tls_prot.h:39;rewrite/configs/aarch64/frozen.config;header_closure=rewrite/metadata/header_closure.tsv;selected=PENDING_REVIEW	425f94c2954b1fe80ebdbf9b29854e89750355df	661834d402ec88b9dd3bda4628ddbbed72837e397a3a99f87d7ab3ab5ab15121	ab9e1b04b3e0a9e0474bf76f69d67488d423401629a8dd5c1872fc3893ae4502	0123af9e96b58af4e98b91a2de5608d36b63c67864b9041d3340587f3dbe40d2	cfa8dcf0d81c408de38d4202fe1ce9d9e5e301d1e67439c9530da94b1e64ee3f	7484d7b0dd80f45e18d726b04752827fe28555cc5c1af0e127948380e6688abf
semantic-proposal-v1	SC1-7045390d872d7ed207892a387363f94c23b4e9b5cdbe5cc9690ba88bf329dc38	S015671	1	P01	SYMBOLS.tsv	332061	selection_expression	aarch64	include/net/tls_prot.h	enum_constant	TLS_ALERT_DESC_BAD_RECORD_MAC	40	PENDING_REVIEW	SOURCE_REVIEWED_VALUE	COMPLETE	vendor/linux/include/net/tls_prot.h;vendor/linux/include/net/tls_prot.h:40;rewrite/configs/aarch64/frozen.config;header_closure=rewrite/metadata/header_closure.tsv;selected=PENDING_REVIEW	425f94c2954b1fe80ebdbf9b29854e89750355df	661834d402ec88b9dd3bda4628ddbbed72837e397a3a99f87d7ab3ab5ab15121	ab9e1b04b3e0a9e0474bf76f69d67488d423401629a8dd5c1872fc3893ae4502	0123af9e96b58af4e98b91a2de5608d36b63c67864b9041d3340587f3dbe40d2	cfa8dcf0d81c408de38d4202fe1ce9d9e5e301d1e67439c9530da94b1e64ee3f	7484d7b0dd80f45e18d726b04752827fe28555cc5c1af0e127948380e6688abf
semantic-proposal-v1	SC1-e8bb9f16d4141dc1d0d45fd1e667d85d04ef11d70085e0e38c642cfcaa15fbbf	S015671	1	P01	SYMBOLS.tsv	332061	status	aarch64	include/net/tls_prot.h	enum_constant	TLS_ALERT_DESC_BAD_RECORD_MAC	40	PENDING_REVIEW	COMPLETE	COMPLETE	vendor/linux/include/net/tls_prot.h;vendor/linux/include/net/tls_prot.h:40;rewrite/configs/aarch64/frozen.config;header_closure=rewrite/metadata/header_closure.tsv;selected=PENDING_REVIEW	425f94c2954b1fe80ebdbf9b29854e89750355df	661834d402ec88b9dd3bda4628ddbbed72837e397a3a99f87d7ab3ab5ab15121	ab9e1b04b3e0a9e0474bf76f69d67488d423401629a8dd5c1872fc3893ae4502	0123af9e96b58af4e98b91a2de5608d36b63c67864b9041d3340587f3dbe40d2	cfa8dcf0d81c408de38d4202fe1ce9d9e5e301d1e67439c9530da94b1e64ee3f	7484d7b0dd80f45e18d726b04752827fe28555cc5c1af0e127948380e6688abf
semantic-proposal-v1	SC1-ac28a30c23f7a014ca8e020317ed02cdfe986c8bb0598048c05ff18ad518d2f3	S015671	1	P01	SYMBOLS.tsv	332062	selection_expression	aarch64	include/net/tls_prot.h	enum_constant	TLS_ALERT_DESC_RECORD_OVERFLOW	41	PENDING_REVIEW	SOURCE_REVIEWED_VALUE	COMPLETE	vendor/linux/include/net/tls_prot.h;vendor/linux/include/net/tls_prot.h:41;rewrite/configs/aarch64/frozen.config;header_closure=rewrite/metadata/header_closure.tsv;selected=PENDING_REVIEW	425f94c2954b1fe80ebdbf9b29854e89750355df	661834d402ec88b9dd3bda4628ddbbed72837e397a3a99f87d7ab3ab5ab15121	ab9e1b04b3e0a9e0474bf76f69d67488d423401629a8dd5c1872fc3893ae4502	0123af9e96b58af4e98b91a2de5608d36b63c67864b9041d3340587f3dbe40d2	cfa8dcf0d81c408de38d4202fe1ce9d9e5e301d1e67439c9530da94b1e64ee3f	7484d7b0dd80f45e18d726b04752827fe28555cc5c1af0e127948380e6688abf
semantic-proposal-v1	SC1-0c8626e24009da81d6d44b69b96adfa55bf5b1c28cf255ef6d457ba9bd30bf6a	S015671	1	P01	SYMBOLS.tsv	332062	status	aarch64	include/net/tls_prot.h	enum_constant	TLS_ALERT_DESC_RECORD_OVERFLOW	41	PENDING_REVIEW	COMPLETE	COMPLETE	vendor/linux/include/net/tls_prot.h;vendor/linux/include/net/tls_prot.h:41;rewrite/configs/aarch64/frozen.config;header_closure=rewrite/metadata/header_closure.tsv;selected=PENDING_REVIEW	425f94c2954b1fe80ebdbf9b29854e89750355df	661834d402ec88b9dd3bda4628ddbbed72837e397a3a99f87d7ab3ab5ab15121	ab9e1b04b3e0a9e0474bf76f69d67488d423401629a8dd5c1872fc3893ae4502	0123af9e96b58af4e98b91a2de5608d36b63c67864b9041d3340587f3dbe40d2	cfa8dcf0d81c408de38d4202fe1ce9d9e5e301d1e67439c9530da94b1e64ee3f	7484d7b0dd80f45e18d726b04752827fe28555cc5c1af0e127948380e6688abf
semantic-proposal-v1	SC1-045f1ac7b7898b109b04293bfae6b25154795311dd66f0069a8f48fb83214256	S015671	1	P01	SYMBOLS.tsv	332063	selection_expression	aarch64	include/net/tls_prot.h	enum_constant	TLS_ALERT_DESC_HANDSHAKE_FAILURE	42	PENDING_REVIEW	SOURCE_REVIEWED_VALUE	COMPLETE	vendor/linux/include/net/tls_prot.h;vendor/linux/include/net/tls_prot.h:42;rewrite/configs/aarch64/frozen.config;header_closure=rewrite/metadata/header_closure.tsv;selected=PENDING_REVIEW	425f94c2954b1fe80ebdbf9b29854e89750355df	661834d402ec88b9dd3bda4628ddbbed72837e397a3a99f87d7ab3ab5ab15121	ab9e1b04b3e0a9e0474bf76f69d67488d423401629a8dd5c1872fc3893ae4502	0123af9e96b58af4e98b91a2de5608d36b63c67864b9041d3340587f3dbe40d2	cfa8dcf0d81c408de38d4202fe1ce9d9e5e301d1e67439c9530da94b1e64ee3f	7484d7b0dd80f45e18d726b04752827fe28555cc5c1af0e127948380e6688abf
semantic-proposal-v1	SC1-c5f21487605f76d389cf7d1e66662bdd2ff12c6da743233ecf45ab13963f9d7f	S015671	1	P01	SYMBOLS.tsv	332063	status	aarch64	include/net/tls_prot.h	enum_constant	TLS_ALERT_DESC_HANDSHAKE_FAILURE	42	PENDING_REVIEW	COMPLETE	COMPLETE	vendor/linux/include/net/tls_prot.h;vendor/linux/include/net/tls_prot.h:42;rewrite/configs/aarch64/frozen.config;header_closure=rewrite/metadata/header_closure.tsv;selected=PENDING_REVIEW	425f94c2954b1fe80ebdbf9b29854e89750355df	661834d402ec88b9dd3bda4628ddbbed72837e397a3a99f87d7ab3ab5ab15121	ab9e1b04b3e0a9e0474bf76f69d67488d423401629a8dd5c1872fc3893ae4502	0123af9e96b58af4e98b91a2de5608d36b63c67864b9041d3340587f3dbe40d2	cfa8dcf0d81c408de38d4202fe1ce9d9e5e301d1e67439c9530da94b1e64ee3f	7484d7b0dd80f45e18d726b04752827fe28555cc5c1af0e127948380e6688abf
semantic-proposal-v1	SC1-81d1942cfe00130b10160cd3628e9b342da1af791d80cf49b4e19a25ea7a09bc	S015671	1	P01	SYMBOLS.tsv	332064	selection_expression	aarch64	include/net/tls_prot.h	enum_constant	TLS_ALERT_DESC_BAD_CERTIFICATE	43	PENDING_REVIEW	SOURCE_REVIEWED_VALUE	COMPLETE	vendor/linux/include/net/tls_prot.h;vendor/linux/include/net/tls_prot.h:43;rewrite/configs/aarch64/frozen.config;header_closure=rewrite/metadata/header_closure.tsv;selected=PENDING_REVIEW	425f94c2954b1fe80ebdbf9b29854e89750355df	661834d402ec88b9dd3bda4628ddbbed72837e397a3a99f87d7ab3ab5ab15121	ab9e1b04b3e0a9e0474bf76f69d67488d423401629a8dd5c1872fc3893ae4502	0123af9e96b58af4e98b91a2de5608d36b63c67864b9041d3340587f3dbe40d2	cfa8dcf0d81c408de38d4202fe1ce9d9e5e301d1e67439c9530da94b1e64ee3f	7484d7b0dd80f45e18d726b04752827fe28555cc5c1af0e127948380e6688abf
semantic-proposal-v1	SC1-dcb2f97b89685efac1acb6760fd0ca3d1088383b399b24270c6e1fa93eff3c7c	S015671	1	P01	SYMBOLS.tsv	332064	status	aarch64	include/net/tls_prot.h	enum_constant	TLS_ALERT_DESC_BAD_CERTIFICATE	43	PENDING_REVIEW	COMPLETE	COMPLETE	vendor/linux/include/net/tls_prot.h;vendor/linux/include/net/tls_prot.h:43;rewrite/configs/aarch64/frozen.config;header_closure=rewrite/metadata/header_closure.tsv;selected=PENDING_REVIEW	425f94c2954b1fe80ebdbf9b29854e89750355df	661834d402ec88b9dd3bda4628ddbbed72837e397a3a99f87d7ab3ab5ab15121	ab9e1b04b3e0a9e0474bf76f69d67488d423401629a8dd5c1872fc3893ae4502	0123af9e96b58af4e98b91a2de5608d36b63c67864b9041d3340587f3dbe40d2	cfa8dcf0d81c408de38d4202fe1ce9d9e5e301d1e67439c9530da94b1e64ee3f	7484d7b0dd80f45e18d726b04752827fe28555cc5c1af0e127948380e6688abf
semantic-proposal-v1	SC1-fb430c81d8a039f5907bbf3d46ec7f91c45d65beda2a8583378b866361d1c877	S015671	1	P01	SYMBOLS.tsv	332065	selection_expression	aarch64	include/net/tls_prot.h	enum_constant	TLS_ALERT_DESC_UNSUPPORTED_CERTIFICATE	44	PENDING_REVIEW	SOURCE_REVIEWED_VALUE	COMPLETE	vendor/linux/include/net/tls_prot.h;vendor/linux/include/net/tls_prot.h:44;rewrite/configs/aarch64/frozen.config;header_closure=rewrite/metadata/header_closure.tsv;selected=PENDING_REVIEW	425f94c2954b1fe80ebdbf9b29854e89750355df	661834d402ec88b9dd3bda4628ddbbed72837e397a3a99f87d7ab3ab5ab15121	ab9e1b04b3e0a9e0474bf76f69d67488d423401629a8dd5c1872fc3893ae4502	0123af9e96b58af4e98b91a2de5608d36b63c67864b9041d3340587f3dbe40d2	cfa8dcf0d81c408de38d4202fe1ce9d9e5e301d1e67439c9530da94b1e64ee3f	7484d7b0dd80f45e18d726b04752827fe28555cc5c1af0e127948380e6688abf
semantic-proposal-v1	SC1-3fb867dce1428669888078eabbb75a2404532f1d432e6f8e31de85167ba2e726	S015671	1	P01	SYMBOLS.tsv	332065	status	aarch64	include/net/tls_prot.h	enum_constant	TLS_ALERT_DESC_UNSUPPORTED_CERTIFICATE	44	PENDING_REVIEW	COMPLETE	COMPLETE	vendor/linux/include/net/tls_prot.h;vendor/linux/include/net/tls_prot.h:44;rewrite/configs/aarch64/frozen.config;header_closure=rewrite/metadata/header_closure.tsv;selected=PENDING_REVIEW	425f94c2954b1fe80ebdbf9b29854e89750355df	661834d402ec88b9dd3bda4628ddbbed72837e397a3a99f87d7ab3ab5ab15121	ab9e1b04b3e0a9e0474bf76f69d67488d423401629a8dd5c1872fc3893ae4502	0123af9e96b58af4e98b91a2de5608d36b63c67864b9041d3340587f3dbe40d2	cfa8dcf0d81c408de38d4202fe1ce9d9e5e301d1e67439c9530da94b1e64ee3f	7484d7b0dd80f45e18d726b04752827fe28555cc5c1af0e127948380e6688abf
semantic-proposal-v1	SC1-7c28d8f8cdda68dfd7f0a32bd94919582f5edd8d2b57457d15dd9b10be88bf5f	S015671	1	P01	SYMBOLS.tsv	332066	selection_expression	aarch64	include/net/tls_prot.h	enum_constant	TLS_ALERT_DESC_CERTIFICATE_REVOKED	45	PENDING_REVIEW	SOURCE_REVIEWED_VALUE	COMPLETE	vendor/linux/include/net/tls_prot.h;vendor/linux/include/net/tls_prot.h:45;rewrite/configs/aarch64/frozen.config;header_closure=rewrite/metadata/header_closure.tsv;selected=PENDING_REVIEW	425f94c2954b1fe80ebdbf9b29854e89750355df	661834d402ec88b9dd3bda4628ddbbed72837e397a3a99f87d7ab3ab5ab15121	ab9e1b04b3e0a9e0474bf76f69d67488d423401629a8dd5c1872fc3893ae4502	0123af9e96b58af4e98b91a2de5608d36b63c67864b9041d3340587f3dbe40d2	cfa8dcf0d81c408de38d4202fe1ce9d9e5e301d1e67439c9530da94b1e64ee3f	7484d7b0dd80f45e18d726b04752827fe28555cc5c1af0e127948380e6688abf
semantic-proposal-v1	SC1-b8f1d37f5affef8158c7f1de0d627ced26c19069c6a3d19ea532eb2ba380b661	S015671	1	P01	SYMBOLS.tsv	332066	status	aarch64	include/net/tls_prot.h	enum_constant	TLS_ALERT_DESC_CERTIFICATE_REVOKED	45	PENDING_REVIEW	COMPLETE	COMPLETE	vendor/linux/include/net/tls_prot.h;vendor/linux/include/net/tls_prot.h:45;rewrite/configs/aarch64/frozen.config;header_closure=rewrite/metadata/header_closure.tsv;selected=PENDING_REVIEW	425f94c2954b1fe80ebdbf9b29854e89750355df	661834d402ec88b9dd3bda4628ddbbed72837e397a3a99f87d7ab3ab5ab15121	ab9e1b04b3e0a9e0474bf76f69d67488d423401629a8dd5c1872fc3893ae4502	0123af9e96b58af4e98b91a2de5608d36b63c67864b9041d3340587f3dbe40d2	cfa8dcf0d81c408de38d4202fe1ce9d9e5e301d1e67439c9530da94b1e64ee3f	7484d7b0dd80f45e18d726b04752827fe28555cc5c1af0e127948380e6688abf
semantic-proposal-v1	SC1-812c4e14f9fca0c72bf8a5ad09764a3bf1660480cb8f226ccea4d7918d9ec3b4	S015671	1	P01	SYMBOLS.tsv	332067	selection_expression	aarch64	include/net/tls_prot.h	enum_constant	TLS_ALERT_DESC_CERTIFICATE_EXPIRED	46	PENDING_REVIEW	SOURCE_REVIEWED_VALUE	COMPLETE	vendor/linux/include/net/tls_prot.h;vendor/linux/include/net/tls_prot.h:46;rewrite/configs/aarch64/frozen.config;header_closure=rewrite/metadata/header_closure.tsv;selected=PENDING_REVIEW	425f94c2954b1fe80ebdbf9b29854e89750355df	661834d402ec88b9dd3bda4628ddbbed72837e397a3a99f87d7ab3ab5ab15121	ab9e1b04b3e0a9e0474bf76f69d67488d423401629a8dd5c1872fc3893ae4502	0123af9e96b58af4e98b91a2de5608d36b63c67864b9041d3340587f3dbe40d2	cfa8dcf0d81c408de38d4202fe1ce9d9e5e301d1e67439c9530da94b1e64ee3f	7484d7b0dd80f45e18d726b04752827fe28555cc5c1af0e127948380e6688abf
semantic-proposal-v1	SC1-c8271c846344f318b49b73f8609e4102889d05d2f9ffc0bdcb2f0012a14f5641	S015671	1	P01	SYMBOLS.tsv	332067	status	aarch64	include/net/tls_prot.h	enum_constant	TLS_ALERT_DESC_CERTIFICATE_EXPIRED	46	PENDING_REVIEW	COMPLETE	COMPLETE	vendor/linux/include/net/tls_prot.h;vendor/linux/include/net/tls_prot.h:46;rewrite/configs/aarch64/frozen.config;header_closure=rewrite/metadata/header_closure.tsv;selected=PENDING_REVIEW	425f94c2954b1fe80ebdbf9b29854e89750355df	661834d402ec88b9dd3bda4628ddbbed72837e397a3a99f87d7ab3ab5ab15121	ab9e1b04b3e0a9e0474bf76f69d67488d423401629a8dd5c1872fc3893ae4502	0123af9e96b58af4e98b91a2de5608d36b63c67864b9041d3340587f3dbe40d2	cfa8dcf0d81c408de38d4202fe1ce9d9e5e301d1e67439c9530da94b1e64ee3f	7484d7b0dd80f45e18d726b04752827fe28555cc5c1af0e127948380e6688abf
semantic-proposal-v1	SC1-82a123a0f48aa1f3beb65da5b995557f9ca40fd8fe5d83bc6a92873f473b0df4	S015671	1	P01	SYMBOLS.tsv	332068	selection_expression	aarch64	include/net/tls_prot.h	enum_constant	TLS_ALERT_DESC_CERTIFICATE_UNKNOWN	47	PENDING_REVIEW	SOURCE_REVIEWED_VALUE	COMPLETE	vendor/linux/include/net/tls_prot.h;vendor/linux/include/net/tls_prot.h:47;rewrite/configs/aarch64/frozen.config;header_closure=rewrite/metadata/header_closure.tsv;selected=PENDING_REVIEW	425f94c2954b1fe80ebdbf9b29854e89750355df	661834d402ec88b9dd3bda4628ddbbed72837e397a3a99f87d7ab3ab5ab15121	ab9e1b04b3e0a9e0474bf76f69d67488d423401629a8dd5c1872fc3893ae4502	0123af9e96b58af4e98b91a2de5608d36b63c67864b9041d3340587f3dbe40d2	cfa8dcf0d81c408de38d4202fe1ce9d9e5e301d1e67439c9530da94b1e64ee3f	7484d7b0dd80f45e18d726b04752827fe28555cc5c1af0e127948380e6688abf
semantic-proposal-v1	SC1-40ff5b726b88f6a2c079d71633b5dce61bc3face742a7faf94ba50e51f264424	S015671	1	P01	SYMBOLS.tsv	332068	status	aarch64	include/net/tls_prot.h	enum_constant	TLS_ALERT_DESC_CERTIFICATE_UNKNOWN	47	PENDING_REVIEW	COMPLETE	COMPLETE	vendor/linux/include/net/tls_prot.h;vendor/linux/include/net/tls_prot.h:47;rewrite/configs/aarch64/frozen.config;header_closure=rewrite/metadata/header_closure.tsv;selected=PENDING_REVIEW	425f94c2954b1fe80ebdbf9b29854e89750355df	661834d402ec88b9dd3bda4628ddbbed72837e397a3a99f87d7ab3ab5ab15121	ab9e1b04b3e0a9e0474bf76f69d67488d423401629a8dd5c1872fc3893ae4502	0123af9e96b58af4e98b91a2de5608d36b63c67864b9041d3340587f3dbe40d2	cfa8dcf0d81c408de38d4202fe1ce9d9e5e301d1e67439c9530da94b1e64ee3f	7484d7b0dd80f45e18d726b04752827fe28555cc5c1af0e127948380e6688abf
semantic-proposal-v1	SC1-002d267774c269afd40c63c18b5ffecdc922a982b4c6c53fbbe66667ba037893	S015671	1	P01	SYMBOLS.tsv	332069	selection_expression	aarch64	include/net/tls_prot.h	enum_constant	TLS_ALERT_DESC_ILLEGAL_PARAMETER	48	PENDING_REVIEW	SOURCE_REVIEWED_VALUE	COMPLETE	vendor/linux/include/net/tls_prot.h;vendor/linux/include/net/tls_prot.h:48;rewrite/configs/aarch64/frozen.config;header_closure=rewrite/metadata/header_closure.tsv;selected=PENDING_REVIEW	425f94c2954b1fe80ebdbf9b29854e89750355df	661834d402ec88b9dd3bda4628ddbbed72837e397a3a99f87d7ab3ab5ab15121	ab9e1b04b3e0a9e0474bf76f69d67488d423401629a8dd5c1872fc3893ae4502	0123af9e96b58af4e98b91a2de5608d36b63c67864b9041d3340587f3dbe40d2	cfa8dcf0d81c408de38d4202fe1ce9d9e5e301d1e67439c9530da94b1e64ee3f	7484d7b0dd80f45e18d726b04752827fe28555cc5c1af0e127948380e6688abf
semantic-proposal-v1	SC1-d26739d1d3c1a9119cd4e67183b832be02fec0ef8edf609f0760c8f28e6c2662	S015671	1	P01	SYMBOLS.tsv	332069	status	aarch64	include/net/tls_prot.h	enum_constant	TLS_ALERT_DESC_ILLEGAL_PARAMETER	48	PENDING_REVIEW	COMPLETE	COMPLETE	vendor/linux/include/net/tls_prot.h;vendor/linux/include/net/tls_prot.h:48;rewrite/configs/aarch64/frozen.config;header_closure=rewrite/metadata/header_closure.tsv;selected=PENDING_REVIEW	425f94c2954b1fe80ebdbf9b29854e89750355df	661834d402ec88b9dd3bda4628ddbbed72837e397a3a99f87d7ab3ab5ab15121	ab9e1b04b3e0a9e0474bf76f69d67488d423401629a8dd5c1872fc3893ae4502	0123af9e96b58af4e98b91a2de5608d36b63c67864b9041d3340587f3dbe40d2	cfa8dcf0d81c408de38d4202fe1ce9d9e5e301d1e67439c9530da94b1e64ee3f	7484d7b0dd80f45e18d726b04752827fe28555cc5c1af0e127948380e6688abf
semantic-proposal-v1	SC1-9be261ef878e1f406d35f0424f3f6b3494e188a8dbbd372d648a4c389e274994	S015671	1	P01	SYMBOLS.tsv	332070	selection_expression	aarch64	include/net/tls_prot.h	enum_constant	TLS_ALERT_DESC_UNKNOWN_CA	49	PENDING_REVIEW	SOURCE_REVIEWED_VALUE	COMPLETE	vendor/linux/include/net/tls_prot.h;vendor/linux/include/net/tls_prot.h:49;rewrite/configs/aarch64/frozen.config;header_closure=rewrite/metadata/header_closure.tsv;selected=PENDING_REVIEW	425f94c2954b1fe80ebdbf9b29854e89750355df	661834d402ec88b9dd3bda4628ddbbed72837e397a3a99f87d7ab3ab5ab15121	ab9e1b04b3e0a9e0474bf76f69d67488d423401629a8dd5c1872fc3893ae4502	0123af9e96b58af4e98b91a2de5608d36b63c67864b9041d3340587f3dbe40d2	cfa8dcf0d81c408de38d4202fe1ce9d9e5e301d1e67439c9530da94b1e64ee3f	7484d7b0dd80f45e18d726b04752827fe28555cc5c1af0e127948380e6688abf
semantic-proposal-v1	SC1-47b2a0538cae3c18791eb86e7f7806457d1f6d406c3bd0ae7fe074a1f8764240	S015671	1	P01	SYMBOLS.tsv	332070	status	aarch64	include/net/tls_prot.h	enum_constant	TLS_ALERT_DESC_UNKNOWN_CA	49	PENDING_REVIEW	COMPLETE	COMPLETE	vendor/linux/include/net/tls_prot.h;vendor/linux/include/net/tls_prot.h:49;rewrite/configs/aarch64/frozen.config;header_closure=rewrite/metadata/header_closure.tsv;selected=PENDING_REVIEW	425f94c2954b1fe80ebdbf9b29854e89750355df	661834d402ec88b9dd3bda4628ddbbed72837e397a3a99f87d7ab3ab5ab15121	ab9e1b04b3e0a9e0474bf76f69d67488d423401629a8dd5c1872fc3893ae4502	0123af9e96b58af4e98b91a2de5608d36b63c67864b9041d3340587f3dbe40d2	cfa8dcf0d81c408de38d4202fe1ce9d9e5e301d1e67439c9530da94b1e64ee3f	7484d7b0dd80f45e18d726b04752827fe28555cc5c1af0e127948380e6688abf
semantic-proposal-v1	SC1-50a8708c7c1c9eecb390207285a8ce8c5e7c8dd1bde7b02880b91fd3a2dfb810	S015671	1	P01	SYMBOLS.tsv	332071	selection_expression	aarch64	include/net/tls_prot.h	enum_constant	TLS_ALERT_DESC_ACCESS_DENIED	50	PENDING_REVIEW	SOURCE_REVIEWED_VALUE	COMPLETE	vendor/linux/include/net/tls_prot.h;vendor/linux/include/net/tls_prot.h:50;rewrite/configs/aarch64/frozen.config;header_closure=rewrite/metadata/header_closure.tsv;selected=PENDING_REVIEW	425f94c2954b1fe80ebdbf9b29854e89750355df	661834d402ec88b9dd3bda4628ddbbed72837e397a3a99f87d7ab3ab5ab15121	ab9e1b04b3e0a9e0474bf76f69d67488d423401629a8dd5c1872fc3893ae4502	0123af9e96b58af4e98b91a2de5608d36b63c67864b9041d3340587f3dbe40d2	cfa8dcf0d81c408de38d4202fe1ce9d9e5e301d1e67439c9530da94b1e64ee3f	7484d7b0dd80f45e18d726b04752827fe28555cc5c1af0e127948380e6688abf
semantic-proposal-v1	SC1-22a90767f6bb20813ded21f8e53e7ade7c3d8ef63394f10d80a52367bd780347	S015671	1	P01	SYMBOLS.tsv	332071	status	aarch64	include/net/tls_prot.h	enum_constant	TLS_ALERT_DESC_ACCESS_DENIED	50	PENDING_REVIEW	COMPLETE	COMPLETE	vendor/linux/include/net/tls_prot.h;vendor/linux/include/net/tls_prot.h:50;rewrite/configs/aarch64/frozen.config;header_closure=rewrite/metadata/header_closure.tsv;selected=PENDING_REVIEW	425f94c2954b1fe80ebdbf9b29854e89750355df	661834d402ec88b9dd3bda4628ddbbed72837e397a3a99f87d7ab3ab5ab15121	ab9e1b04b3e0a9e0474bf76f69d67488d423401629a8dd5c1872fc3893ae4502	0123af9e96b58af4e98b91a2de5608d36b63c67864b9041d3340587f3dbe40d2	cfa8dcf0d81c408de38d4202fe1ce9d9e5e301d1e67439c9530da94b1e64ee3f	7484d7b0dd80f45e18d726b04752827fe28555cc5c1af0e127948380e6688abf
semantic-proposal-v1	SC1-9548750af2ed8107525483fde7d7bf44f0264b69acd47f7f2f045fef2d42b8d7	S015671	1	P01	SYMBOLS.tsv	332072	selection_expression	aarch64	include/net/tls_prot.h	enum_constant	TLS_ALERT_DESC_DECODE_ERROR	51	PENDING_REVIEW	SOURCE_REVIEWED_VALUE	COMPLETE	vendor/linux/include/net/tls_prot.h;vendor/linux/include/net/tls_prot.h:51;rewrite/configs/aarch64/frozen.config;header_closure=rewrite/metadata/header_closure.tsv;selected=PENDING_REVIEW	425f94c2954b1fe80ebdbf9b29854e89750355df	661834d402ec88b9dd3bda4628ddbbed72837e397a3a99f87d7ab3ab5ab15121	ab9e1b04b3e0a9e0474bf76f69d67488d423401629a8dd5c1872fc3893ae4502	0123af9e96b58af4e98b91a2de5608d36b63c67864b9041d3340587f3dbe40d2	cfa8dcf0d81c408de38d4202fe1ce9d9e5e301d1e67439c9530da94b1e64ee3f	7484d7b0dd80f45e18d726b04752827fe28555cc5c1af0e127948380e6688abf
semantic-proposal-v1	SC1-3daa56781f57824c2b0f748896134f338da353b306eb0e9945e83e09d1bdb134	S015671	1	P01	SYMBOLS.tsv	332072	status	aarch64	include/net/tls_prot.h	enum_constant	TLS_ALERT_DESC_DECODE_ERROR	51	PENDING_REVIEW	COMPLETE	COMPLETE	vendor/linux/include/net/tls_prot.h;vendor/linux/include/net/tls_prot.h:51;rewrite/configs/aarch64/frozen.config;header_closure=rewrite/metadata/header_closure.tsv;selected=PENDING_REVIEW	425f94c2954b1fe80ebdbf9b29854e89750355df	661834d402ec88b9dd3bda4628ddbbed72837e397a3a99f87d7ab3ab5ab15121	ab9e1b04b3e0a9e0474bf76f69d67488d423401629a8dd5c1872fc3893ae4502	0123af9e96b58af4e98b91a2de5608d36b63c67864b9041d3340587f3dbe40d2	cfa8dcf0d81c408de38d4202fe1ce9d9e5e301d1e67439c9530da94b1e64ee3f	7484d7b0dd80f45e18d726b04752827fe28555cc5c1af0e127948380e6688abf
semantic-proposal-v1	SC1-c1b602aee616497bd4f3990d484ec0b0d2a780351a1deabb9416bb589e1043f3	S015671	1	P01	SYMBOLS.tsv	332073	selection_expression	aarch64	include/net/tls_prot.h	enum_constant	TLS_ALERT_DESC_DECRYPT_ERROR	52	PENDING_REVIEW	SOURCE_REVIEWED_VALUE	COMPLETE	vendor/linux/include/net/tls_prot.h;vendor/linux/include/net/tls_prot.h:52;rewrite/configs/aarch64/frozen.config;header_closure=rewrite/metadata/header_closure.tsv;selected=PENDING_REVIEW	425f94c2954b1fe80ebdbf9b29854e89750355df	661834d402ec88b9dd3bda4628ddbbed72837e397a3a99f87d7ab3ab5ab15121	ab9e1b04b3e0a9e0474bf76f69d67488d423401629a8dd5c1872fc3893ae4502	0123af9e96b58af4e98b91a2de5608d36b63c67864b9041d3340587f3dbe40d2	cfa8dcf0d81c408de38d4202fe1ce9d9e5e301d1e67439c9530da94b1e64ee3f	7484d7b0dd80f45e18d726b04752827fe28555cc5c1af0e127948380e6688abf
semantic-proposal-v1	SC1-da018260c8c587aecedc0f4cb4671e096cd8e3078e2f7ab6026e518f3818cbac	S015671	1	P01	SYMBOLS.tsv	332073	status	aarch64	include/net/tls_prot.h	enum_constant	TLS_ALERT_DESC_DECRYPT_ERROR	52	PENDING_REVIEW	COMPLETE	COMPLETE	vendor/linux/include/net/tls_prot.h;vendor/linux/include/net/tls_prot.h:52;rewrite/configs/aarch64/frozen.config;header_closure=rewrite/metadata/header_closure.tsv;selected=PENDING_REVIEW	425f94c2954b1fe80ebdbf9b29854e89750355df	661834d402ec88b9dd3bda4628ddbbed72837e397a3a99f87d7ab3ab5ab15121	ab9e1b04b3e0a9e0474bf76f69d67488d423401629a8dd5c1872fc3893ae4502	0123af9e96b58af4e98b91a2de5608d36b63c67864b9041d3340587f3dbe40d2	cfa8dcf0d81c408de38d4202fe1ce9d9e5e301d1e67439c9530da94b1e64ee3f	7484d7b0dd80f45e18d726b04752827fe28555cc5c1af0e127948380e6688abf
semantic-proposal-v1	SC1-48b6bf91a08de114e754dc00c2089a96402ff224010177429f6be59a642f5c13	S015671	1	P01	SYMBOLS.tsv	332074	selection_expression	aarch64	include/net/tls_prot.h	enum_constant	TLS_ALERT_DESC_TOO_MANY_CIDS_REQUESTED	53	PENDING_REVIEW	SOURCE_REVIEWED_VALUE	COMPLETE	vendor/linux/include/net/tls_prot.h;vendor/linux/include/net/tls_prot.h:53;rewrite/configs/aarch64/frozen.config;header_closure=rewrite/metadata/header_closure.tsv;selected=PENDING_REVIEW	425f94c2954b1fe80ebdbf9b29854e89750355df	661834d402ec88b9dd3bda4628ddbbed72837e397a3a99f87d7ab3ab5ab15121	ab9e1b04b3e0a9e0474bf76f69d67488d423401629a8dd5c1872fc3893ae4502	0123af9e96b58af4e98b91a2de5608d36b63c67864b9041d3340587f3dbe40d2	cfa8dcf0d81c408de38d4202fe1ce9d9e5e301d1e67439c9530da94b1e64ee3f	7484d7b0dd80f45e18d726b04752827fe28555cc5c1af0e127948380e6688abf
semantic-proposal-v1	SC1-2136afbd78c1ff9510fa2a5663efcd6f02342068b5f33ac160f0675ac388c4ab	S015671	1	P01	SYMBOLS.tsv	332074	status	aarch64	include/net/tls_prot.h	enum_constant	TLS_ALERT_DESC_TOO_MANY_CIDS_REQUESTED	53	PENDING_REVIEW	COMPLETE	COMPLETE	vendor/linux/include/net/tls_prot.h;vendor/linux/include/net/tls_prot.h:53;rewrite/configs/aarch64/frozen.config;header_closure=rewrite/metadata/header_closure.tsv;selected=PENDING_REVIEW	425f94c2954b1fe80ebdbf9b29854e89750355df	661834d402ec88b9dd3bda4628ddbbed72837e397a3a99f87d7ab3ab5ab15121	ab9e1b04b3e0a9e0474bf76f69d67488d423401629a8dd5c1872fc3893ae4502	0123af9e96b58af4e98b91a2de5608d36b63c67864b9041d3340587f3dbe40d2	cfa8dcf0d81c408de38d4202fe1ce9d9e5e301d1e67439c9530da94b1e64ee3f	7484d7b0dd80f45e18d726b04752827fe28555cc5c1af0e127948380e6688abf
semantic-proposal-v1	SC1-91b7b03e55af15b73f64cc85e227ed1abc7c3e183eec665bda79b3c89903c46e	S015671	1	P01	SYMBOLS.tsv	332075	selection_expression	aarch64	include/net/tls_prot.h	enum_constant	TLS_ALERT_DESC_PROTOCOL_VERSION	54	PENDING_REVIEW	SOURCE_REVIEWED_VALUE	COMPLETE	vendor/linux/include/net/tls_prot.h;vendor/linux/include/net/tls_prot.h:54;rewrite/configs/aarch64/frozen.config;header_closure=rewrite/metadata/header_closure.tsv;selected=PENDING_REVIEW	425f94c2954b1fe80ebdbf9b29854e89750355df	661834d402ec88b9dd3bda4628ddbbed72837e397a3a99f87d7ab3ab5ab15121	ab9e1b04b3e0a9e0474bf76f69d67488d423401629a8dd5c1872fc3893ae4502	0123af9e96b58af4e98b91a2de5608d36b63c67864b9041d3340587f3dbe40d2	cfa8dcf0d81c408de38d4202fe1ce9d9e5e301d1e67439c9530da94b1e64ee3f	7484d7b0dd80f45e18d726b04752827fe28555cc5c1af0e127948380e6688abf
semantic-proposal-v1	SC1-4bc3812cd752a577dd999eedb8bd3ac3c0c41cff0f660d547e15644978914f2a	S015671	1	P01	SYMBOLS.tsv	332075	status	aarch64	include/net/tls_prot.h	enum_constant	TLS_ALERT_DESC_PROTOCOL_VERSION	54	PENDING_REVIEW	COMPLETE	COMPLETE	vendor/linux/include/net/tls_prot.h;vendor/linux/include/net/tls_prot.h:54;rewrite/configs/aarch64/frozen.config;header_closure=rewrite/metadata/header_closure.tsv;selected=PENDING_REVIEW	425f94c2954b1fe80ebdbf9b29854e89750355df	661834d402ec88b9dd3bda4628ddbbed72837e397a3a99f87d7ab3ab5ab15121	ab9e1b04b3e0a9e0474bf76f69d67488d423401629a8dd5c1872fc3893ae4502	0123af9e96b58af4e98b91a2de5608d36b63c67864b9041d3340587f3dbe40d2	cfa8dcf0d81c408de38d4202fe1ce9d9e5e301d1e67439c9530da94b1e64ee3f	7484d7b0dd80f45e18d726b04752827fe28555cc5c1af0e127948380e6688abf
semantic-proposal-v1	SC1-6f26423cbb995bbb3d4f4fd49d70709d895904c747435e5e909ba7514048c071	S015671	1	P01	SYMBOLS.tsv	332076	selection_expression	aarch64	include/net/tls_prot.h	enum_constant	TLS_ALERT_DESC_INSUFFICIENT_SECURITY	55	PENDING_REVIEW	SOURCE_REVIEWED_VALUE	COMPLETE	vendor/linux/include/net/tls_prot.h;vendor/linux/include/net/tls_prot.h:55;rewrite/configs/aarch64/frozen.config;header_closure=rewrite/metadata/header_closure.tsv;selected=PENDING_REVIEW	425f94c2954b1fe80ebdbf9b29854e89750355df	661834d402ec88b9dd3bda4628ddbbed72837e397a3a99f87d7ab3ab5ab15121	ab9e1b04b3e0a9e0474bf76f69d67488d423401629a8dd5c1872fc3893ae4502	0123af9e96b58af4e98b91a2de5608d36b63c67864b9041d3340587f3dbe40d2	cfa8dcf0d81c408de38d4202fe1ce9d9e5e301d1e67439c9530da94b1e64ee3f	7484d7b0dd80f45e18d726b04752827fe28555cc5c1af0e127948380e6688abf
semantic-proposal-v1	SC1-93f02f329d4b6ba36b5c051230fc555c04f316a1a943415d76991176199bbb26	S015671	1	P01	SYMBOLS.tsv	332076	status	aarch64	include/net/tls_prot.h	enum_constant	TLS_ALERT_DESC_INSUFFICIENT_SECURITY	55	PENDING_REVIEW	COMPLETE	COMPLETE	vendor/linux/include/net/tls_prot.h;vendor/linux/include/net/tls_prot.h:55;rewrite/configs/aarch64/frozen.config;header_closure=rewrite/metadata/header_closure.tsv;selected=PENDING_REVIEW	425f94c2954b1fe80ebdbf9b29854e89750355df	661834d402ec88b9dd3bda4628ddbbed72837e397a3a99f87d7ab3ab5ab15121	ab9e1b04b3e0a9e0474bf76f69d67488d423401629a8dd5c1872fc3893ae4502	0123af9e96b58af4e98b91a2de5608d36b63c67864b9041d3340587f3dbe40d2	cfa8dcf0d81c408de38d4202fe1ce9d9e5e301d1e67439c9530da94b1e64ee3f	7484d7b0dd80f45e18d726b04752827fe28555cc5c1af0e127948380e6688abf
semantic-proposal-v1	SC1-cbb0bf237dd043d2e15689dd83b69925ff94b7805c68869f70b8b8e62062ba8a	S015671	1	P01	SYMBOLS.tsv	332077	selection_expression	aarch64	include/net/tls_prot.h	enum_constant	TLS_ALERT_DESC_INTERNAL_ERROR	56	PENDING_REVIEW	SOURCE_REVIEWED_VALUE	COMPLETE	vendor/linux/include/net/tls_prot.h;vendor/linux/include/net/tls_prot.h:56;rewrite/configs/aarch64/frozen.config;header_closure=rewrite/metadata/header_closure.tsv;selected=PENDING_REVIEW	425f94c2954b1fe80ebdbf9b29854e89750355df	661834d402ec88b9dd3bda4628ddbbed72837e397a3a99f87d7ab3ab5ab15121	ab9e1b04b3e0a9e0474bf76f69d67488d423401629a8dd5c1872fc3893ae4502	0123af9e96b58af4e98b91a2de5608d36b63c67864b9041d3340587f3dbe40d2	cfa8dcf0d81c408de38d4202fe1ce9d9e5e301d1e67439c9530da94b1e64ee3f	7484d7b0dd80f45e18d726b04752827fe28555cc5c1af0e127948380e6688abf
semantic-proposal-v1	SC1-ac3dd6043307b39a356ee169fb3302921af67538c308c8594cee7cb48b6f4928	S015671	1	P01	SYMBOLS.tsv	332077	status	aarch64	include/net/tls_prot.h	enum_constant	TLS_ALERT_DESC_INTERNAL_ERROR	56	PENDING_REVIEW	COMPLETE	COMPLETE	vendor/linux/include/net/tls_prot.h;vendor/linux/include/net/tls_prot.h:56;rewrite/configs/aarch64/frozen.config;header_closure=rewrite/metadata/header_closure.tsv;selected=PENDING_REVIEW	425f94c2954b1fe80ebdbf9b29854e89750355df	661834d402ec88b9dd3bda4628ddbbed72837e397a3a99f87d7ab3ab5ab15121	ab9e1b04b3e0a9e0474bf76f69d67488d423401629a8dd5c1872fc3893ae4502	0123af9e96b58af4e98b91a2de5608d36b63c67864b9041d3340587f3dbe40d2	cfa8dcf0d81c408de38d4202fe1ce9d9e5e301d1e67439c9530da94b1e64ee3f	7484d7b0dd80f45e18d726b04752827fe28555cc5c1af0e127948380e6688abf
semantic-proposal-v1	SC1-4649e84f1ae992e1a54bd9537162fbd5a26ac4b77cc230422e6e900ded69baac	S015671	1	P01	SYMBOLS.tsv	332078	selection_expression	aarch64	include/net/tls_prot.h	enum_constant	TLS_ALERT_DESC_INAPPROPRIATE_FALLBACK	57	PENDING_REVIEW	SOURCE_REVIEWED_VALUE	COMPLETE	vendor/linux/include/net/tls_prot.h;vendor/linux/include/net/tls_prot.h:57;rewrite/configs/aarch64/frozen.config;header_closure=rewrite/metadata/header_closure.tsv;selected=PENDING_REVIEW	425f94c2954b1fe80ebdbf9b29854e89750355df	661834d402ec88b9dd3bda4628ddbbed72837e397a3a99f87d7ab3ab5ab15121	ab9e1b04b3e0a9e0474bf76f69d67488d423401629a8dd5c1872fc3893ae4502	0123af9e96b58af4e98b91a2de5608d36b63c67864b9041d3340587f3dbe40d2	cfa8dcf0d81c408de38d4202fe1ce9d9e5e301d1e67439c9530da94b1e64ee3f	7484d7b0dd80f45e18d726b04752827fe28555cc5c1af0e127948380e6688abf
semantic-proposal-v1	SC1-db89480183ab96ad2087cf2d127dd978d2dd711d51459116f7d18b6e0d407872	S015671	1	P01	SYMBOLS.tsv	332078	status	aarch64	include/net/tls_prot.h	enum_constant	TLS_ALERT_DESC_INAPPROPRIATE_FALLBACK	57	PENDING_REVIEW	COMPLETE	COMPLETE	vendor/linux/include/net/tls_prot.h;vendor/linux/include/net/tls_prot.h:57;rewrite/configs/aarch64/frozen.config;header_closure=rewrite/metadata/header_closure.tsv;selected=PENDING_REVIEW	425f94c2954b1fe80ebdbf9b29854e89750355df	661834d402ec88b9dd3bda4628ddbbed72837e397a3a99f87d7ab3ab5ab15121	ab9e1b04b3e0a9e0474bf76f69d67488d423401629a8dd5c1872fc3893ae4502	0123af9e96b58af4e98b91a2de5608d36b63c67864b9041d3340587f3dbe40d2	cfa8dcf0d81c408de38d4202fe1ce9d9e5e301d1e67439c9530da94b1e64ee3f	7484d7b0dd80f45e18d726b04752827fe28555cc5c1af0e127948380e6688abf
semantic-proposal-v1	SC1-b8676b1873f134039770a73e9bee9ef275c06a68857ca7232de692b4e4503db2	S015671	1	P01	SYMBOLS.tsv	332079	selection_expression	aarch64	include/net/tls_prot.h	enum_constant	TLS_ALERT_DESC_USER_CANCELED	58	PENDING_REVIEW	SOURCE_REVIEWED_VALUE	COMPLETE	vendor/linux/include/net/tls_prot.h;vendor/linux/include/net/tls_prot.h:58;rewrite/configs/aarch64/frozen.config;header_closure=rewrite/metadata/header_closure.tsv;selected=PENDING_REVIEW	425f94c2954b1fe80ebdbf9b29854e89750355df	661834d402ec88b9dd3bda4628ddbbed72837e397a3a99f87d7ab3ab5ab15121	ab9e1b04b3e0a9e0474bf76f69d67488d423401629a8dd5c1872fc3893ae4502	0123af9e96b58af4e98b91a2de5608d36b63c67864b9041d3340587f3dbe40d2	cfa8dcf0d81c408de38d4202fe1ce9d9e5e301d1e67439c9530da94b1e64ee3f	7484d7b0dd80f45e18d726b04752827fe28555cc5c1af0e127948380e6688abf
semantic-proposal-v1	SC1-8da0b60872bfdaeee74409c7b3d741cf8dcebbee3101ce12608c55050df18f0b	S015671	1	P01	SYMBOLS.tsv	332079	status	aarch64	include/net/tls_prot.h	enum_constant	TLS_ALERT_DESC_USER_CANCELED	58	PENDING_REVIEW	COMPLETE	COMPLETE	vendor/linux/include/net/tls_prot.h;vendor/linux/include/net/tls_prot.h:58;rewrite/configs/aarch64/frozen.config;header_closure=rewrite/metadata/header_closure.tsv;selected=PENDING_REVIEW	425f94c2954b1fe80ebdbf9b29854e89750355df	661834d402ec88b9dd3bda4628ddbbed72837e397a3a99f87d7ab3ab5ab15121	ab9e1b04b3e0a9e0474bf76f69d67488d423401629a8dd5c1872fc3893ae4502	0123af9e96b58af4e98b91a2de5608d36b63c67864b9041d3340587f3dbe40d2	cfa8dcf0d81c408de38d4202fe1ce9d9e5e301d1e67439c9530da94b1e64ee3f	7484d7b0dd80f45e18d726b04752827fe28555cc5c1af0e127948380e6688abf
semantic-proposal-v1	SC1-e9092c3dbe47f38462ad3ffe34d2b544850f470099abca43f540f7699c96d573	S015671	1	P01	SYMBOLS.tsv	332080	selection_expression	aarch64	include/net/tls_prot.h	enum_constant	TLS_ALERT_DESC_MISSING_EXTENSION	59	PENDING_REVIEW	SOURCE_REVIEWED_VALUE	COMPLETE	vendor/linux/include/net/tls_prot.h;vendor/linux/include/net/tls_prot.h:59;rewrite/configs/aarch64/frozen.config;header_closure=rewrite/metadata/header_closure.tsv;selected=PENDING_REVIEW	425f94c2954b1fe80ebdbf9b29854e89750355df	661834d402ec88b9dd3bda4628ddbbed72837e397a3a99f87d7ab3ab5ab15121	ab9e1b04b3e0a9e0474bf76f69d67488d423401629a8dd5c1872fc3893ae4502	0123af9e96b58af4e98b91a2de5608d36b63c67864b9041d3340587f3dbe40d2	cfa8dcf0d81c408de38d4202fe1ce9d9e5e301d1e67439c9530da94b1e64ee3f	7484d7b0dd80f45e18d726b04752827fe28555cc5c1af0e127948380e6688abf
semantic-proposal-v1	SC1-60a01f3151b1219baf626f43bbdb726b18161415152909b118a962fc89765839	S015671	1	P01	SYMBOLS.tsv	332080	status	aarch64	include/net/tls_prot.h	enum_constant	TLS_ALERT_DESC_MISSING_EXTENSION	59	PENDING_REVIEW	COMPLETE	COMPLETE	vendor/linux/include/net/tls_prot.h;vendor/linux/include/net/tls_prot.h:59;rewrite/configs/aarch64/frozen.config;header_closure=rewrite/metadata/header_closure.tsv;selected=PENDING_REVIEW	425f94c2954b1fe80ebdbf9b29854e89750355df	661834d402ec88b9dd3bda4628ddbbed72837e397a3a99f87d7ab3ab5ab15121	ab9e1b04b3e0a9e0474bf76f69d67488d423401629a8dd5c1872fc3893ae4502	0123af9e96b58af4e98b91a2de5608d36b63c67864b9041d3340587f3dbe40d2	cfa8dcf0d81c408de38d4202fe1ce9d9e5e301d1e67439c9530da94b1e64ee3f	7484d7b0dd80f45e18d726b04752827fe28555cc5c1af0e127948380e6688abf
semantic-proposal-v1	SC1-70c42ab466a4e91d57101cc2596f06efdff4cc03da86063973676980ed86d7aa	S015671	1	P01	SYMBOLS.tsv	332081	selection_expression	aarch64	include/net/tls_prot.h	enum_constant	TLS_ALERT_DESC_UNSUPPORTED_EXTENSION	60	PENDING_REVIEW	SOURCE_REVIEWED_VALUE	COMPLETE	vendor/linux/include/net/tls_prot.h;vendor/linux/include/net/tls_prot.h:60;rewrite/configs/aarch64/frozen.config;header_closure=rewrite/metadata/header_closure.tsv;selected=PENDING_REVIEW	425f94c2954b1fe80ebdbf9b29854e89750355df	661834d402ec88b9dd3bda4628ddbbed72837e397a3a99f87d7ab3ab5ab15121	ab9e1b04b3e0a9e0474bf76f69d67488d423401629a8dd5c1872fc3893ae4502	0123af9e96b58af4e98b91a2de5608d36b63c67864b9041d3340587f3dbe40d2	cfa8dcf0d81c408de38d4202fe1ce9d9e5e301d1e67439c9530da94b1e64ee3f	7484d7b0dd80f45e18d726b04752827fe28555cc5c1af0e127948380e6688abf
semantic-proposal-v1	SC1-8eccf9cb40feab42d61833b47c9e0d9fdbb348370dec79eacc7f1e82579fba54	S015671	1	P01	SYMBOLS.tsv	332081	status	aarch64	include/net/tls_prot.h	enum_constant	TLS_ALERT_DESC_UNSUPPORTED_EXTENSION	60	PENDING_REVIEW	COMPLETE	COMPLETE	vendor/linux/include/net/tls_prot.h;vendor/linux/include/net/tls_prot.h:60;rewrite/configs/aarch64/frozen.config;header_closure=rewrite/metadata/header_closure.tsv;selected=PENDING_REVIEW	425f94c2954b1fe80ebdbf9b29854e89750355df	661834d402ec88b9dd3bda4628ddbbed72837e397a3a99f87d7ab3ab5ab15121	ab9e1b04b3e0a9e0474bf76f69d67488d423401629a8dd5c1872fc3893ae4502	0123af9e96b58af4e98b91a2de5608d36b63c67864b9041d3340587f3dbe40d2	cfa8dcf0d81c408de38d4202fe1ce9d9e5e301d1e67439c9530da94b1e64ee3f	7484d7b0dd80f45e18d726b04752827fe28555cc5c1af0e127948380e6688abf
semantic-proposal-v1	SC1-322f90f34ea0116e0ee36a3e703310b4e7b7eec3a91f8f09d8cf03db8804fa91	S015671	1	P01	SYMBOLS.tsv	332082	selection_expression	aarch64	include/net/tls_prot.h	enum_constant	TLS_ALERT_DESC_UNRECOGNIZED_NAME	61	PENDING_REVIEW	SOURCE_REVIEWED_VALUE	COMPLETE	vendor/linux/include/net/tls_prot.h;vendor/linux/include/net/tls_prot.h:61;rewrite/configs/aarch64/frozen.config;header_closure=rewrite/metadata/header_closure.tsv;selected=PENDING_REVIEW	425f94c2954b1fe80ebdbf9b29854e89750355df	661834d402ec88b9dd3bda4628ddbbed72837e397a3a99f87d7ab3ab5ab15121	ab9e1b04b3e0a9e0474bf76f69d67488d423401629a8dd5c1872fc3893ae4502	0123af9e96b58af4e98b91a2de5608d36b63c67864b9041d3340587f3dbe40d2	cfa8dcf0d81c408de38d4202fe1ce9d9e5e301d1e67439c9530da94b1e64ee3f	7484d7b0dd80f45e18d726b04752827fe28555cc5c1af0e127948380e6688abf
semantic-proposal-v1	SC1-4406a0a87c0c11e99648c58ed1492b179d466e6af96f342f8f80cea3f6b122e4	S015671	1	P01	SYMBOLS.tsv	332082	status	aarch64	include/net/tls_prot.h	enum_constant	TLS_ALERT_DESC_UNRECOGNIZED_NAME	61	PENDING_REVIEW	COMPLETE	COMPLETE	vendor/linux/include/net/tls_prot.h;vendor/linux/include/net/tls_prot.h:61;rewrite/configs/aarch64/frozen.config;header_closure=rewrite/metadata/header_closure.tsv;selected=PENDING_REVIEW	425f94c2954b1fe80ebdbf9b29854e89750355df	661834d402ec88b9dd3bda4628ddbbed72837e397a3a99f87d7ab3ab5ab15121	ab9e1b04b3e0a9e0474bf76f69d67488d423401629a8dd5c1872fc3893ae4502	0123af9e96b58af4e98b91a2de5608d36b63c67864b9041d3340587f3dbe40d2	cfa8dcf0d81c408de38d4202fe1ce9d9e5e301d1e67439c9530da94b1e64ee3f	7484d7b0dd80f45e18d726b04752827fe28555cc5c1af0e127948380e6688abf
semantic-proposal-v1	SC1-4eb2dcff8e348d03e912cedde30001293175a668551a02493f374b96e7acd78d	S015671	1	P01	SYMBOLS.tsv	332083	selection_expression	aarch64	include/net/tls_prot.h	enum_constant	TLS_ALERT_DESC_BAD_CERTIFICATE_STATUS_RESPONSE	62	PENDING_REVIEW	SOURCE_REVIEWED_VALUE	COMPLETE	vendor/linux/include/net/tls_prot.h;vendor/linux/include/net/tls_prot.h:62;rewrite/configs/aarch64/frozen.config;header_closure=rewrite/metadata/header_closure.tsv;selected=PENDING_REVIEW	425f94c2954b1fe80ebdbf9b29854e89750355df	661834d402ec88b9dd3bda4628ddbbed72837e397a3a99f87d7ab3ab5ab15121	ab9e1b04b3e0a9e0474bf76f69d67488d423401629a8dd5c1872fc3893ae4502	0123af9e96b58af4e98b91a2de5608d36b63c67864b9041d3340587f3dbe40d2	cfa8dcf0d81c408de38d4202fe1ce9d9e5e301d1e67439c9530da94b1e64ee3f	7484d7b0dd80f45e18d726b04752827fe28555cc5c1af0e127948380e6688abf
semantic-proposal-v1	SC1-abbaaa300f03fdc489677706dae81c5d1a63a5c43b64ab40331c94e03a21ad31	S015671	1	P01	SYMBOLS.tsv	332083	status	aarch64	include/net/tls_prot.h	enum_constant	TLS_ALERT_DESC_BAD_CERTIFICATE_STATUS_RESPONSE	62	PENDING_REVIEW	COMPLETE	COMPLETE	vendor/linux/include/net/tls_prot.h;vendor/linux/include/net/tls_prot.h:62;rewrite/configs/aarch64/frozen.config;header_closure=rewrite/metadata/header_closure.tsv;selected=PENDING_REVIEW	425f94c2954b1fe80ebdbf9b29854e89750355df	661834d402ec88b9dd3bda4628ddbbed72837e397a3a99f87d7ab3ab5ab15121	ab9e1b04b3e0a9e0474bf76f69d67488d423401629a8dd5c1872fc3893ae4502	0123af9e96b58af4e98b91a2de5608d36b63c67864b9041d3340587f3dbe40d2	cfa8dcf0d81c408de38d4202fe1ce9d9e5e301d1e67439c9530da94b1e64ee3f	7484d7b0dd80f45e18d726b04752827fe28555cc5c1af0e127948380e6688abf
semantic-proposal-v1	SC1-400744980045cbb21de279606f1e9cbad723585c0ee8f30a904295ca752ff96f	S015671	1	P01	SYMBOLS.tsv	332084	selection_expression	aarch64	include/net/tls_prot.h	enum_constant	TLS_ALERT_DESC_UNKNOWN_PSK_IDENTITY	63	PENDING_REVIEW	SOURCE_REVIEWED_VALUE	COMPLETE	vendor/linux/include/net/tls_prot.h;vendor/linux/include/net/tls_prot.h:63;rewrite/configs/aarch64/frozen.config;header_closure=rewrite/metadata/header_closure.tsv;selected=PENDING_REVIEW	425f94c2954b1fe80ebdbf9b29854e89750355df	661834d402ec88b9dd3bda4628ddbbed72837e397a3a99f87d7ab3ab5ab15121	ab9e1b04b3e0a9e0474bf76f69d67488d423401629a8dd5c1872fc3893ae4502	0123af9e96b58af4e98b91a2de5608d36b63c67864b9041d3340587f3dbe40d2	cfa8dcf0d81c408de38d4202fe1ce9d9e5e301d1e67439c9530da94b1e64ee3f	7484d7b0dd80f45e18d726b04752827fe28555cc5c1af0e127948380e6688abf
semantic-proposal-v1	SC1-de225a46bcdc3868fe2b052a96698082289a3f72cc870d381c8b5667c5c585d2	S015671	1	P01	SYMBOLS.tsv	332084	status	aarch64	include/net/tls_prot.h	enum_constant	TLS_ALERT_DESC_UNKNOWN_PSK_IDENTITY	63	PENDING_REVIEW	COMPLETE	COMPLETE	vendor/linux/include/net/tls_prot.h;vendor/linux/include/net/tls_prot.h:63;rewrite/configs/aarch64/frozen.config;header_closure=rewrite/metadata/header_closure.tsv;selected=PENDING_REVIEW	425f94c2954b1fe80ebdbf9b29854e89750355df	661834d402ec88b9dd3bda4628ddbbed72837e397a3a99f87d7ab3ab5ab15121	ab9e1b04b3e0a9e0474bf76f69d67488d423401629a8dd5c1872fc3893ae4502	0123af9e96b58af4e98b91a2de5608d36b63c67864b9041d3340587f3dbe40d2	cfa8dcf0d81c408de38d4202fe1ce9d9e5e301d1e67439c9530da94b1e64ee3f	7484d7b0dd80f45e18d726b04752827fe28555cc5c1af0e127948380e6688abf
semantic-proposal-v1	SC1-b9db1e437f806ee0effe23a3e6c97bb87fcd187d560a83db14f7497958bc370f	S015671	1	P01	SYMBOLS.tsv	332085	selection_expression	aarch64	include/net/tls_prot.h	enum_constant	TLS_ALERT_DESC_CERTIFICATE_REQUIRED	64	PENDING_REVIEW	SOURCE_REVIEWED_VALUE	COMPLETE	vendor/linux/include/net/tls_prot.h;vendor/linux/include/net/tls_prot.h:64;rewrite/configs/aarch64/frozen.config;header_closure=rewrite/metadata/header_closure.tsv;selected=PENDING_REVIEW	425f94c2954b1fe80ebdbf9b29854e89750355df	661834d402ec88b9dd3bda4628ddbbed72837e397a3a99f87d7ab3ab5ab15121	ab9e1b04b3e0a9e0474bf76f69d67488d423401629a8dd5c1872fc3893ae4502	0123af9e96b58af4e98b91a2de5608d36b63c67864b9041d3340587f3dbe40d2	cfa8dcf0d81c408de38d4202fe1ce9d9e5e301d1e67439c9530da94b1e64ee3f	7484d7b0dd80f45e18d726b04752827fe28555cc5c1af0e127948380e6688abf
semantic-proposal-v1	SC1-d96e4367e403e82135a3c968ddd1f56ee4d78ba0fe3e52c8b090c31b71d45ae2	S015671	1	P01	SYMBOLS.tsv	332085	status	aarch64	include/net/tls_prot.h	enum_constant	TLS_ALERT_DESC_CERTIFICATE_REQUIRED	64	PENDING_REVIEW	COMPLETE	COMPLETE	vendor/linux/include/net/tls_prot.h;vendor/linux/include/net/tls_prot.h:64;rewrite/configs/aarch64/frozen.config;header_closure=rewrite/metadata/header_closure.tsv;selected=PENDING_REVIEW	425f94c2954b1fe80ebdbf9b29854e89750355df	661834d402ec88b9dd3bda4628ddbbed72837e397a3a99f87d7ab3ab5ab15121	ab9e1b04b3e0a9e0474bf76f69d67488d423401629a8dd5c1872fc3893ae4502	0123af9e96b58af4e98b91a2de5608d36b63c67864b9041d3340587f3dbe40d2	cfa8dcf0d81c408de38d4202fe1ce9d9e5e301d1e67439c9530da94b1e64ee3f	7484d7b0dd80f45e18d726b04752827fe28555cc5c1af0e127948380e6688abf
semantic-proposal-v1	SC1-699d7e1d6d1d390d969d1ee0c1170dfd8b35fcafff880a16c6165056e6b70126	S015671	1	P01	SYMBOLS.tsv	332086	selection_expression	aarch64	include/net/tls_prot.h	enum_constant	TLS_ALERT_DESC_NO_APPLICATION_PROTOCOL	65	PENDING_REVIEW	SOURCE_REVIEWED_VALUE	COMPLETE	vendor/linux/include/net/tls_prot.h;vendor/linux/include/net/tls_prot.h:65;rewrite/configs/aarch64/frozen.config;header_closure=rewrite/metadata/header_closure.tsv;selected=PENDING_REVIEW	425f94c2954b1fe80ebdbf9b29854e89750355df	661834d402ec88b9dd3bda4628ddbbed72837e397a3a99f87d7ab3ab5ab15121	ab9e1b04b3e0a9e0474bf76f69d67488d423401629a8dd5c1872fc3893ae4502	0123af9e96b58af4e98b91a2de5608d36b63c67864b9041d3340587f3dbe40d2	cfa8dcf0d81c408de38d4202fe1ce9d9e5e301d1e67439c9530da94b1e64ee3f	7484d7b0dd80f45e18d726b04752827fe28555cc5c1af0e127948380e6688abf
semantic-proposal-v1	SC1-99c08362d0655de4da0d9e59d8fd43d7613b9c4de7fa642f24979d4e0ded60d3	S015671	1	P01	SYMBOLS.tsv	332086	status	aarch64	include/net/tls_prot.h	enum_constant	TLS_ALERT_DESC_NO_APPLICATION_PROTOCOL	65	PENDING_REVIEW	COMPLETE	COMPLETE	vendor/linux/include/net/tls_prot.h;vendor/linux/include/net/tls_prot.h:65;rewrite/configs/aarch64/frozen.config;header_closure=rewrite/metadata/header_closure.tsv;selected=PENDING_REVIEW	425f94c2954b1fe80ebdbf9b29854e89750355df	661834d402ec88b9dd3bda4628ddbbed72837e397a3a99f87d7ab3ab5ab15121	ab9e1b04b3e0a9e0474bf76f69d67488d423401629a8dd5c1872fc3893ae4502	0123af9e96b58af4e98b91a2de5608d36b63c67864b9041d3340587f3dbe40d2	cfa8dcf0d81c408de38d4202fe1ce9d9e5e301d1e67439c9530da94b1e64ee3f	7484d7b0dd80f45e18d726b04752827fe28555cc5c1af0e127948380e6688abf
semantic-proposal-v1	SC1-d6d14ee6e226d75b95791ea6c79725a5fc1a3a8f3d1cfa0cd984ddc5c83ba461	S015671	1	P01	SYMBOLS.tsv	332087	status	x86_64	include/net/tls_prot.h	conditional	ifndef@10	10	PENDING_REVIEW	COMPLETE	COMPLETE	vendor/linux/include/net/tls_prot.h;vendor/linux/include/net/tls_prot.h:10;rewrite/configs/x86_64/frozen.config;header_closure=rewrite/metadata/header_closure.tsv;selected=PENDING_REVIEW	425f94c2954b1fe80ebdbf9b29854e89750355df	661834d402ec88b9dd3bda4628ddbbed72837e397a3a99f87d7ab3ab5ab15121	ab9e1b04b3e0a9e0474bf76f69d67488d423401629a8dd5c1872fc3893ae4502	0123af9e96b58af4e98b91a2de5608d36b63c67864b9041d3340587f3dbe40d2	cfa8dcf0d81c408de38d4202fe1ce9d9e5e301d1e67439c9530da94b1e64ee3f	7484d7b0dd80f45e18d726b04752827fe28555cc5c1af0e127948380e6688abf
semantic-proposal-v1	SC1-564bc50e128f95ed274f2198ac4a4dcfbab900c3cd94ac8bd4648eec7c5ca09a	S015671	1	P01	SYMBOLS.tsv	332088	status	x86_64	include/net/tls_prot.h	conditional	endif@68	68	PENDING_REVIEW	COMPLETE	COMPLETE	vendor/linux/include/net/tls_prot.h;vendor/linux/include/net/tls_prot.h:68;rewrite/configs/x86_64/frozen.config;header_closure=rewrite/metadata/header_closure.tsv;selected=PENDING_REVIEW	425f94c2954b1fe80ebdbf9b29854e89750355df	661834d402ec88b9dd3bda4628ddbbed72837e397a3a99f87d7ab3ab5ab15121	ab9e1b04b3e0a9e0474bf76f69d67488d423401629a8dd5c1872fc3893ae4502	0123af9e96b58af4e98b91a2de5608d36b63c67864b9041d3340587f3dbe40d2	cfa8dcf0d81c408de38d4202fe1ce9d9e5e301d1e67439c9530da94b1e64ee3f	7484d7b0dd80f45e18d726b04752827fe28555cc5c1af0e127948380e6688abf
semantic-proposal-v1	SC1-2ed1b7f8259fdbf5755eadfd8ab80b27d3a7011d423d17c0c988ee9a704981d8	S015671	1	P01	SYMBOLS.tsv	332089	selection_expression	x86_64	include/net/tls_prot.h	operative_macro	_TLS_PROT_H	11	PENDING_REVIEW	SOURCE_REVIEWED_VALUE	COMPLETE	vendor/linux/include/net/tls_prot.h;vendor/linux/include/net/tls_prot.h:11;rewrite/configs/x86_64/frozen.config;header_closure=rewrite/metadata/header_closure.tsv;selected=PENDING_REVIEW	425f94c2954b1fe80ebdbf9b29854e89750355df	661834d402ec88b9dd3bda4628ddbbed72837e397a3a99f87d7ab3ab5ab15121	ab9e1b04b3e0a9e0474bf76f69d67488d423401629a8dd5c1872fc3893ae4502	0123af9e96b58af4e98b91a2de5608d36b63c67864b9041d3340587f3dbe40d2	cfa8dcf0d81c408de38d4202fe1ce9d9e5e301d1e67439c9530da94b1e64ee3f	7484d7b0dd80f45e18d726b04752827fe28555cc5c1af0e127948380e6688abf
semantic-proposal-v1	SC1-b13b5352bb5d4db34ecbc192fa87ba69de7e74c67902e1085c522865d606f52d	S015671	1	P01	SYMBOLS.tsv	332089	status	x86_64	include/net/tls_prot.h	operative_macro	_TLS_PROT_H	11	PENDING_REVIEW	COMPLETE	COMPLETE	vendor/linux/include/net/tls_prot.h;vendor/linux/include/net/tls_prot.h:11;rewrite/configs/x86_64/frozen.config;header_closure=rewrite/metadata/header_closure.tsv;selected=PENDING_REVIEW	425f94c2954b1fe80ebdbf9b29854e89750355df	661834d402ec88b9dd3bda4628ddbbed72837e397a3a99f87d7ab3ab5ab15121	ab9e1b04b3e0a9e0474bf76f69d67488d423401629a8dd5c1872fc3893ae4502	0123af9e96b58af4e98b91a2de5608d36b63c67864b9041d3340587f3dbe40d2	cfa8dcf0d81c408de38d4202fe1ce9d9e5e301d1e67439c9530da94b1e64ee3f	7484d7b0dd80f45e18d726b04752827fe28555cc5c1af0e127948380e6688abf
semantic-proposal-v1	SC1-7a4e40f61d806be40645ac401214b13422ed42c6b417c9af7bbf276af965d5d8	S015671	1	P01	SYMBOLS.tsv	332090	selection_expression	x86_64	include/net/tls_prot.h	type	anonymous_enum@16	16	PENDING_REVIEW	SOURCE_REVIEWED_VALUE	COMPLETE	vendor/linux/include/net/tls_prot.h;vendor/linux/include/net/tls_prot.h:16;rewrite/configs/x86_64/frozen.config;header_closure=rewrite/metadata/header_closure.tsv;selected=PENDING_REVIEW	425f94c2954b1fe80ebdbf9b29854e89750355df	661834d402ec88b9dd3bda4628ddbbed72837e397a3a99f87d7ab3ab5ab15121	ab9e1b04b3e0a9e0474bf76f69d67488d423401629a8dd5c1872fc3893ae4502	0123af9e96b58af4e98b91a2de5608d36b63c67864b9041d3340587f3dbe40d2	cfa8dcf0d81c408de38d4202fe1ce9d9e5e301d1e67439c9530da94b1e64ee3f	7484d7b0dd80f45e18d726b04752827fe28555cc5c1af0e127948380e6688abf
semantic-proposal-v1	SC1-183d11926713b7efc9bf9fbda8a533d345b6386f2d37e96eb87e9b234c434732	S015671	1	P01	SYMBOLS.tsv	332090	status	x86_64	include/net/tls_prot.h	type	anonymous_enum@16	16	PENDING_REVIEW	COMPLETE	COMPLETE	vendor/linux/include/net/tls_prot.h;vendor/linux/include/net/tls_prot.h:16;rewrite/configs/x86_64/frozen.config;header_closure=rewrite/metadata/header_closure.tsv;selected=PENDING_REVIEW	425f94c2954b1fe80ebdbf9b29854e89750355df	661834d402ec88b9dd3bda4628ddbbed72837e397a3a99f87d7ab3ab5ab15121	ab9e1b04b3e0a9e0474bf76f69d67488d423401629a8dd5c1872fc3893ae4502	0123af9e96b58af4e98b91a2de5608d36b63c67864b9041d3340587f3dbe40d2	cfa8dcf0d81c408de38d4202fe1ce9d9e5e301d1e67439c9530da94b1e64ee3f	7484d7b0dd80f45e18d726b04752827fe28555cc5c1af0e127948380e6688abf
semantic-proposal-v1	SC1-a372135b9d6b0152980fa0242c7eb20a6e039caaccb9d5b775d1ca6af2b6d1c6	S015671	1	P01	SYMBOLS.tsv	332091	selection_expression	x86_64	include/net/tls_prot.h	enum_constant	TLS_RECORD_TYPE_CHANGE_CIPHER_SPEC	17	PENDING_REVIEW	SOURCE_REVIEWED_VALUE	COMPLETE	vendor/linux/include/net/tls_prot.h;vendor/linux/include/net/tls_prot.h:17;rewrite/configs/x86_64/frozen.config;header_closure=rewrite/metadata/header_closure.tsv;selected=PENDING_REVIEW	425f94c2954b1fe80ebdbf9b29854e89750355df	661834d402ec88b9dd3bda4628ddbbed72837e397a3a99f87d7ab3ab5ab15121	ab9e1b04b3e0a9e0474bf76f69d67488d423401629a8dd5c1872fc3893ae4502	0123af9e96b58af4e98b91a2de5608d36b63c67864b9041d3340587f3dbe40d2	cfa8dcf0d81c408de38d4202fe1ce9d9e5e301d1e67439c9530da94b1e64ee3f	7484d7b0dd80f45e18d726b04752827fe28555cc5c1af0e127948380e6688abf
semantic-proposal-v1	SC1-e99c3932bd609408281f753d2fdae764da0e3ca5b42f79bb8d592dc6f681b6b9	S015671	1	P01	SYMBOLS.tsv	332091	status	x86_64	include/net/tls_prot.h	enum_constant	TLS_RECORD_TYPE_CHANGE_CIPHER_SPEC	17	PENDING_REVIEW	COMPLETE	COMPLETE	vendor/linux/include/net/tls_prot.h;vendor/linux/include/net/tls_prot.h:17;rewrite/configs/x86_64/frozen.config;header_closure=rewrite/metadata/header_closure.tsv;selected=PENDING_REVIEW	425f94c2954b1fe80ebdbf9b29854e89750355df	661834d402ec88b9dd3bda4628ddbbed72837e397a3a99f87d7ab3ab5ab15121	ab9e1b04b3e0a9e0474bf76f69d67488d423401629a8dd5c1872fc3893ae4502	0123af9e96b58af4e98b91a2de5608d36b63c67864b9041d3340587f3dbe40d2	cfa8dcf0d81c408de38d4202fe1ce9d9e5e301d1e67439c9530da94b1e64ee3f	7484d7b0dd80f45e18d726b04752827fe28555cc5c1af0e127948380e6688abf
semantic-proposal-v1	SC1-3dd6c89a110839d4c50eb48de31c50fae8ef2ae57305bad730a5606a70131464	S015671	1	P01	SYMBOLS.tsv	332092	selection_expression	x86_64	include/net/tls_prot.h	enum_constant	TLS_RECORD_TYPE_ALERT	18	PENDING_REVIEW	SOURCE_REVIEWED_VALUE	COMPLETE	vendor/linux/include/net/tls_prot.h;vendor/linux/include/net/tls_prot.h:18;rewrite/configs/x86_64/frozen.config;header_closure=rewrite/metadata/header_closure.tsv;selected=PENDING_REVIEW	425f94c2954b1fe80ebdbf9b29854e89750355df	661834d402ec88b9dd3bda4628ddbbed72837e397a3a99f87d7ab3ab5ab15121	ab9e1b04b3e0a9e0474bf76f69d67488d423401629a8dd5c1872fc3893ae4502	0123af9e96b58af4e98b91a2de5608d36b63c67864b9041d3340587f3dbe40d2	cfa8dcf0d81c408de38d4202fe1ce9d9e5e301d1e67439c9530da94b1e64ee3f	7484d7b0dd80f45e18d726b04752827fe28555cc5c1af0e127948380e6688abf
semantic-proposal-v1	SC1-4ea693652a85f85879b5a7fd831c0aa225806ab4c16a9f5b3ac1f9d6df2a2759	S015671	1	P01	SYMBOLS.tsv	332092	status	x86_64	include/net/tls_prot.h	enum_constant	TLS_RECORD_TYPE_ALERT	18	PENDING_REVIEW	COMPLETE	COMPLETE	vendor/linux/include/net/tls_prot.h;vendor/linux/include/net/tls_prot.h:18;rewrite/configs/x86_64/frozen.config;header_closure=rewrite/metadata/header_closure.tsv;selected=PENDING_REVIEW	425f94c2954b1fe80ebdbf9b29854e89750355df	661834d402ec88b9dd3bda4628ddbbed72837e397a3a99f87d7ab3ab5ab15121	ab9e1b04b3e0a9e0474bf76f69d67488d423401629a8dd5c1872fc3893ae4502	0123af9e96b58af4e98b91a2de5608d36b63c67864b9041d3340587f3dbe40d2	cfa8dcf0d81c408de38d4202fe1ce9d9e5e301d1e67439c9530da94b1e64ee3f	7484d7b0dd80f45e18d726b04752827fe28555cc5c1af0e127948380e6688abf
semantic-proposal-v1	SC1-0a6ee38860a2a475f720a99d1c989333987ba30cfa0f4fdc0db3aab2307bca25	S015671	1	P01	SYMBOLS.tsv	332093	selection_expression	x86_64	include/net/tls_prot.h	enum_constant	TLS_RECORD_TYPE_HANDSHAKE	19	PENDING_REVIEW	SOURCE_REVIEWED_VALUE	COMPLETE	vendor/linux/include/net/tls_prot.h;vendor/linux/include/net/tls_prot.h:19;rewrite/configs/x86_64/frozen.config;header_closure=rewrite/metadata/header_closure.tsv;selected=PENDING_REVIEW	425f94c2954b1fe80ebdbf9b29854e89750355df	661834d402ec88b9dd3bda4628ddbbed72837e397a3a99f87d7ab3ab5ab15121	ab9e1b04b3e0a9e0474bf76f69d67488d423401629a8dd5c1872fc3893ae4502	0123af9e96b58af4e98b91a2de5608d36b63c67864b9041d3340587f3dbe40d2	cfa8dcf0d81c408de38d4202fe1ce9d9e5e301d1e67439c9530da94b1e64ee3f	7484d7b0dd80f45e18d726b04752827fe28555cc5c1af0e127948380e6688abf
semantic-proposal-v1	SC1-fa511450c1a72fa5d32b85146f4ad5f0e4c79e30e331c1fc278e59b5c1be9b75	S015671	1	P01	SYMBOLS.tsv	332093	status	x86_64	include/net/tls_prot.h	enum_constant	TLS_RECORD_TYPE_HANDSHAKE	19	PENDING_REVIEW	COMPLETE	COMPLETE	vendor/linux/include/net/tls_prot.h;vendor/linux/include/net/tls_prot.h:19;rewrite/configs/x86_64/frozen.config;header_closure=rewrite/metadata/header_closure.tsv;selected=PENDING_REVIEW	425f94c2954b1fe80ebdbf9b29854e89750355df	661834d402ec88b9dd3bda4628ddbbed72837e397a3a99f87d7ab3ab5ab15121	ab9e1b04b3e0a9e0474bf76f69d67488d423401629a8dd5c1872fc3893ae4502	0123af9e96b58af4e98b91a2de5608d36b63c67864b9041d3340587f3dbe40d2	cfa8dcf0d81c408de38d4202fe1ce9d9e5e301d1e67439c9530da94b1e64ee3f	7484d7b0dd80f45e18d726b04752827fe28555cc5c1af0e127948380e6688abf
semantic-proposal-v1	SC1-2e88472a640871cc72517d0fccaf81b921ab7a42927b155a754e1cf5c08853a7	S015671	1	P01	SYMBOLS.tsv	332094	selection_expression	x86_64	include/net/tls_prot.h	enum_constant	TLS_RECORD_TYPE_DATA	20	PENDING_REVIEW	SOURCE_REVIEWED_VALUE	COMPLETE	vendor/linux/include/net/tls_prot.h;vendor/linux/include/net/tls_prot.h:20;rewrite/configs/x86_64/frozen.config;header_closure=rewrite/metadata/header_closure.tsv;selected=PENDING_REVIEW	425f94c2954b1fe80ebdbf9b29854e89750355df	661834d402ec88b9dd3bda4628ddbbed72837e397a3a99f87d7ab3ab5ab15121	ab9e1b04b3e0a9e0474bf76f69d67488d423401629a8dd5c1872fc3893ae4502	0123af9e96b58af4e98b91a2de5608d36b63c67864b9041d3340587f3dbe40d2	cfa8dcf0d81c408de38d4202fe1ce9d9e5e301d1e67439c9530da94b1e64ee3f	7484d7b0dd80f45e18d726b04752827fe28555cc5c1af0e127948380e6688abf
semantic-proposal-v1	SC1-e0a929b11128284eb63822826f9dcf9ea45f860b37f18826f03e30f1f6f384e8	S015671	1	P01	SYMBOLS.tsv	332094	status	x86_64	include/net/tls_prot.h	enum_constant	TLS_RECORD_TYPE_DATA	20	PENDING_REVIEW	COMPLETE	COMPLETE	vendor/linux/include/net/tls_prot.h;vendor/linux/include/net/tls_prot.h:20;rewrite/configs/x86_64/frozen.config;header_closure=rewrite/metadata/header_closure.tsv;selected=PENDING_REVIEW	425f94c2954b1fe80ebdbf9b29854e89750355df	661834d402ec88b9dd3bda4628ddbbed72837e397a3a99f87d7ab3ab5ab15121	ab9e1b04b3e0a9e0474bf76f69d67488d423401629a8dd5c1872fc3893ae4502	0123af9e96b58af4e98b91a2de5608d36b63c67864b9041d3340587f3dbe40d2	cfa8dcf0d81c408de38d4202fe1ce9d9e5e301d1e67439c9530da94b1e64ee3f	7484d7b0dd80f45e18d726b04752827fe28555cc5c1af0e127948380e6688abf
semantic-proposal-v1	SC1-6db87cfc8acc43a0347b5670928aee47353d00c4f302d6a3c9aeaa9bff89a2b6	S015671	1	P01	SYMBOLS.tsv	332095	selection_expression	x86_64	include/net/tls_prot.h	enum_constant	TLS_RECORD_TYPE_HEARTBEAT	21	PENDING_REVIEW	SOURCE_REVIEWED_VALUE	COMPLETE	vendor/linux/include/net/tls_prot.h;vendor/linux/include/net/tls_prot.h:21;rewrite/configs/x86_64/frozen.config;header_closure=rewrite/metadata/header_closure.tsv;selected=PENDING_REVIEW	425f94c2954b1fe80ebdbf9b29854e89750355df	661834d402ec88b9dd3bda4628ddbbed72837e397a3a99f87d7ab3ab5ab15121	ab9e1b04b3e0a9e0474bf76f69d67488d423401629a8dd5c1872fc3893ae4502	0123af9e96b58af4e98b91a2de5608d36b63c67864b9041d3340587f3dbe40d2	cfa8dcf0d81c408de38d4202fe1ce9d9e5e301d1e67439c9530da94b1e64ee3f	7484d7b0dd80f45e18d726b04752827fe28555cc5c1af0e127948380e6688abf
semantic-proposal-v1	SC1-dab461f2635eedb3de0553510a8c46aa535cd1df75207b8606412dc12f81b5bf	S015671	1	P01	SYMBOLS.tsv	332095	status	x86_64	include/net/tls_prot.h	enum_constant	TLS_RECORD_TYPE_HEARTBEAT	21	PENDING_REVIEW	COMPLETE	COMPLETE	vendor/linux/include/net/tls_prot.h;vendor/linux/include/net/tls_prot.h:21;rewrite/configs/x86_64/frozen.config;header_closure=rewrite/metadata/header_closure.tsv;selected=PENDING_REVIEW	425f94c2954b1fe80ebdbf9b29854e89750355df	661834d402ec88b9dd3bda4628ddbbed72837e397a3a99f87d7ab3ab5ab15121	ab9e1b04b3e0a9e0474bf76f69d67488d423401629a8dd5c1872fc3893ae4502	0123af9e96b58af4e98b91a2de5608d36b63c67864b9041d3340587f3dbe40d2	cfa8dcf0d81c408de38d4202fe1ce9d9e5e301d1e67439c9530da94b1e64ee3f	7484d7b0dd80f45e18d726b04752827fe28555cc5c1af0e127948380e6688abf
semantic-proposal-v1	SC1-9a68acb4aabf77c942146594f112f11b3e0b4ce593d3fa6b03a20eb8677f4cc5	S015671	1	P01	SYMBOLS.tsv	332096	selection_expression	x86_64	include/net/tls_prot.h	enum_constant	TLS_RECORD_TYPE_TLS12_CID	22	PENDING_REVIEW	SOURCE_REVIEWED_VALUE	COMPLETE	vendor/linux/include/net/tls_prot.h;vendor/linux/include/net/tls_prot.h:22;rewrite/configs/x86_64/frozen.config;header_closure=rewrite/metadata/header_closure.tsv;selected=PENDING_REVIEW	425f94c2954b1fe80ebdbf9b29854e89750355df	661834d402ec88b9dd3bda4628ddbbed72837e397a3a99f87d7ab3ab5ab15121	ab9e1b04b3e0a9e0474bf76f69d67488d423401629a8dd5c1872fc3893ae4502	0123af9e96b58af4e98b91a2de5608d36b63c67864b9041d3340587f3dbe40d2	cfa8dcf0d81c408de38d4202fe1ce9d9e5e301d1e67439c9530da94b1e64ee3f	7484d7b0dd80f45e18d726b04752827fe28555cc5c1af0e127948380e6688abf
semantic-proposal-v1	SC1-7fc155ec2d3454c664304587db447c27afb442ace876eab443ebf13da53e1154	S015671	1	P01	SYMBOLS.tsv	332096	status	x86_64	include/net/tls_prot.h	enum_constant	TLS_RECORD_TYPE_TLS12_CID	22	PENDING_REVIEW	COMPLETE	COMPLETE	vendor/linux/include/net/tls_prot.h;vendor/linux/include/net/tls_prot.h:22;rewrite/configs/x86_64/frozen.config;header_closure=rewrite/metadata/header_closure.tsv;selected=PENDING_REVIEW	425f94c2954b1fe80ebdbf9b29854e89750355df	661834d402ec88b9dd3bda4628ddbbed72837e397a3a99f87d7ab3ab5ab15121	ab9e1b04b3e0a9e0474bf76f69d67488d423401629a8dd5c1872fc3893ae4502	0123af9e96b58af4e98b91a2de5608d36b63c67864b9041d3340587f3dbe40d2	cfa8dcf0d81c408de38d4202fe1ce9d9e5e301d1e67439c9530da94b1e64ee3f	7484d7b0dd80f45e18d726b04752827fe28555cc5c1af0e127948380e6688abf
semantic-proposal-v1	SC1-df27a916840a4047d13f819397b1ae6498b23dd01cffb6a47fbba66b78f2529d	S015671	1	P01	SYMBOLS.tsv	332097	selection_expression	x86_64	include/net/tls_prot.h	enum_constant	TLS_RECORD_TYPE_ACK	23	PENDING_REVIEW	SOURCE_REVIEWED_VALUE	COMPLETE	vendor/linux/include/net/tls_prot.h;vendor/linux/include/net/tls_prot.h:23;rewrite/configs/x86_64/frozen.config;header_closure=rewrite/metadata/header_closure.tsv;selected=PENDING_REVIEW	425f94c2954b1fe80ebdbf9b29854e89750355df	661834d402ec88b9dd3bda4628ddbbed72837e397a3a99f87d7ab3ab5ab15121	ab9e1b04b3e0a9e0474bf76f69d67488d423401629a8dd5c1872fc3893ae4502	0123af9e96b58af4e98b91a2de5608d36b63c67864b9041d3340587f3dbe40d2	cfa8dcf0d81c408de38d4202fe1ce9d9e5e301d1e67439c9530da94b1e64ee3f	7484d7b0dd80f45e18d726b04752827fe28555cc5c1af0e127948380e6688abf
semantic-proposal-v1	SC1-9cc93c14905049ca0816d460045d009ae886f2b139b15e47417d4dc684a451dc	S015671	1	P01	SYMBOLS.tsv	332097	status	x86_64	include/net/tls_prot.h	enum_constant	TLS_RECORD_TYPE_ACK	23	PENDING_REVIEW	COMPLETE	COMPLETE	vendor/linux/include/net/tls_prot.h;vendor/linux/include/net/tls_prot.h:23;rewrite/configs/x86_64/frozen.config;header_closure=rewrite/metadata/header_closure.tsv;selected=PENDING_REVIEW	425f94c2954b1fe80ebdbf9b29854e89750355df	661834d402ec88b9dd3bda4628ddbbed72837e397a3a99f87d7ab3ab5ab15121	ab9e1b04b3e0a9e0474bf76f69d67488d423401629a8dd5c1872fc3893ae4502	0123af9e96b58af4e98b91a2de5608d36b63c67864b9041d3340587f3dbe40d2	cfa8dcf0d81c408de38d4202fe1ce9d9e5e301d1e67439c9530da94b1e64ee3f	7484d7b0dd80f45e18d726b04752827fe28555cc5c1af0e127948380e6688abf
semantic-proposal-v1	SC1-0aaf06fc97a93cccff58ddb80c73ef88ee111179ec8a1e656bd36238c17ced0e	S015671	1	P01	SYMBOLS.tsv	332098	selection_expression	x86_64	include/net/tls_prot.h	type	anonymous_enum@29	29	PENDING_REVIEW	SOURCE_REVIEWED_VALUE	COMPLETE	vendor/linux/include/net/tls_prot.h;vendor/linux/include/net/tls_prot.h:29;rewrite/configs/x86_64/frozen.config;header_closure=rewrite/metadata/header_closure.tsv;selected=PENDING_REVIEW	425f94c2954b1fe80ebdbf9b29854e89750355df	661834d402ec88b9dd3bda4628ddbbed72837e397a3a99f87d7ab3ab5ab15121	ab9e1b04b3e0a9e0474bf76f69d67488d423401629a8dd5c1872fc3893ae4502	0123af9e96b58af4e98b91a2de5608d36b63c67864b9041d3340587f3dbe40d2	cfa8dcf0d81c408de38d4202fe1ce9d9e5e301d1e67439c9530da94b1e64ee3f	7484d7b0dd80f45e18d726b04752827fe28555cc5c1af0e127948380e6688abf
semantic-proposal-v1	SC1-dfca380e399c048f6a5ed6ea2f876a444e9871457ae92ae6575c952dc39a10c2	S015671	1	P01	SYMBOLS.tsv	332098	status	x86_64	include/net/tls_prot.h	type	anonymous_enum@29	29	PENDING_REVIEW	COMPLETE	COMPLETE	vendor/linux/include/net/tls_prot.h;vendor/linux/include/net/tls_prot.h:29;rewrite/configs/x86_64/frozen.config;header_closure=rewrite/metadata/header_closure.tsv;selected=PENDING_REVIEW	425f94c2954b1fe80ebdbf9b29854e89750355df	661834d402ec88b9dd3bda4628ddbbed72837e397a3a99f87d7ab3ab5ab15121	ab9e1b04b3e0a9e0474bf76f69d67488d423401629a8dd5c1872fc3893ae4502	0123af9e96b58af4e98b91a2de5608d36b63c67864b9041d3340587f3dbe40d2	cfa8dcf0d81c408de38d4202fe1ce9d9e5e301d1e67439c9530da94b1e64ee3f	7484d7b0dd80f45e18d726b04752827fe28555cc5c1af0e127948380e6688abf
semantic-proposal-v1	SC1-6dcce15022ff35c8f0e6da6a4dfe4ce77d36895845dd166873448d71d0f6e19f	S015671	1	P01	SYMBOLS.tsv	332099	selection_expression	x86_64	include/net/tls_prot.h	enum_constant	TLS_ALERT_LEVEL_WARNING	30	PENDING_REVIEW	SOURCE_REVIEWED_VALUE	COMPLETE	vendor/linux/include/net/tls_prot.h;vendor/linux/include/net/tls_prot.h:30;rewrite/configs/x86_64/frozen.config;header_closure=rewrite/metadata/header_closure.tsv;selected=PENDING_REVIEW	425f94c2954b1fe80ebdbf9b29854e89750355df	661834d402ec88b9dd3bda4628ddbbed72837e397a3a99f87d7ab3ab5ab15121	ab9e1b04b3e0a9e0474bf76f69d67488d423401629a8dd5c1872fc3893ae4502	0123af9e96b58af4e98b91a2de5608d36b63c67864b9041d3340587f3dbe40d2	cfa8dcf0d81c408de38d4202fe1ce9d9e5e301d1e67439c9530da94b1e64ee3f	7484d7b0dd80f45e18d726b04752827fe28555cc5c1af0e127948380e6688abf
semantic-proposal-v1	SC1-607b904df1d11811dc4c168d0c0c36b91f23c504b7611e0d101aa1527a7e4338	S015671	1	P01	SYMBOLS.tsv	332099	status	x86_64	include/net/tls_prot.h	enum_constant	TLS_ALERT_LEVEL_WARNING	30	PENDING_REVIEW	COMPLETE	COMPLETE	vendor/linux/include/net/tls_prot.h;vendor/linux/include/net/tls_prot.h:30;rewrite/configs/x86_64/frozen.config;header_closure=rewrite/metadata/header_closure.tsv;selected=PENDING_REVIEW	425f94c2954b1fe80ebdbf9b29854e89750355df	661834d402ec88b9dd3bda4628ddbbed72837e397a3a99f87d7ab3ab5ab15121	ab9e1b04b3e0a9e0474bf76f69d67488d423401629a8dd5c1872fc3893ae4502	0123af9e96b58af4e98b91a2de5608d36b63c67864b9041d3340587f3dbe40d2	cfa8dcf0d81c408de38d4202fe1ce9d9e5e301d1e67439c9530da94b1e64ee3f	7484d7b0dd80f45e18d726b04752827fe28555cc5c1af0e127948380e6688abf
semantic-proposal-v1	SC1-0f7cf34a207c30bc3dcccbd3e30d8c6579343730b4cd7ae8172bd2c0dee191a7	S015671	1	P01	SYMBOLS.tsv	332100	selection_expression	x86_64	include/net/tls_prot.h	enum_constant	TLS_ALERT_LEVEL_FATAL	31	PENDING_REVIEW	SOURCE_REVIEWED_VALUE	COMPLETE	vendor/linux/include/net/tls_prot.h;vendor/linux/include/net/tls_prot.h:31;rewrite/configs/x86_64/frozen.config;header_closure=rewrite/metadata/header_closure.tsv;selected=PENDING_REVIEW	425f94c2954b1fe80ebdbf9b29854e89750355df	661834d402ec88b9dd3bda4628ddbbed72837e397a3a99f87d7ab3ab5ab15121	ab9e1b04b3e0a9e0474bf76f69d67488d423401629a8dd5c1872fc3893ae4502	0123af9e96b58af4e98b91a2de5608d36b63c67864b9041d3340587f3dbe40d2	cfa8dcf0d81c408de38d4202fe1ce9d9e5e301d1e67439c9530da94b1e64ee3f	7484d7b0dd80f45e18d726b04752827fe28555cc5c1af0e127948380e6688abf
semantic-proposal-v1	SC1-d5e6064452e86ffe3191d4de3edb390842df8189c948827c57852917b33242d1	S015671	1	P01	SYMBOLS.tsv	332100	status	x86_64	include/net/tls_prot.h	enum_constant	TLS_ALERT_LEVEL_FATAL	31	PENDING_REVIEW	COMPLETE	COMPLETE	vendor/linux/include/net/tls_prot.h;vendor/linux/include/net/tls_prot.h:31;rewrite/configs/x86_64/frozen.config;header_closure=rewrite/metadata/header_closure.tsv;selected=PENDING_REVIEW	425f94c2954b1fe80ebdbf9b29854e89750355df	661834d402ec88b9dd3bda4628ddbbed72837e397a3a99f87d7ab3ab5ab15121	ab9e1b04b3e0a9e0474bf76f69d67488d423401629a8dd5c1872fc3893ae4502	0123af9e96b58af4e98b91a2de5608d36b63c67864b9041d3340587f3dbe40d2	cfa8dcf0d81c408de38d4202fe1ce9d9e5e301d1e67439c9530da94b1e64ee3f	7484d7b0dd80f45e18d726b04752827fe28555cc5c1af0e127948380e6688abf
semantic-proposal-v1	SC1-09c3ce611a6e4a7fe0d924d63ef45752bbc734751d1ab720c39dcf3c0e71df06	S015671	1	P01	SYMBOLS.tsv	332101	selection_expression	x86_64	include/net/tls_prot.h	type	anonymous_enum@37	37	PENDING_REVIEW	SOURCE_REVIEWED_VALUE	COMPLETE	vendor/linux/include/net/tls_prot.h;vendor/linux/include/net/tls_prot.h:37;rewrite/configs/x86_64/frozen.config;header_closure=rewrite/metadata/header_closure.tsv;selected=PENDING_REVIEW	425f94c2954b1fe80ebdbf9b29854e89750355df	661834d402ec88b9dd3bda4628ddbbed72837e397a3a99f87d7ab3ab5ab15121	ab9e1b04b3e0a9e0474bf76f69d67488d423401629a8dd5c1872fc3893ae4502	0123af9e96b58af4e98b91a2de5608d36b63c67864b9041d3340587f3dbe40d2	cfa8dcf0d81c408de38d4202fe1ce9d9e5e301d1e67439c9530da94b1e64ee3f	7484d7b0dd80f45e18d726b04752827fe28555cc5c1af0e127948380e6688abf
semantic-proposal-v1	SC1-b8d3268f7e54b6ec3038338d35ccbd442178cd693ccf90452206badad405fa0c	S015671	1	P01	SYMBOLS.tsv	332101	status	x86_64	include/net/tls_prot.h	type	anonymous_enum@37	37	PENDING_REVIEW	COMPLETE	COMPLETE	vendor/linux/include/net/tls_prot.h;vendor/linux/include/net/tls_prot.h:37;rewrite/configs/x86_64/frozen.config;header_closure=rewrite/metadata/header_closure.tsv;selected=PENDING_REVIEW	425f94c2954b1fe80ebdbf9b29854e89750355df	661834d402ec88b9dd3bda4628ddbbed72837e397a3a99f87d7ab3ab5ab15121	ab9e1b04b3e0a9e0474bf76f69d67488d423401629a8dd5c1872fc3893ae4502	0123af9e96b58af4e98b91a2de5608d36b63c67864b9041d3340587f3dbe40d2	cfa8dcf0d81c408de38d4202fe1ce9d9e5e301d1e67439c9530da94b1e64ee3f	7484d7b0dd80f45e18d726b04752827fe28555cc5c1af0e127948380e6688abf
semantic-proposal-v1	SC1-60d279dae65e5594147ba9b4c75400dc2fceb3b9f4493beec9de74f0a3070ba6	S015671	1	P01	SYMBOLS.tsv	332102	selection_expression	x86_64	include/net/tls_prot.h	enum_constant	TLS_ALERT_DESC_CLOSE_NOTIFY	38	PENDING_REVIEW	SOURCE_REVIEWED_VALUE	COMPLETE	vendor/linux/include/net/tls_prot.h;vendor/linux/include/net/tls_prot.h:38;rewrite/configs/x86_64/frozen.config;header_closure=rewrite/metadata/header_closure.tsv;selected=PENDING_REVIEW	425f94c2954b1fe80ebdbf9b29854e89750355df	661834d402ec88b9dd3bda4628ddbbed72837e397a3a99f87d7ab3ab5ab15121	ab9e1b04b3e0a9e0474bf76f69d67488d423401629a8dd5c1872fc3893ae4502	0123af9e96b58af4e98b91a2de5608d36b63c67864b9041d3340587f3dbe40d2	cfa8dcf0d81c408de38d4202fe1ce9d9e5e301d1e67439c9530da94b1e64ee3f	7484d7b0dd80f45e18d726b04752827fe28555cc5c1af0e127948380e6688abf
semantic-proposal-v1	SC1-f8660659102d846361144515e44b1f99bfc6527b72255d6a8683c3e461749b4d	S015671	1	P01	SYMBOLS.tsv	332102	status	x86_64	include/net/tls_prot.h	enum_constant	TLS_ALERT_DESC_CLOSE_NOTIFY	38	PENDING_REVIEW	COMPLETE	COMPLETE	vendor/linux/include/net/tls_prot.h;vendor/linux/include/net/tls_prot.h:38;rewrite/configs/x86_64/frozen.config;header_closure=rewrite/metadata/header_closure.tsv;selected=PENDING_REVIEW	425f94c2954b1fe80ebdbf9b29854e89750355df	661834d402ec88b9dd3bda4628ddbbed72837e397a3a99f87d7ab3ab5ab15121	ab9e1b04b3e0a9e0474bf76f69d67488d423401629a8dd5c1872fc3893ae4502	0123af9e96b58af4e98b91a2de5608d36b63c67864b9041d3340587f3dbe40d2	cfa8dcf0d81c408de38d4202fe1ce9d9e5e301d1e67439c9530da94b1e64ee3f	7484d7b0dd80f45e18d726b04752827fe28555cc5c1af0e127948380e6688abf
semantic-proposal-v1	SC1-b434a01e90a997348b62d7be50beb6fa3eab5050a62629b7185bb45ad59c662e	S015671	1	P01	SYMBOLS.tsv	332103	selection_expression	x86_64	include/net/tls_prot.h	enum_constant	TLS_ALERT_DESC_UNEXPECTED_MESSAGE	39	PENDING_REVIEW	SOURCE_REVIEWED_VALUE	COMPLETE	vendor/linux/include/net/tls_prot.h;vendor/linux/include/net/tls_prot.h:39;rewrite/configs/x86_64/frozen.config;header_closure=rewrite/metadata/header_closure.tsv;selected=PENDING_REVIEW	425f94c2954b1fe80ebdbf9b29854e89750355df	661834d402ec88b9dd3bda4628ddbbed72837e397a3a99f87d7ab3ab5ab15121	ab9e1b04b3e0a9e0474bf76f69d67488d423401629a8dd5c1872fc3893ae4502	0123af9e96b58af4e98b91a2de5608d36b63c67864b9041d3340587f3dbe40d2	cfa8dcf0d81c408de38d4202fe1ce9d9e5e301d1e67439c9530da94b1e64ee3f	7484d7b0dd80f45e18d726b04752827fe28555cc5c1af0e127948380e6688abf
semantic-proposal-v1	SC1-6270bef3e64e558f89b1e499fdb05295af8e474620909b1bb93aa80f8115fd38	S015671	1	P01	SYMBOLS.tsv	332103	status	x86_64	include/net/tls_prot.h	enum_constant	TLS_ALERT_DESC_UNEXPECTED_MESSAGE	39	PENDING_REVIEW	COMPLETE	COMPLETE	vendor/linux/include/net/tls_prot.h;vendor/linux/include/net/tls_prot.h:39;rewrite/configs/x86_64/frozen.config;header_closure=rewrite/metadata/header_closure.tsv;selected=PENDING_REVIEW	425f94c2954b1fe80ebdbf9b29854e89750355df	661834d402ec88b9dd3bda4628ddbbed72837e397a3a99f87d7ab3ab5ab15121	ab9e1b04b3e0a9e0474bf76f69d67488d423401629a8dd5c1872fc3893ae4502	0123af9e96b58af4e98b91a2de5608d36b63c67864b9041d3340587f3dbe40d2	cfa8dcf0d81c408de38d4202fe1ce9d9e5e301d1e67439c9530da94b1e64ee3f	7484d7b0dd80f45e18d726b04752827fe28555cc5c1af0e127948380e6688abf
semantic-proposal-v1	SC1-bcd947986cbc441f084942800d8e82a6fc7517ab7ffa9be989e2800ab8758622	S015671	1	P01	SYMBOLS.tsv	332104	selection_expression	x86_64	include/net/tls_prot.h	enum_constant	TLS_ALERT_DESC_BAD_RECORD_MAC	40	PENDING_REVIEW	SOURCE_REVIEWED_VALUE	COMPLETE	vendor/linux/include/net/tls_prot.h;vendor/linux/include/net/tls_prot.h:40;rewrite/configs/x86_64/frozen.config;header_closure=rewrite/metadata/header_closure.tsv;selected=PENDING_REVIEW	425f94c2954b1fe80ebdbf9b29854e89750355df	661834d402ec88b9dd3bda4628ddbbed72837e397a3a99f87d7ab3ab5ab15121	ab9e1b04b3e0a9e0474bf76f69d67488d423401629a8dd5c1872fc3893ae4502	0123af9e96b58af4e98b91a2de5608d36b63c67864b9041d3340587f3dbe40d2	cfa8dcf0d81c408de38d4202fe1ce9d9e5e301d1e67439c9530da94b1e64ee3f	7484d7b0dd80f45e18d726b04752827fe28555cc5c1af0e127948380e6688abf
semantic-proposal-v1	SC1-34fc46ee3b6be34031b7cc26b34e5f7b43b7d12cb9f9a54d1ff9f170d11b2756	S015671	1	P01	SYMBOLS.tsv	332104	status	x86_64	include/net/tls_prot.h	enum_constant	TLS_ALERT_DESC_BAD_RECORD_MAC	40	PENDING_REVIEW	COMPLETE	COMPLETE	vendor/linux/include/net/tls_prot.h;vendor/linux/include/net/tls_prot.h:40;rewrite/configs/x86_64/frozen.config;header_closure=rewrite/metadata/header_closure.tsv;selected=PENDING_REVIEW	425f94c2954b1fe80ebdbf9b29854e89750355df	661834d402ec88b9dd3bda4628ddbbed72837e397a3a99f87d7ab3ab5ab15121	ab9e1b04b3e0a9e0474bf76f69d67488d423401629a8dd5c1872fc3893ae4502	0123af9e96b58af4e98b91a2de5608d36b63c67864b9041d3340587f3dbe40d2	cfa8dcf0d81c408de38d4202fe1ce9d9e5e301d1e67439c9530da94b1e64ee3f	7484d7b0dd80f45e18d726b04752827fe28555cc5c1af0e127948380e6688abf
semantic-proposal-v1	SC1-9be3254c259556f02dca2aa19d4f9009c8b835d1b265ed03ec816f7da52c372b	S015671	1	P01	SYMBOLS.tsv	332105	selection_expression	x86_64	include/net/tls_prot.h	enum_constant	TLS_ALERT_DESC_RECORD_OVERFLOW	41	PENDING_REVIEW	SOURCE_REVIEWED_VALUE	COMPLETE	vendor/linux/include/net/tls_prot.h;vendor/linux/include/net/tls_prot.h:41;rewrite/configs/x86_64/frozen.config;header_closure=rewrite/metadata/header_closure.tsv;selected=PENDING_REVIEW	425f94c2954b1fe80ebdbf9b29854e89750355df	661834d402ec88b9dd3bda4628ddbbed72837e397a3a99f87d7ab3ab5ab15121	ab9e1b04b3e0a9e0474bf76f69d67488d423401629a8dd5c1872fc3893ae4502	0123af9e96b58af4e98b91a2de5608d36b63c67864b9041d3340587f3dbe40d2	cfa8dcf0d81c408de38d4202fe1ce9d9e5e301d1e67439c9530da94b1e64ee3f	7484d7b0dd80f45e18d726b04752827fe28555cc5c1af0e127948380e6688abf
semantic-proposal-v1	SC1-654f1783456f76d72860178d3c95124b510775f784b105704ce07a11f493b1ac	S015671	1	P01	SYMBOLS.tsv	332105	status	x86_64	include/net/tls_prot.h	enum_constant	TLS_ALERT_DESC_RECORD_OVERFLOW	41	PENDING_REVIEW	COMPLETE	COMPLETE	vendor/linux/include/net/tls_prot.h;vendor/linux/include/net/tls_prot.h:41;rewrite/configs/x86_64/frozen.config;header_closure=rewrite/metadata/header_closure.tsv;selected=PENDING_REVIEW	425f94c2954b1fe80ebdbf9b29854e89750355df	661834d402ec88b9dd3bda4628ddbbed72837e397a3a99f87d7ab3ab5ab15121	ab9e1b04b3e0a9e0474bf76f69d67488d423401629a8dd5c1872fc3893ae4502	0123af9e96b58af4e98b91a2de5608d36b63c67864b9041d3340587f3dbe40d2	cfa8dcf0d81c408de38d4202fe1ce9d9e5e301d1e67439c9530da94b1e64ee3f	7484d7b0dd80f45e18d726b04752827fe28555cc5c1af0e127948380e6688abf
semantic-proposal-v1	SC1-4752a8870a77db7772a4ec6739bef6a7e6c59184125c58a31d04f4efe6735708	S015671	1	P01	SYMBOLS.tsv	332106	selection_expression	x86_64	include/net/tls_prot.h	enum_constant	TLS_ALERT_DESC_HANDSHAKE_FAILURE	42	PENDING_REVIEW	SOURCE_REVIEWED_VALUE	COMPLETE	vendor/linux/include/net/tls_prot.h;vendor/linux/include/net/tls_prot.h:42;rewrite/configs/x86_64/frozen.config;header_closure=rewrite/metadata/header_closure.tsv;selected=PENDING_REVIEW	425f94c2954b1fe80ebdbf9b29854e89750355df	661834d402ec88b9dd3bda4628ddbbed72837e397a3a99f87d7ab3ab5ab15121	ab9e1b04b3e0a9e0474bf76f69d67488d423401629a8dd5c1872fc3893ae4502	0123af9e96b58af4e98b91a2de5608d36b63c67864b9041d3340587f3dbe40d2	cfa8dcf0d81c408de38d4202fe1ce9d9e5e301d1e67439c9530da94b1e64ee3f	7484d7b0dd80f45e18d726b04752827fe28555cc5c1af0e127948380e6688abf
semantic-proposal-v1	SC1-ee4d788e0dd7ae13714408ce14744e2198a710909c341ab2598f170940d0c408	S015671	1	P01	SYMBOLS.tsv	332106	status	x86_64	include/net/tls_prot.h	enum_constant	TLS_ALERT_DESC_HANDSHAKE_FAILURE	42	PENDING_REVIEW	COMPLETE	COMPLETE	vendor/linux/include/net/tls_prot.h;vendor/linux/include/net/tls_prot.h:42;rewrite/configs/x86_64/frozen.config;header_closure=rewrite/metadata/header_closure.tsv;selected=PENDING_REVIEW	425f94c2954b1fe80ebdbf9b29854e89750355df	661834d402ec88b9dd3bda4628ddbbed72837e397a3a99f87d7ab3ab5ab15121	ab9e1b04b3e0a9e0474bf76f69d67488d423401629a8dd5c1872fc3893ae4502	0123af9e96b58af4e98b91a2de5608d36b63c67864b9041d3340587f3dbe40d2	cfa8dcf0d81c408de38d4202fe1ce9d9e5e301d1e67439c9530da94b1e64ee3f	7484d7b0dd80f45e18d726b04752827fe28555cc5c1af0e127948380e6688abf
semantic-proposal-v1	SC1-0dac01a066b87c3a74e663df1fb78850e057ce505593fe96d9f0bc217e6abbe4	S015671	1	P01	SYMBOLS.tsv	332107	selection_expression	x86_64	include/net/tls_prot.h	enum_constant	TLS_ALERT_DESC_BAD_CERTIFICATE	43	PENDING_REVIEW	SOURCE_REVIEWED_VALUE	COMPLETE	vendor/linux/include/net/tls_prot.h;vendor/linux/include/net/tls_prot.h:43;rewrite/configs/x86_64/frozen.config;header_closure=rewrite/metadata/header_closure.tsv;selected=PENDING_REVIEW	425f94c2954b1fe80ebdbf9b29854e89750355df	661834d402ec88b9dd3bda4628ddbbed72837e397a3a99f87d7ab3ab5ab15121	ab9e1b04b3e0a9e0474bf76f69d67488d423401629a8dd5c1872fc3893ae4502	0123af9e96b58af4e98b91a2de5608d36b63c67864b9041d3340587f3dbe40d2	cfa8dcf0d81c408de38d4202fe1ce9d9e5e301d1e67439c9530da94b1e64ee3f	7484d7b0dd80f45e18d726b04752827fe28555cc5c1af0e127948380e6688abf
semantic-proposal-v1	SC1-f66ab0801e3e5c871f00e202be51872b7295864a0dc36a9f04bee0df71622942	S015671	1	P01	SYMBOLS.tsv	332107	status	x86_64	include/net/tls_prot.h	enum_constant	TLS_ALERT_DESC_BAD_CERTIFICATE	43	PENDING_REVIEW	COMPLETE	COMPLETE	vendor/linux/include/net/tls_prot.h;vendor/linux/include/net/tls_prot.h:43;rewrite/configs/x86_64/frozen.config;header_closure=rewrite/metadata/header_closure.tsv;selected=PENDING_REVIEW	425f94c2954b1fe80ebdbf9b29854e89750355df	661834d402ec88b9dd3bda4628ddbbed72837e397a3a99f87d7ab3ab5ab15121	ab9e1b04b3e0a9e0474bf76f69d67488d423401629a8dd5c1872fc3893ae4502	0123af9e96b58af4e98b91a2de5608d36b63c67864b9041d3340587f3dbe40d2	cfa8dcf0d81c408de38d4202fe1ce9d9e5e301d1e67439c9530da94b1e64ee3f	7484d7b0dd80f45e18d726b04752827fe28555cc5c1af0e127948380e6688abf
semantic-proposal-v1	SC1-ad53903530f790040341e10e3e53b5f11cd1cb76c594b793179abf17fbf0cec8	S015671	1	P01	SYMBOLS.tsv	332108	selection_expression	x86_64	include/net/tls_prot.h	enum_constant	TLS_ALERT_DESC_UNSUPPORTED_CERTIFICATE	44	PENDING_REVIEW	SOURCE_REVIEWED_VALUE	COMPLETE	vendor/linux/include/net/tls_prot.h;vendor/linux/include/net/tls_prot.h:44;rewrite/configs/x86_64/frozen.config;header_closure=rewrite/metadata/header_closure.tsv;selected=PENDING_REVIEW	425f94c2954b1fe80ebdbf9b29854e89750355df	661834d402ec88b9dd3bda4628ddbbed72837e397a3a99f87d7ab3ab5ab15121	ab9e1b04b3e0a9e0474bf76f69d67488d423401629a8dd5c1872fc3893ae4502	0123af9e96b58af4e98b91a2de5608d36b63c67864b9041d3340587f3dbe40d2	cfa8dcf0d81c408de38d4202fe1ce9d9e5e301d1e67439c9530da94b1e64ee3f	7484d7b0dd80f45e18d726b04752827fe28555cc5c1af0e127948380e6688abf
semantic-proposal-v1	SC1-1d0bc1973e2620cfad4b629131ab888dd6cd62a439ed056d090c336f2d8fff69	S015671	1	P01	SYMBOLS.tsv	332108	status	x86_64	include/net/tls_prot.h	enum_constant	TLS_ALERT_DESC_UNSUPPORTED_CERTIFICATE	44	PENDING_REVIEW	COMPLETE	COMPLETE	vendor/linux/include/net/tls_prot.h;vendor/linux/include/net/tls_prot.h:44;rewrite/configs/x86_64/frozen.config;header_closure=rewrite/metadata/header_closure.tsv;selected=PENDING_REVIEW	425f94c2954b1fe80ebdbf9b29854e89750355df	661834d402ec88b9dd3bda4628ddbbed72837e397a3a99f87d7ab3ab5ab15121	ab9e1b04b3e0a9e0474bf76f69d67488d423401629a8dd5c1872fc3893ae4502	0123af9e96b58af4e98b91a2de5608d36b63c67864b9041d3340587f3dbe40d2	cfa8dcf0d81c408de38d4202fe1ce9d9e5e301d1e67439c9530da94b1e64ee3f	7484d7b0dd80f45e18d726b04752827fe28555cc5c1af0e127948380e6688abf
semantic-proposal-v1	SC1-8e9377b0368e53369adb2726a6f644630fb93a5ecddbe56591f35799ecaa099f	S015671	1	P01	SYMBOLS.tsv	332109	selection_expression	x86_64	include/net/tls_prot.h	enum_constant	TLS_ALERT_DESC_CERTIFICATE_REVOKED	45	PENDING_REVIEW	SOURCE_REVIEWED_VALUE	COMPLETE	vendor/linux/include/net/tls_prot.h;vendor/linux/include/net/tls_prot.h:45;rewrite/configs/x86_64/frozen.config;header_closure=rewrite/metadata/header_closure.tsv;selected=PENDING_REVIEW	425f94c2954b1fe80ebdbf9b29854e89750355df	661834d402ec88b9dd3bda4628ddbbed72837e397a3a99f87d7ab3ab5ab15121	ab9e1b04b3e0a9e0474bf76f69d67488d423401629a8dd5c1872fc3893ae4502	0123af9e96b58af4e98b91a2de5608d36b63c67864b9041d3340587f3dbe40d2	cfa8dcf0d81c408de38d4202fe1ce9d9e5e301d1e67439c9530da94b1e64ee3f	7484d7b0dd80f45e18d726b04752827fe28555cc5c1af0e127948380e6688abf
semantic-proposal-v1	SC1-59fbb335b173d7fc4f96ab4203c0315515a82dce5181eca0194819bafdf131f6	S015671	1	P01	SYMBOLS.tsv	332109	status	x86_64	include/net/tls_prot.h	enum_constant	TLS_ALERT_DESC_CERTIFICATE_REVOKED	45	PENDING_REVIEW	COMPLETE	COMPLETE	vendor/linux/include/net/tls_prot.h;vendor/linux/include/net/tls_prot.h:45;rewrite/configs/x86_64/frozen.config;header_closure=rewrite/metadata/header_closure.tsv;selected=PENDING_REVIEW	425f94c2954b1fe80ebdbf9b29854e89750355df	661834d402ec88b9dd3bda4628ddbbed72837e397a3a99f87d7ab3ab5ab15121	ab9e1b04b3e0a9e0474bf76f69d67488d423401629a8dd5c1872fc3893ae4502	0123af9e96b58af4e98b91a2de5608d36b63c67864b9041d3340587f3dbe40d2	cfa8dcf0d81c408de38d4202fe1ce9d9e5e301d1e67439c9530da94b1e64ee3f	7484d7b0dd80f45e18d726b04752827fe28555cc5c1af0e127948380e6688abf
semantic-proposal-v1	SC1-b8da4ebf221837e7b0ed3272b0b88373be66d54221d42139745f78301ce48dc8	S015671	1	P01	SYMBOLS.tsv	332110	selection_expression	x86_64	include/net/tls_prot.h	enum_constant	TLS_ALERT_DESC_CERTIFICATE_EXPIRED	46	PENDING_REVIEW	SOURCE_REVIEWED_VALUE	COMPLETE	vendor/linux/include/net/tls_prot.h;vendor/linux/include/net/tls_prot.h:46;rewrite/configs/x86_64/frozen.config;header_closure=rewrite/metadata/header_closure.tsv;selected=PENDING_REVIEW	425f94c2954b1fe80ebdbf9b29854e89750355df	661834d402ec88b9dd3bda4628ddbbed72837e397a3a99f87d7ab3ab5ab15121	ab9e1b04b3e0a9e0474bf76f69d67488d423401629a8dd5c1872fc3893ae4502	0123af9e96b58af4e98b91a2de5608d36b63c67864b9041d3340587f3dbe40d2	cfa8dcf0d81c408de38d4202fe1ce9d9e5e301d1e67439c9530da94b1e64ee3f	7484d7b0dd80f45e18d726b04752827fe28555cc5c1af0e127948380e6688abf
semantic-proposal-v1	SC1-672c88c31641982d9ba099e881d1d88dc7c50b5ef40981fa74c3387b93cd1961	S015671	1	P01	SYMBOLS.tsv	332110	status	x86_64	include/net/tls_prot.h	enum_constant	TLS_ALERT_DESC_CERTIFICATE_EXPIRED	46	PENDING_REVIEW	COMPLETE	COMPLETE	vendor/linux/include/net/tls_prot.h;vendor/linux/include/net/tls_prot.h:46;rewrite/configs/x86_64/frozen.config;header_closure=rewrite/metadata/header_closure.tsv;selected=PENDING_REVIEW	425f94c2954b1fe80ebdbf9b29854e89750355df	661834d402ec88b9dd3bda4628ddbbed72837e397a3a99f87d7ab3ab5ab15121	ab9e1b04b3e0a9e0474bf76f69d67488d423401629a8dd5c1872fc3893ae4502	0123af9e96b58af4e98b91a2de5608d36b63c67864b9041d3340587f3dbe40d2	cfa8dcf0d81c408de38d4202fe1ce9d9e5e301d1e67439c9530da94b1e64ee3f	7484d7b0dd80f45e18d726b04752827fe28555cc5c1af0e127948380e6688abf
semantic-proposal-v1	SC1-972ae77da60c1cdc2eaf3029041795d09c2266a1ca8e73d41270e879e023233a	S015671	1	P01	SYMBOLS.tsv	332111	selection_expression	x86_64	include/net/tls_prot.h	enum_constant	TLS_ALERT_DESC_CERTIFICATE_UNKNOWN	47	PENDING_REVIEW	SOURCE_REVIEWED_VALUE	COMPLETE	vendor/linux/include/net/tls_prot.h;vendor/linux/include/net/tls_prot.h:47;rewrite/configs/x86_64/frozen.config;header_closure=rewrite/metadata/header_closure.tsv;selected=PENDING_REVIEW	425f94c2954b1fe80ebdbf9b29854e89750355df	661834d402ec88b9dd3bda4628ddbbed72837e397a3a99f87d7ab3ab5ab15121	ab9e1b04b3e0a9e0474bf76f69d67488d423401629a8dd5c1872fc3893ae4502	0123af9e96b58af4e98b91a2de5608d36b63c67864b9041d3340587f3dbe40d2	cfa8dcf0d81c408de38d4202fe1ce9d9e5e301d1e67439c9530da94b1e64ee3f	7484d7b0dd80f45e18d726b04752827fe28555cc5c1af0e127948380e6688abf
semantic-proposal-v1	SC1-58342d76a770f5e3821c655f1e447f58be00cbc73dfc592ee2fd2ad3d4ad8f48	S015671	1	P01	SYMBOLS.tsv	332111	status	x86_64	include/net/tls_prot.h	enum_constant	TLS_ALERT_DESC_CERTIFICATE_UNKNOWN	47	PENDING_REVIEW	COMPLETE	COMPLETE	vendor/linux/include/net/tls_prot.h;vendor/linux/include/net/tls_prot.h:47;rewrite/configs/x86_64/frozen.config;header_closure=rewrite/metadata/header_closure.tsv;selected=PENDING_REVIEW	425f94c2954b1fe80ebdbf9b29854e89750355df	661834d402ec88b9dd3bda4628ddbbed72837e397a3a99f87d7ab3ab5ab15121	ab9e1b04b3e0a9e0474bf76f69d67488d423401629a8dd5c1872fc3893ae4502	0123af9e96b58af4e98b91a2de5608d36b63c67864b9041d3340587f3dbe40d2	cfa8dcf0d81c408de38d4202fe1ce9d9e5e301d1e67439c9530da94b1e64ee3f	7484d7b0dd80f45e18d726b04752827fe28555cc5c1af0e127948380e6688abf
semantic-proposal-v1	SC1-60f536d9e27e3bcb1c1a3f6f246dedae1933c483a7744ccb26d92c9a7641ff7d	S015671	1	P01	SYMBOLS.tsv	332112	selection_expression	x86_64	include/net/tls_prot.h	enum_constant	TLS_ALERT_DESC_ILLEGAL_PARAMETER	48	PENDING_REVIEW	SOURCE_REVIEWED_VALUE	COMPLETE	vendor/linux/include/net/tls_prot.h;vendor/linux/include/net/tls_prot.h:48;rewrite/configs/x86_64/frozen.config;header_closure=rewrite/metadata/header_closure.tsv;selected=PENDING_REVIEW	425f94c2954b1fe80ebdbf9b29854e89750355df	661834d402ec88b9dd3bda4628ddbbed72837e397a3a99f87d7ab3ab5ab15121	ab9e1b04b3e0a9e0474bf76f69d67488d423401629a8dd5c1872fc3893ae4502	0123af9e96b58af4e98b91a2de5608d36b63c67864b9041d3340587f3dbe40d2	cfa8dcf0d81c408de38d4202fe1ce9d9e5e301d1e67439c9530da94b1e64ee3f	7484d7b0dd80f45e18d726b04752827fe28555cc5c1af0e127948380e6688abf
semantic-proposal-v1	SC1-a1613d8f5f93ab3b32387f9f6827c19d10c33a9b2b07df4bdfed4ddbdab0da0d	S015671	1	P01	SYMBOLS.tsv	332112	status	x86_64	include/net/tls_prot.h	enum_constant	TLS_ALERT_DESC_ILLEGAL_PARAMETER	48	PENDING_REVIEW	COMPLETE	COMPLETE	vendor/linux/include/net/tls_prot.h;vendor/linux/include/net/tls_prot.h:48;rewrite/configs/x86_64/frozen.config;header_closure=rewrite/metadata/header_closure.tsv;selected=PENDING_REVIEW	425f94c2954b1fe80ebdbf9b29854e89750355df	661834d402ec88b9dd3bda4628ddbbed72837e397a3a99f87d7ab3ab5ab15121	ab9e1b04b3e0a9e0474bf76f69d67488d423401629a8dd5c1872fc3893ae4502	0123af9e96b58af4e98b91a2de5608d36b63c67864b9041d3340587f3dbe40d2	cfa8dcf0d81c408de38d4202fe1ce9d9e5e301d1e67439c9530da94b1e64ee3f	7484d7b0dd80f45e18d726b04752827fe28555cc5c1af0e127948380e6688abf
semantic-proposal-v1	SC1-62c6ea7bcbdc18ef6d69c60e7e734e4a7777df28a217d5d1046fdf1d092b5dcd	S015671	1	P01	SYMBOLS.tsv	332113	selection_expression	x86_64	include/net/tls_prot.h	enum_constant	TLS_ALERT_DESC_UNKNOWN_CA	49	PENDING_REVIEW	SOURCE_REVIEWED_VALUE	COMPLETE	vendor/linux/include/net/tls_prot.h;vendor/linux/include/net/tls_prot.h:49;rewrite/configs/x86_64/frozen.config;header_closure=rewrite/metadata/header_closure.tsv;selected=PENDING_REVIEW	425f94c2954b1fe80ebdbf9b29854e89750355df	661834d402ec88b9dd3bda4628ddbbed72837e397a3a99f87d7ab3ab5ab15121	ab9e1b04b3e0a9e0474bf76f69d67488d423401629a8dd5c1872fc3893ae4502	0123af9e96b58af4e98b91a2de5608d36b63c67864b9041d3340587f3dbe40d2	cfa8dcf0d81c408de38d4202fe1ce9d9e5e301d1e67439c9530da94b1e64ee3f	7484d7b0dd80f45e18d726b04752827fe28555cc5c1af0e127948380e6688abf
semantic-proposal-v1	SC1-284d651c508e367ba49dab834a31145cb8fb19e38d5cd26690ddab028c7d7850	S015671	1	P01	SYMBOLS.tsv	332113	status	x86_64	include/net/tls_prot.h	enum_constant	TLS_ALERT_DESC_UNKNOWN_CA	49	PENDING_REVIEW	COMPLETE	COMPLETE	vendor/linux/include/net/tls_prot.h;vendor/linux/include/net/tls_prot.h:49;rewrite/configs/x86_64/frozen.config;header_closure=rewrite/metadata/header_closure.tsv;selected=PENDING_REVIEW	425f94c2954b1fe80ebdbf9b29854e89750355df	661834d402ec88b9dd3bda4628ddbbed72837e397a3a99f87d7ab3ab5ab15121	ab9e1b04b3e0a9e0474bf76f69d67488d423401629a8dd5c1872fc3893ae4502	0123af9e96b58af4e98b91a2de5608d36b63c67864b9041d3340587f3dbe40d2	cfa8dcf0d81c408de38d4202fe1ce9d9e5e301d1e67439c9530da94b1e64ee3f	7484d7b0dd80f45e18d726b04752827fe28555cc5c1af0e127948380e6688abf
semantic-proposal-v1	SC1-82cb895261d0425886839c3a808eeaa87de75ab476b3aac65fd423af7643033c	S015671	1	P01	SYMBOLS.tsv	332114	selection_expression	x86_64	include/net/tls_prot.h	enum_constant	TLS_ALERT_DESC_ACCESS_DENIED	50	PENDING_REVIEW	SOURCE_REVIEWED_VALUE	COMPLETE	vendor/linux/include/net/tls_prot.h;vendor/linux/include/net/tls_prot.h:50;rewrite/configs/x86_64/frozen.config;header_closure=rewrite/metadata/header_closure.tsv;selected=PENDING_REVIEW	425f94c2954b1fe80ebdbf9b29854e89750355df	661834d402ec88b9dd3bda4628ddbbed72837e397a3a99f87d7ab3ab5ab15121	ab9e1b04b3e0a9e0474bf76f69d67488d423401629a8dd5c1872fc3893ae4502	0123af9e96b58af4e98b91a2de5608d36b63c67864b9041d3340587f3dbe40d2	cfa8dcf0d81c408de38d4202fe1ce9d9e5e301d1e67439c9530da94b1e64ee3f	7484d7b0dd80f45e18d726b04752827fe28555cc5c1af0e127948380e6688abf
semantic-proposal-v1	SC1-12de934837614655ad28c2d641485f715d88b486b5dd3c3daabfb3447ca996a6	S015671	1	P01	SYMBOLS.tsv	332114	status	x86_64	include/net/tls_prot.h	enum_constant	TLS_ALERT_DESC_ACCESS_DENIED	50	PENDING_REVIEW	COMPLETE	COMPLETE	vendor/linux/include/net/tls_prot.h;vendor/linux/include/net/tls_prot.h:50;rewrite/configs/x86_64/frozen.config;header_closure=rewrite/metadata/header_closure.tsv;selected=PENDING_REVIEW	425f94c2954b1fe80ebdbf9b29854e89750355df	661834d402ec88b9dd3bda4628ddbbed72837e397a3a99f87d7ab3ab5ab15121	ab9e1b04b3e0a9e0474bf76f69d67488d423401629a8dd5c1872fc3893ae4502	0123af9e96b58af4e98b91a2de5608d36b63c67864b9041d3340587f3dbe40d2	cfa8dcf0d81c408de38d4202fe1ce9d9e5e301d1e67439c9530da94b1e64ee3f	7484d7b0dd80f45e18d726b04752827fe28555cc5c1af0e127948380e6688abf
semantic-proposal-v1	SC1-755400467235df74c00a18ae43a3298646bc14632cc60f14f041864e17b185b5	S015671	1	P01	SYMBOLS.tsv	332115	selection_expression	x86_64	include/net/tls_prot.h	enum_constant	TLS_ALERT_DESC_DECODE_ERROR	51	PENDING_REVIEW	SOURCE_REVIEWED_VALUE	COMPLETE	vendor/linux/include/net/tls_prot.h;vendor/linux/include/net/tls_prot.h:51;rewrite/configs/x86_64/frozen.config;header_closure=rewrite/metadata/header_closure.tsv;selected=PENDING_REVIEW	425f94c2954b1fe80ebdbf9b29854e89750355df	661834d402ec88b9dd3bda4628ddbbed72837e397a3a99f87d7ab3ab5ab15121	ab9e1b04b3e0a9e0474bf76f69d67488d423401629a8dd5c1872fc3893ae4502	0123af9e96b58af4e98b91a2de5608d36b63c67864b9041d3340587f3dbe40d2	cfa8dcf0d81c408de38d4202fe1ce9d9e5e301d1e67439c9530da94b1e64ee3f	7484d7b0dd80f45e18d726b04752827fe28555cc5c1af0e127948380e6688abf
semantic-proposal-v1	SC1-581017262d31c56af2f250de4d40c4ea0c4b13bcf7538413d6c2bbb0cae0cc82	S015671	1	P01	SYMBOLS.tsv	332115	status	x86_64	include/net/tls_prot.h	enum_constant	TLS_ALERT_DESC_DECODE_ERROR	51	PENDING_REVIEW	COMPLETE	COMPLETE	vendor/linux/include/net/tls_prot.h;vendor/linux/include/net/tls_prot.h:51;rewrite/configs/x86_64/frozen.config;header_closure=rewrite/metadata/header_closure.tsv;selected=PENDING_REVIEW	425f94c2954b1fe80ebdbf9b29854e89750355df	661834d402ec88b9dd3bda4628ddbbed72837e397a3a99f87d7ab3ab5ab15121	ab9e1b04b3e0a9e0474bf76f69d67488d423401629a8dd5c1872fc3893ae4502	0123af9e96b58af4e98b91a2de5608d36b63c67864b9041d3340587f3dbe40d2	cfa8dcf0d81c408de38d4202fe1ce9d9e5e301d1e67439c9530da94b1e64ee3f	7484d7b0dd80f45e18d726b04752827fe28555cc5c1af0e127948380e6688abf
semantic-proposal-v1	SC1-a6086012418334b9c5040d2e0d4580270266979d22fc58307bc77f7705dc306e	S015671	1	P01	SYMBOLS.tsv	332116	selection_expression	x86_64	include/net/tls_prot.h	enum_constant	TLS_ALERT_DESC_DECRYPT_ERROR	52	PENDING_REVIEW	SOURCE_REVIEWED_VALUE	COMPLETE	vendor/linux/include/net/tls_prot.h;vendor/linux/include/net/tls_prot.h:52;rewrite/configs/x86_64/frozen.config;header_closure=rewrite/metadata/header_closure.tsv;selected=PENDING_REVIEW	425f94c2954b1fe80ebdbf9b29854e89750355df	661834d402ec88b9dd3bda4628ddbbed72837e397a3a99f87d7ab3ab5ab15121	ab9e1b04b3e0a9e0474bf76f69d67488d423401629a8dd5c1872fc3893ae4502	0123af9e96b58af4e98b91a2de5608d36b63c67864b9041d3340587f3dbe40d2	cfa8dcf0d81c408de38d4202fe1ce9d9e5e301d1e67439c9530da94b1e64ee3f	7484d7b0dd80f45e18d726b04752827fe28555cc5c1af0e127948380e6688abf
semantic-proposal-v1	SC1-01a7b0ea2990997e688c5ef721cd57d971bde8199d684e896c3ea6882705fe74	S015671	1	P01	SYMBOLS.tsv	332116	status	x86_64	include/net/tls_prot.h	enum_constant	TLS_ALERT_DESC_DECRYPT_ERROR	52	PENDING_REVIEW	COMPLETE	COMPLETE	vendor/linux/include/net/tls_prot.h;vendor/linux/include/net/tls_prot.h:52;rewrite/configs/x86_64/frozen.config;header_closure=rewrite/metadata/header_closure.tsv;selected=PENDING_REVIEW	425f94c2954b1fe80ebdbf9b29854e89750355df	661834d402ec88b9dd3bda4628ddbbed72837e397a3a99f87d7ab3ab5ab15121	ab9e1b04b3e0a9e0474bf76f69d67488d423401629a8dd5c1872fc3893ae4502	0123af9e96b58af4e98b91a2de5608d36b63c67864b9041d3340587f3dbe40d2	cfa8dcf0d81c408de38d4202fe1ce9d9e5e301d1e67439c9530da94b1e64ee3f	7484d7b0dd80f45e18d726b04752827fe28555cc5c1af0e127948380e6688abf
semantic-proposal-v1	SC1-a9dfc893891630973582141dd27bd422ae8950eb4f4f35db175a9c4233b8265f	S015671	1	P01	SYMBOLS.tsv	332117	selection_expression	x86_64	include/net/tls_prot.h	enum_constant	TLS_ALERT_DESC_TOO_MANY_CIDS_REQUESTED	53	PENDING_REVIEW	SOURCE_REVIEWED_VALUE	COMPLETE	vendor/linux/include/net/tls_prot.h;vendor/linux/include/net/tls_prot.h:53;rewrite/configs/x86_64/frozen.config;header_closure=rewrite/metadata/header_closure.tsv;selected=PENDING_REVIEW	425f94c2954b1fe80ebdbf9b29854e89750355df	661834d402ec88b9dd3bda4628ddbbed72837e397a3a99f87d7ab3ab5ab15121	ab9e1b04b3e0a9e0474bf76f69d67488d423401629a8dd5c1872fc3893ae4502	0123af9e96b58af4e98b91a2de5608d36b63c67864b9041d3340587f3dbe40d2	cfa8dcf0d81c408de38d4202fe1ce9d9e5e301d1e67439c9530da94b1e64ee3f	7484d7b0dd80f45e18d726b04752827fe28555cc5c1af0e127948380e6688abf
semantic-proposal-v1	SC1-681947f83a52d33ff12f7cd15e60a2af77cd0348fff4e0b829464bcc8db57812	S015671	1	P01	SYMBOLS.tsv	332117	status	x86_64	include/net/tls_prot.h	enum_constant	TLS_ALERT_DESC_TOO_MANY_CIDS_REQUESTED	53	PENDING_REVIEW	COMPLETE	COMPLETE	vendor/linux/include/net/tls_prot.h;vendor/linux/include/net/tls_prot.h:53;rewrite/configs/x86_64/frozen.config;header_closure=rewrite/metadata/header_closure.tsv;selected=PENDING_REVIEW	425f94c2954b1fe80ebdbf9b29854e89750355df	661834d402ec88b9dd3bda4628ddbbed72837e397a3a99f87d7ab3ab5ab15121	ab9e1b04b3e0a9e0474bf76f69d67488d423401629a8dd5c1872fc3893ae4502	0123af9e96b58af4e98b91a2de5608d36b63c67864b9041d3340587f3dbe40d2	cfa8dcf0d81c408de38d4202fe1ce9d9e5e301d1e67439c9530da94b1e64ee3f	7484d7b0dd80f45e18d726b04752827fe28555cc5c1af0e127948380e6688abf
semantic-proposal-v1	SC1-54a85f9635420584ec30b493c2512c210d2ee58e102eb2522141038d4a7c9e18	S015671	1	P01	SYMBOLS.tsv	332118	selection_expression	x86_64	include/net/tls_prot.h	enum_constant	TLS_ALERT_DESC_PROTOCOL_VERSION	54	PENDING_REVIEW	SOURCE_REVIEWED_VALUE	COMPLETE	vendor/linux/include/net/tls_prot.h;vendor/linux/include/net/tls_prot.h:54;rewrite/configs/x86_64/frozen.config;header_closure=rewrite/metadata/header_closure.tsv;selected=PENDING_REVIEW	425f94c2954b1fe80ebdbf9b29854e89750355df	661834d402ec88b9dd3bda4628ddbbed72837e397a3a99f87d7ab3ab5ab15121	ab9e1b04b3e0a9e0474bf76f69d67488d423401629a8dd5c1872fc3893ae4502	0123af9e96b58af4e98b91a2de5608d36b63c67864b9041d3340587f3dbe40d2	cfa8dcf0d81c408de38d4202fe1ce9d9e5e301d1e67439c9530da94b1e64ee3f	7484d7b0dd80f45e18d726b04752827fe28555cc5c1af0e127948380e6688abf
semantic-proposal-v1	SC1-0c552afde2c3f33211b796979d8639c4e944174f3f1a1d78e871930c9f25e31c	S015671	1	P01	SYMBOLS.tsv	332118	status	x86_64	include/net/tls_prot.h	enum_constant	TLS_ALERT_DESC_PROTOCOL_VERSION	54	PENDING_REVIEW	COMPLETE	COMPLETE	vendor/linux/include/net/tls_prot.h;vendor/linux/include/net/tls_prot.h:54;rewrite/configs/x86_64/frozen.config;header_closure=rewrite/metadata/header_closure.tsv;selected=PENDING_REVIEW	425f94c2954b1fe80ebdbf9b29854e89750355df	661834d402ec88b9dd3bda4628ddbbed72837e397a3a99f87d7ab3ab5ab15121	ab9e1b04b3e0a9e0474bf76f69d67488d423401629a8dd5c1872fc3893ae4502	0123af9e96b58af4e98b91a2de5608d36b63c67864b9041d3340587f3dbe40d2	cfa8dcf0d81c408de38d4202fe1ce9d9e5e301d1e67439c9530da94b1e64ee3f	7484d7b0dd80f45e18d726b04752827fe28555cc5c1af0e127948380e6688abf
semantic-proposal-v1	SC1-392a1de9ae55cc007bfddca0b4c4046d83b7a7516630015a120959adea7b9070	S015671	1	P01	SYMBOLS.tsv	332119	selection_expression	x86_64	include/net/tls_prot.h	enum_constant	TLS_ALERT_DESC_INSUFFICIENT_SECURITY	55	PENDING_REVIEW	SOURCE_REVIEWED_VALUE	COMPLETE	vendor/linux/include/net/tls_prot.h;vendor/linux/include/net/tls_prot.h:55;rewrite/configs/x86_64/frozen.config;header_closure=rewrite/metadata/header_closure.tsv;selected=PENDING_REVIEW	425f94c2954b1fe80ebdbf9b29854e89750355df	661834d402ec88b9dd3bda4628ddbbed72837e397a3a99f87d7ab3ab5ab15121	ab9e1b04b3e0a9e0474bf76f69d67488d423401629a8dd5c1872fc3893ae4502	0123af9e96b58af4e98b91a2de5608d36b63c67864b9041d3340587f3dbe40d2	cfa8dcf0d81c408de38d4202fe1ce9d9e5e301d1e67439c9530da94b1e64ee3f	7484d7b0dd80f45e18d726b04752827fe28555cc5c1af0e127948380e6688abf
semantic-proposal-v1	SC1-a3356ccebcf507fdbaeb2f99040180e70338a6f1b7656d014716d704f418a207	S015671	1	P01	SYMBOLS.tsv	332119	status	x86_64	include/net/tls_prot.h	enum_constant	TLS_ALERT_DESC_INSUFFICIENT_SECURITY	55	PENDING_REVIEW	COMPLETE	COMPLETE	vendor/linux/include/net/tls_prot.h;vendor/linux/include/net/tls_prot.h:55;rewrite/configs/x86_64/frozen.config;header_closure=rewrite/metadata/header_closure.tsv;selected=PENDING_REVIEW	425f94c2954b1fe80ebdbf9b29854e89750355df	661834d402ec88b9dd3bda4628ddbbed72837e397a3a99f87d7ab3ab5ab15121	ab9e1b04b3e0a9e0474bf76f69d67488d423401629a8dd5c1872fc3893ae4502	0123af9e96b58af4e98b91a2de5608d36b63c67864b9041d3340587f3dbe40d2	cfa8dcf0d81c408de38d4202fe1ce9d9e5e301d1e67439c9530da94b1e64ee3f	7484d7b0dd80f45e18d726b04752827fe28555cc5c1af0e127948380e6688abf
semantic-proposal-v1	SC1-f29f5fd6d559cc805e723ffd29ef40df6bb1e096bbee272747420223fce5905a	S015671	1	P01	SYMBOLS.tsv	332120	selection_expression	x86_64	include/net/tls_prot.h	enum_constant	TLS_ALERT_DESC_INTERNAL_ERROR	56	PENDING_REVIEW	SOURCE_REVIEWED_VALUE	COMPLETE	vendor/linux/include/net/tls_prot.h;vendor/linux/include/net/tls_prot.h:56;rewrite/configs/x86_64/frozen.config;header_closure=rewrite/metadata/header_closure.tsv;selected=PENDING_REVIEW	425f94c2954b1fe80ebdbf9b29854e89750355df	661834d402ec88b9dd3bda4628ddbbed72837e397a3a99f87d7ab3ab5ab15121	ab9e1b04b3e0a9e0474bf76f69d67488d423401629a8dd5c1872fc3893ae4502	0123af9e96b58af4e98b91a2de5608d36b63c67864b9041d3340587f3dbe40d2	cfa8dcf0d81c408de38d4202fe1ce9d9e5e301d1e67439c9530da94b1e64ee3f	7484d7b0dd80f45e18d726b04752827fe28555cc5c1af0e127948380e6688abf
semantic-proposal-v1	SC1-0e8ed7ac685209cdde1dcce7335e6d7976c9eb769d05a2f5d066d7106c16fe04	S015671	1	P01	SYMBOLS.tsv	332120	status	x86_64	include/net/tls_prot.h	enum_constant	TLS_ALERT_DESC_INTERNAL_ERROR	56	PENDING_REVIEW	COMPLETE	COMPLETE	vendor/linux/include/net/tls_prot.h;vendor/linux/include/net/tls_prot.h:56;rewrite/configs/x86_64/frozen.config;header_closure=rewrite/metadata/header_closure.tsv;selected=PENDING_REVIEW	425f94c2954b1fe80ebdbf9b29854e89750355df	661834d402ec88b9dd3bda4628ddbbed72837e397a3a99f87d7ab3ab5ab15121	ab9e1b04b3e0a9e0474bf76f69d67488d423401629a8dd5c1872fc3893ae4502	0123af9e96b58af4e98b91a2de5608d36b63c67864b9041d3340587f3dbe40d2	cfa8dcf0d81c408de38d4202fe1ce9d9e5e301d1e67439c9530da94b1e64ee3f	7484d7b0dd80f45e18d726b04752827fe28555cc5c1af0e127948380e6688abf
semantic-proposal-v1	SC1-a19241cc1793e3314d69c483a9e1dd27c870f8d034b5adf487266d1c20e514de	S015671	1	P01	SYMBOLS.tsv	332121	selection_expression	x86_64	include/net/tls_prot.h	enum_constant	TLS_ALERT_DESC_INAPPROPRIATE_FALLBACK	57	PENDING_REVIEW	SOURCE_REVIEWED_VALUE	COMPLETE	vendor/linux/include/net/tls_prot.h;vendor/linux/include/net/tls_prot.h:57;rewrite/configs/x86_64/frozen.config;header_closure=rewrite/metadata/header_closure.tsv;selected=PENDING_REVIEW	425f94c2954b1fe80ebdbf9b29854e89750355df	661834d402ec88b9dd3bda4628ddbbed72837e397a3a99f87d7ab3ab5ab15121	ab9e1b04b3e0a9e0474bf76f69d67488d423401629a8dd5c1872fc3893ae4502	0123af9e96b58af4e98b91a2de5608d36b63c67864b9041d3340587f3dbe40d2	cfa8dcf0d81c408de38d4202fe1ce9d9e5e301d1e67439c9530da94b1e64ee3f	7484d7b0dd80f45e18d726b04752827fe28555cc5c1af0e127948380e6688abf
semantic-proposal-v1	SC1-76f2b04222f358a5d4f5e9d4ba68a7e560eeb68cfe8a80888d1e7f1d5e877a93	S015671	1	P01	SYMBOLS.tsv	332121	status	x86_64	include/net/tls_prot.h	enum_constant	TLS_ALERT_DESC_INAPPROPRIATE_FALLBACK	57	PENDING_REVIEW	COMPLETE	COMPLETE	vendor/linux/include/net/tls_prot.h;vendor/linux/include/net/tls_prot.h:57;rewrite/configs/x86_64/frozen.config;header_closure=rewrite/metadata/header_closure.tsv;selected=PENDING_REVIEW	425f94c2954b1fe80ebdbf9b29854e89750355df	661834d402ec88b9dd3bda4628ddbbed72837e397a3a99f87d7ab3ab5ab15121	ab9e1b04b3e0a9e0474bf76f69d67488d423401629a8dd5c1872fc3893ae4502	0123af9e96b58af4e98b91a2de5608d36b63c67864b9041d3340587f3dbe40d2	cfa8dcf0d81c408de38d4202fe1ce9d9e5e301d1e67439c9530da94b1e64ee3f	7484d7b0dd80f45e18d726b04752827fe28555cc5c1af0e127948380e6688abf
semantic-proposal-v1	SC1-d7a1062bc4f6f9de52d8c1377662a37f5f43d0f5c1b5ba4b00e87ffd45d0cb85	S015671	1	P01	SYMBOLS.tsv	332122	selection_expression	x86_64	include/net/tls_prot.h	enum_constant	TLS_ALERT_DESC_USER_CANCELED	58	PENDING_REVIEW	SOURCE_REVIEWED_VALUE	COMPLETE	vendor/linux/include/net/tls_prot.h;vendor/linux/include/net/tls_prot.h:58;rewrite/configs/x86_64/frozen.config;header_closure=rewrite/metadata/header_closure.tsv;selected=PENDING_REVIEW	425f94c2954b1fe80ebdbf9b29854e89750355df	661834d402ec88b9dd3bda4628ddbbed72837e397a3a99f87d7ab3ab5ab15121	ab9e1b04b3e0a9e0474bf76f69d67488d423401629a8dd5c1872fc3893ae4502	0123af9e96b58af4e98b91a2de5608d36b63c67864b9041d3340587f3dbe40d2	cfa8dcf0d81c408de38d4202fe1ce9d9e5e301d1e67439c9530da94b1e64ee3f	7484d7b0dd80f45e18d726b04752827fe28555cc5c1af0e127948380e6688abf
semantic-proposal-v1	SC1-60f37ec7c53c1ebdeedb999b5c01584c1025d4718a0665d16811e6ca80bfa062	S015671	1	P01	SYMBOLS.tsv	332122	status	x86_64	include/net/tls_prot.h	enum_constant	TLS_ALERT_DESC_USER_CANCELED	58	PENDING_REVIEW	COMPLETE	COMPLETE	vendor/linux/include/net/tls_prot.h;vendor/linux/include/net/tls_prot.h:58;rewrite/configs/x86_64/frozen.config;header_closure=rewrite/metadata/header_closure.tsv;selected=PENDING_REVIEW	425f94c2954b1fe80ebdbf9b29854e89750355df	661834d402ec88b9dd3bda4628ddbbed72837e397a3a99f87d7ab3ab5ab15121	ab9e1b04b3e0a9e0474bf76f69d67488d423401629a8dd5c1872fc3893ae4502	0123af9e96b58af4e98b91a2de5608d36b63c67864b9041d3340587f3dbe40d2	cfa8dcf0d81c408de38d4202fe1ce9d9e5e301d1e67439c9530da94b1e64ee3f	7484d7b0dd80f45e18d726b04752827fe28555cc5c1af0e127948380e6688abf
semantic-proposal-v1	SC1-b70170b1038d639c6c7d8d0a1b94b0c189231e2f9dfe4146249d2714899e29ec	S015671	1	P01	SYMBOLS.tsv	332123	selection_expression	x86_64	include/net/tls_prot.h	enum_constant	TLS_ALERT_DESC_MISSING_EXTENSION	59	PENDING_REVIEW	SOURCE_REVIEWED_VALUE	COMPLETE	vendor/linux/include/net/tls_prot.h;vendor/linux/include/net/tls_prot.h:59;rewrite/configs/x86_64/frozen.config;header_closure=rewrite/metadata/header_closure.tsv;selected=PENDING_REVIEW	425f94c2954b1fe80ebdbf9b29854e89750355df	661834d402ec88b9dd3bda4628ddbbed72837e397a3a99f87d7ab3ab5ab15121	ab9e1b04b3e0a9e0474bf76f69d67488d423401629a8dd5c1872fc3893ae4502	0123af9e96b58af4e98b91a2de5608d36b63c67864b9041d3340587f3dbe40d2	cfa8dcf0d81c408de38d4202fe1ce9d9e5e301d1e67439c9530da94b1e64ee3f	7484d7b0dd80f45e18d726b04752827fe28555cc5c1af0e127948380e6688abf
semantic-proposal-v1	SC1-8eb8631efe445ad0499cf30ec4ce41496874b57f26a90a20ff2c8463240ef3b4	S015671	1	P01	SYMBOLS.tsv	332123	status	x86_64	include/net/tls_prot.h	enum_constant	TLS_ALERT_DESC_MISSING_EXTENSION	59	PENDING_REVIEW	COMPLETE	COMPLETE	vendor/linux/include/net/tls_prot.h;vendor/linux/include/net/tls_prot.h:59;rewrite/configs/x86_64/frozen.config;header_closure=rewrite/metadata/header_closure.tsv;selected=PENDING_REVIEW	425f94c2954b1fe80ebdbf9b29854e89750355df	661834d402ec88b9dd3bda4628ddbbed72837e397a3a99f87d7ab3ab5ab15121	ab9e1b04b3e0a9e0474bf76f69d67488d423401629a8dd5c1872fc3893ae4502	0123af9e96b58af4e98b91a2de5608d36b63c67864b9041d3340587f3dbe40d2	cfa8dcf0d81c408de38d4202fe1ce9d9e5e301d1e67439c9530da94b1e64ee3f	7484d7b0dd80f45e18d726b04752827fe28555cc5c1af0e127948380e6688abf
semantic-proposal-v1	SC1-ac8d44c92c095aaf0183472487e63e954296b51bfcb92cbc6a729c3f6578c5ef	S015671	1	P01	SYMBOLS.tsv	332124	selection_expression	x86_64	include/net/tls_prot.h	enum_constant	TLS_ALERT_DESC_UNSUPPORTED_EXTENSION	60	PENDING_REVIEW	SOURCE_REVIEWED_VALUE	COMPLETE	vendor/linux/include/net/tls_prot.h;vendor/linux/include/net/tls_prot.h:60;rewrite/configs/x86_64/frozen.config;header_closure=rewrite/metadata/header_closure.tsv;selected=PENDING_REVIEW	425f94c2954b1fe80ebdbf9b29854e89750355df	661834d402ec88b9dd3bda4628ddbbed72837e397a3a99f87d7ab3ab5ab15121	ab9e1b04b3e0a9e0474bf76f69d67488d423401629a8dd5c1872fc3893ae4502	0123af9e96b58af4e98b91a2de5608d36b63c67864b9041d3340587f3dbe40d2	cfa8dcf0d81c408de38d4202fe1ce9d9e5e301d1e67439c9530da94b1e64ee3f	7484d7b0dd80f45e18d726b04752827fe28555cc5c1af0e127948380e6688abf
semantic-proposal-v1	SC1-a80f40e220e91e9d28b3ed42faaa39944dc7799374d6f8eec85b60478bfbd84d	S015671	1	P01	SYMBOLS.tsv	332124	status	x86_64	include/net/tls_prot.h	enum_constant	TLS_ALERT_DESC_UNSUPPORTED_EXTENSION	60	PENDING_REVIEW	COMPLETE	COMPLETE	vendor/linux/include/net/tls_prot.h;vendor/linux/include/net/tls_prot.h:60;rewrite/configs/x86_64/frozen.config;header_closure=rewrite/metadata/header_closure.tsv;selected=PENDING_REVIEW	425f94c2954b1fe80ebdbf9b29854e89750355df	661834d402ec88b9dd3bda4628ddbbed72837e397a3a99f87d7ab3ab5ab15121	ab9e1b04b3e0a9e0474bf76f69d67488d423401629a8dd5c1872fc3893ae4502	0123af9e96b58af4e98b91a2de5608d36b63c67864b9041d3340587f3dbe40d2	cfa8dcf0d81c408de38d4202fe1ce9d9e5e301d1e67439c9530da94b1e64ee3f	7484d7b0dd80f45e18d726b04752827fe28555cc5c1af0e127948380e6688abf
semantic-proposal-v1	SC1-f09b980699c5f0baa06b2ffc811070ab1ad811a510ca27b84b4a14aaf3dfa7a2	S015671	1	P01	SYMBOLS.tsv	332125	selection_expression	x86_64	include/net/tls_prot.h	enum_constant	TLS_ALERT_DESC_UNRECOGNIZED_NAME	61	PENDING_REVIEW	SOURCE_REVIEWED_VALUE	COMPLETE	vendor/linux/include/net/tls_prot.h;vendor/linux/include/net/tls_prot.h:61;rewrite/configs/x86_64/frozen.config;header_closure=rewrite/metadata/header_closure.tsv;selected=PENDING_REVIEW	425f94c2954b1fe80ebdbf9b29854e89750355df	661834d402ec88b9dd3bda4628ddbbed72837e397a3a99f87d7ab3ab5ab15121	ab9e1b04b3e0a9e0474bf76f69d67488d423401629a8dd5c1872fc3893ae4502	0123af9e96b58af4e98b91a2de5608d36b63c67864b9041d3340587f3dbe40d2	cfa8dcf0d81c408de38d4202fe1ce9d9e5e301d1e67439c9530da94b1e64ee3f	7484d7b0dd80f45e18d726b04752827fe28555cc5c1af0e127948380e6688abf
semantic-proposal-v1	SC1-70dd923e718c8885fb5707ec0925d841ffd8794320d35e51bd07d4fbea929310	S015671	1	P01	SYMBOLS.tsv	332125	status	x86_64	include/net/tls_prot.h	enum_constant	TLS_ALERT_DESC_UNRECOGNIZED_NAME	61	PENDING_REVIEW	COMPLETE	COMPLETE	vendor/linux/include/net/tls_prot.h;vendor/linux/include/net/tls_prot.h:61;rewrite/configs/x86_64/frozen.config;header_closure=rewrite/metadata/header_closure.tsv;selected=PENDING_REVIEW	425f94c2954b1fe80ebdbf9b29854e89750355df	661834d402ec88b9dd3bda4628ddbbed72837e397a3a99f87d7ab3ab5ab15121	ab9e1b04b3e0a9e0474bf76f69d67488d423401629a8dd5c1872fc3893ae4502	0123af9e96b58af4e98b91a2de5608d36b63c67864b9041d3340587f3dbe40d2	cfa8dcf0d81c408de38d4202fe1ce9d9e5e301d1e67439c9530da94b1e64ee3f	7484d7b0dd80f45e18d726b04752827fe28555cc5c1af0e127948380e6688abf
semantic-proposal-v1	SC1-0d6d65bb688e3a5462f22274bd892580904a67eb709eb44c5fdf9cc256ebd70b	S015671	1	P01	SYMBOLS.tsv	332126	selection_expression	x86_64	include/net/tls_prot.h	enum_constant	TLS_ALERT_DESC_BAD_CERTIFICATE_STATUS_RESPONSE	62	PENDING_REVIEW	SOURCE_REVIEWED_VALUE	COMPLETE	vendor/linux/include/net/tls_prot.h;vendor/linux/include/net/tls_prot.h:62;rewrite/configs/x86_64/frozen.config;header_closure=rewrite/metadata/header_closure.tsv;selected=PENDING_REVIEW	425f94c2954b1fe80ebdbf9b29854e89750355df	661834d402ec88b9dd3bda4628ddbbed72837e397a3a99f87d7ab3ab5ab15121	ab9e1b04b3e0a9e0474bf76f69d67488d423401629a8dd5c1872fc3893ae4502	0123af9e96b58af4e98b91a2de5608d36b63c67864b9041d3340587f3dbe40d2	cfa8dcf0d81c408de38d4202fe1ce9d9e5e301d1e67439c9530da94b1e64ee3f	7484d7b0dd80f45e18d726b04752827fe28555cc5c1af0e127948380e6688abf
semantic-proposal-v1	SC1-3d935571f2adda37ffcd00d201539a1d0866b69af9149ec1acce1e58216aac4d	S015671	1	P01	SYMBOLS.tsv	332126	status	x86_64	include/net/tls_prot.h	enum_constant	TLS_ALERT_DESC_BAD_CERTIFICATE_STATUS_RESPONSE	62	PENDING_REVIEW	COMPLETE	COMPLETE	vendor/linux/include/net/tls_prot.h;vendor/linux/include/net/tls_prot.h:62;rewrite/configs/x86_64/frozen.config;header_closure=rewrite/metadata/header_closure.tsv;selected=PENDING_REVIEW	425f94c2954b1fe80ebdbf9b29854e89750355df	661834d402ec88b9dd3bda4628ddbbed72837e397a3a99f87d7ab3ab5ab15121	ab9e1b04b3e0a9e0474bf76f69d67488d423401629a8dd5c1872fc3893ae4502	0123af9e96b58af4e98b91a2de5608d36b63c67864b9041d3340587f3dbe40d2	cfa8dcf0d81c408de38d4202fe1ce9d9e5e301d1e67439c9530da94b1e64ee3f	7484d7b0dd80f45e18d726b04752827fe28555cc5c1af0e127948380e6688abf
semantic-proposal-v1	SC1-6d146faa5344c39e0ea4b6c013fa83d491e02fb44217ccc82abf488b35acd6d8	S015671	1	P01	SYMBOLS.tsv	332127	selection_expression	x86_64	include/net/tls_prot.h	enum_constant	TLS_ALERT_DESC_UNKNOWN_PSK_IDENTITY	63	PENDING_REVIEW	SOURCE_REVIEWED_VALUE	COMPLETE	vendor/linux/include/net/tls_prot.h;vendor/linux/include/net/tls_prot.h:63;rewrite/configs/x86_64/frozen.config;header_closure=rewrite/metadata/header_closure.tsv;selected=PENDING_REVIEW	425f94c2954b1fe80ebdbf9b29854e89750355df	661834d402ec88b9dd3bda4628ddbbed72837e397a3a99f87d7ab3ab5ab15121	ab9e1b04b3e0a9e0474bf76f69d67488d423401629a8dd5c1872fc3893ae4502	0123af9e96b58af4e98b91a2de5608d36b63c67864b9041d3340587f3dbe40d2	cfa8dcf0d81c408de38d4202fe1ce9d9e5e301d1e67439c9530da94b1e64ee3f	7484d7b0dd80f45e18d726b04752827fe28555cc5c1af0e127948380e6688abf
semantic-proposal-v1	SC1-b7b0848c2ae1166ac3ca0e4d22b2b1b2596c86ead5c40281772b4dd35c6b0dd7	S015671	1	P01	SYMBOLS.tsv	332127	status	x86_64	include/net/tls_prot.h	enum_constant	TLS_ALERT_DESC_UNKNOWN_PSK_IDENTITY	63	PENDING_REVIEW	COMPLETE	COMPLETE	vendor/linux/include/net/tls_prot.h;vendor/linux/include/net/tls_prot.h:63;rewrite/configs/x86_64/frozen.config;header_closure=rewrite/metadata/header_closure.tsv;selected=PENDING_REVIEW	425f94c2954b1fe80ebdbf9b29854e89750355df	661834d402ec88b9dd3bda4628ddbbed72837e397a3a99f87d7ab3ab5ab15121	ab9e1b04b3e0a9e0474bf76f69d67488d423401629a8dd5c1872fc3893ae4502	0123af9e96b58af4e98b91a2de5608d36b63c67864b9041d3340587f3dbe40d2	cfa8dcf0d81c408de38d4202fe1ce9d9e5e301d1e67439c9530da94b1e64ee3f	7484d7b0dd80f45e18d726b04752827fe28555cc5c1af0e127948380e6688abf
semantic-proposal-v1	SC1-73e64670716e193328a7b9e50826aa78fd305f91dd1477efd0df57501ae8fb1d	S015671	1	P01	SYMBOLS.tsv	332128	selection_expression	x86_64	include/net/tls_prot.h	enum_constant	TLS_ALERT_DESC_CERTIFICATE_REQUIRED	64	PENDING_REVIEW	SOURCE_REVIEWED_VALUE	COMPLETE	vendor/linux/include/net/tls_prot.h;vendor/linux/include/net/tls_prot.h:64;rewrite/configs/x86_64/frozen.config;header_closure=rewrite/metadata/header_closure.tsv;selected=PENDING_REVIEW	425f94c2954b1fe80ebdbf9b29854e89750355df	661834d402ec88b9dd3bda4628ddbbed72837e397a3a99f87d7ab3ab5ab15121	ab9e1b04b3e0a9e0474bf76f69d67488d423401629a8dd5c1872fc3893ae4502	0123af9e96b58af4e98b91a2de5608d36b63c67864b9041d3340587f3dbe40d2	cfa8dcf0d81c408de38d4202fe1ce9d9e5e301d1e67439c9530da94b1e64ee3f	7484d7b0dd80f45e18d726b04752827fe28555cc5c1af0e127948380e6688abf
semantic-proposal-v1	SC1-abadb9ef8f168a14a158246d8b2290907b87769ed0ab5a3bc30188243f802ee7	S015671	1	P01	SYMBOLS.tsv	332128	status	x86_64	include/net/tls_prot.h	enum_constant	TLS_ALERT_DESC_CERTIFICATE_REQUIRED	64	PENDING_REVIEW	COMPLETE	COMPLETE	vendor/linux/include/net/tls_prot.h;vendor/linux/include/net/tls_prot.h:64;rewrite/configs/x86_64/frozen.config;header_closure=rewrite/metadata/header_closure.tsv;selected=PENDING_REVIEW	425f94c2954b1fe80ebdbf9b29854e89750355df	661834d402ec88b9dd3bda4628ddbbed72837e397a3a99f87d7ab3ab5ab15121	ab9e1b04b3e0a9e0474bf76f69d67488d423401629a8dd5c1872fc3893ae4502	0123af9e96b58af4e98b91a2de5608d36b63c67864b9041d3340587f3dbe40d2	cfa8dcf0d81c408de38d4202fe1ce9d9e5e301d1e67439c9530da94b1e64ee3f	7484d7b0dd80f45e18d726b04752827fe28555cc5c1af0e127948380e6688abf
semantic-proposal-v1	SC1-d140d8e345c258c11e57a5ac5c5b7a2433bae0d7136f1ae41571cc3729ff28f9	S015671	1	P01	SYMBOLS.tsv	332129	selection_expression	x86_64	include/net/tls_prot.h	enum_constant	TLS_ALERT_DESC_NO_APPLICATION_PROTOCOL	65	PENDING_REVIEW	SOURCE_REVIEWED_VALUE	COMPLETE	vendor/linux/include/net/tls_prot.h;vendor/linux/include/net/tls_prot.h:65;rewrite/configs/x86_64/frozen.config;header_closure=rewrite/metadata/header_closure.tsv;selected=PENDING_REVIEW	425f94c2954b1fe80ebdbf9b29854e89750355df	661834d402ec88b9dd3bda4628ddbbed72837e397a3a99f87d7ab3ab5ab15121	ab9e1b04b3e0a9e0474bf76f69d67488d423401629a8dd5c1872fc3893ae4502	0123af9e96b58af4e98b91a2de5608d36b63c67864b9041d3340587f3dbe40d2	cfa8dcf0d81c408de38d4202fe1ce9d9e5e301d1e67439c9530da94b1e64ee3f	7484d7b0dd80f45e18d726b04752827fe28555cc5c1af0e127948380e6688abf
semantic-proposal-v1	SC1-cfad0ab6a9db28c0ea953d28367fa9ec2509e848397bfedf12697947d307b80d	S015671	1	P01	SYMBOLS.tsv	332129	status	x86_64	include/net/tls_prot.h	enum_constant	TLS_ALERT_DESC_NO_APPLICATION_PROTOCOL	65	PENDING_REVIEW	COMPLETE	COMPLETE	vendor/linux/include/net/tls_prot.h;vendor/linux/include/net/tls_prot.h:65;rewrite/configs/x86_64/frozen.config;header_closure=rewrite/metadata/header_closure.tsv;selected=PENDING_REVIEW	425f94c2954b1fe80ebdbf9b29854e89750355df	661834d402ec88b9dd3bda4628ddbbed72837e397a3a99f87d7ab3ab5ab15121	ab9e1b04b3e0a9e0474bf76f69d67488d423401629a8dd5c1872fc3893ae4502	0123af9e96b58af4e98b91a2de5608d36b63c67864b9041d3340587f3dbe40d2	cfa8dcf0d81c408de38d4202fe1ce9d9e5e301d1e67439c9530da94b1e64ee3f	7484d7b0dd80f45e18d726b04752827fe28555cc5c1af0e127948380e6688abf
semantic-proposal-v1	SC1-b7c09162e50312fd4d80876f69d82200045ad46b5643b1812a4b39711e797926	S015671	1	P01	ABI.tsv	179276	alignment	aarch64	include/net/tls_prot.h	type	anonymous_enum@16	16	PENDING_REVIEW	SOURCE_REVIEWED_VALUE	COMPLETE	vendor/linux/include/net/tls_prot.h;vendor/linux/include/net/tls_prot.h:16;header-context=PENDING_REVIEW	425f94c2954b1fe80ebdbf9b29854e89750355df	661834d402ec88b9dd3bda4628ddbbed72837e397a3a99f87d7ab3ab5ab15121	ab9e1b04b3e0a9e0474bf76f69d67488d423401629a8dd5c1872fc3893ae4502	0123af9e96b58af4e98b91a2de5608d36b63c67864b9041d3340587f3dbe40d2	cfa8dcf0d81c408de38d4202fe1ce9d9e5e301d1e67439c9530da94b1e64ee3f	ae0caca34fe9b6eb8097958d2fbb8d2b6a1fad60f91f3c2b8d948c43dbfcee39
semantic-proposal-v1	SC1-6a058f332aa044bf328558c5c522435e5cdecfcd1ccea30d7ca5fece9576f62c	S015671	1	P01	ABI.tsv	179276	export_kind	aarch64	include/net/tls_prot.h	type	anonymous_enum@16	16	PENDING_REVIEW	SOURCE_REVIEWED_VALUE	COMPLETE	vendor/linux/include/net/tls_prot.h;vendor/linux/include/net/tls_prot.h:16;header-context=PENDING_REVIEW	425f94c2954b1fe80ebdbf9b29854e89750355df	661834d402ec88b9dd3bda4628ddbbed72837e397a3a99f87d7ab3ab5ab15121	ab9e1b04b3e0a9e0474bf76f69d67488d423401629a8dd5c1872fc3893ae4502	0123af9e96b58af4e98b91a2de5608d36b63c67864b9041d3340587f3dbe40d2	cfa8dcf0d81c408de38d4202fe1ce9d9e5e301d1e67439c9530da94b1e64ee3f	ae0caca34fe9b6eb8097958d2fbb8d2b6a1fad60f91f3c2b8d948c43dbfcee39
semantic-proposal-v1	SC1-3d17fd8213c99c577f22445fd2bcdaca02cfc624a7e0abfe1146912b36c7b03a	S015671	1	P01	ABI.tsv	179276	layout	aarch64	include/net/tls_prot.h	type	anonymous_enum@16	16	PENDING_REVIEW	SOURCE_REVIEWED_VALUE	COMPLETE	vendor/linux/include/net/tls_prot.h;vendor/linux/include/net/tls_prot.h:16;header-context=PENDING_REVIEW	425f94c2954b1fe80ebdbf9b29854e89750355df	661834d402ec88b9dd3bda4628ddbbed72837e397a3a99f87d7ab3ab5ab15121	ab9e1b04b3e0a9e0474bf76f69d67488d423401629a8dd5c1872fc3893ae4502	0123af9e96b58af4e98b91a2de5608d36b63c67864b9041d3340587f3dbe40d2	cfa8dcf0d81c408de38d4202fe1ce9d9e5e301d1e67439c9530da94b1e64ee3f	ae0caca34fe9b6eb8097958d2fbb8d2b6a1fad60f91f3c2b8d948c43dbfcee39
semantic-proposal-v1	SC1-b251c7af6bf00ddcff0693500ad0aa7ea6dd27b2f51c58c8596db13f9c6ea903	S015671	1	P01	ABI.tsv	179276	status	aarch64	include/net/tls_prot.h	type	anonymous_enum@16	16	PENDING_REVIEW	COMPLETE	COMPLETE	vendor/linux/include/net/tls_prot.h;vendor/linux/include/net/tls_prot.h:16;header-context=PENDING_REVIEW	425f94c2954b1fe80ebdbf9b29854e89750355df	661834d402ec88b9dd3bda4628ddbbed72837e397a3a99f87d7ab3ab5ab15121	ab9e1b04b3e0a9e0474bf76f69d67488d423401629a8dd5c1872fc3893ae4502	0123af9e96b58af4e98b91a2de5608d36b63c67864b9041d3340587f3dbe40d2	cfa8dcf0d81c408de38d4202fe1ce9d9e5e301d1e67439c9530da94b1e64ee3f	ae0caca34fe9b6eb8097958d2fbb8d2b6a1fad60f91f3c2b8d948c43dbfcee39
semantic-proposal-v1	SC1-7d1fd76f4213c70850c6cc3e895958622136e9d11e1ca95e9a0666542e6ce97c	S015671	1	P01	ABI.tsv	179277	alignment	aarch64	include/net/tls_prot.h	type	anonymous_enum@29	29	PENDING_REVIEW	SOURCE_REVIEWED_VALUE	COMPLETE	vendor/linux/include/net/tls_prot.h;vendor/linux/include/net/tls_prot.h:29;header-context=PENDING_REVIEW	425f94c2954b1fe80ebdbf9b29854e89750355df	661834d402ec88b9dd3bda4628ddbbed72837e397a3a99f87d7ab3ab5ab15121	ab9e1b04b3e0a9e0474bf76f69d67488d423401629a8dd5c1872fc3893ae4502	0123af9e96b58af4e98b91a2de5608d36b63c67864b9041d3340587f3dbe40d2	cfa8dcf0d81c408de38d4202fe1ce9d9e5e301d1e67439c9530da94b1e64ee3f	ae0caca34fe9b6eb8097958d2fbb8d2b6a1fad60f91f3c2b8d948c43dbfcee39
semantic-proposal-v1	SC1-25b2b63a940dfbcdbd9f1d5e275075e74494384f984d028dc0ac15b7460f1d1d	S015671	1	P01	ABI.tsv	179277	export_kind	aarch64	include/net/tls_prot.h	type	anonymous_enum@29	29	PENDING_REVIEW	SOURCE_REVIEWED_VALUE	COMPLETE	vendor/linux/include/net/tls_prot.h;vendor/linux/include/net/tls_prot.h:29;header-context=PENDING_REVIEW	425f94c2954b1fe80ebdbf9b29854e89750355df	661834d402ec88b9dd3bda4628ddbbed72837e397a3a99f87d7ab3ab5ab15121	ab9e1b04b3e0a9e0474bf76f69d67488d423401629a8dd5c1872fc3893ae4502	0123af9e96b58af4e98b91a2de5608d36b63c67864b9041d3340587f3dbe40d2	cfa8dcf0d81c408de38d4202fe1ce9d9e5e301d1e67439c9530da94b1e64ee3f	ae0caca34fe9b6eb8097958d2fbb8d2b6a1fad60f91f3c2b8d948c43dbfcee39
semantic-proposal-v1	SC1-3a87a4e715ebf686886f2d51c2a189e6075ed177a4b94990bd9079f6c57e15e9	S015671	1	P01	ABI.tsv	179277	layout	aarch64	include/net/tls_prot.h	type	anonymous_enum@29	29	PENDING_REVIEW	SOURCE_REVIEWED_VALUE	COMPLETE	vendor/linux/include/net/tls_prot.h;vendor/linux/include/net/tls_prot.h:29;header-context=PENDING_REVIEW	425f94c2954b1fe80ebdbf9b29854e89750355df	661834d402ec88b9dd3bda4628ddbbed72837e397a3a99f87d7ab3ab5ab15121	ab9e1b04b3e0a9e0474bf76f69d67488d423401629a8dd5c1872fc3893ae4502	0123af9e96b58af4e98b91a2de5608d36b63c67864b9041d3340587f3dbe40d2	cfa8dcf0d81c408de38d4202fe1ce9d9e5e301d1e67439c9530da94b1e64ee3f	ae0caca34fe9b6eb8097958d2fbb8d2b6a1fad60f91f3c2b8d948c43dbfcee39
semantic-proposal-v1	SC1-1d0aede373dcc378ebe85fd3ca08ed108d82e8923019d25539e1045d671f99ad	S015671	1	P01	ABI.tsv	179277	status	aarch64	include/net/tls_prot.h	type	anonymous_enum@29	29	PENDING_REVIEW	COMPLETE	COMPLETE	vendor/linux/include/net/tls_prot.h;vendor/linux/include/net/tls_prot.h:29;header-context=PENDING_REVIEW	425f94c2954b1fe80ebdbf9b29854e89750355df	661834d402ec88b9dd3bda4628ddbbed72837e397a3a99f87d7ab3ab5ab15121	ab9e1b04b3e0a9e0474bf76f69d67488d423401629a8dd5c1872fc3893ae4502	0123af9e96b58af4e98b91a2de5608d36b63c67864b9041d3340587f3dbe40d2	cfa8dcf0d81c408de38d4202fe1ce9d9e5e301d1e67439c9530da94b1e64ee3f	ae0caca34fe9b6eb8097958d2fbb8d2b6a1fad60f91f3c2b8d948c43dbfcee39
semantic-proposal-v1	SC1-37e6239fdc90a1737b3f92af067e0ca94bb42978e94874329a605699fb2817e1	S015671	1	P01	ABI.tsv	179278	alignment	aarch64	include/net/tls_prot.h	type	anonymous_enum@37	37	PENDING_REVIEW	SOURCE_REVIEWED_VALUE	COMPLETE	vendor/linux/include/net/tls_prot.h;vendor/linux/include/net/tls_prot.h:37;header-context=PENDING_REVIEW	425f94c2954b1fe80ebdbf9b29854e89750355df	661834d402ec88b9dd3bda4628ddbbed72837e397a3a99f87d7ab3ab5ab15121	ab9e1b04b3e0a9e0474bf76f69d67488d423401629a8dd5c1872fc3893ae4502	0123af9e96b58af4e98b91a2de5608d36b63c67864b9041d3340587f3dbe40d2	cfa8dcf0d81c408de38d4202fe1ce9d9e5e301d1e67439c9530da94b1e64ee3f	ae0caca34fe9b6eb8097958d2fbb8d2b6a1fad60f91f3c2b8d948c43dbfcee39
semantic-proposal-v1	SC1-6c5b4777ece459870f07a0fcb89468ac0e1209978fea98cbf460b8d240b06ccc	S015671	1	P01	ABI.tsv	179278	export_kind	aarch64	include/net/tls_prot.h	type	anonymous_enum@37	37	PENDING_REVIEW	SOURCE_REVIEWED_VALUE	COMPLETE	vendor/linux/include/net/tls_prot.h;vendor/linux/include/net/tls_prot.h:37;header-context=PENDING_REVIEW	425f94c2954b1fe80ebdbf9b29854e89750355df	661834d402ec88b9dd3bda4628ddbbed72837e397a3a99f87d7ab3ab5ab15121	ab9e1b04b3e0a9e0474bf76f69d67488d423401629a8dd5c1872fc3893ae4502	0123af9e96b58af4e98b91a2de5608d36b63c67864b9041d3340587f3dbe40d2	cfa8dcf0d81c408de38d4202fe1ce9d9e5e301d1e67439c9530da94b1e64ee3f	ae0caca34fe9b6eb8097958d2fbb8d2b6a1fad60f91f3c2b8d948c43dbfcee39
semantic-proposal-v1	SC1-6a1a61122c77ae78ba8061de4aa894527df1a5a4668db4989e551bfb24d86acb	S015671	1	P01	ABI.tsv	179278	layout	aarch64	include/net/tls_prot.h	type	anonymous_enum@37	37	PENDING_REVIEW	SOURCE_REVIEWED_VALUE	COMPLETE	vendor/linux/include/net/tls_prot.h;vendor/linux/include/net/tls_prot.h:37;header-context=PENDING_REVIEW	425f94c2954b1fe80ebdbf9b29854e89750355df	661834d402ec88b9dd3bda4628ddbbed72837e397a3a99f87d7ab3ab5ab15121	ab9e1b04b3e0a9e0474bf76f69d67488d423401629a8dd5c1872fc3893ae4502	0123af9e96b58af4e98b91a2de5608d36b63c67864b9041d3340587f3dbe40d2	cfa8dcf0d81c408de38d4202fe1ce9d9e5e301d1e67439c9530da94b1e64ee3f	ae0caca34fe9b6eb8097958d2fbb8d2b6a1fad60f91f3c2b8d948c43dbfcee39
semantic-proposal-v1	SC1-55cbdebdad1c2dd695dc8b48745b988b66e7ad2da2325836a7d7f3818b71f9cf	S015671	1	P01	ABI.tsv	179278	status	aarch64	include/net/tls_prot.h	type	anonymous_enum@37	37	PENDING_REVIEW	COMPLETE	COMPLETE	vendor/linux/include/net/tls_prot.h;vendor/linux/include/net/tls_prot.h:37;header-context=PENDING_REVIEW	425f94c2954b1fe80ebdbf9b29854e89750355df	661834d402ec88b9dd3bda4628ddbbed72837e397a3a99f87d7ab3ab5ab15121	ab9e1b04b3e0a9e0474bf76f69d67488d423401629a8dd5c1872fc3893ae4502	0123af9e96b58af4e98b91a2de5608d36b63c67864b9041d3340587f3dbe40d2	cfa8dcf0d81c408de38d4202fe1ce9d9e5e301d1e67439c9530da94b1e64ee3f	ae0caca34fe9b6eb8097958d2fbb8d2b6a1fad60f91f3c2b8d948c43dbfcee39
semantic-proposal-v1	SC1-1447c778387a10f7c5824c14f119d001713a9dce61a0fa2f43ee6861fa0b9603	S015671	1	P01	ABI.tsv	179279	alignment	x86_64	include/net/tls_prot.h	type	anonymous_enum@16	16	PENDING_REVIEW	SOURCE_REVIEWED_VALUE	COMPLETE	vendor/linux/include/net/tls_prot.h;vendor/linux/include/net/tls_prot.h:16;header-context=PENDING_REVIEW	425f94c2954b1fe80ebdbf9b29854e89750355df	661834d402ec88b9dd3bda4628ddbbed72837e397a3a99f87d7ab3ab5ab15121	ab9e1b04b3e0a9e0474bf76f69d67488d423401629a8dd5c1872fc3893ae4502	0123af9e96b58af4e98b91a2de5608d36b63c67864b9041d3340587f3dbe40d2	cfa8dcf0d81c408de38d4202fe1ce9d9e5e301d1e67439c9530da94b1e64ee3f	ae0caca34fe9b6eb8097958d2fbb8d2b6a1fad60f91f3c2b8d948c43dbfcee39
semantic-proposal-v1	SC1-fcc284d65bc491c54aadb5d4164c1470ed4080e2182367f985e8a98064ae79c5	S015671	1	P01	ABI.tsv	179279	export_kind	x86_64	include/net/tls_prot.h	type	anonymous_enum@16	16	PENDING_REVIEW	SOURCE_REVIEWED_VALUE	COMPLETE	vendor/linux/include/net/tls_prot.h;vendor/linux/include/net/tls_prot.h:16;header-context=PENDING_REVIEW	425f94c2954b1fe80ebdbf9b29854e89750355df	661834d402ec88b9dd3bda4628ddbbed72837e397a3a99f87d7ab3ab5ab15121	ab9e1b04b3e0a9e0474bf76f69d67488d423401629a8dd5c1872fc3893ae4502	0123af9e96b58af4e98b91a2de5608d36b63c67864b9041d3340587f3dbe40d2	cfa8dcf0d81c408de38d4202fe1ce9d9e5e301d1e67439c9530da94b1e64ee3f	ae0caca34fe9b6eb8097958d2fbb8d2b6a1fad60f91f3c2b8d948c43dbfcee39
semantic-proposal-v1	SC1-968682460bf8ae2fdefcb6dfefa074daef4cd2b65a89c2c06e44aa261e926874	S015671	1	P01	ABI.tsv	179279	layout	x86_64	include/net/tls_prot.h	type	anonymous_enum@16	16	PENDING_REVIEW	SOURCE_REVIEWED_VALUE	COMPLETE	vendor/linux/include/net/tls_prot.h;vendor/linux/include/net/tls_prot.h:16;header-context=PENDING_REVIEW	425f94c2954b1fe80ebdbf9b29854e89750355df	661834d402ec88b9dd3bda4628ddbbed72837e397a3a99f87d7ab3ab5ab15121	ab9e1b04b3e0a9e0474bf76f69d67488d423401629a8dd5c1872fc3893ae4502	0123af9e96b58af4e98b91a2de5608d36b63c67864b9041d3340587f3dbe40d2	cfa8dcf0d81c408de38d4202fe1ce9d9e5e301d1e67439c9530da94b1e64ee3f	ae0caca34fe9b6eb8097958d2fbb8d2b6a1fad60f91f3c2b8d948c43dbfcee39
semantic-proposal-v1	SC1-7bfa2e57d4022f302d01726398b7201fe3859c4ddc72bcca688fab94dd20f98c	S015671	1	P01	ABI.tsv	179279	status	x86_64	include/net/tls_prot.h	type	anonymous_enum@16	16	PENDING_REVIEW	COMPLETE	COMPLETE	vendor/linux/include/net/tls_prot.h;vendor/linux/include/net/tls_prot.h:16;header-context=PENDING_REVIEW	425f94c2954b1fe80ebdbf9b29854e89750355df	661834d402ec88b9dd3bda4628ddbbed72837e397a3a99f87d7ab3ab5ab15121	ab9e1b04b3e0a9e0474bf76f69d67488d423401629a8dd5c1872fc3893ae4502	0123af9e96b58af4e98b91a2de5608d36b63c67864b9041d3340587f3dbe40d2	cfa8dcf0d81c408de38d4202fe1ce9d9e5e301d1e67439c9530da94b1e64ee3f	ae0caca34fe9b6eb8097958d2fbb8d2b6a1fad60f91f3c2b8d948c43dbfcee39
semantic-proposal-v1	SC1-9d0646542f7ef3a6658d560b6e17e0e0fbe42f6f7f62b8969f152726ccb0c1f8	S015671	1	P01	ABI.tsv	179280	alignment	x86_64	include/net/tls_prot.h	type	anonymous_enum@29	29	PENDING_REVIEW	SOURCE_REVIEWED_VALUE	COMPLETE	vendor/linux/include/net/tls_prot.h;vendor/linux/include/net/tls_prot.h:29;header-context=PENDING_REVIEW	425f94c2954b1fe80ebdbf9b29854e89750355df	661834d402ec88b9dd3bda4628ddbbed72837e397a3a99f87d7ab3ab5ab15121	ab9e1b04b3e0a9e0474bf76f69d67488d423401629a8dd5c1872fc3893ae4502	0123af9e96b58af4e98b91a2de5608d36b63c67864b9041d3340587f3dbe40d2	cfa8dcf0d81c408de38d4202fe1ce9d9e5e301d1e67439c9530da94b1e64ee3f	ae0caca34fe9b6eb8097958d2fbb8d2b6a1fad60f91f3c2b8d948c43dbfcee39
semantic-proposal-v1	SC1-153f04b4a10463f9142d5c11b257aed6f468881ebd7b20df5a5a1edd2bc0ef6a	S015671	1	P01	ABI.tsv	179280	export_kind	x86_64	include/net/tls_prot.h	type	anonymous_enum@29	29	PENDING_REVIEW	SOURCE_REVIEWED_VALUE	COMPLETE	vendor/linux/include/net/tls_prot.h;vendor/linux/include/net/tls_prot.h:29;header-context=PENDING_REVIEW	425f94c2954b1fe80ebdbf9b29854e89750355df	661834d402ec88b9dd3bda4628ddbbed72837e397a3a99f87d7ab3ab5ab15121	ab9e1b04b3e0a9e0474bf76f69d67488d423401629a8dd5c1872fc3893ae4502	0123af9e96b58af4e98b91a2de5608d36b63c67864b9041d3340587f3dbe40d2	cfa8dcf0d81c408de38d4202fe1ce9d9e5e301d1e67439c9530da94b1e64ee3f	ae0caca34fe9b6eb8097958d2fbb8d2b6a1fad60f91f3c2b8d948c43dbfcee39
semantic-proposal-v1	SC1-06bd0767a78a7f9819fb4b59f67b127222cac6557f7536d54f87b68473f226e0	S015671	1	P01	ABI.tsv	179280	layout	x86_64	include/net/tls_prot.h	type	anonymous_enum@29	29	PENDING_REVIEW	SOURCE_REVIEWED_VALUE	COMPLETE	vendor/linux/include/net/tls_prot.h;vendor/linux/include/net/tls_prot.h:29;header-context=PENDING_REVIEW	425f94c2954b1fe80ebdbf9b29854e89750355df	661834d402ec88b9dd3bda4628ddbbed72837e397a3a99f87d7ab3ab5ab15121	ab9e1b04b3e0a9e0474bf76f69d67488d423401629a8dd5c1872fc3893ae4502	0123af9e96b58af4e98b91a2de5608d36b63c67864b9041d3340587f3dbe40d2	cfa8dcf0d81c408de38d4202fe1ce9d9e5e301d1e67439c9530da94b1e64ee3f	ae0caca34fe9b6eb8097958d2fbb8d2b6a1fad60f91f3c2b8d948c43dbfcee39
semantic-proposal-v1	SC1-b1fef16b067ebb8f53d74914e435aa2a3b32cea4d3b519f9816e3ee2173a7a83	S015671	1	P01	ABI.tsv	179280	status	x86_64	include/net/tls_prot.h	type	anonymous_enum@29	29	PENDING_REVIEW	COMPLETE	COMPLETE	vendor/linux/include/net/tls_prot.h;vendor/linux/include/net/tls_prot.h:29;header-context=PENDING_REVIEW	425f94c2954b1fe80ebdbf9b29854e89750355df	661834d402ec88b9dd3bda4628ddbbed72837e397a3a99f87d7ab3ab5ab15121	ab9e1b04b3e0a9e0474bf76f69d67488d423401629a8dd5c1872fc3893ae4502	0123af9e96b58af4e98b91a2de5608d36b63c67864b9041d3340587f3dbe40d2	cfa8dcf0d81c408de38d4202fe1ce9d9e5e301d1e67439c9530da94b1e64ee3f	ae0caca34fe9b6eb8097958d2fbb8d2b6a1fad60f91f3c2b8d948c43dbfcee39
semantic-proposal-v1	SC1-4ba11eda1956532915835eff1aff4d38acb1e5555efb165ef0761e117b06a316	S015671	1	P01	ABI.tsv	179281	alignment	x86_64	include/net/tls_prot.h	type	anonymous_enum@37	37	PENDING_REVIEW	SOURCE_REVIEWED_VALUE	COMPLETE	vendor/linux/include/net/tls_prot.h;vendor/linux/include/net/tls_prot.h:37;header-context=PENDING_REVIEW	425f94c2954b1fe80ebdbf9b29854e89750355df	661834d402ec88b9dd3bda4628ddbbed72837e397a3a99f87d7ab3ab5ab15121	ab9e1b04b3e0a9e0474bf76f69d67488d423401629a8dd5c1872fc3893ae4502	0123af9e96b58af4e98b91a2de5608d36b63c67864b9041d3340587f3dbe40d2	cfa8dcf0d81c408de38d4202fe1ce9d9e5e301d1e67439c9530da94b1e64ee3f	ae0caca34fe9b6eb8097958d2fbb8d2b6a1fad60f91f3c2b8d948c43dbfcee39
semantic-proposal-v1	SC1-d19941620085d0eae828826beb32e5aad7e1754e605bc3cff7bf0a0e2f7bc119	S015671	1	P01	ABI.tsv	179281	export_kind	x86_64	include/net/tls_prot.h	type	anonymous_enum@37	37	PENDING_REVIEW	SOURCE_REVIEWED_VALUE	COMPLETE	vendor/linux/include/net/tls_prot.h;vendor/linux/include/net/tls_prot.h:37;header-context=PENDING_REVIEW	425f94c2954b1fe80ebdbf9b29854e89750355df	661834d402ec88b9dd3bda4628ddbbed72837e397a3a99f87d7ab3ab5ab15121	ab9e1b04b3e0a9e0474bf76f69d67488d423401629a8dd5c1872fc3893ae4502	0123af9e96b58af4e98b91a2de5608d36b63c67864b9041d3340587f3dbe40d2	cfa8dcf0d81c408de38d4202fe1ce9d9e5e301d1e67439c9530da94b1e64ee3f	ae0caca34fe9b6eb8097958d2fbb8d2b6a1fad60f91f3c2b8d948c43dbfcee39
semantic-proposal-v1	SC1-69bda59a14ffb897ea8a1834f9a69592b814de690a00ffc5d6dbfeaaf844356a	S015671	1	P01	ABI.tsv	179281	layout	x86_64	include/net/tls_prot.h	type	anonymous_enum@37	37	PENDING_REVIEW	SOURCE_REVIEWED_VALUE	COMPLETE	vendor/linux/include/net/tls_prot.h;vendor/linux/include/net/tls_prot.h:37;header-context=PENDING_REVIEW	425f94c2954b1fe80ebdbf9b29854e89750355df	661834d402ec88b9dd3bda4628ddbbed72837e397a3a99f87d7ab3ab5ab15121	ab9e1b04b3e0a9e0474bf76f69d67488d423401629a8dd5c1872fc3893ae4502	0123af9e96b58af4e98b91a2de5608d36b63c67864b9041d3340587f3dbe40d2	cfa8dcf0d81c408de38d4202fe1ce9d9e5e301d1e67439c9530da94b1e64ee3f	ae0caca34fe9b6eb8097958d2fbb8d2b6a1fad60f91f3c2b8d948c43dbfcee39
semantic-proposal-v1	SC1-fd913daaf296008f39189377747d76caff83ef3909e609063962a8da34bdabc4	S015671	1	P01	ABI.tsv	179281	status	x86_64	include/net/tls_prot.h	type	anonymous_enum@37	37	PENDING_REVIEW	COMPLETE	COMPLETE	vendor/linux/include/net/tls_prot.h;vendor/linux/include/net/tls_prot.h:37;header-context=PENDING_REVIEW	425f94c2954b1fe80ebdbf9b29854e89750355df	661834d402ec88b9dd3bda4628ddbbed72837e397a3a99f87d7ab3ab5ab15121	ab9e1b04b3e0a9e0474bf76f69d67488d423401629a8dd5c1872fc3893ae4502	0123af9e96b58af4e98b91a2de5608d36b63c67864b9041d3340587f3dbe40d2	cfa8dcf0d81c408de38d4202fe1ce9d9e5e301d1e67439c9530da94b1e64ee3f	ae0caca34fe9b6eb8097958d2fbb8d2b6a1fad60f91f3c2b8d948c43dbfcee39
semantic-proposal-v1	SC1-f5c62b75c6987bce387877eb5c74751c879548474ba00f900ae2192842221c5c	S015671	1	P01	LIFETIMES.tsv	175217	lifetime_contract	aarch64	include/net/tls_prot.h	type	anonymous_enum@16	16	PENDING_REVIEW	SOURCE_REVIEWED_VALUE	COMPLETE	vendor/linux/include/net/tls_prot.h;vendor/linux/include/net/tls_prot.h:16;header-context=PENDING_REVIEW	425f94c2954b1fe80ebdbf9b29854e89750355df	661834d402ec88b9dd3bda4628ddbbed72837e397a3a99f87d7ab3ab5ab15121	ab9e1b04b3e0a9e0474bf76f69d67488d423401629a8dd5c1872fc3893ae4502	0123af9e96b58af4e98b91a2de5608d36b63c67864b9041d3340587f3dbe40d2	cfa8dcf0d81c408de38d4202fe1ce9d9e5e301d1e67439c9530da94b1e64ee3f	0e7e60940dd21c28f3d10965325f70644fc000495a2d61984437dec666da93d8
semantic-proposal-v1	SC1-672da81001996aea290e85a8a1776c54dc47f249e4c98670a536a7a721ba2adb	S015671	1	P01	LIFETIMES.tsv	175217	locking_rcu_refcount	aarch64	include/net/tls_prot.h	type	anonymous_enum@16	16	PENDING_REVIEW	SOURCE_REVIEWED_VALUE	COMPLETE	vendor/linux/include/net/tls_prot.h;vendor/linux/include/net/tls_prot.h:16;header-context=PENDING_REVIEW	425f94c2954b1fe80ebdbf9b29854e89750355df	661834d402ec88b9dd3bda4628ddbbed72837e397a3a99f87d7ab3ab5ab15121	ab9e1b04b3e0a9e0474bf76f69d67488d423401629a8dd5c1872fc3893ae4502	0123af9e96b58af4e98b91a2de5608d36b63c67864b9041d3340587f3dbe40d2	cfa8dcf0d81c408de38d4202fe1ce9d9e5e301d1e67439c9530da94b1e64ee3f	0e7e60940dd21c28f3d10965325f70644fc000495a2d61984437dec666da93d8
semantic-proposal-v1	SC1-ff9307f036a4663d1b416e984b7607a9455cf61f588d6f8072e0f663c08dc49a	S015671	1	P01	LIFETIMES.tsv	175217	ownership	aarch64	include/net/tls_prot.h	type	anonymous_enum@16	16	PENDING_REVIEW	SOURCE_REVIEWED_VALUE	COMPLETE	vendor/linux/include/net/tls_prot.h;vendor/linux/include/net/tls_prot.h:16;header-context=PENDING_REVIEW	425f94c2954b1fe80ebdbf9b29854e89750355df	661834d402ec88b9dd3bda4628ddbbed72837e397a3a99f87d7ab3ab5ab15121	ab9e1b04b3e0a9e0474bf76f69d67488d423401629a8dd5c1872fc3893ae4502	0123af9e96b58af4e98b91a2de5608d36b63c67864b9041d3340587f3dbe40d2	cfa8dcf0d81c408de38d4202fe1ce9d9e5e301d1e67439c9530da94b1e64ee3f	0e7e60940dd21c28f3d10965325f70644fc000495a2d61984437dec666da93d8
semantic-proposal-v1	SC1-476a91ab2f46d559cfb6ffe94ac0248e4a73beafcaf1615859a1a2a6df8f6c2d	S015671	1	P01	LIFETIMES.tsv	175217	status	aarch64	include/net/tls_prot.h	type	anonymous_enum@16	16	PENDING_REVIEW	COMPLETE	COMPLETE	vendor/linux/include/net/tls_prot.h;vendor/linux/include/net/tls_prot.h:16;header-context=PENDING_REVIEW	425f94c2954b1fe80ebdbf9b29854e89750355df	661834d402ec88b9dd3bda4628ddbbed72837e397a3a99f87d7ab3ab5ab15121	ab9e1b04b3e0a9e0474bf76f69d67488d423401629a8dd5c1872fc3893ae4502	0123af9e96b58af4e98b91a2de5608d36b63c67864b9041d3340587f3dbe40d2	cfa8dcf0d81c408de38d4202fe1ce9d9e5e301d1e67439c9530da94b1e64ee3f	0e7e60940dd21c28f3d10965325f70644fc000495a2d61984437dec666da93d8
semantic-proposal-v1	SC1-1a412165e10d56866a839b5514efb1640e0fb8c0bebd272788ee8000fcadc3e8	S015671	1	P01	LIFETIMES.tsv	175218	lifetime_contract	aarch64	include/net/tls_prot.h	type	anonymous_enum@29	29	PENDING_REVIEW	SOURCE_REVIEWED_VALUE	COMPLETE	vendor/linux/include/net/tls_prot.h;vendor/linux/include/net/tls_prot.h:29;header-context=PENDING_REVIEW	425f94c2954b1fe80ebdbf9b29854e89750355df	661834d402ec88b9dd3bda4628ddbbed72837e397a3a99f87d7ab3ab5ab15121	ab9e1b04b3e0a9e0474bf76f69d67488d423401629a8dd5c1872fc3893ae4502	0123af9e96b58af4e98b91a2de5608d36b63c67864b9041d3340587f3dbe40d2	cfa8dcf0d81c408de38d4202fe1ce9d9e5e301d1e67439c9530da94b1e64ee3f	0e7e60940dd21c28f3d10965325f70644fc000495a2d61984437dec666da93d8
semantic-proposal-v1	SC1-ad595ccfad08903817750f074401111e0ff47911d4fc5f4cf1ca632a2c2295fe	S015671	1	P01	LIFETIMES.tsv	175218	locking_rcu_refcount	aarch64	include/net/tls_prot.h	type	anonymous_enum@29	29	PENDING_REVIEW	SOURCE_REVIEWED_VALUE	COMPLETE	vendor/linux/include/net/tls_prot.h;vendor/linux/include/net/tls_prot.h:29;header-context=PENDING_REVIEW	425f94c2954b1fe80ebdbf9b29854e89750355df	661834d402ec88b9dd3bda4628ddbbed72837e397a3a99f87d7ab3ab5ab15121	ab9e1b04b3e0a9e0474bf76f69d67488d423401629a8dd5c1872fc3893ae4502	0123af9e96b58af4e98b91a2de5608d36b63c67864b9041d3340587f3dbe40d2	cfa8dcf0d81c408de38d4202fe1ce9d9e5e301d1e67439c9530da94b1e64ee3f	0e7e60940dd21c28f3d10965325f70644fc000495a2d61984437dec666da93d8
semantic-proposal-v1	SC1-14d2821fed2534dbb09285bc3c81734ce1cc114e1f005ab700cd3f515e7e807c	S015671	1	P01	LIFETIMES.tsv	175218	ownership	aarch64	include/net/tls_prot.h	type	anonymous_enum@29	29	PENDING_REVIEW	SOURCE_REVIEWED_VALUE	COMPLETE	vendor/linux/include/net/tls_prot.h;vendor/linux/include/net/tls_prot.h:29;header-context=PENDING_REVIEW	425f94c2954b1fe80ebdbf9b29854e89750355df	661834d402ec88b9dd3bda4628ddbbed72837e397a3a99f87d7ab3ab5ab15121	ab9e1b04b3e0a9e0474bf76f69d67488d423401629a8dd5c1872fc3893ae4502	0123af9e96b58af4e98b91a2de5608d36b63c67864b9041d3340587f3dbe40d2	cfa8dcf0d81c408de38d4202fe1ce9d9e5e301d1e67439c9530da94b1e64ee3f	0e7e60940dd21c28f3d10965325f70644fc000495a2d61984437dec666da93d8
semantic-proposal-v1	SC1-3dd302a3823586221542118605b8eb2279eed530c66ac04d345db01e9c08c833	S015671	1	P01	LIFETIMES.tsv	175218	status	aarch64	include/net/tls_prot.h	type	anonymous_enum@29	29	PENDING_REVIEW	COMPLETE	COMPLETE	vendor/linux/include/net/tls_prot.h;vendor/linux/include/net/tls_prot.h:29;header-context=PENDING_REVIEW	425f94c2954b1fe80ebdbf9b29854e89750355df	661834d402ec88b9dd3bda4628ddbbed72837e397a3a99f87d7ab3ab5ab15121	ab9e1b04b3e0a9e0474bf76f69d67488d423401629a8dd5c1872fc3893ae4502	0123af9e96b58af4e98b91a2de5608d36b63c67864b9041d3340587f3dbe40d2	cfa8dcf0d81c408de38d4202fe1ce9d9e5e301d1e67439c9530da94b1e64ee3f	0e7e60940dd21c28f3d10965325f70644fc000495a2d61984437dec666da93d8
semantic-proposal-v1	SC1-773416c3290ca4518a15c5b975ed6375b91f5340f493e2929cf0e2b721143d94	S015671	1	P01	LIFETIMES.tsv	175219	lifetime_contract	aarch64	include/net/tls_prot.h	type	anonymous_enum@37	37	PENDING_REVIEW	SOURCE_REVIEWED_VALUE	COMPLETE	vendor/linux/include/net/tls_prot.h;vendor/linux/include/net/tls_prot.h:37;header-context=PENDING_REVIEW	425f94c2954b1fe80ebdbf9b29854e89750355df	661834d402ec88b9dd3bda4628ddbbed72837e397a3a99f87d7ab3ab5ab15121	ab9e1b04b3e0a9e0474bf76f69d67488d423401629a8dd5c1872fc3893ae4502	0123af9e96b58af4e98b91a2de5608d36b63c67864b9041d3340587f3dbe40d2	cfa8dcf0d81c408de38d4202fe1ce9d9e5e301d1e67439c9530da94b1e64ee3f	0e7e60940dd21c28f3d10965325f70644fc000495a2d61984437dec666da93d8
semantic-proposal-v1	SC1-214a4868c2484b659bc1498fef08c2371baed2efc66f2d89d5c6fb649f8bf8ef	S015671	1	P01	LIFETIMES.tsv	175219	locking_rcu_refcount	aarch64	include/net/tls_prot.h	type	anonymous_enum@37	37	PENDING_REVIEW	SOURCE_REVIEWED_VALUE	COMPLETE	vendor/linux/include/net/tls_prot.h;vendor/linux/include/net/tls_prot.h:37;header-context=PENDING_REVIEW	425f94c2954b1fe80ebdbf9b29854e89750355df	661834d402ec88b9dd3bda4628ddbbed72837e397a3a99f87d7ab3ab5ab15121	ab9e1b04b3e0a9e0474bf76f69d67488d423401629a8dd5c1872fc3893ae4502	0123af9e96b58af4e98b91a2de5608d36b63c67864b9041d3340587f3dbe40d2	cfa8dcf0d81c408de38d4202fe1ce9d9e5e301d1e67439c9530da94b1e64ee3f	0e7e60940dd21c28f3d10965325f70644fc000495a2d61984437dec666da93d8
semantic-proposal-v1	SC1-79d0fb1dd064ff23bc76dab83433b383626d6a2650e42d1f6ac2cadab84a8e3d	S015671	1	P01	LIFETIMES.tsv	175219	ownership	aarch64	include/net/tls_prot.h	type	anonymous_enum@37	37	PENDING_REVIEW	SOURCE_REVIEWED_VALUE	COMPLETE	vendor/linux/include/net/tls_prot.h;vendor/linux/include/net/tls_prot.h:37;header-context=PENDING_REVIEW	425f94c2954b1fe80ebdbf9b29854e89750355df	661834d402ec88b9dd3bda4628ddbbed72837e397a3a99f87d7ab3ab5ab15121	ab9e1b04b3e0a9e0474bf76f69d67488d423401629a8dd5c1872fc3893ae4502	0123af9e96b58af4e98b91a2de5608d36b63c67864b9041d3340587f3dbe40d2	cfa8dcf0d81c408de38d4202fe1ce9d9e5e301d1e67439c9530da94b1e64ee3f	0e7e60940dd21c28f3d10965325f70644fc000495a2d61984437dec666da93d8
semantic-proposal-v1	SC1-695f0992381b3eb7c59976f388286e776bd64c4532c7557302385b671724cb7b	S015671	1	P01	LIFETIMES.tsv	175219	status	aarch64	include/net/tls_prot.h	type	anonymous_enum@37	37	PENDING_REVIEW	COMPLETE	COMPLETE	vendor/linux/include/net/tls_prot.h;vendor/linux/include/net/tls_prot.h:37;header-context=PENDING_REVIEW	425f94c2954b1fe80ebdbf9b29854e89750355df	661834d402ec88b9dd3bda4628ddbbed72837e397a3a99f87d7ab3ab5ab15121	ab9e1b04b3e0a9e0474bf76f69d67488d423401629a8dd5c1872fc3893ae4502	0123af9e96b58af4e98b91a2de5608d36b63c67864b9041d3340587f3dbe40d2	cfa8dcf0d81c408de38d4202fe1ce9d9e5e301d1e67439c9530da94b1e64ee3f	0e7e60940dd21c28f3d10965325f70644fc000495a2d61984437dec666da93d8
semantic-proposal-v1	SC1-df444c2a627e973b48a15822383477056ca9daf15c87c02dca695535d052bc87	S015671	1	P01	LIFETIMES.tsv	175220	lifetime_contract	x86_64	include/net/tls_prot.h	type	anonymous_enum@16	16	PENDING_REVIEW	SOURCE_REVIEWED_VALUE	COMPLETE	vendor/linux/include/net/tls_prot.h;vendor/linux/include/net/tls_prot.h:16;header-context=PENDING_REVIEW	425f94c2954b1fe80ebdbf9b29854e89750355df	661834d402ec88b9dd3bda4628ddbbed72837e397a3a99f87d7ab3ab5ab15121	ab9e1b04b3e0a9e0474bf76f69d67488d423401629a8dd5c1872fc3893ae4502	0123af9e96b58af4e98b91a2de5608d36b63c67864b9041d3340587f3dbe40d2	cfa8dcf0d81c408de38d4202fe1ce9d9e5e301d1e67439c9530da94b1e64ee3f	0e7e60940dd21c28f3d10965325f70644fc000495a2d61984437dec666da93d8
semantic-proposal-v1	SC1-a0c79362fd77dbb7a06574177147b2ca0137d00e958bbbcd40b8eb41e6c6271b	S015671	1	P01	LIFETIMES.tsv	175220	locking_rcu_refcount	x86_64	include/net/tls_prot.h	type	anonymous_enum@16	16	PENDING_REVIEW	SOURCE_REVIEWED_VALUE	COMPLETE	vendor/linux/include/net/tls_prot.h;vendor/linux/include/net/tls_prot.h:16;header-context=PENDING_REVIEW	425f94c2954b1fe80ebdbf9b29854e89750355df	661834d402ec88b9dd3bda4628ddbbed72837e397a3a99f87d7ab3ab5ab15121	ab9e1b04b3e0a9e0474bf76f69d67488d423401629a8dd5c1872fc3893ae4502	0123af9e96b58af4e98b91a2de5608d36b63c67864b9041d3340587f3dbe40d2	cfa8dcf0d81c408de38d4202fe1ce9d9e5e301d1e67439c9530da94b1e64ee3f	0e7e60940dd21c28f3d10965325f70644fc000495a2d61984437dec666da93d8
semantic-proposal-v1	SC1-b3a3cc11dfec6dd83138466fa8fbdafe3b249ca5b9a8c1048c5918b60212f3a1	S015671	1	P01	LIFETIMES.tsv	175220	ownership	x86_64	include/net/tls_prot.h	type	anonymous_enum@16	16	PENDING_REVIEW	SOURCE_REVIEWED_VALUE	COMPLETE	vendor/linux/include/net/tls_prot.h;vendor/linux/include/net/tls_prot.h:16;header-context=PENDING_REVIEW	425f94c2954b1fe80ebdbf9b29854e89750355df	661834d402ec88b9dd3bda4628ddbbed72837e397a3a99f87d7ab3ab5ab15121	ab9e1b04b3e0a9e0474bf76f69d67488d423401629a8dd5c1872fc3893ae4502	0123af9e96b58af4e98b91a2de5608d36b63c67864b9041d3340587f3dbe40d2	cfa8dcf0d81c408de38d4202fe1ce9d9e5e301d1e67439c9530da94b1e64ee3f	0e7e60940dd21c28f3d10965325f70644fc000495a2d61984437dec666da93d8
semantic-proposal-v1	SC1-a2faab12bb7354ee5cc2aca302010e460cf26ed07cf3676e3eefb2a116747d13	S015671	1	P01	LIFETIMES.tsv	175220	status	x86_64	include/net/tls_prot.h	type	anonymous_enum@16	16	PENDING_REVIEW	COMPLETE	COMPLETE	vendor/linux/include/net/tls_prot.h;vendor/linux/include/net/tls_prot.h:16;header-context=PENDING_REVIEW	425f94c2954b1fe80ebdbf9b29854e89750355df	661834d402ec88b9dd3bda4628ddbbed72837e397a3a99f87d7ab3ab5ab15121	ab9e1b04b3e0a9e0474bf76f69d67488d423401629a8dd5c1872fc3893ae4502	0123af9e96b58af4e98b91a2de5608d36b63c67864b9041d3340587f3dbe40d2	cfa8dcf0d81c408de38d4202fe1ce9d9e5e301d1e67439c9530da94b1e64ee3f	0e7e60940dd21c28f3d10965325f70644fc000495a2d61984437dec666da93d8
semantic-proposal-v1	SC1-46393b68272000d279372b0c49af8ab98ca5af40eed74e1cd3497bde1a7e1107	S015671	1	P01	LIFETIMES.tsv	175221	lifetime_contract	x86_64	include/net/tls_prot.h	type	anonymous_enum@29	29	PENDING_REVIEW	SOURCE_REVIEWED_VALUE	COMPLETE	vendor/linux/include/net/tls_prot.h;vendor/linux/include/net/tls_prot.h:29;header-context=PENDING_REVIEW	425f94c2954b1fe80ebdbf9b29854e89750355df	661834d402ec88b9dd3bda4628ddbbed72837e397a3a99f87d7ab3ab5ab15121	ab9e1b04b3e0a9e0474bf76f69d67488d423401629a8dd5c1872fc3893ae4502	0123af9e96b58af4e98b91a2de5608d36b63c67864b9041d3340587f3dbe40d2	cfa8dcf0d81c408de38d4202fe1ce9d9e5e301d1e67439c9530da94b1e64ee3f	0e7e60940dd21c28f3d10965325f70644fc000495a2d61984437dec666da93d8
semantic-proposal-v1	SC1-56dc4c4150c0d9b3b892a4517b2502f4df84af2cfec0be63b903bcfd51240514	S015671	1	P01	LIFETIMES.tsv	175221	locking_rcu_refcount	x86_64	include/net/tls_prot.h	type	anonymous_enum@29	29	PENDING_REVIEW	SOURCE_REVIEWED_VALUE	COMPLETE	vendor/linux/include/net/tls_prot.h;vendor/linux/include/net/tls_prot.h:29;header-context=PENDING_REVIEW	425f94c2954b1fe80ebdbf9b29854e89750355df	661834d402ec88b9dd3bda4628ddbbed72837e397a3a99f87d7ab3ab5ab15121	ab9e1b04b3e0a9e0474bf76f69d67488d423401629a8dd5c1872fc3893ae4502	0123af9e96b58af4e98b91a2de5608d36b63c67864b9041d3340587f3dbe40d2	cfa8dcf0d81c408de38d4202fe1ce9d9e5e301d1e67439c9530da94b1e64ee3f	0e7e60940dd21c28f3d10965325f70644fc000495a2d61984437dec666da93d8
semantic-proposal-v1	SC1-470bc9b8f8261190301deec56ab059e38817f2f01a08c0dde288a3494a7429a2	S015671	1	P01	LIFETIMES.tsv	175221	ownership	x86_64	include/net/tls_prot.h	type	anonymous_enum@29	29	PENDING_REVIEW	SOURCE_REVIEWED_VALUE	COMPLETE	vendor/linux/include/net/tls_prot.h;vendor/linux/include/net/tls_prot.h:29;header-context=PENDING_REVIEW	425f94c2954b1fe80ebdbf9b29854e89750355df	661834d402ec88b9dd3bda4628ddbbed72837e397a3a99f87d7ab3ab5ab15121	ab9e1b04b3e0a9e0474bf76f69d67488d423401629a8dd5c1872fc3893ae4502	0123af9e96b58af4e98b91a2de5608d36b63c67864b9041d3340587f3dbe40d2	cfa8dcf0d81c408de38d4202fe1ce9d9e5e301d1e67439c9530da94b1e64ee3f	0e7e60940dd21c28f3d10965325f70644fc000495a2d61984437dec666da93d8
semantic-proposal-v1	SC1-9e221bb10bdf76da245053a3e488f3584b290d38fba873d76d7a55da5f61bf14	S015671	1	P01	LIFETIMES.tsv	175221	status	x86_64	include/net/tls_prot.h	type	anonymous_enum@29	29	PENDING_REVIEW	COMPLETE	COMPLETE	vendor/linux/include/net/tls_prot.h;vendor/linux/include/net/tls_prot.h:29;header-context=PENDING_REVIEW	425f94c2954b1fe80ebdbf9b29854e89750355df	661834d402ec88b9dd3bda4628ddbbed72837e397a3a99f87d7ab3ab5ab15121	ab9e1b04b3e0a9e0474bf76f69d67488d423401629a8dd5c1872fc3893ae4502	0123af9e96b58af4e98b91a2de5608d36b63c67864b9041d3340587f3dbe40d2	cfa8dcf0d81c408de38d4202fe1ce9d9e5e301d1e67439c9530da94b1e64ee3f	0e7e60940dd21c28f3d10965325f70644fc000495a2d61984437dec666da93d8
semantic-proposal-v1	SC1-177801e3382a5b6a13e0fdd1fbc809ac9ea3ff9694bc0074e37015f6af8388ee	S015671	1	P01	LIFETIMES.tsv	175222	lifetime_contract	x86_64	include/net/tls_prot.h	type	anonymous_enum@37	37	PENDING_REVIEW	SOURCE_REVIEWED_VALUE	COMPLETE	vendor/linux/include/net/tls_prot.h;vendor/linux/include/net/tls_prot.h:37;header-context=PENDING_REVIEW	425f94c2954b1fe80ebdbf9b29854e89750355df	661834d402ec88b9dd3bda4628ddbbed72837e397a3a99f87d7ab3ab5ab15121	ab9e1b04b3e0a9e0474bf76f69d67488d423401629a8dd5c1872fc3893ae4502	0123af9e96b58af4e98b91a2de5608d36b63c67864b9041d3340587f3dbe40d2	cfa8dcf0d81c408de38d4202fe1ce9d9e5e301d1e67439c9530da94b1e64ee3f	0e7e60940dd21c28f3d10965325f70644fc000495a2d61984437dec666da93d8
semantic-proposal-v1	SC1-729e48184b77112461ad983ab6214e008126ac0b45d76e862c4d8abd8b36d98a	S015671	1	P01	LIFETIMES.tsv	175222	locking_rcu_refcount	x86_64	include/net/tls_prot.h	type	anonymous_enum@37	37	PENDING_REVIEW	SOURCE_REVIEWED_VALUE	COMPLETE	vendor/linux/include/net/tls_prot.h;vendor/linux/include/net/tls_prot.h:37;header-context=PENDING_REVIEW	425f94c2954b1fe80ebdbf9b29854e89750355df	661834d402ec88b9dd3bda4628ddbbed72837e397a3a99f87d7ab3ab5ab15121	ab9e1b04b3e0a9e0474bf76f69d67488d423401629a8dd5c1872fc3893ae4502	0123af9e96b58af4e98b91a2de5608d36b63c67864b9041d3340587f3dbe40d2	cfa8dcf0d81c408de38d4202fe1ce9d9e5e301d1e67439c9530da94b1e64ee3f	0e7e60940dd21c28f3d10965325f70644fc000495a2d61984437dec666da93d8
semantic-proposal-v1	SC1-9a739c218f564fcdce747c38ef8d536da037a414d06ba1b7dbe0452ffde0503b	S015671	1	P01	LIFETIMES.tsv	175222	ownership	x86_64	include/net/tls_prot.h	type	anonymous_enum@37	37	PENDING_REVIEW	SOURCE_REVIEWED_VALUE	COMPLETE	vendor/linux/include/net/tls_prot.h;vendor/linux/include/net/tls_prot.h:37;header-context=PENDING_REVIEW	425f94c2954b1fe80ebdbf9b29854e89750355df	661834d402ec88b9dd3bda4628ddbbed72837e397a3a99f87d7ab3ab5ab15121	ab9e1b04b3e0a9e0474bf76f69d67488d423401629a8dd5c1872fc3893ae4502	0123af9e96b58af4e98b91a2de5608d36b63c67864b9041d3340587f3dbe40d2	cfa8dcf0d81c408de38d4202fe1ce9d9e5e301d1e67439c9530da94b1e64ee3f	0e7e60940dd21c28f3d10965325f70644fc000495a2d61984437dec666da93d8
semantic-proposal-v1	SC1-2dd6d67c7acce70bdbea86e4c9b014503c31058d19f5fd281d27fe00fda93fc7	S015671	1	P01	LIFETIMES.tsv	175222	status	x86_64	include/net/tls_prot.h	type	anonymous_enum@37	37	PENDING_REVIEW	COMPLETE	COMPLETE	vendor/linux/include/net/tls_prot.h;vendor/linux/include/net/tls_prot.h:37;header-context=PENDING_REVIEW	425f94c2954b1fe80ebdbf9b29854e89750355df	661834d402ec88b9dd3bda4628ddbbed72837e397a3a99f87d7ab3ab5ab15121	ab9e1b04b3e0a9e0474bf76f69d67488d423401629a8dd5c1872fc3893ae4502	0123af9e96b58af4e98b91a2de5608d36b63c67864b9041d3340587f3dbe40d2	cfa8dcf0d81c408de38d4202fe1ce9d9e5e301d1e67439c9530da94b1e64ee3f	0e7e60940dd21c28f3d10965325f70644fc000495a2d61984437dec666da93d8
