schema_version	record_key	task_id	attempt	pipeline_id	manifest	base_row	field	architecture	linux_path	record_kind	symbol_name	source_line	old_value	final_value	decision_status	source_citations	linux_sha	candidate_sha256	implementation_sha256	phase0_identity_sha256	queue_fingerprint	base_manifest_sha256
semantic-proposal-v1	SC1-2fe96349428d436e0f4da1e0e3cfcb45b56776b54d49fcfb7da835540f64f34d	S016011	3	P01	SCOPE.tsv	16012	semantic_status	common	include/uapi/asm-generic/mman-common.h	scope	S016011	0	PENDING_REVIEW	COMPLETE	COMPLETE	vendor/linux/include/uapi/asm-generic/mman-common.h;rewrite/metadata/header_closure.tsv	425f94c2954b1fe80ebdbf9b29854e89750355df	4563edb3a5513944a156a66f76d7d628dfdffddc165cc4d6787509d2efdd9456	bdaecb42830d77c60765651b0bb6c352a179fc66298ed1c3356bb2f1b69b03da	0123af9e96b58af4e98b91a2de5608d36b63c67864b9041d3340587f3dbe40d2	cfa8dcf0d81c408de38d4202fe1ce9d9e5e301d1e67439c9530da94b1e64ee3f	b83349e6731e17e5da5e04a0ea053487e8ac8d9269538dbdb367d83f77b17e0a
semantic-proposal-v1	SC1-55cc31f4d9b6fda31de75aa64d05106ed25b0ff074441416e4c00d8f46eefc73	S016011	3	P01	SYMBOLS.tsv	347769	status	aarch64	include/uapi/asm-generic/mman-common.h	conditional	ifndef@2	2	PENDING_REVIEW	COMPLETE	COMPLETE	vendor/linux/include/uapi/asm-generic/mman-common.h;vendor/linux/include/uapi/asm-generic/mman-common.h:2;rewrite/configs/aarch64/frozen.config;header_closure=rewrite/metadata/header_closure.tsv;selected=PENDING_REVIEW	425f94c2954b1fe80ebdbf9b29854e89750355df	4563edb3a5513944a156a66f76d7d628dfdffddc165cc4d6787509d2efdd9456	bdaecb42830d77c60765651b0bb6c352a179fc66298ed1c3356bb2f1b69b03da	0123af9e96b58af4e98b91a2de5608d36b63c67864b9041d3340587f3dbe40d2	cfa8dcf0d81c408de38d4202fe1ce9d9e5e301d1e67439c9530da94b1e64ee3f	7484d7b0dd80f45e18d726b04752827fe28555cc5c1af0e127948380e6688abf
semantic-proposal-v1	SC1-8c89e6525fcd4b1c1506616eb02f0a27d855e213b7c6ba99392eb039c3488f3d	S016011	3	P01	SYMBOLS.tsv	347770	status	aarch64	include/uapi/asm-generic/mman-common.h	conditional	endif@94	94	PENDING_REVIEW	COMPLETE	COMPLETE	vendor/linux/include/uapi/asm-generic/mman-common.h;vendor/linux/include/uapi/asm-generic/mman-common.h:94;rewrite/configs/aarch64/frozen.config;header_closure=rewrite/metadata/header_closure.tsv;selected=PENDING_REVIEW	425f94c2954b1fe80ebdbf9b29854e89750355df	4563edb3a5513944a156a66f76d7d628dfdffddc165cc4d6787509d2efdd9456	bdaecb42830d77c60765651b0bb6c352a179fc66298ed1c3356bb2f1b69b03da	0123af9e96b58af4e98b91a2de5608d36b63c67864b9041d3340587f3dbe40d2	cfa8dcf0d81c408de38d4202fe1ce9d9e5e301d1e67439c9530da94b1e64ee3f	7484d7b0dd80f45e18d726b04752827fe28555cc5c1af0e127948380e6688abf
semantic-proposal-v1	SC1-dca44f03e5fe2a06de1c0f68b3229a9e0763fbea7029de8c49c1abd706d68501	S016011	3	P01	SYMBOLS.tsv	347771	selection_expression	aarch64	include/uapi/asm-generic/mman-common.h	operative_macro	__ASM_GENERIC_MMAN_COMMON_H	3	PENDING_REVIEW	SOURCE_REVIEWED_VALUE	COMPLETE	vendor/linux/include/uapi/asm-generic/mman-common.h;vendor/linux/include/uapi/asm-generic/mman-common.h:3;rewrite/configs/aarch64/frozen.config;header_closure=rewrite/metadata/header_closure.tsv;selected=PENDING_REVIEW	425f94c2954b1fe80ebdbf9b29854e89750355df	4563edb3a5513944a156a66f76d7d628dfdffddc165cc4d6787509d2efdd9456	bdaecb42830d77c60765651b0bb6c352a179fc66298ed1c3356bb2f1b69b03da	0123af9e96b58af4e98b91a2de5608d36b63c67864b9041d3340587f3dbe40d2	cfa8dcf0d81c408de38d4202fe1ce9d9e5e301d1e67439c9530da94b1e64ee3f	7484d7b0dd80f45e18d726b04752827fe28555cc5c1af0e127948380e6688abf
semantic-proposal-v1	SC1-2074808d2c02d76323f77d060c6c446d2a68d7ebf636a03d8bbbcaa533157c3d	S016011	3	P01	SYMBOLS.tsv	347771	status	aarch64	include/uapi/asm-generic/mman-common.h	operative_macro	__ASM_GENERIC_MMAN_COMMON_H	3	PENDING_REVIEW	COMPLETE	COMPLETE	vendor/linux/include/uapi/asm-generic/mman-common.h;vendor/linux/include/uapi/asm-generic/mman-common.h:3;rewrite/configs/aarch64/frozen.config;header_closure=rewrite/metadata/header_closure.tsv;selected=PENDING_REVIEW	425f94c2954b1fe80ebdbf9b29854e89750355df	4563edb3a5513944a156a66f76d7d628dfdffddc165cc4d6787509d2efdd9456	bdaecb42830d77c60765651b0bb6c352a179fc66298ed1c3356bb2f1b69b03da	0123af9e96b58af4e98b91a2de5608d36b63c67864b9041d3340587f3dbe40d2	cfa8dcf0d81c408de38d4202fe1ce9d9e5e301d1e67439c9530da94b1e64ee3f	7484d7b0dd80f45e18d726b04752827fe28555cc5c1af0e127948380e6688abf
semantic-proposal-v1	SC1-6b80d43096db43009cef3195e5e9456a6570fe36b1304cef43df2ae4ecb12b80	S016011	3	P01	SYMBOLS.tsv	347772	selection_expression	aarch64	include/uapi/asm-generic/mman-common.h	operative_macro	PROT_READ	10	PENDING_REVIEW	SOURCE_REVIEWED_VALUE	COMPLETE	vendor/linux/include/uapi/asm-generic/mman-common.h;vendor/linux/include/uapi/asm-generic/mman-common.h:10;rewrite/configs/aarch64/frozen.config;header_closure=rewrite/metadata/header_closure.tsv;selected=PENDING_REVIEW	425f94c2954b1fe80ebdbf9b29854e89750355df	4563edb3a5513944a156a66f76d7d628dfdffddc165cc4d6787509d2efdd9456	bdaecb42830d77c60765651b0bb6c352a179fc66298ed1c3356bb2f1b69b03da	0123af9e96b58af4e98b91a2de5608d36b63c67864b9041d3340587f3dbe40d2	cfa8dcf0d81c408de38d4202fe1ce9d9e5e301d1e67439c9530da94b1e64ee3f	7484d7b0dd80f45e18d726b04752827fe28555cc5c1af0e127948380e6688abf
semantic-proposal-v1	SC1-63f99c8d1dcdd292822ef93f0eed23840e142b72358bf56d77f6051b77ef6ead	S016011	3	P01	SYMBOLS.tsv	347772	status	aarch64	include/uapi/asm-generic/mman-common.h	operative_macro	PROT_READ	10	PENDING_REVIEW	COMPLETE	COMPLETE	vendor/linux/include/uapi/asm-generic/mman-common.h;vendor/linux/include/uapi/asm-generic/mman-common.h:10;rewrite/configs/aarch64/frozen.config;header_closure=rewrite/metadata/header_closure.tsv;selected=PENDING_REVIEW	425f94c2954b1fe80ebdbf9b29854e89750355df	4563edb3a5513944a156a66f76d7d628dfdffddc165cc4d6787509d2efdd9456	bdaecb42830d77c60765651b0bb6c352a179fc66298ed1c3356bb2f1b69b03da	0123af9e96b58af4e98b91a2de5608d36b63c67864b9041d3340587f3dbe40d2	cfa8dcf0d81c408de38d4202fe1ce9d9e5e301d1e67439c9530da94b1e64ee3f	7484d7b0dd80f45e18d726b04752827fe28555cc5c1af0e127948380e6688abf
semantic-proposal-v1	SC1-4adbf7fa862a30ac6ae67e8b9dd6f5cdaa76fec7dfe5efd8f13474a73b0efbb3	S016011	3	P01	SYMBOLS.tsv	347773	selection_expression	aarch64	include/uapi/asm-generic/mman-common.h	operative_macro	PROT_WRITE	11	PENDING_REVIEW	SOURCE_REVIEWED_VALUE	COMPLETE	vendor/linux/include/uapi/asm-generic/mman-common.h;vendor/linux/include/uapi/asm-generic/mman-common.h:11;rewrite/configs/aarch64/frozen.config;header_closure=rewrite/metadata/header_closure.tsv;selected=PENDING_REVIEW	425f94c2954b1fe80ebdbf9b29854e89750355df	4563edb3a5513944a156a66f76d7d628dfdffddc165cc4d6787509d2efdd9456	bdaecb42830d77c60765651b0bb6c352a179fc66298ed1c3356bb2f1b69b03da	0123af9e96b58af4e98b91a2de5608d36b63c67864b9041d3340587f3dbe40d2	cfa8dcf0d81c408de38d4202fe1ce9d9e5e301d1e67439c9530da94b1e64ee3f	7484d7b0dd80f45e18d726b04752827fe28555cc5c1af0e127948380e6688abf
semantic-proposal-v1	SC1-256bc41c800a5602d4574843e1cb986524b815336d550c0863b0ee42540b22f2	S016011	3	P01	SYMBOLS.tsv	347773	status	aarch64	include/uapi/asm-generic/mman-common.h	operative_macro	PROT_WRITE	11	PENDING_REVIEW	COMPLETE	COMPLETE	vendor/linux/include/uapi/asm-generic/mman-common.h;vendor/linux/include/uapi/asm-generic/mman-common.h:11;rewrite/configs/aarch64/frozen.config;header_closure=rewrite/metadata/header_closure.tsv;selected=PENDING_REVIEW	425f94c2954b1fe80ebdbf9b29854e89750355df	4563edb3a5513944a156a66f76d7d628dfdffddc165cc4d6787509d2efdd9456	bdaecb42830d77c60765651b0bb6c352a179fc66298ed1c3356bb2f1b69b03da	0123af9e96b58af4e98b91a2de5608d36b63c67864b9041d3340587f3dbe40d2	cfa8dcf0d81c408de38d4202fe1ce9d9e5e301d1e67439c9530da94b1e64ee3f	7484d7b0dd80f45e18d726b04752827fe28555cc5c1af0e127948380e6688abf
semantic-proposal-v1	SC1-654127a0f688e98aa134d15c3dedb02ae4c7a5663de6072bc20d12ccbfa33312	S016011	3	P01	SYMBOLS.tsv	347774	selection_expression	aarch64	include/uapi/asm-generic/mman-common.h	operative_macro	PROT_EXEC	12	PENDING_REVIEW	SOURCE_REVIEWED_VALUE	COMPLETE	vendor/linux/include/uapi/asm-generic/mman-common.h;vendor/linux/include/uapi/asm-generic/mman-common.h:12;rewrite/configs/aarch64/frozen.config;header_closure=rewrite/metadata/header_closure.tsv;selected=PENDING_REVIEW	425f94c2954b1fe80ebdbf9b29854e89750355df	4563edb3a5513944a156a66f76d7d628dfdffddc165cc4d6787509d2efdd9456	bdaecb42830d77c60765651b0bb6c352a179fc66298ed1c3356bb2f1b69b03da	0123af9e96b58af4e98b91a2de5608d36b63c67864b9041d3340587f3dbe40d2	cfa8dcf0d81c408de38d4202fe1ce9d9e5e301d1e67439c9530da94b1e64ee3f	7484d7b0dd80f45e18d726b04752827fe28555cc5c1af0e127948380e6688abf
semantic-proposal-v1	SC1-5f0f1da3d8bd44b9ad7d1b19a69de7ab9b834a865c2c01703fb1aedeb97bf945	S016011	3	P01	SYMBOLS.tsv	347774	status	aarch64	include/uapi/asm-generic/mman-common.h	operative_macro	PROT_EXEC	12	PENDING_REVIEW	COMPLETE	COMPLETE	vendor/linux/include/uapi/asm-generic/mman-common.h;vendor/linux/include/uapi/asm-generic/mman-common.h:12;rewrite/configs/aarch64/frozen.config;header_closure=rewrite/metadata/header_closure.tsv;selected=PENDING_REVIEW	425f94c2954b1fe80ebdbf9b29854e89750355df	4563edb3a5513944a156a66f76d7d628dfdffddc165cc4d6787509d2efdd9456	bdaecb42830d77c60765651b0bb6c352a179fc66298ed1c3356bb2f1b69b03da	0123af9e96b58af4e98b91a2de5608d36b63c67864b9041d3340587f3dbe40d2	cfa8dcf0d81c408de38d4202fe1ce9d9e5e301d1e67439c9530da94b1e64ee3f	7484d7b0dd80f45e18d726b04752827fe28555cc5c1af0e127948380e6688abf
semantic-proposal-v1	SC1-8c7383b761115d364247fe024c9545b0436f1ff9f2de78fbae17f9c038056adf	S016011	3	P01	SYMBOLS.tsv	347775	selection_expression	aarch64	include/uapi/asm-generic/mman-common.h	operative_macro	PROT_SEM	13	PENDING_REVIEW	SOURCE_REVIEWED_VALUE	COMPLETE	vendor/linux/include/uapi/asm-generic/mman-common.h;vendor/linux/include/uapi/asm-generic/mman-common.h:13;rewrite/configs/aarch64/frozen.config;header_closure=rewrite/metadata/header_closure.tsv;selected=PENDING_REVIEW	425f94c2954b1fe80ebdbf9b29854e89750355df	4563edb3a5513944a156a66f76d7d628dfdffddc165cc4d6787509d2efdd9456	bdaecb42830d77c60765651b0bb6c352a179fc66298ed1c3356bb2f1b69b03da	0123af9e96b58af4e98b91a2de5608d36b63c67864b9041d3340587f3dbe40d2	cfa8dcf0d81c408de38d4202fe1ce9d9e5e301d1e67439c9530da94b1e64ee3f	7484d7b0dd80f45e18d726b04752827fe28555cc5c1af0e127948380e6688abf
semantic-proposal-v1	SC1-c6df6801c2020602fb73cdf330e1cce0d0be3cd1069fafcf3d1d0eb3446d373f	S016011	3	P01	SYMBOLS.tsv	347775	status	aarch64	include/uapi/asm-generic/mman-common.h	operative_macro	PROT_SEM	13	PENDING_REVIEW	COMPLETE	COMPLETE	vendor/linux/include/uapi/asm-generic/mman-common.h;vendor/linux/include/uapi/asm-generic/mman-common.h:13;rewrite/configs/aarch64/frozen.config;header_closure=rewrite/metadata/header_closure.tsv;selected=PENDING_REVIEW	425f94c2954b1fe80ebdbf9b29854e89750355df	4563edb3a5513944a156a66f76d7d628dfdffddc165cc4d6787509d2efdd9456	bdaecb42830d77c60765651b0bb6c352a179fc66298ed1c3356bb2f1b69b03da	0123af9e96b58af4e98b91a2de5608d36b63c67864b9041d3340587f3dbe40d2	cfa8dcf0d81c408de38d4202fe1ce9d9e5e301d1e67439c9530da94b1e64ee3f	7484d7b0dd80f45e18d726b04752827fe28555cc5c1af0e127948380e6688abf
semantic-proposal-v1	SC1-bed731a7896f35213f8e8b620f2473cf87aebe1079a42492bffa88bef1c00e64	S016011	3	P01	SYMBOLS.tsv	347776	selection_expression	aarch64	include/uapi/asm-generic/mman-common.h	operative_macro	PROT_NONE	16	PENDING_REVIEW	SOURCE_REVIEWED_VALUE	COMPLETE	vendor/linux/include/uapi/asm-generic/mman-common.h;vendor/linux/include/uapi/asm-generic/mman-common.h:16;rewrite/configs/aarch64/frozen.config;header_closure=rewrite/metadata/header_closure.tsv;selected=PENDING_REVIEW	425f94c2954b1fe80ebdbf9b29854e89750355df	4563edb3a5513944a156a66f76d7d628dfdffddc165cc4d6787509d2efdd9456	bdaecb42830d77c60765651b0bb6c352a179fc66298ed1c3356bb2f1b69b03da	0123af9e96b58af4e98b91a2de5608d36b63c67864b9041d3340587f3dbe40d2	cfa8dcf0d81c408de38d4202fe1ce9d9e5e301d1e67439c9530da94b1e64ee3f	7484d7b0dd80f45e18d726b04752827fe28555cc5c1af0e127948380e6688abf
semantic-proposal-v1	SC1-3d3a6839065b21f3957354292ff0126b4d1804e7ba9a446f05fc33fe81643d8b	S016011	3	P01	SYMBOLS.tsv	347776	status	aarch64	include/uapi/asm-generic/mman-common.h	operative_macro	PROT_NONE	16	PENDING_REVIEW	COMPLETE	COMPLETE	vendor/linux/include/uapi/asm-generic/mman-common.h;vendor/linux/include/uapi/asm-generic/mman-common.h:16;rewrite/configs/aarch64/frozen.config;header_closure=rewrite/metadata/header_closure.tsv;selected=PENDING_REVIEW	425f94c2954b1fe80ebdbf9b29854e89750355df	4563edb3a5513944a156a66f76d7d628dfdffddc165cc4d6787509d2efdd9456	bdaecb42830d77c60765651b0bb6c352a179fc66298ed1c3356bb2f1b69b03da	0123af9e96b58af4e98b91a2de5608d36b63c67864b9041d3340587f3dbe40d2	cfa8dcf0d81c408de38d4202fe1ce9d9e5e301d1e67439c9530da94b1e64ee3f	7484d7b0dd80f45e18d726b04752827fe28555cc5c1af0e127948380e6688abf
semantic-proposal-v1	SC1-fa08c69353f7999dc65d15974439ffaef89f7d35c7a0938bb04196e5a3a197fd	S016011	3	P01	SYMBOLS.tsv	347777	selection_expression	aarch64	include/uapi/asm-generic/mman-common.h	operative_macro	PROT_GROWSDOWN	17	PENDING_REVIEW	SOURCE_REVIEWED_VALUE	COMPLETE	vendor/linux/include/uapi/asm-generic/mman-common.h;vendor/linux/include/uapi/asm-generic/mman-common.h:17;rewrite/configs/aarch64/frozen.config;header_closure=rewrite/metadata/header_closure.tsv;selected=PENDING_REVIEW	425f94c2954b1fe80ebdbf9b29854e89750355df	4563edb3a5513944a156a66f76d7d628dfdffddc165cc4d6787509d2efdd9456	bdaecb42830d77c60765651b0bb6c352a179fc66298ed1c3356bb2f1b69b03da	0123af9e96b58af4e98b91a2de5608d36b63c67864b9041d3340587f3dbe40d2	cfa8dcf0d81c408de38d4202fe1ce9d9e5e301d1e67439c9530da94b1e64ee3f	7484d7b0dd80f45e18d726b04752827fe28555cc5c1af0e127948380e6688abf
semantic-proposal-v1	SC1-27b2a50c72089e3a9abc48f9352c0f29bed2552c4106147914446774131bc9e8	S016011	3	P01	SYMBOLS.tsv	347777	status	aarch64	include/uapi/asm-generic/mman-common.h	operative_macro	PROT_GROWSDOWN	17	PENDING_REVIEW	COMPLETE	COMPLETE	vendor/linux/include/uapi/asm-generic/mman-common.h;vendor/linux/include/uapi/asm-generic/mman-common.h:17;rewrite/configs/aarch64/frozen.config;header_closure=rewrite/metadata/header_closure.tsv;selected=PENDING_REVIEW	425f94c2954b1fe80ebdbf9b29854e89750355df	4563edb3a5513944a156a66f76d7d628dfdffddc165cc4d6787509d2efdd9456	bdaecb42830d77c60765651b0bb6c352a179fc66298ed1c3356bb2f1b69b03da	0123af9e96b58af4e98b91a2de5608d36b63c67864b9041d3340587f3dbe40d2	cfa8dcf0d81c408de38d4202fe1ce9d9e5e301d1e67439c9530da94b1e64ee3f	7484d7b0dd80f45e18d726b04752827fe28555cc5c1af0e127948380e6688abf
semantic-proposal-v1	SC1-6dad88dd5eca469e017e92d89440c9e14f7d1b8807a13f2b76d0336f6c69f7cc	S016011	3	P01	SYMBOLS.tsv	347778	selection_expression	aarch64	include/uapi/asm-generic/mman-common.h	operative_macro	PROT_GROWSUP	18	PENDING_REVIEW	SOURCE_REVIEWED_VALUE	COMPLETE	vendor/linux/include/uapi/asm-generic/mman-common.h;vendor/linux/include/uapi/asm-generic/mman-common.h:18;rewrite/configs/aarch64/frozen.config;header_closure=rewrite/metadata/header_closure.tsv;selected=PENDING_REVIEW	425f94c2954b1fe80ebdbf9b29854e89750355df	4563edb3a5513944a156a66f76d7d628dfdffddc165cc4d6787509d2efdd9456	bdaecb42830d77c60765651b0bb6c352a179fc66298ed1c3356bb2f1b69b03da	0123af9e96b58af4e98b91a2de5608d36b63c67864b9041d3340587f3dbe40d2	cfa8dcf0d81c408de38d4202fe1ce9d9e5e301d1e67439c9530da94b1e64ee3f	7484d7b0dd80f45e18d726b04752827fe28555cc5c1af0e127948380e6688abf
semantic-proposal-v1	SC1-e5f85069b168a6bf8c567d9c44024d4f9eeea45455741c59e7d851df3346373c	S016011	3	P01	SYMBOLS.tsv	347778	status	aarch64	include/uapi/asm-generic/mman-common.h	operative_macro	PROT_GROWSUP	18	PENDING_REVIEW	COMPLETE	COMPLETE	vendor/linux/include/uapi/asm-generic/mman-common.h;vendor/linux/include/uapi/asm-generic/mman-common.h:18;rewrite/configs/aarch64/frozen.config;header_closure=rewrite/metadata/header_closure.tsv;selected=PENDING_REVIEW	425f94c2954b1fe80ebdbf9b29854e89750355df	4563edb3a5513944a156a66f76d7d628dfdffddc165cc4d6787509d2efdd9456	bdaecb42830d77c60765651b0bb6c352a179fc66298ed1c3356bb2f1b69b03da	0123af9e96b58af4e98b91a2de5608d36b63c67864b9041d3340587f3dbe40d2	cfa8dcf0d81c408de38d4202fe1ce9d9e5e301d1e67439c9530da94b1e64ee3f	7484d7b0dd80f45e18d726b04752827fe28555cc5c1af0e127948380e6688abf
semantic-proposal-v1	SC1-e235940bd9d7ffbab805a6392d3d06d2d01cb1157c14a0dd60ce17c84f56f116	S016011	3	P01	SYMBOLS.tsv	347779	selection_expression	aarch64	include/uapi/asm-generic/mman-common.h	operative_macro	MAP_TYPE	21	PENDING_REVIEW	SOURCE_REVIEWED_VALUE	COMPLETE	vendor/linux/include/uapi/asm-generic/mman-common.h;vendor/linux/include/uapi/asm-generic/mman-common.h:21;rewrite/configs/aarch64/frozen.config;header_closure=rewrite/metadata/header_closure.tsv;selected=PENDING_REVIEW	425f94c2954b1fe80ebdbf9b29854e89750355df	4563edb3a5513944a156a66f76d7d628dfdffddc165cc4d6787509d2efdd9456	bdaecb42830d77c60765651b0bb6c352a179fc66298ed1c3356bb2f1b69b03da	0123af9e96b58af4e98b91a2de5608d36b63c67864b9041d3340587f3dbe40d2	cfa8dcf0d81c408de38d4202fe1ce9d9e5e301d1e67439c9530da94b1e64ee3f	7484d7b0dd80f45e18d726b04752827fe28555cc5c1af0e127948380e6688abf
semantic-proposal-v1	SC1-99b6b9ba1f3bb21efe29cf538f0a650e5eb971af3de172ae48b128e58b74e53f	S016011	3	P01	SYMBOLS.tsv	347779	status	aarch64	include/uapi/asm-generic/mman-common.h	operative_macro	MAP_TYPE	21	PENDING_REVIEW	COMPLETE	COMPLETE	vendor/linux/include/uapi/asm-generic/mman-common.h;vendor/linux/include/uapi/asm-generic/mman-common.h:21;rewrite/configs/aarch64/frozen.config;header_closure=rewrite/metadata/header_closure.tsv;selected=PENDING_REVIEW	425f94c2954b1fe80ebdbf9b29854e89750355df	4563edb3a5513944a156a66f76d7d628dfdffddc165cc4d6787509d2efdd9456	bdaecb42830d77c60765651b0bb6c352a179fc66298ed1c3356bb2f1b69b03da	0123af9e96b58af4e98b91a2de5608d36b63c67864b9041d3340587f3dbe40d2	cfa8dcf0d81c408de38d4202fe1ce9d9e5e301d1e67439c9530da94b1e64ee3f	7484d7b0dd80f45e18d726b04752827fe28555cc5c1af0e127948380e6688abf
semantic-proposal-v1	SC1-f6ac74e3080d9afbcbb02a38fa5586011e4be769dc9a353defaa97b0960d79df	S016011	3	P01	SYMBOLS.tsv	347780	selection_expression	aarch64	include/uapi/asm-generic/mman-common.h	operative_macro	MAP_FIXED	22	PENDING_REVIEW	SOURCE_REVIEWED_VALUE	COMPLETE	vendor/linux/include/uapi/asm-generic/mman-common.h;vendor/linux/include/uapi/asm-generic/mman-common.h:22;rewrite/configs/aarch64/frozen.config;header_closure=rewrite/metadata/header_closure.tsv;selected=PENDING_REVIEW	425f94c2954b1fe80ebdbf9b29854e89750355df	4563edb3a5513944a156a66f76d7d628dfdffddc165cc4d6787509d2efdd9456	bdaecb42830d77c60765651b0bb6c352a179fc66298ed1c3356bb2f1b69b03da	0123af9e96b58af4e98b91a2de5608d36b63c67864b9041d3340587f3dbe40d2	cfa8dcf0d81c408de38d4202fe1ce9d9e5e301d1e67439c9530da94b1e64ee3f	7484d7b0dd80f45e18d726b04752827fe28555cc5c1af0e127948380e6688abf
semantic-proposal-v1	SC1-60e9ff84cafeba8d836ddbf52c584ed6b7014c66da9aafda2630e817e155713e	S016011	3	P01	SYMBOLS.tsv	347780	status	aarch64	include/uapi/asm-generic/mman-common.h	operative_macro	MAP_FIXED	22	PENDING_REVIEW	COMPLETE	COMPLETE	vendor/linux/include/uapi/asm-generic/mman-common.h;vendor/linux/include/uapi/asm-generic/mman-common.h:22;rewrite/configs/aarch64/frozen.config;header_closure=rewrite/metadata/header_closure.tsv;selected=PENDING_REVIEW	425f94c2954b1fe80ebdbf9b29854e89750355df	4563edb3a5513944a156a66f76d7d628dfdffddc165cc4d6787509d2efdd9456	bdaecb42830d77c60765651b0bb6c352a179fc66298ed1c3356bb2f1b69b03da	0123af9e96b58af4e98b91a2de5608d36b63c67864b9041d3340587f3dbe40d2	cfa8dcf0d81c408de38d4202fe1ce9d9e5e301d1e67439c9530da94b1e64ee3f	7484d7b0dd80f45e18d726b04752827fe28555cc5c1af0e127948380e6688abf
semantic-proposal-v1	SC1-d2a01ac6151c05491c119d61de021f788c98d71970fc421e7e3e351d7aa6f36d	S016011	3	P01	SYMBOLS.tsv	347781	selection_expression	aarch64	include/uapi/asm-generic/mman-common.h	operative_macro	MAP_ANONYMOUS	23	PENDING_REVIEW	SOURCE_REVIEWED_VALUE	COMPLETE	vendor/linux/include/uapi/asm-generic/mman-common.h;vendor/linux/include/uapi/asm-generic/mman-common.h:23;rewrite/configs/aarch64/frozen.config;header_closure=rewrite/metadata/header_closure.tsv;selected=PENDING_REVIEW	425f94c2954b1fe80ebdbf9b29854e89750355df	4563edb3a5513944a156a66f76d7d628dfdffddc165cc4d6787509d2efdd9456	bdaecb42830d77c60765651b0bb6c352a179fc66298ed1c3356bb2f1b69b03da	0123af9e96b58af4e98b91a2de5608d36b63c67864b9041d3340587f3dbe40d2	cfa8dcf0d81c408de38d4202fe1ce9d9e5e301d1e67439c9530da94b1e64ee3f	7484d7b0dd80f45e18d726b04752827fe28555cc5c1af0e127948380e6688abf
semantic-proposal-v1	SC1-060c7a629aa08bc5557f3d22ca1a4f8021257ed839e357a8064090fd24669981	S016011	3	P01	SYMBOLS.tsv	347781	status	aarch64	include/uapi/asm-generic/mman-common.h	operative_macro	MAP_ANONYMOUS	23	PENDING_REVIEW	COMPLETE	COMPLETE	vendor/linux/include/uapi/asm-generic/mman-common.h;vendor/linux/include/uapi/asm-generic/mman-common.h:23;rewrite/configs/aarch64/frozen.config;header_closure=rewrite/metadata/header_closure.tsv;selected=PENDING_REVIEW	425f94c2954b1fe80ebdbf9b29854e89750355df	4563edb3a5513944a156a66f76d7d628dfdffddc165cc4d6787509d2efdd9456	bdaecb42830d77c60765651b0bb6c352a179fc66298ed1c3356bb2f1b69b03da	0123af9e96b58af4e98b91a2de5608d36b63c67864b9041d3340587f3dbe40d2	cfa8dcf0d81c408de38d4202fe1ce9d9e5e301d1e67439c9530da94b1e64ee3f	7484d7b0dd80f45e18d726b04752827fe28555cc5c1af0e127948380e6688abf
semantic-proposal-v1	SC1-e3aa77e96038f0b26c8f96549f3825e8e742f68014d46034716afa18b0d3498d	S016011	3	P01	SYMBOLS.tsv	347782	selection_expression	aarch64	include/uapi/asm-generic/mman-common.h	operative_macro	MAP_POPULATE	26	PENDING_REVIEW	SOURCE_REVIEWED_VALUE	COMPLETE	vendor/linux/include/uapi/asm-generic/mman-common.h;vendor/linux/include/uapi/asm-generic/mman-common.h:26;rewrite/configs/aarch64/frozen.config;header_closure=rewrite/metadata/header_closure.tsv;selected=PENDING_REVIEW	425f94c2954b1fe80ebdbf9b29854e89750355df	4563edb3a5513944a156a66f76d7d628dfdffddc165cc4d6787509d2efdd9456	bdaecb42830d77c60765651b0bb6c352a179fc66298ed1c3356bb2f1b69b03da	0123af9e96b58af4e98b91a2de5608d36b63c67864b9041d3340587f3dbe40d2	cfa8dcf0d81c408de38d4202fe1ce9d9e5e301d1e67439c9530da94b1e64ee3f	7484d7b0dd80f45e18d726b04752827fe28555cc5c1af0e127948380e6688abf
semantic-proposal-v1	SC1-2556abcc19f2a329ae0c70e30c5978817b033109186226aeae89f2fb82be7cb9	S016011	3	P01	SYMBOLS.tsv	347782	status	aarch64	include/uapi/asm-generic/mman-common.h	operative_macro	MAP_POPULATE	26	PENDING_REVIEW	COMPLETE	COMPLETE	vendor/linux/include/uapi/asm-generic/mman-common.h;vendor/linux/include/uapi/asm-generic/mman-common.h:26;rewrite/configs/aarch64/frozen.config;header_closure=rewrite/metadata/header_closure.tsv;selected=PENDING_REVIEW	425f94c2954b1fe80ebdbf9b29854e89750355df	4563edb3a5513944a156a66f76d7d628dfdffddc165cc4d6787509d2efdd9456	bdaecb42830d77c60765651b0bb6c352a179fc66298ed1c3356bb2f1b69b03da	0123af9e96b58af4e98b91a2de5608d36b63c67864b9041d3340587f3dbe40d2	cfa8dcf0d81c408de38d4202fe1ce9d9e5e301d1e67439c9530da94b1e64ee3f	7484d7b0dd80f45e18d726b04752827fe28555cc5c1af0e127948380e6688abf
semantic-proposal-v1	SC1-c736694276a5defe60bd894f2934793c1274e9a57ef78ac37183a20c12f3f968	S016011	3	P01	SYMBOLS.tsv	347783	selection_expression	aarch64	include/uapi/asm-generic/mman-common.h	operative_macro	MAP_NONBLOCK	27	PENDING_REVIEW	SOURCE_REVIEWED_VALUE	COMPLETE	vendor/linux/include/uapi/asm-generic/mman-common.h;vendor/linux/include/uapi/asm-generic/mman-common.h:27;rewrite/configs/aarch64/frozen.config;header_closure=rewrite/metadata/header_closure.tsv;selected=PENDING_REVIEW	425f94c2954b1fe80ebdbf9b29854e89750355df	4563edb3a5513944a156a66f76d7d628dfdffddc165cc4d6787509d2efdd9456	bdaecb42830d77c60765651b0bb6c352a179fc66298ed1c3356bb2f1b69b03da	0123af9e96b58af4e98b91a2de5608d36b63c67864b9041d3340587f3dbe40d2	cfa8dcf0d81c408de38d4202fe1ce9d9e5e301d1e67439c9530da94b1e64ee3f	7484d7b0dd80f45e18d726b04752827fe28555cc5c1af0e127948380e6688abf
semantic-proposal-v1	SC1-076a71bd432784e7d2e6e784a1afb343673761839a61178e00bf49adb6b2c78b	S016011	3	P01	SYMBOLS.tsv	347783	status	aarch64	include/uapi/asm-generic/mman-common.h	operative_macro	MAP_NONBLOCK	27	PENDING_REVIEW	COMPLETE	COMPLETE	vendor/linux/include/uapi/asm-generic/mman-common.h;vendor/linux/include/uapi/asm-generic/mman-common.h:27;rewrite/configs/aarch64/frozen.config;header_closure=rewrite/metadata/header_closure.tsv;selected=PENDING_REVIEW	425f94c2954b1fe80ebdbf9b29854e89750355df	4563edb3a5513944a156a66f76d7d628dfdffddc165cc4d6787509d2efdd9456	bdaecb42830d77c60765651b0bb6c352a179fc66298ed1c3356bb2f1b69b03da	0123af9e96b58af4e98b91a2de5608d36b63c67864b9041d3340587f3dbe40d2	cfa8dcf0d81c408de38d4202fe1ce9d9e5e301d1e67439c9530da94b1e64ee3f	7484d7b0dd80f45e18d726b04752827fe28555cc5c1af0e127948380e6688abf
semantic-proposal-v1	SC1-53f13aee4e9d872e5b2a8ea8335b960332cc53d6f2a70004ddc71d5092d1572b	S016011	3	P01	SYMBOLS.tsv	347784	selection_expression	aarch64	include/uapi/asm-generic/mman-common.h	operative_macro	MAP_STACK	28	PENDING_REVIEW	SOURCE_REVIEWED_VALUE	COMPLETE	vendor/linux/include/uapi/asm-generic/mman-common.h;vendor/linux/include/uapi/asm-generic/mman-common.h:28;rewrite/configs/aarch64/frozen.config;header_closure=rewrite/metadata/header_closure.tsv;selected=PENDING_REVIEW	425f94c2954b1fe80ebdbf9b29854e89750355df	4563edb3a5513944a156a66f76d7d628dfdffddc165cc4d6787509d2efdd9456	bdaecb42830d77c60765651b0bb6c352a179fc66298ed1c3356bb2f1b69b03da	0123af9e96b58af4e98b91a2de5608d36b63c67864b9041d3340587f3dbe40d2	cfa8dcf0d81c408de38d4202fe1ce9d9e5e301d1e67439c9530da94b1e64ee3f	7484d7b0dd80f45e18d726b04752827fe28555cc5c1af0e127948380e6688abf
semantic-proposal-v1	SC1-bfdbdc401af78daa7ae058d28b976e5643438343def2047bfcdb2f0b8bc00ced	S016011	3	P01	SYMBOLS.tsv	347784	status	aarch64	include/uapi/asm-generic/mman-common.h	operative_macro	MAP_STACK	28	PENDING_REVIEW	COMPLETE	COMPLETE	vendor/linux/include/uapi/asm-generic/mman-common.h;vendor/linux/include/uapi/asm-generic/mman-common.h:28;rewrite/configs/aarch64/frozen.config;header_closure=rewrite/metadata/header_closure.tsv;selected=PENDING_REVIEW	425f94c2954b1fe80ebdbf9b29854e89750355df	4563edb3a5513944a156a66f76d7d628dfdffddc165cc4d6787509d2efdd9456	bdaecb42830d77c60765651b0bb6c352a179fc66298ed1c3356bb2f1b69b03da	0123af9e96b58af4e98b91a2de5608d36b63c67864b9041d3340587f3dbe40d2	cfa8dcf0d81c408de38d4202fe1ce9d9e5e301d1e67439c9530da94b1e64ee3f	7484d7b0dd80f45e18d726b04752827fe28555cc5c1af0e127948380e6688abf
semantic-proposal-v1	SC1-6259bc7211337733ae4245f202379de39839e2e3cb8a52a1aa5538bbf6eeaa24	S016011	3	P01	SYMBOLS.tsv	347785	selection_expression	aarch64	include/uapi/asm-generic/mman-common.h	operative_macro	MAP_HUGETLB	29	PENDING_REVIEW	SOURCE_REVIEWED_VALUE	COMPLETE	vendor/linux/include/uapi/asm-generic/mman-common.h;vendor/linux/include/uapi/asm-generic/mman-common.h:29;rewrite/configs/aarch64/frozen.config;header_closure=rewrite/metadata/header_closure.tsv;selected=PENDING_REVIEW	425f94c2954b1fe80ebdbf9b29854e89750355df	4563edb3a5513944a156a66f76d7d628dfdffddc165cc4d6787509d2efdd9456	bdaecb42830d77c60765651b0bb6c352a179fc66298ed1c3356bb2f1b69b03da	0123af9e96b58af4e98b91a2de5608d36b63c67864b9041d3340587f3dbe40d2	cfa8dcf0d81c408de38d4202fe1ce9d9e5e301d1e67439c9530da94b1e64ee3f	7484d7b0dd80f45e18d726b04752827fe28555cc5c1af0e127948380e6688abf
semantic-proposal-v1	SC1-ded95fb93261ac97b002ffb524b7669b1d6d0840daca77cf4c85a5a906611653	S016011	3	P01	SYMBOLS.tsv	347785	status	aarch64	include/uapi/asm-generic/mman-common.h	operative_macro	MAP_HUGETLB	29	PENDING_REVIEW	COMPLETE	COMPLETE	vendor/linux/include/uapi/asm-generic/mman-common.h;vendor/linux/include/uapi/asm-generic/mman-common.h:29;rewrite/configs/aarch64/frozen.config;header_closure=rewrite/metadata/header_closure.tsv;selected=PENDING_REVIEW	425f94c2954b1fe80ebdbf9b29854e89750355df	4563edb3a5513944a156a66f76d7d628dfdffddc165cc4d6787509d2efdd9456	bdaecb42830d77c60765651b0bb6c352a179fc66298ed1c3356bb2f1b69b03da	0123af9e96b58af4e98b91a2de5608d36b63c67864b9041d3340587f3dbe40d2	cfa8dcf0d81c408de38d4202fe1ce9d9e5e301d1e67439c9530da94b1e64ee3f	7484d7b0dd80f45e18d726b04752827fe28555cc5c1af0e127948380e6688abf
semantic-proposal-v1	SC1-8ed7c09b5956ebaa6e688a34d3e518a5a0b057fe358947d3da608f4b3972508e	S016011	3	P01	SYMBOLS.tsv	347786	selection_expression	aarch64	include/uapi/asm-generic/mman-common.h	operative_macro	MAP_SYNC	30	PENDING_REVIEW	SOURCE_REVIEWED_VALUE	COMPLETE	vendor/linux/include/uapi/asm-generic/mman-common.h;vendor/linux/include/uapi/asm-generic/mman-common.h:30;rewrite/configs/aarch64/frozen.config;header_closure=rewrite/metadata/header_closure.tsv;selected=PENDING_REVIEW	425f94c2954b1fe80ebdbf9b29854e89750355df	4563edb3a5513944a156a66f76d7d628dfdffddc165cc4d6787509d2efdd9456	bdaecb42830d77c60765651b0bb6c352a179fc66298ed1c3356bb2f1b69b03da	0123af9e96b58af4e98b91a2de5608d36b63c67864b9041d3340587f3dbe40d2	cfa8dcf0d81c408de38d4202fe1ce9d9e5e301d1e67439c9530da94b1e64ee3f	7484d7b0dd80f45e18d726b04752827fe28555cc5c1af0e127948380e6688abf
semantic-proposal-v1	SC1-89095b86800796031d3c44a7997c6ee92f815743b78543ee3aa99c5c7e5c505c	S016011	3	P01	SYMBOLS.tsv	347786	status	aarch64	include/uapi/asm-generic/mman-common.h	operative_macro	MAP_SYNC	30	PENDING_REVIEW	COMPLETE	COMPLETE	vendor/linux/include/uapi/asm-generic/mman-common.h;vendor/linux/include/uapi/asm-generic/mman-common.h:30;rewrite/configs/aarch64/frozen.config;header_closure=rewrite/metadata/header_closure.tsv;selected=PENDING_REVIEW	425f94c2954b1fe80ebdbf9b29854e89750355df	4563edb3a5513944a156a66f76d7d628dfdffddc165cc4d6787509d2efdd9456	bdaecb42830d77c60765651b0bb6c352a179fc66298ed1c3356bb2f1b69b03da	0123af9e96b58af4e98b91a2de5608d36b63c67864b9041d3340587f3dbe40d2	cfa8dcf0d81c408de38d4202fe1ce9d9e5e301d1e67439c9530da94b1e64ee3f	7484d7b0dd80f45e18d726b04752827fe28555cc5c1af0e127948380e6688abf
semantic-proposal-v1	SC1-9f00f48bb0da5681df1ca443d416f0ecd025fa82891f44468a589058f82f07d7	S016011	3	P01	SYMBOLS.tsv	347787	selection_expression	aarch64	include/uapi/asm-generic/mman-common.h	operative_macro	MAP_FIXED_NOREPLACE	31	PENDING_REVIEW	SOURCE_REVIEWED_VALUE	COMPLETE	vendor/linux/include/uapi/asm-generic/mman-common.h;vendor/linux/include/uapi/asm-generic/mman-common.h:31;rewrite/configs/aarch64/frozen.config;header_closure=rewrite/metadata/header_closure.tsv;selected=PENDING_REVIEW	425f94c2954b1fe80ebdbf9b29854e89750355df	4563edb3a5513944a156a66f76d7d628dfdffddc165cc4d6787509d2efdd9456	bdaecb42830d77c60765651b0bb6c352a179fc66298ed1c3356bb2f1b69b03da	0123af9e96b58af4e98b91a2de5608d36b63c67864b9041d3340587f3dbe40d2	cfa8dcf0d81c408de38d4202fe1ce9d9e5e301d1e67439c9530da94b1e64ee3f	7484d7b0dd80f45e18d726b04752827fe28555cc5c1af0e127948380e6688abf
semantic-proposal-v1	SC1-c874b6186fe2c80d4f1ad61cc0e9802f7367f8c655031efb1720ea4f235f7c35	S016011	3	P01	SYMBOLS.tsv	347787	status	aarch64	include/uapi/asm-generic/mman-common.h	operative_macro	MAP_FIXED_NOREPLACE	31	PENDING_REVIEW	COMPLETE	COMPLETE	vendor/linux/include/uapi/asm-generic/mman-common.h;vendor/linux/include/uapi/asm-generic/mman-common.h:31;rewrite/configs/aarch64/frozen.config;header_closure=rewrite/metadata/header_closure.tsv;selected=PENDING_REVIEW	425f94c2954b1fe80ebdbf9b29854e89750355df	4563edb3a5513944a156a66f76d7d628dfdffddc165cc4d6787509d2efdd9456	bdaecb42830d77c60765651b0bb6c352a179fc66298ed1c3356bb2f1b69b03da	0123af9e96b58af4e98b91a2de5608d36b63c67864b9041d3340587f3dbe40d2	cfa8dcf0d81c408de38d4202fe1ce9d9e5e301d1e67439c9530da94b1e64ee3f	7484d7b0dd80f45e18d726b04752827fe28555cc5c1af0e127948380e6688abf
semantic-proposal-v1	SC1-a02bbb9123531047a2053006205078e64ca000e8e1cff192ba959cf26fe9c419	S016011	3	P01	SYMBOLS.tsv	347788	selection_expression	aarch64	include/uapi/asm-generic/mman-common.h	operative_macro	MAP_UNINITIALIZED	33	PENDING_REVIEW	SOURCE_REVIEWED_VALUE	COMPLETE	vendor/linux/include/uapi/asm-generic/mman-common.h;vendor/linux/include/uapi/asm-generic/mman-common.h:33;rewrite/configs/aarch64/frozen.config;header_closure=rewrite/metadata/header_closure.tsv;selected=PENDING_REVIEW	425f94c2954b1fe80ebdbf9b29854e89750355df	4563edb3a5513944a156a66f76d7d628dfdffddc165cc4d6787509d2efdd9456	bdaecb42830d77c60765651b0bb6c352a179fc66298ed1c3356bb2f1b69b03da	0123af9e96b58af4e98b91a2de5608d36b63c67864b9041d3340587f3dbe40d2	cfa8dcf0d81c408de38d4202fe1ce9d9e5e301d1e67439c9530da94b1e64ee3f	7484d7b0dd80f45e18d726b04752827fe28555cc5c1af0e127948380e6688abf
semantic-proposal-v1	SC1-3f1ef586dae0c7a437c72ce8efb8783a03da791911719d885d7d5ef9ace1949f	S016011	3	P01	SYMBOLS.tsv	347788	status	aarch64	include/uapi/asm-generic/mman-common.h	operative_macro	MAP_UNINITIALIZED	33	PENDING_REVIEW	COMPLETE	COMPLETE	vendor/linux/include/uapi/asm-generic/mman-common.h;vendor/linux/include/uapi/asm-generic/mman-common.h:33;rewrite/configs/aarch64/frozen.config;header_closure=rewrite/metadata/header_closure.tsv;selected=PENDING_REVIEW	425f94c2954b1fe80ebdbf9b29854e89750355df	4563edb3a5513944a156a66f76d7d628dfdffddc165cc4d6787509d2efdd9456	bdaecb42830d77c60765651b0bb6c352a179fc66298ed1c3356bb2f1b69b03da	0123af9e96b58af4e98b91a2de5608d36b63c67864b9041d3340587f3dbe40d2	cfa8dcf0d81c408de38d4202fe1ce9d9e5e301d1e67439c9530da94b1e64ee3f	7484d7b0dd80f45e18d726b04752827fe28555cc5c1af0e127948380e6688abf
semantic-proposal-v1	SC1-eaae2cb287c0e516de0d5315556bae458c5b8e9c662139cd33e8932300e32f00	S016011	3	P01	SYMBOLS.tsv	347789	selection_expression	aarch64	include/uapi/asm-generic/mman-common.h	operative_macro	MLOCK_ONFAULT	39	PENDING_REVIEW	SOURCE_REVIEWED_VALUE	COMPLETE	vendor/linux/include/uapi/asm-generic/mman-common.h;vendor/linux/include/uapi/asm-generic/mman-common.h:39;rewrite/configs/aarch64/frozen.config;header_closure=rewrite/metadata/header_closure.tsv;selected=PENDING_REVIEW	425f94c2954b1fe80ebdbf9b29854e89750355df	4563edb3a5513944a156a66f76d7d628dfdffddc165cc4d6787509d2efdd9456	bdaecb42830d77c60765651b0bb6c352a179fc66298ed1c3356bb2f1b69b03da	0123af9e96b58af4e98b91a2de5608d36b63c67864b9041d3340587f3dbe40d2	cfa8dcf0d81c408de38d4202fe1ce9d9e5e301d1e67439c9530da94b1e64ee3f	7484d7b0dd80f45e18d726b04752827fe28555cc5c1af0e127948380e6688abf
semantic-proposal-v1	SC1-8197fa7c8510d0dd5219328123f8c71983fc9e66937974d2afd47d689fa9c3bd	S016011	3	P01	SYMBOLS.tsv	347789	status	aarch64	include/uapi/asm-generic/mman-common.h	operative_macro	MLOCK_ONFAULT	39	PENDING_REVIEW	COMPLETE	COMPLETE	vendor/linux/include/uapi/asm-generic/mman-common.h;vendor/linux/include/uapi/asm-generic/mman-common.h:39;rewrite/configs/aarch64/frozen.config;header_closure=rewrite/metadata/header_closure.tsv;selected=PENDING_REVIEW	425f94c2954b1fe80ebdbf9b29854e89750355df	4563edb3a5513944a156a66f76d7d628dfdffddc165cc4d6787509d2efdd9456	bdaecb42830d77c60765651b0bb6c352a179fc66298ed1c3356bb2f1b69b03da	0123af9e96b58af4e98b91a2de5608d36b63c67864b9041d3340587f3dbe40d2	cfa8dcf0d81c408de38d4202fe1ce9d9e5e301d1e67439c9530da94b1e64ee3f	7484d7b0dd80f45e18d726b04752827fe28555cc5c1af0e127948380e6688abf
semantic-proposal-v1	SC1-01b6878f9357ac50e562f1603463b56d588eb90ce136a1af089ccbdb076c89cb	S016011	3	P01	SYMBOLS.tsv	347790	selection_expression	aarch64	include/uapi/asm-generic/mman-common.h	operative_macro	MS_ASYNC	41	PENDING_REVIEW	SOURCE_REVIEWED_VALUE	COMPLETE	vendor/linux/include/uapi/asm-generic/mman-common.h;vendor/linux/include/uapi/asm-generic/mman-common.h:41;rewrite/configs/aarch64/frozen.config;header_closure=rewrite/metadata/header_closure.tsv;selected=PENDING_REVIEW	425f94c2954b1fe80ebdbf9b29854e89750355df	4563edb3a5513944a156a66f76d7d628dfdffddc165cc4d6787509d2efdd9456	bdaecb42830d77c60765651b0bb6c352a179fc66298ed1c3356bb2f1b69b03da	0123af9e96b58af4e98b91a2de5608d36b63c67864b9041d3340587f3dbe40d2	cfa8dcf0d81c408de38d4202fe1ce9d9e5e301d1e67439c9530da94b1e64ee3f	7484d7b0dd80f45e18d726b04752827fe28555cc5c1af0e127948380e6688abf
semantic-proposal-v1	SC1-5b359e451c70324597104f1d778a8daed653578f6960eae6d4a5d4d10ed0bb87	S016011	3	P01	SYMBOLS.tsv	347790	status	aarch64	include/uapi/asm-generic/mman-common.h	operative_macro	MS_ASYNC	41	PENDING_REVIEW	COMPLETE	COMPLETE	vendor/linux/include/uapi/asm-generic/mman-common.h;vendor/linux/include/uapi/asm-generic/mman-common.h:41;rewrite/configs/aarch64/frozen.config;header_closure=rewrite/metadata/header_closure.tsv;selected=PENDING_REVIEW	425f94c2954b1fe80ebdbf9b29854e89750355df	4563edb3a5513944a156a66f76d7d628dfdffddc165cc4d6787509d2efdd9456	bdaecb42830d77c60765651b0bb6c352a179fc66298ed1c3356bb2f1b69b03da	0123af9e96b58af4e98b91a2de5608d36b63c67864b9041d3340587f3dbe40d2	cfa8dcf0d81c408de38d4202fe1ce9d9e5e301d1e67439c9530da94b1e64ee3f	7484d7b0dd80f45e18d726b04752827fe28555cc5c1af0e127948380e6688abf
semantic-proposal-v1	SC1-29c009d38c32566af6bbfc2c43947c4aa8f8d9002b989f968eccfbdbc02fb53b	S016011	3	P01	SYMBOLS.tsv	347791	selection_expression	aarch64	include/uapi/asm-generic/mman-common.h	operative_macro	MS_INVALIDATE	42	PENDING_REVIEW	SOURCE_REVIEWED_VALUE	COMPLETE	vendor/linux/include/uapi/asm-generic/mman-common.h;vendor/linux/include/uapi/asm-generic/mman-common.h:42;rewrite/configs/aarch64/frozen.config;header_closure=rewrite/metadata/header_closure.tsv;selected=PENDING_REVIEW	425f94c2954b1fe80ebdbf9b29854e89750355df	4563edb3a5513944a156a66f76d7d628dfdffddc165cc4d6787509d2efdd9456	bdaecb42830d77c60765651b0bb6c352a179fc66298ed1c3356bb2f1b69b03da	0123af9e96b58af4e98b91a2de5608d36b63c67864b9041d3340587f3dbe40d2	cfa8dcf0d81c408de38d4202fe1ce9d9e5e301d1e67439c9530da94b1e64ee3f	7484d7b0dd80f45e18d726b04752827fe28555cc5c1af0e127948380e6688abf
semantic-proposal-v1	SC1-9e336200ad4de880c0ada6921fdfdfcd80969380e73860a40ac7a9bd0968f5d4	S016011	3	P01	SYMBOLS.tsv	347791	status	aarch64	include/uapi/asm-generic/mman-common.h	operative_macro	MS_INVALIDATE	42	PENDING_REVIEW	COMPLETE	COMPLETE	vendor/linux/include/uapi/asm-generic/mman-common.h;vendor/linux/include/uapi/asm-generic/mman-common.h:42;rewrite/configs/aarch64/frozen.config;header_closure=rewrite/metadata/header_closure.tsv;selected=PENDING_REVIEW	425f94c2954b1fe80ebdbf9b29854e89750355df	4563edb3a5513944a156a66f76d7d628dfdffddc165cc4d6787509d2efdd9456	bdaecb42830d77c60765651b0bb6c352a179fc66298ed1c3356bb2f1b69b03da	0123af9e96b58af4e98b91a2de5608d36b63c67864b9041d3340587f3dbe40d2	cfa8dcf0d81c408de38d4202fe1ce9d9e5e301d1e67439c9530da94b1e64ee3f	7484d7b0dd80f45e18d726b04752827fe28555cc5c1af0e127948380e6688abf
semantic-proposal-v1	SC1-497702888a0057e5ab0941b3a129df8102dbe33083771ab521d6fd73d5267b2d	S016011	3	P01	SYMBOLS.tsv	347792	selection_expression	aarch64	include/uapi/asm-generic/mman-common.h	operative_macro	MS_SYNC	43	PENDING_REVIEW	SOURCE_REVIEWED_VALUE	COMPLETE	vendor/linux/include/uapi/asm-generic/mman-common.h;vendor/linux/include/uapi/asm-generic/mman-common.h:43;rewrite/configs/aarch64/frozen.config;header_closure=rewrite/metadata/header_closure.tsv;selected=PENDING_REVIEW	425f94c2954b1fe80ebdbf9b29854e89750355df	4563edb3a5513944a156a66f76d7d628dfdffddc165cc4d6787509d2efdd9456	bdaecb42830d77c60765651b0bb6c352a179fc66298ed1c3356bb2f1b69b03da	0123af9e96b58af4e98b91a2de5608d36b63c67864b9041d3340587f3dbe40d2	cfa8dcf0d81c408de38d4202fe1ce9d9e5e301d1e67439c9530da94b1e64ee3f	7484d7b0dd80f45e18d726b04752827fe28555cc5c1af0e127948380e6688abf
semantic-proposal-v1	SC1-87b43a78cf0a8440ee34d40ec821d828292d9c3a7853672f2b26dcf3a39fecbc	S016011	3	P01	SYMBOLS.tsv	347792	status	aarch64	include/uapi/asm-generic/mman-common.h	operative_macro	MS_SYNC	43	PENDING_REVIEW	COMPLETE	COMPLETE	vendor/linux/include/uapi/asm-generic/mman-common.h;vendor/linux/include/uapi/asm-generic/mman-common.h:43;rewrite/configs/aarch64/frozen.config;header_closure=rewrite/metadata/header_closure.tsv;selected=PENDING_REVIEW	425f94c2954b1fe80ebdbf9b29854e89750355df	4563edb3a5513944a156a66f76d7d628dfdffddc165cc4d6787509d2efdd9456	bdaecb42830d77c60765651b0bb6c352a179fc66298ed1c3356bb2f1b69b03da	0123af9e96b58af4e98b91a2de5608d36b63c67864b9041d3340587f3dbe40d2	cfa8dcf0d81c408de38d4202fe1ce9d9e5e301d1e67439c9530da94b1e64ee3f	7484d7b0dd80f45e18d726b04752827fe28555cc5c1af0e127948380e6688abf
semantic-proposal-v1	SC1-af877e082647753f191ec5b926f70aca57215e2f409c0a9708414ade244bcebc	S016011	3	P01	SYMBOLS.tsv	347793	selection_expression	aarch64	include/uapi/asm-generic/mman-common.h	operative_macro	MADV_NORMAL	45	PENDING_REVIEW	SOURCE_REVIEWED_VALUE	COMPLETE	vendor/linux/include/uapi/asm-generic/mman-common.h;vendor/linux/include/uapi/asm-generic/mman-common.h:45;rewrite/configs/aarch64/frozen.config;header_closure=rewrite/metadata/header_closure.tsv;selected=PENDING_REVIEW	425f94c2954b1fe80ebdbf9b29854e89750355df	4563edb3a5513944a156a66f76d7d628dfdffddc165cc4d6787509d2efdd9456	bdaecb42830d77c60765651b0bb6c352a179fc66298ed1c3356bb2f1b69b03da	0123af9e96b58af4e98b91a2de5608d36b63c67864b9041d3340587f3dbe40d2	cfa8dcf0d81c408de38d4202fe1ce9d9e5e301d1e67439c9530da94b1e64ee3f	7484d7b0dd80f45e18d726b04752827fe28555cc5c1af0e127948380e6688abf
semantic-proposal-v1	SC1-43b5bf020b09821123860f412f5b60d94def179c89aa9142290a6cade839143c	S016011	3	P01	SYMBOLS.tsv	347793	status	aarch64	include/uapi/asm-generic/mman-common.h	operative_macro	MADV_NORMAL	45	PENDING_REVIEW	COMPLETE	COMPLETE	vendor/linux/include/uapi/asm-generic/mman-common.h;vendor/linux/include/uapi/asm-generic/mman-common.h:45;rewrite/configs/aarch64/frozen.config;header_closure=rewrite/metadata/header_closure.tsv;selected=PENDING_REVIEW	425f94c2954b1fe80ebdbf9b29854e89750355df	4563edb3a5513944a156a66f76d7d628dfdffddc165cc4d6787509d2efdd9456	bdaecb42830d77c60765651b0bb6c352a179fc66298ed1c3356bb2f1b69b03da	0123af9e96b58af4e98b91a2de5608d36b63c67864b9041d3340587f3dbe40d2	cfa8dcf0d81c408de38d4202fe1ce9d9e5e301d1e67439c9530da94b1e64ee3f	7484d7b0dd80f45e18d726b04752827fe28555cc5c1af0e127948380e6688abf
semantic-proposal-v1	SC1-ad706d05aba8f62dbbc5afa0c42719796e5919d4224cd513c192908c0132b95e	S016011	3	P01	SYMBOLS.tsv	347794	selection_expression	aarch64	include/uapi/asm-generic/mman-common.h	operative_macro	MADV_RANDOM	46	PENDING_REVIEW	SOURCE_REVIEWED_VALUE	COMPLETE	vendor/linux/include/uapi/asm-generic/mman-common.h;vendor/linux/include/uapi/asm-generic/mman-common.h:46;rewrite/configs/aarch64/frozen.config;header_closure=rewrite/metadata/header_closure.tsv;selected=PENDING_REVIEW	425f94c2954b1fe80ebdbf9b29854e89750355df	4563edb3a5513944a156a66f76d7d628dfdffddc165cc4d6787509d2efdd9456	bdaecb42830d77c60765651b0bb6c352a179fc66298ed1c3356bb2f1b69b03da	0123af9e96b58af4e98b91a2de5608d36b63c67864b9041d3340587f3dbe40d2	cfa8dcf0d81c408de38d4202fe1ce9d9e5e301d1e67439c9530da94b1e64ee3f	7484d7b0dd80f45e18d726b04752827fe28555cc5c1af0e127948380e6688abf
semantic-proposal-v1	SC1-63d0b1a38505f9c31ce16e540834512193e037af577fb197c7e34b4796a5c992	S016011	3	P01	SYMBOLS.tsv	347794	status	aarch64	include/uapi/asm-generic/mman-common.h	operative_macro	MADV_RANDOM	46	PENDING_REVIEW	COMPLETE	COMPLETE	vendor/linux/include/uapi/asm-generic/mman-common.h;vendor/linux/include/uapi/asm-generic/mman-common.h:46;rewrite/configs/aarch64/frozen.config;header_closure=rewrite/metadata/header_closure.tsv;selected=PENDING_REVIEW	425f94c2954b1fe80ebdbf9b29854e89750355df	4563edb3a5513944a156a66f76d7d628dfdffddc165cc4d6787509d2efdd9456	bdaecb42830d77c60765651b0bb6c352a179fc66298ed1c3356bb2f1b69b03da	0123af9e96b58af4e98b91a2de5608d36b63c67864b9041d3340587f3dbe40d2	cfa8dcf0d81c408de38d4202fe1ce9d9e5e301d1e67439c9530da94b1e64ee3f	7484d7b0dd80f45e18d726b04752827fe28555cc5c1af0e127948380e6688abf
semantic-proposal-v1	SC1-9cbe237ddb0e30bd7df2dcc1900f26da1813929c4613593b13faf4f73ed94ff3	S016011	3	P01	SYMBOLS.tsv	347795	selection_expression	aarch64	include/uapi/asm-generic/mman-common.h	operative_macro	MADV_SEQUENTIAL	47	PENDING_REVIEW	SOURCE_REVIEWED_VALUE	COMPLETE	vendor/linux/include/uapi/asm-generic/mman-common.h;vendor/linux/include/uapi/asm-generic/mman-common.h:47;rewrite/configs/aarch64/frozen.config;header_closure=rewrite/metadata/header_closure.tsv;selected=PENDING_REVIEW	425f94c2954b1fe80ebdbf9b29854e89750355df	4563edb3a5513944a156a66f76d7d628dfdffddc165cc4d6787509d2efdd9456	bdaecb42830d77c60765651b0bb6c352a179fc66298ed1c3356bb2f1b69b03da	0123af9e96b58af4e98b91a2de5608d36b63c67864b9041d3340587f3dbe40d2	cfa8dcf0d81c408de38d4202fe1ce9d9e5e301d1e67439c9530da94b1e64ee3f	7484d7b0dd80f45e18d726b04752827fe28555cc5c1af0e127948380e6688abf
semantic-proposal-v1	SC1-eb047210128bc17c4f7da34004cc152e478c01cc122b85b2b01a4b2bff69905e	S016011	3	P01	SYMBOLS.tsv	347795	status	aarch64	include/uapi/asm-generic/mman-common.h	operative_macro	MADV_SEQUENTIAL	47	PENDING_REVIEW	COMPLETE	COMPLETE	vendor/linux/include/uapi/asm-generic/mman-common.h;vendor/linux/include/uapi/asm-generic/mman-common.h:47;rewrite/configs/aarch64/frozen.config;header_closure=rewrite/metadata/header_closure.tsv;selected=PENDING_REVIEW	425f94c2954b1fe80ebdbf9b29854e89750355df	4563edb3a5513944a156a66f76d7d628dfdffddc165cc4d6787509d2efdd9456	bdaecb42830d77c60765651b0bb6c352a179fc66298ed1c3356bb2f1b69b03da	0123af9e96b58af4e98b91a2de5608d36b63c67864b9041d3340587f3dbe40d2	cfa8dcf0d81c408de38d4202fe1ce9d9e5e301d1e67439c9530da94b1e64ee3f	7484d7b0dd80f45e18d726b04752827fe28555cc5c1af0e127948380e6688abf
semantic-proposal-v1	SC1-77e8fb8703d655c7681cc7e67f1263712a6ea138130f50b92bcb357affe790e8	S016011	3	P01	SYMBOLS.tsv	347796	selection_expression	aarch64	include/uapi/asm-generic/mman-common.h	operative_macro	MADV_WILLNEED	48	PENDING_REVIEW	SOURCE_REVIEWED_VALUE	COMPLETE	vendor/linux/include/uapi/asm-generic/mman-common.h;vendor/linux/include/uapi/asm-generic/mman-common.h:48;rewrite/configs/aarch64/frozen.config;header_closure=rewrite/metadata/header_closure.tsv;selected=PENDING_REVIEW	425f94c2954b1fe80ebdbf9b29854e89750355df	4563edb3a5513944a156a66f76d7d628dfdffddc165cc4d6787509d2efdd9456	bdaecb42830d77c60765651b0bb6c352a179fc66298ed1c3356bb2f1b69b03da	0123af9e96b58af4e98b91a2de5608d36b63c67864b9041d3340587f3dbe40d2	cfa8dcf0d81c408de38d4202fe1ce9d9e5e301d1e67439c9530da94b1e64ee3f	7484d7b0dd80f45e18d726b04752827fe28555cc5c1af0e127948380e6688abf
semantic-proposal-v1	SC1-c6abc1d4ce778da300538f1e4f63a0ff3c0b330626b5a9e7c72845a9371f4078	S016011	3	P01	SYMBOLS.tsv	347796	status	aarch64	include/uapi/asm-generic/mman-common.h	operative_macro	MADV_WILLNEED	48	PENDING_REVIEW	COMPLETE	COMPLETE	vendor/linux/include/uapi/asm-generic/mman-common.h;vendor/linux/include/uapi/asm-generic/mman-common.h:48;rewrite/configs/aarch64/frozen.config;header_closure=rewrite/metadata/header_closure.tsv;selected=PENDING_REVIEW	425f94c2954b1fe80ebdbf9b29854e89750355df	4563edb3a5513944a156a66f76d7d628dfdffddc165cc4d6787509d2efdd9456	bdaecb42830d77c60765651b0bb6c352a179fc66298ed1c3356bb2f1b69b03da	0123af9e96b58af4e98b91a2de5608d36b63c67864b9041d3340587f3dbe40d2	cfa8dcf0d81c408de38d4202fe1ce9d9e5e301d1e67439c9530da94b1e64ee3f	7484d7b0dd80f45e18d726b04752827fe28555cc5c1af0e127948380e6688abf
semantic-proposal-v1	SC1-04b5dc09c31363048196e377e909a16385e635a05d830fd40bd323c5d85345cb	S016011	3	P01	SYMBOLS.tsv	347797	selection_expression	aarch64	include/uapi/asm-generic/mman-common.h	operative_macro	MADV_DONTNEED	49	PENDING_REVIEW	SOURCE_REVIEWED_VALUE	COMPLETE	vendor/linux/include/uapi/asm-generic/mman-common.h;vendor/linux/include/uapi/asm-generic/mman-common.h:49;rewrite/configs/aarch64/frozen.config;header_closure=rewrite/metadata/header_closure.tsv;selected=PENDING_REVIEW	425f94c2954b1fe80ebdbf9b29854e89750355df	4563edb3a5513944a156a66f76d7d628dfdffddc165cc4d6787509d2efdd9456	bdaecb42830d77c60765651b0bb6c352a179fc66298ed1c3356bb2f1b69b03da	0123af9e96b58af4e98b91a2de5608d36b63c67864b9041d3340587f3dbe40d2	cfa8dcf0d81c408de38d4202fe1ce9d9e5e301d1e67439c9530da94b1e64ee3f	7484d7b0dd80f45e18d726b04752827fe28555cc5c1af0e127948380e6688abf
semantic-proposal-v1	SC1-f6ef77dac71b3f1a93973687837a58a5d31f7bad375b127b371d39b144729ae5	S016011	3	P01	SYMBOLS.tsv	347797	status	aarch64	include/uapi/asm-generic/mman-common.h	operative_macro	MADV_DONTNEED	49	PENDING_REVIEW	COMPLETE	COMPLETE	vendor/linux/include/uapi/asm-generic/mman-common.h;vendor/linux/include/uapi/asm-generic/mman-common.h:49;rewrite/configs/aarch64/frozen.config;header_closure=rewrite/metadata/header_closure.tsv;selected=PENDING_REVIEW	425f94c2954b1fe80ebdbf9b29854e89750355df	4563edb3a5513944a156a66f76d7d628dfdffddc165cc4d6787509d2efdd9456	bdaecb42830d77c60765651b0bb6c352a179fc66298ed1c3356bb2f1b69b03da	0123af9e96b58af4e98b91a2de5608d36b63c67864b9041d3340587f3dbe40d2	cfa8dcf0d81c408de38d4202fe1ce9d9e5e301d1e67439c9530da94b1e64ee3f	7484d7b0dd80f45e18d726b04752827fe28555cc5c1af0e127948380e6688abf
semantic-proposal-v1	SC1-b8729200deb19d0a076c59438f3c1a5c2a244b89b4cf8e9d3cab4dfd85badd84	S016011	3	P01	SYMBOLS.tsv	347798	selection_expression	aarch64	include/uapi/asm-generic/mman-common.h	operative_macro	MADV_FREE	52	PENDING_REVIEW	SOURCE_REVIEWED_VALUE	COMPLETE	vendor/linux/include/uapi/asm-generic/mman-common.h;vendor/linux/include/uapi/asm-generic/mman-common.h:52;rewrite/configs/aarch64/frozen.config;header_closure=rewrite/metadata/header_closure.tsv;selected=PENDING_REVIEW	425f94c2954b1fe80ebdbf9b29854e89750355df	4563edb3a5513944a156a66f76d7d628dfdffddc165cc4d6787509d2efdd9456	bdaecb42830d77c60765651b0bb6c352a179fc66298ed1c3356bb2f1b69b03da	0123af9e96b58af4e98b91a2de5608d36b63c67864b9041d3340587f3dbe40d2	cfa8dcf0d81c408de38d4202fe1ce9d9e5e301d1e67439c9530da94b1e64ee3f	7484d7b0dd80f45e18d726b04752827fe28555cc5c1af0e127948380e6688abf
semantic-proposal-v1	SC1-40465e593982b8fee794f0f8b6e613d55bad4408e259c9eee8edd6b46a97b82a	S016011	3	P01	SYMBOLS.tsv	347798	status	aarch64	include/uapi/asm-generic/mman-common.h	operative_macro	MADV_FREE	52	PENDING_REVIEW	COMPLETE	COMPLETE	vendor/linux/include/uapi/asm-generic/mman-common.h;vendor/linux/include/uapi/asm-generic/mman-common.h:52;rewrite/configs/aarch64/frozen.config;header_closure=rewrite/metadata/header_closure.tsv;selected=PENDING_REVIEW	425f94c2954b1fe80ebdbf9b29854e89750355df	4563edb3a5513944a156a66f76d7d628dfdffddc165cc4d6787509d2efdd9456	bdaecb42830d77c60765651b0bb6c352a179fc66298ed1c3356bb2f1b69b03da	0123af9e96b58af4e98b91a2de5608d36b63c67864b9041d3340587f3dbe40d2	cfa8dcf0d81c408de38d4202fe1ce9d9e5e301d1e67439c9530da94b1e64ee3f	7484d7b0dd80f45e18d726b04752827fe28555cc5c1af0e127948380e6688abf
semantic-proposal-v1	SC1-ed86d04138fd9ba6a9fc71d140ed4d0fa963f9a144552210fc125771b9ca1f5d	S016011	3	P01	SYMBOLS.tsv	347799	selection_expression	aarch64	include/uapi/asm-generic/mman-common.h	operative_macro	MADV_REMOVE	53	PENDING_REVIEW	SOURCE_REVIEWED_VALUE	COMPLETE	vendor/linux/include/uapi/asm-generic/mman-common.h;vendor/linux/include/uapi/asm-generic/mman-common.h:53;rewrite/configs/aarch64/frozen.config;header_closure=rewrite/metadata/header_closure.tsv;selected=PENDING_REVIEW	425f94c2954b1fe80ebdbf9b29854e89750355df	4563edb3a5513944a156a66f76d7d628dfdffddc165cc4d6787509d2efdd9456	bdaecb42830d77c60765651b0bb6c352a179fc66298ed1c3356bb2f1b69b03da	0123af9e96b58af4e98b91a2de5608d36b63c67864b9041d3340587f3dbe40d2	cfa8dcf0d81c408de38d4202fe1ce9d9e5e301d1e67439c9530da94b1e64ee3f	7484d7b0dd80f45e18d726b04752827fe28555cc5c1af0e127948380e6688abf
semantic-proposal-v1	SC1-970131875fc54afb930cc33764d9f9aba512cc7d3e9de9eadaf06995d4fc7ba7	S016011	3	P01	SYMBOLS.tsv	347799	status	aarch64	include/uapi/asm-generic/mman-common.h	operative_macro	MADV_REMOVE	53	PENDING_REVIEW	COMPLETE	COMPLETE	vendor/linux/include/uapi/asm-generic/mman-common.h;vendor/linux/include/uapi/asm-generic/mman-common.h:53;rewrite/configs/aarch64/frozen.config;header_closure=rewrite/metadata/header_closure.tsv;selected=PENDING_REVIEW	425f94c2954b1fe80ebdbf9b29854e89750355df	4563edb3a5513944a156a66f76d7d628dfdffddc165cc4d6787509d2efdd9456	bdaecb42830d77c60765651b0bb6c352a179fc66298ed1c3356bb2f1b69b03da	0123af9e96b58af4e98b91a2de5608d36b63c67864b9041d3340587f3dbe40d2	cfa8dcf0d81c408de38d4202fe1ce9d9e5e301d1e67439c9530da94b1e64ee3f	7484d7b0dd80f45e18d726b04752827fe28555cc5c1af0e127948380e6688abf
semantic-proposal-v1	SC1-496793e6cbe9c76f75462cde0f86f9df4c918d44b45dd778ae24f8f6d2b8e6c0	S016011	3	P01	SYMBOLS.tsv	347800	selection_expression	aarch64	include/uapi/asm-generic/mman-common.h	operative_macro	MADV_DONTFORK	54	PENDING_REVIEW	SOURCE_REVIEWED_VALUE	COMPLETE	vendor/linux/include/uapi/asm-generic/mman-common.h;vendor/linux/include/uapi/asm-generic/mman-common.h:54;rewrite/configs/aarch64/frozen.config;header_closure=rewrite/metadata/header_closure.tsv;selected=PENDING_REVIEW	425f94c2954b1fe80ebdbf9b29854e89750355df	4563edb3a5513944a156a66f76d7d628dfdffddc165cc4d6787509d2efdd9456	bdaecb42830d77c60765651b0bb6c352a179fc66298ed1c3356bb2f1b69b03da	0123af9e96b58af4e98b91a2de5608d36b63c67864b9041d3340587f3dbe40d2	cfa8dcf0d81c408de38d4202fe1ce9d9e5e301d1e67439c9530da94b1e64ee3f	7484d7b0dd80f45e18d726b04752827fe28555cc5c1af0e127948380e6688abf
semantic-proposal-v1	SC1-c1c90210c11252bacc45e1723773f875ed161e031d57090ff215479218d82c67	S016011	3	P01	SYMBOLS.tsv	347800	status	aarch64	include/uapi/asm-generic/mman-common.h	operative_macro	MADV_DONTFORK	54	PENDING_REVIEW	COMPLETE	COMPLETE	vendor/linux/include/uapi/asm-generic/mman-common.h;vendor/linux/include/uapi/asm-generic/mman-common.h:54;rewrite/configs/aarch64/frozen.config;header_closure=rewrite/metadata/header_closure.tsv;selected=PENDING_REVIEW	425f94c2954b1fe80ebdbf9b29854e89750355df	4563edb3a5513944a156a66f76d7d628dfdffddc165cc4d6787509d2efdd9456	bdaecb42830d77c60765651b0bb6c352a179fc66298ed1c3356bb2f1b69b03da	0123af9e96b58af4e98b91a2de5608d36b63c67864b9041d3340587f3dbe40d2	cfa8dcf0d81c408de38d4202fe1ce9d9e5e301d1e67439c9530da94b1e64ee3f	7484d7b0dd80f45e18d726b04752827fe28555cc5c1af0e127948380e6688abf
semantic-proposal-v1	SC1-3a8d4dec042cd6c938d8baac600f26a3bece944d05fab89b49e1fd56e4cac944	S016011	3	P01	SYMBOLS.tsv	347801	selection_expression	aarch64	include/uapi/asm-generic/mman-common.h	operative_macro	MADV_DOFORK	55	PENDING_REVIEW	SOURCE_REVIEWED_VALUE	COMPLETE	vendor/linux/include/uapi/asm-generic/mman-common.h;vendor/linux/include/uapi/asm-generic/mman-common.h:55;rewrite/configs/aarch64/frozen.config;header_closure=rewrite/metadata/header_closure.tsv;selected=PENDING_REVIEW	425f94c2954b1fe80ebdbf9b29854e89750355df	4563edb3a5513944a156a66f76d7d628dfdffddc165cc4d6787509d2efdd9456	bdaecb42830d77c60765651b0bb6c352a179fc66298ed1c3356bb2f1b69b03da	0123af9e96b58af4e98b91a2de5608d36b63c67864b9041d3340587f3dbe40d2	cfa8dcf0d81c408de38d4202fe1ce9d9e5e301d1e67439c9530da94b1e64ee3f	7484d7b0dd80f45e18d726b04752827fe28555cc5c1af0e127948380e6688abf
semantic-proposal-v1	SC1-8aea7eb1fde67ee17399cfab964d24553ebc10456e8d110cac7141098ef8ee8d	S016011	3	P01	SYMBOLS.tsv	347801	status	aarch64	include/uapi/asm-generic/mman-common.h	operative_macro	MADV_DOFORK	55	PENDING_REVIEW	COMPLETE	COMPLETE	vendor/linux/include/uapi/asm-generic/mman-common.h;vendor/linux/include/uapi/asm-generic/mman-common.h:55;rewrite/configs/aarch64/frozen.config;header_closure=rewrite/metadata/header_closure.tsv;selected=PENDING_REVIEW	425f94c2954b1fe80ebdbf9b29854e89750355df	4563edb3a5513944a156a66f76d7d628dfdffddc165cc4d6787509d2efdd9456	bdaecb42830d77c60765651b0bb6c352a179fc66298ed1c3356bb2f1b69b03da	0123af9e96b58af4e98b91a2de5608d36b63c67864b9041d3340587f3dbe40d2	cfa8dcf0d81c408de38d4202fe1ce9d9e5e301d1e67439c9530da94b1e64ee3f	7484d7b0dd80f45e18d726b04752827fe28555cc5c1af0e127948380e6688abf
semantic-proposal-v1	SC1-6f1735755a74141fb5e6152266410ec954672df310af3c07c2e810ccc3130aec	S016011	3	P01	SYMBOLS.tsv	347802	selection_expression	aarch64	include/uapi/asm-generic/mman-common.h	operative_macro	MADV_HWPOISON	56	PENDING_REVIEW	SOURCE_REVIEWED_VALUE	COMPLETE	vendor/linux/include/uapi/asm-generic/mman-common.h;vendor/linux/include/uapi/asm-generic/mman-common.h:56;rewrite/configs/aarch64/frozen.config;header_closure=rewrite/metadata/header_closure.tsv;selected=PENDING_REVIEW	425f94c2954b1fe80ebdbf9b29854e89750355df	4563edb3a5513944a156a66f76d7d628dfdffddc165cc4d6787509d2efdd9456	bdaecb42830d77c60765651b0bb6c352a179fc66298ed1c3356bb2f1b69b03da	0123af9e96b58af4e98b91a2de5608d36b63c67864b9041d3340587f3dbe40d2	cfa8dcf0d81c408de38d4202fe1ce9d9e5e301d1e67439c9530da94b1e64ee3f	7484d7b0dd80f45e18d726b04752827fe28555cc5c1af0e127948380e6688abf
semantic-proposal-v1	SC1-bf928ff661bb635c328811520c60b6402c0a7e3cf916a93a117321e84e0013a3	S016011	3	P01	SYMBOLS.tsv	347802	status	aarch64	include/uapi/asm-generic/mman-common.h	operative_macro	MADV_HWPOISON	56	PENDING_REVIEW	COMPLETE	COMPLETE	vendor/linux/include/uapi/asm-generic/mman-common.h;vendor/linux/include/uapi/asm-generic/mman-common.h:56;rewrite/configs/aarch64/frozen.config;header_closure=rewrite/metadata/header_closure.tsv;selected=PENDING_REVIEW	425f94c2954b1fe80ebdbf9b29854e89750355df	4563edb3a5513944a156a66f76d7d628dfdffddc165cc4d6787509d2efdd9456	bdaecb42830d77c60765651b0bb6c352a179fc66298ed1c3356bb2f1b69b03da	0123af9e96b58af4e98b91a2de5608d36b63c67864b9041d3340587f3dbe40d2	cfa8dcf0d81c408de38d4202fe1ce9d9e5e301d1e67439c9530da94b1e64ee3f	7484d7b0dd80f45e18d726b04752827fe28555cc5c1af0e127948380e6688abf
semantic-proposal-v1	SC1-39a6e0ed3e6bdeb54bdcc07d0b67398fcf2f46e335a8c7d67b488513c73e2991	S016011	3	P01	SYMBOLS.tsv	347803	selection_expression	aarch64	include/uapi/asm-generic/mman-common.h	operative_macro	MADV_SOFT_OFFLINE	57	PENDING_REVIEW	SOURCE_REVIEWED_VALUE	COMPLETE	vendor/linux/include/uapi/asm-generic/mman-common.h;vendor/linux/include/uapi/asm-generic/mman-common.h:57;rewrite/configs/aarch64/frozen.config;header_closure=rewrite/metadata/header_closure.tsv;selected=PENDING_REVIEW	425f94c2954b1fe80ebdbf9b29854e89750355df	4563edb3a5513944a156a66f76d7d628dfdffddc165cc4d6787509d2efdd9456	bdaecb42830d77c60765651b0bb6c352a179fc66298ed1c3356bb2f1b69b03da	0123af9e96b58af4e98b91a2de5608d36b63c67864b9041d3340587f3dbe40d2	cfa8dcf0d81c408de38d4202fe1ce9d9e5e301d1e67439c9530da94b1e64ee3f	7484d7b0dd80f45e18d726b04752827fe28555cc5c1af0e127948380e6688abf
semantic-proposal-v1	SC1-5fc6b79aa7bdf468cb54553dd72422fee4fdd2fef1d924cca24eff266993a0ae	S016011	3	P01	SYMBOLS.tsv	347803	status	aarch64	include/uapi/asm-generic/mman-common.h	operative_macro	MADV_SOFT_OFFLINE	57	PENDING_REVIEW	COMPLETE	COMPLETE	vendor/linux/include/uapi/asm-generic/mman-common.h;vendor/linux/include/uapi/asm-generic/mman-common.h:57;rewrite/configs/aarch64/frozen.config;header_closure=rewrite/metadata/header_closure.tsv;selected=PENDING_REVIEW	425f94c2954b1fe80ebdbf9b29854e89750355df	4563edb3a5513944a156a66f76d7d628dfdffddc165cc4d6787509d2efdd9456	bdaecb42830d77c60765651b0bb6c352a179fc66298ed1c3356bb2f1b69b03da	0123af9e96b58af4e98b91a2de5608d36b63c67864b9041d3340587f3dbe40d2	cfa8dcf0d81c408de38d4202fe1ce9d9e5e301d1e67439c9530da94b1e64ee3f	7484d7b0dd80f45e18d726b04752827fe28555cc5c1af0e127948380e6688abf
semantic-proposal-v1	SC1-968019cb060ff6e0215dbd54006cec90f40255ee604a6549a2a06586c97befd2	S016011	3	P01	SYMBOLS.tsv	347804	selection_expression	aarch64	include/uapi/asm-generic/mman-common.h	operative_macro	MADV_MERGEABLE	59	PENDING_REVIEW	SOURCE_REVIEWED_VALUE	COMPLETE	vendor/linux/include/uapi/asm-generic/mman-common.h;vendor/linux/include/uapi/asm-generic/mman-common.h:59;rewrite/configs/aarch64/frozen.config;header_closure=rewrite/metadata/header_closure.tsv;selected=PENDING_REVIEW	425f94c2954b1fe80ebdbf9b29854e89750355df	4563edb3a5513944a156a66f76d7d628dfdffddc165cc4d6787509d2efdd9456	bdaecb42830d77c60765651b0bb6c352a179fc66298ed1c3356bb2f1b69b03da	0123af9e96b58af4e98b91a2de5608d36b63c67864b9041d3340587f3dbe40d2	cfa8dcf0d81c408de38d4202fe1ce9d9e5e301d1e67439c9530da94b1e64ee3f	7484d7b0dd80f45e18d726b04752827fe28555cc5c1af0e127948380e6688abf
semantic-proposal-v1	SC1-63788b1c95fdcc43f0fe9ddcd0da8828d285ea804e9910907e6c7e3c128511ed	S016011	3	P01	SYMBOLS.tsv	347804	status	aarch64	include/uapi/asm-generic/mman-common.h	operative_macro	MADV_MERGEABLE	59	PENDING_REVIEW	COMPLETE	COMPLETE	vendor/linux/include/uapi/asm-generic/mman-common.h;vendor/linux/include/uapi/asm-generic/mman-common.h:59;rewrite/configs/aarch64/frozen.config;header_closure=rewrite/metadata/header_closure.tsv;selected=PENDING_REVIEW	425f94c2954b1fe80ebdbf9b29854e89750355df	4563edb3a5513944a156a66f76d7d628dfdffddc165cc4d6787509d2efdd9456	bdaecb42830d77c60765651b0bb6c352a179fc66298ed1c3356bb2f1b69b03da	0123af9e96b58af4e98b91a2de5608d36b63c67864b9041d3340587f3dbe40d2	cfa8dcf0d81c408de38d4202fe1ce9d9e5e301d1e67439c9530da94b1e64ee3f	7484d7b0dd80f45e18d726b04752827fe28555cc5c1af0e127948380e6688abf
semantic-proposal-v1	SC1-974409f69d25881ea1837b91d8b381b676ebc9477b321279bd909f8fb367d202	S016011	3	P01	SYMBOLS.tsv	347805	selection_expression	aarch64	include/uapi/asm-generic/mman-common.h	operative_macro	MADV_UNMERGEABLE	60	PENDING_REVIEW	SOURCE_REVIEWED_VALUE	COMPLETE	vendor/linux/include/uapi/asm-generic/mman-common.h;vendor/linux/include/uapi/asm-generic/mman-common.h:60;rewrite/configs/aarch64/frozen.config;header_closure=rewrite/metadata/header_closure.tsv;selected=PENDING_REVIEW	425f94c2954b1fe80ebdbf9b29854e89750355df	4563edb3a5513944a156a66f76d7d628dfdffddc165cc4d6787509d2efdd9456	bdaecb42830d77c60765651b0bb6c352a179fc66298ed1c3356bb2f1b69b03da	0123af9e96b58af4e98b91a2de5608d36b63c67864b9041d3340587f3dbe40d2	cfa8dcf0d81c408de38d4202fe1ce9d9e5e301d1e67439c9530da94b1e64ee3f	7484d7b0dd80f45e18d726b04752827fe28555cc5c1af0e127948380e6688abf
semantic-proposal-v1	SC1-9cb25a619498e34b0b2470bf89e2ef5a9ef55e0c0703e8aeed4cc741a42cb8fb	S016011	3	P01	SYMBOLS.tsv	347805	status	aarch64	include/uapi/asm-generic/mman-common.h	operative_macro	MADV_UNMERGEABLE	60	PENDING_REVIEW	COMPLETE	COMPLETE	vendor/linux/include/uapi/asm-generic/mman-common.h;vendor/linux/include/uapi/asm-generic/mman-common.h:60;rewrite/configs/aarch64/frozen.config;header_closure=rewrite/metadata/header_closure.tsv;selected=PENDING_REVIEW	425f94c2954b1fe80ebdbf9b29854e89750355df	4563edb3a5513944a156a66f76d7d628dfdffddc165cc4d6787509d2efdd9456	bdaecb42830d77c60765651b0bb6c352a179fc66298ed1c3356bb2f1b69b03da	0123af9e96b58af4e98b91a2de5608d36b63c67864b9041d3340587f3dbe40d2	cfa8dcf0d81c408de38d4202fe1ce9d9e5e301d1e67439c9530da94b1e64ee3f	7484d7b0dd80f45e18d726b04752827fe28555cc5c1af0e127948380e6688abf
semantic-proposal-v1	SC1-95c9641cef105db05e1c729baec4505598b9f9e8cf446d55f8eabb7a45aa0fd2	S016011	3	P01	SYMBOLS.tsv	347806	selection_expression	aarch64	include/uapi/asm-generic/mman-common.h	operative_macro	MADV_HUGEPAGE	62	PENDING_REVIEW	SOURCE_REVIEWED_VALUE	COMPLETE	vendor/linux/include/uapi/asm-generic/mman-common.h;vendor/linux/include/uapi/asm-generic/mman-common.h:62;rewrite/configs/aarch64/frozen.config;header_closure=rewrite/metadata/header_closure.tsv;selected=PENDING_REVIEW	425f94c2954b1fe80ebdbf9b29854e89750355df	4563edb3a5513944a156a66f76d7d628dfdffddc165cc4d6787509d2efdd9456	bdaecb42830d77c60765651b0bb6c352a179fc66298ed1c3356bb2f1b69b03da	0123af9e96b58af4e98b91a2de5608d36b63c67864b9041d3340587f3dbe40d2	cfa8dcf0d81c408de38d4202fe1ce9d9e5e301d1e67439c9530da94b1e64ee3f	7484d7b0dd80f45e18d726b04752827fe28555cc5c1af0e127948380e6688abf
semantic-proposal-v1	SC1-f4e5ebb9db3856ae74ed3275cd036d7b0f4ef3bee03c2d67019fa2914267e036	S016011	3	P01	SYMBOLS.tsv	347806	status	aarch64	include/uapi/asm-generic/mman-common.h	operative_macro	MADV_HUGEPAGE	62	PENDING_REVIEW	COMPLETE	COMPLETE	vendor/linux/include/uapi/asm-generic/mman-common.h;vendor/linux/include/uapi/asm-generic/mman-common.h:62;rewrite/configs/aarch64/frozen.config;header_closure=rewrite/metadata/header_closure.tsv;selected=PENDING_REVIEW	425f94c2954b1fe80ebdbf9b29854e89750355df	4563edb3a5513944a156a66f76d7d628dfdffddc165cc4d6787509d2efdd9456	bdaecb42830d77c60765651b0bb6c352a179fc66298ed1c3356bb2f1b69b03da	0123af9e96b58af4e98b91a2de5608d36b63c67864b9041d3340587f3dbe40d2	cfa8dcf0d81c408de38d4202fe1ce9d9e5e301d1e67439c9530da94b1e64ee3f	7484d7b0dd80f45e18d726b04752827fe28555cc5c1af0e127948380e6688abf
semantic-proposal-v1	SC1-39c7884b3380bd808a9c9453aba2b61fb281823700cf6b50b0dd3855e7bf3770	S016011	3	P01	SYMBOLS.tsv	347807	selection_expression	aarch64	include/uapi/asm-generic/mman-common.h	operative_macro	MADV_NOHUGEPAGE	63	PENDING_REVIEW	SOURCE_REVIEWED_VALUE	COMPLETE	vendor/linux/include/uapi/asm-generic/mman-common.h;vendor/linux/include/uapi/asm-generic/mman-common.h:63;rewrite/configs/aarch64/frozen.config;header_closure=rewrite/metadata/header_closure.tsv;selected=PENDING_REVIEW	425f94c2954b1fe80ebdbf9b29854e89750355df	4563edb3a5513944a156a66f76d7d628dfdffddc165cc4d6787509d2efdd9456	bdaecb42830d77c60765651b0bb6c352a179fc66298ed1c3356bb2f1b69b03da	0123af9e96b58af4e98b91a2de5608d36b63c67864b9041d3340587f3dbe40d2	cfa8dcf0d81c408de38d4202fe1ce9d9e5e301d1e67439c9530da94b1e64ee3f	7484d7b0dd80f45e18d726b04752827fe28555cc5c1af0e127948380e6688abf
semantic-proposal-v1	SC1-a3bc2f180c05f3dff8d35191d144df7ad6bbcd8d2d556bc0ce3426d275d73880	S016011	3	P01	SYMBOLS.tsv	347807	status	aarch64	include/uapi/asm-generic/mman-common.h	operative_macro	MADV_NOHUGEPAGE	63	PENDING_REVIEW	COMPLETE	COMPLETE	vendor/linux/include/uapi/asm-generic/mman-common.h;vendor/linux/include/uapi/asm-generic/mman-common.h:63;rewrite/configs/aarch64/frozen.config;header_closure=rewrite/metadata/header_closure.tsv;selected=PENDING_REVIEW	425f94c2954b1fe80ebdbf9b29854e89750355df	4563edb3a5513944a156a66f76d7d628dfdffddc165cc4d6787509d2efdd9456	bdaecb42830d77c60765651b0bb6c352a179fc66298ed1c3356bb2f1b69b03da	0123af9e96b58af4e98b91a2de5608d36b63c67864b9041d3340587f3dbe40d2	cfa8dcf0d81c408de38d4202fe1ce9d9e5e301d1e67439c9530da94b1e64ee3f	7484d7b0dd80f45e18d726b04752827fe28555cc5c1af0e127948380e6688abf
semantic-proposal-v1	SC1-54f58108e2430a817e252a32265e5f119024ddc04776c0a2c8d0c7831cca375c	S016011	3	P01	SYMBOLS.tsv	347808	selection_expression	aarch64	include/uapi/asm-generic/mman-common.h	operative_macro	MADV_DONTDUMP	65	PENDING_REVIEW	SOURCE_REVIEWED_VALUE	COMPLETE	vendor/linux/include/uapi/asm-generic/mman-common.h;vendor/linux/include/uapi/asm-generic/mman-common.h:65;rewrite/configs/aarch64/frozen.config;header_closure=rewrite/metadata/header_closure.tsv;selected=PENDING_REVIEW	425f94c2954b1fe80ebdbf9b29854e89750355df	4563edb3a5513944a156a66f76d7d628dfdffddc165cc4d6787509d2efdd9456	bdaecb42830d77c60765651b0bb6c352a179fc66298ed1c3356bb2f1b69b03da	0123af9e96b58af4e98b91a2de5608d36b63c67864b9041d3340587f3dbe40d2	cfa8dcf0d81c408de38d4202fe1ce9d9e5e301d1e67439c9530da94b1e64ee3f	7484d7b0dd80f45e18d726b04752827fe28555cc5c1af0e127948380e6688abf
semantic-proposal-v1	SC1-5e380feca2430a679e2e06089b092fc868ea40a3def9be27fc14e5dbf1d4ceba	S016011	3	P01	SYMBOLS.tsv	347808	status	aarch64	include/uapi/asm-generic/mman-common.h	operative_macro	MADV_DONTDUMP	65	PENDING_REVIEW	COMPLETE	COMPLETE	vendor/linux/include/uapi/asm-generic/mman-common.h;vendor/linux/include/uapi/asm-generic/mman-common.h:65;rewrite/configs/aarch64/frozen.config;header_closure=rewrite/metadata/header_closure.tsv;selected=PENDING_REVIEW	425f94c2954b1fe80ebdbf9b29854e89750355df	4563edb3a5513944a156a66f76d7d628dfdffddc165cc4d6787509d2efdd9456	bdaecb42830d77c60765651b0bb6c352a179fc66298ed1c3356bb2f1b69b03da	0123af9e96b58af4e98b91a2de5608d36b63c67864b9041d3340587f3dbe40d2	cfa8dcf0d81c408de38d4202fe1ce9d9e5e301d1e67439c9530da94b1e64ee3f	7484d7b0dd80f45e18d726b04752827fe28555cc5c1af0e127948380e6688abf
semantic-proposal-v1	SC1-b25d93b65051ef2b5308c350a2eb67810083f160beb6191dda60432c3b83ef77	S016011	3	P01	SYMBOLS.tsv	347809	selection_expression	aarch64	include/uapi/asm-generic/mman-common.h	operative_macro	MADV_DODUMP	67	PENDING_REVIEW	SOURCE_REVIEWED_VALUE	COMPLETE	vendor/linux/include/uapi/asm-generic/mman-common.h;vendor/linux/include/uapi/asm-generic/mman-common.h:67;rewrite/configs/aarch64/frozen.config;header_closure=rewrite/metadata/header_closure.tsv;selected=PENDING_REVIEW	425f94c2954b1fe80ebdbf9b29854e89750355df	4563edb3a5513944a156a66f76d7d628dfdffddc165cc4d6787509d2efdd9456	bdaecb42830d77c60765651b0bb6c352a179fc66298ed1c3356bb2f1b69b03da	0123af9e96b58af4e98b91a2de5608d36b63c67864b9041d3340587f3dbe40d2	cfa8dcf0d81c408de38d4202fe1ce9d9e5e301d1e67439c9530da94b1e64ee3f	7484d7b0dd80f45e18d726b04752827fe28555cc5c1af0e127948380e6688abf
semantic-proposal-v1	SC1-5258472a8ebcc6302c29e6ab18dad4e884363deeac4bc1cceb093a28a25297de	S016011	3	P01	SYMBOLS.tsv	347809	status	aarch64	include/uapi/asm-generic/mman-common.h	operative_macro	MADV_DODUMP	67	PENDING_REVIEW	COMPLETE	COMPLETE	vendor/linux/include/uapi/asm-generic/mman-common.h;vendor/linux/include/uapi/asm-generic/mman-common.h:67;rewrite/configs/aarch64/frozen.config;header_closure=rewrite/metadata/header_closure.tsv;selected=PENDING_REVIEW	425f94c2954b1fe80ebdbf9b29854e89750355df	4563edb3a5513944a156a66f76d7d628dfdffddc165cc4d6787509d2efdd9456	bdaecb42830d77c60765651b0bb6c352a179fc66298ed1c3356bb2f1b69b03da	0123af9e96b58af4e98b91a2de5608d36b63c67864b9041d3340587f3dbe40d2	cfa8dcf0d81c408de38d4202fe1ce9d9e5e301d1e67439c9530da94b1e64ee3f	7484d7b0dd80f45e18d726b04752827fe28555cc5c1af0e127948380e6688abf
semantic-proposal-v1	SC1-ba87074696957b9f3eeb2c095db729ee74f41d9cddfffeecfcb7c471b5f1c6b1	S016011	3	P01	SYMBOLS.tsv	347810	selection_expression	aarch64	include/uapi/asm-generic/mman-common.h	operative_macro	MADV_WIPEONFORK	69	PENDING_REVIEW	SOURCE_REVIEWED_VALUE	COMPLETE	vendor/linux/include/uapi/asm-generic/mman-common.h;vendor/linux/include/uapi/asm-generic/mman-common.h:69;rewrite/configs/aarch64/frozen.config;header_closure=rewrite/metadata/header_closure.tsv;selected=PENDING_REVIEW	425f94c2954b1fe80ebdbf9b29854e89750355df	4563edb3a5513944a156a66f76d7d628dfdffddc165cc4d6787509d2efdd9456	bdaecb42830d77c60765651b0bb6c352a179fc66298ed1c3356bb2f1b69b03da	0123af9e96b58af4e98b91a2de5608d36b63c67864b9041d3340587f3dbe40d2	cfa8dcf0d81c408de38d4202fe1ce9d9e5e301d1e67439c9530da94b1e64ee3f	7484d7b0dd80f45e18d726b04752827fe28555cc5c1af0e127948380e6688abf
semantic-proposal-v1	SC1-445016e8cc86765a92ec38df4ea188dbcbfb7de67dfaa2cc86f7a167225cd9f0	S016011	3	P01	SYMBOLS.tsv	347810	status	aarch64	include/uapi/asm-generic/mman-common.h	operative_macro	MADV_WIPEONFORK	69	PENDING_REVIEW	COMPLETE	COMPLETE	vendor/linux/include/uapi/asm-generic/mman-common.h;vendor/linux/include/uapi/asm-generic/mman-common.h:69;rewrite/configs/aarch64/frozen.config;header_closure=rewrite/metadata/header_closure.tsv;selected=PENDING_REVIEW	425f94c2954b1fe80ebdbf9b29854e89750355df	4563edb3a5513944a156a66f76d7d628dfdffddc165cc4d6787509d2efdd9456	bdaecb42830d77c60765651b0bb6c352a179fc66298ed1c3356bb2f1b69b03da	0123af9e96b58af4e98b91a2de5608d36b63c67864b9041d3340587f3dbe40d2	cfa8dcf0d81c408de38d4202fe1ce9d9e5e301d1e67439c9530da94b1e64ee3f	7484d7b0dd80f45e18d726b04752827fe28555cc5c1af0e127948380e6688abf
semantic-proposal-v1	SC1-80ae0affd6808571d7c75c6b6fd5603fc67d281099810cec78fa32206adbf123	S016011	3	P01	SYMBOLS.tsv	347811	selection_expression	aarch64	include/uapi/asm-generic/mman-common.h	operative_macro	MADV_KEEPONFORK	70	PENDING_REVIEW	SOURCE_REVIEWED_VALUE	COMPLETE	vendor/linux/include/uapi/asm-generic/mman-common.h;vendor/linux/include/uapi/asm-generic/mman-common.h:70;rewrite/configs/aarch64/frozen.config;header_closure=rewrite/metadata/header_closure.tsv;selected=PENDING_REVIEW	425f94c2954b1fe80ebdbf9b29854e89750355df	4563edb3a5513944a156a66f76d7d628dfdffddc165cc4d6787509d2efdd9456	bdaecb42830d77c60765651b0bb6c352a179fc66298ed1c3356bb2f1b69b03da	0123af9e96b58af4e98b91a2de5608d36b63c67864b9041d3340587f3dbe40d2	cfa8dcf0d81c408de38d4202fe1ce9d9e5e301d1e67439c9530da94b1e64ee3f	7484d7b0dd80f45e18d726b04752827fe28555cc5c1af0e127948380e6688abf
semantic-proposal-v1	SC1-90d2dab1f871dd496dedf376a5c4d975c800f84e756fe332368f9e9aa4bc7571	S016011	3	P01	SYMBOLS.tsv	347811	status	aarch64	include/uapi/asm-generic/mman-common.h	operative_macro	MADV_KEEPONFORK	70	PENDING_REVIEW	COMPLETE	COMPLETE	vendor/linux/include/uapi/asm-generic/mman-common.h;vendor/linux/include/uapi/asm-generic/mman-common.h:70;rewrite/configs/aarch64/frozen.config;header_closure=rewrite/metadata/header_closure.tsv;selected=PENDING_REVIEW	425f94c2954b1fe80ebdbf9b29854e89750355df	4563edb3a5513944a156a66f76d7d628dfdffddc165cc4d6787509d2efdd9456	bdaecb42830d77c60765651b0bb6c352a179fc66298ed1c3356bb2f1b69b03da	0123af9e96b58af4e98b91a2de5608d36b63c67864b9041d3340587f3dbe40d2	cfa8dcf0d81c408de38d4202fe1ce9d9e5e301d1e67439c9530da94b1e64ee3f	7484d7b0dd80f45e18d726b04752827fe28555cc5c1af0e127948380e6688abf
semantic-proposal-v1	SC1-e1022a2012b0be8a4c3862f197680d11640898960c15fddbb5146c78f43a06fd	S016011	3	P01	SYMBOLS.tsv	347812	selection_expression	aarch64	include/uapi/asm-generic/mman-common.h	operative_macro	MADV_COLD	72	PENDING_REVIEW	SOURCE_REVIEWED_VALUE	COMPLETE	vendor/linux/include/uapi/asm-generic/mman-common.h;vendor/linux/include/uapi/asm-generic/mman-common.h:72;rewrite/configs/aarch64/frozen.config;header_closure=rewrite/metadata/header_closure.tsv;selected=PENDING_REVIEW	425f94c2954b1fe80ebdbf9b29854e89750355df	4563edb3a5513944a156a66f76d7d628dfdffddc165cc4d6787509d2efdd9456	bdaecb42830d77c60765651b0bb6c352a179fc66298ed1c3356bb2f1b69b03da	0123af9e96b58af4e98b91a2de5608d36b63c67864b9041d3340587f3dbe40d2	cfa8dcf0d81c408de38d4202fe1ce9d9e5e301d1e67439c9530da94b1e64ee3f	7484d7b0dd80f45e18d726b04752827fe28555cc5c1af0e127948380e6688abf
semantic-proposal-v1	SC1-5d4ddcadfc5cf87e839c084d0bae8c75970f1ce69fbfae6505247745d237506b	S016011	3	P01	SYMBOLS.tsv	347812	status	aarch64	include/uapi/asm-generic/mman-common.h	operative_macro	MADV_COLD	72	PENDING_REVIEW	COMPLETE	COMPLETE	vendor/linux/include/uapi/asm-generic/mman-common.h;vendor/linux/include/uapi/asm-generic/mman-common.h:72;rewrite/configs/aarch64/frozen.config;header_closure=rewrite/metadata/header_closure.tsv;selected=PENDING_REVIEW	425f94c2954b1fe80ebdbf9b29854e89750355df	4563edb3a5513944a156a66f76d7d628dfdffddc165cc4d6787509d2efdd9456	bdaecb42830d77c60765651b0bb6c352a179fc66298ed1c3356bb2f1b69b03da	0123af9e96b58af4e98b91a2de5608d36b63c67864b9041d3340587f3dbe40d2	cfa8dcf0d81c408de38d4202fe1ce9d9e5e301d1e67439c9530da94b1e64ee3f	7484d7b0dd80f45e18d726b04752827fe28555cc5c1af0e127948380e6688abf
semantic-proposal-v1	SC1-e3754ffec04900096aceb53f35b78f0e8155c7f872e46936c194b586c5b55f69	S016011	3	P01	SYMBOLS.tsv	347813	selection_expression	aarch64	include/uapi/asm-generic/mman-common.h	operative_macro	MADV_PAGEOUT	73	PENDING_REVIEW	SOURCE_REVIEWED_VALUE	COMPLETE	vendor/linux/include/uapi/asm-generic/mman-common.h;vendor/linux/include/uapi/asm-generic/mman-common.h:73;rewrite/configs/aarch64/frozen.config;header_closure=rewrite/metadata/header_closure.tsv;selected=PENDING_REVIEW	425f94c2954b1fe80ebdbf9b29854e89750355df	4563edb3a5513944a156a66f76d7d628dfdffddc165cc4d6787509d2efdd9456	bdaecb42830d77c60765651b0bb6c352a179fc66298ed1c3356bb2f1b69b03da	0123af9e96b58af4e98b91a2de5608d36b63c67864b9041d3340587f3dbe40d2	cfa8dcf0d81c408de38d4202fe1ce9d9e5e301d1e67439c9530da94b1e64ee3f	7484d7b0dd80f45e18d726b04752827fe28555cc5c1af0e127948380e6688abf
semantic-proposal-v1	SC1-bc6dd623cbf9e6849710231a11102fa85c61627af0d379d6c9adc26817e5710a	S016011	3	P01	SYMBOLS.tsv	347813	status	aarch64	include/uapi/asm-generic/mman-common.h	operative_macro	MADV_PAGEOUT	73	PENDING_REVIEW	COMPLETE	COMPLETE	vendor/linux/include/uapi/asm-generic/mman-common.h;vendor/linux/include/uapi/asm-generic/mman-common.h:73;rewrite/configs/aarch64/frozen.config;header_closure=rewrite/metadata/header_closure.tsv;selected=PENDING_REVIEW	425f94c2954b1fe80ebdbf9b29854e89750355df	4563edb3a5513944a156a66f76d7d628dfdffddc165cc4d6787509d2efdd9456	bdaecb42830d77c60765651b0bb6c352a179fc66298ed1c3356bb2f1b69b03da	0123af9e96b58af4e98b91a2de5608d36b63c67864b9041d3340587f3dbe40d2	cfa8dcf0d81c408de38d4202fe1ce9d9e5e301d1e67439c9530da94b1e64ee3f	7484d7b0dd80f45e18d726b04752827fe28555cc5c1af0e127948380e6688abf
semantic-proposal-v1	SC1-0065b3825b6093c77ca2d053ba9dfb75a2446647a778e41e4fc12f1de99b7a10	S016011	3	P01	SYMBOLS.tsv	347814	selection_expression	aarch64	include/uapi/asm-generic/mman-common.h	operative_macro	MADV_POPULATE_READ	75	PENDING_REVIEW	SOURCE_REVIEWED_VALUE	COMPLETE	vendor/linux/include/uapi/asm-generic/mman-common.h;vendor/linux/include/uapi/asm-generic/mman-common.h:75;rewrite/configs/aarch64/frozen.config;header_closure=rewrite/metadata/header_closure.tsv;selected=PENDING_REVIEW	425f94c2954b1fe80ebdbf9b29854e89750355df	4563edb3a5513944a156a66f76d7d628dfdffddc165cc4d6787509d2efdd9456	bdaecb42830d77c60765651b0bb6c352a179fc66298ed1c3356bb2f1b69b03da	0123af9e96b58af4e98b91a2de5608d36b63c67864b9041d3340587f3dbe40d2	cfa8dcf0d81c408de38d4202fe1ce9d9e5e301d1e67439c9530da94b1e64ee3f	7484d7b0dd80f45e18d726b04752827fe28555cc5c1af0e127948380e6688abf
semantic-proposal-v1	SC1-0d6bad7dd0a79f8e5306edded9b3efb9490205f1e79e92fa2afbb0783f5728db	S016011	3	P01	SYMBOLS.tsv	347814	status	aarch64	include/uapi/asm-generic/mman-common.h	operative_macro	MADV_POPULATE_READ	75	PENDING_REVIEW	COMPLETE	COMPLETE	vendor/linux/include/uapi/asm-generic/mman-common.h;vendor/linux/include/uapi/asm-generic/mman-common.h:75;rewrite/configs/aarch64/frozen.config;header_closure=rewrite/metadata/header_closure.tsv;selected=PENDING_REVIEW	425f94c2954b1fe80ebdbf9b29854e89750355df	4563edb3a5513944a156a66f76d7d628dfdffddc165cc4d6787509d2efdd9456	bdaecb42830d77c60765651b0bb6c352a179fc66298ed1c3356bb2f1b69b03da	0123af9e96b58af4e98b91a2de5608d36b63c67864b9041d3340587f3dbe40d2	cfa8dcf0d81c408de38d4202fe1ce9d9e5e301d1e67439c9530da94b1e64ee3f	7484d7b0dd80f45e18d726b04752827fe28555cc5c1af0e127948380e6688abf
semantic-proposal-v1	SC1-b7e81058d238669bc294022aa33fc6eae0f586e765df1bf4e2550b297b1ed5dd	S016011	3	P01	SYMBOLS.tsv	347815	selection_expression	aarch64	include/uapi/asm-generic/mman-common.h	operative_macro	MADV_POPULATE_WRITE	76	PENDING_REVIEW	SOURCE_REVIEWED_VALUE	COMPLETE	vendor/linux/include/uapi/asm-generic/mman-common.h;vendor/linux/include/uapi/asm-generic/mman-common.h:76;rewrite/configs/aarch64/frozen.config;header_closure=rewrite/metadata/header_closure.tsv;selected=PENDING_REVIEW	425f94c2954b1fe80ebdbf9b29854e89750355df	4563edb3a5513944a156a66f76d7d628dfdffddc165cc4d6787509d2efdd9456	bdaecb42830d77c60765651b0bb6c352a179fc66298ed1c3356bb2f1b69b03da	0123af9e96b58af4e98b91a2de5608d36b63c67864b9041d3340587f3dbe40d2	cfa8dcf0d81c408de38d4202fe1ce9d9e5e301d1e67439c9530da94b1e64ee3f	7484d7b0dd80f45e18d726b04752827fe28555cc5c1af0e127948380e6688abf
semantic-proposal-v1	SC1-a9a3aa9b680145cdb6e6cc576edbc3691b46867a6efb9de241ff6fb1d051bb15	S016011	3	P01	SYMBOLS.tsv	347815	status	aarch64	include/uapi/asm-generic/mman-common.h	operative_macro	MADV_POPULATE_WRITE	76	PENDING_REVIEW	COMPLETE	COMPLETE	vendor/linux/include/uapi/asm-generic/mman-common.h;vendor/linux/include/uapi/asm-generic/mman-common.h:76;rewrite/configs/aarch64/frozen.config;header_closure=rewrite/metadata/header_closure.tsv;selected=PENDING_REVIEW	425f94c2954b1fe80ebdbf9b29854e89750355df	4563edb3a5513944a156a66f76d7d628dfdffddc165cc4d6787509d2efdd9456	bdaecb42830d77c60765651b0bb6c352a179fc66298ed1c3356bb2f1b69b03da	0123af9e96b58af4e98b91a2de5608d36b63c67864b9041d3340587f3dbe40d2	cfa8dcf0d81c408de38d4202fe1ce9d9e5e301d1e67439c9530da94b1e64ee3f	7484d7b0dd80f45e18d726b04752827fe28555cc5c1af0e127948380e6688abf
semantic-proposal-v1	SC1-4e74c4e5c217442c54abc3388729711b479a218e65239f978a5a0334c99e495f	S016011	3	P01	SYMBOLS.tsv	347816	selection_expression	aarch64	include/uapi/asm-generic/mman-common.h	operative_macro	MADV_DONTNEED_LOCKED	78	PENDING_REVIEW	SOURCE_REVIEWED_VALUE	COMPLETE	vendor/linux/include/uapi/asm-generic/mman-common.h;vendor/linux/include/uapi/asm-generic/mman-common.h:78;rewrite/configs/aarch64/frozen.config;header_closure=rewrite/metadata/header_closure.tsv;selected=PENDING_REVIEW	425f94c2954b1fe80ebdbf9b29854e89750355df	4563edb3a5513944a156a66f76d7d628dfdffddc165cc4d6787509d2efdd9456	bdaecb42830d77c60765651b0bb6c352a179fc66298ed1c3356bb2f1b69b03da	0123af9e96b58af4e98b91a2de5608d36b63c67864b9041d3340587f3dbe40d2	cfa8dcf0d81c408de38d4202fe1ce9d9e5e301d1e67439c9530da94b1e64ee3f	7484d7b0dd80f45e18d726b04752827fe28555cc5c1af0e127948380e6688abf
semantic-proposal-v1	SC1-755c9c0573721ad009629861b2e4a0481987a15502486bad6c46421aaa0056c0	S016011	3	P01	SYMBOLS.tsv	347816	status	aarch64	include/uapi/asm-generic/mman-common.h	operative_macro	MADV_DONTNEED_LOCKED	78	PENDING_REVIEW	COMPLETE	COMPLETE	vendor/linux/include/uapi/asm-generic/mman-common.h;vendor/linux/include/uapi/asm-generic/mman-common.h:78;rewrite/configs/aarch64/frozen.config;header_closure=rewrite/metadata/header_closure.tsv;selected=PENDING_REVIEW	425f94c2954b1fe80ebdbf9b29854e89750355df	4563edb3a5513944a156a66f76d7d628dfdffddc165cc4d6787509d2efdd9456	bdaecb42830d77c60765651b0bb6c352a179fc66298ed1c3356bb2f1b69b03da	0123af9e96b58af4e98b91a2de5608d36b63c67864b9041d3340587f3dbe40d2	cfa8dcf0d81c408de38d4202fe1ce9d9e5e301d1e67439c9530da94b1e64ee3f	7484d7b0dd80f45e18d726b04752827fe28555cc5c1af0e127948380e6688abf
semantic-proposal-v1	SC1-3171105aec43232f462f47720dfbc4f98d529943ce029fdfe627f7c1fc2fbf3a	S016011	3	P01	SYMBOLS.tsv	347817	selection_expression	aarch64	include/uapi/asm-generic/mman-common.h	operative_macro	MADV_COLLAPSE	80	PENDING_REVIEW	SOURCE_REVIEWED_VALUE	COMPLETE	vendor/linux/include/uapi/asm-generic/mman-common.h;vendor/linux/include/uapi/asm-generic/mman-common.h:80;rewrite/configs/aarch64/frozen.config;header_closure=rewrite/metadata/header_closure.tsv;selected=PENDING_REVIEW	425f94c2954b1fe80ebdbf9b29854e89750355df	4563edb3a5513944a156a66f76d7d628dfdffddc165cc4d6787509d2efdd9456	bdaecb42830d77c60765651b0bb6c352a179fc66298ed1c3356bb2f1b69b03da	0123af9e96b58af4e98b91a2de5608d36b63c67864b9041d3340587f3dbe40d2	cfa8dcf0d81c408de38d4202fe1ce9d9e5e301d1e67439c9530da94b1e64ee3f	7484d7b0dd80f45e18d726b04752827fe28555cc5c1af0e127948380e6688abf
semantic-proposal-v1	SC1-f7f75fb8310213f004fe946305f75a3e109193973993533aad5071c7c3c22877	S016011	3	P01	SYMBOLS.tsv	347817	status	aarch64	include/uapi/asm-generic/mman-common.h	operative_macro	MADV_COLLAPSE	80	PENDING_REVIEW	COMPLETE	COMPLETE	vendor/linux/include/uapi/asm-generic/mman-common.h;vendor/linux/include/uapi/asm-generic/mman-common.h:80;rewrite/configs/aarch64/frozen.config;header_closure=rewrite/metadata/header_closure.tsv;selected=PENDING_REVIEW	425f94c2954b1fe80ebdbf9b29854e89750355df	4563edb3a5513944a156a66f76d7d628dfdffddc165cc4d6787509d2efdd9456	bdaecb42830d77c60765651b0bb6c352a179fc66298ed1c3356bb2f1b69b03da	0123af9e96b58af4e98b91a2de5608d36b63c67864b9041d3340587f3dbe40d2	cfa8dcf0d81c408de38d4202fe1ce9d9e5e301d1e67439c9530da94b1e64ee3f	7484d7b0dd80f45e18d726b04752827fe28555cc5c1af0e127948380e6688abf
semantic-proposal-v1	SC1-c646629446b8817d00a6a50cfd7095188413e5bc6a7758de9972ff959b296c93	S016011	3	P01	SYMBOLS.tsv	347818	selection_expression	aarch64	include/uapi/asm-generic/mman-common.h	operative_macro	MADV_GUARD_INSTALL	82	PENDING_REVIEW	SOURCE_REVIEWED_VALUE	COMPLETE	vendor/linux/include/uapi/asm-generic/mman-common.h;vendor/linux/include/uapi/asm-generic/mman-common.h:82;rewrite/configs/aarch64/frozen.config;header_closure=rewrite/metadata/header_closure.tsv;selected=PENDING_REVIEW	425f94c2954b1fe80ebdbf9b29854e89750355df	4563edb3a5513944a156a66f76d7d628dfdffddc165cc4d6787509d2efdd9456	bdaecb42830d77c60765651b0bb6c352a179fc66298ed1c3356bb2f1b69b03da	0123af9e96b58af4e98b91a2de5608d36b63c67864b9041d3340587f3dbe40d2	cfa8dcf0d81c408de38d4202fe1ce9d9e5e301d1e67439c9530da94b1e64ee3f	7484d7b0dd80f45e18d726b04752827fe28555cc5c1af0e127948380e6688abf
semantic-proposal-v1	SC1-08727fb8126c7639aea6613c7c372b30c76fb1372dfbe3084a41220e9f85a868	S016011	3	P01	SYMBOLS.tsv	347818	status	aarch64	include/uapi/asm-generic/mman-common.h	operative_macro	MADV_GUARD_INSTALL	82	PENDING_REVIEW	COMPLETE	COMPLETE	vendor/linux/include/uapi/asm-generic/mman-common.h;vendor/linux/include/uapi/asm-generic/mman-common.h:82;rewrite/configs/aarch64/frozen.config;header_closure=rewrite/metadata/header_closure.tsv;selected=PENDING_REVIEW	425f94c2954b1fe80ebdbf9b29854e89750355df	4563edb3a5513944a156a66f76d7d628dfdffddc165cc4d6787509d2efdd9456	bdaecb42830d77c60765651b0bb6c352a179fc66298ed1c3356bb2f1b69b03da	0123af9e96b58af4e98b91a2de5608d36b63c67864b9041d3340587f3dbe40d2	cfa8dcf0d81c408de38d4202fe1ce9d9e5e301d1e67439c9530da94b1e64ee3f	7484d7b0dd80f45e18d726b04752827fe28555cc5c1af0e127948380e6688abf
semantic-proposal-v1	SC1-01e7fa02112252c2ffae3594bd59fc6b02b798543fd7e2514638202d4807baaf	S016011	3	P01	SYMBOLS.tsv	347819	selection_expression	aarch64	include/uapi/asm-generic/mman-common.h	operative_macro	MADV_GUARD_REMOVE	83	PENDING_REVIEW	SOURCE_REVIEWED_VALUE	COMPLETE	vendor/linux/include/uapi/asm-generic/mman-common.h;vendor/linux/include/uapi/asm-generic/mman-common.h:83;rewrite/configs/aarch64/frozen.config;header_closure=rewrite/metadata/header_closure.tsv;selected=PENDING_REVIEW	425f94c2954b1fe80ebdbf9b29854e89750355df	4563edb3a5513944a156a66f76d7d628dfdffddc165cc4d6787509d2efdd9456	bdaecb42830d77c60765651b0bb6c352a179fc66298ed1c3356bb2f1b69b03da	0123af9e96b58af4e98b91a2de5608d36b63c67864b9041d3340587f3dbe40d2	cfa8dcf0d81c408de38d4202fe1ce9d9e5e301d1e67439c9530da94b1e64ee3f	7484d7b0dd80f45e18d726b04752827fe28555cc5c1af0e127948380e6688abf
semantic-proposal-v1	SC1-3481207ac9cd481e83247740005b607ab6e254d9b105512fbda741ece343d622	S016011	3	P01	SYMBOLS.tsv	347819	status	aarch64	include/uapi/asm-generic/mman-common.h	operative_macro	MADV_GUARD_REMOVE	83	PENDING_REVIEW	COMPLETE	COMPLETE	vendor/linux/include/uapi/asm-generic/mman-common.h;vendor/linux/include/uapi/asm-generic/mman-common.h:83;rewrite/configs/aarch64/frozen.config;header_closure=rewrite/metadata/header_closure.tsv;selected=PENDING_REVIEW	425f94c2954b1fe80ebdbf9b29854e89750355df	4563edb3a5513944a156a66f76d7d628dfdffddc165cc4d6787509d2efdd9456	bdaecb42830d77c60765651b0bb6c352a179fc66298ed1c3356bb2f1b69b03da	0123af9e96b58af4e98b91a2de5608d36b63c67864b9041d3340587f3dbe40d2	cfa8dcf0d81c408de38d4202fe1ce9d9e5e301d1e67439c9530da94b1e64ee3f	7484d7b0dd80f45e18d726b04752827fe28555cc5c1af0e127948380e6688abf
semantic-proposal-v1	SC1-abd49233b86548535c0386603cb82bcd8f1c50614a07437ba9f34ee6f9086cd3	S016011	3	P01	SYMBOLS.tsv	347820	selection_expression	aarch64	include/uapi/asm-generic/mman-common.h	operative_macro	MAP_FILE	86	PENDING_REVIEW	SOURCE_REVIEWED_VALUE	COMPLETE	vendor/linux/include/uapi/asm-generic/mman-common.h;vendor/linux/include/uapi/asm-generic/mman-common.h:86;rewrite/configs/aarch64/frozen.config;header_closure=rewrite/metadata/header_closure.tsv;selected=PENDING_REVIEW	425f94c2954b1fe80ebdbf9b29854e89750355df	4563edb3a5513944a156a66f76d7d628dfdffddc165cc4d6787509d2efdd9456	bdaecb42830d77c60765651b0bb6c352a179fc66298ed1c3356bb2f1b69b03da	0123af9e96b58af4e98b91a2de5608d36b63c67864b9041d3340587f3dbe40d2	cfa8dcf0d81c408de38d4202fe1ce9d9e5e301d1e67439c9530da94b1e64ee3f	7484d7b0dd80f45e18d726b04752827fe28555cc5c1af0e127948380e6688abf
semantic-proposal-v1	SC1-4670a72943dd349606eb1f5883484bd57a7f7de872e84446e9933f2f992c4417	S016011	3	P01	SYMBOLS.tsv	347820	status	aarch64	include/uapi/asm-generic/mman-common.h	operative_macro	MAP_FILE	86	PENDING_REVIEW	COMPLETE	COMPLETE	vendor/linux/include/uapi/asm-generic/mman-common.h;vendor/linux/include/uapi/asm-generic/mman-common.h:86;rewrite/configs/aarch64/frozen.config;header_closure=rewrite/metadata/header_closure.tsv;selected=PENDING_REVIEW	425f94c2954b1fe80ebdbf9b29854e89750355df	4563edb3a5513944a156a66f76d7d628dfdffddc165cc4d6787509d2efdd9456	bdaecb42830d77c60765651b0bb6c352a179fc66298ed1c3356bb2f1b69b03da	0123af9e96b58af4e98b91a2de5608d36b63c67864b9041d3340587f3dbe40d2	cfa8dcf0d81c408de38d4202fe1ce9d9e5e301d1e67439c9530da94b1e64ee3f	7484d7b0dd80f45e18d726b04752827fe28555cc5c1af0e127948380e6688abf
semantic-proposal-v1	SC1-7aaafe1ea0c2afdc396cc5bb98fdf741b81874187cc804af2191a11082766684	S016011	3	P01	SYMBOLS.tsv	347821	selection_expression	aarch64	include/uapi/asm-generic/mman-common.h	operative_macro	PKEY_UNRESTRICTED	88	PENDING_REVIEW	SOURCE_REVIEWED_VALUE	COMPLETE	vendor/linux/include/uapi/asm-generic/mman-common.h;vendor/linux/include/uapi/asm-generic/mman-common.h:88;rewrite/configs/aarch64/frozen.config;header_closure=rewrite/metadata/header_closure.tsv;selected=PENDING_REVIEW	425f94c2954b1fe80ebdbf9b29854e89750355df	4563edb3a5513944a156a66f76d7d628dfdffddc165cc4d6787509d2efdd9456	bdaecb42830d77c60765651b0bb6c352a179fc66298ed1c3356bb2f1b69b03da	0123af9e96b58af4e98b91a2de5608d36b63c67864b9041d3340587f3dbe40d2	cfa8dcf0d81c408de38d4202fe1ce9d9e5e301d1e67439c9530da94b1e64ee3f	7484d7b0dd80f45e18d726b04752827fe28555cc5c1af0e127948380e6688abf
semantic-proposal-v1	SC1-28cad586a0975bd64d5592fdfa37f95ea4bc08f5ad2d29b58e92bfadbb03abba	S016011	3	P01	SYMBOLS.tsv	347821	status	aarch64	include/uapi/asm-generic/mman-common.h	operative_macro	PKEY_UNRESTRICTED	88	PENDING_REVIEW	COMPLETE	COMPLETE	vendor/linux/include/uapi/asm-generic/mman-common.h;vendor/linux/include/uapi/asm-generic/mman-common.h:88;rewrite/configs/aarch64/frozen.config;header_closure=rewrite/metadata/header_closure.tsv;selected=PENDING_REVIEW	425f94c2954b1fe80ebdbf9b29854e89750355df	4563edb3a5513944a156a66f76d7d628dfdffddc165cc4d6787509d2efdd9456	bdaecb42830d77c60765651b0bb6c352a179fc66298ed1c3356bb2f1b69b03da	0123af9e96b58af4e98b91a2de5608d36b63c67864b9041d3340587f3dbe40d2	cfa8dcf0d81c408de38d4202fe1ce9d9e5e301d1e67439c9530da94b1e64ee3f	7484d7b0dd80f45e18d726b04752827fe28555cc5c1af0e127948380e6688abf
semantic-proposal-v1	SC1-48537ebf0ba27512a1fee597d37b55968658319411a383d3fd9468e173692266	S016011	3	P01	SYMBOLS.tsv	347822	selection_expression	aarch64	include/uapi/asm-generic/mman-common.h	operative_macro	PKEY_DISABLE_ACCESS	89	PENDING_REVIEW	SOURCE_REVIEWED_VALUE	COMPLETE	vendor/linux/include/uapi/asm-generic/mman-common.h;vendor/linux/include/uapi/asm-generic/mman-common.h:89;rewrite/configs/aarch64/frozen.config;header_closure=rewrite/metadata/header_closure.tsv;selected=PENDING_REVIEW	425f94c2954b1fe80ebdbf9b29854e89750355df	4563edb3a5513944a156a66f76d7d628dfdffddc165cc4d6787509d2efdd9456	bdaecb42830d77c60765651b0bb6c352a179fc66298ed1c3356bb2f1b69b03da	0123af9e96b58af4e98b91a2de5608d36b63c67864b9041d3340587f3dbe40d2	cfa8dcf0d81c408de38d4202fe1ce9d9e5e301d1e67439c9530da94b1e64ee3f	7484d7b0dd80f45e18d726b04752827fe28555cc5c1af0e127948380e6688abf
semantic-proposal-v1	SC1-1fdbfeb75da0ef8551a48ec10ccde998305a6b16d966ea9a6b30a44452ff17bb	S016011	3	P01	SYMBOLS.tsv	347822	status	aarch64	include/uapi/asm-generic/mman-common.h	operative_macro	PKEY_DISABLE_ACCESS	89	PENDING_REVIEW	COMPLETE	COMPLETE	vendor/linux/include/uapi/asm-generic/mman-common.h;vendor/linux/include/uapi/asm-generic/mman-common.h:89;rewrite/configs/aarch64/frozen.config;header_closure=rewrite/metadata/header_closure.tsv;selected=PENDING_REVIEW	425f94c2954b1fe80ebdbf9b29854e89750355df	4563edb3a5513944a156a66f76d7d628dfdffddc165cc4d6787509d2efdd9456	bdaecb42830d77c60765651b0bb6c352a179fc66298ed1c3356bb2f1b69b03da	0123af9e96b58af4e98b91a2de5608d36b63c67864b9041d3340587f3dbe40d2	cfa8dcf0d81c408de38d4202fe1ce9d9e5e301d1e67439c9530da94b1e64ee3f	7484d7b0dd80f45e18d726b04752827fe28555cc5c1af0e127948380e6688abf
semantic-proposal-v1	SC1-903b41f8069d8a98bf44876fcb49884e2193c67350ef9c4165babcd03e462f6a	S016011	3	P01	SYMBOLS.tsv	347823	selection_expression	aarch64	include/uapi/asm-generic/mman-common.h	operative_macro	PKEY_DISABLE_WRITE	90	PENDING_REVIEW	SOURCE_REVIEWED_VALUE	COMPLETE	vendor/linux/include/uapi/asm-generic/mman-common.h;vendor/linux/include/uapi/asm-generic/mman-common.h:90;rewrite/configs/aarch64/frozen.config;header_closure=rewrite/metadata/header_closure.tsv;selected=PENDING_REVIEW	425f94c2954b1fe80ebdbf9b29854e89750355df	4563edb3a5513944a156a66f76d7d628dfdffddc165cc4d6787509d2efdd9456	bdaecb42830d77c60765651b0bb6c352a179fc66298ed1c3356bb2f1b69b03da	0123af9e96b58af4e98b91a2de5608d36b63c67864b9041d3340587f3dbe40d2	cfa8dcf0d81c408de38d4202fe1ce9d9e5e301d1e67439c9530da94b1e64ee3f	7484d7b0dd80f45e18d726b04752827fe28555cc5c1af0e127948380e6688abf
semantic-proposal-v1	SC1-35816eed72749f21704c28b8c5a23662bfa84bb9d65a0b50eb65e85ff0c0efb2	S016011	3	P01	SYMBOLS.tsv	347823	status	aarch64	include/uapi/asm-generic/mman-common.h	operative_macro	PKEY_DISABLE_WRITE	90	PENDING_REVIEW	COMPLETE	COMPLETE	vendor/linux/include/uapi/asm-generic/mman-common.h;vendor/linux/include/uapi/asm-generic/mman-common.h:90;rewrite/configs/aarch64/frozen.config;header_closure=rewrite/metadata/header_closure.tsv;selected=PENDING_REVIEW	425f94c2954b1fe80ebdbf9b29854e89750355df	4563edb3a5513944a156a66f76d7d628dfdffddc165cc4d6787509d2efdd9456	bdaecb42830d77c60765651b0bb6c352a179fc66298ed1c3356bb2f1b69b03da	0123af9e96b58af4e98b91a2de5608d36b63c67864b9041d3340587f3dbe40d2	cfa8dcf0d81c408de38d4202fe1ce9d9e5e301d1e67439c9530da94b1e64ee3f	7484d7b0dd80f45e18d726b04752827fe28555cc5c1af0e127948380e6688abf
semantic-proposal-v1	SC1-d9889bc598647371b9a8dfa0ff29da872ae52604220bc08fd96bb7af110840de	S016011	3	P01	SYMBOLS.tsv	347824	selection_expression	aarch64	include/uapi/asm-generic/mman-common.h	operative_macro	PKEY_ACCESS_MASK	91	PENDING_REVIEW	SOURCE_REVIEWED_VALUE	COMPLETE	vendor/linux/include/uapi/asm-generic/mman-common.h;vendor/linux/include/uapi/asm-generic/mman-common.h:91;rewrite/configs/aarch64/frozen.config;header_closure=rewrite/metadata/header_closure.tsv;selected=PENDING_REVIEW	425f94c2954b1fe80ebdbf9b29854e89750355df	4563edb3a5513944a156a66f76d7d628dfdffddc165cc4d6787509d2efdd9456	bdaecb42830d77c60765651b0bb6c352a179fc66298ed1c3356bb2f1b69b03da	0123af9e96b58af4e98b91a2de5608d36b63c67864b9041d3340587f3dbe40d2	cfa8dcf0d81c408de38d4202fe1ce9d9e5e301d1e67439c9530da94b1e64ee3f	7484d7b0dd80f45e18d726b04752827fe28555cc5c1af0e127948380e6688abf
semantic-proposal-v1	SC1-e078ea06c975834986b3b88ef4b068d00e333269b066bae25390c9ce1ce83605	S016011	3	P01	SYMBOLS.tsv	347824	status	aarch64	include/uapi/asm-generic/mman-common.h	operative_macro	PKEY_ACCESS_MASK	91	PENDING_REVIEW	COMPLETE	COMPLETE	vendor/linux/include/uapi/asm-generic/mman-common.h;vendor/linux/include/uapi/asm-generic/mman-common.h:91;rewrite/configs/aarch64/frozen.config;header_closure=rewrite/metadata/header_closure.tsv;selected=PENDING_REVIEW	425f94c2954b1fe80ebdbf9b29854e89750355df	4563edb3a5513944a156a66f76d7d628dfdffddc165cc4d6787509d2efdd9456	bdaecb42830d77c60765651b0bb6c352a179fc66298ed1c3356bb2f1b69b03da	0123af9e96b58af4e98b91a2de5608d36b63c67864b9041d3340587f3dbe40d2	cfa8dcf0d81c408de38d4202fe1ce9d9e5e301d1e67439c9530da94b1e64ee3f	7484d7b0dd80f45e18d726b04752827fe28555cc5c1af0e127948380e6688abf
semantic-proposal-v1	SC1-471dc12dd3c389032aa40bcd1e373fe39bf7447001b0a2e415981f48d61f40f1	S016011	3	P01	SYMBOLS.tsv	347825	status	x86_64	include/uapi/asm-generic/mman-common.h	conditional	ifndef@2	2	PENDING_REVIEW	COMPLETE	COMPLETE	vendor/linux/include/uapi/asm-generic/mman-common.h;vendor/linux/include/uapi/asm-generic/mman-common.h:2;rewrite/configs/x86_64/frozen.config;header_closure=rewrite/metadata/header_closure.tsv;selected=PENDING_REVIEW	425f94c2954b1fe80ebdbf9b29854e89750355df	4563edb3a5513944a156a66f76d7d628dfdffddc165cc4d6787509d2efdd9456	bdaecb42830d77c60765651b0bb6c352a179fc66298ed1c3356bb2f1b69b03da	0123af9e96b58af4e98b91a2de5608d36b63c67864b9041d3340587f3dbe40d2	cfa8dcf0d81c408de38d4202fe1ce9d9e5e301d1e67439c9530da94b1e64ee3f	7484d7b0dd80f45e18d726b04752827fe28555cc5c1af0e127948380e6688abf
semantic-proposal-v1	SC1-5633d92138fb9f5e8c24cec5be7ec90228cb52a5aa67debfd5e35bf093e565fe	S016011	3	P01	SYMBOLS.tsv	347826	status	x86_64	include/uapi/asm-generic/mman-common.h	conditional	endif@94	94	PENDING_REVIEW	COMPLETE	COMPLETE	vendor/linux/include/uapi/asm-generic/mman-common.h;vendor/linux/include/uapi/asm-generic/mman-common.h:94;rewrite/configs/x86_64/frozen.config;header_closure=rewrite/metadata/header_closure.tsv;selected=PENDING_REVIEW	425f94c2954b1fe80ebdbf9b29854e89750355df	4563edb3a5513944a156a66f76d7d628dfdffddc165cc4d6787509d2efdd9456	bdaecb42830d77c60765651b0bb6c352a179fc66298ed1c3356bb2f1b69b03da	0123af9e96b58af4e98b91a2de5608d36b63c67864b9041d3340587f3dbe40d2	cfa8dcf0d81c408de38d4202fe1ce9d9e5e301d1e67439c9530da94b1e64ee3f	7484d7b0dd80f45e18d726b04752827fe28555cc5c1af0e127948380e6688abf
semantic-proposal-v1	SC1-af7d7c651c2a056b1e19da1e5c6843c4d6851014d82b8f4b3b17553c3a4837b4	S016011	3	P01	SYMBOLS.tsv	347827	selection_expression	x86_64	include/uapi/asm-generic/mman-common.h	operative_macro	__ASM_GENERIC_MMAN_COMMON_H	3	PENDING_REVIEW	SOURCE_REVIEWED_VALUE	COMPLETE	vendor/linux/include/uapi/asm-generic/mman-common.h;vendor/linux/include/uapi/asm-generic/mman-common.h:3;rewrite/configs/x86_64/frozen.config;header_closure=rewrite/metadata/header_closure.tsv;selected=PENDING_REVIEW	425f94c2954b1fe80ebdbf9b29854e89750355df	4563edb3a5513944a156a66f76d7d628dfdffddc165cc4d6787509d2efdd9456	bdaecb42830d77c60765651b0bb6c352a179fc66298ed1c3356bb2f1b69b03da	0123af9e96b58af4e98b91a2de5608d36b63c67864b9041d3340587f3dbe40d2	cfa8dcf0d81c408de38d4202fe1ce9d9e5e301d1e67439c9530da94b1e64ee3f	7484d7b0dd80f45e18d726b04752827fe28555cc5c1af0e127948380e6688abf
semantic-proposal-v1	SC1-8a746f5f389e4d5f30598d906ea1160e413de57f9f38cb1cccf8effef00d672d	S016011	3	P01	SYMBOLS.tsv	347827	status	x86_64	include/uapi/asm-generic/mman-common.h	operative_macro	__ASM_GENERIC_MMAN_COMMON_H	3	PENDING_REVIEW	COMPLETE	COMPLETE	vendor/linux/include/uapi/asm-generic/mman-common.h;vendor/linux/include/uapi/asm-generic/mman-common.h:3;rewrite/configs/x86_64/frozen.config;header_closure=rewrite/metadata/header_closure.tsv;selected=PENDING_REVIEW	425f94c2954b1fe80ebdbf9b29854e89750355df	4563edb3a5513944a156a66f76d7d628dfdffddc165cc4d6787509d2efdd9456	bdaecb42830d77c60765651b0bb6c352a179fc66298ed1c3356bb2f1b69b03da	0123af9e96b58af4e98b91a2de5608d36b63c67864b9041d3340587f3dbe40d2	cfa8dcf0d81c408de38d4202fe1ce9d9e5e301d1e67439c9530da94b1e64ee3f	7484d7b0dd80f45e18d726b04752827fe28555cc5c1af0e127948380e6688abf
semantic-proposal-v1	SC1-a15813a112412ebbf3a27f1664c9a44bfd8cab54e4305105816795042b3dc6ff	S016011	3	P01	SYMBOLS.tsv	347828	selection_expression	x86_64	include/uapi/asm-generic/mman-common.h	operative_macro	PROT_READ	10	PENDING_REVIEW	SOURCE_REVIEWED_VALUE	COMPLETE	vendor/linux/include/uapi/asm-generic/mman-common.h;vendor/linux/include/uapi/asm-generic/mman-common.h:10;rewrite/configs/x86_64/frozen.config;header_closure=rewrite/metadata/header_closure.tsv;selected=PENDING_REVIEW	425f94c2954b1fe80ebdbf9b29854e89750355df	4563edb3a5513944a156a66f76d7d628dfdffddc165cc4d6787509d2efdd9456	bdaecb42830d77c60765651b0bb6c352a179fc66298ed1c3356bb2f1b69b03da	0123af9e96b58af4e98b91a2de5608d36b63c67864b9041d3340587f3dbe40d2	cfa8dcf0d81c408de38d4202fe1ce9d9e5e301d1e67439c9530da94b1e64ee3f	7484d7b0dd80f45e18d726b04752827fe28555cc5c1af0e127948380e6688abf
semantic-proposal-v1	SC1-d0ab8e19f69853060fa01c85c8895b33b4729fb647a0d2eeb85b6f92df305c48	S016011	3	P01	SYMBOLS.tsv	347828	status	x86_64	include/uapi/asm-generic/mman-common.h	operative_macro	PROT_READ	10	PENDING_REVIEW	COMPLETE	COMPLETE	vendor/linux/include/uapi/asm-generic/mman-common.h;vendor/linux/include/uapi/asm-generic/mman-common.h:10;rewrite/configs/x86_64/frozen.config;header_closure=rewrite/metadata/header_closure.tsv;selected=PENDING_REVIEW	425f94c2954b1fe80ebdbf9b29854e89750355df	4563edb3a5513944a156a66f76d7d628dfdffddc165cc4d6787509d2efdd9456	bdaecb42830d77c60765651b0bb6c352a179fc66298ed1c3356bb2f1b69b03da	0123af9e96b58af4e98b91a2de5608d36b63c67864b9041d3340587f3dbe40d2	cfa8dcf0d81c408de38d4202fe1ce9d9e5e301d1e67439c9530da94b1e64ee3f	7484d7b0dd80f45e18d726b04752827fe28555cc5c1af0e127948380e6688abf
semantic-proposal-v1	SC1-b4c087b35a7f3e3a22b2daa15040d8d6be68d67af0b92885c2b5d6079f2958a9	S016011	3	P01	SYMBOLS.tsv	347829	selection_expression	x86_64	include/uapi/asm-generic/mman-common.h	operative_macro	PROT_WRITE	11	PENDING_REVIEW	SOURCE_REVIEWED_VALUE	COMPLETE	vendor/linux/include/uapi/asm-generic/mman-common.h;vendor/linux/include/uapi/asm-generic/mman-common.h:11;rewrite/configs/x86_64/frozen.config;header_closure=rewrite/metadata/header_closure.tsv;selected=PENDING_REVIEW	425f94c2954b1fe80ebdbf9b29854e89750355df	4563edb3a5513944a156a66f76d7d628dfdffddc165cc4d6787509d2efdd9456	bdaecb42830d77c60765651b0bb6c352a179fc66298ed1c3356bb2f1b69b03da	0123af9e96b58af4e98b91a2de5608d36b63c67864b9041d3340587f3dbe40d2	cfa8dcf0d81c408de38d4202fe1ce9d9e5e301d1e67439c9530da94b1e64ee3f	7484d7b0dd80f45e18d726b04752827fe28555cc5c1af0e127948380e6688abf
semantic-proposal-v1	SC1-c979f894f34d4130d8af499fbbd9d5187e60281d7ea71ad9548d7244ffdb0fc1	S016011	3	P01	SYMBOLS.tsv	347829	status	x86_64	include/uapi/asm-generic/mman-common.h	operative_macro	PROT_WRITE	11	PENDING_REVIEW	COMPLETE	COMPLETE	vendor/linux/include/uapi/asm-generic/mman-common.h;vendor/linux/include/uapi/asm-generic/mman-common.h:11;rewrite/configs/x86_64/frozen.config;header_closure=rewrite/metadata/header_closure.tsv;selected=PENDING_REVIEW	425f94c2954b1fe80ebdbf9b29854e89750355df	4563edb3a5513944a156a66f76d7d628dfdffddc165cc4d6787509d2efdd9456	bdaecb42830d77c60765651b0bb6c352a179fc66298ed1c3356bb2f1b69b03da	0123af9e96b58af4e98b91a2de5608d36b63c67864b9041d3340587f3dbe40d2	cfa8dcf0d81c408de38d4202fe1ce9d9e5e301d1e67439c9530da94b1e64ee3f	7484d7b0dd80f45e18d726b04752827fe28555cc5c1af0e127948380e6688abf
semantic-proposal-v1	SC1-c1852e6f1e9fa0180649e0768f4cadea1cafaeb77277b014fa695da49dff8d7c	S016011	3	P01	SYMBOLS.tsv	347830	selection_expression	x86_64	include/uapi/asm-generic/mman-common.h	operative_macro	PROT_EXEC	12	PENDING_REVIEW	SOURCE_REVIEWED_VALUE	COMPLETE	vendor/linux/include/uapi/asm-generic/mman-common.h;vendor/linux/include/uapi/asm-generic/mman-common.h:12;rewrite/configs/x86_64/frozen.config;header_closure=rewrite/metadata/header_closure.tsv;selected=PENDING_REVIEW	425f94c2954b1fe80ebdbf9b29854e89750355df	4563edb3a5513944a156a66f76d7d628dfdffddc165cc4d6787509d2efdd9456	bdaecb42830d77c60765651b0bb6c352a179fc66298ed1c3356bb2f1b69b03da	0123af9e96b58af4e98b91a2de5608d36b63c67864b9041d3340587f3dbe40d2	cfa8dcf0d81c408de38d4202fe1ce9d9e5e301d1e67439c9530da94b1e64ee3f	7484d7b0dd80f45e18d726b04752827fe28555cc5c1af0e127948380e6688abf
semantic-proposal-v1	SC1-1a86b8f85b19e9e55eafdfcfddc5d719ffbac3349c0bf1ff9ad364ec7f3d480c	S016011	3	P01	SYMBOLS.tsv	347830	status	x86_64	include/uapi/asm-generic/mman-common.h	operative_macro	PROT_EXEC	12	PENDING_REVIEW	COMPLETE	COMPLETE	vendor/linux/include/uapi/asm-generic/mman-common.h;vendor/linux/include/uapi/asm-generic/mman-common.h:12;rewrite/configs/x86_64/frozen.config;header_closure=rewrite/metadata/header_closure.tsv;selected=PENDING_REVIEW	425f94c2954b1fe80ebdbf9b29854e89750355df	4563edb3a5513944a156a66f76d7d628dfdffddc165cc4d6787509d2efdd9456	bdaecb42830d77c60765651b0bb6c352a179fc66298ed1c3356bb2f1b69b03da	0123af9e96b58af4e98b91a2de5608d36b63c67864b9041d3340587f3dbe40d2	cfa8dcf0d81c408de38d4202fe1ce9d9e5e301d1e67439c9530da94b1e64ee3f	7484d7b0dd80f45e18d726b04752827fe28555cc5c1af0e127948380e6688abf
semantic-proposal-v1	SC1-380cc1c8c8f0a5578f43ba35ba72fc2a0fe1d5f2012990a2457f2c7da8fc9836	S016011	3	P01	SYMBOLS.tsv	347831	selection_expression	x86_64	include/uapi/asm-generic/mman-common.h	operative_macro	PROT_SEM	13	PENDING_REVIEW	SOURCE_REVIEWED_VALUE	COMPLETE	vendor/linux/include/uapi/asm-generic/mman-common.h;vendor/linux/include/uapi/asm-generic/mman-common.h:13;rewrite/configs/x86_64/frozen.config;header_closure=rewrite/metadata/header_closure.tsv;selected=PENDING_REVIEW	425f94c2954b1fe80ebdbf9b29854e89750355df	4563edb3a5513944a156a66f76d7d628dfdffddc165cc4d6787509d2efdd9456	bdaecb42830d77c60765651b0bb6c352a179fc66298ed1c3356bb2f1b69b03da	0123af9e96b58af4e98b91a2de5608d36b63c67864b9041d3340587f3dbe40d2	cfa8dcf0d81c408de38d4202fe1ce9d9e5e301d1e67439c9530da94b1e64ee3f	7484d7b0dd80f45e18d726b04752827fe28555cc5c1af0e127948380e6688abf
semantic-proposal-v1	SC1-882b3013aca14f048541eab415e8105af4eb4bb32178703a382a15fafb40257d	S016011	3	P01	SYMBOLS.tsv	347831	status	x86_64	include/uapi/asm-generic/mman-common.h	operative_macro	PROT_SEM	13	PENDING_REVIEW	COMPLETE	COMPLETE	vendor/linux/include/uapi/asm-generic/mman-common.h;vendor/linux/include/uapi/asm-generic/mman-common.h:13;rewrite/configs/x86_64/frozen.config;header_closure=rewrite/metadata/header_closure.tsv;selected=PENDING_REVIEW	425f94c2954b1fe80ebdbf9b29854e89750355df	4563edb3a5513944a156a66f76d7d628dfdffddc165cc4d6787509d2efdd9456	bdaecb42830d77c60765651b0bb6c352a179fc66298ed1c3356bb2f1b69b03da	0123af9e96b58af4e98b91a2de5608d36b63c67864b9041d3340587f3dbe40d2	cfa8dcf0d81c408de38d4202fe1ce9d9e5e301d1e67439c9530da94b1e64ee3f	7484d7b0dd80f45e18d726b04752827fe28555cc5c1af0e127948380e6688abf
semantic-proposal-v1	SC1-48f5034acf81992b673ae1778c6a2eccecaa4d6351fdad304dc01bcfd0105f05	S016011	3	P01	SYMBOLS.tsv	347832	selection_expression	x86_64	include/uapi/asm-generic/mman-common.h	operative_macro	PROT_NONE	16	PENDING_REVIEW	SOURCE_REVIEWED_VALUE	COMPLETE	vendor/linux/include/uapi/asm-generic/mman-common.h;vendor/linux/include/uapi/asm-generic/mman-common.h:16;rewrite/configs/x86_64/frozen.config;header_closure=rewrite/metadata/header_closure.tsv;selected=PENDING_REVIEW	425f94c2954b1fe80ebdbf9b29854e89750355df	4563edb3a5513944a156a66f76d7d628dfdffddc165cc4d6787509d2efdd9456	bdaecb42830d77c60765651b0bb6c352a179fc66298ed1c3356bb2f1b69b03da	0123af9e96b58af4e98b91a2de5608d36b63c67864b9041d3340587f3dbe40d2	cfa8dcf0d81c408de38d4202fe1ce9d9e5e301d1e67439c9530da94b1e64ee3f	7484d7b0dd80f45e18d726b04752827fe28555cc5c1af0e127948380e6688abf
semantic-proposal-v1	SC1-070d5f8d2325fffd8c59fa3dab4b079d7d8833645744262b0773788490b022ee	S016011	3	P01	SYMBOLS.tsv	347832	status	x86_64	include/uapi/asm-generic/mman-common.h	operative_macro	PROT_NONE	16	PENDING_REVIEW	COMPLETE	COMPLETE	vendor/linux/include/uapi/asm-generic/mman-common.h;vendor/linux/include/uapi/asm-generic/mman-common.h:16;rewrite/configs/x86_64/frozen.config;header_closure=rewrite/metadata/header_closure.tsv;selected=PENDING_REVIEW	425f94c2954b1fe80ebdbf9b29854e89750355df	4563edb3a5513944a156a66f76d7d628dfdffddc165cc4d6787509d2efdd9456	bdaecb42830d77c60765651b0bb6c352a179fc66298ed1c3356bb2f1b69b03da	0123af9e96b58af4e98b91a2de5608d36b63c67864b9041d3340587f3dbe40d2	cfa8dcf0d81c408de38d4202fe1ce9d9e5e301d1e67439c9530da94b1e64ee3f	7484d7b0dd80f45e18d726b04752827fe28555cc5c1af0e127948380e6688abf
semantic-proposal-v1	SC1-d2253013f3008aee6e1f8b3c19fac6e9d157088d846f40b12dcb266ad295088d	S016011	3	P01	SYMBOLS.tsv	347833	selection_expression	x86_64	include/uapi/asm-generic/mman-common.h	operative_macro	PROT_GROWSDOWN	17	PENDING_REVIEW	SOURCE_REVIEWED_VALUE	COMPLETE	vendor/linux/include/uapi/asm-generic/mman-common.h;vendor/linux/include/uapi/asm-generic/mman-common.h:17;rewrite/configs/x86_64/frozen.config;header_closure=rewrite/metadata/header_closure.tsv;selected=PENDING_REVIEW	425f94c2954b1fe80ebdbf9b29854e89750355df	4563edb3a5513944a156a66f76d7d628dfdffddc165cc4d6787509d2efdd9456	bdaecb42830d77c60765651b0bb6c352a179fc66298ed1c3356bb2f1b69b03da	0123af9e96b58af4e98b91a2de5608d36b63c67864b9041d3340587f3dbe40d2	cfa8dcf0d81c408de38d4202fe1ce9d9e5e301d1e67439c9530da94b1e64ee3f	7484d7b0dd80f45e18d726b04752827fe28555cc5c1af0e127948380e6688abf
semantic-proposal-v1	SC1-15ad7defdd7f853be189b0b822d64970672168e528443e600b53e3cbdc5c2f0f	S016011	3	P01	SYMBOLS.tsv	347833	status	x86_64	include/uapi/asm-generic/mman-common.h	operative_macro	PROT_GROWSDOWN	17	PENDING_REVIEW	COMPLETE	COMPLETE	vendor/linux/include/uapi/asm-generic/mman-common.h;vendor/linux/include/uapi/asm-generic/mman-common.h:17;rewrite/configs/x86_64/frozen.config;header_closure=rewrite/metadata/header_closure.tsv;selected=PENDING_REVIEW	425f94c2954b1fe80ebdbf9b29854e89750355df	4563edb3a5513944a156a66f76d7d628dfdffddc165cc4d6787509d2efdd9456	bdaecb42830d77c60765651b0bb6c352a179fc66298ed1c3356bb2f1b69b03da	0123af9e96b58af4e98b91a2de5608d36b63c67864b9041d3340587f3dbe40d2	cfa8dcf0d81c408de38d4202fe1ce9d9e5e301d1e67439c9530da94b1e64ee3f	7484d7b0dd80f45e18d726b04752827fe28555cc5c1af0e127948380e6688abf
semantic-proposal-v1	SC1-3c6d090f7a33a7a39fea13adec59a3a53363b81980121186e3734484867d19a5	S016011	3	P01	SYMBOLS.tsv	347834	selection_expression	x86_64	include/uapi/asm-generic/mman-common.h	operative_macro	PROT_GROWSUP	18	PENDING_REVIEW	SOURCE_REVIEWED_VALUE	COMPLETE	vendor/linux/include/uapi/asm-generic/mman-common.h;vendor/linux/include/uapi/asm-generic/mman-common.h:18;rewrite/configs/x86_64/frozen.config;header_closure=rewrite/metadata/header_closure.tsv;selected=PENDING_REVIEW	425f94c2954b1fe80ebdbf9b29854e89750355df	4563edb3a5513944a156a66f76d7d628dfdffddc165cc4d6787509d2efdd9456	bdaecb42830d77c60765651b0bb6c352a179fc66298ed1c3356bb2f1b69b03da	0123af9e96b58af4e98b91a2de5608d36b63c67864b9041d3340587f3dbe40d2	cfa8dcf0d81c408de38d4202fe1ce9d9e5e301d1e67439c9530da94b1e64ee3f	7484d7b0dd80f45e18d726b04752827fe28555cc5c1af0e127948380e6688abf
semantic-proposal-v1	SC1-9a5a526a2dd0697768d7ccf912e228b0c55fc29143f5ef1c52195e69b675af75	S016011	3	P01	SYMBOLS.tsv	347834	status	x86_64	include/uapi/asm-generic/mman-common.h	operative_macro	PROT_GROWSUP	18	PENDING_REVIEW	COMPLETE	COMPLETE	vendor/linux/include/uapi/asm-generic/mman-common.h;vendor/linux/include/uapi/asm-generic/mman-common.h:18;rewrite/configs/x86_64/frozen.config;header_closure=rewrite/metadata/header_closure.tsv;selected=PENDING_REVIEW	425f94c2954b1fe80ebdbf9b29854e89750355df	4563edb3a5513944a156a66f76d7d628dfdffddc165cc4d6787509d2efdd9456	bdaecb42830d77c60765651b0bb6c352a179fc66298ed1c3356bb2f1b69b03da	0123af9e96b58af4e98b91a2de5608d36b63c67864b9041d3340587f3dbe40d2	cfa8dcf0d81c408de38d4202fe1ce9d9e5e301d1e67439c9530da94b1e64ee3f	7484d7b0dd80f45e18d726b04752827fe28555cc5c1af0e127948380e6688abf
semantic-proposal-v1	SC1-95dc5ff1d6ffcc9ba4a1376f63ce717df73324982ff09ea498d0594534b1d4b0	S016011	3	P01	SYMBOLS.tsv	347835	selection_expression	x86_64	include/uapi/asm-generic/mman-common.h	operative_macro	MAP_TYPE	21	PENDING_REVIEW	SOURCE_REVIEWED_VALUE	COMPLETE	vendor/linux/include/uapi/asm-generic/mman-common.h;vendor/linux/include/uapi/asm-generic/mman-common.h:21;rewrite/configs/x86_64/frozen.config;header_closure=rewrite/metadata/header_closure.tsv;selected=PENDING_REVIEW	425f94c2954b1fe80ebdbf9b29854e89750355df	4563edb3a5513944a156a66f76d7d628dfdffddc165cc4d6787509d2efdd9456	bdaecb42830d77c60765651b0bb6c352a179fc66298ed1c3356bb2f1b69b03da	0123af9e96b58af4e98b91a2de5608d36b63c67864b9041d3340587f3dbe40d2	cfa8dcf0d81c408de38d4202fe1ce9d9e5e301d1e67439c9530da94b1e64ee3f	7484d7b0dd80f45e18d726b04752827fe28555cc5c1af0e127948380e6688abf
semantic-proposal-v1	SC1-d0f9bfb2d417bff954b93c2a06928de9c4f2056482428d259795211b201602a3	S016011	3	P01	SYMBOLS.tsv	347835	status	x86_64	include/uapi/asm-generic/mman-common.h	operative_macro	MAP_TYPE	21	PENDING_REVIEW	COMPLETE	COMPLETE	vendor/linux/include/uapi/asm-generic/mman-common.h;vendor/linux/include/uapi/asm-generic/mman-common.h:21;rewrite/configs/x86_64/frozen.config;header_closure=rewrite/metadata/header_closure.tsv;selected=PENDING_REVIEW	425f94c2954b1fe80ebdbf9b29854e89750355df	4563edb3a5513944a156a66f76d7d628dfdffddc165cc4d6787509d2efdd9456	bdaecb42830d77c60765651b0bb6c352a179fc66298ed1c3356bb2f1b69b03da	0123af9e96b58af4e98b91a2de5608d36b63c67864b9041d3340587f3dbe40d2	cfa8dcf0d81c408de38d4202fe1ce9d9e5e301d1e67439c9530da94b1e64ee3f	7484d7b0dd80f45e18d726b04752827fe28555cc5c1af0e127948380e6688abf
semantic-proposal-v1	SC1-ec28c25254684a5beb98534de2a8bc79e84721ee0aa1f6527f84794cbda9c4b3	S016011	3	P01	SYMBOLS.tsv	347836	selection_expression	x86_64	include/uapi/asm-generic/mman-common.h	operative_macro	MAP_FIXED	22	PENDING_REVIEW	SOURCE_REVIEWED_VALUE	COMPLETE	vendor/linux/include/uapi/asm-generic/mman-common.h;vendor/linux/include/uapi/asm-generic/mman-common.h:22;rewrite/configs/x86_64/frozen.config;header_closure=rewrite/metadata/header_closure.tsv;selected=PENDING_REVIEW	425f94c2954b1fe80ebdbf9b29854e89750355df	4563edb3a5513944a156a66f76d7d628dfdffddc165cc4d6787509d2efdd9456	bdaecb42830d77c60765651b0bb6c352a179fc66298ed1c3356bb2f1b69b03da	0123af9e96b58af4e98b91a2de5608d36b63c67864b9041d3340587f3dbe40d2	cfa8dcf0d81c408de38d4202fe1ce9d9e5e301d1e67439c9530da94b1e64ee3f	7484d7b0dd80f45e18d726b04752827fe28555cc5c1af0e127948380e6688abf
semantic-proposal-v1	SC1-7363dd39a811148356dcc6fc47affe676f15bdc4a8056dbd5443b53d492ae89f	S016011	3	P01	SYMBOLS.tsv	347836	status	x86_64	include/uapi/asm-generic/mman-common.h	operative_macro	MAP_FIXED	22	PENDING_REVIEW	COMPLETE	COMPLETE	vendor/linux/include/uapi/asm-generic/mman-common.h;vendor/linux/include/uapi/asm-generic/mman-common.h:22;rewrite/configs/x86_64/frozen.config;header_closure=rewrite/metadata/header_closure.tsv;selected=PENDING_REVIEW	425f94c2954b1fe80ebdbf9b29854e89750355df	4563edb3a5513944a156a66f76d7d628dfdffddc165cc4d6787509d2efdd9456	bdaecb42830d77c60765651b0bb6c352a179fc66298ed1c3356bb2f1b69b03da	0123af9e96b58af4e98b91a2de5608d36b63c67864b9041d3340587f3dbe40d2	cfa8dcf0d81c408de38d4202fe1ce9d9e5e301d1e67439c9530da94b1e64ee3f	7484d7b0dd80f45e18d726b04752827fe28555cc5c1af0e127948380e6688abf
semantic-proposal-v1	SC1-d21bff27b81a3df39ae4a7b9f11fbd6e7e72cf3f88d1acf2386498f79a43f768	S016011	3	P01	SYMBOLS.tsv	347837	selection_expression	x86_64	include/uapi/asm-generic/mman-common.h	operative_macro	MAP_ANONYMOUS	23	PENDING_REVIEW	SOURCE_REVIEWED_VALUE	COMPLETE	vendor/linux/include/uapi/asm-generic/mman-common.h;vendor/linux/include/uapi/asm-generic/mman-common.h:23;rewrite/configs/x86_64/frozen.config;header_closure=rewrite/metadata/header_closure.tsv;selected=PENDING_REVIEW	425f94c2954b1fe80ebdbf9b29854e89750355df	4563edb3a5513944a156a66f76d7d628dfdffddc165cc4d6787509d2efdd9456	bdaecb42830d77c60765651b0bb6c352a179fc66298ed1c3356bb2f1b69b03da	0123af9e96b58af4e98b91a2de5608d36b63c67864b9041d3340587f3dbe40d2	cfa8dcf0d81c408de38d4202fe1ce9d9e5e301d1e67439c9530da94b1e64ee3f	7484d7b0dd80f45e18d726b04752827fe28555cc5c1af0e127948380e6688abf
semantic-proposal-v1	SC1-6660304ac52c2703554899d0fcb5fd47e6bdad0070cea73e00892e237809d1cb	S016011	3	P01	SYMBOLS.tsv	347837	status	x86_64	include/uapi/asm-generic/mman-common.h	operative_macro	MAP_ANONYMOUS	23	PENDING_REVIEW	COMPLETE	COMPLETE	vendor/linux/include/uapi/asm-generic/mman-common.h;vendor/linux/include/uapi/asm-generic/mman-common.h:23;rewrite/configs/x86_64/frozen.config;header_closure=rewrite/metadata/header_closure.tsv;selected=PENDING_REVIEW	425f94c2954b1fe80ebdbf9b29854e89750355df	4563edb3a5513944a156a66f76d7d628dfdffddc165cc4d6787509d2efdd9456	bdaecb42830d77c60765651b0bb6c352a179fc66298ed1c3356bb2f1b69b03da	0123af9e96b58af4e98b91a2de5608d36b63c67864b9041d3340587f3dbe40d2	cfa8dcf0d81c408de38d4202fe1ce9d9e5e301d1e67439c9530da94b1e64ee3f	7484d7b0dd80f45e18d726b04752827fe28555cc5c1af0e127948380e6688abf
semantic-proposal-v1	SC1-0fafffea44498b1286d7e1f493c1f6c0ebf9463b0a3770598145a1b091aaae0d	S016011	3	P01	SYMBOLS.tsv	347838	selection_expression	x86_64	include/uapi/asm-generic/mman-common.h	operative_macro	MAP_POPULATE	26	PENDING_REVIEW	SOURCE_REVIEWED_VALUE	COMPLETE	vendor/linux/include/uapi/asm-generic/mman-common.h;vendor/linux/include/uapi/asm-generic/mman-common.h:26;rewrite/configs/x86_64/frozen.config;header_closure=rewrite/metadata/header_closure.tsv;selected=PENDING_REVIEW	425f94c2954b1fe80ebdbf9b29854e89750355df	4563edb3a5513944a156a66f76d7d628dfdffddc165cc4d6787509d2efdd9456	bdaecb42830d77c60765651b0bb6c352a179fc66298ed1c3356bb2f1b69b03da	0123af9e96b58af4e98b91a2de5608d36b63c67864b9041d3340587f3dbe40d2	cfa8dcf0d81c408de38d4202fe1ce9d9e5e301d1e67439c9530da94b1e64ee3f	7484d7b0dd80f45e18d726b04752827fe28555cc5c1af0e127948380e6688abf
semantic-proposal-v1	SC1-b65a80f22cc28432fd88d09fdc5661d488fa722eda012232af5266fff0126b92	S016011	3	P01	SYMBOLS.tsv	347838	status	x86_64	include/uapi/asm-generic/mman-common.h	operative_macro	MAP_POPULATE	26	PENDING_REVIEW	COMPLETE	COMPLETE	vendor/linux/include/uapi/asm-generic/mman-common.h;vendor/linux/include/uapi/asm-generic/mman-common.h:26;rewrite/configs/x86_64/frozen.config;header_closure=rewrite/metadata/header_closure.tsv;selected=PENDING_REVIEW	425f94c2954b1fe80ebdbf9b29854e89750355df	4563edb3a5513944a156a66f76d7d628dfdffddc165cc4d6787509d2efdd9456	bdaecb42830d77c60765651b0bb6c352a179fc66298ed1c3356bb2f1b69b03da	0123af9e96b58af4e98b91a2de5608d36b63c67864b9041d3340587f3dbe40d2	cfa8dcf0d81c408de38d4202fe1ce9d9e5e301d1e67439c9530da94b1e64ee3f	7484d7b0dd80f45e18d726b04752827fe28555cc5c1af0e127948380e6688abf
semantic-proposal-v1	SC1-6f75906790c64dc2f4449981c47f6af866835a24956e58c8112ea76977d16013	S016011	3	P01	SYMBOLS.tsv	347839	selection_expression	x86_64	include/uapi/asm-generic/mman-common.h	operative_macro	MAP_NONBLOCK	27	PENDING_REVIEW	SOURCE_REVIEWED_VALUE	COMPLETE	vendor/linux/include/uapi/asm-generic/mman-common.h;vendor/linux/include/uapi/asm-generic/mman-common.h:27;rewrite/configs/x86_64/frozen.config;header_closure=rewrite/metadata/header_closure.tsv;selected=PENDING_REVIEW	425f94c2954b1fe80ebdbf9b29854e89750355df	4563edb3a5513944a156a66f76d7d628dfdffddc165cc4d6787509d2efdd9456	bdaecb42830d77c60765651b0bb6c352a179fc66298ed1c3356bb2f1b69b03da	0123af9e96b58af4e98b91a2de5608d36b63c67864b9041d3340587f3dbe40d2	cfa8dcf0d81c408de38d4202fe1ce9d9e5e301d1e67439c9530da94b1e64ee3f	7484d7b0dd80f45e18d726b04752827fe28555cc5c1af0e127948380e6688abf
semantic-proposal-v1	SC1-a4106fc2d2c1bb5a0a3bf6f212763f92f4bee0ffbb2f0a853e1554f6f8101298	S016011	3	P01	SYMBOLS.tsv	347839	status	x86_64	include/uapi/asm-generic/mman-common.h	operative_macro	MAP_NONBLOCK	27	PENDING_REVIEW	COMPLETE	COMPLETE	vendor/linux/include/uapi/asm-generic/mman-common.h;vendor/linux/include/uapi/asm-generic/mman-common.h:27;rewrite/configs/x86_64/frozen.config;header_closure=rewrite/metadata/header_closure.tsv;selected=PENDING_REVIEW	425f94c2954b1fe80ebdbf9b29854e89750355df	4563edb3a5513944a156a66f76d7d628dfdffddc165cc4d6787509d2efdd9456	bdaecb42830d77c60765651b0bb6c352a179fc66298ed1c3356bb2f1b69b03da	0123af9e96b58af4e98b91a2de5608d36b63c67864b9041d3340587f3dbe40d2	cfa8dcf0d81c408de38d4202fe1ce9d9e5e301d1e67439c9530da94b1e64ee3f	7484d7b0dd80f45e18d726b04752827fe28555cc5c1af0e127948380e6688abf
semantic-proposal-v1	SC1-1b114c36aac7aadbb5ac0ea539c5bb60aba42fe5fd08019010ad9aab260254ff	S016011	3	P01	SYMBOLS.tsv	347840	selection_expression	x86_64	include/uapi/asm-generic/mman-common.h	operative_macro	MAP_STACK	28	PENDING_REVIEW	SOURCE_REVIEWED_VALUE	COMPLETE	vendor/linux/include/uapi/asm-generic/mman-common.h;vendor/linux/include/uapi/asm-generic/mman-common.h:28;rewrite/configs/x86_64/frozen.config;header_closure=rewrite/metadata/header_closure.tsv;selected=PENDING_REVIEW	425f94c2954b1fe80ebdbf9b29854e89750355df	4563edb3a5513944a156a66f76d7d628dfdffddc165cc4d6787509d2efdd9456	bdaecb42830d77c60765651b0bb6c352a179fc66298ed1c3356bb2f1b69b03da	0123af9e96b58af4e98b91a2de5608d36b63c67864b9041d3340587f3dbe40d2	cfa8dcf0d81c408de38d4202fe1ce9d9e5e301d1e67439c9530da94b1e64ee3f	7484d7b0dd80f45e18d726b04752827fe28555cc5c1af0e127948380e6688abf
semantic-proposal-v1	SC1-0a4eba4dc5a51551406bc11104c1fbc7b154d714b0e3f8abc745e6a4eb6f7aec	S016011	3	P01	SYMBOLS.tsv	347840	status	x86_64	include/uapi/asm-generic/mman-common.h	operative_macro	MAP_STACK	28	PENDING_REVIEW	COMPLETE	COMPLETE	vendor/linux/include/uapi/asm-generic/mman-common.h;vendor/linux/include/uapi/asm-generic/mman-common.h:28;rewrite/configs/x86_64/frozen.config;header_closure=rewrite/metadata/header_closure.tsv;selected=PENDING_REVIEW	425f94c2954b1fe80ebdbf9b29854e89750355df	4563edb3a5513944a156a66f76d7d628dfdffddc165cc4d6787509d2efdd9456	bdaecb42830d77c60765651b0bb6c352a179fc66298ed1c3356bb2f1b69b03da	0123af9e96b58af4e98b91a2de5608d36b63c67864b9041d3340587f3dbe40d2	cfa8dcf0d81c408de38d4202fe1ce9d9e5e301d1e67439c9530da94b1e64ee3f	7484d7b0dd80f45e18d726b04752827fe28555cc5c1af0e127948380e6688abf
semantic-proposal-v1	SC1-87117c659f43bec1614cabe3f9ba1fb6a969015d45ca6817bc5501714a9ef93c	S016011	3	P01	SYMBOLS.tsv	347841	selection_expression	x86_64	include/uapi/asm-generic/mman-common.h	operative_macro	MAP_HUGETLB	29	PENDING_REVIEW	SOURCE_REVIEWED_VALUE	COMPLETE	vendor/linux/include/uapi/asm-generic/mman-common.h;vendor/linux/include/uapi/asm-generic/mman-common.h:29;rewrite/configs/x86_64/frozen.config;header_closure=rewrite/metadata/header_closure.tsv;selected=PENDING_REVIEW	425f94c2954b1fe80ebdbf9b29854e89750355df	4563edb3a5513944a156a66f76d7d628dfdffddc165cc4d6787509d2efdd9456	bdaecb42830d77c60765651b0bb6c352a179fc66298ed1c3356bb2f1b69b03da	0123af9e96b58af4e98b91a2de5608d36b63c67864b9041d3340587f3dbe40d2	cfa8dcf0d81c408de38d4202fe1ce9d9e5e301d1e67439c9530da94b1e64ee3f	7484d7b0dd80f45e18d726b04752827fe28555cc5c1af0e127948380e6688abf
semantic-proposal-v1	SC1-3ea980ec8aa40c405e30b3fb705e4b6766eba3a006d643b6efa7c5602482651b	S016011	3	P01	SYMBOLS.tsv	347841	status	x86_64	include/uapi/asm-generic/mman-common.h	operative_macro	MAP_HUGETLB	29	PENDING_REVIEW	COMPLETE	COMPLETE	vendor/linux/include/uapi/asm-generic/mman-common.h;vendor/linux/include/uapi/asm-generic/mman-common.h:29;rewrite/configs/x86_64/frozen.config;header_closure=rewrite/metadata/header_closure.tsv;selected=PENDING_REVIEW	425f94c2954b1fe80ebdbf9b29854e89750355df	4563edb3a5513944a156a66f76d7d628dfdffddc165cc4d6787509d2efdd9456	bdaecb42830d77c60765651b0bb6c352a179fc66298ed1c3356bb2f1b69b03da	0123af9e96b58af4e98b91a2de5608d36b63c67864b9041d3340587f3dbe40d2	cfa8dcf0d81c408de38d4202fe1ce9d9e5e301d1e67439c9530da94b1e64ee3f	7484d7b0dd80f45e18d726b04752827fe28555cc5c1af0e127948380e6688abf
semantic-proposal-v1	SC1-c44a9dd514242f8cf9967750bc0d7cc3a58aca32cc0eff7541aef4401f92243b	S016011	3	P01	SYMBOLS.tsv	347842	selection_expression	x86_64	include/uapi/asm-generic/mman-common.h	operative_macro	MAP_SYNC	30	PENDING_REVIEW	SOURCE_REVIEWED_VALUE	COMPLETE	vendor/linux/include/uapi/asm-generic/mman-common.h;vendor/linux/include/uapi/asm-generic/mman-common.h:30;rewrite/configs/x86_64/frozen.config;header_closure=rewrite/metadata/header_closure.tsv;selected=PENDING_REVIEW	425f94c2954b1fe80ebdbf9b29854e89750355df	4563edb3a5513944a156a66f76d7d628dfdffddc165cc4d6787509d2efdd9456	bdaecb42830d77c60765651b0bb6c352a179fc66298ed1c3356bb2f1b69b03da	0123af9e96b58af4e98b91a2de5608d36b63c67864b9041d3340587f3dbe40d2	cfa8dcf0d81c408de38d4202fe1ce9d9e5e301d1e67439c9530da94b1e64ee3f	7484d7b0dd80f45e18d726b04752827fe28555cc5c1af0e127948380e6688abf
semantic-proposal-v1	SC1-084e658de60e4596b2eba82dcad76a32426a09c8abc42a8fa6c2cffc09bf5e82	S016011	3	P01	SYMBOLS.tsv	347842	status	x86_64	include/uapi/asm-generic/mman-common.h	operative_macro	MAP_SYNC	30	PENDING_REVIEW	COMPLETE	COMPLETE	vendor/linux/include/uapi/asm-generic/mman-common.h;vendor/linux/include/uapi/asm-generic/mman-common.h:30;rewrite/configs/x86_64/frozen.config;header_closure=rewrite/metadata/header_closure.tsv;selected=PENDING_REVIEW	425f94c2954b1fe80ebdbf9b29854e89750355df	4563edb3a5513944a156a66f76d7d628dfdffddc165cc4d6787509d2efdd9456	bdaecb42830d77c60765651b0bb6c352a179fc66298ed1c3356bb2f1b69b03da	0123af9e96b58af4e98b91a2de5608d36b63c67864b9041d3340587f3dbe40d2	cfa8dcf0d81c408de38d4202fe1ce9d9e5e301d1e67439c9530da94b1e64ee3f	7484d7b0dd80f45e18d726b04752827fe28555cc5c1af0e127948380e6688abf
semantic-proposal-v1	SC1-a27d0f3f14d6c8308f2628c999099d6eb22292b90a25ad9bcb8b980463649d7a	S016011	3	P01	SYMBOLS.tsv	347843	selection_expression	x86_64	include/uapi/asm-generic/mman-common.h	operative_macro	MAP_FIXED_NOREPLACE	31	PENDING_REVIEW	SOURCE_REVIEWED_VALUE	COMPLETE	vendor/linux/include/uapi/asm-generic/mman-common.h;vendor/linux/include/uapi/asm-generic/mman-common.h:31;rewrite/configs/x86_64/frozen.config;header_closure=rewrite/metadata/header_closure.tsv;selected=PENDING_REVIEW	425f94c2954b1fe80ebdbf9b29854e89750355df	4563edb3a5513944a156a66f76d7d628dfdffddc165cc4d6787509d2efdd9456	bdaecb42830d77c60765651b0bb6c352a179fc66298ed1c3356bb2f1b69b03da	0123af9e96b58af4e98b91a2de5608d36b63c67864b9041d3340587f3dbe40d2	cfa8dcf0d81c408de38d4202fe1ce9d9e5e301d1e67439c9530da94b1e64ee3f	7484d7b0dd80f45e18d726b04752827fe28555cc5c1af0e127948380e6688abf
semantic-proposal-v1	SC1-0bc4863754977f64684e919602a20643527648232398c958c95fb7d62d04748b	S016011	3	P01	SYMBOLS.tsv	347843	status	x86_64	include/uapi/asm-generic/mman-common.h	operative_macro	MAP_FIXED_NOREPLACE	31	PENDING_REVIEW	COMPLETE	COMPLETE	vendor/linux/include/uapi/asm-generic/mman-common.h;vendor/linux/include/uapi/asm-generic/mman-common.h:31;rewrite/configs/x86_64/frozen.config;header_closure=rewrite/metadata/header_closure.tsv;selected=PENDING_REVIEW	425f94c2954b1fe80ebdbf9b29854e89750355df	4563edb3a5513944a156a66f76d7d628dfdffddc165cc4d6787509d2efdd9456	bdaecb42830d77c60765651b0bb6c352a179fc66298ed1c3356bb2f1b69b03da	0123af9e96b58af4e98b91a2de5608d36b63c67864b9041d3340587f3dbe40d2	cfa8dcf0d81c408de38d4202fe1ce9d9e5e301d1e67439c9530da94b1e64ee3f	7484d7b0dd80f45e18d726b04752827fe28555cc5c1af0e127948380e6688abf
semantic-proposal-v1	SC1-d87a581dec27667bc158c6727191998b4ea76bc470de2e97057fb6ba5c38de06	S016011	3	P01	SYMBOLS.tsv	347844	selection_expression	x86_64	include/uapi/asm-generic/mman-common.h	operative_macro	MAP_UNINITIALIZED	33	PENDING_REVIEW	SOURCE_REVIEWED_VALUE	COMPLETE	vendor/linux/include/uapi/asm-generic/mman-common.h;vendor/linux/include/uapi/asm-generic/mman-common.h:33;rewrite/configs/x86_64/frozen.config;header_closure=rewrite/metadata/header_closure.tsv;selected=PENDING_REVIEW	425f94c2954b1fe80ebdbf9b29854e89750355df	4563edb3a5513944a156a66f76d7d628dfdffddc165cc4d6787509d2efdd9456	bdaecb42830d77c60765651b0bb6c352a179fc66298ed1c3356bb2f1b69b03da	0123af9e96b58af4e98b91a2de5608d36b63c67864b9041d3340587f3dbe40d2	cfa8dcf0d81c408de38d4202fe1ce9d9e5e301d1e67439c9530da94b1e64ee3f	7484d7b0dd80f45e18d726b04752827fe28555cc5c1af0e127948380e6688abf
semantic-proposal-v1	SC1-129cf211217064b0faa9ed910bbdcae7e59ff961bfa9bc53d74286d60923d87a	S016011	3	P01	SYMBOLS.tsv	347844	status	x86_64	include/uapi/asm-generic/mman-common.h	operative_macro	MAP_UNINITIALIZED	33	PENDING_REVIEW	COMPLETE	COMPLETE	vendor/linux/include/uapi/asm-generic/mman-common.h;vendor/linux/include/uapi/asm-generic/mman-common.h:33;rewrite/configs/x86_64/frozen.config;header_closure=rewrite/metadata/header_closure.tsv;selected=PENDING_REVIEW	425f94c2954b1fe80ebdbf9b29854e89750355df	4563edb3a5513944a156a66f76d7d628dfdffddc165cc4d6787509d2efdd9456	bdaecb42830d77c60765651b0bb6c352a179fc66298ed1c3356bb2f1b69b03da	0123af9e96b58af4e98b91a2de5608d36b63c67864b9041d3340587f3dbe40d2	cfa8dcf0d81c408de38d4202fe1ce9d9e5e301d1e67439c9530da94b1e64ee3f	7484d7b0dd80f45e18d726b04752827fe28555cc5c1af0e127948380e6688abf
semantic-proposal-v1	SC1-c1ece9c4bfbc917ff18dd8323fa2a4c5c4a88238c2aa3bdc8158b0e1528891cb	S016011	3	P01	SYMBOLS.tsv	347845	selection_expression	x86_64	include/uapi/asm-generic/mman-common.h	operative_macro	MLOCK_ONFAULT	39	PENDING_REVIEW	SOURCE_REVIEWED_VALUE	COMPLETE	vendor/linux/include/uapi/asm-generic/mman-common.h;vendor/linux/include/uapi/asm-generic/mman-common.h:39;rewrite/configs/x86_64/frozen.config;header_closure=rewrite/metadata/header_closure.tsv;selected=PENDING_REVIEW	425f94c2954b1fe80ebdbf9b29854e89750355df	4563edb3a5513944a156a66f76d7d628dfdffddc165cc4d6787509d2efdd9456	bdaecb42830d77c60765651b0bb6c352a179fc66298ed1c3356bb2f1b69b03da	0123af9e96b58af4e98b91a2de5608d36b63c67864b9041d3340587f3dbe40d2	cfa8dcf0d81c408de38d4202fe1ce9d9e5e301d1e67439c9530da94b1e64ee3f	7484d7b0dd80f45e18d726b04752827fe28555cc5c1af0e127948380e6688abf
semantic-proposal-v1	SC1-02ee823435d8e8c71fc67d78f54dc01064124c158b11f5717284a6b1ba4f3082	S016011	3	P01	SYMBOLS.tsv	347845	status	x86_64	include/uapi/asm-generic/mman-common.h	operative_macro	MLOCK_ONFAULT	39	PENDING_REVIEW	COMPLETE	COMPLETE	vendor/linux/include/uapi/asm-generic/mman-common.h;vendor/linux/include/uapi/asm-generic/mman-common.h:39;rewrite/configs/x86_64/frozen.config;header_closure=rewrite/metadata/header_closure.tsv;selected=PENDING_REVIEW	425f94c2954b1fe80ebdbf9b29854e89750355df	4563edb3a5513944a156a66f76d7d628dfdffddc165cc4d6787509d2efdd9456	bdaecb42830d77c60765651b0bb6c352a179fc66298ed1c3356bb2f1b69b03da	0123af9e96b58af4e98b91a2de5608d36b63c67864b9041d3340587f3dbe40d2	cfa8dcf0d81c408de38d4202fe1ce9d9e5e301d1e67439c9530da94b1e64ee3f	7484d7b0dd80f45e18d726b04752827fe28555cc5c1af0e127948380e6688abf
semantic-proposal-v1	SC1-e643faf161e01585f8ff6627a83c9805380b567450c499f935098455a6a79eac	S016011	3	P01	SYMBOLS.tsv	347846	selection_expression	x86_64	include/uapi/asm-generic/mman-common.h	operative_macro	MS_ASYNC	41	PENDING_REVIEW	SOURCE_REVIEWED_VALUE	COMPLETE	vendor/linux/include/uapi/asm-generic/mman-common.h;vendor/linux/include/uapi/asm-generic/mman-common.h:41;rewrite/configs/x86_64/frozen.config;header_closure=rewrite/metadata/header_closure.tsv;selected=PENDING_REVIEW	425f94c2954b1fe80ebdbf9b29854e89750355df	4563edb3a5513944a156a66f76d7d628dfdffddc165cc4d6787509d2efdd9456	bdaecb42830d77c60765651b0bb6c352a179fc66298ed1c3356bb2f1b69b03da	0123af9e96b58af4e98b91a2de5608d36b63c67864b9041d3340587f3dbe40d2	cfa8dcf0d81c408de38d4202fe1ce9d9e5e301d1e67439c9530da94b1e64ee3f	7484d7b0dd80f45e18d726b04752827fe28555cc5c1af0e127948380e6688abf
semantic-proposal-v1	SC1-c8fb706fc4e9b3a0cf369e8e397e767fcf912529eed38cf86f22b0be56a49d0e	S016011	3	P01	SYMBOLS.tsv	347846	status	x86_64	include/uapi/asm-generic/mman-common.h	operative_macro	MS_ASYNC	41	PENDING_REVIEW	COMPLETE	COMPLETE	vendor/linux/include/uapi/asm-generic/mman-common.h;vendor/linux/include/uapi/asm-generic/mman-common.h:41;rewrite/configs/x86_64/frozen.config;header_closure=rewrite/metadata/header_closure.tsv;selected=PENDING_REVIEW	425f94c2954b1fe80ebdbf9b29854e89750355df	4563edb3a5513944a156a66f76d7d628dfdffddc165cc4d6787509d2efdd9456	bdaecb42830d77c60765651b0bb6c352a179fc66298ed1c3356bb2f1b69b03da	0123af9e96b58af4e98b91a2de5608d36b63c67864b9041d3340587f3dbe40d2	cfa8dcf0d81c408de38d4202fe1ce9d9e5e301d1e67439c9530da94b1e64ee3f	7484d7b0dd80f45e18d726b04752827fe28555cc5c1af0e127948380e6688abf
semantic-proposal-v1	SC1-1c04c9a2eb9e206f633142040c21858634827c92a38c15026cefd63e0e213f4d	S016011	3	P01	SYMBOLS.tsv	347847	selection_expression	x86_64	include/uapi/asm-generic/mman-common.h	operative_macro	MS_INVALIDATE	42	PENDING_REVIEW	SOURCE_REVIEWED_VALUE	COMPLETE	vendor/linux/include/uapi/asm-generic/mman-common.h;vendor/linux/include/uapi/asm-generic/mman-common.h:42;rewrite/configs/x86_64/frozen.config;header_closure=rewrite/metadata/header_closure.tsv;selected=PENDING_REVIEW	425f94c2954b1fe80ebdbf9b29854e89750355df	4563edb3a5513944a156a66f76d7d628dfdffddc165cc4d6787509d2efdd9456	bdaecb42830d77c60765651b0bb6c352a179fc66298ed1c3356bb2f1b69b03da	0123af9e96b58af4e98b91a2de5608d36b63c67864b9041d3340587f3dbe40d2	cfa8dcf0d81c408de38d4202fe1ce9d9e5e301d1e67439c9530da94b1e64ee3f	7484d7b0dd80f45e18d726b04752827fe28555cc5c1af0e127948380e6688abf
semantic-proposal-v1	SC1-01a302d79657d9ef15ac7d4d006d9a4f872cc3883ba8dcd1b57d641e7d03292f	S016011	3	P01	SYMBOLS.tsv	347847	status	x86_64	include/uapi/asm-generic/mman-common.h	operative_macro	MS_INVALIDATE	42	PENDING_REVIEW	COMPLETE	COMPLETE	vendor/linux/include/uapi/asm-generic/mman-common.h;vendor/linux/include/uapi/asm-generic/mman-common.h:42;rewrite/configs/x86_64/frozen.config;header_closure=rewrite/metadata/header_closure.tsv;selected=PENDING_REVIEW	425f94c2954b1fe80ebdbf9b29854e89750355df	4563edb3a5513944a156a66f76d7d628dfdffddc165cc4d6787509d2efdd9456	bdaecb42830d77c60765651b0bb6c352a179fc66298ed1c3356bb2f1b69b03da	0123af9e96b58af4e98b91a2de5608d36b63c67864b9041d3340587f3dbe40d2	cfa8dcf0d81c408de38d4202fe1ce9d9e5e301d1e67439c9530da94b1e64ee3f	7484d7b0dd80f45e18d726b04752827fe28555cc5c1af0e127948380e6688abf
semantic-proposal-v1	SC1-77de19cff2bcd8e5ed98755e04520a0f2501d8fac55d7e4c2b3f15108f3062e4	S016011	3	P01	SYMBOLS.tsv	347848	selection_expression	x86_64	include/uapi/asm-generic/mman-common.h	operative_macro	MS_SYNC	43	PENDING_REVIEW	SOURCE_REVIEWED_VALUE	COMPLETE	vendor/linux/include/uapi/asm-generic/mman-common.h;vendor/linux/include/uapi/asm-generic/mman-common.h:43;rewrite/configs/x86_64/frozen.config;header_closure=rewrite/metadata/header_closure.tsv;selected=PENDING_REVIEW	425f94c2954b1fe80ebdbf9b29854e89750355df	4563edb3a5513944a156a66f76d7d628dfdffddc165cc4d6787509d2efdd9456	bdaecb42830d77c60765651b0bb6c352a179fc66298ed1c3356bb2f1b69b03da	0123af9e96b58af4e98b91a2de5608d36b63c67864b9041d3340587f3dbe40d2	cfa8dcf0d81c408de38d4202fe1ce9d9e5e301d1e67439c9530da94b1e64ee3f	7484d7b0dd80f45e18d726b04752827fe28555cc5c1af0e127948380e6688abf
semantic-proposal-v1	SC1-fa4f37c392f8c3a4407be7c17850034cbe0301f32828dd1bb44011397630713d	S016011	3	P01	SYMBOLS.tsv	347848	status	x86_64	include/uapi/asm-generic/mman-common.h	operative_macro	MS_SYNC	43	PENDING_REVIEW	COMPLETE	COMPLETE	vendor/linux/include/uapi/asm-generic/mman-common.h;vendor/linux/include/uapi/asm-generic/mman-common.h:43;rewrite/configs/x86_64/frozen.config;header_closure=rewrite/metadata/header_closure.tsv;selected=PENDING_REVIEW	425f94c2954b1fe80ebdbf9b29854e89750355df	4563edb3a5513944a156a66f76d7d628dfdffddc165cc4d6787509d2efdd9456	bdaecb42830d77c60765651b0bb6c352a179fc66298ed1c3356bb2f1b69b03da	0123af9e96b58af4e98b91a2de5608d36b63c67864b9041d3340587f3dbe40d2	cfa8dcf0d81c408de38d4202fe1ce9d9e5e301d1e67439c9530da94b1e64ee3f	7484d7b0dd80f45e18d726b04752827fe28555cc5c1af0e127948380e6688abf
semantic-proposal-v1	SC1-5dcfdd2faf4da3fbf596a59c082f9ac0ad58778af2f1f55657f1d7dfe8ff1f25	S016011	3	P01	SYMBOLS.tsv	347849	selection_expression	x86_64	include/uapi/asm-generic/mman-common.h	operative_macro	MADV_NORMAL	45	PENDING_REVIEW	SOURCE_REVIEWED_VALUE	COMPLETE	vendor/linux/include/uapi/asm-generic/mman-common.h;vendor/linux/include/uapi/asm-generic/mman-common.h:45;rewrite/configs/x86_64/frozen.config;header_closure=rewrite/metadata/header_closure.tsv;selected=PENDING_REVIEW	425f94c2954b1fe80ebdbf9b29854e89750355df	4563edb3a5513944a156a66f76d7d628dfdffddc165cc4d6787509d2efdd9456	bdaecb42830d77c60765651b0bb6c352a179fc66298ed1c3356bb2f1b69b03da	0123af9e96b58af4e98b91a2de5608d36b63c67864b9041d3340587f3dbe40d2	cfa8dcf0d81c408de38d4202fe1ce9d9e5e301d1e67439c9530da94b1e64ee3f	7484d7b0dd80f45e18d726b04752827fe28555cc5c1af0e127948380e6688abf
semantic-proposal-v1	SC1-60c66fbc863c5fe55b191d8d3e5a6f73a89cbc5cbac2b59be4e59f25fd7c176b	S016011	3	P01	SYMBOLS.tsv	347849	status	x86_64	include/uapi/asm-generic/mman-common.h	operative_macro	MADV_NORMAL	45	PENDING_REVIEW	COMPLETE	COMPLETE	vendor/linux/include/uapi/asm-generic/mman-common.h;vendor/linux/include/uapi/asm-generic/mman-common.h:45;rewrite/configs/x86_64/frozen.config;header_closure=rewrite/metadata/header_closure.tsv;selected=PENDING_REVIEW	425f94c2954b1fe80ebdbf9b29854e89750355df	4563edb3a5513944a156a66f76d7d628dfdffddc165cc4d6787509d2efdd9456	bdaecb42830d77c60765651b0bb6c352a179fc66298ed1c3356bb2f1b69b03da	0123af9e96b58af4e98b91a2de5608d36b63c67864b9041d3340587f3dbe40d2	cfa8dcf0d81c408de38d4202fe1ce9d9e5e301d1e67439c9530da94b1e64ee3f	7484d7b0dd80f45e18d726b04752827fe28555cc5c1af0e127948380e6688abf
semantic-proposal-v1	SC1-d767633aceb972ca31439f5b6068f5274fbf03825e1bdae10898c36b1e1af120	S016011	3	P01	SYMBOLS.tsv	347850	selection_expression	x86_64	include/uapi/asm-generic/mman-common.h	operative_macro	MADV_RANDOM	46	PENDING_REVIEW	SOURCE_REVIEWED_VALUE	COMPLETE	vendor/linux/include/uapi/asm-generic/mman-common.h;vendor/linux/include/uapi/asm-generic/mman-common.h:46;rewrite/configs/x86_64/frozen.config;header_closure=rewrite/metadata/header_closure.tsv;selected=PENDING_REVIEW	425f94c2954b1fe80ebdbf9b29854e89750355df	4563edb3a5513944a156a66f76d7d628dfdffddc165cc4d6787509d2efdd9456	bdaecb42830d77c60765651b0bb6c352a179fc66298ed1c3356bb2f1b69b03da	0123af9e96b58af4e98b91a2de5608d36b63c67864b9041d3340587f3dbe40d2	cfa8dcf0d81c408de38d4202fe1ce9d9e5e301d1e67439c9530da94b1e64ee3f	7484d7b0dd80f45e18d726b04752827fe28555cc5c1af0e127948380e6688abf
semantic-proposal-v1	SC1-f19bb63d197a42b5bae87fbbd25554a1e714c33ef79d6059b13555dca5e5d5a6	S016011	3	P01	SYMBOLS.tsv	347850	status	x86_64	include/uapi/asm-generic/mman-common.h	operative_macro	MADV_RANDOM	46	PENDING_REVIEW	COMPLETE	COMPLETE	vendor/linux/include/uapi/asm-generic/mman-common.h;vendor/linux/include/uapi/asm-generic/mman-common.h:46;rewrite/configs/x86_64/frozen.config;header_closure=rewrite/metadata/header_closure.tsv;selected=PENDING_REVIEW	425f94c2954b1fe80ebdbf9b29854e89750355df	4563edb3a5513944a156a66f76d7d628dfdffddc165cc4d6787509d2efdd9456	bdaecb42830d77c60765651b0bb6c352a179fc66298ed1c3356bb2f1b69b03da	0123af9e96b58af4e98b91a2de5608d36b63c67864b9041d3340587f3dbe40d2	cfa8dcf0d81c408de38d4202fe1ce9d9e5e301d1e67439c9530da94b1e64ee3f	7484d7b0dd80f45e18d726b04752827fe28555cc5c1af0e127948380e6688abf
semantic-proposal-v1	SC1-6ae76df9ef345374d11a39f09caad63d825bca0b00eac3d545c41136087156ac	S016011	3	P01	SYMBOLS.tsv	347851	selection_expression	x86_64	include/uapi/asm-generic/mman-common.h	operative_macro	MADV_SEQUENTIAL	47	PENDING_REVIEW	SOURCE_REVIEWED_VALUE	COMPLETE	vendor/linux/include/uapi/asm-generic/mman-common.h;vendor/linux/include/uapi/asm-generic/mman-common.h:47;rewrite/configs/x86_64/frozen.config;header_closure=rewrite/metadata/header_closure.tsv;selected=PENDING_REVIEW	425f94c2954b1fe80ebdbf9b29854e89750355df	4563edb3a5513944a156a66f76d7d628dfdffddc165cc4d6787509d2efdd9456	bdaecb42830d77c60765651b0bb6c352a179fc66298ed1c3356bb2f1b69b03da	0123af9e96b58af4e98b91a2de5608d36b63c67864b9041d3340587f3dbe40d2	cfa8dcf0d81c408de38d4202fe1ce9d9e5e301d1e67439c9530da94b1e64ee3f	7484d7b0dd80f45e18d726b04752827fe28555cc5c1af0e127948380e6688abf
semantic-proposal-v1	SC1-689f5f332ab13b82d5664cda9373c60d9d85ce4aaa0b4fc453f4bbe939de1dc6	S016011	3	P01	SYMBOLS.tsv	347851	status	x86_64	include/uapi/asm-generic/mman-common.h	operative_macro	MADV_SEQUENTIAL	47	PENDING_REVIEW	COMPLETE	COMPLETE	vendor/linux/include/uapi/asm-generic/mman-common.h;vendor/linux/include/uapi/asm-generic/mman-common.h:47;rewrite/configs/x86_64/frozen.config;header_closure=rewrite/metadata/header_closure.tsv;selected=PENDING_REVIEW	425f94c2954b1fe80ebdbf9b29854e89750355df	4563edb3a5513944a156a66f76d7d628dfdffddc165cc4d6787509d2efdd9456	bdaecb42830d77c60765651b0bb6c352a179fc66298ed1c3356bb2f1b69b03da	0123af9e96b58af4e98b91a2de5608d36b63c67864b9041d3340587f3dbe40d2	cfa8dcf0d81c408de38d4202fe1ce9d9e5e301d1e67439c9530da94b1e64ee3f	7484d7b0dd80f45e18d726b04752827fe28555cc5c1af0e127948380e6688abf
semantic-proposal-v1	SC1-009a4f9aa3b8b9f0eb37a286a88d2b2d52822f2493225ec4cba13a39a4adcd86	S016011	3	P01	SYMBOLS.tsv	347852	selection_expression	x86_64	include/uapi/asm-generic/mman-common.h	operative_macro	MADV_WILLNEED	48	PENDING_REVIEW	SOURCE_REVIEWED_VALUE	COMPLETE	vendor/linux/include/uapi/asm-generic/mman-common.h;vendor/linux/include/uapi/asm-generic/mman-common.h:48;rewrite/configs/x86_64/frozen.config;header_closure=rewrite/metadata/header_closure.tsv;selected=PENDING_REVIEW	425f94c2954b1fe80ebdbf9b29854e89750355df	4563edb3a5513944a156a66f76d7d628dfdffddc165cc4d6787509d2efdd9456	bdaecb42830d77c60765651b0bb6c352a179fc66298ed1c3356bb2f1b69b03da	0123af9e96b58af4e98b91a2de5608d36b63c67864b9041d3340587f3dbe40d2	cfa8dcf0d81c408de38d4202fe1ce9d9e5e301d1e67439c9530da94b1e64ee3f	7484d7b0dd80f45e18d726b04752827fe28555cc5c1af0e127948380e6688abf
semantic-proposal-v1	SC1-ea4263424f3ca968ea888d9bd85d38ad1a1be6c4b3f209f3be57b2a293f5f7f8	S016011	3	P01	SYMBOLS.tsv	347852	status	x86_64	include/uapi/asm-generic/mman-common.h	operative_macro	MADV_WILLNEED	48	PENDING_REVIEW	COMPLETE	COMPLETE	vendor/linux/include/uapi/asm-generic/mman-common.h;vendor/linux/include/uapi/asm-generic/mman-common.h:48;rewrite/configs/x86_64/frozen.config;header_closure=rewrite/metadata/header_closure.tsv;selected=PENDING_REVIEW	425f94c2954b1fe80ebdbf9b29854e89750355df	4563edb3a5513944a156a66f76d7d628dfdffddc165cc4d6787509d2efdd9456	bdaecb42830d77c60765651b0bb6c352a179fc66298ed1c3356bb2f1b69b03da	0123af9e96b58af4e98b91a2de5608d36b63c67864b9041d3340587f3dbe40d2	cfa8dcf0d81c408de38d4202fe1ce9d9e5e301d1e67439c9530da94b1e64ee3f	7484d7b0dd80f45e18d726b04752827fe28555cc5c1af0e127948380e6688abf
semantic-proposal-v1	SC1-7b9597be74c46c9b12c70773a17a26043aa4693a2c5943f310f9147949c3d5e4	S016011	3	P01	SYMBOLS.tsv	347853	selection_expression	x86_64	include/uapi/asm-generic/mman-common.h	operative_macro	MADV_DONTNEED	49	PENDING_REVIEW	SOURCE_REVIEWED_VALUE	COMPLETE	vendor/linux/include/uapi/asm-generic/mman-common.h;vendor/linux/include/uapi/asm-generic/mman-common.h:49;rewrite/configs/x86_64/frozen.config;header_closure=rewrite/metadata/header_closure.tsv;selected=PENDING_REVIEW	425f94c2954b1fe80ebdbf9b29854e89750355df	4563edb3a5513944a156a66f76d7d628dfdffddc165cc4d6787509d2efdd9456	bdaecb42830d77c60765651b0bb6c352a179fc66298ed1c3356bb2f1b69b03da	0123af9e96b58af4e98b91a2de5608d36b63c67864b9041d3340587f3dbe40d2	cfa8dcf0d81c408de38d4202fe1ce9d9e5e301d1e67439c9530da94b1e64ee3f	7484d7b0dd80f45e18d726b04752827fe28555cc5c1af0e127948380e6688abf
semantic-proposal-v1	SC1-000df58864306419d8a305059461bd48c0112a375e07e9526f414282fa70af68	S016011	3	P01	SYMBOLS.tsv	347853	status	x86_64	include/uapi/asm-generic/mman-common.h	operative_macro	MADV_DONTNEED	49	PENDING_REVIEW	COMPLETE	COMPLETE	vendor/linux/include/uapi/asm-generic/mman-common.h;vendor/linux/include/uapi/asm-generic/mman-common.h:49;rewrite/configs/x86_64/frozen.config;header_closure=rewrite/metadata/header_closure.tsv;selected=PENDING_REVIEW	425f94c2954b1fe80ebdbf9b29854e89750355df	4563edb3a5513944a156a66f76d7d628dfdffddc165cc4d6787509d2efdd9456	bdaecb42830d77c60765651b0bb6c352a179fc66298ed1c3356bb2f1b69b03da	0123af9e96b58af4e98b91a2de5608d36b63c67864b9041d3340587f3dbe40d2	cfa8dcf0d81c408de38d4202fe1ce9d9e5e301d1e67439c9530da94b1e64ee3f	7484d7b0dd80f45e18d726b04752827fe28555cc5c1af0e127948380e6688abf
semantic-proposal-v1	SC1-099eb77709cf457d3f78d2e974b9927d2187e8c6fc38e76f89bf67b63fa2286f	S016011	3	P01	SYMBOLS.tsv	347854	selection_expression	x86_64	include/uapi/asm-generic/mman-common.h	operative_macro	MADV_FREE	52	PENDING_REVIEW	SOURCE_REVIEWED_VALUE	COMPLETE	vendor/linux/include/uapi/asm-generic/mman-common.h;vendor/linux/include/uapi/asm-generic/mman-common.h:52;rewrite/configs/x86_64/frozen.config;header_closure=rewrite/metadata/header_closure.tsv;selected=PENDING_REVIEW	425f94c2954b1fe80ebdbf9b29854e89750355df	4563edb3a5513944a156a66f76d7d628dfdffddc165cc4d6787509d2efdd9456	bdaecb42830d77c60765651b0bb6c352a179fc66298ed1c3356bb2f1b69b03da	0123af9e96b58af4e98b91a2de5608d36b63c67864b9041d3340587f3dbe40d2	cfa8dcf0d81c408de38d4202fe1ce9d9e5e301d1e67439c9530da94b1e64ee3f	7484d7b0dd80f45e18d726b04752827fe28555cc5c1af0e127948380e6688abf
semantic-proposal-v1	SC1-87af6ba2f5f58ec3dda0464e3e568c0f1138a8cd854a5412912f45d8aa6682b4	S016011	3	P01	SYMBOLS.tsv	347854	status	x86_64	include/uapi/asm-generic/mman-common.h	operative_macro	MADV_FREE	52	PENDING_REVIEW	COMPLETE	COMPLETE	vendor/linux/include/uapi/asm-generic/mman-common.h;vendor/linux/include/uapi/asm-generic/mman-common.h:52;rewrite/configs/x86_64/frozen.config;header_closure=rewrite/metadata/header_closure.tsv;selected=PENDING_REVIEW	425f94c2954b1fe80ebdbf9b29854e89750355df	4563edb3a5513944a156a66f76d7d628dfdffddc165cc4d6787509d2efdd9456	bdaecb42830d77c60765651b0bb6c352a179fc66298ed1c3356bb2f1b69b03da	0123af9e96b58af4e98b91a2de5608d36b63c67864b9041d3340587f3dbe40d2	cfa8dcf0d81c408de38d4202fe1ce9d9e5e301d1e67439c9530da94b1e64ee3f	7484d7b0dd80f45e18d726b04752827fe28555cc5c1af0e127948380e6688abf
semantic-proposal-v1	SC1-b74c970c856f04b1d16ae87245a4c000ca3852c6dda6ae30ab3f0ee9cfb1ef41	S016011	3	P01	SYMBOLS.tsv	347855	selection_expression	x86_64	include/uapi/asm-generic/mman-common.h	operative_macro	MADV_REMOVE	53	PENDING_REVIEW	SOURCE_REVIEWED_VALUE	COMPLETE	vendor/linux/include/uapi/asm-generic/mman-common.h;vendor/linux/include/uapi/asm-generic/mman-common.h:53;rewrite/configs/x86_64/frozen.config;header_closure=rewrite/metadata/header_closure.tsv;selected=PENDING_REVIEW	425f94c2954b1fe80ebdbf9b29854e89750355df	4563edb3a5513944a156a66f76d7d628dfdffddc165cc4d6787509d2efdd9456	bdaecb42830d77c60765651b0bb6c352a179fc66298ed1c3356bb2f1b69b03da	0123af9e96b58af4e98b91a2de5608d36b63c67864b9041d3340587f3dbe40d2	cfa8dcf0d81c408de38d4202fe1ce9d9e5e301d1e67439c9530da94b1e64ee3f	7484d7b0dd80f45e18d726b04752827fe28555cc5c1af0e127948380e6688abf
semantic-proposal-v1	SC1-d688432eecc7765d85174093eea9126f2d6322ff88dd214a578abf4a40671cc0	S016011	3	P01	SYMBOLS.tsv	347855	status	x86_64	include/uapi/asm-generic/mman-common.h	operative_macro	MADV_REMOVE	53	PENDING_REVIEW	COMPLETE	COMPLETE	vendor/linux/include/uapi/asm-generic/mman-common.h;vendor/linux/include/uapi/asm-generic/mman-common.h:53;rewrite/configs/x86_64/frozen.config;header_closure=rewrite/metadata/header_closure.tsv;selected=PENDING_REVIEW	425f94c2954b1fe80ebdbf9b29854e89750355df	4563edb3a5513944a156a66f76d7d628dfdffddc165cc4d6787509d2efdd9456	bdaecb42830d77c60765651b0bb6c352a179fc66298ed1c3356bb2f1b69b03da	0123af9e96b58af4e98b91a2de5608d36b63c67864b9041d3340587f3dbe40d2	cfa8dcf0d81c408de38d4202fe1ce9d9e5e301d1e67439c9530da94b1e64ee3f	7484d7b0dd80f45e18d726b04752827fe28555cc5c1af0e127948380e6688abf
semantic-proposal-v1	SC1-333a7f39e3a3b25f1baebf1f762ed2f8720ff09496649f83c84f2545ece5a37c	S016011	3	P01	SYMBOLS.tsv	347856	selection_expression	x86_64	include/uapi/asm-generic/mman-common.h	operative_macro	MADV_DONTFORK	54	PENDING_REVIEW	SOURCE_REVIEWED_VALUE	COMPLETE	vendor/linux/include/uapi/asm-generic/mman-common.h;vendor/linux/include/uapi/asm-generic/mman-common.h:54;rewrite/configs/x86_64/frozen.config;header_closure=rewrite/metadata/header_closure.tsv;selected=PENDING_REVIEW	425f94c2954b1fe80ebdbf9b29854e89750355df	4563edb3a5513944a156a66f76d7d628dfdffddc165cc4d6787509d2efdd9456	bdaecb42830d77c60765651b0bb6c352a179fc66298ed1c3356bb2f1b69b03da	0123af9e96b58af4e98b91a2de5608d36b63c67864b9041d3340587f3dbe40d2	cfa8dcf0d81c408de38d4202fe1ce9d9e5e301d1e67439c9530da94b1e64ee3f	7484d7b0dd80f45e18d726b04752827fe28555cc5c1af0e127948380e6688abf
semantic-proposal-v1	SC1-d9a4581d2cf6621c758fcfcc39937421be80b03d204f7fa06abd4d15983333c8	S016011	3	P01	SYMBOLS.tsv	347856	status	x86_64	include/uapi/asm-generic/mman-common.h	operative_macro	MADV_DONTFORK	54	PENDING_REVIEW	COMPLETE	COMPLETE	vendor/linux/include/uapi/asm-generic/mman-common.h;vendor/linux/include/uapi/asm-generic/mman-common.h:54;rewrite/configs/x86_64/frozen.config;header_closure=rewrite/metadata/header_closure.tsv;selected=PENDING_REVIEW	425f94c2954b1fe80ebdbf9b29854e89750355df	4563edb3a5513944a156a66f76d7d628dfdffddc165cc4d6787509d2efdd9456	bdaecb42830d77c60765651b0bb6c352a179fc66298ed1c3356bb2f1b69b03da	0123af9e96b58af4e98b91a2de5608d36b63c67864b9041d3340587f3dbe40d2	cfa8dcf0d81c408de38d4202fe1ce9d9e5e301d1e67439c9530da94b1e64ee3f	7484d7b0dd80f45e18d726b04752827fe28555cc5c1af0e127948380e6688abf
semantic-proposal-v1	SC1-ad8629e3df881ea64db68b22eb18187a177e2d2377e71944d03c81339e005129	S016011	3	P01	SYMBOLS.tsv	347857	selection_expression	x86_64	include/uapi/asm-generic/mman-common.h	operative_macro	MADV_DOFORK	55	PENDING_REVIEW	SOURCE_REVIEWED_VALUE	COMPLETE	vendor/linux/include/uapi/asm-generic/mman-common.h;vendor/linux/include/uapi/asm-generic/mman-common.h:55;rewrite/configs/x86_64/frozen.config;header_closure=rewrite/metadata/header_closure.tsv;selected=PENDING_REVIEW	425f94c2954b1fe80ebdbf9b29854e89750355df	4563edb3a5513944a156a66f76d7d628dfdffddc165cc4d6787509d2efdd9456	bdaecb42830d77c60765651b0bb6c352a179fc66298ed1c3356bb2f1b69b03da	0123af9e96b58af4e98b91a2de5608d36b63c67864b9041d3340587f3dbe40d2	cfa8dcf0d81c408de38d4202fe1ce9d9e5e301d1e67439c9530da94b1e64ee3f	7484d7b0dd80f45e18d726b04752827fe28555cc5c1af0e127948380e6688abf
semantic-proposal-v1	SC1-27637d7bf858d2ba507210645f9d01b18b2e333e06022112b7b8aa020d507bec	S016011	3	P01	SYMBOLS.tsv	347857	status	x86_64	include/uapi/asm-generic/mman-common.h	operative_macro	MADV_DOFORK	55	PENDING_REVIEW	COMPLETE	COMPLETE	vendor/linux/include/uapi/asm-generic/mman-common.h;vendor/linux/include/uapi/asm-generic/mman-common.h:55;rewrite/configs/x86_64/frozen.config;header_closure=rewrite/metadata/header_closure.tsv;selected=PENDING_REVIEW	425f94c2954b1fe80ebdbf9b29854e89750355df	4563edb3a5513944a156a66f76d7d628dfdffddc165cc4d6787509d2efdd9456	bdaecb42830d77c60765651b0bb6c352a179fc66298ed1c3356bb2f1b69b03da	0123af9e96b58af4e98b91a2de5608d36b63c67864b9041d3340587f3dbe40d2	cfa8dcf0d81c408de38d4202fe1ce9d9e5e301d1e67439c9530da94b1e64ee3f	7484d7b0dd80f45e18d726b04752827fe28555cc5c1af0e127948380e6688abf
semantic-proposal-v1	SC1-ee976620be2f8d5d04798e103b566740223694fabc0ccc5b18fe84846894cbf6	S016011	3	P01	SYMBOLS.tsv	347858	selection_expression	x86_64	include/uapi/asm-generic/mman-common.h	operative_macro	MADV_HWPOISON	56	PENDING_REVIEW	SOURCE_REVIEWED_VALUE	COMPLETE	vendor/linux/include/uapi/asm-generic/mman-common.h;vendor/linux/include/uapi/asm-generic/mman-common.h:56;rewrite/configs/x86_64/frozen.config;header_closure=rewrite/metadata/header_closure.tsv;selected=PENDING_REVIEW	425f94c2954b1fe80ebdbf9b29854e89750355df	4563edb3a5513944a156a66f76d7d628dfdffddc165cc4d6787509d2efdd9456	bdaecb42830d77c60765651b0bb6c352a179fc66298ed1c3356bb2f1b69b03da	0123af9e96b58af4e98b91a2de5608d36b63c67864b9041d3340587f3dbe40d2	cfa8dcf0d81c408de38d4202fe1ce9d9e5e301d1e67439c9530da94b1e64ee3f	7484d7b0dd80f45e18d726b04752827fe28555cc5c1af0e127948380e6688abf
semantic-proposal-v1	SC1-3b0416c22b1c5ed56d3e9e3dd9d1df1fafa8241f63c10d80cf2206586f7571af	S016011	3	P01	SYMBOLS.tsv	347858	status	x86_64	include/uapi/asm-generic/mman-common.h	operative_macro	MADV_HWPOISON	56	PENDING_REVIEW	COMPLETE	COMPLETE	vendor/linux/include/uapi/asm-generic/mman-common.h;vendor/linux/include/uapi/asm-generic/mman-common.h:56;rewrite/configs/x86_64/frozen.config;header_closure=rewrite/metadata/header_closure.tsv;selected=PENDING_REVIEW	425f94c2954b1fe80ebdbf9b29854e89750355df	4563edb3a5513944a156a66f76d7d628dfdffddc165cc4d6787509d2efdd9456	bdaecb42830d77c60765651b0bb6c352a179fc66298ed1c3356bb2f1b69b03da	0123af9e96b58af4e98b91a2de5608d36b63c67864b9041d3340587f3dbe40d2	cfa8dcf0d81c408de38d4202fe1ce9d9e5e301d1e67439c9530da94b1e64ee3f	7484d7b0dd80f45e18d726b04752827fe28555cc5c1af0e127948380e6688abf
semantic-proposal-v1	SC1-2b24a8025a3b7cce3ab865eb538c86d8704a4afb3aab3f9470fdc3ebe9f3a645	S016011	3	P01	SYMBOLS.tsv	347859	selection_expression	x86_64	include/uapi/asm-generic/mman-common.h	operative_macro	MADV_SOFT_OFFLINE	57	PENDING_REVIEW	SOURCE_REVIEWED_VALUE	COMPLETE	vendor/linux/include/uapi/asm-generic/mman-common.h;vendor/linux/include/uapi/asm-generic/mman-common.h:57;rewrite/configs/x86_64/frozen.config;header_closure=rewrite/metadata/header_closure.tsv;selected=PENDING_REVIEW	425f94c2954b1fe80ebdbf9b29854e89750355df	4563edb3a5513944a156a66f76d7d628dfdffddc165cc4d6787509d2efdd9456	bdaecb42830d77c60765651b0bb6c352a179fc66298ed1c3356bb2f1b69b03da	0123af9e96b58af4e98b91a2de5608d36b63c67864b9041d3340587f3dbe40d2	cfa8dcf0d81c408de38d4202fe1ce9d9e5e301d1e67439c9530da94b1e64ee3f	7484d7b0dd80f45e18d726b04752827fe28555cc5c1af0e127948380e6688abf
semantic-proposal-v1	SC1-fa63088c4ca51b1788ea3a7b68b5c26b38e3d4dd9e0bb6cb5882380e4a8f6f7e	S016011	3	P01	SYMBOLS.tsv	347859	status	x86_64	include/uapi/asm-generic/mman-common.h	operative_macro	MADV_SOFT_OFFLINE	57	PENDING_REVIEW	COMPLETE	COMPLETE	vendor/linux/include/uapi/asm-generic/mman-common.h;vendor/linux/include/uapi/asm-generic/mman-common.h:57;rewrite/configs/x86_64/frozen.config;header_closure=rewrite/metadata/header_closure.tsv;selected=PENDING_REVIEW	425f94c2954b1fe80ebdbf9b29854e89750355df	4563edb3a5513944a156a66f76d7d628dfdffddc165cc4d6787509d2efdd9456	bdaecb42830d77c60765651b0bb6c352a179fc66298ed1c3356bb2f1b69b03da	0123af9e96b58af4e98b91a2de5608d36b63c67864b9041d3340587f3dbe40d2	cfa8dcf0d81c408de38d4202fe1ce9d9e5e301d1e67439c9530da94b1e64ee3f	7484d7b0dd80f45e18d726b04752827fe28555cc5c1af0e127948380e6688abf
semantic-proposal-v1	SC1-34dcc9523664aeffbfa161b4643ddd9ecea9ee3c752940a0d2f01b812092bbf3	S016011	3	P01	SYMBOLS.tsv	347860	selection_expression	x86_64	include/uapi/asm-generic/mman-common.h	operative_macro	MADV_MERGEABLE	59	PENDING_REVIEW	SOURCE_REVIEWED_VALUE	COMPLETE	vendor/linux/include/uapi/asm-generic/mman-common.h;vendor/linux/include/uapi/asm-generic/mman-common.h:59;rewrite/configs/x86_64/frozen.config;header_closure=rewrite/metadata/header_closure.tsv;selected=PENDING_REVIEW	425f94c2954b1fe80ebdbf9b29854e89750355df	4563edb3a5513944a156a66f76d7d628dfdffddc165cc4d6787509d2efdd9456	bdaecb42830d77c60765651b0bb6c352a179fc66298ed1c3356bb2f1b69b03da	0123af9e96b58af4e98b91a2de5608d36b63c67864b9041d3340587f3dbe40d2	cfa8dcf0d81c408de38d4202fe1ce9d9e5e301d1e67439c9530da94b1e64ee3f	7484d7b0dd80f45e18d726b04752827fe28555cc5c1af0e127948380e6688abf
semantic-proposal-v1	SC1-5023523b0b0075cf7d9c614f521509a9c66eafb6b9ff18b2153304567a51c3a0	S016011	3	P01	SYMBOLS.tsv	347860	status	x86_64	include/uapi/asm-generic/mman-common.h	operative_macro	MADV_MERGEABLE	59	PENDING_REVIEW	COMPLETE	COMPLETE	vendor/linux/include/uapi/asm-generic/mman-common.h;vendor/linux/include/uapi/asm-generic/mman-common.h:59;rewrite/configs/x86_64/frozen.config;header_closure=rewrite/metadata/header_closure.tsv;selected=PENDING_REVIEW	425f94c2954b1fe80ebdbf9b29854e89750355df	4563edb3a5513944a156a66f76d7d628dfdffddc165cc4d6787509d2efdd9456	bdaecb42830d77c60765651b0bb6c352a179fc66298ed1c3356bb2f1b69b03da	0123af9e96b58af4e98b91a2de5608d36b63c67864b9041d3340587f3dbe40d2	cfa8dcf0d81c408de38d4202fe1ce9d9e5e301d1e67439c9530da94b1e64ee3f	7484d7b0dd80f45e18d726b04752827fe28555cc5c1af0e127948380e6688abf
semantic-proposal-v1	SC1-9f20d2e59cb83477e834b3df09f683e5e0d663c109f1e7aeb131f447410a352f	S016011	3	P01	SYMBOLS.tsv	347861	selection_expression	x86_64	include/uapi/asm-generic/mman-common.h	operative_macro	MADV_UNMERGEABLE	60	PENDING_REVIEW	SOURCE_REVIEWED_VALUE	COMPLETE	vendor/linux/include/uapi/asm-generic/mman-common.h;vendor/linux/include/uapi/asm-generic/mman-common.h:60;rewrite/configs/x86_64/frozen.config;header_closure=rewrite/metadata/header_closure.tsv;selected=PENDING_REVIEW	425f94c2954b1fe80ebdbf9b29854e89750355df	4563edb3a5513944a156a66f76d7d628dfdffddc165cc4d6787509d2efdd9456	bdaecb42830d77c60765651b0bb6c352a179fc66298ed1c3356bb2f1b69b03da	0123af9e96b58af4e98b91a2de5608d36b63c67864b9041d3340587f3dbe40d2	cfa8dcf0d81c408de38d4202fe1ce9d9e5e301d1e67439c9530da94b1e64ee3f	7484d7b0dd80f45e18d726b04752827fe28555cc5c1af0e127948380e6688abf
semantic-proposal-v1	SC1-47e7a8b0a7511ea4a2a84697703b6eabeccc22764244d0d4cd2b7b4ffcb748d5	S016011	3	P01	SYMBOLS.tsv	347861	status	x86_64	include/uapi/asm-generic/mman-common.h	operative_macro	MADV_UNMERGEABLE	60	PENDING_REVIEW	COMPLETE	COMPLETE	vendor/linux/include/uapi/asm-generic/mman-common.h;vendor/linux/include/uapi/asm-generic/mman-common.h:60;rewrite/configs/x86_64/frozen.config;header_closure=rewrite/metadata/header_closure.tsv;selected=PENDING_REVIEW	425f94c2954b1fe80ebdbf9b29854e89750355df	4563edb3a5513944a156a66f76d7d628dfdffddc165cc4d6787509d2efdd9456	bdaecb42830d77c60765651b0bb6c352a179fc66298ed1c3356bb2f1b69b03da	0123af9e96b58af4e98b91a2de5608d36b63c67864b9041d3340587f3dbe40d2	cfa8dcf0d81c408de38d4202fe1ce9d9e5e301d1e67439c9530da94b1e64ee3f	7484d7b0dd80f45e18d726b04752827fe28555cc5c1af0e127948380e6688abf
semantic-proposal-v1	SC1-998b17d34a65d536884783fe39ede2938fb9cbe28c267f347731a0f338fd3c78	S016011	3	P01	SYMBOLS.tsv	347862	selection_expression	x86_64	include/uapi/asm-generic/mman-common.h	operative_macro	MADV_HUGEPAGE	62	PENDING_REVIEW	SOURCE_REVIEWED_VALUE	COMPLETE	vendor/linux/include/uapi/asm-generic/mman-common.h;vendor/linux/include/uapi/asm-generic/mman-common.h:62;rewrite/configs/x86_64/frozen.config;header_closure=rewrite/metadata/header_closure.tsv;selected=PENDING_REVIEW	425f94c2954b1fe80ebdbf9b29854e89750355df	4563edb3a5513944a156a66f76d7d628dfdffddc165cc4d6787509d2efdd9456	bdaecb42830d77c60765651b0bb6c352a179fc66298ed1c3356bb2f1b69b03da	0123af9e96b58af4e98b91a2de5608d36b63c67864b9041d3340587f3dbe40d2	cfa8dcf0d81c408de38d4202fe1ce9d9e5e301d1e67439c9530da94b1e64ee3f	7484d7b0dd80f45e18d726b04752827fe28555cc5c1af0e127948380e6688abf
semantic-proposal-v1	SC1-3ac17ca8a878b3ee1f47fb8f5e34c35c3143abdc6a77f5bc844a019caa8ff451	S016011	3	P01	SYMBOLS.tsv	347862	status	x86_64	include/uapi/asm-generic/mman-common.h	operative_macro	MADV_HUGEPAGE	62	PENDING_REVIEW	COMPLETE	COMPLETE	vendor/linux/include/uapi/asm-generic/mman-common.h;vendor/linux/include/uapi/asm-generic/mman-common.h:62;rewrite/configs/x86_64/frozen.config;header_closure=rewrite/metadata/header_closure.tsv;selected=PENDING_REVIEW	425f94c2954b1fe80ebdbf9b29854e89750355df	4563edb3a5513944a156a66f76d7d628dfdffddc165cc4d6787509d2efdd9456	bdaecb42830d77c60765651b0bb6c352a179fc66298ed1c3356bb2f1b69b03da	0123af9e96b58af4e98b91a2de5608d36b63c67864b9041d3340587f3dbe40d2	cfa8dcf0d81c408de38d4202fe1ce9d9e5e301d1e67439c9530da94b1e64ee3f	7484d7b0dd80f45e18d726b04752827fe28555cc5c1af0e127948380e6688abf
semantic-proposal-v1	SC1-75099d66f661ce6ebd161921d4fa3978559448aed7debe4bd32dbbfa62e0afb7	S016011	3	P01	SYMBOLS.tsv	347863	selection_expression	x86_64	include/uapi/asm-generic/mman-common.h	operative_macro	MADV_NOHUGEPAGE	63	PENDING_REVIEW	SOURCE_REVIEWED_VALUE	COMPLETE	vendor/linux/include/uapi/asm-generic/mman-common.h;vendor/linux/include/uapi/asm-generic/mman-common.h:63;rewrite/configs/x86_64/frozen.config;header_closure=rewrite/metadata/header_closure.tsv;selected=PENDING_REVIEW	425f94c2954b1fe80ebdbf9b29854e89750355df	4563edb3a5513944a156a66f76d7d628dfdffddc165cc4d6787509d2efdd9456	bdaecb42830d77c60765651b0bb6c352a179fc66298ed1c3356bb2f1b69b03da	0123af9e96b58af4e98b91a2de5608d36b63c67864b9041d3340587f3dbe40d2	cfa8dcf0d81c408de38d4202fe1ce9d9e5e301d1e67439c9530da94b1e64ee3f	7484d7b0dd80f45e18d726b04752827fe28555cc5c1af0e127948380e6688abf
semantic-proposal-v1	SC1-aafa81643326ede24af32eb7eb0393acf7a3461ddd250d7f6399a26108c4ff1b	S016011	3	P01	SYMBOLS.tsv	347863	status	x86_64	include/uapi/asm-generic/mman-common.h	operative_macro	MADV_NOHUGEPAGE	63	PENDING_REVIEW	COMPLETE	COMPLETE	vendor/linux/include/uapi/asm-generic/mman-common.h;vendor/linux/include/uapi/asm-generic/mman-common.h:63;rewrite/configs/x86_64/frozen.config;header_closure=rewrite/metadata/header_closure.tsv;selected=PENDING_REVIEW	425f94c2954b1fe80ebdbf9b29854e89750355df	4563edb3a5513944a156a66f76d7d628dfdffddc165cc4d6787509d2efdd9456	bdaecb42830d77c60765651b0bb6c352a179fc66298ed1c3356bb2f1b69b03da	0123af9e96b58af4e98b91a2de5608d36b63c67864b9041d3340587f3dbe40d2	cfa8dcf0d81c408de38d4202fe1ce9d9e5e301d1e67439c9530da94b1e64ee3f	7484d7b0dd80f45e18d726b04752827fe28555cc5c1af0e127948380e6688abf
semantic-proposal-v1	SC1-7e76b7bdd51e790b359e6a9682a7c9d824f6a0fa49ed0b5e4b2acd8693bc753a	S016011	3	P01	SYMBOLS.tsv	347864	selection_expression	x86_64	include/uapi/asm-generic/mman-common.h	operative_macro	MADV_DONTDUMP	65	PENDING_REVIEW	SOURCE_REVIEWED_VALUE	COMPLETE	vendor/linux/include/uapi/asm-generic/mman-common.h;vendor/linux/include/uapi/asm-generic/mman-common.h:65;rewrite/configs/x86_64/frozen.config;header_closure=rewrite/metadata/header_closure.tsv;selected=PENDING_REVIEW	425f94c2954b1fe80ebdbf9b29854e89750355df	4563edb3a5513944a156a66f76d7d628dfdffddc165cc4d6787509d2efdd9456	bdaecb42830d77c60765651b0bb6c352a179fc66298ed1c3356bb2f1b69b03da	0123af9e96b58af4e98b91a2de5608d36b63c67864b9041d3340587f3dbe40d2	cfa8dcf0d81c408de38d4202fe1ce9d9e5e301d1e67439c9530da94b1e64ee3f	7484d7b0dd80f45e18d726b04752827fe28555cc5c1af0e127948380e6688abf
semantic-proposal-v1	SC1-7d817a5037a5425e932129d632f19cd47d59e4773fb1729d14970e8401e8d925	S016011	3	P01	SYMBOLS.tsv	347864	status	x86_64	include/uapi/asm-generic/mman-common.h	operative_macro	MADV_DONTDUMP	65	PENDING_REVIEW	COMPLETE	COMPLETE	vendor/linux/include/uapi/asm-generic/mman-common.h;vendor/linux/include/uapi/asm-generic/mman-common.h:65;rewrite/configs/x86_64/frozen.config;header_closure=rewrite/metadata/header_closure.tsv;selected=PENDING_REVIEW	425f94c2954b1fe80ebdbf9b29854e89750355df	4563edb3a5513944a156a66f76d7d628dfdffddc165cc4d6787509d2efdd9456	bdaecb42830d77c60765651b0bb6c352a179fc66298ed1c3356bb2f1b69b03da	0123af9e96b58af4e98b91a2de5608d36b63c67864b9041d3340587f3dbe40d2	cfa8dcf0d81c408de38d4202fe1ce9d9e5e301d1e67439c9530da94b1e64ee3f	7484d7b0dd80f45e18d726b04752827fe28555cc5c1af0e127948380e6688abf
semantic-proposal-v1	SC1-0be6309847b4db92b00409f0cba3e9df6f15b819c1e13d1ccbd29982f89463aa	S016011	3	P01	SYMBOLS.tsv	347865	selection_expression	x86_64	include/uapi/asm-generic/mman-common.h	operative_macro	MADV_DODUMP	67	PENDING_REVIEW	SOURCE_REVIEWED_VALUE	COMPLETE	vendor/linux/include/uapi/asm-generic/mman-common.h;vendor/linux/include/uapi/asm-generic/mman-common.h:67;rewrite/configs/x86_64/frozen.config;header_closure=rewrite/metadata/header_closure.tsv;selected=PENDING_REVIEW	425f94c2954b1fe80ebdbf9b29854e89750355df	4563edb3a5513944a156a66f76d7d628dfdffddc165cc4d6787509d2efdd9456	bdaecb42830d77c60765651b0bb6c352a179fc66298ed1c3356bb2f1b69b03da	0123af9e96b58af4e98b91a2de5608d36b63c67864b9041d3340587f3dbe40d2	cfa8dcf0d81c408de38d4202fe1ce9d9e5e301d1e67439c9530da94b1e64ee3f	7484d7b0dd80f45e18d726b04752827fe28555cc5c1af0e127948380e6688abf
semantic-proposal-v1	SC1-21bdcc8ab0c4ec2ae835e8b6908263a09c289eab6c2d068a85281f137f5a4802	S016011	3	P01	SYMBOLS.tsv	347865	status	x86_64	include/uapi/asm-generic/mman-common.h	operative_macro	MADV_DODUMP	67	PENDING_REVIEW	COMPLETE	COMPLETE	vendor/linux/include/uapi/asm-generic/mman-common.h;vendor/linux/include/uapi/asm-generic/mman-common.h:67;rewrite/configs/x86_64/frozen.config;header_closure=rewrite/metadata/header_closure.tsv;selected=PENDING_REVIEW	425f94c2954b1fe80ebdbf9b29854e89750355df	4563edb3a5513944a156a66f76d7d628dfdffddc165cc4d6787509d2efdd9456	bdaecb42830d77c60765651b0bb6c352a179fc66298ed1c3356bb2f1b69b03da	0123af9e96b58af4e98b91a2de5608d36b63c67864b9041d3340587f3dbe40d2	cfa8dcf0d81c408de38d4202fe1ce9d9e5e301d1e67439c9530da94b1e64ee3f	7484d7b0dd80f45e18d726b04752827fe28555cc5c1af0e127948380e6688abf
semantic-proposal-v1	SC1-d607c2fd8e00ec3885b58da665ec087dfc7aae71897bbcc150ac0afb16038eff	S016011	3	P01	SYMBOLS.tsv	347866	selection_expression	x86_64	include/uapi/asm-generic/mman-common.h	operative_macro	MADV_WIPEONFORK	69	PENDING_REVIEW	SOURCE_REVIEWED_VALUE	COMPLETE	vendor/linux/include/uapi/asm-generic/mman-common.h;vendor/linux/include/uapi/asm-generic/mman-common.h:69;rewrite/configs/x86_64/frozen.config;header_closure=rewrite/metadata/header_closure.tsv;selected=PENDING_REVIEW	425f94c2954b1fe80ebdbf9b29854e89750355df	4563edb3a5513944a156a66f76d7d628dfdffddc165cc4d6787509d2efdd9456	bdaecb42830d77c60765651b0bb6c352a179fc66298ed1c3356bb2f1b69b03da	0123af9e96b58af4e98b91a2de5608d36b63c67864b9041d3340587f3dbe40d2	cfa8dcf0d81c408de38d4202fe1ce9d9e5e301d1e67439c9530da94b1e64ee3f	7484d7b0dd80f45e18d726b04752827fe28555cc5c1af0e127948380e6688abf
semantic-proposal-v1	SC1-adb20bb9882f33118366d2587d7ad5ab43ed99fb65036090f4072ed72158f5d3	S016011	3	P01	SYMBOLS.tsv	347866	status	x86_64	include/uapi/asm-generic/mman-common.h	operative_macro	MADV_WIPEONFORK	69	PENDING_REVIEW	COMPLETE	COMPLETE	vendor/linux/include/uapi/asm-generic/mman-common.h;vendor/linux/include/uapi/asm-generic/mman-common.h:69;rewrite/configs/x86_64/frozen.config;header_closure=rewrite/metadata/header_closure.tsv;selected=PENDING_REVIEW	425f94c2954b1fe80ebdbf9b29854e89750355df	4563edb3a5513944a156a66f76d7d628dfdffddc165cc4d6787509d2efdd9456	bdaecb42830d77c60765651b0bb6c352a179fc66298ed1c3356bb2f1b69b03da	0123af9e96b58af4e98b91a2de5608d36b63c67864b9041d3340587f3dbe40d2	cfa8dcf0d81c408de38d4202fe1ce9d9e5e301d1e67439c9530da94b1e64ee3f	7484d7b0dd80f45e18d726b04752827fe28555cc5c1af0e127948380e6688abf
semantic-proposal-v1	SC1-fee07b5201f2d72bd09971a0c0b6331c332246a3e89927ecf91516b9bf653cd6	S016011	3	P01	SYMBOLS.tsv	347867	selection_expression	x86_64	include/uapi/asm-generic/mman-common.h	operative_macro	MADV_KEEPONFORK	70	PENDING_REVIEW	SOURCE_REVIEWED_VALUE	COMPLETE	vendor/linux/include/uapi/asm-generic/mman-common.h;vendor/linux/include/uapi/asm-generic/mman-common.h:70;rewrite/configs/x86_64/frozen.config;header_closure=rewrite/metadata/header_closure.tsv;selected=PENDING_REVIEW	425f94c2954b1fe80ebdbf9b29854e89750355df	4563edb3a5513944a156a66f76d7d628dfdffddc165cc4d6787509d2efdd9456	bdaecb42830d77c60765651b0bb6c352a179fc66298ed1c3356bb2f1b69b03da	0123af9e96b58af4e98b91a2de5608d36b63c67864b9041d3340587f3dbe40d2	cfa8dcf0d81c408de38d4202fe1ce9d9e5e301d1e67439c9530da94b1e64ee3f	7484d7b0dd80f45e18d726b04752827fe28555cc5c1af0e127948380e6688abf
semantic-proposal-v1	SC1-999d77ad554a5305bee89f50cce2294372189472f63e46e986b82a1752b63d47	S016011	3	P01	SYMBOLS.tsv	347867	status	x86_64	include/uapi/asm-generic/mman-common.h	operative_macro	MADV_KEEPONFORK	70	PENDING_REVIEW	COMPLETE	COMPLETE	vendor/linux/include/uapi/asm-generic/mman-common.h;vendor/linux/include/uapi/asm-generic/mman-common.h:70;rewrite/configs/x86_64/frozen.config;header_closure=rewrite/metadata/header_closure.tsv;selected=PENDING_REVIEW	425f94c2954b1fe80ebdbf9b29854e89750355df	4563edb3a5513944a156a66f76d7d628dfdffddc165cc4d6787509d2efdd9456	bdaecb42830d77c60765651b0bb6c352a179fc66298ed1c3356bb2f1b69b03da	0123af9e96b58af4e98b91a2de5608d36b63c67864b9041d3340587f3dbe40d2	cfa8dcf0d81c408de38d4202fe1ce9d9e5e301d1e67439c9530da94b1e64ee3f	7484d7b0dd80f45e18d726b04752827fe28555cc5c1af0e127948380e6688abf
semantic-proposal-v1	SC1-6d552f55873a120d85de93502fc34ef0e68d55d99fd951cff90186811940307d	S016011	3	P01	SYMBOLS.tsv	347868	selection_expression	x86_64	include/uapi/asm-generic/mman-common.h	operative_macro	MADV_COLD	72	PENDING_REVIEW	SOURCE_REVIEWED_VALUE	COMPLETE	vendor/linux/include/uapi/asm-generic/mman-common.h;vendor/linux/include/uapi/asm-generic/mman-common.h:72;rewrite/configs/x86_64/frozen.config;header_closure=rewrite/metadata/header_closure.tsv;selected=PENDING_REVIEW	425f94c2954b1fe80ebdbf9b29854e89750355df	4563edb3a5513944a156a66f76d7d628dfdffddc165cc4d6787509d2efdd9456	bdaecb42830d77c60765651b0bb6c352a179fc66298ed1c3356bb2f1b69b03da	0123af9e96b58af4e98b91a2de5608d36b63c67864b9041d3340587f3dbe40d2	cfa8dcf0d81c408de38d4202fe1ce9d9e5e301d1e67439c9530da94b1e64ee3f	7484d7b0dd80f45e18d726b04752827fe28555cc5c1af0e127948380e6688abf
semantic-proposal-v1	SC1-c5f1212ad886f908f5653bc7e7713960587943f437e83a17d2afcd0c7cead434	S016011	3	P01	SYMBOLS.tsv	347868	status	x86_64	include/uapi/asm-generic/mman-common.h	operative_macro	MADV_COLD	72	PENDING_REVIEW	COMPLETE	COMPLETE	vendor/linux/include/uapi/asm-generic/mman-common.h;vendor/linux/include/uapi/asm-generic/mman-common.h:72;rewrite/configs/x86_64/frozen.config;header_closure=rewrite/metadata/header_closure.tsv;selected=PENDING_REVIEW	425f94c2954b1fe80ebdbf9b29854e89750355df	4563edb3a5513944a156a66f76d7d628dfdffddc165cc4d6787509d2efdd9456	bdaecb42830d77c60765651b0bb6c352a179fc66298ed1c3356bb2f1b69b03da	0123af9e96b58af4e98b91a2de5608d36b63c67864b9041d3340587f3dbe40d2	cfa8dcf0d81c408de38d4202fe1ce9d9e5e301d1e67439c9530da94b1e64ee3f	7484d7b0dd80f45e18d726b04752827fe28555cc5c1af0e127948380e6688abf
semantic-proposal-v1	SC1-44d88f378b14c61f579e2a282bcf04e59ce9686f2ae6ac4e83544e4a5a175304	S016011	3	P01	SYMBOLS.tsv	347869	selection_expression	x86_64	include/uapi/asm-generic/mman-common.h	operative_macro	MADV_PAGEOUT	73	PENDING_REVIEW	SOURCE_REVIEWED_VALUE	COMPLETE	vendor/linux/include/uapi/asm-generic/mman-common.h;vendor/linux/include/uapi/asm-generic/mman-common.h:73;rewrite/configs/x86_64/frozen.config;header_closure=rewrite/metadata/header_closure.tsv;selected=PENDING_REVIEW	425f94c2954b1fe80ebdbf9b29854e89750355df	4563edb3a5513944a156a66f76d7d628dfdffddc165cc4d6787509d2efdd9456	bdaecb42830d77c60765651b0bb6c352a179fc66298ed1c3356bb2f1b69b03da	0123af9e96b58af4e98b91a2de5608d36b63c67864b9041d3340587f3dbe40d2	cfa8dcf0d81c408de38d4202fe1ce9d9e5e301d1e67439c9530da94b1e64ee3f	7484d7b0dd80f45e18d726b04752827fe28555cc5c1af0e127948380e6688abf
semantic-proposal-v1	SC1-09af645181b254de08f1fa6601e5fbe405f71bac1361bbac540649fb7af1a120	S016011	3	P01	SYMBOLS.tsv	347869	status	x86_64	include/uapi/asm-generic/mman-common.h	operative_macro	MADV_PAGEOUT	73	PENDING_REVIEW	COMPLETE	COMPLETE	vendor/linux/include/uapi/asm-generic/mman-common.h;vendor/linux/include/uapi/asm-generic/mman-common.h:73;rewrite/configs/x86_64/frozen.config;header_closure=rewrite/metadata/header_closure.tsv;selected=PENDING_REVIEW	425f94c2954b1fe80ebdbf9b29854e89750355df	4563edb3a5513944a156a66f76d7d628dfdffddc165cc4d6787509d2efdd9456	bdaecb42830d77c60765651b0bb6c352a179fc66298ed1c3356bb2f1b69b03da	0123af9e96b58af4e98b91a2de5608d36b63c67864b9041d3340587f3dbe40d2	cfa8dcf0d81c408de38d4202fe1ce9d9e5e301d1e67439c9530da94b1e64ee3f	7484d7b0dd80f45e18d726b04752827fe28555cc5c1af0e127948380e6688abf
semantic-proposal-v1	SC1-41ea2329ee8dfbad301102134bfa32642b8329c0cc64846e59d6b139fd3a6bca	S016011	3	P01	SYMBOLS.tsv	347870	selection_expression	x86_64	include/uapi/asm-generic/mman-common.h	operative_macro	MADV_POPULATE_READ	75	PENDING_REVIEW	SOURCE_REVIEWED_VALUE	COMPLETE	vendor/linux/include/uapi/asm-generic/mman-common.h;vendor/linux/include/uapi/asm-generic/mman-common.h:75;rewrite/configs/x86_64/frozen.config;header_closure=rewrite/metadata/header_closure.tsv;selected=PENDING_REVIEW	425f94c2954b1fe80ebdbf9b29854e89750355df	4563edb3a5513944a156a66f76d7d628dfdffddc165cc4d6787509d2efdd9456	bdaecb42830d77c60765651b0bb6c352a179fc66298ed1c3356bb2f1b69b03da	0123af9e96b58af4e98b91a2de5608d36b63c67864b9041d3340587f3dbe40d2	cfa8dcf0d81c408de38d4202fe1ce9d9e5e301d1e67439c9530da94b1e64ee3f	7484d7b0dd80f45e18d726b04752827fe28555cc5c1af0e127948380e6688abf
semantic-proposal-v1	SC1-7f901d061d31ae51e925ea17914f1dcdaf7fb775d504f1984aa0b61283425542	S016011	3	P01	SYMBOLS.tsv	347870	status	x86_64	include/uapi/asm-generic/mman-common.h	operative_macro	MADV_POPULATE_READ	75	PENDING_REVIEW	COMPLETE	COMPLETE	vendor/linux/include/uapi/asm-generic/mman-common.h;vendor/linux/include/uapi/asm-generic/mman-common.h:75;rewrite/configs/x86_64/frozen.config;header_closure=rewrite/metadata/header_closure.tsv;selected=PENDING_REVIEW	425f94c2954b1fe80ebdbf9b29854e89750355df	4563edb3a5513944a156a66f76d7d628dfdffddc165cc4d6787509d2efdd9456	bdaecb42830d77c60765651b0bb6c352a179fc66298ed1c3356bb2f1b69b03da	0123af9e96b58af4e98b91a2de5608d36b63c67864b9041d3340587f3dbe40d2	cfa8dcf0d81c408de38d4202fe1ce9d9e5e301d1e67439c9530da94b1e64ee3f	7484d7b0dd80f45e18d726b04752827fe28555cc5c1af0e127948380e6688abf
semantic-proposal-v1	SC1-c42581589fe22ea90b3ae54b4a62acd958b8b181ac6c40e882a49259f63fcdc5	S016011	3	P01	SYMBOLS.tsv	347871	selection_expression	x86_64	include/uapi/asm-generic/mman-common.h	operative_macro	MADV_POPULATE_WRITE	76	PENDING_REVIEW	SOURCE_REVIEWED_VALUE	COMPLETE	vendor/linux/include/uapi/asm-generic/mman-common.h;vendor/linux/include/uapi/asm-generic/mman-common.h:76;rewrite/configs/x86_64/frozen.config;header_closure=rewrite/metadata/header_closure.tsv;selected=PENDING_REVIEW	425f94c2954b1fe80ebdbf9b29854e89750355df	4563edb3a5513944a156a66f76d7d628dfdffddc165cc4d6787509d2efdd9456	bdaecb42830d77c60765651b0bb6c352a179fc66298ed1c3356bb2f1b69b03da	0123af9e96b58af4e98b91a2de5608d36b63c67864b9041d3340587f3dbe40d2	cfa8dcf0d81c408de38d4202fe1ce9d9e5e301d1e67439c9530da94b1e64ee3f	7484d7b0dd80f45e18d726b04752827fe28555cc5c1af0e127948380e6688abf
semantic-proposal-v1	SC1-96faab419cfc6498440cca0b0ca1d5cf1a8c696a91e7e4510885f90771142ea3	S016011	3	P01	SYMBOLS.tsv	347871	status	x86_64	include/uapi/asm-generic/mman-common.h	operative_macro	MADV_POPULATE_WRITE	76	PENDING_REVIEW	COMPLETE	COMPLETE	vendor/linux/include/uapi/asm-generic/mman-common.h;vendor/linux/include/uapi/asm-generic/mman-common.h:76;rewrite/configs/x86_64/frozen.config;header_closure=rewrite/metadata/header_closure.tsv;selected=PENDING_REVIEW	425f94c2954b1fe80ebdbf9b29854e89750355df	4563edb3a5513944a156a66f76d7d628dfdffddc165cc4d6787509d2efdd9456	bdaecb42830d77c60765651b0bb6c352a179fc66298ed1c3356bb2f1b69b03da	0123af9e96b58af4e98b91a2de5608d36b63c67864b9041d3340587f3dbe40d2	cfa8dcf0d81c408de38d4202fe1ce9d9e5e301d1e67439c9530da94b1e64ee3f	7484d7b0dd80f45e18d726b04752827fe28555cc5c1af0e127948380e6688abf
semantic-proposal-v1	SC1-23988f0e94980021dd8d5b5b21e78c7a062bcd56e0622a7a8ce7acc1912af7f1	S016011	3	P01	SYMBOLS.tsv	347872	selection_expression	x86_64	include/uapi/asm-generic/mman-common.h	operative_macro	MADV_DONTNEED_LOCKED	78	PENDING_REVIEW	SOURCE_REVIEWED_VALUE	COMPLETE	vendor/linux/include/uapi/asm-generic/mman-common.h;vendor/linux/include/uapi/asm-generic/mman-common.h:78;rewrite/configs/x86_64/frozen.config;header_closure=rewrite/metadata/header_closure.tsv;selected=PENDING_REVIEW	425f94c2954b1fe80ebdbf9b29854e89750355df	4563edb3a5513944a156a66f76d7d628dfdffddc165cc4d6787509d2efdd9456	bdaecb42830d77c60765651b0bb6c352a179fc66298ed1c3356bb2f1b69b03da	0123af9e96b58af4e98b91a2de5608d36b63c67864b9041d3340587f3dbe40d2	cfa8dcf0d81c408de38d4202fe1ce9d9e5e301d1e67439c9530da94b1e64ee3f	7484d7b0dd80f45e18d726b04752827fe28555cc5c1af0e127948380e6688abf
semantic-proposal-v1	SC1-9a1e8d165d266b552c19061997ce97ec367592526eaada14bdbf64fec7cb81fa	S016011	3	P01	SYMBOLS.tsv	347872	status	x86_64	include/uapi/asm-generic/mman-common.h	operative_macro	MADV_DONTNEED_LOCKED	78	PENDING_REVIEW	COMPLETE	COMPLETE	vendor/linux/include/uapi/asm-generic/mman-common.h;vendor/linux/include/uapi/asm-generic/mman-common.h:78;rewrite/configs/x86_64/frozen.config;header_closure=rewrite/metadata/header_closure.tsv;selected=PENDING_REVIEW	425f94c2954b1fe80ebdbf9b29854e89750355df	4563edb3a5513944a156a66f76d7d628dfdffddc165cc4d6787509d2efdd9456	bdaecb42830d77c60765651b0bb6c352a179fc66298ed1c3356bb2f1b69b03da	0123af9e96b58af4e98b91a2de5608d36b63c67864b9041d3340587f3dbe40d2	cfa8dcf0d81c408de38d4202fe1ce9d9e5e301d1e67439c9530da94b1e64ee3f	7484d7b0dd80f45e18d726b04752827fe28555cc5c1af0e127948380e6688abf
semantic-proposal-v1	SC1-5a01d60f88f60078afdb7794476c0444182ece85cfb919bf90daec367be2c6a6	S016011	3	P01	SYMBOLS.tsv	347873	selection_expression	x86_64	include/uapi/asm-generic/mman-common.h	operative_macro	MADV_COLLAPSE	80	PENDING_REVIEW	SOURCE_REVIEWED_VALUE	COMPLETE	vendor/linux/include/uapi/asm-generic/mman-common.h;vendor/linux/include/uapi/asm-generic/mman-common.h:80;rewrite/configs/x86_64/frozen.config;header_closure=rewrite/metadata/header_closure.tsv;selected=PENDING_REVIEW	425f94c2954b1fe80ebdbf9b29854e89750355df	4563edb3a5513944a156a66f76d7d628dfdffddc165cc4d6787509d2efdd9456	bdaecb42830d77c60765651b0bb6c352a179fc66298ed1c3356bb2f1b69b03da	0123af9e96b58af4e98b91a2de5608d36b63c67864b9041d3340587f3dbe40d2	cfa8dcf0d81c408de38d4202fe1ce9d9e5e301d1e67439c9530da94b1e64ee3f	7484d7b0dd80f45e18d726b04752827fe28555cc5c1af0e127948380e6688abf
semantic-proposal-v1	SC1-970c0135e1a9422208a494db86130d7aebf27931ed11299bac694a5d14364902	S016011	3	P01	SYMBOLS.tsv	347873	status	x86_64	include/uapi/asm-generic/mman-common.h	operative_macro	MADV_COLLAPSE	80	PENDING_REVIEW	COMPLETE	COMPLETE	vendor/linux/include/uapi/asm-generic/mman-common.h;vendor/linux/include/uapi/asm-generic/mman-common.h:80;rewrite/configs/x86_64/frozen.config;header_closure=rewrite/metadata/header_closure.tsv;selected=PENDING_REVIEW	425f94c2954b1fe80ebdbf9b29854e89750355df	4563edb3a5513944a156a66f76d7d628dfdffddc165cc4d6787509d2efdd9456	bdaecb42830d77c60765651b0bb6c352a179fc66298ed1c3356bb2f1b69b03da	0123af9e96b58af4e98b91a2de5608d36b63c67864b9041d3340587f3dbe40d2	cfa8dcf0d81c408de38d4202fe1ce9d9e5e301d1e67439c9530da94b1e64ee3f	7484d7b0dd80f45e18d726b04752827fe28555cc5c1af0e127948380e6688abf
semantic-proposal-v1	SC1-0dd0386e8288f20e7d49218b40189753e3d5b0b6d25e14a7042e0aa944306afe	S016011	3	P01	SYMBOLS.tsv	347874	selection_expression	x86_64	include/uapi/asm-generic/mman-common.h	operative_macro	MADV_GUARD_INSTALL	82	PENDING_REVIEW	SOURCE_REVIEWED_VALUE	COMPLETE	vendor/linux/include/uapi/asm-generic/mman-common.h;vendor/linux/include/uapi/asm-generic/mman-common.h:82;rewrite/configs/x86_64/frozen.config;header_closure=rewrite/metadata/header_closure.tsv;selected=PENDING_REVIEW	425f94c2954b1fe80ebdbf9b29854e89750355df	4563edb3a5513944a156a66f76d7d628dfdffddc165cc4d6787509d2efdd9456	bdaecb42830d77c60765651b0bb6c352a179fc66298ed1c3356bb2f1b69b03da	0123af9e96b58af4e98b91a2de5608d36b63c67864b9041d3340587f3dbe40d2	cfa8dcf0d81c408de38d4202fe1ce9d9e5e301d1e67439c9530da94b1e64ee3f	7484d7b0dd80f45e18d726b04752827fe28555cc5c1af0e127948380e6688abf
semantic-proposal-v1	SC1-e8aa92284dd687bdf45242c1bfcce2aa3032e425c556e8185731037b4a89d03b	S016011	3	P01	SYMBOLS.tsv	347874	status	x86_64	include/uapi/asm-generic/mman-common.h	operative_macro	MADV_GUARD_INSTALL	82	PENDING_REVIEW	COMPLETE	COMPLETE	vendor/linux/include/uapi/asm-generic/mman-common.h;vendor/linux/include/uapi/asm-generic/mman-common.h:82;rewrite/configs/x86_64/frozen.config;header_closure=rewrite/metadata/header_closure.tsv;selected=PENDING_REVIEW	425f94c2954b1fe80ebdbf9b29854e89750355df	4563edb3a5513944a156a66f76d7d628dfdffddc165cc4d6787509d2efdd9456	bdaecb42830d77c60765651b0bb6c352a179fc66298ed1c3356bb2f1b69b03da	0123af9e96b58af4e98b91a2de5608d36b63c67864b9041d3340587f3dbe40d2	cfa8dcf0d81c408de38d4202fe1ce9d9e5e301d1e67439c9530da94b1e64ee3f	7484d7b0dd80f45e18d726b04752827fe28555cc5c1af0e127948380e6688abf
semantic-proposal-v1	SC1-f1430a10ea0eeb3832222285e1898f01f80ae8077002385aab412f884ee6bf90	S016011	3	P01	SYMBOLS.tsv	347875	selection_expression	x86_64	include/uapi/asm-generic/mman-common.h	operative_macro	MADV_GUARD_REMOVE	83	PENDING_REVIEW	SOURCE_REVIEWED_VALUE	COMPLETE	vendor/linux/include/uapi/asm-generic/mman-common.h;vendor/linux/include/uapi/asm-generic/mman-common.h:83;rewrite/configs/x86_64/frozen.config;header_closure=rewrite/metadata/header_closure.tsv;selected=PENDING_REVIEW	425f94c2954b1fe80ebdbf9b29854e89750355df	4563edb3a5513944a156a66f76d7d628dfdffddc165cc4d6787509d2efdd9456	bdaecb42830d77c60765651b0bb6c352a179fc66298ed1c3356bb2f1b69b03da	0123af9e96b58af4e98b91a2de5608d36b63c67864b9041d3340587f3dbe40d2	cfa8dcf0d81c408de38d4202fe1ce9d9e5e301d1e67439c9530da94b1e64ee3f	7484d7b0dd80f45e18d726b04752827fe28555cc5c1af0e127948380e6688abf
semantic-proposal-v1	SC1-4e2a3a0fff5789c5090a9dd70bd7c729add877a3478955568d74b9246d4dcbc5	S016011	3	P01	SYMBOLS.tsv	347875	status	x86_64	include/uapi/asm-generic/mman-common.h	operative_macro	MADV_GUARD_REMOVE	83	PENDING_REVIEW	COMPLETE	COMPLETE	vendor/linux/include/uapi/asm-generic/mman-common.h;vendor/linux/include/uapi/asm-generic/mman-common.h:83;rewrite/configs/x86_64/frozen.config;header_closure=rewrite/metadata/header_closure.tsv;selected=PENDING_REVIEW	425f94c2954b1fe80ebdbf9b29854e89750355df	4563edb3a5513944a156a66f76d7d628dfdffddc165cc4d6787509d2efdd9456	bdaecb42830d77c60765651b0bb6c352a179fc66298ed1c3356bb2f1b69b03da	0123af9e96b58af4e98b91a2de5608d36b63c67864b9041d3340587f3dbe40d2	cfa8dcf0d81c408de38d4202fe1ce9d9e5e301d1e67439c9530da94b1e64ee3f	7484d7b0dd80f45e18d726b04752827fe28555cc5c1af0e127948380e6688abf
semantic-proposal-v1	SC1-b755b3099c35edf5306c6a97d74741014ff2914a095788434fd76a346aca01a9	S016011	3	P01	SYMBOLS.tsv	347876	selection_expression	x86_64	include/uapi/asm-generic/mman-common.h	operative_macro	MAP_FILE	86	PENDING_REVIEW	SOURCE_REVIEWED_VALUE	COMPLETE	vendor/linux/include/uapi/asm-generic/mman-common.h;vendor/linux/include/uapi/asm-generic/mman-common.h:86;rewrite/configs/x86_64/frozen.config;header_closure=rewrite/metadata/header_closure.tsv;selected=PENDING_REVIEW	425f94c2954b1fe80ebdbf9b29854e89750355df	4563edb3a5513944a156a66f76d7d628dfdffddc165cc4d6787509d2efdd9456	bdaecb42830d77c60765651b0bb6c352a179fc66298ed1c3356bb2f1b69b03da	0123af9e96b58af4e98b91a2de5608d36b63c67864b9041d3340587f3dbe40d2	cfa8dcf0d81c408de38d4202fe1ce9d9e5e301d1e67439c9530da94b1e64ee3f	7484d7b0dd80f45e18d726b04752827fe28555cc5c1af0e127948380e6688abf
semantic-proposal-v1	SC1-f4151fa68888266a428bceb7327436420f011c12969ed7bb78970d077156e365	S016011	3	P01	SYMBOLS.tsv	347876	status	x86_64	include/uapi/asm-generic/mman-common.h	operative_macro	MAP_FILE	86	PENDING_REVIEW	COMPLETE	COMPLETE	vendor/linux/include/uapi/asm-generic/mman-common.h;vendor/linux/include/uapi/asm-generic/mman-common.h:86;rewrite/configs/x86_64/frozen.config;header_closure=rewrite/metadata/header_closure.tsv;selected=PENDING_REVIEW	425f94c2954b1fe80ebdbf9b29854e89750355df	4563edb3a5513944a156a66f76d7d628dfdffddc165cc4d6787509d2efdd9456	bdaecb42830d77c60765651b0bb6c352a179fc66298ed1c3356bb2f1b69b03da	0123af9e96b58af4e98b91a2de5608d36b63c67864b9041d3340587f3dbe40d2	cfa8dcf0d81c408de38d4202fe1ce9d9e5e301d1e67439c9530da94b1e64ee3f	7484d7b0dd80f45e18d726b04752827fe28555cc5c1af0e127948380e6688abf
semantic-proposal-v1	SC1-813e1e62c2038763bb488e91e092a8e2d249b5e7ba6e970e80650b5a5f6a5af8	S016011	3	P01	SYMBOLS.tsv	347877	selection_expression	x86_64	include/uapi/asm-generic/mman-common.h	operative_macro	PKEY_UNRESTRICTED	88	PENDING_REVIEW	SOURCE_REVIEWED_VALUE	COMPLETE	vendor/linux/include/uapi/asm-generic/mman-common.h;vendor/linux/include/uapi/asm-generic/mman-common.h:88;rewrite/configs/x86_64/frozen.config;header_closure=rewrite/metadata/header_closure.tsv;selected=PENDING_REVIEW	425f94c2954b1fe80ebdbf9b29854e89750355df	4563edb3a5513944a156a66f76d7d628dfdffddc165cc4d6787509d2efdd9456	bdaecb42830d77c60765651b0bb6c352a179fc66298ed1c3356bb2f1b69b03da	0123af9e96b58af4e98b91a2de5608d36b63c67864b9041d3340587f3dbe40d2	cfa8dcf0d81c408de38d4202fe1ce9d9e5e301d1e67439c9530da94b1e64ee3f	7484d7b0dd80f45e18d726b04752827fe28555cc5c1af0e127948380e6688abf
semantic-proposal-v1	SC1-2b404b70d6529676927145cf9fe7de5a78c261da8f804f45943656af6c7edc3a	S016011	3	P01	SYMBOLS.tsv	347877	status	x86_64	include/uapi/asm-generic/mman-common.h	operative_macro	PKEY_UNRESTRICTED	88	PENDING_REVIEW	COMPLETE	COMPLETE	vendor/linux/include/uapi/asm-generic/mman-common.h;vendor/linux/include/uapi/asm-generic/mman-common.h:88;rewrite/configs/x86_64/frozen.config;header_closure=rewrite/metadata/header_closure.tsv;selected=PENDING_REVIEW	425f94c2954b1fe80ebdbf9b29854e89750355df	4563edb3a5513944a156a66f76d7d628dfdffddc165cc4d6787509d2efdd9456	bdaecb42830d77c60765651b0bb6c352a179fc66298ed1c3356bb2f1b69b03da	0123af9e96b58af4e98b91a2de5608d36b63c67864b9041d3340587f3dbe40d2	cfa8dcf0d81c408de38d4202fe1ce9d9e5e301d1e67439c9530da94b1e64ee3f	7484d7b0dd80f45e18d726b04752827fe28555cc5c1af0e127948380e6688abf
semantic-proposal-v1	SC1-c55ab943465fcf4df04db8228b0cf50a05357b4cc9d3abe4a0c53f3c769bfd47	S016011	3	P01	SYMBOLS.tsv	347878	selection_expression	x86_64	include/uapi/asm-generic/mman-common.h	operative_macro	PKEY_DISABLE_ACCESS	89	PENDING_REVIEW	SOURCE_REVIEWED_VALUE	COMPLETE	vendor/linux/include/uapi/asm-generic/mman-common.h;vendor/linux/include/uapi/asm-generic/mman-common.h:89;rewrite/configs/x86_64/frozen.config;header_closure=rewrite/metadata/header_closure.tsv;selected=PENDING_REVIEW	425f94c2954b1fe80ebdbf9b29854e89750355df	4563edb3a5513944a156a66f76d7d628dfdffddc165cc4d6787509d2efdd9456	bdaecb42830d77c60765651b0bb6c352a179fc66298ed1c3356bb2f1b69b03da	0123af9e96b58af4e98b91a2de5608d36b63c67864b9041d3340587f3dbe40d2	cfa8dcf0d81c408de38d4202fe1ce9d9e5e301d1e67439c9530da94b1e64ee3f	7484d7b0dd80f45e18d726b04752827fe28555cc5c1af0e127948380e6688abf
semantic-proposal-v1	SC1-3aafcbd75f599a894926cf520c6b2c65c1b60df16c766799ff13706172cbde23	S016011	3	P01	SYMBOLS.tsv	347878	status	x86_64	include/uapi/asm-generic/mman-common.h	operative_macro	PKEY_DISABLE_ACCESS	89	PENDING_REVIEW	COMPLETE	COMPLETE	vendor/linux/include/uapi/asm-generic/mman-common.h;vendor/linux/include/uapi/asm-generic/mman-common.h:89;rewrite/configs/x86_64/frozen.config;header_closure=rewrite/metadata/header_closure.tsv;selected=PENDING_REVIEW	425f94c2954b1fe80ebdbf9b29854e89750355df	4563edb3a5513944a156a66f76d7d628dfdffddc165cc4d6787509d2efdd9456	bdaecb42830d77c60765651b0bb6c352a179fc66298ed1c3356bb2f1b69b03da	0123af9e96b58af4e98b91a2de5608d36b63c67864b9041d3340587f3dbe40d2	cfa8dcf0d81c408de38d4202fe1ce9d9e5e301d1e67439c9530da94b1e64ee3f	7484d7b0dd80f45e18d726b04752827fe28555cc5c1af0e127948380e6688abf
semantic-proposal-v1	SC1-3b0fc93a9dfaa5efe4650ede213064023a39e34835221877e085fd5f60ed4cc0	S016011	3	P01	SYMBOLS.tsv	347879	selection_expression	x86_64	include/uapi/asm-generic/mman-common.h	operative_macro	PKEY_DISABLE_WRITE	90	PENDING_REVIEW	SOURCE_REVIEWED_VALUE	COMPLETE	vendor/linux/include/uapi/asm-generic/mman-common.h;vendor/linux/include/uapi/asm-generic/mman-common.h:90;rewrite/configs/x86_64/frozen.config;header_closure=rewrite/metadata/header_closure.tsv;selected=PENDING_REVIEW	425f94c2954b1fe80ebdbf9b29854e89750355df	4563edb3a5513944a156a66f76d7d628dfdffddc165cc4d6787509d2efdd9456	bdaecb42830d77c60765651b0bb6c352a179fc66298ed1c3356bb2f1b69b03da	0123af9e96b58af4e98b91a2de5608d36b63c67864b9041d3340587f3dbe40d2	cfa8dcf0d81c408de38d4202fe1ce9d9e5e301d1e67439c9530da94b1e64ee3f	7484d7b0dd80f45e18d726b04752827fe28555cc5c1af0e127948380e6688abf
semantic-proposal-v1	SC1-dd69f670e1247210285d56f8d7eb3f4ed863f48ed8626e14612955198f7bb850	S016011	3	P01	SYMBOLS.tsv	347879	status	x86_64	include/uapi/asm-generic/mman-common.h	operative_macro	PKEY_DISABLE_WRITE	90	PENDING_REVIEW	COMPLETE	COMPLETE	vendor/linux/include/uapi/asm-generic/mman-common.h;vendor/linux/include/uapi/asm-generic/mman-common.h:90;rewrite/configs/x86_64/frozen.config;header_closure=rewrite/metadata/header_closure.tsv;selected=PENDING_REVIEW	425f94c2954b1fe80ebdbf9b29854e89750355df	4563edb3a5513944a156a66f76d7d628dfdffddc165cc4d6787509d2efdd9456	bdaecb42830d77c60765651b0bb6c352a179fc66298ed1c3356bb2f1b69b03da	0123af9e96b58af4e98b91a2de5608d36b63c67864b9041d3340587f3dbe40d2	cfa8dcf0d81c408de38d4202fe1ce9d9e5e301d1e67439c9530da94b1e64ee3f	7484d7b0dd80f45e18d726b04752827fe28555cc5c1af0e127948380e6688abf
semantic-proposal-v1	SC1-e856a1d18052280ab0fdc77f5dc81439beb83ab150f077b3759afed3c42c5841	S016011	3	P01	SYMBOLS.tsv	347880	selection_expression	x86_64	include/uapi/asm-generic/mman-common.h	operative_macro	PKEY_ACCESS_MASK	91	PENDING_REVIEW	SOURCE_REVIEWED_VALUE	COMPLETE	vendor/linux/include/uapi/asm-generic/mman-common.h;vendor/linux/include/uapi/asm-generic/mman-common.h:91;rewrite/configs/x86_64/frozen.config;header_closure=rewrite/metadata/header_closure.tsv;selected=PENDING_REVIEW	425f94c2954b1fe80ebdbf9b29854e89750355df	4563edb3a5513944a156a66f76d7d628dfdffddc165cc4d6787509d2efdd9456	bdaecb42830d77c60765651b0bb6c352a179fc66298ed1c3356bb2f1b69b03da	0123af9e96b58af4e98b91a2de5608d36b63c67864b9041d3340587f3dbe40d2	cfa8dcf0d81c408de38d4202fe1ce9d9e5e301d1e67439c9530da94b1e64ee3f	7484d7b0dd80f45e18d726b04752827fe28555cc5c1af0e127948380e6688abf
semantic-proposal-v1	SC1-8e8d40ea01656e5d9aed98cd1dea5c0fbcaa917a44e6ce5b576844305bb78853	S016011	3	P01	SYMBOLS.tsv	347880	status	x86_64	include/uapi/asm-generic/mman-common.h	operative_macro	PKEY_ACCESS_MASK	91	PENDING_REVIEW	COMPLETE	COMPLETE	vendor/linux/include/uapi/asm-generic/mman-common.h;vendor/linux/include/uapi/asm-generic/mman-common.h:91;rewrite/configs/x86_64/frozen.config;header_closure=rewrite/metadata/header_closure.tsv;selected=PENDING_REVIEW	425f94c2954b1fe80ebdbf9b29854e89750355df	4563edb3a5513944a156a66f76d7d628dfdffddc165cc4d6787509d2efdd9456	bdaecb42830d77c60765651b0bb6c352a179fc66298ed1c3356bb2f1b69b03da	0123af9e96b58af4e98b91a2de5608d36b63c67864b9041d3340587f3dbe40d2	cfa8dcf0d81c408de38d4202fe1ce9d9e5e301d1e67439c9530da94b1e64ee3f	7484d7b0dd80f45e18d726b04752827fe28555cc5c1af0e127948380e6688abf
