schema_version	record_key	task_id	attempt	pipeline_id	manifest	base_row	field	architecture	linux_path	record_kind	symbol_name	source_line	old_value	final_value	decision_status	source_citations	linux_sha	candidate_sha256	implementation_sha256	phase0_identity_sha256	queue_fingerprint	base_manifest_sha256
semantic-proposal-v1	SC1-0cd61b05886280fe921c4bdb7cab5a9808dd1def68094f206b251dfb56289144	S000758	2	P02	SCOPE.tsv	759	semantic_status	x86_64	arch/x86/include/asm/vmxfeatures.h	scope	S000758	0	PENDING_REVIEW	COMPLETE	COMPLETE	vendor/linux/arch/x86/include/asm/vmxfeatures.h;rewrite/metadata/header_closure.tsv	425f94c2954b1fe80ebdbf9b29854e89750355df	06d0d31e6d23c7193fb7081b52ed5198be4fc173bef366cc4d7aca501aeee4c8	4f9618f52e639afa12c0cf7eb10152adb7c510a31ddc320f312d7b4bd032a184	0123af9e96b58af4e98b91a2de5608d36b63c67864b9041d3340587f3dbe40d2	cfa8dcf0d81c408de38d4202fe1ce9d9e5e301d1e67439c9530da94b1e64ee3f	b83349e6731e17e5da5e04a0ea053487e8ac8d9269538dbdb367d83f77b17e0a
semantic-proposal-v1	SC1-732a0f9c357ec46c51e12ecc97a30c6350b7e7783c7b5489452874d771920b9b	S000758	2	P02	SYMBOLS.tsv	36304	status	x86_64	arch/x86/include/asm/vmxfeatures.h	conditional	ifndef@2	2	PENDING_REVIEW	COMPLETE	COMPLETE	vendor/linux/arch/x86/include/asm/vmxfeatures.h;vendor/linux/arch/x86/include/asm/vmxfeatures.h:2;rewrite/configs/x86_64/frozen.config;header_closure=rewrite/metadata/header_closure.tsv;selected=PENDING_REVIEW	425f94c2954b1fe80ebdbf9b29854e89750355df	06d0d31e6d23c7193fb7081b52ed5198be4fc173bef366cc4d7aca501aeee4c8	4f9618f52e639afa12c0cf7eb10152adb7c510a31ddc320f312d7b4bd032a184	0123af9e96b58af4e98b91a2de5608d36b63c67864b9041d3340587f3dbe40d2	cfa8dcf0d81c408de38d4202fe1ce9d9e5e301d1e67439c9530da94b1e64ee3f	7484d7b0dd80f45e18d726b04752827fe28555cc5c1af0e127948380e6688abf
semantic-proposal-v1	SC1-fe7d153ebc650fc6bd1760755c718bf2a7ec1bc6a18e1a0a0038b3921aa3f310	S000758	2	P02	SYMBOLS.tsv	36305	status	x86_64	arch/x86/include/asm/vmxfeatures.h	conditional	endif@93	93	PENDING_REVIEW	COMPLETE	COMPLETE	vendor/linux/arch/x86/include/asm/vmxfeatures.h;vendor/linux/arch/x86/include/asm/vmxfeatures.h:93;rewrite/configs/x86_64/frozen.config;header_closure=rewrite/metadata/header_closure.tsv;selected=PENDING_REVIEW	425f94c2954b1fe80ebdbf9b29854e89750355df	06d0d31e6d23c7193fb7081b52ed5198be4fc173bef366cc4d7aca501aeee4c8	4f9618f52e639afa12c0cf7eb10152adb7c510a31ddc320f312d7b4bd032a184	0123af9e96b58af4e98b91a2de5608d36b63c67864b9041d3340587f3dbe40d2	cfa8dcf0d81c408de38d4202fe1ce9d9e5e301d1e67439c9530da94b1e64ee3f	7484d7b0dd80f45e18d726b04752827fe28555cc5c1af0e127948380e6688abf
semantic-proposal-v1	SC1-eefc4ebbc438e774323d87f781edb2c052ee4be5fb915d148f588f244a743680	S000758	2	P02	SYMBOLS.tsv	36306	selection_expression	x86_64	arch/x86/include/asm/vmxfeatures.h	operative_macro	_ASM_X86_VMXFEATURES_H	3	PENDING_REVIEW	SOURCE_REVIEWED_VALUE	COMPLETE	vendor/linux/arch/x86/include/asm/vmxfeatures.h;vendor/linux/arch/x86/include/asm/vmxfeatures.h:3;rewrite/configs/x86_64/frozen.config;header_closure=rewrite/metadata/header_closure.tsv;selected=PENDING_REVIEW	425f94c2954b1fe80ebdbf9b29854e89750355df	06d0d31e6d23c7193fb7081b52ed5198be4fc173bef366cc4d7aca501aeee4c8	4f9618f52e639afa12c0cf7eb10152adb7c510a31ddc320f312d7b4bd032a184	0123af9e96b58af4e98b91a2de5608d36b63c67864b9041d3340587f3dbe40d2	cfa8dcf0d81c408de38d4202fe1ce9d9e5e301d1e67439c9530da94b1e64ee3f	7484d7b0dd80f45e18d726b04752827fe28555cc5c1af0e127948380e6688abf
semantic-proposal-v1	SC1-41bb82d62e098007839dc627c76b9f3c3c9251a6e7ef704720232300a48e1d17	S000758	2	P02	SYMBOLS.tsv	36306	status	x86_64	arch/x86/include/asm/vmxfeatures.h	operative_macro	_ASM_X86_VMXFEATURES_H	3	PENDING_REVIEW	COMPLETE	COMPLETE	vendor/linux/arch/x86/include/asm/vmxfeatures.h;vendor/linux/arch/x86/include/asm/vmxfeatures.h:3;rewrite/configs/x86_64/frozen.config;header_closure=rewrite/metadata/header_closure.tsv;selected=PENDING_REVIEW	425f94c2954b1fe80ebdbf9b29854e89750355df	06d0d31e6d23c7193fb7081b52ed5198be4fc173bef366cc4d7aca501aeee4c8	4f9618f52e639afa12c0cf7eb10152adb7c510a31ddc320f312d7b4bd032a184	0123af9e96b58af4e98b91a2de5608d36b63c67864b9041d3340587f3dbe40d2	cfa8dcf0d81c408de38d4202fe1ce9d9e5e301d1e67439c9530da94b1e64ee3f	7484d7b0dd80f45e18d726b04752827fe28555cc5c1af0e127948380e6688abf
semantic-proposal-v1	SC1-373180d0a49ce8db120100fc15c3bca6d040295ab7e5a8f9da82183cabda823c	S000758	2	P02	SYMBOLS.tsv	36307	selection_expression	x86_64	arch/x86/include/asm/vmxfeatures.h	operative_macro	NVMXINTS	8	PENDING_REVIEW	SOURCE_REVIEWED_VALUE	COMPLETE	vendor/linux/arch/x86/include/asm/vmxfeatures.h;vendor/linux/arch/x86/include/asm/vmxfeatures.h:8;rewrite/configs/x86_64/frozen.config;header_closure=rewrite/metadata/header_closure.tsv;selected=PENDING_REVIEW	425f94c2954b1fe80ebdbf9b29854e89750355df	06d0d31e6d23c7193fb7081b52ed5198be4fc173bef366cc4d7aca501aeee4c8	4f9618f52e639afa12c0cf7eb10152adb7c510a31ddc320f312d7b4bd032a184	0123af9e96b58af4e98b91a2de5608d36b63c67864b9041d3340587f3dbe40d2	cfa8dcf0d81c408de38d4202fe1ce9d9e5e301d1e67439c9530da94b1e64ee3f	7484d7b0dd80f45e18d726b04752827fe28555cc5c1af0e127948380e6688abf
semantic-proposal-v1	SC1-e5dd32c53fd6236d07df65f51262d420ad4d8d85d1d60dee248c4fc7cf13ce6b	S000758	2	P02	SYMBOLS.tsv	36307	status	x86_64	arch/x86/include/asm/vmxfeatures.h	operative_macro	NVMXINTS	8	PENDING_REVIEW	COMPLETE	COMPLETE	vendor/linux/arch/x86/include/asm/vmxfeatures.h;vendor/linux/arch/x86/include/asm/vmxfeatures.h:8;rewrite/configs/x86_64/frozen.config;header_closure=rewrite/metadata/header_closure.tsv;selected=PENDING_REVIEW	425f94c2954b1fe80ebdbf9b29854e89750355df	06d0d31e6d23c7193fb7081b52ed5198be4fc173bef366cc4d7aca501aeee4c8	4f9618f52e639afa12c0cf7eb10152adb7c510a31ddc320f312d7b4bd032a184	0123af9e96b58af4e98b91a2de5608d36b63c67864b9041d3340587f3dbe40d2	cfa8dcf0d81c408de38d4202fe1ce9d9e5e301d1e67439c9530da94b1e64ee3f	7484d7b0dd80f45e18d726b04752827fe28555cc5c1af0e127948380e6688abf
semantic-proposal-v1	SC1-3a632d4d9f4c10d24c348bf012d18174550be6512ce317e5d17d062baf325a62	S000758	2	P02	SYMBOLS.tsv	36308	selection_expression	x86_64	arch/x86/include/asm/vmxfeatures.h	operative_macro	VMX_FEATURE_INTR_EXITING	17	PENDING_REVIEW	SOURCE_REVIEWED_VALUE	COMPLETE	vendor/linux/arch/x86/include/asm/vmxfeatures.h;vendor/linux/arch/x86/include/asm/vmxfeatures.h:17;rewrite/configs/x86_64/frozen.config;header_closure=rewrite/metadata/header_closure.tsv;selected=PENDING_REVIEW	425f94c2954b1fe80ebdbf9b29854e89750355df	06d0d31e6d23c7193fb7081b52ed5198be4fc173bef366cc4d7aca501aeee4c8	4f9618f52e639afa12c0cf7eb10152adb7c510a31ddc320f312d7b4bd032a184	0123af9e96b58af4e98b91a2de5608d36b63c67864b9041d3340587f3dbe40d2	cfa8dcf0d81c408de38d4202fe1ce9d9e5e301d1e67439c9530da94b1e64ee3f	7484d7b0dd80f45e18d726b04752827fe28555cc5c1af0e127948380e6688abf
semantic-proposal-v1	SC1-b3df57cdd3dc93e586cc2ff54b77f3935265f19b94651baf8a7e34f41620e8e1	S000758	2	P02	SYMBOLS.tsv	36308	status	x86_64	arch/x86/include/asm/vmxfeatures.h	operative_macro	VMX_FEATURE_INTR_EXITING	17	PENDING_REVIEW	COMPLETE	COMPLETE	vendor/linux/arch/x86/include/asm/vmxfeatures.h;vendor/linux/arch/x86/include/asm/vmxfeatures.h:17;rewrite/configs/x86_64/frozen.config;header_closure=rewrite/metadata/header_closure.tsv;selected=PENDING_REVIEW	425f94c2954b1fe80ebdbf9b29854e89750355df	06d0d31e6d23c7193fb7081b52ed5198be4fc173bef366cc4d7aca501aeee4c8	4f9618f52e639afa12c0cf7eb10152adb7c510a31ddc320f312d7b4bd032a184	0123af9e96b58af4e98b91a2de5608d36b63c67864b9041d3340587f3dbe40d2	cfa8dcf0d81c408de38d4202fe1ce9d9e5e301d1e67439c9530da94b1e64ee3f	7484d7b0dd80f45e18d726b04752827fe28555cc5c1af0e127948380e6688abf
semantic-proposal-v1	SC1-47d766ed7b7c0d3163639e6ed4acf067ef362cc31e96848d604fb7c1fb0b078d	S000758	2	P02	SYMBOLS.tsv	36309	selection_expression	x86_64	arch/x86/include/asm/vmxfeatures.h	operative_macro	VMX_FEATURE_NMI_EXITING	18	PENDING_REVIEW	SOURCE_REVIEWED_VALUE	COMPLETE	vendor/linux/arch/x86/include/asm/vmxfeatures.h;vendor/linux/arch/x86/include/asm/vmxfeatures.h:18;rewrite/configs/x86_64/frozen.config;header_closure=rewrite/metadata/header_closure.tsv;selected=PENDING_REVIEW	425f94c2954b1fe80ebdbf9b29854e89750355df	06d0d31e6d23c7193fb7081b52ed5198be4fc173bef366cc4d7aca501aeee4c8	4f9618f52e639afa12c0cf7eb10152adb7c510a31ddc320f312d7b4bd032a184	0123af9e96b58af4e98b91a2de5608d36b63c67864b9041d3340587f3dbe40d2	cfa8dcf0d81c408de38d4202fe1ce9d9e5e301d1e67439c9530da94b1e64ee3f	7484d7b0dd80f45e18d726b04752827fe28555cc5c1af0e127948380e6688abf
semantic-proposal-v1	SC1-3f563d0b08ba5ea758ba6d8b2f81a0e9e017fc7b45e479e6a8d63a25237595d9	S000758	2	P02	SYMBOLS.tsv	36309	status	x86_64	arch/x86/include/asm/vmxfeatures.h	operative_macro	VMX_FEATURE_NMI_EXITING	18	PENDING_REVIEW	COMPLETE	COMPLETE	vendor/linux/arch/x86/include/asm/vmxfeatures.h;vendor/linux/arch/x86/include/asm/vmxfeatures.h:18;rewrite/configs/x86_64/frozen.config;header_closure=rewrite/metadata/header_closure.tsv;selected=PENDING_REVIEW	425f94c2954b1fe80ebdbf9b29854e89750355df	06d0d31e6d23c7193fb7081b52ed5198be4fc173bef366cc4d7aca501aeee4c8	4f9618f52e639afa12c0cf7eb10152adb7c510a31ddc320f312d7b4bd032a184	0123af9e96b58af4e98b91a2de5608d36b63c67864b9041d3340587f3dbe40d2	cfa8dcf0d81c408de38d4202fe1ce9d9e5e301d1e67439c9530da94b1e64ee3f	7484d7b0dd80f45e18d726b04752827fe28555cc5c1af0e127948380e6688abf
semantic-proposal-v1	SC1-c8b28b63aecd3ac6c869c9899ceb6dde54052557050df32b8fcc0e44c1476ac5	S000758	2	P02	SYMBOLS.tsv	36310	selection_expression	x86_64	arch/x86/include/asm/vmxfeatures.h	operative_macro	VMX_FEATURE_VIRTUAL_NMIS	19	PENDING_REVIEW	SOURCE_REVIEWED_VALUE	COMPLETE	vendor/linux/arch/x86/include/asm/vmxfeatures.h;vendor/linux/arch/x86/include/asm/vmxfeatures.h:19;rewrite/configs/x86_64/frozen.config;header_closure=rewrite/metadata/header_closure.tsv;selected=PENDING_REVIEW	425f94c2954b1fe80ebdbf9b29854e89750355df	06d0d31e6d23c7193fb7081b52ed5198be4fc173bef366cc4d7aca501aeee4c8	4f9618f52e639afa12c0cf7eb10152adb7c510a31ddc320f312d7b4bd032a184	0123af9e96b58af4e98b91a2de5608d36b63c67864b9041d3340587f3dbe40d2	cfa8dcf0d81c408de38d4202fe1ce9d9e5e301d1e67439c9530da94b1e64ee3f	7484d7b0dd80f45e18d726b04752827fe28555cc5c1af0e127948380e6688abf
semantic-proposal-v1	SC1-bf1efb780bf82affacc8e7462d30b592a77bd879275be61237dd02f140942c61	S000758	2	P02	SYMBOLS.tsv	36310	status	x86_64	arch/x86/include/asm/vmxfeatures.h	operative_macro	VMX_FEATURE_VIRTUAL_NMIS	19	PENDING_REVIEW	COMPLETE	COMPLETE	vendor/linux/arch/x86/include/asm/vmxfeatures.h;vendor/linux/arch/x86/include/asm/vmxfeatures.h:19;rewrite/configs/x86_64/frozen.config;header_closure=rewrite/metadata/header_closure.tsv;selected=PENDING_REVIEW	425f94c2954b1fe80ebdbf9b29854e89750355df	06d0d31e6d23c7193fb7081b52ed5198be4fc173bef366cc4d7aca501aeee4c8	4f9618f52e639afa12c0cf7eb10152adb7c510a31ddc320f312d7b4bd032a184	0123af9e96b58af4e98b91a2de5608d36b63c67864b9041d3340587f3dbe40d2	cfa8dcf0d81c408de38d4202fe1ce9d9e5e301d1e67439c9530da94b1e64ee3f	7484d7b0dd80f45e18d726b04752827fe28555cc5c1af0e127948380e6688abf
semantic-proposal-v1	SC1-cf3acdaddbd857073e8da3e24b4a50547f41ba4e9445650fc316bceb4b6475e8	S000758	2	P02	SYMBOLS.tsv	36311	selection_expression	x86_64	arch/x86/include/asm/vmxfeatures.h	operative_macro	VMX_FEATURE_PREEMPTION_TIMER	20	PENDING_REVIEW	SOURCE_REVIEWED_VALUE	COMPLETE	vendor/linux/arch/x86/include/asm/vmxfeatures.h;vendor/linux/arch/x86/include/asm/vmxfeatures.h:20;rewrite/configs/x86_64/frozen.config;header_closure=rewrite/metadata/header_closure.tsv;selected=PENDING_REVIEW	425f94c2954b1fe80ebdbf9b29854e89750355df	06d0d31e6d23c7193fb7081b52ed5198be4fc173bef366cc4d7aca501aeee4c8	4f9618f52e639afa12c0cf7eb10152adb7c510a31ddc320f312d7b4bd032a184	0123af9e96b58af4e98b91a2de5608d36b63c67864b9041d3340587f3dbe40d2	cfa8dcf0d81c408de38d4202fe1ce9d9e5e301d1e67439c9530da94b1e64ee3f	7484d7b0dd80f45e18d726b04752827fe28555cc5c1af0e127948380e6688abf
semantic-proposal-v1	SC1-792f777b2739ee4dbf72934b1b691f256fa298bedd97a68cd57916995ebc2262	S000758	2	P02	SYMBOLS.tsv	36311	status	x86_64	arch/x86/include/asm/vmxfeatures.h	operative_macro	VMX_FEATURE_PREEMPTION_TIMER	20	PENDING_REVIEW	COMPLETE	COMPLETE	vendor/linux/arch/x86/include/asm/vmxfeatures.h;vendor/linux/arch/x86/include/asm/vmxfeatures.h:20;rewrite/configs/x86_64/frozen.config;header_closure=rewrite/metadata/header_closure.tsv;selected=PENDING_REVIEW	425f94c2954b1fe80ebdbf9b29854e89750355df	06d0d31e6d23c7193fb7081b52ed5198be4fc173bef366cc4d7aca501aeee4c8	4f9618f52e639afa12c0cf7eb10152adb7c510a31ddc320f312d7b4bd032a184	0123af9e96b58af4e98b91a2de5608d36b63c67864b9041d3340587f3dbe40d2	cfa8dcf0d81c408de38d4202fe1ce9d9e5e301d1e67439c9530da94b1e64ee3f	7484d7b0dd80f45e18d726b04752827fe28555cc5c1af0e127948380e6688abf
semantic-proposal-v1	SC1-28e7133f2fb1a2b2f9c99451beba9cc801737f698582791aed5d8f15e60122c0	S000758	2	P02	SYMBOLS.tsv	36312	selection_expression	x86_64	arch/x86/include/asm/vmxfeatures.h	operative_macro	VMX_FEATURE_POSTED_INTR	21	PENDING_REVIEW	SOURCE_REVIEWED_VALUE	COMPLETE	vendor/linux/arch/x86/include/asm/vmxfeatures.h;vendor/linux/arch/x86/include/asm/vmxfeatures.h:21;rewrite/configs/x86_64/frozen.config;header_closure=rewrite/metadata/header_closure.tsv;selected=PENDING_REVIEW	425f94c2954b1fe80ebdbf9b29854e89750355df	06d0d31e6d23c7193fb7081b52ed5198be4fc173bef366cc4d7aca501aeee4c8	4f9618f52e639afa12c0cf7eb10152adb7c510a31ddc320f312d7b4bd032a184	0123af9e96b58af4e98b91a2de5608d36b63c67864b9041d3340587f3dbe40d2	cfa8dcf0d81c408de38d4202fe1ce9d9e5e301d1e67439c9530da94b1e64ee3f	7484d7b0dd80f45e18d726b04752827fe28555cc5c1af0e127948380e6688abf
semantic-proposal-v1	SC1-2a2c2a9743a8f03cb2082e073d0c9d83d7197abd8b459e6956ea401c979b9630	S000758	2	P02	SYMBOLS.tsv	36312	status	x86_64	arch/x86/include/asm/vmxfeatures.h	operative_macro	VMX_FEATURE_POSTED_INTR	21	PENDING_REVIEW	COMPLETE	COMPLETE	vendor/linux/arch/x86/include/asm/vmxfeatures.h;vendor/linux/arch/x86/include/asm/vmxfeatures.h:21;rewrite/configs/x86_64/frozen.config;header_closure=rewrite/metadata/header_closure.tsv;selected=PENDING_REVIEW	425f94c2954b1fe80ebdbf9b29854e89750355df	06d0d31e6d23c7193fb7081b52ed5198be4fc173bef366cc4d7aca501aeee4c8	4f9618f52e639afa12c0cf7eb10152adb7c510a31ddc320f312d7b4bd032a184	0123af9e96b58af4e98b91a2de5608d36b63c67864b9041d3340587f3dbe40d2	cfa8dcf0d81c408de38d4202fe1ce9d9e5e301d1e67439c9530da94b1e64ee3f	7484d7b0dd80f45e18d726b04752827fe28555cc5c1af0e127948380e6688abf
semantic-proposal-v1	SC1-4e3bafa73ec7484f68319fc4afe2a2b0ace135bfdcf8bdfa5498ad09b44f97c2	S000758	2	P02	SYMBOLS.tsv	36313	selection_expression	x86_64	arch/x86/include/asm/vmxfeatures.h	operative_macro	VMX_FEATURE_INVVPID	24	PENDING_REVIEW	SOURCE_REVIEWED_VALUE	COMPLETE	vendor/linux/arch/x86/include/asm/vmxfeatures.h;vendor/linux/arch/x86/include/asm/vmxfeatures.h:24;rewrite/configs/x86_64/frozen.config;header_closure=rewrite/metadata/header_closure.tsv;selected=PENDING_REVIEW	425f94c2954b1fe80ebdbf9b29854e89750355df	06d0d31e6d23c7193fb7081b52ed5198be4fc173bef366cc4d7aca501aeee4c8	4f9618f52e639afa12c0cf7eb10152adb7c510a31ddc320f312d7b4bd032a184	0123af9e96b58af4e98b91a2de5608d36b63c67864b9041d3340587f3dbe40d2	cfa8dcf0d81c408de38d4202fe1ce9d9e5e301d1e67439c9530da94b1e64ee3f	7484d7b0dd80f45e18d726b04752827fe28555cc5c1af0e127948380e6688abf
semantic-proposal-v1	SC1-8af99f7eb6a0250ee82403d3d944a6c1a888e17a89779917efdc74b88ff6c767	S000758	2	P02	SYMBOLS.tsv	36313	status	x86_64	arch/x86/include/asm/vmxfeatures.h	operative_macro	VMX_FEATURE_INVVPID	24	PENDING_REVIEW	COMPLETE	COMPLETE	vendor/linux/arch/x86/include/asm/vmxfeatures.h;vendor/linux/arch/x86/include/asm/vmxfeatures.h:24;rewrite/configs/x86_64/frozen.config;header_closure=rewrite/metadata/header_closure.tsv;selected=PENDING_REVIEW	425f94c2954b1fe80ebdbf9b29854e89750355df	06d0d31e6d23c7193fb7081b52ed5198be4fc173bef366cc4d7aca501aeee4c8	4f9618f52e639afa12c0cf7eb10152adb7c510a31ddc320f312d7b4bd032a184	0123af9e96b58af4e98b91a2de5608d36b63c67864b9041d3340587f3dbe40d2	cfa8dcf0d81c408de38d4202fe1ce9d9e5e301d1e67439c9530da94b1e64ee3f	7484d7b0dd80f45e18d726b04752827fe28555cc5c1af0e127948380e6688abf
semantic-proposal-v1	SC1-402bf187f7d6a6a6ec9538e0a4fb7dd7575e44a99378e88a9869fa6119b03ba9	S000758	2	P02	SYMBOLS.tsv	36314	selection_expression	x86_64	arch/x86/include/asm/vmxfeatures.h	operative_macro	VMX_FEATURE_EPT_EXECUTE_ONLY	25	PENDING_REVIEW	SOURCE_REVIEWED_VALUE	COMPLETE	vendor/linux/arch/x86/include/asm/vmxfeatures.h;vendor/linux/arch/x86/include/asm/vmxfeatures.h:25;rewrite/configs/x86_64/frozen.config;header_closure=rewrite/metadata/header_closure.tsv;selected=PENDING_REVIEW	425f94c2954b1fe80ebdbf9b29854e89750355df	06d0d31e6d23c7193fb7081b52ed5198be4fc173bef366cc4d7aca501aeee4c8	4f9618f52e639afa12c0cf7eb10152adb7c510a31ddc320f312d7b4bd032a184	0123af9e96b58af4e98b91a2de5608d36b63c67864b9041d3340587f3dbe40d2	cfa8dcf0d81c408de38d4202fe1ce9d9e5e301d1e67439c9530da94b1e64ee3f	7484d7b0dd80f45e18d726b04752827fe28555cc5c1af0e127948380e6688abf
semantic-proposal-v1	SC1-4c9bdb59aa317ed30d2dd1536b395014369c253d5448eb51aca846da7ede9af8	S000758	2	P02	SYMBOLS.tsv	36314	status	x86_64	arch/x86/include/asm/vmxfeatures.h	operative_macro	VMX_FEATURE_EPT_EXECUTE_ONLY	25	PENDING_REVIEW	COMPLETE	COMPLETE	vendor/linux/arch/x86/include/asm/vmxfeatures.h;vendor/linux/arch/x86/include/asm/vmxfeatures.h:25;rewrite/configs/x86_64/frozen.config;header_closure=rewrite/metadata/header_closure.tsv;selected=PENDING_REVIEW	425f94c2954b1fe80ebdbf9b29854e89750355df	06d0d31e6d23c7193fb7081b52ed5198be4fc173bef366cc4d7aca501aeee4c8	4f9618f52e639afa12c0cf7eb10152adb7c510a31ddc320f312d7b4bd032a184	0123af9e96b58af4e98b91a2de5608d36b63c67864b9041d3340587f3dbe40d2	cfa8dcf0d81c408de38d4202fe1ce9d9e5e301d1e67439c9530da94b1e64ee3f	7484d7b0dd80f45e18d726b04752827fe28555cc5c1af0e127948380e6688abf
semantic-proposal-v1	SC1-ffdf5d4879baec9176a4b456e886c372144ffb455ca311172363183a21e08335	S000758	2	P02	SYMBOLS.tsv	36315	selection_expression	x86_64	arch/x86/include/asm/vmxfeatures.h	operative_macro	VMX_FEATURE_EPT_AD	26	PENDING_REVIEW	SOURCE_REVIEWED_VALUE	COMPLETE	vendor/linux/arch/x86/include/asm/vmxfeatures.h;vendor/linux/arch/x86/include/asm/vmxfeatures.h:26;rewrite/configs/x86_64/frozen.config;header_closure=rewrite/metadata/header_closure.tsv;selected=PENDING_REVIEW	425f94c2954b1fe80ebdbf9b29854e89750355df	06d0d31e6d23c7193fb7081b52ed5198be4fc173bef366cc4d7aca501aeee4c8	4f9618f52e639afa12c0cf7eb10152adb7c510a31ddc320f312d7b4bd032a184	0123af9e96b58af4e98b91a2de5608d36b63c67864b9041d3340587f3dbe40d2	cfa8dcf0d81c408de38d4202fe1ce9d9e5e301d1e67439c9530da94b1e64ee3f	7484d7b0dd80f45e18d726b04752827fe28555cc5c1af0e127948380e6688abf
semantic-proposal-v1	SC1-ba3a6646929de93436aab0447802365157fcc484f82d71d160db88bddd57e4e3	S000758	2	P02	SYMBOLS.tsv	36315	status	x86_64	arch/x86/include/asm/vmxfeatures.h	operative_macro	VMX_FEATURE_EPT_AD	26	PENDING_REVIEW	COMPLETE	COMPLETE	vendor/linux/arch/x86/include/asm/vmxfeatures.h;vendor/linux/arch/x86/include/asm/vmxfeatures.h:26;rewrite/configs/x86_64/frozen.config;header_closure=rewrite/metadata/header_closure.tsv;selected=PENDING_REVIEW	425f94c2954b1fe80ebdbf9b29854e89750355df	06d0d31e6d23c7193fb7081b52ed5198be4fc173bef366cc4d7aca501aeee4c8	4f9618f52e639afa12c0cf7eb10152adb7c510a31ddc320f312d7b4bd032a184	0123af9e96b58af4e98b91a2de5608d36b63c67864b9041d3340587f3dbe40d2	cfa8dcf0d81c408de38d4202fe1ce9d9e5e301d1e67439c9530da94b1e64ee3f	7484d7b0dd80f45e18d726b04752827fe28555cc5c1af0e127948380e6688abf
semantic-proposal-v1	SC1-d4584e90a6aeea55d56230cc51ea2399103931d83b3451ce146785dc4f004172	S000758	2	P02	SYMBOLS.tsv	36316	selection_expression	x86_64	arch/x86/include/asm/vmxfeatures.h	operative_macro	VMX_FEATURE_EPT_1GB	27	PENDING_REVIEW	SOURCE_REVIEWED_VALUE	COMPLETE	vendor/linux/arch/x86/include/asm/vmxfeatures.h;vendor/linux/arch/x86/include/asm/vmxfeatures.h:27;rewrite/configs/x86_64/frozen.config;header_closure=rewrite/metadata/header_closure.tsv;selected=PENDING_REVIEW	425f94c2954b1fe80ebdbf9b29854e89750355df	06d0d31e6d23c7193fb7081b52ed5198be4fc173bef366cc4d7aca501aeee4c8	4f9618f52e639afa12c0cf7eb10152adb7c510a31ddc320f312d7b4bd032a184	0123af9e96b58af4e98b91a2de5608d36b63c67864b9041d3340587f3dbe40d2	cfa8dcf0d81c408de38d4202fe1ce9d9e5e301d1e67439c9530da94b1e64ee3f	7484d7b0dd80f45e18d726b04752827fe28555cc5c1af0e127948380e6688abf
semantic-proposal-v1	SC1-df8353d32691d9267b799d52b8d48a8e86b2e174aaee4982c10767cc7540cc88	S000758	2	P02	SYMBOLS.tsv	36316	status	x86_64	arch/x86/include/asm/vmxfeatures.h	operative_macro	VMX_FEATURE_EPT_1GB	27	PENDING_REVIEW	COMPLETE	COMPLETE	vendor/linux/arch/x86/include/asm/vmxfeatures.h;vendor/linux/arch/x86/include/asm/vmxfeatures.h:27;rewrite/configs/x86_64/frozen.config;header_closure=rewrite/metadata/header_closure.tsv;selected=PENDING_REVIEW	425f94c2954b1fe80ebdbf9b29854e89750355df	06d0d31e6d23c7193fb7081b52ed5198be4fc173bef366cc4d7aca501aeee4c8	4f9618f52e639afa12c0cf7eb10152adb7c510a31ddc320f312d7b4bd032a184	0123af9e96b58af4e98b91a2de5608d36b63c67864b9041d3340587f3dbe40d2	cfa8dcf0d81c408de38d4202fe1ce9d9e5e301d1e67439c9530da94b1e64ee3f	7484d7b0dd80f45e18d726b04752827fe28555cc5c1af0e127948380e6688abf
semantic-proposal-v1	SC1-1702f3d3207629bb86d2efa4c9a0adbcd64f45d2a84516d7fd875881337455d3	S000758	2	P02	SYMBOLS.tsv	36317	selection_expression	x86_64	arch/x86/include/asm/vmxfeatures.h	operative_macro	VMX_FEATURE_EPT_5LEVEL	28	PENDING_REVIEW	SOURCE_REVIEWED_VALUE	COMPLETE	vendor/linux/arch/x86/include/asm/vmxfeatures.h;vendor/linux/arch/x86/include/asm/vmxfeatures.h:28;rewrite/configs/x86_64/frozen.config;header_closure=rewrite/metadata/header_closure.tsv;selected=PENDING_REVIEW	425f94c2954b1fe80ebdbf9b29854e89750355df	06d0d31e6d23c7193fb7081b52ed5198be4fc173bef366cc4d7aca501aeee4c8	4f9618f52e639afa12c0cf7eb10152adb7c510a31ddc320f312d7b4bd032a184	0123af9e96b58af4e98b91a2de5608d36b63c67864b9041d3340587f3dbe40d2	cfa8dcf0d81c408de38d4202fe1ce9d9e5e301d1e67439c9530da94b1e64ee3f	7484d7b0dd80f45e18d726b04752827fe28555cc5c1af0e127948380e6688abf
semantic-proposal-v1	SC1-223ffb9c4706af7d86c425c9ed35a9b3555f4d02385d47fb22a1346821f74de6	S000758	2	P02	SYMBOLS.tsv	36317	status	x86_64	arch/x86/include/asm/vmxfeatures.h	operative_macro	VMX_FEATURE_EPT_5LEVEL	28	PENDING_REVIEW	COMPLETE	COMPLETE	vendor/linux/arch/x86/include/asm/vmxfeatures.h;vendor/linux/arch/x86/include/asm/vmxfeatures.h:28;rewrite/configs/x86_64/frozen.config;header_closure=rewrite/metadata/header_closure.tsv;selected=PENDING_REVIEW	425f94c2954b1fe80ebdbf9b29854e89750355df	06d0d31e6d23c7193fb7081b52ed5198be4fc173bef366cc4d7aca501aeee4c8	4f9618f52e639afa12c0cf7eb10152adb7c510a31ddc320f312d7b4bd032a184	0123af9e96b58af4e98b91a2de5608d36b63c67864b9041d3340587f3dbe40d2	cfa8dcf0d81c408de38d4202fe1ce9d9e5e301d1e67439c9530da94b1e64ee3f	7484d7b0dd80f45e18d726b04752827fe28555cc5c1af0e127948380e6688abf
semantic-proposal-v1	SC1-32db038e065af84ad21bb389b25097348acb8a84d29546be6d2458d0bc24d19d	S000758	2	P02	SYMBOLS.tsv	36318	selection_expression	x86_64	arch/x86/include/asm/vmxfeatures.h	operative_macro	VMX_FEATURE_FLEXPRIORITY	31	PENDING_REVIEW	SOURCE_REVIEWED_VALUE	COMPLETE	vendor/linux/arch/x86/include/asm/vmxfeatures.h;vendor/linux/arch/x86/include/asm/vmxfeatures.h:31;rewrite/configs/x86_64/frozen.config;header_closure=rewrite/metadata/header_closure.tsv;selected=PENDING_REVIEW	425f94c2954b1fe80ebdbf9b29854e89750355df	06d0d31e6d23c7193fb7081b52ed5198be4fc173bef366cc4d7aca501aeee4c8	4f9618f52e639afa12c0cf7eb10152adb7c510a31ddc320f312d7b4bd032a184	0123af9e96b58af4e98b91a2de5608d36b63c67864b9041d3340587f3dbe40d2	cfa8dcf0d81c408de38d4202fe1ce9d9e5e301d1e67439c9530da94b1e64ee3f	7484d7b0dd80f45e18d726b04752827fe28555cc5c1af0e127948380e6688abf
semantic-proposal-v1	SC1-a69131d153896ddb6526f90eb46c955c61c3622302e1e23818e5280ec8333249	S000758	2	P02	SYMBOLS.tsv	36318	status	x86_64	arch/x86/include/asm/vmxfeatures.h	operative_macro	VMX_FEATURE_FLEXPRIORITY	31	PENDING_REVIEW	COMPLETE	COMPLETE	vendor/linux/arch/x86/include/asm/vmxfeatures.h;vendor/linux/arch/x86/include/asm/vmxfeatures.h:31;rewrite/configs/x86_64/frozen.config;header_closure=rewrite/metadata/header_closure.tsv;selected=PENDING_REVIEW	425f94c2954b1fe80ebdbf9b29854e89750355df	06d0d31e6d23c7193fb7081b52ed5198be4fc173bef366cc4d7aca501aeee4c8	4f9618f52e639afa12c0cf7eb10152adb7c510a31ddc320f312d7b4bd032a184	0123af9e96b58af4e98b91a2de5608d36b63c67864b9041d3340587f3dbe40d2	cfa8dcf0d81c408de38d4202fe1ce9d9e5e301d1e67439c9530da94b1e64ee3f	7484d7b0dd80f45e18d726b04752827fe28555cc5c1af0e127948380e6688abf
semantic-proposal-v1	SC1-e24480168ad65243851c2fbd524a7c6a7900cdf7fd3db20b4a2655329f4cd718	S000758	2	P02	SYMBOLS.tsv	36319	selection_expression	x86_64	arch/x86/include/asm/vmxfeatures.h	operative_macro	VMX_FEATURE_APICV	32	PENDING_REVIEW	SOURCE_REVIEWED_VALUE	COMPLETE	vendor/linux/arch/x86/include/asm/vmxfeatures.h;vendor/linux/arch/x86/include/asm/vmxfeatures.h:32;rewrite/configs/x86_64/frozen.config;header_closure=rewrite/metadata/header_closure.tsv;selected=PENDING_REVIEW	425f94c2954b1fe80ebdbf9b29854e89750355df	06d0d31e6d23c7193fb7081b52ed5198be4fc173bef366cc4d7aca501aeee4c8	4f9618f52e639afa12c0cf7eb10152adb7c510a31ddc320f312d7b4bd032a184	0123af9e96b58af4e98b91a2de5608d36b63c67864b9041d3340587f3dbe40d2	cfa8dcf0d81c408de38d4202fe1ce9d9e5e301d1e67439c9530da94b1e64ee3f	7484d7b0dd80f45e18d726b04752827fe28555cc5c1af0e127948380e6688abf
semantic-proposal-v1	SC1-2797d2f89fde9c64a373c39375cc0fed23b0922487f3997d4df80832aa640368	S000758	2	P02	SYMBOLS.tsv	36319	status	x86_64	arch/x86/include/asm/vmxfeatures.h	operative_macro	VMX_FEATURE_APICV	32	PENDING_REVIEW	COMPLETE	COMPLETE	vendor/linux/arch/x86/include/asm/vmxfeatures.h;vendor/linux/arch/x86/include/asm/vmxfeatures.h:32;rewrite/configs/x86_64/frozen.config;header_closure=rewrite/metadata/header_closure.tsv;selected=PENDING_REVIEW	425f94c2954b1fe80ebdbf9b29854e89750355df	06d0d31e6d23c7193fb7081b52ed5198be4fc173bef366cc4d7aca501aeee4c8	4f9618f52e639afa12c0cf7eb10152adb7c510a31ddc320f312d7b4bd032a184	0123af9e96b58af4e98b91a2de5608d36b63c67864b9041d3340587f3dbe40d2	cfa8dcf0d81c408de38d4202fe1ce9d9e5e301d1e67439c9530da94b1e64ee3f	7484d7b0dd80f45e18d726b04752827fe28555cc5c1af0e127948380e6688abf
semantic-proposal-v1	SC1-a84bbc8e3632db71b3257f86dc422c0d22b9edfb3f1d034d2d85a685647a3e31	S000758	2	P02	SYMBOLS.tsv	36320	selection_expression	x86_64	arch/x86/include/asm/vmxfeatures.h	operative_macro	VMX_FEATURE_EPTP_SWITCHING	35	PENDING_REVIEW	SOURCE_REVIEWED_VALUE	COMPLETE	vendor/linux/arch/x86/include/asm/vmxfeatures.h;vendor/linux/arch/x86/include/asm/vmxfeatures.h:35;rewrite/configs/x86_64/frozen.config;header_closure=rewrite/metadata/header_closure.tsv;selected=PENDING_REVIEW	425f94c2954b1fe80ebdbf9b29854e89750355df	06d0d31e6d23c7193fb7081b52ed5198be4fc173bef366cc4d7aca501aeee4c8	4f9618f52e639afa12c0cf7eb10152adb7c510a31ddc320f312d7b4bd032a184	0123af9e96b58af4e98b91a2de5608d36b63c67864b9041d3340587f3dbe40d2	cfa8dcf0d81c408de38d4202fe1ce9d9e5e301d1e67439c9530da94b1e64ee3f	7484d7b0dd80f45e18d726b04752827fe28555cc5c1af0e127948380e6688abf
semantic-proposal-v1	SC1-750b46ad4d3bf1940054685a0c03063a9365941bf983d5f00a951f63be72cf75	S000758	2	P02	SYMBOLS.tsv	36320	status	x86_64	arch/x86/include/asm/vmxfeatures.h	operative_macro	VMX_FEATURE_EPTP_SWITCHING	35	PENDING_REVIEW	COMPLETE	COMPLETE	vendor/linux/arch/x86/include/asm/vmxfeatures.h;vendor/linux/arch/x86/include/asm/vmxfeatures.h:35;rewrite/configs/x86_64/frozen.config;header_closure=rewrite/metadata/header_closure.tsv;selected=PENDING_REVIEW	425f94c2954b1fe80ebdbf9b29854e89750355df	06d0d31e6d23c7193fb7081b52ed5198be4fc173bef366cc4d7aca501aeee4c8	4f9618f52e639afa12c0cf7eb10152adb7c510a31ddc320f312d7b4bd032a184	0123af9e96b58af4e98b91a2de5608d36b63c67864b9041d3340587f3dbe40d2	cfa8dcf0d81c408de38d4202fe1ce9d9e5e301d1e67439c9530da94b1e64ee3f	7484d7b0dd80f45e18d726b04752827fe28555cc5c1af0e127948380e6688abf
semantic-proposal-v1	SC1-032945f74131306ea9ab893676ffa441aa011a746de6acea8f9bc300a5486a38	S000758	2	P02	SYMBOLS.tsv	36321	selection_expression	x86_64	arch/x86/include/asm/vmxfeatures.h	operative_macro	VMX_FEATURE_INTR_WINDOW_EXITING	38	PENDING_REVIEW	SOURCE_REVIEWED_VALUE	COMPLETE	vendor/linux/arch/x86/include/asm/vmxfeatures.h;vendor/linux/arch/x86/include/asm/vmxfeatures.h:38;rewrite/configs/x86_64/frozen.config;header_closure=rewrite/metadata/header_closure.tsv;selected=PENDING_REVIEW	425f94c2954b1fe80ebdbf9b29854e89750355df	06d0d31e6d23c7193fb7081b52ed5198be4fc173bef366cc4d7aca501aeee4c8	4f9618f52e639afa12c0cf7eb10152adb7c510a31ddc320f312d7b4bd032a184	0123af9e96b58af4e98b91a2de5608d36b63c67864b9041d3340587f3dbe40d2	cfa8dcf0d81c408de38d4202fe1ce9d9e5e301d1e67439c9530da94b1e64ee3f	7484d7b0dd80f45e18d726b04752827fe28555cc5c1af0e127948380e6688abf
semantic-proposal-v1	SC1-4207a6e2950430dbb8d8b90bfe149f91566d13beff4653800dfbd28791c1b3d4	S000758	2	P02	SYMBOLS.tsv	36321	status	x86_64	arch/x86/include/asm/vmxfeatures.h	operative_macro	VMX_FEATURE_INTR_WINDOW_EXITING	38	PENDING_REVIEW	COMPLETE	COMPLETE	vendor/linux/arch/x86/include/asm/vmxfeatures.h;vendor/linux/arch/x86/include/asm/vmxfeatures.h:38;rewrite/configs/x86_64/frozen.config;header_closure=rewrite/metadata/header_closure.tsv;selected=PENDING_REVIEW	425f94c2954b1fe80ebdbf9b29854e89750355df	06d0d31e6d23c7193fb7081b52ed5198be4fc173bef366cc4d7aca501aeee4c8	4f9618f52e639afa12c0cf7eb10152adb7c510a31ddc320f312d7b4bd032a184	0123af9e96b58af4e98b91a2de5608d36b63c67864b9041d3340587f3dbe40d2	cfa8dcf0d81c408de38d4202fe1ce9d9e5e301d1e67439c9530da94b1e64ee3f	7484d7b0dd80f45e18d726b04752827fe28555cc5c1af0e127948380e6688abf
semantic-proposal-v1	SC1-c0ec95a241d279da6c47bbeca7cffbd14b8b5e1c42455b5d2811c2567f3e3fca	S000758	2	P02	SYMBOLS.tsv	36322	selection_expression	x86_64	arch/x86/include/asm/vmxfeatures.h	operative_macro	VMX_FEATURE_USE_TSC_OFFSETTING	39	PENDING_REVIEW	SOURCE_REVIEWED_VALUE	COMPLETE	vendor/linux/arch/x86/include/asm/vmxfeatures.h;vendor/linux/arch/x86/include/asm/vmxfeatures.h:39;rewrite/configs/x86_64/frozen.config;header_closure=rewrite/metadata/header_closure.tsv;selected=PENDING_REVIEW	425f94c2954b1fe80ebdbf9b29854e89750355df	06d0d31e6d23c7193fb7081b52ed5198be4fc173bef366cc4d7aca501aeee4c8	4f9618f52e639afa12c0cf7eb10152adb7c510a31ddc320f312d7b4bd032a184	0123af9e96b58af4e98b91a2de5608d36b63c67864b9041d3340587f3dbe40d2	cfa8dcf0d81c408de38d4202fe1ce9d9e5e301d1e67439c9530da94b1e64ee3f	7484d7b0dd80f45e18d726b04752827fe28555cc5c1af0e127948380e6688abf
semantic-proposal-v1	SC1-b42838d0e958075418a8a74cf25bfddd76a872735b24ab37515dfaecb4ce6b63	S000758	2	P02	SYMBOLS.tsv	36322	status	x86_64	arch/x86/include/asm/vmxfeatures.h	operative_macro	VMX_FEATURE_USE_TSC_OFFSETTING	39	PENDING_REVIEW	COMPLETE	COMPLETE	vendor/linux/arch/x86/include/asm/vmxfeatures.h;vendor/linux/arch/x86/include/asm/vmxfeatures.h:39;rewrite/configs/x86_64/frozen.config;header_closure=rewrite/metadata/header_closure.tsv;selected=PENDING_REVIEW	425f94c2954b1fe80ebdbf9b29854e89750355df	06d0d31e6d23c7193fb7081b52ed5198be4fc173bef366cc4d7aca501aeee4c8	4f9618f52e639afa12c0cf7eb10152adb7c510a31ddc320f312d7b4bd032a184	0123af9e96b58af4e98b91a2de5608d36b63c67864b9041d3340587f3dbe40d2	cfa8dcf0d81c408de38d4202fe1ce9d9e5e301d1e67439c9530da94b1e64ee3f	7484d7b0dd80f45e18d726b04752827fe28555cc5c1af0e127948380e6688abf
semantic-proposal-v1	SC1-c4060bf9ca23559936c6722aad3a5ada152069878f7d4873c18a387cb2f8d56d	S000758	2	P02	SYMBOLS.tsv	36323	selection_expression	x86_64	arch/x86/include/asm/vmxfeatures.h	operative_macro	VMX_FEATURE_HLT_EXITING	40	PENDING_REVIEW	SOURCE_REVIEWED_VALUE	COMPLETE	vendor/linux/arch/x86/include/asm/vmxfeatures.h;vendor/linux/arch/x86/include/asm/vmxfeatures.h:40;rewrite/configs/x86_64/frozen.config;header_closure=rewrite/metadata/header_closure.tsv;selected=PENDING_REVIEW	425f94c2954b1fe80ebdbf9b29854e89750355df	06d0d31e6d23c7193fb7081b52ed5198be4fc173bef366cc4d7aca501aeee4c8	4f9618f52e639afa12c0cf7eb10152adb7c510a31ddc320f312d7b4bd032a184	0123af9e96b58af4e98b91a2de5608d36b63c67864b9041d3340587f3dbe40d2	cfa8dcf0d81c408de38d4202fe1ce9d9e5e301d1e67439c9530da94b1e64ee3f	7484d7b0dd80f45e18d726b04752827fe28555cc5c1af0e127948380e6688abf
semantic-proposal-v1	SC1-95326aedb90ecb18b8bbdefadc8a7b1292b5a8558bc165158228ffabe92f3576	S000758	2	P02	SYMBOLS.tsv	36323	status	x86_64	arch/x86/include/asm/vmxfeatures.h	operative_macro	VMX_FEATURE_HLT_EXITING	40	PENDING_REVIEW	COMPLETE	COMPLETE	vendor/linux/arch/x86/include/asm/vmxfeatures.h;vendor/linux/arch/x86/include/asm/vmxfeatures.h:40;rewrite/configs/x86_64/frozen.config;header_closure=rewrite/metadata/header_closure.tsv;selected=PENDING_REVIEW	425f94c2954b1fe80ebdbf9b29854e89750355df	06d0d31e6d23c7193fb7081b52ed5198be4fc173bef366cc4d7aca501aeee4c8	4f9618f52e639afa12c0cf7eb10152adb7c510a31ddc320f312d7b4bd032a184	0123af9e96b58af4e98b91a2de5608d36b63c67864b9041d3340587f3dbe40d2	cfa8dcf0d81c408de38d4202fe1ce9d9e5e301d1e67439c9530da94b1e64ee3f	7484d7b0dd80f45e18d726b04752827fe28555cc5c1af0e127948380e6688abf
semantic-proposal-v1	SC1-91e0e96952fa3f78f1384e16cecc492a8be0676b0c3bdd45edcc284483948abb	S000758	2	P02	SYMBOLS.tsv	36324	selection_expression	x86_64	arch/x86/include/asm/vmxfeatures.h	operative_macro	VMX_FEATURE_INVLPG_EXITING	41	PENDING_REVIEW	SOURCE_REVIEWED_VALUE	COMPLETE	vendor/linux/arch/x86/include/asm/vmxfeatures.h;vendor/linux/arch/x86/include/asm/vmxfeatures.h:41;rewrite/configs/x86_64/frozen.config;header_closure=rewrite/metadata/header_closure.tsv;selected=PENDING_REVIEW	425f94c2954b1fe80ebdbf9b29854e89750355df	06d0d31e6d23c7193fb7081b52ed5198be4fc173bef366cc4d7aca501aeee4c8	4f9618f52e639afa12c0cf7eb10152adb7c510a31ddc320f312d7b4bd032a184	0123af9e96b58af4e98b91a2de5608d36b63c67864b9041d3340587f3dbe40d2	cfa8dcf0d81c408de38d4202fe1ce9d9e5e301d1e67439c9530da94b1e64ee3f	7484d7b0dd80f45e18d726b04752827fe28555cc5c1af0e127948380e6688abf
semantic-proposal-v1	SC1-5e4b49ea00f84539dd816b129d275eda65b5fc122b12b9c598aa315aeffffa51	S000758	2	P02	SYMBOLS.tsv	36324	status	x86_64	arch/x86/include/asm/vmxfeatures.h	operative_macro	VMX_FEATURE_INVLPG_EXITING	41	PENDING_REVIEW	COMPLETE	COMPLETE	vendor/linux/arch/x86/include/asm/vmxfeatures.h;vendor/linux/arch/x86/include/asm/vmxfeatures.h:41;rewrite/configs/x86_64/frozen.config;header_closure=rewrite/metadata/header_closure.tsv;selected=PENDING_REVIEW	425f94c2954b1fe80ebdbf9b29854e89750355df	06d0d31e6d23c7193fb7081b52ed5198be4fc173bef366cc4d7aca501aeee4c8	4f9618f52e639afa12c0cf7eb10152adb7c510a31ddc320f312d7b4bd032a184	0123af9e96b58af4e98b91a2de5608d36b63c67864b9041d3340587f3dbe40d2	cfa8dcf0d81c408de38d4202fe1ce9d9e5e301d1e67439c9530da94b1e64ee3f	7484d7b0dd80f45e18d726b04752827fe28555cc5c1af0e127948380e6688abf
semantic-proposal-v1	SC1-32a4852832e6fdd4dbfcf951fbbd220e813cbdf6772e848559c8dc20b7a507e7	S000758	2	P02	SYMBOLS.tsv	36325	selection_expression	x86_64	arch/x86/include/asm/vmxfeatures.h	operative_macro	VMX_FEATURE_MWAIT_EXITING	42	PENDING_REVIEW	SOURCE_REVIEWED_VALUE	COMPLETE	vendor/linux/arch/x86/include/asm/vmxfeatures.h;vendor/linux/arch/x86/include/asm/vmxfeatures.h:42;rewrite/configs/x86_64/frozen.config;header_closure=rewrite/metadata/header_closure.tsv;selected=PENDING_REVIEW	425f94c2954b1fe80ebdbf9b29854e89750355df	06d0d31e6d23c7193fb7081b52ed5198be4fc173bef366cc4d7aca501aeee4c8	4f9618f52e639afa12c0cf7eb10152adb7c510a31ddc320f312d7b4bd032a184	0123af9e96b58af4e98b91a2de5608d36b63c67864b9041d3340587f3dbe40d2	cfa8dcf0d81c408de38d4202fe1ce9d9e5e301d1e67439c9530da94b1e64ee3f	7484d7b0dd80f45e18d726b04752827fe28555cc5c1af0e127948380e6688abf
semantic-proposal-v1	SC1-f18ce96ab76234941d0d9e8b6f779f47701efd14d2c67fd4736a59244bd38e60	S000758	2	P02	SYMBOLS.tsv	36325	status	x86_64	arch/x86/include/asm/vmxfeatures.h	operative_macro	VMX_FEATURE_MWAIT_EXITING	42	PENDING_REVIEW	COMPLETE	COMPLETE	vendor/linux/arch/x86/include/asm/vmxfeatures.h;vendor/linux/arch/x86/include/asm/vmxfeatures.h:42;rewrite/configs/x86_64/frozen.config;header_closure=rewrite/metadata/header_closure.tsv;selected=PENDING_REVIEW	425f94c2954b1fe80ebdbf9b29854e89750355df	06d0d31e6d23c7193fb7081b52ed5198be4fc173bef366cc4d7aca501aeee4c8	4f9618f52e639afa12c0cf7eb10152adb7c510a31ddc320f312d7b4bd032a184	0123af9e96b58af4e98b91a2de5608d36b63c67864b9041d3340587f3dbe40d2	cfa8dcf0d81c408de38d4202fe1ce9d9e5e301d1e67439c9530da94b1e64ee3f	7484d7b0dd80f45e18d726b04752827fe28555cc5c1af0e127948380e6688abf
semantic-proposal-v1	SC1-532bb442d5bd091c305f094e30c6c9ae9eb3e4c4d1dd14aafe4bf84b40d27447	S000758	2	P02	SYMBOLS.tsv	36326	selection_expression	x86_64	arch/x86/include/asm/vmxfeatures.h	operative_macro	VMX_FEATURE_RDPMC_EXITING	43	PENDING_REVIEW	SOURCE_REVIEWED_VALUE	COMPLETE	vendor/linux/arch/x86/include/asm/vmxfeatures.h;vendor/linux/arch/x86/include/asm/vmxfeatures.h:43;rewrite/configs/x86_64/frozen.config;header_closure=rewrite/metadata/header_closure.tsv;selected=PENDING_REVIEW	425f94c2954b1fe80ebdbf9b29854e89750355df	06d0d31e6d23c7193fb7081b52ed5198be4fc173bef366cc4d7aca501aeee4c8	4f9618f52e639afa12c0cf7eb10152adb7c510a31ddc320f312d7b4bd032a184	0123af9e96b58af4e98b91a2de5608d36b63c67864b9041d3340587f3dbe40d2	cfa8dcf0d81c408de38d4202fe1ce9d9e5e301d1e67439c9530da94b1e64ee3f	7484d7b0dd80f45e18d726b04752827fe28555cc5c1af0e127948380e6688abf
semantic-proposal-v1	SC1-81acd0ba236d0c791e075604f04252ab18143f8c643c0588c25b3c213b56bf69	S000758	2	P02	SYMBOLS.tsv	36326	status	x86_64	arch/x86/include/asm/vmxfeatures.h	operative_macro	VMX_FEATURE_RDPMC_EXITING	43	PENDING_REVIEW	COMPLETE	COMPLETE	vendor/linux/arch/x86/include/asm/vmxfeatures.h;vendor/linux/arch/x86/include/asm/vmxfeatures.h:43;rewrite/configs/x86_64/frozen.config;header_closure=rewrite/metadata/header_closure.tsv;selected=PENDING_REVIEW	425f94c2954b1fe80ebdbf9b29854e89750355df	06d0d31e6d23c7193fb7081b52ed5198be4fc173bef366cc4d7aca501aeee4c8	4f9618f52e639afa12c0cf7eb10152adb7c510a31ddc320f312d7b4bd032a184	0123af9e96b58af4e98b91a2de5608d36b63c67864b9041d3340587f3dbe40d2	cfa8dcf0d81c408de38d4202fe1ce9d9e5e301d1e67439c9530da94b1e64ee3f	7484d7b0dd80f45e18d726b04752827fe28555cc5c1af0e127948380e6688abf
semantic-proposal-v1	SC1-8b89dec51c861cd8abeaaf53fc56dd9c614693641daf24a5e1811020b8c4d1c6	S000758	2	P02	SYMBOLS.tsv	36327	selection_expression	x86_64	arch/x86/include/asm/vmxfeatures.h	operative_macro	VMX_FEATURE_RDTSC_EXITING	44	PENDING_REVIEW	SOURCE_REVIEWED_VALUE	COMPLETE	vendor/linux/arch/x86/include/asm/vmxfeatures.h;vendor/linux/arch/x86/include/asm/vmxfeatures.h:44;rewrite/configs/x86_64/frozen.config;header_closure=rewrite/metadata/header_closure.tsv;selected=PENDING_REVIEW	425f94c2954b1fe80ebdbf9b29854e89750355df	06d0d31e6d23c7193fb7081b52ed5198be4fc173bef366cc4d7aca501aeee4c8	4f9618f52e639afa12c0cf7eb10152adb7c510a31ddc320f312d7b4bd032a184	0123af9e96b58af4e98b91a2de5608d36b63c67864b9041d3340587f3dbe40d2	cfa8dcf0d81c408de38d4202fe1ce9d9e5e301d1e67439c9530da94b1e64ee3f	7484d7b0dd80f45e18d726b04752827fe28555cc5c1af0e127948380e6688abf
semantic-proposal-v1	SC1-d748f539e9a5835a9900d758cd96bb98a9bb3615f022446c98746c7fe477506c	S000758	2	P02	SYMBOLS.tsv	36327	status	x86_64	arch/x86/include/asm/vmxfeatures.h	operative_macro	VMX_FEATURE_RDTSC_EXITING	44	PENDING_REVIEW	COMPLETE	COMPLETE	vendor/linux/arch/x86/include/asm/vmxfeatures.h;vendor/linux/arch/x86/include/asm/vmxfeatures.h:44;rewrite/configs/x86_64/frozen.config;header_closure=rewrite/metadata/header_closure.tsv;selected=PENDING_REVIEW	425f94c2954b1fe80ebdbf9b29854e89750355df	06d0d31e6d23c7193fb7081b52ed5198be4fc173bef366cc4d7aca501aeee4c8	4f9618f52e639afa12c0cf7eb10152adb7c510a31ddc320f312d7b4bd032a184	0123af9e96b58af4e98b91a2de5608d36b63c67864b9041d3340587f3dbe40d2	cfa8dcf0d81c408de38d4202fe1ce9d9e5e301d1e67439c9530da94b1e64ee3f	7484d7b0dd80f45e18d726b04752827fe28555cc5c1af0e127948380e6688abf
semantic-proposal-v1	SC1-3e4285ac771690940f750ce10a8a0f38e1447e76ddaa59b9562e3f455243d15e	S000758	2	P02	SYMBOLS.tsv	36328	selection_expression	x86_64	arch/x86/include/asm/vmxfeatures.h	operative_macro	VMX_FEATURE_CR3_LOAD_EXITING	45	PENDING_REVIEW	SOURCE_REVIEWED_VALUE	COMPLETE	vendor/linux/arch/x86/include/asm/vmxfeatures.h;vendor/linux/arch/x86/include/asm/vmxfeatures.h:45;rewrite/configs/x86_64/frozen.config;header_closure=rewrite/metadata/header_closure.tsv;selected=PENDING_REVIEW	425f94c2954b1fe80ebdbf9b29854e89750355df	06d0d31e6d23c7193fb7081b52ed5198be4fc173bef366cc4d7aca501aeee4c8	4f9618f52e639afa12c0cf7eb10152adb7c510a31ddc320f312d7b4bd032a184	0123af9e96b58af4e98b91a2de5608d36b63c67864b9041d3340587f3dbe40d2	cfa8dcf0d81c408de38d4202fe1ce9d9e5e301d1e67439c9530da94b1e64ee3f	7484d7b0dd80f45e18d726b04752827fe28555cc5c1af0e127948380e6688abf
semantic-proposal-v1	SC1-47fc86298a71efde1970ca1f2a6b27716bc435dc6177117c289c158e67daca40	S000758	2	P02	SYMBOLS.tsv	36328	status	x86_64	arch/x86/include/asm/vmxfeatures.h	operative_macro	VMX_FEATURE_CR3_LOAD_EXITING	45	PENDING_REVIEW	COMPLETE	COMPLETE	vendor/linux/arch/x86/include/asm/vmxfeatures.h;vendor/linux/arch/x86/include/asm/vmxfeatures.h:45;rewrite/configs/x86_64/frozen.config;header_closure=rewrite/metadata/header_closure.tsv;selected=PENDING_REVIEW	425f94c2954b1fe80ebdbf9b29854e89750355df	06d0d31e6d23c7193fb7081b52ed5198be4fc173bef366cc4d7aca501aeee4c8	4f9618f52e639afa12c0cf7eb10152adb7c510a31ddc320f312d7b4bd032a184	0123af9e96b58af4e98b91a2de5608d36b63c67864b9041d3340587f3dbe40d2	cfa8dcf0d81c408de38d4202fe1ce9d9e5e301d1e67439c9530da94b1e64ee3f	7484d7b0dd80f45e18d726b04752827fe28555cc5c1af0e127948380e6688abf
semantic-proposal-v1	SC1-9e51277bd8fc5b32d6bce7836edeeb16b1c3e6846fc5195aa4f4f9884aea14eb	S000758	2	P02	SYMBOLS.tsv	36329	selection_expression	x86_64	arch/x86/include/asm/vmxfeatures.h	operative_macro	VMX_FEATURE_CR3_STORE_EXITING	46	PENDING_REVIEW	SOURCE_REVIEWED_VALUE	COMPLETE	vendor/linux/arch/x86/include/asm/vmxfeatures.h;vendor/linux/arch/x86/include/asm/vmxfeatures.h:46;rewrite/configs/x86_64/frozen.config;header_closure=rewrite/metadata/header_closure.tsv;selected=PENDING_REVIEW	425f94c2954b1fe80ebdbf9b29854e89750355df	06d0d31e6d23c7193fb7081b52ed5198be4fc173bef366cc4d7aca501aeee4c8	4f9618f52e639afa12c0cf7eb10152adb7c510a31ddc320f312d7b4bd032a184	0123af9e96b58af4e98b91a2de5608d36b63c67864b9041d3340587f3dbe40d2	cfa8dcf0d81c408de38d4202fe1ce9d9e5e301d1e67439c9530da94b1e64ee3f	7484d7b0dd80f45e18d726b04752827fe28555cc5c1af0e127948380e6688abf
semantic-proposal-v1	SC1-011267f8ff58a8408598d7088849394bfdfdaa2442f3be8ad9dd1d73894e7a32	S000758	2	P02	SYMBOLS.tsv	36329	status	x86_64	arch/x86/include/asm/vmxfeatures.h	operative_macro	VMX_FEATURE_CR3_STORE_EXITING	46	PENDING_REVIEW	COMPLETE	COMPLETE	vendor/linux/arch/x86/include/asm/vmxfeatures.h;vendor/linux/arch/x86/include/asm/vmxfeatures.h:46;rewrite/configs/x86_64/frozen.config;header_closure=rewrite/metadata/header_closure.tsv;selected=PENDING_REVIEW	425f94c2954b1fe80ebdbf9b29854e89750355df	06d0d31e6d23c7193fb7081b52ed5198be4fc173bef366cc4d7aca501aeee4c8	4f9618f52e639afa12c0cf7eb10152adb7c510a31ddc320f312d7b4bd032a184	0123af9e96b58af4e98b91a2de5608d36b63c67864b9041d3340587f3dbe40d2	cfa8dcf0d81c408de38d4202fe1ce9d9e5e301d1e67439c9530da94b1e64ee3f	7484d7b0dd80f45e18d726b04752827fe28555cc5c1af0e127948380e6688abf
semantic-proposal-v1	SC1-c4e24fa911760243f6a8e325c1c7487afb20685c14b3b4f0112d7296c75f48c7	S000758	2	P02	SYMBOLS.tsv	36330	selection_expression	x86_64	arch/x86/include/asm/vmxfeatures.h	operative_macro	VMX_FEATURE_TERTIARY_CONTROLS	47	PENDING_REVIEW	SOURCE_REVIEWED_VALUE	COMPLETE	vendor/linux/arch/x86/include/asm/vmxfeatures.h;vendor/linux/arch/x86/include/asm/vmxfeatures.h:47;rewrite/configs/x86_64/frozen.config;header_closure=rewrite/metadata/header_closure.tsv;selected=PENDING_REVIEW	425f94c2954b1fe80ebdbf9b29854e89750355df	06d0d31e6d23c7193fb7081b52ed5198be4fc173bef366cc4d7aca501aeee4c8	4f9618f52e639afa12c0cf7eb10152adb7c510a31ddc320f312d7b4bd032a184	0123af9e96b58af4e98b91a2de5608d36b63c67864b9041d3340587f3dbe40d2	cfa8dcf0d81c408de38d4202fe1ce9d9e5e301d1e67439c9530da94b1e64ee3f	7484d7b0dd80f45e18d726b04752827fe28555cc5c1af0e127948380e6688abf
semantic-proposal-v1	SC1-fe2bb157104cf1b3d4be12ecfeaa4f1202b67f1d626f04d1d9435da5fcc5532a	S000758	2	P02	SYMBOLS.tsv	36330	status	x86_64	arch/x86/include/asm/vmxfeatures.h	operative_macro	VMX_FEATURE_TERTIARY_CONTROLS	47	PENDING_REVIEW	COMPLETE	COMPLETE	vendor/linux/arch/x86/include/asm/vmxfeatures.h;vendor/linux/arch/x86/include/asm/vmxfeatures.h:47;rewrite/configs/x86_64/frozen.config;header_closure=rewrite/metadata/header_closure.tsv;selected=PENDING_REVIEW	425f94c2954b1fe80ebdbf9b29854e89750355df	06d0d31e6d23c7193fb7081b52ed5198be4fc173bef366cc4d7aca501aeee4c8	4f9618f52e639afa12c0cf7eb10152adb7c510a31ddc320f312d7b4bd032a184	0123af9e96b58af4e98b91a2de5608d36b63c67864b9041d3340587f3dbe40d2	cfa8dcf0d81c408de38d4202fe1ce9d9e5e301d1e67439c9530da94b1e64ee3f	7484d7b0dd80f45e18d726b04752827fe28555cc5c1af0e127948380e6688abf
semantic-proposal-v1	SC1-fcaa84fc9b3a16a1c69fba7ec0c6655584bfd8795f22884845c4eff215589996	S000758	2	P02	SYMBOLS.tsv	36331	selection_expression	x86_64	arch/x86/include/asm/vmxfeatures.h	operative_macro	VMX_FEATURE_CR8_LOAD_EXITING	48	PENDING_REVIEW	SOURCE_REVIEWED_VALUE	COMPLETE	vendor/linux/arch/x86/include/asm/vmxfeatures.h;vendor/linux/arch/x86/include/asm/vmxfeatures.h:48;rewrite/configs/x86_64/frozen.config;header_closure=rewrite/metadata/header_closure.tsv;selected=PENDING_REVIEW	425f94c2954b1fe80ebdbf9b29854e89750355df	06d0d31e6d23c7193fb7081b52ed5198be4fc173bef366cc4d7aca501aeee4c8	4f9618f52e639afa12c0cf7eb10152adb7c510a31ddc320f312d7b4bd032a184	0123af9e96b58af4e98b91a2de5608d36b63c67864b9041d3340587f3dbe40d2	cfa8dcf0d81c408de38d4202fe1ce9d9e5e301d1e67439c9530da94b1e64ee3f	7484d7b0dd80f45e18d726b04752827fe28555cc5c1af0e127948380e6688abf
semantic-proposal-v1	SC1-5c0d9243ec18116760a2b0b3162b8c6facb69a8497d8e4620c08e2018d46957f	S000758	2	P02	SYMBOLS.tsv	36331	status	x86_64	arch/x86/include/asm/vmxfeatures.h	operative_macro	VMX_FEATURE_CR8_LOAD_EXITING	48	PENDING_REVIEW	COMPLETE	COMPLETE	vendor/linux/arch/x86/include/asm/vmxfeatures.h;vendor/linux/arch/x86/include/asm/vmxfeatures.h:48;rewrite/configs/x86_64/frozen.config;header_closure=rewrite/metadata/header_closure.tsv;selected=PENDING_REVIEW	425f94c2954b1fe80ebdbf9b29854e89750355df	06d0d31e6d23c7193fb7081b52ed5198be4fc173bef366cc4d7aca501aeee4c8	4f9618f52e639afa12c0cf7eb10152adb7c510a31ddc320f312d7b4bd032a184	0123af9e96b58af4e98b91a2de5608d36b63c67864b9041d3340587f3dbe40d2	cfa8dcf0d81c408de38d4202fe1ce9d9e5e301d1e67439c9530da94b1e64ee3f	7484d7b0dd80f45e18d726b04752827fe28555cc5c1af0e127948380e6688abf
semantic-proposal-v1	SC1-cf7dfb92ced335cf10405ec02a96d692e53cccc18a9ea6e0acef371bca775851	S000758	2	P02	SYMBOLS.tsv	36332	selection_expression	x86_64	arch/x86/include/asm/vmxfeatures.h	operative_macro	VMX_FEATURE_CR8_STORE_EXITING	49	PENDING_REVIEW	SOURCE_REVIEWED_VALUE	COMPLETE	vendor/linux/arch/x86/include/asm/vmxfeatures.h;vendor/linux/arch/x86/include/asm/vmxfeatures.h:49;rewrite/configs/x86_64/frozen.config;header_closure=rewrite/metadata/header_closure.tsv;selected=PENDING_REVIEW	425f94c2954b1fe80ebdbf9b29854e89750355df	06d0d31e6d23c7193fb7081b52ed5198be4fc173bef366cc4d7aca501aeee4c8	4f9618f52e639afa12c0cf7eb10152adb7c510a31ddc320f312d7b4bd032a184	0123af9e96b58af4e98b91a2de5608d36b63c67864b9041d3340587f3dbe40d2	cfa8dcf0d81c408de38d4202fe1ce9d9e5e301d1e67439c9530da94b1e64ee3f	7484d7b0dd80f45e18d726b04752827fe28555cc5c1af0e127948380e6688abf
semantic-proposal-v1	SC1-2fd21356ce7dbb51252e918739b2334d8f0ba37859a3602513a85cb13cab0578	S000758	2	P02	SYMBOLS.tsv	36332	status	x86_64	arch/x86/include/asm/vmxfeatures.h	operative_macro	VMX_FEATURE_CR8_STORE_EXITING	49	PENDING_REVIEW	COMPLETE	COMPLETE	vendor/linux/arch/x86/include/asm/vmxfeatures.h;vendor/linux/arch/x86/include/asm/vmxfeatures.h:49;rewrite/configs/x86_64/frozen.config;header_closure=rewrite/metadata/header_closure.tsv;selected=PENDING_REVIEW	425f94c2954b1fe80ebdbf9b29854e89750355df	06d0d31e6d23c7193fb7081b52ed5198be4fc173bef366cc4d7aca501aeee4c8	4f9618f52e639afa12c0cf7eb10152adb7c510a31ddc320f312d7b4bd032a184	0123af9e96b58af4e98b91a2de5608d36b63c67864b9041d3340587f3dbe40d2	cfa8dcf0d81c408de38d4202fe1ce9d9e5e301d1e67439c9530da94b1e64ee3f	7484d7b0dd80f45e18d726b04752827fe28555cc5c1af0e127948380e6688abf
semantic-proposal-v1	SC1-0637696186dfd099224b1752e27a2a341c3e2e81f0dc8c63df0a0ed935c99351	S000758	2	P02	SYMBOLS.tsv	36333	selection_expression	x86_64	arch/x86/include/asm/vmxfeatures.h	operative_macro	VMX_FEATURE_VIRTUAL_TPR	50	PENDING_REVIEW	SOURCE_REVIEWED_VALUE	COMPLETE	vendor/linux/arch/x86/include/asm/vmxfeatures.h;vendor/linux/arch/x86/include/asm/vmxfeatures.h:50;rewrite/configs/x86_64/frozen.config;header_closure=rewrite/metadata/header_closure.tsv;selected=PENDING_REVIEW	425f94c2954b1fe80ebdbf9b29854e89750355df	06d0d31e6d23c7193fb7081b52ed5198be4fc173bef366cc4d7aca501aeee4c8	4f9618f52e639afa12c0cf7eb10152adb7c510a31ddc320f312d7b4bd032a184	0123af9e96b58af4e98b91a2de5608d36b63c67864b9041d3340587f3dbe40d2	cfa8dcf0d81c408de38d4202fe1ce9d9e5e301d1e67439c9530da94b1e64ee3f	7484d7b0dd80f45e18d726b04752827fe28555cc5c1af0e127948380e6688abf
semantic-proposal-v1	SC1-b0cf447ce1a219ca44c0ae3bd0bd6a5d79148c98bdb79e84b182a8add13c6154	S000758	2	P02	SYMBOLS.tsv	36333	status	x86_64	arch/x86/include/asm/vmxfeatures.h	operative_macro	VMX_FEATURE_VIRTUAL_TPR	50	PENDING_REVIEW	COMPLETE	COMPLETE	vendor/linux/arch/x86/include/asm/vmxfeatures.h;vendor/linux/arch/x86/include/asm/vmxfeatures.h:50;rewrite/configs/x86_64/frozen.config;header_closure=rewrite/metadata/header_closure.tsv;selected=PENDING_REVIEW	425f94c2954b1fe80ebdbf9b29854e89750355df	06d0d31e6d23c7193fb7081b52ed5198be4fc173bef366cc4d7aca501aeee4c8	4f9618f52e639afa12c0cf7eb10152adb7c510a31ddc320f312d7b4bd032a184	0123af9e96b58af4e98b91a2de5608d36b63c67864b9041d3340587f3dbe40d2	cfa8dcf0d81c408de38d4202fe1ce9d9e5e301d1e67439c9530da94b1e64ee3f	7484d7b0dd80f45e18d726b04752827fe28555cc5c1af0e127948380e6688abf
semantic-proposal-v1	SC1-d87d5422bb56abcdbfae4f07f2c47d67761897ac4d34b5da2870531e22df8c06	S000758	2	P02	SYMBOLS.tsv	36334	selection_expression	x86_64	arch/x86/include/asm/vmxfeatures.h	operative_macro	VMX_FEATURE_NMI_WINDOW_EXITING	51	PENDING_REVIEW	SOURCE_REVIEWED_VALUE	COMPLETE	vendor/linux/arch/x86/include/asm/vmxfeatures.h;vendor/linux/arch/x86/include/asm/vmxfeatures.h:51;rewrite/configs/x86_64/frozen.config;header_closure=rewrite/metadata/header_closure.tsv;selected=PENDING_REVIEW	425f94c2954b1fe80ebdbf9b29854e89750355df	06d0d31e6d23c7193fb7081b52ed5198be4fc173bef366cc4d7aca501aeee4c8	4f9618f52e639afa12c0cf7eb10152adb7c510a31ddc320f312d7b4bd032a184	0123af9e96b58af4e98b91a2de5608d36b63c67864b9041d3340587f3dbe40d2	cfa8dcf0d81c408de38d4202fe1ce9d9e5e301d1e67439c9530da94b1e64ee3f	7484d7b0dd80f45e18d726b04752827fe28555cc5c1af0e127948380e6688abf
semantic-proposal-v1	SC1-880b6aed5dad30928300094f9bd8cfb6b8406ec33ca60b9c031e482943991397	S000758	2	P02	SYMBOLS.tsv	36334	status	x86_64	arch/x86/include/asm/vmxfeatures.h	operative_macro	VMX_FEATURE_NMI_WINDOW_EXITING	51	PENDING_REVIEW	COMPLETE	COMPLETE	vendor/linux/arch/x86/include/asm/vmxfeatures.h;vendor/linux/arch/x86/include/asm/vmxfeatures.h:51;rewrite/configs/x86_64/frozen.config;header_closure=rewrite/metadata/header_closure.tsv;selected=PENDING_REVIEW	425f94c2954b1fe80ebdbf9b29854e89750355df	06d0d31e6d23c7193fb7081b52ed5198be4fc173bef366cc4d7aca501aeee4c8	4f9618f52e639afa12c0cf7eb10152adb7c510a31ddc320f312d7b4bd032a184	0123af9e96b58af4e98b91a2de5608d36b63c67864b9041d3340587f3dbe40d2	cfa8dcf0d81c408de38d4202fe1ce9d9e5e301d1e67439c9530da94b1e64ee3f	7484d7b0dd80f45e18d726b04752827fe28555cc5c1af0e127948380e6688abf
semantic-proposal-v1	SC1-77fd1aaeb91818e4063cef59194ef4a02f3f99e4e307c90f46f4016e977d6901	S000758	2	P02	SYMBOLS.tsv	36335	selection_expression	x86_64	arch/x86/include/asm/vmxfeatures.h	operative_macro	VMX_FEATURE_MOV_DR_EXITING	52	PENDING_REVIEW	SOURCE_REVIEWED_VALUE	COMPLETE	vendor/linux/arch/x86/include/asm/vmxfeatures.h;vendor/linux/arch/x86/include/asm/vmxfeatures.h:52;rewrite/configs/x86_64/frozen.config;header_closure=rewrite/metadata/header_closure.tsv;selected=PENDING_REVIEW	425f94c2954b1fe80ebdbf9b29854e89750355df	06d0d31e6d23c7193fb7081b52ed5198be4fc173bef366cc4d7aca501aeee4c8	4f9618f52e639afa12c0cf7eb10152adb7c510a31ddc320f312d7b4bd032a184	0123af9e96b58af4e98b91a2de5608d36b63c67864b9041d3340587f3dbe40d2	cfa8dcf0d81c408de38d4202fe1ce9d9e5e301d1e67439c9530da94b1e64ee3f	7484d7b0dd80f45e18d726b04752827fe28555cc5c1af0e127948380e6688abf
semantic-proposal-v1	SC1-ab0e13ccd711d982b455ae3e0c2c35bed245e39066558306aed1f78895ba7676	S000758	2	P02	SYMBOLS.tsv	36335	status	x86_64	arch/x86/include/asm/vmxfeatures.h	operative_macro	VMX_FEATURE_MOV_DR_EXITING	52	PENDING_REVIEW	COMPLETE	COMPLETE	vendor/linux/arch/x86/include/asm/vmxfeatures.h;vendor/linux/arch/x86/include/asm/vmxfeatures.h:52;rewrite/configs/x86_64/frozen.config;header_closure=rewrite/metadata/header_closure.tsv;selected=PENDING_REVIEW	425f94c2954b1fe80ebdbf9b29854e89750355df	06d0d31e6d23c7193fb7081b52ed5198be4fc173bef366cc4d7aca501aeee4c8	4f9618f52e639afa12c0cf7eb10152adb7c510a31ddc320f312d7b4bd032a184	0123af9e96b58af4e98b91a2de5608d36b63c67864b9041d3340587f3dbe40d2	cfa8dcf0d81c408de38d4202fe1ce9d9e5e301d1e67439c9530da94b1e64ee3f	7484d7b0dd80f45e18d726b04752827fe28555cc5c1af0e127948380e6688abf
semantic-proposal-v1	SC1-dd255c4d6946d55b3a47f741a1f9b048b0b24af6b30527b54f04629b99b352e5	S000758	2	P02	SYMBOLS.tsv	36336	selection_expression	x86_64	arch/x86/include/asm/vmxfeatures.h	operative_macro	VMX_FEATURE_UNCOND_IO_EXITING	53	PENDING_REVIEW	SOURCE_REVIEWED_VALUE	COMPLETE	vendor/linux/arch/x86/include/asm/vmxfeatures.h;vendor/linux/arch/x86/include/asm/vmxfeatures.h:53;rewrite/configs/x86_64/frozen.config;header_closure=rewrite/metadata/header_closure.tsv;selected=PENDING_REVIEW	425f94c2954b1fe80ebdbf9b29854e89750355df	06d0d31e6d23c7193fb7081b52ed5198be4fc173bef366cc4d7aca501aeee4c8	4f9618f52e639afa12c0cf7eb10152adb7c510a31ddc320f312d7b4bd032a184	0123af9e96b58af4e98b91a2de5608d36b63c67864b9041d3340587f3dbe40d2	cfa8dcf0d81c408de38d4202fe1ce9d9e5e301d1e67439c9530da94b1e64ee3f	7484d7b0dd80f45e18d726b04752827fe28555cc5c1af0e127948380e6688abf
semantic-proposal-v1	SC1-ea1ede7eeee9a16483c7f5d8557484e6eb948d776926bec3f9f122d0f6cfbf00	S000758	2	P02	SYMBOLS.tsv	36336	status	x86_64	arch/x86/include/asm/vmxfeatures.h	operative_macro	VMX_FEATURE_UNCOND_IO_EXITING	53	PENDING_REVIEW	COMPLETE	COMPLETE	vendor/linux/arch/x86/include/asm/vmxfeatures.h;vendor/linux/arch/x86/include/asm/vmxfeatures.h:53;rewrite/configs/x86_64/frozen.config;header_closure=rewrite/metadata/header_closure.tsv;selected=PENDING_REVIEW	425f94c2954b1fe80ebdbf9b29854e89750355df	06d0d31e6d23c7193fb7081b52ed5198be4fc173bef366cc4d7aca501aeee4c8	4f9618f52e639afa12c0cf7eb10152adb7c510a31ddc320f312d7b4bd032a184	0123af9e96b58af4e98b91a2de5608d36b63c67864b9041d3340587f3dbe40d2	cfa8dcf0d81c408de38d4202fe1ce9d9e5e301d1e67439c9530da94b1e64ee3f	7484d7b0dd80f45e18d726b04752827fe28555cc5c1af0e127948380e6688abf
semantic-proposal-v1	SC1-085bac0df2af3a3fde3db462c23d2caa77a3f88dd4b42790d0b19ce7a5a86f37	S000758	2	P02	SYMBOLS.tsv	36337	selection_expression	x86_64	arch/x86/include/asm/vmxfeatures.h	operative_macro	VMX_FEATURE_USE_IO_BITMAPS	54	PENDING_REVIEW	SOURCE_REVIEWED_VALUE	COMPLETE	vendor/linux/arch/x86/include/asm/vmxfeatures.h;vendor/linux/arch/x86/include/asm/vmxfeatures.h:54;rewrite/configs/x86_64/frozen.config;header_closure=rewrite/metadata/header_closure.tsv;selected=PENDING_REVIEW	425f94c2954b1fe80ebdbf9b29854e89750355df	06d0d31e6d23c7193fb7081b52ed5198be4fc173bef366cc4d7aca501aeee4c8	4f9618f52e639afa12c0cf7eb10152adb7c510a31ddc320f312d7b4bd032a184	0123af9e96b58af4e98b91a2de5608d36b63c67864b9041d3340587f3dbe40d2	cfa8dcf0d81c408de38d4202fe1ce9d9e5e301d1e67439c9530da94b1e64ee3f	7484d7b0dd80f45e18d726b04752827fe28555cc5c1af0e127948380e6688abf
semantic-proposal-v1	SC1-86a197d701c7c65897b3f0d53d2aad8338050f1fec61358138c38ab50bbb491c	S000758	2	P02	SYMBOLS.tsv	36337	status	x86_64	arch/x86/include/asm/vmxfeatures.h	operative_macro	VMX_FEATURE_USE_IO_BITMAPS	54	PENDING_REVIEW	COMPLETE	COMPLETE	vendor/linux/arch/x86/include/asm/vmxfeatures.h;vendor/linux/arch/x86/include/asm/vmxfeatures.h:54;rewrite/configs/x86_64/frozen.config;header_closure=rewrite/metadata/header_closure.tsv;selected=PENDING_REVIEW	425f94c2954b1fe80ebdbf9b29854e89750355df	06d0d31e6d23c7193fb7081b52ed5198be4fc173bef366cc4d7aca501aeee4c8	4f9618f52e639afa12c0cf7eb10152adb7c510a31ddc320f312d7b4bd032a184	0123af9e96b58af4e98b91a2de5608d36b63c67864b9041d3340587f3dbe40d2	cfa8dcf0d81c408de38d4202fe1ce9d9e5e301d1e67439c9530da94b1e64ee3f	7484d7b0dd80f45e18d726b04752827fe28555cc5c1af0e127948380e6688abf
semantic-proposal-v1	SC1-f3cf0a62acbc5f007c31ecfcdfacdc1ac8f69c470733bd747b82d8040adea4f4	S000758	2	P02	SYMBOLS.tsv	36338	selection_expression	x86_64	arch/x86/include/asm/vmxfeatures.h	operative_macro	VMX_FEATURE_MONITOR_TRAP_FLAG	55	PENDING_REVIEW	SOURCE_REVIEWED_VALUE	COMPLETE	vendor/linux/arch/x86/include/asm/vmxfeatures.h;vendor/linux/arch/x86/include/asm/vmxfeatures.h:55;rewrite/configs/x86_64/frozen.config;header_closure=rewrite/metadata/header_closure.tsv;selected=PENDING_REVIEW	425f94c2954b1fe80ebdbf9b29854e89750355df	06d0d31e6d23c7193fb7081b52ed5198be4fc173bef366cc4d7aca501aeee4c8	4f9618f52e639afa12c0cf7eb10152adb7c510a31ddc320f312d7b4bd032a184	0123af9e96b58af4e98b91a2de5608d36b63c67864b9041d3340587f3dbe40d2	cfa8dcf0d81c408de38d4202fe1ce9d9e5e301d1e67439c9530da94b1e64ee3f	7484d7b0dd80f45e18d726b04752827fe28555cc5c1af0e127948380e6688abf
semantic-proposal-v1	SC1-98fb6a02ef3bda403cb0793e08bea56ac061f96073bd8dd89756b5ebb451c406	S000758	2	P02	SYMBOLS.tsv	36338	status	x86_64	arch/x86/include/asm/vmxfeatures.h	operative_macro	VMX_FEATURE_MONITOR_TRAP_FLAG	55	PENDING_REVIEW	COMPLETE	COMPLETE	vendor/linux/arch/x86/include/asm/vmxfeatures.h;vendor/linux/arch/x86/include/asm/vmxfeatures.h:55;rewrite/configs/x86_64/frozen.config;header_closure=rewrite/metadata/header_closure.tsv;selected=PENDING_REVIEW	425f94c2954b1fe80ebdbf9b29854e89750355df	06d0d31e6d23c7193fb7081b52ed5198be4fc173bef366cc4d7aca501aeee4c8	4f9618f52e639afa12c0cf7eb10152adb7c510a31ddc320f312d7b4bd032a184	0123af9e96b58af4e98b91a2de5608d36b63c67864b9041d3340587f3dbe40d2	cfa8dcf0d81c408de38d4202fe1ce9d9e5e301d1e67439c9530da94b1e64ee3f	7484d7b0dd80f45e18d726b04752827fe28555cc5c1af0e127948380e6688abf
semantic-proposal-v1	SC1-dd324fe10bbba99af5782cc381e3f1f894c172a7675efb2197f6448e5b906afe	S000758	2	P02	SYMBOLS.tsv	36339	selection_expression	x86_64	arch/x86/include/asm/vmxfeatures.h	operative_macro	VMX_FEATURE_USE_MSR_BITMAPS	56	PENDING_REVIEW	SOURCE_REVIEWED_VALUE	COMPLETE	vendor/linux/arch/x86/include/asm/vmxfeatures.h;vendor/linux/arch/x86/include/asm/vmxfeatures.h:56;rewrite/configs/x86_64/frozen.config;header_closure=rewrite/metadata/header_closure.tsv;selected=PENDING_REVIEW	425f94c2954b1fe80ebdbf9b29854e89750355df	06d0d31e6d23c7193fb7081b52ed5198be4fc173bef366cc4d7aca501aeee4c8	4f9618f52e639afa12c0cf7eb10152adb7c510a31ddc320f312d7b4bd032a184	0123af9e96b58af4e98b91a2de5608d36b63c67864b9041d3340587f3dbe40d2	cfa8dcf0d81c408de38d4202fe1ce9d9e5e301d1e67439c9530da94b1e64ee3f	7484d7b0dd80f45e18d726b04752827fe28555cc5c1af0e127948380e6688abf
semantic-proposal-v1	SC1-2a05ad81bac3d1799f45cfcac53ff51f35844f578c91e8a790319431c521767b	S000758	2	P02	SYMBOLS.tsv	36339	status	x86_64	arch/x86/include/asm/vmxfeatures.h	operative_macro	VMX_FEATURE_USE_MSR_BITMAPS	56	PENDING_REVIEW	COMPLETE	COMPLETE	vendor/linux/arch/x86/include/asm/vmxfeatures.h;vendor/linux/arch/x86/include/asm/vmxfeatures.h:56;rewrite/configs/x86_64/frozen.config;header_closure=rewrite/metadata/header_closure.tsv;selected=PENDING_REVIEW	425f94c2954b1fe80ebdbf9b29854e89750355df	06d0d31e6d23c7193fb7081b52ed5198be4fc173bef366cc4d7aca501aeee4c8	4f9618f52e639afa12c0cf7eb10152adb7c510a31ddc320f312d7b4bd032a184	0123af9e96b58af4e98b91a2de5608d36b63c67864b9041d3340587f3dbe40d2	cfa8dcf0d81c408de38d4202fe1ce9d9e5e301d1e67439c9530da94b1e64ee3f	7484d7b0dd80f45e18d726b04752827fe28555cc5c1af0e127948380e6688abf
semantic-proposal-v1	SC1-cac974a814a5d51224a1232112b89f3ec53c0e6a160b3ecb47945d4abc0b4f02	S000758	2	P02	SYMBOLS.tsv	36340	selection_expression	x86_64	arch/x86/include/asm/vmxfeatures.h	operative_macro	VMX_FEATURE_MONITOR_EXITING	57	PENDING_REVIEW	SOURCE_REVIEWED_VALUE	COMPLETE	vendor/linux/arch/x86/include/asm/vmxfeatures.h;vendor/linux/arch/x86/include/asm/vmxfeatures.h:57;rewrite/configs/x86_64/frozen.config;header_closure=rewrite/metadata/header_closure.tsv;selected=PENDING_REVIEW	425f94c2954b1fe80ebdbf9b29854e89750355df	06d0d31e6d23c7193fb7081b52ed5198be4fc173bef366cc4d7aca501aeee4c8	4f9618f52e639afa12c0cf7eb10152adb7c510a31ddc320f312d7b4bd032a184	0123af9e96b58af4e98b91a2de5608d36b63c67864b9041d3340587f3dbe40d2	cfa8dcf0d81c408de38d4202fe1ce9d9e5e301d1e67439c9530da94b1e64ee3f	7484d7b0dd80f45e18d726b04752827fe28555cc5c1af0e127948380e6688abf
semantic-proposal-v1	SC1-53c5a6494b932190e59157c54fc1247c2712bef5bc0ea9b55ed1fe45b3aa2dae	S000758	2	P02	SYMBOLS.tsv	36340	status	x86_64	arch/x86/include/asm/vmxfeatures.h	operative_macro	VMX_FEATURE_MONITOR_EXITING	57	PENDING_REVIEW	COMPLETE	COMPLETE	vendor/linux/arch/x86/include/asm/vmxfeatures.h;vendor/linux/arch/x86/include/asm/vmxfeatures.h:57;rewrite/configs/x86_64/frozen.config;header_closure=rewrite/metadata/header_closure.tsv;selected=PENDING_REVIEW	425f94c2954b1fe80ebdbf9b29854e89750355df	06d0d31e6d23c7193fb7081b52ed5198be4fc173bef366cc4d7aca501aeee4c8	4f9618f52e639afa12c0cf7eb10152adb7c510a31ddc320f312d7b4bd032a184	0123af9e96b58af4e98b91a2de5608d36b63c67864b9041d3340587f3dbe40d2	cfa8dcf0d81c408de38d4202fe1ce9d9e5e301d1e67439c9530da94b1e64ee3f	7484d7b0dd80f45e18d726b04752827fe28555cc5c1af0e127948380e6688abf
semantic-proposal-v1	SC1-440485d72d06fad3d24a82871c7a3f77fe1f8f269ddbffaac1d2b61edc48ad07	S000758	2	P02	SYMBOLS.tsv	36341	selection_expression	x86_64	arch/x86/include/asm/vmxfeatures.h	operative_macro	VMX_FEATURE_PAUSE_EXITING	58	PENDING_REVIEW	SOURCE_REVIEWED_VALUE	COMPLETE	vendor/linux/arch/x86/include/asm/vmxfeatures.h;vendor/linux/arch/x86/include/asm/vmxfeatures.h:58;rewrite/configs/x86_64/frozen.config;header_closure=rewrite/metadata/header_closure.tsv;selected=PENDING_REVIEW	425f94c2954b1fe80ebdbf9b29854e89750355df	06d0d31e6d23c7193fb7081b52ed5198be4fc173bef366cc4d7aca501aeee4c8	4f9618f52e639afa12c0cf7eb10152adb7c510a31ddc320f312d7b4bd032a184	0123af9e96b58af4e98b91a2de5608d36b63c67864b9041d3340587f3dbe40d2	cfa8dcf0d81c408de38d4202fe1ce9d9e5e301d1e67439c9530da94b1e64ee3f	7484d7b0dd80f45e18d726b04752827fe28555cc5c1af0e127948380e6688abf
semantic-proposal-v1	SC1-bbd616a22aefdb22fb418393eb280a555f1d67bd13ac1ca034d7cb2752f5b3cc	S000758	2	P02	SYMBOLS.tsv	36341	status	x86_64	arch/x86/include/asm/vmxfeatures.h	operative_macro	VMX_FEATURE_PAUSE_EXITING	58	PENDING_REVIEW	COMPLETE	COMPLETE	vendor/linux/arch/x86/include/asm/vmxfeatures.h;vendor/linux/arch/x86/include/asm/vmxfeatures.h:58;rewrite/configs/x86_64/frozen.config;header_closure=rewrite/metadata/header_closure.tsv;selected=PENDING_REVIEW	425f94c2954b1fe80ebdbf9b29854e89750355df	06d0d31e6d23c7193fb7081b52ed5198be4fc173bef366cc4d7aca501aeee4c8	4f9618f52e639afa12c0cf7eb10152adb7c510a31ddc320f312d7b4bd032a184	0123af9e96b58af4e98b91a2de5608d36b63c67864b9041d3340587f3dbe40d2	cfa8dcf0d81c408de38d4202fe1ce9d9e5e301d1e67439c9530da94b1e64ee3f	7484d7b0dd80f45e18d726b04752827fe28555cc5c1af0e127948380e6688abf
semantic-proposal-v1	SC1-e1006e117b809995dc742a64f8b73ef0411f4747baf41d7158ef2a40610bc0fc	S000758	2	P02	SYMBOLS.tsv	36342	selection_expression	x86_64	arch/x86/include/asm/vmxfeatures.h	operative_macro	VMX_FEATURE_SEC_CONTROLS	59	PENDING_REVIEW	SOURCE_REVIEWED_VALUE	COMPLETE	vendor/linux/arch/x86/include/asm/vmxfeatures.h;vendor/linux/arch/x86/include/asm/vmxfeatures.h:59;rewrite/configs/x86_64/frozen.config;header_closure=rewrite/metadata/header_closure.tsv;selected=PENDING_REVIEW	425f94c2954b1fe80ebdbf9b29854e89750355df	06d0d31e6d23c7193fb7081b52ed5198be4fc173bef366cc4d7aca501aeee4c8	4f9618f52e639afa12c0cf7eb10152adb7c510a31ddc320f312d7b4bd032a184	0123af9e96b58af4e98b91a2de5608d36b63c67864b9041d3340587f3dbe40d2	cfa8dcf0d81c408de38d4202fe1ce9d9e5e301d1e67439c9530da94b1e64ee3f	7484d7b0dd80f45e18d726b04752827fe28555cc5c1af0e127948380e6688abf
semantic-proposal-v1	SC1-abf42846f9bcdcb0c7da41a42dc0bb8b4ef4a7975e796b7e4e63004c76942f71	S000758	2	P02	SYMBOLS.tsv	36342	status	x86_64	arch/x86/include/asm/vmxfeatures.h	operative_macro	VMX_FEATURE_SEC_CONTROLS	59	PENDING_REVIEW	COMPLETE	COMPLETE	vendor/linux/arch/x86/include/asm/vmxfeatures.h;vendor/linux/arch/x86/include/asm/vmxfeatures.h:59;rewrite/configs/x86_64/frozen.config;header_closure=rewrite/metadata/header_closure.tsv;selected=PENDING_REVIEW	425f94c2954b1fe80ebdbf9b29854e89750355df	06d0d31e6d23c7193fb7081b52ed5198be4fc173bef366cc4d7aca501aeee4c8	4f9618f52e639afa12c0cf7eb10152adb7c510a31ddc320f312d7b4bd032a184	0123af9e96b58af4e98b91a2de5608d36b63c67864b9041d3340587f3dbe40d2	cfa8dcf0d81c408de38d4202fe1ce9d9e5e301d1e67439c9530da94b1e64ee3f	7484d7b0dd80f45e18d726b04752827fe28555cc5c1af0e127948380e6688abf
semantic-proposal-v1	SC1-b39ccb9cbf6ffc0ec0d873fd0e048133a43958e56b4f91c3be024c67e3c333ab	S000758	2	P02	SYMBOLS.tsv	36343	selection_expression	x86_64	arch/x86/include/asm/vmxfeatures.h	operative_macro	VMX_FEATURE_VIRT_APIC_ACCESSES	62	PENDING_REVIEW	SOURCE_REVIEWED_VALUE	COMPLETE	vendor/linux/arch/x86/include/asm/vmxfeatures.h;vendor/linux/arch/x86/include/asm/vmxfeatures.h:62;rewrite/configs/x86_64/frozen.config;header_closure=rewrite/metadata/header_closure.tsv;selected=PENDING_REVIEW	425f94c2954b1fe80ebdbf9b29854e89750355df	06d0d31e6d23c7193fb7081b52ed5198be4fc173bef366cc4d7aca501aeee4c8	4f9618f52e639afa12c0cf7eb10152adb7c510a31ddc320f312d7b4bd032a184	0123af9e96b58af4e98b91a2de5608d36b63c67864b9041d3340587f3dbe40d2	cfa8dcf0d81c408de38d4202fe1ce9d9e5e301d1e67439c9530da94b1e64ee3f	7484d7b0dd80f45e18d726b04752827fe28555cc5c1af0e127948380e6688abf
semantic-proposal-v1	SC1-f6c5915aee11e445cb7773b9e83aaa7b3818fee466ad8012693a787cafc89feb	S000758	2	P02	SYMBOLS.tsv	36343	status	x86_64	arch/x86/include/asm/vmxfeatures.h	operative_macro	VMX_FEATURE_VIRT_APIC_ACCESSES	62	PENDING_REVIEW	COMPLETE	COMPLETE	vendor/linux/arch/x86/include/asm/vmxfeatures.h;vendor/linux/arch/x86/include/asm/vmxfeatures.h:62;rewrite/configs/x86_64/frozen.config;header_closure=rewrite/metadata/header_closure.tsv;selected=PENDING_REVIEW	425f94c2954b1fe80ebdbf9b29854e89750355df	06d0d31e6d23c7193fb7081b52ed5198be4fc173bef366cc4d7aca501aeee4c8	4f9618f52e639afa12c0cf7eb10152adb7c510a31ddc320f312d7b4bd032a184	0123af9e96b58af4e98b91a2de5608d36b63c67864b9041d3340587f3dbe40d2	cfa8dcf0d81c408de38d4202fe1ce9d9e5e301d1e67439c9530da94b1e64ee3f	7484d7b0dd80f45e18d726b04752827fe28555cc5c1af0e127948380e6688abf
semantic-proposal-v1	SC1-a1c0dd76dcc7b0633d80ab2833ae63a3ea5ee8977e797919cc452f5d13b68b2a	S000758	2	P02	SYMBOLS.tsv	36344	selection_expression	x86_64	arch/x86/include/asm/vmxfeatures.h	operative_macro	VMX_FEATURE_EPT	63	PENDING_REVIEW	SOURCE_REVIEWED_VALUE	COMPLETE	vendor/linux/arch/x86/include/asm/vmxfeatures.h;vendor/linux/arch/x86/include/asm/vmxfeatures.h:63;rewrite/configs/x86_64/frozen.config;header_closure=rewrite/metadata/header_closure.tsv;selected=PENDING_REVIEW	425f94c2954b1fe80ebdbf9b29854e89750355df	06d0d31e6d23c7193fb7081b52ed5198be4fc173bef366cc4d7aca501aeee4c8	4f9618f52e639afa12c0cf7eb10152adb7c510a31ddc320f312d7b4bd032a184	0123af9e96b58af4e98b91a2de5608d36b63c67864b9041d3340587f3dbe40d2	cfa8dcf0d81c408de38d4202fe1ce9d9e5e301d1e67439c9530da94b1e64ee3f	7484d7b0dd80f45e18d726b04752827fe28555cc5c1af0e127948380e6688abf
semantic-proposal-v1	SC1-bb82f344ceb7f5ae221cf27a251453ad20a0c5f07291e4258a28a7d96a338759	S000758	2	P02	SYMBOLS.tsv	36344	status	x86_64	arch/x86/include/asm/vmxfeatures.h	operative_macro	VMX_FEATURE_EPT	63	PENDING_REVIEW	COMPLETE	COMPLETE	vendor/linux/arch/x86/include/asm/vmxfeatures.h;vendor/linux/arch/x86/include/asm/vmxfeatures.h:63;rewrite/configs/x86_64/frozen.config;header_closure=rewrite/metadata/header_closure.tsv;selected=PENDING_REVIEW	425f94c2954b1fe80ebdbf9b29854e89750355df	06d0d31e6d23c7193fb7081b52ed5198be4fc173bef366cc4d7aca501aeee4c8	4f9618f52e639afa12c0cf7eb10152adb7c510a31ddc320f312d7b4bd032a184	0123af9e96b58af4e98b91a2de5608d36b63c67864b9041d3340587f3dbe40d2	cfa8dcf0d81c408de38d4202fe1ce9d9e5e301d1e67439c9530da94b1e64ee3f	7484d7b0dd80f45e18d726b04752827fe28555cc5c1af0e127948380e6688abf
semantic-proposal-v1	SC1-daf7a446aecf833ceff36b6382efba0b200602afaf345bf73946f259aaca496f	S000758	2	P02	SYMBOLS.tsv	36345	selection_expression	x86_64	arch/x86/include/asm/vmxfeatures.h	operative_macro	VMX_FEATURE_DESC_EXITING	64	PENDING_REVIEW	SOURCE_REVIEWED_VALUE	COMPLETE	vendor/linux/arch/x86/include/asm/vmxfeatures.h;vendor/linux/arch/x86/include/asm/vmxfeatures.h:64;rewrite/configs/x86_64/frozen.config;header_closure=rewrite/metadata/header_closure.tsv;selected=PENDING_REVIEW	425f94c2954b1fe80ebdbf9b29854e89750355df	06d0d31e6d23c7193fb7081b52ed5198be4fc173bef366cc4d7aca501aeee4c8	4f9618f52e639afa12c0cf7eb10152adb7c510a31ddc320f312d7b4bd032a184	0123af9e96b58af4e98b91a2de5608d36b63c67864b9041d3340587f3dbe40d2	cfa8dcf0d81c408de38d4202fe1ce9d9e5e301d1e67439c9530da94b1e64ee3f	7484d7b0dd80f45e18d726b04752827fe28555cc5c1af0e127948380e6688abf
semantic-proposal-v1	SC1-8731793aeebb8c79775c664ea0f0089c447a5a08cadf26c8959f1420928f05ae	S000758	2	P02	SYMBOLS.tsv	36345	status	x86_64	arch/x86/include/asm/vmxfeatures.h	operative_macro	VMX_FEATURE_DESC_EXITING	64	PENDING_REVIEW	COMPLETE	COMPLETE	vendor/linux/arch/x86/include/asm/vmxfeatures.h;vendor/linux/arch/x86/include/asm/vmxfeatures.h:64;rewrite/configs/x86_64/frozen.config;header_closure=rewrite/metadata/header_closure.tsv;selected=PENDING_REVIEW	425f94c2954b1fe80ebdbf9b29854e89750355df	06d0d31e6d23c7193fb7081b52ed5198be4fc173bef366cc4d7aca501aeee4c8	4f9618f52e639afa12c0cf7eb10152adb7c510a31ddc320f312d7b4bd032a184	0123af9e96b58af4e98b91a2de5608d36b63c67864b9041d3340587f3dbe40d2	cfa8dcf0d81c408de38d4202fe1ce9d9e5e301d1e67439c9530da94b1e64ee3f	7484d7b0dd80f45e18d726b04752827fe28555cc5c1af0e127948380e6688abf
semantic-proposal-v1	SC1-492b510856f3d342f4ee83c332800d5c47b62bb5d41beea16876e6049520c22c	S000758	2	P02	SYMBOLS.tsv	36346	selection_expression	x86_64	arch/x86/include/asm/vmxfeatures.h	operative_macro	VMX_FEATURE_RDTSCP	65	PENDING_REVIEW	SOURCE_REVIEWED_VALUE	COMPLETE	vendor/linux/arch/x86/include/asm/vmxfeatures.h;vendor/linux/arch/x86/include/asm/vmxfeatures.h:65;rewrite/configs/x86_64/frozen.config;header_closure=rewrite/metadata/header_closure.tsv;selected=PENDING_REVIEW	425f94c2954b1fe80ebdbf9b29854e89750355df	06d0d31e6d23c7193fb7081b52ed5198be4fc173bef366cc4d7aca501aeee4c8	4f9618f52e639afa12c0cf7eb10152adb7c510a31ddc320f312d7b4bd032a184	0123af9e96b58af4e98b91a2de5608d36b63c67864b9041d3340587f3dbe40d2	cfa8dcf0d81c408de38d4202fe1ce9d9e5e301d1e67439c9530da94b1e64ee3f	7484d7b0dd80f45e18d726b04752827fe28555cc5c1af0e127948380e6688abf
semantic-proposal-v1	SC1-9125aae585efed74765056dd12d6400a30d20e448812f15d6aba0f6e1a426327	S000758	2	P02	SYMBOLS.tsv	36346	status	x86_64	arch/x86/include/asm/vmxfeatures.h	operative_macro	VMX_FEATURE_RDTSCP	65	PENDING_REVIEW	COMPLETE	COMPLETE	vendor/linux/arch/x86/include/asm/vmxfeatures.h;vendor/linux/arch/x86/include/asm/vmxfeatures.h:65;rewrite/configs/x86_64/frozen.config;header_closure=rewrite/metadata/header_closure.tsv;selected=PENDING_REVIEW	425f94c2954b1fe80ebdbf9b29854e89750355df	06d0d31e6d23c7193fb7081b52ed5198be4fc173bef366cc4d7aca501aeee4c8	4f9618f52e639afa12c0cf7eb10152adb7c510a31ddc320f312d7b4bd032a184	0123af9e96b58af4e98b91a2de5608d36b63c67864b9041d3340587f3dbe40d2	cfa8dcf0d81c408de38d4202fe1ce9d9e5e301d1e67439c9530da94b1e64ee3f	7484d7b0dd80f45e18d726b04752827fe28555cc5c1af0e127948380e6688abf
semantic-proposal-v1	SC1-2a14b05b4c30dada52844a5e6de9b684cadd1ea8fad4de3f4de2eb7a7f1f386b	S000758	2	P02	SYMBOLS.tsv	36347	selection_expression	x86_64	arch/x86/include/asm/vmxfeatures.h	operative_macro	VMX_FEATURE_VIRTUAL_X2APIC	66	PENDING_REVIEW	SOURCE_REVIEWED_VALUE	COMPLETE	vendor/linux/arch/x86/include/asm/vmxfeatures.h;vendor/linux/arch/x86/include/asm/vmxfeatures.h:66;rewrite/configs/x86_64/frozen.config;header_closure=rewrite/metadata/header_closure.tsv;selected=PENDING_REVIEW	425f94c2954b1fe80ebdbf9b29854e89750355df	06d0d31e6d23c7193fb7081b52ed5198be4fc173bef366cc4d7aca501aeee4c8	4f9618f52e639afa12c0cf7eb10152adb7c510a31ddc320f312d7b4bd032a184	0123af9e96b58af4e98b91a2de5608d36b63c67864b9041d3340587f3dbe40d2	cfa8dcf0d81c408de38d4202fe1ce9d9e5e301d1e67439c9530da94b1e64ee3f	7484d7b0dd80f45e18d726b04752827fe28555cc5c1af0e127948380e6688abf
semantic-proposal-v1	SC1-3d1d3ee04313c44969b0dcf86a9122d789fd7b9d07ae1923e99014d27f060bfd	S000758	2	P02	SYMBOLS.tsv	36347	status	x86_64	arch/x86/include/asm/vmxfeatures.h	operative_macro	VMX_FEATURE_VIRTUAL_X2APIC	66	PENDING_REVIEW	COMPLETE	COMPLETE	vendor/linux/arch/x86/include/asm/vmxfeatures.h;vendor/linux/arch/x86/include/asm/vmxfeatures.h:66;rewrite/configs/x86_64/frozen.config;header_closure=rewrite/metadata/header_closure.tsv;selected=PENDING_REVIEW	425f94c2954b1fe80ebdbf9b29854e89750355df	06d0d31e6d23c7193fb7081b52ed5198be4fc173bef366cc4d7aca501aeee4c8	4f9618f52e639afa12c0cf7eb10152adb7c510a31ddc320f312d7b4bd032a184	0123af9e96b58af4e98b91a2de5608d36b63c67864b9041d3340587f3dbe40d2	cfa8dcf0d81c408de38d4202fe1ce9d9e5e301d1e67439c9530da94b1e64ee3f	7484d7b0dd80f45e18d726b04752827fe28555cc5c1af0e127948380e6688abf
semantic-proposal-v1	SC1-1fe8d3d2a3f26f4ebd94aaf063af50d9d39fe0140a1b2a4054dda72c97e39767	S000758	2	P02	SYMBOLS.tsv	36348	selection_expression	x86_64	arch/x86/include/asm/vmxfeatures.h	operative_macro	VMX_FEATURE_VPID	67	PENDING_REVIEW	SOURCE_REVIEWED_VALUE	COMPLETE	vendor/linux/arch/x86/include/asm/vmxfeatures.h;vendor/linux/arch/x86/include/asm/vmxfeatures.h:67;rewrite/configs/x86_64/frozen.config;header_closure=rewrite/metadata/header_closure.tsv;selected=PENDING_REVIEW	425f94c2954b1fe80ebdbf9b29854e89750355df	06d0d31e6d23c7193fb7081b52ed5198be4fc173bef366cc4d7aca501aeee4c8	4f9618f52e639afa12c0cf7eb10152adb7c510a31ddc320f312d7b4bd032a184	0123af9e96b58af4e98b91a2de5608d36b63c67864b9041d3340587f3dbe40d2	cfa8dcf0d81c408de38d4202fe1ce9d9e5e301d1e67439c9530da94b1e64ee3f	7484d7b0dd80f45e18d726b04752827fe28555cc5c1af0e127948380e6688abf
semantic-proposal-v1	SC1-f71b7d9de5dbb24aeebdff720b8627c30cad141100e6e997921e362275f36fe3	S000758	2	P02	SYMBOLS.tsv	36348	status	x86_64	arch/x86/include/asm/vmxfeatures.h	operative_macro	VMX_FEATURE_VPID	67	PENDING_REVIEW	COMPLETE	COMPLETE	vendor/linux/arch/x86/include/asm/vmxfeatures.h;vendor/linux/arch/x86/include/asm/vmxfeatures.h:67;rewrite/configs/x86_64/frozen.config;header_closure=rewrite/metadata/header_closure.tsv;selected=PENDING_REVIEW	425f94c2954b1fe80ebdbf9b29854e89750355df	06d0d31e6d23c7193fb7081b52ed5198be4fc173bef366cc4d7aca501aeee4c8	4f9618f52e639afa12c0cf7eb10152adb7c510a31ddc320f312d7b4bd032a184	0123af9e96b58af4e98b91a2de5608d36b63c67864b9041d3340587f3dbe40d2	cfa8dcf0d81c408de38d4202fe1ce9d9e5e301d1e67439c9530da94b1e64ee3f	7484d7b0dd80f45e18d726b04752827fe28555cc5c1af0e127948380e6688abf
semantic-proposal-v1	SC1-a2364409edeeb2c8f00ec0104259219b9fbc75d34afb358e2c1f7d1d87def2cc	S000758	2	P02	SYMBOLS.tsv	36349	selection_expression	x86_64	arch/x86/include/asm/vmxfeatures.h	operative_macro	VMX_FEATURE_WBINVD_EXITING	68	PENDING_REVIEW	SOURCE_REVIEWED_VALUE	COMPLETE	vendor/linux/arch/x86/include/asm/vmxfeatures.h;vendor/linux/arch/x86/include/asm/vmxfeatures.h:68;rewrite/configs/x86_64/frozen.config;header_closure=rewrite/metadata/header_closure.tsv;selected=PENDING_REVIEW	425f94c2954b1fe80ebdbf9b29854e89750355df	06d0d31e6d23c7193fb7081b52ed5198be4fc173bef366cc4d7aca501aeee4c8	4f9618f52e639afa12c0cf7eb10152adb7c510a31ddc320f312d7b4bd032a184	0123af9e96b58af4e98b91a2de5608d36b63c67864b9041d3340587f3dbe40d2	cfa8dcf0d81c408de38d4202fe1ce9d9e5e301d1e67439c9530da94b1e64ee3f	7484d7b0dd80f45e18d726b04752827fe28555cc5c1af0e127948380e6688abf
semantic-proposal-v1	SC1-64ac81cc465a40353938a25942f7184e1a31548b9eec8bac849dfa87ea285db2	S000758	2	P02	SYMBOLS.tsv	36349	status	x86_64	arch/x86/include/asm/vmxfeatures.h	operative_macro	VMX_FEATURE_WBINVD_EXITING	68	PENDING_REVIEW	COMPLETE	COMPLETE	vendor/linux/arch/x86/include/asm/vmxfeatures.h;vendor/linux/arch/x86/include/asm/vmxfeatures.h:68;rewrite/configs/x86_64/frozen.config;header_closure=rewrite/metadata/header_closure.tsv;selected=PENDING_REVIEW	425f94c2954b1fe80ebdbf9b29854e89750355df	06d0d31e6d23c7193fb7081b52ed5198be4fc173bef366cc4d7aca501aeee4c8	4f9618f52e639afa12c0cf7eb10152adb7c510a31ddc320f312d7b4bd032a184	0123af9e96b58af4e98b91a2de5608d36b63c67864b9041d3340587f3dbe40d2	cfa8dcf0d81c408de38d4202fe1ce9d9e5e301d1e67439c9530da94b1e64ee3f	7484d7b0dd80f45e18d726b04752827fe28555cc5c1af0e127948380e6688abf
semantic-proposal-v1	SC1-2c1a75e1adc6f0b16d12b5d654ceba6212abc9e03ce0ea725cc0c4bff1c4554d	S000758	2	P02	SYMBOLS.tsv	36350	selection_expression	x86_64	arch/x86/include/asm/vmxfeatures.h	operative_macro	VMX_FEATURE_UNRESTRICTED_GUEST	69	PENDING_REVIEW	SOURCE_REVIEWED_VALUE	COMPLETE	vendor/linux/arch/x86/include/asm/vmxfeatures.h;vendor/linux/arch/x86/include/asm/vmxfeatures.h:69;rewrite/configs/x86_64/frozen.config;header_closure=rewrite/metadata/header_closure.tsv;selected=PENDING_REVIEW	425f94c2954b1fe80ebdbf9b29854e89750355df	06d0d31e6d23c7193fb7081b52ed5198be4fc173bef366cc4d7aca501aeee4c8	4f9618f52e639afa12c0cf7eb10152adb7c510a31ddc320f312d7b4bd032a184	0123af9e96b58af4e98b91a2de5608d36b63c67864b9041d3340587f3dbe40d2	cfa8dcf0d81c408de38d4202fe1ce9d9e5e301d1e67439c9530da94b1e64ee3f	7484d7b0dd80f45e18d726b04752827fe28555cc5c1af0e127948380e6688abf
semantic-proposal-v1	SC1-c922acff7892dbae72ae10c8bc58ac10b098000c2a6fc268de6976ade9a61a02	S000758	2	P02	SYMBOLS.tsv	36350	status	x86_64	arch/x86/include/asm/vmxfeatures.h	operative_macro	VMX_FEATURE_UNRESTRICTED_GUEST	69	PENDING_REVIEW	COMPLETE	COMPLETE	vendor/linux/arch/x86/include/asm/vmxfeatures.h;vendor/linux/arch/x86/include/asm/vmxfeatures.h:69;rewrite/configs/x86_64/frozen.config;header_closure=rewrite/metadata/header_closure.tsv;selected=PENDING_REVIEW	425f94c2954b1fe80ebdbf9b29854e89750355df	06d0d31e6d23c7193fb7081b52ed5198be4fc173bef366cc4d7aca501aeee4c8	4f9618f52e639afa12c0cf7eb10152adb7c510a31ddc320f312d7b4bd032a184	0123af9e96b58af4e98b91a2de5608d36b63c67864b9041d3340587f3dbe40d2	cfa8dcf0d81c408de38d4202fe1ce9d9e5e301d1e67439c9530da94b1e64ee3f	7484d7b0dd80f45e18d726b04752827fe28555cc5c1af0e127948380e6688abf
semantic-proposal-v1	SC1-719318e301bf70ce20d33d4c63a4179633da70ca876437b9fab4cb7b36dd0d64	S000758	2	P02	SYMBOLS.tsv	36351	selection_expression	x86_64	arch/x86/include/asm/vmxfeatures.h	operative_macro	VMX_FEATURE_APIC_REGISTER_VIRT	70	PENDING_REVIEW	SOURCE_REVIEWED_VALUE	COMPLETE	vendor/linux/arch/x86/include/asm/vmxfeatures.h;vendor/linux/arch/x86/include/asm/vmxfeatures.h:70;rewrite/configs/x86_64/frozen.config;header_closure=rewrite/metadata/header_closure.tsv;selected=PENDING_REVIEW	425f94c2954b1fe80ebdbf9b29854e89750355df	06d0d31e6d23c7193fb7081b52ed5198be4fc173bef366cc4d7aca501aeee4c8	4f9618f52e639afa12c0cf7eb10152adb7c510a31ddc320f312d7b4bd032a184	0123af9e96b58af4e98b91a2de5608d36b63c67864b9041d3340587f3dbe40d2	cfa8dcf0d81c408de38d4202fe1ce9d9e5e301d1e67439c9530da94b1e64ee3f	7484d7b0dd80f45e18d726b04752827fe28555cc5c1af0e127948380e6688abf
semantic-proposal-v1	SC1-c6415a1130f478d38e4021461b6161fec77ec8df51b63fd448117bf6b46eb998	S000758	2	P02	SYMBOLS.tsv	36351	status	x86_64	arch/x86/include/asm/vmxfeatures.h	operative_macro	VMX_FEATURE_APIC_REGISTER_VIRT	70	PENDING_REVIEW	COMPLETE	COMPLETE	vendor/linux/arch/x86/include/asm/vmxfeatures.h;vendor/linux/arch/x86/include/asm/vmxfeatures.h:70;rewrite/configs/x86_64/frozen.config;header_closure=rewrite/metadata/header_closure.tsv;selected=PENDING_REVIEW	425f94c2954b1fe80ebdbf9b29854e89750355df	06d0d31e6d23c7193fb7081b52ed5198be4fc173bef366cc4d7aca501aeee4c8	4f9618f52e639afa12c0cf7eb10152adb7c510a31ddc320f312d7b4bd032a184	0123af9e96b58af4e98b91a2de5608d36b63c67864b9041d3340587f3dbe40d2	cfa8dcf0d81c408de38d4202fe1ce9d9e5e301d1e67439c9530da94b1e64ee3f	7484d7b0dd80f45e18d726b04752827fe28555cc5c1af0e127948380e6688abf
semantic-proposal-v1	SC1-6d449e9243e9d9372b401fa16f23d5a1714f14dc238fa2bce410fb7ca29a75a7	S000758	2	P02	SYMBOLS.tsv	36352	selection_expression	x86_64	arch/x86/include/asm/vmxfeatures.h	operative_macro	VMX_FEATURE_VIRT_INTR_DELIVERY	71	PENDING_REVIEW	SOURCE_REVIEWED_VALUE	COMPLETE	vendor/linux/arch/x86/include/asm/vmxfeatures.h;vendor/linux/arch/x86/include/asm/vmxfeatures.h:71;rewrite/configs/x86_64/frozen.config;header_closure=rewrite/metadata/header_closure.tsv;selected=PENDING_REVIEW	425f94c2954b1fe80ebdbf9b29854e89750355df	06d0d31e6d23c7193fb7081b52ed5198be4fc173bef366cc4d7aca501aeee4c8	4f9618f52e639afa12c0cf7eb10152adb7c510a31ddc320f312d7b4bd032a184	0123af9e96b58af4e98b91a2de5608d36b63c67864b9041d3340587f3dbe40d2	cfa8dcf0d81c408de38d4202fe1ce9d9e5e301d1e67439c9530da94b1e64ee3f	7484d7b0dd80f45e18d726b04752827fe28555cc5c1af0e127948380e6688abf
semantic-proposal-v1	SC1-d70e49d96568b1af974cc791e47a5e29066eca73e5ce6cd0da3dd0ccba0aa822	S000758	2	P02	SYMBOLS.tsv	36352	status	x86_64	arch/x86/include/asm/vmxfeatures.h	operative_macro	VMX_FEATURE_VIRT_INTR_DELIVERY	71	PENDING_REVIEW	COMPLETE	COMPLETE	vendor/linux/arch/x86/include/asm/vmxfeatures.h;vendor/linux/arch/x86/include/asm/vmxfeatures.h:71;rewrite/configs/x86_64/frozen.config;header_closure=rewrite/metadata/header_closure.tsv;selected=PENDING_REVIEW	425f94c2954b1fe80ebdbf9b29854e89750355df	06d0d31e6d23c7193fb7081b52ed5198be4fc173bef366cc4d7aca501aeee4c8	4f9618f52e639afa12c0cf7eb10152adb7c510a31ddc320f312d7b4bd032a184	0123af9e96b58af4e98b91a2de5608d36b63c67864b9041d3340587f3dbe40d2	cfa8dcf0d81c408de38d4202fe1ce9d9e5e301d1e67439c9530da94b1e64ee3f	7484d7b0dd80f45e18d726b04752827fe28555cc5c1af0e127948380e6688abf
semantic-proposal-v1	SC1-82cd32bae0020ba41f12d33cb58d79a68a659825e64250d9be5ae254ccb033ed	S000758	2	P02	SYMBOLS.tsv	36353	selection_expression	x86_64	arch/x86/include/asm/vmxfeatures.h	operative_macro	VMX_FEATURE_PAUSE_LOOP_EXITING	72	PENDING_REVIEW	SOURCE_REVIEWED_VALUE	COMPLETE	vendor/linux/arch/x86/include/asm/vmxfeatures.h;vendor/linux/arch/x86/include/asm/vmxfeatures.h:72;rewrite/configs/x86_64/frozen.config;header_closure=rewrite/metadata/header_closure.tsv;selected=PENDING_REVIEW	425f94c2954b1fe80ebdbf9b29854e89750355df	06d0d31e6d23c7193fb7081b52ed5198be4fc173bef366cc4d7aca501aeee4c8	4f9618f52e639afa12c0cf7eb10152adb7c510a31ddc320f312d7b4bd032a184	0123af9e96b58af4e98b91a2de5608d36b63c67864b9041d3340587f3dbe40d2	cfa8dcf0d81c408de38d4202fe1ce9d9e5e301d1e67439c9530da94b1e64ee3f	7484d7b0dd80f45e18d726b04752827fe28555cc5c1af0e127948380e6688abf
semantic-proposal-v1	SC1-9ea1ce0d541e469cd65b69f4d0ee7d79282e2584798170a969832a1715e65a08	S000758	2	P02	SYMBOLS.tsv	36353	status	x86_64	arch/x86/include/asm/vmxfeatures.h	operative_macro	VMX_FEATURE_PAUSE_LOOP_EXITING	72	PENDING_REVIEW	COMPLETE	COMPLETE	vendor/linux/arch/x86/include/asm/vmxfeatures.h;vendor/linux/arch/x86/include/asm/vmxfeatures.h:72;rewrite/configs/x86_64/frozen.config;header_closure=rewrite/metadata/header_closure.tsv;selected=PENDING_REVIEW	425f94c2954b1fe80ebdbf9b29854e89750355df	06d0d31e6d23c7193fb7081b52ed5198be4fc173bef366cc4d7aca501aeee4c8	4f9618f52e639afa12c0cf7eb10152adb7c510a31ddc320f312d7b4bd032a184	0123af9e96b58af4e98b91a2de5608d36b63c67864b9041d3340587f3dbe40d2	cfa8dcf0d81c408de38d4202fe1ce9d9e5e301d1e67439c9530da94b1e64ee3f	7484d7b0dd80f45e18d726b04752827fe28555cc5c1af0e127948380e6688abf
semantic-proposal-v1	SC1-d5d7fd9ebaa00439268ab0380549bd350501653d2db61b8ac1504dbe795c77d4	S000758	2	P02	SYMBOLS.tsv	36354	selection_expression	x86_64	arch/x86/include/asm/vmxfeatures.h	operative_macro	VMX_FEATURE_RDRAND_EXITING	73	PENDING_REVIEW	SOURCE_REVIEWED_VALUE	COMPLETE	vendor/linux/arch/x86/include/asm/vmxfeatures.h;vendor/linux/arch/x86/include/asm/vmxfeatures.h:73;rewrite/configs/x86_64/frozen.config;header_closure=rewrite/metadata/header_closure.tsv;selected=PENDING_REVIEW	425f94c2954b1fe80ebdbf9b29854e89750355df	06d0d31e6d23c7193fb7081b52ed5198be4fc173bef366cc4d7aca501aeee4c8	4f9618f52e639afa12c0cf7eb10152adb7c510a31ddc320f312d7b4bd032a184	0123af9e96b58af4e98b91a2de5608d36b63c67864b9041d3340587f3dbe40d2	cfa8dcf0d81c408de38d4202fe1ce9d9e5e301d1e67439c9530da94b1e64ee3f	7484d7b0dd80f45e18d726b04752827fe28555cc5c1af0e127948380e6688abf
semantic-proposal-v1	SC1-4d9824678ec79993413b81c5449f8b41b9331aaa4874fabfbaa53cc456020737	S000758	2	P02	SYMBOLS.tsv	36354	status	x86_64	arch/x86/include/asm/vmxfeatures.h	operative_macro	VMX_FEATURE_RDRAND_EXITING	73	PENDING_REVIEW	COMPLETE	COMPLETE	vendor/linux/arch/x86/include/asm/vmxfeatures.h;vendor/linux/arch/x86/include/asm/vmxfeatures.h:73;rewrite/configs/x86_64/frozen.config;header_closure=rewrite/metadata/header_closure.tsv;selected=PENDING_REVIEW	425f94c2954b1fe80ebdbf9b29854e89750355df	06d0d31e6d23c7193fb7081b52ed5198be4fc173bef366cc4d7aca501aeee4c8	4f9618f52e639afa12c0cf7eb10152adb7c510a31ddc320f312d7b4bd032a184	0123af9e96b58af4e98b91a2de5608d36b63c67864b9041d3340587f3dbe40d2	cfa8dcf0d81c408de38d4202fe1ce9d9e5e301d1e67439c9530da94b1e64ee3f	7484d7b0dd80f45e18d726b04752827fe28555cc5c1af0e127948380e6688abf
semantic-proposal-v1	SC1-71aedaf00acc499f833d8f56cf64268982ee3f08631dfa20cbea1f71ec05faad	S000758	2	P02	SYMBOLS.tsv	36355	selection_expression	x86_64	arch/x86/include/asm/vmxfeatures.h	operative_macro	VMX_FEATURE_INVPCID	74	PENDING_REVIEW	SOURCE_REVIEWED_VALUE	COMPLETE	vendor/linux/arch/x86/include/asm/vmxfeatures.h;vendor/linux/arch/x86/include/asm/vmxfeatures.h:74;rewrite/configs/x86_64/frozen.config;header_closure=rewrite/metadata/header_closure.tsv;selected=PENDING_REVIEW	425f94c2954b1fe80ebdbf9b29854e89750355df	06d0d31e6d23c7193fb7081b52ed5198be4fc173bef366cc4d7aca501aeee4c8	4f9618f52e639afa12c0cf7eb10152adb7c510a31ddc320f312d7b4bd032a184	0123af9e96b58af4e98b91a2de5608d36b63c67864b9041d3340587f3dbe40d2	cfa8dcf0d81c408de38d4202fe1ce9d9e5e301d1e67439c9530da94b1e64ee3f	7484d7b0dd80f45e18d726b04752827fe28555cc5c1af0e127948380e6688abf
semantic-proposal-v1	SC1-2bce51db8d8e7f4225ee119ddc0acf128f1d1e48a3171bea534fd78ef95f670c	S000758	2	P02	SYMBOLS.tsv	36355	status	x86_64	arch/x86/include/asm/vmxfeatures.h	operative_macro	VMX_FEATURE_INVPCID	74	PENDING_REVIEW	COMPLETE	COMPLETE	vendor/linux/arch/x86/include/asm/vmxfeatures.h;vendor/linux/arch/x86/include/asm/vmxfeatures.h:74;rewrite/configs/x86_64/frozen.config;header_closure=rewrite/metadata/header_closure.tsv;selected=PENDING_REVIEW	425f94c2954b1fe80ebdbf9b29854e89750355df	06d0d31e6d23c7193fb7081b52ed5198be4fc173bef366cc4d7aca501aeee4c8	4f9618f52e639afa12c0cf7eb10152adb7c510a31ddc320f312d7b4bd032a184	0123af9e96b58af4e98b91a2de5608d36b63c67864b9041d3340587f3dbe40d2	cfa8dcf0d81c408de38d4202fe1ce9d9e5e301d1e67439c9530da94b1e64ee3f	7484d7b0dd80f45e18d726b04752827fe28555cc5c1af0e127948380e6688abf
semantic-proposal-v1	SC1-7b8fc971cc00372a0690430d69ee2d2353b0fd91d0c9e0afd7162eddf208ab53	S000758	2	P02	SYMBOLS.tsv	36356	selection_expression	x86_64	arch/x86/include/asm/vmxfeatures.h	operative_macro	VMX_FEATURE_VMFUNC	75	PENDING_REVIEW	SOURCE_REVIEWED_VALUE	COMPLETE	vendor/linux/arch/x86/include/asm/vmxfeatures.h;vendor/linux/arch/x86/include/asm/vmxfeatures.h:75;rewrite/configs/x86_64/frozen.config;header_closure=rewrite/metadata/header_closure.tsv;selected=PENDING_REVIEW	425f94c2954b1fe80ebdbf9b29854e89750355df	06d0d31e6d23c7193fb7081b52ed5198be4fc173bef366cc4d7aca501aeee4c8	4f9618f52e639afa12c0cf7eb10152adb7c510a31ddc320f312d7b4bd032a184	0123af9e96b58af4e98b91a2de5608d36b63c67864b9041d3340587f3dbe40d2	cfa8dcf0d81c408de38d4202fe1ce9d9e5e301d1e67439c9530da94b1e64ee3f	7484d7b0dd80f45e18d726b04752827fe28555cc5c1af0e127948380e6688abf
semantic-proposal-v1	SC1-85a2c34903b0bef48a6c96215697930a46179c81e3b704b00e8e16af6ebbce71	S000758	2	P02	SYMBOLS.tsv	36356	status	x86_64	arch/x86/include/asm/vmxfeatures.h	operative_macro	VMX_FEATURE_VMFUNC	75	PENDING_REVIEW	COMPLETE	COMPLETE	vendor/linux/arch/x86/include/asm/vmxfeatures.h;vendor/linux/arch/x86/include/asm/vmxfeatures.h:75;rewrite/configs/x86_64/frozen.config;header_closure=rewrite/metadata/header_closure.tsv;selected=PENDING_REVIEW	425f94c2954b1fe80ebdbf9b29854e89750355df	06d0d31e6d23c7193fb7081b52ed5198be4fc173bef366cc4d7aca501aeee4c8	4f9618f52e639afa12c0cf7eb10152adb7c510a31ddc320f312d7b4bd032a184	0123af9e96b58af4e98b91a2de5608d36b63c67864b9041d3340587f3dbe40d2	cfa8dcf0d81c408de38d4202fe1ce9d9e5e301d1e67439c9530da94b1e64ee3f	7484d7b0dd80f45e18d726b04752827fe28555cc5c1af0e127948380e6688abf
semantic-proposal-v1	SC1-67ee20a4763d146a4aa31575664d43c384f7e7f3fa010204bab58f84962a66de	S000758	2	P02	SYMBOLS.tsv	36357	selection_expression	x86_64	arch/x86/include/asm/vmxfeatures.h	operative_macro	VMX_FEATURE_SHADOW_VMCS	76	PENDING_REVIEW	SOURCE_REVIEWED_VALUE	COMPLETE	vendor/linux/arch/x86/include/asm/vmxfeatures.h;vendor/linux/arch/x86/include/asm/vmxfeatures.h:76;rewrite/configs/x86_64/frozen.config;header_closure=rewrite/metadata/header_closure.tsv;selected=PENDING_REVIEW	425f94c2954b1fe80ebdbf9b29854e89750355df	06d0d31e6d23c7193fb7081b52ed5198be4fc173bef366cc4d7aca501aeee4c8	4f9618f52e639afa12c0cf7eb10152adb7c510a31ddc320f312d7b4bd032a184	0123af9e96b58af4e98b91a2de5608d36b63c67864b9041d3340587f3dbe40d2	cfa8dcf0d81c408de38d4202fe1ce9d9e5e301d1e67439c9530da94b1e64ee3f	7484d7b0dd80f45e18d726b04752827fe28555cc5c1af0e127948380e6688abf
semantic-proposal-v1	SC1-c41dd2b2cf38f82341dc909c75c1869c100542e28fa24bf7fbedcda6ab6cda2d	S000758	2	P02	SYMBOLS.tsv	36357	status	x86_64	arch/x86/include/asm/vmxfeatures.h	operative_macro	VMX_FEATURE_SHADOW_VMCS	76	PENDING_REVIEW	COMPLETE	COMPLETE	vendor/linux/arch/x86/include/asm/vmxfeatures.h;vendor/linux/arch/x86/include/asm/vmxfeatures.h:76;rewrite/configs/x86_64/frozen.config;header_closure=rewrite/metadata/header_closure.tsv;selected=PENDING_REVIEW	425f94c2954b1fe80ebdbf9b29854e89750355df	06d0d31e6d23c7193fb7081b52ed5198be4fc173bef366cc4d7aca501aeee4c8	4f9618f52e639afa12c0cf7eb10152adb7c510a31ddc320f312d7b4bd032a184	0123af9e96b58af4e98b91a2de5608d36b63c67864b9041d3340587f3dbe40d2	cfa8dcf0d81c408de38d4202fe1ce9d9e5e301d1e67439c9530da94b1e64ee3f	7484d7b0dd80f45e18d726b04752827fe28555cc5c1af0e127948380e6688abf
semantic-proposal-v1	SC1-7618bdb8aa3c1faf691944625c863f30d61bee56d26cf6b2a27be135197d8395	S000758	2	P02	SYMBOLS.tsv	36358	selection_expression	x86_64	arch/x86/include/asm/vmxfeatures.h	operative_macro	VMX_FEATURE_ENCLS_EXITING	77	PENDING_REVIEW	SOURCE_REVIEWED_VALUE	COMPLETE	vendor/linux/arch/x86/include/asm/vmxfeatures.h;vendor/linux/arch/x86/include/asm/vmxfeatures.h:77;rewrite/configs/x86_64/frozen.config;header_closure=rewrite/metadata/header_closure.tsv;selected=PENDING_REVIEW	425f94c2954b1fe80ebdbf9b29854e89750355df	06d0d31e6d23c7193fb7081b52ed5198be4fc173bef366cc4d7aca501aeee4c8	4f9618f52e639afa12c0cf7eb10152adb7c510a31ddc320f312d7b4bd032a184	0123af9e96b58af4e98b91a2de5608d36b63c67864b9041d3340587f3dbe40d2	cfa8dcf0d81c408de38d4202fe1ce9d9e5e301d1e67439c9530da94b1e64ee3f	7484d7b0dd80f45e18d726b04752827fe28555cc5c1af0e127948380e6688abf
semantic-proposal-v1	SC1-dae3741e1232c241ad7d9dc47032d92f9a3353b9ba1501eab2fe5482fdd2399e	S000758	2	P02	SYMBOLS.tsv	36358	status	x86_64	arch/x86/include/asm/vmxfeatures.h	operative_macro	VMX_FEATURE_ENCLS_EXITING	77	PENDING_REVIEW	COMPLETE	COMPLETE	vendor/linux/arch/x86/include/asm/vmxfeatures.h;vendor/linux/arch/x86/include/asm/vmxfeatures.h:77;rewrite/configs/x86_64/frozen.config;header_closure=rewrite/metadata/header_closure.tsv;selected=PENDING_REVIEW	425f94c2954b1fe80ebdbf9b29854e89750355df	06d0d31e6d23c7193fb7081b52ed5198be4fc173bef366cc4d7aca501aeee4c8	4f9618f52e639afa12c0cf7eb10152adb7c510a31ddc320f312d7b4bd032a184	0123af9e96b58af4e98b91a2de5608d36b63c67864b9041d3340587f3dbe40d2	cfa8dcf0d81c408de38d4202fe1ce9d9e5e301d1e67439c9530da94b1e64ee3f	7484d7b0dd80f45e18d726b04752827fe28555cc5c1af0e127948380e6688abf
semantic-proposal-v1	SC1-577a94a3974ab7f75ad5c8fbf20a33e4b788d90602be8e7d8c04adef9ef5394a	S000758	2	P02	SYMBOLS.tsv	36359	selection_expression	x86_64	arch/x86/include/asm/vmxfeatures.h	operative_macro	VMX_FEATURE_RDSEED_EXITING	78	PENDING_REVIEW	SOURCE_REVIEWED_VALUE	COMPLETE	vendor/linux/arch/x86/include/asm/vmxfeatures.h;vendor/linux/arch/x86/include/asm/vmxfeatures.h:78;rewrite/configs/x86_64/frozen.config;header_closure=rewrite/metadata/header_closure.tsv;selected=PENDING_REVIEW	425f94c2954b1fe80ebdbf9b29854e89750355df	06d0d31e6d23c7193fb7081b52ed5198be4fc173bef366cc4d7aca501aeee4c8	4f9618f52e639afa12c0cf7eb10152adb7c510a31ddc320f312d7b4bd032a184	0123af9e96b58af4e98b91a2de5608d36b63c67864b9041d3340587f3dbe40d2	cfa8dcf0d81c408de38d4202fe1ce9d9e5e301d1e67439c9530da94b1e64ee3f	7484d7b0dd80f45e18d726b04752827fe28555cc5c1af0e127948380e6688abf
semantic-proposal-v1	SC1-abe1c94956b21e8c6542d67e25aefb387caff9d222c31c44a007cb8a647b298b	S000758	2	P02	SYMBOLS.tsv	36359	status	x86_64	arch/x86/include/asm/vmxfeatures.h	operative_macro	VMX_FEATURE_RDSEED_EXITING	78	PENDING_REVIEW	COMPLETE	COMPLETE	vendor/linux/arch/x86/include/asm/vmxfeatures.h;vendor/linux/arch/x86/include/asm/vmxfeatures.h:78;rewrite/configs/x86_64/frozen.config;header_closure=rewrite/metadata/header_closure.tsv;selected=PENDING_REVIEW	425f94c2954b1fe80ebdbf9b29854e89750355df	06d0d31e6d23c7193fb7081b52ed5198be4fc173bef366cc4d7aca501aeee4c8	4f9618f52e639afa12c0cf7eb10152adb7c510a31ddc320f312d7b4bd032a184	0123af9e96b58af4e98b91a2de5608d36b63c67864b9041d3340587f3dbe40d2	cfa8dcf0d81c408de38d4202fe1ce9d9e5e301d1e67439c9530da94b1e64ee3f	7484d7b0dd80f45e18d726b04752827fe28555cc5c1af0e127948380e6688abf
semantic-proposal-v1	SC1-6584a637ebf7350ffd3f310e0eac412f9d3719b183f1a66d99a7ecf24d78cf04	S000758	2	P02	SYMBOLS.tsv	36360	selection_expression	x86_64	arch/x86/include/asm/vmxfeatures.h	operative_macro	VMX_FEATURE_PAGE_MOD_LOGGING	79	PENDING_REVIEW	SOURCE_REVIEWED_VALUE	COMPLETE	vendor/linux/arch/x86/include/asm/vmxfeatures.h;vendor/linux/arch/x86/include/asm/vmxfeatures.h:79;rewrite/configs/x86_64/frozen.config;header_closure=rewrite/metadata/header_closure.tsv;selected=PENDING_REVIEW	425f94c2954b1fe80ebdbf9b29854e89750355df	06d0d31e6d23c7193fb7081b52ed5198be4fc173bef366cc4d7aca501aeee4c8	4f9618f52e639afa12c0cf7eb10152adb7c510a31ddc320f312d7b4bd032a184	0123af9e96b58af4e98b91a2de5608d36b63c67864b9041d3340587f3dbe40d2	cfa8dcf0d81c408de38d4202fe1ce9d9e5e301d1e67439c9530da94b1e64ee3f	7484d7b0dd80f45e18d726b04752827fe28555cc5c1af0e127948380e6688abf
semantic-proposal-v1	SC1-b26f5a064dd4d048f14b6015761c19a2d612f00bd74108cd5f76f0eedd5e506b	S000758	2	P02	SYMBOLS.tsv	36360	status	x86_64	arch/x86/include/asm/vmxfeatures.h	operative_macro	VMX_FEATURE_PAGE_MOD_LOGGING	79	PENDING_REVIEW	COMPLETE	COMPLETE	vendor/linux/arch/x86/include/asm/vmxfeatures.h;vendor/linux/arch/x86/include/asm/vmxfeatures.h:79;rewrite/configs/x86_64/frozen.config;header_closure=rewrite/metadata/header_closure.tsv;selected=PENDING_REVIEW	425f94c2954b1fe80ebdbf9b29854e89750355df	06d0d31e6d23c7193fb7081b52ed5198be4fc173bef366cc4d7aca501aeee4c8	4f9618f52e639afa12c0cf7eb10152adb7c510a31ddc320f312d7b4bd032a184	0123af9e96b58af4e98b91a2de5608d36b63c67864b9041d3340587f3dbe40d2	cfa8dcf0d81c408de38d4202fe1ce9d9e5e301d1e67439c9530da94b1e64ee3f	7484d7b0dd80f45e18d726b04752827fe28555cc5c1af0e127948380e6688abf
semantic-proposal-v1	SC1-e2143a69333f4f3414f4c42a129b4b67609b611c7775831380721019c09b4981	S000758	2	P02	SYMBOLS.tsv	36361	selection_expression	x86_64	arch/x86/include/asm/vmxfeatures.h	operative_macro	VMX_FEATURE_EPT_VIOLATION_VE	80	PENDING_REVIEW	SOURCE_REVIEWED_VALUE	COMPLETE	vendor/linux/arch/x86/include/asm/vmxfeatures.h;vendor/linux/arch/x86/include/asm/vmxfeatures.h:80;rewrite/configs/x86_64/frozen.config;header_closure=rewrite/metadata/header_closure.tsv;selected=PENDING_REVIEW	425f94c2954b1fe80ebdbf9b29854e89750355df	06d0d31e6d23c7193fb7081b52ed5198be4fc173bef366cc4d7aca501aeee4c8	4f9618f52e639afa12c0cf7eb10152adb7c510a31ddc320f312d7b4bd032a184	0123af9e96b58af4e98b91a2de5608d36b63c67864b9041d3340587f3dbe40d2	cfa8dcf0d81c408de38d4202fe1ce9d9e5e301d1e67439c9530da94b1e64ee3f	7484d7b0dd80f45e18d726b04752827fe28555cc5c1af0e127948380e6688abf
semantic-proposal-v1	SC1-3b50f6609a58bf0ecc68380dbc10a54941d415b7cba4a30d5f2b452d9142e4ed	S000758	2	P02	SYMBOLS.tsv	36361	status	x86_64	arch/x86/include/asm/vmxfeatures.h	operative_macro	VMX_FEATURE_EPT_VIOLATION_VE	80	PENDING_REVIEW	COMPLETE	COMPLETE	vendor/linux/arch/x86/include/asm/vmxfeatures.h;vendor/linux/arch/x86/include/asm/vmxfeatures.h:80;rewrite/configs/x86_64/frozen.config;header_closure=rewrite/metadata/header_closure.tsv;selected=PENDING_REVIEW	425f94c2954b1fe80ebdbf9b29854e89750355df	06d0d31e6d23c7193fb7081b52ed5198be4fc173bef366cc4d7aca501aeee4c8	4f9618f52e639afa12c0cf7eb10152adb7c510a31ddc320f312d7b4bd032a184	0123af9e96b58af4e98b91a2de5608d36b63c67864b9041d3340587f3dbe40d2	cfa8dcf0d81c408de38d4202fe1ce9d9e5e301d1e67439c9530da94b1e64ee3f	7484d7b0dd80f45e18d726b04752827fe28555cc5c1af0e127948380e6688abf
semantic-proposal-v1	SC1-22d8b5167bd7dddbe3c3775387d1dec660ed34b35a3cf29a4ac9ff8da9cc6a3f	S000758	2	P02	SYMBOLS.tsv	36362	selection_expression	x86_64	arch/x86/include/asm/vmxfeatures.h	operative_macro	VMX_FEATURE_PT_CONCEAL_VMX	81	PENDING_REVIEW	SOURCE_REVIEWED_VALUE	COMPLETE	vendor/linux/arch/x86/include/asm/vmxfeatures.h;vendor/linux/arch/x86/include/asm/vmxfeatures.h:81;rewrite/configs/x86_64/frozen.config;header_closure=rewrite/metadata/header_closure.tsv;selected=PENDING_REVIEW	425f94c2954b1fe80ebdbf9b29854e89750355df	06d0d31e6d23c7193fb7081b52ed5198be4fc173bef366cc4d7aca501aeee4c8	4f9618f52e639afa12c0cf7eb10152adb7c510a31ddc320f312d7b4bd032a184	0123af9e96b58af4e98b91a2de5608d36b63c67864b9041d3340587f3dbe40d2	cfa8dcf0d81c408de38d4202fe1ce9d9e5e301d1e67439c9530da94b1e64ee3f	7484d7b0dd80f45e18d726b04752827fe28555cc5c1af0e127948380e6688abf
semantic-proposal-v1	SC1-073fd9a26da1d0a0161290823ca30b7619af6b48858db2170c6a3ba25699ffe7	S000758	2	P02	SYMBOLS.tsv	36362	status	x86_64	arch/x86/include/asm/vmxfeatures.h	operative_macro	VMX_FEATURE_PT_CONCEAL_VMX	81	PENDING_REVIEW	COMPLETE	COMPLETE	vendor/linux/arch/x86/include/asm/vmxfeatures.h;vendor/linux/arch/x86/include/asm/vmxfeatures.h:81;rewrite/configs/x86_64/frozen.config;header_closure=rewrite/metadata/header_closure.tsv;selected=PENDING_REVIEW	425f94c2954b1fe80ebdbf9b29854e89750355df	06d0d31e6d23c7193fb7081b52ed5198be4fc173bef366cc4d7aca501aeee4c8	4f9618f52e639afa12c0cf7eb10152adb7c510a31ddc320f312d7b4bd032a184	0123af9e96b58af4e98b91a2de5608d36b63c67864b9041d3340587f3dbe40d2	cfa8dcf0d81c408de38d4202fe1ce9d9e5e301d1e67439c9530da94b1e64ee3f	7484d7b0dd80f45e18d726b04752827fe28555cc5c1af0e127948380e6688abf
semantic-proposal-v1	SC1-7752b1ce019f48e37f3d32d5e8f4300274ed1c859c388f9c0f6f00345f5d7f6a	S000758	2	P02	SYMBOLS.tsv	36363	selection_expression	x86_64	arch/x86/include/asm/vmxfeatures.h	operative_macro	VMX_FEATURE_XSAVES	82	PENDING_REVIEW	SOURCE_REVIEWED_VALUE	COMPLETE	vendor/linux/arch/x86/include/asm/vmxfeatures.h;vendor/linux/arch/x86/include/asm/vmxfeatures.h:82;rewrite/configs/x86_64/frozen.config;header_closure=rewrite/metadata/header_closure.tsv;selected=PENDING_REVIEW	425f94c2954b1fe80ebdbf9b29854e89750355df	06d0d31e6d23c7193fb7081b52ed5198be4fc173bef366cc4d7aca501aeee4c8	4f9618f52e639afa12c0cf7eb10152adb7c510a31ddc320f312d7b4bd032a184	0123af9e96b58af4e98b91a2de5608d36b63c67864b9041d3340587f3dbe40d2	cfa8dcf0d81c408de38d4202fe1ce9d9e5e301d1e67439c9530da94b1e64ee3f	7484d7b0dd80f45e18d726b04752827fe28555cc5c1af0e127948380e6688abf
semantic-proposal-v1	SC1-8ed453726cfd21536fd7dfad4b9b27083da7ee9cc71ccac26e4d29dc5012443f	S000758	2	P02	SYMBOLS.tsv	36363	status	x86_64	arch/x86/include/asm/vmxfeatures.h	operative_macro	VMX_FEATURE_XSAVES	82	PENDING_REVIEW	COMPLETE	COMPLETE	vendor/linux/arch/x86/include/asm/vmxfeatures.h;vendor/linux/arch/x86/include/asm/vmxfeatures.h:82;rewrite/configs/x86_64/frozen.config;header_closure=rewrite/metadata/header_closure.tsv;selected=PENDING_REVIEW	425f94c2954b1fe80ebdbf9b29854e89750355df	06d0d31e6d23c7193fb7081b52ed5198be4fc173bef366cc4d7aca501aeee4c8	4f9618f52e639afa12c0cf7eb10152adb7c510a31ddc320f312d7b4bd032a184	0123af9e96b58af4e98b91a2de5608d36b63c67864b9041d3340587f3dbe40d2	cfa8dcf0d81c408de38d4202fe1ce9d9e5e301d1e67439c9530da94b1e64ee3f	7484d7b0dd80f45e18d726b04752827fe28555cc5c1af0e127948380e6688abf
semantic-proposal-v1	SC1-f36e8458583ffaf1fba559815f44df3959a1747fcf3c81ae7c916ea42ecdbf9b	S000758	2	P02	SYMBOLS.tsv	36364	selection_expression	x86_64	arch/x86/include/asm/vmxfeatures.h	operative_macro	VMX_FEATURE_MODE_BASED_EPT_EXEC	83	PENDING_REVIEW	SOURCE_REVIEWED_VALUE	COMPLETE	vendor/linux/arch/x86/include/asm/vmxfeatures.h;vendor/linux/arch/x86/include/asm/vmxfeatures.h:83;rewrite/configs/x86_64/frozen.config;header_closure=rewrite/metadata/header_closure.tsv;selected=PENDING_REVIEW	425f94c2954b1fe80ebdbf9b29854e89750355df	06d0d31e6d23c7193fb7081b52ed5198be4fc173bef366cc4d7aca501aeee4c8	4f9618f52e639afa12c0cf7eb10152adb7c510a31ddc320f312d7b4bd032a184	0123af9e96b58af4e98b91a2de5608d36b63c67864b9041d3340587f3dbe40d2	cfa8dcf0d81c408de38d4202fe1ce9d9e5e301d1e67439c9530da94b1e64ee3f	7484d7b0dd80f45e18d726b04752827fe28555cc5c1af0e127948380e6688abf
semantic-proposal-v1	SC1-d4d9b904a6f3528a2ba2dd0606cfba737a5181a88788148261eac43b69c7dde5	S000758	2	P02	SYMBOLS.tsv	36364	status	x86_64	arch/x86/include/asm/vmxfeatures.h	operative_macro	VMX_FEATURE_MODE_BASED_EPT_EXEC	83	PENDING_REVIEW	COMPLETE	COMPLETE	vendor/linux/arch/x86/include/asm/vmxfeatures.h;vendor/linux/arch/x86/include/asm/vmxfeatures.h:83;rewrite/configs/x86_64/frozen.config;header_closure=rewrite/metadata/header_closure.tsv;selected=PENDING_REVIEW	425f94c2954b1fe80ebdbf9b29854e89750355df	06d0d31e6d23c7193fb7081b52ed5198be4fc173bef366cc4d7aca501aeee4c8	4f9618f52e639afa12c0cf7eb10152adb7c510a31ddc320f312d7b4bd032a184	0123af9e96b58af4e98b91a2de5608d36b63c67864b9041d3340587f3dbe40d2	cfa8dcf0d81c408de38d4202fe1ce9d9e5e301d1e67439c9530da94b1e64ee3f	7484d7b0dd80f45e18d726b04752827fe28555cc5c1af0e127948380e6688abf
semantic-proposal-v1	SC1-2a9f6dfd99f3e9e380f821703477d6ed8acf2a6dbfa5c1aa1185b50f54a3e25d	S000758	2	P02	SYMBOLS.tsv	36365	selection_expression	x86_64	arch/x86/include/asm/vmxfeatures.h	operative_macro	VMX_FEATURE_PT_USE_GPA	84	PENDING_REVIEW	SOURCE_REVIEWED_VALUE	COMPLETE	vendor/linux/arch/x86/include/asm/vmxfeatures.h;vendor/linux/arch/x86/include/asm/vmxfeatures.h:84;rewrite/configs/x86_64/frozen.config;header_closure=rewrite/metadata/header_closure.tsv;selected=PENDING_REVIEW	425f94c2954b1fe80ebdbf9b29854e89750355df	06d0d31e6d23c7193fb7081b52ed5198be4fc173bef366cc4d7aca501aeee4c8	4f9618f52e639afa12c0cf7eb10152adb7c510a31ddc320f312d7b4bd032a184	0123af9e96b58af4e98b91a2de5608d36b63c67864b9041d3340587f3dbe40d2	cfa8dcf0d81c408de38d4202fe1ce9d9e5e301d1e67439c9530da94b1e64ee3f	7484d7b0dd80f45e18d726b04752827fe28555cc5c1af0e127948380e6688abf
semantic-proposal-v1	SC1-b356e8d336d628f5c8cc146dd6651fefc719ca025e0d7a8675a62b830ee7e43a	S000758	2	P02	SYMBOLS.tsv	36365	status	x86_64	arch/x86/include/asm/vmxfeatures.h	operative_macro	VMX_FEATURE_PT_USE_GPA	84	PENDING_REVIEW	COMPLETE	COMPLETE	vendor/linux/arch/x86/include/asm/vmxfeatures.h;vendor/linux/arch/x86/include/asm/vmxfeatures.h:84;rewrite/configs/x86_64/frozen.config;header_closure=rewrite/metadata/header_closure.tsv;selected=PENDING_REVIEW	425f94c2954b1fe80ebdbf9b29854e89750355df	06d0d31e6d23c7193fb7081b52ed5198be4fc173bef366cc4d7aca501aeee4c8	4f9618f52e639afa12c0cf7eb10152adb7c510a31ddc320f312d7b4bd032a184	0123af9e96b58af4e98b91a2de5608d36b63c67864b9041d3340587f3dbe40d2	cfa8dcf0d81c408de38d4202fe1ce9d9e5e301d1e67439c9530da94b1e64ee3f	7484d7b0dd80f45e18d726b04752827fe28555cc5c1af0e127948380e6688abf
semantic-proposal-v1	SC1-9b333bb717df8c907129382e3b0bfe2d01f9114426a40668dadb8f3daea9e2e7	S000758	2	P02	SYMBOLS.tsv	36366	selection_expression	x86_64	arch/x86/include/asm/vmxfeatures.h	operative_macro	VMX_FEATURE_TSC_SCALING	85	PENDING_REVIEW	SOURCE_REVIEWED_VALUE	COMPLETE	vendor/linux/arch/x86/include/asm/vmxfeatures.h;vendor/linux/arch/x86/include/asm/vmxfeatures.h:85;rewrite/configs/x86_64/frozen.config;header_closure=rewrite/metadata/header_closure.tsv;selected=PENDING_REVIEW	425f94c2954b1fe80ebdbf9b29854e89750355df	06d0d31e6d23c7193fb7081b52ed5198be4fc173bef366cc4d7aca501aeee4c8	4f9618f52e639afa12c0cf7eb10152adb7c510a31ddc320f312d7b4bd032a184	0123af9e96b58af4e98b91a2de5608d36b63c67864b9041d3340587f3dbe40d2	cfa8dcf0d81c408de38d4202fe1ce9d9e5e301d1e67439c9530da94b1e64ee3f	7484d7b0dd80f45e18d726b04752827fe28555cc5c1af0e127948380e6688abf
semantic-proposal-v1	SC1-6e4b9ebb1f948d3241c0d6cfbcc58f2fe333dd95196242d01575887e7ed526db	S000758	2	P02	SYMBOLS.tsv	36366	status	x86_64	arch/x86/include/asm/vmxfeatures.h	operative_macro	VMX_FEATURE_TSC_SCALING	85	PENDING_REVIEW	COMPLETE	COMPLETE	vendor/linux/arch/x86/include/asm/vmxfeatures.h;vendor/linux/arch/x86/include/asm/vmxfeatures.h:85;rewrite/configs/x86_64/frozen.config;header_closure=rewrite/metadata/header_closure.tsv;selected=PENDING_REVIEW	425f94c2954b1fe80ebdbf9b29854e89750355df	06d0d31e6d23c7193fb7081b52ed5198be4fc173bef366cc4d7aca501aeee4c8	4f9618f52e639afa12c0cf7eb10152adb7c510a31ddc320f312d7b4bd032a184	0123af9e96b58af4e98b91a2de5608d36b63c67864b9041d3340587f3dbe40d2	cfa8dcf0d81c408de38d4202fe1ce9d9e5e301d1e67439c9530da94b1e64ee3f	7484d7b0dd80f45e18d726b04752827fe28555cc5c1af0e127948380e6688abf
semantic-proposal-v1	SC1-5cbd3ad3f4f9f01b31b475fdafa65f2bedbb868758187eb726c0d3b5af28a007	S000758	2	P02	SYMBOLS.tsv	36367	selection_expression	x86_64	arch/x86/include/asm/vmxfeatures.h	operative_macro	VMX_FEATURE_USR_WAIT_PAUSE	86	PENDING_REVIEW	SOURCE_REVIEWED_VALUE	COMPLETE	vendor/linux/arch/x86/include/asm/vmxfeatures.h;vendor/linux/arch/x86/include/asm/vmxfeatures.h:86;rewrite/configs/x86_64/frozen.config;header_closure=rewrite/metadata/header_closure.tsv;selected=PENDING_REVIEW	425f94c2954b1fe80ebdbf9b29854e89750355df	06d0d31e6d23c7193fb7081b52ed5198be4fc173bef366cc4d7aca501aeee4c8	4f9618f52e639afa12c0cf7eb10152adb7c510a31ddc320f312d7b4bd032a184	0123af9e96b58af4e98b91a2de5608d36b63c67864b9041d3340587f3dbe40d2	cfa8dcf0d81c408de38d4202fe1ce9d9e5e301d1e67439c9530da94b1e64ee3f	7484d7b0dd80f45e18d726b04752827fe28555cc5c1af0e127948380e6688abf
semantic-proposal-v1	SC1-b8c7f7d91801512bbbb0bb59cc3ca3d8b3ff012007a712837ea5d2f480469d50	S000758	2	P02	SYMBOLS.tsv	36367	status	x86_64	arch/x86/include/asm/vmxfeatures.h	operative_macro	VMX_FEATURE_USR_WAIT_PAUSE	86	PENDING_REVIEW	COMPLETE	COMPLETE	vendor/linux/arch/x86/include/asm/vmxfeatures.h;vendor/linux/arch/x86/include/asm/vmxfeatures.h:86;rewrite/configs/x86_64/frozen.config;header_closure=rewrite/metadata/header_closure.tsv;selected=PENDING_REVIEW	425f94c2954b1fe80ebdbf9b29854e89750355df	06d0d31e6d23c7193fb7081b52ed5198be4fc173bef366cc4d7aca501aeee4c8	4f9618f52e639afa12c0cf7eb10152adb7c510a31ddc320f312d7b4bd032a184	0123af9e96b58af4e98b91a2de5608d36b63c67864b9041d3340587f3dbe40d2	cfa8dcf0d81c408de38d4202fe1ce9d9e5e301d1e67439c9530da94b1e64ee3f	7484d7b0dd80f45e18d726b04752827fe28555cc5c1af0e127948380e6688abf
semantic-proposal-v1	SC1-05ccce0fc05e4dd94457c157634eaa4dae318e46ce08b1422ad759e36cb6063b	S000758	2	P02	SYMBOLS.tsv	36368	selection_expression	x86_64	arch/x86/include/asm/vmxfeatures.h	operative_macro	VMX_FEATURE_ENCLV_EXITING	87	PENDING_REVIEW	SOURCE_REVIEWED_VALUE	COMPLETE	vendor/linux/arch/x86/include/asm/vmxfeatures.h;vendor/linux/arch/x86/include/asm/vmxfeatures.h:87;rewrite/configs/x86_64/frozen.config;header_closure=rewrite/metadata/header_closure.tsv;selected=PENDING_REVIEW	425f94c2954b1fe80ebdbf9b29854e89750355df	06d0d31e6d23c7193fb7081b52ed5198be4fc173bef366cc4d7aca501aeee4c8	4f9618f52e639afa12c0cf7eb10152adb7c510a31ddc320f312d7b4bd032a184	0123af9e96b58af4e98b91a2de5608d36b63c67864b9041d3340587f3dbe40d2	cfa8dcf0d81c408de38d4202fe1ce9d9e5e301d1e67439c9530da94b1e64ee3f	7484d7b0dd80f45e18d726b04752827fe28555cc5c1af0e127948380e6688abf
semantic-proposal-v1	SC1-a3a598a0021426d58e888067a352d8d7cc1361d8993f857d0dedc39144883b7d	S000758	2	P02	SYMBOLS.tsv	36368	status	x86_64	arch/x86/include/asm/vmxfeatures.h	operative_macro	VMX_FEATURE_ENCLV_EXITING	87	PENDING_REVIEW	COMPLETE	COMPLETE	vendor/linux/arch/x86/include/asm/vmxfeatures.h;vendor/linux/arch/x86/include/asm/vmxfeatures.h:87;rewrite/configs/x86_64/frozen.config;header_closure=rewrite/metadata/header_closure.tsv;selected=PENDING_REVIEW	425f94c2954b1fe80ebdbf9b29854e89750355df	06d0d31e6d23c7193fb7081b52ed5198be4fc173bef366cc4d7aca501aeee4c8	4f9618f52e639afa12c0cf7eb10152adb7c510a31ddc320f312d7b4bd032a184	0123af9e96b58af4e98b91a2de5608d36b63c67864b9041d3340587f3dbe40d2	cfa8dcf0d81c408de38d4202fe1ce9d9e5e301d1e67439c9530da94b1e64ee3f	7484d7b0dd80f45e18d726b04752827fe28555cc5c1af0e127948380e6688abf
semantic-proposal-v1	SC1-82e190021008c4b54ac676ec7275ff85f89229a4c465bd41e4713b9cf58686c3	S000758	2	P02	SYMBOLS.tsv	36369	selection_expression	x86_64	arch/x86/include/asm/vmxfeatures.h	operative_macro	VMX_FEATURE_BUS_LOCK_DETECTION	88	PENDING_REVIEW	SOURCE_REVIEWED_VALUE	COMPLETE	vendor/linux/arch/x86/include/asm/vmxfeatures.h;vendor/linux/arch/x86/include/asm/vmxfeatures.h:88;rewrite/configs/x86_64/frozen.config;header_closure=rewrite/metadata/header_closure.tsv;selected=PENDING_REVIEW	425f94c2954b1fe80ebdbf9b29854e89750355df	06d0d31e6d23c7193fb7081b52ed5198be4fc173bef366cc4d7aca501aeee4c8	4f9618f52e639afa12c0cf7eb10152adb7c510a31ddc320f312d7b4bd032a184	0123af9e96b58af4e98b91a2de5608d36b63c67864b9041d3340587f3dbe40d2	cfa8dcf0d81c408de38d4202fe1ce9d9e5e301d1e67439c9530da94b1e64ee3f	7484d7b0dd80f45e18d726b04752827fe28555cc5c1af0e127948380e6688abf
semantic-proposal-v1	SC1-b80d40f1733324115307d035ce26a875c68ebd02f3b430aa2d2addd0d8d5ec4e	S000758	2	P02	SYMBOLS.tsv	36369	status	x86_64	arch/x86/include/asm/vmxfeatures.h	operative_macro	VMX_FEATURE_BUS_LOCK_DETECTION	88	PENDING_REVIEW	COMPLETE	COMPLETE	vendor/linux/arch/x86/include/asm/vmxfeatures.h;vendor/linux/arch/x86/include/asm/vmxfeatures.h:88;rewrite/configs/x86_64/frozen.config;header_closure=rewrite/metadata/header_closure.tsv;selected=PENDING_REVIEW	425f94c2954b1fe80ebdbf9b29854e89750355df	06d0d31e6d23c7193fb7081b52ed5198be4fc173bef366cc4d7aca501aeee4c8	4f9618f52e639afa12c0cf7eb10152adb7c510a31ddc320f312d7b4bd032a184	0123af9e96b58af4e98b91a2de5608d36b63c67864b9041d3340587f3dbe40d2	cfa8dcf0d81c408de38d4202fe1ce9d9e5e301d1e67439c9530da94b1e64ee3f	7484d7b0dd80f45e18d726b04752827fe28555cc5c1af0e127948380e6688abf
semantic-proposal-v1	SC1-f9602eedbc763782aca0f53d38edff7a40b6878adde5d35c6d38887cccbfaf00	S000758	2	P02	SYMBOLS.tsv	36370	selection_expression	x86_64	arch/x86/include/asm/vmxfeatures.h	operative_macro	VMX_FEATURE_NOTIFY_VM_EXITING	89	PENDING_REVIEW	SOURCE_REVIEWED_VALUE	COMPLETE	vendor/linux/arch/x86/include/asm/vmxfeatures.h;vendor/linux/arch/x86/include/asm/vmxfeatures.h:89;rewrite/configs/x86_64/frozen.config;header_closure=rewrite/metadata/header_closure.tsv;selected=PENDING_REVIEW	425f94c2954b1fe80ebdbf9b29854e89750355df	06d0d31e6d23c7193fb7081b52ed5198be4fc173bef366cc4d7aca501aeee4c8	4f9618f52e639afa12c0cf7eb10152adb7c510a31ddc320f312d7b4bd032a184	0123af9e96b58af4e98b91a2de5608d36b63c67864b9041d3340587f3dbe40d2	cfa8dcf0d81c408de38d4202fe1ce9d9e5e301d1e67439c9530da94b1e64ee3f	7484d7b0dd80f45e18d726b04752827fe28555cc5c1af0e127948380e6688abf
semantic-proposal-v1	SC1-448f9eaf920eb3cf86831b7cf3cde4e14805ba87f05de7131de1c0817fec03f6	S000758	2	P02	SYMBOLS.tsv	36370	status	x86_64	arch/x86/include/asm/vmxfeatures.h	operative_macro	VMX_FEATURE_NOTIFY_VM_EXITING	89	PENDING_REVIEW	COMPLETE	COMPLETE	vendor/linux/arch/x86/include/asm/vmxfeatures.h;vendor/linux/arch/x86/include/asm/vmxfeatures.h:89;rewrite/configs/x86_64/frozen.config;header_closure=rewrite/metadata/header_closure.tsv;selected=PENDING_REVIEW	425f94c2954b1fe80ebdbf9b29854e89750355df	06d0d31e6d23c7193fb7081b52ed5198be4fc173bef366cc4d7aca501aeee4c8	4f9618f52e639afa12c0cf7eb10152adb7c510a31ddc320f312d7b4bd032a184	0123af9e96b58af4e98b91a2de5608d36b63c67864b9041d3340587f3dbe40d2	cfa8dcf0d81c408de38d4202fe1ce9d9e5e301d1e67439c9530da94b1e64ee3f	7484d7b0dd80f45e18d726b04752827fe28555cc5c1af0e127948380e6688abf
semantic-proposal-v1	SC1-7b91b8cfd092bcbae02d2c1898afca53f64c652e4cac9c8d42f55eeff1ee7a58	S000758	2	P02	SYMBOLS.tsv	36371	selection_expression	x86_64	arch/x86/include/asm/vmxfeatures.h	operative_macro	VMX_FEATURE_IPI_VIRT	92	PENDING_REVIEW	SOURCE_REVIEWED_VALUE	COMPLETE	vendor/linux/arch/x86/include/asm/vmxfeatures.h;vendor/linux/arch/x86/include/asm/vmxfeatures.h:92;rewrite/configs/x86_64/frozen.config;header_closure=rewrite/metadata/header_closure.tsv;selected=PENDING_REVIEW	425f94c2954b1fe80ebdbf9b29854e89750355df	06d0d31e6d23c7193fb7081b52ed5198be4fc173bef366cc4d7aca501aeee4c8	4f9618f52e639afa12c0cf7eb10152adb7c510a31ddc320f312d7b4bd032a184	0123af9e96b58af4e98b91a2de5608d36b63c67864b9041d3340587f3dbe40d2	cfa8dcf0d81c408de38d4202fe1ce9d9e5e301d1e67439c9530da94b1e64ee3f	7484d7b0dd80f45e18d726b04752827fe28555cc5c1af0e127948380e6688abf
semantic-proposal-v1	SC1-2813ed475a7d911f8576cfb7bdfddb9355810a28e4d7eee0580781f00831d642	S000758	2	P02	SYMBOLS.tsv	36371	status	x86_64	arch/x86/include/asm/vmxfeatures.h	operative_macro	VMX_FEATURE_IPI_VIRT	92	PENDING_REVIEW	COMPLETE	COMPLETE	vendor/linux/arch/x86/include/asm/vmxfeatures.h;vendor/linux/arch/x86/include/asm/vmxfeatures.h:92;rewrite/configs/x86_64/frozen.config;header_closure=rewrite/metadata/header_closure.tsv;selected=PENDING_REVIEW	425f94c2954b1fe80ebdbf9b29854e89750355df	06d0d31e6d23c7193fb7081b52ed5198be4fc173bef366cc4d7aca501aeee4c8	4f9618f52e639afa12c0cf7eb10152adb7c510a31ddc320f312d7b4bd032a184	0123af9e96b58af4e98b91a2de5608d36b63c67864b9041d3340587f3dbe40d2	cfa8dcf0d81c408de38d4202fe1ce9d9e5e301d1e67439c9530da94b1e64ee3f	7484d7b0dd80f45e18d726b04752827fe28555cc5c1af0e127948380e6688abf
