schema_version	record_key	task_id	attempt	pipeline_id	manifest	base_row	field	architecture	linux_path	record_kind	symbol_name	source_line	old_value	final_value	decision_status	source_citations	linux_sha	candidate_sha256	implementation_sha256	phase0_identity_sha256	queue_fingerprint	base_manifest_sha256
semantic-proposal-v1	SC1-a0e2ab0fb05706b6163f63d17b5b8e659b90d55dfa52d017e34fb378d7945d29	S016070	1	P02	SCOPE.tsv	16071	semantic_status	common	include/uapi/linux/bpf_common.h	scope	S016070	0	PENDING_REVIEW	COMPLETE	COMPLETE	vendor/linux/include/uapi/linux/bpf_common.h;rewrite/metadata/header_closure.tsv	425f94c2954b1fe80ebdbf9b29854e89750355df	88f5e5d834ad0550c26362beda6c8d340574e0c3f69b0f40701742982a0204cc	1a2636dada517c938157697a09752cf77b86edeb7369c7660884b3be41a942c9	0123af9e96b58af4e98b91a2de5608d36b63c67864b9041d3340587f3dbe40d2	cfa8dcf0d81c408de38d4202fe1ce9d9e5e301d1e67439c9530da94b1e64ee3f	b83349e6731e17e5da5e04a0ea053487e8ac8d9269538dbdb367d83f77b17e0a
semantic-proposal-v1	SC1-f240304ee328450450100dffe5a24041983ac25992a4f347cb0e91a20cc96453	S016070	1	P02	SYMBOLS.tsv	354701	status	aarch64	include/uapi/linux/bpf_common.h	conditional	ifndef@2	2	PENDING_REVIEW	COMPLETE	COMPLETE	vendor/linux/include/uapi/linux/bpf_common.h;vendor/linux/include/uapi/linux/bpf_common.h:2;rewrite/configs/aarch64/frozen.config;header_closure=rewrite/metadata/header_closure.tsv;selected=PENDING_REVIEW	425f94c2954b1fe80ebdbf9b29854e89750355df	88f5e5d834ad0550c26362beda6c8d340574e0c3f69b0f40701742982a0204cc	1a2636dada517c938157697a09752cf77b86edeb7369c7660884b3be41a942c9	0123af9e96b58af4e98b91a2de5608d36b63c67864b9041d3340587f3dbe40d2	cfa8dcf0d81c408de38d4202fe1ce9d9e5e301d1e67439c9530da94b1e64ee3f	7484d7b0dd80f45e18d726b04752827fe28555cc5c1af0e127948380e6688abf
semantic-proposal-v1	SC1-7d8396bdec9228a1050a6ebb3bec97b5606c61d38b8ddc8118c92217343b7b66	S016070	1	P02	SYMBOLS.tsv	354702	status	aarch64	include/uapi/linux/bpf_common.h	conditional	ifndef@53	53	PENDING_REVIEW	COMPLETE	COMPLETE	vendor/linux/include/uapi/linux/bpf_common.h;vendor/linux/include/uapi/linux/bpf_common.h:53;rewrite/configs/aarch64/frozen.config;header_closure=rewrite/metadata/header_closure.tsv;selected=PENDING_REVIEW	425f94c2954b1fe80ebdbf9b29854e89750355df	88f5e5d834ad0550c26362beda6c8d340574e0c3f69b0f40701742982a0204cc	1a2636dada517c938157697a09752cf77b86edeb7369c7660884b3be41a942c9	0123af9e96b58af4e98b91a2de5608d36b63c67864b9041d3340587f3dbe40d2	cfa8dcf0d81c408de38d4202fe1ce9d9e5e301d1e67439c9530da94b1e64ee3f	7484d7b0dd80f45e18d726b04752827fe28555cc5c1af0e127948380e6688abf
semantic-proposal-v1	SC1-25d971329e73187299d80c70ebef7d9aa04844fffee4f780af4b95c28ff1b684	S016070	1	P02	SYMBOLS.tsv	354703	status	aarch64	include/uapi/linux/bpf_common.h	conditional	endif@55	55	PENDING_REVIEW	COMPLETE	COMPLETE	vendor/linux/include/uapi/linux/bpf_common.h;vendor/linux/include/uapi/linux/bpf_common.h:55;rewrite/configs/aarch64/frozen.config;header_closure=rewrite/metadata/header_closure.tsv;selected=PENDING_REVIEW	425f94c2954b1fe80ebdbf9b29854e89750355df	88f5e5d834ad0550c26362beda6c8d340574e0c3f69b0f40701742982a0204cc	1a2636dada517c938157697a09752cf77b86edeb7369c7660884b3be41a942c9	0123af9e96b58af4e98b91a2de5608d36b63c67864b9041d3340587f3dbe40d2	cfa8dcf0d81c408de38d4202fe1ce9d9e5e301d1e67439c9530da94b1e64ee3f	7484d7b0dd80f45e18d726b04752827fe28555cc5c1af0e127948380e6688abf
semantic-proposal-v1	SC1-b396acc4ff244635ae75172b104a1a690dfeed421918e578c14c7890dd53a5eb	S016070	1	P02	SYMBOLS.tsv	354704	status	aarch64	include/uapi/linux/bpf_common.h	conditional	endif@57	57	PENDING_REVIEW	COMPLETE	COMPLETE	vendor/linux/include/uapi/linux/bpf_common.h;vendor/linux/include/uapi/linux/bpf_common.h:57;rewrite/configs/aarch64/frozen.config;header_closure=rewrite/metadata/header_closure.tsv;selected=PENDING_REVIEW	425f94c2954b1fe80ebdbf9b29854e89750355df	88f5e5d834ad0550c26362beda6c8d340574e0c3f69b0f40701742982a0204cc	1a2636dada517c938157697a09752cf77b86edeb7369c7660884b3be41a942c9	0123af9e96b58af4e98b91a2de5608d36b63c67864b9041d3340587f3dbe40d2	cfa8dcf0d81c408de38d4202fe1ce9d9e5e301d1e67439c9530da94b1e64ee3f	7484d7b0dd80f45e18d726b04752827fe28555cc5c1af0e127948380e6688abf
semantic-proposal-v1	SC1-83daa15a3fd4dd8369d32de27f2556367b04ce685b75712eea9c8f65b3cf9ed9	S016070	1	P02	SYMBOLS.tsv	354705	selection_expression	aarch64	include/uapi/linux/bpf_common.h	operative_macro	_UAPI__LINUX_BPF_COMMON_H__	3	PENDING_REVIEW	SOURCE_REVIEWED_VALUE	COMPLETE	vendor/linux/include/uapi/linux/bpf_common.h;vendor/linux/include/uapi/linux/bpf_common.h:3;rewrite/configs/aarch64/frozen.config;header_closure=rewrite/metadata/header_closure.tsv;selected=PENDING_REVIEW	425f94c2954b1fe80ebdbf9b29854e89750355df	88f5e5d834ad0550c26362beda6c8d340574e0c3f69b0f40701742982a0204cc	1a2636dada517c938157697a09752cf77b86edeb7369c7660884b3be41a942c9	0123af9e96b58af4e98b91a2de5608d36b63c67864b9041d3340587f3dbe40d2	cfa8dcf0d81c408de38d4202fe1ce9d9e5e301d1e67439c9530da94b1e64ee3f	7484d7b0dd80f45e18d726b04752827fe28555cc5c1af0e127948380e6688abf
semantic-proposal-v1	SC1-5051b616c64f295d9dfe75b8dd2a6188d74a72ed02c9dac4e64c3c60e18503f8	S016070	1	P02	SYMBOLS.tsv	354705	status	aarch64	include/uapi/linux/bpf_common.h	operative_macro	_UAPI__LINUX_BPF_COMMON_H__	3	PENDING_REVIEW	COMPLETE	COMPLETE	vendor/linux/include/uapi/linux/bpf_common.h;vendor/linux/include/uapi/linux/bpf_common.h:3;rewrite/configs/aarch64/frozen.config;header_closure=rewrite/metadata/header_closure.tsv;selected=PENDING_REVIEW	425f94c2954b1fe80ebdbf9b29854e89750355df	88f5e5d834ad0550c26362beda6c8d340574e0c3f69b0f40701742982a0204cc	1a2636dada517c938157697a09752cf77b86edeb7369c7660884b3be41a942c9	0123af9e96b58af4e98b91a2de5608d36b63c67864b9041d3340587f3dbe40d2	cfa8dcf0d81c408de38d4202fe1ce9d9e5e301d1e67439c9530da94b1e64ee3f	7484d7b0dd80f45e18d726b04752827fe28555cc5c1af0e127948380e6688abf
semantic-proposal-v1	SC1-6af4819ddef62ae54fd69a0edb4073104c1854f29adf2a9ceb260e84287892d2	S016070	1	P02	SYMBOLS.tsv	354706	selection_expression	aarch64	include/uapi/linux/bpf_common.h	operative_macro	BPF_CLASS	6	PENDING_REVIEW	SOURCE_REVIEWED_VALUE	COMPLETE	vendor/linux/include/uapi/linux/bpf_common.h;vendor/linux/include/uapi/linux/bpf_common.h:6;rewrite/configs/aarch64/frozen.config;header_closure=rewrite/metadata/header_closure.tsv;selected=PENDING_REVIEW	425f94c2954b1fe80ebdbf9b29854e89750355df	88f5e5d834ad0550c26362beda6c8d340574e0c3f69b0f40701742982a0204cc	1a2636dada517c938157697a09752cf77b86edeb7369c7660884b3be41a942c9	0123af9e96b58af4e98b91a2de5608d36b63c67864b9041d3340587f3dbe40d2	cfa8dcf0d81c408de38d4202fe1ce9d9e5e301d1e67439c9530da94b1e64ee3f	7484d7b0dd80f45e18d726b04752827fe28555cc5c1af0e127948380e6688abf
semantic-proposal-v1	SC1-b38142463db472191f59212a52d17d2508cac5e3828c087d39f08669abfbc8cc	S016070	1	P02	SYMBOLS.tsv	354706	status	aarch64	include/uapi/linux/bpf_common.h	operative_macro	BPF_CLASS	6	PENDING_REVIEW	COMPLETE	COMPLETE	vendor/linux/include/uapi/linux/bpf_common.h;vendor/linux/include/uapi/linux/bpf_common.h:6;rewrite/configs/aarch64/frozen.config;header_closure=rewrite/metadata/header_closure.tsv;selected=PENDING_REVIEW	425f94c2954b1fe80ebdbf9b29854e89750355df	88f5e5d834ad0550c26362beda6c8d340574e0c3f69b0f40701742982a0204cc	1a2636dada517c938157697a09752cf77b86edeb7369c7660884b3be41a942c9	0123af9e96b58af4e98b91a2de5608d36b63c67864b9041d3340587f3dbe40d2	cfa8dcf0d81c408de38d4202fe1ce9d9e5e301d1e67439c9530da94b1e64ee3f	7484d7b0dd80f45e18d726b04752827fe28555cc5c1af0e127948380e6688abf
semantic-proposal-v1	SC1-36b16138a4a790744c6301200088c405620cf6de9db7ed8bbd8a434dde47053a	S016070	1	P02	SYMBOLS.tsv	354707	selection_expression	aarch64	include/uapi/linux/bpf_common.h	operative_macro	BPF_LD	7	PENDING_REVIEW	SOURCE_REVIEWED_VALUE	COMPLETE	vendor/linux/include/uapi/linux/bpf_common.h;vendor/linux/include/uapi/linux/bpf_common.h:7;rewrite/configs/aarch64/frozen.config;header_closure=rewrite/metadata/header_closure.tsv;selected=PENDING_REVIEW	425f94c2954b1fe80ebdbf9b29854e89750355df	88f5e5d834ad0550c26362beda6c8d340574e0c3f69b0f40701742982a0204cc	1a2636dada517c938157697a09752cf77b86edeb7369c7660884b3be41a942c9	0123af9e96b58af4e98b91a2de5608d36b63c67864b9041d3340587f3dbe40d2	cfa8dcf0d81c408de38d4202fe1ce9d9e5e301d1e67439c9530da94b1e64ee3f	7484d7b0dd80f45e18d726b04752827fe28555cc5c1af0e127948380e6688abf
semantic-proposal-v1	SC1-4feb221db0b75d4a9ce6a0bc04585f4ee52d816c1e5cfbe621ebbfee68038f71	S016070	1	P02	SYMBOLS.tsv	354707	status	aarch64	include/uapi/linux/bpf_common.h	operative_macro	BPF_LD	7	PENDING_REVIEW	COMPLETE	COMPLETE	vendor/linux/include/uapi/linux/bpf_common.h;vendor/linux/include/uapi/linux/bpf_common.h:7;rewrite/configs/aarch64/frozen.config;header_closure=rewrite/metadata/header_closure.tsv;selected=PENDING_REVIEW	425f94c2954b1fe80ebdbf9b29854e89750355df	88f5e5d834ad0550c26362beda6c8d340574e0c3f69b0f40701742982a0204cc	1a2636dada517c938157697a09752cf77b86edeb7369c7660884b3be41a942c9	0123af9e96b58af4e98b91a2de5608d36b63c67864b9041d3340587f3dbe40d2	cfa8dcf0d81c408de38d4202fe1ce9d9e5e301d1e67439c9530da94b1e64ee3f	7484d7b0dd80f45e18d726b04752827fe28555cc5c1af0e127948380e6688abf
semantic-proposal-v1	SC1-8ad703cef120e99bc97de8d70ee9e03195728b15eb5552e5d1e2f6ca143fdfbb	S016070	1	P02	SYMBOLS.tsv	354708	selection_expression	aarch64	include/uapi/linux/bpf_common.h	operative_macro	BPF_LDX	8	PENDING_REVIEW	SOURCE_REVIEWED_VALUE	COMPLETE	vendor/linux/include/uapi/linux/bpf_common.h;vendor/linux/include/uapi/linux/bpf_common.h:8;rewrite/configs/aarch64/frozen.config;header_closure=rewrite/metadata/header_closure.tsv;selected=PENDING_REVIEW	425f94c2954b1fe80ebdbf9b29854e89750355df	88f5e5d834ad0550c26362beda6c8d340574e0c3f69b0f40701742982a0204cc	1a2636dada517c938157697a09752cf77b86edeb7369c7660884b3be41a942c9	0123af9e96b58af4e98b91a2de5608d36b63c67864b9041d3340587f3dbe40d2	cfa8dcf0d81c408de38d4202fe1ce9d9e5e301d1e67439c9530da94b1e64ee3f	7484d7b0dd80f45e18d726b04752827fe28555cc5c1af0e127948380e6688abf
semantic-proposal-v1	SC1-68e2600d266ad7d5c8a3263c20e41c9b0b382ebba0d8bc3a35ab20d7e532a65e	S016070	1	P02	SYMBOLS.tsv	354708	status	aarch64	include/uapi/linux/bpf_common.h	operative_macro	BPF_LDX	8	PENDING_REVIEW	COMPLETE	COMPLETE	vendor/linux/include/uapi/linux/bpf_common.h;vendor/linux/include/uapi/linux/bpf_common.h:8;rewrite/configs/aarch64/frozen.config;header_closure=rewrite/metadata/header_closure.tsv;selected=PENDING_REVIEW	425f94c2954b1fe80ebdbf9b29854e89750355df	88f5e5d834ad0550c26362beda6c8d340574e0c3f69b0f40701742982a0204cc	1a2636dada517c938157697a09752cf77b86edeb7369c7660884b3be41a942c9	0123af9e96b58af4e98b91a2de5608d36b63c67864b9041d3340587f3dbe40d2	cfa8dcf0d81c408de38d4202fe1ce9d9e5e301d1e67439c9530da94b1e64ee3f	7484d7b0dd80f45e18d726b04752827fe28555cc5c1af0e127948380e6688abf
semantic-proposal-v1	SC1-98b337966356d3b1cf84a0fc9c6c66399d0b3ac881bec9fb9c214a0746577adb	S016070	1	P02	SYMBOLS.tsv	354709	selection_expression	aarch64	include/uapi/linux/bpf_common.h	operative_macro	BPF_ST	9	PENDING_REVIEW	SOURCE_REVIEWED_VALUE	COMPLETE	vendor/linux/include/uapi/linux/bpf_common.h;vendor/linux/include/uapi/linux/bpf_common.h:9;rewrite/configs/aarch64/frozen.config;header_closure=rewrite/metadata/header_closure.tsv;selected=PENDING_REVIEW	425f94c2954b1fe80ebdbf9b29854e89750355df	88f5e5d834ad0550c26362beda6c8d340574e0c3f69b0f40701742982a0204cc	1a2636dada517c938157697a09752cf77b86edeb7369c7660884b3be41a942c9	0123af9e96b58af4e98b91a2de5608d36b63c67864b9041d3340587f3dbe40d2	cfa8dcf0d81c408de38d4202fe1ce9d9e5e301d1e67439c9530da94b1e64ee3f	7484d7b0dd80f45e18d726b04752827fe28555cc5c1af0e127948380e6688abf
semantic-proposal-v1	SC1-f184e6ade843c31be32dac044e36c8dd8e8ab78235dbedb91856965309f2c6dc	S016070	1	P02	SYMBOLS.tsv	354709	status	aarch64	include/uapi/linux/bpf_common.h	operative_macro	BPF_ST	9	PENDING_REVIEW	COMPLETE	COMPLETE	vendor/linux/include/uapi/linux/bpf_common.h;vendor/linux/include/uapi/linux/bpf_common.h:9;rewrite/configs/aarch64/frozen.config;header_closure=rewrite/metadata/header_closure.tsv;selected=PENDING_REVIEW	425f94c2954b1fe80ebdbf9b29854e89750355df	88f5e5d834ad0550c26362beda6c8d340574e0c3f69b0f40701742982a0204cc	1a2636dada517c938157697a09752cf77b86edeb7369c7660884b3be41a942c9	0123af9e96b58af4e98b91a2de5608d36b63c67864b9041d3340587f3dbe40d2	cfa8dcf0d81c408de38d4202fe1ce9d9e5e301d1e67439c9530da94b1e64ee3f	7484d7b0dd80f45e18d726b04752827fe28555cc5c1af0e127948380e6688abf
semantic-proposal-v1	SC1-9d643d67a25897a24652bb61e1d13d8d071d07b3d342f8f9a5ec6386deaa46b9	S016070	1	P02	SYMBOLS.tsv	354710	selection_expression	aarch64	include/uapi/linux/bpf_common.h	operative_macro	BPF_STX	10	PENDING_REVIEW	SOURCE_REVIEWED_VALUE	COMPLETE	vendor/linux/include/uapi/linux/bpf_common.h;vendor/linux/include/uapi/linux/bpf_common.h:10;rewrite/configs/aarch64/frozen.config;header_closure=rewrite/metadata/header_closure.tsv;selected=PENDING_REVIEW	425f94c2954b1fe80ebdbf9b29854e89750355df	88f5e5d834ad0550c26362beda6c8d340574e0c3f69b0f40701742982a0204cc	1a2636dada517c938157697a09752cf77b86edeb7369c7660884b3be41a942c9	0123af9e96b58af4e98b91a2de5608d36b63c67864b9041d3340587f3dbe40d2	cfa8dcf0d81c408de38d4202fe1ce9d9e5e301d1e67439c9530da94b1e64ee3f	7484d7b0dd80f45e18d726b04752827fe28555cc5c1af0e127948380e6688abf
semantic-proposal-v1	SC1-a3b2b4d135c9a39449cb5b178f0a3b0ef816318429d6dbdb261c6fa48cf77594	S016070	1	P02	SYMBOLS.tsv	354710	status	aarch64	include/uapi/linux/bpf_common.h	operative_macro	BPF_STX	10	PENDING_REVIEW	COMPLETE	COMPLETE	vendor/linux/include/uapi/linux/bpf_common.h;vendor/linux/include/uapi/linux/bpf_common.h:10;rewrite/configs/aarch64/frozen.config;header_closure=rewrite/metadata/header_closure.tsv;selected=PENDING_REVIEW	425f94c2954b1fe80ebdbf9b29854e89750355df	88f5e5d834ad0550c26362beda6c8d340574e0c3f69b0f40701742982a0204cc	1a2636dada517c938157697a09752cf77b86edeb7369c7660884b3be41a942c9	0123af9e96b58af4e98b91a2de5608d36b63c67864b9041d3340587f3dbe40d2	cfa8dcf0d81c408de38d4202fe1ce9d9e5e301d1e67439c9530da94b1e64ee3f	7484d7b0dd80f45e18d726b04752827fe28555cc5c1af0e127948380e6688abf
semantic-proposal-v1	SC1-a654eb6b3e27f43b95b95791af0b36be043c075e22f4521039f1c042b7b87a82	S016070	1	P02	SYMBOLS.tsv	354711	selection_expression	aarch64	include/uapi/linux/bpf_common.h	operative_macro	BPF_ALU	11	PENDING_REVIEW	SOURCE_REVIEWED_VALUE	COMPLETE	vendor/linux/include/uapi/linux/bpf_common.h;vendor/linux/include/uapi/linux/bpf_common.h:11;rewrite/configs/aarch64/frozen.config;header_closure=rewrite/metadata/header_closure.tsv;selected=PENDING_REVIEW	425f94c2954b1fe80ebdbf9b29854e89750355df	88f5e5d834ad0550c26362beda6c8d340574e0c3f69b0f40701742982a0204cc	1a2636dada517c938157697a09752cf77b86edeb7369c7660884b3be41a942c9	0123af9e96b58af4e98b91a2de5608d36b63c67864b9041d3340587f3dbe40d2	cfa8dcf0d81c408de38d4202fe1ce9d9e5e301d1e67439c9530da94b1e64ee3f	7484d7b0dd80f45e18d726b04752827fe28555cc5c1af0e127948380e6688abf
semantic-proposal-v1	SC1-8a68d8552efde6ee1eb503f9da1dfe02522c2d19e450a072dcab7a1ed86095fc	S016070	1	P02	SYMBOLS.tsv	354711	status	aarch64	include/uapi/linux/bpf_common.h	operative_macro	BPF_ALU	11	PENDING_REVIEW	COMPLETE	COMPLETE	vendor/linux/include/uapi/linux/bpf_common.h;vendor/linux/include/uapi/linux/bpf_common.h:11;rewrite/configs/aarch64/frozen.config;header_closure=rewrite/metadata/header_closure.tsv;selected=PENDING_REVIEW	425f94c2954b1fe80ebdbf9b29854e89750355df	88f5e5d834ad0550c26362beda6c8d340574e0c3f69b0f40701742982a0204cc	1a2636dada517c938157697a09752cf77b86edeb7369c7660884b3be41a942c9	0123af9e96b58af4e98b91a2de5608d36b63c67864b9041d3340587f3dbe40d2	cfa8dcf0d81c408de38d4202fe1ce9d9e5e301d1e67439c9530da94b1e64ee3f	7484d7b0dd80f45e18d726b04752827fe28555cc5c1af0e127948380e6688abf
semantic-proposal-v1	SC1-43d68b27ed020a1e47a7c27158a11e48dc96e918ec7ca8672506e677b544e947	S016070	1	P02	SYMBOLS.tsv	354712	selection_expression	aarch64	include/uapi/linux/bpf_common.h	operative_macro	BPF_JMP	12	PENDING_REVIEW	SOURCE_REVIEWED_VALUE	COMPLETE	vendor/linux/include/uapi/linux/bpf_common.h;vendor/linux/include/uapi/linux/bpf_common.h:12;rewrite/configs/aarch64/frozen.config;header_closure=rewrite/metadata/header_closure.tsv;selected=PENDING_REVIEW	425f94c2954b1fe80ebdbf9b29854e89750355df	88f5e5d834ad0550c26362beda6c8d340574e0c3f69b0f40701742982a0204cc	1a2636dada517c938157697a09752cf77b86edeb7369c7660884b3be41a942c9	0123af9e96b58af4e98b91a2de5608d36b63c67864b9041d3340587f3dbe40d2	cfa8dcf0d81c408de38d4202fe1ce9d9e5e301d1e67439c9530da94b1e64ee3f	7484d7b0dd80f45e18d726b04752827fe28555cc5c1af0e127948380e6688abf
semantic-proposal-v1	SC1-fac3cb8c21b4cd3ea746d8588d0d8613cb68a2900d11062edc13a132460848c8	S016070	1	P02	SYMBOLS.tsv	354712	status	aarch64	include/uapi/linux/bpf_common.h	operative_macro	BPF_JMP	12	PENDING_REVIEW	COMPLETE	COMPLETE	vendor/linux/include/uapi/linux/bpf_common.h;vendor/linux/include/uapi/linux/bpf_common.h:12;rewrite/configs/aarch64/frozen.config;header_closure=rewrite/metadata/header_closure.tsv;selected=PENDING_REVIEW	425f94c2954b1fe80ebdbf9b29854e89750355df	88f5e5d834ad0550c26362beda6c8d340574e0c3f69b0f40701742982a0204cc	1a2636dada517c938157697a09752cf77b86edeb7369c7660884b3be41a942c9	0123af9e96b58af4e98b91a2de5608d36b63c67864b9041d3340587f3dbe40d2	cfa8dcf0d81c408de38d4202fe1ce9d9e5e301d1e67439c9530da94b1e64ee3f	7484d7b0dd80f45e18d726b04752827fe28555cc5c1af0e127948380e6688abf
semantic-proposal-v1	SC1-55677d85e00ab3b0cb7a6fe4c6bd9e2290d8d14c37831e75f971de435fbf019b	S016070	1	P02	SYMBOLS.tsv	354713	selection_expression	aarch64	include/uapi/linux/bpf_common.h	operative_macro	BPF_RET	13	PENDING_REVIEW	SOURCE_REVIEWED_VALUE	COMPLETE	vendor/linux/include/uapi/linux/bpf_common.h;vendor/linux/include/uapi/linux/bpf_common.h:13;rewrite/configs/aarch64/frozen.config;header_closure=rewrite/metadata/header_closure.tsv;selected=PENDING_REVIEW	425f94c2954b1fe80ebdbf9b29854e89750355df	88f5e5d834ad0550c26362beda6c8d340574e0c3f69b0f40701742982a0204cc	1a2636dada517c938157697a09752cf77b86edeb7369c7660884b3be41a942c9	0123af9e96b58af4e98b91a2de5608d36b63c67864b9041d3340587f3dbe40d2	cfa8dcf0d81c408de38d4202fe1ce9d9e5e301d1e67439c9530da94b1e64ee3f	7484d7b0dd80f45e18d726b04752827fe28555cc5c1af0e127948380e6688abf
semantic-proposal-v1	SC1-dd9decb59e2187ed9f17e906ea17a6acff3cf8d4392316b7e0f1cc560aa99fe7	S016070	1	P02	SYMBOLS.tsv	354713	status	aarch64	include/uapi/linux/bpf_common.h	operative_macro	BPF_RET	13	PENDING_REVIEW	COMPLETE	COMPLETE	vendor/linux/include/uapi/linux/bpf_common.h;vendor/linux/include/uapi/linux/bpf_common.h:13;rewrite/configs/aarch64/frozen.config;header_closure=rewrite/metadata/header_closure.tsv;selected=PENDING_REVIEW	425f94c2954b1fe80ebdbf9b29854e89750355df	88f5e5d834ad0550c26362beda6c8d340574e0c3f69b0f40701742982a0204cc	1a2636dada517c938157697a09752cf77b86edeb7369c7660884b3be41a942c9	0123af9e96b58af4e98b91a2de5608d36b63c67864b9041d3340587f3dbe40d2	cfa8dcf0d81c408de38d4202fe1ce9d9e5e301d1e67439c9530da94b1e64ee3f	7484d7b0dd80f45e18d726b04752827fe28555cc5c1af0e127948380e6688abf
semantic-proposal-v1	SC1-49734eb06e165eeb6935d19fb4359d81ebf37e2a9857e1f9dd7cc5efc5204b9a	S016070	1	P02	SYMBOLS.tsv	354714	selection_expression	aarch64	include/uapi/linux/bpf_common.h	operative_macro	BPF_MISC	14	PENDING_REVIEW	SOURCE_REVIEWED_VALUE	COMPLETE	vendor/linux/include/uapi/linux/bpf_common.h;vendor/linux/include/uapi/linux/bpf_common.h:14;rewrite/configs/aarch64/frozen.config;header_closure=rewrite/metadata/header_closure.tsv;selected=PENDING_REVIEW	425f94c2954b1fe80ebdbf9b29854e89750355df	88f5e5d834ad0550c26362beda6c8d340574e0c3f69b0f40701742982a0204cc	1a2636dada517c938157697a09752cf77b86edeb7369c7660884b3be41a942c9	0123af9e96b58af4e98b91a2de5608d36b63c67864b9041d3340587f3dbe40d2	cfa8dcf0d81c408de38d4202fe1ce9d9e5e301d1e67439c9530da94b1e64ee3f	7484d7b0dd80f45e18d726b04752827fe28555cc5c1af0e127948380e6688abf
semantic-proposal-v1	SC1-59429b2e43202077060c4190e6f3d995989d0471633571985e7acdfd2bfb51ac	S016070	1	P02	SYMBOLS.tsv	354714	status	aarch64	include/uapi/linux/bpf_common.h	operative_macro	BPF_MISC	14	PENDING_REVIEW	COMPLETE	COMPLETE	vendor/linux/include/uapi/linux/bpf_common.h;vendor/linux/include/uapi/linux/bpf_common.h:14;rewrite/configs/aarch64/frozen.config;header_closure=rewrite/metadata/header_closure.tsv;selected=PENDING_REVIEW	425f94c2954b1fe80ebdbf9b29854e89750355df	88f5e5d834ad0550c26362beda6c8d340574e0c3f69b0f40701742982a0204cc	1a2636dada517c938157697a09752cf77b86edeb7369c7660884b3be41a942c9	0123af9e96b58af4e98b91a2de5608d36b63c67864b9041d3340587f3dbe40d2	cfa8dcf0d81c408de38d4202fe1ce9d9e5e301d1e67439c9530da94b1e64ee3f	7484d7b0dd80f45e18d726b04752827fe28555cc5c1af0e127948380e6688abf
semantic-proposal-v1	SC1-f1498133e218b5aa466df7cf7b7a2b05f17e1bacfd8060a71cc22f41ddd3f8c1	S016070	1	P02	SYMBOLS.tsv	354715	selection_expression	aarch64	include/uapi/linux/bpf_common.h	operative_macro	BPF_SIZE	17	PENDING_REVIEW	SOURCE_REVIEWED_VALUE	COMPLETE	vendor/linux/include/uapi/linux/bpf_common.h;vendor/linux/include/uapi/linux/bpf_common.h:17;rewrite/configs/aarch64/frozen.config;header_closure=rewrite/metadata/header_closure.tsv;selected=PENDING_REVIEW	425f94c2954b1fe80ebdbf9b29854e89750355df	88f5e5d834ad0550c26362beda6c8d340574e0c3f69b0f40701742982a0204cc	1a2636dada517c938157697a09752cf77b86edeb7369c7660884b3be41a942c9	0123af9e96b58af4e98b91a2de5608d36b63c67864b9041d3340587f3dbe40d2	cfa8dcf0d81c408de38d4202fe1ce9d9e5e301d1e67439c9530da94b1e64ee3f	7484d7b0dd80f45e18d726b04752827fe28555cc5c1af0e127948380e6688abf
semantic-proposal-v1	SC1-c522af49ed66870dc6ba2bce1c8484e66f6b7d8174b6b083271385cf46e00b83	S016070	1	P02	SYMBOLS.tsv	354715	status	aarch64	include/uapi/linux/bpf_common.h	operative_macro	BPF_SIZE	17	PENDING_REVIEW	COMPLETE	COMPLETE	vendor/linux/include/uapi/linux/bpf_common.h;vendor/linux/include/uapi/linux/bpf_common.h:17;rewrite/configs/aarch64/frozen.config;header_closure=rewrite/metadata/header_closure.tsv;selected=PENDING_REVIEW	425f94c2954b1fe80ebdbf9b29854e89750355df	88f5e5d834ad0550c26362beda6c8d340574e0c3f69b0f40701742982a0204cc	1a2636dada517c938157697a09752cf77b86edeb7369c7660884b3be41a942c9	0123af9e96b58af4e98b91a2de5608d36b63c67864b9041d3340587f3dbe40d2	cfa8dcf0d81c408de38d4202fe1ce9d9e5e301d1e67439c9530da94b1e64ee3f	7484d7b0dd80f45e18d726b04752827fe28555cc5c1af0e127948380e6688abf
semantic-proposal-v1	SC1-8a65f11442ef7c2a7cdbca92d254f7d2dbbf79a50819e0c4df6d46012876d841	S016070	1	P02	SYMBOLS.tsv	354716	selection_expression	aarch64	include/uapi/linux/bpf_common.h	operative_macro	BPF_W	18	PENDING_REVIEW	SOURCE_REVIEWED_VALUE	COMPLETE	vendor/linux/include/uapi/linux/bpf_common.h;vendor/linux/include/uapi/linux/bpf_common.h:18;rewrite/configs/aarch64/frozen.config;header_closure=rewrite/metadata/header_closure.tsv;selected=PENDING_REVIEW	425f94c2954b1fe80ebdbf9b29854e89750355df	88f5e5d834ad0550c26362beda6c8d340574e0c3f69b0f40701742982a0204cc	1a2636dada517c938157697a09752cf77b86edeb7369c7660884b3be41a942c9	0123af9e96b58af4e98b91a2de5608d36b63c67864b9041d3340587f3dbe40d2	cfa8dcf0d81c408de38d4202fe1ce9d9e5e301d1e67439c9530da94b1e64ee3f	7484d7b0dd80f45e18d726b04752827fe28555cc5c1af0e127948380e6688abf
semantic-proposal-v1	SC1-8907c376b79ab1c832a82b8b57f2fe1b83ee3db649d72ae82c7421a5fa0c183b	S016070	1	P02	SYMBOLS.tsv	354716	status	aarch64	include/uapi/linux/bpf_common.h	operative_macro	BPF_W	18	PENDING_REVIEW	COMPLETE	COMPLETE	vendor/linux/include/uapi/linux/bpf_common.h;vendor/linux/include/uapi/linux/bpf_common.h:18;rewrite/configs/aarch64/frozen.config;header_closure=rewrite/metadata/header_closure.tsv;selected=PENDING_REVIEW	425f94c2954b1fe80ebdbf9b29854e89750355df	88f5e5d834ad0550c26362beda6c8d340574e0c3f69b0f40701742982a0204cc	1a2636dada517c938157697a09752cf77b86edeb7369c7660884b3be41a942c9	0123af9e96b58af4e98b91a2de5608d36b63c67864b9041d3340587f3dbe40d2	cfa8dcf0d81c408de38d4202fe1ce9d9e5e301d1e67439c9530da94b1e64ee3f	7484d7b0dd80f45e18d726b04752827fe28555cc5c1af0e127948380e6688abf
semantic-proposal-v1	SC1-e5d4e279c6953ce0b0bb2282f107dccb43f91fef5aabc9aa854022f578b1edd6	S016070	1	P02	SYMBOLS.tsv	354717	selection_expression	aarch64	include/uapi/linux/bpf_common.h	operative_macro	BPF_H	19	PENDING_REVIEW	SOURCE_REVIEWED_VALUE	COMPLETE	vendor/linux/include/uapi/linux/bpf_common.h;vendor/linux/include/uapi/linux/bpf_common.h:19;rewrite/configs/aarch64/frozen.config;header_closure=rewrite/metadata/header_closure.tsv;selected=PENDING_REVIEW	425f94c2954b1fe80ebdbf9b29854e89750355df	88f5e5d834ad0550c26362beda6c8d340574e0c3f69b0f40701742982a0204cc	1a2636dada517c938157697a09752cf77b86edeb7369c7660884b3be41a942c9	0123af9e96b58af4e98b91a2de5608d36b63c67864b9041d3340587f3dbe40d2	cfa8dcf0d81c408de38d4202fe1ce9d9e5e301d1e67439c9530da94b1e64ee3f	7484d7b0dd80f45e18d726b04752827fe28555cc5c1af0e127948380e6688abf
semantic-proposal-v1	SC1-ef93229068095d2c39575ad9d7b1ee4fc366e85475ca30023f1dbf1e638bbdfc	S016070	1	P02	SYMBOLS.tsv	354717	status	aarch64	include/uapi/linux/bpf_common.h	operative_macro	BPF_H	19	PENDING_REVIEW	COMPLETE	COMPLETE	vendor/linux/include/uapi/linux/bpf_common.h;vendor/linux/include/uapi/linux/bpf_common.h:19;rewrite/configs/aarch64/frozen.config;header_closure=rewrite/metadata/header_closure.tsv;selected=PENDING_REVIEW	425f94c2954b1fe80ebdbf9b29854e89750355df	88f5e5d834ad0550c26362beda6c8d340574e0c3f69b0f40701742982a0204cc	1a2636dada517c938157697a09752cf77b86edeb7369c7660884b3be41a942c9	0123af9e96b58af4e98b91a2de5608d36b63c67864b9041d3340587f3dbe40d2	cfa8dcf0d81c408de38d4202fe1ce9d9e5e301d1e67439c9530da94b1e64ee3f	7484d7b0dd80f45e18d726b04752827fe28555cc5c1af0e127948380e6688abf
semantic-proposal-v1	SC1-4a4645fc3e71568cf2d7b01a499baa311c8e59fddd035a623c849454357e3836	S016070	1	P02	SYMBOLS.tsv	354718	selection_expression	aarch64	include/uapi/linux/bpf_common.h	operative_macro	BPF_B	20	PENDING_REVIEW	SOURCE_REVIEWED_VALUE	COMPLETE	vendor/linux/include/uapi/linux/bpf_common.h;vendor/linux/include/uapi/linux/bpf_common.h:20;rewrite/configs/aarch64/frozen.config;header_closure=rewrite/metadata/header_closure.tsv;selected=PENDING_REVIEW	425f94c2954b1fe80ebdbf9b29854e89750355df	88f5e5d834ad0550c26362beda6c8d340574e0c3f69b0f40701742982a0204cc	1a2636dada517c938157697a09752cf77b86edeb7369c7660884b3be41a942c9	0123af9e96b58af4e98b91a2de5608d36b63c67864b9041d3340587f3dbe40d2	cfa8dcf0d81c408de38d4202fe1ce9d9e5e301d1e67439c9530da94b1e64ee3f	7484d7b0dd80f45e18d726b04752827fe28555cc5c1af0e127948380e6688abf
semantic-proposal-v1	SC1-15fc795fca7e5c519e70566c46bb4ad71d08b069ec35bc4cf991e06fca627265	S016070	1	P02	SYMBOLS.tsv	354718	status	aarch64	include/uapi/linux/bpf_common.h	operative_macro	BPF_B	20	PENDING_REVIEW	COMPLETE	COMPLETE	vendor/linux/include/uapi/linux/bpf_common.h;vendor/linux/include/uapi/linux/bpf_common.h:20;rewrite/configs/aarch64/frozen.config;header_closure=rewrite/metadata/header_closure.tsv;selected=PENDING_REVIEW	425f94c2954b1fe80ebdbf9b29854e89750355df	88f5e5d834ad0550c26362beda6c8d340574e0c3f69b0f40701742982a0204cc	1a2636dada517c938157697a09752cf77b86edeb7369c7660884b3be41a942c9	0123af9e96b58af4e98b91a2de5608d36b63c67864b9041d3340587f3dbe40d2	cfa8dcf0d81c408de38d4202fe1ce9d9e5e301d1e67439c9530da94b1e64ee3f	7484d7b0dd80f45e18d726b04752827fe28555cc5c1af0e127948380e6688abf
semantic-proposal-v1	SC1-039327752eeb61aa1418b57b5eaa1c1d519e3895671def303462e71bd3d0f80b	S016070	1	P02	SYMBOLS.tsv	354719	selection_expression	aarch64	include/uapi/linux/bpf_common.h	operative_macro	BPF_MODE	22	PENDING_REVIEW	SOURCE_REVIEWED_VALUE	COMPLETE	vendor/linux/include/uapi/linux/bpf_common.h;vendor/linux/include/uapi/linux/bpf_common.h:22;rewrite/configs/aarch64/frozen.config;header_closure=rewrite/metadata/header_closure.tsv;selected=PENDING_REVIEW	425f94c2954b1fe80ebdbf9b29854e89750355df	88f5e5d834ad0550c26362beda6c8d340574e0c3f69b0f40701742982a0204cc	1a2636dada517c938157697a09752cf77b86edeb7369c7660884b3be41a942c9	0123af9e96b58af4e98b91a2de5608d36b63c67864b9041d3340587f3dbe40d2	cfa8dcf0d81c408de38d4202fe1ce9d9e5e301d1e67439c9530da94b1e64ee3f	7484d7b0dd80f45e18d726b04752827fe28555cc5c1af0e127948380e6688abf
semantic-proposal-v1	SC1-26559f6bb50d8f15652850af3ac192d4248cdf757c06f2c12a7f0774c8458ca3	S016070	1	P02	SYMBOLS.tsv	354719	status	aarch64	include/uapi/linux/bpf_common.h	operative_macro	BPF_MODE	22	PENDING_REVIEW	COMPLETE	COMPLETE	vendor/linux/include/uapi/linux/bpf_common.h;vendor/linux/include/uapi/linux/bpf_common.h:22;rewrite/configs/aarch64/frozen.config;header_closure=rewrite/metadata/header_closure.tsv;selected=PENDING_REVIEW	425f94c2954b1fe80ebdbf9b29854e89750355df	88f5e5d834ad0550c26362beda6c8d340574e0c3f69b0f40701742982a0204cc	1a2636dada517c938157697a09752cf77b86edeb7369c7660884b3be41a942c9	0123af9e96b58af4e98b91a2de5608d36b63c67864b9041d3340587f3dbe40d2	cfa8dcf0d81c408de38d4202fe1ce9d9e5e301d1e67439c9530da94b1e64ee3f	7484d7b0dd80f45e18d726b04752827fe28555cc5c1af0e127948380e6688abf
semantic-proposal-v1	SC1-54ce54193f8b80b1cd1c1c41917e84448976894804bb03ae720862df006c0830	S016070	1	P02	SYMBOLS.tsv	354720	selection_expression	aarch64	include/uapi/linux/bpf_common.h	operative_macro	BPF_IMM	23	PENDING_REVIEW	SOURCE_REVIEWED_VALUE	COMPLETE	vendor/linux/include/uapi/linux/bpf_common.h;vendor/linux/include/uapi/linux/bpf_common.h:23;rewrite/configs/aarch64/frozen.config;header_closure=rewrite/metadata/header_closure.tsv;selected=PENDING_REVIEW	425f94c2954b1fe80ebdbf9b29854e89750355df	88f5e5d834ad0550c26362beda6c8d340574e0c3f69b0f40701742982a0204cc	1a2636dada517c938157697a09752cf77b86edeb7369c7660884b3be41a942c9	0123af9e96b58af4e98b91a2de5608d36b63c67864b9041d3340587f3dbe40d2	cfa8dcf0d81c408de38d4202fe1ce9d9e5e301d1e67439c9530da94b1e64ee3f	7484d7b0dd80f45e18d726b04752827fe28555cc5c1af0e127948380e6688abf
semantic-proposal-v1	SC1-007fe93cf40d1fd5c34c1f1b034bdc158feb20271d4837f909b3721b501b62d9	S016070	1	P02	SYMBOLS.tsv	354720	status	aarch64	include/uapi/linux/bpf_common.h	operative_macro	BPF_IMM	23	PENDING_REVIEW	COMPLETE	COMPLETE	vendor/linux/include/uapi/linux/bpf_common.h;vendor/linux/include/uapi/linux/bpf_common.h:23;rewrite/configs/aarch64/frozen.config;header_closure=rewrite/metadata/header_closure.tsv;selected=PENDING_REVIEW	425f94c2954b1fe80ebdbf9b29854e89750355df	88f5e5d834ad0550c26362beda6c8d340574e0c3f69b0f40701742982a0204cc	1a2636dada517c938157697a09752cf77b86edeb7369c7660884b3be41a942c9	0123af9e96b58af4e98b91a2de5608d36b63c67864b9041d3340587f3dbe40d2	cfa8dcf0d81c408de38d4202fe1ce9d9e5e301d1e67439c9530da94b1e64ee3f	7484d7b0dd80f45e18d726b04752827fe28555cc5c1af0e127948380e6688abf
semantic-proposal-v1	SC1-28bb2d57d5a7473f21e0bf5e7b05ce89ca018c3371303783cc2e32b976e74e93	S016070	1	P02	SYMBOLS.tsv	354721	selection_expression	aarch64	include/uapi/linux/bpf_common.h	operative_macro	BPF_ABS	24	PENDING_REVIEW	SOURCE_REVIEWED_VALUE	COMPLETE	vendor/linux/include/uapi/linux/bpf_common.h;vendor/linux/include/uapi/linux/bpf_common.h:24;rewrite/configs/aarch64/frozen.config;header_closure=rewrite/metadata/header_closure.tsv;selected=PENDING_REVIEW	425f94c2954b1fe80ebdbf9b29854e89750355df	88f5e5d834ad0550c26362beda6c8d340574e0c3f69b0f40701742982a0204cc	1a2636dada517c938157697a09752cf77b86edeb7369c7660884b3be41a942c9	0123af9e96b58af4e98b91a2de5608d36b63c67864b9041d3340587f3dbe40d2	cfa8dcf0d81c408de38d4202fe1ce9d9e5e301d1e67439c9530da94b1e64ee3f	7484d7b0dd80f45e18d726b04752827fe28555cc5c1af0e127948380e6688abf
semantic-proposal-v1	SC1-b22bf023cbf76d69de7c45bc7c7eb28c88d5b552e260c506c4407ab4c53c87fe	S016070	1	P02	SYMBOLS.tsv	354721	status	aarch64	include/uapi/linux/bpf_common.h	operative_macro	BPF_ABS	24	PENDING_REVIEW	COMPLETE	COMPLETE	vendor/linux/include/uapi/linux/bpf_common.h;vendor/linux/include/uapi/linux/bpf_common.h:24;rewrite/configs/aarch64/frozen.config;header_closure=rewrite/metadata/header_closure.tsv;selected=PENDING_REVIEW	425f94c2954b1fe80ebdbf9b29854e89750355df	88f5e5d834ad0550c26362beda6c8d340574e0c3f69b0f40701742982a0204cc	1a2636dada517c938157697a09752cf77b86edeb7369c7660884b3be41a942c9	0123af9e96b58af4e98b91a2de5608d36b63c67864b9041d3340587f3dbe40d2	cfa8dcf0d81c408de38d4202fe1ce9d9e5e301d1e67439c9530da94b1e64ee3f	7484d7b0dd80f45e18d726b04752827fe28555cc5c1af0e127948380e6688abf
semantic-proposal-v1	SC1-79e865cb892a65f11596b28763c89b4c28d08bfd697b46db1111831ba3415b3f	S016070	1	P02	SYMBOLS.tsv	354722	selection_expression	aarch64	include/uapi/linux/bpf_common.h	operative_macro	BPF_IND	25	PENDING_REVIEW	SOURCE_REVIEWED_VALUE	COMPLETE	vendor/linux/include/uapi/linux/bpf_common.h;vendor/linux/include/uapi/linux/bpf_common.h:25;rewrite/configs/aarch64/frozen.config;header_closure=rewrite/metadata/header_closure.tsv;selected=PENDING_REVIEW	425f94c2954b1fe80ebdbf9b29854e89750355df	88f5e5d834ad0550c26362beda6c8d340574e0c3f69b0f40701742982a0204cc	1a2636dada517c938157697a09752cf77b86edeb7369c7660884b3be41a942c9	0123af9e96b58af4e98b91a2de5608d36b63c67864b9041d3340587f3dbe40d2	cfa8dcf0d81c408de38d4202fe1ce9d9e5e301d1e67439c9530da94b1e64ee3f	7484d7b0dd80f45e18d726b04752827fe28555cc5c1af0e127948380e6688abf
semantic-proposal-v1	SC1-469a2b048a6a4dd7291403dedd02c41024482aee7fbf08c43dbfcf801f96f88f	S016070	1	P02	SYMBOLS.tsv	354722	status	aarch64	include/uapi/linux/bpf_common.h	operative_macro	BPF_IND	25	PENDING_REVIEW	COMPLETE	COMPLETE	vendor/linux/include/uapi/linux/bpf_common.h;vendor/linux/include/uapi/linux/bpf_common.h:25;rewrite/configs/aarch64/frozen.config;header_closure=rewrite/metadata/header_closure.tsv;selected=PENDING_REVIEW	425f94c2954b1fe80ebdbf9b29854e89750355df	88f5e5d834ad0550c26362beda6c8d340574e0c3f69b0f40701742982a0204cc	1a2636dada517c938157697a09752cf77b86edeb7369c7660884b3be41a942c9	0123af9e96b58af4e98b91a2de5608d36b63c67864b9041d3340587f3dbe40d2	cfa8dcf0d81c408de38d4202fe1ce9d9e5e301d1e67439c9530da94b1e64ee3f	7484d7b0dd80f45e18d726b04752827fe28555cc5c1af0e127948380e6688abf
semantic-proposal-v1	SC1-3633b54696764ce22bd1b1104dbe07bb12926bac4e64828c9082a488f9e44b2a	S016070	1	P02	SYMBOLS.tsv	354723	selection_expression	aarch64	include/uapi/linux/bpf_common.h	operative_macro	BPF_MEM	26	PENDING_REVIEW	SOURCE_REVIEWED_VALUE	COMPLETE	vendor/linux/include/uapi/linux/bpf_common.h;vendor/linux/include/uapi/linux/bpf_common.h:26;rewrite/configs/aarch64/frozen.config;header_closure=rewrite/metadata/header_closure.tsv;selected=PENDING_REVIEW	425f94c2954b1fe80ebdbf9b29854e89750355df	88f5e5d834ad0550c26362beda6c8d340574e0c3f69b0f40701742982a0204cc	1a2636dada517c938157697a09752cf77b86edeb7369c7660884b3be41a942c9	0123af9e96b58af4e98b91a2de5608d36b63c67864b9041d3340587f3dbe40d2	cfa8dcf0d81c408de38d4202fe1ce9d9e5e301d1e67439c9530da94b1e64ee3f	7484d7b0dd80f45e18d726b04752827fe28555cc5c1af0e127948380e6688abf
semantic-proposal-v1	SC1-9f66f810c4601367895aa0a037e4ced31c4a5d22fe9af72396b0346af1503062	S016070	1	P02	SYMBOLS.tsv	354723	status	aarch64	include/uapi/linux/bpf_common.h	operative_macro	BPF_MEM	26	PENDING_REVIEW	COMPLETE	COMPLETE	vendor/linux/include/uapi/linux/bpf_common.h;vendor/linux/include/uapi/linux/bpf_common.h:26;rewrite/configs/aarch64/frozen.config;header_closure=rewrite/metadata/header_closure.tsv;selected=PENDING_REVIEW	425f94c2954b1fe80ebdbf9b29854e89750355df	88f5e5d834ad0550c26362beda6c8d340574e0c3f69b0f40701742982a0204cc	1a2636dada517c938157697a09752cf77b86edeb7369c7660884b3be41a942c9	0123af9e96b58af4e98b91a2de5608d36b63c67864b9041d3340587f3dbe40d2	cfa8dcf0d81c408de38d4202fe1ce9d9e5e301d1e67439c9530da94b1e64ee3f	7484d7b0dd80f45e18d726b04752827fe28555cc5c1af0e127948380e6688abf
semantic-proposal-v1	SC1-d91f30843bda3800f1b0dbde289580ac9e813942dec14259b56fd8960af02481	S016070	1	P02	SYMBOLS.tsv	354724	selection_expression	aarch64	include/uapi/linux/bpf_common.h	operative_macro	BPF_LEN	27	PENDING_REVIEW	SOURCE_REVIEWED_VALUE	COMPLETE	vendor/linux/include/uapi/linux/bpf_common.h;vendor/linux/include/uapi/linux/bpf_common.h:27;rewrite/configs/aarch64/frozen.config;header_closure=rewrite/metadata/header_closure.tsv;selected=PENDING_REVIEW	425f94c2954b1fe80ebdbf9b29854e89750355df	88f5e5d834ad0550c26362beda6c8d340574e0c3f69b0f40701742982a0204cc	1a2636dada517c938157697a09752cf77b86edeb7369c7660884b3be41a942c9	0123af9e96b58af4e98b91a2de5608d36b63c67864b9041d3340587f3dbe40d2	cfa8dcf0d81c408de38d4202fe1ce9d9e5e301d1e67439c9530da94b1e64ee3f	7484d7b0dd80f45e18d726b04752827fe28555cc5c1af0e127948380e6688abf
semantic-proposal-v1	SC1-7a183f84e698352170793736e63aa6052dc0ac873afc35cbaca9c10896281d39	S016070	1	P02	SYMBOLS.tsv	354724	status	aarch64	include/uapi/linux/bpf_common.h	operative_macro	BPF_LEN	27	PENDING_REVIEW	COMPLETE	COMPLETE	vendor/linux/include/uapi/linux/bpf_common.h;vendor/linux/include/uapi/linux/bpf_common.h:27;rewrite/configs/aarch64/frozen.config;header_closure=rewrite/metadata/header_closure.tsv;selected=PENDING_REVIEW	425f94c2954b1fe80ebdbf9b29854e89750355df	88f5e5d834ad0550c26362beda6c8d340574e0c3f69b0f40701742982a0204cc	1a2636dada517c938157697a09752cf77b86edeb7369c7660884b3be41a942c9	0123af9e96b58af4e98b91a2de5608d36b63c67864b9041d3340587f3dbe40d2	cfa8dcf0d81c408de38d4202fe1ce9d9e5e301d1e67439c9530da94b1e64ee3f	7484d7b0dd80f45e18d726b04752827fe28555cc5c1af0e127948380e6688abf
semantic-proposal-v1	SC1-b64591801623800c931c2d13aa3bf140c58c618cf9623c33d2f8993470e95699	S016070	1	P02	SYMBOLS.tsv	354725	selection_expression	aarch64	include/uapi/linux/bpf_common.h	operative_macro	BPF_MSH	28	PENDING_REVIEW	SOURCE_REVIEWED_VALUE	COMPLETE	vendor/linux/include/uapi/linux/bpf_common.h;vendor/linux/include/uapi/linux/bpf_common.h:28;rewrite/configs/aarch64/frozen.config;header_closure=rewrite/metadata/header_closure.tsv;selected=PENDING_REVIEW	425f94c2954b1fe80ebdbf9b29854e89750355df	88f5e5d834ad0550c26362beda6c8d340574e0c3f69b0f40701742982a0204cc	1a2636dada517c938157697a09752cf77b86edeb7369c7660884b3be41a942c9	0123af9e96b58af4e98b91a2de5608d36b63c67864b9041d3340587f3dbe40d2	cfa8dcf0d81c408de38d4202fe1ce9d9e5e301d1e67439c9530da94b1e64ee3f	7484d7b0dd80f45e18d726b04752827fe28555cc5c1af0e127948380e6688abf
semantic-proposal-v1	SC1-1291558d41af51d07b64050d3bc938290c0bd2178ee7d510e1f24c1f2366218e	S016070	1	P02	SYMBOLS.tsv	354725	status	aarch64	include/uapi/linux/bpf_common.h	operative_macro	BPF_MSH	28	PENDING_REVIEW	COMPLETE	COMPLETE	vendor/linux/include/uapi/linux/bpf_common.h;vendor/linux/include/uapi/linux/bpf_common.h:28;rewrite/configs/aarch64/frozen.config;header_closure=rewrite/metadata/header_closure.tsv;selected=PENDING_REVIEW	425f94c2954b1fe80ebdbf9b29854e89750355df	88f5e5d834ad0550c26362beda6c8d340574e0c3f69b0f40701742982a0204cc	1a2636dada517c938157697a09752cf77b86edeb7369c7660884b3be41a942c9	0123af9e96b58af4e98b91a2de5608d36b63c67864b9041d3340587f3dbe40d2	cfa8dcf0d81c408de38d4202fe1ce9d9e5e301d1e67439c9530da94b1e64ee3f	7484d7b0dd80f45e18d726b04752827fe28555cc5c1af0e127948380e6688abf
semantic-proposal-v1	SC1-0dc38d9fcb1fcd6f58abd317aa35147662e5692abdde38b4b5e156d627854733	S016070	1	P02	SYMBOLS.tsv	354726	selection_expression	aarch64	include/uapi/linux/bpf_common.h	operative_macro	BPF_OP	31	PENDING_REVIEW	SOURCE_REVIEWED_VALUE	COMPLETE	vendor/linux/include/uapi/linux/bpf_common.h;vendor/linux/include/uapi/linux/bpf_common.h:31;rewrite/configs/aarch64/frozen.config;header_closure=rewrite/metadata/header_closure.tsv;selected=PENDING_REVIEW	425f94c2954b1fe80ebdbf9b29854e89750355df	88f5e5d834ad0550c26362beda6c8d340574e0c3f69b0f40701742982a0204cc	1a2636dada517c938157697a09752cf77b86edeb7369c7660884b3be41a942c9	0123af9e96b58af4e98b91a2de5608d36b63c67864b9041d3340587f3dbe40d2	cfa8dcf0d81c408de38d4202fe1ce9d9e5e301d1e67439c9530da94b1e64ee3f	7484d7b0dd80f45e18d726b04752827fe28555cc5c1af0e127948380e6688abf
semantic-proposal-v1	SC1-f7a350ab1746ef071a1df05d394c43825badf5cae566d8d9829c650e0c3734d1	S016070	1	P02	SYMBOLS.tsv	354726	status	aarch64	include/uapi/linux/bpf_common.h	operative_macro	BPF_OP	31	PENDING_REVIEW	COMPLETE	COMPLETE	vendor/linux/include/uapi/linux/bpf_common.h;vendor/linux/include/uapi/linux/bpf_common.h:31;rewrite/configs/aarch64/frozen.config;header_closure=rewrite/metadata/header_closure.tsv;selected=PENDING_REVIEW	425f94c2954b1fe80ebdbf9b29854e89750355df	88f5e5d834ad0550c26362beda6c8d340574e0c3f69b0f40701742982a0204cc	1a2636dada517c938157697a09752cf77b86edeb7369c7660884b3be41a942c9	0123af9e96b58af4e98b91a2de5608d36b63c67864b9041d3340587f3dbe40d2	cfa8dcf0d81c408de38d4202fe1ce9d9e5e301d1e67439c9530da94b1e64ee3f	7484d7b0dd80f45e18d726b04752827fe28555cc5c1af0e127948380e6688abf
semantic-proposal-v1	SC1-5e426797765be9acc84825f8ef1197874d5470fef8fc0f85b51dd84eb3bb13ad	S016070	1	P02	SYMBOLS.tsv	354727	selection_expression	aarch64	include/uapi/linux/bpf_common.h	operative_macro	BPF_ADD	32	PENDING_REVIEW	SOURCE_REVIEWED_VALUE	COMPLETE	vendor/linux/include/uapi/linux/bpf_common.h;vendor/linux/include/uapi/linux/bpf_common.h:32;rewrite/configs/aarch64/frozen.config;header_closure=rewrite/metadata/header_closure.tsv;selected=PENDING_REVIEW	425f94c2954b1fe80ebdbf9b29854e89750355df	88f5e5d834ad0550c26362beda6c8d340574e0c3f69b0f40701742982a0204cc	1a2636dada517c938157697a09752cf77b86edeb7369c7660884b3be41a942c9	0123af9e96b58af4e98b91a2de5608d36b63c67864b9041d3340587f3dbe40d2	cfa8dcf0d81c408de38d4202fe1ce9d9e5e301d1e67439c9530da94b1e64ee3f	7484d7b0dd80f45e18d726b04752827fe28555cc5c1af0e127948380e6688abf
semantic-proposal-v1	SC1-f8425f464aad391e932424ea3f9dcae00a33ac5fee96a0243c24f63598d4a2bd	S016070	1	P02	SYMBOLS.tsv	354727	status	aarch64	include/uapi/linux/bpf_common.h	operative_macro	BPF_ADD	32	PENDING_REVIEW	COMPLETE	COMPLETE	vendor/linux/include/uapi/linux/bpf_common.h;vendor/linux/include/uapi/linux/bpf_common.h:32;rewrite/configs/aarch64/frozen.config;header_closure=rewrite/metadata/header_closure.tsv;selected=PENDING_REVIEW	425f94c2954b1fe80ebdbf9b29854e89750355df	88f5e5d834ad0550c26362beda6c8d340574e0c3f69b0f40701742982a0204cc	1a2636dada517c938157697a09752cf77b86edeb7369c7660884b3be41a942c9	0123af9e96b58af4e98b91a2de5608d36b63c67864b9041d3340587f3dbe40d2	cfa8dcf0d81c408de38d4202fe1ce9d9e5e301d1e67439c9530da94b1e64ee3f	7484d7b0dd80f45e18d726b04752827fe28555cc5c1af0e127948380e6688abf
semantic-proposal-v1	SC1-f1210e754fc003d50f27af0eb0cdb8a2b3dca698c8ee08fdb7650bf371184ec2	S016070	1	P02	SYMBOLS.tsv	354728	selection_expression	aarch64	include/uapi/linux/bpf_common.h	operative_macro	BPF_SUB	33	PENDING_REVIEW	SOURCE_REVIEWED_VALUE	COMPLETE	vendor/linux/include/uapi/linux/bpf_common.h;vendor/linux/include/uapi/linux/bpf_common.h:33;rewrite/configs/aarch64/frozen.config;header_closure=rewrite/metadata/header_closure.tsv;selected=PENDING_REVIEW	425f94c2954b1fe80ebdbf9b29854e89750355df	88f5e5d834ad0550c26362beda6c8d340574e0c3f69b0f40701742982a0204cc	1a2636dada517c938157697a09752cf77b86edeb7369c7660884b3be41a942c9	0123af9e96b58af4e98b91a2de5608d36b63c67864b9041d3340587f3dbe40d2	cfa8dcf0d81c408de38d4202fe1ce9d9e5e301d1e67439c9530da94b1e64ee3f	7484d7b0dd80f45e18d726b04752827fe28555cc5c1af0e127948380e6688abf
semantic-proposal-v1	SC1-94c614b0a2aa4e42e72efc023b8b7b74c455bdc670f1df17ed3313346d64f5d1	S016070	1	P02	SYMBOLS.tsv	354728	status	aarch64	include/uapi/linux/bpf_common.h	operative_macro	BPF_SUB	33	PENDING_REVIEW	COMPLETE	COMPLETE	vendor/linux/include/uapi/linux/bpf_common.h;vendor/linux/include/uapi/linux/bpf_common.h:33;rewrite/configs/aarch64/frozen.config;header_closure=rewrite/metadata/header_closure.tsv;selected=PENDING_REVIEW	425f94c2954b1fe80ebdbf9b29854e89750355df	88f5e5d834ad0550c26362beda6c8d340574e0c3f69b0f40701742982a0204cc	1a2636dada517c938157697a09752cf77b86edeb7369c7660884b3be41a942c9	0123af9e96b58af4e98b91a2de5608d36b63c67864b9041d3340587f3dbe40d2	cfa8dcf0d81c408de38d4202fe1ce9d9e5e301d1e67439c9530da94b1e64ee3f	7484d7b0dd80f45e18d726b04752827fe28555cc5c1af0e127948380e6688abf
semantic-proposal-v1	SC1-b0e9caf97bbe2f85bad9c275f8caad348b36beca3aeef95e6e263f5a2d8a903b	S016070	1	P02	SYMBOLS.tsv	354729	selection_expression	aarch64	include/uapi/linux/bpf_common.h	operative_macro	BPF_MUL	34	PENDING_REVIEW	SOURCE_REVIEWED_VALUE	COMPLETE	vendor/linux/include/uapi/linux/bpf_common.h;vendor/linux/include/uapi/linux/bpf_common.h:34;rewrite/configs/aarch64/frozen.config;header_closure=rewrite/metadata/header_closure.tsv;selected=PENDING_REVIEW	425f94c2954b1fe80ebdbf9b29854e89750355df	88f5e5d834ad0550c26362beda6c8d340574e0c3f69b0f40701742982a0204cc	1a2636dada517c938157697a09752cf77b86edeb7369c7660884b3be41a942c9	0123af9e96b58af4e98b91a2de5608d36b63c67864b9041d3340587f3dbe40d2	cfa8dcf0d81c408de38d4202fe1ce9d9e5e301d1e67439c9530da94b1e64ee3f	7484d7b0dd80f45e18d726b04752827fe28555cc5c1af0e127948380e6688abf
semantic-proposal-v1	SC1-e5eafab6e0479a06d736625bf593bf6d40625545f8275801f32b3eda0c797463	S016070	1	P02	SYMBOLS.tsv	354729	status	aarch64	include/uapi/linux/bpf_common.h	operative_macro	BPF_MUL	34	PENDING_REVIEW	COMPLETE	COMPLETE	vendor/linux/include/uapi/linux/bpf_common.h;vendor/linux/include/uapi/linux/bpf_common.h:34;rewrite/configs/aarch64/frozen.config;header_closure=rewrite/metadata/header_closure.tsv;selected=PENDING_REVIEW	425f94c2954b1fe80ebdbf9b29854e89750355df	88f5e5d834ad0550c26362beda6c8d340574e0c3f69b0f40701742982a0204cc	1a2636dada517c938157697a09752cf77b86edeb7369c7660884b3be41a942c9	0123af9e96b58af4e98b91a2de5608d36b63c67864b9041d3340587f3dbe40d2	cfa8dcf0d81c408de38d4202fe1ce9d9e5e301d1e67439c9530da94b1e64ee3f	7484d7b0dd80f45e18d726b04752827fe28555cc5c1af0e127948380e6688abf
semantic-proposal-v1	SC1-4ce16276c6721d6f4e475bd6662922f8b1f1ec2ed65d7689c4e711a58622f28c	S016070	1	P02	SYMBOLS.tsv	354730	selection_expression	aarch64	include/uapi/linux/bpf_common.h	operative_macro	BPF_DIV	35	PENDING_REVIEW	SOURCE_REVIEWED_VALUE	COMPLETE	vendor/linux/include/uapi/linux/bpf_common.h;vendor/linux/include/uapi/linux/bpf_common.h:35;rewrite/configs/aarch64/frozen.config;header_closure=rewrite/metadata/header_closure.tsv;selected=PENDING_REVIEW	425f94c2954b1fe80ebdbf9b29854e89750355df	88f5e5d834ad0550c26362beda6c8d340574e0c3f69b0f40701742982a0204cc	1a2636dada517c938157697a09752cf77b86edeb7369c7660884b3be41a942c9	0123af9e96b58af4e98b91a2de5608d36b63c67864b9041d3340587f3dbe40d2	cfa8dcf0d81c408de38d4202fe1ce9d9e5e301d1e67439c9530da94b1e64ee3f	7484d7b0dd80f45e18d726b04752827fe28555cc5c1af0e127948380e6688abf
semantic-proposal-v1	SC1-0368ac6972064c7abf78458704ef7bc8c434ddcbda5bf2efbd588d574971b1e8	S016070	1	P02	SYMBOLS.tsv	354730	status	aarch64	include/uapi/linux/bpf_common.h	operative_macro	BPF_DIV	35	PENDING_REVIEW	COMPLETE	COMPLETE	vendor/linux/include/uapi/linux/bpf_common.h;vendor/linux/include/uapi/linux/bpf_common.h:35;rewrite/configs/aarch64/frozen.config;header_closure=rewrite/metadata/header_closure.tsv;selected=PENDING_REVIEW	425f94c2954b1fe80ebdbf9b29854e89750355df	88f5e5d834ad0550c26362beda6c8d340574e0c3f69b0f40701742982a0204cc	1a2636dada517c938157697a09752cf77b86edeb7369c7660884b3be41a942c9	0123af9e96b58af4e98b91a2de5608d36b63c67864b9041d3340587f3dbe40d2	cfa8dcf0d81c408de38d4202fe1ce9d9e5e301d1e67439c9530da94b1e64ee3f	7484d7b0dd80f45e18d726b04752827fe28555cc5c1af0e127948380e6688abf
semantic-proposal-v1	SC1-6986e10832774820d020ee51711184ef1706ba8c8f6c020f4fe0fdf0f482b2f9	S016070	1	P02	SYMBOLS.tsv	354731	selection_expression	aarch64	include/uapi/linux/bpf_common.h	operative_macro	BPF_OR	36	PENDING_REVIEW	SOURCE_REVIEWED_VALUE	COMPLETE	vendor/linux/include/uapi/linux/bpf_common.h;vendor/linux/include/uapi/linux/bpf_common.h:36;rewrite/configs/aarch64/frozen.config;header_closure=rewrite/metadata/header_closure.tsv;selected=PENDING_REVIEW	425f94c2954b1fe80ebdbf9b29854e89750355df	88f5e5d834ad0550c26362beda6c8d340574e0c3f69b0f40701742982a0204cc	1a2636dada517c938157697a09752cf77b86edeb7369c7660884b3be41a942c9	0123af9e96b58af4e98b91a2de5608d36b63c67864b9041d3340587f3dbe40d2	cfa8dcf0d81c408de38d4202fe1ce9d9e5e301d1e67439c9530da94b1e64ee3f	7484d7b0dd80f45e18d726b04752827fe28555cc5c1af0e127948380e6688abf
semantic-proposal-v1	SC1-e1eee6a01514b935a50df28005ce76fa88fcd192f32289653bc468e61ca6b03f	S016070	1	P02	SYMBOLS.tsv	354731	status	aarch64	include/uapi/linux/bpf_common.h	operative_macro	BPF_OR	36	PENDING_REVIEW	COMPLETE	COMPLETE	vendor/linux/include/uapi/linux/bpf_common.h;vendor/linux/include/uapi/linux/bpf_common.h:36;rewrite/configs/aarch64/frozen.config;header_closure=rewrite/metadata/header_closure.tsv;selected=PENDING_REVIEW	425f94c2954b1fe80ebdbf9b29854e89750355df	88f5e5d834ad0550c26362beda6c8d340574e0c3f69b0f40701742982a0204cc	1a2636dada517c938157697a09752cf77b86edeb7369c7660884b3be41a942c9	0123af9e96b58af4e98b91a2de5608d36b63c67864b9041d3340587f3dbe40d2	cfa8dcf0d81c408de38d4202fe1ce9d9e5e301d1e67439c9530da94b1e64ee3f	7484d7b0dd80f45e18d726b04752827fe28555cc5c1af0e127948380e6688abf
semantic-proposal-v1	SC1-025e055d75a932c3b148e21058fbccb4d9d52c54fc52a10fbdc39845f66cddda	S016070	1	P02	SYMBOLS.tsv	354732	selection_expression	aarch64	include/uapi/linux/bpf_common.h	operative_macro	BPF_AND	37	PENDING_REVIEW	SOURCE_REVIEWED_VALUE	COMPLETE	vendor/linux/include/uapi/linux/bpf_common.h;vendor/linux/include/uapi/linux/bpf_common.h:37;rewrite/configs/aarch64/frozen.config;header_closure=rewrite/metadata/header_closure.tsv;selected=PENDING_REVIEW	425f94c2954b1fe80ebdbf9b29854e89750355df	88f5e5d834ad0550c26362beda6c8d340574e0c3f69b0f40701742982a0204cc	1a2636dada517c938157697a09752cf77b86edeb7369c7660884b3be41a942c9	0123af9e96b58af4e98b91a2de5608d36b63c67864b9041d3340587f3dbe40d2	cfa8dcf0d81c408de38d4202fe1ce9d9e5e301d1e67439c9530da94b1e64ee3f	7484d7b0dd80f45e18d726b04752827fe28555cc5c1af0e127948380e6688abf
semantic-proposal-v1	SC1-57eb4a87e4d714c8a4524a1d57c2e7c3da3ef7de27124e44d9192508f70e9584	S016070	1	P02	SYMBOLS.tsv	354732	status	aarch64	include/uapi/linux/bpf_common.h	operative_macro	BPF_AND	37	PENDING_REVIEW	COMPLETE	COMPLETE	vendor/linux/include/uapi/linux/bpf_common.h;vendor/linux/include/uapi/linux/bpf_common.h:37;rewrite/configs/aarch64/frozen.config;header_closure=rewrite/metadata/header_closure.tsv;selected=PENDING_REVIEW	425f94c2954b1fe80ebdbf9b29854e89750355df	88f5e5d834ad0550c26362beda6c8d340574e0c3f69b0f40701742982a0204cc	1a2636dada517c938157697a09752cf77b86edeb7369c7660884b3be41a942c9	0123af9e96b58af4e98b91a2de5608d36b63c67864b9041d3340587f3dbe40d2	cfa8dcf0d81c408de38d4202fe1ce9d9e5e301d1e67439c9530da94b1e64ee3f	7484d7b0dd80f45e18d726b04752827fe28555cc5c1af0e127948380e6688abf
semantic-proposal-v1	SC1-5b899b347ac81396d0f55ccc36e61c73c85a658f5a69e12fa0f19df4af4028b7	S016070	1	P02	SYMBOLS.tsv	354733	selection_expression	aarch64	include/uapi/linux/bpf_common.h	operative_macro	BPF_LSH	38	PENDING_REVIEW	SOURCE_REVIEWED_VALUE	COMPLETE	vendor/linux/include/uapi/linux/bpf_common.h;vendor/linux/include/uapi/linux/bpf_common.h:38;rewrite/configs/aarch64/frozen.config;header_closure=rewrite/metadata/header_closure.tsv;selected=PENDING_REVIEW	425f94c2954b1fe80ebdbf9b29854e89750355df	88f5e5d834ad0550c26362beda6c8d340574e0c3f69b0f40701742982a0204cc	1a2636dada517c938157697a09752cf77b86edeb7369c7660884b3be41a942c9	0123af9e96b58af4e98b91a2de5608d36b63c67864b9041d3340587f3dbe40d2	cfa8dcf0d81c408de38d4202fe1ce9d9e5e301d1e67439c9530da94b1e64ee3f	7484d7b0dd80f45e18d726b04752827fe28555cc5c1af0e127948380e6688abf
semantic-proposal-v1	SC1-0b296f324874e37685faec2c930cca0d035865917aee9c3b2af0f3da101ae6f2	S016070	1	P02	SYMBOLS.tsv	354733	status	aarch64	include/uapi/linux/bpf_common.h	operative_macro	BPF_LSH	38	PENDING_REVIEW	COMPLETE	COMPLETE	vendor/linux/include/uapi/linux/bpf_common.h;vendor/linux/include/uapi/linux/bpf_common.h:38;rewrite/configs/aarch64/frozen.config;header_closure=rewrite/metadata/header_closure.tsv;selected=PENDING_REVIEW	425f94c2954b1fe80ebdbf9b29854e89750355df	88f5e5d834ad0550c26362beda6c8d340574e0c3f69b0f40701742982a0204cc	1a2636dada517c938157697a09752cf77b86edeb7369c7660884b3be41a942c9	0123af9e96b58af4e98b91a2de5608d36b63c67864b9041d3340587f3dbe40d2	cfa8dcf0d81c408de38d4202fe1ce9d9e5e301d1e67439c9530da94b1e64ee3f	7484d7b0dd80f45e18d726b04752827fe28555cc5c1af0e127948380e6688abf
semantic-proposal-v1	SC1-50330e092495b579444ac55f8113331a4adc9379031d07864f416809e8b2dce8	S016070	1	P02	SYMBOLS.tsv	354734	selection_expression	aarch64	include/uapi/linux/bpf_common.h	operative_macro	BPF_RSH	39	PENDING_REVIEW	SOURCE_REVIEWED_VALUE	COMPLETE	vendor/linux/include/uapi/linux/bpf_common.h;vendor/linux/include/uapi/linux/bpf_common.h:39;rewrite/configs/aarch64/frozen.config;header_closure=rewrite/metadata/header_closure.tsv;selected=PENDING_REVIEW	425f94c2954b1fe80ebdbf9b29854e89750355df	88f5e5d834ad0550c26362beda6c8d340574e0c3f69b0f40701742982a0204cc	1a2636dada517c938157697a09752cf77b86edeb7369c7660884b3be41a942c9	0123af9e96b58af4e98b91a2de5608d36b63c67864b9041d3340587f3dbe40d2	cfa8dcf0d81c408de38d4202fe1ce9d9e5e301d1e67439c9530da94b1e64ee3f	7484d7b0dd80f45e18d726b04752827fe28555cc5c1af0e127948380e6688abf
semantic-proposal-v1	SC1-5f0c81d1f6c3061bf5a97f7d340bfbb654a10c23343dd91fbd1ebb41a9f51ac0	S016070	1	P02	SYMBOLS.tsv	354734	status	aarch64	include/uapi/linux/bpf_common.h	operative_macro	BPF_RSH	39	PENDING_REVIEW	COMPLETE	COMPLETE	vendor/linux/include/uapi/linux/bpf_common.h;vendor/linux/include/uapi/linux/bpf_common.h:39;rewrite/configs/aarch64/frozen.config;header_closure=rewrite/metadata/header_closure.tsv;selected=PENDING_REVIEW	425f94c2954b1fe80ebdbf9b29854e89750355df	88f5e5d834ad0550c26362beda6c8d340574e0c3f69b0f40701742982a0204cc	1a2636dada517c938157697a09752cf77b86edeb7369c7660884b3be41a942c9	0123af9e96b58af4e98b91a2de5608d36b63c67864b9041d3340587f3dbe40d2	cfa8dcf0d81c408de38d4202fe1ce9d9e5e301d1e67439c9530da94b1e64ee3f	7484d7b0dd80f45e18d726b04752827fe28555cc5c1af0e127948380e6688abf
semantic-proposal-v1	SC1-bee4a46344f6da7289cb9e570a4cbd501fe0419c573352920eb35a0276075cd4	S016070	1	P02	SYMBOLS.tsv	354735	selection_expression	aarch64	include/uapi/linux/bpf_common.h	operative_macro	BPF_NEG	40	PENDING_REVIEW	SOURCE_REVIEWED_VALUE	COMPLETE	vendor/linux/include/uapi/linux/bpf_common.h;vendor/linux/include/uapi/linux/bpf_common.h:40;rewrite/configs/aarch64/frozen.config;header_closure=rewrite/metadata/header_closure.tsv;selected=PENDING_REVIEW	425f94c2954b1fe80ebdbf9b29854e89750355df	88f5e5d834ad0550c26362beda6c8d340574e0c3f69b0f40701742982a0204cc	1a2636dada517c938157697a09752cf77b86edeb7369c7660884b3be41a942c9	0123af9e96b58af4e98b91a2de5608d36b63c67864b9041d3340587f3dbe40d2	cfa8dcf0d81c408de38d4202fe1ce9d9e5e301d1e67439c9530da94b1e64ee3f	7484d7b0dd80f45e18d726b04752827fe28555cc5c1af0e127948380e6688abf
semantic-proposal-v1	SC1-6a6f4f73ab4c680249d7bd420772760492b621d77f8a9634ea012b58578a9a76	S016070	1	P02	SYMBOLS.tsv	354735	status	aarch64	include/uapi/linux/bpf_common.h	operative_macro	BPF_NEG	40	PENDING_REVIEW	COMPLETE	COMPLETE	vendor/linux/include/uapi/linux/bpf_common.h;vendor/linux/include/uapi/linux/bpf_common.h:40;rewrite/configs/aarch64/frozen.config;header_closure=rewrite/metadata/header_closure.tsv;selected=PENDING_REVIEW	425f94c2954b1fe80ebdbf9b29854e89750355df	88f5e5d834ad0550c26362beda6c8d340574e0c3f69b0f40701742982a0204cc	1a2636dada517c938157697a09752cf77b86edeb7369c7660884b3be41a942c9	0123af9e96b58af4e98b91a2de5608d36b63c67864b9041d3340587f3dbe40d2	cfa8dcf0d81c408de38d4202fe1ce9d9e5e301d1e67439c9530da94b1e64ee3f	7484d7b0dd80f45e18d726b04752827fe28555cc5c1af0e127948380e6688abf
semantic-proposal-v1	SC1-5ba45ab6348f19e17f4b49292b3197d6cc9c05ab02b389bf67ca25f481437c4c	S016070	1	P02	SYMBOLS.tsv	354736	selection_expression	aarch64	include/uapi/linux/bpf_common.h	operative_macro	BPF_MOD	41	PENDING_REVIEW	SOURCE_REVIEWED_VALUE	COMPLETE	vendor/linux/include/uapi/linux/bpf_common.h;vendor/linux/include/uapi/linux/bpf_common.h:41;rewrite/configs/aarch64/frozen.config;header_closure=rewrite/metadata/header_closure.tsv;selected=PENDING_REVIEW	425f94c2954b1fe80ebdbf9b29854e89750355df	88f5e5d834ad0550c26362beda6c8d340574e0c3f69b0f40701742982a0204cc	1a2636dada517c938157697a09752cf77b86edeb7369c7660884b3be41a942c9	0123af9e96b58af4e98b91a2de5608d36b63c67864b9041d3340587f3dbe40d2	cfa8dcf0d81c408de38d4202fe1ce9d9e5e301d1e67439c9530da94b1e64ee3f	7484d7b0dd80f45e18d726b04752827fe28555cc5c1af0e127948380e6688abf
semantic-proposal-v1	SC1-cf5f899fac32cabeae457a036ad2b7d6f238e5a0b211bfa5b1f53fcee677db0f	S016070	1	P02	SYMBOLS.tsv	354736	status	aarch64	include/uapi/linux/bpf_common.h	operative_macro	BPF_MOD	41	PENDING_REVIEW	COMPLETE	COMPLETE	vendor/linux/include/uapi/linux/bpf_common.h;vendor/linux/include/uapi/linux/bpf_common.h:41;rewrite/configs/aarch64/frozen.config;header_closure=rewrite/metadata/header_closure.tsv;selected=PENDING_REVIEW	425f94c2954b1fe80ebdbf9b29854e89750355df	88f5e5d834ad0550c26362beda6c8d340574e0c3f69b0f40701742982a0204cc	1a2636dada517c938157697a09752cf77b86edeb7369c7660884b3be41a942c9	0123af9e96b58af4e98b91a2de5608d36b63c67864b9041d3340587f3dbe40d2	cfa8dcf0d81c408de38d4202fe1ce9d9e5e301d1e67439c9530da94b1e64ee3f	7484d7b0dd80f45e18d726b04752827fe28555cc5c1af0e127948380e6688abf
semantic-proposal-v1	SC1-9788bf3dcad9facb8f360f68bffb7ce0d275e4033fc41c59df94d33e0a4f3a48	S016070	1	P02	SYMBOLS.tsv	354737	selection_expression	aarch64	include/uapi/linux/bpf_common.h	operative_macro	BPF_XOR	42	PENDING_REVIEW	SOURCE_REVIEWED_VALUE	COMPLETE	vendor/linux/include/uapi/linux/bpf_common.h;vendor/linux/include/uapi/linux/bpf_common.h:42;rewrite/configs/aarch64/frozen.config;header_closure=rewrite/metadata/header_closure.tsv;selected=PENDING_REVIEW	425f94c2954b1fe80ebdbf9b29854e89750355df	88f5e5d834ad0550c26362beda6c8d340574e0c3f69b0f40701742982a0204cc	1a2636dada517c938157697a09752cf77b86edeb7369c7660884b3be41a942c9	0123af9e96b58af4e98b91a2de5608d36b63c67864b9041d3340587f3dbe40d2	cfa8dcf0d81c408de38d4202fe1ce9d9e5e301d1e67439c9530da94b1e64ee3f	7484d7b0dd80f45e18d726b04752827fe28555cc5c1af0e127948380e6688abf
semantic-proposal-v1	SC1-fe5e861f19b47e992f5903745a525a8eccd10d57752fdc20c04b8dcf88842ae8	S016070	1	P02	SYMBOLS.tsv	354737	status	aarch64	include/uapi/linux/bpf_common.h	operative_macro	BPF_XOR	42	PENDING_REVIEW	COMPLETE	COMPLETE	vendor/linux/include/uapi/linux/bpf_common.h;vendor/linux/include/uapi/linux/bpf_common.h:42;rewrite/configs/aarch64/frozen.config;header_closure=rewrite/metadata/header_closure.tsv;selected=PENDING_REVIEW	425f94c2954b1fe80ebdbf9b29854e89750355df	88f5e5d834ad0550c26362beda6c8d340574e0c3f69b0f40701742982a0204cc	1a2636dada517c938157697a09752cf77b86edeb7369c7660884b3be41a942c9	0123af9e96b58af4e98b91a2de5608d36b63c67864b9041d3340587f3dbe40d2	cfa8dcf0d81c408de38d4202fe1ce9d9e5e301d1e67439c9530da94b1e64ee3f	7484d7b0dd80f45e18d726b04752827fe28555cc5c1af0e127948380e6688abf
semantic-proposal-v1	SC1-00dda27d7573b77f5377f605da87d38febb0dd053af44a0566c59062407d37e4	S016070	1	P02	SYMBOLS.tsv	354738	selection_expression	aarch64	include/uapi/linux/bpf_common.h	operative_macro	BPF_JA	44	PENDING_REVIEW	SOURCE_REVIEWED_VALUE	COMPLETE	vendor/linux/include/uapi/linux/bpf_common.h;vendor/linux/include/uapi/linux/bpf_common.h:44;rewrite/configs/aarch64/frozen.config;header_closure=rewrite/metadata/header_closure.tsv;selected=PENDING_REVIEW	425f94c2954b1fe80ebdbf9b29854e89750355df	88f5e5d834ad0550c26362beda6c8d340574e0c3f69b0f40701742982a0204cc	1a2636dada517c938157697a09752cf77b86edeb7369c7660884b3be41a942c9	0123af9e96b58af4e98b91a2de5608d36b63c67864b9041d3340587f3dbe40d2	cfa8dcf0d81c408de38d4202fe1ce9d9e5e301d1e67439c9530da94b1e64ee3f	7484d7b0dd80f45e18d726b04752827fe28555cc5c1af0e127948380e6688abf
semantic-proposal-v1	SC1-d649e78db95fae4f54c9cbef457f8442f10f8bc51a797d8b99ab562d4a246b65	S016070	1	P02	SYMBOLS.tsv	354738	status	aarch64	include/uapi/linux/bpf_common.h	operative_macro	BPF_JA	44	PENDING_REVIEW	COMPLETE	COMPLETE	vendor/linux/include/uapi/linux/bpf_common.h;vendor/linux/include/uapi/linux/bpf_common.h:44;rewrite/configs/aarch64/frozen.config;header_closure=rewrite/metadata/header_closure.tsv;selected=PENDING_REVIEW	425f94c2954b1fe80ebdbf9b29854e89750355df	88f5e5d834ad0550c26362beda6c8d340574e0c3f69b0f40701742982a0204cc	1a2636dada517c938157697a09752cf77b86edeb7369c7660884b3be41a942c9	0123af9e96b58af4e98b91a2de5608d36b63c67864b9041d3340587f3dbe40d2	cfa8dcf0d81c408de38d4202fe1ce9d9e5e301d1e67439c9530da94b1e64ee3f	7484d7b0dd80f45e18d726b04752827fe28555cc5c1af0e127948380e6688abf
semantic-proposal-v1	SC1-edc5d6c76213c0ee5608979d9c8485f0c74c9049281ac10307a562393551a3ab	S016070	1	P02	SYMBOLS.tsv	354739	selection_expression	aarch64	include/uapi/linux/bpf_common.h	operative_macro	BPF_JEQ	45	PENDING_REVIEW	SOURCE_REVIEWED_VALUE	COMPLETE	vendor/linux/include/uapi/linux/bpf_common.h;vendor/linux/include/uapi/linux/bpf_common.h:45;rewrite/configs/aarch64/frozen.config;header_closure=rewrite/metadata/header_closure.tsv;selected=PENDING_REVIEW	425f94c2954b1fe80ebdbf9b29854e89750355df	88f5e5d834ad0550c26362beda6c8d340574e0c3f69b0f40701742982a0204cc	1a2636dada517c938157697a09752cf77b86edeb7369c7660884b3be41a942c9	0123af9e96b58af4e98b91a2de5608d36b63c67864b9041d3340587f3dbe40d2	cfa8dcf0d81c408de38d4202fe1ce9d9e5e301d1e67439c9530da94b1e64ee3f	7484d7b0dd80f45e18d726b04752827fe28555cc5c1af0e127948380e6688abf
semantic-proposal-v1	SC1-437de899172c5d7becdd3ce5a265f7ca7a1ea8e29aeaa5a86059a30d7e8a383b	S016070	1	P02	SYMBOLS.tsv	354739	status	aarch64	include/uapi/linux/bpf_common.h	operative_macro	BPF_JEQ	45	PENDING_REVIEW	COMPLETE	COMPLETE	vendor/linux/include/uapi/linux/bpf_common.h;vendor/linux/include/uapi/linux/bpf_common.h:45;rewrite/configs/aarch64/frozen.config;header_closure=rewrite/metadata/header_closure.tsv;selected=PENDING_REVIEW	425f94c2954b1fe80ebdbf9b29854e89750355df	88f5e5d834ad0550c26362beda6c8d340574e0c3f69b0f40701742982a0204cc	1a2636dada517c938157697a09752cf77b86edeb7369c7660884b3be41a942c9	0123af9e96b58af4e98b91a2de5608d36b63c67864b9041d3340587f3dbe40d2	cfa8dcf0d81c408de38d4202fe1ce9d9e5e301d1e67439c9530da94b1e64ee3f	7484d7b0dd80f45e18d726b04752827fe28555cc5c1af0e127948380e6688abf
semantic-proposal-v1	SC1-8506f8d3f3200c2412920a44cc902367eb8a022ce91cce6e874c2fa2e789f327	S016070	1	P02	SYMBOLS.tsv	354740	selection_expression	aarch64	include/uapi/linux/bpf_common.h	operative_macro	BPF_JGT	46	PENDING_REVIEW	SOURCE_REVIEWED_VALUE	COMPLETE	vendor/linux/include/uapi/linux/bpf_common.h;vendor/linux/include/uapi/linux/bpf_common.h:46;rewrite/configs/aarch64/frozen.config;header_closure=rewrite/metadata/header_closure.tsv;selected=PENDING_REVIEW	425f94c2954b1fe80ebdbf9b29854e89750355df	88f5e5d834ad0550c26362beda6c8d340574e0c3f69b0f40701742982a0204cc	1a2636dada517c938157697a09752cf77b86edeb7369c7660884b3be41a942c9	0123af9e96b58af4e98b91a2de5608d36b63c67864b9041d3340587f3dbe40d2	cfa8dcf0d81c408de38d4202fe1ce9d9e5e301d1e67439c9530da94b1e64ee3f	7484d7b0dd80f45e18d726b04752827fe28555cc5c1af0e127948380e6688abf
semantic-proposal-v1	SC1-6e5dc3d2e920ba6ae14fea8d874dfcfbdf4f6bc84a9cfe5d50436ae810bc4ae6	S016070	1	P02	SYMBOLS.tsv	354740	status	aarch64	include/uapi/linux/bpf_common.h	operative_macro	BPF_JGT	46	PENDING_REVIEW	COMPLETE	COMPLETE	vendor/linux/include/uapi/linux/bpf_common.h;vendor/linux/include/uapi/linux/bpf_common.h:46;rewrite/configs/aarch64/frozen.config;header_closure=rewrite/metadata/header_closure.tsv;selected=PENDING_REVIEW	425f94c2954b1fe80ebdbf9b29854e89750355df	88f5e5d834ad0550c26362beda6c8d340574e0c3f69b0f40701742982a0204cc	1a2636dada517c938157697a09752cf77b86edeb7369c7660884b3be41a942c9	0123af9e96b58af4e98b91a2de5608d36b63c67864b9041d3340587f3dbe40d2	cfa8dcf0d81c408de38d4202fe1ce9d9e5e301d1e67439c9530da94b1e64ee3f	7484d7b0dd80f45e18d726b04752827fe28555cc5c1af0e127948380e6688abf
semantic-proposal-v1	SC1-1522be6df7211e1475ad135b12cdd0a092af0892037b3760eac7d83a35eee489	S016070	1	P02	SYMBOLS.tsv	354741	selection_expression	aarch64	include/uapi/linux/bpf_common.h	operative_macro	BPF_JGE	47	PENDING_REVIEW	SOURCE_REVIEWED_VALUE	COMPLETE	vendor/linux/include/uapi/linux/bpf_common.h;vendor/linux/include/uapi/linux/bpf_common.h:47;rewrite/configs/aarch64/frozen.config;header_closure=rewrite/metadata/header_closure.tsv;selected=PENDING_REVIEW	425f94c2954b1fe80ebdbf9b29854e89750355df	88f5e5d834ad0550c26362beda6c8d340574e0c3f69b0f40701742982a0204cc	1a2636dada517c938157697a09752cf77b86edeb7369c7660884b3be41a942c9	0123af9e96b58af4e98b91a2de5608d36b63c67864b9041d3340587f3dbe40d2	cfa8dcf0d81c408de38d4202fe1ce9d9e5e301d1e67439c9530da94b1e64ee3f	7484d7b0dd80f45e18d726b04752827fe28555cc5c1af0e127948380e6688abf
semantic-proposal-v1	SC1-bc910b462048fd3ff19514ba4b427435155692d9cac7859936bb493a4a9c8e4c	S016070	1	P02	SYMBOLS.tsv	354741	status	aarch64	include/uapi/linux/bpf_common.h	operative_macro	BPF_JGE	47	PENDING_REVIEW	COMPLETE	COMPLETE	vendor/linux/include/uapi/linux/bpf_common.h;vendor/linux/include/uapi/linux/bpf_common.h:47;rewrite/configs/aarch64/frozen.config;header_closure=rewrite/metadata/header_closure.tsv;selected=PENDING_REVIEW	425f94c2954b1fe80ebdbf9b29854e89750355df	88f5e5d834ad0550c26362beda6c8d340574e0c3f69b0f40701742982a0204cc	1a2636dada517c938157697a09752cf77b86edeb7369c7660884b3be41a942c9	0123af9e96b58af4e98b91a2de5608d36b63c67864b9041d3340587f3dbe40d2	cfa8dcf0d81c408de38d4202fe1ce9d9e5e301d1e67439c9530da94b1e64ee3f	7484d7b0dd80f45e18d726b04752827fe28555cc5c1af0e127948380e6688abf
semantic-proposal-v1	SC1-6f5446abcae1e3a045d1eb5d5bbb03cdc87b69eb75857fe38f27bb9f3ba793d0	S016070	1	P02	SYMBOLS.tsv	354742	selection_expression	aarch64	include/uapi/linux/bpf_common.h	operative_macro	BPF_JSET	48	PENDING_REVIEW	SOURCE_REVIEWED_VALUE	COMPLETE	vendor/linux/include/uapi/linux/bpf_common.h;vendor/linux/include/uapi/linux/bpf_common.h:48;rewrite/configs/aarch64/frozen.config;header_closure=rewrite/metadata/header_closure.tsv;selected=PENDING_REVIEW	425f94c2954b1fe80ebdbf9b29854e89750355df	88f5e5d834ad0550c26362beda6c8d340574e0c3f69b0f40701742982a0204cc	1a2636dada517c938157697a09752cf77b86edeb7369c7660884b3be41a942c9	0123af9e96b58af4e98b91a2de5608d36b63c67864b9041d3340587f3dbe40d2	cfa8dcf0d81c408de38d4202fe1ce9d9e5e301d1e67439c9530da94b1e64ee3f	7484d7b0dd80f45e18d726b04752827fe28555cc5c1af0e127948380e6688abf
semantic-proposal-v1	SC1-8417a2dc6f8c184d8cbcaa2c711d87886ed386e6a6657f979bb0e4bc0c5c4fb4	S016070	1	P02	SYMBOLS.tsv	354742	status	aarch64	include/uapi/linux/bpf_common.h	operative_macro	BPF_JSET	48	PENDING_REVIEW	COMPLETE	COMPLETE	vendor/linux/include/uapi/linux/bpf_common.h;vendor/linux/include/uapi/linux/bpf_common.h:48;rewrite/configs/aarch64/frozen.config;header_closure=rewrite/metadata/header_closure.tsv;selected=PENDING_REVIEW	425f94c2954b1fe80ebdbf9b29854e89750355df	88f5e5d834ad0550c26362beda6c8d340574e0c3f69b0f40701742982a0204cc	1a2636dada517c938157697a09752cf77b86edeb7369c7660884b3be41a942c9	0123af9e96b58af4e98b91a2de5608d36b63c67864b9041d3340587f3dbe40d2	cfa8dcf0d81c408de38d4202fe1ce9d9e5e301d1e67439c9530da94b1e64ee3f	7484d7b0dd80f45e18d726b04752827fe28555cc5c1af0e127948380e6688abf
semantic-proposal-v1	SC1-74b642a8032ce43adff7ad61ad8efae62c75b01a1ceefeeb922fa334c81e4ed4	S016070	1	P02	SYMBOLS.tsv	354743	selection_expression	aarch64	include/uapi/linux/bpf_common.h	operative_macro	BPF_SRC	49	PENDING_REVIEW	SOURCE_REVIEWED_VALUE	COMPLETE	vendor/linux/include/uapi/linux/bpf_common.h;vendor/linux/include/uapi/linux/bpf_common.h:49;rewrite/configs/aarch64/frozen.config;header_closure=rewrite/metadata/header_closure.tsv;selected=PENDING_REVIEW	425f94c2954b1fe80ebdbf9b29854e89750355df	88f5e5d834ad0550c26362beda6c8d340574e0c3f69b0f40701742982a0204cc	1a2636dada517c938157697a09752cf77b86edeb7369c7660884b3be41a942c9	0123af9e96b58af4e98b91a2de5608d36b63c67864b9041d3340587f3dbe40d2	cfa8dcf0d81c408de38d4202fe1ce9d9e5e301d1e67439c9530da94b1e64ee3f	7484d7b0dd80f45e18d726b04752827fe28555cc5c1af0e127948380e6688abf
semantic-proposal-v1	SC1-62fd06619dfd831a2f527bab1d70eee809d7fa5563e1492dbb09d507b7211efd	S016070	1	P02	SYMBOLS.tsv	354743	status	aarch64	include/uapi/linux/bpf_common.h	operative_macro	BPF_SRC	49	PENDING_REVIEW	COMPLETE	COMPLETE	vendor/linux/include/uapi/linux/bpf_common.h;vendor/linux/include/uapi/linux/bpf_common.h:49;rewrite/configs/aarch64/frozen.config;header_closure=rewrite/metadata/header_closure.tsv;selected=PENDING_REVIEW	425f94c2954b1fe80ebdbf9b29854e89750355df	88f5e5d834ad0550c26362beda6c8d340574e0c3f69b0f40701742982a0204cc	1a2636dada517c938157697a09752cf77b86edeb7369c7660884b3be41a942c9	0123af9e96b58af4e98b91a2de5608d36b63c67864b9041d3340587f3dbe40d2	cfa8dcf0d81c408de38d4202fe1ce9d9e5e301d1e67439c9530da94b1e64ee3f	7484d7b0dd80f45e18d726b04752827fe28555cc5c1af0e127948380e6688abf
semantic-proposal-v1	SC1-bc4d96deb146db9481cf21a4285d6e1cb049814696d7437ff5650b469b1fe163	S016070	1	P02	SYMBOLS.tsv	354744	selection_expression	aarch64	include/uapi/linux/bpf_common.h	operative_macro	BPF_K	50	PENDING_REVIEW	SOURCE_REVIEWED_VALUE	COMPLETE	vendor/linux/include/uapi/linux/bpf_common.h;vendor/linux/include/uapi/linux/bpf_common.h:50;rewrite/configs/aarch64/frozen.config;header_closure=rewrite/metadata/header_closure.tsv;selected=PENDING_REVIEW	425f94c2954b1fe80ebdbf9b29854e89750355df	88f5e5d834ad0550c26362beda6c8d340574e0c3f69b0f40701742982a0204cc	1a2636dada517c938157697a09752cf77b86edeb7369c7660884b3be41a942c9	0123af9e96b58af4e98b91a2de5608d36b63c67864b9041d3340587f3dbe40d2	cfa8dcf0d81c408de38d4202fe1ce9d9e5e301d1e67439c9530da94b1e64ee3f	7484d7b0dd80f45e18d726b04752827fe28555cc5c1af0e127948380e6688abf
semantic-proposal-v1	SC1-5fc7b19ef9d62adacb3dbef139a08c99d203d5036e2c7275d4553b94d6d8c68c	S016070	1	P02	SYMBOLS.tsv	354744	status	aarch64	include/uapi/linux/bpf_common.h	operative_macro	BPF_K	50	PENDING_REVIEW	COMPLETE	COMPLETE	vendor/linux/include/uapi/linux/bpf_common.h;vendor/linux/include/uapi/linux/bpf_common.h:50;rewrite/configs/aarch64/frozen.config;header_closure=rewrite/metadata/header_closure.tsv;selected=PENDING_REVIEW	425f94c2954b1fe80ebdbf9b29854e89750355df	88f5e5d834ad0550c26362beda6c8d340574e0c3f69b0f40701742982a0204cc	1a2636dada517c938157697a09752cf77b86edeb7369c7660884b3be41a942c9	0123af9e96b58af4e98b91a2de5608d36b63c67864b9041d3340587f3dbe40d2	cfa8dcf0d81c408de38d4202fe1ce9d9e5e301d1e67439c9530da94b1e64ee3f	7484d7b0dd80f45e18d726b04752827fe28555cc5c1af0e127948380e6688abf
semantic-proposal-v1	SC1-e4fb8b1e677155add02303551d597f445d39314222bc6a3d0f0431a7915559f7	S016070	1	P02	SYMBOLS.tsv	354745	selection_expression	aarch64	include/uapi/linux/bpf_common.h	operative_macro	BPF_X	51	PENDING_REVIEW	SOURCE_REVIEWED_VALUE	COMPLETE	vendor/linux/include/uapi/linux/bpf_common.h;vendor/linux/include/uapi/linux/bpf_common.h:51;rewrite/configs/aarch64/frozen.config;header_closure=rewrite/metadata/header_closure.tsv;selected=PENDING_REVIEW	425f94c2954b1fe80ebdbf9b29854e89750355df	88f5e5d834ad0550c26362beda6c8d340574e0c3f69b0f40701742982a0204cc	1a2636dada517c938157697a09752cf77b86edeb7369c7660884b3be41a942c9	0123af9e96b58af4e98b91a2de5608d36b63c67864b9041d3340587f3dbe40d2	cfa8dcf0d81c408de38d4202fe1ce9d9e5e301d1e67439c9530da94b1e64ee3f	7484d7b0dd80f45e18d726b04752827fe28555cc5c1af0e127948380e6688abf
semantic-proposal-v1	SC1-e8fcdfbebf0405524822760af367286f0854519d9f3e49978548834b416cfa20	S016070	1	P02	SYMBOLS.tsv	354745	status	aarch64	include/uapi/linux/bpf_common.h	operative_macro	BPF_X	51	PENDING_REVIEW	COMPLETE	COMPLETE	vendor/linux/include/uapi/linux/bpf_common.h;vendor/linux/include/uapi/linux/bpf_common.h:51;rewrite/configs/aarch64/frozen.config;header_closure=rewrite/metadata/header_closure.tsv;selected=PENDING_REVIEW	425f94c2954b1fe80ebdbf9b29854e89750355df	88f5e5d834ad0550c26362beda6c8d340574e0c3f69b0f40701742982a0204cc	1a2636dada517c938157697a09752cf77b86edeb7369c7660884b3be41a942c9	0123af9e96b58af4e98b91a2de5608d36b63c67864b9041d3340587f3dbe40d2	cfa8dcf0d81c408de38d4202fe1ce9d9e5e301d1e67439c9530da94b1e64ee3f	7484d7b0dd80f45e18d726b04752827fe28555cc5c1af0e127948380e6688abf
semantic-proposal-v1	SC1-cbf4f0196099088a88f8b4c38e1faaa0c6e2a31e917acb9f0bad02572ba3d4b3	S016070	1	P02	SYMBOLS.tsv	354746	selection_expression	aarch64	include/uapi/linux/bpf_common.h	operative_macro	BPF_MAXINSNS	54	PENDING_REVIEW	SOURCE_REVIEWED_VALUE	COMPLETE	vendor/linux/include/uapi/linux/bpf_common.h;vendor/linux/include/uapi/linux/bpf_common.h:54;rewrite/configs/aarch64/frozen.config;header_closure=rewrite/metadata/header_closure.tsv;selected=PENDING_REVIEW	425f94c2954b1fe80ebdbf9b29854e89750355df	88f5e5d834ad0550c26362beda6c8d340574e0c3f69b0f40701742982a0204cc	1a2636dada517c938157697a09752cf77b86edeb7369c7660884b3be41a942c9	0123af9e96b58af4e98b91a2de5608d36b63c67864b9041d3340587f3dbe40d2	cfa8dcf0d81c408de38d4202fe1ce9d9e5e301d1e67439c9530da94b1e64ee3f	7484d7b0dd80f45e18d726b04752827fe28555cc5c1af0e127948380e6688abf
semantic-proposal-v1	SC1-03c3580d7642fd24a8a62e2a9cc045f530f4148dd8c302237fc5567354dd2e95	S016070	1	P02	SYMBOLS.tsv	354746	status	aarch64	include/uapi/linux/bpf_common.h	operative_macro	BPF_MAXINSNS	54	PENDING_REVIEW	COMPLETE	COMPLETE	vendor/linux/include/uapi/linux/bpf_common.h;vendor/linux/include/uapi/linux/bpf_common.h:54;rewrite/configs/aarch64/frozen.config;header_closure=rewrite/metadata/header_closure.tsv;selected=PENDING_REVIEW	425f94c2954b1fe80ebdbf9b29854e89750355df	88f5e5d834ad0550c26362beda6c8d340574e0c3f69b0f40701742982a0204cc	1a2636dada517c938157697a09752cf77b86edeb7369c7660884b3be41a942c9	0123af9e96b58af4e98b91a2de5608d36b63c67864b9041d3340587f3dbe40d2	cfa8dcf0d81c408de38d4202fe1ce9d9e5e301d1e67439c9530da94b1e64ee3f	7484d7b0dd80f45e18d726b04752827fe28555cc5c1af0e127948380e6688abf
semantic-proposal-v1	SC1-6d837a9d53ad2bf89f8345c0ca2028cadd9e4a94808f7762df3efbac7da39751	S016070	1	P02	SYMBOLS.tsv	354747	status	x86_64	include/uapi/linux/bpf_common.h	conditional	ifndef@2	2	PENDING_REVIEW	COMPLETE	COMPLETE	vendor/linux/include/uapi/linux/bpf_common.h;vendor/linux/include/uapi/linux/bpf_common.h:2;rewrite/configs/x86_64/frozen.config;header_closure=rewrite/metadata/header_closure.tsv;selected=PENDING_REVIEW	425f94c2954b1fe80ebdbf9b29854e89750355df	88f5e5d834ad0550c26362beda6c8d340574e0c3f69b0f40701742982a0204cc	1a2636dada517c938157697a09752cf77b86edeb7369c7660884b3be41a942c9	0123af9e96b58af4e98b91a2de5608d36b63c67864b9041d3340587f3dbe40d2	cfa8dcf0d81c408de38d4202fe1ce9d9e5e301d1e67439c9530da94b1e64ee3f	7484d7b0dd80f45e18d726b04752827fe28555cc5c1af0e127948380e6688abf
semantic-proposal-v1	SC1-d6339a00b0012e26c20db82c7eadb934cccdcba7dd8911e6f9ec5020000bb6f4	S016070	1	P02	SYMBOLS.tsv	354748	status	x86_64	include/uapi/linux/bpf_common.h	conditional	ifndef@53	53	PENDING_REVIEW	COMPLETE	COMPLETE	vendor/linux/include/uapi/linux/bpf_common.h;vendor/linux/include/uapi/linux/bpf_common.h:53;rewrite/configs/x86_64/frozen.config;header_closure=rewrite/metadata/header_closure.tsv;selected=PENDING_REVIEW	425f94c2954b1fe80ebdbf9b29854e89750355df	88f5e5d834ad0550c26362beda6c8d340574e0c3f69b0f40701742982a0204cc	1a2636dada517c938157697a09752cf77b86edeb7369c7660884b3be41a942c9	0123af9e96b58af4e98b91a2de5608d36b63c67864b9041d3340587f3dbe40d2	cfa8dcf0d81c408de38d4202fe1ce9d9e5e301d1e67439c9530da94b1e64ee3f	7484d7b0dd80f45e18d726b04752827fe28555cc5c1af0e127948380e6688abf
semantic-proposal-v1	SC1-07529556d311ee62cc84a03b49076c88f1c37b8e593b6829a87dac88a50e6f95	S016070	1	P02	SYMBOLS.tsv	354749	status	x86_64	include/uapi/linux/bpf_common.h	conditional	endif@55	55	PENDING_REVIEW	COMPLETE	COMPLETE	vendor/linux/include/uapi/linux/bpf_common.h;vendor/linux/include/uapi/linux/bpf_common.h:55;rewrite/configs/x86_64/frozen.config;header_closure=rewrite/metadata/header_closure.tsv;selected=PENDING_REVIEW	425f94c2954b1fe80ebdbf9b29854e89750355df	88f5e5d834ad0550c26362beda6c8d340574e0c3f69b0f40701742982a0204cc	1a2636dada517c938157697a09752cf77b86edeb7369c7660884b3be41a942c9	0123af9e96b58af4e98b91a2de5608d36b63c67864b9041d3340587f3dbe40d2	cfa8dcf0d81c408de38d4202fe1ce9d9e5e301d1e67439c9530da94b1e64ee3f	7484d7b0dd80f45e18d726b04752827fe28555cc5c1af0e127948380e6688abf
semantic-proposal-v1	SC1-489849ba4e21e9c2505bae0308f42f192266194cf0e24f75c2f08e1e2c54e090	S016070	1	P02	SYMBOLS.tsv	354750	status	x86_64	include/uapi/linux/bpf_common.h	conditional	endif@57	57	PENDING_REVIEW	COMPLETE	COMPLETE	vendor/linux/include/uapi/linux/bpf_common.h;vendor/linux/include/uapi/linux/bpf_common.h:57;rewrite/configs/x86_64/frozen.config;header_closure=rewrite/metadata/header_closure.tsv;selected=PENDING_REVIEW	425f94c2954b1fe80ebdbf9b29854e89750355df	88f5e5d834ad0550c26362beda6c8d340574e0c3f69b0f40701742982a0204cc	1a2636dada517c938157697a09752cf77b86edeb7369c7660884b3be41a942c9	0123af9e96b58af4e98b91a2de5608d36b63c67864b9041d3340587f3dbe40d2	cfa8dcf0d81c408de38d4202fe1ce9d9e5e301d1e67439c9530da94b1e64ee3f	7484d7b0dd80f45e18d726b04752827fe28555cc5c1af0e127948380e6688abf
semantic-proposal-v1	SC1-3131f59a4bc20426e8a1c6c0f0c4ecf140384ecb10c7df90fadb4ab3d4d75560	S016070	1	P02	SYMBOLS.tsv	354751	selection_expression	x86_64	include/uapi/linux/bpf_common.h	operative_macro	_UAPI__LINUX_BPF_COMMON_H__	3	PENDING_REVIEW	SOURCE_REVIEWED_VALUE	COMPLETE	vendor/linux/include/uapi/linux/bpf_common.h;vendor/linux/include/uapi/linux/bpf_common.h:3;rewrite/configs/x86_64/frozen.config;header_closure=rewrite/metadata/header_closure.tsv;selected=PENDING_REVIEW	425f94c2954b1fe80ebdbf9b29854e89750355df	88f5e5d834ad0550c26362beda6c8d340574e0c3f69b0f40701742982a0204cc	1a2636dada517c938157697a09752cf77b86edeb7369c7660884b3be41a942c9	0123af9e96b58af4e98b91a2de5608d36b63c67864b9041d3340587f3dbe40d2	cfa8dcf0d81c408de38d4202fe1ce9d9e5e301d1e67439c9530da94b1e64ee3f	7484d7b0dd80f45e18d726b04752827fe28555cc5c1af0e127948380e6688abf
semantic-proposal-v1	SC1-b8d80a491f6e9874d1be77a59d4e6c53b64840b2f37db43bf6970583fe001688	S016070	1	P02	SYMBOLS.tsv	354751	status	x86_64	include/uapi/linux/bpf_common.h	operative_macro	_UAPI__LINUX_BPF_COMMON_H__	3	PENDING_REVIEW	COMPLETE	COMPLETE	vendor/linux/include/uapi/linux/bpf_common.h;vendor/linux/include/uapi/linux/bpf_common.h:3;rewrite/configs/x86_64/frozen.config;header_closure=rewrite/metadata/header_closure.tsv;selected=PENDING_REVIEW	425f94c2954b1fe80ebdbf9b29854e89750355df	88f5e5d834ad0550c26362beda6c8d340574e0c3f69b0f40701742982a0204cc	1a2636dada517c938157697a09752cf77b86edeb7369c7660884b3be41a942c9	0123af9e96b58af4e98b91a2de5608d36b63c67864b9041d3340587f3dbe40d2	cfa8dcf0d81c408de38d4202fe1ce9d9e5e301d1e67439c9530da94b1e64ee3f	7484d7b0dd80f45e18d726b04752827fe28555cc5c1af0e127948380e6688abf
semantic-proposal-v1	SC1-5d4a503466c79b8bfcd07232a23c9c5475c5f7573aa52503d5e7c6e92fc9df2f	S016070	1	P02	SYMBOLS.tsv	354752	selection_expression	x86_64	include/uapi/linux/bpf_common.h	operative_macro	BPF_CLASS	6	PENDING_REVIEW	SOURCE_REVIEWED_VALUE	COMPLETE	vendor/linux/include/uapi/linux/bpf_common.h;vendor/linux/include/uapi/linux/bpf_common.h:6;rewrite/configs/x86_64/frozen.config;header_closure=rewrite/metadata/header_closure.tsv;selected=PENDING_REVIEW	425f94c2954b1fe80ebdbf9b29854e89750355df	88f5e5d834ad0550c26362beda6c8d340574e0c3f69b0f40701742982a0204cc	1a2636dada517c938157697a09752cf77b86edeb7369c7660884b3be41a942c9	0123af9e96b58af4e98b91a2de5608d36b63c67864b9041d3340587f3dbe40d2	cfa8dcf0d81c408de38d4202fe1ce9d9e5e301d1e67439c9530da94b1e64ee3f	7484d7b0dd80f45e18d726b04752827fe28555cc5c1af0e127948380e6688abf
semantic-proposal-v1	SC1-83ca946a2506cc07ea11de19f3d167c5929a12605d3ab9204725801729f9b434	S016070	1	P02	SYMBOLS.tsv	354752	status	x86_64	include/uapi/linux/bpf_common.h	operative_macro	BPF_CLASS	6	PENDING_REVIEW	COMPLETE	COMPLETE	vendor/linux/include/uapi/linux/bpf_common.h;vendor/linux/include/uapi/linux/bpf_common.h:6;rewrite/configs/x86_64/frozen.config;header_closure=rewrite/metadata/header_closure.tsv;selected=PENDING_REVIEW	425f94c2954b1fe80ebdbf9b29854e89750355df	88f5e5d834ad0550c26362beda6c8d340574e0c3f69b0f40701742982a0204cc	1a2636dada517c938157697a09752cf77b86edeb7369c7660884b3be41a942c9	0123af9e96b58af4e98b91a2de5608d36b63c67864b9041d3340587f3dbe40d2	cfa8dcf0d81c408de38d4202fe1ce9d9e5e301d1e67439c9530da94b1e64ee3f	7484d7b0dd80f45e18d726b04752827fe28555cc5c1af0e127948380e6688abf
semantic-proposal-v1	SC1-3baaad02c8e49002be49d94114929af76ae0d0ba10fc8923e8763f95bf08a0c2	S016070	1	P02	SYMBOLS.tsv	354753	selection_expression	x86_64	include/uapi/linux/bpf_common.h	operative_macro	BPF_LD	7	PENDING_REVIEW	SOURCE_REVIEWED_VALUE	COMPLETE	vendor/linux/include/uapi/linux/bpf_common.h;vendor/linux/include/uapi/linux/bpf_common.h:7;rewrite/configs/x86_64/frozen.config;header_closure=rewrite/metadata/header_closure.tsv;selected=PENDING_REVIEW	425f94c2954b1fe80ebdbf9b29854e89750355df	88f5e5d834ad0550c26362beda6c8d340574e0c3f69b0f40701742982a0204cc	1a2636dada517c938157697a09752cf77b86edeb7369c7660884b3be41a942c9	0123af9e96b58af4e98b91a2de5608d36b63c67864b9041d3340587f3dbe40d2	cfa8dcf0d81c408de38d4202fe1ce9d9e5e301d1e67439c9530da94b1e64ee3f	7484d7b0dd80f45e18d726b04752827fe28555cc5c1af0e127948380e6688abf
semantic-proposal-v1	SC1-ea14f1a4050192dea200a336990ad638cc1ff7ee8a5403f1141717bb4a26e7ad	S016070	1	P02	SYMBOLS.tsv	354753	status	x86_64	include/uapi/linux/bpf_common.h	operative_macro	BPF_LD	7	PENDING_REVIEW	COMPLETE	COMPLETE	vendor/linux/include/uapi/linux/bpf_common.h;vendor/linux/include/uapi/linux/bpf_common.h:7;rewrite/configs/x86_64/frozen.config;header_closure=rewrite/metadata/header_closure.tsv;selected=PENDING_REVIEW	425f94c2954b1fe80ebdbf9b29854e89750355df	88f5e5d834ad0550c26362beda6c8d340574e0c3f69b0f40701742982a0204cc	1a2636dada517c938157697a09752cf77b86edeb7369c7660884b3be41a942c9	0123af9e96b58af4e98b91a2de5608d36b63c67864b9041d3340587f3dbe40d2	cfa8dcf0d81c408de38d4202fe1ce9d9e5e301d1e67439c9530da94b1e64ee3f	7484d7b0dd80f45e18d726b04752827fe28555cc5c1af0e127948380e6688abf
semantic-proposal-v1	SC1-b235456355a6fd94c1595786412a0c21ce6181f06f5bd19a4d079e14c12fd59f	S016070	1	P02	SYMBOLS.tsv	354754	selection_expression	x86_64	include/uapi/linux/bpf_common.h	operative_macro	BPF_LDX	8	PENDING_REVIEW	SOURCE_REVIEWED_VALUE	COMPLETE	vendor/linux/include/uapi/linux/bpf_common.h;vendor/linux/include/uapi/linux/bpf_common.h:8;rewrite/configs/x86_64/frozen.config;header_closure=rewrite/metadata/header_closure.tsv;selected=PENDING_REVIEW	425f94c2954b1fe80ebdbf9b29854e89750355df	88f5e5d834ad0550c26362beda6c8d340574e0c3f69b0f40701742982a0204cc	1a2636dada517c938157697a09752cf77b86edeb7369c7660884b3be41a942c9	0123af9e96b58af4e98b91a2de5608d36b63c67864b9041d3340587f3dbe40d2	cfa8dcf0d81c408de38d4202fe1ce9d9e5e301d1e67439c9530da94b1e64ee3f	7484d7b0dd80f45e18d726b04752827fe28555cc5c1af0e127948380e6688abf
semantic-proposal-v1	SC1-b0508a80ef901dd1781afec18b50c993aa33161b00172a3429ab20000712962b	S016070	1	P02	SYMBOLS.tsv	354754	status	x86_64	include/uapi/linux/bpf_common.h	operative_macro	BPF_LDX	8	PENDING_REVIEW	COMPLETE	COMPLETE	vendor/linux/include/uapi/linux/bpf_common.h;vendor/linux/include/uapi/linux/bpf_common.h:8;rewrite/configs/x86_64/frozen.config;header_closure=rewrite/metadata/header_closure.tsv;selected=PENDING_REVIEW	425f94c2954b1fe80ebdbf9b29854e89750355df	88f5e5d834ad0550c26362beda6c8d340574e0c3f69b0f40701742982a0204cc	1a2636dada517c938157697a09752cf77b86edeb7369c7660884b3be41a942c9	0123af9e96b58af4e98b91a2de5608d36b63c67864b9041d3340587f3dbe40d2	cfa8dcf0d81c408de38d4202fe1ce9d9e5e301d1e67439c9530da94b1e64ee3f	7484d7b0dd80f45e18d726b04752827fe28555cc5c1af0e127948380e6688abf
semantic-proposal-v1	SC1-dca996f7cd249f0a43c924b9700e5d61c92fefbf1df02264248b2b753bb643a2	S016070	1	P02	SYMBOLS.tsv	354755	selection_expression	x86_64	include/uapi/linux/bpf_common.h	operative_macro	BPF_ST	9	PENDING_REVIEW	SOURCE_REVIEWED_VALUE	COMPLETE	vendor/linux/include/uapi/linux/bpf_common.h;vendor/linux/include/uapi/linux/bpf_common.h:9;rewrite/configs/x86_64/frozen.config;header_closure=rewrite/metadata/header_closure.tsv;selected=PENDING_REVIEW	425f94c2954b1fe80ebdbf9b29854e89750355df	88f5e5d834ad0550c26362beda6c8d340574e0c3f69b0f40701742982a0204cc	1a2636dada517c938157697a09752cf77b86edeb7369c7660884b3be41a942c9	0123af9e96b58af4e98b91a2de5608d36b63c67864b9041d3340587f3dbe40d2	cfa8dcf0d81c408de38d4202fe1ce9d9e5e301d1e67439c9530da94b1e64ee3f	7484d7b0dd80f45e18d726b04752827fe28555cc5c1af0e127948380e6688abf
semantic-proposal-v1	SC1-2e7c91e0b1fa6101ca84bd323775431a9d97f6b7b3d66137d5093fa5305905f6	S016070	1	P02	SYMBOLS.tsv	354755	status	x86_64	include/uapi/linux/bpf_common.h	operative_macro	BPF_ST	9	PENDING_REVIEW	COMPLETE	COMPLETE	vendor/linux/include/uapi/linux/bpf_common.h;vendor/linux/include/uapi/linux/bpf_common.h:9;rewrite/configs/x86_64/frozen.config;header_closure=rewrite/metadata/header_closure.tsv;selected=PENDING_REVIEW	425f94c2954b1fe80ebdbf9b29854e89750355df	88f5e5d834ad0550c26362beda6c8d340574e0c3f69b0f40701742982a0204cc	1a2636dada517c938157697a09752cf77b86edeb7369c7660884b3be41a942c9	0123af9e96b58af4e98b91a2de5608d36b63c67864b9041d3340587f3dbe40d2	cfa8dcf0d81c408de38d4202fe1ce9d9e5e301d1e67439c9530da94b1e64ee3f	7484d7b0dd80f45e18d726b04752827fe28555cc5c1af0e127948380e6688abf
semantic-proposal-v1	SC1-0c6584a108df2d46a8eb3a05b4c4aeb36564ff3c2f08a314d42015b61d54a69b	S016070	1	P02	SYMBOLS.tsv	354756	selection_expression	x86_64	include/uapi/linux/bpf_common.h	operative_macro	BPF_STX	10	PENDING_REVIEW	SOURCE_REVIEWED_VALUE	COMPLETE	vendor/linux/include/uapi/linux/bpf_common.h;vendor/linux/include/uapi/linux/bpf_common.h:10;rewrite/configs/x86_64/frozen.config;header_closure=rewrite/metadata/header_closure.tsv;selected=PENDING_REVIEW	425f94c2954b1fe80ebdbf9b29854e89750355df	88f5e5d834ad0550c26362beda6c8d340574e0c3f69b0f40701742982a0204cc	1a2636dada517c938157697a09752cf77b86edeb7369c7660884b3be41a942c9	0123af9e96b58af4e98b91a2de5608d36b63c67864b9041d3340587f3dbe40d2	cfa8dcf0d81c408de38d4202fe1ce9d9e5e301d1e67439c9530da94b1e64ee3f	7484d7b0dd80f45e18d726b04752827fe28555cc5c1af0e127948380e6688abf
semantic-proposal-v1	SC1-e699220ffbaf5259d4fe8927796a9e0dd8373f5c3987468eb6dce668cd0a7386	S016070	1	P02	SYMBOLS.tsv	354756	status	x86_64	include/uapi/linux/bpf_common.h	operative_macro	BPF_STX	10	PENDING_REVIEW	COMPLETE	COMPLETE	vendor/linux/include/uapi/linux/bpf_common.h;vendor/linux/include/uapi/linux/bpf_common.h:10;rewrite/configs/x86_64/frozen.config;header_closure=rewrite/metadata/header_closure.tsv;selected=PENDING_REVIEW	425f94c2954b1fe80ebdbf9b29854e89750355df	88f5e5d834ad0550c26362beda6c8d340574e0c3f69b0f40701742982a0204cc	1a2636dada517c938157697a09752cf77b86edeb7369c7660884b3be41a942c9	0123af9e96b58af4e98b91a2de5608d36b63c67864b9041d3340587f3dbe40d2	cfa8dcf0d81c408de38d4202fe1ce9d9e5e301d1e67439c9530da94b1e64ee3f	7484d7b0dd80f45e18d726b04752827fe28555cc5c1af0e127948380e6688abf
semantic-proposal-v1	SC1-63d259bf2815818d282c80d78bcfd04d50856bf6899c929ddd037ba347060bb4	S016070	1	P02	SYMBOLS.tsv	354757	selection_expression	x86_64	include/uapi/linux/bpf_common.h	operative_macro	BPF_ALU	11	PENDING_REVIEW	SOURCE_REVIEWED_VALUE	COMPLETE	vendor/linux/include/uapi/linux/bpf_common.h;vendor/linux/include/uapi/linux/bpf_common.h:11;rewrite/configs/x86_64/frozen.config;header_closure=rewrite/metadata/header_closure.tsv;selected=PENDING_REVIEW	425f94c2954b1fe80ebdbf9b29854e89750355df	88f5e5d834ad0550c26362beda6c8d340574e0c3f69b0f40701742982a0204cc	1a2636dada517c938157697a09752cf77b86edeb7369c7660884b3be41a942c9	0123af9e96b58af4e98b91a2de5608d36b63c67864b9041d3340587f3dbe40d2	cfa8dcf0d81c408de38d4202fe1ce9d9e5e301d1e67439c9530da94b1e64ee3f	7484d7b0dd80f45e18d726b04752827fe28555cc5c1af0e127948380e6688abf
semantic-proposal-v1	SC1-bab987f7b8eac2884039ddf443d2b74bc3da99fcac125fd2f9344fb0b0a17606	S016070	1	P02	SYMBOLS.tsv	354757	status	x86_64	include/uapi/linux/bpf_common.h	operative_macro	BPF_ALU	11	PENDING_REVIEW	COMPLETE	COMPLETE	vendor/linux/include/uapi/linux/bpf_common.h;vendor/linux/include/uapi/linux/bpf_common.h:11;rewrite/configs/x86_64/frozen.config;header_closure=rewrite/metadata/header_closure.tsv;selected=PENDING_REVIEW	425f94c2954b1fe80ebdbf9b29854e89750355df	88f5e5d834ad0550c26362beda6c8d340574e0c3f69b0f40701742982a0204cc	1a2636dada517c938157697a09752cf77b86edeb7369c7660884b3be41a942c9	0123af9e96b58af4e98b91a2de5608d36b63c67864b9041d3340587f3dbe40d2	cfa8dcf0d81c408de38d4202fe1ce9d9e5e301d1e67439c9530da94b1e64ee3f	7484d7b0dd80f45e18d726b04752827fe28555cc5c1af0e127948380e6688abf
semantic-proposal-v1	SC1-881b9d6f85e0029715c88baeb1212a55bdfb5fc25cfa93d419188a19c5cd1a22	S016070	1	P02	SYMBOLS.tsv	354758	selection_expression	x86_64	include/uapi/linux/bpf_common.h	operative_macro	BPF_JMP	12	PENDING_REVIEW	SOURCE_REVIEWED_VALUE	COMPLETE	vendor/linux/include/uapi/linux/bpf_common.h;vendor/linux/include/uapi/linux/bpf_common.h:12;rewrite/configs/x86_64/frozen.config;header_closure=rewrite/metadata/header_closure.tsv;selected=PENDING_REVIEW	425f94c2954b1fe80ebdbf9b29854e89750355df	88f5e5d834ad0550c26362beda6c8d340574e0c3f69b0f40701742982a0204cc	1a2636dada517c938157697a09752cf77b86edeb7369c7660884b3be41a942c9	0123af9e96b58af4e98b91a2de5608d36b63c67864b9041d3340587f3dbe40d2	cfa8dcf0d81c408de38d4202fe1ce9d9e5e301d1e67439c9530da94b1e64ee3f	7484d7b0dd80f45e18d726b04752827fe28555cc5c1af0e127948380e6688abf
semantic-proposal-v1	SC1-ecb07fcbcedecd61488cfd5574f250a967f64e9575dbdae752b4159b8fb67bf6	S016070	1	P02	SYMBOLS.tsv	354758	status	x86_64	include/uapi/linux/bpf_common.h	operative_macro	BPF_JMP	12	PENDING_REVIEW	COMPLETE	COMPLETE	vendor/linux/include/uapi/linux/bpf_common.h;vendor/linux/include/uapi/linux/bpf_common.h:12;rewrite/configs/x86_64/frozen.config;header_closure=rewrite/metadata/header_closure.tsv;selected=PENDING_REVIEW	425f94c2954b1fe80ebdbf9b29854e89750355df	88f5e5d834ad0550c26362beda6c8d340574e0c3f69b0f40701742982a0204cc	1a2636dada517c938157697a09752cf77b86edeb7369c7660884b3be41a942c9	0123af9e96b58af4e98b91a2de5608d36b63c67864b9041d3340587f3dbe40d2	cfa8dcf0d81c408de38d4202fe1ce9d9e5e301d1e67439c9530da94b1e64ee3f	7484d7b0dd80f45e18d726b04752827fe28555cc5c1af0e127948380e6688abf
semantic-proposal-v1	SC1-9f66cb28bbc7d1e0f55115bc253776eef0581aa7c7707e7ee090c10ceaec8647	S016070	1	P02	SYMBOLS.tsv	354759	selection_expression	x86_64	include/uapi/linux/bpf_common.h	operative_macro	BPF_RET	13	PENDING_REVIEW	SOURCE_REVIEWED_VALUE	COMPLETE	vendor/linux/include/uapi/linux/bpf_common.h;vendor/linux/include/uapi/linux/bpf_common.h:13;rewrite/configs/x86_64/frozen.config;header_closure=rewrite/metadata/header_closure.tsv;selected=PENDING_REVIEW	425f94c2954b1fe80ebdbf9b29854e89750355df	88f5e5d834ad0550c26362beda6c8d340574e0c3f69b0f40701742982a0204cc	1a2636dada517c938157697a09752cf77b86edeb7369c7660884b3be41a942c9	0123af9e96b58af4e98b91a2de5608d36b63c67864b9041d3340587f3dbe40d2	cfa8dcf0d81c408de38d4202fe1ce9d9e5e301d1e67439c9530da94b1e64ee3f	7484d7b0dd80f45e18d726b04752827fe28555cc5c1af0e127948380e6688abf
semantic-proposal-v1	SC1-b80a4df6234147d99b39d04a2e5e98e2f91519552fe5ac3d159ad9bdc5c33139	S016070	1	P02	SYMBOLS.tsv	354759	status	x86_64	include/uapi/linux/bpf_common.h	operative_macro	BPF_RET	13	PENDING_REVIEW	COMPLETE	COMPLETE	vendor/linux/include/uapi/linux/bpf_common.h;vendor/linux/include/uapi/linux/bpf_common.h:13;rewrite/configs/x86_64/frozen.config;header_closure=rewrite/metadata/header_closure.tsv;selected=PENDING_REVIEW	425f94c2954b1fe80ebdbf9b29854e89750355df	88f5e5d834ad0550c26362beda6c8d340574e0c3f69b0f40701742982a0204cc	1a2636dada517c938157697a09752cf77b86edeb7369c7660884b3be41a942c9	0123af9e96b58af4e98b91a2de5608d36b63c67864b9041d3340587f3dbe40d2	cfa8dcf0d81c408de38d4202fe1ce9d9e5e301d1e67439c9530da94b1e64ee3f	7484d7b0dd80f45e18d726b04752827fe28555cc5c1af0e127948380e6688abf
semantic-proposal-v1	SC1-4c609382799cbeab31f4bb6dfa230e1e83e83fd86913a8b93bdac9eafc0c7120	S016070	1	P02	SYMBOLS.tsv	354760	selection_expression	x86_64	include/uapi/linux/bpf_common.h	operative_macro	BPF_MISC	14	PENDING_REVIEW	SOURCE_REVIEWED_VALUE	COMPLETE	vendor/linux/include/uapi/linux/bpf_common.h;vendor/linux/include/uapi/linux/bpf_common.h:14;rewrite/configs/x86_64/frozen.config;header_closure=rewrite/metadata/header_closure.tsv;selected=PENDING_REVIEW	425f94c2954b1fe80ebdbf9b29854e89750355df	88f5e5d834ad0550c26362beda6c8d340574e0c3f69b0f40701742982a0204cc	1a2636dada517c938157697a09752cf77b86edeb7369c7660884b3be41a942c9	0123af9e96b58af4e98b91a2de5608d36b63c67864b9041d3340587f3dbe40d2	cfa8dcf0d81c408de38d4202fe1ce9d9e5e301d1e67439c9530da94b1e64ee3f	7484d7b0dd80f45e18d726b04752827fe28555cc5c1af0e127948380e6688abf
semantic-proposal-v1	SC1-33baae959542d078e480fa8f1028e9af9d4072d74542287887809217aa9c7628	S016070	1	P02	SYMBOLS.tsv	354760	status	x86_64	include/uapi/linux/bpf_common.h	operative_macro	BPF_MISC	14	PENDING_REVIEW	COMPLETE	COMPLETE	vendor/linux/include/uapi/linux/bpf_common.h;vendor/linux/include/uapi/linux/bpf_common.h:14;rewrite/configs/x86_64/frozen.config;header_closure=rewrite/metadata/header_closure.tsv;selected=PENDING_REVIEW	425f94c2954b1fe80ebdbf9b29854e89750355df	88f5e5d834ad0550c26362beda6c8d340574e0c3f69b0f40701742982a0204cc	1a2636dada517c938157697a09752cf77b86edeb7369c7660884b3be41a942c9	0123af9e96b58af4e98b91a2de5608d36b63c67864b9041d3340587f3dbe40d2	cfa8dcf0d81c408de38d4202fe1ce9d9e5e301d1e67439c9530da94b1e64ee3f	7484d7b0dd80f45e18d726b04752827fe28555cc5c1af0e127948380e6688abf
semantic-proposal-v1	SC1-213f1f21914debf8dccab71b438dac5f0e78153f71fa363b203ff285efe457af	S016070	1	P02	SYMBOLS.tsv	354761	selection_expression	x86_64	include/uapi/linux/bpf_common.h	operative_macro	BPF_SIZE	17	PENDING_REVIEW	SOURCE_REVIEWED_VALUE	COMPLETE	vendor/linux/include/uapi/linux/bpf_common.h;vendor/linux/include/uapi/linux/bpf_common.h:17;rewrite/configs/x86_64/frozen.config;header_closure=rewrite/metadata/header_closure.tsv;selected=PENDING_REVIEW	425f94c2954b1fe80ebdbf9b29854e89750355df	88f5e5d834ad0550c26362beda6c8d340574e0c3f69b0f40701742982a0204cc	1a2636dada517c938157697a09752cf77b86edeb7369c7660884b3be41a942c9	0123af9e96b58af4e98b91a2de5608d36b63c67864b9041d3340587f3dbe40d2	cfa8dcf0d81c408de38d4202fe1ce9d9e5e301d1e67439c9530da94b1e64ee3f	7484d7b0dd80f45e18d726b04752827fe28555cc5c1af0e127948380e6688abf
semantic-proposal-v1	SC1-21f1410533853da2690bff47f9f7ab0520a17e035160bdce3bfb9c2f719c783f	S016070	1	P02	SYMBOLS.tsv	354761	status	x86_64	include/uapi/linux/bpf_common.h	operative_macro	BPF_SIZE	17	PENDING_REVIEW	COMPLETE	COMPLETE	vendor/linux/include/uapi/linux/bpf_common.h;vendor/linux/include/uapi/linux/bpf_common.h:17;rewrite/configs/x86_64/frozen.config;header_closure=rewrite/metadata/header_closure.tsv;selected=PENDING_REVIEW	425f94c2954b1fe80ebdbf9b29854e89750355df	88f5e5d834ad0550c26362beda6c8d340574e0c3f69b0f40701742982a0204cc	1a2636dada517c938157697a09752cf77b86edeb7369c7660884b3be41a942c9	0123af9e96b58af4e98b91a2de5608d36b63c67864b9041d3340587f3dbe40d2	cfa8dcf0d81c408de38d4202fe1ce9d9e5e301d1e67439c9530da94b1e64ee3f	7484d7b0dd80f45e18d726b04752827fe28555cc5c1af0e127948380e6688abf
semantic-proposal-v1	SC1-4f192cd28592c4092e91b3b5ce57b4a95bb3b5145e5165cb2612b7821b2e964c	S016070	1	P02	SYMBOLS.tsv	354762	selection_expression	x86_64	include/uapi/linux/bpf_common.h	operative_macro	BPF_W	18	PENDING_REVIEW	SOURCE_REVIEWED_VALUE	COMPLETE	vendor/linux/include/uapi/linux/bpf_common.h;vendor/linux/include/uapi/linux/bpf_common.h:18;rewrite/configs/x86_64/frozen.config;header_closure=rewrite/metadata/header_closure.tsv;selected=PENDING_REVIEW	425f94c2954b1fe80ebdbf9b29854e89750355df	88f5e5d834ad0550c26362beda6c8d340574e0c3f69b0f40701742982a0204cc	1a2636dada517c938157697a09752cf77b86edeb7369c7660884b3be41a942c9	0123af9e96b58af4e98b91a2de5608d36b63c67864b9041d3340587f3dbe40d2	cfa8dcf0d81c408de38d4202fe1ce9d9e5e301d1e67439c9530da94b1e64ee3f	7484d7b0dd80f45e18d726b04752827fe28555cc5c1af0e127948380e6688abf
semantic-proposal-v1	SC1-03c5ba8ba03926cb2c22db7f1ed15d6eeddcf4444f2b325060f7a1f649ef4292	S016070	1	P02	SYMBOLS.tsv	354762	status	x86_64	include/uapi/linux/bpf_common.h	operative_macro	BPF_W	18	PENDING_REVIEW	COMPLETE	COMPLETE	vendor/linux/include/uapi/linux/bpf_common.h;vendor/linux/include/uapi/linux/bpf_common.h:18;rewrite/configs/x86_64/frozen.config;header_closure=rewrite/metadata/header_closure.tsv;selected=PENDING_REVIEW	425f94c2954b1fe80ebdbf9b29854e89750355df	88f5e5d834ad0550c26362beda6c8d340574e0c3f69b0f40701742982a0204cc	1a2636dada517c938157697a09752cf77b86edeb7369c7660884b3be41a942c9	0123af9e96b58af4e98b91a2de5608d36b63c67864b9041d3340587f3dbe40d2	cfa8dcf0d81c408de38d4202fe1ce9d9e5e301d1e67439c9530da94b1e64ee3f	7484d7b0dd80f45e18d726b04752827fe28555cc5c1af0e127948380e6688abf
semantic-proposal-v1	SC1-89faa4ec9a432303bc63dec6ad77e0279f938b923dca36b8b0091f9269e66e33	S016070	1	P02	SYMBOLS.tsv	354763	selection_expression	x86_64	include/uapi/linux/bpf_common.h	operative_macro	BPF_H	19	PENDING_REVIEW	SOURCE_REVIEWED_VALUE	COMPLETE	vendor/linux/include/uapi/linux/bpf_common.h;vendor/linux/include/uapi/linux/bpf_common.h:19;rewrite/configs/x86_64/frozen.config;header_closure=rewrite/metadata/header_closure.tsv;selected=PENDING_REVIEW	425f94c2954b1fe80ebdbf9b29854e89750355df	88f5e5d834ad0550c26362beda6c8d340574e0c3f69b0f40701742982a0204cc	1a2636dada517c938157697a09752cf77b86edeb7369c7660884b3be41a942c9	0123af9e96b58af4e98b91a2de5608d36b63c67864b9041d3340587f3dbe40d2	cfa8dcf0d81c408de38d4202fe1ce9d9e5e301d1e67439c9530da94b1e64ee3f	7484d7b0dd80f45e18d726b04752827fe28555cc5c1af0e127948380e6688abf
semantic-proposal-v1	SC1-cb0e79e2effd75586effbaf667e637089b947e7cbc421b97565967770b68959d	S016070	1	P02	SYMBOLS.tsv	354763	status	x86_64	include/uapi/linux/bpf_common.h	operative_macro	BPF_H	19	PENDING_REVIEW	COMPLETE	COMPLETE	vendor/linux/include/uapi/linux/bpf_common.h;vendor/linux/include/uapi/linux/bpf_common.h:19;rewrite/configs/x86_64/frozen.config;header_closure=rewrite/metadata/header_closure.tsv;selected=PENDING_REVIEW	425f94c2954b1fe80ebdbf9b29854e89750355df	88f5e5d834ad0550c26362beda6c8d340574e0c3f69b0f40701742982a0204cc	1a2636dada517c938157697a09752cf77b86edeb7369c7660884b3be41a942c9	0123af9e96b58af4e98b91a2de5608d36b63c67864b9041d3340587f3dbe40d2	cfa8dcf0d81c408de38d4202fe1ce9d9e5e301d1e67439c9530da94b1e64ee3f	7484d7b0dd80f45e18d726b04752827fe28555cc5c1af0e127948380e6688abf
semantic-proposal-v1	SC1-f3be7baed8fdac4ccfc358820b36f14a9b4b19c0bd0fac36fdd07c2221d4e1d4	S016070	1	P02	SYMBOLS.tsv	354764	selection_expression	x86_64	include/uapi/linux/bpf_common.h	operative_macro	BPF_B	20	PENDING_REVIEW	SOURCE_REVIEWED_VALUE	COMPLETE	vendor/linux/include/uapi/linux/bpf_common.h;vendor/linux/include/uapi/linux/bpf_common.h:20;rewrite/configs/x86_64/frozen.config;header_closure=rewrite/metadata/header_closure.tsv;selected=PENDING_REVIEW	425f94c2954b1fe80ebdbf9b29854e89750355df	88f5e5d834ad0550c26362beda6c8d340574e0c3f69b0f40701742982a0204cc	1a2636dada517c938157697a09752cf77b86edeb7369c7660884b3be41a942c9	0123af9e96b58af4e98b91a2de5608d36b63c67864b9041d3340587f3dbe40d2	cfa8dcf0d81c408de38d4202fe1ce9d9e5e301d1e67439c9530da94b1e64ee3f	7484d7b0dd80f45e18d726b04752827fe28555cc5c1af0e127948380e6688abf
semantic-proposal-v1	SC1-80a23d54f8ada835d03b00c36f1cd683fbc9bcbdca5b3242050afa74c2584449	S016070	1	P02	SYMBOLS.tsv	354764	status	x86_64	include/uapi/linux/bpf_common.h	operative_macro	BPF_B	20	PENDING_REVIEW	COMPLETE	COMPLETE	vendor/linux/include/uapi/linux/bpf_common.h;vendor/linux/include/uapi/linux/bpf_common.h:20;rewrite/configs/x86_64/frozen.config;header_closure=rewrite/metadata/header_closure.tsv;selected=PENDING_REVIEW	425f94c2954b1fe80ebdbf9b29854e89750355df	88f5e5d834ad0550c26362beda6c8d340574e0c3f69b0f40701742982a0204cc	1a2636dada517c938157697a09752cf77b86edeb7369c7660884b3be41a942c9	0123af9e96b58af4e98b91a2de5608d36b63c67864b9041d3340587f3dbe40d2	cfa8dcf0d81c408de38d4202fe1ce9d9e5e301d1e67439c9530da94b1e64ee3f	7484d7b0dd80f45e18d726b04752827fe28555cc5c1af0e127948380e6688abf
semantic-proposal-v1	SC1-e4552e868b51d92a7fe943c4efbc9cfe76af1a387e6379960bffd68881b0b100	S016070	1	P02	SYMBOLS.tsv	354765	selection_expression	x86_64	include/uapi/linux/bpf_common.h	operative_macro	BPF_MODE	22	PENDING_REVIEW	SOURCE_REVIEWED_VALUE	COMPLETE	vendor/linux/include/uapi/linux/bpf_common.h;vendor/linux/include/uapi/linux/bpf_common.h:22;rewrite/configs/x86_64/frozen.config;header_closure=rewrite/metadata/header_closure.tsv;selected=PENDING_REVIEW	425f94c2954b1fe80ebdbf9b29854e89750355df	88f5e5d834ad0550c26362beda6c8d340574e0c3f69b0f40701742982a0204cc	1a2636dada517c938157697a09752cf77b86edeb7369c7660884b3be41a942c9	0123af9e96b58af4e98b91a2de5608d36b63c67864b9041d3340587f3dbe40d2	cfa8dcf0d81c408de38d4202fe1ce9d9e5e301d1e67439c9530da94b1e64ee3f	7484d7b0dd80f45e18d726b04752827fe28555cc5c1af0e127948380e6688abf
semantic-proposal-v1	SC1-dc794ef5331037dacdbd90d5f8cba0dc6601916dd3b363b84e36a5dd72cf35b4	S016070	1	P02	SYMBOLS.tsv	354765	status	x86_64	include/uapi/linux/bpf_common.h	operative_macro	BPF_MODE	22	PENDING_REVIEW	COMPLETE	COMPLETE	vendor/linux/include/uapi/linux/bpf_common.h;vendor/linux/include/uapi/linux/bpf_common.h:22;rewrite/configs/x86_64/frozen.config;header_closure=rewrite/metadata/header_closure.tsv;selected=PENDING_REVIEW	425f94c2954b1fe80ebdbf9b29854e89750355df	88f5e5d834ad0550c26362beda6c8d340574e0c3f69b0f40701742982a0204cc	1a2636dada517c938157697a09752cf77b86edeb7369c7660884b3be41a942c9	0123af9e96b58af4e98b91a2de5608d36b63c67864b9041d3340587f3dbe40d2	cfa8dcf0d81c408de38d4202fe1ce9d9e5e301d1e67439c9530da94b1e64ee3f	7484d7b0dd80f45e18d726b04752827fe28555cc5c1af0e127948380e6688abf
semantic-proposal-v1	SC1-f065c1a03c81c6de1002ee93faf1a2c283a11227b01373137a81c3e66dbe7282	S016070	1	P02	SYMBOLS.tsv	354766	selection_expression	x86_64	include/uapi/linux/bpf_common.h	operative_macro	BPF_IMM	23	PENDING_REVIEW	SOURCE_REVIEWED_VALUE	COMPLETE	vendor/linux/include/uapi/linux/bpf_common.h;vendor/linux/include/uapi/linux/bpf_common.h:23;rewrite/configs/x86_64/frozen.config;header_closure=rewrite/metadata/header_closure.tsv;selected=PENDING_REVIEW	425f94c2954b1fe80ebdbf9b29854e89750355df	88f5e5d834ad0550c26362beda6c8d340574e0c3f69b0f40701742982a0204cc	1a2636dada517c938157697a09752cf77b86edeb7369c7660884b3be41a942c9	0123af9e96b58af4e98b91a2de5608d36b63c67864b9041d3340587f3dbe40d2	cfa8dcf0d81c408de38d4202fe1ce9d9e5e301d1e67439c9530da94b1e64ee3f	7484d7b0dd80f45e18d726b04752827fe28555cc5c1af0e127948380e6688abf
semantic-proposal-v1	SC1-5dcebd8ad6669fac6874833d718756cc7d673254869a4e923b3827512032cc26	S016070	1	P02	SYMBOLS.tsv	354766	status	x86_64	include/uapi/linux/bpf_common.h	operative_macro	BPF_IMM	23	PENDING_REVIEW	COMPLETE	COMPLETE	vendor/linux/include/uapi/linux/bpf_common.h;vendor/linux/include/uapi/linux/bpf_common.h:23;rewrite/configs/x86_64/frozen.config;header_closure=rewrite/metadata/header_closure.tsv;selected=PENDING_REVIEW	425f94c2954b1fe80ebdbf9b29854e89750355df	88f5e5d834ad0550c26362beda6c8d340574e0c3f69b0f40701742982a0204cc	1a2636dada517c938157697a09752cf77b86edeb7369c7660884b3be41a942c9	0123af9e96b58af4e98b91a2de5608d36b63c67864b9041d3340587f3dbe40d2	cfa8dcf0d81c408de38d4202fe1ce9d9e5e301d1e67439c9530da94b1e64ee3f	7484d7b0dd80f45e18d726b04752827fe28555cc5c1af0e127948380e6688abf
semantic-proposal-v1	SC1-7acd620c1e6945d760692ae18bd78f4aa48839bbf0c235817484d5f87642a9a7	S016070	1	P02	SYMBOLS.tsv	354767	selection_expression	x86_64	include/uapi/linux/bpf_common.h	operative_macro	BPF_ABS	24	PENDING_REVIEW	SOURCE_REVIEWED_VALUE	COMPLETE	vendor/linux/include/uapi/linux/bpf_common.h;vendor/linux/include/uapi/linux/bpf_common.h:24;rewrite/configs/x86_64/frozen.config;header_closure=rewrite/metadata/header_closure.tsv;selected=PENDING_REVIEW	425f94c2954b1fe80ebdbf9b29854e89750355df	88f5e5d834ad0550c26362beda6c8d340574e0c3f69b0f40701742982a0204cc	1a2636dada517c938157697a09752cf77b86edeb7369c7660884b3be41a942c9	0123af9e96b58af4e98b91a2de5608d36b63c67864b9041d3340587f3dbe40d2	cfa8dcf0d81c408de38d4202fe1ce9d9e5e301d1e67439c9530da94b1e64ee3f	7484d7b0dd80f45e18d726b04752827fe28555cc5c1af0e127948380e6688abf
semantic-proposal-v1	SC1-9c20585d244c409adfe68443111977defe133abb082392a1fd2c83ee0a4aa974	S016070	1	P02	SYMBOLS.tsv	354767	status	x86_64	include/uapi/linux/bpf_common.h	operative_macro	BPF_ABS	24	PENDING_REVIEW	COMPLETE	COMPLETE	vendor/linux/include/uapi/linux/bpf_common.h;vendor/linux/include/uapi/linux/bpf_common.h:24;rewrite/configs/x86_64/frozen.config;header_closure=rewrite/metadata/header_closure.tsv;selected=PENDING_REVIEW	425f94c2954b1fe80ebdbf9b29854e89750355df	88f5e5d834ad0550c26362beda6c8d340574e0c3f69b0f40701742982a0204cc	1a2636dada517c938157697a09752cf77b86edeb7369c7660884b3be41a942c9	0123af9e96b58af4e98b91a2de5608d36b63c67864b9041d3340587f3dbe40d2	cfa8dcf0d81c408de38d4202fe1ce9d9e5e301d1e67439c9530da94b1e64ee3f	7484d7b0dd80f45e18d726b04752827fe28555cc5c1af0e127948380e6688abf
semantic-proposal-v1	SC1-0542e59a68367433f6438bec22334a551a76ee45d8b1e3f50a8313cc128261f3	S016070	1	P02	SYMBOLS.tsv	354768	selection_expression	x86_64	include/uapi/linux/bpf_common.h	operative_macro	BPF_IND	25	PENDING_REVIEW	SOURCE_REVIEWED_VALUE	COMPLETE	vendor/linux/include/uapi/linux/bpf_common.h;vendor/linux/include/uapi/linux/bpf_common.h:25;rewrite/configs/x86_64/frozen.config;header_closure=rewrite/metadata/header_closure.tsv;selected=PENDING_REVIEW	425f94c2954b1fe80ebdbf9b29854e89750355df	88f5e5d834ad0550c26362beda6c8d340574e0c3f69b0f40701742982a0204cc	1a2636dada517c938157697a09752cf77b86edeb7369c7660884b3be41a942c9	0123af9e96b58af4e98b91a2de5608d36b63c67864b9041d3340587f3dbe40d2	cfa8dcf0d81c408de38d4202fe1ce9d9e5e301d1e67439c9530da94b1e64ee3f	7484d7b0dd80f45e18d726b04752827fe28555cc5c1af0e127948380e6688abf
semantic-proposal-v1	SC1-7abace80ea1060a234161b95a63567218f49cbe193b71b727de9ff6094bdfc48	S016070	1	P02	SYMBOLS.tsv	354768	status	x86_64	include/uapi/linux/bpf_common.h	operative_macro	BPF_IND	25	PENDING_REVIEW	COMPLETE	COMPLETE	vendor/linux/include/uapi/linux/bpf_common.h;vendor/linux/include/uapi/linux/bpf_common.h:25;rewrite/configs/x86_64/frozen.config;header_closure=rewrite/metadata/header_closure.tsv;selected=PENDING_REVIEW	425f94c2954b1fe80ebdbf9b29854e89750355df	88f5e5d834ad0550c26362beda6c8d340574e0c3f69b0f40701742982a0204cc	1a2636dada517c938157697a09752cf77b86edeb7369c7660884b3be41a942c9	0123af9e96b58af4e98b91a2de5608d36b63c67864b9041d3340587f3dbe40d2	cfa8dcf0d81c408de38d4202fe1ce9d9e5e301d1e67439c9530da94b1e64ee3f	7484d7b0dd80f45e18d726b04752827fe28555cc5c1af0e127948380e6688abf
semantic-proposal-v1	SC1-2c9d0f55fac62b523369ab19633a49c28e9de724a805caa7eae27be3eea2bfe7	S016070	1	P02	SYMBOLS.tsv	354769	selection_expression	x86_64	include/uapi/linux/bpf_common.h	operative_macro	BPF_MEM	26	PENDING_REVIEW	SOURCE_REVIEWED_VALUE	COMPLETE	vendor/linux/include/uapi/linux/bpf_common.h;vendor/linux/include/uapi/linux/bpf_common.h:26;rewrite/configs/x86_64/frozen.config;header_closure=rewrite/metadata/header_closure.tsv;selected=PENDING_REVIEW	425f94c2954b1fe80ebdbf9b29854e89750355df	88f5e5d834ad0550c26362beda6c8d340574e0c3f69b0f40701742982a0204cc	1a2636dada517c938157697a09752cf77b86edeb7369c7660884b3be41a942c9	0123af9e96b58af4e98b91a2de5608d36b63c67864b9041d3340587f3dbe40d2	cfa8dcf0d81c408de38d4202fe1ce9d9e5e301d1e67439c9530da94b1e64ee3f	7484d7b0dd80f45e18d726b04752827fe28555cc5c1af0e127948380e6688abf
semantic-proposal-v1	SC1-95e67dad9126fd781ca61528fe9d9815170e2b2c99a25b2c10a35ad84581b230	S016070	1	P02	SYMBOLS.tsv	354769	status	x86_64	include/uapi/linux/bpf_common.h	operative_macro	BPF_MEM	26	PENDING_REVIEW	COMPLETE	COMPLETE	vendor/linux/include/uapi/linux/bpf_common.h;vendor/linux/include/uapi/linux/bpf_common.h:26;rewrite/configs/x86_64/frozen.config;header_closure=rewrite/metadata/header_closure.tsv;selected=PENDING_REVIEW	425f94c2954b1fe80ebdbf9b29854e89750355df	88f5e5d834ad0550c26362beda6c8d340574e0c3f69b0f40701742982a0204cc	1a2636dada517c938157697a09752cf77b86edeb7369c7660884b3be41a942c9	0123af9e96b58af4e98b91a2de5608d36b63c67864b9041d3340587f3dbe40d2	cfa8dcf0d81c408de38d4202fe1ce9d9e5e301d1e67439c9530da94b1e64ee3f	7484d7b0dd80f45e18d726b04752827fe28555cc5c1af0e127948380e6688abf
semantic-proposal-v1	SC1-e3d9e056575abeb8174bcd9bc2d93795a504bb0572258bf4f6519a865f97696f	S016070	1	P02	SYMBOLS.tsv	354770	selection_expression	x86_64	include/uapi/linux/bpf_common.h	operative_macro	BPF_LEN	27	PENDING_REVIEW	SOURCE_REVIEWED_VALUE	COMPLETE	vendor/linux/include/uapi/linux/bpf_common.h;vendor/linux/include/uapi/linux/bpf_common.h:27;rewrite/configs/x86_64/frozen.config;header_closure=rewrite/metadata/header_closure.tsv;selected=PENDING_REVIEW	425f94c2954b1fe80ebdbf9b29854e89750355df	88f5e5d834ad0550c26362beda6c8d340574e0c3f69b0f40701742982a0204cc	1a2636dada517c938157697a09752cf77b86edeb7369c7660884b3be41a942c9	0123af9e96b58af4e98b91a2de5608d36b63c67864b9041d3340587f3dbe40d2	cfa8dcf0d81c408de38d4202fe1ce9d9e5e301d1e67439c9530da94b1e64ee3f	7484d7b0dd80f45e18d726b04752827fe28555cc5c1af0e127948380e6688abf
semantic-proposal-v1	SC1-9b3f7761f993be9abb45f6c5d8739b248f42627cd34e6f5fe9a8ce0e1e94237e	S016070	1	P02	SYMBOLS.tsv	354770	status	x86_64	include/uapi/linux/bpf_common.h	operative_macro	BPF_LEN	27	PENDING_REVIEW	COMPLETE	COMPLETE	vendor/linux/include/uapi/linux/bpf_common.h;vendor/linux/include/uapi/linux/bpf_common.h:27;rewrite/configs/x86_64/frozen.config;header_closure=rewrite/metadata/header_closure.tsv;selected=PENDING_REVIEW	425f94c2954b1fe80ebdbf9b29854e89750355df	88f5e5d834ad0550c26362beda6c8d340574e0c3f69b0f40701742982a0204cc	1a2636dada517c938157697a09752cf77b86edeb7369c7660884b3be41a942c9	0123af9e96b58af4e98b91a2de5608d36b63c67864b9041d3340587f3dbe40d2	cfa8dcf0d81c408de38d4202fe1ce9d9e5e301d1e67439c9530da94b1e64ee3f	7484d7b0dd80f45e18d726b04752827fe28555cc5c1af0e127948380e6688abf
semantic-proposal-v1	SC1-a267a39c47ac62fd63960ae72c41957d88a0d6228618ae1bda93e349dc806bd5	S016070	1	P02	SYMBOLS.tsv	354771	selection_expression	x86_64	include/uapi/linux/bpf_common.h	operative_macro	BPF_MSH	28	PENDING_REVIEW	SOURCE_REVIEWED_VALUE	COMPLETE	vendor/linux/include/uapi/linux/bpf_common.h;vendor/linux/include/uapi/linux/bpf_common.h:28;rewrite/configs/x86_64/frozen.config;header_closure=rewrite/metadata/header_closure.tsv;selected=PENDING_REVIEW	425f94c2954b1fe80ebdbf9b29854e89750355df	88f5e5d834ad0550c26362beda6c8d340574e0c3f69b0f40701742982a0204cc	1a2636dada517c938157697a09752cf77b86edeb7369c7660884b3be41a942c9	0123af9e96b58af4e98b91a2de5608d36b63c67864b9041d3340587f3dbe40d2	cfa8dcf0d81c408de38d4202fe1ce9d9e5e301d1e67439c9530da94b1e64ee3f	7484d7b0dd80f45e18d726b04752827fe28555cc5c1af0e127948380e6688abf
semantic-proposal-v1	SC1-537906f068de44f073df6801c0f40670ebd3a68345549358f0a78ee7af3c7c10	S016070	1	P02	SYMBOLS.tsv	354771	status	x86_64	include/uapi/linux/bpf_common.h	operative_macro	BPF_MSH	28	PENDING_REVIEW	COMPLETE	COMPLETE	vendor/linux/include/uapi/linux/bpf_common.h;vendor/linux/include/uapi/linux/bpf_common.h:28;rewrite/configs/x86_64/frozen.config;header_closure=rewrite/metadata/header_closure.tsv;selected=PENDING_REVIEW	425f94c2954b1fe80ebdbf9b29854e89750355df	88f5e5d834ad0550c26362beda6c8d340574e0c3f69b0f40701742982a0204cc	1a2636dada517c938157697a09752cf77b86edeb7369c7660884b3be41a942c9	0123af9e96b58af4e98b91a2de5608d36b63c67864b9041d3340587f3dbe40d2	cfa8dcf0d81c408de38d4202fe1ce9d9e5e301d1e67439c9530da94b1e64ee3f	7484d7b0dd80f45e18d726b04752827fe28555cc5c1af0e127948380e6688abf
semantic-proposal-v1	SC1-eca34c112edcc1e87a561f29c4155d80d915b581dbc6adff279aa0051c14b0dd	S016070	1	P02	SYMBOLS.tsv	354772	selection_expression	x86_64	include/uapi/linux/bpf_common.h	operative_macro	BPF_OP	31	PENDING_REVIEW	SOURCE_REVIEWED_VALUE	COMPLETE	vendor/linux/include/uapi/linux/bpf_common.h;vendor/linux/include/uapi/linux/bpf_common.h:31;rewrite/configs/x86_64/frozen.config;header_closure=rewrite/metadata/header_closure.tsv;selected=PENDING_REVIEW	425f94c2954b1fe80ebdbf9b29854e89750355df	88f5e5d834ad0550c26362beda6c8d340574e0c3f69b0f40701742982a0204cc	1a2636dada517c938157697a09752cf77b86edeb7369c7660884b3be41a942c9	0123af9e96b58af4e98b91a2de5608d36b63c67864b9041d3340587f3dbe40d2	cfa8dcf0d81c408de38d4202fe1ce9d9e5e301d1e67439c9530da94b1e64ee3f	7484d7b0dd80f45e18d726b04752827fe28555cc5c1af0e127948380e6688abf
semantic-proposal-v1	SC1-e7e1387a522be4727f62a39b196ad0e90ca98936a6f6e43ac2f34bc43556f42c	S016070	1	P02	SYMBOLS.tsv	354772	status	x86_64	include/uapi/linux/bpf_common.h	operative_macro	BPF_OP	31	PENDING_REVIEW	COMPLETE	COMPLETE	vendor/linux/include/uapi/linux/bpf_common.h;vendor/linux/include/uapi/linux/bpf_common.h:31;rewrite/configs/x86_64/frozen.config;header_closure=rewrite/metadata/header_closure.tsv;selected=PENDING_REVIEW	425f94c2954b1fe80ebdbf9b29854e89750355df	88f5e5d834ad0550c26362beda6c8d340574e0c3f69b0f40701742982a0204cc	1a2636dada517c938157697a09752cf77b86edeb7369c7660884b3be41a942c9	0123af9e96b58af4e98b91a2de5608d36b63c67864b9041d3340587f3dbe40d2	cfa8dcf0d81c408de38d4202fe1ce9d9e5e301d1e67439c9530da94b1e64ee3f	7484d7b0dd80f45e18d726b04752827fe28555cc5c1af0e127948380e6688abf
semantic-proposal-v1	SC1-165c1e2478951a568358f70860d7d8ef83c2a9da5206c19cf76b539368a6d39a	S016070	1	P02	SYMBOLS.tsv	354773	selection_expression	x86_64	include/uapi/linux/bpf_common.h	operative_macro	BPF_ADD	32	PENDING_REVIEW	SOURCE_REVIEWED_VALUE	COMPLETE	vendor/linux/include/uapi/linux/bpf_common.h;vendor/linux/include/uapi/linux/bpf_common.h:32;rewrite/configs/x86_64/frozen.config;header_closure=rewrite/metadata/header_closure.tsv;selected=PENDING_REVIEW	425f94c2954b1fe80ebdbf9b29854e89750355df	88f5e5d834ad0550c26362beda6c8d340574e0c3f69b0f40701742982a0204cc	1a2636dada517c938157697a09752cf77b86edeb7369c7660884b3be41a942c9	0123af9e96b58af4e98b91a2de5608d36b63c67864b9041d3340587f3dbe40d2	cfa8dcf0d81c408de38d4202fe1ce9d9e5e301d1e67439c9530da94b1e64ee3f	7484d7b0dd80f45e18d726b04752827fe28555cc5c1af0e127948380e6688abf
semantic-proposal-v1	SC1-09e96f42badbda90d64f080b32022c1fff6751b355db5fdea74cf57226525efd	S016070	1	P02	SYMBOLS.tsv	354773	status	x86_64	include/uapi/linux/bpf_common.h	operative_macro	BPF_ADD	32	PENDING_REVIEW	COMPLETE	COMPLETE	vendor/linux/include/uapi/linux/bpf_common.h;vendor/linux/include/uapi/linux/bpf_common.h:32;rewrite/configs/x86_64/frozen.config;header_closure=rewrite/metadata/header_closure.tsv;selected=PENDING_REVIEW	425f94c2954b1fe80ebdbf9b29854e89750355df	88f5e5d834ad0550c26362beda6c8d340574e0c3f69b0f40701742982a0204cc	1a2636dada517c938157697a09752cf77b86edeb7369c7660884b3be41a942c9	0123af9e96b58af4e98b91a2de5608d36b63c67864b9041d3340587f3dbe40d2	cfa8dcf0d81c408de38d4202fe1ce9d9e5e301d1e67439c9530da94b1e64ee3f	7484d7b0dd80f45e18d726b04752827fe28555cc5c1af0e127948380e6688abf
semantic-proposal-v1	SC1-f421905ea7bd6f4e5807386cbb8ccb2e8875ba9cfcab2a7eb7751e890ffe7ea0	S016070	1	P02	SYMBOLS.tsv	354774	selection_expression	x86_64	include/uapi/linux/bpf_common.h	operative_macro	BPF_SUB	33	PENDING_REVIEW	SOURCE_REVIEWED_VALUE	COMPLETE	vendor/linux/include/uapi/linux/bpf_common.h;vendor/linux/include/uapi/linux/bpf_common.h:33;rewrite/configs/x86_64/frozen.config;header_closure=rewrite/metadata/header_closure.tsv;selected=PENDING_REVIEW	425f94c2954b1fe80ebdbf9b29854e89750355df	88f5e5d834ad0550c26362beda6c8d340574e0c3f69b0f40701742982a0204cc	1a2636dada517c938157697a09752cf77b86edeb7369c7660884b3be41a942c9	0123af9e96b58af4e98b91a2de5608d36b63c67864b9041d3340587f3dbe40d2	cfa8dcf0d81c408de38d4202fe1ce9d9e5e301d1e67439c9530da94b1e64ee3f	7484d7b0dd80f45e18d726b04752827fe28555cc5c1af0e127948380e6688abf
semantic-proposal-v1	SC1-2ef79c5b180b3ede2e40b2a66623c2cbdd82eef424fb71d7e2148542672eb056	S016070	1	P02	SYMBOLS.tsv	354774	status	x86_64	include/uapi/linux/bpf_common.h	operative_macro	BPF_SUB	33	PENDING_REVIEW	COMPLETE	COMPLETE	vendor/linux/include/uapi/linux/bpf_common.h;vendor/linux/include/uapi/linux/bpf_common.h:33;rewrite/configs/x86_64/frozen.config;header_closure=rewrite/metadata/header_closure.tsv;selected=PENDING_REVIEW	425f94c2954b1fe80ebdbf9b29854e89750355df	88f5e5d834ad0550c26362beda6c8d340574e0c3f69b0f40701742982a0204cc	1a2636dada517c938157697a09752cf77b86edeb7369c7660884b3be41a942c9	0123af9e96b58af4e98b91a2de5608d36b63c67864b9041d3340587f3dbe40d2	cfa8dcf0d81c408de38d4202fe1ce9d9e5e301d1e67439c9530da94b1e64ee3f	7484d7b0dd80f45e18d726b04752827fe28555cc5c1af0e127948380e6688abf
semantic-proposal-v1	SC1-0dee95bb3b8f1cd418f91a4a545abff5c7668f2147307eb127ab33fbb7b59d64	S016070	1	P02	SYMBOLS.tsv	354775	selection_expression	x86_64	include/uapi/linux/bpf_common.h	operative_macro	BPF_MUL	34	PENDING_REVIEW	SOURCE_REVIEWED_VALUE	COMPLETE	vendor/linux/include/uapi/linux/bpf_common.h;vendor/linux/include/uapi/linux/bpf_common.h:34;rewrite/configs/x86_64/frozen.config;header_closure=rewrite/metadata/header_closure.tsv;selected=PENDING_REVIEW	425f94c2954b1fe80ebdbf9b29854e89750355df	88f5e5d834ad0550c26362beda6c8d340574e0c3f69b0f40701742982a0204cc	1a2636dada517c938157697a09752cf77b86edeb7369c7660884b3be41a942c9	0123af9e96b58af4e98b91a2de5608d36b63c67864b9041d3340587f3dbe40d2	cfa8dcf0d81c408de38d4202fe1ce9d9e5e301d1e67439c9530da94b1e64ee3f	7484d7b0dd80f45e18d726b04752827fe28555cc5c1af0e127948380e6688abf
semantic-proposal-v1	SC1-12175a0c5cac594d34f3327030fc2d91bfa8aac96d3471ce01e30a81a08f9fa6	S016070	1	P02	SYMBOLS.tsv	354775	status	x86_64	include/uapi/linux/bpf_common.h	operative_macro	BPF_MUL	34	PENDING_REVIEW	COMPLETE	COMPLETE	vendor/linux/include/uapi/linux/bpf_common.h;vendor/linux/include/uapi/linux/bpf_common.h:34;rewrite/configs/x86_64/frozen.config;header_closure=rewrite/metadata/header_closure.tsv;selected=PENDING_REVIEW	425f94c2954b1fe80ebdbf9b29854e89750355df	88f5e5d834ad0550c26362beda6c8d340574e0c3f69b0f40701742982a0204cc	1a2636dada517c938157697a09752cf77b86edeb7369c7660884b3be41a942c9	0123af9e96b58af4e98b91a2de5608d36b63c67864b9041d3340587f3dbe40d2	cfa8dcf0d81c408de38d4202fe1ce9d9e5e301d1e67439c9530da94b1e64ee3f	7484d7b0dd80f45e18d726b04752827fe28555cc5c1af0e127948380e6688abf
semantic-proposal-v1	SC1-24b509dd708068c447d535ec936feccbca7eee9eabd6eda89ca1d834a7271e30	S016070	1	P02	SYMBOLS.tsv	354776	selection_expression	x86_64	include/uapi/linux/bpf_common.h	operative_macro	BPF_DIV	35	PENDING_REVIEW	SOURCE_REVIEWED_VALUE	COMPLETE	vendor/linux/include/uapi/linux/bpf_common.h;vendor/linux/include/uapi/linux/bpf_common.h:35;rewrite/configs/x86_64/frozen.config;header_closure=rewrite/metadata/header_closure.tsv;selected=PENDING_REVIEW	425f94c2954b1fe80ebdbf9b29854e89750355df	88f5e5d834ad0550c26362beda6c8d340574e0c3f69b0f40701742982a0204cc	1a2636dada517c938157697a09752cf77b86edeb7369c7660884b3be41a942c9	0123af9e96b58af4e98b91a2de5608d36b63c67864b9041d3340587f3dbe40d2	cfa8dcf0d81c408de38d4202fe1ce9d9e5e301d1e67439c9530da94b1e64ee3f	7484d7b0dd80f45e18d726b04752827fe28555cc5c1af0e127948380e6688abf
semantic-proposal-v1	SC1-05191be06a99602a253bd98ec7ab5c36b31c82b2ba4ec604d7ccd238707db988	S016070	1	P02	SYMBOLS.tsv	354776	status	x86_64	include/uapi/linux/bpf_common.h	operative_macro	BPF_DIV	35	PENDING_REVIEW	COMPLETE	COMPLETE	vendor/linux/include/uapi/linux/bpf_common.h;vendor/linux/include/uapi/linux/bpf_common.h:35;rewrite/configs/x86_64/frozen.config;header_closure=rewrite/metadata/header_closure.tsv;selected=PENDING_REVIEW	425f94c2954b1fe80ebdbf9b29854e89750355df	88f5e5d834ad0550c26362beda6c8d340574e0c3f69b0f40701742982a0204cc	1a2636dada517c938157697a09752cf77b86edeb7369c7660884b3be41a942c9	0123af9e96b58af4e98b91a2de5608d36b63c67864b9041d3340587f3dbe40d2	cfa8dcf0d81c408de38d4202fe1ce9d9e5e301d1e67439c9530da94b1e64ee3f	7484d7b0dd80f45e18d726b04752827fe28555cc5c1af0e127948380e6688abf
semantic-proposal-v1	SC1-bc795abda5134ec6d8094f1082328bb493c6458197db6552e381b1df072f9c12	S016070	1	P02	SYMBOLS.tsv	354777	selection_expression	x86_64	include/uapi/linux/bpf_common.h	operative_macro	BPF_OR	36	PENDING_REVIEW	SOURCE_REVIEWED_VALUE	COMPLETE	vendor/linux/include/uapi/linux/bpf_common.h;vendor/linux/include/uapi/linux/bpf_common.h:36;rewrite/configs/x86_64/frozen.config;header_closure=rewrite/metadata/header_closure.tsv;selected=PENDING_REVIEW	425f94c2954b1fe80ebdbf9b29854e89750355df	88f5e5d834ad0550c26362beda6c8d340574e0c3f69b0f40701742982a0204cc	1a2636dada517c938157697a09752cf77b86edeb7369c7660884b3be41a942c9	0123af9e96b58af4e98b91a2de5608d36b63c67864b9041d3340587f3dbe40d2	cfa8dcf0d81c408de38d4202fe1ce9d9e5e301d1e67439c9530da94b1e64ee3f	7484d7b0dd80f45e18d726b04752827fe28555cc5c1af0e127948380e6688abf
semantic-proposal-v1	SC1-c94daa5f189c76153f5dcb3be3740d01d8a02d3862096f2762e698305846be57	S016070	1	P02	SYMBOLS.tsv	354777	status	x86_64	include/uapi/linux/bpf_common.h	operative_macro	BPF_OR	36	PENDING_REVIEW	COMPLETE	COMPLETE	vendor/linux/include/uapi/linux/bpf_common.h;vendor/linux/include/uapi/linux/bpf_common.h:36;rewrite/configs/x86_64/frozen.config;header_closure=rewrite/metadata/header_closure.tsv;selected=PENDING_REVIEW	425f94c2954b1fe80ebdbf9b29854e89750355df	88f5e5d834ad0550c26362beda6c8d340574e0c3f69b0f40701742982a0204cc	1a2636dada517c938157697a09752cf77b86edeb7369c7660884b3be41a942c9	0123af9e96b58af4e98b91a2de5608d36b63c67864b9041d3340587f3dbe40d2	cfa8dcf0d81c408de38d4202fe1ce9d9e5e301d1e67439c9530da94b1e64ee3f	7484d7b0dd80f45e18d726b04752827fe28555cc5c1af0e127948380e6688abf
semantic-proposal-v1	SC1-4e9e45935c923cbb0390d72bdbb4eea5bd47deadf802e373b16b368f398069dd	S016070	1	P02	SYMBOLS.tsv	354778	selection_expression	x86_64	include/uapi/linux/bpf_common.h	operative_macro	BPF_AND	37	PENDING_REVIEW	SOURCE_REVIEWED_VALUE	COMPLETE	vendor/linux/include/uapi/linux/bpf_common.h;vendor/linux/include/uapi/linux/bpf_common.h:37;rewrite/configs/x86_64/frozen.config;header_closure=rewrite/metadata/header_closure.tsv;selected=PENDING_REVIEW	425f94c2954b1fe80ebdbf9b29854e89750355df	88f5e5d834ad0550c26362beda6c8d340574e0c3f69b0f40701742982a0204cc	1a2636dada517c938157697a09752cf77b86edeb7369c7660884b3be41a942c9	0123af9e96b58af4e98b91a2de5608d36b63c67864b9041d3340587f3dbe40d2	cfa8dcf0d81c408de38d4202fe1ce9d9e5e301d1e67439c9530da94b1e64ee3f	7484d7b0dd80f45e18d726b04752827fe28555cc5c1af0e127948380e6688abf
semantic-proposal-v1	SC1-64b3913e88124772a115a8fb4d4b98d28f0890302e9449b04fdf5620f4a710fa	S016070	1	P02	SYMBOLS.tsv	354778	status	x86_64	include/uapi/linux/bpf_common.h	operative_macro	BPF_AND	37	PENDING_REVIEW	COMPLETE	COMPLETE	vendor/linux/include/uapi/linux/bpf_common.h;vendor/linux/include/uapi/linux/bpf_common.h:37;rewrite/configs/x86_64/frozen.config;header_closure=rewrite/metadata/header_closure.tsv;selected=PENDING_REVIEW	425f94c2954b1fe80ebdbf9b29854e89750355df	88f5e5d834ad0550c26362beda6c8d340574e0c3f69b0f40701742982a0204cc	1a2636dada517c938157697a09752cf77b86edeb7369c7660884b3be41a942c9	0123af9e96b58af4e98b91a2de5608d36b63c67864b9041d3340587f3dbe40d2	cfa8dcf0d81c408de38d4202fe1ce9d9e5e301d1e67439c9530da94b1e64ee3f	7484d7b0dd80f45e18d726b04752827fe28555cc5c1af0e127948380e6688abf
semantic-proposal-v1	SC1-c8c3ba29f7e101bccd5b92079f859b1730e0d9699406aa75795dfd9f36324e45	S016070	1	P02	SYMBOLS.tsv	354779	selection_expression	x86_64	include/uapi/linux/bpf_common.h	operative_macro	BPF_LSH	38	PENDING_REVIEW	SOURCE_REVIEWED_VALUE	COMPLETE	vendor/linux/include/uapi/linux/bpf_common.h;vendor/linux/include/uapi/linux/bpf_common.h:38;rewrite/configs/x86_64/frozen.config;header_closure=rewrite/metadata/header_closure.tsv;selected=PENDING_REVIEW	425f94c2954b1fe80ebdbf9b29854e89750355df	88f5e5d834ad0550c26362beda6c8d340574e0c3f69b0f40701742982a0204cc	1a2636dada517c938157697a09752cf77b86edeb7369c7660884b3be41a942c9	0123af9e96b58af4e98b91a2de5608d36b63c67864b9041d3340587f3dbe40d2	cfa8dcf0d81c408de38d4202fe1ce9d9e5e301d1e67439c9530da94b1e64ee3f	7484d7b0dd80f45e18d726b04752827fe28555cc5c1af0e127948380e6688abf
semantic-proposal-v1	SC1-8e57df95f04527cc21fcae14066b0e6dc4a1365a9dee4c6278bd9fb86ce3fce2	S016070	1	P02	SYMBOLS.tsv	354779	status	x86_64	include/uapi/linux/bpf_common.h	operative_macro	BPF_LSH	38	PENDING_REVIEW	COMPLETE	COMPLETE	vendor/linux/include/uapi/linux/bpf_common.h;vendor/linux/include/uapi/linux/bpf_common.h:38;rewrite/configs/x86_64/frozen.config;header_closure=rewrite/metadata/header_closure.tsv;selected=PENDING_REVIEW	425f94c2954b1fe80ebdbf9b29854e89750355df	88f5e5d834ad0550c26362beda6c8d340574e0c3f69b0f40701742982a0204cc	1a2636dada517c938157697a09752cf77b86edeb7369c7660884b3be41a942c9	0123af9e96b58af4e98b91a2de5608d36b63c67864b9041d3340587f3dbe40d2	cfa8dcf0d81c408de38d4202fe1ce9d9e5e301d1e67439c9530da94b1e64ee3f	7484d7b0dd80f45e18d726b04752827fe28555cc5c1af0e127948380e6688abf
semantic-proposal-v1	SC1-90addd723ede50f20505cae34f741c3d8be61f3373c07d95a672f2a8867a925a	S016070	1	P02	SYMBOLS.tsv	354780	selection_expression	x86_64	include/uapi/linux/bpf_common.h	operative_macro	BPF_RSH	39	PENDING_REVIEW	SOURCE_REVIEWED_VALUE	COMPLETE	vendor/linux/include/uapi/linux/bpf_common.h;vendor/linux/include/uapi/linux/bpf_common.h:39;rewrite/configs/x86_64/frozen.config;header_closure=rewrite/metadata/header_closure.tsv;selected=PENDING_REVIEW	425f94c2954b1fe80ebdbf9b29854e89750355df	88f5e5d834ad0550c26362beda6c8d340574e0c3f69b0f40701742982a0204cc	1a2636dada517c938157697a09752cf77b86edeb7369c7660884b3be41a942c9	0123af9e96b58af4e98b91a2de5608d36b63c67864b9041d3340587f3dbe40d2	cfa8dcf0d81c408de38d4202fe1ce9d9e5e301d1e67439c9530da94b1e64ee3f	7484d7b0dd80f45e18d726b04752827fe28555cc5c1af0e127948380e6688abf
semantic-proposal-v1	SC1-23e5aa15e3e337378c5194668f9817f405b768b28f7798f9ae7c8cb11882a95a	S016070	1	P02	SYMBOLS.tsv	354780	status	x86_64	include/uapi/linux/bpf_common.h	operative_macro	BPF_RSH	39	PENDING_REVIEW	COMPLETE	COMPLETE	vendor/linux/include/uapi/linux/bpf_common.h;vendor/linux/include/uapi/linux/bpf_common.h:39;rewrite/configs/x86_64/frozen.config;header_closure=rewrite/metadata/header_closure.tsv;selected=PENDING_REVIEW	425f94c2954b1fe80ebdbf9b29854e89750355df	88f5e5d834ad0550c26362beda6c8d340574e0c3f69b0f40701742982a0204cc	1a2636dada517c938157697a09752cf77b86edeb7369c7660884b3be41a942c9	0123af9e96b58af4e98b91a2de5608d36b63c67864b9041d3340587f3dbe40d2	cfa8dcf0d81c408de38d4202fe1ce9d9e5e301d1e67439c9530da94b1e64ee3f	7484d7b0dd80f45e18d726b04752827fe28555cc5c1af0e127948380e6688abf
semantic-proposal-v1	SC1-1fe6f8d26bd3898d9ae697c8dcd2470616e1cd25d54681c71f640040b68982bf	S016070	1	P02	SYMBOLS.tsv	354781	selection_expression	x86_64	include/uapi/linux/bpf_common.h	operative_macro	BPF_NEG	40	PENDING_REVIEW	SOURCE_REVIEWED_VALUE	COMPLETE	vendor/linux/include/uapi/linux/bpf_common.h;vendor/linux/include/uapi/linux/bpf_common.h:40;rewrite/configs/x86_64/frozen.config;header_closure=rewrite/metadata/header_closure.tsv;selected=PENDING_REVIEW	425f94c2954b1fe80ebdbf9b29854e89750355df	88f5e5d834ad0550c26362beda6c8d340574e0c3f69b0f40701742982a0204cc	1a2636dada517c938157697a09752cf77b86edeb7369c7660884b3be41a942c9	0123af9e96b58af4e98b91a2de5608d36b63c67864b9041d3340587f3dbe40d2	cfa8dcf0d81c408de38d4202fe1ce9d9e5e301d1e67439c9530da94b1e64ee3f	7484d7b0dd80f45e18d726b04752827fe28555cc5c1af0e127948380e6688abf
semantic-proposal-v1	SC1-18b402fff3986f60ea4771d616f6db4075abc19f678209c66484d747c714d84a	S016070	1	P02	SYMBOLS.tsv	354781	status	x86_64	include/uapi/linux/bpf_common.h	operative_macro	BPF_NEG	40	PENDING_REVIEW	COMPLETE	COMPLETE	vendor/linux/include/uapi/linux/bpf_common.h;vendor/linux/include/uapi/linux/bpf_common.h:40;rewrite/configs/x86_64/frozen.config;header_closure=rewrite/metadata/header_closure.tsv;selected=PENDING_REVIEW	425f94c2954b1fe80ebdbf9b29854e89750355df	88f5e5d834ad0550c26362beda6c8d340574e0c3f69b0f40701742982a0204cc	1a2636dada517c938157697a09752cf77b86edeb7369c7660884b3be41a942c9	0123af9e96b58af4e98b91a2de5608d36b63c67864b9041d3340587f3dbe40d2	cfa8dcf0d81c408de38d4202fe1ce9d9e5e301d1e67439c9530da94b1e64ee3f	7484d7b0dd80f45e18d726b04752827fe28555cc5c1af0e127948380e6688abf
semantic-proposal-v1	SC1-caaeddc0577bc199d2685c294f9cc9889082e9464cf0a1d5cb932f39d1b9a40c	S016070	1	P02	SYMBOLS.tsv	354782	selection_expression	x86_64	include/uapi/linux/bpf_common.h	operative_macro	BPF_MOD	41	PENDING_REVIEW	SOURCE_REVIEWED_VALUE	COMPLETE	vendor/linux/include/uapi/linux/bpf_common.h;vendor/linux/include/uapi/linux/bpf_common.h:41;rewrite/configs/x86_64/frozen.config;header_closure=rewrite/metadata/header_closure.tsv;selected=PENDING_REVIEW	425f94c2954b1fe80ebdbf9b29854e89750355df	88f5e5d834ad0550c26362beda6c8d340574e0c3f69b0f40701742982a0204cc	1a2636dada517c938157697a09752cf77b86edeb7369c7660884b3be41a942c9	0123af9e96b58af4e98b91a2de5608d36b63c67864b9041d3340587f3dbe40d2	cfa8dcf0d81c408de38d4202fe1ce9d9e5e301d1e67439c9530da94b1e64ee3f	7484d7b0dd80f45e18d726b04752827fe28555cc5c1af0e127948380e6688abf
semantic-proposal-v1	SC1-54cfdd3041f97f6df5143bba4da99b2a19a18f2ba363b01b07543dfc3086b64f	S016070	1	P02	SYMBOLS.tsv	354782	status	x86_64	include/uapi/linux/bpf_common.h	operative_macro	BPF_MOD	41	PENDING_REVIEW	COMPLETE	COMPLETE	vendor/linux/include/uapi/linux/bpf_common.h;vendor/linux/include/uapi/linux/bpf_common.h:41;rewrite/configs/x86_64/frozen.config;header_closure=rewrite/metadata/header_closure.tsv;selected=PENDING_REVIEW	425f94c2954b1fe80ebdbf9b29854e89750355df	88f5e5d834ad0550c26362beda6c8d340574e0c3f69b0f40701742982a0204cc	1a2636dada517c938157697a09752cf77b86edeb7369c7660884b3be41a942c9	0123af9e96b58af4e98b91a2de5608d36b63c67864b9041d3340587f3dbe40d2	cfa8dcf0d81c408de38d4202fe1ce9d9e5e301d1e67439c9530da94b1e64ee3f	7484d7b0dd80f45e18d726b04752827fe28555cc5c1af0e127948380e6688abf
semantic-proposal-v1	SC1-63a53109f59009231c1c2416bc38f515c88e1bace8ee9a38b33c8641c554e0c1	S016070	1	P02	SYMBOLS.tsv	354783	selection_expression	x86_64	include/uapi/linux/bpf_common.h	operative_macro	BPF_XOR	42	PENDING_REVIEW	SOURCE_REVIEWED_VALUE	COMPLETE	vendor/linux/include/uapi/linux/bpf_common.h;vendor/linux/include/uapi/linux/bpf_common.h:42;rewrite/configs/x86_64/frozen.config;header_closure=rewrite/metadata/header_closure.tsv;selected=PENDING_REVIEW	425f94c2954b1fe80ebdbf9b29854e89750355df	88f5e5d834ad0550c26362beda6c8d340574e0c3f69b0f40701742982a0204cc	1a2636dada517c938157697a09752cf77b86edeb7369c7660884b3be41a942c9	0123af9e96b58af4e98b91a2de5608d36b63c67864b9041d3340587f3dbe40d2	cfa8dcf0d81c408de38d4202fe1ce9d9e5e301d1e67439c9530da94b1e64ee3f	7484d7b0dd80f45e18d726b04752827fe28555cc5c1af0e127948380e6688abf
semantic-proposal-v1	SC1-0c203feaa832c92bf5bae0e4d6892f1e29dfcc70f133fa4e89e91e2a3ed1f7b1	S016070	1	P02	SYMBOLS.tsv	354783	status	x86_64	include/uapi/linux/bpf_common.h	operative_macro	BPF_XOR	42	PENDING_REVIEW	COMPLETE	COMPLETE	vendor/linux/include/uapi/linux/bpf_common.h;vendor/linux/include/uapi/linux/bpf_common.h:42;rewrite/configs/x86_64/frozen.config;header_closure=rewrite/metadata/header_closure.tsv;selected=PENDING_REVIEW	425f94c2954b1fe80ebdbf9b29854e89750355df	88f5e5d834ad0550c26362beda6c8d340574e0c3f69b0f40701742982a0204cc	1a2636dada517c938157697a09752cf77b86edeb7369c7660884b3be41a942c9	0123af9e96b58af4e98b91a2de5608d36b63c67864b9041d3340587f3dbe40d2	cfa8dcf0d81c408de38d4202fe1ce9d9e5e301d1e67439c9530da94b1e64ee3f	7484d7b0dd80f45e18d726b04752827fe28555cc5c1af0e127948380e6688abf
semantic-proposal-v1	SC1-bfd3a0b7de6ee96de6ce3fb6b83c7cd1b5a5c806a2122e5b833cd64c840eae51	S016070	1	P02	SYMBOLS.tsv	354784	selection_expression	x86_64	include/uapi/linux/bpf_common.h	operative_macro	BPF_JA	44	PENDING_REVIEW	SOURCE_REVIEWED_VALUE	COMPLETE	vendor/linux/include/uapi/linux/bpf_common.h;vendor/linux/include/uapi/linux/bpf_common.h:44;rewrite/configs/x86_64/frozen.config;header_closure=rewrite/metadata/header_closure.tsv;selected=PENDING_REVIEW	425f94c2954b1fe80ebdbf9b29854e89750355df	88f5e5d834ad0550c26362beda6c8d340574e0c3f69b0f40701742982a0204cc	1a2636dada517c938157697a09752cf77b86edeb7369c7660884b3be41a942c9	0123af9e96b58af4e98b91a2de5608d36b63c67864b9041d3340587f3dbe40d2	cfa8dcf0d81c408de38d4202fe1ce9d9e5e301d1e67439c9530da94b1e64ee3f	7484d7b0dd80f45e18d726b04752827fe28555cc5c1af0e127948380e6688abf
semantic-proposal-v1	SC1-9346a08e42c2eb96cc237266057e05a6c013f854ef2e71e3ef3c24e4d99a2a37	S016070	1	P02	SYMBOLS.tsv	354784	status	x86_64	include/uapi/linux/bpf_common.h	operative_macro	BPF_JA	44	PENDING_REVIEW	COMPLETE	COMPLETE	vendor/linux/include/uapi/linux/bpf_common.h;vendor/linux/include/uapi/linux/bpf_common.h:44;rewrite/configs/x86_64/frozen.config;header_closure=rewrite/metadata/header_closure.tsv;selected=PENDING_REVIEW	425f94c2954b1fe80ebdbf9b29854e89750355df	88f5e5d834ad0550c26362beda6c8d340574e0c3f69b0f40701742982a0204cc	1a2636dada517c938157697a09752cf77b86edeb7369c7660884b3be41a942c9	0123af9e96b58af4e98b91a2de5608d36b63c67864b9041d3340587f3dbe40d2	cfa8dcf0d81c408de38d4202fe1ce9d9e5e301d1e67439c9530da94b1e64ee3f	7484d7b0dd80f45e18d726b04752827fe28555cc5c1af0e127948380e6688abf
semantic-proposal-v1	SC1-8257a85ada51950c16fb7fd2d4889df7c848b67a655e0c990918dfaeac6ada3f	S016070	1	P02	SYMBOLS.tsv	354785	selection_expression	x86_64	include/uapi/linux/bpf_common.h	operative_macro	BPF_JEQ	45	PENDING_REVIEW	SOURCE_REVIEWED_VALUE	COMPLETE	vendor/linux/include/uapi/linux/bpf_common.h;vendor/linux/include/uapi/linux/bpf_common.h:45;rewrite/configs/x86_64/frozen.config;header_closure=rewrite/metadata/header_closure.tsv;selected=PENDING_REVIEW	425f94c2954b1fe80ebdbf9b29854e89750355df	88f5e5d834ad0550c26362beda6c8d340574e0c3f69b0f40701742982a0204cc	1a2636dada517c938157697a09752cf77b86edeb7369c7660884b3be41a942c9	0123af9e96b58af4e98b91a2de5608d36b63c67864b9041d3340587f3dbe40d2	cfa8dcf0d81c408de38d4202fe1ce9d9e5e301d1e67439c9530da94b1e64ee3f	7484d7b0dd80f45e18d726b04752827fe28555cc5c1af0e127948380e6688abf
semantic-proposal-v1	SC1-b0bf39f2ed35afac757bc697a4cd03693e48c816a4f2297edb7d218f3db128ef	S016070	1	P02	SYMBOLS.tsv	354785	status	x86_64	include/uapi/linux/bpf_common.h	operative_macro	BPF_JEQ	45	PENDING_REVIEW	COMPLETE	COMPLETE	vendor/linux/include/uapi/linux/bpf_common.h;vendor/linux/include/uapi/linux/bpf_common.h:45;rewrite/configs/x86_64/frozen.config;header_closure=rewrite/metadata/header_closure.tsv;selected=PENDING_REVIEW	425f94c2954b1fe80ebdbf9b29854e89750355df	88f5e5d834ad0550c26362beda6c8d340574e0c3f69b0f40701742982a0204cc	1a2636dada517c938157697a09752cf77b86edeb7369c7660884b3be41a942c9	0123af9e96b58af4e98b91a2de5608d36b63c67864b9041d3340587f3dbe40d2	cfa8dcf0d81c408de38d4202fe1ce9d9e5e301d1e67439c9530da94b1e64ee3f	7484d7b0dd80f45e18d726b04752827fe28555cc5c1af0e127948380e6688abf
semantic-proposal-v1	SC1-c89fc09132e5bf5ceff5d1b7ae3cdf07c5a3d33a8752b670615a6d13c7ddc5ff	S016070	1	P02	SYMBOLS.tsv	354786	selection_expression	x86_64	include/uapi/linux/bpf_common.h	operative_macro	BPF_JGT	46	PENDING_REVIEW	SOURCE_REVIEWED_VALUE	COMPLETE	vendor/linux/include/uapi/linux/bpf_common.h;vendor/linux/include/uapi/linux/bpf_common.h:46;rewrite/configs/x86_64/frozen.config;header_closure=rewrite/metadata/header_closure.tsv;selected=PENDING_REVIEW	425f94c2954b1fe80ebdbf9b29854e89750355df	88f5e5d834ad0550c26362beda6c8d340574e0c3f69b0f40701742982a0204cc	1a2636dada517c938157697a09752cf77b86edeb7369c7660884b3be41a942c9	0123af9e96b58af4e98b91a2de5608d36b63c67864b9041d3340587f3dbe40d2	cfa8dcf0d81c408de38d4202fe1ce9d9e5e301d1e67439c9530da94b1e64ee3f	7484d7b0dd80f45e18d726b04752827fe28555cc5c1af0e127948380e6688abf
semantic-proposal-v1	SC1-91fe25ce38fb21190ff19f14eb976c2ff824d62b47e6d50eebb299823ed679c2	S016070	1	P02	SYMBOLS.tsv	354786	status	x86_64	include/uapi/linux/bpf_common.h	operative_macro	BPF_JGT	46	PENDING_REVIEW	COMPLETE	COMPLETE	vendor/linux/include/uapi/linux/bpf_common.h;vendor/linux/include/uapi/linux/bpf_common.h:46;rewrite/configs/x86_64/frozen.config;header_closure=rewrite/metadata/header_closure.tsv;selected=PENDING_REVIEW	425f94c2954b1fe80ebdbf9b29854e89750355df	88f5e5d834ad0550c26362beda6c8d340574e0c3f69b0f40701742982a0204cc	1a2636dada517c938157697a09752cf77b86edeb7369c7660884b3be41a942c9	0123af9e96b58af4e98b91a2de5608d36b63c67864b9041d3340587f3dbe40d2	cfa8dcf0d81c408de38d4202fe1ce9d9e5e301d1e67439c9530da94b1e64ee3f	7484d7b0dd80f45e18d726b04752827fe28555cc5c1af0e127948380e6688abf
semantic-proposal-v1	SC1-5fd7b0077e3c29ed6b2b53dd95f882b7ef9a0f47dc09ecc598ccdf38b930069d	S016070	1	P02	SYMBOLS.tsv	354787	selection_expression	x86_64	include/uapi/linux/bpf_common.h	operative_macro	BPF_JGE	47	PENDING_REVIEW	SOURCE_REVIEWED_VALUE	COMPLETE	vendor/linux/include/uapi/linux/bpf_common.h;vendor/linux/include/uapi/linux/bpf_common.h:47;rewrite/configs/x86_64/frozen.config;header_closure=rewrite/metadata/header_closure.tsv;selected=PENDING_REVIEW	425f94c2954b1fe80ebdbf9b29854e89750355df	88f5e5d834ad0550c26362beda6c8d340574e0c3f69b0f40701742982a0204cc	1a2636dada517c938157697a09752cf77b86edeb7369c7660884b3be41a942c9	0123af9e96b58af4e98b91a2de5608d36b63c67864b9041d3340587f3dbe40d2	cfa8dcf0d81c408de38d4202fe1ce9d9e5e301d1e67439c9530da94b1e64ee3f	7484d7b0dd80f45e18d726b04752827fe28555cc5c1af0e127948380e6688abf
semantic-proposal-v1	SC1-400c4f141c3fadae20e5e49dbf75eb8987465fc7c3f7b59aa2bdc2f605ed6a31	S016070	1	P02	SYMBOLS.tsv	354787	status	x86_64	include/uapi/linux/bpf_common.h	operative_macro	BPF_JGE	47	PENDING_REVIEW	COMPLETE	COMPLETE	vendor/linux/include/uapi/linux/bpf_common.h;vendor/linux/include/uapi/linux/bpf_common.h:47;rewrite/configs/x86_64/frozen.config;header_closure=rewrite/metadata/header_closure.tsv;selected=PENDING_REVIEW	425f94c2954b1fe80ebdbf9b29854e89750355df	88f5e5d834ad0550c26362beda6c8d340574e0c3f69b0f40701742982a0204cc	1a2636dada517c938157697a09752cf77b86edeb7369c7660884b3be41a942c9	0123af9e96b58af4e98b91a2de5608d36b63c67864b9041d3340587f3dbe40d2	cfa8dcf0d81c408de38d4202fe1ce9d9e5e301d1e67439c9530da94b1e64ee3f	7484d7b0dd80f45e18d726b04752827fe28555cc5c1af0e127948380e6688abf
semantic-proposal-v1	SC1-8ee86e0a180e6478a06a83a8da5994c6c20882b588be8a950da9beff1dae0975	S016070	1	P02	SYMBOLS.tsv	354788	selection_expression	x86_64	include/uapi/linux/bpf_common.h	operative_macro	BPF_JSET	48	PENDING_REVIEW	SOURCE_REVIEWED_VALUE	COMPLETE	vendor/linux/include/uapi/linux/bpf_common.h;vendor/linux/include/uapi/linux/bpf_common.h:48;rewrite/configs/x86_64/frozen.config;header_closure=rewrite/metadata/header_closure.tsv;selected=PENDING_REVIEW	425f94c2954b1fe80ebdbf9b29854e89750355df	88f5e5d834ad0550c26362beda6c8d340574e0c3f69b0f40701742982a0204cc	1a2636dada517c938157697a09752cf77b86edeb7369c7660884b3be41a942c9	0123af9e96b58af4e98b91a2de5608d36b63c67864b9041d3340587f3dbe40d2	cfa8dcf0d81c408de38d4202fe1ce9d9e5e301d1e67439c9530da94b1e64ee3f	7484d7b0dd80f45e18d726b04752827fe28555cc5c1af0e127948380e6688abf
semantic-proposal-v1	SC1-203e04bbd919b4e385799f9de7547eb5e5820ddc9192f62ff1f328418938a2d4	S016070	1	P02	SYMBOLS.tsv	354788	status	x86_64	include/uapi/linux/bpf_common.h	operative_macro	BPF_JSET	48	PENDING_REVIEW	COMPLETE	COMPLETE	vendor/linux/include/uapi/linux/bpf_common.h;vendor/linux/include/uapi/linux/bpf_common.h:48;rewrite/configs/x86_64/frozen.config;header_closure=rewrite/metadata/header_closure.tsv;selected=PENDING_REVIEW	425f94c2954b1fe80ebdbf9b29854e89750355df	88f5e5d834ad0550c26362beda6c8d340574e0c3f69b0f40701742982a0204cc	1a2636dada517c938157697a09752cf77b86edeb7369c7660884b3be41a942c9	0123af9e96b58af4e98b91a2de5608d36b63c67864b9041d3340587f3dbe40d2	cfa8dcf0d81c408de38d4202fe1ce9d9e5e301d1e67439c9530da94b1e64ee3f	7484d7b0dd80f45e18d726b04752827fe28555cc5c1af0e127948380e6688abf
semantic-proposal-v1	SC1-8223029253e5cdc5551b06cbcd3ad1b7a5bc094e9ec55a3f70e6218a85ba21e1	S016070	1	P02	SYMBOLS.tsv	354789	selection_expression	x86_64	include/uapi/linux/bpf_common.h	operative_macro	BPF_SRC	49	PENDING_REVIEW	SOURCE_REVIEWED_VALUE	COMPLETE	vendor/linux/include/uapi/linux/bpf_common.h;vendor/linux/include/uapi/linux/bpf_common.h:49;rewrite/configs/x86_64/frozen.config;header_closure=rewrite/metadata/header_closure.tsv;selected=PENDING_REVIEW	425f94c2954b1fe80ebdbf9b29854e89750355df	88f5e5d834ad0550c26362beda6c8d340574e0c3f69b0f40701742982a0204cc	1a2636dada517c938157697a09752cf77b86edeb7369c7660884b3be41a942c9	0123af9e96b58af4e98b91a2de5608d36b63c67864b9041d3340587f3dbe40d2	cfa8dcf0d81c408de38d4202fe1ce9d9e5e301d1e67439c9530da94b1e64ee3f	7484d7b0dd80f45e18d726b04752827fe28555cc5c1af0e127948380e6688abf
semantic-proposal-v1	SC1-7b42931032e579495959d9834d3196bafbf1d065634688cb899bfc89451a956d	S016070	1	P02	SYMBOLS.tsv	354789	status	x86_64	include/uapi/linux/bpf_common.h	operative_macro	BPF_SRC	49	PENDING_REVIEW	COMPLETE	COMPLETE	vendor/linux/include/uapi/linux/bpf_common.h;vendor/linux/include/uapi/linux/bpf_common.h:49;rewrite/configs/x86_64/frozen.config;header_closure=rewrite/metadata/header_closure.tsv;selected=PENDING_REVIEW	425f94c2954b1fe80ebdbf9b29854e89750355df	88f5e5d834ad0550c26362beda6c8d340574e0c3f69b0f40701742982a0204cc	1a2636dada517c938157697a09752cf77b86edeb7369c7660884b3be41a942c9	0123af9e96b58af4e98b91a2de5608d36b63c67864b9041d3340587f3dbe40d2	cfa8dcf0d81c408de38d4202fe1ce9d9e5e301d1e67439c9530da94b1e64ee3f	7484d7b0dd80f45e18d726b04752827fe28555cc5c1af0e127948380e6688abf
semantic-proposal-v1	SC1-7192d23efed57dd56371a2129badf752b894eec541327bd1e43872ac3539eba3	S016070	1	P02	SYMBOLS.tsv	354790	selection_expression	x86_64	include/uapi/linux/bpf_common.h	operative_macro	BPF_K	50	PENDING_REVIEW	SOURCE_REVIEWED_VALUE	COMPLETE	vendor/linux/include/uapi/linux/bpf_common.h;vendor/linux/include/uapi/linux/bpf_common.h:50;rewrite/configs/x86_64/frozen.config;header_closure=rewrite/metadata/header_closure.tsv;selected=PENDING_REVIEW	425f94c2954b1fe80ebdbf9b29854e89750355df	88f5e5d834ad0550c26362beda6c8d340574e0c3f69b0f40701742982a0204cc	1a2636dada517c938157697a09752cf77b86edeb7369c7660884b3be41a942c9	0123af9e96b58af4e98b91a2de5608d36b63c67864b9041d3340587f3dbe40d2	cfa8dcf0d81c408de38d4202fe1ce9d9e5e301d1e67439c9530da94b1e64ee3f	7484d7b0dd80f45e18d726b04752827fe28555cc5c1af0e127948380e6688abf
semantic-proposal-v1	SC1-c8170f6729d0067066855bfc1578bc344438321fce08c69dc1cde46af705026d	S016070	1	P02	SYMBOLS.tsv	354790	status	x86_64	include/uapi/linux/bpf_common.h	operative_macro	BPF_K	50	PENDING_REVIEW	COMPLETE	COMPLETE	vendor/linux/include/uapi/linux/bpf_common.h;vendor/linux/include/uapi/linux/bpf_common.h:50;rewrite/configs/x86_64/frozen.config;header_closure=rewrite/metadata/header_closure.tsv;selected=PENDING_REVIEW	425f94c2954b1fe80ebdbf9b29854e89750355df	88f5e5d834ad0550c26362beda6c8d340574e0c3f69b0f40701742982a0204cc	1a2636dada517c938157697a09752cf77b86edeb7369c7660884b3be41a942c9	0123af9e96b58af4e98b91a2de5608d36b63c67864b9041d3340587f3dbe40d2	cfa8dcf0d81c408de38d4202fe1ce9d9e5e301d1e67439c9530da94b1e64ee3f	7484d7b0dd80f45e18d726b04752827fe28555cc5c1af0e127948380e6688abf
semantic-proposal-v1	SC1-b2d7860abd9836852859eb5cf6cced9eeb0b2930d81cb67b10a38a2550883011	S016070	1	P02	SYMBOLS.tsv	354791	selection_expression	x86_64	include/uapi/linux/bpf_common.h	operative_macro	BPF_X	51	PENDING_REVIEW	SOURCE_REVIEWED_VALUE	COMPLETE	vendor/linux/include/uapi/linux/bpf_common.h;vendor/linux/include/uapi/linux/bpf_common.h:51;rewrite/configs/x86_64/frozen.config;header_closure=rewrite/metadata/header_closure.tsv;selected=PENDING_REVIEW	425f94c2954b1fe80ebdbf9b29854e89750355df	88f5e5d834ad0550c26362beda6c8d340574e0c3f69b0f40701742982a0204cc	1a2636dada517c938157697a09752cf77b86edeb7369c7660884b3be41a942c9	0123af9e96b58af4e98b91a2de5608d36b63c67864b9041d3340587f3dbe40d2	cfa8dcf0d81c408de38d4202fe1ce9d9e5e301d1e67439c9530da94b1e64ee3f	7484d7b0dd80f45e18d726b04752827fe28555cc5c1af0e127948380e6688abf
semantic-proposal-v1	SC1-d49d0b21a98967f4e6b1b93ec39fef63a0b8204115f51f6b2750d26fc6b8cfcd	S016070	1	P02	SYMBOLS.tsv	354791	status	x86_64	include/uapi/linux/bpf_common.h	operative_macro	BPF_X	51	PENDING_REVIEW	COMPLETE	COMPLETE	vendor/linux/include/uapi/linux/bpf_common.h;vendor/linux/include/uapi/linux/bpf_common.h:51;rewrite/configs/x86_64/frozen.config;header_closure=rewrite/metadata/header_closure.tsv;selected=PENDING_REVIEW	425f94c2954b1fe80ebdbf9b29854e89750355df	88f5e5d834ad0550c26362beda6c8d340574e0c3f69b0f40701742982a0204cc	1a2636dada517c938157697a09752cf77b86edeb7369c7660884b3be41a942c9	0123af9e96b58af4e98b91a2de5608d36b63c67864b9041d3340587f3dbe40d2	cfa8dcf0d81c408de38d4202fe1ce9d9e5e301d1e67439c9530da94b1e64ee3f	7484d7b0dd80f45e18d726b04752827fe28555cc5c1af0e127948380e6688abf
semantic-proposal-v1	SC1-e1f8ae753d50ee75f17cb09748f87a3e0194c2420668714991f6198fd3d58b03	S016070	1	P02	SYMBOLS.tsv	354792	selection_expression	x86_64	include/uapi/linux/bpf_common.h	operative_macro	BPF_MAXINSNS	54	PENDING_REVIEW	SOURCE_REVIEWED_VALUE	COMPLETE	vendor/linux/include/uapi/linux/bpf_common.h;vendor/linux/include/uapi/linux/bpf_common.h:54;rewrite/configs/x86_64/frozen.config;header_closure=rewrite/metadata/header_closure.tsv;selected=PENDING_REVIEW	425f94c2954b1fe80ebdbf9b29854e89750355df	88f5e5d834ad0550c26362beda6c8d340574e0c3f69b0f40701742982a0204cc	1a2636dada517c938157697a09752cf77b86edeb7369c7660884b3be41a942c9	0123af9e96b58af4e98b91a2de5608d36b63c67864b9041d3340587f3dbe40d2	cfa8dcf0d81c408de38d4202fe1ce9d9e5e301d1e67439c9530da94b1e64ee3f	7484d7b0dd80f45e18d726b04752827fe28555cc5c1af0e127948380e6688abf
semantic-proposal-v1	SC1-d5410f48da1f3e6b805e96b9d1be48156ea8eda6c02895c958f3d0c98f5127c3	S016070	1	P02	SYMBOLS.tsv	354792	status	x86_64	include/uapi/linux/bpf_common.h	operative_macro	BPF_MAXINSNS	54	PENDING_REVIEW	COMPLETE	COMPLETE	vendor/linux/include/uapi/linux/bpf_common.h;vendor/linux/include/uapi/linux/bpf_common.h:54;rewrite/configs/x86_64/frozen.config;header_closure=rewrite/metadata/header_closure.tsv;selected=PENDING_REVIEW	425f94c2954b1fe80ebdbf9b29854e89750355df	88f5e5d834ad0550c26362beda6c8d340574e0c3f69b0f40701742982a0204cc	1a2636dada517c938157697a09752cf77b86edeb7369c7660884b3be41a942c9	0123af9e96b58af4e98b91a2de5608d36b63c67864b9041d3340587f3dbe40d2	cfa8dcf0d81c408de38d4202fe1ce9d9e5e301d1e67439c9530da94b1e64ee3f	7484d7b0dd80f45e18d726b04752827fe28555cc5c1af0e127948380e6688abf
