schema_version	record_key	task_id	attempt	pipeline_id	manifest	base_row	field	architecture	linux_path	record_kind	symbol_name	source_line	old_value	final_value	decision_status	source_citations	linux_sha	candidate_sha256	implementation_sha256	phase0_identity_sha256	queue_fingerprint	base_manifest_sha256
semantic-proposal-v1	SC1-caba1fdcd2c1d4dc79a2f57b1c88ecf7125acb2d835030a93c4baddb8069d2db	S013482	1	P02	SCOPE.tsv	13483	semantic_status	common	include/linux/audit_arch.h	scope	S013482	0	PENDING_REVIEW	COMPLETE	COMPLETE	vendor/linux/include/linux/audit_arch.h;rewrite/metadata/header_closure.tsv	425f94c2954b1fe80ebdbf9b29854e89750355df	bc18b8668dc6762cc5826b2913a69499df19a8ee78081d53cb5c27a069ff3638	3a024b1a0dc22ee85942d5db7159e6424f44dac4e011a47c123e0ed35fcd7cd3	0123af9e96b58af4e98b91a2de5608d36b63c67864b9041d3340587f3dbe40d2	cfa8dcf0d81c408de38d4202fe1ce9d9e5e301d1e67439c9530da94b1e64ee3f	b83349e6731e17e5da5e04a0ea053487e8ac8d9269538dbdb367d83f77b17e0a
semantic-proposal-v1	SC1-fab199528f0646d6d713c05ecf19673b3058db1413e80af3369efb79297158b5	S013482	1	P02	SYMBOLS.tsv	155529	status	aarch64	include/linux/audit_arch.h	conditional	ifndef@9	9	PENDING_REVIEW	COMPLETE	COMPLETE	vendor/linux/include/linux/audit_arch.h;vendor/linux/include/linux/audit_arch.h:9;rewrite/configs/aarch64/frozen.config;header_closure=rewrite/metadata/header_closure.tsv;selected=PENDING_REVIEW	425f94c2954b1fe80ebdbf9b29854e89750355df	bc18b8668dc6762cc5826b2913a69499df19a8ee78081d53cb5c27a069ff3638	3a024b1a0dc22ee85942d5db7159e6424f44dac4e011a47c123e0ed35fcd7cd3	0123af9e96b58af4e98b91a2de5608d36b63c67864b9041d3340587f3dbe40d2	cfa8dcf0d81c408de38d4202fe1ce9d9e5e301d1e67439c9530da94b1e64ee3f	7484d7b0dd80f45e18d726b04752827fe28555cc5c1af0e127948380e6688abf
semantic-proposal-v1	SC1-6f1c8f646e3c493248be042927e070c05e93681e811b6c17fede5c2a9e27b996	S013482	1	P02	SYMBOLS.tsv	155530	status	aarch64	include/linux/audit_arch.h	conditional	endif@33	33	PENDING_REVIEW	COMPLETE	COMPLETE	vendor/linux/include/linux/audit_arch.h;vendor/linux/include/linux/audit_arch.h:33;rewrite/configs/aarch64/frozen.config;header_closure=rewrite/metadata/header_closure.tsv;selected=PENDING_REVIEW	425f94c2954b1fe80ebdbf9b29854e89750355df	bc18b8668dc6762cc5826b2913a69499df19a8ee78081d53cb5c27a069ff3638	3a024b1a0dc22ee85942d5db7159e6424f44dac4e011a47c123e0ed35fcd7cd3	0123af9e96b58af4e98b91a2de5608d36b63c67864b9041d3340587f3dbe40d2	cfa8dcf0d81c408de38d4202fe1ce9d9e5e301d1e67439c9530da94b1e64ee3f	7484d7b0dd80f45e18d726b04752827fe28555cc5c1af0e127948380e6688abf
semantic-proposal-v1	SC1-2bc28f69c4d7231996936b1707da0470e5e5e62f424c83e54985a3c7cb19558a	S013482	1	P02	SYMBOLS.tsv	155531	selection_expression	aarch64	include/linux/audit_arch.h	operative_macro	_LINUX_AUDIT_ARCH_H_	10	PENDING_REVIEW	SOURCE_REVIEWED_VALUE	COMPLETE	vendor/linux/include/linux/audit_arch.h;vendor/linux/include/linux/audit_arch.h:10;rewrite/configs/aarch64/frozen.config;header_closure=rewrite/metadata/header_closure.tsv;selected=PENDING_REVIEW	425f94c2954b1fe80ebdbf9b29854e89750355df	bc18b8668dc6762cc5826b2913a69499df19a8ee78081d53cb5c27a069ff3638	3a024b1a0dc22ee85942d5db7159e6424f44dac4e011a47c123e0ed35fcd7cd3	0123af9e96b58af4e98b91a2de5608d36b63c67864b9041d3340587f3dbe40d2	cfa8dcf0d81c408de38d4202fe1ce9d9e5e301d1e67439c9530da94b1e64ee3f	7484d7b0dd80f45e18d726b04752827fe28555cc5c1af0e127948380e6688abf
semantic-proposal-v1	SC1-01f7a2cdff8ed73126e2550baa2f532e8fb179d0b129d68df8e8e7836418f1f8	S013482	1	P02	SYMBOLS.tsv	155531	status	aarch64	include/linux/audit_arch.h	operative_macro	_LINUX_AUDIT_ARCH_H_	10	PENDING_REVIEW	COMPLETE	COMPLETE	vendor/linux/include/linux/audit_arch.h;vendor/linux/include/linux/audit_arch.h:10;rewrite/configs/aarch64/frozen.config;header_closure=rewrite/metadata/header_closure.tsv;selected=PENDING_REVIEW	425f94c2954b1fe80ebdbf9b29854e89750355df	bc18b8668dc6762cc5826b2913a69499df19a8ee78081d53cb5c27a069ff3638	3a024b1a0dc22ee85942d5db7159e6424f44dac4e011a47c123e0ed35fcd7cd3	0123af9e96b58af4e98b91a2de5608d36b63c67864b9041d3340587f3dbe40d2	cfa8dcf0d81c408de38d4202fe1ce9d9e5e301d1e67439c9530da94b1e64ee3f	7484d7b0dd80f45e18d726b04752827fe28555cc5c1af0e127948380e6688abf
semantic-proposal-v1	SC1-7c435d078dec4a74d693693813b6e67815271aace4f2c31b4d37b51432def825	S013482	1	P02	SYMBOLS.tsv	155532	selection_expression	aarch64	include/linux/audit_arch.h	type	enum auditsc_class_t	12	PENDING_REVIEW	SOURCE_REVIEWED_VALUE	COMPLETE	vendor/linux/include/linux/audit_arch.h;vendor/linux/include/linux/audit_arch.h:12;rewrite/configs/aarch64/frozen.config;header_closure=rewrite/metadata/header_closure.tsv;selected=PENDING_REVIEW	425f94c2954b1fe80ebdbf9b29854e89750355df	bc18b8668dc6762cc5826b2913a69499df19a8ee78081d53cb5c27a069ff3638	3a024b1a0dc22ee85942d5db7159e6424f44dac4e011a47c123e0ed35fcd7cd3	0123af9e96b58af4e98b91a2de5608d36b63c67864b9041d3340587f3dbe40d2	cfa8dcf0d81c408de38d4202fe1ce9d9e5e301d1e67439c9530da94b1e64ee3f	7484d7b0dd80f45e18d726b04752827fe28555cc5c1af0e127948380e6688abf
semantic-proposal-v1	SC1-c85b0c6d5985f2d62177af9c0f4a777646dcf0e98030438514c00b1acc9caf85	S013482	1	P02	SYMBOLS.tsv	155532	status	aarch64	include/linux/audit_arch.h	type	enum auditsc_class_t	12	PENDING_REVIEW	COMPLETE	COMPLETE	vendor/linux/include/linux/audit_arch.h;vendor/linux/include/linux/audit_arch.h:12;rewrite/configs/aarch64/frozen.config;header_closure=rewrite/metadata/header_closure.tsv;selected=PENDING_REVIEW	425f94c2954b1fe80ebdbf9b29854e89750355df	bc18b8668dc6762cc5826b2913a69499df19a8ee78081d53cb5c27a069ff3638	3a024b1a0dc22ee85942d5db7159e6424f44dac4e011a47c123e0ed35fcd7cd3	0123af9e96b58af4e98b91a2de5608d36b63c67864b9041d3340587f3dbe40d2	cfa8dcf0d81c408de38d4202fe1ce9d9e5e301d1e67439c9530da94b1e64ee3f	7484d7b0dd80f45e18d726b04752827fe28555cc5c1af0e127948380e6688abf
semantic-proposal-v1	SC1-2a6f34dd5023a8339e26517e4c1e0ca15e5b8dc5b9b0f37f420d004688fe77fe	S013482	1	P02	SYMBOLS.tsv	155533	selection_expression	aarch64	include/linux/audit_arch.h	enum_constant	AUDITSC_NATIVE	13	PENDING_REVIEW	SOURCE_REVIEWED_VALUE	COMPLETE	vendor/linux/include/linux/audit_arch.h;vendor/linux/include/linux/audit_arch.h:13;rewrite/configs/aarch64/frozen.config;header_closure=rewrite/metadata/header_closure.tsv;selected=PENDING_REVIEW	425f94c2954b1fe80ebdbf9b29854e89750355df	bc18b8668dc6762cc5826b2913a69499df19a8ee78081d53cb5c27a069ff3638	3a024b1a0dc22ee85942d5db7159e6424f44dac4e011a47c123e0ed35fcd7cd3	0123af9e96b58af4e98b91a2de5608d36b63c67864b9041d3340587f3dbe40d2	cfa8dcf0d81c408de38d4202fe1ce9d9e5e301d1e67439c9530da94b1e64ee3f	7484d7b0dd80f45e18d726b04752827fe28555cc5c1af0e127948380e6688abf
semantic-proposal-v1	SC1-bea058fd46377c6c453a41768d43e4db3a2506b57bccd07d8e8cacd7638085bd	S013482	1	P02	SYMBOLS.tsv	155533	status	aarch64	include/linux/audit_arch.h	enum_constant	AUDITSC_NATIVE	13	PENDING_REVIEW	COMPLETE	COMPLETE	vendor/linux/include/linux/audit_arch.h;vendor/linux/include/linux/audit_arch.h:13;rewrite/configs/aarch64/frozen.config;header_closure=rewrite/metadata/header_closure.tsv;selected=PENDING_REVIEW	425f94c2954b1fe80ebdbf9b29854e89750355df	bc18b8668dc6762cc5826b2913a69499df19a8ee78081d53cb5c27a069ff3638	3a024b1a0dc22ee85942d5db7159e6424f44dac4e011a47c123e0ed35fcd7cd3	0123af9e96b58af4e98b91a2de5608d36b63c67864b9041d3340587f3dbe40d2	cfa8dcf0d81c408de38d4202fe1ce9d9e5e301d1e67439c9530da94b1e64ee3f	7484d7b0dd80f45e18d726b04752827fe28555cc5c1af0e127948380e6688abf
semantic-proposal-v1	SC1-1b07338eaea1f7041b2462439a7f30f4fbdf1f083b32f7a44d022db78465c6b5	S013482	1	P02	SYMBOLS.tsv	155534	selection_expression	aarch64	include/linux/audit_arch.h	enum_constant	AUDITSC_COMPAT	14	PENDING_REVIEW	SOURCE_REVIEWED_VALUE	COMPLETE	vendor/linux/include/linux/audit_arch.h;vendor/linux/include/linux/audit_arch.h:14;rewrite/configs/aarch64/frozen.config;header_closure=rewrite/metadata/header_closure.tsv;selected=PENDING_REVIEW	425f94c2954b1fe80ebdbf9b29854e89750355df	bc18b8668dc6762cc5826b2913a69499df19a8ee78081d53cb5c27a069ff3638	3a024b1a0dc22ee85942d5db7159e6424f44dac4e011a47c123e0ed35fcd7cd3	0123af9e96b58af4e98b91a2de5608d36b63c67864b9041d3340587f3dbe40d2	cfa8dcf0d81c408de38d4202fe1ce9d9e5e301d1e67439c9530da94b1e64ee3f	7484d7b0dd80f45e18d726b04752827fe28555cc5c1af0e127948380e6688abf
semantic-proposal-v1	SC1-599dac3320bba4f5c1b6f24cbed75ed503c2377886d3ab5f04f0b1cfe1f5b907	S013482	1	P02	SYMBOLS.tsv	155534	status	aarch64	include/linux/audit_arch.h	enum_constant	AUDITSC_COMPAT	14	PENDING_REVIEW	COMPLETE	COMPLETE	vendor/linux/include/linux/audit_arch.h;vendor/linux/include/linux/audit_arch.h:14;rewrite/configs/aarch64/frozen.config;header_closure=rewrite/metadata/header_closure.tsv;selected=PENDING_REVIEW	425f94c2954b1fe80ebdbf9b29854e89750355df	bc18b8668dc6762cc5826b2913a69499df19a8ee78081d53cb5c27a069ff3638	3a024b1a0dc22ee85942d5db7159e6424f44dac4e011a47c123e0ed35fcd7cd3	0123af9e96b58af4e98b91a2de5608d36b63c67864b9041d3340587f3dbe40d2	cfa8dcf0d81c408de38d4202fe1ce9d9e5e301d1e67439c9530da94b1e64ee3f	7484d7b0dd80f45e18d726b04752827fe28555cc5c1af0e127948380e6688abf
semantic-proposal-v1	SC1-62c24eabdd2bb37750b748785cc29c5b7482d50ed1950bf990198e664160061b	S013482	1	P02	SYMBOLS.tsv	155535	selection_expression	aarch64	include/linux/audit_arch.h	enum_constant	AUDITSC_OPEN	15	PENDING_REVIEW	SOURCE_REVIEWED_VALUE	COMPLETE	vendor/linux/include/linux/audit_arch.h;vendor/linux/include/linux/audit_arch.h:15;rewrite/configs/aarch64/frozen.config;header_closure=rewrite/metadata/header_closure.tsv;selected=PENDING_REVIEW	425f94c2954b1fe80ebdbf9b29854e89750355df	bc18b8668dc6762cc5826b2913a69499df19a8ee78081d53cb5c27a069ff3638	3a024b1a0dc22ee85942d5db7159e6424f44dac4e011a47c123e0ed35fcd7cd3	0123af9e96b58af4e98b91a2de5608d36b63c67864b9041d3340587f3dbe40d2	cfa8dcf0d81c408de38d4202fe1ce9d9e5e301d1e67439c9530da94b1e64ee3f	7484d7b0dd80f45e18d726b04752827fe28555cc5c1af0e127948380e6688abf
semantic-proposal-v1	SC1-64694774106e1fcd67c20d8b3b63d7009e2d42b40cd7cd4a91cf93587893938d	S013482	1	P02	SYMBOLS.tsv	155535	status	aarch64	include/linux/audit_arch.h	enum_constant	AUDITSC_OPEN	15	PENDING_REVIEW	COMPLETE	COMPLETE	vendor/linux/include/linux/audit_arch.h;vendor/linux/include/linux/audit_arch.h:15;rewrite/configs/aarch64/frozen.config;header_closure=rewrite/metadata/header_closure.tsv;selected=PENDING_REVIEW	425f94c2954b1fe80ebdbf9b29854e89750355df	bc18b8668dc6762cc5826b2913a69499df19a8ee78081d53cb5c27a069ff3638	3a024b1a0dc22ee85942d5db7159e6424f44dac4e011a47c123e0ed35fcd7cd3	0123af9e96b58af4e98b91a2de5608d36b63c67864b9041d3340587f3dbe40d2	cfa8dcf0d81c408de38d4202fe1ce9d9e5e301d1e67439c9530da94b1e64ee3f	7484d7b0dd80f45e18d726b04752827fe28555cc5c1af0e127948380e6688abf
semantic-proposal-v1	SC1-a94be653ccc21841bc58e1e076cda9ab3143b867904e5292e0d919a5349b8a81	S013482	1	P02	SYMBOLS.tsv	155536	selection_expression	aarch64	include/linux/audit_arch.h	enum_constant	AUDITSC_OPENAT	16	PENDING_REVIEW	SOURCE_REVIEWED_VALUE	COMPLETE	vendor/linux/include/linux/audit_arch.h;vendor/linux/include/linux/audit_arch.h:16;rewrite/configs/aarch64/frozen.config;header_closure=rewrite/metadata/header_closure.tsv;selected=PENDING_REVIEW	425f94c2954b1fe80ebdbf9b29854e89750355df	bc18b8668dc6762cc5826b2913a69499df19a8ee78081d53cb5c27a069ff3638	3a024b1a0dc22ee85942d5db7159e6424f44dac4e011a47c123e0ed35fcd7cd3	0123af9e96b58af4e98b91a2de5608d36b63c67864b9041d3340587f3dbe40d2	cfa8dcf0d81c408de38d4202fe1ce9d9e5e301d1e67439c9530da94b1e64ee3f	7484d7b0dd80f45e18d726b04752827fe28555cc5c1af0e127948380e6688abf
semantic-proposal-v1	SC1-077bbc7ae9f6a2cd4d97716c830d01654799b114ea05a450adfe1830e13f6ae9	S013482	1	P02	SYMBOLS.tsv	155536	status	aarch64	include/linux/audit_arch.h	enum_constant	AUDITSC_OPENAT	16	PENDING_REVIEW	COMPLETE	COMPLETE	vendor/linux/include/linux/audit_arch.h;vendor/linux/include/linux/audit_arch.h:16;rewrite/configs/aarch64/frozen.config;header_closure=rewrite/metadata/header_closure.tsv;selected=PENDING_REVIEW	425f94c2954b1fe80ebdbf9b29854e89750355df	bc18b8668dc6762cc5826b2913a69499df19a8ee78081d53cb5c27a069ff3638	3a024b1a0dc22ee85942d5db7159e6424f44dac4e011a47c123e0ed35fcd7cd3	0123af9e96b58af4e98b91a2de5608d36b63c67864b9041d3340587f3dbe40d2	cfa8dcf0d81c408de38d4202fe1ce9d9e5e301d1e67439c9530da94b1e64ee3f	7484d7b0dd80f45e18d726b04752827fe28555cc5c1af0e127948380e6688abf
semantic-proposal-v1	SC1-b5089bb81ac3c7473e8ef234c9a04a7460f023c6957d698065da7cf92a7399a8	S013482	1	P02	SYMBOLS.tsv	155537	selection_expression	aarch64	include/linux/audit_arch.h	enum_constant	AUDITSC_SOCKETCALL	17	PENDING_REVIEW	SOURCE_REVIEWED_VALUE	COMPLETE	vendor/linux/include/linux/audit_arch.h;vendor/linux/include/linux/audit_arch.h:17;rewrite/configs/aarch64/frozen.config;header_closure=rewrite/metadata/header_closure.tsv;selected=PENDING_REVIEW	425f94c2954b1fe80ebdbf9b29854e89750355df	bc18b8668dc6762cc5826b2913a69499df19a8ee78081d53cb5c27a069ff3638	3a024b1a0dc22ee85942d5db7159e6424f44dac4e011a47c123e0ed35fcd7cd3	0123af9e96b58af4e98b91a2de5608d36b63c67864b9041d3340587f3dbe40d2	cfa8dcf0d81c408de38d4202fe1ce9d9e5e301d1e67439c9530da94b1e64ee3f	7484d7b0dd80f45e18d726b04752827fe28555cc5c1af0e127948380e6688abf
semantic-proposal-v1	SC1-184eb36ec93c334fbc996347b03e634b0c09593769be845bed19684f335e2e9a	S013482	1	P02	SYMBOLS.tsv	155537	status	aarch64	include/linux/audit_arch.h	enum_constant	AUDITSC_SOCKETCALL	17	PENDING_REVIEW	COMPLETE	COMPLETE	vendor/linux/include/linux/audit_arch.h;vendor/linux/include/linux/audit_arch.h:17;rewrite/configs/aarch64/frozen.config;header_closure=rewrite/metadata/header_closure.tsv;selected=PENDING_REVIEW	425f94c2954b1fe80ebdbf9b29854e89750355df	bc18b8668dc6762cc5826b2913a69499df19a8ee78081d53cb5c27a069ff3638	3a024b1a0dc22ee85942d5db7159e6424f44dac4e011a47c123e0ed35fcd7cd3	0123af9e96b58af4e98b91a2de5608d36b63c67864b9041d3340587f3dbe40d2	cfa8dcf0d81c408de38d4202fe1ce9d9e5e301d1e67439c9530da94b1e64ee3f	7484d7b0dd80f45e18d726b04752827fe28555cc5c1af0e127948380e6688abf
semantic-proposal-v1	SC1-55706f1aa439ef49c4b6807d1e85ad3c672acbc0c6003044273c053ae1133c77	S013482	1	P02	SYMBOLS.tsv	155538	selection_expression	aarch64	include/linux/audit_arch.h	enum_constant	AUDITSC_EXECVE	18	PENDING_REVIEW	SOURCE_REVIEWED_VALUE	COMPLETE	vendor/linux/include/linux/audit_arch.h;vendor/linux/include/linux/audit_arch.h:18;rewrite/configs/aarch64/frozen.config;header_closure=rewrite/metadata/header_closure.tsv;selected=PENDING_REVIEW	425f94c2954b1fe80ebdbf9b29854e89750355df	bc18b8668dc6762cc5826b2913a69499df19a8ee78081d53cb5c27a069ff3638	3a024b1a0dc22ee85942d5db7159e6424f44dac4e011a47c123e0ed35fcd7cd3	0123af9e96b58af4e98b91a2de5608d36b63c67864b9041d3340587f3dbe40d2	cfa8dcf0d81c408de38d4202fe1ce9d9e5e301d1e67439c9530da94b1e64ee3f	7484d7b0dd80f45e18d726b04752827fe28555cc5c1af0e127948380e6688abf
semantic-proposal-v1	SC1-1f88837c1be083e6fd41861804614e5b3d0018dab542150e77307b8ebf4fbbbc	S013482	1	P02	SYMBOLS.tsv	155538	status	aarch64	include/linux/audit_arch.h	enum_constant	AUDITSC_EXECVE	18	PENDING_REVIEW	COMPLETE	COMPLETE	vendor/linux/include/linux/audit_arch.h;vendor/linux/include/linux/audit_arch.h:18;rewrite/configs/aarch64/frozen.config;header_closure=rewrite/metadata/header_closure.tsv;selected=PENDING_REVIEW	425f94c2954b1fe80ebdbf9b29854e89750355df	bc18b8668dc6762cc5826b2913a69499df19a8ee78081d53cb5c27a069ff3638	3a024b1a0dc22ee85942d5db7159e6424f44dac4e011a47c123e0ed35fcd7cd3	0123af9e96b58af4e98b91a2de5608d36b63c67864b9041d3340587f3dbe40d2	cfa8dcf0d81c408de38d4202fe1ce9d9e5e301d1e67439c9530da94b1e64ee3f	7484d7b0dd80f45e18d726b04752827fe28555cc5c1af0e127948380e6688abf
semantic-proposal-v1	SC1-12fde02a3235a3389b553a93ceb0b0677e6b60573c894cd705bd429633d81382	S013482	1	P02	SYMBOLS.tsv	155539	selection_expression	aarch64	include/linux/audit_arch.h	enum_constant	AUDITSC_OPENAT2	19	PENDING_REVIEW	SOURCE_REVIEWED_VALUE	COMPLETE	vendor/linux/include/linux/audit_arch.h;vendor/linux/include/linux/audit_arch.h:19;rewrite/configs/aarch64/frozen.config;header_closure=rewrite/metadata/header_closure.tsv;selected=PENDING_REVIEW	425f94c2954b1fe80ebdbf9b29854e89750355df	bc18b8668dc6762cc5826b2913a69499df19a8ee78081d53cb5c27a069ff3638	3a024b1a0dc22ee85942d5db7159e6424f44dac4e011a47c123e0ed35fcd7cd3	0123af9e96b58af4e98b91a2de5608d36b63c67864b9041d3340587f3dbe40d2	cfa8dcf0d81c408de38d4202fe1ce9d9e5e301d1e67439c9530da94b1e64ee3f	7484d7b0dd80f45e18d726b04752827fe28555cc5c1af0e127948380e6688abf
semantic-proposal-v1	SC1-41da961abe8848763e3f0ee3e7bf09c76dbbb29b28e00eedc7e946556fa5bcb3	S013482	1	P02	SYMBOLS.tsv	155539	status	aarch64	include/linux/audit_arch.h	enum_constant	AUDITSC_OPENAT2	19	PENDING_REVIEW	COMPLETE	COMPLETE	vendor/linux/include/linux/audit_arch.h;vendor/linux/include/linux/audit_arch.h:19;rewrite/configs/aarch64/frozen.config;header_closure=rewrite/metadata/header_closure.tsv;selected=PENDING_REVIEW	425f94c2954b1fe80ebdbf9b29854e89750355df	bc18b8668dc6762cc5826b2913a69499df19a8ee78081d53cb5c27a069ff3638	3a024b1a0dc22ee85942d5db7159e6424f44dac4e011a47c123e0ed35fcd7cd3	0123af9e96b58af4e98b91a2de5608d36b63c67864b9041d3340587f3dbe40d2	cfa8dcf0d81c408de38d4202fe1ce9d9e5e301d1e67439c9530da94b1e64ee3f	7484d7b0dd80f45e18d726b04752827fe28555cc5c1af0e127948380e6688abf
semantic-proposal-v1	SC1-8631822cc3384885afdc264a57fd308f25ad788d02e96ed7b879267121346421	S013482	1	P02	SYMBOLS.tsv	155540	selection_expression	aarch64	include/linux/audit_arch.h	enum_constant	AUDITSC_NVALS	21	PENDING_REVIEW	SOURCE_REVIEWED_VALUE	COMPLETE	vendor/linux/include/linux/audit_arch.h;vendor/linux/include/linux/audit_arch.h:21;rewrite/configs/aarch64/frozen.config;header_closure=rewrite/metadata/header_closure.tsv;selected=PENDING_REVIEW	425f94c2954b1fe80ebdbf9b29854e89750355df	bc18b8668dc6762cc5826b2913a69499df19a8ee78081d53cb5c27a069ff3638	3a024b1a0dc22ee85942d5db7159e6424f44dac4e011a47c123e0ed35fcd7cd3	0123af9e96b58af4e98b91a2de5608d36b63c67864b9041d3340587f3dbe40d2	cfa8dcf0d81c408de38d4202fe1ce9d9e5e301d1e67439c9530da94b1e64ee3f	7484d7b0dd80f45e18d726b04752827fe28555cc5c1af0e127948380e6688abf
semantic-proposal-v1	SC1-9def0ead128d0a0c2f15fab7401facbe5db860bd8f4117b2d7e4fa583dd4313b	S013482	1	P02	SYMBOLS.tsv	155540	status	aarch64	include/linux/audit_arch.h	enum_constant	AUDITSC_NVALS	21	PENDING_REVIEW	COMPLETE	COMPLETE	vendor/linux/include/linux/audit_arch.h;vendor/linux/include/linux/audit_arch.h:21;rewrite/configs/aarch64/frozen.config;header_closure=rewrite/metadata/header_closure.tsv;selected=PENDING_REVIEW	425f94c2954b1fe80ebdbf9b29854e89750355df	bc18b8668dc6762cc5826b2913a69499df19a8ee78081d53cb5c27a069ff3638	3a024b1a0dc22ee85942d5db7159e6424f44dac4e011a47c123e0ed35fcd7cd3	0123af9e96b58af4e98b91a2de5608d36b63c67864b9041d3340587f3dbe40d2	cfa8dcf0d81c408de38d4202fe1ce9d9e5e301d1e67439c9530da94b1e64ee3f	7484d7b0dd80f45e18d726b04752827fe28555cc5c1af0e127948380e6688abf
semantic-proposal-v1	SC1-8196f5f1c271c95f907c374017fa261d0c36fb6bf871962d717d142536faa96a	S013482	1	P02	SYMBOLS.tsv	155541	selection_expression	aarch64	include/linux/audit_arch.h	global	compat_write_class	27	PENDING_REVIEW	SOURCE_REVIEWED_VALUE	COMPLETE	vendor/linux/include/linux/audit_arch.h;vendor/linux/include/linux/audit_arch.h:27;rewrite/configs/aarch64/frozen.config;header_closure=rewrite/metadata/header_closure.tsv;selected=PENDING_REVIEW	425f94c2954b1fe80ebdbf9b29854e89750355df	bc18b8668dc6762cc5826b2913a69499df19a8ee78081d53cb5c27a069ff3638	3a024b1a0dc22ee85942d5db7159e6424f44dac4e011a47c123e0ed35fcd7cd3	0123af9e96b58af4e98b91a2de5608d36b63c67864b9041d3340587f3dbe40d2	cfa8dcf0d81c408de38d4202fe1ce9d9e5e301d1e67439c9530da94b1e64ee3f	7484d7b0dd80f45e18d726b04752827fe28555cc5c1af0e127948380e6688abf
semantic-proposal-v1	SC1-b63beacba014b7b70f63ecd1cd95621284beab56ccc15229358bdbbbfb03e00d	S013482	1	P02	SYMBOLS.tsv	155541	status	aarch64	include/linux/audit_arch.h	global	compat_write_class	27	PENDING_REVIEW	COMPLETE	COMPLETE	vendor/linux/include/linux/audit_arch.h;vendor/linux/include/linux/audit_arch.h:27;rewrite/configs/aarch64/frozen.config;header_closure=rewrite/metadata/header_closure.tsv;selected=PENDING_REVIEW	425f94c2954b1fe80ebdbf9b29854e89750355df	bc18b8668dc6762cc5826b2913a69499df19a8ee78081d53cb5c27a069ff3638	3a024b1a0dc22ee85942d5db7159e6424f44dac4e011a47c123e0ed35fcd7cd3	0123af9e96b58af4e98b91a2de5608d36b63c67864b9041d3340587f3dbe40d2	cfa8dcf0d81c408de38d4202fe1ce9d9e5e301d1e67439c9530da94b1e64ee3f	7484d7b0dd80f45e18d726b04752827fe28555cc5c1af0e127948380e6688abf
semantic-proposal-v1	SC1-04985af46d755fac2df067901e81886b9a478d1944643e556eeb7f7fd7d8ad19	S013482	1	P02	SYMBOLS.tsv	155542	selection_expression	aarch64	include/linux/audit_arch.h	global	compat_read_class	28	PENDING_REVIEW	SOURCE_REVIEWED_VALUE	COMPLETE	vendor/linux/include/linux/audit_arch.h;vendor/linux/include/linux/audit_arch.h:28;rewrite/configs/aarch64/frozen.config;header_closure=rewrite/metadata/header_closure.tsv;selected=PENDING_REVIEW	425f94c2954b1fe80ebdbf9b29854e89750355df	bc18b8668dc6762cc5826b2913a69499df19a8ee78081d53cb5c27a069ff3638	3a024b1a0dc22ee85942d5db7159e6424f44dac4e011a47c123e0ed35fcd7cd3	0123af9e96b58af4e98b91a2de5608d36b63c67864b9041d3340587f3dbe40d2	cfa8dcf0d81c408de38d4202fe1ce9d9e5e301d1e67439c9530da94b1e64ee3f	7484d7b0dd80f45e18d726b04752827fe28555cc5c1af0e127948380e6688abf
semantic-proposal-v1	SC1-532eb60e1b8fad27bd38aaf7f31fb79ff44783a7317e281ceab5b77a8f251e86	S013482	1	P02	SYMBOLS.tsv	155542	status	aarch64	include/linux/audit_arch.h	global	compat_read_class	28	PENDING_REVIEW	COMPLETE	COMPLETE	vendor/linux/include/linux/audit_arch.h;vendor/linux/include/linux/audit_arch.h:28;rewrite/configs/aarch64/frozen.config;header_closure=rewrite/metadata/header_closure.tsv;selected=PENDING_REVIEW	425f94c2954b1fe80ebdbf9b29854e89750355df	bc18b8668dc6762cc5826b2913a69499df19a8ee78081d53cb5c27a069ff3638	3a024b1a0dc22ee85942d5db7159e6424f44dac4e011a47c123e0ed35fcd7cd3	0123af9e96b58af4e98b91a2de5608d36b63c67864b9041d3340587f3dbe40d2	cfa8dcf0d81c408de38d4202fe1ce9d9e5e301d1e67439c9530da94b1e64ee3f	7484d7b0dd80f45e18d726b04752827fe28555cc5c1af0e127948380e6688abf
semantic-proposal-v1	SC1-a771f5443251952ca228e625eeacd9cfa1d6f05aa17dc0359fd825bbac98fa8f	S013482	1	P02	SYMBOLS.tsv	155543	selection_expression	aarch64	include/linux/audit_arch.h	global	compat_dir_class	29	PENDING_REVIEW	SOURCE_REVIEWED_VALUE	COMPLETE	vendor/linux/include/linux/audit_arch.h;vendor/linux/include/linux/audit_arch.h:29;rewrite/configs/aarch64/frozen.config;header_closure=rewrite/metadata/header_closure.tsv;selected=PENDING_REVIEW	425f94c2954b1fe80ebdbf9b29854e89750355df	bc18b8668dc6762cc5826b2913a69499df19a8ee78081d53cb5c27a069ff3638	3a024b1a0dc22ee85942d5db7159e6424f44dac4e011a47c123e0ed35fcd7cd3	0123af9e96b58af4e98b91a2de5608d36b63c67864b9041d3340587f3dbe40d2	cfa8dcf0d81c408de38d4202fe1ce9d9e5e301d1e67439c9530da94b1e64ee3f	7484d7b0dd80f45e18d726b04752827fe28555cc5c1af0e127948380e6688abf
semantic-proposal-v1	SC1-bf3ca8134782993c62d097bf88c6ff1bf01d7f69745a7d42af9cc898a68eaca3	S013482	1	P02	SYMBOLS.tsv	155543	status	aarch64	include/linux/audit_arch.h	global	compat_dir_class	29	PENDING_REVIEW	COMPLETE	COMPLETE	vendor/linux/include/linux/audit_arch.h;vendor/linux/include/linux/audit_arch.h:29;rewrite/configs/aarch64/frozen.config;header_closure=rewrite/metadata/header_closure.tsv;selected=PENDING_REVIEW	425f94c2954b1fe80ebdbf9b29854e89750355df	bc18b8668dc6762cc5826b2913a69499df19a8ee78081d53cb5c27a069ff3638	3a024b1a0dc22ee85942d5db7159e6424f44dac4e011a47c123e0ed35fcd7cd3	0123af9e96b58af4e98b91a2de5608d36b63c67864b9041d3340587f3dbe40d2	cfa8dcf0d81c408de38d4202fe1ce9d9e5e301d1e67439c9530da94b1e64ee3f	7484d7b0dd80f45e18d726b04752827fe28555cc5c1af0e127948380e6688abf
semantic-proposal-v1	SC1-4a68306c50fc91220f2084f7f22bf4b7cf941847cd045dcd98254a7cba54de3c	S013482	1	P02	SYMBOLS.tsv	155544	selection_expression	aarch64	include/linux/audit_arch.h	global	compat_chattr_class	30	PENDING_REVIEW	SOURCE_REVIEWED_VALUE	COMPLETE	vendor/linux/include/linux/audit_arch.h;vendor/linux/include/linux/audit_arch.h:30;rewrite/configs/aarch64/frozen.config;header_closure=rewrite/metadata/header_closure.tsv;selected=PENDING_REVIEW	425f94c2954b1fe80ebdbf9b29854e89750355df	bc18b8668dc6762cc5826b2913a69499df19a8ee78081d53cb5c27a069ff3638	3a024b1a0dc22ee85942d5db7159e6424f44dac4e011a47c123e0ed35fcd7cd3	0123af9e96b58af4e98b91a2de5608d36b63c67864b9041d3340587f3dbe40d2	cfa8dcf0d81c408de38d4202fe1ce9d9e5e301d1e67439c9530da94b1e64ee3f	7484d7b0dd80f45e18d726b04752827fe28555cc5c1af0e127948380e6688abf
semantic-proposal-v1	SC1-b750198b1d1a72e7bddffac481d126bc4c78d3d8750521ec9ca75f8c89207f6c	S013482	1	P02	SYMBOLS.tsv	155544	status	aarch64	include/linux/audit_arch.h	global	compat_chattr_class	30	PENDING_REVIEW	COMPLETE	COMPLETE	vendor/linux/include/linux/audit_arch.h;vendor/linux/include/linux/audit_arch.h:30;rewrite/configs/aarch64/frozen.config;header_closure=rewrite/metadata/header_closure.tsv;selected=PENDING_REVIEW	425f94c2954b1fe80ebdbf9b29854e89750355df	bc18b8668dc6762cc5826b2913a69499df19a8ee78081d53cb5c27a069ff3638	3a024b1a0dc22ee85942d5db7159e6424f44dac4e011a47c123e0ed35fcd7cd3	0123af9e96b58af4e98b91a2de5608d36b63c67864b9041d3340587f3dbe40d2	cfa8dcf0d81c408de38d4202fe1ce9d9e5e301d1e67439c9530da94b1e64ee3f	7484d7b0dd80f45e18d726b04752827fe28555cc5c1af0e127948380e6688abf
semantic-proposal-v1	SC1-78b3b9214a208833311e2379a847624bd3ca1c018205e0d9f11a5be68a457f09	S013482	1	P02	SYMBOLS.tsv	155545	selection_expression	aarch64	include/linux/audit_arch.h	global	compat_signal_class	31	PENDING_REVIEW	SOURCE_REVIEWED_VALUE	COMPLETE	vendor/linux/include/linux/audit_arch.h;vendor/linux/include/linux/audit_arch.h:31;rewrite/configs/aarch64/frozen.config;header_closure=rewrite/metadata/header_closure.tsv;selected=PENDING_REVIEW	425f94c2954b1fe80ebdbf9b29854e89750355df	bc18b8668dc6762cc5826b2913a69499df19a8ee78081d53cb5c27a069ff3638	3a024b1a0dc22ee85942d5db7159e6424f44dac4e011a47c123e0ed35fcd7cd3	0123af9e96b58af4e98b91a2de5608d36b63c67864b9041d3340587f3dbe40d2	cfa8dcf0d81c408de38d4202fe1ce9d9e5e301d1e67439c9530da94b1e64ee3f	7484d7b0dd80f45e18d726b04752827fe28555cc5c1af0e127948380e6688abf
semantic-proposal-v1	SC1-b3ddfc20561d3f05850afc8c5cd59048835c824511679cdf258b7478e1bf279a	S013482	1	P02	SYMBOLS.tsv	155545	status	aarch64	include/linux/audit_arch.h	global	compat_signal_class	31	PENDING_REVIEW	COMPLETE	COMPLETE	vendor/linux/include/linux/audit_arch.h;vendor/linux/include/linux/audit_arch.h:31;rewrite/configs/aarch64/frozen.config;header_closure=rewrite/metadata/header_closure.tsv;selected=PENDING_REVIEW	425f94c2954b1fe80ebdbf9b29854e89750355df	bc18b8668dc6762cc5826b2913a69499df19a8ee78081d53cb5c27a069ff3638	3a024b1a0dc22ee85942d5db7159e6424f44dac4e011a47c123e0ed35fcd7cd3	0123af9e96b58af4e98b91a2de5608d36b63c67864b9041d3340587f3dbe40d2	cfa8dcf0d81c408de38d4202fe1ce9d9e5e301d1e67439c9530da94b1e64ee3f	7484d7b0dd80f45e18d726b04752827fe28555cc5c1af0e127948380e6688abf
semantic-proposal-v1	SC1-9f2f22a121c4b8ed99b180a3956752cd45453fb2875fe704bc5f441c5cf4ff69	S013482	1	P02	SYMBOLS.tsv	155546	status	x86_64	include/linux/audit_arch.h	conditional	ifndef@9	9	PENDING_REVIEW	COMPLETE	COMPLETE	vendor/linux/include/linux/audit_arch.h;vendor/linux/include/linux/audit_arch.h:9;rewrite/configs/x86_64/frozen.config;header_closure=rewrite/metadata/header_closure.tsv;selected=PENDING_REVIEW	425f94c2954b1fe80ebdbf9b29854e89750355df	bc18b8668dc6762cc5826b2913a69499df19a8ee78081d53cb5c27a069ff3638	3a024b1a0dc22ee85942d5db7159e6424f44dac4e011a47c123e0ed35fcd7cd3	0123af9e96b58af4e98b91a2de5608d36b63c67864b9041d3340587f3dbe40d2	cfa8dcf0d81c408de38d4202fe1ce9d9e5e301d1e67439c9530da94b1e64ee3f	7484d7b0dd80f45e18d726b04752827fe28555cc5c1af0e127948380e6688abf
semantic-proposal-v1	SC1-6f7e674c4752f5ca40372e9b7d3e3eb963e7b5eef4109849228454da38dba291	S013482	1	P02	SYMBOLS.tsv	155547	status	x86_64	include/linux/audit_arch.h	conditional	endif@33	33	PENDING_REVIEW	COMPLETE	COMPLETE	vendor/linux/include/linux/audit_arch.h;vendor/linux/include/linux/audit_arch.h:33;rewrite/configs/x86_64/frozen.config;header_closure=rewrite/metadata/header_closure.tsv;selected=PENDING_REVIEW	425f94c2954b1fe80ebdbf9b29854e89750355df	bc18b8668dc6762cc5826b2913a69499df19a8ee78081d53cb5c27a069ff3638	3a024b1a0dc22ee85942d5db7159e6424f44dac4e011a47c123e0ed35fcd7cd3	0123af9e96b58af4e98b91a2de5608d36b63c67864b9041d3340587f3dbe40d2	cfa8dcf0d81c408de38d4202fe1ce9d9e5e301d1e67439c9530da94b1e64ee3f	7484d7b0dd80f45e18d726b04752827fe28555cc5c1af0e127948380e6688abf
semantic-proposal-v1	SC1-3328fe372f00e7dd9c56712d78f4910f406ca43d0b4701b691fbc5821a05c705	S013482	1	P02	SYMBOLS.tsv	155548	selection_expression	x86_64	include/linux/audit_arch.h	operative_macro	_LINUX_AUDIT_ARCH_H_	10	PENDING_REVIEW	SOURCE_REVIEWED_VALUE	COMPLETE	vendor/linux/include/linux/audit_arch.h;vendor/linux/include/linux/audit_arch.h:10;rewrite/configs/x86_64/frozen.config;header_closure=rewrite/metadata/header_closure.tsv;selected=PENDING_REVIEW	425f94c2954b1fe80ebdbf9b29854e89750355df	bc18b8668dc6762cc5826b2913a69499df19a8ee78081d53cb5c27a069ff3638	3a024b1a0dc22ee85942d5db7159e6424f44dac4e011a47c123e0ed35fcd7cd3	0123af9e96b58af4e98b91a2de5608d36b63c67864b9041d3340587f3dbe40d2	cfa8dcf0d81c408de38d4202fe1ce9d9e5e301d1e67439c9530da94b1e64ee3f	7484d7b0dd80f45e18d726b04752827fe28555cc5c1af0e127948380e6688abf
semantic-proposal-v1	SC1-d9562c726a491c4688bcc12a01fb23d87bb6a98e6651c771db61a3e2ab3bded1	S013482	1	P02	SYMBOLS.tsv	155548	status	x86_64	include/linux/audit_arch.h	operative_macro	_LINUX_AUDIT_ARCH_H_	10	PENDING_REVIEW	COMPLETE	COMPLETE	vendor/linux/include/linux/audit_arch.h;vendor/linux/include/linux/audit_arch.h:10;rewrite/configs/x86_64/frozen.config;header_closure=rewrite/metadata/header_closure.tsv;selected=PENDING_REVIEW	425f94c2954b1fe80ebdbf9b29854e89750355df	bc18b8668dc6762cc5826b2913a69499df19a8ee78081d53cb5c27a069ff3638	3a024b1a0dc22ee85942d5db7159e6424f44dac4e011a47c123e0ed35fcd7cd3	0123af9e96b58af4e98b91a2de5608d36b63c67864b9041d3340587f3dbe40d2	cfa8dcf0d81c408de38d4202fe1ce9d9e5e301d1e67439c9530da94b1e64ee3f	7484d7b0dd80f45e18d726b04752827fe28555cc5c1af0e127948380e6688abf
semantic-proposal-v1	SC1-c1c87e5b6750a203d91bd84a7ae6b1f9ef8b51eb67a32a8b6ebeb8e71ec5c18d	S013482	1	P02	SYMBOLS.tsv	155549	selection_expression	x86_64	include/linux/audit_arch.h	type	enum auditsc_class_t	12	PENDING_REVIEW	SOURCE_REVIEWED_VALUE	COMPLETE	vendor/linux/include/linux/audit_arch.h;vendor/linux/include/linux/audit_arch.h:12;rewrite/configs/x86_64/frozen.config;header_closure=rewrite/metadata/header_closure.tsv;selected=PENDING_REVIEW	425f94c2954b1fe80ebdbf9b29854e89750355df	bc18b8668dc6762cc5826b2913a69499df19a8ee78081d53cb5c27a069ff3638	3a024b1a0dc22ee85942d5db7159e6424f44dac4e011a47c123e0ed35fcd7cd3	0123af9e96b58af4e98b91a2de5608d36b63c67864b9041d3340587f3dbe40d2	cfa8dcf0d81c408de38d4202fe1ce9d9e5e301d1e67439c9530da94b1e64ee3f	7484d7b0dd80f45e18d726b04752827fe28555cc5c1af0e127948380e6688abf
semantic-proposal-v1	SC1-cc82dd9cab2d16b7cc2d4aad98e95756447f053b0d5b1bb257e16b9f24e65e2b	S013482	1	P02	SYMBOLS.tsv	155549	status	x86_64	include/linux/audit_arch.h	type	enum auditsc_class_t	12	PENDING_REVIEW	COMPLETE	COMPLETE	vendor/linux/include/linux/audit_arch.h;vendor/linux/include/linux/audit_arch.h:12;rewrite/configs/x86_64/frozen.config;header_closure=rewrite/metadata/header_closure.tsv;selected=PENDING_REVIEW	425f94c2954b1fe80ebdbf9b29854e89750355df	bc18b8668dc6762cc5826b2913a69499df19a8ee78081d53cb5c27a069ff3638	3a024b1a0dc22ee85942d5db7159e6424f44dac4e011a47c123e0ed35fcd7cd3	0123af9e96b58af4e98b91a2de5608d36b63c67864b9041d3340587f3dbe40d2	cfa8dcf0d81c408de38d4202fe1ce9d9e5e301d1e67439c9530da94b1e64ee3f	7484d7b0dd80f45e18d726b04752827fe28555cc5c1af0e127948380e6688abf
semantic-proposal-v1	SC1-e9bffc7108e280d8e8c069cb938c278197a57bb130567c181c51577cecfab3af	S013482	1	P02	SYMBOLS.tsv	155550	selection_expression	x86_64	include/linux/audit_arch.h	enum_constant	AUDITSC_NATIVE	13	PENDING_REVIEW	SOURCE_REVIEWED_VALUE	COMPLETE	vendor/linux/include/linux/audit_arch.h;vendor/linux/include/linux/audit_arch.h:13;rewrite/configs/x86_64/frozen.config;header_closure=rewrite/metadata/header_closure.tsv;selected=PENDING_REVIEW	425f94c2954b1fe80ebdbf9b29854e89750355df	bc18b8668dc6762cc5826b2913a69499df19a8ee78081d53cb5c27a069ff3638	3a024b1a0dc22ee85942d5db7159e6424f44dac4e011a47c123e0ed35fcd7cd3	0123af9e96b58af4e98b91a2de5608d36b63c67864b9041d3340587f3dbe40d2	cfa8dcf0d81c408de38d4202fe1ce9d9e5e301d1e67439c9530da94b1e64ee3f	7484d7b0dd80f45e18d726b04752827fe28555cc5c1af0e127948380e6688abf
semantic-proposal-v1	SC1-f01cb89136d0a774b1152b26b90abc4f62a49831c1ac6a3e10784fdf190d3a75	S013482	1	P02	SYMBOLS.tsv	155550	status	x86_64	include/linux/audit_arch.h	enum_constant	AUDITSC_NATIVE	13	PENDING_REVIEW	COMPLETE	COMPLETE	vendor/linux/include/linux/audit_arch.h;vendor/linux/include/linux/audit_arch.h:13;rewrite/configs/x86_64/frozen.config;header_closure=rewrite/metadata/header_closure.tsv;selected=PENDING_REVIEW	425f94c2954b1fe80ebdbf9b29854e89750355df	bc18b8668dc6762cc5826b2913a69499df19a8ee78081d53cb5c27a069ff3638	3a024b1a0dc22ee85942d5db7159e6424f44dac4e011a47c123e0ed35fcd7cd3	0123af9e96b58af4e98b91a2de5608d36b63c67864b9041d3340587f3dbe40d2	cfa8dcf0d81c408de38d4202fe1ce9d9e5e301d1e67439c9530da94b1e64ee3f	7484d7b0dd80f45e18d726b04752827fe28555cc5c1af0e127948380e6688abf
semantic-proposal-v1	SC1-4d6309bd3dd6d09ab0c004abfdc598b5ba25fecafd339c23afea5449ab51341a	S013482	1	P02	SYMBOLS.tsv	155551	selection_expression	x86_64	include/linux/audit_arch.h	enum_constant	AUDITSC_COMPAT	14	PENDING_REVIEW	SOURCE_REVIEWED_VALUE	COMPLETE	vendor/linux/include/linux/audit_arch.h;vendor/linux/include/linux/audit_arch.h:14;rewrite/configs/x86_64/frozen.config;header_closure=rewrite/metadata/header_closure.tsv;selected=PENDING_REVIEW	425f94c2954b1fe80ebdbf9b29854e89750355df	bc18b8668dc6762cc5826b2913a69499df19a8ee78081d53cb5c27a069ff3638	3a024b1a0dc22ee85942d5db7159e6424f44dac4e011a47c123e0ed35fcd7cd3	0123af9e96b58af4e98b91a2de5608d36b63c67864b9041d3340587f3dbe40d2	cfa8dcf0d81c408de38d4202fe1ce9d9e5e301d1e67439c9530da94b1e64ee3f	7484d7b0dd80f45e18d726b04752827fe28555cc5c1af0e127948380e6688abf
semantic-proposal-v1	SC1-8b913da3db0f259507024589350eb4fe7366b2dc776c0297e9d6e6f03954a2f8	S013482	1	P02	SYMBOLS.tsv	155551	status	x86_64	include/linux/audit_arch.h	enum_constant	AUDITSC_COMPAT	14	PENDING_REVIEW	COMPLETE	COMPLETE	vendor/linux/include/linux/audit_arch.h;vendor/linux/include/linux/audit_arch.h:14;rewrite/configs/x86_64/frozen.config;header_closure=rewrite/metadata/header_closure.tsv;selected=PENDING_REVIEW	425f94c2954b1fe80ebdbf9b29854e89750355df	bc18b8668dc6762cc5826b2913a69499df19a8ee78081d53cb5c27a069ff3638	3a024b1a0dc22ee85942d5db7159e6424f44dac4e011a47c123e0ed35fcd7cd3	0123af9e96b58af4e98b91a2de5608d36b63c67864b9041d3340587f3dbe40d2	cfa8dcf0d81c408de38d4202fe1ce9d9e5e301d1e67439c9530da94b1e64ee3f	7484d7b0dd80f45e18d726b04752827fe28555cc5c1af0e127948380e6688abf
semantic-proposal-v1	SC1-242dbcc2fca9ff9540e52fcce715e84384b488c435d6d68c9bed23752e183081	S013482	1	P02	SYMBOLS.tsv	155552	selection_expression	x86_64	include/linux/audit_arch.h	enum_constant	AUDITSC_OPEN	15	PENDING_REVIEW	SOURCE_REVIEWED_VALUE	COMPLETE	vendor/linux/include/linux/audit_arch.h;vendor/linux/include/linux/audit_arch.h:15;rewrite/configs/x86_64/frozen.config;header_closure=rewrite/metadata/header_closure.tsv;selected=PENDING_REVIEW	425f94c2954b1fe80ebdbf9b29854e89750355df	bc18b8668dc6762cc5826b2913a69499df19a8ee78081d53cb5c27a069ff3638	3a024b1a0dc22ee85942d5db7159e6424f44dac4e011a47c123e0ed35fcd7cd3	0123af9e96b58af4e98b91a2de5608d36b63c67864b9041d3340587f3dbe40d2	cfa8dcf0d81c408de38d4202fe1ce9d9e5e301d1e67439c9530da94b1e64ee3f	7484d7b0dd80f45e18d726b04752827fe28555cc5c1af0e127948380e6688abf
semantic-proposal-v1	SC1-b73b55bbaa33de0f8879561d2fcdcb7ceadd8e624b7dffd066c95799b515a844	S013482	1	P02	SYMBOLS.tsv	155552	status	x86_64	include/linux/audit_arch.h	enum_constant	AUDITSC_OPEN	15	PENDING_REVIEW	COMPLETE	COMPLETE	vendor/linux/include/linux/audit_arch.h;vendor/linux/include/linux/audit_arch.h:15;rewrite/configs/x86_64/frozen.config;header_closure=rewrite/metadata/header_closure.tsv;selected=PENDING_REVIEW	425f94c2954b1fe80ebdbf9b29854e89750355df	bc18b8668dc6762cc5826b2913a69499df19a8ee78081d53cb5c27a069ff3638	3a024b1a0dc22ee85942d5db7159e6424f44dac4e011a47c123e0ed35fcd7cd3	0123af9e96b58af4e98b91a2de5608d36b63c67864b9041d3340587f3dbe40d2	cfa8dcf0d81c408de38d4202fe1ce9d9e5e301d1e67439c9530da94b1e64ee3f	7484d7b0dd80f45e18d726b04752827fe28555cc5c1af0e127948380e6688abf
semantic-proposal-v1	SC1-0dfc2eb52b4f758031969379696a36abfa3c8b4199c677507793364d05e9b900	S013482	1	P02	SYMBOLS.tsv	155553	selection_expression	x86_64	include/linux/audit_arch.h	enum_constant	AUDITSC_OPENAT	16	PENDING_REVIEW	SOURCE_REVIEWED_VALUE	COMPLETE	vendor/linux/include/linux/audit_arch.h;vendor/linux/include/linux/audit_arch.h:16;rewrite/configs/x86_64/frozen.config;header_closure=rewrite/metadata/header_closure.tsv;selected=PENDING_REVIEW	425f94c2954b1fe80ebdbf9b29854e89750355df	bc18b8668dc6762cc5826b2913a69499df19a8ee78081d53cb5c27a069ff3638	3a024b1a0dc22ee85942d5db7159e6424f44dac4e011a47c123e0ed35fcd7cd3	0123af9e96b58af4e98b91a2de5608d36b63c67864b9041d3340587f3dbe40d2	cfa8dcf0d81c408de38d4202fe1ce9d9e5e301d1e67439c9530da94b1e64ee3f	7484d7b0dd80f45e18d726b04752827fe28555cc5c1af0e127948380e6688abf
semantic-proposal-v1	SC1-fee27915690d5695cc6c0ffdbe880a29d93ff22591688a74de2edb912da3ff7c	S013482	1	P02	SYMBOLS.tsv	155553	status	x86_64	include/linux/audit_arch.h	enum_constant	AUDITSC_OPENAT	16	PENDING_REVIEW	COMPLETE	COMPLETE	vendor/linux/include/linux/audit_arch.h;vendor/linux/include/linux/audit_arch.h:16;rewrite/configs/x86_64/frozen.config;header_closure=rewrite/metadata/header_closure.tsv;selected=PENDING_REVIEW	425f94c2954b1fe80ebdbf9b29854e89750355df	bc18b8668dc6762cc5826b2913a69499df19a8ee78081d53cb5c27a069ff3638	3a024b1a0dc22ee85942d5db7159e6424f44dac4e011a47c123e0ed35fcd7cd3	0123af9e96b58af4e98b91a2de5608d36b63c67864b9041d3340587f3dbe40d2	cfa8dcf0d81c408de38d4202fe1ce9d9e5e301d1e67439c9530da94b1e64ee3f	7484d7b0dd80f45e18d726b04752827fe28555cc5c1af0e127948380e6688abf
semantic-proposal-v1	SC1-be5a38fd36a6aa801c2e9f8149da24e82438581cc7dd853b51b0724580d58469	S013482	1	P02	SYMBOLS.tsv	155554	selection_expression	x86_64	include/linux/audit_arch.h	enum_constant	AUDITSC_SOCKETCALL	17	PENDING_REVIEW	SOURCE_REVIEWED_VALUE	COMPLETE	vendor/linux/include/linux/audit_arch.h;vendor/linux/include/linux/audit_arch.h:17;rewrite/configs/x86_64/frozen.config;header_closure=rewrite/metadata/header_closure.tsv;selected=PENDING_REVIEW	425f94c2954b1fe80ebdbf9b29854e89750355df	bc18b8668dc6762cc5826b2913a69499df19a8ee78081d53cb5c27a069ff3638	3a024b1a0dc22ee85942d5db7159e6424f44dac4e011a47c123e0ed35fcd7cd3	0123af9e96b58af4e98b91a2de5608d36b63c67864b9041d3340587f3dbe40d2	cfa8dcf0d81c408de38d4202fe1ce9d9e5e301d1e67439c9530da94b1e64ee3f	7484d7b0dd80f45e18d726b04752827fe28555cc5c1af0e127948380e6688abf
semantic-proposal-v1	SC1-ae6aa05ebb8c0b5f14e0b19774306b0db528052486c3d51971745d559d7e1a84	S013482	1	P02	SYMBOLS.tsv	155554	status	x86_64	include/linux/audit_arch.h	enum_constant	AUDITSC_SOCKETCALL	17	PENDING_REVIEW	COMPLETE	COMPLETE	vendor/linux/include/linux/audit_arch.h;vendor/linux/include/linux/audit_arch.h:17;rewrite/configs/x86_64/frozen.config;header_closure=rewrite/metadata/header_closure.tsv;selected=PENDING_REVIEW	425f94c2954b1fe80ebdbf9b29854e89750355df	bc18b8668dc6762cc5826b2913a69499df19a8ee78081d53cb5c27a069ff3638	3a024b1a0dc22ee85942d5db7159e6424f44dac4e011a47c123e0ed35fcd7cd3	0123af9e96b58af4e98b91a2de5608d36b63c67864b9041d3340587f3dbe40d2	cfa8dcf0d81c408de38d4202fe1ce9d9e5e301d1e67439c9530da94b1e64ee3f	7484d7b0dd80f45e18d726b04752827fe28555cc5c1af0e127948380e6688abf
semantic-proposal-v1	SC1-db282bfc4403a956632c4b3e8a04388cfba7db3bc4f2c0957ce6cc7f087fe3b1	S013482	1	P02	SYMBOLS.tsv	155555	selection_expression	x86_64	include/linux/audit_arch.h	enum_constant	AUDITSC_EXECVE	18	PENDING_REVIEW	SOURCE_REVIEWED_VALUE	COMPLETE	vendor/linux/include/linux/audit_arch.h;vendor/linux/include/linux/audit_arch.h:18;rewrite/configs/x86_64/frozen.config;header_closure=rewrite/metadata/header_closure.tsv;selected=PENDING_REVIEW	425f94c2954b1fe80ebdbf9b29854e89750355df	bc18b8668dc6762cc5826b2913a69499df19a8ee78081d53cb5c27a069ff3638	3a024b1a0dc22ee85942d5db7159e6424f44dac4e011a47c123e0ed35fcd7cd3	0123af9e96b58af4e98b91a2de5608d36b63c67864b9041d3340587f3dbe40d2	cfa8dcf0d81c408de38d4202fe1ce9d9e5e301d1e67439c9530da94b1e64ee3f	7484d7b0dd80f45e18d726b04752827fe28555cc5c1af0e127948380e6688abf
semantic-proposal-v1	SC1-9a3d814df26af39c5a108241aa7b721225435140ff883445e5bf10acdf4bac72	S013482	1	P02	SYMBOLS.tsv	155555	status	x86_64	include/linux/audit_arch.h	enum_constant	AUDITSC_EXECVE	18	PENDING_REVIEW	COMPLETE	COMPLETE	vendor/linux/include/linux/audit_arch.h;vendor/linux/include/linux/audit_arch.h:18;rewrite/configs/x86_64/frozen.config;header_closure=rewrite/metadata/header_closure.tsv;selected=PENDING_REVIEW	425f94c2954b1fe80ebdbf9b29854e89750355df	bc18b8668dc6762cc5826b2913a69499df19a8ee78081d53cb5c27a069ff3638	3a024b1a0dc22ee85942d5db7159e6424f44dac4e011a47c123e0ed35fcd7cd3	0123af9e96b58af4e98b91a2de5608d36b63c67864b9041d3340587f3dbe40d2	cfa8dcf0d81c408de38d4202fe1ce9d9e5e301d1e67439c9530da94b1e64ee3f	7484d7b0dd80f45e18d726b04752827fe28555cc5c1af0e127948380e6688abf
semantic-proposal-v1	SC1-06a311d7c9345183089248a90e64a603ab816e3326cfd72e5d1d0a4eb4a72b32	S013482	1	P02	SYMBOLS.tsv	155556	selection_expression	x86_64	include/linux/audit_arch.h	enum_constant	AUDITSC_OPENAT2	19	PENDING_REVIEW	SOURCE_REVIEWED_VALUE	COMPLETE	vendor/linux/include/linux/audit_arch.h;vendor/linux/include/linux/audit_arch.h:19;rewrite/configs/x86_64/frozen.config;header_closure=rewrite/metadata/header_closure.tsv;selected=PENDING_REVIEW	425f94c2954b1fe80ebdbf9b29854e89750355df	bc18b8668dc6762cc5826b2913a69499df19a8ee78081d53cb5c27a069ff3638	3a024b1a0dc22ee85942d5db7159e6424f44dac4e011a47c123e0ed35fcd7cd3	0123af9e96b58af4e98b91a2de5608d36b63c67864b9041d3340587f3dbe40d2	cfa8dcf0d81c408de38d4202fe1ce9d9e5e301d1e67439c9530da94b1e64ee3f	7484d7b0dd80f45e18d726b04752827fe28555cc5c1af0e127948380e6688abf
semantic-proposal-v1	SC1-a90493c89f2a8f6b9a5df31264bbb6dbcff563df8fff023c66b88be0ac72183e	S013482	1	P02	SYMBOLS.tsv	155556	status	x86_64	include/linux/audit_arch.h	enum_constant	AUDITSC_OPENAT2	19	PENDING_REVIEW	COMPLETE	COMPLETE	vendor/linux/include/linux/audit_arch.h;vendor/linux/include/linux/audit_arch.h:19;rewrite/configs/x86_64/frozen.config;header_closure=rewrite/metadata/header_closure.tsv;selected=PENDING_REVIEW	425f94c2954b1fe80ebdbf9b29854e89750355df	bc18b8668dc6762cc5826b2913a69499df19a8ee78081d53cb5c27a069ff3638	3a024b1a0dc22ee85942d5db7159e6424f44dac4e011a47c123e0ed35fcd7cd3	0123af9e96b58af4e98b91a2de5608d36b63c67864b9041d3340587f3dbe40d2	cfa8dcf0d81c408de38d4202fe1ce9d9e5e301d1e67439c9530da94b1e64ee3f	7484d7b0dd80f45e18d726b04752827fe28555cc5c1af0e127948380e6688abf
semantic-proposal-v1	SC1-c83cf7f4f990c94c2cf101d41e271f7dca76f695d8bb4eeb2d23a1aa30093cf6	S013482	1	P02	SYMBOLS.tsv	155557	selection_expression	x86_64	include/linux/audit_arch.h	enum_constant	AUDITSC_NVALS	21	PENDING_REVIEW	SOURCE_REVIEWED_VALUE	COMPLETE	vendor/linux/include/linux/audit_arch.h;vendor/linux/include/linux/audit_arch.h:21;rewrite/configs/x86_64/frozen.config;header_closure=rewrite/metadata/header_closure.tsv;selected=PENDING_REVIEW	425f94c2954b1fe80ebdbf9b29854e89750355df	bc18b8668dc6762cc5826b2913a69499df19a8ee78081d53cb5c27a069ff3638	3a024b1a0dc22ee85942d5db7159e6424f44dac4e011a47c123e0ed35fcd7cd3	0123af9e96b58af4e98b91a2de5608d36b63c67864b9041d3340587f3dbe40d2	cfa8dcf0d81c408de38d4202fe1ce9d9e5e301d1e67439c9530da94b1e64ee3f	7484d7b0dd80f45e18d726b04752827fe28555cc5c1af0e127948380e6688abf
semantic-proposal-v1	SC1-b1f38f71ab2e876437fe33ea77786cf5130ae0017d19532da529f92599d66a37	S013482	1	P02	SYMBOLS.tsv	155557	status	x86_64	include/linux/audit_arch.h	enum_constant	AUDITSC_NVALS	21	PENDING_REVIEW	COMPLETE	COMPLETE	vendor/linux/include/linux/audit_arch.h;vendor/linux/include/linux/audit_arch.h:21;rewrite/configs/x86_64/frozen.config;header_closure=rewrite/metadata/header_closure.tsv;selected=PENDING_REVIEW	425f94c2954b1fe80ebdbf9b29854e89750355df	bc18b8668dc6762cc5826b2913a69499df19a8ee78081d53cb5c27a069ff3638	3a024b1a0dc22ee85942d5db7159e6424f44dac4e011a47c123e0ed35fcd7cd3	0123af9e96b58af4e98b91a2de5608d36b63c67864b9041d3340587f3dbe40d2	cfa8dcf0d81c408de38d4202fe1ce9d9e5e301d1e67439c9530da94b1e64ee3f	7484d7b0dd80f45e18d726b04752827fe28555cc5c1af0e127948380e6688abf
semantic-proposal-v1	SC1-469220a3e659dfddde94aa56247034545e98ba7e921c58f43e0e1c29a49f66a5	S013482	1	P02	SYMBOLS.tsv	155558	selection_expression	x86_64	include/linux/audit_arch.h	global	compat_write_class	27	PENDING_REVIEW	SOURCE_REVIEWED_VALUE	COMPLETE	vendor/linux/include/linux/audit_arch.h;vendor/linux/include/linux/audit_arch.h:27;rewrite/configs/x86_64/frozen.config;header_closure=rewrite/metadata/header_closure.tsv;selected=PENDING_REVIEW	425f94c2954b1fe80ebdbf9b29854e89750355df	bc18b8668dc6762cc5826b2913a69499df19a8ee78081d53cb5c27a069ff3638	3a024b1a0dc22ee85942d5db7159e6424f44dac4e011a47c123e0ed35fcd7cd3	0123af9e96b58af4e98b91a2de5608d36b63c67864b9041d3340587f3dbe40d2	cfa8dcf0d81c408de38d4202fe1ce9d9e5e301d1e67439c9530da94b1e64ee3f	7484d7b0dd80f45e18d726b04752827fe28555cc5c1af0e127948380e6688abf
semantic-proposal-v1	SC1-b1e6039d02fce7b154e63be57eaeff570a4b46911e97d1480c5f85e84c857be7	S013482	1	P02	SYMBOLS.tsv	155558	status	x86_64	include/linux/audit_arch.h	global	compat_write_class	27	PENDING_REVIEW	COMPLETE	COMPLETE	vendor/linux/include/linux/audit_arch.h;vendor/linux/include/linux/audit_arch.h:27;rewrite/configs/x86_64/frozen.config;header_closure=rewrite/metadata/header_closure.tsv;selected=PENDING_REVIEW	425f94c2954b1fe80ebdbf9b29854e89750355df	bc18b8668dc6762cc5826b2913a69499df19a8ee78081d53cb5c27a069ff3638	3a024b1a0dc22ee85942d5db7159e6424f44dac4e011a47c123e0ed35fcd7cd3	0123af9e96b58af4e98b91a2de5608d36b63c67864b9041d3340587f3dbe40d2	cfa8dcf0d81c408de38d4202fe1ce9d9e5e301d1e67439c9530da94b1e64ee3f	7484d7b0dd80f45e18d726b04752827fe28555cc5c1af0e127948380e6688abf
semantic-proposal-v1	SC1-3363b32ffa428430a8bb654d7fc244525c6851e6938b828945eeacaf7fc94985	S013482	1	P02	SYMBOLS.tsv	155559	selection_expression	x86_64	include/linux/audit_arch.h	global	compat_read_class	28	PENDING_REVIEW	SOURCE_REVIEWED_VALUE	COMPLETE	vendor/linux/include/linux/audit_arch.h;vendor/linux/include/linux/audit_arch.h:28;rewrite/configs/x86_64/frozen.config;header_closure=rewrite/metadata/header_closure.tsv;selected=PENDING_REVIEW	425f94c2954b1fe80ebdbf9b29854e89750355df	bc18b8668dc6762cc5826b2913a69499df19a8ee78081d53cb5c27a069ff3638	3a024b1a0dc22ee85942d5db7159e6424f44dac4e011a47c123e0ed35fcd7cd3	0123af9e96b58af4e98b91a2de5608d36b63c67864b9041d3340587f3dbe40d2	cfa8dcf0d81c408de38d4202fe1ce9d9e5e301d1e67439c9530da94b1e64ee3f	7484d7b0dd80f45e18d726b04752827fe28555cc5c1af0e127948380e6688abf
semantic-proposal-v1	SC1-ed4aafa184583e6cebe56c53b9a22d9cfc0d01b54237c52feb455368c06cbef2	S013482	1	P02	SYMBOLS.tsv	155559	status	x86_64	include/linux/audit_arch.h	global	compat_read_class	28	PENDING_REVIEW	COMPLETE	COMPLETE	vendor/linux/include/linux/audit_arch.h;vendor/linux/include/linux/audit_arch.h:28;rewrite/configs/x86_64/frozen.config;header_closure=rewrite/metadata/header_closure.tsv;selected=PENDING_REVIEW	425f94c2954b1fe80ebdbf9b29854e89750355df	bc18b8668dc6762cc5826b2913a69499df19a8ee78081d53cb5c27a069ff3638	3a024b1a0dc22ee85942d5db7159e6424f44dac4e011a47c123e0ed35fcd7cd3	0123af9e96b58af4e98b91a2de5608d36b63c67864b9041d3340587f3dbe40d2	cfa8dcf0d81c408de38d4202fe1ce9d9e5e301d1e67439c9530da94b1e64ee3f	7484d7b0dd80f45e18d726b04752827fe28555cc5c1af0e127948380e6688abf
semantic-proposal-v1	SC1-3a988f9e072036608ab851cc97cb5c52686639098d2c54b195213074eac3b44d	S013482	1	P02	SYMBOLS.tsv	155560	selection_expression	x86_64	include/linux/audit_arch.h	global	compat_dir_class	29	PENDING_REVIEW	SOURCE_REVIEWED_VALUE	COMPLETE	vendor/linux/include/linux/audit_arch.h;vendor/linux/include/linux/audit_arch.h:29;rewrite/configs/x86_64/frozen.config;header_closure=rewrite/metadata/header_closure.tsv;selected=PENDING_REVIEW	425f94c2954b1fe80ebdbf9b29854e89750355df	bc18b8668dc6762cc5826b2913a69499df19a8ee78081d53cb5c27a069ff3638	3a024b1a0dc22ee85942d5db7159e6424f44dac4e011a47c123e0ed35fcd7cd3	0123af9e96b58af4e98b91a2de5608d36b63c67864b9041d3340587f3dbe40d2	cfa8dcf0d81c408de38d4202fe1ce9d9e5e301d1e67439c9530da94b1e64ee3f	7484d7b0dd80f45e18d726b04752827fe28555cc5c1af0e127948380e6688abf
semantic-proposal-v1	SC1-be7d51977ecb40e483b8b92c72fd62f28de3345b51c5aa5cfa1c16775e6d1145	S013482	1	P02	SYMBOLS.tsv	155560	status	x86_64	include/linux/audit_arch.h	global	compat_dir_class	29	PENDING_REVIEW	COMPLETE	COMPLETE	vendor/linux/include/linux/audit_arch.h;vendor/linux/include/linux/audit_arch.h:29;rewrite/configs/x86_64/frozen.config;header_closure=rewrite/metadata/header_closure.tsv;selected=PENDING_REVIEW	425f94c2954b1fe80ebdbf9b29854e89750355df	bc18b8668dc6762cc5826b2913a69499df19a8ee78081d53cb5c27a069ff3638	3a024b1a0dc22ee85942d5db7159e6424f44dac4e011a47c123e0ed35fcd7cd3	0123af9e96b58af4e98b91a2de5608d36b63c67864b9041d3340587f3dbe40d2	cfa8dcf0d81c408de38d4202fe1ce9d9e5e301d1e67439c9530da94b1e64ee3f	7484d7b0dd80f45e18d726b04752827fe28555cc5c1af0e127948380e6688abf
semantic-proposal-v1	SC1-10495e76417fac08393f413cc8431c4270005f7f45debaa805e86536a53345d5	S013482	1	P02	SYMBOLS.tsv	155561	selection_expression	x86_64	include/linux/audit_arch.h	global	compat_chattr_class	30	PENDING_REVIEW	SOURCE_REVIEWED_VALUE	COMPLETE	vendor/linux/include/linux/audit_arch.h;vendor/linux/include/linux/audit_arch.h:30;rewrite/configs/x86_64/frozen.config;header_closure=rewrite/metadata/header_closure.tsv;selected=PENDING_REVIEW	425f94c2954b1fe80ebdbf9b29854e89750355df	bc18b8668dc6762cc5826b2913a69499df19a8ee78081d53cb5c27a069ff3638	3a024b1a0dc22ee85942d5db7159e6424f44dac4e011a47c123e0ed35fcd7cd3	0123af9e96b58af4e98b91a2de5608d36b63c67864b9041d3340587f3dbe40d2	cfa8dcf0d81c408de38d4202fe1ce9d9e5e301d1e67439c9530da94b1e64ee3f	7484d7b0dd80f45e18d726b04752827fe28555cc5c1af0e127948380e6688abf
semantic-proposal-v1	SC1-b64072a2b0add1fee37d7bdc6d14b0302eac8b4eaa11cb3331a695ce4fae3bb3	S013482	1	P02	SYMBOLS.tsv	155561	status	x86_64	include/linux/audit_arch.h	global	compat_chattr_class	30	PENDING_REVIEW	COMPLETE	COMPLETE	vendor/linux/include/linux/audit_arch.h;vendor/linux/include/linux/audit_arch.h:30;rewrite/configs/x86_64/frozen.config;header_closure=rewrite/metadata/header_closure.tsv;selected=PENDING_REVIEW	425f94c2954b1fe80ebdbf9b29854e89750355df	bc18b8668dc6762cc5826b2913a69499df19a8ee78081d53cb5c27a069ff3638	3a024b1a0dc22ee85942d5db7159e6424f44dac4e011a47c123e0ed35fcd7cd3	0123af9e96b58af4e98b91a2de5608d36b63c67864b9041d3340587f3dbe40d2	cfa8dcf0d81c408de38d4202fe1ce9d9e5e301d1e67439c9530da94b1e64ee3f	7484d7b0dd80f45e18d726b04752827fe28555cc5c1af0e127948380e6688abf
semantic-proposal-v1	SC1-c8cc8fb63c50f00a3004f91bb9fb7bb4162a3865be226e67e2f91fef33df3cee	S013482	1	P02	SYMBOLS.tsv	155562	selection_expression	x86_64	include/linux/audit_arch.h	global	compat_signal_class	31	PENDING_REVIEW	SOURCE_REVIEWED_VALUE	COMPLETE	vendor/linux/include/linux/audit_arch.h;vendor/linux/include/linux/audit_arch.h:31;rewrite/configs/x86_64/frozen.config;header_closure=rewrite/metadata/header_closure.tsv;selected=PENDING_REVIEW	425f94c2954b1fe80ebdbf9b29854e89750355df	bc18b8668dc6762cc5826b2913a69499df19a8ee78081d53cb5c27a069ff3638	3a024b1a0dc22ee85942d5db7159e6424f44dac4e011a47c123e0ed35fcd7cd3	0123af9e96b58af4e98b91a2de5608d36b63c67864b9041d3340587f3dbe40d2	cfa8dcf0d81c408de38d4202fe1ce9d9e5e301d1e67439c9530da94b1e64ee3f	7484d7b0dd80f45e18d726b04752827fe28555cc5c1af0e127948380e6688abf
semantic-proposal-v1	SC1-1c9c4aabed30a6560663431ddde3eeae7c59244740a8235a76b33e14cb801a6f	S013482	1	P02	SYMBOLS.tsv	155562	status	x86_64	include/linux/audit_arch.h	global	compat_signal_class	31	PENDING_REVIEW	COMPLETE	COMPLETE	vendor/linux/include/linux/audit_arch.h;vendor/linux/include/linux/audit_arch.h:31;rewrite/configs/x86_64/frozen.config;header_closure=rewrite/metadata/header_closure.tsv;selected=PENDING_REVIEW	425f94c2954b1fe80ebdbf9b29854e89750355df	bc18b8668dc6762cc5826b2913a69499df19a8ee78081d53cb5c27a069ff3638	3a024b1a0dc22ee85942d5db7159e6424f44dac4e011a47c123e0ed35fcd7cd3	0123af9e96b58af4e98b91a2de5608d36b63c67864b9041d3340587f3dbe40d2	cfa8dcf0d81c408de38d4202fe1ce9d9e5e301d1e67439c9530da94b1e64ee3f	7484d7b0dd80f45e18d726b04752827fe28555cc5c1af0e127948380e6688abf
semantic-proposal-v1	SC1-ec1565b23ce105769280128c95176a86bd328f9e4d6ef9b4244542f48af85e11	S013482	1	P02	ABI.tsv	100701	alignment	aarch64	include/linux/audit_arch.h	type	enum auditsc_class_t	12	PENDING_REVIEW	SOURCE_REVIEWED_VALUE	COMPLETE	vendor/linux/include/linux/audit_arch.h;vendor/linux/include/linux/audit_arch.h:12;header-context=PENDING_REVIEW	425f94c2954b1fe80ebdbf9b29854e89750355df	bc18b8668dc6762cc5826b2913a69499df19a8ee78081d53cb5c27a069ff3638	3a024b1a0dc22ee85942d5db7159e6424f44dac4e011a47c123e0ed35fcd7cd3	0123af9e96b58af4e98b91a2de5608d36b63c67864b9041d3340587f3dbe40d2	cfa8dcf0d81c408de38d4202fe1ce9d9e5e301d1e67439c9530da94b1e64ee3f	ae0caca34fe9b6eb8097958d2fbb8d2b6a1fad60f91f3c2b8d948c43dbfcee39
semantic-proposal-v1	SC1-76ac2a19d63cadcd28262ada3c92a06d21b6f6939d8a00ed09c6e42b2c02fb5a	S013482	1	P02	ABI.tsv	100701	export_kind	aarch64	include/linux/audit_arch.h	type	enum auditsc_class_t	12	PENDING_REVIEW	SOURCE_REVIEWED_VALUE	COMPLETE	vendor/linux/include/linux/audit_arch.h;vendor/linux/include/linux/audit_arch.h:12;header-context=PENDING_REVIEW	425f94c2954b1fe80ebdbf9b29854e89750355df	bc18b8668dc6762cc5826b2913a69499df19a8ee78081d53cb5c27a069ff3638	3a024b1a0dc22ee85942d5db7159e6424f44dac4e011a47c123e0ed35fcd7cd3	0123af9e96b58af4e98b91a2de5608d36b63c67864b9041d3340587f3dbe40d2	cfa8dcf0d81c408de38d4202fe1ce9d9e5e301d1e67439c9530da94b1e64ee3f	ae0caca34fe9b6eb8097958d2fbb8d2b6a1fad60f91f3c2b8d948c43dbfcee39
semantic-proposal-v1	SC1-8c27519e1b7f0e14d50261c715dd579193ed7ceb4b1e83bc74d2d90df647f347	S013482	1	P02	ABI.tsv	100701	layout	aarch64	include/linux/audit_arch.h	type	enum auditsc_class_t	12	PENDING_REVIEW	SOURCE_REVIEWED_VALUE	COMPLETE	vendor/linux/include/linux/audit_arch.h;vendor/linux/include/linux/audit_arch.h:12;header-context=PENDING_REVIEW	425f94c2954b1fe80ebdbf9b29854e89750355df	bc18b8668dc6762cc5826b2913a69499df19a8ee78081d53cb5c27a069ff3638	3a024b1a0dc22ee85942d5db7159e6424f44dac4e011a47c123e0ed35fcd7cd3	0123af9e96b58af4e98b91a2de5608d36b63c67864b9041d3340587f3dbe40d2	cfa8dcf0d81c408de38d4202fe1ce9d9e5e301d1e67439c9530da94b1e64ee3f	ae0caca34fe9b6eb8097958d2fbb8d2b6a1fad60f91f3c2b8d948c43dbfcee39
semantic-proposal-v1	SC1-e2dcde4e0a54311cc6a9b1e1c1a00bb5e51664777146b9f172cba1ec37cbf944	S013482	1	P02	ABI.tsv	100701	status	aarch64	include/linux/audit_arch.h	type	enum auditsc_class_t	12	PENDING_REVIEW	COMPLETE	COMPLETE	vendor/linux/include/linux/audit_arch.h;vendor/linux/include/linux/audit_arch.h:12;header-context=PENDING_REVIEW	425f94c2954b1fe80ebdbf9b29854e89750355df	bc18b8668dc6762cc5826b2913a69499df19a8ee78081d53cb5c27a069ff3638	3a024b1a0dc22ee85942d5db7159e6424f44dac4e011a47c123e0ed35fcd7cd3	0123af9e96b58af4e98b91a2de5608d36b63c67864b9041d3340587f3dbe40d2	cfa8dcf0d81c408de38d4202fe1ce9d9e5e301d1e67439c9530da94b1e64ee3f	ae0caca34fe9b6eb8097958d2fbb8d2b6a1fad60f91f3c2b8d948c43dbfcee39
semantic-proposal-v1	SC1-9f3f9d437f28667ee26cd6dba8efbb73c4526fb62ae82ccc3fc14bb3d9eefa70	S013482	1	P02	ABI.tsv	100702	alignment	aarch64	include/linux/audit_arch.h	global	compat_write_class	27	PENDING_REVIEW	SOURCE_REVIEWED_VALUE	COMPLETE	vendor/linux/include/linux/audit_arch.h;vendor/linux/include/linux/audit_arch.h:27;header-context=PENDING_REVIEW	425f94c2954b1fe80ebdbf9b29854e89750355df	bc18b8668dc6762cc5826b2913a69499df19a8ee78081d53cb5c27a069ff3638	3a024b1a0dc22ee85942d5db7159e6424f44dac4e011a47c123e0ed35fcd7cd3	0123af9e96b58af4e98b91a2de5608d36b63c67864b9041d3340587f3dbe40d2	cfa8dcf0d81c408de38d4202fe1ce9d9e5e301d1e67439c9530da94b1e64ee3f	ae0caca34fe9b6eb8097958d2fbb8d2b6a1fad60f91f3c2b8d948c43dbfcee39
semantic-proposal-v1	SC1-8822b90b8501fc292b4e38080b3bbe16fc5706956cc5e225f8a4e2cd2ff302e6	S013482	1	P02	ABI.tsv	100702	export_kind	aarch64	include/linux/audit_arch.h	global	compat_write_class	27	PENDING_REVIEW	SOURCE_REVIEWED_VALUE	COMPLETE	vendor/linux/include/linux/audit_arch.h;vendor/linux/include/linux/audit_arch.h:27;header-context=PENDING_REVIEW	425f94c2954b1fe80ebdbf9b29854e89750355df	bc18b8668dc6762cc5826b2913a69499df19a8ee78081d53cb5c27a069ff3638	3a024b1a0dc22ee85942d5db7159e6424f44dac4e011a47c123e0ed35fcd7cd3	0123af9e96b58af4e98b91a2de5608d36b63c67864b9041d3340587f3dbe40d2	cfa8dcf0d81c408de38d4202fe1ce9d9e5e301d1e67439c9530da94b1e64ee3f	ae0caca34fe9b6eb8097958d2fbb8d2b6a1fad60f91f3c2b8d948c43dbfcee39
semantic-proposal-v1	SC1-5cc274eae364e917f07a2a70c7d8b33d570b62e16c6367a2b9b8a4b43548cce0	S013482	1	P02	ABI.tsv	100702	layout	aarch64	include/linux/audit_arch.h	global	compat_write_class	27	PENDING_REVIEW	SOURCE_REVIEWED_VALUE	COMPLETE	vendor/linux/include/linux/audit_arch.h;vendor/linux/include/linux/audit_arch.h:27;header-context=PENDING_REVIEW	425f94c2954b1fe80ebdbf9b29854e89750355df	bc18b8668dc6762cc5826b2913a69499df19a8ee78081d53cb5c27a069ff3638	3a024b1a0dc22ee85942d5db7159e6424f44dac4e011a47c123e0ed35fcd7cd3	0123af9e96b58af4e98b91a2de5608d36b63c67864b9041d3340587f3dbe40d2	cfa8dcf0d81c408de38d4202fe1ce9d9e5e301d1e67439c9530da94b1e64ee3f	ae0caca34fe9b6eb8097958d2fbb8d2b6a1fad60f91f3c2b8d948c43dbfcee39
semantic-proposal-v1	SC1-5614400f7384a6ea2dd83d55efe17085bf1f1b59c2eb648c0a6ee780ea95eef7	S013482	1	P02	ABI.tsv	100702	status	aarch64	include/linux/audit_arch.h	global	compat_write_class	27	PENDING_REVIEW	COMPLETE	COMPLETE	vendor/linux/include/linux/audit_arch.h;vendor/linux/include/linux/audit_arch.h:27;header-context=PENDING_REVIEW	425f94c2954b1fe80ebdbf9b29854e89750355df	bc18b8668dc6762cc5826b2913a69499df19a8ee78081d53cb5c27a069ff3638	3a024b1a0dc22ee85942d5db7159e6424f44dac4e011a47c123e0ed35fcd7cd3	0123af9e96b58af4e98b91a2de5608d36b63c67864b9041d3340587f3dbe40d2	cfa8dcf0d81c408de38d4202fe1ce9d9e5e301d1e67439c9530da94b1e64ee3f	ae0caca34fe9b6eb8097958d2fbb8d2b6a1fad60f91f3c2b8d948c43dbfcee39
semantic-proposal-v1	SC1-2dc56ec870e2aac75c01b1c467f9104e0ab2c2e93c48865141ebba1d15e51701	S013482	1	P02	ABI.tsv	100703	alignment	aarch64	include/linux/audit_arch.h	global	compat_read_class	28	PENDING_REVIEW	SOURCE_REVIEWED_VALUE	COMPLETE	vendor/linux/include/linux/audit_arch.h;vendor/linux/include/linux/audit_arch.h:28;header-context=PENDING_REVIEW	425f94c2954b1fe80ebdbf9b29854e89750355df	bc18b8668dc6762cc5826b2913a69499df19a8ee78081d53cb5c27a069ff3638	3a024b1a0dc22ee85942d5db7159e6424f44dac4e011a47c123e0ed35fcd7cd3	0123af9e96b58af4e98b91a2de5608d36b63c67864b9041d3340587f3dbe40d2	cfa8dcf0d81c408de38d4202fe1ce9d9e5e301d1e67439c9530da94b1e64ee3f	ae0caca34fe9b6eb8097958d2fbb8d2b6a1fad60f91f3c2b8d948c43dbfcee39
semantic-proposal-v1	SC1-eb4b22e4d88dbac6e9943e6f448bada42020c09896896f8b1f1886a95f465f6d	S013482	1	P02	ABI.tsv	100703	export_kind	aarch64	include/linux/audit_arch.h	global	compat_read_class	28	PENDING_REVIEW	SOURCE_REVIEWED_VALUE	COMPLETE	vendor/linux/include/linux/audit_arch.h;vendor/linux/include/linux/audit_arch.h:28;header-context=PENDING_REVIEW	425f94c2954b1fe80ebdbf9b29854e89750355df	bc18b8668dc6762cc5826b2913a69499df19a8ee78081d53cb5c27a069ff3638	3a024b1a0dc22ee85942d5db7159e6424f44dac4e011a47c123e0ed35fcd7cd3	0123af9e96b58af4e98b91a2de5608d36b63c67864b9041d3340587f3dbe40d2	cfa8dcf0d81c408de38d4202fe1ce9d9e5e301d1e67439c9530da94b1e64ee3f	ae0caca34fe9b6eb8097958d2fbb8d2b6a1fad60f91f3c2b8d948c43dbfcee39
semantic-proposal-v1	SC1-4e6756a2af60cc3db3dfb6347567ee424d3effedc3bbe23ed6f41a0e66ddca78	S013482	1	P02	ABI.tsv	100703	layout	aarch64	include/linux/audit_arch.h	global	compat_read_class	28	PENDING_REVIEW	SOURCE_REVIEWED_VALUE	COMPLETE	vendor/linux/include/linux/audit_arch.h;vendor/linux/include/linux/audit_arch.h:28;header-context=PENDING_REVIEW	425f94c2954b1fe80ebdbf9b29854e89750355df	bc18b8668dc6762cc5826b2913a69499df19a8ee78081d53cb5c27a069ff3638	3a024b1a0dc22ee85942d5db7159e6424f44dac4e011a47c123e0ed35fcd7cd3	0123af9e96b58af4e98b91a2de5608d36b63c67864b9041d3340587f3dbe40d2	cfa8dcf0d81c408de38d4202fe1ce9d9e5e301d1e67439c9530da94b1e64ee3f	ae0caca34fe9b6eb8097958d2fbb8d2b6a1fad60f91f3c2b8d948c43dbfcee39
semantic-proposal-v1	SC1-6736553596e91d4dbaae73e231684542402f18091ff8f59c07690b8cd561ebac	S013482	1	P02	ABI.tsv	100703	status	aarch64	include/linux/audit_arch.h	global	compat_read_class	28	PENDING_REVIEW	COMPLETE	COMPLETE	vendor/linux/include/linux/audit_arch.h;vendor/linux/include/linux/audit_arch.h:28;header-context=PENDING_REVIEW	425f94c2954b1fe80ebdbf9b29854e89750355df	bc18b8668dc6762cc5826b2913a69499df19a8ee78081d53cb5c27a069ff3638	3a024b1a0dc22ee85942d5db7159e6424f44dac4e011a47c123e0ed35fcd7cd3	0123af9e96b58af4e98b91a2de5608d36b63c67864b9041d3340587f3dbe40d2	cfa8dcf0d81c408de38d4202fe1ce9d9e5e301d1e67439c9530da94b1e64ee3f	ae0caca34fe9b6eb8097958d2fbb8d2b6a1fad60f91f3c2b8d948c43dbfcee39
semantic-proposal-v1	SC1-7f241400c177a408c3b8c2dcce9b86e98dad33ebab3204c81d7b2e7fedbe3115	S013482	1	P02	ABI.tsv	100704	alignment	aarch64	include/linux/audit_arch.h	global	compat_dir_class	29	PENDING_REVIEW	SOURCE_REVIEWED_VALUE	COMPLETE	vendor/linux/include/linux/audit_arch.h;vendor/linux/include/linux/audit_arch.h:29;header-context=PENDING_REVIEW	425f94c2954b1fe80ebdbf9b29854e89750355df	bc18b8668dc6762cc5826b2913a69499df19a8ee78081d53cb5c27a069ff3638	3a024b1a0dc22ee85942d5db7159e6424f44dac4e011a47c123e0ed35fcd7cd3	0123af9e96b58af4e98b91a2de5608d36b63c67864b9041d3340587f3dbe40d2	cfa8dcf0d81c408de38d4202fe1ce9d9e5e301d1e67439c9530da94b1e64ee3f	ae0caca34fe9b6eb8097958d2fbb8d2b6a1fad60f91f3c2b8d948c43dbfcee39
semantic-proposal-v1	SC1-b28cfe988c4cbe6b14ef7393d65a4d792a8bf17d170d30eeba10c770dedaa8e2	S013482	1	P02	ABI.tsv	100704	export_kind	aarch64	include/linux/audit_arch.h	global	compat_dir_class	29	PENDING_REVIEW	SOURCE_REVIEWED_VALUE	COMPLETE	vendor/linux/include/linux/audit_arch.h;vendor/linux/include/linux/audit_arch.h:29;header-context=PENDING_REVIEW	425f94c2954b1fe80ebdbf9b29854e89750355df	bc18b8668dc6762cc5826b2913a69499df19a8ee78081d53cb5c27a069ff3638	3a024b1a0dc22ee85942d5db7159e6424f44dac4e011a47c123e0ed35fcd7cd3	0123af9e96b58af4e98b91a2de5608d36b63c67864b9041d3340587f3dbe40d2	cfa8dcf0d81c408de38d4202fe1ce9d9e5e301d1e67439c9530da94b1e64ee3f	ae0caca34fe9b6eb8097958d2fbb8d2b6a1fad60f91f3c2b8d948c43dbfcee39
semantic-proposal-v1	SC1-e3e6004c9e8db666eb75a66080a58c12e9e5c6d0b2e6716230e84f86d4c9cd35	S013482	1	P02	ABI.tsv	100704	layout	aarch64	include/linux/audit_arch.h	global	compat_dir_class	29	PENDING_REVIEW	SOURCE_REVIEWED_VALUE	COMPLETE	vendor/linux/include/linux/audit_arch.h;vendor/linux/include/linux/audit_arch.h:29;header-context=PENDING_REVIEW	425f94c2954b1fe80ebdbf9b29854e89750355df	bc18b8668dc6762cc5826b2913a69499df19a8ee78081d53cb5c27a069ff3638	3a024b1a0dc22ee85942d5db7159e6424f44dac4e011a47c123e0ed35fcd7cd3	0123af9e96b58af4e98b91a2de5608d36b63c67864b9041d3340587f3dbe40d2	cfa8dcf0d81c408de38d4202fe1ce9d9e5e301d1e67439c9530da94b1e64ee3f	ae0caca34fe9b6eb8097958d2fbb8d2b6a1fad60f91f3c2b8d948c43dbfcee39
semantic-proposal-v1	SC1-da2a691746ae3870ff3951e5c83b2a7786f16e277db23c9536a26450512e1554	S013482	1	P02	ABI.tsv	100704	status	aarch64	include/linux/audit_arch.h	global	compat_dir_class	29	PENDING_REVIEW	COMPLETE	COMPLETE	vendor/linux/include/linux/audit_arch.h;vendor/linux/include/linux/audit_arch.h:29;header-context=PENDING_REVIEW	425f94c2954b1fe80ebdbf9b29854e89750355df	bc18b8668dc6762cc5826b2913a69499df19a8ee78081d53cb5c27a069ff3638	3a024b1a0dc22ee85942d5db7159e6424f44dac4e011a47c123e0ed35fcd7cd3	0123af9e96b58af4e98b91a2de5608d36b63c67864b9041d3340587f3dbe40d2	cfa8dcf0d81c408de38d4202fe1ce9d9e5e301d1e67439c9530da94b1e64ee3f	ae0caca34fe9b6eb8097958d2fbb8d2b6a1fad60f91f3c2b8d948c43dbfcee39
semantic-proposal-v1	SC1-3a7b4ba59239dc4ab05707adf326fdbb617bba6c31690f5b5aedb16d7f8ff1be	S013482	1	P02	ABI.tsv	100705	alignment	aarch64	include/linux/audit_arch.h	global	compat_chattr_class	30	PENDING_REVIEW	SOURCE_REVIEWED_VALUE	COMPLETE	vendor/linux/include/linux/audit_arch.h;vendor/linux/include/linux/audit_arch.h:30;header-context=PENDING_REVIEW	425f94c2954b1fe80ebdbf9b29854e89750355df	bc18b8668dc6762cc5826b2913a69499df19a8ee78081d53cb5c27a069ff3638	3a024b1a0dc22ee85942d5db7159e6424f44dac4e011a47c123e0ed35fcd7cd3	0123af9e96b58af4e98b91a2de5608d36b63c67864b9041d3340587f3dbe40d2	cfa8dcf0d81c408de38d4202fe1ce9d9e5e301d1e67439c9530da94b1e64ee3f	ae0caca34fe9b6eb8097958d2fbb8d2b6a1fad60f91f3c2b8d948c43dbfcee39
semantic-proposal-v1	SC1-d7c8650b04b1ffdec6b0233c6055f97fce8eebc99915c2667c108a43079717a4	S013482	1	P02	ABI.tsv	100705	export_kind	aarch64	include/linux/audit_arch.h	global	compat_chattr_class	30	PENDING_REVIEW	SOURCE_REVIEWED_VALUE	COMPLETE	vendor/linux/include/linux/audit_arch.h;vendor/linux/include/linux/audit_arch.h:30;header-context=PENDING_REVIEW	425f94c2954b1fe80ebdbf9b29854e89750355df	bc18b8668dc6762cc5826b2913a69499df19a8ee78081d53cb5c27a069ff3638	3a024b1a0dc22ee85942d5db7159e6424f44dac4e011a47c123e0ed35fcd7cd3	0123af9e96b58af4e98b91a2de5608d36b63c67864b9041d3340587f3dbe40d2	cfa8dcf0d81c408de38d4202fe1ce9d9e5e301d1e67439c9530da94b1e64ee3f	ae0caca34fe9b6eb8097958d2fbb8d2b6a1fad60f91f3c2b8d948c43dbfcee39
semantic-proposal-v1	SC1-99c5215a75308d396bb8cf843c83bc4acca115bc98cfb36066fe45068c4fa0f7	S013482	1	P02	ABI.tsv	100705	layout	aarch64	include/linux/audit_arch.h	global	compat_chattr_class	30	PENDING_REVIEW	SOURCE_REVIEWED_VALUE	COMPLETE	vendor/linux/include/linux/audit_arch.h;vendor/linux/include/linux/audit_arch.h:30;header-context=PENDING_REVIEW	425f94c2954b1fe80ebdbf9b29854e89750355df	bc18b8668dc6762cc5826b2913a69499df19a8ee78081d53cb5c27a069ff3638	3a024b1a0dc22ee85942d5db7159e6424f44dac4e011a47c123e0ed35fcd7cd3	0123af9e96b58af4e98b91a2de5608d36b63c67864b9041d3340587f3dbe40d2	cfa8dcf0d81c408de38d4202fe1ce9d9e5e301d1e67439c9530da94b1e64ee3f	ae0caca34fe9b6eb8097958d2fbb8d2b6a1fad60f91f3c2b8d948c43dbfcee39
semantic-proposal-v1	SC1-e94fc9873ca3001c25939dbe25dc1f428d9c89b4536d3b73723da01551a0bfb1	S013482	1	P02	ABI.tsv	100705	status	aarch64	include/linux/audit_arch.h	global	compat_chattr_class	30	PENDING_REVIEW	COMPLETE	COMPLETE	vendor/linux/include/linux/audit_arch.h;vendor/linux/include/linux/audit_arch.h:30;header-context=PENDING_REVIEW	425f94c2954b1fe80ebdbf9b29854e89750355df	bc18b8668dc6762cc5826b2913a69499df19a8ee78081d53cb5c27a069ff3638	3a024b1a0dc22ee85942d5db7159e6424f44dac4e011a47c123e0ed35fcd7cd3	0123af9e96b58af4e98b91a2de5608d36b63c67864b9041d3340587f3dbe40d2	cfa8dcf0d81c408de38d4202fe1ce9d9e5e301d1e67439c9530da94b1e64ee3f	ae0caca34fe9b6eb8097958d2fbb8d2b6a1fad60f91f3c2b8d948c43dbfcee39
semantic-proposal-v1	SC1-50de208e39e9f99bbe63bda4a2026aec8cc1d7b8a038caea60400b61922f1e4e	S013482	1	P02	ABI.tsv	100706	alignment	aarch64	include/linux/audit_arch.h	global	compat_signal_class	31	PENDING_REVIEW	SOURCE_REVIEWED_VALUE	COMPLETE	vendor/linux/include/linux/audit_arch.h;vendor/linux/include/linux/audit_arch.h:31;header-context=PENDING_REVIEW	425f94c2954b1fe80ebdbf9b29854e89750355df	bc18b8668dc6762cc5826b2913a69499df19a8ee78081d53cb5c27a069ff3638	3a024b1a0dc22ee85942d5db7159e6424f44dac4e011a47c123e0ed35fcd7cd3	0123af9e96b58af4e98b91a2de5608d36b63c67864b9041d3340587f3dbe40d2	cfa8dcf0d81c408de38d4202fe1ce9d9e5e301d1e67439c9530da94b1e64ee3f	ae0caca34fe9b6eb8097958d2fbb8d2b6a1fad60f91f3c2b8d948c43dbfcee39
semantic-proposal-v1	SC1-89c096e25d676ec3a97c23bb6dfa681922d783603ba1f1ab70cc7a34a14fcd09	S013482	1	P02	ABI.tsv	100706	export_kind	aarch64	include/linux/audit_arch.h	global	compat_signal_class	31	PENDING_REVIEW	SOURCE_REVIEWED_VALUE	COMPLETE	vendor/linux/include/linux/audit_arch.h;vendor/linux/include/linux/audit_arch.h:31;header-context=PENDING_REVIEW	425f94c2954b1fe80ebdbf9b29854e89750355df	bc18b8668dc6762cc5826b2913a69499df19a8ee78081d53cb5c27a069ff3638	3a024b1a0dc22ee85942d5db7159e6424f44dac4e011a47c123e0ed35fcd7cd3	0123af9e96b58af4e98b91a2de5608d36b63c67864b9041d3340587f3dbe40d2	cfa8dcf0d81c408de38d4202fe1ce9d9e5e301d1e67439c9530da94b1e64ee3f	ae0caca34fe9b6eb8097958d2fbb8d2b6a1fad60f91f3c2b8d948c43dbfcee39
semantic-proposal-v1	SC1-8c14b1c87bb06e0d0ce633cf0eb9b1c19568257b68a92f109a94ebc1c55b1dfd	S013482	1	P02	ABI.tsv	100706	layout	aarch64	include/linux/audit_arch.h	global	compat_signal_class	31	PENDING_REVIEW	SOURCE_REVIEWED_VALUE	COMPLETE	vendor/linux/include/linux/audit_arch.h;vendor/linux/include/linux/audit_arch.h:31;header-context=PENDING_REVIEW	425f94c2954b1fe80ebdbf9b29854e89750355df	bc18b8668dc6762cc5826b2913a69499df19a8ee78081d53cb5c27a069ff3638	3a024b1a0dc22ee85942d5db7159e6424f44dac4e011a47c123e0ed35fcd7cd3	0123af9e96b58af4e98b91a2de5608d36b63c67864b9041d3340587f3dbe40d2	cfa8dcf0d81c408de38d4202fe1ce9d9e5e301d1e67439c9530da94b1e64ee3f	ae0caca34fe9b6eb8097958d2fbb8d2b6a1fad60f91f3c2b8d948c43dbfcee39
semantic-proposal-v1	SC1-5124dc179aa97d33870b26c0be7eb4d431e128fa06eb9676acbb7151c81d399e	S013482	1	P02	ABI.tsv	100706	status	aarch64	include/linux/audit_arch.h	global	compat_signal_class	31	PENDING_REVIEW	COMPLETE	COMPLETE	vendor/linux/include/linux/audit_arch.h;vendor/linux/include/linux/audit_arch.h:31;header-context=PENDING_REVIEW	425f94c2954b1fe80ebdbf9b29854e89750355df	bc18b8668dc6762cc5826b2913a69499df19a8ee78081d53cb5c27a069ff3638	3a024b1a0dc22ee85942d5db7159e6424f44dac4e011a47c123e0ed35fcd7cd3	0123af9e96b58af4e98b91a2de5608d36b63c67864b9041d3340587f3dbe40d2	cfa8dcf0d81c408de38d4202fe1ce9d9e5e301d1e67439c9530da94b1e64ee3f	ae0caca34fe9b6eb8097958d2fbb8d2b6a1fad60f91f3c2b8d948c43dbfcee39
semantic-proposal-v1	SC1-9e691470ee000152b0dc3a71a3d11aad3f731faf79e82ff5d32fd5f1010cf122	S013482	1	P02	ABI.tsv	100707	alignment	x86_64	include/linux/audit_arch.h	type	enum auditsc_class_t	12	PENDING_REVIEW	SOURCE_REVIEWED_VALUE	COMPLETE	vendor/linux/include/linux/audit_arch.h;vendor/linux/include/linux/audit_arch.h:12;header-context=PENDING_REVIEW	425f94c2954b1fe80ebdbf9b29854e89750355df	bc18b8668dc6762cc5826b2913a69499df19a8ee78081d53cb5c27a069ff3638	3a024b1a0dc22ee85942d5db7159e6424f44dac4e011a47c123e0ed35fcd7cd3	0123af9e96b58af4e98b91a2de5608d36b63c67864b9041d3340587f3dbe40d2	cfa8dcf0d81c408de38d4202fe1ce9d9e5e301d1e67439c9530da94b1e64ee3f	ae0caca34fe9b6eb8097958d2fbb8d2b6a1fad60f91f3c2b8d948c43dbfcee39
semantic-proposal-v1	SC1-618ccf7819b082a8bac93f81869e3f417717ad7aee62e7ddebb7b161d289a297	S013482	1	P02	ABI.tsv	100707	export_kind	x86_64	include/linux/audit_arch.h	type	enum auditsc_class_t	12	PENDING_REVIEW	SOURCE_REVIEWED_VALUE	COMPLETE	vendor/linux/include/linux/audit_arch.h;vendor/linux/include/linux/audit_arch.h:12;header-context=PENDING_REVIEW	425f94c2954b1fe80ebdbf9b29854e89750355df	bc18b8668dc6762cc5826b2913a69499df19a8ee78081d53cb5c27a069ff3638	3a024b1a0dc22ee85942d5db7159e6424f44dac4e011a47c123e0ed35fcd7cd3	0123af9e96b58af4e98b91a2de5608d36b63c67864b9041d3340587f3dbe40d2	cfa8dcf0d81c408de38d4202fe1ce9d9e5e301d1e67439c9530da94b1e64ee3f	ae0caca34fe9b6eb8097958d2fbb8d2b6a1fad60f91f3c2b8d948c43dbfcee39
semantic-proposal-v1	SC1-b61ff480b2104634b017d2e86c30a3ca5e4e661676cee4815e78db3e7f0d4d10	S013482	1	P02	ABI.tsv	100707	layout	x86_64	include/linux/audit_arch.h	type	enum auditsc_class_t	12	PENDING_REVIEW	SOURCE_REVIEWED_VALUE	COMPLETE	vendor/linux/include/linux/audit_arch.h;vendor/linux/include/linux/audit_arch.h:12;header-context=PENDING_REVIEW	425f94c2954b1fe80ebdbf9b29854e89750355df	bc18b8668dc6762cc5826b2913a69499df19a8ee78081d53cb5c27a069ff3638	3a024b1a0dc22ee85942d5db7159e6424f44dac4e011a47c123e0ed35fcd7cd3	0123af9e96b58af4e98b91a2de5608d36b63c67864b9041d3340587f3dbe40d2	cfa8dcf0d81c408de38d4202fe1ce9d9e5e301d1e67439c9530da94b1e64ee3f	ae0caca34fe9b6eb8097958d2fbb8d2b6a1fad60f91f3c2b8d948c43dbfcee39
semantic-proposal-v1	SC1-273ec1a0bfcc29d276004aad6cdc15a9e6595eb403fe696d1121b9da6d30086f	S013482	1	P02	ABI.tsv	100707	status	x86_64	include/linux/audit_arch.h	type	enum auditsc_class_t	12	PENDING_REVIEW	COMPLETE	COMPLETE	vendor/linux/include/linux/audit_arch.h;vendor/linux/include/linux/audit_arch.h:12;header-context=PENDING_REVIEW	425f94c2954b1fe80ebdbf9b29854e89750355df	bc18b8668dc6762cc5826b2913a69499df19a8ee78081d53cb5c27a069ff3638	3a024b1a0dc22ee85942d5db7159e6424f44dac4e011a47c123e0ed35fcd7cd3	0123af9e96b58af4e98b91a2de5608d36b63c67864b9041d3340587f3dbe40d2	cfa8dcf0d81c408de38d4202fe1ce9d9e5e301d1e67439c9530da94b1e64ee3f	ae0caca34fe9b6eb8097958d2fbb8d2b6a1fad60f91f3c2b8d948c43dbfcee39
semantic-proposal-v1	SC1-ae571684771c1ca9d949f28285eba7b2cba2fef41a767e1329dcc481db824c94	S013482	1	P02	ABI.tsv	100708	alignment	x86_64	include/linux/audit_arch.h	global	compat_write_class	27	PENDING_REVIEW	SOURCE_REVIEWED_VALUE	COMPLETE	vendor/linux/include/linux/audit_arch.h;vendor/linux/include/linux/audit_arch.h:27;header-context=PENDING_REVIEW	425f94c2954b1fe80ebdbf9b29854e89750355df	bc18b8668dc6762cc5826b2913a69499df19a8ee78081d53cb5c27a069ff3638	3a024b1a0dc22ee85942d5db7159e6424f44dac4e011a47c123e0ed35fcd7cd3	0123af9e96b58af4e98b91a2de5608d36b63c67864b9041d3340587f3dbe40d2	cfa8dcf0d81c408de38d4202fe1ce9d9e5e301d1e67439c9530da94b1e64ee3f	ae0caca34fe9b6eb8097958d2fbb8d2b6a1fad60f91f3c2b8d948c43dbfcee39
semantic-proposal-v1	SC1-4ca6b49be93c70c391f2ba4c1ae8e5fee4d5f4ad96266252a65aec115da257c4	S013482	1	P02	ABI.tsv	100708	export_kind	x86_64	include/linux/audit_arch.h	global	compat_write_class	27	PENDING_REVIEW	SOURCE_REVIEWED_VALUE	COMPLETE	vendor/linux/include/linux/audit_arch.h;vendor/linux/include/linux/audit_arch.h:27;header-context=PENDING_REVIEW	425f94c2954b1fe80ebdbf9b29854e89750355df	bc18b8668dc6762cc5826b2913a69499df19a8ee78081d53cb5c27a069ff3638	3a024b1a0dc22ee85942d5db7159e6424f44dac4e011a47c123e0ed35fcd7cd3	0123af9e96b58af4e98b91a2de5608d36b63c67864b9041d3340587f3dbe40d2	cfa8dcf0d81c408de38d4202fe1ce9d9e5e301d1e67439c9530da94b1e64ee3f	ae0caca34fe9b6eb8097958d2fbb8d2b6a1fad60f91f3c2b8d948c43dbfcee39
semantic-proposal-v1	SC1-254e9ed195729b0d8c9655371ded405d887cda4579ef36cc9d4d1c04697acbde	S013482	1	P02	ABI.tsv	100708	layout	x86_64	include/linux/audit_arch.h	global	compat_write_class	27	PENDING_REVIEW	SOURCE_REVIEWED_VALUE	COMPLETE	vendor/linux/include/linux/audit_arch.h;vendor/linux/include/linux/audit_arch.h:27;header-context=PENDING_REVIEW	425f94c2954b1fe80ebdbf9b29854e89750355df	bc18b8668dc6762cc5826b2913a69499df19a8ee78081d53cb5c27a069ff3638	3a024b1a0dc22ee85942d5db7159e6424f44dac4e011a47c123e0ed35fcd7cd3	0123af9e96b58af4e98b91a2de5608d36b63c67864b9041d3340587f3dbe40d2	cfa8dcf0d81c408de38d4202fe1ce9d9e5e301d1e67439c9530da94b1e64ee3f	ae0caca34fe9b6eb8097958d2fbb8d2b6a1fad60f91f3c2b8d948c43dbfcee39
semantic-proposal-v1	SC1-2ed4823fc6e1dec89b46bade54829c00ed12f99522230bf6f3be03340c3abf9e	S013482	1	P02	ABI.tsv	100708	status	x86_64	include/linux/audit_arch.h	global	compat_write_class	27	PENDING_REVIEW	COMPLETE	COMPLETE	vendor/linux/include/linux/audit_arch.h;vendor/linux/include/linux/audit_arch.h:27;header-context=PENDING_REVIEW	425f94c2954b1fe80ebdbf9b29854e89750355df	bc18b8668dc6762cc5826b2913a69499df19a8ee78081d53cb5c27a069ff3638	3a024b1a0dc22ee85942d5db7159e6424f44dac4e011a47c123e0ed35fcd7cd3	0123af9e96b58af4e98b91a2de5608d36b63c67864b9041d3340587f3dbe40d2	cfa8dcf0d81c408de38d4202fe1ce9d9e5e301d1e67439c9530da94b1e64ee3f	ae0caca34fe9b6eb8097958d2fbb8d2b6a1fad60f91f3c2b8d948c43dbfcee39
semantic-proposal-v1	SC1-cd43758fb4ac339bde385df2e0712e75d2799a342234b46ce6fbf49af4bd60b4	S013482	1	P02	ABI.tsv	100709	alignment	x86_64	include/linux/audit_arch.h	global	compat_read_class	28	PENDING_REVIEW	SOURCE_REVIEWED_VALUE	COMPLETE	vendor/linux/include/linux/audit_arch.h;vendor/linux/include/linux/audit_arch.h:28;header-context=PENDING_REVIEW	425f94c2954b1fe80ebdbf9b29854e89750355df	bc18b8668dc6762cc5826b2913a69499df19a8ee78081d53cb5c27a069ff3638	3a024b1a0dc22ee85942d5db7159e6424f44dac4e011a47c123e0ed35fcd7cd3	0123af9e96b58af4e98b91a2de5608d36b63c67864b9041d3340587f3dbe40d2	cfa8dcf0d81c408de38d4202fe1ce9d9e5e301d1e67439c9530da94b1e64ee3f	ae0caca34fe9b6eb8097958d2fbb8d2b6a1fad60f91f3c2b8d948c43dbfcee39
semantic-proposal-v1	SC1-993a9a337cf17691ded427b9eee7a60f4f4b5014c08c1b4deb0d5e618224d56e	S013482	1	P02	ABI.tsv	100709	export_kind	x86_64	include/linux/audit_arch.h	global	compat_read_class	28	PENDING_REVIEW	SOURCE_REVIEWED_VALUE	COMPLETE	vendor/linux/include/linux/audit_arch.h;vendor/linux/include/linux/audit_arch.h:28;header-context=PENDING_REVIEW	425f94c2954b1fe80ebdbf9b29854e89750355df	bc18b8668dc6762cc5826b2913a69499df19a8ee78081d53cb5c27a069ff3638	3a024b1a0dc22ee85942d5db7159e6424f44dac4e011a47c123e0ed35fcd7cd3	0123af9e96b58af4e98b91a2de5608d36b63c67864b9041d3340587f3dbe40d2	cfa8dcf0d81c408de38d4202fe1ce9d9e5e301d1e67439c9530da94b1e64ee3f	ae0caca34fe9b6eb8097958d2fbb8d2b6a1fad60f91f3c2b8d948c43dbfcee39
semantic-proposal-v1	SC1-7a95c55ab178c34393a20d1a4e596a099e25196d131f0e2d997afd832fa0365d	S013482	1	P02	ABI.tsv	100709	layout	x86_64	include/linux/audit_arch.h	global	compat_read_class	28	PENDING_REVIEW	SOURCE_REVIEWED_VALUE	COMPLETE	vendor/linux/include/linux/audit_arch.h;vendor/linux/include/linux/audit_arch.h:28;header-context=PENDING_REVIEW	425f94c2954b1fe80ebdbf9b29854e89750355df	bc18b8668dc6762cc5826b2913a69499df19a8ee78081d53cb5c27a069ff3638	3a024b1a0dc22ee85942d5db7159e6424f44dac4e011a47c123e0ed35fcd7cd3	0123af9e96b58af4e98b91a2de5608d36b63c67864b9041d3340587f3dbe40d2	cfa8dcf0d81c408de38d4202fe1ce9d9e5e301d1e67439c9530da94b1e64ee3f	ae0caca34fe9b6eb8097958d2fbb8d2b6a1fad60f91f3c2b8d948c43dbfcee39
semantic-proposal-v1	SC1-18cfce74db5457caee55db2db4e88c7312be9823de5e8882ef8bcb7e6a8e958e	S013482	1	P02	ABI.tsv	100709	status	x86_64	include/linux/audit_arch.h	global	compat_read_class	28	PENDING_REVIEW	COMPLETE	COMPLETE	vendor/linux/include/linux/audit_arch.h;vendor/linux/include/linux/audit_arch.h:28;header-context=PENDING_REVIEW	425f94c2954b1fe80ebdbf9b29854e89750355df	bc18b8668dc6762cc5826b2913a69499df19a8ee78081d53cb5c27a069ff3638	3a024b1a0dc22ee85942d5db7159e6424f44dac4e011a47c123e0ed35fcd7cd3	0123af9e96b58af4e98b91a2de5608d36b63c67864b9041d3340587f3dbe40d2	cfa8dcf0d81c408de38d4202fe1ce9d9e5e301d1e67439c9530da94b1e64ee3f	ae0caca34fe9b6eb8097958d2fbb8d2b6a1fad60f91f3c2b8d948c43dbfcee39
semantic-proposal-v1	SC1-af98c0799b07bc6e282d923914b1a31f82bdfe72722ef01c797eef31beb40050	S013482	1	P02	ABI.tsv	100710	alignment	x86_64	include/linux/audit_arch.h	global	compat_dir_class	29	PENDING_REVIEW	SOURCE_REVIEWED_VALUE	COMPLETE	vendor/linux/include/linux/audit_arch.h;vendor/linux/include/linux/audit_arch.h:29;header-context=PENDING_REVIEW	425f94c2954b1fe80ebdbf9b29854e89750355df	bc18b8668dc6762cc5826b2913a69499df19a8ee78081d53cb5c27a069ff3638	3a024b1a0dc22ee85942d5db7159e6424f44dac4e011a47c123e0ed35fcd7cd3	0123af9e96b58af4e98b91a2de5608d36b63c67864b9041d3340587f3dbe40d2	cfa8dcf0d81c408de38d4202fe1ce9d9e5e301d1e67439c9530da94b1e64ee3f	ae0caca34fe9b6eb8097958d2fbb8d2b6a1fad60f91f3c2b8d948c43dbfcee39
semantic-proposal-v1	SC1-2f29f04f9263a377c19f2080ae0ccd17a311cc8ed880aecce7d4d9d2c9e9fc85	S013482	1	P02	ABI.tsv	100710	export_kind	x86_64	include/linux/audit_arch.h	global	compat_dir_class	29	PENDING_REVIEW	SOURCE_REVIEWED_VALUE	COMPLETE	vendor/linux/include/linux/audit_arch.h;vendor/linux/include/linux/audit_arch.h:29;header-context=PENDING_REVIEW	425f94c2954b1fe80ebdbf9b29854e89750355df	bc18b8668dc6762cc5826b2913a69499df19a8ee78081d53cb5c27a069ff3638	3a024b1a0dc22ee85942d5db7159e6424f44dac4e011a47c123e0ed35fcd7cd3	0123af9e96b58af4e98b91a2de5608d36b63c67864b9041d3340587f3dbe40d2	cfa8dcf0d81c408de38d4202fe1ce9d9e5e301d1e67439c9530da94b1e64ee3f	ae0caca34fe9b6eb8097958d2fbb8d2b6a1fad60f91f3c2b8d948c43dbfcee39
semantic-proposal-v1	SC1-084308fe22ee272dd121e4791ffd6cd6b8d73da163031f5f3bef8feeabe03a1b	S013482	1	P02	ABI.tsv	100710	layout	x86_64	include/linux/audit_arch.h	global	compat_dir_class	29	PENDING_REVIEW	SOURCE_REVIEWED_VALUE	COMPLETE	vendor/linux/include/linux/audit_arch.h;vendor/linux/include/linux/audit_arch.h:29;header-context=PENDING_REVIEW	425f94c2954b1fe80ebdbf9b29854e89750355df	bc18b8668dc6762cc5826b2913a69499df19a8ee78081d53cb5c27a069ff3638	3a024b1a0dc22ee85942d5db7159e6424f44dac4e011a47c123e0ed35fcd7cd3	0123af9e96b58af4e98b91a2de5608d36b63c67864b9041d3340587f3dbe40d2	cfa8dcf0d81c408de38d4202fe1ce9d9e5e301d1e67439c9530da94b1e64ee3f	ae0caca34fe9b6eb8097958d2fbb8d2b6a1fad60f91f3c2b8d948c43dbfcee39
semantic-proposal-v1	SC1-cf2354bac3b81123a702f2104722ee64743fe6362ae4b452cf18c6e26622352e	S013482	1	P02	ABI.tsv	100710	status	x86_64	include/linux/audit_arch.h	global	compat_dir_class	29	PENDING_REVIEW	COMPLETE	COMPLETE	vendor/linux/include/linux/audit_arch.h;vendor/linux/include/linux/audit_arch.h:29;header-context=PENDING_REVIEW	425f94c2954b1fe80ebdbf9b29854e89750355df	bc18b8668dc6762cc5826b2913a69499df19a8ee78081d53cb5c27a069ff3638	3a024b1a0dc22ee85942d5db7159e6424f44dac4e011a47c123e0ed35fcd7cd3	0123af9e96b58af4e98b91a2de5608d36b63c67864b9041d3340587f3dbe40d2	cfa8dcf0d81c408de38d4202fe1ce9d9e5e301d1e67439c9530da94b1e64ee3f	ae0caca34fe9b6eb8097958d2fbb8d2b6a1fad60f91f3c2b8d948c43dbfcee39
semantic-proposal-v1	SC1-587f49f9eb733d258b18ce3c2c9d2eb0ada38b5ac3c9fa17edf58c901827a5d0	S013482	1	P02	ABI.tsv	100711	alignment	x86_64	include/linux/audit_arch.h	global	compat_chattr_class	30	PENDING_REVIEW	SOURCE_REVIEWED_VALUE	COMPLETE	vendor/linux/include/linux/audit_arch.h;vendor/linux/include/linux/audit_arch.h:30;header-context=PENDING_REVIEW	425f94c2954b1fe80ebdbf9b29854e89750355df	bc18b8668dc6762cc5826b2913a69499df19a8ee78081d53cb5c27a069ff3638	3a024b1a0dc22ee85942d5db7159e6424f44dac4e011a47c123e0ed35fcd7cd3	0123af9e96b58af4e98b91a2de5608d36b63c67864b9041d3340587f3dbe40d2	cfa8dcf0d81c408de38d4202fe1ce9d9e5e301d1e67439c9530da94b1e64ee3f	ae0caca34fe9b6eb8097958d2fbb8d2b6a1fad60f91f3c2b8d948c43dbfcee39
semantic-proposal-v1	SC1-ce49876cac4a75ecf2c7869bfe1ebe27725b952e9837e08508a497eaeff1d87d	S013482	1	P02	ABI.tsv	100711	export_kind	x86_64	include/linux/audit_arch.h	global	compat_chattr_class	30	PENDING_REVIEW	SOURCE_REVIEWED_VALUE	COMPLETE	vendor/linux/include/linux/audit_arch.h;vendor/linux/include/linux/audit_arch.h:30;header-context=PENDING_REVIEW	425f94c2954b1fe80ebdbf9b29854e89750355df	bc18b8668dc6762cc5826b2913a69499df19a8ee78081d53cb5c27a069ff3638	3a024b1a0dc22ee85942d5db7159e6424f44dac4e011a47c123e0ed35fcd7cd3	0123af9e96b58af4e98b91a2de5608d36b63c67864b9041d3340587f3dbe40d2	cfa8dcf0d81c408de38d4202fe1ce9d9e5e301d1e67439c9530da94b1e64ee3f	ae0caca34fe9b6eb8097958d2fbb8d2b6a1fad60f91f3c2b8d948c43dbfcee39
semantic-proposal-v1	SC1-e3a0f0b0dc4ddd506d5f2c5fb2c83a2ca73f10c05d8c439e1f5bf43a8e486982	S013482	1	P02	ABI.tsv	100711	layout	x86_64	include/linux/audit_arch.h	global	compat_chattr_class	30	PENDING_REVIEW	SOURCE_REVIEWED_VALUE	COMPLETE	vendor/linux/include/linux/audit_arch.h;vendor/linux/include/linux/audit_arch.h:30;header-context=PENDING_REVIEW	425f94c2954b1fe80ebdbf9b29854e89750355df	bc18b8668dc6762cc5826b2913a69499df19a8ee78081d53cb5c27a069ff3638	3a024b1a0dc22ee85942d5db7159e6424f44dac4e011a47c123e0ed35fcd7cd3	0123af9e96b58af4e98b91a2de5608d36b63c67864b9041d3340587f3dbe40d2	cfa8dcf0d81c408de38d4202fe1ce9d9e5e301d1e67439c9530da94b1e64ee3f	ae0caca34fe9b6eb8097958d2fbb8d2b6a1fad60f91f3c2b8d948c43dbfcee39
semantic-proposal-v1	SC1-60584fe7c36f1a483eac601440f252d731bce8696133d6592f1de7a0d0685cad	S013482	1	P02	ABI.tsv	100711	status	x86_64	include/linux/audit_arch.h	global	compat_chattr_class	30	PENDING_REVIEW	COMPLETE	COMPLETE	vendor/linux/include/linux/audit_arch.h;vendor/linux/include/linux/audit_arch.h:30;header-context=PENDING_REVIEW	425f94c2954b1fe80ebdbf9b29854e89750355df	bc18b8668dc6762cc5826b2913a69499df19a8ee78081d53cb5c27a069ff3638	3a024b1a0dc22ee85942d5db7159e6424f44dac4e011a47c123e0ed35fcd7cd3	0123af9e96b58af4e98b91a2de5608d36b63c67864b9041d3340587f3dbe40d2	cfa8dcf0d81c408de38d4202fe1ce9d9e5e301d1e67439c9530da94b1e64ee3f	ae0caca34fe9b6eb8097958d2fbb8d2b6a1fad60f91f3c2b8d948c43dbfcee39
semantic-proposal-v1	SC1-59ce7985cd901d6e238ca440952a92f0ae461e81aac6010fa52c26bca1a961c4	S013482	1	P02	ABI.tsv	100712	alignment	x86_64	include/linux/audit_arch.h	global	compat_signal_class	31	PENDING_REVIEW	SOURCE_REVIEWED_VALUE	COMPLETE	vendor/linux/include/linux/audit_arch.h;vendor/linux/include/linux/audit_arch.h:31;header-context=PENDING_REVIEW	425f94c2954b1fe80ebdbf9b29854e89750355df	bc18b8668dc6762cc5826b2913a69499df19a8ee78081d53cb5c27a069ff3638	3a024b1a0dc22ee85942d5db7159e6424f44dac4e011a47c123e0ed35fcd7cd3	0123af9e96b58af4e98b91a2de5608d36b63c67864b9041d3340587f3dbe40d2	cfa8dcf0d81c408de38d4202fe1ce9d9e5e301d1e67439c9530da94b1e64ee3f	ae0caca34fe9b6eb8097958d2fbb8d2b6a1fad60f91f3c2b8d948c43dbfcee39
semantic-proposal-v1	SC1-03684c638d34cf3614b2a0a9be7fd61b001fcda8ea66fc47f5c9243151acb901	S013482	1	P02	ABI.tsv	100712	export_kind	x86_64	include/linux/audit_arch.h	global	compat_signal_class	31	PENDING_REVIEW	SOURCE_REVIEWED_VALUE	COMPLETE	vendor/linux/include/linux/audit_arch.h;vendor/linux/include/linux/audit_arch.h:31;header-context=PENDING_REVIEW	425f94c2954b1fe80ebdbf9b29854e89750355df	bc18b8668dc6762cc5826b2913a69499df19a8ee78081d53cb5c27a069ff3638	3a024b1a0dc22ee85942d5db7159e6424f44dac4e011a47c123e0ed35fcd7cd3	0123af9e96b58af4e98b91a2de5608d36b63c67864b9041d3340587f3dbe40d2	cfa8dcf0d81c408de38d4202fe1ce9d9e5e301d1e67439c9530da94b1e64ee3f	ae0caca34fe9b6eb8097958d2fbb8d2b6a1fad60f91f3c2b8d948c43dbfcee39
semantic-proposal-v1	SC1-32fc3afcc975c9921f8ba6e1fd7c82a4b62653d2bbf3477b8b28394a6e2f7f6c	S013482	1	P02	ABI.tsv	100712	layout	x86_64	include/linux/audit_arch.h	global	compat_signal_class	31	PENDING_REVIEW	SOURCE_REVIEWED_VALUE	COMPLETE	vendor/linux/include/linux/audit_arch.h;vendor/linux/include/linux/audit_arch.h:31;header-context=PENDING_REVIEW	425f94c2954b1fe80ebdbf9b29854e89750355df	bc18b8668dc6762cc5826b2913a69499df19a8ee78081d53cb5c27a069ff3638	3a024b1a0dc22ee85942d5db7159e6424f44dac4e011a47c123e0ed35fcd7cd3	0123af9e96b58af4e98b91a2de5608d36b63c67864b9041d3340587f3dbe40d2	cfa8dcf0d81c408de38d4202fe1ce9d9e5e301d1e67439c9530da94b1e64ee3f	ae0caca34fe9b6eb8097958d2fbb8d2b6a1fad60f91f3c2b8d948c43dbfcee39
semantic-proposal-v1	SC1-fa5dcc7059cf889ae62ec410867eb2bf89409c57692d096747357ac08d1370e0	S013482	1	P02	ABI.tsv	100712	status	x86_64	include/linux/audit_arch.h	global	compat_signal_class	31	PENDING_REVIEW	COMPLETE	COMPLETE	vendor/linux/include/linux/audit_arch.h;vendor/linux/include/linux/audit_arch.h:31;header-context=PENDING_REVIEW	425f94c2954b1fe80ebdbf9b29854e89750355df	bc18b8668dc6762cc5826b2913a69499df19a8ee78081d53cb5c27a069ff3638	3a024b1a0dc22ee85942d5db7159e6424f44dac4e011a47c123e0ed35fcd7cd3	0123af9e96b58af4e98b91a2de5608d36b63c67864b9041d3340587f3dbe40d2	cfa8dcf0d81c408de38d4202fe1ce9d9e5e301d1e67439c9530da94b1e64ee3f	ae0caca34fe9b6eb8097958d2fbb8d2b6a1fad60f91f3c2b8d948c43dbfcee39
semantic-proposal-v1	SC1-03d031c019935fecb4768ac30a69f16c9fde205b9640e885c2e3420a6b92811d	S013482	1	P02	LIFETIMES.tsv	96642	lifetime_contract	aarch64	include/linux/audit_arch.h	type	enum auditsc_class_t	12	PENDING_REVIEW	SOURCE_REVIEWED_VALUE	COMPLETE	vendor/linux/include/linux/audit_arch.h;vendor/linux/include/linux/audit_arch.h:12;header-context=PENDING_REVIEW	425f94c2954b1fe80ebdbf9b29854e89750355df	bc18b8668dc6762cc5826b2913a69499df19a8ee78081d53cb5c27a069ff3638	3a024b1a0dc22ee85942d5db7159e6424f44dac4e011a47c123e0ed35fcd7cd3	0123af9e96b58af4e98b91a2de5608d36b63c67864b9041d3340587f3dbe40d2	cfa8dcf0d81c408de38d4202fe1ce9d9e5e301d1e67439c9530da94b1e64ee3f	0e7e60940dd21c28f3d10965325f70644fc000495a2d61984437dec666da93d8
semantic-proposal-v1	SC1-1368573299c605c6a6933eddbbd8018b35f131c4650c9e50f2ad63549fc51f08	S013482	1	P02	LIFETIMES.tsv	96642	locking_rcu_refcount	aarch64	include/linux/audit_arch.h	type	enum auditsc_class_t	12	PENDING_REVIEW	SOURCE_REVIEWED_VALUE	COMPLETE	vendor/linux/include/linux/audit_arch.h;vendor/linux/include/linux/audit_arch.h:12;header-context=PENDING_REVIEW	425f94c2954b1fe80ebdbf9b29854e89750355df	bc18b8668dc6762cc5826b2913a69499df19a8ee78081d53cb5c27a069ff3638	3a024b1a0dc22ee85942d5db7159e6424f44dac4e011a47c123e0ed35fcd7cd3	0123af9e96b58af4e98b91a2de5608d36b63c67864b9041d3340587f3dbe40d2	cfa8dcf0d81c408de38d4202fe1ce9d9e5e301d1e67439c9530da94b1e64ee3f	0e7e60940dd21c28f3d10965325f70644fc000495a2d61984437dec666da93d8
semantic-proposal-v1	SC1-8a4d8bbd7553e131f8a5dddfc94da1ad6670347ccfe030d3a26dc7faf3d1ed09	S013482	1	P02	LIFETIMES.tsv	96642	ownership	aarch64	include/linux/audit_arch.h	type	enum auditsc_class_t	12	PENDING_REVIEW	SOURCE_REVIEWED_VALUE	COMPLETE	vendor/linux/include/linux/audit_arch.h;vendor/linux/include/linux/audit_arch.h:12;header-context=PENDING_REVIEW	425f94c2954b1fe80ebdbf9b29854e89750355df	bc18b8668dc6762cc5826b2913a69499df19a8ee78081d53cb5c27a069ff3638	3a024b1a0dc22ee85942d5db7159e6424f44dac4e011a47c123e0ed35fcd7cd3	0123af9e96b58af4e98b91a2de5608d36b63c67864b9041d3340587f3dbe40d2	cfa8dcf0d81c408de38d4202fe1ce9d9e5e301d1e67439c9530da94b1e64ee3f	0e7e60940dd21c28f3d10965325f70644fc000495a2d61984437dec666da93d8
semantic-proposal-v1	SC1-34778f5b7109ef39365f3cc57e21d35fd96843db61ebe229e9e9956f8427b4cb	S013482	1	P02	LIFETIMES.tsv	96642	status	aarch64	include/linux/audit_arch.h	type	enum auditsc_class_t	12	PENDING_REVIEW	COMPLETE	COMPLETE	vendor/linux/include/linux/audit_arch.h;vendor/linux/include/linux/audit_arch.h:12;header-context=PENDING_REVIEW	425f94c2954b1fe80ebdbf9b29854e89750355df	bc18b8668dc6762cc5826b2913a69499df19a8ee78081d53cb5c27a069ff3638	3a024b1a0dc22ee85942d5db7159e6424f44dac4e011a47c123e0ed35fcd7cd3	0123af9e96b58af4e98b91a2de5608d36b63c67864b9041d3340587f3dbe40d2	cfa8dcf0d81c408de38d4202fe1ce9d9e5e301d1e67439c9530da94b1e64ee3f	0e7e60940dd21c28f3d10965325f70644fc000495a2d61984437dec666da93d8
semantic-proposal-v1	SC1-925003e86ea8baa0fdf81a5007af70a201f662ca52d3b13d518e0deb3b179122	S013482	1	P02	LIFETIMES.tsv	96643	lifetime_contract	aarch64	include/linux/audit_arch.h	global	compat_write_class	27	PENDING_REVIEW	SOURCE_REVIEWED_VALUE	COMPLETE	vendor/linux/include/linux/audit_arch.h;vendor/linux/include/linux/audit_arch.h:27;header-context=PENDING_REVIEW	425f94c2954b1fe80ebdbf9b29854e89750355df	bc18b8668dc6762cc5826b2913a69499df19a8ee78081d53cb5c27a069ff3638	3a024b1a0dc22ee85942d5db7159e6424f44dac4e011a47c123e0ed35fcd7cd3	0123af9e96b58af4e98b91a2de5608d36b63c67864b9041d3340587f3dbe40d2	cfa8dcf0d81c408de38d4202fe1ce9d9e5e301d1e67439c9530da94b1e64ee3f	0e7e60940dd21c28f3d10965325f70644fc000495a2d61984437dec666da93d8
semantic-proposal-v1	SC1-15c3b6f319a165db0347b316e6bdf4e72edda983fce23d58c091fc63beb0e254	S013482	1	P02	LIFETIMES.tsv	96643	locking_rcu_refcount	aarch64	include/linux/audit_arch.h	global	compat_write_class	27	PENDING_REVIEW	SOURCE_REVIEWED_VALUE	COMPLETE	vendor/linux/include/linux/audit_arch.h;vendor/linux/include/linux/audit_arch.h:27;header-context=PENDING_REVIEW	425f94c2954b1fe80ebdbf9b29854e89750355df	bc18b8668dc6762cc5826b2913a69499df19a8ee78081d53cb5c27a069ff3638	3a024b1a0dc22ee85942d5db7159e6424f44dac4e011a47c123e0ed35fcd7cd3	0123af9e96b58af4e98b91a2de5608d36b63c67864b9041d3340587f3dbe40d2	cfa8dcf0d81c408de38d4202fe1ce9d9e5e301d1e67439c9530da94b1e64ee3f	0e7e60940dd21c28f3d10965325f70644fc000495a2d61984437dec666da93d8
semantic-proposal-v1	SC1-53fa5602a02b3a4a8b8511539c4ac81abe60cb40879df37587b2f53b0a972464	S013482	1	P02	LIFETIMES.tsv	96643	ownership	aarch64	include/linux/audit_arch.h	global	compat_write_class	27	PENDING_REVIEW	SOURCE_REVIEWED_VALUE	COMPLETE	vendor/linux/include/linux/audit_arch.h;vendor/linux/include/linux/audit_arch.h:27;header-context=PENDING_REVIEW	425f94c2954b1fe80ebdbf9b29854e89750355df	bc18b8668dc6762cc5826b2913a69499df19a8ee78081d53cb5c27a069ff3638	3a024b1a0dc22ee85942d5db7159e6424f44dac4e011a47c123e0ed35fcd7cd3	0123af9e96b58af4e98b91a2de5608d36b63c67864b9041d3340587f3dbe40d2	cfa8dcf0d81c408de38d4202fe1ce9d9e5e301d1e67439c9530da94b1e64ee3f	0e7e60940dd21c28f3d10965325f70644fc000495a2d61984437dec666da93d8
semantic-proposal-v1	SC1-483fae5ef2f1436fa657dc9efe3906bee54ff1b1fbff1ef36eebd7d32c1699af	S013482	1	P02	LIFETIMES.tsv	96643	status	aarch64	include/linux/audit_arch.h	global	compat_write_class	27	PENDING_REVIEW	COMPLETE	COMPLETE	vendor/linux/include/linux/audit_arch.h;vendor/linux/include/linux/audit_arch.h:27;header-context=PENDING_REVIEW	425f94c2954b1fe80ebdbf9b29854e89750355df	bc18b8668dc6762cc5826b2913a69499df19a8ee78081d53cb5c27a069ff3638	3a024b1a0dc22ee85942d5db7159e6424f44dac4e011a47c123e0ed35fcd7cd3	0123af9e96b58af4e98b91a2de5608d36b63c67864b9041d3340587f3dbe40d2	cfa8dcf0d81c408de38d4202fe1ce9d9e5e301d1e67439c9530da94b1e64ee3f	0e7e60940dd21c28f3d10965325f70644fc000495a2d61984437dec666da93d8
semantic-proposal-v1	SC1-f4401becdb070e943d946a3f0d0f99f9f3a612363bbf4d9db028f4b403a4893b	S013482	1	P02	LIFETIMES.tsv	96644	lifetime_contract	aarch64	include/linux/audit_arch.h	global	compat_read_class	28	PENDING_REVIEW	SOURCE_REVIEWED_VALUE	COMPLETE	vendor/linux/include/linux/audit_arch.h;vendor/linux/include/linux/audit_arch.h:28;header-context=PENDING_REVIEW	425f94c2954b1fe80ebdbf9b29854e89750355df	bc18b8668dc6762cc5826b2913a69499df19a8ee78081d53cb5c27a069ff3638	3a024b1a0dc22ee85942d5db7159e6424f44dac4e011a47c123e0ed35fcd7cd3	0123af9e96b58af4e98b91a2de5608d36b63c67864b9041d3340587f3dbe40d2	cfa8dcf0d81c408de38d4202fe1ce9d9e5e301d1e67439c9530da94b1e64ee3f	0e7e60940dd21c28f3d10965325f70644fc000495a2d61984437dec666da93d8
semantic-proposal-v1	SC1-1c307e1585087ef2b0bee3dd76ec4a76c635487440b0513bc7dc4d01a46a07fa	S013482	1	P02	LIFETIMES.tsv	96644	locking_rcu_refcount	aarch64	include/linux/audit_arch.h	global	compat_read_class	28	PENDING_REVIEW	SOURCE_REVIEWED_VALUE	COMPLETE	vendor/linux/include/linux/audit_arch.h;vendor/linux/include/linux/audit_arch.h:28;header-context=PENDING_REVIEW	425f94c2954b1fe80ebdbf9b29854e89750355df	bc18b8668dc6762cc5826b2913a69499df19a8ee78081d53cb5c27a069ff3638	3a024b1a0dc22ee85942d5db7159e6424f44dac4e011a47c123e0ed35fcd7cd3	0123af9e96b58af4e98b91a2de5608d36b63c67864b9041d3340587f3dbe40d2	cfa8dcf0d81c408de38d4202fe1ce9d9e5e301d1e67439c9530da94b1e64ee3f	0e7e60940dd21c28f3d10965325f70644fc000495a2d61984437dec666da93d8
semantic-proposal-v1	SC1-e82b9dd1897136a61739d33b9a338c5dc437dfc6328e2559aaa8cf68db9ff3da	S013482	1	P02	LIFETIMES.tsv	96644	ownership	aarch64	include/linux/audit_arch.h	global	compat_read_class	28	PENDING_REVIEW	SOURCE_REVIEWED_VALUE	COMPLETE	vendor/linux/include/linux/audit_arch.h;vendor/linux/include/linux/audit_arch.h:28;header-context=PENDING_REVIEW	425f94c2954b1fe80ebdbf9b29854e89750355df	bc18b8668dc6762cc5826b2913a69499df19a8ee78081d53cb5c27a069ff3638	3a024b1a0dc22ee85942d5db7159e6424f44dac4e011a47c123e0ed35fcd7cd3	0123af9e96b58af4e98b91a2de5608d36b63c67864b9041d3340587f3dbe40d2	cfa8dcf0d81c408de38d4202fe1ce9d9e5e301d1e67439c9530da94b1e64ee3f	0e7e60940dd21c28f3d10965325f70644fc000495a2d61984437dec666da93d8
semantic-proposal-v1	SC1-e951a2f1c68f5f0098ff95f5eedcfce481d39265c0a2aec0252fb9d462172a3c	S013482	1	P02	LIFETIMES.tsv	96644	status	aarch64	include/linux/audit_arch.h	global	compat_read_class	28	PENDING_REVIEW	COMPLETE	COMPLETE	vendor/linux/include/linux/audit_arch.h;vendor/linux/include/linux/audit_arch.h:28;header-context=PENDING_REVIEW	425f94c2954b1fe80ebdbf9b29854e89750355df	bc18b8668dc6762cc5826b2913a69499df19a8ee78081d53cb5c27a069ff3638	3a024b1a0dc22ee85942d5db7159e6424f44dac4e011a47c123e0ed35fcd7cd3	0123af9e96b58af4e98b91a2de5608d36b63c67864b9041d3340587f3dbe40d2	cfa8dcf0d81c408de38d4202fe1ce9d9e5e301d1e67439c9530da94b1e64ee3f	0e7e60940dd21c28f3d10965325f70644fc000495a2d61984437dec666da93d8
semantic-proposal-v1	SC1-bdbb556de5bfbef74772cff8d1ddbc242928a8bafeb75e9de417d539bac79902	S013482	1	P02	LIFETIMES.tsv	96645	lifetime_contract	aarch64	include/linux/audit_arch.h	global	compat_dir_class	29	PENDING_REVIEW	SOURCE_REVIEWED_VALUE	COMPLETE	vendor/linux/include/linux/audit_arch.h;vendor/linux/include/linux/audit_arch.h:29;header-context=PENDING_REVIEW	425f94c2954b1fe80ebdbf9b29854e89750355df	bc18b8668dc6762cc5826b2913a69499df19a8ee78081d53cb5c27a069ff3638	3a024b1a0dc22ee85942d5db7159e6424f44dac4e011a47c123e0ed35fcd7cd3	0123af9e96b58af4e98b91a2de5608d36b63c67864b9041d3340587f3dbe40d2	cfa8dcf0d81c408de38d4202fe1ce9d9e5e301d1e67439c9530da94b1e64ee3f	0e7e60940dd21c28f3d10965325f70644fc000495a2d61984437dec666da93d8
semantic-proposal-v1	SC1-51eb2837b3515b95c4ee8b2f8b93647493811d56db79b5e9f121f0f7716dabeb	S013482	1	P02	LIFETIMES.tsv	96645	locking_rcu_refcount	aarch64	include/linux/audit_arch.h	global	compat_dir_class	29	PENDING_REVIEW	SOURCE_REVIEWED_VALUE	COMPLETE	vendor/linux/include/linux/audit_arch.h;vendor/linux/include/linux/audit_arch.h:29;header-context=PENDING_REVIEW	425f94c2954b1fe80ebdbf9b29854e89750355df	bc18b8668dc6762cc5826b2913a69499df19a8ee78081d53cb5c27a069ff3638	3a024b1a0dc22ee85942d5db7159e6424f44dac4e011a47c123e0ed35fcd7cd3	0123af9e96b58af4e98b91a2de5608d36b63c67864b9041d3340587f3dbe40d2	cfa8dcf0d81c408de38d4202fe1ce9d9e5e301d1e67439c9530da94b1e64ee3f	0e7e60940dd21c28f3d10965325f70644fc000495a2d61984437dec666da93d8
semantic-proposal-v1	SC1-7a8712dc17db9daf1cc26b4fe05ec74633c612d61d2dc8cc5a0e048f8c577a70	S013482	1	P02	LIFETIMES.tsv	96645	ownership	aarch64	include/linux/audit_arch.h	global	compat_dir_class	29	PENDING_REVIEW	SOURCE_REVIEWED_VALUE	COMPLETE	vendor/linux/include/linux/audit_arch.h;vendor/linux/include/linux/audit_arch.h:29;header-context=PENDING_REVIEW	425f94c2954b1fe80ebdbf9b29854e89750355df	bc18b8668dc6762cc5826b2913a69499df19a8ee78081d53cb5c27a069ff3638	3a024b1a0dc22ee85942d5db7159e6424f44dac4e011a47c123e0ed35fcd7cd3	0123af9e96b58af4e98b91a2de5608d36b63c67864b9041d3340587f3dbe40d2	cfa8dcf0d81c408de38d4202fe1ce9d9e5e301d1e67439c9530da94b1e64ee3f	0e7e60940dd21c28f3d10965325f70644fc000495a2d61984437dec666da93d8
semantic-proposal-v1	SC1-208cda3e0c1a907620f9ebeed45882f03fefdbc97cc13884b878f24d7e80ab23	S013482	1	P02	LIFETIMES.tsv	96645	status	aarch64	include/linux/audit_arch.h	global	compat_dir_class	29	PENDING_REVIEW	COMPLETE	COMPLETE	vendor/linux/include/linux/audit_arch.h;vendor/linux/include/linux/audit_arch.h:29;header-context=PENDING_REVIEW	425f94c2954b1fe80ebdbf9b29854e89750355df	bc18b8668dc6762cc5826b2913a69499df19a8ee78081d53cb5c27a069ff3638	3a024b1a0dc22ee85942d5db7159e6424f44dac4e011a47c123e0ed35fcd7cd3	0123af9e96b58af4e98b91a2de5608d36b63c67864b9041d3340587f3dbe40d2	cfa8dcf0d81c408de38d4202fe1ce9d9e5e301d1e67439c9530da94b1e64ee3f	0e7e60940dd21c28f3d10965325f70644fc000495a2d61984437dec666da93d8
semantic-proposal-v1	SC1-fc400e3cb51ab1b2667522fedcd1cda2461ade90be33cbcbf8109e4426a9b18b	S013482	1	P02	LIFETIMES.tsv	96646	lifetime_contract	aarch64	include/linux/audit_arch.h	global	compat_chattr_class	30	PENDING_REVIEW	SOURCE_REVIEWED_VALUE	COMPLETE	vendor/linux/include/linux/audit_arch.h;vendor/linux/include/linux/audit_arch.h:30;header-context=PENDING_REVIEW	425f94c2954b1fe80ebdbf9b29854e89750355df	bc18b8668dc6762cc5826b2913a69499df19a8ee78081d53cb5c27a069ff3638	3a024b1a0dc22ee85942d5db7159e6424f44dac4e011a47c123e0ed35fcd7cd3	0123af9e96b58af4e98b91a2de5608d36b63c67864b9041d3340587f3dbe40d2	cfa8dcf0d81c408de38d4202fe1ce9d9e5e301d1e67439c9530da94b1e64ee3f	0e7e60940dd21c28f3d10965325f70644fc000495a2d61984437dec666da93d8
semantic-proposal-v1	SC1-9e1f084e99988abd506dc0fffa83646a35e7b8b5c90d67e998f1603b678c7cdb	S013482	1	P02	LIFETIMES.tsv	96646	locking_rcu_refcount	aarch64	include/linux/audit_arch.h	global	compat_chattr_class	30	PENDING_REVIEW	SOURCE_REVIEWED_VALUE	COMPLETE	vendor/linux/include/linux/audit_arch.h;vendor/linux/include/linux/audit_arch.h:30;header-context=PENDING_REVIEW	425f94c2954b1fe80ebdbf9b29854e89750355df	bc18b8668dc6762cc5826b2913a69499df19a8ee78081d53cb5c27a069ff3638	3a024b1a0dc22ee85942d5db7159e6424f44dac4e011a47c123e0ed35fcd7cd3	0123af9e96b58af4e98b91a2de5608d36b63c67864b9041d3340587f3dbe40d2	cfa8dcf0d81c408de38d4202fe1ce9d9e5e301d1e67439c9530da94b1e64ee3f	0e7e60940dd21c28f3d10965325f70644fc000495a2d61984437dec666da93d8
semantic-proposal-v1	SC1-be56b48f4ab5d7955c1d317ee166d2af43aba4c5b49d578d680b9dfd1332a219	S013482	1	P02	LIFETIMES.tsv	96646	ownership	aarch64	include/linux/audit_arch.h	global	compat_chattr_class	30	PENDING_REVIEW	SOURCE_REVIEWED_VALUE	COMPLETE	vendor/linux/include/linux/audit_arch.h;vendor/linux/include/linux/audit_arch.h:30;header-context=PENDING_REVIEW	425f94c2954b1fe80ebdbf9b29854e89750355df	bc18b8668dc6762cc5826b2913a69499df19a8ee78081d53cb5c27a069ff3638	3a024b1a0dc22ee85942d5db7159e6424f44dac4e011a47c123e0ed35fcd7cd3	0123af9e96b58af4e98b91a2de5608d36b63c67864b9041d3340587f3dbe40d2	cfa8dcf0d81c408de38d4202fe1ce9d9e5e301d1e67439c9530da94b1e64ee3f	0e7e60940dd21c28f3d10965325f70644fc000495a2d61984437dec666da93d8
semantic-proposal-v1	SC1-b5d1ed68e1a85de674edbeda14469df2809ead67a4b01495b4e8d9c1cf7587c7	S013482	1	P02	LIFETIMES.tsv	96646	status	aarch64	include/linux/audit_arch.h	global	compat_chattr_class	30	PENDING_REVIEW	COMPLETE	COMPLETE	vendor/linux/include/linux/audit_arch.h;vendor/linux/include/linux/audit_arch.h:30;header-context=PENDING_REVIEW	425f94c2954b1fe80ebdbf9b29854e89750355df	bc18b8668dc6762cc5826b2913a69499df19a8ee78081d53cb5c27a069ff3638	3a024b1a0dc22ee85942d5db7159e6424f44dac4e011a47c123e0ed35fcd7cd3	0123af9e96b58af4e98b91a2de5608d36b63c67864b9041d3340587f3dbe40d2	cfa8dcf0d81c408de38d4202fe1ce9d9e5e301d1e67439c9530da94b1e64ee3f	0e7e60940dd21c28f3d10965325f70644fc000495a2d61984437dec666da93d8
semantic-proposal-v1	SC1-64fb9545ba6bf90cb5cc626257f7d08ec804c06de78f900bd67fb88e55def807	S013482	1	P02	LIFETIMES.tsv	96647	lifetime_contract	aarch64	include/linux/audit_arch.h	global	compat_signal_class	31	PENDING_REVIEW	SOURCE_REVIEWED_VALUE	COMPLETE	vendor/linux/include/linux/audit_arch.h;vendor/linux/include/linux/audit_arch.h:31;header-context=PENDING_REVIEW	425f94c2954b1fe80ebdbf9b29854e89750355df	bc18b8668dc6762cc5826b2913a69499df19a8ee78081d53cb5c27a069ff3638	3a024b1a0dc22ee85942d5db7159e6424f44dac4e011a47c123e0ed35fcd7cd3	0123af9e96b58af4e98b91a2de5608d36b63c67864b9041d3340587f3dbe40d2	cfa8dcf0d81c408de38d4202fe1ce9d9e5e301d1e67439c9530da94b1e64ee3f	0e7e60940dd21c28f3d10965325f70644fc000495a2d61984437dec666da93d8
semantic-proposal-v1	SC1-afe9cabdc5b5c08372ee5ea74ba9010d032bdcbf5fedf73e77831199ec8ecc2f	S013482	1	P02	LIFETIMES.tsv	96647	locking_rcu_refcount	aarch64	include/linux/audit_arch.h	global	compat_signal_class	31	PENDING_REVIEW	SOURCE_REVIEWED_VALUE	COMPLETE	vendor/linux/include/linux/audit_arch.h;vendor/linux/include/linux/audit_arch.h:31;header-context=PENDING_REVIEW	425f94c2954b1fe80ebdbf9b29854e89750355df	bc18b8668dc6762cc5826b2913a69499df19a8ee78081d53cb5c27a069ff3638	3a024b1a0dc22ee85942d5db7159e6424f44dac4e011a47c123e0ed35fcd7cd3	0123af9e96b58af4e98b91a2de5608d36b63c67864b9041d3340587f3dbe40d2	cfa8dcf0d81c408de38d4202fe1ce9d9e5e301d1e67439c9530da94b1e64ee3f	0e7e60940dd21c28f3d10965325f70644fc000495a2d61984437dec666da93d8
semantic-proposal-v1	SC1-c58d0c51a521ed0eebee3684ba55a60f293e3caa7aac8192ed48be978d62a662	S013482	1	P02	LIFETIMES.tsv	96647	ownership	aarch64	include/linux/audit_arch.h	global	compat_signal_class	31	PENDING_REVIEW	SOURCE_REVIEWED_VALUE	COMPLETE	vendor/linux/include/linux/audit_arch.h;vendor/linux/include/linux/audit_arch.h:31;header-context=PENDING_REVIEW	425f94c2954b1fe80ebdbf9b29854e89750355df	bc18b8668dc6762cc5826b2913a69499df19a8ee78081d53cb5c27a069ff3638	3a024b1a0dc22ee85942d5db7159e6424f44dac4e011a47c123e0ed35fcd7cd3	0123af9e96b58af4e98b91a2de5608d36b63c67864b9041d3340587f3dbe40d2	cfa8dcf0d81c408de38d4202fe1ce9d9e5e301d1e67439c9530da94b1e64ee3f	0e7e60940dd21c28f3d10965325f70644fc000495a2d61984437dec666da93d8
semantic-proposal-v1	SC1-265a46ef732a143be0ab94b56c3523f8534bb626b830f36216a85c55d06d8e9d	S013482	1	P02	LIFETIMES.tsv	96647	status	aarch64	include/linux/audit_arch.h	global	compat_signal_class	31	PENDING_REVIEW	COMPLETE	COMPLETE	vendor/linux/include/linux/audit_arch.h;vendor/linux/include/linux/audit_arch.h:31;header-context=PENDING_REVIEW	425f94c2954b1fe80ebdbf9b29854e89750355df	bc18b8668dc6762cc5826b2913a69499df19a8ee78081d53cb5c27a069ff3638	3a024b1a0dc22ee85942d5db7159e6424f44dac4e011a47c123e0ed35fcd7cd3	0123af9e96b58af4e98b91a2de5608d36b63c67864b9041d3340587f3dbe40d2	cfa8dcf0d81c408de38d4202fe1ce9d9e5e301d1e67439c9530da94b1e64ee3f	0e7e60940dd21c28f3d10965325f70644fc000495a2d61984437dec666da93d8
semantic-proposal-v1	SC1-a7658b9057479c5691eaba056a4f672a2351e6ce44c5288395b167f6b344b1bc	S013482	1	P02	LIFETIMES.tsv	96648	lifetime_contract	x86_64	include/linux/audit_arch.h	type	enum auditsc_class_t	12	PENDING_REVIEW	SOURCE_REVIEWED_VALUE	COMPLETE	vendor/linux/include/linux/audit_arch.h;vendor/linux/include/linux/audit_arch.h:12;header-context=PENDING_REVIEW	425f94c2954b1fe80ebdbf9b29854e89750355df	bc18b8668dc6762cc5826b2913a69499df19a8ee78081d53cb5c27a069ff3638	3a024b1a0dc22ee85942d5db7159e6424f44dac4e011a47c123e0ed35fcd7cd3	0123af9e96b58af4e98b91a2de5608d36b63c67864b9041d3340587f3dbe40d2	cfa8dcf0d81c408de38d4202fe1ce9d9e5e301d1e67439c9530da94b1e64ee3f	0e7e60940dd21c28f3d10965325f70644fc000495a2d61984437dec666da93d8
semantic-proposal-v1	SC1-33dce71b1e67eaeee6f1552e888b9a6ae22870abb83e540c81efd10329145f33	S013482	1	P02	LIFETIMES.tsv	96648	locking_rcu_refcount	x86_64	include/linux/audit_arch.h	type	enum auditsc_class_t	12	PENDING_REVIEW	SOURCE_REVIEWED_VALUE	COMPLETE	vendor/linux/include/linux/audit_arch.h;vendor/linux/include/linux/audit_arch.h:12;header-context=PENDING_REVIEW	425f94c2954b1fe80ebdbf9b29854e89750355df	bc18b8668dc6762cc5826b2913a69499df19a8ee78081d53cb5c27a069ff3638	3a024b1a0dc22ee85942d5db7159e6424f44dac4e011a47c123e0ed35fcd7cd3	0123af9e96b58af4e98b91a2de5608d36b63c67864b9041d3340587f3dbe40d2	cfa8dcf0d81c408de38d4202fe1ce9d9e5e301d1e67439c9530da94b1e64ee3f	0e7e60940dd21c28f3d10965325f70644fc000495a2d61984437dec666da93d8
semantic-proposal-v1	SC1-fce9bd129657fc5c632a8ffbb930b5cd388300bc71f7b6cffe23813ff274acda	S013482	1	P02	LIFETIMES.tsv	96648	ownership	x86_64	include/linux/audit_arch.h	type	enum auditsc_class_t	12	PENDING_REVIEW	SOURCE_REVIEWED_VALUE	COMPLETE	vendor/linux/include/linux/audit_arch.h;vendor/linux/include/linux/audit_arch.h:12;header-context=PENDING_REVIEW	425f94c2954b1fe80ebdbf9b29854e89750355df	bc18b8668dc6762cc5826b2913a69499df19a8ee78081d53cb5c27a069ff3638	3a024b1a0dc22ee85942d5db7159e6424f44dac4e011a47c123e0ed35fcd7cd3	0123af9e96b58af4e98b91a2de5608d36b63c67864b9041d3340587f3dbe40d2	cfa8dcf0d81c408de38d4202fe1ce9d9e5e301d1e67439c9530da94b1e64ee3f	0e7e60940dd21c28f3d10965325f70644fc000495a2d61984437dec666da93d8
semantic-proposal-v1	SC1-70e369c6ee361dd21a44a5de364164aef723b144ee184f1aba47aaedd657b4fd	S013482	1	P02	LIFETIMES.tsv	96648	status	x86_64	include/linux/audit_arch.h	type	enum auditsc_class_t	12	PENDING_REVIEW	COMPLETE	COMPLETE	vendor/linux/include/linux/audit_arch.h;vendor/linux/include/linux/audit_arch.h:12;header-context=PENDING_REVIEW	425f94c2954b1fe80ebdbf9b29854e89750355df	bc18b8668dc6762cc5826b2913a69499df19a8ee78081d53cb5c27a069ff3638	3a024b1a0dc22ee85942d5db7159e6424f44dac4e011a47c123e0ed35fcd7cd3	0123af9e96b58af4e98b91a2de5608d36b63c67864b9041d3340587f3dbe40d2	cfa8dcf0d81c408de38d4202fe1ce9d9e5e301d1e67439c9530da94b1e64ee3f	0e7e60940dd21c28f3d10965325f70644fc000495a2d61984437dec666da93d8
semantic-proposal-v1	SC1-c80f93cb3e7e9e84360cee6862e5cdc42bb738ebe1f20d4684fe99bce4cba9cc	S013482	1	P02	LIFETIMES.tsv	96649	lifetime_contract	x86_64	include/linux/audit_arch.h	global	compat_write_class	27	PENDING_REVIEW	SOURCE_REVIEWED_VALUE	COMPLETE	vendor/linux/include/linux/audit_arch.h;vendor/linux/include/linux/audit_arch.h:27;header-context=PENDING_REVIEW	425f94c2954b1fe80ebdbf9b29854e89750355df	bc18b8668dc6762cc5826b2913a69499df19a8ee78081d53cb5c27a069ff3638	3a024b1a0dc22ee85942d5db7159e6424f44dac4e011a47c123e0ed35fcd7cd3	0123af9e96b58af4e98b91a2de5608d36b63c67864b9041d3340587f3dbe40d2	cfa8dcf0d81c408de38d4202fe1ce9d9e5e301d1e67439c9530da94b1e64ee3f	0e7e60940dd21c28f3d10965325f70644fc000495a2d61984437dec666da93d8
semantic-proposal-v1	SC1-fa9e81919b076f566f1f1300c689e6afcd26b53ea28cc75796d66e1cce0b8d78	S013482	1	P02	LIFETIMES.tsv	96649	locking_rcu_refcount	x86_64	include/linux/audit_arch.h	global	compat_write_class	27	PENDING_REVIEW	SOURCE_REVIEWED_VALUE	COMPLETE	vendor/linux/include/linux/audit_arch.h;vendor/linux/include/linux/audit_arch.h:27;header-context=PENDING_REVIEW	425f94c2954b1fe80ebdbf9b29854e89750355df	bc18b8668dc6762cc5826b2913a69499df19a8ee78081d53cb5c27a069ff3638	3a024b1a0dc22ee85942d5db7159e6424f44dac4e011a47c123e0ed35fcd7cd3	0123af9e96b58af4e98b91a2de5608d36b63c67864b9041d3340587f3dbe40d2	cfa8dcf0d81c408de38d4202fe1ce9d9e5e301d1e67439c9530da94b1e64ee3f	0e7e60940dd21c28f3d10965325f70644fc000495a2d61984437dec666da93d8
semantic-proposal-v1	SC1-ae5d8612655262216c0b8dce25bd891539385e10fa779ac0555e3c720b7ffcf3	S013482	1	P02	LIFETIMES.tsv	96649	ownership	x86_64	include/linux/audit_arch.h	global	compat_write_class	27	PENDING_REVIEW	SOURCE_REVIEWED_VALUE	COMPLETE	vendor/linux/include/linux/audit_arch.h;vendor/linux/include/linux/audit_arch.h:27;header-context=PENDING_REVIEW	425f94c2954b1fe80ebdbf9b29854e89750355df	bc18b8668dc6762cc5826b2913a69499df19a8ee78081d53cb5c27a069ff3638	3a024b1a0dc22ee85942d5db7159e6424f44dac4e011a47c123e0ed35fcd7cd3	0123af9e96b58af4e98b91a2de5608d36b63c67864b9041d3340587f3dbe40d2	cfa8dcf0d81c408de38d4202fe1ce9d9e5e301d1e67439c9530da94b1e64ee3f	0e7e60940dd21c28f3d10965325f70644fc000495a2d61984437dec666da93d8
semantic-proposal-v1	SC1-155790bb3d72f9b25d1a4d1ea5a3d918c4fc32bb79c1623482bbcd5dc36f856c	S013482	1	P02	LIFETIMES.tsv	96649	status	x86_64	include/linux/audit_arch.h	global	compat_write_class	27	PENDING_REVIEW	COMPLETE	COMPLETE	vendor/linux/include/linux/audit_arch.h;vendor/linux/include/linux/audit_arch.h:27;header-context=PENDING_REVIEW	425f94c2954b1fe80ebdbf9b29854e89750355df	bc18b8668dc6762cc5826b2913a69499df19a8ee78081d53cb5c27a069ff3638	3a024b1a0dc22ee85942d5db7159e6424f44dac4e011a47c123e0ed35fcd7cd3	0123af9e96b58af4e98b91a2de5608d36b63c67864b9041d3340587f3dbe40d2	cfa8dcf0d81c408de38d4202fe1ce9d9e5e301d1e67439c9530da94b1e64ee3f	0e7e60940dd21c28f3d10965325f70644fc000495a2d61984437dec666da93d8
semantic-proposal-v1	SC1-27fe31b787cb0eef35aa0ec7221ef2e73e0f123cb79c51eee5d4c5f028f4953b	S013482	1	P02	LIFETIMES.tsv	96650	lifetime_contract	x86_64	include/linux/audit_arch.h	global	compat_read_class	28	PENDING_REVIEW	SOURCE_REVIEWED_VALUE	COMPLETE	vendor/linux/include/linux/audit_arch.h;vendor/linux/include/linux/audit_arch.h:28;header-context=PENDING_REVIEW	425f94c2954b1fe80ebdbf9b29854e89750355df	bc18b8668dc6762cc5826b2913a69499df19a8ee78081d53cb5c27a069ff3638	3a024b1a0dc22ee85942d5db7159e6424f44dac4e011a47c123e0ed35fcd7cd3	0123af9e96b58af4e98b91a2de5608d36b63c67864b9041d3340587f3dbe40d2	cfa8dcf0d81c408de38d4202fe1ce9d9e5e301d1e67439c9530da94b1e64ee3f	0e7e60940dd21c28f3d10965325f70644fc000495a2d61984437dec666da93d8
semantic-proposal-v1	SC1-3ca08428491eab793b6c71daf52554cc3c678a898f29118fa9be3a567e614528	S013482	1	P02	LIFETIMES.tsv	96650	locking_rcu_refcount	x86_64	include/linux/audit_arch.h	global	compat_read_class	28	PENDING_REVIEW	SOURCE_REVIEWED_VALUE	COMPLETE	vendor/linux/include/linux/audit_arch.h;vendor/linux/include/linux/audit_arch.h:28;header-context=PENDING_REVIEW	425f94c2954b1fe80ebdbf9b29854e89750355df	bc18b8668dc6762cc5826b2913a69499df19a8ee78081d53cb5c27a069ff3638	3a024b1a0dc22ee85942d5db7159e6424f44dac4e011a47c123e0ed35fcd7cd3	0123af9e96b58af4e98b91a2de5608d36b63c67864b9041d3340587f3dbe40d2	cfa8dcf0d81c408de38d4202fe1ce9d9e5e301d1e67439c9530da94b1e64ee3f	0e7e60940dd21c28f3d10965325f70644fc000495a2d61984437dec666da93d8
semantic-proposal-v1	SC1-ebac6e6f10c2557b0721b5fa0a8bd621eb4958da4f12867d1fc92b30ca7aee69	S013482	1	P02	LIFETIMES.tsv	96650	ownership	x86_64	include/linux/audit_arch.h	global	compat_read_class	28	PENDING_REVIEW	SOURCE_REVIEWED_VALUE	COMPLETE	vendor/linux/include/linux/audit_arch.h;vendor/linux/include/linux/audit_arch.h:28;header-context=PENDING_REVIEW	425f94c2954b1fe80ebdbf9b29854e89750355df	bc18b8668dc6762cc5826b2913a69499df19a8ee78081d53cb5c27a069ff3638	3a024b1a0dc22ee85942d5db7159e6424f44dac4e011a47c123e0ed35fcd7cd3	0123af9e96b58af4e98b91a2de5608d36b63c67864b9041d3340587f3dbe40d2	cfa8dcf0d81c408de38d4202fe1ce9d9e5e301d1e67439c9530da94b1e64ee3f	0e7e60940dd21c28f3d10965325f70644fc000495a2d61984437dec666da93d8
semantic-proposal-v1	SC1-6a3b2e968cebeb6e9b8eb74a935658bab4f50bda6a10eb1ec79f302fc89bb955	S013482	1	P02	LIFETIMES.tsv	96650	status	x86_64	include/linux/audit_arch.h	global	compat_read_class	28	PENDING_REVIEW	COMPLETE	COMPLETE	vendor/linux/include/linux/audit_arch.h;vendor/linux/include/linux/audit_arch.h:28;header-context=PENDING_REVIEW	425f94c2954b1fe80ebdbf9b29854e89750355df	bc18b8668dc6762cc5826b2913a69499df19a8ee78081d53cb5c27a069ff3638	3a024b1a0dc22ee85942d5db7159e6424f44dac4e011a47c123e0ed35fcd7cd3	0123af9e96b58af4e98b91a2de5608d36b63c67864b9041d3340587f3dbe40d2	cfa8dcf0d81c408de38d4202fe1ce9d9e5e301d1e67439c9530da94b1e64ee3f	0e7e60940dd21c28f3d10965325f70644fc000495a2d61984437dec666da93d8
semantic-proposal-v1	SC1-bec5a132940495b50e3b6508fb19c05e84d74420e8e0646910b6715187cb35f1	S013482	1	P02	LIFETIMES.tsv	96651	lifetime_contract	x86_64	include/linux/audit_arch.h	global	compat_dir_class	29	PENDING_REVIEW	SOURCE_REVIEWED_VALUE	COMPLETE	vendor/linux/include/linux/audit_arch.h;vendor/linux/include/linux/audit_arch.h:29;header-context=PENDING_REVIEW	425f94c2954b1fe80ebdbf9b29854e89750355df	bc18b8668dc6762cc5826b2913a69499df19a8ee78081d53cb5c27a069ff3638	3a024b1a0dc22ee85942d5db7159e6424f44dac4e011a47c123e0ed35fcd7cd3	0123af9e96b58af4e98b91a2de5608d36b63c67864b9041d3340587f3dbe40d2	cfa8dcf0d81c408de38d4202fe1ce9d9e5e301d1e67439c9530da94b1e64ee3f	0e7e60940dd21c28f3d10965325f70644fc000495a2d61984437dec666da93d8
semantic-proposal-v1	SC1-913a04c97ae59bb16217da793466b5ab06f151f8061df73efc26d963dffc6f11	S013482	1	P02	LIFETIMES.tsv	96651	locking_rcu_refcount	x86_64	include/linux/audit_arch.h	global	compat_dir_class	29	PENDING_REVIEW	SOURCE_REVIEWED_VALUE	COMPLETE	vendor/linux/include/linux/audit_arch.h;vendor/linux/include/linux/audit_arch.h:29;header-context=PENDING_REVIEW	425f94c2954b1fe80ebdbf9b29854e89750355df	bc18b8668dc6762cc5826b2913a69499df19a8ee78081d53cb5c27a069ff3638	3a024b1a0dc22ee85942d5db7159e6424f44dac4e011a47c123e0ed35fcd7cd3	0123af9e96b58af4e98b91a2de5608d36b63c67864b9041d3340587f3dbe40d2	cfa8dcf0d81c408de38d4202fe1ce9d9e5e301d1e67439c9530da94b1e64ee3f	0e7e60940dd21c28f3d10965325f70644fc000495a2d61984437dec666da93d8
semantic-proposal-v1	SC1-24e60dbb42e11306c6eb0a55a3f4efc9d4433201ef23abee0465de7a4d9881bf	S013482	1	P02	LIFETIMES.tsv	96651	ownership	x86_64	include/linux/audit_arch.h	global	compat_dir_class	29	PENDING_REVIEW	SOURCE_REVIEWED_VALUE	COMPLETE	vendor/linux/include/linux/audit_arch.h;vendor/linux/include/linux/audit_arch.h:29;header-context=PENDING_REVIEW	425f94c2954b1fe80ebdbf9b29854e89750355df	bc18b8668dc6762cc5826b2913a69499df19a8ee78081d53cb5c27a069ff3638	3a024b1a0dc22ee85942d5db7159e6424f44dac4e011a47c123e0ed35fcd7cd3	0123af9e96b58af4e98b91a2de5608d36b63c67864b9041d3340587f3dbe40d2	cfa8dcf0d81c408de38d4202fe1ce9d9e5e301d1e67439c9530da94b1e64ee3f	0e7e60940dd21c28f3d10965325f70644fc000495a2d61984437dec666da93d8
semantic-proposal-v1	SC1-f81140d6b8ce1b894a62ff1388708985bc32fab3c99a7610f0e3043d96349685	S013482	1	P02	LIFETIMES.tsv	96651	status	x86_64	include/linux/audit_arch.h	global	compat_dir_class	29	PENDING_REVIEW	COMPLETE	COMPLETE	vendor/linux/include/linux/audit_arch.h;vendor/linux/include/linux/audit_arch.h:29;header-context=PENDING_REVIEW	425f94c2954b1fe80ebdbf9b29854e89750355df	bc18b8668dc6762cc5826b2913a69499df19a8ee78081d53cb5c27a069ff3638	3a024b1a0dc22ee85942d5db7159e6424f44dac4e011a47c123e0ed35fcd7cd3	0123af9e96b58af4e98b91a2de5608d36b63c67864b9041d3340587f3dbe40d2	cfa8dcf0d81c408de38d4202fe1ce9d9e5e301d1e67439c9530da94b1e64ee3f	0e7e60940dd21c28f3d10965325f70644fc000495a2d61984437dec666da93d8
semantic-proposal-v1	SC1-3fe75f0faea0489dda81b48e9fb7f552a0f700d883af373873275c54929d69cc	S013482	1	P02	LIFETIMES.tsv	96652	lifetime_contract	x86_64	include/linux/audit_arch.h	global	compat_chattr_class	30	PENDING_REVIEW	SOURCE_REVIEWED_VALUE	COMPLETE	vendor/linux/include/linux/audit_arch.h;vendor/linux/include/linux/audit_arch.h:30;header-context=PENDING_REVIEW	425f94c2954b1fe80ebdbf9b29854e89750355df	bc18b8668dc6762cc5826b2913a69499df19a8ee78081d53cb5c27a069ff3638	3a024b1a0dc22ee85942d5db7159e6424f44dac4e011a47c123e0ed35fcd7cd3	0123af9e96b58af4e98b91a2de5608d36b63c67864b9041d3340587f3dbe40d2	cfa8dcf0d81c408de38d4202fe1ce9d9e5e301d1e67439c9530da94b1e64ee3f	0e7e60940dd21c28f3d10965325f70644fc000495a2d61984437dec666da93d8
semantic-proposal-v1	SC1-5e98e0c6d9d78856014914a5769f2ba25ce5da3d3f2da01173f98963c5ae1677	S013482	1	P02	LIFETIMES.tsv	96652	locking_rcu_refcount	x86_64	include/linux/audit_arch.h	global	compat_chattr_class	30	PENDING_REVIEW	SOURCE_REVIEWED_VALUE	COMPLETE	vendor/linux/include/linux/audit_arch.h;vendor/linux/include/linux/audit_arch.h:30;header-context=PENDING_REVIEW	425f94c2954b1fe80ebdbf9b29854e89750355df	bc18b8668dc6762cc5826b2913a69499df19a8ee78081d53cb5c27a069ff3638	3a024b1a0dc22ee85942d5db7159e6424f44dac4e011a47c123e0ed35fcd7cd3	0123af9e96b58af4e98b91a2de5608d36b63c67864b9041d3340587f3dbe40d2	cfa8dcf0d81c408de38d4202fe1ce9d9e5e301d1e67439c9530da94b1e64ee3f	0e7e60940dd21c28f3d10965325f70644fc000495a2d61984437dec666da93d8
semantic-proposal-v1	SC1-f3fefe365ba3b9555bc427ffcdb5cb420f528bb2c16c380c5497cac507eec82f	S013482	1	P02	LIFETIMES.tsv	96652	ownership	x86_64	include/linux/audit_arch.h	global	compat_chattr_class	30	PENDING_REVIEW	SOURCE_REVIEWED_VALUE	COMPLETE	vendor/linux/include/linux/audit_arch.h;vendor/linux/include/linux/audit_arch.h:30;header-context=PENDING_REVIEW	425f94c2954b1fe80ebdbf9b29854e89750355df	bc18b8668dc6762cc5826b2913a69499df19a8ee78081d53cb5c27a069ff3638	3a024b1a0dc22ee85942d5db7159e6424f44dac4e011a47c123e0ed35fcd7cd3	0123af9e96b58af4e98b91a2de5608d36b63c67864b9041d3340587f3dbe40d2	cfa8dcf0d81c408de38d4202fe1ce9d9e5e301d1e67439c9530da94b1e64ee3f	0e7e60940dd21c28f3d10965325f70644fc000495a2d61984437dec666da93d8
semantic-proposal-v1	SC1-27ce581f5aaa8aa71b61d2d96716802d4095fa2799ec68173818b4a1ec65ed60	S013482	1	P02	LIFETIMES.tsv	96652	status	x86_64	include/linux/audit_arch.h	global	compat_chattr_class	30	PENDING_REVIEW	COMPLETE	COMPLETE	vendor/linux/include/linux/audit_arch.h;vendor/linux/include/linux/audit_arch.h:30;header-context=PENDING_REVIEW	425f94c2954b1fe80ebdbf9b29854e89750355df	bc18b8668dc6762cc5826b2913a69499df19a8ee78081d53cb5c27a069ff3638	3a024b1a0dc22ee85942d5db7159e6424f44dac4e011a47c123e0ed35fcd7cd3	0123af9e96b58af4e98b91a2de5608d36b63c67864b9041d3340587f3dbe40d2	cfa8dcf0d81c408de38d4202fe1ce9d9e5e301d1e67439c9530da94b1e64ee3f	0e7e60940dd21c28f3d10965325f70644fc000495a2d61984437dec666da93d8
semantic-proposal-v1	SC1-7e8bb9bccba140496d2d295419f42070992696f4ef5a5d36815de90e027f50eb	S013482	1	P02	LIFETIMES.tsv	96653	lifetime_contract	x86_64	include/linux/audit_arch.h	global	compat_signal_class	31	PENDING_REVIEW	SOURCE_REVIEWED_VALUE	COMPLETE	vendor/linux/include/linux/audit_arch.h;vendor/linux/include/linux/audit_arch.h:31;header-context=PENDING_REVIEW	425f94c2954b1fe80ebdbf9b29854e89750355df	bc18b8668dc6762cc5826b2913a69499df19a8ee78081d53cb5c27a069ff3638	3a024b1a0dc22ee85942d5db7159e6424f44dac4e011a47c123e0ed35fcd7cd3	0123af9e96b58af4e98b91a2de5608d36b63c67864b9041d3340587f3dbe40d2	cfa8dcf0d81c408de38d4202fe1ce9d9e5e301d1e67439c9530da94b1e64ee3f	0e7e60940dd21c28f3d10965325f70644fc000495a2d61984437dec666da93d8
semantic-proposal-v1	SC1-2a766133355adb462ec71281d129eb510738e28942ce80aeae34a7506b545457	S013482	1	P02	LIFETIMES.tsv	96653	locking_rcu_refcount	x86_64	include/linux/audit_arch.h	global	compat_signal_class	31	PENDING_REVIEW	SOURCE_REVIEWED_VALUE	COMPLETE	vendor/linux/include/linux/audit_arch.h;vendor/linux/include/linux/audit_arch.h:31;header-context=PENDING_REVIEW	425f94c2954b1fe80ebdbf9b29854e89750355df	bc18b8668dc6762cc5826b2913a69499df19a8ee78081d53cb5c27a069ff3638	3a024b1a0dc22ee85942d5db7159e6424f44dac4e011a47c123e0ed35fcd7cd3	0123af9e96b58af4e98b91a2de5608d36b63c67864b9041d3340587f3dbe40d2	cfa8dcf0d81c408de38d4202fe1ce9d9e5e301d1e67439c9530da94b1e64ee3f	0e7e60940dd21c28f3d10965325f70644fc000495a2d61984437dec666da93d8
semantic-proposal-v1	SC1-3b1d5a37c424475c0e7d5cb0772ddc9f0335181db560d188f7aedcf548e170e8	S013482	1	P02	LIFETIMES.tsv	96653	ownership	x86_64	include/linux/audit_arch.h	global	compat_signal_class	31	PENDING_REVIEW	SOURCE_REVIEWED_VALUE	COMPLETE	vendor/linux/include/linux/audit_arch.h;vendor/linux/include/linux/audit_arch.h:31;header-context=PENDING_REVIEW	425f94c2954b1fe80ebdbf9b29854e89750355df	bc18b8668dc6762cc5826b2913a69499df19a8ee78081d53cb5c27a069ff3638	3a024b1a0dc22ee85942d5db7159e6424f44dac4e011a47c123e0ed35fcd7cd3	0123af9e96b58af4e98b91a2de5608d36b63c67864b9041d3340587f3dbe40d2	cfa8dcf0d81c408de38d4202fe1ce9d9e5e301d1e67439c9530da94b1e64ee3f	0e7e60940dd21c28f3d10965325f70644fc000495a2d61984437dec666da93d8
semantic-proposal-v1	SC1-d21fd00c9919e7d1d0663233ce8e5c055ee7cfb2e67c378d9cedbc4168cbb7a8	S013482	1	P02	LIFETIMES.tsv	96653	status	x86_64	include/linux/audit_arch.h	global	compat_signal_class	31	PENDING_REVIEW	COMPLETE	COMPLETE	vendor/linux/include/linux/audit_arch.h;vendor/linux/include/linux/audit_arch.h:31;header-context=PENDING_REVIEW	425f94c2954b1fe80ebdbf9b29854e89750355df	bc18b8668dc6762cc5826b2913a69499df19a8ee78081d53cb5c27a069ff3638	3a024b1a0dc22ee85942d5db7159e6424f44dac4e011a47c123e0ed35fcd7cd3	0123af9e96b58af4e98b91a2de5608d36b63c67864b9041d3340587f3dbe40d2	cfa8dcf0d81c408de38d4202fe1ce9d9e5e301d1e67439c9530da94b1e64ee3f	0e7e60940dd21c28f3d10965325f70644fc000495a2d61984437dec666da93d8
