schema_version	record_key	task_id	attempt	pipeline_id	manifest	base_row	field	architecture	linux_path	record_kind	symbol_name	source_line	old_value	final_value	decision_status	source_citations	linux_sha	candidate_sha256	implementation_sha256	phase0_identity_sha256	queue_fingerprint	base_manifest_sha256
semantic-proposal-v1	SC1-70fb20e692e30de219f503ffc7377d592c044989091f44e9568a1f40aef896e2	S016099	1	P02	SCOPE.tsv	16100	semantic_status	aarch64	include/uapi/linux/dev_energymodel.h	scope	S016099	0	PENDING_REVIEW	COMPLETE	COMPLETE	vendor/linux/include/uapi/linux/dev_energymodel.h;rewrite/metadata/header_closure.tsv	425f94c2954b1fe80ebdbf9b29854e89750355df	8be63e155b2159dd3867abce2074bf1f4ca624830ad9afd041fd8e9bc76bb310	3306f5bcdaf56c077506ec18a28e52a5906131a0bb2ae8ab4462c533e42f0faf	0123af9e96b58af4e98b91a2de5608d36b63c67864b9041d3340587f3dbe40d2	cfa8dcf0d81c408de38d4202fe1ce9d9e5e301d1e67439c9530da94b1e64ee3f	b83349e6731e17e5da5e04a0ea053487e8ac8d9269538dbdb367d83f77b17e0a
semantic-proposal-v1	SC1-ce905d9d52e3e45f4b515f7e5d316f3c72db01dbfa5bb8f1d96b6e9c5c5ea921	S016099	1	P02	SYMBOLS.tsv	357483	status	aarch64	include/uapi/linux/dev_energymodel.h	conditional	ifndef@7	7	PENDING_REVIEW	COMPLETE	COMPLETE	vendor/linux/include/uapi/linux/dev_energymodel.h;vendor/linux/include/uapi/linux/dev_energymodel.h:7;rewrite/configs/aarch64/frozen.config;header_closure=rewrite/metadata/header_closure.tsv;selected=PENDING_REVIEW	425f94c2954b1fe80ebdbf9b29854e89750355df	8be63e155b2159dd3867abce2074bf1f4ca624830ad9afd041fd8e9bc76bb310	3306f5bcdaf56c077506ec18a28e52a5906131a0bb2ae8ab4462c533e42f0faf	0123af9e96b58af4e98b91a2de5608d36b63c67864b9041d3340587f3dbe40d2	cfa8dcf0d81c408de38d4202fe1ce9d9e5e301d1e67439c9530da94b1e64ee3f	7484d7b0dd80f45e18d726b04752827fe28555cc5c1af0e127948380e6688abf
semantic-proposal-v1	SC1-51935d9b5d70e41378df4d14bf623763af562e3be4261aa2a6a5a2fcf01b30b8	S016099	1	P02	SYMBOLS.tsv	357484	status	aarch64	include/uapi/linux/dev_energymodel.h	conditional	endif@82	82	PENDING_REVIEW	COMPLETE	COMPLETE	vendor/linux/include/uapi/linux/dev_energymodel.h;vendor/linux/include/uapi/linux/dev_energymodel.h:82;rewrite/configs/aarch64/frozen.config;header_closure=rewrite/metadata/header_closure.tsv;selected=PENDING_REVIEW	425f94c2954b1fe80ebdbf9b29854e89750355df	8be63e155b2159dd3867abce2074bf1f4ca624830ad9afd041fd8e9bc76bb310	3306f5bcdaf56c077506ec18a28e52a5906131a0bb2ae8ab4462c533e42f0faf	0123af9e96b58af4e98b91a2de5608d36b63c67864b9041d3340587f3dbe40d2	cfa8dcf0d81c408de38d4202fe1ce9d9e5e301d1e67439c9530da94b1e64ee3f	7484d7b0dd80f45e18d726b04752827fe28555cc5c1af0e127948380e6688abf
semantic-proposal-v1	SC1-765646d543c23e54f1d40764e823761b9ec3c5500bccdc571d5e847fd6dc3a9d	S016099	1	P02	SYMBOLS.tsv	357485	selection_expression	aarch64	include/uapi/linux/dev_energymodel.h	operative_macro	_UAPI_LINUX_DEV_ENERGYMODEL_H	8	PENDING_REVIEW	SOURCE_REVIEWED_VALUE	COMPLETE	vendor/linux/include/uapi/linux/dev_energymodel.h;vendor/linux/include/uapi/linux/dev_energymodel.h:8;rewrite/configs/aarch64/frozen.config;header_closure=rewrite/metadata/header_closure.tsv;selected=PENDING_REVIEW	425f94c2954b1fe80ebdbf9b29854e89750355df	8be63e155b2159dd3867abce2074bf1f4ca624830ad9afd041fd8e9bc76bb310	3306f5bcdaf56c077506ec18a28e52a5906131a0bb2ae8ab4462c533e42f0faf	0123af9e96b58af4e98b91a2de5608d36b63c67864b9041d3340587f3dbe40d2	cfa8dcf0d81c408de38d4202fe1ce9d9e5e301d1e67439c9530da94b1e64ee3f	7484d7b0dd80f45e18d726b04752827fe28555cc5c1af0e127948380e6688abf
semantic-proposal-v1	SC1-824462213af90ce8d5ae2a60bca507f60492c8afa1295c281f978effcf6035ab	S016099	1	P02	SYMBOLS.tsv	357485	status	aarch64	include/uapi/linux/dev_energymodel.h	operative_macro	_UAPI_LINUX_DEV_ENERGYMODEL_H	8	PENDING_REVIEW	COMPLETE	COMPLETE	vendor/linux/include/uapi/linux/dev_energymodel.h;vendor/linux/include/uapi/linux/dev_energymodel.h:8;rewrite/configs/aarch64/frozen.config;header_closure=rewrite/metadata/header_closure.tsv;selected=PENDING_REVIEW	425f94c2954b1fe80ebdbf9b29854e89750355df	8be63e155b2159dd3867abce2074bf1f4ca624830ad9afd041fd8e9bc76bb310	3306f5bcdaf56c077506ec18a28e52a5906131a0bb2ae8ab4462c533e42f0faf	0123af9e96b58af4e98b91a2de5608d36b63c67864b9041d3340587f3dbe40d2	cfa8dcf0d81c408de38d4202fe1ce9d9e5e301d1e67439c9530da94b1e64ee3f	7484d7b0dd80f45e18d726b04752827fe28555cc5c1af0e127948380e6688abf
semantic-proposal-v1	SC1-765c152908291fa365030afa9b47a9081f5795d0e5b1122f3c5ab34e2be019ed	S016099	1	P02	SYMBOLS.tsv	357486	selection_expression	aarch64	include/uapi/linux/dev_energymodel.h	operative_macro	DEV_ENERGYMODEL_FAMILY_NAME	10	PENDING_REVIEW	SOURCE_REVIEWED_VALUE	COMPLETE	vendor/linux/include/uapi/linux/dev_energymodel.h;vendor/linux/include/uapi/linux/dev_energymodel.h:10;rewrite/configs/aarch64/frozen.config;header_closure=rewrite/metadata/header_closure.tsv;selected=PENDING_REVIEW	425f94c2954b1fe80ebdbf9b29854e89750355df	8be63e155b2159dd3867abce2074bf1f4ca624830ad9afd041fd8e9bc76bb310	3306f5bcdaf56c077506ec18a28e52a5906131a0bb2ae8ab4462c533e42f0faf	0123af9e96b58af4e98b91a2de5608d36b63c67864b9041d3340587f3dbe40d2	cfa8dcf0d81c408de38d4202fe1ce9d9e5e301d1e67439c9530da94b1e64ee3f	7484d7b0dd80f45e18d726b04752827fe28555cc5c1af0e127948380e6688abf
semantic-proposal-v1	SC1-00ed72f8ab5a649e198506c1d66d70cf720d7d751a18eb06f10e2498d3c3014d	S016099	1	P02	SYMBOLS.tsv	357486	status	aarch64	include/uapi/linux/dev_energymodel.h	operative_macro	DEV_ENERGYMODEL_FAMILY_NAME	10	PENDING_REVIEW	COMPLETE	COMPLETE	vendor/linux/include/uapi/linux/dev_energymodel.h;vendor/linux/include/uapi/linux/dev_energymodel.h:10;rewrite/configs/aarch64/frozen.config;header_closure=rewrite/metadata/header_closure.tsv;selected=PENDING_REVIEW	425f94c2954b1fe80ebdbf9b29854e89750355df	8be63e155b2159dd3867abce2074bf1f4ca624830ad9afd041fd8e9bc76bb310	3306f5bcdaf56c077506ec18a28e52a5906131a0bb2ae8ab4462c533e42f0faf	0123af9e96b58af4e98b91a2de5608d36b63c67864b9041d3340587f3dbe40d2	cfa8dcf0d81c408de38d4202fe1ce9d9e5e301d1e67439c9530da94b1e64ee3f	7484d7b0dd80f45e18d726b04752827fe28555cc5c1af0e127948380e6688abf
semantic-proposal-v1	SC1-ebc34c14aad49d1ce5e2ea5c83594e5b0fa775d2e57902bd4bcae7e2000ad167	S016099	1	P02	SYMBOLS.tsv	357487	selection_expression	aarch64	include/uapi/linux/dev_energymodel.h	operative_macro	DEV_ENERGYMODEL_FAMILY_VERSION	11	PENDING_REVIEW	SOURCE_REVIEWED_VALUE	COMPLETE	vendor/linux/include/uapi/linux/dev_energymodel.h;vendor/linux/include/uapi/linux/dev_energymodel.h:11;rewrite/configs/aarch64/frozen.config;header_closure=rewrite/metadata/header_closure.tsv;selected=PENDING_REVIEW	425f94c2954b1fe80ebdbf9b29854e89750355df	8be63e155b2159dd3867abce2074bf1f4ca624830ad9afd041fd8e9bc76bb310	3306f5bcdaf56c077506ec18a28e52a5906131a0bb2ae8ab4462c533e42f0faf	0123af9e96b58af4e98b91a2de5608d36b63c67864b9041d3340587f3dbe40d2	cfa8dcf0d81c408de38d4202fe1ce9d9e5e301d1e67439c9530da94b1e64ee3f	7484d7b0dd80f45e18d726b04752827fe28555cc5c1af0e127948380e6688abf
semantic-proposal-v1	SC1-5d19d6e0118716f8467e219ffb4b9566e30ae3b44bb711c529dccdc258cf5904	S016099	1	P02	SYMBOLS.tsv	357487	status	aarch64	include/uapi/linux/dev_energymodel.h	operative_macro	DEV_ENERGYMODEL_FAMILY_VERSION	11	PENDING_REVIEW	COMPLETE	COMPLETE	vendor/linux/include/uapi/linux/dev_energymodel.h;vendor/linux/include/uapi/linux/dev_energymodel.h:11;rewrite/configs/aarch64/frozen.config;header_closure=rewrite/metadata/header_closure.tsv;selected=PENDING_REVIEW	425f94c2954b1fe80ebdbf9b29854e89750355df	8be63e155b2159dd3867abce2074bf1f4ca624830ad9afd041fd8e9bc76bb310	3306f5bcdaf56c077506ec18a28e52a5906131a0bb2ae8ab4462c533e42f0faf	0123af9e96b58af4e98b91a2de5608d36b63c67864b9041d3340587f3dbe40d2	cfa8dcf0d81c408de38d4202fe1ce9d9e5e301d1e67439c9530da94b1e64ee3f	7484d7b0dd80f45e18d726b04752827fe28555cc5c1af0e127948380e6688abf
semantic-proposal-v1	SC1-4370bf84a0062b1c58ad6cd55686213db529f6bea741fdb78b1662bbe9b71ae4	S016099	1	P02	SYMBOLS.tsv	357488	selection_expression	aarch64	include/uapi/linux/dev_energymodel.h	operative_macro	DEV_ENERGYMODEL_MCGRP_EVENT	80	PENDING_REVIEW	SOURCE_REVIEWED_VALUE	COMPLETE	vendor/linux/include/uapi/linux/dev_energymodel.h;vendor/linux/include/uapi/linux/dev_energymodel.h:80;rewrite/configs/aarch64/frozen.config;header_closure=rewrite/metadata/header_closure.tsv;selected=PENDING_REVIEW	425f94c2954b1fe80ebdbf9b29854e89750355df	8be63e155b2159dd3867abce2074bf1f4ca624830ad9afd041fd8e9bc76bb310	3306f5bcdaf56c077506ec18a28e52a5906131a0bb2ae8ab4462c533e42f0faf	0123af9e96b58af4e98b91a2de5608d36b63c67864b9041d3340587f3dbe40d2	cfa8dcf0d81c408de38d4202fe1ce9d9e5e301d1e67439c9530da94b1e64ee3f	7484d7b0dd80f45e18d726b04752827fe28555cc5c1af0e127948380e6688abf
semantic-proposal-v1	SC1-85643590bb9911bbdbf827f1ae025264c3163e9c01f2133325a18a7f2fec6fb8	S016099	1	P02	SYMBOLS.tsv	357488	status	aarch64	include/uapi/linux/dev_energymodel.h	operative_macro	DEV_ENERGYMODEL_MCGRP_EVENT	80	PENDING_REVIEW	COMPLETE	COMPLETE	vendor/linux/include/uapi/linux/dev_energymodel.h;vendor/linux/include/uapi/linux/dev_energymodel.h:80;rewrite/configs/aarch64/frozen.config;header_closure=rewrite/metadata/header_closure.tsv;selected=PENDING_REVIEW	425f94c2954b1fe80ebdbf9b29854e89750355df	8be63e155b2159dd3867abce2074bf1f4ca624830ad9afd041fd8e9bc76bb310	3306f5bcdaf56c077506ec18a28e52a5906131a0bb2ae8ab4462c533e42f0faf	0123af9e96b58af4e98b91a2de5608d36b63c67864b9041d3340587f3dbe40d2	cfa8dcf0d81c408de38d4202fe1ce9d9e5e301d1e67439c9530da94b1e64ee3f	7484d7b0dd80f45e18d726b04752827fe28555cc5c1af0e127948380e6688abf
semantic-proposal-v1	SC1-f7b0188adf2ae12788684d6d0bee8d49be81d618fe9fabd8d4bdb14f2b64aa95	S016099	1	P02	SYMBOLS.tsv	357489	selection_expression	aarch64	include/uapi/linux/dev_energymodel.h	type	enum dev_energymodel_perf_state_flags	19	PENDING_REVIEW	SOURCE_REVIEWED_VALUE	COMPLETE	vendor/linux/include/uapi/linux/dev_energymodel.h;vendor/linux/include/uapi/linux/dev_energymodel.h:19;rewrite/configs/aarch64/frozen.config;header_closure=rewrite/metadata/header_closure.tsv;selected=PENDING_REVIEW	425f94c2954b1fe80ebdbf9b29854e89750355df	8be63e155b2159dd3867abce2074bf1f4ca624830ad9afd041fd8e9bc76bb310	3306f5bcdaf56c077506ec18a28e52a5906131a0bb2ae8ab4462c533e42f0faf	0123af9e96b58af4e98b91a2de5608d36b63c67864b9041d3340587f3dbe40d2	cfa8dcf0d81c408de38d4202fe1ce9d9e5e301d1e67439c9530da94b1e64ee3f	7484d7b0dd80f45e18d726b04752827fe28555cc5c1af0e127948380e6688abf
semantic-proposal-v1	SC1-235269b6a35577f2d848e1ecc1414293b431ae2023580c8f8f6046dac42966b0	S016099	1	P02	SYMBOLS.tsv	357489	status	aarch64	include/uapi/linux/dev_energymodel.h	type	enum dev_energymodel_perf_state_flags	19	PENDING_REVIEW	COMPLETE	COMPLETE	vendor/linux/include/uapi/linux/dev_energymodel.h;vendor/linux/include/uapi/linux/dev_energymodel.h:19;rewrite/configs/aarch64/frozen.config;header_closure=rewrite/metadata/header_closure.tsv;selected=PENDING_REVIEW	425f94c2954b1fe80ebdbf9b29854e89750355df	8be63e155b2159dd3867abce2074bf1f4ca624830ad9afd041fd8e9bc76bb310	3306f5bcdaf56c077506ec18a28e52a5906131a0bb2ae8ab4462c533e42f0faf	0123af9e96b58af4e98b91a2de5608d36b63c67864b9041d3340587f3dbe40d2	cfa8dcf0d81c408de38d4202fe1ce9d9e5e301d1e67439c9530da94b1e64ee3f	7484d7b0dd80f45e18d726b04752827fe28555cc5c1af0e127948380e6688abf
semantic-proposal-v1	SC1-4cad72babcfdcf2853ce59e89807501cbcd76a510bf434fdbe8a7ee11f1fa3d7	S016099	1	P02	SYMBOLS.tsv	357490	selection_expression	aarch64	include/uapi/linux/dev_energymodel.h	enum_constant	DEV_ENERGYMODEL_PERF_STATE_FLAGS_PERF_STATE_INEFFICIENT	20	PENDING_REVIEW	SOURCE_REVIEWED_VALUE	COMPLETE	vendor/linux/include/uapi/linux/dev_energymodel.h;vendor/linux/include/uapi/linux/dev_energymodel.h:20;rewrite/configs/aarch64/frozen.config;header_closure=rewrite/metadata/header_closure.tsv;selected=PENDING_REVIEW	425f94c2954b1fe80ebdbf9b29854e89750355df	8be63e155b2159dd3867abce2074bf1f4ca624830ad9afd041fd8e9bc76bb310	3306f5bcdaf56c077506ec18a28e52a5906131a0bb2ae8ab4462c533e42f0faf	0123af9e96b58af4e98b91a2de5608d36b63c67864b9041d3340587f3dbe40d2	cfa8dcf0d81c408de38d4202fe1ce9d9e5e301d1e67439c9530da94b1e64ee3f	7484d7b0dd80f45e18d726b04752827fe28555cc5c1af0e127948380e6688abf
semantic-proposal-v1	SC1-b4e2ba688451d7c53bba8aba43a5b5358513c908a8f3151bc7ea42ae3e23ac28	S016099	1	P02	SYMBOLS.tsv	357490	status	aarch64	include/uapi/linux/dev_energymodel.h	enum_constant	DEV_ENERGYMODEL_PERF_STATE_FLAGS_PERF_STATE_INEFFICIENT	20	PENDING_REVIEW	COMPLETE	COMPLETE	vendor/linux/include/uapi/linux/dev_energymodel.h;vendor/linux/include/uapi/linux/dev_energymodel.h:20;rewrite/configs/aarch64/frozen.config;header_closure=rewrite/metadata/header_closure.tsv;selected=PENDING_REVIEW	425f94c2954b1fe80ebdbf9b29854e89750355df	8be63e155b2159dd3867abce2074bf1f4ca624830ad9afd041fd8e9bc76bb310	3306f5bcdaf56c077506ec18a28e52a5906131a0bb2ae8ab4462c533e42f0faf	0123af9e96b58af4e98b91a2de5608d36b63c67864b9041d3340587f3dbe40d2	cfa8dcf0d81c408de38d4202fe1ce9d9e5e301d1e67439c9530da94b1e64ee3f	7484d7b0dd80f45e18d726b04752827fe28555cc5c1af0e127948380e6688abf
semantic-proposal-v1	SC1-7e79bb18179c34d547b9e64dfa21720964330409d2e8c4031d44327ad53f4377	S016099	1	P02	SYMBOLS.tsv	357491	selection_expression	aarch64	include/uapi/linux/dev_energymodel.h	type	enum dev_energymodel_perf_domain_flags	33	PENDING_REVIEW	SOURCE_REVIEWED_VALUE	COMPLETE	vendor/linux/include/uapi/linux/dev_energymodel.h;vendor/linux/include/uapi/linux/dev_energymodel.h:33;rewrite/configs/aarch64/frozen.config;header_closure=rewrite/metadata/header_closure.tsv;selected=PENDING_REVIEW	425f94c2954b1fe80ebdbf9b29854e89750355df	8be63e155b2159dd3867abce2074bf1f4ca624830ad9afd041fd8e9bc76bb310	3306f5bcdaf56c077506ec18a28e52a5906131a0bb2ae8ab4462c533e42f0faf	0123af9e96b58af4e98b91a2de5608d36b63c67864b9041d3340587f3dbe40d2	cfa8dcf0d81c408de38d4202fe1ce9d9e5e301d1e67439c9530da94b1e64ee3f	7484d7b0dd80f45e18d726b04752827fe28555cc5c1af0e127948380e6688abf
semantic-proposal-v1	SC1-3ee531347b535eaed83a9e461d1f0c0df1cb8992270e9bb8446f12cce6bc7b54	S016099	1	P02	SYMBOLS.tsv	357491	status	aarch64	include/uapi/linux/dev_energymodel.h	type	enum dev_energymodel_perf_domain_flags	33	PENDING_REVIEW	COMPLETE	COMPLETE	vendor/linux/include/uapi/linux/dev_energymodel.h;vendor/linux/include/uapi/linux/dev_energymodel.h:33;rewrite/configs/aarch64/frozen.config;header_closure=rewrite/metadata/header_closure.tsv;selected=PENDING_REVIEW	425f94c2954b1fe80ebdbf9b29854e89750355df	8be63e155b2159dd3867abce2074bf1f4ca624830ad9afd041fd8e9bc76bb310	3306f5bcdaf56c077506ec18a28e52a5906131a0bb2ae8ab4462c533e42f0faf	0123af9e96b58af4e98b91a2de5608d36b63c67864b9041d3340587f3dbe40d2	cfa8dcf0d81c408de38d4202fe1ce9d9e5e301d1e67439c9530da94b1e64ee3f	7484d7b0dd80f45e18d726b04752827fe28555cc5c1af0e127948380e6688abf
semantic-proposal-v1	SC1-bb0c154b10f75bd484baef174256e815ecd3818b57776b31cfc3a136c5333c94	S016099	1	P02	SYMBOLS.tsv	357492	selection_expression	aarch64	include/uapi/linux/dev_energymodel.h	enum_constant	DEV_ENERGYMODEL_PERF_DOMAIN_FLAGS_PERF_DOMAIN_MICROWATTS	34	PENDING_REVIEW	SOURCE_REVIEWED_VALUE	COMPLETE	vendor/linux/include/uapi/linux/dev_energymodel.h;vendor/linux/include/uapi/linux/dev_energymodel.h:34;rewrite/configs/aarch64/frozen.config;header_closure=rewrite/metadata/header_closure.tsv;selected=PENDING_REVIEW	425f94c2954b1fe80ebdbf9b29854e89750355df	8be63e155b2159dd3867abce2074bf1f4ca624830ad9afd041fd8e9bc76bb310	3306f5bcdaf56c077506ec18a28e52a5906131a0bb2ae8ab4462c533e42f0faf	0123af9e96b58af4e98b91a2de5608d36b63c67864b9041d3340587f3dbe40d2	cfa8dcf0d81c408de38d4202fe1ce9d9e5e301d1e67439c9530da94b1e64ee3f	7484d7b0dd80f45e18d726b04752827fe28555cc5c1af0e127948380e6688abf
semantic-proposal-v1	SC1-b031732a26d933e5ab3a57cf006728be7bed8320b4a252e7f802efa09ff3211d	S016099	1	P02	SYMBOLS.tsv	357492	status	aarch64	include/uapi/linux/dev_energymodel.h	enum_constant	DEV_ENERGYMODEL_PERF_DOMAIN_FLAGS_PERF_DOMAIN_MICROWATTS	34	PENDING_REVIEW	COMPLETE	COMPLETE	vendor/linux/include/uapi/linux/dev_energymodel.h;vendor/linux/include/uapi/linux/dev_energymodel.h:34;rewrite/configs/aarch64/frozen.config;header_closure=rewrite/metadata/header_closure.tsv;selected=PENDING_REVIEW	425f94c2954b1fe80ebdbf9b29854e89750355df	8be63e155b2159dd3867abce2074bf1f4ca624830ad9afd041fd8e9bc76bb310	3306f5bcdaf56c077506ec18a28e52a5906131a0bb2ae8ab4462c533e42f0faf	0123af9e96b58af4e98b91a2de5608d36b63c67864b9041d3340587f3dbe40d2	cfa8dcf0d81c408de38d4202fe1ce9d9e5e301d1e67439c9530da94b1e64ee3f	7484d7b0dd80f45e18d726b04752827fe28555cc5c1af0e127948380e6688abf
semantic-proposal-v1	SC1-0a62eaba114f745cccda38767cc64149fc47764e261f8a039e6226739d696cce	S016099	1	P02	SYMBOLS.tsv	357493	selection_expression	aarch64	include/uapi/linux/dev_energymodel.h	enum_constant	DEV_ENERGYMODEL_PERF_DOMAIN_FLAGS_PERF_DOMAIN_SKIP_INEFFICIENCIES	35	PENDING_REVIEW	SOURCE_REVIEWED_VALUE	COMPLETE	vendor/linux/include/uapi/linux/dev_energymodel.h;vendor/linux/include/uapi/linux/dev_energymodel.h:35;rewrite/configs/aarch64/frozen.config;header_closure=rewrite/metadata/header_closure.tsv;selected=PENDING_REVIEW	425f94c2954b1fe80ebdbf9b29854e89750355df	8be63e155b2159dd3867abce2074bf1f4ca624830ad9afd041fd8e9bc76bb310	3306f5bcdaf56c077506ec18a28e52a5906131a0bb2ae8ab4462c533e42f0faf	0123af9e96b58af4e98b91a2de5608d36b63c67864b9041d3340587f3dbe40d2	cfa8dcf0d81c408de38d4202fe1ce9d9e5e301d1e67439c9530da94b1e64ee3f	7484d7b0dd80f45e18d726b04752827fe28555cc5c1af0e127948380e6688abf
semantic-proposal-v1	SC1-b5bb7410bea4b220de8c3e1580bea8754c99d463d143f4c9d8c1c586a3034beb	S016099	1	P02	SYMBOLS.tsv	357493	status	aarch64	include/uapi/linux/dev_energymodel.h	enum_constant	DEV_ENERGYMODEL_PERF_DOMAIN_FLAGS_PERF_DOMAIN_SKIP_INEFFICIENCIES	35	PENDING_REVIEW	COMPLETE	COMPLETE	vendor/linux/include/uapi/linux/dev_energymodel.h;vendor/linux/include/uapi/linux/dev_energymodel.h:35;rewrite/configs/aarch64/frozen.config;header_closure=rewrite/metadata/header_closure.tsv;selected=PENDING_REVIEW	425f94c2954b1fe80ebdbf9b29854e89750355df	8be63e155b2159dd3867abce2074bf1f4ca624830ad9afd041fd8e9bc76bb310	3306f5bcdaf56c077506ec18a28e52a5906131a0bb2ae8ab4462c533e42f0faf	0123af9e96b58af4e98b91a2de5608d36b63c67864b9041d3340587f3dbe40d2	cfa8dcf0d81c408de38d4202fe1ce9d9e5e301d1e67439c9530da94b1e64ee3f	7484d7b0dd80f45e18d726b04752827fe28555cc5c1af0e127948380e6688abf
semantic-proposal-v1	SC1-315b5fa8495d6e414681069796e440aabccbe56497b42cfd65d5f372e9165859	S016099	1	P02	SYMBOLS.tsv	357494	selection_expression	aarch64	include/uapi/linux/dev_energymodel.h	enum_constant	DEV_ENERGYMODEL_PERF_DOMAIN_FLAGS_PERF_DOMAIN_ARTIFICIAL	36	PENDING_REVIEW	SOURCE_REVIEWED_VALUE	COMPLETE	vendor/linux/include/uapi/linux/dev_energymodel.h;vendor/linux/include/uapi/linux/dev_energymodel.h:36;rewrite/configs/aarch64/frozen.config;header_closure=rewrite/metadata/header_closure.tsv;selected=PENDING_REVIEW	425f94c2954b1fe80ebdbf9b29854e89750355df	8be63e155b2159dd3867abce2074bf1f4ca624830ad9afd041fd8e9bc76bb310	3306f5bcdaf56c077506ec18a28e52a5906131a0bb2ae8ab4462c533e42f0faf	0123af9e96b58af4e98b91a2de5608d36b63c67864b9041d3340587f3dbe40d2	cfa8dcf0d81c408de38d4202fe1ce9d9e5e301d1e67439c9530da94b1e64ee3f	7484d7b0dd80f45e18d726b04752827fe28555cc5c1af0e127948380e6688abf
semantic-proposal-v1	SC1-190388ace5f6ebe8412d5eae0cf1e54fcd7d84a29e9cd62abe4ea6d74ddb647e	S016099	1	P02	SYMBOLS.tsv	357494	status	aarch64	include/uapi/linux/dev_energymodel.h	enum_constant	DEV_ENERGYMODEL_PERF_DOMAIN_FLAGS_PERF_DOMAIN_ARTIFICIAL	36	PENDING_REVIEW	COMPLETE	COMPLETE	vendor/linux/include/uapi/linux/dev_energymodel.h;vendor/linux/include/uapi/linux/dev_energymodel.h:36;rewrite/configs/aarch64/frozen.config;header_closure=rewrite/metadata/header_closure.tsv;selected=PENDING_REVIEW	425f94c2954b1fe80ebdbf9b29854e89750355df	8be63e155b2159dd3867abce2074bf1f4ca624830ad9afd041fd8e9bc76bb310	3306f5bcdaf56c077506ec18a28e52a5906131a0bb2ae8ab4462c533e42f0faf	0123af9e96b58af4e98b91a2de5608d36b63c67864b9041d3340587f3dbe40d2	cfa8dcf0d81c408de38d4202fe1ce9d9e5e301d1e67439c9530da94b1e64ee3f	7484d7b0dd80f45e18d726b04752827fe28555cc5c1af0e127948380e6688abf
semantic-proposal-v1	SC1-bc944aa884f96e8fa1514d0c57061811e7146828d2a9179fa8e8b7a1a0cab3ff	S016099	1	P02	SYMBOLS.tsv	357495	selection_expression	aarch64	include/uapi/linux/dev_energymodel.h	type	anonymous_enum@39	39	PENDING_REVIEW	SOURCE_REVIEWED_VALUE	COMPLETE	vendor/linux/include/uapi/linux/dev_energymodel.h;vendor/linux/include/uapi/linux/dev_energymodel.h:39;rewrite/configs/aarch64/frozen.config;header_closure=rewrite/metadata/header_closure.tsv;selected=PENDING_REVIEW	425f94c2954b1fe80ebdbf9b29854e89750355df	8be63e155b2159dd3867abce2074bf1f4ca624830ad9afd041fd8e9bc76bb310	3306f5bcdaf56c077506ec18a28e52a5906131a0bb2ae8ab4462c533e42f0faf	0123af9e96b58af4e98b91a2de5608d36b63c67864b9041d3340587f3dbe40d2	cfa8dcf0d81c408de38d4202fe1ce9d9e5e301d1e67439c9530da94b1e64ee3f	7484d7b0dd80f45e18d726b04752827fe28555cc5c1af0e127948380e6688abf
semantic-proposal-v1	SC1-eb4e47d04b8802c334dd77b9e6cf033bb81ad65cfa1312269f01617d3e553a99	S016099	1	P02	SYMBOLS.tsv	357495	status	aarch64	include/uapi/linux/dev_energymodel.h	type	anonymous_enum@39	39	PENDING_REVIEW	COMPLETE	COMPLETE	vendor/linux/include/uapi/linux/dev_energymodel.h;vendor/linux/include/uapi/linux/dev_energymodel.h:39;rewrite/configs/aarch64/frozen.config;header_closure=rewrite/metadata/header_closure.tsv;selected=PENDING_REVIEW	425f94c2954b1fe80ebdbf9b29854e89750355df	8be63e155b2159dd3867abce2074bf1f4ca624830ad9afd041fd8e9bc76bb310	3306f5bcdaf56c077506ec18a28e52a5906131a0bb2ae8ab4462c533e42f0faf	0123af9e96b58af4e98b91a2de5608d36b63c67864b9041d3340587f3dbe40d2	cfa8dcf0d81c408de38d4202fe1ce9d9e5e301d1e67439c9530da94b1e64ee3f	7484d7b0dd80f45e18d726b04752827fe28555cc5c1af0e127948380e6688abf
semantic-proposal-v1	SC1-d054c9688f46b514be01ea5749214122001fb7991de806489f0f188bbefd787d	S016099	1	P02	SYMBOLS.tsv	357496	selection_expression	aarch64	include/uapi/linux/dev_energymodel.h	enum_constant	DEV_ENERGYMODEL_A_PERF_DOMAIN_PAD	40	PENDING_REVIEW	SOURCE_REVIEWED_VALUE	COMPLETE	vendor/linux/include/uapi/linux/dev_energymodel.h;vendor/linux/include/uapi/linux/dev_energymodel.h:40;rewrite/configs/aarch64/frozen.config;header_closure=rewrite/metadata/header_closure.tsv;selected=PENDING_REVIEW	425f94c2954b1fe80ebdbf9b29854e89750355df	8be63e155b2159dd3867abce2074bf1f4ca624830ad9afd041fd8e9bc76bb310	3306f5bcdaf56c077506ec18a28e52a5906131a0bb2ae8ab4462c533e42f0faf	0123af9e96b58af4e98b91a2de5608d36b63c67864b9041d3340587f3dbe40d2	cfa8dcf0d81c408de38d4202fe1ce9d9e5e301d1e67439c9530da94b1e64ee3f	7484d7b0dd80f45e18d726b04752827fe28555cc5c1af0e127948380e6688abf
semantic-proposal-v1	SC1-ad505cacabdfbd1a1155e9d2e3790138f9351c2ed154a905d8499a8d17b3ed07	S016099	1	P02	SYMBOLS.tsv	357496	status	aarch64	include/uapi/linux/dev_energymodel.h	enum_constant	DEV_ENERGYMODEL_A_PERF_DOMAIN_PAD	40	PENDING_REVIEW	COMPLETE	COMPLETE	vendor/linux/include/uapi/linux/dev_energymodel.h;vendor/linux/include/uapi/linux/dev_energymodel.h:40;rewrite/configs/aarch64/frozen.config;header_closure=rewrite/metadata/header_closure.tsv;selected=PENDING_REVIEW	425f94c2954b1fe80ebdbf9b29854e89750355df	8be63e155b2159dd3867abce2074bf1f4ca624830ad9afd041fd8e9bc76bb310	3306f5bcdaf56c077506ec18a28e52a5906131a0bb2ae8ab4462c533e42f0faf	0123af9e96b58af4e98b91a2de5608d36b63c67864b9041d3340587f3dbe40d2	cfa8dcf0d81c408de38d4202fe1ce9d9e5e301d1e67439c9530da94b1e64ee3f	7484d7b0dd80f45e18d726b04752827fe28555cc5c1af0e127948380e6688abf
semantic-proposal-v1	SC1-48e39daa773acf37bc77aeb0c4e3717f711266562a2452e090085964b0e5b409	S016099	1	P02	SYMBOLS.tsv	357497	selection_expression	aarch64	include/uapi/linux/dev_energymodel.h	enum_constant	DEV_ENERGYMODEL_A_PERF_DOMAIN_PERF_DOMAIN_ID	41	PENDING_REVIEW	SOURCE_REVIEWED_VALUE	COMPLETE	vendor/linux/include/uapi/linux/dev_energymodel.h;vendor/linux/include/uapi/linux/dev_energymodel.h:41;rewrite/configs/aarch64/frozen.config;header_closure=rewrite/metadata/header_closure.tsv;selected=PENDING_REVIEW	425f94c2954b1fe80ebdbf9b29854e89750355df	8be63e155b2159dd3867abce2074bf1f4ca624830ad9afd041fd8e9bc76bb310	3306f5bcdaf56c077506ec18a28e52a5906131a0bb2ae8ab4462c533e42f0faf	0123af9e96b58af4e98b91a2de5608d36b63c67864b9041d3340587f3dbe40d2	cfa8dcf0d81c408de38d4202fe1ce9d9e5e301d1e67439c9530da94b1e64ee3f	7484d7b0dd80f45e18d726b04752827fe28555cc5c1af0e127948380e6688abf
semantic-proposal-v1	SC1-4a76aeee1b0ac2ce10380b60231d4b047ea83dc172579d799acbb1d5cf4be950	S016099	1	P02	SYMBOLS.tsv	357497	status	aarch64	include/uapi/linux/dev_energymodel.h	enum_constant	DEV_ENERGYMODEL_A_PERF_DOMAIN_PERF_DOMAIN_ID	41	PENDING_REVIEW	COMPLETE	COMPLETE	vendor/linux/include/uapi/linux/dev_energymodel.h;vendor/linux/include/uapi/linux/dev_energymodel.h:41;rewrite/configs/aarch64/frozen.config;header_closure=rewrite/metadata/header_closure.tsv;selected=PENDING_REVIEW	425f94c2954b1fe80ebdbf9b29854e89750355df	8be63e155b2159dd3867abce2074bf1f4ca624830ad9afd041fd8e9bc76bb310	3306f5bcdaf56c077506ec18a28e52a5906131a0bb2ae8ab4462c533e42f0faf	0123af9e96b58af4e98b91a2de5608d36b63c67864b9041d3340587f3dbe40d2	cfa8dcf0d81c408de38d4202fe1ce9d9e5e301d1e67439c9530da94b1e64ee3f	7484d7b0dd80f45e18d726b04752827fe28555cc5c1af0e127948380e6688abf
semantic-proposal-v1	SC1-09147986e5240df3df14326de47e67f1e4064f1f0357de63728cd7b4ba3bc452	S016099	1	P02	SYMBOLS.tsv	357498	selection_expression	aarch64	include/uapi/linux/dev_energymodel.h	enum_constant	DEV_ENERGYMODEL_A_PERF_DOMAIN_FLAGS	42	PENDING_REVIEW	SOURCE_REVIEWED_VALUE	COMPLETE	vendor/linux/include/uapi/linux/dev_energymodel.h;vendor/linux/include/uapi/linux/dev_energymodel.h:42;rewrite/configs/aarch64/frozen.config;header_closure=rewrite/metadata/header_closure.tsv;selected=PENDING_REVIEW	425f94c2954b1fe80ebdbf9b29854e89750355df	8be63e155b2159dd3867abce2074bf1f4ca624830ad9afd041fd8e9bc76bb310	3306f5bcdaf56c077506ec18a28e52a5906131a0bb2ae8ab4462c533e42f0faf	0123af9e96b58af4e98b91a2de5608d36b63c67864b9041d3340587f3dbe40d2	cfa8dcf0d81c408de38d4202fe1ce9d9e5e301d1e67439c9530da94b1e64ee3f	7484d7b0dd80f45e18d726b04752827fe28555cc5c1af0e127948380e6688abf
semantic-proposal-v1	SC1-b7e02dc8730699203d3bbcc88687d5e376523914dbfac1af29cbad9dd56abeb3	S016099	1	P02	SYMBOLS.tsv	357498	status	aarch64	include/uapi/linux/dev_energymodel.h	enum_constant	DEV_ENERGYMODEL_A_PERF_DOMAIN_FLAGS	42	PENDING_REVIEW	COMPLETE	COMPLETE	vendor/linux/include/uapi/linux/dev_energymodel.h;vendor/linux/include/uapi/linux/dev_energymodel.h:42;rewrite/configs/aarch64/frozen.config;header_closure=rewrite/metadata/header_closure.tsv;selected=PENDING_REVIEW	425f94c2954b1fe80ebdbf9b29854e89750355df	8be63e155b2159dd3867abce2074bf1f4ca624830ad9afd041fd8e9bc76bb310	3306f5bcdaf56c077506ec18a28e52a5906131a0bb2ae8ab4462c533e42f0faf	0123af9e96b58af4e98b91a2de5608d36b63c67864b9041d3340587f3dbe40d2	cfa8dcf0d81c408de38d4202fe1ce9d9e5e301d1e67439c9530da94b1e64ee3f	7484d7b0dd80f45e18d726b04752827fe28555cc5c1af0e127948380e6688abf
semantic-proposal-v1	SC1-e2dc677dd3b016e5a504a3a72edec7d52d9e7afcf4060875e3ae8b7c3eb6d818	S016099	1	P02	SYMBOLS.tsv	357499	selection_expression	aarch64	include/uapi/linux/dev_energymodel.h	enum_constant	DEV_ENERGYMODEL_A_PERF_DOMAIN_CPUS	43	PENDING_REVIEW	SOURCE_REVIEWED_VALUE	COMPLETE	vendor/linux/include/uapi/linux/dev_energymodel.h;vendor/linux/include/uapi/linux/dev_energymodel.h:43;rewrite/configs/aarch64/frozen.config;header_closure=rewrite/metadata/header_closure.tsv;selected=PENDING_REVIEW	425f94c2954b1fe80ebdbf9b29854e89750355df	8be63e155b2159dd3867abce2074bf1f4ca624830ad9afd041fd8e9bc76bb310	3306f5bcdaf56c077506ec18a28e52a5906131a0bb2ae8ab4462c533e42f0faf	0123af9e96b58af4e98b91a2de5608d36b63c67864b9041d3340587f3dbe40d2	cfa8dcf0d81c408de38d4202fe1ce9d9e5e301d1e67439c9530da94b1e64ee3f	7484d7b0dd80f45e18d726b04752827fe28555cc5c1af0e127948380e6688abf
semantic-proposal-v1	SC1-41bd463c8b501db062bf254be3c92928ba4026dcfbf0b706ab35c96041e48b21	S016099	1	P02	SYMBOLS.tsv	357499	status	aarch64	include/uapi/linux/dev_energymodel.h	enum_constant	DEV_ENERGYMODEL_A_PERF_DOMAIN_CPUS	43	PENDING_REVIEW	COMPLETE	COMPLETE	vendor/linux/include/uapi/linux/dev_energymodel.h;vendor/linux/include/uapi/linux/dev_energymodel.h:43;rewrite/configs/aarch64/frozen.config;header_closure=rewrite/metadata/header_closure.tsv;selected=PENDING_REVIEW	425f94c2954b1fe80ebdbf9b29854e89750355df	8be63e155b2159dd3867abce2074bf1f4ca624830ad9afd041fd8e9bc76bb310	3306f5bcdaf56c077506ec18a28e52a5906131a0bb2ae8ab4462c533e42f0faf	0123af9e96b58af4e98b91a2de5608d36b63c67864b9041d3340587f3dbe40d2	cfa8dcf0d81c408de38d4202fe1ce9d9e5e301d1e67439c9530da94b1e64ee3f	7484d7b0dd80f45e18d726b04752827fe28555cc5c1af0e127948380e6688abf
semantic-proposal-v1	SC1-9fd057fcc3f0b9fa9b0b128c5c7108e8472f523875c8a7a5f486f255e637843a	S016099	1	P02	SYMBOLS.tsv	357500	selection_expression	aarch64	include/uapi/linux/dev_energymodel.h	enum_constant	__DEV_ENERGYMODEL_A_PERF_DOMAIN_MAX	45	PENDING_REVIEW	SOURCE_REVIEWED_VALUE	COMPLETE	vendor/linux/include/uapi/linux/dev_energymodel.h;vendor/linux/include/uapi/linux/dev_energymodel.h:45;rewrite/configs/aarch64/frozen.config;header_closure=rewrite/metadata/header_closure.tsv;selected=PENDING_REVIEW	425f94c2954b1fe80ebdbf9b29854e89750355df	8be63e155b2159dd3867abce2074bf1f4ca624830ad9afd041fd8e9bc76bb310	3306f5bcdaf56c077506ec18a28e52a5906131a0bb2ae8ab4462c533e42f0faf	0123af9e96b58af4e98b91a2de5608d36b63c67864b9041d3340587f3dbe40d2	cfa8dcf0d81c408de38d4202fe1ce9d9e5e301d1e67439c9530da94b1e64ee3f	7484d7b0dd80f45e18d726b04752827fe28555cc5c1af0e127948380e6688abf
semantic-proposal-v1	SC1-e321df083849285bf44815ffae95d76f08285c3334a5b764cb7834ecb3490640	S016099	1	P02	SYMBOLS.tsv	357500	status	aarch64	include/uapi/linux/dev_energymodel.h	enum_constant	__DEV_ENERGYMODEL_A_PERF_DOMAIN_MAX	45	PENDING_REVIEW	COMPLETE	COMPLETE	vendor/linux/include/uapi/linux/dev_energymodel.h;vendor/linux/include/uapi/linux/dev_energymodel.h:45;rewrite/configs/aarch64/frozen.config;header_closure=rewrite/metadata/header_closure.tsv;selected=PENDING_REVIEW	425f94c2954b1fe80ebdbf9b29854e89750355df	8be63e155b2159dd3867abce2074bf1f4ca624830ad9afd041fd8e9bc76bb310	3306f5bcdaf56c077506ec18a28e52a5906131a0bb2ae8ab4462c533e42f0faf	0123af9e96b58af4e98b91a2de5608d36b63c67864b9041d3340587f3dbe40d2	cfa8dcf0d81c408de38d4202fe1ce9d9e5e301d1e67439c9530da94b1e64ee3f	7484d7b0dd80f45e18d726b04752827fe28555cc5c1af0e127948380e6688abf
semantic-proposal-v1	SC1-c4ff6fc618639d244d74f04b502f31f46df270e4fc5b2c777b6c2efb7c088c21	S016099	1	P02	SYMBOLS.tsv	357501	selection_expression	aarch64	include/uapi/linux/dev_energymodel.h	enum_constant	DEV_ENERGYMODEL_A_PERF_DOMAIN_MAX	46	PENDING_REVIEW	SOURCE_REVIEWED_VALUE	COMPLETE	vendor/linux/include/uapi/linux/dev_energymodel.h;vendor/linux/include/uapi/linux/dev_energymodel.h:46;rewrite/configs/aarch64/frozen.config;header_closure=rewrite/metadata/header_closure.tsv;selected=PENDING_REVIEW	425f94c2954b1fe80ebdbf9b29854e89750355df	8be63e155b2159dd3867abce2074bf1f4ca624830ad9afd041fd8e9bc76bb310	3306f5bcdaf56c077506ec18a28e52a5906131a0bb2ae8ab4462c533e42f0faf	0123af9e96b58af4e98b91a2de5608d36b63c67864b9041d3340587f3dbe40d2	cfa8dcf0d81c408de38d4202fe1ce9d9e5e301d1e67439c9530da94b1e64ee3f	7484d7b0dd80f45e18d726b04752827fe28555cc5c1af0e127948380e6688abf
semantic-proposal-v1	SC1-6eec8d5f999391d0a0d528fca4abacf802cc6339de25c853ffbf64f8907de8c7	S016099	1	P02	SYMBOLS.tsv	357501	status	aarch64	include/uapi/linux/dev_energymodel.h	enum_constant	DEV_ENERGYMODEL_A_PERF_DOMAIN_MAX	46	PENDING_REVIEW	COMPLETE	COMPLETE	vendor/linux/include/uapi/linux/dev_energymodel.h;vendor/linux/include/uapi/linux/dev_energymodel.h:46;rewrite/configs/aarch64/frozen.config;header_closure=rewrite/metadata/header_closure.tsv;selected=PENDING_REVIEW	425f94c2954b1fe80ebdbf9b29854e89750355df	8be63e155b2159dd3867abce2074bf1f4ca624830ad9afd041fd8e9bc76bb310	3306f5bcdaf56c077506ec18a28e52a5906131a0bb2ae8ab4462c533e42f0faf	0123af9e96b58af4e98b91a2de5608d36b63c67864b9041d3340587f3dbe40d2	cfa8dcf0d81c408de38d4202fe1ce9d9e5e301d1e67439c9530da94b1e64ee3f	7484d7b0dd80f45e18d726b04752827fe28555cc5c1af0e127948380e6688abf
semantic-proposal-v1	SC1-82b7508887e912b4cd393ab0cdb77c590aea6e879cb01c33414208d46469a998	S016099	1	P02	SYMBOLS.tsv	357502	selection_expression	aarch64	include/uapi/linux/dev_energymodel.h	type	anonymous_enum@49	49	PENDING_REVIEW	SOURCE_REVIEWED_VALUE	COMPLETE	vendor/linux/include/uapi/linux/dev_energymodel.h;vendor/linux/include/uapi/linux/dev_energymodel.h:49;rewrite/configs/aarch64/frozen.config;header_closure=rewrite/metadata/header_closure.tsv;selected=PENDING_REVIEW	425f94c2954b1fe80ebdbf9b29854e89750355df	8be63e155b2159dd3867abce2074bf1f4ca624830ad9afd041fd8e9bc76bb310	3306f5bcdaf56c077506ec18a28e52a5906131a0bb2ae8ab4462c533e42f0faf	0123af9e96b58af4e98b91a2de5608d36b63c67864b9041d3340587f3dbe40d2	cfa8dcf0d81c408de38d4202fe1ce9d9e5e301d1e67439c9530da94b1e64ee3f	7484d7b0dd80f45e18d726b04752827fe28555cc5c1af0e127948380e6688abf
semantic-proposal-v1	SC1-6915184fae57d71ca77731baa0646221229e92087839be569788bab9a214eaa8	S016099	1	P02	SYMBOLS.tsv	357502	status	aarch64	include/uapi/linux/dev_energymodel.h	type	anonymous_enum@49	49	PENDING_REVIEW	COMPLETE	COMPLETE	vendor/linux/include/uapi/linux/dev_energymodel.h;vendor/linux/include/uapi/linux/dev_energymodel.h:49;rewrite/configs/aarch64/frozen.config;header_closure=rewrite/metadata/header_closure.tsv;selected=PENDING_REVIEW	425f94c2954b1fe80ebdbf9b29854e89750355df	8be63e155b2159dd3867abce2074bf1f4ca624830ad9afd041fd8e9bc76bb310	3306f5bcdaf56c077506ec18a28e52a5906131a0bb2ae8ab4462c533e42f0faf	0123af9e96b58af4e98b91a2de5608d36b63c67864b9041d3340587f3dbe40d2	cfa8dcf0d81c408de38d4202fe1ce9d9e5e301d1e67439c9530da94b1e64ee3f	7484d7b0dd80f45e18d726b04752827fe28555cc5c1af0e127948380e6688abf
semantic-proposal-v1	SC1-303ef0675462ebaa11b0c80a400f0ec7e3cb4fb4784fa6a74fed0d8e1ed19015	S016099	1	P02	SYMBOLS.tsv	357503	selection_expression	aarch64	include/uapi/linux/dev_energymodel.h	enum_constant	DEV_ENERGYMODEL_A_PERF_TABLE_PERF_DOMAIN_ID	50	PENDING_REVIEW	SOURCE_REVIEWED_VALUE	COMPLETE	vendor/linux/include/uapi/linux/dev_energymodel.h;vendor/linux/include/uapi/linux/dev_energymodel.h:50;rewrite/configs/aarch64/frozen.config;header_closure=rewrite/metadata/header_closure.tsv;selected=PENDING_REVIEW	425f94c2954b1fe80ebdbf9b29854e89750355df	8be63e155b2159dd3867abce2074bf1f4ca624830ad9afd041fd8e9bc76bb310	3306f5bcdaf56c077506ec18a28e52a5906131a0bb2ae8ab4462c533e42f0faf	0123af9e96b58af4e98b91a2de5608d36b63c67864b9041d3340587f3dbe40d2	cfa8dcf0d81c408de38d4202fe1ce9d9e5e301d1e67439c9530da94b1e64ee3f	7484d7b0dd80f45e18d726b04752827fe28555cc5c1af0e127948380e6688abf
semantic-proposal-v1	SC1-cec57fc8b83d4ec23b36312466556aa40353dae969688394aa141d46e0544c4d	S016099	1	P02	SYMBOLS.tsv	357503	status	aarch64	include/uapi/linux/dev_energymodel.h	enum_constant	DEV_ENERGYMODEL_A_PERF_TABLE_PERF_DOMAIN_ID	50	PENDING_REVIEW	COMPLETE	COMPLETE	vendor/linux/include/uapi/linux/dev_energymodel.h;vendor/linux/include/uapi/linux/dev_energymodel.h:50;rewrite/configs/aarch64/frozen.config;header_closure=rewrite/metadata/header_closure.tsv;selected=PENDING_REVIEW	425f94c2954b1fe80ebdbf9b29854e89750355df	8be63e155b2159dd3867abce2074bf1f4ca624830ad9afd041fd8e9bc76bb310	3306f5bcdaf56c077506ec18a28e52a5906131a0bb2ae8ab4462c533e42f0faf	0123af9e96b58af4e98b91a2de5608d36b63c67864b9041d3340587f3dbe40d2	cfa8dcf0d81c408de38d4202fe1ce9d9e5e301d1e67439c9530da94b1e64ee3f	7484d7b0dd80f45e18d726b04752827fe28555cc5c1af0e127948380e6688abf
semantic-proposal-v1	SC1-b7b96407b38212e9ee41147316a0b7dbda0e5f0665edd588cb4f06d96f180f8b	S016099	1	P02	SYMBOLS.tsv	357504	selection_expression	aarch64	include/uapi/linux/dev_energymodel.h	enum_constant	DEV_ENERGYMODEL_A_PERF_TABLE_PERF_STATE	51	PENDING_REVIEW	SOURCE_REVIEWED_VALUE	COMPLETE	vendor/linux/include/uapi/linux/dev_energymodel.h;vendor/linux/include/uapi/linux/dev_energymodel.h:51;rewrite/configs/aarch64/frozen.config;header_closure=rewrite/metadata/header_closure.tsv;selected=PENDING_REVIEW	425f94c2954b1fe80ebdbf9b29854e89750355df	8be63e155b2159dd3867abce2074bf1f4ca624830ad9afd041fd8e9bc76bb310	3306f5bcdaf56c077506ec18a28e52a5906131a0bb2ae8ab4462c533e42f0faf	0123af9e96b58af4e98b91a2de5608d36b63c67864b9041d3340587f3dbe40d2	cfa8dcf0d81c408de38d4202fe1ce9d9e5e301d1e67439c9530da94b1e64ee3f	7484d7b0dd80f45e18d726b04752827fe28555cc5c1af0e127948380e6688abf
semantic-proposal-v1	SC1-f938673b647f5944129bca4f1c7350f93c11c60e70b8877c8612920fe632abae	S016099	1	P02	SYMBOLS.tsv	357504	status	aarch64	include/uapi/linux/dev_energymodel.h	enum_constant	DEV_ENERGYMODEL_A_PERF_TABLE_PERF_STATE	51	PENDING_REVIEW	COMPLETE	COMPLETE	vendor/linux/include/uapi/linux/dev_energymodel.h;vendor/linux/include/uapi/linux/dev_energymodel.h:51;rewrite/configs/aarch64/frozen.config;header_closure=rewrite/metadata/header_closure.tsv;selected=PENDING_REVIEW	425f94c2954b1fe80ebdbf9b29854e89750355df	8be63e155b2159dd3867abce2074bf1f4ca624830ad9afd041fd8e9bc76bb310	3306f5bcdaf56c077506ec18a28e52a5906131a0bb2ae8ab4462c533e42f0faf	0123af9e96b58af4e98b91a2de5608d36b63c67864b9041d3340587f3dbe40d2	cfa8dcf0d81c408de38d4202fe1ce9d9e5e301d1e67439c9530da94b1e64ee3f	7484d7b0dd80f45e18d726b04752827fe28555cc5c1af0e127948380e6688abf
semantic-proposal-v1	SC1-3d5b3c7cada601d2c2ab9e7ad9e96fd87b2e049f1622d7ed34ae92bb08d363ba	S016099	1	P02	SYMBOLS.tsv	357505	selection_expression	aarch64	include/uapi/linux/dev_energymodel.h	enum_constant	__DEV_ENERGYMODEL_A_PERF_TABLE_MAX	53	PENDING_REVIEW	SOURCE_REVIEWED_VALUE	COMPLETE	vendor/linux/include/uapi/linux/dev_energymodel.h;vendor/linux/include/uapi/linux/dev_energymodel.h:53;rewrite/configs/aarch64/frozen.config;header_closure=rewrite/metadata/header_closure.tsv;selected=PENDING_REVIEW	425f94c2954b1fe80ebdbf9b29854e89750355df	8be63e155b2159dd3867abce2074bf1f4ca624830ad9afd041fd8e9bc76bb310	3306f5bcdaf56c077506ec18a28e52a5906131a0bb2ae8ab4462c533e42f0faf	0123af9e96b58af4e98b91a2de5608d36b63c67864b9041d3340587f3dbe40d2	cfa8dcf0d81c408de38d4202fe1ce9d9e5e301d1e67439c9530da94b1e64ee3f	7484d7b0dd80f45e18d726b04752827fe28555cc5c1af0e127948380e6688abf
semantic-proposal-v1	SC1-5e9a285daee9b8d8fc7755d45c40d251ba5d54862c66ecc05ac925546419c298	S016099	1	P02	SYMBOLS.tsv	357505	status	aarch64	include/uapi/linux/dev_energymodel.h	enum_constant	__DEV_ENERGYMODEL_A_PERF_TABLE_MAX	53	PENDING_REVIEW	COMPLETE	COMPLETE	vendor/linux/include/uapi/linux/dev_energymodel.h;vendor/linux/include/uapi/linux/dev_energymodel.h:53;rewrite/configs/aarch64/frozen.config;header_closure=rewrite/metadata/header_closure.tsv;selected=PENDING_REVIEW	425f94c2954b1fe80ebdbf9b29854e89750355df	8be63e155b2159dd3867abce2074bf1f4ca624830ad9afd041fd8e9bc76bb310	3306f5bcdaf56c077506ec18a28e52a5906131a0bb2ae8ab4462c533e42f0faf	0123af9e96b58af4e98b91a2de5608d36b63c67864b9041d3340587f3dbe40d2	cfa8dcf0d81c408de38d4202fe1ce9d9e5e301d1e67439c9530da94b1e64ee3f	7484d7b0dd80f45e18d726b04752827fe28555cc5c1af0e127948380e6688abf
semantic-proposal-v1	SC1-8deee06e2111e9e4f237ed6489b16c28050109ba17b2db1e403bc419c1357f62	S016099	1	P02	SYMBOLS.tsv	357506	selection_expression	aarch64	include/uapi/linux/dev_energymodel.h	enum_constant	DEV_ENERGYMODEL_A_PERF_TABLE_MAX	54	PENDING_REVIEW	SOURCE_REVIEWED_VALUE	COMPLETE	vendor/linux/include/uapi/linux/dev_energymodel.h;vendor/linux/include/uapi/linux/dev_energymodel.h:54;rewrite/configs/aarch64/frozen.config;header_closure=rewrite/metadata/header_closure.tsv;selected=PENDING_REVIEW	425f94c2954b1fe80ebdbf9b29854e89750355df	8be63e155b2159dd3867abce2074bf1f4ca624830ad9afd041fd8e9bc76bb310	3306f5bcdaf56c077506ec18a28e52a5906131a0bb2ae8ab4462c533e42f0faf	0123af9e96b58af4e98b91a2de5608d36b63c67864b9041d3340587f3dbe40d2	cfa8dcf0d81c408de38d4202fe1ce9d9e5e301d1e67439c9530da94b1e64ee3f	7484d7b0dd80f45e18d726b04752827fe28555cc5c1af0e127948380e6688abf
semantic-proposal-v1	SC1-5351de7d96a6af31ae1a0f6be6382a3e9f30c56089fea0997b39e09f76df4184	S016099	1	P02	SYMBOLS.tsv	357506	status	aarch64	include/uapi/linux/dev_energymodel.h	enum_constant	DEV_ENERGYMODEL_A_PERF_TABLE_MAX	54	PENDING_REVIEW	COMPLETE	COMPLETE	vendor/linux/include/uapi/linux/dev_energymodel.h;vendor/linux/include/uapi/linux/dev_energymodel.h:54;rewrite/configs/aarch64/frozen.config;header_closure=rewrite/metadata/header_closure.tsv;selected=PENDING_REVIEW	425f94c2954b1fe80ebdbf9b29854e89750355df	8be63e155b2159dd3867abce2074bf1f4ca624830ad9afd041fd8e9bc76bb310	3306f5bcdaf56c077506ec18a28e52a5906131a0bb2ae8ab4462c533e42f0faf	0123af9e96b58af4e98b91a2de5608d36b63c67864b9041d3340587f3dbe40d2	cfa8dcf0d81c408de38d4202fe1ce9d9e5e301d1e67439c9530da94b1e64ee3f	7484d7b0dd80f45e18d726b04752827fe28555cc5c1af0e127948380e6688abf
semantic-proposal-v1	SC1-830f2aba80f1d0721b7a969f0386dae1d314a117b7a9964ed4cd0ea2f561076f	S016099	1	P02	SYMBOLS.tsv	357507	selection_expression	aarch64	include/uapi/linux/dev_energymodel.h	type	anonymous_enum@57	57	PENDING_REVIEW	SOURCE_REVIEWED_VALUE	COMPLETE	vendor/linux/include/uapi/linux/dev_energymodel.h;vendor/linux/include/uapi/linux/dev_energymodel.h:57;rewrite/configs/aarch64/frozen.config;header_closure=rewrite/metadata/header_closure.tsv;selected=PENDING_REVIEW	425f94c2954b1fe80ebdbf9b29854e89750355df	8be63e155b2159dd3867abce2074bf1f4ca624830ad9afd041fd8e9bc76bb310	3306f5bcdaf56c077506ec18a28e52a5906131a0bb2ae8ab4462c533e42f0faf	0123af9e96b58af4e98b91a2de5608d36b63c67864b9041d3340587f3dbe40d2	cfa8dcf0d81c408de38d4202fe1ce9d9e5e301d1e67439c9530da94b1e64ee3f	7484d7b0dd80f45e18d726b04752827fe28555cc5c1af0e127948380e6688abf
semantic-proposal-v1	SC1-092c24c0b2b8b69e16c2a5db33e1504fde6d7b2a732a92759cb456c2df264b56	S016099	1	P02	SYMBOLS.tsv	357507	status	aarch64	include/uapi/linux/dev_energymodel.h	type	anonymous_enum@57	57	PENDING_REVIEW	COMPLETE	COMPLETE	vendor/linux/include/uapi/linux/dev_energymodel.h;vendor/linux/include/uapi/linux/dev_energymodel.h:57;rewrite/configs/aarch64/frozen.config;header_closure=rewrite/metadata/header_closure.tsv;selected=PENDING_REVIEW	425f94c2954b1fe80ebdbf9b29854e89750355df	8be63e155b2159dd3867abce2074bf1f4ca624830ad9afd041fd8e9bc76bb310	3306f5bcdaf56c077506ec18a28e52a5906131a0bb2ae8ab4462c533e42f0faf	0123af9e96b58af4e98b91a2de5608d36b63c67864b9041d3340587f3dbe40d2	cfa8dcf0d81c408de38d4202fe1ce9d9e5e301d1e67439c9530da94b1e64ee3f	7484d7b0dd80f45e18d726b04752827fe28555cc5c1af0e127948380e6688abf
semantic-proposal-v1	SC1-cc12f47741adec3431ede86924037f09749723127bb31bd31ddf96f98fe4e211	S016099	1	P02	SYMBOLS.tsv	357508	selection_expression	aarch64	include/uapi/linux/dev_energymodel.h	enum_constant	DEV_ENERGYMODEL_A_PERF_STATE_PAD	58	PENDING_REVIEW	SOURCE_REVIEWED_VALUE	COMPLETE	vendor/linux/include/uapi/linux/dev_energymodel.h;vendor/linux/include/uapi/linux/dev_energymodel.h:58;rewrite/configs/aarch64/frozen.config;header_closure=rewrite/metadata/header_closure.tsv;selected=PENDING_REVIEW	425f94c2954b1fe80ebdbf9b29854e89750355df	8be63e155b2159dd3867abce2074bf1f4ca624830ad9afd041fd8e9bc76bb310	3306f5bcdaf56c077506ec18a28e52a5906131a0bb2ae8ab4462c533e42f0faf	0123af9e96b58af4e98b91a2de5608d36b63c67864b9041d3340587f3dbe40d2	cfa8dcf0d81c408de38d4202fe1ce9d9e5e301d1e67439c9530da94b1e64ee3f	7484d7b0dd80f45e18d726b04752827fe28555cc5c1af0e127948380e6688abf
semantic-proposal-v1	SC1-9805b2839acb2c700a6a054132049d334ab57688bc2f4f3f7b0b0e049f7e74b2	S016099	1	P02	SYMBOLS.tsv	357508	status	aarch64	include/uapi/linux/dev_energymodel.h	enum_constant	DEV_ENERGYMODEL_A_PERF_STATE_PAD	58	PENDING_REVIEW	COMPLETE	COMPLETE	vendor/linux/include/uapi/linux/dev_energymodel.h;vendor/linux/include/uapi/linux/dev_energymodel.h:58;rewrite/configs/aarch64/frozen.config;header_closure=rewrite/metadata/header_closure.tsv;selected=PENDING_REVIEW	425f94c2954b1fe80ebdbf9b29854e89750355df	8be63e155b2159dd3867abce2074bf1f4ca624830ad9afd041fd8e9bc76bb310	3306f5bcdaf56c077506ec18a28e52a5906131a0bb2ae8ab4462c533e42f0faf	0123af9e96b58af4e98b91a2de5608d36b63c67864b9041d3340587f3dbe40d2	cfa8dcf0d81c408de38d4202fe1ce9d9e5e301d1e67439c9530da94b1e64ee3f	7484d7b0dd80f45e18d726b04752827fe28555cc5c1af0e127948380e6688abf
semantic-proposal-v1	SC1-8fa3539580dab71e0ab1569c77eb9a5ee787315d2f8c74c2b8fedcea04bab9ab	S016099	1	P02	SYMBOLS.tsv	357509	selection_expression	aarch64	include/uapi/linux/dev_energymodel.h	enum_constant	DEV_ENERGYMODEL_A_PERF_STATE_PERFORMANCE	59	PENDING_REVIEW	SOURCE_REVIEWED_VALUE	COMPLETE	vendor/linux/include/uapi/linux/dev_energymodel.h;vendor/linux/include/uapi/linux/dev_energymodel.h:59;rewrite/configs/aarch64/frozen.config;header_closure=rewrite/metadata/header_closure.tsv;selected=PENDING_REVIEW	425f94c2954b1fe80ebdbf9b29854e89750355df	8be63e155b2159dd3867abce2074bf1f4ca624830ad9afd041fd8e9bc76bb310	3306f5bcdaf56c077506ec18a28e52a5906131a0bb2ae8ab4462c533e42f0faf	0123af9e96b58af4e98b91a2de5608d36b63c67864b9041d3340587f3dbe40d2	cfa8dcf0d81c408de38d4202fe1ce9d9e5e301d1e67439c9530da94b1e64ee3f	7484d7b0dd80f45e18d726b04752827fe28555cc5c1af0e127948380e6688abf
semantic-proposal-v1	SC1-595b74360537d24252c8f70d644ced2244a643b04beccbed2bc87adda879f84d	S016099	1	P02	SYMBOLS.tsv	357509	status	aarch64	include/uapi/linux/dev_energymodel.h	enum_constant	DEV_ENERGYMODEL_A_PERF_STATE_PERFORMANCE	59	PENDING_REVIEW	COMPLETE	COMPLETE	vendor/linux/include/uapi/linux/dev_energymodel.h;vendor/linux/include/uapi/linux/dev_energymodel.h:59;rewrite/configs/aarch64/frozen.config;header_closure=rewrite/metadata/header_closure.tsv;selected=PENDING_REVIEW	425f94c2954b1fe80ebdbf9b29854e89750355df	8be63e155b2159dd3867abce2074bf1f4ca624830ad9afd041fd8e9bc76bb310	3306f5bcdaf56c077506ec18a28e52a5906131a0bb2ae8ab4462c533e42f0faf	0123af9e96b58af4e98b91a2de5608d36b63c67864b9041d3340587f3dbe40d2	cfa8dcf0d81c408de38d4202fe1ce9d9e5e301d1e67439c9530da94b1e64ee3f	7484d7b0dd80f45e18d726b04752827fe28555cc5c1af0e127948380e6688abf
semantic-proposal-v1	SC1-c017dcf915a7cda6e78ddba65aae83b446c0c0792e9260b70499ec7d1b6a2c14	S016099	1	P02	SYMBOLS.tsv	357510	selection_expression	aarch64	include/uapi/linux/dev_energymodel.h	enum_constant	DEV_ENERGYMODEL_A_PERF_STATE_FREQUENCY	60	PENDING_REVIEW	SOURCE_REVIEWED_VALUE	COMPLETE	vendor/linux/include/uapi/linux/dev_energymodel.h;vendor/linux/include/uapi/linux/dev_energymodel.h:60;rewrite/configs/aarch64/frozen.config;header_closure=rewrite/metadata/header_closure.tsv;selected=PENDING_REVIEW	425f94c2954b1fe80ebdbf9b29854e89750355df	8be63e155b2159dd3867abce2074bf1f4ca624830ad9afd041fd8e9bc76bb310	3306f5bcdaf56c077506ec18a28e52a5906131a0bb2ae8ab4462c533e42f0faf	0123af9e96b58af4e98b91a2de5608d36b63c67864b9041d3340587f3dbe40d2	cfa8dcf0d81c408de38d4202fe1ce9d9e5e301d1e67439c9530da94b1e64ee3f	7484d7b0dd80f45e18d726b04752827fe28555cc5c1af0e127948380e6688abf
semantic-proposal-v1	SC1-5a9646cc7a8de7ffa16e0ca861fadfbfb10aada64d24786808c34e1fb2ec3640	S016099	1	P02	SYMBOLS.tsv	357510	status	aarch64	include/uapi/linux/dev_energymodel.h	enum_constant	DEV_ENERGYMODEL_A_PERF_STATE_FREQUENCY	60	PENDING_REVIEW	COMPLETE	COMPLETE	vendor/linux/include/uapi/linux/dev_energymodel.h;vendor/linux/include/uapi/linux/dev_energymodel.h:60;rewrite/configs/aarch64/frozen.config;header_closure=rewrite/metadata/header_closure.tsv;selected=PENDING_REVIEW	425f94c2954b1fe80ebdbf9b29854e89750355df	8be63e155b2159dd3867abce2074bf1f4ca624830ad9afd041fd8e9bc76bb310	3306f5bcdaf56c077506ec18a28e52a5906131a0bb2ae8ab4462c533e42f0faf	0123af9e96b58af4e98b91a2de5608d36b63c67864b9041d3340587f3dbe40d2	cfa8dcf0d81c408de38d4202fe1ce9d9e5e301d1e67439c9530da94b1e64ee3f	7484d7b0dd80f45e18d726b04752827fe28555cc5c1af0e127948380e6688abf
semantic-proposal-v1	SC1-6dbd05a539dbd5a0fbde74d4205755f8b581a758e391029a66f135c8e566f69a	S016099	1	P02	SYMBOLS.tsv	357511	selection_expression	aarch64	include/uapi/linux/dev_energymodel.h	enum_constant	DEV_ENERGYMODEL_A_PERF_STATE_POWER	61	PENDING_REVIEW	SOURCE_REVIEWED_VALUE	COMPLETE	vendor/linux/include/uapi/linux/dev_energymodel.h;vendor/linux/include/uapi/linux/dev_energymodel.h:61;rewrite/configs/aarch64/frozen.config;header_closure=rewrite/metadata/header_closure.tsv;selected=PENDING_REVIEW	425f94c2954b1fe80ebdbf9b29854e89750355df	8be63e155b2159dd3867abce2074bf1f4ca624830ad9afd041fd8e9bc76bb310	3306f5bcdaf56c077506ec18a28e52a5906131a0bb2ae8ab4462c533e42f0faf	0123af9e96b58af4e98b91a2de5608d36b63c67864b9041d3340587f3dbe40d2	cfa8dcf0d81c408de38d4202fe1ce9d9e5e301d1e67439c9530da94b1e64ee3f	7484d7b0dd80f45e18d726b04752827fe28555cc5c1af0e127948380e6688abf
semantic-proposal-v1	SC1-1f9dde5c076ebd2ce664c180490dd280df3a50dbe746fd40fd731d7c0e157dfe	S016099	1	P02	SYMBOLS.tsv	357511	status	aarch64	include/uapi/linux/dev_energymodel.h	enum_constant	DEV_ENERGYMODEL_A_PERF_STATE_POWER	61	PENDING_REVIEW	COMPLETE	COMPLETE	vendor/linux/include/uapi/linux/dev_energymodel.h;vendor/linux/include/uapi/linux/dev_energymodel.h:61;rewrite/configs/aarch64/frozen.config;header_closure=rewrite/metadata/header_closure.tsv;selected=PENDING_REVIEW	425f94c2954b1fe80ebdbf9b29854e89750355df	8be63e155b2159dd3867abce2074bf1f4ca624830ad9afd041fd8e9bc76bb310	3306f5bcdaf56c077506ec18a28e52a5906131a0bb2ae8ab4462c533e42f0faf	0123af9e96b58af4e98b91a2de5608d36b63c67864b9041d3340587f3dbe40d2	cfa8dcf0d81c408de38d4202fe1ce9d9e5e301d1e67439c9530da94b1e64ee3f	7484d7b0dd80f45e18d726b04752827fe28555cc5c1af0e127948380e6688abf
semantic-proposal-v1	SC1-6d0ee113d2872c92a9a6751905e4947ba8d1e3474500b4f4fb6f85bb907000a8	S016099	1	P02	SYMBOLS.tsv	357512	selection_expression	aarch64	include/uapi/linux/dev_energymodel.h	enum_constant	DEV_ENERGYMODEL_A_PERF_STATE_COST	62	PENDING_REVIEW	SOURCE_REVIEWED_VALUE	COMPLETE	vendor/linux/include/uapi/linux/dev_energymodel.h;vendor/linux/include/uapi/linux/dev_energymodel.h:62;rewrite/configs/aarch64/frozen.config;header_closure=rewrite/metadata/header_closure.tsv;selected=PENDING_REVIEW	425f94c2954b1fe80ebdbf9b29854e89750355df	8be63e155b2159dd3867abce2074bf1f4ca624830ad9afd041fd8e9bc76bb310	3306f5bcdaf56c077506ec18a28e52a5906131a0bb2ae8ab4462c533e42f0faf	0123af9e96b58af4e98b91a2de5608d36b63c67864b9041d3340587f3dbe40d2	cfa8dcf0d81c408de38d4202fe1ce9d9e5e301d1e67439c9530da94b1e64ee3f	7484d7b0dd80f45e18d726b04752827fe28555cc5c1af0e127948380e6688abf
semantic-proposal-v1	SC1-69f51b710b49d2f13b05c28e891ebf0ca650b0ff9042409614ac07fc94f3b30e	S016099	1	P02	SYMBOLS.tsv	357512	status	aarch64	include/uapi/linux/dev_energymodel.h	enum_constant	DEV_ENERGYMODEL_A_PERF_STATE_COST	62	PENDING_REVIEW	COMPLETE	COMPLETE	vendor/linux/include/uapi/linux/dev_energymodel.h;vendor/linux/include/uapi/linux/dev_energymodel.h:62;rewrite/configs/aarch64/frozen.config;header_closure=rewrite/metadata/header_closure.tsv;selected=PENDING_REVIEW	425f94c2954b1fe80ebdbf9b29854e89750355df	8be63e155b2159dd3867abce2074bf1f4ca624830ad9afd041fd8e9bc76bb310	3306f5bcdaf56c077506ec18a28e52a5906131a0bb2ae8ab4462c533e42f0faf	0123af9e96b58af4e98b91a2de5608d36b63c67864b9041d3340587f3dbe40d2	cfa8dcf0d81c408de38d4202fe1ce9d9e5e301d1e67439c9530da94b1e64ee3f	7484d7b0dd80f45e18d726b04752827fe28555cc5c1af0e127948380e6688abf
semantic-proposal-v1	SC1-095ad96242a9589ca1690e4bdc32b4fab21efc9440b7228a8647520139aec577	S016099	1	P02	SYMBOLS.tsv	357513	selection_expression	aarch64	include/uapi/linux/dev_energymodel.h	enum_constant	DEV_ENERGYMODEL_A_PERF_STATE_FLAGS	63	PENDING_REVIEW	SOURCE_REVIEWED_VALUE	COMPLETE	vendor/linux/include/uapi/linux/dev_energymodel.h;vendor/linux/include/uapi/linux/dev_energymodel.h:63;rewrite/configs/aarch64/frozen.config;header_closure=rewrite/metadata/header_closure.tsv;selected=PENDING_REVIEW	425f94c2954b1fe80ebdbf9b29854e89750355df	8be63e155b2159dd3867abce2074bf1f4ca624830ad9afd041fd8e9bc76bb310	3306f5bcdaf56c077506ec18a28e52a5906131a0bb2ae8ab4462c533e42f0faf	0123af9e96b58af4e98b91a2de5608d36b63c67864b9041d3340587f3dbe40d2	cfa8dcf0d81c408de38d4202fe1ce9d9e5e301d1e67439c9530da94b1e64ee3f	7484d7b0dd80f45e18d726b04752827fe28555cc5c1af0e127948380e6688abf
semantic-proposal-v1	SC1-0d46cebd5dbd8f22f6fc62551a52ae85c0550ebcb8ece66d4da2dd51b95669b8	S016099	1	P02	SYMBOLS.tsv	357513	status	aarch64	include/uapi/linux/dev_energymodel.h	enum_constant	DEV_ENERGYMODEL_A_PERF_STATE_FLAGS	63	PENDING_REVIEW	COMPLETE	COMPLETE	vendor/linux/include/uapi/linux/dev_energymodel.h;vendor/linux/include/uapi/linux/dev_energymodel.h:63;rewrite/configs/aarch64/frozen.config;header_closure=rewrite/metadata/header_closure.tsv;selected=PENDING_REVIEW	425f94c2954b1fe80ebdbf9b29854e89750355df	8be63e155b2159dd3867abce2074bf1f4ca624830ad9afd041fd8e9bc76bb310	3306f5bcdaf56c077506ec18a28e52a5906131a0bb2ae8ab4462c533e42f0faf	0123af9e96b58af4e98b91a2de5608d36b63c67864b9041d3340587f3dbe40d2	cfa8dcf0d81c408de38d4202fe1ce9d9e5e301d1e67439c9530da94b1e64ee3f	7484d7b0dd80f45e18d726b04752827fe28555cc5c1af0e127948380e6688abf
semantic-proposal-v1	SC1-e812240f7988d51005cda0b41923a2f4ae1c0d6e97ea0200d8cfdc8da0a49fbc	S016099	1	P02	SYMBOLS.tsv	357514	selection_expression	aarch64	include/uapi/linux/dev_energymodel.h	enum_constant	__DEV_ENERGYMODEL_A_PERF_STATE_MAX	65	PENDING_REVIEW	SOURCE_REVIEWED_VALUE	COMPLETE	vendor/linux/include/uapi/linux/dev_energymodel.h;vendor/linux/include/uapi/linux/dev_energymodel.h:65;rewrite/configs/aarch64/frozen.config;header_closure=rewrite/metadata/header_closure.tsv;selected=PENDING_REVIEW	425f94c2954b1fe80ebdbf9b29854e89750355df	8be63e155b2159dd3867abce2074bf1f4ca624830ad9afd041fd8e9bc76bb310	3306f5bcdaf56c077506ec18a28e52a5906131a0bb2ae8ab4462c533e42f0faf	0123af9e96b58af4e98b91a2de5608d36b63c67864b9041d3340587f3dbe40d2	cfa8dcf0d81c408de38d4202fe1ce9d9e5e301d1e67439c9530da94b1e64ee3f	7484d7b0dd80f45e18d726b04752827fe28555cc5c1af0e127948380e6688abf
semantic-proposal-v1	SC1-79368cccc1974c1c27d3d08c95f8a99b55432579481bc5d7faf046fbce852b42	S016099	1	P02	SYMBOLS.tsv	357514	status	aarch64	include/uapi/linux/dev_energymodel.h	enum_constant	__DEV_ENERGYMODEL_A_PERF_STATE_MAX	65	PENDING_REVIEW	COMPLETE	COMPLETE	vendor/linux/include/uapi/linux/dev_energymodel.h;vendor/linux/include/uapi/linux/dev_energymodel.h:65;rewrite/configs/aarch64/frozen.config;header_closure=rewrite/metadata/header_closure.tsv;selected=PENDING_REVIEW	425f94c2954b1fe80ebdbf9b29854e89750355df	8be63e155b2159dd3867abce2074bf1f4ca624830ad9afd041fd8e9bc76bb310	3306f5bcdaf56c077506ec18a28e52a5906131a0bb2ae8ab4462c533e42f0faf	0123af9e96b58af4e98b91a2de5608d36b63c67864b9041d3340587f3dbe40d2	cfa8dcf0d81c408de38d4202fe1ce9d9e5e301d1e67439c9530da94b1e64ee3f	7484d7b0dd80f45e18d726b04752827fe28555cc5c1af0e127948380e6688abf
semantic-proposal-v1	SC1-0d5653d220bfc08e79b31053e3ec5509dff62fd569a040acc9bdf4ba920964d5	S016099	1	P02	SYMBOLS.tsv	357515	selection_expression	aarch64	include/uapi/linux/dev_energymodel.h	enum_constant	DEV_ENERGYMODEL_A_PERF_STATE_MAX	66	PENDING_REVIEW	SOURCE_REVIEWED_VALUE	COMPLETE	vendor/linux/include/uapi/linux/dev_energymodel.h;vendor/linux/include/uapi/linux/dev_energymodel.h:66;rewrite/configs/aarch64/frozen.config;header_closure=rewrite/metadata/header_closure.tsv;selected=PENDING_REVIEW	425f94c2954b1fe80ebdbf9b29854e89750355df	8be63e155b2159dd3867abce2074bf1f4ca624830ad9afd041fd8e9bc76bb310	3306f5bcdaf56c077506ec18a28e52a5906131a0bb2ae8ab4462c533e42f0faf	0123af9e96b58af4e98b91a2de5608d36b63c67864b9041d3340587f3dbe40d2	cfa8dcf0d81c408de38d4202fe1ce9d9e5e301d1e67439c9530da94b1e64ee3f	7484d7b0dd80f45e18d726b04752827fe28555cc5c1af0e127948380e6688abf
semantic-proposal-v1	SC1-c2067022e2ece44b32fadfcdee8f32438c8fcd164a4a72e54c545fcce04adab9	S016099	1	P02	SYMBOLS.tsv	357515	status	aarch64	include/uapi/linux/dev_energymodel.h	enum_constant	DEV_ENERGYMODEL_A_PERF_STATE_MAX	66	PENDING_REVIEW	COMPLETE	COMPLETE	vendor/linux/include/uapi/linux/dev_energymodel.h;vendor/linux/include/uapi/linux/dev_energymodel.h:66;rewrite/configs/aarch64/frozen.config;header_closure=rewrite/metadata/header_closure.tsv;selected=PENDING_REVIEW	425f94c2954b1fe80ebdbf9b29854e89750355df	8be63e155b2159dd3867abce2074bf1f4ca624830ad9afd041fd8e9bc76bb310	3306f5bcdaf56c077506ec18a28e52a5906131a0bb2ae8ab4462c533e42f0faf	0123af9e96b58af4e98b91a2de5608d36b63c67864b9041d3340587f3dbe40d2	cfa8dcf0d81c408de38d4202fe1ce9d9e5e301d1e67439c9530da94b1e64ee3f	7484d7b0dd80f45e18d726b04752827fe28555cc5c1af0e127948380e6688abf
semantic-proposal-v1	SC1-5aab12695a5a17eecb928b76c2929b54d2be27605d96771541c32eaeb99c2c34	S016099	1	P02	SYMBOLS.tsv	357516	selection_expression	aarch64	include/uapi/linux/dev_energymodel.h	type	anonymous_enum@69	69	PENDING_REVIEW	SOURCE_REVIEWED_VALUE	COMPLETE	vendor/linux/include/uapi/linux/dev_energymodel.h;vendor/linux/include/uapi/linux/dev_energymodel.h:69;rewrite/configs/aarch64/frozen.config;header_closure=rewrite/metadata/header_closure.tsv;selected=PENDING_REVIEW	425f94c2954b1fe80ebdbf9b29854e89750355df	8be63e155b2159dd3867abce2074bf1f4ca624830ad9afd041fd8e9bc76bb310	3306f5bcdaf56c077506ec18a28e52a5906131a0bb2ae8ab4462c533e42f0faf	0123af9e96b58af4e98b91a2de5608d36b63c67864b9041d3340587f3dbe40d2	cfa8dcf0d81c408de38d4202fe1ce9d9e5e301d1e67439c9530da94b1e64ee3f	7484d7b0dd80f45e18d726b04752827fe28555cc5c1af0e127948380e6688abf
semantic-proposal-v1	SC1-4e41a7deeac5b6ee5d60568810687a653a2330af6ab6d54e946df0c0017996a3	S016099	1	P02	SYMBOLS.tsv	357516	status	aarch64	include/uapi/linux/dev_energymodel.h	type	anonymous_enum@69	69	PENDING_REVIEW	COMPLETE	COMPLETE	vendor/linux/include/uapi/linux/dev_energymodel.h;vendor/linux/include/uapi/linux/dev_energymodel.h:69;rewrite/configs/aarch64/frozen.config;header_closure=rewrite/metadata/header_closure.tsv;selected=PENDING_REVIEW	425f94c2954b1fe80ebdbf9b29854e89750355df	8be63e155b2159dd3867abce2074bf1f4ca624830ad9afd041fd8e9bc76bb310	3306f5bcdaf56c077506ec18a28e52a5906131a0bb2ae8ab4462c533e42f0faf	0123af9e96b58af4e98b91a2de5608d36b63c67864b9041d3340587f3dbe40d2	cfa8dcf0d81c408de38d4202fe1ce9d9e5e301d1e67439c9530da94b1e64ee3f	7484d7b0dd80f45e18d726b04752827fe28555cc5c1af0e127948380e6688abf
semantic-proposal-v1	SC1-1733b7ae77ff5b77d08bea1ffba1ca4642a362a1aded9fde02e322c8fe68c658	S016099	1	P02	SYMBOLS.tsv	357517	selection_expression	aarch64	include/uapi/linux/dev_energymodel.h	enum_constant	DEV_ENERGYMODEL_CMD_GET_PERF_DOMAINS	70	PENDING_REVIEW	SOURCE_REVIEWED_VALUE	COMPLETE	vendor/linux/include/uapi/linux/dev_energymodel.h;vendor/linux/include/uapi/linux/dev_energymodel.h:70;rewrite/configs/aarch64/frozen.config;header_closure=rewrite/metadata/header_closure.tsv;selected=PENDING_REVIEW	425f94c2954b1fe80ebdbf9b29854e89750355df	8be63e155b2159dd3867abce2074bf1f4ca624830ad9afd041fd8e9bc76bb310	3306f5bcdaf56c077506ec18a28e52a5906131a0bb2ae8ab4462c533e42f0faf	0123af9e96b58af4e98b91a2de5608d36b63c67864b9041d3340587f3dbe40d2	cfa8dcf0d81c408de38d4202fe1ce9d9e5e301d1e67439c9530da94b1e64ee3f	7484d7b0dd80f45e18d726b04752827fe28555cc5c1af0e127948380e6688abf
semantic-proposal-v1	SC1-0f814a10396b0ddcc5b1f00039aa85705c88a42f4dd2aac6f24272bb745458f3	S016099	1	P02	SYMBOLS.tsv	357517	status	aarch64	include/uapi/linux/dev_energymodel.h	enum_constant	DEV_ENERGYMODEL_CMD_GET_PERF_DOMAINS	70	PENDING_REVIEW	COMPLETE	COMPLETE	vendor/linux/include/uapi/linux/dev_energymodel.h;vendor/linux/include/uapi/linux/dev_energymodel.h:70;rewrite/configs/aarch64/frozen.config;header_closure=rewrite/metadata/header_closure.tsv;selected=PENDING_REVIEW	425f94c2954b1fe80ebdbf9b29854e89750355df	8be63e155b2159dd3867abce2074bf1f4ca624830ad9afd041fd8e9bc76bb310	3306f5bcdaf56c077506ec18a28e52a5906131a0bb2ae8ab4462c533e42f0faf	0123af9e96b58af4e98b91a2de5608d36b63c67864b9041d3340587f3dbe40d2	cfa8dcf0d81c408de38d4202fe1ce9d9e5e301d1e67439c9530da94b1e64ee3f	7484d7b0dd80f45e18d726b04752827fe28555cc5c1af0e127948380e6688abf
semantic-proposal-v1	SC1-dd58d87d7bba35a8526ef916b47160a083bb05c55ac5de59697203b03f40b3ef	S016099	1	P02	SYMBOLS.tsv	357518	selection_expression	aarch64	include/uapi/linux/dev_energymodel.h	enum_constant	DEV_ENERGYMODEL_CMD_GET_PERF_TABLE	71	PENDING_REVIEW	SOURCE_REVIEWED_VALUE	COMPLETE	vendor/linux/include/uapi/linux/dev_energymodel.h;vendor/linux/include/uapi/linux/dev_energymodel.h:71;rewrite/configs/aarch64/frozen.config;header_closure=rewrite/metadata/header_closure.tsv;selected=PENDING_REVIEW	425f94c2954b1fe80ebdbf9b29854e89750355df	8be63e155b2159dd3867abce2074bf1f4ca624830ad9afd041fd8e9bc76bb310	3306f5bcdaf56c077506ec18a28e52a5906131a0bb2ae8ab4462c533e42f0faf	0123af9e96b58af4e98b91a2de5608d36b63c67864b9041d3340587f3dbe40d2	cfa8dcf0d81c408de38d4202fe1ce9d9e5e301d1e67439c9530da94b1e64ee3f	7484d7b0dd80f45e18d726b04752827fe28555cc5c1af0e127948380e6688abf
semantic-proposal-v1	SC1-66d8efeb8a95430b6611b5b5f839d86a414e9da4945bd780b20f943803fb182c	S016099	1	P02	SYMBOLS.tsv	357518	status	aarch64	include/uapi/linux/dev_energymodel.h	enum_constant	DEV_ENERGYMODEL_CMD_GET_PERF_TABLE	71	PENDING_REVIEW	COMPLETE	COMPLETE	vendor/linux/include/uapi/linux/dev_energymodel.h;vendor/linux/include/uapi/linux/dev_energymodel.h:71;rewrite/configs/aarch64/frozen.config;header_closure=rewrite/metadata/header_closure.tsv;selected=PENDING_REVIEW	425f94c2954b1fe80ebdbf9b29854e89750355df	8be63e155b2159dd3867abce2074bf1f4ca624830ad9afd041fd8e9bc76bb310	3306f5bcdaf56c077506ec18a28e52a5906131a0bb2ae8ab4462c533e42f0faf	0123af9e96b58af4e98b91a2de5608d36b63c67864b9041d3340587f3dbe40d2	cfa8dcf0d81c408de38d4202fe1ce9d9e5e301d1e67439c9530da94b1e64ee3f	7484d7b0dd80f45e18d726b04752827fe28555cc5c1af0e127948380e6688abf
semantic-proposal-v1	SC1-5806636f02cd9c1c81327d93fbb2a874f2fa8e9e939a98fa6b8c1f9fb1f7811a	S016099	1	P02	SYMBOLS.tsv	357519	selection_expression	aarch64	include/uapi/linux/dev_energymodel.h	enum_constant	DEV_ENERGYMODEL_CMD_PERF_DOMAIN_CREATED	72	PENDING_REVIEW	SOURCE_REVIEWED_VALUE	COMPLETE	vendor/linux/include/uapi/linux/dev_energymodel.h;vendor/linux/include/uapi/linux/dev_energymodel.h:72;rewrite/configs/aarch64/frozen.config;header_closure=rewrite/metadata/header_closure.tsv;selected=PENDING_REVIEW	425f94c2954b1fe80ebdbf9b29854e89750355df	8be63e155b2159dd3867abce2074bf1f4ca624830ad9afd041fd8e9bc76bb310	3306f5bcdaf56c077506ec18a28e52a5906131a0bb2ae8ab4462c533e42f0faf	0123af9e96b58af4e98b91a2de5608d36b63c67864b9041d3340587f3dbe40d2	cfa8dcf0d81c408de38d4202fe1ce9d9e5e301d1e67439c9530da94b1e64ee3f	7484d7b0dd80f45e18d726b04752827fe28555cc5c1af0e127948380e6688abf
semantic-proposal-v1	SC1-ea65e978eed175e3d6b09f42b3c37a4909098e2ecd268f93eae9cd0a20cb854c	S016099	1	P02	SYMBOLS.tsv	357519	status	aarch64	include/uapi/linux/dev_energymodel.h	enum_constant	DEV_ENERGYMODEL_CMD_PERF_DOMAIN_CREATED	72	PENDING_REVIEW	COMPLETE	COMPLETE	vendor/linux/include/uapi/linux/dev_energymodel.h;vendor/linux/include/uapi/linux/dev_energymodel.h:72;rewrite/configs/aarch64/frozen.config;header_closure=rewrite/metadata/header_closure.tsv;selected=PENDING_REVIEW	425f94c2954b1fe80ebdbf9b29854e89750355df	8be63e155b2159dd3867abce2074bf1f4ca624830ad9afd041fd8e9bc76bb310	3306f5bcdaf56c077506ec18a28e52a5906131a0bb2ae8ab4462c533e42f0faf	0123af9e96b58af4e98b91a2de5608d36b63c67864b9041d3340587f3dbe40d2	cfa8dcf0d81c408de38d4202fe1ce9d9e5e301d1e67439c9530da94b1e64ee3f	7484d7b0dd80f45e18d726b04752827fe28555cc5c1af0e127948380e6688abf
semantic-proposal-v1	SC1-7737c56563a10c7445a9ffb0524c3a119b24609d828677d67cc12bd614f0f17a	S016099	1	P02	SYMBOLS.tsv	357520	selection_expression	aarch64	include/uapi/linux/dev_energymodel.h	enum_constant	DEV_ENERGYMODEL_CMD_PERF_DOMAIN_UPDATED	73	PENDING_REVIEW	SOURCE_REVIEWED_VALUE	COMPLETE	vendor/linux/include/uapi/linux/dev_energymodel.h;vendor/linux/include/uapi/linux/dev_energymodel.h:73;rewrite/configs/aarch64/frozen.config;header_closure=rewrite/metadata/header_closure.tsv;selected=PENDING_REVIEW	425f94c2954b1fe80ebdbf9b29854e89750355df	8be63e155b2159dd3867abce2074bf1f4ca624830ad9afd041fd8e9bc76bb310	3306f5bcdaf56c077506ec18a28e52a5906131a0bb2ae8ab4462c533e42f0faf	0123af9e96b58af4e98b91a2de5608d36b63c67864b9041d3340587f3dbe40d2	cfa8dcf0d81c408de38d4202fe1ce9d9e5e301d1e67439c9530da94b1e64ee3f	7484d7b0dd80f45e18d726b04752827fe28555cc5c1af0e127948380e6688abf
semantic-proposal-v1	SC1-a13962f1873211fd93906f280bde90f3b1bfe28feaf5ade98a15533e0bb9d67d	S016099	1	P02	SYMBOLS.tsv	357520	status	aarch64	include/uapi/linux/dev_energymodel.h	enum_constant	DEV_ENERGYMODEL_CMD_PERF_DOMAIN_UPDATED	73	PENDING_REVIEW	COMPLETE	COMPLETE	vendor/linux/include/uapi/linux/dev_energymodel.h;vendor/linux/include/uapi/linux/dev_energymodel.h:73;rewrite/configs/aarch64/frozen.config;header_closure=rewrite/metadata/header_closure.tsv;selected=PENDING_REVIEW	425f94c2954b1fe80ebdbf9b29854e89750355df	8be63e155b2159dd3867abce2074bf1f4ca624830ad9afd041fd8e9bc76bb310	3306f5bcdaf56c077506ec18a28e52a5906131a0bb2ae8ab4462c533e42f0faf	0123af9e96b58af4e98b91a2de5608d36b63c67864b9041d3340587f3dbe40d2	cfa8dcf0d81c408de38d4202fe1ce9d9e5e301d1e67439c9530da94b1e64ee3f	7484d7b0dd80f45e18d726b04752827fe28555cc5c1af0e127948380e6688abf
semantic-proposal-v1	SC1-fe5f66cb4d4c228e22a523e4e63c71976107fc899459fad16066f9e5db877362	S016099	1	P02	SYMBOLS.tsv	357521	selection_expression	aarch64	include/uapi/linux/dev_energymodel.h	enum_constant	DEV_ENERGYMODEL_CMD_PERF_DOMAIN_DELETED	74	PENDING_REVIEW	SOURCE_REVIEWED_VALUE	COMPLETE	vendor/linux/include/uapi/linux/dev_energymodel.h;vendor/linux/include/uapi/linux/dev_energymodel.h:74;rewrite/configs/aarch64/frozen.config;header_closure=rewrite/metadata/header_closure.tsv;selected=PENDING_REVIEW	425f94c2954b1fe80ebdbf9b29854e89750355df	8be63e155b2159dd3867abce2074bf1f4ca624830ad9afd041fd8e9bc76bb310	3306f5bcdaf56c077506ec18a28e52a5906131a0bb2ae8ab4462c533e42f0faf	0123af9e96b58af4e98b91a2de5608d36b63c67864b9041d3340587f3dbe40d2	cfa8dcf0d81c408de38d4202fe1ce9d9e5e301d1e67439c9530da94b1e64ee3f	7484d7b0dd80f45e18d726b04752827fe28555cc5c1af0e127948380e6688abf
semantic-proposal-v1	SC1-3e256a354218e1fc71df3ca2661b064e5b6acf1a41fa4f2cad7ac779032c19be	S016099	1	P02	SYMBOLS.tsv	357521	status	aarch64	include/uapi/linux/dev_energymodel.h	enum_constant	DEV_ENERGYMODEL_CMD_PERF_DOMAIN_DELETED	74	PENDING_REVIEW	COMPLETE	COMPLETE	vendor/linux/include/uapi/linux/dev_energymodel.h;vendor/linux/include/uapi/linux/dev_energymodel.h:74;rewrite/configs/aarch64/frozen.config;header_closure=rewrite/metadata/header_closure.tsv;selected=PENDING_REVIEW	425f94c2954b1fe80ebdbf9b29854e89750355df	8be63e155b2159dd3867abce2074bf1f4ca624830ad9afd041fd8e9bc76bb310	3306f5bcdaf56c077506ec18a28e52a5906131a0bb2ae8ab4462c533e42f0faf	0123af9e96b58af4e98b91a2de5608d36b63c67864b9041d3340587f3dbe40d2	cfa8dcf0d81c408de38d4202fe1ce9d9e5e301d1e67439c9530da94b1e64ee3f	7484d7b0dd80f45e18d726b04752827fe28555cc5c1af0e127948380e6688abf
semantic-proposal-v1	SC1-75b6d619c5100746a31fc3e056b5130b385fb6ea44d9c2e0d3a260c38df80bd8	S016099	1	P02	SYMBOLS.tsv	357522	selection_expression	aarch64	include/uapi/linux/dev_energymodel.h	enum_constant	__DEV_ENERGYMODEL_CMD_MAX	76	PENDING_REVIEW	SOURCE_REVIEWED_VALUE	COMPLETE	vendor/linux/include/uapi/linux/dev_energymodel.h;vendor/linux/include/uapi/linux/dev_energymodel.h:76;rewrite/configs/aarch64/frozen.config;header_closure=rewrite/metadata/header_closure.tsv;selected=PENDING_REVIEW	425f94c2954b1fe80ebdbf9b29854e89750355df	8be63e155b2159dd3867abce2074bf1f4ca624830ad9afd041fd8e9bc76bb310	3306f5bcdaf56c077506ec18a28e52a5906131a0bb2ae8ab4462c533e42f0faf	0123af9e96b58af4e98b91a2de5608d36b63c67864b9041d3340587f3dbe40d2	cfa8dcf0d81c408de38d4202fe1ce9d9e5e301d1e67439c9530da94b1e64ee3f	7484d7b0dd80f45e18d726b04752827fe28555cc5c1af0e127948380e6688abf
semantic-proposal-v1	SC1-45702a93dfbfd9e754eeb4dba89b8738f9be0a2c1436687e4f7b60c2b4bcdf86	S016099	1	P02	SYMBOLS.tsv	357522	status	aarch64	include/uapi/linux/dev_energymodel.h	enum_constant	__DEV_ENERGYMODEL_CMD_MAX	76	PENDING_REVIEW	COMPLETE	COMPLETE	vendor/linux/include/uapi/linux/dev_energymodel.h;vendor/linux/include/uapi/linux/dev_energymodel.h:76;rewrite/configs/aarch64/frozen.config;header_closure=rewrite/metadata/header_closure.tsv;selected=PENDING_REVIEW	425f94c2954b1fe80ebdbf9b29854e89750355df	8be63e155b2159dd3867abce2074bf1f4ca624830ad9afd041fd8e9bc76bb310	3306f5bcdaf56c077506ec18a28e52a5906131a0bb2ae8ab4462c533e42f0faf	0123af9e96b58af4e98b91a2de5608d36b63c67864b9041d3340587f3dbe40d2	cfa8dcf0d81c408de38d4202fe1ce9d9e5e301d1e67439c9530da94b1e64ee3f	7484d7b0dd80f45e18d726b04752827fe28555cc5c1af0e127948380e6688abf
semantic-proposal-v1	SC1-7c5a32787bb75acfb77fd732026421f7280eb34820228bb9bf4fbc520aed2a7c	S016099	1	P02	SYMBOLS.tsv	357523	selection_expression	aarch64	include/uapi/linux/dev_energymodel.h	enum_constant	DEV_ENERGYMODEL_CMD_MAX	77	PENDING_REVIEW	SOURCE_REVIEWED_VALUE	COMPLETE	vendor/linux/include/uapi/linux/dev_energymodel.h;vendor/linux/include/uapi/linux/dev_energymodel.h:77;rewrite/configs/aarch64/frozen.config;header_closure=rewrite/metadata/header_closure.tsv;selected=PENDING_REVIEW	425f94c2954b1fe80ebdbf9b29854e89750355df	8be63e155b2159dd3867abce2074bf1f4ca624830ad9afd041fd8e9bc76bb310	3306f5bcdaf56c077506ec18a28e52a5906131a0bb2ae8ab4462c533e42f0faf	0123af9e96b58af4e98b91a2de5608d36b63c67864b9041d3340587f3dbe40d2	cfa8dcf0d81c408de38d4202fe1ce9d9e5e301d1e67439c9530da94b1e64ee3f	7484d7b0dd80f45e18d726b04752827fe28555cc5c1af0e127948380e6688abf
semantic-proposal-v1	SC1-42699cedc33c7b3310cdfcad87aeefd4fd622d7f346d00f16e948a01e33afa4e	S016099	1	P02	SYMBOLS.tsv	357523	status	aarch64	include/uapi/linux/dev_energymodel.h	enum_constant	DEV_ENERGYMODEL_CMD_MAX	77	PENDING_REVIEW	COMPLETE	COMPLETE	vendor/linux/include/uapi/linux/dev_energymodel.h;vendor/linux/include/uapi/linux/dev_energymodel.h:77;rewrite/configs/aarch64/frozen.config;header_closure=rewrite/metadata/header_closure.tsv;selected=PENDING_REVIEW	425f94c2954b1fe80ebdbf9b29854e89750355df	8be63e155b2159dd3867abce2074bf1f4ca624830ad9afd041fd8e9bc76bb310	3306f5bcdaf56c077506ec18a28e52a5906131a0bb2ae8ab4462c533e42f0faf	0123af9e96b58af4e98b91a2de5608d36b63c67864b9041d3340587f3dbe40d2	cfa8dcf0d81c408de38d4202fe1ce9d9e5e301d1e67439c9530da94b1e64ee3f	7484d7b0dd80f45e18d726b04752827fe28555cc5c1af0e127948380e6688abf
semantic-proposal-v1	SC1-4be922003ba74922eecf93a71a425e99978c1d7891bc4276030f3a51065ec5d2	S016099	1	P02	ABI.tsv	190230	alignment	aarch64	include/uapi/linux/dev_energymodel.h	type	enum dev_energymodel_perf_state_flags	19	PENDING_REVIEW	SOURCE_REVIEWED_VALUE	COMPLETE	vendor/linux/include/uapi/linux/dev_energymodel.h;vendor/linux/include/uapi/linux/dev_energymodel.h:19;header-context=PENDING_REVIEW	425f94c2954b1fe80ebdbf9b29854e89750355df	8be63e155b2159dd3867abce2074bf1f4ca624830ad9afd041fd8e9bc76bb310	3306f5bcdaf56c077506ec18a28e52a5906131a0bb2ae8ab4462c533e42f0faf	0123af9e96b58af4e98b91a2de5608d36b63c67864b9041d3340587f3dbe40d2	cfa8dcf0d81c408de38d4202fe1ce9d9e5e301d1e67439c9530da94b1e64ee3f	ae0caca34fe9b6eb8097958d2fbb8d2b6a1fad60f91f3c2b8d948c43dbfcee39
semantic-proposal-v1	SC1-9649ae1b894344d34a690836093c746eb3b2c67423a941499154b9e41705e4ce	S016099	1	P02	ABI.tsv	190230	export_kind	aarch64	include/uapi/linux/dev_energymodel.h	type	enum dev_energymodel_perf_state_flags	19	PENDING_REVIEW	SOURCE_REVIEWED_VALUE	COMPLETE	vendor/linux/include/uapi/linux/dev_energymodel.h;vendor/linux/include/uapi/linux/dev_energymodel.h:19;header-context=PENDING_REVIEW	425f94c2954b1fe80ebdbf9b29854e89750355df	8be63e155b2159dd3867abce2074bf1f4ca624830ad9afd041fd8e9bc76bb310	3306f5bcdaf56c077506ec18a28e52a5906131a0bb2ae8ab4462c533e42f0faf	0123af9e96b58af4e98b91a2de5608d36b63c67864b9041d3340587f3dbe40d2	cfa8dcf0d81c408de38d4202fe1ce9d9e5e301d1e67439c9530da94b1e64ee3f	ae0caca34fe9b6eb8097958d2fbb8d2b6a1fad60f91f3c2b8d948c43dbfcee39
semantic-proposal-v1	SC1-8961f1d0bcd230797d1ae9303cede531f18a290945652a502a73d1c0fd05b8d4	S016099	1	P02	ABI.tsv	190230	layout	aarch64	include/uapi/linux/dev_energymodel.h	type	enum dev_energymodel_perf_state_flags	19	PENDING_REVIEW	SOURCE_REVIEWED_VALUE	COMPLETE	vendor/linux/include/uapi/linux/dev_energymodel.h;vendor/linux/include/uapi/linux/dev_energymodel.h:19;header-context=PENDING_REVIEW	425f94c2954b1fe80ebdbf9b29854e89750355df	8be63e155b2159dd3867abce2074bf1f4ca624830ad9afd041fd8e9bc76bb310	3306f5bcdaf56c077506ec18a28e52a5906131a0bb2ae8ab4462c533e42f0faf	0123af9e96b58af4e98b91a2de5608d36b63c67864b9041d3340587f3dbe40d2	cfa8dcf0d81c408de38d4202fe1ce9d9e5e301d1e67439c9530da94b1e64ee3f	ae0caca34fe9b6eb8097958d2fbb8d2b6a1fad60f91f3c2b8d948c43dbfcee39
semantic-proposal-v1	SC1-8030051c359cf3e79b7d9034e667390bbf69883717f725ef2dd45609032ecf25	S016099	1	P02	ABI.tsv	190230	status	aarch64	include/uapi/linux/dev_energymodel.h	type	enum dev_energymodel_perf_state_flags	19	PENDING_REVIEW	COMPLETE	COMPLETE	vendor/linux/include/uapi/linux/dev_energymodel.h;vendor/linux/include/uapi/linux/dev_energymodel.h:19;header-context=PENDING_REVIEW	425f94c2954b1fe80ebdbf9b29854e89750355df	8be63e155b2159dd3867abce2074bf1f4ca624830ad9afd041fd8e9bc76bb310	3306f5bcdaf56c077506ec18a28e52a5906131a0bb2ae8ab4462c533e42f0faf	0123af9e96b58af4e98b91a2de5608d36b63c67864b9041d3340587f3dbe40d2	cfa8dcf0d81c408de38d4202fe1ce9d9e5e301d1e67439c9530da94b1e64ee3f	ae0caca34fe9b6eb8097958d2fbb8d2b6a1fad60f91f3c2b8d948c43dbfcee39
semantic-proposal-v1	SC1-1194e48c4dd892d71a77f9718cb73185eaaa651345bdc486034d734e61af3b45	S016099	1	P02	ABI.tsv	190231	alignment	aarch64	include/uapi/linux/dev_energymodel.h	type	enum dev_energymodel_perf_domain_flags	33	PENDING_REVIEW	SOURCE_REVIEWED_VALUE	COMPLETE	vendor/linux/include/uapi/linux/dev_energymodel.h;vendor/linux/include/uapi/linux/dev_energymodel.h:33;header-context=PENDING_REVIEW	425f94c2954b1fe80ebdbf9b29854e89750355df	8be63e155b2159dd3867abce2074bf1f4ca624830ad9afd041fd8e9bc76bb310	3306f5bcdaf56c077506ec18a28e52a5906131a0bb2ae8ab4462c533e42f0faf	0123af9e96b58af4e98b91a2de5608d36b63c67864b9041d3340587f3dbe40d2	cfa8dcf0d81c408de38d4202fe1ce9d9e5e301d1e67439c9530da94b1e64ee3f	ae0caca34fe9b6eb8097958d2fbb8d2b6a1fad60f91f3c2b8d948c43dbfcee39
semantic-proposal-v1	SC1-d1eccea781ae6903949566a973fd355942ca5a448f7c6b9141c9a4a18d8f8665	S016099	1	P02	ABI.tsv	190231	export_kind	aarch64	include/uapi/linux/dev_energymodel.h	type	enum dev_energymodel_perf_domain_flags	33	PENDING_REVIEW	SOURCE_REVIEWED_VALUE	COMPLETE	vendor/linux/include/uapi/linux/dev_energymodel.h;vendor/linux/include/uapi/linux/dev_energymodel.h:33;header-context=PENDING_REVIEW	425f94c2954b1fe80ebdbf9b29854e89750355df	8be63e155b2159dd3867abce2074bf1f4ca624830ad9afd041fd8e9bc76bb310	3306f5bcdaf56c077506ec18a28e52a5906131a0bb2ae8ab4462c533e42f0faf	0123af9e96b58af4e98b91a2de5608d36b63c67864b9041d3340587f3dbe40d2	cfa8dcf0d81c408de38d4202fe1ce9d9e5e301d1e67439c9530da94b1e64ee3f	ae0caca34fe9b6eb8097958d2fbb8d2b6a1fad60f91f3c2b8d948c43dbfcee39
semantic-proposal-v1	SC1-682dff7ef6591f8003744f06ef0fe629879a3a5db5e1efc253e7920cf7b42f9d	S016099	1	P02	ABI.tsv	190231	layout	aarch64	include/uapi/linux/dev_energymodel.h	type	enum dev_energymodel_perf_domain_flags	33	PENDING_REVIEW	SOURCE_REVIEWED_VALUE	COMPLETE	vendor/linux/include/uapi/linux/dev_energymodel.h;vendor/linux/include/uapi/linux/dev_energymodel.h:33;header-context=PENDING_REVIEW	425f94c2954b1fe80ebdbf9b29854e89750355df	8be63e155b2159dd3867abce2074bf1f4ca624830ad9afd041fd8e9bc76bb310	3306f5bcdaf56c077506ec18a28e52a5906131a0bb2ae8ab4462c533e42f0faf	0123af9e96b58af4e98b91a2de5608d36b63c67864b9041d3340587f3dbe40d2	cfa8dcf0d81c408de38d4202fe1ce9d9e5e301d1e67439c9530da94b1e64ee3f	ae0caca34fe9b6eb8097958d2fbb8d2b6a1fad60f91f3c2b8d948c43dbfcee39
semantic-proposal-v1	SC1-788084c77920a910b2116c0e4b214162f5bf567648f87a89da6dbda20b0db962	S016099	1	P02	ABI.tsv	190231	status	aarch64	include/uapi/linux/dev_energymodel.h	type	enum dev_energymodel_perf_domain_flags	33	PENDING_REVIEW	COMPLETE	COMPLETE	vendor/linux/include/uapi/linux/dev_energymodel.h;vendor/linux/include/uapi/linux/dev_energymodel.h:33;header-context=PENDING_REVIEW	425f94c2954b1fe80ebdbf9b29854e89750355df	8be63e155b2159dd3867abce2074bf1f4ca624830ad9afd041fd8e9bc76bb310	3306f5bcdaf56c077506ec18a28e52a5906131a0bb2ae8ab4462c533e42f0faf	0123af9e96b58af4e98b91a2de5608d36b63c67864b9041d3340587f3dbe40d2	cfa8dcf0d81c408de38d4202fe1ce9d9e5e301d1e67439c9530da94b1e64ee3f	ae0caca34fe9b6eb8097958d2fbb8d2b6a1fad60f91f3c2b8d948c43dbfcee39
semantic-proposal-v1	SC1-f4321222e3843f8076933c02d3e983c0606abd378a4bbe2c61f1d9f98468d630	S016099	1	P02	ABI.tsv	190232	alignment	aarch64	include/uapi/linux/dev_energymodel.h	type	anonymous_enum@39	39	PENDING_REVIEW	SOURCE_REVIEWED_VALUE	COMPLETE	vendor/linux/include/uapi/linux/dev_energymodel.h;vendor/linux/include/uapi/linux/dev_energymodel.h:39;header-context=PENDING_REVIEW	425f94c2954b1fe80ebdbf9b29854e89750355df	8be63e155b2159dd3867abce2074bf1f4ca624830ad9afd041fd8e9bc76bb310	3306f5bcdaf56c077506ec18a28e52a5906131a0bb2ae8ab4462c533e42f0faf	0123af9e96b58af4e98b91a2de5608d36b63c67864b9041d3340587f3dbe40d2	cfa8dcf0d81c408de38d4202fe1ce9d9e5e301d1e67439c9530da94b1e64ee3f	ae0caca34fe9b6eb8097958d2fbb8d2b6a1fad60f91f3c2b8d948c43dbfcee39
semantic-proposal-v1	SC1-f215b1b591a77e00d815e7a1444c200f14ccaaff5b703492df7fb4ffb2e2dd41	S016099	1	P02	ABI.tsv	190232	export_kind	aarch64	include/uapi/linux/dev_energymodel.h	type	anonymous_enum@39	39	PENDING_REVIEW	SOURCE_REVIEWED_VALUE	COMPLETE	vendor/linux/include/uapi/linux/dev_energymodel.h;vendor/linux/include/uapi/linux/dev_energymodel.h:39;header-context=PENDING_REVIEW	425f94c2954b1fe80ebdbf9b29854e89750355df	8be63e155b2159dd3867abce2074bf1f4ca624830ad9afd041fd8e9bc76bb310	3306f5bcdaf56c077506ec18a28e52a5906131a0bb2ae8ab4462c533e42f0faf	0123af9e96b58af4e98b91a2de5608d36b63c67864b9041d3340587f3dbe40d2	cfa8dcf0d81c408de38d4202fe1ce9d9e5e301d1e67439c9530da94b1e64ee3f	ae0caca34fe9b6eb8097958d2fbb8d2b6a1fad60f91f3c2b8d948c43dbfcee39
semantic-proposal-v1	SC1-1daf5d32aaec086b6aceb4dc65f365b17c06a2f266edbcd8b5172c73eb666f02	S016099	1	P02	ABI.tsv	190232	layout	aarch64	include/uapi/linux/dev_energymodel.h	type	anonymous_enum@39	39	PENDING_REVIEW	SOURCE_REVIEWED_VALUE	COMPLETE	vendor/linux/include/uapi/linux/dev_energymodel.h;vendor/linux/include/uapi/linux/dev_energymodel.h:39;header-context=PENDING_REVIEW	425f94c2954b1fe80ebdbf9b29854e89750355df	8be63e155b2159dd3867abce2074bf1f4ca624830ad9afd041fd8e9bc76bb310	3306f5bcdaf56c077506ec18a28e52a5906131a0bb2ae8ab4462c533e42f0faf	0123af9e96b58af4e98b91a2de5608d36b63c67864b9041d3340587f3dbe40d2	cfa8dcf0d81c408de38d4202fe1ce9d9e5e301d1e67439c9530da94b1e64ee3f	ae0caca34fe9b6eb8097958d2fbb8d2b6a1fad60f91f3c2b8d948c43dbfcee39
semantic-proposal-v1	SC1-0c881ed55ec20389b230dc1eca98f4008aea9b22a19df740538480a9a114dbd3	S016099	1	P02	ABI.tsv	190232	status	aarch64	include/uapi/linux/dev_energymodel.h	type	anonymous_enum@39	39	PENDING_REVIEW	COMPLETE	COMPLETE	vendor/linux/include/uapi/linux/dev_energymodel.h;vendor/linux/include/uapi/linux/dev_energymodel.h:39;header-context=PENDING_REVIEW	425f94c2954b1fe80ebdbf9b29854e89750355df	8be63e155b2159dd3867abce2074bf1f4ca624830ad9afd041fd8e9bc76bb310	3306f5bcdaf56c077506ec18a28e52a5906131a0bb2ae8ab4462c533e42f0faf	0123af9e96b58af4e98b91a2de5608d36b63c67864b9041d3340587f3dbe40d2	cfa8dcf0d81c408de38d4202fe1ce9d9e5e301d1e67439c9530da94b1e64ee3f	ae0caca34fe9b6eb8097958d2fbb8d2b6a1fad60f91f3c2b8d948c43dbfcee39
semantic-proposal-v1	SC1-7bd94ee87cf9ddf88105b24e5d5ccbe7497929db52f1cf016c52b70bb3117d8b	S016099	1	P02	ABI.tsv	190233	alignment	aarch64	include/uapi/linux/dev_energymodel.h	type	anonymous_enum@49	49	PENDING_REVIEW	SOURCE_REVIEWED_VALUE	COMPLETE	vendor/linux/include/uapi/linux/dev_energymodel.h;vendor/linux/include/uapi/linux/dev_energymodel.h:49;header-context=PENDING_REVIEW	425f94c2954b1fe80ebdbf9b29854e89750355df	8be63e155b2159dd3867abce2074bf1f4ca624830ad9afd041fd8e9bc76bb310	3306f5bcdaf56c077506ec18a28e52a5906131a0bb2ae8ab4462c533e42f0faf	0123af9e96b58af4e98b91a2de5608d36b63c67864b9041d3340587f3dbe40d2	cfa8dcf0d81c408de38d4202fe1ce9d9e5e301d1e67439c9530da94b1e64ee3f	ae0caca34fe9b6eb8097958d2fbb8d2b6a1fad60f91f3c2b8d948c43dbfcee39
semantic-proposal-v1	SC1-537ef55029795b6d2be3505121dd463d583122c74b3dfa144c7a5ed83d69b417	S016099	1	P02	ABI.tsv	190233	export_kind	aarch64	include/uapi/linux/dev_energymodel.h	type	anonymous_enum@49	49	PENDING_REVIEW	SOURCE_REVIEWED_VALUE	COMPLETE	vendor/linux/include/uapi/linux/dev_energymodel.h;vendor/linux/include/uapi/linux/dev_energymodel.h:49;header-context=PENDING_REVIEW	425f94c2954b1fe80ebdbf9b29854e89750355df	8be63e155b2159dd3867abce2074bf1f4ca624830ad9afd041fd8e9bc76bb310	3306f5bcdaf56c077506ec18a28e52a5906131a0bb2ae8ab4462c533e42f0faf	0123af9e96b58af4e98b91a2de5608d36b63c67864b9041d3340587f3dbe40d2	cfa8dcf0d81c408de38d4202fe1ce9d9e5e301d1e67439c9530da94b1e64ee3f	ae0caca34fe9b6eb8097958d2fbb8d2b6a1fad60f91f3c2b8d948c43dbfcee39
semantic-proposal-v1	SC1-ed8f988400683afef1c9198de86c734a9166176419c8041bcf53badc1f5f3d62	S016099	1	P02	ABI.tsv	190233	layout	aarch64	include/uapi/linux/dev_energymodel.h	type	anonymous_enum@49	49	PENDING_REVIEW	SOURCE_REVIEWED_VALUE	COMPLETE	vendor/linux/include/uapi/linux/dev_energymodel.h;vendor/linux/include/uapi/linux/dev_energymodel.h:49;header-context=PENDING_REVIEW	425f94c2954b1fe80ebdbf9b29854e89750355df	8be63e155b2159dd3867abce2074bf1f4ca624830ad9afd041fd8e9bc76bb310	3306f5bcdaf56c077506ec18a28e52a5906131a0bb2ae8ab4462c533e42f0faf	0123af9e96b58af4e98b91a2de5608d36b63c67864b9041d3340587f3dbe40d2	cfa8dcf0d81c408de38d4202fe1ce9d9e5e301d1e67439c9530da94b1e64ee3f	ae0caca34fe9b6eb8097958d2fbb8d2b6a1fad60f91f3c2b8d948c43dbfcee39
semantic-proposal-v1	SC1-4e2f18a7e7d139b2847802dc0af02707ef5c5e0a9e41be44c24f02d56f2c040a	S016099	1	P02	ABI.tsv	190233	status	aarch64	include/uapi/linux/dev_energymodel.h	type	anonymous_enum@49	49	PENDING_REVIEW	COMPLETE	COMPLETE	vendor/linux/include/uapi/linux/dev_energymodel.h;vendor/linux/include/uapi/linux/dev_energymodel.h:49;header-context=PENDING_REVIEW	425f94c2954b1fe80ebdbf9b29854e89750355df	8be63e155b2159dd3867abce2074bf1f4ca624830ad9afd041fd8e9bc76bb310	3306f5bcdaf56c077506ec18a28e52a5906131a0bb2ae8ab4462c533e42f0faf	0123af9e96b58af4e98b91a2de5608d36b63c67864b9041d3340587f3dbe40d2	cfa8dcf0d81c408de38d4202fe1ce9d9e5e301d1e67439c9530da94b1e64ee3f	ae0caca34fe9b6eb8097958d2fbb8d2b6a1fad60f91f3c2b8d948c43dbfcee39
semantic-proposal-v1	SC1-a859fc176adf6b19a747b8a6f5d73b1f9e9871afaeb7ebd75121b92214e74b64	S016099	1	P02	ABI.tsv	190234	alignment	aarch64	include/uapi/linux/dev_energymodel.h	type	anonymous_enum@57	57	PENDING_REVIEW	SOURCE_REVIEWED_VALUE	COMPLETE	vendor/linux/include/uapi/linux/dev_energymodel.h;vendor/linux/include/uapi/linux/dev_energymodel.h:57;header-context=PENDING_REVIEW	425f94c2954b1fe80ebdbf9b29854e89750355df	8be63e155b2159dd3867abce2074bf1f4ca624830ad9afd041fd8e9bc76bb310	3306f5bcdaf56c077506ec18a28e52a5906131a0bb2ae8ab4462c533e42f0faf	0123af9e96b58af4e98b91a2de5608d36b63c67864b9041d3340587f3dbe40d2	cfa8dcf0d81c408de38d4202fe1ce9d9e5e301d1e67439c9530da94b1e64ee3f	ae0caca34fe9b6eb8097958d2fbb8d2b6a1fad60f91f3c2b8d948c43dbfcee39
semantic-proposal-v1	SC1-8c155a0fc63df95886b278aeb66d0cbbc8e8055dfb27bcf16d5cd84772c0534a	S016099	1	P02	ABI.tsv	190234	export_kind	aarch64	include/uapi/linux/dev_energymodel.h	type	anonymous_enum@57	57	PENDING_REVIEW	SOURCE_REVIEWED_VALUE	COMPLETE	vendor/linux/include/uapi/linux/dev_energymodel.h;vendor/linux/include/uapi/linux/dev_energymodel.h:57;header-context=PENDING_REVIEW	425f94c2954b1fe80ebdbf9b29854e89750355df	8be63e155b2159dd3867abce2074bf1f4ca624830ad9afd041fd8e9bc76bb310	3306f5bcdaf56c077506ec18a28e52a5906131a0bb2ae8ab4462c533e42f0faf	0123af9e96b58af4e98b91a2de5608d36b63c67864b9041d3340587f3dbe40d2	cfa8dcf0d81c408de38d4202fe1ce9d9e5e301d1e67439c9530da94b1e64ee3f	ae0caca34fe9b6eb8097958d2fbb8d2b6a1fad60f91f3c2b8d948c43dbfcee39
semantic-proposal-v1	SC1-bbf8868b1ca0d629c2d38d4aaa566d7102a9c477e7181c3a3490b42808d43e95	S016099	1	P02	ABI.tsv	190234	layout	aarch64	include/uapi/linux/dev_energymodel.h	type	anonymous_enum@57	57	PENDING_REVIEW	SOURCE_REVIEWED_VALUE	COMPLETE	vendor/linux/include/uapi/linux/dev_energymodel.h;vendor/linux/include/uapi/linux/dev_energymodel.h:57;header-context=PENDING_REVIEW	425f94c2954b1fe80ebdbf9b29854e89750355df	8be63e155b2159dd3867abce2074bf1f4ca624830ad9afd041fd8e9bc76bb310	3306f5bcdaf56c077506ec18a28e52a5906131a0bb2ae8ab4462c533e42f0faf	0123af9e96b58af4e98b91a2de5608d36b63c67864b9041d3340587f3dbe40d2	cfa8dcf0d81c408de38d4202fe1ce9d9e5e301d1e67439c9530da94b1e64ee3f	ae0caca34fe9b6eb8097958d2fbb8d2b6a1fad60f91f3c2b8d948c43dbfcee39
semantic-proposal-v1	SC1-10bb001ba625244170d499f253a01b454d8a3692d376d0ea51b47f4fcd3e7892	S016099	1	P02	ABI.tsv	190234	status	aarch64	include/uapi/linux/dev_energymodel.h	type	anonymous_enum@57	57	PENDING_REVIEW	COMPLETE	COMPLETE	vendor/linux/include/uapi/linux/dev_energymodel.h;vendor/linux/include/uapi/linux/dev_energymodel.h:57;header-context=PENDING_REVIEW	425f94c2954b1fe80ebdbf9b29854e89750355df	8be63e155b2159dd3867abce2074bf1f4ca624830ad9afd041fd8e9bc76bb310	3306f5bcdaf56c077506ec18a28e52a5906131a0bb2ae8ab4462c533e42f0faf	0123af9e96b58af4e98b91a2de5608d36b63c67864b9041d3340587f3dbe40d2	cfa8dcf0d81c408de38d4202fe1ce9d9e5e301d1e67439c9530da94b1e64ee3f	ae0caca34fe9b6eb8097958d2fbb8d2b6a1fad60f91f3c2b8d948c43dbfcee39
semantic-proposal-v1	SC1-ff0e3c40a8488fc9a2646b50ebcd42584c6f5e165315f5a3fed41a71ccc5b8df	S016099	1	P02	ABI.tsv	190235	alignment	aarch64	include/uapi/linux/dev_energymodel.h	type	anonymous_enum@69	69	PENDING_REVIEW	SOURCE_REVIEWED_VALUE	COMPLETE	vendor/linux/include/uapi/linux/dev_energymodel.h;vendor/linux/include/uapi/linux/dev_energymodel.h:69;header-context=PENDING_REVIEW	425f94c2954b1fe80ebdbf9b29854e89750355df	8be63e155b2159dd3867abce2074bf1f4ca624830ad9afd041fd8e9bc76bb310	3306f5bcdaf56c077506ec18a28e52a5906131a0bb2ae8ab4462c533e42f0faf	0123af9e96b58af4e98b91a2de5608d36b63c67864b9041d3340587f3dbe40d2	cfa8dcf0d81c408de38d4202fe1ce9d9e5e301d1e67439c9530da94b1e64ee3f	ae0caca34fe9b6eb8097958d2fbb8d2b6a1fad60f91f3c2b8d948c43dbfcee39
semantic-proposal-v1	SC1-57b67f505c807a47ffdd766072a35537f16c9a0f891acf58a1ba06b7d447936b	S016099	1	P02	ABI.tsv	190235	export_kind	aarch64	include/uapi/linux/dev_energymodel.h	type	anonymous_enum@69	69	PENDING_REVIEW	SOURCE_REVIEWED_VALUE	COMPLETE	vendor/linux/include/uapi/linux/dev_energymodel.h;vendor/linux/include/uapi/linux/dev_energymodel.h:69;header-context=PENDING_REVIEW	425f94c2954b1fe80ebdbf9b29854e89750355df	8be63e155b2159dd3867abce2074bf1f4ca624830ad9afd041fd8e9bc76bb310	3306f5bcdaf56c077506ec18a28e52a5906131a0bb2ae8ab4462c533e42f0faf	0123af9e96b58af4e98b91a2de5608d36b63c67864b9041d3340587f3dbe40d2	cfa8dcf0d81c408de38d4202fe1ce9d9e5e301d1e67439c9530da94b1e64ee3f	ae0caca34fe9b6eb8097958d2fbb8d2b6a1fad60f91f3c2b8d948c43dbfcee39
semantic-proposal-v1	SC1-50474dc6ed85ad3fa2775b51da47d8e6df24fd7e327f25282b790d21edea7d30	S016099	1	P02	ABI.tsv	190235	layout	aarch64	include/uapi/linux/dev_energymodel.h	type	anonymous_enum@69	69	PENDING_REVIEW	SOURCE_REVIEWED_VALUE	COMPLETE	vendor/linux/include/uapi/linux/dev_energymodel.h;vendor/linux/include/uapi/linux/dev_energymodel.h:69;header-context=PENDING_REVIEW	425f94c2954b1fe80ebdbf9b29854e89750355df	8be63e155b2159dd3867abce2074bf1f4ca624830ad9afd041fd8e9bc76bb310	3306f5bcdaf56c077506ec18a28e52a5906131a0bb2ae8ab4462c533e42f0faf	0123af9e96b58af4e98b91a2de5608d36b63c67864b9041d3340587f3dbe40d2	cfa8dcf0d81c408de38d4202fe1ce9d9e5e301d1e67439c9530da94b1e64ee3f	ae0caca34fe9b6eb8097958d2fbb8d2b6a1fad60f91f3c2b8d948c43dbfcee39
semantic-proposal-v1	SC1-dc44cfb97ce45fefd6fa44cc565a779de956820dc6acffbf98fbdec2f170e232	S016099	1	P02	ABI.tsv	190235	status	aarch64	include/uapi/linux/dev_energymodel.h	type	anonymous_enum@69	69	PENDING_REVIEW	COMPLETE	COMPLETE	vendor/linux/include/uapi/linux/dev_energymodel.h;vendor/linux/include/uapi/linux/dev_energymodel.h:69;header-context=PENDING_REVIEW	425f94c2954b1fe80ebdbf9b29854e89750355df	8be63e155b2159dd3867abce2074bf1f4ca624830ad9afd041fd8e9bc76bb310	3306f5bcdaf56c077506ec18a28e52a5906131a0bb2ae8ab4462c533e42f0faf	0123af9e96b58af4e98b91a2de5608d36b63c67864b9041d3340587f3dbe40d2	cfa8dcf0d81c408de38d4202fe1ce9d9e5e301d1e67439c9530da94b1e64ee3f	ae0caca34fe9b6eb8097958d2fbb8d2b6a1fad60f91f3c2b8d948c43dbfcee39
semantic-proposal-v1	SC1-986ee3bc3e8e3a1f27775d4814aabce220841b170ddaf36d0feac8ed518a7cfd	S016099	1	P02	LIFETIMES.tsv	186171	lifetime_contract	aarch64	include/uapi/linux/dev_energymodel.h	type	enum dev_energymodel_perf_state_flags	19	PENDING_REVIEW	SOURCE_REVIEWED_VALUE	COMPLETE	vendor/linux/include/uapi/linux/dev_energymodel.h;vendor/linux/include/uapi/linux/dev_energymodel.h:19;header-context=PENDING_REVIEW	425f94c2954b1fe80ebdbf9b29854e89750355df	8be63e155b2159dd3867abce2074bf1f4ca624830ad9afd041fd8e9bc76bb310	3306f5bcdaf56c077506ec18a28e52a5906131a0bb2ae8ab4462c533e42f0faf	0123af9e96b58af4e98b91a2de5608d36b63c67864b9041d3340587f3dbe40d2	cfa8dcf0d81c408de38d4202fe1ce9d9e5e301d1e67439c9530da94b1e64ee3f	0e7e60940dd21c28f3d10965325f70644fc000495a2d61984437dec666da93d8
semantic-proposal-v1	SC1-55ca2582ac3ab19d2131f9c6818c5fa48fff020bee964d2ae1d09e8fe4066d2e	S016099	1	P02	LIFETIMES.tsv	186171	locking_rcu_refcount	aarch64	include/uapi/linux/dev_energymodel.h	type	enum dev_energymodel_perf_state_flags	19	PENDING_REVIEW	SOURCE_REVIEWED_VALUE	COMPLETE	vendor/linux/include/uapi/linux/dev_energymodel.h;vendor/linux/include/uapi/linux/dev_energymodel.h:19;header-context=PENDING_REVIEW	425f94c2954b1fe80ebdbf9b29854e89750355df	8be63e155b2159dd3867abce2074bf1f4ca624830ad9afd041fd8e9bc76bb310	3306f5bcdaf56c077506ec18a28e52a5906131a0bb2ae8ab4462c533e42f0faf	0123af9e96b58af4e98b91a2de5608d36b63c67864b9041d3340587f3dbe40d2	cfa8dcf0d81c408de38d4202fe1ce9d9e5e301d1e67439c9530da94b1e64ee3f	0e7e60940dd21c28f3d10965325f70644fc000495a2d61984437dec666da93d8
semantic-proposal-v1	SC1-1ea91bf512d1feb6eaed53f8d9c02e21af9f0988128fce003c3ba696c12faea8	S016099	1	P02	LIFETIMES.tsv	186171	ownership	aarch64	include/uapi/linux/dev_energymodel.h	type	enum dev_energymodel_perf_state_flags	19	PENDING_REVIEW	SOURCE_REVIEWED_VALUE	COMPLETE	vendor/linux/include/uapi/linux/dev_energymodel.h;vendor/linux/include/uapi/linux/dev_energymodel.h:19;header-context=PENDING_REVIEW	425f94c2954b1fe80ebdbf9b29854e89750355df	8be63e155b2159dd3867abce2074bf1f4ca624830ad9afd041fd8e9bc76bb310	3306f5bcdaf56c077506ec18a28e52a5906131a0bb2ae8ab4462c533e42f0faf	0123af9e96b58af4e98b91a2de5608d36b63c67864b9041d3340587f3dbe40d2	cfa8dcf0d81c408de38d4202fe1ce9d9e5e301d1e67439c9530da94b1e64ee3f	0e7e60940dd21c28f3d10965325f70644fc000495a2d61984437dec666da93d8
semantic-proposal-v1	SC1-90f86c8813217e7af8ad0a9692691936e566993682c8e2d42cec5ad4beb4969a	S016099	1	P02	LIFETIMES.tsv	186171	status	aarch64	include/uapi/linux/dev_energymodel.h	type	enum dev_energymodel_perf_state_flags	19	PENDING_REVIEW	COMPLETE	COMPLETE	vendor/linux/include/uapi/linux/dev_energymodel.h;vendor/linux/include/uapi/linux/dev_energymodel.h:19;header-context=PENDING_REVIEW	425f94c2954b1fe80ebdbf9b29854e89750355df	8be63e155b2159dd3867abce2074bf1f4ca624830ad9afd041fd8e9bc76bb310	3306f5bcdaf56c077506ec18a28e52a5906131a0bb2ae8ab4462c533e42f0faf	0123af9e96b58af4e98b91a2de5608d36b63c67864b9041d3340587f3dbe40d2	cfa8dcf0d81c408de38d4202fe1ce9d9e5e301d1e67439c9530da94b1e64ee3f	0e7e60940dd21c28f3d10965325f70644fc000495a2d61984437dec666da93d8
semantic-proposal-v1	SC1-c32e706521cc9438a834b17aab6f28e8eea10d4d1e5d7e5bf449950d9e6fc99f	S016099	1	P02	LIFETIMES.tsv	186172	lifetime_contract	aarch64	include/uapi/linux/dev_energymodel.h	type	enum dev_energymodel_perf_domain_flags	33	PENDING_REVIEW	SOURCE_REVIEWED_VALUE	COMPLETE	vendor/linux/include/uapi/linux/dev_energymodel.h;vendor/linux/include/uapi/linux/dev_energymodel.h:33;header-context=PENDING_REVIEW	425f94c2954b1fe80ebdbf9b29854e89750355df	8be63e155b2159dd3867abce2074bf1f4ca624830ad9afd041fd8e9bc76bb310	3306f5bcdaf56c077506ec18a28e52a5906131a0bb2ae8ab4462c533e42f0faf	0123af9e96b58af4e98b91a2de5608d36b63c67864b9041d3340587f3dbe40d2	cfa8dcf0d81c408de38d4202fe1ce9d9e5e301d1e67439c9530da94b1e64ee3f	0e7e60940dd21c28f3d10965325f70644fc000495a2d61984437dec666da93d8
semantic-proposal-v1	SC1-84bd073d126ce8ec2c1162e1dbb06b93805b413c0199c1ac73d02c5089d7e794	S016099	1	P02	LIFETIMES.tsv	186172	locking_rcu_refcount	aarch64	include/uapi/linux/dev_energymodel.h	type	enum dev_energymodel_perf_domain_flags	33	PENDING_REVIEW	SOURCE_REVIEWED_VALUE	COMPLETE	vendor/linux/include/uapi/linux/dev_energymodel.h;vendor/linux/include/uapi/linux/dev_energymodel.h:33;header-context=PENDING_REVIEW	425f94c2954b1fe80ebdbf9b29854e89750355df	8be63e155b2159dd3867abce2074bf1f4ca624830ad9afd041fd8e9bc76bb310	3306f5bcdaf56c077506ec18a28e52a5906131a0bb2ae8ab4462c533e42f0faf	0123af9e96b58af4e98b91a2de5608d36b63c67864b9041d3340587f3dbe40d2	cfa8dcf0d81c408de38d4202fe1ce9d9e5e301d1e67439c9530da94b1e64ee3f	0e7e60940dd21c28f3d10965325f70644fc000495a2d61984437dec666da93d8
semantic-proposal-v1	SC1-91fb30e10ab69524b700aceb6f084cfb253dd91d597a3ab5891adb21e066aff5	S016099	1	P02	LIFETIMES.tsv	186172	ownership	aarch64	include/uapi/linux/dev_energymodel.h	type	enum dev_energymodel_perf_domain_flags	33	PENDING_REVIEW	SOURCE_REVIEWED_VALUE	COMPLETE	vendor/linux/include/uapi/linux/dev_energymodel.h;vendor/linux/include/uapi/linux/dev_energymodel.h:33;header-context=PENDING_REVIEW	425f94c2954b1fe80ebdbf9b29854e89750355df	8be63e155b2159dd3867abce2074bf1f4ca624830ad9afd041fd8e9bc76bb310	3306f5bcdaf56c077506ec18a28e52a5906131a0bb2ae8ab4462c533e42f0faf	0123af9e96b58af4e98b91a2de5608d36b63c67864b9041d3340587f3dbe40d2	cfa8dcf0d81c408de38d4202fe1ce9d9e5e301d1e67439c9530da94b1e64ee3f	0e7e60940dd21c28f3d10965325f70644fc000495a2d61984437dec666da93d8
semantic-proposal-v1	SC1-28843354a2465aec60ddc9b70efa772505321ed00bd08dc21f61ecf9455df00b	S016099	1	P02	LIFETIMES.tsv	186172	status	aarch64	include/uapi/linux/dev_energymodel.h	type	enum dev_energymodel_perf_domain_flags	33	PENDING_REVIEW	COMPLETE	COMPLETE	vendor/linux/include/uapi/linux/dev_energymodel.h;vendor/linux/include/uapi/linux/dev_energymodel.h:33;header-context=PENDING_REVIEW	425f94c2954b1fe80ebdbf9b29854e89750355df	8be63e155b2159dd3867abce2074bf1f4ca624830ad9afd041fd8e9bc76bb310	3306f5bcdaf56c077506ec18a28e52a5906131a0bb2ae8ab4462c533e42f0faf	0123af9e96b58af4e98b91a2de5608d36b63c67864b9041d3340587f3dbe40d2	cfa8dcf0d81c408de38d4202fe1ce9d9e5e301d1e67439c9530da94b1e64ee3f	0e7e60940dd21c28f3d10965325f70644fc000495a2d61984437dec666da93d8
semantic-proposal-v1	SC1-9867e4fb5d581760a5a7d13cbb08347e5fb7a46318c349c86930ba8fbbc7d80f	S016099	1	P02	LIFETIMES.tsv	186173	lifetime_contract	aarch64	include/uapi/linux/dev_energymodel.h	type	anonymous_enum@39	39	PENDING_REVIEW	SOURCE_REVIEWED_VALUE	COMPLETE	vendor/linux/include/uapi/linux/dev_energymodel.h;vendor/linux/include/uapi/linux/dev_energymodel.h:39;header-context=PENDING_REVIEW	425f94c2954b1fe80ebdbf9b29854e89750355df	8be63e155b2159dd3867abce2074bf1f4ca624830ad9afd041fd8e9bc76bb310	3306f5bcdaf56c077506ec18a28e52a5906131a0bb2ae8ab4462c533e42f0faf	0123af9e96b58af4e98b91a2de5608d36b63c67864b9041d3340587f3dbe40d2	cfa8dcf0d81c408de38d4202fe1ce9d9e5e301d1e67439c9530da94b1e64ee3f	0e7e60940dd21c28f3d10965325f70644fc000495a2d61984437dec666da93d8
semantic-proposal-v1	SC1-1179a48a946c802395404c9acea673432551c2e6e05c88132c520e43d6bd8f93	S016099	1	P02	LIFETIMES.tsv	186173	locking_rcu_refcount	aarch64	include/uapi/linux/dev_energymodel.h	type	anonymous_enum@39	39	PENDING_REVIEW	SOURCE_REVIEWED_VALUE	COMPLETE	vendor/linux/include/uapi/linux/dev_energymodel.h;vendor/linux/include/uapi/linux/dev_energymodel.h:39;header-context=PENDING_REVIEW	425f94c2954b1fe80ebdbf9b29854e89750355df	8be63e155b2159dd3867abce2074bf1f4ca624830ad9afd041fd8e9bc76bb310	3306f5bcdaf56c077506ec18a28e52a5906131a0bb2ae8ab4462c533e42f0faf	0123af9e96b58af4e98b91a2de5608d36b63c67864b9041d3340587f3dbe40d2	cfa8dcf0d81c408de38d4202fe1ce9d9e5e301d1e67439c9530da94b1e64ee3f	0e7e60940dd21c28f3d10965325f70644fc000495a2d61984437dec666da93d8
semantic-proposal-v1	SC1-22ea56b0aee0bf0b5556dd7ae4e37674785eb39c70bc4fa8e27958d465119022	S016099	1	P02	LIFETIMES.tsv	186173	ownership	aarch64	include/uapi/linux/dev_energymodel.h	type	anonymous_enum@39	39	PENDING_REVIEW	SOURCE_REVIEWED_VALUE	COMPLETE	vendor/linux/include/uapi/linux/dev_energymodel.h;vendor/linux/include/uapi/linux/dev_energymodel.h:39;header-context=PENDING_REVIEW	425f94c2954b1fe80ebdbf9b29854e89750355df	8be63e155b2159dd3867abce2074bf1f4ca624830ad9afd041fd8e9bc76bb310	3306f5bcdaf56c077506ec18a28e52a5906131a0bb2ae8ab4462c533e42f0faf	0123af9e96b58af4e98b91a2de5608d36b63c67864b9041d3340587f3dbe40d2	cfa8dcf0d81c408de38d4202fe1ce9d9e5e301d1e67439c9530da94b1e64ee3f	0e7e60940dd21c28f3d10965325f70644fc000495a2d61984437dec666da93d8
semantic-proposal-v1	SC1-e07f9d588650aa3e86afd81a0c03121c0baa720a6efdfc7b8a0a4b6919a358b8	S016099	1	P02	LIFETIMES.tsv	186173	status	aarch64	include/uapi/linux/dev_energymodel.h	type	anonymous_enum@39	39	PENDING_REVIEW	COMPLETE	COMPLETE	vendor/linux/include/uapi/linux/dev_energymodel.h;vendor/linux/include/uapi/linux/dev_energymodel.h:39;header-context=PENDING_REVIEW	425f94c2954b1fe80ebdbf9b29854e89750355df	8be63e155b2159dd3867abce2074bf1f4ca624830ad9afd041fd8e9bc76bb310	3306f5bcdaf56c077506ec18a28e52a5906131a0bb2ae8ab4462c533e42f0faf	0123af9e96b58af4e98b91a2de5608d36b63c67864b9041d3340587f3dbe40d2	cfa8dcf0d81c408de38d4202fe1ce9d9e5e301d1e67439c9530da94b1e64ee3f	0e7e60940dd21c28f3d10965325f70644fc000495a2d61984437dec666da93d8
semantic-proposal-v1	SC1-8b69db9d6bb1d73815911c74eaa53c19faf4ec347cf5f806841ed637e529f34d	S016099	1	P02	LIFETIMES.tsv	186174	lifetime_contract	aarch64	include/uapi/linux/dev_energymodel.h	type	anonymous_enum@49	49	PENDING_REVIEW	SOURCE_REVIEWED_VALUE	COMPLETE	vendor/linux/include/uapi/linux/dev_energymodel.h;vendor/linux/include/uapi/linux/dev_energymodel.h:49;header-context=PENDING_REVIEW	425f94c2954b1fe80ebdbf9b29854e89750355df	8be63e155b2159dd3867abce2074bf1f4ca624830ad9afd041fd8e9bc76bb310	3306f5bcdaf56c077506ec18a28e52a5906131a0bb2ae8ab4462c533e42f0faf	0123af9e96b58af4e98b91a2de5608d36b63c67864b9041d3340587f3dbe40d2	cfa8dcf0d81c408de38d4202fe1ce9d9e5e301d1e67439c9530da94b1e64ee3f	0e7e60940dd21c28f3d10965325f70644fc000495a2d61984437dec666da93d8
semantic-proposal-v1	SC1-cceeba3e064e82625f8a86ce84209d087e4349747ea7004f33533ee0773fc6c9	S016099	1	P02	LIFETIMES.tsv	186174	locking_rcu_refcount	aarch64	include/uapi/linux/dev_energymodel.h	type	anonymous_enum@49	49	PENDING_REVIEW	SOURCE_REVIEWED_VALUE	COMPLETE	vendor/linux/include/uapi/linux/dev_energymodel.h;vendor/linux/include/uapi/linux/dev_energymodel.h:49;header-context=PENDING_REVIEW	425f94c2954b1fe80ebdbf9b29854e89750355df	8be63e155b2159dd3867abce2074bf1f4ca624830ad9afd041fd8e9bc76bb310	3306f5bcdaf56c077506ec18a28e52a5906131a0bb2ae8ab4462c533e42f0faf	0123af9e96b58af4e98b91a2de5608d36b63c67864b9041d3340587f3dbe40d2	cfa8dcf0d81c408de38d4202fe1ce9d9e5e301d1e67439c9530da94b1e64ee3f	0e7e60940dd21c28f3d10965325f70644fc000495a2d61984437dec666da93d8
semantic-proposal-v1	SC1-db67c606ab19ffab1cd0fac79c3d71112a47685691c58a7c1677c19aa1201366	S016099	1	P02	LIFETIMES.tsv	186174	ownership	aarch64	include/uapi/linux/dev_energymodel.h	type	anonymous_enum@49	49	PENDING_REVIEW	SOURCE_REVIEWED_VALUE	COMPLETE	vendor/linux/include/uapi/linux/dev_energymodel.h;vendor/linux/include/uapi/linux/dev_energymodel.h:49;header-context=PENDING_REVIEW	425f94c2954b1fe80ebdbf9b29854e89750355df	8be63e155b2159dd3867abce2074bf1f4ca624830ad9afd041fd8e9bc76bb310	3306f5bcdaf56c077506ec18a28e52a5906131a0bb2ae8ab4462c533e42f0faf	0123af9e96b58af4e98b91a2de5608d36b63c67864b9041d3340587f3dbe40d2	cfa8dcf0d81c408de38d4202fe1ce9d9e5e301d1e67439c9530da94b1e64ee3f	0e7e60940dd21c28f3d10965325f70644fc000495a2d61984437dec666da93d8
semantic-proposal-v1	SC1-eead6eca02ba5f0b0ac4a9e26e2d18a8557ea940c3b5649e2f2f20873631267a	S016099	1	P02	LIFETIMES.tsv	186174	status	aarch64	include/uapi/linux/dev_energymodel.h	type	anonymous_enum@49	49	PENDING_REVIEW	COMPLETE	COMPLETE	vendor/linux/include/uapi/linux/dev_energymodel.h;vendor/linux/include/uapi/linux/dev_energymodel.h:49;header-context=PENDING_REVIEW	425f94c2954b1fe80ebdbf9b29854e89750355df	8be63e155b2159dd3867abce2074bf1f4ca624830ad9afd041fd8e9bc76bb310	3306f5bcdaf56c077506ec18a28e52a5906131a0bb2ae8ab4462c533e42f0faf	0123af9e96b58af4e98b91a2de5608d36b63c67864b9041d3340587f3dbe40d2	cfa8dcf0d81c408de38d4202fe1ce9d9e5e301d1e67439c9530da94b1e64ee3f	0e7e60940dd21c28f3d10965325f70644fc000495a2d61984437dec666da93d8
semantic-proposal-v1	SC1-bc101bbada6a35b6b25aecd96fce90d1d7350a7607ef77565cc6fd8c2214a36e	S016099	1	P02	LIFETIMES.tsv	186175	lifetime_contract	aarch64	include/uapi/linux/dev_energymodel.h	type	anonymous_enum@57	57	PENDING_REVIEW	SOURCE_REVIEWED_VALUE	COMPLETE	vendor/linux/include/uapi/linux/dev_energymodel.h;vendor/linux/include/uapi/linux/dev_energymodel.h:57;header-context=PENDING_REVIEW	425f94c2954b1fe80ebdbf9b29854e89750355df	8be63e155b2159dd3867abce2074bf1f4ca624830ad9afd041fd8e9bc76bb310	3306f5bcdaf56c077506ec18a28e52a5906131a0bb2ae8ab4462c533e42f0faf	0123af9e96b58af4e98b91a2de5608d36b63c67864b9041d3340587f3dbe40d2	cfa8dcf0d81c408de38d4202fe1ce9d9e5e301d1e67439c9530da94b1e64ee3f	0e7e60940dd21c28f3d10965325f70644fc000495a2d61984437dec666da93d8
semantic-proposal-v1	SC1-720ca837a3a5d96092f8ca3469be3b54ec8312af816bb34c2d7a543b162dc6f1	S016099	1	P02	LIFETIMES.tsv	186175	locking_rcu_refcount	aarch64	include/uapi/linux/dev_energymodel.h	type	anonymous_enum@57	57	PENDING_REVIEW	SOURCE_REVIEWED_VALUE	COMPLETE	vendor/linux/include/uapi/linux/dev_energymodel.h;vendor/linux/include/uapi/linux/dev_energymodel.h:57;header-context=PENDING_REVIEW	425f94c2954b1fe80ebdbf9b29854e89750355df	8be63e155b2159dd3867abce2074bf1f4ca624830ad9afd041fd8e9bc76bb310	3306f5bcdaf56c077506ec18a28e52a5906131a0bb2ae8ab4462c533e42f0faf	0123af9e96b58af4e98b91a2de5608d36b63c67864b9041d3340587f3dbe40d2	cfa8dcf0d81c408de38d4202fe1ce9d9e5e301d1e67439c9530da94b1e64ee3f	0e7e60940dd21c28f3d10965325f70644fc000495a2d61984437dec666da93d8
semantic-proposal-v1	SC1-d089877ffc4862344c2394c50f206da5955efc1a7d05bd89bf52af9d4037a31e	S016099	1	P02	LIFETIMES.tsv	186175	ownership	aarch64	include/uapi/linux/dev_energymodel.h	type	anonymous_enum@57	57	PENDING_REVIEW	SOURCE_REVIEWED_VALUE	COMPLETE	vendor/linux/include/uapi/linux/dev_energymodel.h;vendor/linux/include/uapi/linux/dev_energymodel.h:57;header-context=PENDING_REVIEW	425f94c2954b1fe80ebdbf9b29854e89750355df	8be63e155b2159dd3867abce2074bf1f4ca624830ad9afd041fd8e9bc76bb310	3306f5bcdaf56c077506ec18a28e52a5906131a0bb2ae8ab4462c533e42f0faf	0123af9e96b58af4e98b91a2de5608d36b63c67864b9041d3340587f3dbe40d2	cfa8dcf0d81c408de38d4202fe1ce9d9e5e301d1e67439c9530da94b1e64ee3f	0e7e60940dd21c28f3d10965325f70644fc000495a2d61984437dec666da93d8
semantic-proposal-v1	SC1-7aa01c56c8a9573456f43e85af198355416b3fa5bdd73d00c8ac94b677383f38	S016099	1	P02	LIFETIMES.tsv	186175	status	aarch64	include/uapi/linux/dev_energymodel.h	type	anonymous_enum@57	57	PENDING_REVIEW	COMPLETE	COMPLETE	vendor/linux/include/uapi/linux/dev_energymodel.h;vendor/linux/include/uapi/linux/dev_energymodel.h:57;header-context=PENDING_REVIEW	425f94c2954b1fe80ebdbf9b29854e89750355df	8be63e155b2159dd3867abce2074bf1f4ca624830ad9afd041fd8e9bc76bb310	3306f5bcdaf56c077506ec18a28e52a5906131a0bb2ae8ab4462c533e42f0faf	0123af9e96b58af4e98b91a2de5608d36b63c67864b9041d3340587f3dbe40d2	cfa8dcf0d81c408de38d4202fe1ce9d9e5e301d1e67439c9530da94b1e64ee3f	0e7e60940dd21c28f3d10965325f70644fc000495a2d61984437dec666da93d8
semantic-proposal-v1	SC1-67442285121fb54a5cda540400baacf3c2ff1d0b8291f64fefbf953efbdc91e6	S016099	1	P02	LIFETIMES.tsv	186176	lifetime_contract	aarch64	include/uapi/linux/dev_energymodel.h	type	anonymous_enum@69	69	PENDING_REVIEW	SOURCE_REVIEWED_VALUE	COMPLETE	vendor/linux/include/uapi/linux/dev_energymodel.h;vendor/linux/include/uapi/linux/dev_energymodel.h:69;header-context=PENDING_REVIEW	425f94c2954b1fe80ebdbf9b29854e89750355df	8be63e155b2159dd3867abce2074bf1f4ca624830ad9afd041fd8e9bc76bb310	3306f5bcdaf56c077506ec18a28e52a5906131a0bb2ae8ab4462c533e42f0faf	0123af9e96b58af4e98b91a2de5608d36b63c67864b9041d3340587f3dbe40d2	cfa8dcf0d81c408de38d4202fe1ce9d9e5e301d1e67439c9530da94b1e64ee3f	0e7e60940dd21c28f3d10965325f70644fc000495a2d61984437dec666da93d8
semantic-proposal-v1	SC1-fdfdd3077550d00cdbacea03ea09cf18cd9fbe4c966b720ac7160b5e65a4543c	S016099	1	P02	LIFETIMES.tsv	186176	locking_rcu_refcount	aarch64	include/uapi/linux/dev_energymodel.h	type	anonymous_enum@69	69	PENDING_REVIEW	SOURCE_REVIEWED_VALUE	COMPLETE	vendor/linux/include/uapi/linux/dev_energymodel.h;vendor/linux/include/uapi/linux/dev_energymodel.h:69;header-context=PENDING_REVIEW	425f94c2954b1fe80ebdbf9b29854e89750355df	8be63e155b2159dd3867abce2074bf1f4ca624830ad9afd041fd8e9bc76bb310	3306f5bcdaf56c077506ec18a28e52a5906131a0bb2ae8ab4462c533e42f0faf	0123af9e96b58af4e98b91a2de5608d36b63c67864b9041d3340587f3dbe40d2	cfa8dcf0d81c408de38d4202fe1ce9d9e5e301d1e67439c9530da94b1e64ee3f	0e7e60940dd21c28f3d10965325f70644fc000495a2d61984437dec666da93d8
semantic-proposal-v1	SC1-fab0b409a7237349ab90677df172492b1818ac172e60c6e16828d0d4da8d5799	S016099	1	P02	LIFETIMES.tsv	186176	ownership	aarch64	include/uapi/linux/dev_energymodel.h	type	anonymous_enum@69	69	PENDING_REVIEW	SOURCE_REVIEWED_VALUE	COMPLETE	vendor/linux/include/uapi/linux/dev_energymodel.h;vendor/linux/include/uapi/linux/dev_energymodel.h:69;header-context=PENDING_REVIEW	425f94c2954b1fe80ebdbf9b29854e89750355df	8be63e155b2159dd3867abce2074bf1f4ca624830ad9afd041fd8e9bc76bb310	3306f5bcdaf56c077506ec18a28e52a5906131a0bb2ae8ab4462c533e42f0faf	0123af9e96b58af4e98b91a2de5608d36b63c67864b9041d3340587f3dbe40d2	cfa8dcf0d81c408de38d4202fe1ce9d9e5e301d1e67439c9530da94b1e64ee3f	0e7e60940dd21c28f3d10965325f70644fc000495a2d61984437dec666da93d8
semantic-proposal-v1	SC1-02ea9a0c5b029d88f2927a739e6aa5d49ebaf8a8c636e1c1e9e589ef0310b0dd	S016099	1	P02	LIFETIMES.tsv	186176	status	aarch64	include/uapi/linux/dev_energymodel.h	type	anonymous_enum@69	69	PENDING_REVIEW	COMPLETE	COMPLETE	vendor/linux/include/uapi/linux/dev_energymodel.h;vendor/linux/include/uapi/linux/dev_energymodel.h:69;header-context=PENDING_REVIEW	425f94c2954b1fe80ebdbf9b29854e89750355df	8be63e155b2159dd3867abce2074bf1f4ca624830ad9afd041fd8e9bc76bb310	3306f5bcdaf56c077506ec18a28e52a5906131a0bb2ae8ab4462c533e42f0faf	0123af9e96b58af4e98b91a2de5608d36b63c67864b9041d3340587f3dbe40d2	cfa8dcf0d81c408de38d4202fe1ce9d9e5e301d1e67439c9530da94b1e64ee3f	0e7e60940dd21c28f3d10965325f70644fc000495a2d61984437dec666da93d8
