schema_version	record_key	task_id	attempt	pipeline_id	manifest	base_row	field	architecture	linux_path	record_kind	symbol_name	source_line	old_value	final_value	decision_status	source_citations	linux_sha	candidate_sha256	implementation_sha256	phase0_identity_sha256	queue_fingerprint	base_manifest_sha256
semantic-proposal-v1	SC1-0fc1155469bde7615f1d45b6a9caf5589faf09da7fc4182dc8d0493f4467b527	S000200	2	P02	SCOPE.tsv	201	semantic_status	aarch64	arch/arm64/include/asm/vncr_mapping.h	scope	S000200	0	PENDING_REVIEW	COMPLETE	COMPLETE	vendor/linux/arch/arm64/include/asm/vncr_mapping.h;rewrite/metadata/header_closure.tsv	425f94c2954b1fe80ebdbf9b29854e89750355df	9fbc8f5c0a16dd8b496759c80c249f72966d3d61b79f25256578b184954041f7	0005124cb1f88018441face1363962214eec03c77f108e9eb1b37cccce6f3a60	0123af9e96b58af4e98b91a2de5608d36b63c67864b9041d3340587f3dbe40d2	cfa8dcf0d81c408de38d4202fe1ce9d9e5e301d1e67439c9530da94b1e64ee3f	b83349e6731e17e5da5e04a0ea053487e8ac8d9269538dbdb367d83f77b17e0a
semantic-proposal-v1	SC1-a6307a24d643392aa90076d22b97adb9a2445c941c78025580cf2c670bf9a6f4	S000200	2	P02	SYMBOLS.tsv	8171	status	aarch64	arch/arm64/include/asm/vncr_mapping.h	conditional	ifndef@7	7	PENDING_REVIEW	COMPLETE	COMPLETE	vendor/linux/arch/arm64/include/asm/vncr_mapping.h;vendor/linux/arch/arm64/include/asm/vncr_mapping.h:7;rewrite/configs/aarch64/frozen.config;header_closure=rewrite/metadata/header_closure.tsv;selected=PENDING_REVIEW	425f94c2954b1fe80ebdbf9b29854e89750355df	9fbc8f5c0a16dd8b496759c80c249f72966d3d61b79f25256578b184954041f7	0005124cb1f88018441face1363962214eec03c77f108e9eb1b37cccce6f3a60	0123af9e96b58af4e98b91a2de5608d36b63c67864b9041d3340587f3dbe40d2	cfa8dcf0d81c408de38d4202fe1ce9d9e5e301d1e67439c9530da94b1e64ee3f	7484d7b0dd80f45e18d726b04752827fe28555cc5c1af0e127948380e6688abf
semantic-proposal-v1	SC1-f8b8cb567b51ddeaa9d1cff913741e33d162c52b584abeabc9410362c9f8e501	S000200	2	P02	SYMBOLS.tsv	8172	status	aarch64	arch/arm64/include/asm/vncr_mapping.h	conditional	endif@115	115	PENDING_REVIEW	COMPLETE	COMPLETE	vendor/linux/arch/arm64/include/asm/vncr_mapping.h;vendor/linux/arch/arm64/include/asm/vncr_mapping.h:115;rewrite/configs/aarch64/frozen.config;header_closure=rewrite/metadata/header_closure.tsv;selected=PENDING_REVIEW	425f94c2954b1fe80ebdbf9b29854e89750355df	9fbc8f5c0a16dd8b496759c80c249f72966d3d61b79f25256578b184954041f7	0005124cb1f88018441face1363962214eec03c77f108e9eb1b37cccce6f3a60	0123af9e96b58af4e98b91a2de5608d36b63c67864b9041d3340587f3dbe40d2	cfa8dcf0d81c408de38d4202fe1ce9d9e5e301d1e67439c9530da94b1e64ee3f	7484d7b0dd80f45e18d726b04752827fe28555cc5c1af0e127948380e6688abf
semantic-proposal-v1	SC1-8aaa6e8b0923aaf459c18f4013ba089dd47d52df39071e8484892c0841c4189b	S000200	2	P02	SYMBOLS.tsv	8173	selection_expression	aarch64	arch/arm64/include/asm/vncr_mapping.h	operative_macro	__ARM64_VNCR_MAPPING_H__	8	PENDING_REVIEW	SOURCE_REVIEWED_VALUE	COMPLETE	vendor/linux/arch/arm64/include/asm/vncr_mapping.h;vendor/linux/arch/arm64/include/asm/vncr_mapping.h:8;rewrite/configs/aarch64/frozen.config;header_closure=rewrite/metadata/header_closure.tsv;selected=PENDING_REVIEW	425f94c2954b1fe80ebdbf9b29854e89750355df	9fbc8f5c0a16dd8b496759c80c249f72966d3d61b79f25256578b184954041f7	0005124cb1f88018441face1363962214eec03c77f108e9eb1b37cccce6f3a60	0123af9e96b58af4e98b91a2de5608d36b63c67864b9041d3340587f3dbe40d2	cfa8dcf0d81c408de38d4202fe1ce9d9e5e301d1e67439c9530da94b1e64ee3f	7484d7b0dd80f45e18d726b04752827fe28555cc5c1af0e127948380e6688abf
semantic-proposal-v1	SC1-a02b6a0a3a559f43b2a42cc9590adfba43fbe83300aab0baaf56242ebb5a7557	S000200	2	P02	SYMBOLS.tsv	8173	status	aarch64	arch/arm64/include/asm/vncr_mapping.h	operative_macro	__ARM64_VNCR_MAPPING_H__	8	PENDING_REVIEW	COMPLETE	COMPLETE	vendor/linux/arch/arm64/include/asm/vncr_mapping.h;vendor/linux/arch/arm64/include/asm/vncr_mapping.h:8;rewrite/configs/aarch64/frozen.config;header_closure=rewrite/metadata/header_closure.tsv;selected=PENDING_REVIEW	425f94c2954b1fe80ebdbf9b29854e89750355df	9fbc8f5c0a16dd8b496759c80c249f72966d3d61b79f25256578b184954041f7	0005124cb1f88018441face1363962214eec03c77f108e9eb1b37cccce6f3a60	0123af9e96b58af4e98b91a2de5608d36b63c67864b9041d3340587f3dbe40d2	cfa8dcf0d81c408de38d4202fe1ce9d9e5e301d1e67439c9530da94b1e64ee3f	7484d7b0dd80f45e18d726b04752827fe28555cc5c1af0e127948380e6688abf
semantic-proposal-v1	SC1-faad25137ec9a2422cab4334862abaa8de532d501aa8661957f82b8c0fe65ffe	S000200	2	P02	SYMBOLS.tsv	8174	selection_expression	aarch64	arch/arm64/include/asm/vncr_mapping.h	operative_macro	VNCR_VTTBR_EL2	10	PENDING_REVIEW	SOURCE_REVIEWED_VALUE	COMPLETE	vendor/linux/arch/arm64/include/asm/vncr_mapping.h;vendor/linux/arch/arm64/include/asm/vncr_mapping.h:10;rewrite/configs/aarch64/frozen.config;header_closure=rewrite/metadata/header_closure.tsv;selected=PENDING_REVIEW	425f94c2954b1fe80ebdbf9b29854e89750355df	9fbc8f5c0a16dd8b496759c80c249f72966d3d61b79f25256578b184954041f7	0005124cb1f88018441face1363962214eec03c77f108e9eb1b37cccce6f3a60	0123af9e96b58af4e98b91a2de5608d36b63c67864b9041d3340587f3dbe40d2	cfa8dcf0d81c408de38d4202fe1ce9d9e5e301d1e67439c9530da94b1e64ee3f	7484d7b0dd80f45e18d726b04752827fe28555cc5c1af0e127948380e6688abf
semantic-proposal-v1	SC1-1b5fb8efe117747c7856a7bd96c5f30507f7e5cd647503763d410e1efa55da0b	S000200	2	P02	SYMBOLS.tsv	8174	status	aarch64	arch/arm64/include/asm/vncr_mapping.h	operative_macro	VNCR_VTTBR_EL2	10	PENDING_REVIEW	COMPLETE	COMPLETE	vendor/linux/arch/arm64/include/asm/vncr_mapping.h;vendor/linux/arch/arm64/include/asm/vncr_mapping.h:10;rewrite/configs/aarch64/frozen.config;header_closure=rewrite/metadata/header_closure.tsv;selected=PENDING_REVIEW	425f94c2954b1fe80ebdbf9b29854e89750355df	9fbc8f5c0a16dd8b496759c80c249f72966d3d61b79f25256578b184954041f7	0005124cb1f88018441face1363962214eec03c77f108e9eb1b37cccce6f3a60	0123af9e96b58af4e98b91a2de5608d36b63c67864b9041d3340587f3dbe40d2	cfa8dcf0d81c408de38d4202fe1ce9d9e5e301d1e67439c9530da94b1e64ee3f	7484d7b0dd80f45e18d726b04752827fe28555cc5c1af0e127948380e6688abf
semantic-proposal-v1	SC1-05972de191b92d363ff697f0446df7930cb28de4ea1bd670309ac7221b97e80c	S000200	2	P02	SYMBOLS.tsv	8175	selection_expression	aarch64	arch/arm64/include/asm/vncr_mapping.h	operative_macro	VNCR_VTCR_EL2	11	PENDING_REVIEW	SOURCE_REVIEWED_VALUE	COMPLETE	vendor/linux/arch/arm64/include/asm/vncr_mapping.h;vendor/linux/arch/arm64/include/asm/vncr_mapping.h:11;rewrite/configs/aarch64/frozen.config;header_closure=rewrite/metadata/header_closure.tsv;selected=PENDING_REVIEW	425f94c2954b1fe80ebdbf9b29854e89750355df	9fbc8f5c0a16dd8b496759c80c249f72966d3d61b79f25256578b184954041f7	0005124cb1f88018441face1363962214eec03c77f108e9eb1b37cccce6f3a60	0123af9e96b58af4e98b91a2de5608d36b63c67864b9041d3340587f3dbe40d2	cfa8dcf0d81c408de38d4202fe1ce9d9e5e301d1e67439c9530da94b1e64ee3f	7484d7b0dd80f45e18d726b04752827fe28555cc5c1af0e127948380e6688abf
semantic-proposal-v1	SC1-517ca10fe51bf88a5ea0eaa4f027617eb64343508688964f8344b555ee5afefe	S000200	2	P02	SYMBOLS.tsv	8175	status	aarch64	arch/arm64/include/asm/vncr_mapping.h	operative_macro	VNCR_VTCR_EL2	11	PENDING_REVIEW	COMPLETE	COMPLETE	vendor/linux/arch/arm64/include/asm/vncr_mapping.h;vendor/linux/arch/arm64/include/asm/vncr_mapping.h:11;rewrite/configs/aarch64/frozen.config;header_closure=rewrite/metadata/header_closure.tsv;selected=PENDING_REVIEW	425f94c2954b1fe80ebdbf9b29854e89750355df	9fbc8f5c0a16dd8b496759c80c249f72966d3d61b79f25256578b184954041f7	0005124cb1f88018441face1363962214eec03c77f108e9eb1b37cccce6f3a60	0123af9e96b58af4e98b91a2de5608d36b63c67864b9041d3340587f3dbe40d2	cfa8dcf0d81c408de38d4202fe1ce9d9e5e301d1e67439c9530da94b1e64ee3f	7484d7b0dd80f45e18d726b04752827fe28555cc5c1af0e127948380e6688abf
semantic-proposal-v1	SC1-27f8bf1d2f2000a1c6acb74aaa0371e5554cefdb48752b0bd44b276f4084500a	S000200	2	P02	SYMBOLS.tsv	8176	selection_expression	aarch64	arch/arm64/include/asm/vncr_mapping.h	operative_macro	VNCR_VMPIDR_EL2	12	PENDING_REVIEW	SOURCE_REVIEWED_VALUE	COMPLETE	vendor/linux/arch/arm64/include/asm/vncr_mapping.h;vendor/linux/arch/arm64/include/asm/vncr_mapping.h:12;rewrite/configs/aarch64/frozen.config;header_closure=rewrite/metadata/header_closure.tsv;selected=PENDING_REVIEW	425f94c2954b1fe80ebdbf9b29854e89750355df	9fbc8f5c0a16dd8b496759c80c249f72966d3d61b79f25256578b184954041f7	0005124cb1f88018441face1363962214eec03c77f108e9eb1b37cccce6f3a60	0123af9e96b58af4e98b91a2de5608d36b63c67864b9041d3340587f3dbe40d2	cfa8dcf0d81c408de38d4202fe1ce9d9e5e301d1e67439c9530da94b1e64ee3f	7484d7b0dd80f45e18d726b04752827fe28555cc5c1af0e127948380e6688abf
semantic-proposal-v1	SC1-36b942e0fd00d98feb3ebadb7541eba378abb319bc09cbaa005a32057a613b39	S000200	2	P02	SYMBOLS.tsv	8176	status	aarch64	arch/arm64/include/asm/vncr_mapping.h	operative_macro	VNCR_VMPIDR_EL2	12	PENDING_REVIEW	COMPLETE	COMPLETE	vendor/linux/arch/arm64/include/asm/vncr_mapping.h;vendor/linux/arch/arm64/include/asm/vncr_mapping.h:12;rewrite/configs/aarch64/frozen.config;header_closure=rewrite/metadata/header_closure.tsv;selected=PENDING_REVIEW	425f94c2954b1fe80ebdbf9b29854e89750355df	9fbc8f5c0a16dd8b496759c80c249f72966d3d61b79f25256578b184954041f7	0005124cb1f88018441face1363962214eec03c77f108e9eb1b37cccce6f3a60	0123af9e96b58af4e98b91a2de5608d36b63c67864b9041d3340587f3dbe40d2	cfa8dcf0d81c408de38d4202fe1ce9d9e5e301d1e67439c9530da94b1e64ee3f	7484d7b0dd80f45e18d726b04752827fe28555cc5c1af0e127948380e6688abf
semantic-proposal-v1	SC1-1a87ad69ca657d8f84e27ea029e5f747af79df33dbbdc77d8b27992dc5eb8038	S000200	2	P02	SYMBOLS.tsv	8177	selection_expression	aarch64	arch/arm64/include/asm/vncr_mapping.h	operative_macro	VNCR_CNTVOFF_EL2	13	PENDING_REVIEW	SOURCE_REVIEWED_VALUE	COMPLETE	vendor/linux/arch/arm64/include/asm/vncr_mapping.h;vendor/linux/arch/arm64/include/asm/vncr_mapping.h:13;rewrite/configs/aarch64/frozen.config;header_closure=rewrite/metadata/header_closure.tsv;selected=PENDING_REVIEW	425f94c2954b1fe80ebdbf9b29854e89750355df	9fbc8f5c0a16dd8b496759c80c249f72966d3d61b79f25256578b184954041f7	0005124cb1f88018441face1363962214eec03c77f108e9eb1b37cccce6f3a60	0123af9e96b58af4e98b91a2de5608d36b63c67864b9041d3340587f3dbe40d2	cfa8dcf0d81c408de38d4202fe1ce9d9e5e301d1e67439c9530da94b1e64ee3f	7484d7b0dd80f45e18d726b04752827fe28555cc5c1af0e127948380e6688abf
semantic-proposal-v1	SC1-b4645f98dc8807ca7f97f3df2993445330999de4adbcfd568ae05edfe6ecab4a	S000200	2	P02	SYMBOLS.tsv	8177	status	aarch64	arch/arm64/include/asm/vncr_mapping.h	operative_macro	VNCR_CNTVOFF_EL2	13	PENDING_REVIEW	COMPLETE	COMPLETE	vendor/linux/arch/arm64/include/asm/vncr_mapping.h;vendor/linux/arch/arm64/include/asm/vncr_mapping.h:13;rewrite/configs/aarch64/frozen.config;header_closure=rewrite/metadata/header_closure.tsv;selected=PENDING_REVIEW	425f94c2954b1fe80ebdbf9b29854e89750355df	9fbc8f5c0a16dd8b496759c80c249f72966d3d61b79f25256578b184954041f7	0005124cb1f88018441face1363962214eec03c77f108e9eb1b37cccce6f3a60	0123af9e96b58af4e98b91a2de5608d36b63c67864b9041d3340587f3dbe40d2	cfa8dcf0d81c408de38d4202fe1ce9d9e5e301d1e67439c9530da94b1e64ee3f	7484d7b0dd80f45e18d726b04752827fe28555cc5c1af0e127948380e6688abf
semantic-proposal-v1	SC1-d70c5168b442bf8a415132dc3d45bb49129dd856df999950a4d5a537a0c98e22	S000200	2	P02	SYMBOLS.tsv	8178	selection_expression	aarch64	arch/arm64/include/asm/vncr_mapping.h	operative_macro	VNCR_HCR_EL2	14	PENDING_REVIEW	SOURCE_REVIEWED_VALUE	COMPLETE	vendor/linux/arch/arm64/include/asm/vncr_mapping.h;vendor/linux/arch/arm64/include/asm/vncr_mapping.h:14;rewrite/configs/aarch64/frozen.config;header_closure=rewrite/metadata/header_closure.tsv;selected=PENDING_REVIEW	425f94c2954b1fe80ebdbf9b29854e89750355df	9fbc8f5c0a16dd8b496759c80c249f72966d3d61b79f25256578b184954041f7	0005124cb1f88018441face1363962214eec03c77f108e9eb1b37cccce6f3a60	0123af9e96b58af4e98b91a2de5608d36b63c67864b9041d3340587f3dbe40d2	cfa8dcf0d81c408de38d4202fe1ce9d9e5e301d1e67439c9530da94b1e64ee3f	7484d7b0dd80f45e18d726b04752827fe28555cc5c1af0e127948380e6688abf
semantic-proposal-v1	SC1-725726e2d09aac89f73ce85251caabf1497c84d4a487b17f392965242290fb98	S000200	2	P02	SYMBOLS.tsv	8178	status	aarch64	arch/arm64/include/asm/vncr_mapping.h	operative_macro	VNCR_HCR_EL2	14	PENDING_REVIEW	COMPLETE	COMPLETE	vendor/linux/arch/arm64/include/asm/vncr_mapping.h;vendor/linux/arch/arm64/include/asm/vncr_mapping.h:14;rewrite/configs/aarch64/frozen.config;header_closure=rewrite/metadata/header_closure.tsv;selected=PENDING_REVIEW	425f94c2954b1fe80ebdbf9b29854e89750355df	9fbc8f5c0a16dd8b496759c80c249f72966d3d61b79f25256578b184954041f7	0005124cb1f88018441face1363962214eec03c77f108e9eb1b37cccce6f3a60	0123af9e96b58af4e98b91a2de5608d36b63c67864b9041d3340587f3dbe40d2	cfa8dcf0d81c408de38d4202fe1ce9d9e5e301d1e67439c9530da94b1e64ee3f	7484d7b0dd80f45e18d726b04752827fe28555cc5c1af0e127948380e6688abf
semantic-proposal-v1	SC1-20cef29e5c5f84b72bced1b94455331ef17b8319a3b3356c284b08e232fe97a0	S000200	2	P02	SYMBOLS.tsv	8179	selection_expression	aarch64	arch/arm64/include/asm/vncr_mapping.h	operative_macro	VNCR_HSTR_EL2	15	PENDING_REVIEW	SOURCE_REVIEWED_VALUE	COMPLETE	vendor/linux/arch/arm64/include/asm/vncr_mapping.h;vendor/linux/arch/arm64/include/asm/vncr_mapping.h:15;rewrite/configs/aarch64/frozen.config;header_closure=rewrite/metadata/header_closure.tsv;selected=PENDING_REVIEW	425f94c2954b1fe80ebdbf9b29854e89750355df	9fbc8f5c0a16dd8b496759c80c249f72966d3d61b79f25256578b184954041f7	0005124cb1f88018441face1363962214eec03c77f108e9eb1b37cccce6f3a60	0123af9e96b58af4e98b91a2de5608d36b63c67864b9041d3340587f3dbe40d2	cfa8dcf0d81c408de38d4202fe1ce9d9e5e301d1e67439c9530da94b1e64ee3f	7484d7b0dd80f45e18d726b04752827fe28555cc5c1af0e127948380e6688abf
semantic-proposal-v1	SC1-18352fd9869f6b721277497766568833e92812f69fd2e29bf964afeee74f1279	S000200	2	P02	SYMBOLS.tsv	8179	status	aarch64	arch/arm64/include/asm/vncr_mapping.h	operative_macro	VNCR_HSTR_EL2	15	PENDING_REVIEW	COMPLETE	COMPLETE	vendor/linux/arch/arm64/include/asm/vncr_mapping.h;vendor/linux/arch/arm64/include/asm/vncr_mapping.h:15;rewrite/configs/aarch64/frozen.config;header_closure=rewrite/metadata/header_closure.tsv;selected=PENDING_REVIEW	425f94c2954b1fe80ebdbf9b29854e89750355df	9fbc8f5c0a16dd8b496759c80c249f72966d3d61b79f25256578b184954041f7	0005124cb1f88018441face1363962214eec03c77f108e9eb1b37cccce6f3a60	0123af9e96b58af4e98b91a2de5608d36b63c67864b9041d3340587f3dbe40d2	cfa8dcf0d81c408de38d4202fe1ce9d9e5e301d1e67439c9530da94b1e64ee3f	7484d7b0dd80f45e18d726b04752827fe28555cc5c1af0e127948380e6688abf
semantic-proposal-v1	SC1-7a26070e52a8cfcabebf962f8a9af3bba2b2a50fd714a97d3e1dd00e008be6f6	S000200	2	P02	SYMBOLS.tsv	8180	selection_expression	aarch64	arch/arm64/include/asm/vncr_mapping.h	operative_macro	VNCR_VPIDR_EL2	16	PENDING_REVIEW	SOURCE_REVIEWED_VALUE	COMPLETE	vendor/linux/arch/arm64/include/asm/vncr_mapping.h;vendor/linux/arch/arm64/include/asm/vncr_mapping.h:16;rewrite/configs/aarch64/frozen.config;header_closure=rewrite/metadata/header_closure.tsv;selected=PENDING_REVIEW	425f94c2954b1fe80ebdbf9b29854e89750355df	9fbc8f5c0a16dd8b496759c80c249f72966d3d61b79f25256578b184954041f7	0005124cb1f88018441face1363962214eec03c77f108e9eb1b37cccce6f3a60	0123af9e96b58af4e98b91a2de5608d36b63c67864b9041d3340587f3dbe40d2	cfa8dcf0d81c408de38d4202fe1ce9d9e5e301d1e67439c9530da94b1e64ee3f	7484d7b0dd80f45e18d726b04752827fe28555cc5c1af0e127948380e6688abf
semantic-proposal-v1	SC1-c5e486c654d1141ebb7a6b631181fa3ca4a104cde4ef971e7b23e18b95db71f2	S000200	2	P02	SYMBOLS.tsv	8180	status	aarch64	arch/arm64/include/asm/vncr_mapping.h	operative_macro	VNCR_VPIDR_EL2	16	PENDING_REVIEW	COMPLETE	COMPLETE	vendor/linux/arch/arm64/include/asm/vncr_mapping.h;vendor/linux/arch/arm64/include/asm/vncr_mapping.h:16;rewrite/configs/aarch64/frozen.config;header_closure=rewrite/metadata/header_closure.tsv;selected=PENDING_REVIEW	425f94c2954b1fe80ebdbf9b29854e89750355df	9fbc8f5c0a16dd8b496759c80c249f72966d3d61b79f25256578b184954041f7	0005124cb1f88018441face1363962214eec03c77f108e9eb1b37cccce6f3a60	0123af9e96b58af4e98b91a2de5608d36b63c67864b9041d3340587f3dbe40d2	cfa8dcf0d81c408de38d4202fe1ce9d9e5e301d1e67439c9530da94b1e64ee3f	7484d7b0dd80f45e18d726b04752827fe28555cc5c1af0e127948380e6688abf
semantic-proposal-v1	SC1-7dfdc77cfe825b2b4c79ecaf9faa60f0166fbc3ab4a5187e9043d9eaa745f9d8	S000200	2	P02	SYMBOLS.tsv	8181	selection_expression	aarch64	arch/arm64/include/asm/vncr_mapping.h	operative_macro	VNCR_TPIDR_EL2	17	PENDING_REVIEW	SOURCE_REVIEWED_VALUE	COMPLETE	vendor/linux/arch/arm64/include/asm/vncr_mapping.h;vendor/linux/arch/arm64/include/asm/vncr_mapping.h:17;rewrite/configs/aarch64/frozen.config;header_closure=rewrite/metadata/header_closure.tsv;selected=PENDING_REVIEW	425f94c2954b1fe80ebdbf9b29854e89750355df	9fbc8f5c0a16dd8b496759c80c249f72966d3d61b79f25256578b184954041f7	0005124cb1f88018441face1363962214eec03c77f108e9eb1b37cccce6f3a60	0123af9e96b58af4e98b91a2de5608d36b63c67864b9041d3340587f3dbe40d2	cfa8dcf0d81c408de38d4202fe1ce9d9e5e301d1e67439c9530da94b1e64ee3f	7484d7b0dd80f45e18d726b04752827fe28555cc5c1af0e127948380e6688abf
semantic-proposal-v1	SC1-61bc8a8f7bd4e8357efa1c6c6cd3899ba2a960cabd88da58168c248a4bbe5e8d	S000200	2	P02	SYMBOLS.tsv	8181	status	aarch64	arch/arm64/include/asm/vncr_mapping.h	operative_macro	VNCR_TPIDR_EL2	17	PENDING_REVIEW	COMPLETE	COMPLETE	vendor/linux/arch/arm64/include/asm/vncr_mapping.h;vendor/linux/arch/arm64/include/asm/vncr_mapping.h:17;rewrite/configs/aarch64/frozen.config;header_closure=rewrite/metadata/header_closure.tsv;selected=PENDING_REVIEW	425f94c2954b1fe80ebdbf9b29854e89750355df	9fbc8f5c0a16dd8b496759c80c249f72966d3d61b79f25256578b184954041f7	0005124cb1f88018441face1363962214eec03c77f108e9eb1b37cccce6f3a60	0123af9e96b58af4e98b91a2de5608d36b63c67864b9041d3340587f3dbe40d2	cfa8dcf0d81c408de38d4202fe1ce9d9e5e301d1e67439c9530da94b1e64ee3f	7484d7b0dd80f45e18d726b04752827fe28555cc5c1af0e127948380e6688abf
semantic-proposal-v1	SC1-36be903d4eeb2b6c6bea27b952a990cbe46345077da4166f7f93d25fde80595d	S000200	2	P02	SYMBOLS.tsv	8182	selection_expression	aarch64	arch/arm64/include/asm/vncr_mapping.h	operative_macro	VNCR_HCRX_EL2	18	PENDING_REVIEW	SOURCE_REVIEWED_VALUE	COMPLETE	vendor/linux/arch/arm64/include/asm/vncr_mapping.h;vendor/linux/arch/arm64/include/asm/vncr_mapping.h:18;rewrite/configs/aarch64/frozen.config;header_closure=rewrite/metadata/header_closure.tsv;selected=PENDING_REVIEW	425f94c2954b1fe80ebdbf9b29854e89750355df	9fbc8f5c0a16dd8b496759c80c249f72966d3d61b79f25256578b184954041f7	0005124cb1f88018441face1363962214eec03c77f108e9eb1b37cccce6f3a60	0123af9e96b58af4e98b91a2de5608d36b63c67864b9041d3340587f3dbe40d2	cfa8dcf0d81c408de38d4202fe1ce9d9e5e301d1e67439c9530da94b1e64ee3f	7484d7b0dd80f45e18d726b04752827fe28555cc5c1af0e127948380e6688abf
semantic-proposal-v1	SC1-653530940ed62d814e133a5f93f7629f77dbc60d4b353058329d1f340b83e628	S000200	2	P02	SYMBOLS.tsv	8182	status	aarch64	arch/arm64/include/asm/vncr_mapping.h	operative_macro	VNCR_HCRX_EL2	18	PENDING_REVIEW	COMPLETE	COMPLETE	vendor/linux/arch/arm64/include/asm/vncr_mapping.h;vendor/linux/arch/arm64/include/asm/vncr_mapping.h:18;rewrite/configs/aarch64/frozen.config;header_closure=rewrite/metadata/header_closure.tsv;selected=PENDING_REVIEW	425f94c2954b1fe80ebdbf9b29854e89750355df	9fbc8f5c0a16dd8b496759c80c249f72966d3d61b79f25256578b184954041f7	0005124cb1f88018441face1363962214eec03c77f108e9eb1b37cccce6f3a60	0123af9e96b58af4e98b91a2de5608d36b63c67864b9041d3340587f3dbe40d2	cfa8dcf0d81c408de38d4202fe1ce9d9e5e301d1e67439c9530da94b1e64ee3f	7484d7b0dd80f45e18d726b04752827fe28555cc5c1af0e127948380e6688abf
semantic-proposal-v1	SC1-320d68f46d0f2211c54f13c8538a5b35d86baaac478ece33c21e7b9a47f861a9	S000200	2	P02	SYMBOLS.tsv	8183	selection_expression	aarch64	arch/arm64/include/asm/vncr_mapping.h	operative_macro	VNCR_VNCR_EL2	19	PENDING_REVIEW	SOURCE_REVIEWED_VALUE	COMPLETE	vendor/linux/arch/arm64/include/asm/vncr_mapping.h;vendor/linux/arch/arm64/include/asm/vncr_mapping.h:19;rewrite/configs/aarch64/frozen.config;header_closure=rewrite/metadata/header_closure.tsv;selected=PENDING_REVIEW	425f94c2954b1fe80ebdbf9b29854e89750355df	9fbc8f5c0a16dd8b496759c80c249f72966d3d61b79f25256578b184954041f7	0005124cb1f88018441face1363962214eec03c77f108e9eb1b37cccce6f3a60	0123af9e96b58af4e98b91a2de5608d36b63c67864b9041d3340587f3dbe40d2	cfa8dcf0d81c408de38d4202fe1ce9d9e5e301d1e67439c9530da94b1e64ee3f	7484d7b0dd80f45e18d726b04752827fe28555cc5c1af0e127948380e6688abf
semantic-proposal-v1	SC1-291a7ef3a7dab5d38e050453e5c1df5ca3ead9abbee45d3316e4ada1d15fcf4d	S000200	2	P02	SYMBOLS.tsv	8183	status	aarch64	arch/arm64/include/asm/vncr_mapping.h	operative_macro	VNCR_VNCR_EL2	19	PENDING_REVIEW	COMPLETE	COMPLETE	vendor/linux/arch/arm64/include/asm/vncr_mapping.h;vendor/linux/arch/arm64/include/asm/vncr_mapping.h:19;rewrite/configs/aarch64/frozen.config;header_closure=rewrite/metadata/header_closure.tsv;selected=PENDING_REVIEW	425f94c2954b1fe80ebdbf9b29854e89750355df	9fbc8f5c0a16dd8b496759c80c249f72966d3d61b79f25256578b184954041f7	0005124cb1f88018441face1363962214eec03c77f108e9eb1b37cccce6f3a60	0123af9e96b58af4e98b91a2de5608d36b63c67864b9041d3340587f3dbe40d2	cfa8dcf0d81c408de38d4202fe1ce9d9e5e301d1e67439c9530da94b1e64ee3f	7484d7b0dd80f45e18d726b04752827fe28555cc5c1af0e127948380e6688abf
semantic-proposal-v1	SC1-67180ce7c19ebc3baba85ffe32aef31a3d84053630a69ffed5c3e592376d3299	S000200	2	P02	SYMBOLS.tsv	8184	selection_expression	aarch64	arch/arm64/include/asm/vncr_mapping.h	operative_macro	VNCR_CPACR_EL1	20	PENDING_REVIEW	SOURCE_REVIEWED_VALUE	COMPLETE	vendor/linux/arch/arm64/include/asm/vncr_mapping.h;vendor/linux/arch/arm64/include/asm/vncr_mapping.h:20;rewrite/configs/aarch64/frozen.config;header_closure=rewrite/metadata/header_closure.tsv;selected=PENDING_REVIEW	425f94c2954b1fe80ebdbf9b29854e89750355df	9fbc8f5c0a16dd8b496759c80c249f72966d3d61b79f25256578b184954041f7	0005124cb1f88018441face1363962214eec03c77f108e9eb1b37cccce6f3a60	0123af9e96b58af4e98b91a2de5608d36b63c67864b9041d3340587f3dbe40d2	cfa8dcf0d81c408de38d4202fe1ce9d9e5e301d1e67439c9530da94b1e64ee3f	7484d7b0dd80f45e18d726b04752827fe28555cc5c1af0e127948380e6688abf
semantic-proposal-v1	SC1-eec4fc3572977869bb1f7e6b48c3b5b5d0f596ce81cdcac938c51ce610fa1d3e	S000200	2	P02	SYMBOLS.tsv	8184	status	aarch64	arch/arm64/include/asm/vncr_mapping.h	operative_macro	VNCR_CPACR_EL1	20	PENDING_REVIEW	COMPLETE	COMPLETE	vendor/linux/arch/arm64/include/asm/vncr_mapping.h;vendor/linux/arch/arm64/include/asm/vncr_mapping.h:20;rewrite/configs/aarch64/frozen.config;header_closure=rewrite/metadata/header_closure.tsv;selected=PENDING_REVIEW	425f94c2954b1fe80ebdbf9b29854e89750355df	9fbc8f5c0a16dd8b496759c80c249f72966d3d61b79f25256578b184954041f7	0005124cb1f88018441face1363962214eec03c77f108e9eb1b37cccce6f3a60	0123af9e96b58af4e98b91a2de5608d36b63c67864b9041d3340587f3dbe40d2	cfa8dcf0d81c408de38d4202fe1ce9d9e5e301d1e67439c9530da94b1e64ee3f	7484d7b0dd80f45e18d726b04752827fe28555cc5c1af0e127948380e6688abf
semantic-proposal-v1	SC1-39722cd7244bb4ca584b78eb61d9a713559f063e73903f9811cfc7ab3056459f	S000200	2	P02	SYMBOLS.tsv	8185	selection_expression	aarch64	arch/arm64/include/asm/vncr_mapping.h	operative_macro	VNCR_CONTEXTIDR_EL1	21	PENDING_REVIEW	SOURCE_REVIEWED_VALUE	COMPLETE	vendor/linux/arch/arm64/include/asm/vncr_mapping.h;vendor/linux/arch/arm64/include/asm/vncr_mapping.h:21;rewrite/configs/aarch64/frozen.config;header_closure=rewrite/metadata/header_closure.tsv;selected=PENDING_REVIEW	425f94c2954b1fe80ebdbf9b29854e89750355df	9fbc8f5c0a16dd8b496759c80c249f72966d3d61b79f25256578b184954041f7	0005124cb1f88018441face1363962214eec03c77f108e9eb1b37cccce6f3a60	0123af9e96b58af4e98b91a2de5608d36b63c67864b9041d3340587f3dbe40d2	cfa8dcf0d81c408de38d4202fe1ce9d9e5e301d1e67439c9530da94b1e64ee3f	7484d7b0dd80f45e18d726b04752827fe28555cc5c1af0e127948380e6688abf
semantic-proposal-v1	SC1-50fd8ff5ced7f01f866e8bb15c49a3a7d4feeaf07f3806b4c57d246b998e0d3f	S000200	2	P02	SYMBOLS.tsv	8185	status	aarch64	arch/arm64/include/asm/vncr_mapping.h	operative_macro	VNCR_CONTEXTIDR_EL1	21	PENDING_REVIEW	COMPLETE	COMPLETE	vendor/linux/arch/arm64/include/asm/vncr_mapping.h;vendor/linux/arch/arm64/include/asm/vncr_mapping.h:21;rewrite/configs/aarch64/frozen.config;header_closure=rewrite/metadata/header_closure.tsv;selected=PENDING_REVIEW	425f94c2954b1fe80ebdbf9b29854e89750355df	9fbc8f5c0a16dd8b496759c80c249f72966d3d61b79f25256578b184954041f7	0005124cb1f88018441face1363962214eec03c77f108e9eb1b37cccce6f3a60	0123af9e96b58af4e98b91a2de5608d36b63c67864b9041d3340587f3dbe40d2	cfa8dcf0d81c408de38d4202fe1ce9d9e5e301d1e67439c9530da94b1e64ee3f	7484d7b0dd80f45e18d726b04752827fe28555cc5c1af0e127948380e6688abf
semantic-proposal-v1	SC1-4d857c19ab60b6f86ce31a8f3590bc90e7e91cd97e46093e9ec8150999edde2d	S000200	2	P02	SYMBOLS.tsv	8186	selection_expression	aarch64	arch/arm64/include/asm/vncr_mapping.h	operative_macro	VNCR_SCTLR_EL1	22	PENDING_REVIEW	SOURCE_REVIEWED_VALUE	COMPLETE	vendor/linux/arch/arm64/include/asm/vncr_mapping.h;vendor/linux/arch/arm64/include/asm/vncr_mapping.h:22;rewrite/configs/aarch64/frozen.config;header_closure=rewrite/metadata/header_closure.tsv;selected=PENDING_REVIEW	425f94c2954b1fe80ebdbf9b29854e89750355df	9fbc8f5c0a16dd8b496759c80c249f72966d3d61b79f25256578b184954041f7	0005124cb1f88018441face1363962214eec03c77f108e9eb1b37cccce6f3a60	0123af9e96b58af4e98b91a2de5608d36b63c67864b9041d3340587f3dbe40d2	cfa8dcf0d81c408de38d4202fe1ce9d9e5e301d1e67439c9530da94b1e64ee3f	7484d7b0dd80f45e18d726b04752827fe28555cc5c1af0e127948380e6688abf
semantic-proposal-v1	SC1-c2462e74fd17bd302d57bae3d81346563e0f824c7a8aff5efbceb8a2dc3fe2b0	S000200	2	P02	SYMBOLS.tsv	8186	status	aarch64	arch/arm64/include/asm/vncr_mapping.h	operative_macro	VNCR_SCTLR_EL1	22	PENDING_REVIEW	COMPLETE	COMPLETE	vendor/linux/arch/arm64/include/asm/vncr_mapping.h;vendor/linux/arch/arm64/include/asm/vncr_mapping.h:22;rewrite/configs/aarch64/frozen.config;header_closure=rewrite/metadata/header_closure.tsv;selected=PENDING_REVIEW	425f94c2954b1fe80ebdbf9b29854e89750355df	9fbc8f5c0a16dd8b496759c80c249f72966d3d61b79f25256578b184954041f7	0005124cb1f88018441face1363962214eec03c77f108e9eb1b37cccce6f3a60	0123af9e96b58af4e98b91a2de5608d36b63c67864b9041d3340587f3dbe40d2	cfa8dcf0d81c408de38d4202fe1ce9d9e5e301d1e67439c9530da94b1e64ee3f	7484d7b0dd80f45e18d726b04752827fe28555cc5c1af0e127948380e6688abf
semantic-proposal-v1	SC1-928d25509c1eabac3b99f491e21f9b3e887e0b43fe3f9d7e1198a42eeb5c0bfd	S000200	2	P02	SYMBOLS.tsv	8187	selection_expression	aarch64	arch/arm64/include/asm/vncr_mapping.h	operative_macro	VNCR_ACTLR_EL1	23	PENDING_REVIEW	SOURCE_REVIEWED_VALUE	COMPLETE	vendor/linux/arch/arm64/include/asm/vncr_mapping.h;vendor/linux/arch/arm64/include/asm/vncr_mapping.h:23;rewrite/configs/aarch64/frozen.config;header_closure=rewrite/metadata/header_closure.tsv;selected=PENDING_REVIEW	425f94c2954b1fe80ebdbf9b29854e89750355df	9fbc8f5c0a16dd8b496759c80c249f72966d3d61b79f25256578b184954041f7	0005124cb1f88018441face1363962214eec03c77f108e9eb1b37cccce6f3a60	0123af9e96b58af4e98b91a2de5608d36b63c67864b9041d3340587f3dbe40d2	cfa8dcf0d81c408de38d4202fe1ce9d9e5e301d1e67439c9530da94b1e64ee3f	7484d7b0dd80f45e18d726b04752827fe28555cc5c1af0e127948380e6688abf
semantic-proposal-v1	SC1-99481948d649fa71c5edf4f5b7ef8bd221ce002e48c82dd131a07cd762dcb66e	S000200	2	P02	SYMBOLS.tsv	8187	status	aarch64	arch/arm64/include/asm/vncr_mapping.h	operative_macro	VNCR_ACTLR_EL1	23	PENDING_REVIEW	COMPLETE	COMPLETE	vendor/linux/arch/arm64/include/asm/vncr_mapping.h;vendor/linux/arch/arm64/include/asm/vncr_mapping.h:23;rewrite/configs/aarch64/frozen.config;header_closure=rewrite/metadata/header_closure.tsv;selected=PENDING_REVIEW	425f94c2954b1fe80ebdbf9b29854e89750355df	9fbc8f5c0a16dd8b496759c80c249f72966d3d61b79f25256578b184954041f7	0005124cb1f88018441face1363962214eec03c77f108e9eb1b37cccce6f3a60	0123af9e96b58af4e98b91a2de5608d36b63c67864b9041d3340587f3dbe40d2	cfa8dcf0d81c408de38d4202fe1ce9d9e5e301d1e67439c9530da94b1e64ee3f	7484d7b0dd80f45e18d726b04752827fe28555cc5c1af0e127948380e6688abf
semantic-proposal-v1	SC1-c5bef39bf93a28dbf2ef038bbc4193d1ccacfec9a55af3961efea5539894370f	S000200	2	P02	SYMBOLS.tsv	8188	selection_expression	aarch64	arch/arm64/include/asm/vncr_mapping.h	operative_macro	VNCR_TCR_EL1	24	PENDING_REVIEW	SOURCE_REVIEWED_VALUE	COMPLETE	vendor/linux/arch/arm64/include/asm/vncr_mapping.h;vendor/linux/arch/arm64/include/asm/vncr_mapping.h:24;rewrite/configs/aarch64/frozen.config;header_closure=rewrite/metadata/header_closure.tsv;selected=PENDING_REVIEW	425f94c2954b1fe80ebdbf9b29854e89750355df	9fbc8f5c0a16dd8b496759c80c249f72966d3d61b79f25256578b184954041f7	0005124cb1f88018441face1363962214eec03c77f108e9eb1b37cccce6f3a60	0123af9e96b58af4e98b91a2de5608d36b63c67864b9041d3340587f3dbe40d2	cfa8dcf0d81c408de38d4202fe1ce9d9e5e301d1e67439c9530da94b1e64ee3f	7484d7b0dd80f45e18d726b04752827fe28555cc5c1af0e127948380e6688abf
semantic-proposal-v1	SC1-8b4b8b7a1dc33ba9608155c44f18c443861ce24d373c98486c5252105798b950	S000200	2	P02	SYMBOLS.tsv	8188	status	aarch64	arch/arm64/include/asm/vncr_mapping.h	operative_macro	VNCR_TCR_EL1	24	PENDING_REVIEW	COMPLETE	COMPLETE	vendor/linux/arch/arm64/include/asm/vncr_mapping.h;vendor/linux/arch/arm64/include/asm/vncr_mapping.h:24;rewrite/configs/aarch64/frozen.config;header_closure=rewrite/metadata/header_closure.tsv;selected=PENDING_REVIEW	425f94c2954b1fe80ebdbf9b29854e89750355df	9fbc8f5c0a16dd8b496759c80c249f72966d3d61b79f25256578b184954041f7	0005124cb1f88018441face1363962214eec03c77f108e9eb1b37cccce6f3a60	0123af9e96b58af4e98b91a2de5608d36b63c67864b9041d3340587f3dbe40d2	cfa8dcf0d81c408de38d4202fe1ce9d9e5e301d1e67439c9530da94b1e64ee3f	7484d7b0dd80f45e18d726b04752827fe28555cc5c1af0e127948380e6688abf
semantic-proposal-v1	SC1-00076589cf969c426900a05eb71f9529ecfde12fd9ae50e65a9a7db91136bc69	S000200	2	P02	SYMBOLS.tsv	8189	selection_expression	aarch64	arch/arm64/include/asm/vncr_mapping.h	operative_macro	VNCR_AFSR0_EL1	25	PENDING_REVIEW	SOURCE_REVIEWED_VALUE	COMPLETE	vendor/linux/arch/arm64/include/asm/vncr_mapping.h;vendor/linux/arch/arm64/include/asm/vncr_mapping.h:25;rewrite/configs/aarch64/frozen.config;header_closure=rewrite/metadata/header_closure.tsv;selected=PENDING_REVIEW	425f94c2954b1fe80ebdbf9b29854e89750355df	9fbc8f5c0a16dd8b496759c80c249f72966d3d61b79f25256578b184954041f7	0005124cb1f88018441face1363962214eec03c77f108e9eb1b37cccce6f3a60	0123af9e96b58af4e98b91a2de5608d36b63c67864b9041d3340587f3dbe40d2	cfa8dcf0d81c408de38d4202fe1ce9d9e5e301d1e67439c9530da94b1e64ee3f	7484d7b0dd80f45e18d726b04752827fe28555cc5c1af0e127948380e6688abf
semantic-proposal-v1	SC1-c6c7ff984a02ab1149da0b78dee19360875bc8c6b8f5a0a125481ca30ba393c3	S000200	2	P02	SYMBOLS.tsv	8189	status	aarch64	arch/arm64/include/asm/vncr_mapping.h	operative_macro	VNCR_AFSR0_EL1	25	PENDING_REVIEW	COMPLETE	COMPLETE	vendor/linux/arch/arm64/include/asm/vncr_mapping.h;vendor/linux/arch/arm64/include/asm/vncr_mapping.h:25;rewrite/configs/aarch64/frozen.config;header_closure=rewrite/metadata/header_closure.tsv;selected=PENDING_REVIEW	425f94c2954b1fe80ebdbf9b29854e89750355df	9fbc8f5c0a16dd8b496759c80c249f72966d3d61b79f25256578b184954041f7	0005124cb1f88018441face1363962214eec03c77f108e9eb1b37cccce6f3a60	0123af9e96b58af4e98b91a2de5608d36b63c67864b9041d3340587f3dbe40d2	cfa8dcf0d81c408de38d4202fe1ce9d9e5e301d1e67439c9530da94b1e64ee3f	7484d7b0dd80f45e18d726b04752827fe28555cc5c1af0e127948380e6688abf
semantic-proposal-v1	SC1-cb9cbacd1207d1baf99b803431dc630f3c8a81be29f6f2f75239e8abcd3f87c1	S000200	2	P02	SYMBOLS.tsv	8190	selection_expression	aarch64	arch/arm64/include/asm/vncr_mapping.h	operative_macro	VNCR_AFSR1_EL1	26	PENDING_REVIEW	SOURCE_REVIEWED_VALUE	COMPLETE	vendor/linux/arch/arm64/include/asm/vncr_mapping.h;vendor/linux/arch/arm64/include/asm/vncr_mapping.h:26;rewrite/configs/aarch64/frozen.config;header_closure=rewrite/metadata/header_closure.tsv;selected=PENDING_REVIEW	425f94c2954b1fe80ebdbf9b29854e89750355df	9fbc8f5c0a16dd8b496759c80c249f72966d3d61b79f25256578b184954041f7	0005124cb1f88018441face1363962214eec03c77f108e9eb1b37cccce6f3a60	0123af9e96b58af4e98b91a2de5608d36b63c67864b9041d3340587f3dbe40d2	cfa8dcf0d81c408de38d4202fe1ce9d9e5e301d1e67439c9530da94b1e64ee3f	7484d7b0dd80f45e18d726b04752827fe28555cc5c1af0e127948380e6688abf
semantic-proposal-v1	SC1-4d14d2de2ab48584457a26507081253ff42f9dd46833bb0338ec0339f85902e5	S000200	2	P02	SYMBOLS.tsv	8190	status	aarch64	arch/arm64/include/asm/vncr_mapping.h	operative_macro	VNCR_AFSR1_EL1	26	PENDING_REVIEW	COMPLETE	COMPLETE	vendor/linux/arch/arm64/include/asm/vncr_mapping.h;vendor/linux/arch/arm64/include/asm/vncr_mapping.h:26;rewrite/configs/aarch64/frozen.config;header_closure=rewrite/metadata/header_closure.tsv;selected=PENDING_REVIEW	425f94c2954b1fe80ebdbf9b29854e89750355df	9fbc8f5c0a16dd8b496759c80c249f72966d3d61b79f25256578b184954041f7	0005124cb1f88018441face1363962214eec03c77f108e9eb1b37cccce6f3a60	0123af9e96b58af4e98b91a2de5608d36b63c67864b9041d3340587f3dbe40d2	cfa8dcf0d81c408de38d4202fe1ce9d9e5e301d1e67439c9530da94b1e64ee3f	7484d7b0dd80f45e18d726b04752827fe28555cc5c1af0e127948380e6688abf
semantic-proposal-v1	SC1-6be1a858407d1b5ba8fc8b8dcf2ce46ae822b38f2859773003d0d40a90701340	S000200	2	P02	SYMBOLS.tsv	8191	selection_expression	aarch64	arch/arm64/include/asm/vncr_mapping.h	operative_macro	VNCR_ESR_EL1	27	PENDING_REVIEW	SOURCE_REVIEWED_VALUE	COMPLETE	vendor/linux/arch/arm64/include/asm/vncr_mapping.h;vendor/linux/arch/arm64/include/asm/vncr_mapping.h:27;rewrite/configs/aarch64/frozen.config;header_closure=rewrite/metadata/header_closure.tsv;selected=PENDING_REVIEW	425f94c2954b1fe80ebdbf9b29854e89750355df	9fbc8f5c0a16dd8b496759c80c249f72966d3d61b79f25256578b184954041f7	0005124cb1f88018441face1363962214eec03c77f108e9eb1b37cccce6f3a60	0123af9e96b58af4e98b91a2de5608d36b63c67864b9041d3340587f3dbe40d2	cfa8dcf0d81c408de38d4202fe1ce9d9e5e301d1e67439c9530da94b1e64ee3f	7484d7b0dd80f45e18d726b04752827fe28555cc5c1af0e127948380e6688abf
semantic-proposal-v1	SC1-2a95b43f2ef9891bb6a724f0226a92fa07f0e5bbf3adc64b51ff72df34f0ba38	S000200	2	P02	SYMBOLS.tsv	8191	status	aarch64	arch/arm64/include/asm/vncr_mapping.h	operative_macro	VNCR_ESR_EL1	27	PENDING_REVIEW	COMPLETE	COMPLETE	vendor/linux/arch/arm64/include/asm/vncr_mapping.h;vendor/linux/arch/arm64/include/asm/vncr_mapping.h:27;rewrite/configs/aarch64/frozen.config;header_closure=rewrite/metadata/header_closure.tsv;selected=PENDING_REVIEW	425f94c2954b1fe80ebdbf9b29854e89750355df	9fbc8f5c0a16dd8b496759c80c249f72966d3d61b79f25256578b184954041f7	0005124cb1f88018441face1363962214eec03c77f108e9eb1b37cccce6f3a60	0123af9e96b58af4e98b91a2de5608d36b63c67864b9041d3340587f3dbe40d2	cfa8dcf0d81c408de38d4202fe1ce9d9e5e301d1e67439c9530da94b1e64ee3f	7484d7b0dd80f45e18d726b04752827fe28555cc5c1af0e127948380e6688abf
semantic-proposal-v1	SC1-2ee76cf9da1baf811267f75806f0dc297a656985ca8eacc201ad47f98282560d	S000200	2	P02	SYMBOLS.tsv	8192	selection_expression	aarch64	arch/arm64/include/asm/vncr_mapping.h	operative_macro	VNCR_MAIR_EL1	28	PENDING_REVIEW	SOURCE_REVIEWED_VALUE	COMPLETE	vendor/linux/arch/arm64/include/asm/vncr_mapping.h;vendor/linux/arch/arm64/include/asm/vncr_mapping.h:28;rewrite/configs/aarch64/frozen.config;header_closure=rewrite/metadata/header_closure.tsv;selected=PENDING_REVIEW	425f94c2954b1fe80ebdbf9b29854e89750355df	9fbc8f5c0a16dd8b496759c80c249f72966d3d61b79f25256578b184954041f7	0005124cb1f88018441face1363962214eec03c77f108e9eb1b37cccce6f3a60	0123af9e96b58af4e98b91a2de5608d36b63c67864b9041d3340587f3dbe40d2	cfa8dcf0d81c408de38d4202fe1ce9d9e5e301d1e67439c9530da94b1e64ee3f	7484d7b0dd80f45e18d726b04752827fe28555cc5c1af0e127948380e6688abf
semantic-proposal-v1	SC1-efd9a3278757b21169ce930e0367e10157bb2d9ea2cf69fc2dd872b64ff3ccd2	S000200	2	P02	SYMBOLS.tsv	8192	status	aarch64	arch/arm64/include/asm/vncr_mapping.h	operative_macro	VNCR_MAIR_EL1	28	PENDING_REVIEW	COMPLETE	COMPLETE	vendor/linux/arch/arm64/include/asm/vncr_mapping.h;vendor/linux/arch/arm64/include/asm/vncr_mapping.h:28;rewrite/configs/aarch64/frozen.config;header_closure=rewrite/metadata/header_closure.tsv;selected=PENDING_REVIEW	425f94c2954b1fe80ebdbf9b29854e89750355df	9fbc8f5c0a16dd8b496759c80c249f72966d3d61b79f25256578b184954041f7	0005124cb1f88018441face1363962214eec03c77f108e9eb1b37cccce6f3a60	0123af9e96b58af4e98b91a2de5608d36b63c67864b9041d3340587f3dbe40d2	cfa8dcf0d81c408de38d4202fe1ce9d9e5e301d1e67439c9530da94b1e64ee3f	7484d7b0dd80f45e18d726b04752827fe28555cc5c1af0e127948380e6688abf
semantic-proposal-v1	SC1-28c94cd75954fb856879e756ad14af7e9d12fd9d0b64a624b6150d335241788d	S000200	2	P02	SYMBOLS.tsv	8193	selection_expression	aarch64	arch/arm64/include/asm/vncr_mapping.h	operative_macro	VNCR_AMAIR_EL1	29	PENDING_REVIEW	SOURCE_REVIEWED_VALUE	COMPLETE	vendor/linux/arch/arm64/include/asm/vncr_mapping.h;vendor/linux/arch/arm64/include/asm/vncr_mapping.h:29;rewrite/configs/aarch64/frozen.config;header_closure=rewrite/metadata/header_closure.tsv;selected=PENDING_REVIEW	425f94c2954b1fe80ebdbf9b29854e89750355df	9fbc8f5c0a16dd8b496759c80c249f72966d3d61b79f25256578b184954041f7	0005124cb1f88018441face1363962214eec03c77f108e9eb1b37cccce6f3a60	0123af9e96b58af4e98b91a2de5608d36b63c67864b9041d3340587f3dbe40d2	cfa8dcf0d81c408de38d4202fe1ce9d9e5e301d1e67439c9530da94b1e64ee3f	7484d7b0dd80f45e18d726b04752827fe28555cc5c1af0e127948380e6688abf
semantic-proposal-v1	SC1-290b53f1aa4e99ee9105e523b97903d8620d97060900526141becc91178bbb7b	S000200	2	P02	SYMBOLS.tsv	8193	status	aarch64	arch/arm64/include/asm/vncr_mapping.h	operative_macro	VNCR_AMAIR_EL1	29	PENDING_REVIEW	COMPLETE	COMPLETE	vendor/linux/arch/arm64/include/asm/vncr_mapping.h;vendor/linux/arch/arm64/include/asm/vncr_mapping.h:29;rewrite/configs/aarch64/frozen.config;header_closure=rewrite/metadata/header_closure.tsv;selected=PENDING_REVIEW	425f94c2954b1fe80ebdbf9b29854e89750355df	9fbc8f5c0a16dd8b496759c80c249f72966d3d61b79f25256578b184954041f7	0005124cb1f88018441face1363962214eec03c77f108e9eb1b37cccce6f3a60	0123af9e96b58af4e98b91a2de5608d36b63c67864b9041d3340587f3dbe40d2	cfa8dcf0d81c408de38d4202fe1ce9d9e5e301d1e67439c9530da94b1e64ee3f	7484d7b0dd80f45e18d726b04752827fe28555cc5c1af0e127948380e6688abf
semantic-proposal-v1	SC1-6f1e127934e870fd610dc1c269f4cecb02b92ffefa6d5b22e6d1037c291ad898	S000200	2	P02	SYMBOLS.tsv	8194	selection_expression	aarch64	arch/arm64/include/asm/vncr_mapping.h	operative_macro	VNCR_MDSCR_EL1	30	PENDING_REVIEW	SOURCE_REVIEWED_VALUE	COMPLETE	vendor/linux/arch/arm64/include/asm/vncr_mapping.h;vendor/linux/arch/arm64/include/asm/vncr_mapping.h:30;rewrite/configs/aarch64/frozen.config;header_closure=rewrite/metadata/header_closure.tsv;selected=PENDING_REVIEW	425f94c2954b1fe80ebdbf9b29854e89750355df	9fbc8f5c0a16dd8b496759c80c249f72966d3d61b79f25256578b184954041f7	0005124cb1f88018441face1363962214eec03c77f108e9eb1b37cccce6f3a60	0123af9e96b58af4e98b91a2de5608d36b63c67864b9041d3340587f3dbe40d2	cfa8dcf0d81c408de38d4202fe1ce9d9e5e301d1e67439c9530da94b1e64ee3f	7484d7b0dd80f45e18d726b04752827fe28555cc5c1af0e127948380e6688abf
semantic-proposal-v1	SC1-11ed9b2f21cc58369f0ca706b98d6f78a1c926dae493c0a48555c25fa4248719	S000200	2	P02	SYMBOLS.tsv	8194	status	aarch64	arch/arm64/include/asm/vncr_mapping.h	operative_macro	VNCR_MDSCR_EL1	30	PENDING_REVIEW	COMPLETE	COMPLETE	vendor/linux/arch/arm64/include/asm/vncr_mapping.h;vendor/linux/arch/arm64/include/asm/vncr_mapping.h:30;rewrite/configs/aarch64/frozen.config;header_closure=rewrite/metadata/header_closure.tsv;selected=PENDING_REVIEW	425f94c2954b1fe80ebdbf9b29854e89750355df	9fbc8f5c0a16dd8b496759c80c249f72966d3d61b79f25256578b184954041f7	0005124cb1f88018441face1363962214eec03c77f108e9eb1b37cccce6f3a60	0123af9e96b58af4e98b91a2de5608d36b63c67864b9041d3340587f3dbe40d2	cfa8dcf0d81c408de38d4202fe1ce9d9e5e301d1e67439c9530da94b1e64ee3f	7484d7b0dd80f45e18d726b04752827fe28555cc5c1af0e127948380e6688abf
semantic-proposal-v1	SC1-d87cf035baae6b4b2827d3299f93eb98149922efee527dac10b776d28fee6bdd	S000200	2	P02	SYMBOLS.tsv	8195	selection_expression	aarch64	arch/arm64/include/asm/vncr_mapping.h	operative_macro	VNCR_SPSR_EL1	31	PENDING_REVIEW	SOURCE_REVIEWED_VALUE	COMPLETE	vendor/linux/arch/arm64/include/asm/vncr_mapping.h;vendor/linux/arch/arm64/include/asm/vncr_mapping.h:31;rewrite/configs/aarch64/frozen.config;header_closure=rewrite/metadata/header_closure.tsv;selected=PENDING_REVIEW	425f94c2954b1fe80ebdbf9b29854e89750355df	9fbc8f5c0a16dd8b496759c80c249f72966d3d61b79f25256578b184954041f7	0005124cb1f88018441face1363962214eec03c77f108e9eb1b37cccce6f3a60	0123af9e96b58af4e98b91a2de5608d36b63c67864b9041d3340587f3dbe40d2	cfa8dcf0d81c408de38d4202fe1ce9d9e5e301d1e67439c9530da94b1e64ee3f	7484d7b0dd80f45e18d726b04752827fe28555cc5c1af0e127948380e6688abf
semantic-proposal-v1	SC1-e3bad03bb5efea98d8f82906cdc19accc147e06708c6c36294683a96c322b8df	S000200	2	P02	SYMBOLS.tsv	8195	status	aarch64	arch/arm64/include/asm/vncr_mapping.h	operative_macro	VNCR_SPSR_EL1	31	PENDING_REVIEW	COMPLETE	COMPLETE	vendor/linux/arch/arm64/include/asm/vncr_mapping.h;vendor/linux/arch/arm64/include/asm/vncr_mapping.h:31;rewrite/configs/aarch64/frozen.config;header_closure=rewrite/metadata/header_closure.tsv;selected=PENDING_REVIEW	425f94c2954b1fe80ebdbf9b29854e89750355df	9fbc8f5c0a16dd8b496759c80c249f72966d3d61b79f25256578b184954041f7	0005124cb1f88018441face1363962214eec03c77f108e9eb1b37cccce6f3a60	0123af9e96b58af4e98b91a2de5608d36b63c67864b9041d3340587f3dbe40d2	cfa8dcf0d81c408de38d4202fe1ce9d9e5e301d1e67439c9530da94b1e64ee3f	7484d7b0dd80f45e18d726b04752827fe28555cc5c1af0e127948380e6688abf
semantic-proposal-v1	SC1-91861db0c1f5c80e2588ad695c62ab8e03aa442269a25af13259b728f7ed4b44	S000200	2	P02	SYMBOLS.tsv	8196	selection_expression	aarch64	arch/arm64/include/asm/vncr_mapping.h	operative_macro	VNCR_CNTV_CVAL_EL0	32	PENDING_REVIEW	SOURCE_REVIEWED_VALUE	COMPLETE	vendor/linux/arch/arm64/include/asm/vncr_mapping.h;vendor/linux/arch/arm64/include/asm/vncr_mapping.h:32;rewrite/configs/aarch64/frozen.config;header_closure=rewrite/metadata/header_closure.tsv;selected=PENDING_REVIEW	425f94c2954b1fe80ebdbf9b29854e89750355df	9fbc8f5c0a16dd8b496759c80c249f72966d3d61b79f25256578b184954041f7	0005124cb1f88018441face1363962214eec03c77f108e9eb1b37cccce6f3a60	0123af9e96b58af4e98b91a2de5608d36b63c67864b9041d3340587f3dbe40d2	cfa8dcf0d81c408de38d4202fe1ce9d9e5e301d1e67439c9530da94b1e64ee3f	7484d7b0dd80f45e18d726b04752827fe28555cc5c1af0e127948380e6688abf
semantic-proposal-v1	SC1-ef3e9dc1480451821aa1572e9bb4c5f829d38de8e02b8f53c9e9e3af4a1918fa	S000200	2	P02	SYMBOLS.tsv	8196	status	aarch64	arch/arm64/include/asm/vncr_mapping.h	operative_macro	VNCR_CNTV_CVAL_EL0	32	PENDING_REVIEW	COMPLETE	COMPLETE	vendor/linux/arch/arm64/include/asm/vncr_mapping.h;vendor/linux/arch/arm64/include/asm/vncr_mapping.h:32;rewrite/configs/aarch64/frozen.config;header_closure=rewrite/metadata/header_closure.tsv;selected=PENDING_REVIEW	425f94c2954b1fe80ebdbf9b29854e89750355df	9fbc8f5c0a16dd8b496759c80c249f72966d3d61b79f25256578b184954041f7	0005124cb1f88018441face1363962214eec03c77f108e9eb1b37cccce6f3a60	0123af9e96b58af4e98b91a2de5608d36b63c67864b9041d3340587f3dbe40d2	cfa8dcf0d81c408de38d4202fe1ce9d9e5e301d1e67439c9530da94b1e64ee3f	7484d7b0dd80f45e18d726b04752827fe28555cc5c1af0e127948380e6688abf
semantic-proposal-v1	SC1-ce2bbcb34e0495d6b751efcda61cd1ebee00e8012ef4c85af6a5418cee32ba69	S000200	2	P02	SYMBOLS.tsv	8197	selection_expression	aarch64	arch/arm64/include/asm/vncr_mapping.h	operative_macro	VNCR_CNTV_CTL_EL0	33	PENDING_REVIEW	SOURCE_REVIEWED_VALUE	COMPLETE	vendor/linux/arch/arm64/include/asm/vncr_mapping.h;vendor/linux/arch/arm64/include/asm/vncr_mapping.h:33;rewrite/configs/aarch64/frozen.config;header_closure=rewrite/metadata/header_closure.tsv;selected=PENDING_REVIEW	425f94c2954b1fe80ebdbf9b29854e89750355df	9fbc8f5c0a16dd8b496759c80c249f72966d3d61b79f25256578b184954041f7	0005124cb1f88018441face1363962214eec03c77f108e9eb1b37cccce6f3a60	0123af9e96b58af4e98b91a2de5608d36b63c67864b9041d3340587f3dbe40d2	cfa8dcf0d81c408de38d4202fe1ce9d9e5e301d1e67439c9530da94b1e64ee3f	7484d7b0dd80f45e18d726b04752827fe28555cc5c1af0e127948380e6688abf
semantic-proposal-v1	SC1-232b233e61289d747dfffdd0d4a23eeda0cb388058c12ddbbcea08cd246ea884	S000200	2	P02	SYMBOLS.tsv	8197	status	aarch64	arch/arm64/include/asm/vncr_mapping.h	operative_macro	VNCR_CNTV_CTL_EL0	33	PENDING_REVIEW	COMPLETE	COMPLETE	vendor/linux/arch/arm64/include/asm/vncr_mapping.h;vendor/linux/arch/arm64/include/asm/vncr_mapping.h:33;rewrite/configs/aarch64/frozen.config;header_closure=rewrite/metadata/header_closure.tsv;selected=PENDING_REVIEW	425f94c2954b1fe80ebdbf9b29854e89750355df	9fbc8f5c0a16dd8b496759c80c249f72966d3d61b79f25256578b184954041f7	0005124cb1f88018441face1363962214eec03c77f108e9eb1b37cccce6f3a60	0123af9e96b58af4e98b91a2de5608d36b63c67864b9041d3340587f3dbe40d2	cfa8dcf0d81c408de38d4202fe1ce9d9e5e301d1e67439c9530da94b1e64ee3f	7484d7b0dd80f45e18d726b04752827fe28555cc5c1af0e127948380e6688abf
semantic-proposal-v1	SC1-64e8601168ecd59e7f5b4ea1f300a0db776a45816df8dddfa9617bcf8a5333b8	S000200	2	P02	SYMBOLS.tsv	8198	selection_expression	aarch64	arch/arm64/include/asm/vncr_mapping.h	operative_macro	VNCR_CNTP_CVAL_EL0	34	PENDING_REVIEW	SOURCE_REVIEWED_VALUE	COMPLETE	vendor/linux/arch/arm64/include/asm/vncr_mapping.h;vendor/linux/arch/arm64/include/asm/vncr_mapping.h:34;rewrite/configs/aarch64/frozen.config;header_closure=rewrite/metadata/header_closure.tsv;selected=PENDING_REVIEW	425f94c2954b1fe80ebdbf9b29854e89750355df	9fbc8f5c0a16dd8b496759c80c249f72966d3d61b79f25256578b184954041f7	0005124cb1f88018441face1363962214eec03c77f108e9eb1b37cccce6f3a60	0123af9e96b58af4e98b91a2de5608d36b63c67864b9041d3340587f3dbe40d2	cfa8dcf0d81c408de38d4202fe1ce9d9e5e301d1e67439c9530da94b1e64ee3f	7484d7b0dd80f45e18d726b04752827fe28555cc5c1af0e127948380e6688abf
semantic-proposal-v1	SC1-a4c34616f58f27e00206e7c3cacb59662096b6b046ae648bbf779872cd4243a8	S000200	2	P02	SYMBOLS.tsv	8198	status	aarch64	arch/arm64/include/asm/vncr_mapping.h	operative_macro	VNCR_CNTP_CVAL_EL0	34	PENDING_REVIEW	COMPLETE	COMPLETE	vendor/linux/arch/arm64/include/asm/vncr_mapping.h;vendor/linux/arch/arm64/include/asm/vncr_mapping.h:34;rewrite/configs/aarch64/frozen.config;header_closure=rewrite/metadata/header_closure.tsv;selected=PENDING_REVIEW	425f94c2954b1fe80ebdbf9b29854e89750355df	9fbc8f5c0a16dd8b496759c80c249f72966d3d61b79f25256578b184954041f7	0005124cb1f88018441face1363962214eec03c77f108e9eb1b37cccce6f3a60	0123af9e96b58af4e98b91a2de5608d36b63c67864b9041d3340587f3dbe40d2	cfa8dcf0d81c408de38d4202fe1ce9d9e5e301d1e67439c9530da94b1e64ee3f	7484d7b0dd80f45e18d726b04752827fe28555cc5c1af0e127948380e6688abf
semantic-proposal-v1	SC1-d55b64493b789cf733cd0d7325d985ef9496cd3194377d6e7d7ca2864a936447	S000200	2	P02	SYMBOLS.tsv	8199	selection_expression	aarch64	arch/arm64/include/asm/vncr_mapping.h	operative_macro	VNCR_CNTP_CTL_EL0	35	PENDING_REVIEW	SOURCE_REVIEWED_VALUE	COMPLETE	vendor/linux/arch/arm64/include/asm/vncr_mapping.h;vendor/linux/arch/arm64/include/asm/vncr_mapping.h:35;rewrite/configs/aarch64/frozen.config;header_closure=rewrite/metadata/header_closure.tsv;selected=PENDING_REVIEW	425f94c2954b1fe80ebdbf9b29854e89750355df	9fbc8f5c0a16dd8b496759c80c249f72966d3d61b79f25256578b184954041f7	0005124cb1f88018441face1363962214eec03c77f108e9eb1b37cccce6f3a60	0123af9e96b58af4e98b91a2de5608d36b63c67864b9041d3340587f3dbe40d2	cfa8dcf0d81c408de38d4202fe1ce9d9e5e301d1e67439c9530da94b1e64ee3f	7484d7b0dd80f45e18d726b04752827fe28555cc5c1af0e127948380e6688abf
semantic-proposal-v1	SC1-3c977fda5e2de64be50251d35107c66e1167f3461a01bb7c3fb09eaffebfa7f3	S000200	2	P02	SYMBOLS.tsv	8199	status	aarch64	arch/arm64/include/asm/vncr_mapping.h	operative_macro	VNCR_CNTP_CTL_EL0	35	PENDING_REVIEW	COMPLETE	COMPLETE	vendor/linux/arch/arm64/include/asm/vncr_mapping.h;vendor/linux/arch/arm64/include/asm/vncr_mapping.h:35;rewrite/configs/aarch64/frozen.config;header_closure=rewrite/metadata/header_closure.tsv;selected=PENDING_REVIEW	425f94c2954b1fe80ebdbf9b29854e89750355df	9fbc8f5c0a16dd8b496759c80c249f72966d3d61b79f25256578b184954041f7	0005124cb1f88018441face1363962214eec03c77f108e9eb1b37cccce6f3a60	0123af9e96b58af4e98b91a2de5608d36b63c67864b9041d3340587f3dbe40d2	cfa8dcf0d81c408de38d4202fe1ce9d9e5e301d1e67439c9530da94b1e64ee3f	7484d7b0dd80f45e18d726b04752827fe28555cc5c1af0e127948380e6688abf
semantic-proposal-v1	SC1-82703b9e751a8ca55d8552d6a9e56082f8ece233b5979515963b55de66e932be	S000200	2	P02	SYMBOLS.tsv	8200	selection_expression	aarch64	arch/arm64/include/asm/vncr_mapping.h	operative_macro	VNCR_SCXTNUM_EL1	36	PENDING_REVIEW	SOURCE_REVIEWED_VALUE	COMPLETE	vendor/linux/arch/arm64/include/asm/vncr_mapping.h;vendor/linux/arch/arm64/include/asm/vncr_mapping.h:36;rewrite/configs/aarch64/frozen.config;header_closure=rewrite/metadata/header_closure.tsv;selected=PENDING_REVIEW	425f94c2954b1fe80ebdbf9b29854e89750355df	9fbc8f5c0a16dd8b496759c80c249f72966d3d61b79f25256578b184954041f7	0005124cb1f88018441face1363962214eec03c77f108e9eb1b37cccce6f3a60	0123af9e96b58af4e98b91a2de5608d36b63c67864b9041d3340587f3dbe40d2	cfa8dcf0d81c408de38d4202fe1ce9d9e5e301d1e67439c9530da94b1e64ee3f	7484d7b0dd80f45e18d726b04752827fe28555cc5c1af0e127948380e6688abf
semantic-proposal-v1	SC1-d17ac428f74d2520de70e34990fbf7cd64a7d372d59ed6c9b87f1249f83bdcbd	S000200	2	P02	SYMBOLS.tsv	8200	status	aarch64	arch/arm64/include/asm/vncr_mapping.h	operative_macro	VNCR_SCXTNUM_EL1	36	PENDING_REVIEW	COMPLETE	COMPLETE	vendor/linux/arch/arm64/include/asm/vncr_mapping.h;vendor/linux/arch/arm64/include/asm/vncr_mapping.h:36;rewrite/configs/aarch64/frozen.config;header_closure=rewrite/metadata/header_closure.tsv;selected=PENDING_REVIEW	425f94c2954b1fe80ebdbf9b29854e89750355df	9fbc8f5c0a16dd8b496759c80c249f72966d3d61b79f25256578b184954041f7	0005124cb1f88018441face1363962214eec03c77f108e9eb1b37cccce6f3a60	0123af9e96b58af4e98b91a2de5608d36b63c67864b9041d3340587f3dbe40d2	cfa8dcf0d81c408de38d4202fe1ce9d9e5e301d1e67439c9530da94b1e64ee3f	7484d7b0dd80f45e18d726b04752827fe28555cc5c1af0e127948380e6688abf
semantic-proposal-v1	SC1-4197e8197062e4076cc52982704b6915c07ffe0fedf17b566a00b7967b942415	S000200	2	P02	SYMBOLS.tsv	8201	selection_expression	aarch64	arch/arm64/include/asm/vncr_mapping.h	operative_macro	VNCR_TFSR_EL1	37	PENDING_REVIEW	SOURCE_REVIEWED_VALUE	COMPLETE	vendor/linux/arch/arm64/include/asm/vncr_mapping.h;vendor/linux/arch/arm64/include/asm/vncr_mapping.h:37;rewrite/configs/aarch64/frozen.config;header_closure=rewrite/metadata/header_closure.tsv;selected=PENDING_REVIEW	425f94c2954b1fe80ebdbf9b29854e89750355df	9fbc8f5c0a16dd8b496759c80c249f72966d3d61b79f25256578b184954041f7	0005124cb1f88018441face1363962214eec03c77f108e9eb1b37cccce6f3a60	0123af9e96b58af4e98b91a2de5608d36b63c67864b9041d3340587f3dbe40d2	cfa8dcf0d81c408de38d4202fe1ce9d9e5e301d1e67439c9530da94b1e64ee3f	7484d7b0dd80f45e18d726b04752827fe28555cc5c1af0e127948380e6688abf
semantic-proposal-v1	SC1-1c67786e19ce4d3e1e7370246d528495ed1b763fd5e6315f426efc5f768565a1	S000200	2	P02	SYMBOLS.tsv	8201	status	aarch64	arch/arm64/include/asm/vncr_mapping.h	operative_macro	VNCR_TFSR_EL1	37	PENDING_REVIEW	COMPLETE	COMPLETE	vendor/linux/arch/arm64/include/asm/vncr_mapping.h;vendor/linux/arch/arm64/include/asm/vncr_mapping.h:37;rewrite/configs/aarch64/frozen.config;header_closure=rewrite/metadata/header_closure.tsv;selected=PENDING_REVIEW	425f94c2954b1fe80ebdbf9b29854e89750355df	9fbc8f5c0a16dd8b496759c80c249f72966d3d61b79f25256578b184954041f7	0005124cb1f88018441face1363962214eec03c77f108e9eb1b37cccce6f3a60	0123af9e96b58af4e98b91a2de5608d36b63c67864b9041d3340587f3dbe40d2	cfa8dcf0d81c408de38d4202fe1ce9d9e5e301d1e67439c9530da94b1e64ee3f	7484d7b0dd80f45e18d726b04752827fe28555cc5c1af0e127948380e6688abf
semantic-proposal-v1	SC1-2a4862aec9f1ad2c7a5e48eddc960c35a69d21fa21e4bb65a50212d2c5eac316	S000200	2	P02	SYMBOLS.tsv	8202	selection_expression	aarch64	arch/arm64/include/asm/vncr_mapping.h	operative_macro	VNCR_HDFGRTR2_EL2	38	PENDING_REVIEW	SOURCE_REVIEWED_VALUE	COMPLETE	vendor/linux/arch/arm64/include/asm/vncr_mapping.h;vendor/linux/arch/arm64/include/asm/vncr_mapping.h:38;rewrite/configs/aarch64/frozen.config;header_closure=rewrite/metadata/header_closure.tsv;selected=PENDING_REVIEW	425f94c2954b1fe80ebdbf9b29854e89750355df	9fbc8f5c0a16dd8b496759c80c249f72966d3d61b79f25256578b184954041f7	0005124cb1f88018441face1363962214eec03c77f108e9eb1b37cccce6f3a60	0123af9e96b58af4e98b91a2de5608d36b63c67864b9041d3340587f3dbe40d2	cfa8dcf0d81c408de38d4202fe1ce9d9e5e301d1e67439c9530da94b1e64ee3f	7484d7b0dd80f45e18d726b04752827fe28555cc5c1af0e127948380e6688abf
semantic-proposal-v1	SC1-a89988a4e17d5079be115fcd5232f55929030083162c196224fc4addd9c4a3cb	S000200	2	P02	SYMBOLS.tsv	8202	status	aarch64	arch/arm64/include/asm/vncr_mapping.h	operative_macro	VNCR_HDFGRTR2_EL2	38	PENDING_REVIEW	COMPLETE	COMPLETE	vendor/linux/arch/arm64/include/asm/vncr_mapping.h;vendor/linux/arch/arm64/include/asm/vncr_mapping.h:38;rewrite/configs/aarch64/frozen.config;header_closure=rewrite/metadata/header_closure.tsv;selected=PENDING_REVIEW	425f94c2954b1fe80ebdbf9b29854e89750355df	9fbc8f5c0a16dd8b496759c80c249f72966d3d61b79f25256578b184954041f7	0005124cb1f88018441face1363962214eec03c77f108e9eb1b37cccce6f3a60	0123af9e96b58af4e98b91a2de5608d36b63c67864b9041d3340587f3dbe40d2	cfa8dcf0d81c408de38d4202fe1ce9d9e5e301d1e67439c9530da94b1e64ee3f	7484d7b0dd80f45e18d726b04752827fe28555cc5c1af0e127948380e6688abf
semantic-proposal-v1	SC1-57890205a019a518bea7668cef0d87904aef509011f2ec202c2405d81c95fa3e	S000200	2	P02	SYMBOLS.tsv	8203	selection_expression	aarch64	arch/arm64/include/asm/vncr_mapping.h	operative_macro	VNCR_HDFGWTR2_EL2	39	PENDING_REVIEW	SOURCE_REVIEWED_VALUE	COMPLETE	vendor/linux/arch/arm64/include/asm/vncr_mapping.h;vendor/linux/arch/arm64/include/asm/vncr_mapping.h:39;rewrite/configs/aarch64/frozen.config;header_closure=rewrite/metadata/header_closure.tsv;selected=PENDING_REVIEW	425f94c2954b1fe80ebdbf9b29854e89750355df	9fbc8f5c0a16dd8b496759c80c249f72966d3d61b79f25256578b184954041f7	0005124cb1f88018441face1363962214eec03c77f108e9eb1b37cccce6f3a60	0123af9e96b58af4e98b91a2de5608d36b63c67864b9041d3340587f3dbe40d2	cfa8dcf0d81c408de38d4202fe1ce9d9e5e301d1e67439c9530da94b1e64ee3f	7484d7b0dd80f45e18d726b04752827fe28555cc5c1af0e127948380e6688abf
semantic-proposal-v1	SC1-65e8f1b573c9b88197e3aff6ccdcce26acdcab12af9762583513d9d3b2937a21	S000200	2	P02	SYMBOLS.tsv	8203	status	aarch64	arch/arm64/include/asm/vncr_mapping.h	operative_macro	VNCR_HDFGWTR2_EL2	39	PENDING_REVIEW	COMPLETE	COMPLETE	vendor/linux/arch/arm64/include/asm/vncr_mapping.h;vendor/linux/arch/arm64/include/asm/vncr_mapping.h:39;rewrite/configs/aarch64/frozen.config;header_closure=rewrite/metadata/header_closure.tsv;selected=PENDING_REVIEW	425f94c2954b1fe80ebdbf9b29854e89750355df	9fbc8f5c0a16dd8b496759c80c249f72966d3d61b79f25256578b184954041f7	0005124cb1f88018441face1363962214eec03c77f108e9eb1b37cccce6f3a60	0123af9e96b58af4e98b91a2de5608d36b63c67864b9041d3340587f3dbe40d2	cfa8dcf0d81c408de38d4202fe1ce9d9e5e301d1e67439c9530da94b1e64ee3f	7484d7b0dd80f45e18d726b04752827fe28555cc5c1af0e127948380e6688abf
semantic-proposal-v1	SC1-022a0bb1197eea6ff177f5d82de7f74ed2e7a5963d284979e382c0e6db9ecfaf	S000200	2	P02	SYMBOLS.tsv	8204	selection_expression	aarch64	arch/arm64/include/asm/vncr_mapping.h	operative_macro	VNCR_HFGRTR_EL2	40	PENDING_REVIEW	SOURCE_REVIEWED_VALUE	COMPLETE	vendor/linux/arch/arm64/include/asm/vncr_mapping.h;vendor/linux/arch/arm64/include/asm/vncr_mapping.h:40;rewrite/configs/aarch64/frozen.config;header_closure=rewrite/metadata/header_closure.tsv;selected=PENDING_REVIEW	425f94c2954b1fe80ebdbf9b29854e89750355df	9fbc8f5c0a16dd8b496759c80c249f72966d3d61b79f25256578b184954041f7	0005124cb1f88018441face1363962214eec03c77f108e9eb1b37cccce6f3a60	0123af9e96b58af4e98b91a2de5608d36b63c67864b9041d3340587f3dbe40d2	cfa8dcf0d81c408de38d4202fe1ce9d9e5e301d1e67439c9530da94b1e64ee3f	7484d7b0dd80f45e18d726b04752827fe28555cc5c1af0e127948380e6688abf
semantic-proposal-v1	SC1-3c5bd8690406b5cca4ebd1e5a29d13e5798d217aa66ee990d8b98f8c3c52a01f	S000200	2	P02	SYMBOLS.tsv	8204	status	aarch64	arch/arm64/include/asm/vncr_mapping.h	operative_macro	VNCR_HFGRTR_EL2	40	PENDING_REVIEW	COMPLETE	COMPLETE	vendor/linux/arch/arm64/include/asm/vncr_mapping.h;vendor/linux/arch/arm64/include/asm/vncr_mapping.h:40;rewrite/configs/aarch64/frozen.config;header_closure=rewrite/metadata/header_closure.tsv;selected=PENDING_REVIEW	425f94c2954b1fe80ebdbf9b29854e89750355df	9fbc8f5c0a16dd8b496759c80c249f72966d3d61b79f25256578b184954041f7	0005124cb1f88018441face1363962214eec03c77f108e9eb1b37cccce6f3a60	0123af9e96b58af4e98b91a2de5608d36b63c67864b9041d3340587f3dbe40d2	cfa8dcf0d81c408de38d4202fe1ce9d9e5e301d1e67439c9530da94b1e64ee3f	7484d7b0dd80f45e18d726b04752827fe28555cc5c1af0e127948380e6688abf
semantic-proposal-v1	SC1-b0c059a89fd87eaf2601c6dbd2ba4a9e4e1443c42ee2c2d1390b1e471a78fd5c	S000200	2	P02	SYMBOLS.tsv	8205	selection_expression	aarch64	arch/arm64/include/asm/vncr_mapping.h	operative_macro	VNCR_HFGWTR_EL2	41	PENDING_REVIEW	SOURCE_REVIEWED_VALUE	COMPLETE	vendor/linux/arch/arm64/include/asm/vncr_mapping.h;vendor/linux/arch/arm64/include/asm/vncr_mapping.h:41;rewrite/configs/aarch64/frozen.config;header_closure=rewrite/metadata/header_closure.tsv;selected=PENDING_REVIEW	425f94c2954b1fe80ebdbf9b29854e89750355df	9fbc8f5c0a16dd8b496759c80c249f72966d3d61b79f25256578b184954041f7	0005124cb1f88018441face1363962214eec03c77f108e9eb1b37cccce6f3a60	0123af9e96b58af4e98b91a2de5608d36b63c67864b9041d3340587f3dbe40d2	cfa8dcf0d81c408de38d4202fe1ce9d9e5e301d1e67439c9530da94b1e64ee3f	7484d7b0dd80f45e18d726b04752827fe28555cc5c1af0e127948380e6688abf
semantic-proposal-v1	SC1-ec9c1cca014cce15454edb303a432a68d34b545aa521fc186f82fbaf190d0535	S000200	2	P02	SYMBOLS.tsv	8205	status	aarch64	arch/arm64/include/asm/vncr_mapping.h	operative_macro	VNCR_HFGWTR_EL2	41	PENDING_REVIEW	COMPLETE	COMPLETE	vendor/linux/arch/arm64/include/asm/vncr_mapping.h;vendor/linux/arch/arm64/include/asm/vncr_mapping.h:41;rewrite/configs/aarch64/frozen.config;header_closure=rewrite/metadata/header_closure.tsv;selected=PENDING_REVIEW	425f94c2954b1fe80ebdbf9b29854e89750355df	9fbc8f5c0a16dd8b496759c80c249f72966d3d61b79f25256578b184954041f7	0005124cb1f88018441face1363962214eec03c77f108e9eb1b37cccce6f3a60	0123af9e96b58af4e98b91a2de5608d36b63c67864b9041d3340587f3dbe40d2	cfa8dcf0d81c408de38d4202fe1ce9d9e5e301d1e67439c9530da94b1e64ee3f	7484d7b0dd80f45e18d726b04752827fe28555cc5c1af0e127948380e6688abf
semantic-proposal-v1	SC1-c45dccbaab65c9202f30fccf23b2ad2f870274541a5c25ba434f26432f7ed1a2	S000200	2	P02	SYMBOLS.tsv	8206	selection_expression	aarch64	arch/arm64/include/asm/vncr_mapping.h	operative_macro	VNCR_HFGITR_EL2	42	PENDING_REVIEW	SOURCE_REVIEWED_VALUE	COMPLETE	vendor/linux/arch/arm64/include/asm/vncr_mapping.h;vendor/linux/arch/arm64/include/asm/vncr_mapping.h:42;rewrite/configs/aarch64/frozen.config;header_closure=rewrite/metadata/header_closure.tsv;selected=PENDING_REVIEW	425f94c2954b1fe80ebdbf9b29854e89750355df	9fbc8f5c0a16dd8b496759c80c249f72966d3d61b79f25256578b184954041f7	0005124cb1f88018441face1363962214eec03c77f108e9eb1b37cccce6f3a60	0123af9e96b58af4e98b91a2de5608d36b63c67864b9041d3340587f3dbe40d2	cfa8dcf0d81c408de38d4202fe1ce9d9e5e301d1e67439c9530da94b1e64ee3f	7484d7b0dd80f45e18d726b04752827fe28555cc5c1af0e127948380e6688abf
semantic-proposal-v1	SC1-128be6759447e42de2dec8416578246aae3c02d2c8092b8f834761b162206ebc	S000200	2	P02	SYMBOLS.tsv	8206	status	aarch64	arch/arm64/include/asm/vncr_mapping.h	operative_macro	VNCR_HFGITR_EL2	42	PENDING_REVIEW	COMPLETE	COMPLETE	vendor/linux/arch/arm64/include/asm/vncr_mapping.h;vendor/linux/arch/arm64/include/asm/vncr_mapping.h:42;rewrite/configs/aarch64/frozen.config;header_closure=rewrite/metadata/header_closure.tsv;selected=PENDING_REVIEW	425f94c2954b1fe80ebdbf9b29854e89750355df	9fbc8f5c0a16dd8b496759c80c249f72966d3d61b79f25256578b184954041f7	0005124cb1f88018441face1363962214eec03c77f108e9eb1b37cccce6f3a60	0123af9e96b58af4e98b91a2de5608d36b63c67864b9041d3340587f3dbe40d2	cfa8dcf0d81c408de38d4202fe1ce9d9e5e301d1e67439c9530da94b1e64ee3f	7484d7b0dd80f45e18d726b04752827fe28555cc5c1af0e127948380e6688abf
semantic-proposal-v1	SC1-85a473d2372d9a187aae045118edab2d18b247b16e2dd8c541095c24412af756	S000200	2	P02	SYMBOLS.tsv	8207	selection_expression	aarch64	arch/arm64/include/asm/vncr_mapping.h	operative_macro	VNCR_HDFGRTR_EL2	43	PENDING_REVIEW	SOURCE_REVIEWED_VALUE	COMPLETE	vendor/linux/arch/arm64/include/asm/vncr_mapping.h;vendor/linux/arch/arm64/include/asm/vncr_mapping.h:43;rewrite/configs/aarch64/frozen.config;header_closure=rewrite/metadata/header_closure.tsv;selected=PENDING_REVIEW	425f94c2954b1fe80ebdbf9b29854e89750355df	9fbc8f5c0a16dd8b496759c80c249f72966d3d61b79f25256578b184954041f7	0005124cb1f88018441face1363962214eec03c77f108e9eb1b37cccce6f3a60	0123af9e96b58af4e98b91a2de5608d36b63c67864b9041d3340587f3dbe40d2	cfa8dcf0d81c408de38d4202fe1ce9d9e5e301d1e67439c9530da94b1e64ee3f	7484d7b0dd80f45e18d726b04752827fe28555cc5c1af0e127948380e6688abf
semantic-proposal-v1	SC1-1cc4a2ea3494864e8c7998aba24ada9087a6eb45f7a1d3f950973c3ddd518317	S000200	2	P02	SYMBOLS.tsv	8207	status	aarch64	arch/arm64/include/asm/vncr_mapping.h	operative_macro	VNCR_HDFGRTR_EL2	43	PENDING_REVIEW	COMPLETE	COMPLETE	vendor/linux/arch/arm64/include/asm/vncr_mapping.h;vendor/linux/arch/arm64/include/asm/vncr_mapping.h:43;rewrite/configs/aarch64/frozen.config;header_closure=rewrite/metadata/header_closure.tsv;selected=PENDING_REVIEW	425f94c2954b1fe80ebdbf9b29854e89750355df	9fbc8f5c0a16dd8b496759c80c249f72966d3d61b79f25256578b184954041f7	0005124cb1f88018441face1363962214eec03c77f108e9eb1b37cccce6f3a60	0123af9e96b58af4e98b91a2de5608d36b63c67864b9041d3340587f3dbe40d2	cfa8dcf0d81c408de38d4202fe1ce9d9e5e301d1e67439c9530da94b1e64ee3f	7484d7b0dd80f45e18d726b04752827fe28555cc5c1af0e127948380e6688abf
semantic-proposal-v1	SC1-b0491faeda5276a7f5cbd9b7488f29c6a29c57c12ac4df4f698dc0dd84ca3ffe	S000200	2	P02	SYMBOLS.tsv	8208	selection_expression	aarch64	arch/arm64/include/asm/vncr_mapping.h	operative_macro	VNCR_HDFGWTR_EL2	44	PENDING_REVIEW	SOURCE_REVIEWED_VALUE	COMPLETE	vendor/linux/arch/arm64/include/asm/vncr_mapping.h;vendor/linux/arch/arm64/include/asm/vncr_mapping.h:44;rewrite/configs/aarch64/frozen.config;header_closure=rewrite/metadata/header_closure.tsv;selected=PENDING_REVIEW	425f94c2954b1fe80ebdbf9b29854e89750355df	9fbc8f5c0a16dd8b496759c80c249f72966d3d61b79f25256578b184954041f7	0005124cb1f88018441face1363962214eec03c77f108e9eb1b37cccce6f3a60	0123af9e96b58af4e98b91a2de5608d36b63c67864b9041d3340587f3dbe40d2	cfa8dcf0d81c408de38d4202fe1ce9d9e5e301d1e67439c9530da94b1e64ee3f	7484d7b0dd80f45e18d726b04752827fe28555cc5c1af0e127948380e6688abf
semantic-proposal-v1	SC1-d35cfde7f32ae2a17b24b85cb0e03807c9af3585bf3bd6945a8644b44818872b	S000200	2	P02	SYMBOLS.tsv	8208	status	aarch64	arch/arm64/include/asm/vncr_mapping.h	operative_macro	VNCR_HDFGWTR_EL2	44	PENDING_REVIEW	COMPLETE	COMPLETE	vendor/linux/arch/arm64/include/asm/vncr_mapping.h;vendor/linux/arch/arm64/include/asm/vncr_mapping.h:44;rewrite/configs/aarch64/frozen.config;header_closure=rewrite/metadata/header_closure.tsv;selected=PENDING_REVIEW	425f94c2954b1fe80ebdbf9b29854e89750355df	9fbc8f5c0a16dd8b496759c80c249f72966d3d61b79f25256578b184954041f7	0005124cb1f88018441face1363962214eec03c77f108e9eb1b37cccce6f3a60	0123af9e96b58af4e98b91a2de5608d36b63c67864b9041d3340587f3dbe40d2	cfa8dcf0d81c408de38d4202fe1ce9d9e5e301d1e67439c9530da94b1e64ee3f	7484d7b0dd80f45e18d726b04752827fe28555cc5c1af0e127948380e6688abf
semantic-proposal-v1	SC1-41efa30470e4dd2c72e4298abd67ca5778fb30e88ae9420e45a1d9bfed382b8b	S000200	2	P02	SYMBOLS.tsv	8209	selection_expression	aarch64	arch/arm64/include/asm/vncr_mapping.h	operative_macro	VNCR_ZCR_EL1	45	PENDING_REVIEW	SOURCE_REVIEWED_VALUE	COMPLETE	vendor/linux/arch/arm64/include/asm/vncr_mapping.h;vendor/linux/arch/arm64/include/asm/vncr_mapping.h:45;rewrite/configs/aarch64/frozen.config;header_closure=rewrite/metadata/header_closure.tsv;selected=PENDING_REVIEW	425f94c2954b1fe80ebdbf9b29854e89750355df	9fbc8f5c0a16dd8b496759c80c249f72966d3d61b79f25256578b184954041f7	0005124cb1f88018441face1363962214eec03c77f108e9eb1b37cccce6f3a60	0123af9e96b58af4e98b91a2de5608d36b63c67864b9041d3340587f3dbe40d2	cfa8dcf0d81c408de38d4202fe1ce9d9e5e301d1e67439c9530da94b1e64ee3f	7484d7b0dd80f45e18d726b04752827fe28555cc5c1af0e127948380e6688abf
semantic-proposal-v1	SC1-98ef1591e796879d6a916f25cda5306a2c9877cba7b72ca93a28d287667f7dcb	S000200	2	P02	SYMBOLS.tsv	8209	status	aarch64	arch/arm64/include/asm/vncr_mapping.h	operative_macro	VNCR_ZCR_EL1	45	PENDING_REVIEW	COMPLETE	COMPLETE	vendor/linux/arch/arm64/include/asm/vncr_mapping.h;vendor/linux/arch/arm64/include/asm/vncr_mapping.h:45;rewrite/configs/aarch64/frozen.config;header_closure=rewrite/metadata/header_closure.tsv;selected=PENDING_REVIEW	425f94c2954b1fe80ebdbf9b29854e89750355df	9fbc8f5c0a16dd8b496759c80c249f72966d3d61b79f25256578b184954041f7	0005124cb1f88018441face1363962214eec03c77f108e9eb1b37cccce6f3a60	0123af9e96b58af4e98b91a2de5608d36b63c67864b9041d3340587f3dbe40d2	cfa8dcf0d81c408de38d4202fe1ce9d9e5e301d1e67439c9530da94b1e64ee3f	7484d7b0dd80f45e18d726b04752827fe28555cc5c1af0e127948380e6688abf
semantic-proposal-v1	SC1-56f80986a60640e2b2087803c5bfc9f5586e5cf5ca5f89d450c3c37278602c6d	S000200	2	P02	SYMBOLS.tsv	8210	selection_expression	aarch64	arch/arm64/include/asm/vncr_mapping.h	operative_macro	VNCR_HAFGRTR_EL2	46	PENDING_REVIEW	SOURCE_REVIEWED_VALUE	COMPLETE	vendor/linux/arch/arm64/include/asm/vncr_mapping.h;vendor/linux/arch/arm64/include/asm/vncr_mapping.h:46;rewrite/configs/aarch64/frozen.config;header_closure=rewrite/metadata/header_closure.tsv;selected=PENDING_REVIEW	425f94c2954b1fe80ebdbf9b29854e89750355df	9fbc8f5c0a16dd8b496759c80c249f72966d3d61b79f25256578b184954041f7	0005124cb1f88018441face1363962214eec03c77f108e9eb1b37cccce6f3a60	0123af9e96b58af4e98b91a2de5608d36b63c67864b9041d3340587f3dbe40d2	cfa8dcf0d81c408de38d4202fe1ce9d9e5e301d1e67439c9530da94b1e64ee3f	7484d7b0dd80f45e18d726b04752827fe28555cc5c1af0e127948380e6688abf
semantic-proposal-v1	SC1-5639ed470a4d1d55132eae94d8714aa3426e83a970ec0991cc97a72833681c81	S000200	2	P02	SYMBOLS.tsv	8210	status	aarch64	arch/arm64/include/asm/vncr_mapping.h	operative_macro	VNCR_HAFGRTR_EL2	46	PENDING_REVIEW	COMPLETE	COMPLETE	vendor/linux/arch/arm64/include/asm/vncr_mapping.h;vendor/linux/arch/arm64/include/asm/vncr_mapping.h:46;rewrite/configs/aarch64/frozen.config;header_closure=rewrite/metadata/header_closure.tsv;selected=PENDING_REVIEW	425f94c2954b1fe80ebdbf9b29854e89750355df	9fbc8f5c0a16dd8b496759c80c249f72966d3d61b79f25256578b184954041f7	0005124cb1f88018441face1363962214eec03c77f108e9eb1b37cccce6f3a60	0123af9e96b58af4e98b91a2de5608d36b63c67864b9041d3340587f3dbe40d2	cfa8dcf0d81c408de38d4202fe1ce9d9e5e301d1e67439c9530da94b1e64ee3f	7484d7b0dd80f45e18d726b04752827fe28555cc5c1af0e127948380e6688abf
semantic-proposal-v1	SC1-dfe521dc34d3044e2f66db6a82335f29aafd06f9954aec058afd761f87cf0772	S000200	2	P02	SYMBOLS.tsv	8211	selection_expression	aarch64	arch/arm64/include/asm/vncr_mapping.h	operative_macro	VNCR_TTBR0_EL1	47	PENDING_REVIEW	SOURCE_REVIEWED_VALUE	COMPLETE	vendor/linux/arch/arm64/include/asm/vncr_mapping.h;vendor/linux/arch/arm64/include/asm/vncr_mapping.h:47;rewrite/configs/aarch64/frozen.config;header_closure=rewrite/metadata/header_closure.tsv;selected=PENDING_REVIEW	425f94c2954b1fe80ebdbf9b29854e89750355df	9fbc8f5c0a16dd8b496759c80c249f72966d3d61b79f25256578b184954041f7	0005124cb1f88018441face1363962214eec03c77f108e9eb1b37cccce6f3a60	0123af9e96b58af4e98b91a2de5608d36b63c67864b9041d3340587f3dbe40d2	cfa8dcf0d81c408de38d4202fe1ce9d9e5e301d1e67439c9530da94b1e64ee3f	7484d7b0dd80f45e18d726b04752827fe28555cc5c1af0e127948380e6688abf
semantic-proposal-v1	SC1-e4c3726c8ea0734a0ca62074d3eb6cb7880a6d233d9e4f1f35eb0c6831b2a2ab	S000200	2	P02	SYMBOLS.tsv	8211	status	aarch64	arch/arm64/include/asm/vncr_mapping.h	operative_macro	VNCR_TTBR0_EL1	47	PENDING_REVIEW	COMPLETE	COMPLETE	vendor/linux/arch/arm64/include/asm/vncr_mapping.h;vendor/linux/arch/arm64/include/asm/vncr_mapping.h:47;rewrite/configs/aarch64/frozen.config;header_closure=rewrite/metadata/header_closure.tsv;selected=PENDING_REVIEW	425f94c2954b1fe80ebdbf9b29854e89750355df	9fbc8f5c0a16dd8b496759c80c249f72966d3d61b79f25256578b184954041f7	0005124cb1f88018441face1363962214eec03c77f108e9eb1b37cccce6f3a60	0123af9e96b58af4e98b91a2de5608d36b63c67864b9041d3340587f3dbe40d2	cfa8dcf0d81c408de38d4202fe1ce9d9e5e301d1e67439c9530da94b1e64ee3f	7484d7b0dd80f45e18d726b04752827fe28555cc5c1af0e127948380e6688abf
semantic-proposal-v1	SC1-ae28d50733af79a189add9f65aeafd36ea59e418bde3c770dbf92bd97ece1738	S000200	2	P02	SYMBOLS.tsv	8212	selection_expression	aarch64	arch/arm64/include/asm/vncr_mapping.h	operative_macro	VNCR_TTBR1_EL1	48	PENDING_REVIEW	SOURCE_REVIEWED_VALUE	COMPLETE	vendor/linux/arch/arm64/include/asm/vncr_mapping.h;vendor/linux/arch/arm64/include/asm/vncr_mapping.h:48;rewrite/configs/aarch64/frozen.config;header_closure=rewrite/metadata/header_closure.tsv;selected=PENDING_REVIEW	425f94c2954b1fe80ebdbf9b29854e89750355df	9fbc8f5c0a16dd8b496759c80c249f72966d3d61b79f25256578b184954041f7	0005124cb1f88018441face1363962214eec03c77f108e9eb1b37cccce6f3a60	0123af9e96b58af4e98b91a2de5608d36b63c67864b9041d3340587f3dbe40d2	cfa8dcf0d81c408de38d4202fe1ce9d9e5e301d1e67439c9530da94b1e64ee3f	7484d7b0dd80f45e18d726b04752827fe28555cc5c1af0e127948380e6688abf
semantic-proposal-v1	SC1-794b565fe5903c3b0ed2af5e7a4d992a902eb9297b47ab27db8259386f0e6f3b	S000200	2	P02	SYMBOLS.tsv	8212	status	aarch64	arch/arm64/include/asm/vncr_mapping.h	operative_macro	VNCR_TTBR1_EL1	48	PENDING_REVIEW	COMPLETE	COMPLETE	vendor/linux/arch/arm64/include/asm/vncr_mapping.h;vendor/linux/arch/arm64/include/asm/vncr_mapping.h:48;rewrite/configs/aarch64/frozen.config;header_closure=rewrite/metadata/header_closure.tsv;selected=PENDING_REVIEW	425f94c2954b1fe80ebdbf9b29854e89750355df	9fbc8f5c0a16dd8b496759c80c249f72966d3d61b79f25256578b184954041f7	0005124cb1f88018441face1363962214eec03c77f108e9eb1b37cccce6f3a60	0123af9e96b58af4e98b91a2de5608d36b63c67864b9041d3340587f3dbe40d2	cfa8dcf0d81c408de38d4202fe1ce9d9e5e301d1e67439c9530da94b1e64ee3f	7484d7b0dd80f45e18d726b04752827fe28555cc5c1af0e127948380e6688abf
semantic-proposal-v1	SC1-61ec3e297201ba90d402182d05a8eb5c539668e5b7bbad594c9bf2500531cf0e	S000200	2	P02	SYMBOLS.tsv	8213	selection_expression	aarch64	arch/arm64/include/asm/vncr_mapping.h	operative_macro	VNCR_FAR_EL1	49	PENDING_REVIEW	SOURCE_REVIEWED_VALUE	COMPLETE	vendor/linux/arch/arm64/include/asm/vncr_mapping.h;vendor/linux/arch/arm64/include/asm/vncr_mapping.h:49;rewrite/configs/aarch64/frozen.config;header_closure=rewrite/metadata/header_closure.tsv;selected=PENDING_REVIEW	425f94c2954b1fe80ebdbf9b29854e89750355df	9fbc8f5c0a16dd8b496759c80c249f72966d3d61b79f25256578b184954041f7	0005124cb1f88018441face1363962214eec03c77f108e9eb1b37cccce6f3a60	0123af9e96b58af4e98b91a2de5608d36b63c67864b9041d3340587f3dbe40d2	cfa8dcf0d81c408de38d4202fe1ce9d9e5e301d1e67439c9530da94b1e64ee3f	7484d7b0dd80f45e18d726b04752827fe28555cc5c1af0e127948380e6688abf
semantic-proposal-v1	SC1-ba6797fed44342c0715c6f35a2e21e0e7dd79f292bd04dc180afb4aaac35d35e	S000200	2	P02	SYMBOLS.tsv	8213	status	aarch64	arch/arm64/include/asm/vncr_mapping.h	operative_macro	VNCR_FAR_EL1	49	PENDING_REVIEW	COMPLETE	COMPLETE	vendor/linux/arch/arm64/include/asm/vncr_mapping.h;vendor/linux/arch/arm64/include/asm/vncr_mapping.h:49;rewrite/configs/aarch64/frozen.config;header_closure=rewrite/metadata/header_closure.tsv;selected=PENDING_REVIEW	425f94c2954b1fe80ebdbf9b29854e89750355df	9fbc8f5c0a16dd8b496759c80c249f72966d3d61b79f25256578b184954041f7	0005124cb1f88018441face1363962214eec03c77f108e9eb1b37cccce6f3a60	0123af9e96b58af4e98b91a2de5608d36b63c67864b9041d3340587f3dbe40d2	cfa8dcf0d81c408de38d4202fe1ce9d9e5e301d1e67439c9530da94b1e64ee3f	7484d7b0dd80f45e18d726b04752827fe28555cc5c1af0e127948380e6688abf
semantic-proposal-v1	SC1-3de0f8a801ca32e27c21d0e12ae54be17972c111cad049dd6b644db94967b3a4	S000200	2	P02	SYMBOLS.tsv	8214	selection_expression	aarch64	arch/arm64/include/asm/vncr_mapping.h	operative_macro	VNCR_ELR_EL1	50	PENDING_REVIEW	SOURCE_REVIEWED_VALUE	COMPLETE	vendor/linux/arch/arm64/include/asm/vncr_mapping.h;vendor/linux/arch/arm64/include/asm/vncr_mapping.h:50;rewrite/configs/aarch64/frozen.config;header_closure=rewrite/metadata/header_closure.tsv;selected=PENDING_REVIEW	425f94c2954b1fe80ebdbf9b29854e89750355df	9fbc8f5c0a16dd8b496759c80c249f72966d3d61b79f25256578b184954041f7	0005124cb1f88018441face1363962214eec03c77f108e9eb1b37cccce6f3a60	0123af9e96b58af4e98b91a2de5608d36b63c67864b9041d3340587f3dbe40d2	cfa8dcf0d81c408de38d4202fe1ce9d9e5e301d1e67439c9530da94b1e64ee3f	7484d7b0dd80f45e18d726b04752827fe28555cc5c1af0e127948380e6688abf
semantic-proposal-v1	SC1-b445efde320a377fd2c38f3e7042adf8eed7a0929869f8fa0cc595c57fd65947	S000200	2	P02	SYMBOLS.tsv	8214	status	aarch64	arch/arm64/include/asm/vncr_mapping.h	operative_macro	VNCR_ELR_EL1	50	PENDING_REVIEW	COMPLETE	COMPLETE	vendor/linux/arch/arm64/include/asm/vncr_mapping.h;vendor/linux/arch/arm64/include/asm/vncr_mapping.h:50;rewrite/configs/aarch64/frozen.config;header_closure=rewrite/metadata/header_closure.tsv;selected=PENDING_REVIEW	425f94c2954b1fe80ebdbf9b29854e89750355df	9fbc8f5c0a16dd8b496759c80c249f72966d3d61b79f25256578b184954041f7	0005124cb1f88018441face1363962214eec03c77f108e9eb1b37cccce6f3a60	0123af9e96b58af4e98b91a2de5608d36b63c67864b9041d3340587f3dbe40d2	cfa8dcf0d81c408de38d4202fe1ce9d9e5e301d1e67439c9530da94b1e64ee3f	7484d7b0dd80f45e18d726b04752827fe28555cc5c1af0e127948380e6688abf
semantic-proposal-v1	SC1-68c2e173e1f5638a43e732b689fe4c9659e008704d156f390d6833f78948f0ca	S000200	2	P02	SYMBOLS.tsv	8215	selection_expression	aarch64	arch/arm64/include/asm/vncr_mapping.h	operative_macro	VNCR_SP_EL1	51	PENDING_REVIEW	SOURCE_REVIEWED_VALUE	COMPLETE	vendor/linux/arch/arm64/include/asm/vncr_mapping.h;vendor/linux/arch/arm64/include/asm/vncr_mapping.h:51;rewrite/configs/aarch64/frozen.config;header_closure=rewrite/metadata/header_closure.tsv;selected=PENDING_REVIEW	425f94c2954b1fe80ebdbf9b29854e89750355df	9fbc8f5c0a16dd8b496759c80c249f72966d3d61b79f25256578b184954041f7	0005124cb1f88018441face1363962214eec03c77f108e9eb1b37cccce6f3a60	0123af9e96b58af4e98b91a2de5608d36b63c67864b9041d3340587f3dbe40d2	cfa8dcf0d81c408de38d4202fe1ce9d9e5e301d1e67439c9530da94b1e64ee3f	7484d7b0dd80f45e18d726b04752827fe28555cc5c1af0e127948380e6688abf
semantic-proposal-v1	SC1-210251bd6058b10cbd21859bfc1cfe1ee56c91654c744ae315028ff3e06fe16b	S000200	2	P02	SYMBOLS.tsv	8215	status	aarch64	arch/arm64/include/asm/vncr_mapping.h	operative_macro	VNCR_SP_EL1	51	PENDING_REVIEW	COMPLETE	COMPLETE	vendor/linux/arch/arm64/include/asm/vncr_mapping.h;vendor/linux/arch/arm64/include/asm/vncr_mapping.h:51;rewrite/configs/aarch64/frozen.config;header_closure=rewrite/metadata/header_closure.tsv;selected=PENDING_REVIEW	425f94c2954b1fe80ebdbf9b29854e89750355df	9fbc8f5c0a16dd8b496759c80c249f72966d3d61b79f25256578b184954041f7	0005124cb1f88018441face1363962214eec03c77f108e9eb1b37cccce6f3a60	0123af9e96b58af4e98b91a2de5608d36b63c67864b9041d3340587f3dbe40d2	cfa8dcf0d81c408de38d4202fe1ce9d9e5e301d1e67439c9530da94b1e64ee3f	7484d7b0dd80f45e18d726b04752827fe28555cc5c1af0e127948380e6688abf
semantic-proposal-v1	SC1-d58976da4c09bd8872b9139706ddb5bc83412d407913ec0686e8f8330834c710	S000200	2	P02	SYMBOLS.tsv	8216	selection_expression	aarch64	arch/arm64/include/asm/vncr_mapping.h	operative_macro	VNCR_VBAR_EL1	52	PENDING_REVIEW	SOURCE_REVIEWED_VALUE	COMPLETE	vendor/linux/arch/arm64/include/asm/vncr_mapping.h;vendor/linux/arch/arm64/include/asm/vncr_mapping.h:52;rewrite/configs/aarch64/frozen.config;header_closure=rewrite/metadata/header_closure.tsv;selected=PENDING_REVIEW	425f94c2954b1fe80ebdbf9b29854e89750355df	9fbc8f5c0a16dd8b496759c80c249f72966d3d61b79f25256578b184954041f7	0005124cb1f88018441face1363962214eec03c77f108e9eb1b37cccce6f3a60	0123af9e96b58af4e98b91a2de5608d36b63c67864b9041d3340587f3dbe40d2	cfa8dcf0d81c408de38d4202fe1ce9d9e5e301d1e67439c9530da94b1e64ee3f	7484d7b0dd80f45e18d726b04752827fe28555cc5c1af0e127948380e6688abf
semantic-proposal-v1	SC1-6ab2bf99f34e30b0242dfa03254725ceca0b7eb730ac3acbaec7dbe92abfc3df	S000200	2	P02	SYMBOLS.tsv	8216	status	aarch64	arch/arm64/include/asm/vncr_mapping.h	operative_macro	VNCR_VBAR_EL1	52	PENDING_REVIEW	COMPLETE	COMPLETE	vendor/linux/arch/arm64/include/asm/vncr_mapping.h;vendor/linux/arch/arm64/include/asm/vncr_mapping.h:52;rewrite/configs/aarch64/frozen.config;header_closure=rewrite/metadata/header_closure.tsv;selected=PENDING_REVIEW	425f94c2954b1fe80ebdbf9b29854e89750355df	9fbc8f5c0a16dd8b496759c80c249f72966d3d61b79f25256578b184954041f7	0005124cb1f88018441face1363962214eec03c77f108e9eb1b37cccce6f3a60	0123af9e96b58af4e98b91a2de5608d36b63c67864b9041d3340587f3dbe40d2	cfa8dcf0d81c408de38d4202fe1ce9d9e5e301d1e67439c9530da94b1e64ee3f	7484d7b0dd80f45e18d726b04752827fe28555cc5c1af0e127948380e6688abf
semantic-proposal-v1	SC1-8e48dec5355cf46e534261889de1558531308a4ed51613c88247da33f1c76af9	S000200	2	P02	SYMBOLS.tsv	8217	selection_expression	aarch64	arch/arm64/include/asm/vncr_mapping.h	operative_macro	VNCR_TCR2_EL1	53	PENDING_REVIEW	SOURCE_REVIEWED_VALUE	COMPLETE	vendor/linux/arch/arm64/include/asm/vncr_mapping.h;vendor/linux/arch/arm64/include/asm/vncr_mapping.h:53;rewrite/configs/aarch64/frozen.config;header_closure=rewrite/metadata/header_closure.tsv;selected=PENDING_REVIEW	425f94c2954b1fe80ebdbf9b29854e89750355df	9fbc8f5c0a16dd8b496759c80c249f72966d3d61b79f25256578b184954041f7	0005124cb1f88018441face1363962214eec03c77f108e9eb1b37cccce6f3a60	0123af9e96b58af4e98b91a2de5608d36b63c67864b9041d3340587f3dbe40d2	cfa8dcf0d81c408de38d4202fe1ce9d9e5e301d1e67439c9530da94b1e64ee3f	7484d7b0dd80f45e18d726b04752827fe28555cc5c1af0e127948380e6688abf
semantic-proposal-v1	SC1-6728f182a046ea874b5e743d8e45d163285e6beccd9108ffcda4e25bdbaffec4	S000200	2	P02	SYMBOLS.tsv	8217	status	aarch64	arch/arm64/include/asm/vncr_mapping.h	operative_macro	VNCR_TCR2_EL1	53	PENDING_REVIEW	COMPLETE	COMPLETE	vendor/linux/arch/arm64/include/asm/vncr_mapping.h;vendor/linux/arch/arm64/include/asm/vncr_mapping.h:53;rewrite/configs/aarch64/frozen.config;header_closure=rewrite/metadata/header_closure.tsv;selected=PENDING_REVIEW	425f94c2954b1fe80ebdbf9b29854e89750355df	9fbc8f5c0a16dd8b496759c80c249f72966d3d61b79f25256578b184954041f7	0005124cb1f88018441face1363962214eec03c77f108e9eb1b37cccce6f3a60	0123af9e96b58af4e98b91a2de5608d36b63c67864b9041d3340587f3dbe40d2	cfa8dcf0d81c408de38d4202fe1ce9d9e5e301d1e67439c9530da94b1e64ee3f	7484d7b0dd80f45e18d726b04752827fe28555cc5c1af0e127948380e6688abf
semantic-proposal-v1	SC1-1620b7a5c5055ca2015d649ada248a8259a5a9bd95f246712faf91b8eed7cbd4	S000200	2	P02	SYMBOLS.tsv	8218	selection_expression	aarch64	arch/arm64/include/asm/vncr_mapping.h	operative_macro	VNCR_SCTLR2_EL1	54	PENDING_REVIEW	SOURCE_REVIEWED_VALUE	COMPLETE	vendor/linux/arch/arm64/include/asm/vncr_mapping.h;vendor/linux/arch/arm64/include/asm/vncr_mapping.h:54;rewrite/configs/aarch64/frozen.config;header_closure=rewrite/metadata/header_closure.tsv;selected=PENDING_REVIEW	425f94c2954b1fe80ebdbf9b29854e89750355df	9fbc8f5c0a16dd8b496759c80c249f72966d3d61b79f25256578b184954041f7	0005124cb1f88018441face1363962214eec03c77f108e9eb1b37cccce6f3a60	0123af9e96b58af4e98b91a2de5608d36b63c67864b9041d3340587f3dbe40d2	cfa8dcf0d81c408de38d4202fe1ce9d9e5e301d1e67439c9530da94b1e64ee3f	7484d7b0dd80f45e18d726b04752827fe28555cc5c1af0e127948380e6688abf
semantic-proposal-v1	SC1-34ae2abc7ab31cbbaea5f2e7585b84368268e5c2ec61a3e6eaed830b3a1b558f	S000200	2	P02	SYMBOLS.tsv	8218	status	aarch64	arch/arm64/include/asm/vncr_mapping.h	operative_macro	VNCR_SCTLR2_EL1	54	PENDING_REVIEW	COMPLETE	COMPLETE	vendor/linux/arch/arm64/include/asm/vncr_mapping.h;vendor/linux/arch/arm64/include/asm/vncr_mapping.h:54;rewrite/configs/aarch64/frozen.config;header_closure=rewrite/metadata/header_closure.tsv;selected=PENDING_REVIEW	425f94c2954b1fe80ebdbf9b29854e89750355df	9fbc8f5c0a16dd8b496759c80c249f72966d3d61b79f25256578b184954041f7	0005124cb1f88018441face1363962214eec03c77f108e9eb1b37cccce6f3a60	0123af9e96b58af4e98b91a2de5608d36b63c67864b9041d3340587f3dbe40d2	cfa8dcf0d81c408de38d4202fe1ce9d9e5e301d1e67439c9530da94b1e64ee3f	7484d7b0dd80f45e18d726b04752827fe28555cc5c1af0e127948380e6688abf
semantic-proposal-v1	SC1-fdc50b4e4c8890d8709b47ac1d9e0f4eb183e25034f41cad1f934d3efb81dfaa	S000200	2	P02	SYMBOLS.tsv	8219	selection_expression	aarch64	arch/arm64/include/asm/vncr_mapping.h	operative_macro	VNCR_PIRE0_EL1	55	PENDING_REVIEW	SOURCE_REVIEWED_VALUE	COMPLETE	vendor/linux/arch/arm64/include/asm/vncr_mapping.h;vendor/linux/arch/arm64/include/asm/vncr_mapping.h:55;rewrite/configs/aarch64/frozen.config;header_closure=rewrite/metadata/header_closure.tsv;selected=PENDING_REVIEW	425f94c2954b1fe80ebdbf9b29854e89750355df	9fbc8f5c0a16dd8b496759c80c249f72966d3d61b79f25256578b184954041f7	0005124cb1f88018441face1363962214eec03c77f108e9eb1b37cccce6f3a60	0123af9e96b58af4e98b91a2de5608d36b63c67864b9041d3340587f3dbe40d2	cfa8dcf0d81c408de38d4202fe1ce9d9e5e301d1e67439c9530da94b1e64ee3f	7484d7b0dd80f45e18d726b04752827fe28555cc5c1af0e127948380e6688abf
semantic-proposal-v1	SC1-444418ee6c08d37c1c112bc1def8722b3f4b8faeafcaf7720bc102cc6da625a7	S000200	2	P02	SYMBOLS.tsv	8219	status	aarch64	arch/arm64/include/asm/vncr_mapping.h	operative_macro	VNCR_PIRE0_EL1	55	PENDING_REVIEW	COMPLETE	COMPLETE	vendor/linux/arch/arm64/include/asm/vncr_mapping.h;vendor/linux/arch/arm64/include/asm/vncr_mapping.h:55;rewrite/configs/aarch64/frozen.config;header_closure=rewrite/metadata/header_closure.tsv;selected=PENDING_REVIEW	425f94c2954b1fe80ebdbf9b29854e89750355df	9fbc8f5c0a16dd8b496759c80c249f72966d3d61b79f25256578b184954041f7	0005124cb1f88018441face1363962214eec03c77f108e9eb1b37cccce6f3a60	0123af9e96b58af4e98b91a2de5608d36b63c67864b9041d3340587f3dbe40d2	cfa8dcf0d81c408de38d4202fe1ce9d9e5e301d1e67439c9530da94b1e64ee3f	7484d7b0dd80f45e18d726b04752827fe28555cc5c1af0e127948380e6688abf
semantic-proposal-v1	SC1-75d092cb609206d3354ba2b41ad538b168efcd4457f6694fecdef902150a3d61	S000200	2	P02	SYMBOLS.tsv	8220	selection_expression	aarch64	arch/arm64/include/asm/vncr_mapping.h	operative_macro	VNCR_PIR_EL1	56	PENDING_REVIEW	SOURCE_REVIEWED_VALUE	COMPLETE	vendor/linux/arch/arm64/include/asm/vncr_mapping.h;vendor/linux/arch/arm64/include/asm/vncr_mapping.h:56;rewrite/configs/aarch64/frozen.config;header_closure=rewrite/metadata/header_closure.tsv;selected=PENDING_REVIEW	425f94c2954b1fe80ebdbf9b29854e89750355df	9fbc8f5c0a16dd8b496759c80c249f72966d3d61b79f25256578b184954041f7	0005124cb1f88018441face1363962214eec03c77f108e9eb1b37cccce6f3a60	0123af9e96b58af4e98b91a2de5608d36b63c67864b9041d3340587f3dbe40d2	cfa8dcf0d81c408de38d4202fe1ce9d9e5e301d1e67439c9530da94b1e64ee3f	7484d7b0dd80f45e18d726b04752827fe28555cc5c1af0e127948380e6688abf
semantic-proposal-v1	SC1-6b19c0b7a8bff192013f3e32c9d654dba2819d40cf4be33095878943a7a12b7e	S000200	2	P02	SYMBOLS.tsv	8220	status	aarch64	arch/arm64/include/asm/vncr_mapping.h	operative_macro	VNCR_PIR_EL1	56	PENDING_REVIEW	COMPLETE	COMPLETE	vendor/linux/arch/arm64/include/asm/vncr_mapping.h;vendor/linux/arch/arm64/include/asm/vncr_mapping.h:56;rewrite/configs/aarch64/frozen.config;header_closure=rewrite/metadata/header_closure.tsv;selected=PENDING_REVIEW	425f94c2954b1fe80ebdbf9b29854e89750355df	9fbc8f5c0a16dd8b496759c80c249f72966d3d61b79f25256578b184954041f7	0005124cb1f88018441face1363962214eec03c77f108e9eb1b37cccce6f3a60	0123af9e96b58af4e98b91a2de5608d36b63c67864b9041d3340587f3dbe40d2	cfa8dcf0d81c408de38d4202fe1ce9d9e5e301d1e67439c9530da94b1e64ee3f	7484d7b0dd80f45e18d726b04752827fe28555cc5c1af0e127948380e6688abf
semantic-proposal-v1	SC1-238769606584ae7313b07c43c5b384d1b8a40d28576aecd724e083f32c8aa3b4	S000200	2	P02	SYMBOLS.tsv	8221	selection_expression	aarch64	arch/arm64/include/asm/vncr_mapping.h	operative_macro	VNCR_POR_EL1	57	PENDING_REVIEW	SOURCE_REVIEWED_VALUE	COMPLETE	vendor/linux/arch/arm64/include/asm/vncr_mapping.h;vendor/linux/arch/arm64/include/asm/vncr_mapping.h:57;rewrite/configs/aarch64/frozen.config;header_closure=rewrite/metadata/header_closure.tsv;selected=PENDING_REVIEW	425f94c2954b1fe80ebdbf9b29854e89750355df	9fbc8f5c0a16dd8b496759c80c249f72966d3d61b79f25256578b184954041f7	0005124cb1f88018441face1363962214eec03c77f108e9eb1b37cccce6f3a60	0123af9e96b58af4e98b91a2de5608d36b63c67864b9041d3340587f3dbe40d2	cfa8dcf0d81c408de38d4202fe1ce9d9e5e301d1e67439c9530da94b1e64ee3f	7484d7b0dd80f45e18d726b04752827fe28555cc5c1af0e127948380e6688abf
semantic-proposal-v1	SC1-81d217ca6a58e8d3aab5ee54a3dfce35805abc324771afcbd2407679ac7fd06f	S000200	2	P02	SYMBOLS.tsv	8221	status	aarch64	arch/arm64/include/asm/vncr_mapping.h	operative_macro	VNCR_POR_EL1	57	PENDING_REVIEW	COMPLETE	COMPLETE	vendor/linux/arch/arm64/include/asm/vncr_mapping.h;vendor/linux/arch/arm64/include/asm/vncr_mapping.h:57;rewrite/configs/aarch64/frozen.config;header_closure=rewrite/metadata/header_closure.tsv;selected=PENDING_REVIEW	425f94c2954b1fe80ebdbf9b29854e89750355df	9fbc8f5c0a16dd8b496759c80c249f72966d3d61b79f25256578b184954041f7	0005124cb1f88018441face1363962214eec03c77f108e9eb1b37cccce6f3a60	0123af9e96b58af4e98b91a2de5608d36b63c67864b9041d3340587f3dbe40d2	cfa8dcf0d81c408de38d4202fe1ce9d9e5e301d1e67439c9530da94b1e64ee3f	7484d7b0dd80f45e18d726b04752827fe28555cc5c1af0e127948380e6688abf
semantic-proposal-v1	SC1-e1704ff3122d4e46ef9d941fe9da93e85930627352d41e78b8f496d886d2aaee	S000200	2	P02	SYMBOLS.tsv	8222	selection_expression	aarch64	arch/arm64/include/asm/vncr_mapping.h	operative_macro	VNCR_HFGRTR2_EL2	58	PENDING_REVIEW	SOURCE_REVIEWED_VALUE	COMPLETE	vendor/linux/arch/arm64/include/asm/vncr_mapping.h;vendor/linux/arch/arm64/include/asm/vncr_mapping.h:58;rewrite/configs/aarch64/frozen.config;header_closure=rewrite/metadata/header_closure.tsv;selected=PENDING_REVIEW	425f94c2954b1fe80ebdbf9b29854e89750355df	9fbc8f5c0a16dd8b496759c80c249f72966d3d61b79f25256578b184954041f7	0005124cb1f88018441face1363962214eec03c77f108e9eb1b37cccce6f3a60	0123af9e96b58af4e98b91a2de5608d36b63c67864b9041d3340587f3dbe40d2	cfa8dcf0d81c408de38d4202fe1ce9d9e5e301d1e67439c9530da94b1e64ee3f	7484d7b0dd80f45e18d726b04752827fe28555cc5c1af0e127948380e6688abf
semantic-proposal-v1	SC1-b0a686b4bc8cee093bd48131e21945c66ff8248e12e674997d45c8ac7111ae3c	S000200	2	P02	SYMBOLS.tsv	8222	status	aarch64	arch/arm64/include/asm/vncr_mapping.h	operative_macro	VNCR_HFGRTR2_EL2	58	PENDING_REVIEW	COMPLETE	COMPLETE	vendor/linux/arch/arm64/include/asm/vncr_mapping.h;vendor/linux/arch/arm64/include/asm/vncr_mapping.h:58;rewrite/configs/aarch64/frozen.config;header_closure=rewrite/metadata/header_closure.tsv;selected=PENDING_REVIEW	425f94c2954b1fe80ebdbf9b29854e89750355df	9fbc8f5c0a16dd8b496759c80c249f72966d3d61b79f25256578b184954041f7	0005124cb1f88018441face1363962214eec03c77f108e9eb1b37cccce6f3a60	0123af9e96b58af4e98b91a2de5608d36b63c67864b9041d3340587f3dbe40d2	cfa8dcf0d81c408de38d4202fe1ce9d9e5e301d1e67439c9530da94b1e64ee3f	7484d7b0dd80f45e18d726b04752827fe28555cc5c1af0e127948380e6688abf
semantic-proposal-v1	SC1-f06214ff9ca326e05c9cab3b42d8db3f1089e4f45f01ee19843370175d637b23	S000200	2	P02	SYMBOLS.tsv	8223	selection_expression	aarch64	arch/arm64/include/asm/vncr_mapping.h	operative_macro	VNCR_HFGWTR2_EL2	59	PENDING_REVIEW	SOURCE_REVIEWED_VALUE	COMPLETE	vendor/linux/arch/arm64/include/asm/vncr_mapping.h;vendor/linux/arch/arm64/include/asm/vncr_mapping.h:59;rewrite/configs/aarch64/frozen.config;header_closure=rewrite/metadata/header_closure.tsv;selected=PENDING_REVIEW	425f94c2954b1fe80ebdbf9b29854e89750355df	9fbc8f5c0a16dd8b496759c80c249f72966d3d61b79f25256578b184954041f7	0005124cb1f88018441face1363962214eec03c77f108e9eb1b37cccce6f3a60	0123af9e96b58af4e98b91a2de5608d36b63c67864b9041d3340587f3dbe40d2	cfa8dcf0d81c408de38d4202fe1ce9d9e5e301d1e67439c9530da94b1e64ee3f	7484d7b0dd80f45e18d726b04752827fe28555cc5c1af0e127948380e6688abf
semantic-proposal-v1	SC1-657d31d40ed8091a2940d9122400ec4c5ace2325be01eddc81b7900f3527e788	S000200	2	P02	SYMBOLS.tsv	8223	status	aarch64	arch/arm64/include/asm/vncr_mapping.h	operative_macro	VNCR_HFGWTR2_EL2	59	PENDING_REVIEW	COMPLETE	COMPLETE	vendor/linux/arch/arm64/include/asm/vncr_mapping.h;vendor/linux/arch/arm64/include/asm/vncr_mapping.h:59;rewrite/configs/aarch64/frozen.config;header_closure=rewrite/metadata/header_closure.tsv;selected=PENDING_REVIEW	425f94c2954b1fe80ebdbf9b29854e89750355df	9fbc8f5c0a16dd8b496759c80c249f72966d3d61b79f25256578b184954041f7	0005124cb1f88018441face1363962214eec03c77f108e9eb1b37cccce6f3a60	0123af9e96b58af4e98b91a2de5608d36b63c67864b9041d3340587f3dbe40d2	cfa8dcf0d81c408de38d4202fe1ce9d9e5e301d1e67439c9530da94b1e64ee3f	7484d7b0dd80f45e18d726b04752827fe28555cc5c1af0e127948380e6688abf
semantic-proposal-v1	SC1-86c8b98b114b4d12644adfe236af1301e56e80f4de88a9bcfea532cbac56109d	S000200	2	P02	SYMBOLS.tsv	8224	selection_expression	aarch64	arch/arm64/include/asm/vncr_mapping.h	operative_macro	VNCR_HFGITR2_EL2	60	PENDING_REVIEW	SOURCE_REVIEWED_VALUE	COMPLETE	vendor/linux/arch/arm64/include/asm/vncr_mapping.h;vendor/linux/arch/arm64/include/asm/vncr_mapping.h:60;rewrite/configs/aarch64/frozen.config;header_closure=rewrite/metadata/header_closure.tsv;selected=PENDING_REVIEW	425f94c2954b1fe80ebdbf9b29854e89750355df	9fbc8f5c0a16dd8b496759c80c249f72966d3d61b79f25256578b184954041f7	0005124cb1f88018441face1363962214eec03c77f108e9eb1b37cccce6f3a60	0123af9e96b58af4e98b91a2de5608d36b63c67864b9041d3340587f3dbe40d2	cfa8dcf0d81c408de38d4202fe1ce9d9e5e301d1e67439c9530da94b1e64ee3f	7484d7b0dd80f45e18d726b04752827fe28555cc5c1af0e127948380e6688abf
semantic-proposal-v1	SC1-4c3b3d0a79816f96241a1217d3e9dfafe6382c016253f73f8707fea09aaded07	S000200	2	P02	SYMBOLS.tsv	8224	status	aarch64	arch/arm64/include/asm/vncr_mapping.h	operative_macro	VNCR_HFGITR2_EL2	60	PENDING_REVIEW	COMPLETE	COMPLETE	vendor/linux/arch/arm64/include/asm/vncr_mapping.h;vendor/linux/arch/arm64/include/asm/vncr_mapping.h:60;rewrite/configs/aarch64/frozen.config;header_closure=rewrite/metadata/header_closure.tsv;selected=PENDING_REVIEW	425f94c2954b1fe80ebdbf9b29854e89750355df	9fbc8f5c0a16dd8b496759c80c249f72966d3d61b79f25256578b184954041f7	0005124cb1f88018441face1363962214eec03c77f108e9eb1b37cccce6f3a60	0123af9e96b58af4e98b91a2de5608d36b63c67864b9041d3340587f3dbe40d2	cfa8dcf0d81c408de38d4202fe1ce9d9e5e301d1e67439c9530da94b1e64ee3f	7484d7b0dd80f45e18d726b04752827fe28555cc5c1af0e127948380e6688abf
semantic-proposal-v1	SC1-ccec6a9f8dd3be850d7fb35cb973746274943531812d69305c1a5005ef2b6e74	S000200	2	P02	SYMBOLS.tsv	8225	selection_expression	aarch64	arch/arm64/include/asm/vncr_mapping.h	operative_macro	VNCR_ICH_LR0_EL2	61	PENDING_REVIEW	SOURCE_REVIEWED_VALUE	COMPLETE	vendor/linux/arch/arm64/include/asm/vncr_mapping.h;vendor/linux/arch/arm64/include/asm/vncr_mapping.h:61;rewrite/configs/aarch64/frozen.config;header_closure=rewrite/metadata/header_closure.tsv;selected=PENDING_REVIEW	425f94c2954b1fe80ebdbf9b29854e89750355df	9fbc8f5c0a16dd8b496759c80c249f72966d3d61b79f25256578b184954041f7	0005124cb1f88018441face1363962214eec03c77f108e9eb1b37cccce6f3a60	0123af9e96b58af4e98b91a2de5608d36b63c67864b9041d3340587f3dbe40d2	cfa8dcf0d81c408de38d4202fe1ce9d9e5e301d1e67439c9530da94b1e64ee3f	7484d7b0dd80f45e18d726b04752827fe28555cc5c1af0e127948380e6688abf
semantic-proposal-v1	SC1-4e8ab7a87e99106889449420ff9ea33b7579a2f4f7fbfbb8e676126dd4a7a93e	S000200	2	P02	SYMBOLS.tsv	8225	status	aarch64	arch/arm64/include/asm/vncr_mapping.h	operative_macro	VNCR_ICH_LR0_EL2	61	PENDING_REVIEW	COMPLETE	COMPLETE	vendor/linux/arch/arm64/include/asm/vncr_mapping.h;vendor/linux/arch/arm64/include/asm/vncr_mapping.h:61;rewrite/configs/aarch64/frozen.config;header_closure=rewrite/metadata/header_closure.tsv;selected=PENDING_REVIEW	425f94c2954b1fe80ebdbf9b29854e89750355df	9fbc8f5c0a16dd8b496759c80c249f72966d3d61b79f25256578b184954041f7	0005124cb1f88018441face1363962214eec03c77f108e9eb1b37cccce6f3a60	0123af9e96b58af4e98b91a2de5608d36b63c67864b9041d3340587f3dbe40d2	cfa8dcf0d81c408de38d4202fe1ce9d9e5e301d1e67439c9530da94b1e64ee3f	7484d7b0dd80f45e18d726b04752827fe28555cc5c1af0e127948380e6688abf
semantic-proposal-v1	SC1-573455baa3e4f8422481b1bd5e75495b7a8b994f52aa7bfbf65de11f0af55763	S000200	2	P02	SYMBOLS.tsv	8226	selection_expression	aarch64	arch/arm64/include/asm/vncr_mapping.h	operative_macro	VNCR_ICH_LR1_EL2	62	PENDING_REVIEW	SOURCE_REVIEWED_VALUE	COMPLETE	vendor/linux/arch/arm64/include/asm/vncr_mapping.h;vendor/linux/arch/arm64/include/asm/vncr_mapping.h:62;rewrite/configs/aarch64/frozen.config;header_closure=rewrite/metadata/header_closure.tsv;selected=PENDING_REVIEW	425f94c2954b1fe80ebdbf9b29854e89750355df	9fbc8f5c0a16dd8b496759c80c249f72966d3d61b79f25256578b184954041f7	0005124cb1f88018441face1363962214eec03c77f108e9eb1b37cccce6f3a60	0123af9e96b58af4e98b91a2de5608d36b63c67864b9041d3340587f3dbe40d2	cfa8dcf0d81c408de38d4202fe1ce9d9e5e301d1e67439c9530da94b1e64ee3f	7484d7b0dd80f45e18d726b04752827fe28555cc5c1af0e127948380e6688abf
semantic-proposal-v1	SC1-0933fdf1ee6dd7d3bdc8fce4a4a15c44d6b54dec1d4763c304aea9107c83e01e	S000200	2	P02	SYMBOLS.tsv	8226	status	aarch64	arch/arm64/include/asm/vncr_mapping.h	operative_macro	VNCR_ICH_LR1_EL2	62	PENDING_REVIEW	COMPLETE	COMPLETE	vendor/linux/arch/arm64/include/asm/vncr_mapping.h;vendor/linux/arch/arm64/include/asm/vncr_mapping.h:62;rewrite/configs/aarch64/frozen.config;header_closure=rewrite/metadata/header_closure.tsv;selected=PENDING_REVIEW	425f94c2954b1fe80ebdbf9b29854e89750355df	9fbc8f5c0a16dd8b496759c80c249f72966d3d61b79f25256578b184954041f7	0005124cb1f88018441face1363962214eec03c77f108e9eb1b37cccce6f3a60	0123af9e96b58af4e98b91a2de5608d36b63c67864b9041d3340587f3dbe40d2	cfa8dcf0d81c408de38d4202fe1ce9d9e5e301d1e67439c9530da94b1e64ee3f	7484d7b0dd80f45e18d726b04752827fe28555cc5c1af0e127948380e6688abf
semantic-proposal-v1	SC1-7c77d3c0276946ded0b78b57fb7cb4f4824ab5a45a58f387aecb192792a10f96	S000200	2	P02	SYMBOLS.tsv	8227	selection_expression	aarch64	arch/arm64/include/asm/vncr_mapping.h	operative_macro	VNCR_ICH_LR2_EL2	63	PENDING_REVIEW	SOURCE_REVIEWED_VALUE	COMPLETE	vendor/linux/arch/arm64/include/asm/vncr_mapping.h;vendor/linux/arch/arm64/include/asm/vncr_mapping.h:63;rewrite/configs/aarch64/frozen.config;header_closure=rewrite/metadata/header_closure.tsv;selected=PENDING_REVIEW	425f94c2954b1fe80ebdbf9b29854e89750355df	9fbc8f5c0a16dd8b496759c80c249f72966d3d61b79f25256578b184954041f7	0005124cb1f88018441face1363962214eec03c77f108e9eb1b37cccce6f3a60	0123af9e96b58af4e98b91a2de5608d36b63c67864b9041d3340587f3dbe40d2	cfa8dcf0d81c408de38d4202fe1ce9d9e5e301d1e67439c9530da94b1e64ee3f	7484d7b0dd80f45e18d726b04752827fe28555cc5c1af0e127948380e6688abf
semantic-proposal-v1	SC1-f68027892c2ca1360b6d23e53ed01b10978524235113fef9f4a2173253ad9a0f	S000200	2	P02	SYMBOLS.tsv	8227	status	aarch64	arch/arm64/include/asm/vncr_mapping.h	operative_macro	VNCR_ICH_LR2_EL2	63	PENDING_REVIEW	COMPLETE	COMPLETE	vendor/linux/arch/arm64/include/asm/vncr_mapping.h;vendor/linux/arch/arm64/include/asm/vncr_mapping.h:63;rewrite/configs/aarch64/frozen.config;header_closure=rewrite/metadata/header_closure.tsv;selected=PENDING_REVIEW	425f94c2954b1fe80ebdbf9b29854e89750355df	9fbc8f5c0a16dd8b496759c80c249f72966d3d61b79f25256578b184954041f7	0005124cb1f88018441face1363962214eec03c77f108e9eb1b37cccce6f3a60	0123af9e96b58af4e98b91a2de5608d36b63c67864b9041d3340587f3dbe40d2	cfa8dcf0d81c408de38d4202fe1ce9d9e5e301d1e67439c9530da94b1e64ee3f	7484d7b0dd80f45e18d726b04752827fe28555cc5c1af0e127948380e6688abf
semantic-proposal-v1	SC1-69a1d680f034221b3330d82dd5f45905c2af8cce936304829f776ae8df244cbb	S000200	2	P02	SYMBOLS.tsv	8228	selection_expression	aarch64	arch/arm64/include/asm/vncr_mapping.h	operative_macro	VNCR_ICH_LR3_EL2	64	PENDING_REVIEW	SOURCE_REVIEWED_VALUE	COMPLETE	vendor/linux/arch/arm64/include/asm/vncr_mapping.h;vendor/linux/arch/arm64/include/asm/vncr_mapping.h:64;rewrite/configs/aarch64/frozen.config;header_closure=rewrite/metadata/header_closure.tsv;selected=PENDING_REVIEW	425f94c2954b1fe80ebdbf9b29854e89750355df	9fbc8f5c0a16dd8b496759c80c249f72966d3d61b79f25256578b184954041f7	0005124cb1f88018441face1363962214eec03c77f108e9eb1b37cccce6f3a60	0123af9e96b58af4e98b91a2de5608d36b63c67864b9041d3340587f3dbe40d2	cfa8dcf0d81c408de38d4202fe1ce9d9e5e301d1e67439c9530da94b1e64ee3f	7484d7b0dd80f45e18d726b04752827fe28555cc5c1af0e127948380e6688abf
semantic-proposal-v1	SC1-f16b1dfe6177c1093ab09f05f5bfe37419ce3fe8c2fae5bf56a67067252123ef	S000200	2	P02	SYMBOLS.tsv	8228	status	aarch64	arch/arm64/include/asm/vncr_mapping.h	operative_macro	VNCR_ICH_LR3_EL2	64	PENDING_REVIEW	COMPLETE	COMPLETE	vendor/linux/arch/arm64/include/asm/vncr_mapping.h;vendor/linux/arch/arm64/include/asm/vncr_mapping.h:64;rewrite/configs/aarch64/frozen.config;header_closure=rewrite/metadata/header_closure.tsv;selected=PENDING_REVIEW	425f94c2954b1fe80ebdbf9b29854e89750355df	9fbc8f5c0a16dd8b496759c80c249f72966d3d61b79f25256578b184954041f7	0005124cb1f88018441face1363962214eec03c77f108e9eb1b37cccce6f3a60	0123af9e96b58af4e98b91a2de5608d36b63c67864b9041d3340587f3dbe40d2	cfa8dcf0d81c408de38d4202fe1ce9d9e5e301d1e67439c9530da94b1e64ee3f	7484d7b0dd80f45e18d726b04752827fe28555cc5c1af0e127948380e6688abf
semantic-proposal-v1	SC1-62426f918ebfef898595e54927cf8069d668054d9ecdb1df9dda73e6f7243069	S000200	2	P02	SYMBOLS.tsv	8229	selection_expression	aarch64	arch/arm64/include/asm/vncr_mapping.h	operative_macro	VNCR_ICH_LR4_EL2	65	PENDING_REVIEW	SOURCE_REVIEWED_VALUE	COMPLETE	vendor/linux/arch/arm64/include/asm/vncr_mapping.h;vendor/linux/arch/arm64/include/asm/vncr_mapping.h:65;rewrite/configs/aarch64/frozen.config;header_closure=rewrite/metadata/header_closure.tsv;selected=PENDING_REVIEW	425f94c2954b1fe80ebdbf9b29854e89750355df	9fbc8f5c0a16dd8b496759c80c249f72966d3d61b79f25256578b184954041f7	0005124cb1f88018441face1363962214eec03c77f108e9eb1b37cccce6f3a60	0123af9e96b58af4e98b91a2de5608d36b63c67864b9041d3340587f3dbe40d2	cfa8dcf0d81c408de38d4202fe1ce9d9e5e301d1e67439c9530da94b1e64ee3f	7484d7b0dd80f45e18d726b04752827fe28555cc5c1af0e127948380e6688abf
semantic-proposal-v1	SC1-c910f4ee172fda8c28b1f5519b156946ccb371dea8588857da27373164a13b08	S000200	2	P02	SYMBOLS.tsv	8229	status	aarch64	arch/arm64/include/asm/vncr_mapping.h	operative_macro	VNCR_ICH_LR4_EL2	65	PENDING_REVIEW	COMPLETE	COMPLETE	vendor/linux/arch/arm64/include/asm/vncr_mapping.h;vendor/linux/arch/arm64/include/asm/vncr_mapping.h:65;rewrite/configs/aarch64/frozen.config;header_closure=rewrite/metadata/header_closure.tsv;selected=PENDING_REVIEW	425f94c2954b1fe80ebdbf9b29854e89750355df	9fbc8f5c0a16dd8b496759c80c249f72966d3d61b79f25256578b184954041f7	0005124cb1f88018441face1363962214eec03c77f108e9eb1b37cccce6f3a60	0123af9e96b58af4e98b91a2de5608d36b63c67864b9041d3340587f3dbe40d2	cfa8dcf0d81c408de38d4202fe1ce9d9e5e301d1e67439c9530da94b1e64ee3f	7484d7b0dd80f45e18d726b04752827fe28555cc5c1af0e127948380e6688abf
semantic-proposal-v1	SC1-9175292081cf0f49a147469b242199daf2c7e757ab72e0b2d2a3bf94cbe8aa35	S000200	2	P02	SYMBOLS.tsv	8230	selection_expression	aarch64	arch/arm64/include/asm/vncr_mapping.h	operative_macro	VNCR_ICH_LR5_EL2	66	PENDING_REVIEW	SOURCE_REVIEWED_VALUE	COMPLETE	vendor/linux/arch/arm64/include/asm/vncr_mapping.h;vendor/linux/arch/arm64/include/asm/vncr_mapping.h:66;rewrite/configs/aarch64/frozen.config;header_closure=rewrite/metadata/header_closure.tsv;selected=PENDING_REVIEW	425f94c2954b1fe80ebdbf9b29854e89750355df	9fbc8f5c0a16dd8b496759c80c249f72966d3d61b79f25256578b184954041f7	0005124cb1f88018441face1363962214eec03c77f108e9eb1b37cccce6f3a60	0123af9e96b58af4e98b91a2de5608d36b63c67864b9041d3340587f3dbe40d2	cfa8dcf0d81c408de38d4202fe1ce9d9e5e301d1e67439c9530da94b1e64ee3f	7484d7b0dd80f45e18d726b04752827fe28555cc5c1af0e127948380e6688abf
semantic-proposal-v1	SC1-0344eb52cea330b78c0f1c76057668762411e55a546373802983f2fe079267bf	S000200	2	P02	SYMBOLS.tsv	8230	status	aarch64	arch/arm64/include/asm/vncr_mapping.h	operative_macro	VNCR_ICH_LR5_EL2	66	PENDING_REVIEW	COMPLETE	COMPLETE	vendor/linux/arch/arm64/include/asm/vncr_mapping.h;vendor/linux/arch/arm64/include/asm/vncr_mapping.h:66;rewrite/configs/aarch64/frozen.config;header_closure=rewrite/metadata/header_closure.tsv;selected=PENDING_REVIEW	425f94c2954b1fe80ebdbf9b29854e89750355df	9fbc8f5c0a16dd8b496759c80c249f72966d3d61b79f25256578b184954041f7	0005124cb1f88018441face1363962214eec03c77f108e9eb1b37cccce6f3a60	0123af9e96b58af4e98b91a2de5608d36b63c67864b9041d3340587f3dbe40d2	cfa8dcf0d81c408de38d4202fe1ce9d9e5e301d1e67439c9530da94b1e64ee3f	7484d7b0dd80f45e18d726b04752827fe28555cc5c1af0e127948380e6688abf
semantic-proposal-v1	SC1-11bac744d896cef88dcc85a195aea4bdf188f2136fb6b0c094a2ae0669d1546e	S000200	2	P02	SYMBOLS.tsv	8231	selection_expression	aarch64	arch/arm64/include/asm/vncr_mapping.h	operative_macro	VNCR_ICH_LR6_EL2	67	PENDING_REVIEW	SOURCE_REVIEWED_VALUE	COMPLETE	vendor/linux/arch/arm64/include/asm/vncr_mapping.h;vendor/linux/arch/arm64/include/asm/vncr_mapping.h:67;rewrite/configs/aarch64/frozen.config;header_closure=rewrite/metadata/header_closure.tsv;selected=PENDING_REVIEW	425f94c2954b1fe80ebdbf9b29854e89750355df	9fbc8f5c0a16dd8b496759c80c249f72966d3d61b79f25256578b184954041f7	0005124cb1f88018441face1363962214eec03c77f108e9eb1b37cccce6f3a60	0123af9e96b58af4e98b91a2de5608d36b63c67864b9041d3340587f3dbe40d2	cfa8dcf0d81c408de38d4202fe1ce9d9e5e301d1e67439c9530da94b1e64ee3f	7484d7b0dd80f45e18d726b04752827fe28555cc5c1af0e127948380e6688abf
semantic-proposal-v1	SC1-1370e1c70c5af19a9152af8b55b3a969cdda05408867576808ae0ee24b89fc60	S000200	2	P02	SYMBOLS.tsv	8231	status	aarch64	arch/arm64/include/asm/vncr_mapping.h	operative_macro	VNCR_ICH_LR6_EL2	67	PENDING_REVIEW	COMPLETE	COMPLETE	vendor/linux/arch/arm64/include/asm/vncr_mapping.h;vendor/linux/arch/arm64/include/asm/vncr_mapping.h:67;rewrite/configs/aarch64/frozen.config;header_closure=rewrite/metadata/header_closure.tsv;selected=PENDING_REVIEW	425f94c2954b1fe80ebdbf9b29854e89750355df	9fbc8f5c0a16dd8b496759c80c249f72966d3d61b79f25256578b184954041f7	0005124cb1f88018441face1363962214eec03c77f108e9eb1b37cccce6f3a60	0123af9e96b58af4e98b91a2de5608d36b63c67864b9041d3340587f3dbe40d2	cfa8dcf0d81c408de38d4202fe1ce9d9e5e301d1e67439c9530da94b1e64ee3f	7484d7b0dd80f45e18d726b04752827fe28555cc5c1af0e127948380e6688abf
semantic-proposal-v1	SC1-218e11b2ca175f7d2ed76ca73479f2bdb7f263bb73a08d9a793a9aedfc965e5c	S000200	2	P02	SYMBOLS.tsv	8232	selection_expression	aarch64	arch/arm64/include/asm/vncr_mapping.h	operative_macro	VNCR_ICH_LR7_EL2	68	PENDING_REVIEW	SOURCE_REVIEWED_VALUE	COMPLETE	vendor/linux/arch/arm64/include/asm/vncr_mapping.h;vendor/linux/arch/arm64/include/asm/vncr_mapping.h:68;rewrite/configs/aarch64/frozen.config;header_closure=rewrite/metadata/header_closure.tsv;selected=PENDING_REVIEW	425f94c2954b1fe80ebdbf9b29854e89750355df	9fbc8f5c0a16dd8b496759c80c249f72966d3d61b79f25256578b184954041f7	0005124cb1f88018441face1363962214eec03c77f108e9eb1b37cccce6f3a60	0123af9e96b58af4e98b91a2de5608d36b63c67864b9041d3340587f3dbe40d2	cfa8dcf0d81c408de38d4202fe1ce9d9e5e301d1e67439c9530da94b1e64ee3f	7484d7b0dd80f45e18d726b04752827fe28555cc5c1af0e127948380e6688abf
semantic-proposal-v1	SC1-cdcc687595768aa400a64b1269cb6e682025b490465e5efbd0990fc0583dddec	S000200	2	P02	SYMBOLS.tsv	8232	status	aarch64	arch/arm64/include/asm/vncr_mapping.h	operative_macro	VNCR_ICH_LR7_EL2	68	PENDING_REVIEW	COMPLETE	COMPLETE	vendor/linux/arch/arm64/include/asm/vncr_mapping.h;vendor/linux/arch/arm64/include/asm/vncr_mapping.h:68;rewrite/configs/aarch64/frozen.config;header_closure=rewrite/metadata/header_closure.tsv;selected=PENDING_REVIEW	425f94c2954b1fe80ebdbf9b29854e89750355df	9fbc8f5c0a16dd8b496759c80c249f72966d3d61b79f25256578b184954041f7	0005124cb1f88018441face1363962214eec03c77f108e9eb1b37cccce6f3a60	0123af9e96b58af4e98b91a2de5608d36b63c67864b9041d3340587f3dbe40d2	cfa8dcf0d81c408de38d4202fe1ce9d9e5e301d1e67439c9530da94b1e64ee3f	7484d7b0dd80f45e18d726b04752827fe28555cc5c1af0e127948380e6688abf
semantic-proposal-v1	SC1-4122fdf2d5f21f52b021ff96e15312f783f37a19f3b15116ee4b5bfac54d96a8	S000200	2	P02	SYMBOLS.tsv	8233	selection_expression	aarch64	arch/arm64/include/asm/vncr_mapping.h	operative_macro	VNCR_ICH_LR8_EL2	69	PENDING_REVIEW	SOURCE_REVIEWED_VALUE	COMPLETE	vendor/linux/arch/arm64/include/asm/vncr_mapping.h;vendor/linux/arch/arm64/include/asm/vncr_mapping.h:69;rewrite/configs/aarch64/frozen.config;header_closure=rewrite/metadata/header_closure.tsv;selected=PENDING_REVIEW	425f94c2954b1fe80ebdbf9b29854e89750355df	9fbc8f5c0a16dd8b496759c80c249f72966d3d61b79f25256578b184954041f7	0005124cb1f88018441face1363962214eec03c77f108e9eb1b37cccce6f3a60	0123af9e96b58af4e98b91a2de5608d36b63c67864b9041d3340587f3dbe40d2	cfa8dcf0d81c408de38d4202fe1ce9d9e5e301d1e67439c9530da94b1e64ee3f	7484d7b0dd80f45e18d726b04752827fe28555cc5c1af0e127948380e6688abf
semantic-proposal-v1	SC1-b6b673f5be8db12fa031ea875d40054aa291a4e3ab0f788f6ca86cac4aa5b50a	S000200	2	P02	SYMBOLS.tsv	8233	status	aarch64	arch/arm64/include/asm/vncr_mapping.h	operative_macro	VNCR_ICH_LR8_EL2	69	PENDING_REVIEW	COMPLETE	COMPLETE	vendor/linux/arch/arm64/include/asm/vncr_mapping.h;vendor/linux/arch/arm64/include/asm/vncr_mapping.h:69;rewrite/configs/aarch64/frozen.config;header_closure=rewrite/metadata/header_closure.tsv;selected=PENDING_REVIEW	425f94c2954b1fe80ebdbf9b29854e89750355df	9fbc8f5c0a16dd8b496759c80c249f72966d3d61b79f25256578b184954041f7	0005124cb1f88018441face1363962214eec03c77f108e9eb1b37cccce6f3a60	0123af9e96b58af4e98b91a2de5608d36b63c67864b9041d3340587f3dbe40d2	cfa8dcf0d81c408de38d4202fe1ce9d9e5e301d1e67439c9530da94b1e64ee3f	7484d7b0dd80f45e18d726b04752827fe28555cc5c1af0e127948380e6688abf
semantic-proposal-v1	SC1-8e17e63f2e05bce3b78dc27798f7fb8057cc16284d726f357bde7c64b95a8059	S000200	2	P02	SYMBOLS.tsv	8234	selection_expression	aarch64	arch/arm64/include/asm/vncr_mapping.h	operative_macro	VNCR_ICH_LR9_EL2	70	PENDING_REVIEW	SOURCE_REVIEWED_VALUE	COMPLETE	vendor/linux/arch/arm64/include/asm/vncr_mapping.h;vendor/linux/arch/arm64/include/asm/vncr_mapping.h:70;rewrite/configs/aarch64/frozen.config;header_closure=rewrite/metadata/header_closure.tsv;selected=PENDING_REVIEW	425f94c2954b1fe80ebdbf9b29854e89750355df	9fbc8f5c0a16dd8b496759c80c249f72966d3d61b79f25256578b184954041f7	0005124cb1f88018441face1363962214eec03c77f108e9eb1b37cccce6f3a60	0123af9e96b58af4e98b91a2de5608d36b63c67864b9041d3340587f3dbe40d2	cfa8dcf0d81c408de38d4202fe1ce9d9e5e301d1e67439c9530da94b1e64ee3f	7484d7b0dd80f45e18d726b04752827fe28555cc5c1af0e127948380e6688abf
semantic-proposal-v1	SC1-7d0ac5cf4c272a873c355ac603c784ab553f901bd0394d99c18e21838e230f5d	S000200	2	P02	SYMBOLS.tsv	8234	status	aarch64	arch/arm64/include/asm/vncr_mapping.h	operative_macro	VNCR_ICH_LR9_EL2	70	PENDING_REVIEW	COMPLETE	COMPLETE	vendor/linux/arch/arm64/include/asm/vncr_mapping.h;vendor/linux/arch/arm64/include/asm/vncr_mapping.h:70;rewrite/configs/aarch64/frozen.config;header_closure=rewrite/metadata/header_closure.tsv;selected=PENDING_REVIEW	425f94c2954b1fe80ebdbf9b29854e89750355df	9fbc8f5c0a16dd8b496759c80c249f72966d3d61b79f25256578b184954041f7	0005124cb1f88018441face1363962214eec03c77f108e9eb1b37cccce6f3a60	0123af9e96b58af4e98b91a2de5608d36b63c67864b9041d3340587f3dbe40d2	cfa8dcf0d81c408de38d4202fe1ce9d9e5e301d1e67439c9530da94b1e64ee3f	7484d7b0dd80f45e18d726b04752827fe28555cc5c1af0e127948380e6688abf
semantic-proposal-v1	SC1-a696fe4c826d3fb4dee0971cb5aaa4acf7e2473e3f716e928cbc23854dda6c59	S000200	2	P02	SYMBOLS.tsv	8235	selection_expression	aarch64	arch/arm64/include/asm/vncr_mapping.h	operative_macro	VNCR_ICH_LR10_EL2	71	PENDING_REVIEW	SOURCE_REVIEWED_VALUE	COMPLETE	vendor/linux/arch/arm64/include/asm/vncr_mapping.h;vendor/linux/arch/arm64/include/asm/vncr_mapping.h:71;rewrite/configs/aarch64/frozen.config;header_closure=rewrite/metadata/header_closure.tsv;selected=PENDING_REVIEW	425f94c2954b1fe80ebdbf9b29854e89750355df	9fbc8f5c0a16dd8b496759c80c249f72966d3d61b79f25256578b184954041f7	0005124cb1f88018441face1363962214eec03c77f108e9eb1b37cccce6f3a60	0123af9e96b58af4e98b91a2de5608d36b63c67864b9041d3340587f3dbe40d2	cfa8dcf0d81c408de38d4202fe1ce9d9e5e301d1e67439c9530da94b1e64ee3f	7484d7b0dd80f45e18d726b04752827fe28555cc5c1af0e127948380e6688abf
semantic-proposal-v1	SC1-f5d35a0e58eac791d246925dbb4279beecd8ad2e467dfac5ffd62f4757c5a6ca	S000200	2	P02	SYMBOLS.tsv	8235	status	aarch64	arch/arm64/include/asm/vncr_mapping.h	operative_macro	VNCR_ICH_LR10_EL2	71	PENDING_REVIEW	COMPLETE	COMPLETE	vendor/linux/arch/arm64/include/asm/vncr_mapping.h;vendor/linux/arch/arm64/include/asm/vncr_mapping.h:71;rewrite/configs/aarch64/frozen.config;header_closure=rewrite/metadata/header_closure.tsv;selected=PENDING_REVIEW	425f94c2954b1fe80ebdbf9b29854e89750355df	9fbc8f5c0a16dd8b496759c80c249f72966d3d61b79f25256578b184954041f7	0005124cb1f88018441face1363962214eec03c77f108e9eb1b37cccce6f3a60	0123af9e96b58af4e98b91a2de5608d36b63c67864b9041d3340587f3dbe40d2	cfa8dcf0d81c408de38d4202fe1ce9d9e5e301d1e67439c9530da94b1e64ee3f	7484d7b0dd80f45e18d726b04752827fe28555cc5c1af0e127948380e6688abf
semantic-proposal-v1	SC1-d45ae0a1eafa795825b562b933fe6a1c0d1f3d6449782e9cf2b22e8c6a6cc57b	S000200	2	P02	SYMBOLS.tsv	8236	selection_expression	aarch64	arch/arm64/include/asm/vncr_mapping.h	operative_macro	VNCR_ICH_LR11_EL2	72	PENDING_REVIEW	SOURCE_REVIEWED_VALUE	COMPLETE	vendor/linux/arch/arm64/include/asm/vncr_mapping.h;vendor/linux/arch/arm64/include/asm/vncr_mapping.h:72;rewrite/configs/aarch64/frozen.config;header_closure=rewrite/metadata/header_closure.tsv;selected=PENDING_REVIEW	425f94c2954b1fe80ebdbf9b29854e89750355df	9fbc8f5c0a16dd8b496759c80c249f72966d3d61b79f25256578b184954041f7	0005124cb1f88018441face1363962214eec03c77f108e9eb1b37cccce6f3a60	0123af9e96b58af4e98b91a2de5608d36b63c67864b9041d3340587f3dbe40d2	cfa8dcf0d81c408de38d4202fe1ce9d9e5e301d1e67439c9530da94b1e64ee3f	7484d7b0dd80f45e18d726b04752827fe28555cc5c1af0e127948380e6688abf
semantic-proposal-v1	SC1-bb1ca4e50b11fd8513ceb969e1ddac5ca0c54602a04f99a6d0f1b345428ff09a	S000200	2	P02	SYMBOLS.tsv	8236	status	aarch64	arch/arm64/include/asm/vncr_mapping.h	operative_macro	VNCR_ICH_LR11_EL2	72	PENDING_REVIEW	COMPLETE	COMPLETE	vendor/linux/arch/arm64/include/asm/vncr_mapping.h;vendor/linux/arch/arm64/include/asm/vncr_mapping.h:72;rewrite/configs/aarch64/frozen.config;header_closure=rewrite/metadata/header_closure.tsv;selected=PENDING_REVIEW	425f94c2954b1fe80ebdbf9b29854e89750355df	9fbc8f5c0a16dd8b496759c80c249f72966d3d61b79f25256578b184954041f7	0005124cb1f88018441face1363962214eec03c77f108e9eb1b37cccce6f3a60	0123af9e96b58af4e98b91a2de5608d36b63c67864b9041d3340587f3dbe40d2	cfa8dcf0d81c408de38d4202fe1ce9d9e5e301d1e67439c9530da94b1e64ee3f	7484d7b0dd80f45e18d726b04752827fe28555cc5c1af0e127948380e6688abf
semantic-proposal-v1	SC1-f8ca4e0854e5af3dfffe559022db53e390cfa4b584d5dec2fc8b833a9375e60c	S000200	2	P02	SYMBOLS.tsv	8237	selection_expression	aarch64	arch/arm64/include/asm/vncr_mapping.h	operative_macro	VNCR_ICH_LR12_EL2	73	PENDING_REVIEW	SOURCE_REVIEWED_VALUE	COMPLETE	vendor/linux/arch/arm64/include/asm/vncr_mapping.h;vendor/linux/arch/arm64/include/asm/vncr_mapping.h:73;rewrite/configs/aarch64/frozen.config;header_closure=rewrite/metadata/header_closure.tsv;selected=PENDING_REVIEW	425f94c2954b1fe80ebdbf9b29854e89750355df	9fbc8f5c0a16dd8b496759c80c249f72966d3d61b79f25256578b184954041f7	0005124cb1f88018441face1363962214eec03c77f108e9eb1b37cccce6f3a60	0123af9e96b58af4e98b91a2de5608d36b63c67864b9041d3340587f3dbe40d2	cfa8dcf0d81c408de38d4202fe1ce9d9e5e301d1e67439c9530da94b1e64ee3f	7484d7b0dd80f45e18d726b04752827fe28555cc5c1af0e127948380e6688abf
semantic-proposal-v1	SC1-805abd529ac7a9eb5c01492a5545c4e396e9a4b590b6d8a42a0428c569543b38	S000200	2	P02	SYMBOLS.tsv	8237	status	aarch64	arch/arm64/include/asm/vncr_mapping.h	operative_macro	VNCR_ICH_LR12_EL2	73	PENDING_REVIEW	COMPLETE	COMPLETE	vendor/linux/arch/arm64/include/asm/vncr_mapping.h;vendor/linux/arch/arm64/include/asm/vncr_mapping.h:73;rewrite/configs/aarch64/frozen.config;header_closure=rewrite/metadata/header_closure.tsv;selected=PENDING_REVIEW	425f94c2954b1fe80ebdbf9b29854e89750355df	9fbc8f5c0a16dd8b496759c80c249f72966d3d61b79f25256578b184954041f7	0005124cb1f88018441face1363962214eec03c77f108e9eb1b37cccce6f3a60	0123af9e96b58af4e98b91a2de5608d36b63c67864b9041d3340587f3dbe40d2	cfa8dcf0d81c408de38d4202fe1ce9d9e5e301d1e67439c9530da94b1e64ee3f	7484d7b0dd80f45e18d726b04752827fe28555cc5c1af0e127948380e6688abf
semantic-proposal-v1	SC1-f6cc1184bbb965f6c58615ee99bfdf98c0cc672da8ad858a6c098cb18ec51156	S000200	2	P02	SYMBOLS.tsv	8238	selection_expression	aarch64	arch/arm64/include/asm/vncr_mapping.h	operative_macro	VNCR_ICH_LR13_EL2	74	PENDING_REVIEW	SOURCE_REVIEWED_VALUE	COMPLETE	vendor/linux/arch/arm64/include/asm/vncr_mapping.h;vendor/linux/arch/arm64/include/asm/vncr_mapping.h:74;rewrite/configs/aarch64/frozen.config;header_closure=rewrite/metadata/header_closure.tsv;selected=PENDING_REVIEW	425f94c2954b1fe80ebdbf9b29854e89750355df	9fbc8f5c0a16dd8b496759c80c249f72966d3d61b79f25256578b184954041f7	0005124cb1f88018441face1363962214eec03c77f108e9eb1b37cccce6f3a60	0123af9e96b58af4e98b91a2de5608d36b63c67864b9041d3340587f3dbe40d2	cfa8dcf0d81c408de38d4202fe1ce9d9e5e301d1e67439c9530da94b1e64ee3f	7484d7b0dd80f45e18d726b04752827fe28555cc5c1af0e127948380e6688abf
semantic-proposal-v1	SC1-dde49e78794b1b341bd00430e95d1507406d9309a4866458143a2ff5fbf1b608	S000200	2	P02	SYMBOLS.tsv	8238	status	aarch64	arch/arm64/include/asm/vncr_mapping.h	operative_macro	VNCR_ICH_LR13_EL2	74	PENDING_REVIEW	COMPLETE	COMPLETE	vendor/linux/arch/arm64/include/asm/vncr_mapping.h;vendor/linux/arch/arm64/include/asm/vncr_mapping.h:74;rewrite/configs/aarch64/frozen.config;header_closure=rewrite/metadata/header_closure.tsv;selected=PENDING_REVIEW	425f94c2954b1fe80ebdbf9b29854e89750355df	9fbc8f5c0a16dd8b496759c80c249f72966d3d61b79f25256578b184954041f7	0005124cb1f88018441face1363962214eec03c77f108e9eb1b37cccce6f3a60	0123af9e96b58af4e98b91a2de5608d36b63c67864b9041d3340587f3dbe40d2	cfa8dcf0d81c408de38d4202fe1ce9d9e5e301d1e67439c9530da94b1e64ee3f	7484d7b0dd80f45e18d726b04752827fe28555cc5c1af0e127948380e6688abf
semantic-proposal-v1	SC1-43809067724d86ab5a05e87c37fc44176518eafca4f5d4f34de6addc9acb3600	S000200	2	P02	SYMBOLS.tsv	8239	selection_expression	aarch64	arch/arm64/include/asm/vncr_mapping.h	operative_macro	VNCR_ICH_LR14_EL2	75	PENDING_REVIEW	SOURCE_REVIEWED_VALUE	COMPLETE	vendor/linux/arch/arm64/include/asm/vncr_mapping.h;vendor/linux/arch/arm64/include/asm/vncr_mapping.h:75;rewrite/configs/aarch64/frozen.config;header_closure=rewrite/metadata/header_closure.tsv;selected=PENDING_REVIEW	425f94c2954b1fe80ebdbf9b29854e89750355df	9fbc8f5c0a16dd8b496759c80c249f72966d3d61b79f25256578b184954041f7	0005124cb1f88018441face1363962214eec03c77f108e9eb1b37cccce6f3a60	0123af9e96b58af4e98b91a2de5608d36b63c67864b9041d3340587f3dbe40d2	cfa8dcf0d81c408de38d4202fe1ce9d9e5e301d1e67439c9530da94b1e64ee3f	7484d7b0dd80f45e18d726b04752827fe28555cc5c1af0e127948380e6688abf
semantic-proposal-v1	SC1-c510a990dd12a3755aebfbf99e3e1b6870ac4947d42db26fbbc6cb0010c34c73	S000200	2	P02	SYMBOLS.tsv	8239	status	aarch64	arch/arm64/include/asm/vncr_mapping.h	operative_macro	VNCR_ICH_LR14_EL2	75	PENDING_REVIEW	COMPLETE	COMPLETE	vendor/linux/arch/arm64/include/asm/vncr_mapping.h;vendor/linux/arch/arm64/include/asm/vncr_mapping.h:75;rewrite/configs/aarch64/frozen.config;header_closure=rewrite/metadata/header_closure.tsv;selected=PENDING_REVIEW	425f94c2954b1fe80ebdbf9b29854e89750355df	9fbc8f5c0a16dd8b496759c80c249f72966d3d61b79f25256578b184954041f7	0005124cb1f88018441face1363962214eec03c77f108e9eb1b37cccce6f3a60	0123af9e96b58af4e98b91a2de5608d36b63c67864b9041d3340587f3dbe40d2	cfa8dcf0d81c408de38d4202fe1ce9d9e5e301d1e67439c9530da94b1e64ee3f	7484d7b0dd80f45e18d726b04752827fe28555cc5c1af0e127948380e6688abf
semantic-proposal-v1	SC1-55f236a70dd23c6b1368eabf0995f14cdba85e8eb846628ce6d2c9b0348f2027	S000200	2	P02	SYMBOLS.tsv	8240	selection_expression	aarch64	arch/arm64/include/asm/vncr_mapping.h	operative_macro	VNCR_ICH_LR15_EL2	76	PENDING_REVIEW	SOURCE_REVIEWED_VALUE	COMPLETE	vendor/linux/arch/arm64/include/asm/vncr_mapping.h;vendor/linux/arch/arm64/include/asm/vncr_mapping.h:76;rewrite/configs/aarch64/frozen.config;header_closure=rewrite/metadata/header_closure.tsv;selected=PENDING_REVIEW	425f94c2954b1fe80ebdbf9b29854e89750355df	9fbc8f5c0a16dd8b496759c80c249f72966d3d61b79f25256578b184954041f7	0005124cb1f88018441face1363962214eec03c77f108e9eb1b37cccce6f3a60	0123af9e96b58af4e98b91a2de5608d36b63c67864b9041d3340587f3dbe40d2	cfa8dcf0d81c408de38d4202fe1ce9d9e5e301d1e67439c9530da94b1e64ee3f	7484d7b0dd80f45e18d726b04752827fe28555cc5c1af0e127948380e6688abf
semantic-proposal-v1	SC1-1037fa79855b315632ebfbabd8eac8b78717d59e977f1b7e9a6925a7809e536d	S000200	2	P02	SYMBOLS.tsv	8240	status	aarch64	arch/arm64/include/asm/vncr_mapping.h	operative_macro	VNCR_ICH_LR15_EL2	76	PENDING_REVIEW	COMPLETE	COMPLETE	vendor/linux/arch/arm64/include/asm/vncr_mapping.h;vendor/linux/arch/arm64/include/asm/vncr_mapping.h:76;rewrite/configs/aarch64/frozen.config;header_closure=rewrite/metadata/header_closure.tsv;selected=PENDING_REVIEW	425f94c2954b1fe80ebdbf9b29854e89750355df	9fbc8f5c0a16dd8b496759c80c249f72966d3d61b79f25256578b184954041f7	0005124cb1f88018441face1363962214eec03c77f108e9eb1b37cccce6f3a60	0123af9e96b58af4e98b91a2de5608d36b63c67864b9041d3340587f3dbe40d2	cfa8dcf0d81c408de38d4202fe1ce9d9e5e301d1e67439c9530da94b1e64ee3f	7484d7b0dd80f45e18d726b04752827fe28555cc5c1af0e127948380e6688abf
semantic-proposal-v1	SC1-f38833c1eea76aefb39ded7b037361776832408965daf3e33a49529daecb22f2	S000200	2	P02	SYMBOLS.tsv	8241	selection_expression	aarch64	arch/arm64/include/asm/vncr_mapping.h	operative_macro	VNCR_ICH_AP0R0_EL2	77	PENDING_REVIEW	SOURCE_REVIEWED_VALUE	COMPLETE	vendor/linux/arch/arm64/include/asm/vncr_mapping.h;vendor/linux/arch/arm64/include/asm/vncr_mapping.h:77;rewrite/configs/aarch64/frozen.config;header_closure=rewrite/metadata/header_closure.tsv;selected=PENDING_REVIEW	425f94c2954b1fe80ebdbf9b29854e89750355df	9fbc8f5c0a16dd8b496759c80c249f72966d3d61b79f25256578b184954041f7	0005124cb1f88018441face1363962214eec03c77f108e9eb1b37cccce6f3a60	0123af9e96b58af4e98b91a2de5608d36b63c67864b9041d3340587f3dbe40d2	cfa8dcf0d81c408de38d4202fe1ce9d9e5e301d1e67439c9530da94b1e64ee3f	7484d7b0dd80f45e18d726b04752827fe28555cc5c1af0e127948380e6688abf
semantic-proposal-v1	SC1-0aa776ff33b41b545e49a7bff355510b24be4d78f24df3d0c4418662d477f78e	S000200	2	P02	SYMBOLS.tsv	8241	status	aarch64	arch/arm64/include/asm/vncr_mapping.h	operative_macro	VNCR_ICH_AP0R0_EL2	77	PENDING_REVIEW	COMPLETE	COMPLETE	vendor/linux/arch/arm64/include/asm/vncr_mapping.h;vendor/linux/arch/arm64/include/asm/vncr_mapping.h:77;rewrite/configs/aarch64/frozen.config;header_closure=rewrite/metadata/header_closure.tsv;selected=PENDING_REVIEW	425f94c2954b1fe80ebdbf9b29854e89750355df	9fbc8f5c0a16dd8b496759c80c249f72966d3d61b79f25256578b184954041f7	0005124cb1f88018441face1363962214eec03c77f108e9eb1b37cccce6f3a60	0123af9e96b58af4e98b91a2de5608d36b63c67864b9041d3340587f3dbe40d2	cfa8dcf0d81c408de38d4202fe1ce9d9e5e301d1e67439c9530da94b1e64ee3f	7484d7b0dd80f45e18d726b04752827fe28555cc5c1af0e127948380e6688abf
semantic-proposal-v1	SC1-5d850acd1ac0ae3325a95d3f407f984c7584ea05ca88567ee8c28d82ab1a125b	S000200	2	P02	SYMBOLS.tsv	8242	selection_expression	aarch64	arch/arm64/include/asm/vncr_mapping.h	operative_macro	VNCR_ICH_AP0R1_EL2	78	PENDING_REVIEW	SOURCE_REVIEWED_VALUE	COMPLETE	vendor/linux/arch/arm64/include/asm/vncr_mapping.h;vendor/linux/arch/arm64/include/asm/vncr_mapping.h:78;rewrite/configs/aarch64/frozen.config;header_closure=rewrite/metadata/header_closure.tsv;selected=PENDING_REVIEW	425f94c2954b1fe80ebdbf9b29854e89750355df	9fbc8f5c0a16dd8b496759c80c249f72966d3d61b79f25256578b184954041f7	0005124cb1f88018441face1363962214eec03c77f108e9eb1b37cccce6f3a60	0123af9e96b58af4e98b91a2de5608d36b63c67864b9041d3340587f3dbe40d2	cfa8dcf0d81c408de38d4202fe1ce9d9e5e301d1e67439c9530da94b1e64ee3f	7484d7b0dd80f45e18d726b04752827fe28555cc5c1af0e127948380e6688abf
semantic-proposal-v1	SC1-6a58fba922213b6ff9547a9d5b8b4633317adc9b59f40a95fdd6460d694a55ff	S000200	2	P02	SYMBOLS.tsv	8242	status	aarch64	arch/arm64/include/asm/vncr_mapping.h	operative_macro	VNCR_ICH_AP0R1_EL2	78	PENDING_REVIEW	COMPLETE	COMPLETE	vendor/linux/arch/arm64/include/asm/vncr_mapping.h;vendor/linux/arch/arm64/include/asm/vncr_mapping.h:78;rewrite/configs/aarch64/frozen.config;header_closure=rewrite/metadata/header_closure.tsv;selected=PENDING_REVIEW	425f94c2954b1fe80ebdbf9b29854e89750355df	9fbc8f5c0a16dd8b496759c80c249f72966d3d61b79f25256578b184954041f7	0005124cb1f88018441face1363962214eec03c77f108e9eb1b37cccce6f3a60	0123af9e96b58af4e98b91a2de5608d36b63c67864b9041d3340587f3dbe40d2	cfa8dcf0d81c408de38d4202fe1ce9d9e5e301d1e67439c9530da94b1e64ee3f	7484d7b0dd80f45e18d726b04752827fe28555cc5c1af0e127948380e6688abf
semantic-proposal-v1	SC1-f54b3192dd2041bbcb1466ca53500ef1ee98cfd096d8fd619cebac9a53189541	S000200	2	P02	SYMBOLS.tsv	8243	selection_expression	aarch64	arch/arm64/include/asm/vncr_mapping.h	operative_macro	VNCR_ICH_AP0R2_EL2	79	PENDING_REVIEW	SOURCE_REVIEWED_VALUE	COMPLETE	vendor/linux/arch/arm64/include/asm/vncr_mapping.h;vendor/linux/arch/arm64/include/asm/vncr_mapping.h:79;rewrite/configs/aarch64/frozen.config;header_closure=rewrite/metadata/header_closure.tsv;selected=PENDING_REVIEW	425f94c2954b1fe80ebdbf9b29854e89750355df	9fbc8f5c0a16dd8b496759c80c249f72966d3d61b79f25256578b184954041f7	0005124cb1f88018441face1363962214eec03c77f108e9eb1b37cccce6f3a60	0123af9e96b58af4e98b91a2de5608d36b63c67864b9041d3340587f3dbe40d2	cfa8dcf0d81c408de38d4202fe1ce9d9e5e301d1e67439c9530da94b1e64ee3f	7484d7b0dd80f45e18d726b04752827fe28555cc5c1af0e127948380e6688abf
semantic-proposal-v1	SC1-628657b0152937a60f9106fa04c7662e1b125957255a9bc653c0e20e6c0de474	S000200	2	P02	SYMBOLS.tsv	8243	status	aarch64	arch/arm64/include/asm/vncr_mapping.h	operative_macro	VNCR_ICH_AP0R2_EL2	79	PENDING_REVIEW	COMPLETE	COMPLETE	vendor/linux/arch/arm64/include/asm/vncr_mapping.h;vendor/linux/arch/arm64/include/asm/vncr_mapping.h:79;rewrite/configs/aarch64/frozen.config;header_closure=rewrite/metadata/header_closure.tsv;selected=PENDING_REVIEW	425f94c2954b1fe80ebdbf9b29854e89750355df	9fbc8f5c0a16dd8b496759c80c249f72966d3d61b79f25256578b184954041f7	0005124cb1f88018441face1363962214eec03c77f108e9eb1b37cccce6f3a60	0123af9e96b58af4e98b91a2de5608d36b63c67864b9041d3340587f3dbe40d2	cfa8dcf0d81c408de38d4202fe1ce9d9e5e301d1e67439c9530da94b1e64ee3f	7484d7b0dd80f45e18d726b04752827fe28555cc5c1af0e127948380e6688abf
semantic-proposal-v1	SC1-4e815fa2fc2e72f7e5d658eae32bcf96766f855166373c4e64c932924108f1e0	S000200	2	P02	SYMBOLS.tsv	8244	selection_expression	aarch64	arch/arm64/include/asm/vncr_mapping.h	operative_macro	VNCR_ICH_AP0R3_EL2	80	PENDING_REVIEW	SOURCE_REVIEWED_VALUE	COMPLETE	vendor/linux/arch/arm64/include/asm/vncr_mapping.h;vendor/linux/arch/arm64/include/asm/vncr_mapping.h:80;rewrite/configs/aarch64/frozen.config;header_closure=rewrite/metadata/header_closure.tsv;selected=PENDING_REVIEW	425f94c2954b1fe80ebdbf9b29854e89750355df	9fbc8f5c0a16dd8b496759c80c249f72966d3d61b79f25256578b184954041f7	0005124cb1f88018441face1363962214eec03c77f108e9eb1b37cccce6f3a60	0123af9e96b58af4e98b91a2de5608d36b63c67864b9041d3340587f3dbe40d2	cfa8dcf0d81c408de38d4202fe1ce9d9e5e301d1e67439c9530da94b1e64ee3f	7484d7b0dd80f45e18d726b04752827fe28555cc5c1af0e127948380e6688abf
semantic-proposal-v1	SC1-82e2adb253b2e56cd1a5f8ba7c89395463fc604ce55c0ebf4bf4ad37e1cc7c6e	S000200	2	P02	SYMBOLS.tsv	8244	status	aarch64	arch/arm64/include/asm/vncr_mapping.h	operative_macro	VNCR_ICH_AP0R3_EL2	80	PENDING_REVIEW	COMPLETE	COMPLETE	vendor/linux/arch/arm64/include/asm/vncr_mapping.h;vendor/linux/arch/arm64/include/asm/vncr_mapping.h:80;rewrite/configs/aarch64/frozen.config;header_closure=rewrite/metadata/header_closure.tsv;selected=PENDING_REVIEW	425f94c2954b1fe80ebdbf9b29854e89750355df	9fbc8f5c0a16dd8b496759c80c249f72966d3d61b79f25256578b184954041f7	0005124cb1f88018441face1363962214eec03c77f108e9eb1b37cccce6f3a60	0123af9e96b58af4e98b91a2de5608d36b63c67864b9041d3340587f3dbe40d2	cfa8dcf0d81c408de38d4202fe1ce9d9e5e301d1e67439c9530da94b1e64ee3f	7484d7b0dd80f45e18d726b04752827fe28555cc5c1af0e127948380e6688abf
semantic-proposal-v1	SC1-4fd686794c4759fc03903e362f1e4532d60fd79a695031ae485a3541d4c4daed	S000200	2	P02	SYMBOLS.tsv	8245	selection_expression	aarch64	arch/arm64/include/asm/vncr_mapping.h	operative_macro	VNCR_ICH_AP1R0_EL2	81	PENDING_REVIEW	SOURCE_REVIEWED_VALUE	COMPLETE	vendor/linux/arch/arm64/include/asm/vncr_mapping.h;vendor/linux/arch/arm64/include/asm/vncr_mapping.h:81;rewrite/configs/aarch64/frozen.config;header_closure=rewrite/metadata/header_closure.tsv;selected=PENDING_REVIEW	425f94c2954b1fe80ebdbf9b29854e89750355df	9fbc8f5c0a16dd8b496759c80c249f72966d3d61b79f25256578b184954041f7	0005124cb1f88018441face1363962214eec03c77f108e9eb1b37cccce6f3a60	0123af9e96b58af4e98b91a2de5608d36b63c67864b9041d3340587f3dbe40d2	cfa8dcf0d81c408de38d4202fe1ce9d9e5e301d1e67439c9530da94b1e64ee3f	7484d7b0dd80f45e18d726b04752827fe28555cc5c1af0e127948380e6688abf
semantic-proposal-v1	SC1-1e8eb9dd0dea7353d78899d7a6588eed6c0c10c0e0300640487fe50d339854c2	S000200	2	P02	SYMBOLS.tsv	8245	status	aarch64	arch/arm64/include/asm/vncr_mapping.h	operative_macro	VNCR_ICH_AP1R0_EL2	81	PENDING_REVIEW	COMPLETE	COMPLETE	vendor/linux/arch/arm64/include/asm/vncr_mapping.h;vendor/linux/arch/arm64/include/asm/vncr_mapping.h:81;rewrite/configs/aarch64/frozen.config;header_closure=rewrite/metadata/header_closure.tsv;selected=PENDING_REVIEW	425f94c2954b1fe80ebdbf9b29854e89750355df	9fbc8f5c0a16dd8b496759c80c249f72966d3d61b79f25256578b184954041f7	0005124cb1f88018441face1363962214eec03c77f108e9eb1b37cccce6f3a60	0123af9e96b58af4e98b91a2de5608d36b63c67864b9041d3340587f3dbe40d2	cfa8dcf0d81c408de38d4202fe1ce9d9e5e301d1e67439c9530da94b1e64ee3f	7484d7b0dd80f45e18d726b04752827fe28555cc5c1af0e127948380e6688abf
semantic-proposal-v1	SC1-c0c01bc617e08b1fe7192c1312dee0003825d357d6440522a2f0368936c7239e	S000200	2	P02	SYMBOLS.tsv	8246	selection_expression	aarch64	arch/arm64/include/asm/vncr_mapping.h	operative_macro	VNCR_ICH_AP1R1_EL2	82	PENDING_REVIEW	SOURCE_REVIEWED_VALUE	COMPLETE	vendor/linux/arch/arm64/include/asm/vncr_mapping.h;vendor/linux/arch/arm64/include/asm/vncr_mapping.h:82;rewrite/configs/aarch64/frozen.config;header_closure=rewrite/metadata/header_closure.tsv;selected=PENDING_REVIEW	425f94c2954b1fe80ebdbf9b29854e89750355df	9fbc8f5c0a16dd8b496759c80c249f72966d3d61b79f25256578b184954041f7	0005124cb1f88018441face1363962214eec03c77f108e9eb1b37cccce6f3a60	0123af9e96b58af4e98b91a2de5608d36b63c67864b9041d3340587f3dbe40d2	cfa8dcf0d81c408de38d4202fe1ce9d9e5e301d1e67439c9530da94b1e64ee3f	7484d7b0dd80f45e18d726b04752827fe28555cc5c1af0e127948380e6688abf
semantic-proposal-v1	SC1-88c7a6312cbbc93dab4151cb92f3b88be89c7f6e89c588522e809812eb296528	S000200	2	P02	SYMBOLS.tsv	8246	status	aarch64	arch/arm64/include/asm/vncr_mapping.h	operative_macro	VNCR_ICH_AP1R1_EL2	82	PENDING_REVIEW	COMPLETE	COMPLETE	vendor/linux/arch/arm64/include/asm/vncr_mapping.h;vendor/linux/arch/arm64/include/asm/vncr_mapping.h:82;rewrite/configs/aarch64/frozen.config;header_closure=rewrite/metadata/header_closure.tsv;selected=PENDING_REVIEW	425f94c2954b1fe80ebdbf9b29854e89750355df	9fbc8f5c0a16dd8b496759c80c249f72966d3d61b79f25256578b184954041f7	0005124cb1f88018441face1363962214eec03c77f108e9eb1b37cccce6f3a60	0123af9e96b58af4e98b91a2de5608d36b63c67864b9041d3340587f3dbe40d2	cfa8dcf0d81c408de38d4202fe1ce9d9e5e301d1e67439c9530da94b1e64ee3f	7484d7b0dd80f45e18d726b04752827fe28555cc5c1af0e127948380e6688abf
semantic-proposal-v1	SC1-609df44c3eccb4a901b14b09915ef37ca5c3cd58d9f67ae53eaa1ef537131156	S000200	2	P02	SYMBOLS.tsv	8247	selection_expression	aarch64	arch/arm64/include/asm/vncr_mapping.h	operative_macro	VNCR_ICH_AP1R2_EL2	83	PENDING_REVIEW	SOURCE_REVIEWED_VALUE	COMPLETE	vendor/linux/arch/arm64/include/asm/vncr_mapping.h;vendor/linux/arch/arm64/include/asm/vncr_mapping.h:83;rewrite/configs/aarch64/frozen.config;header_closure=rewrite/metadata/header_closure.tsv;selected=PENDING_REVIEW	425f94c2954b1fe80ebdbf9b29854e89750355df	9fbc8f5c0a16dd8b496759c80c249f72966d3d61b79f25256578b184954041f7	0005124cb1f88018441face1363962214eec03c77f108e9eb1b37cccce6f3a60	0123af9e96b58af4e98b91a2de5608d36b63c67864b9041d3340587f3dbe40d2	cfa8dcf0d81c408de38d4202fe1ce9d9e5e301d1e67439c9530da94b1e64ee3f	7484d7b0dd80f45e18d726b04752827fe28555cc5c1af0e127948380e6688abf
semantic-proposal-v1	SC1-b936f90a84f14d230bffed57945ef23a623a5fab8c4115e7a9a42a3cc7fbc3ee	S000200	2	P02	SYMBOLS.tsv	8247	status	aarch64	arch/arm64/include/asm/vncr_mapping.h	operative_macro	VNCR_ICH_AP1R2_EL2	83	PENDING_REVIEW	COMPLETE	COMPLETE	vendor/linux/arch/arm64/include/asm/vncr_mapping.h;vendor/linux/arch/arm64/include/asm/vncr_mapping.h:83;rewrite/configs/aarch64/frozen.config;header_closure=rewrite/metadata/header_closure.tsv;selected=PENDING_REVIEW	425f94c2954b1fe80ebdbf9b29854e89750355df	9fbc8f5c0a16dd8b496759c80c249f72966d3d61b79f25256578b184954041f7	0005124cb1f88018441face1363962214eec03c77f108e9eb1b37cccce6f3a60	0123af9e96b58af4e98b91a2de5608d36b63c67864b9041d3340587f3dbe40d2	cfa8dcf0d81c408de38d4202fe1ce9d9e5e301d1e67439c9530da94b1e64ee3f	7484d7b0dd80f45e18d726b04752827fe28555cc5c1af0e127948380e6688abf
semantic-proposal-v1	SC1-5f11e773d20583104ace3aa6f5bba9dc3d02344f4b9f6ba3d58e4ff783362efa	S000200	2	P02	SYMBOLS.tsv	8248	selection_expression	aarch64	arch/arm64/include/asm/vncr_mapping.h	operative_macro	VNCR_ICH_AP1R3_EL2	84	PENDING_REVIEW	SOURCE_REVIEWED_VALUE	COMPLETE	vendor/linux/arch/arm64/include/asm/vncr_mapping.h;vendor/linux/arch/arm64/include/asm/vncr_mapping.h:84;rewrite/configs/aarch64/frozen.config;header_closure=rewrite/metadata/header_closure.tsv;selected=PENDING_REVIEW	425f94c2954b1fe80ebdbf9b29854e89750355df	9fbc8f5c0a16dd8b496759c80c249f72966d3d61b79f25256578b184954041f7	0005124cb1f88018441face1363962214eec03c77f108e9eb1b37cccce6f3a60	0123af9e96b58af4e98b91a2de5608d36b63c67864b9041d3340587f3dbe40d2	cfa8dcf0d81c408de38d4202fe1ce9d9e5e301d1e67439c9530da94b1e64ee3f	7484d7b0dd80f45e18d726b04752827fe28555cc5c1af0e127948380e6688abf
semantic-proposal-v1	SC1-8468c93813082d96f05dc235c089ac848d9fe2957cf23041c0ffd851a4ed4b12	S000200	2	P02	SYMBOLS.tsv	8248	status	aarch64	arch/arm64/include/asm/vncr_mapping.h	operative_macro	VNCR_ICH_AP1R3_EL2	84	PENDING_REVIEW	COMPLETE	COMPLETE	vendor/linux/arch/arm64/include/asm/vncr_mapping.h;vendor/linux/arch/arm64/include/asm/vncr_mapping.h:84;rewrite/configs/aarch64/frozen.config;header_closure=rewrite/metadata/header_closure.tsv;selected=PENDING_REVIEW	425f94c2954b1fe80ebdbf9b29854e89750355df	9fbc8f5c0a16dd8b496759c80c249f72966d3d61b79f25256578b184954041f7	0005124cb1f88018441face1363962214eec03c77f108e9eb1b37cccce6f3a60	0123af9e96b58af4e98b91a2de5608d36b63c67864b9041d3340587f3dbe40d2	cfa8dcf0d81c408de38d4202fe1ce9d9e5e301d1e67439c9530da94b1e64ee3f	7484d7b0dd80f45e18d726b04752827fe28555cc5c1af0e127948380e6688abf
semantic-proposal-v1	SC1-98a919a8e8eda4d686e03ecf1677fb96809b9b1826f0f00f4847d409501bacc7	S000200	2	P02	SYMBOLS.tsv	8249	selection_expression	aarch64	arch/arm64/include/asm/vncr_mapping.h	operative_macro	VNCR_ICH_HCR_EL2	85	PENDING_REVIEW	SOURCE_REVIEWED_VALUE	COMPLETE	vendor/linux/arch/arm64/include/asm/vncr_mapping.h;vendor/linux/arch/arm64/include/asm/vncr_mapping.h:85;rewrite/configs/aarch64/frozen.config;header_closure=rewrite/metadata/header_closure.tsv;selected=PENDING_REVIEW	425f94c2954b1fe80ebdbf9b29854e89750355df	9fbc8f5c0a16dd8b496759c80c249f72966d3d61b79f25256578b184954041f7	0005124cb1f88018441face1363962214eec03c77f108e9eb1b37cccce6f3a60	0123af9e96b58af4e98b91a2de5608d36b63c67864b9041d3340587f3dbe40d2	cfa8dcf0d81c408de38d4202fe1ce9d9e5e301d1e67439c9530da94b1e64ee3f	7484d7b0dd80f45e18d726b04752827fe28555cc5c1af0e127948380e6688abf
semantic-proposal-v1	SC1-e430a029ad1d7d4ae8ba3fa492159d7ce11cb1a02d3c3d083a723ed51f94ee60	S000200	2	P02	SYMBOLS.tsv	8249	status	aarch64	arch/arm64/include/asm/vncr_mapping.h	operative_macro	VNCR_ICH_HCR_EL2	85	PENDING_REVIEW	COMPLETE	COMPLETE	vendor/linux/arch/arm64/include/asm/vncr_mapping.h;vendor/linux/arch/arm64/include/asm/vncr_mapping.h:85;rewrite/configs/aarch64/frozen.config;header_closure=rewrite/metadata/header_closure.tsv;selected=PENDING_REVIEW	425f94c2954b1fe80ebdbf9b29854e89750355df	9fbc8f5c0a16dd8b496759c80c249f72966d3d61b79f25256578b184954041f7	0005124cb1f88018441face1363962214eec03c77f108e9eb1b37cccce6f3a60	0123af9e96b58af4e98b91a2de5608d36b63c67864b9041d3340587f3dbe40d2	cfa8dcf0d81c408de38d4202fe1ce9d9e5e301d1e67439c9530da94b1e64ee3f	7484d7b0dd80f45e18d726b04752827fe28555cc5c1af0e127948380e6688abf
semantic-proposal-v1	SC1-3a8fc0fd70b79c0bf94cab5a62e52f42d907a789e42b5eb8a59c8d09089be7e2	S000200	2	P02	SYMBOLS.tsv	8250	selection_expression	aarch64	arch/arm64/include/asm/vncr_mapping.h	operative_macro	VNCR_ICH_VMCR_EL2	86	PENDING_REVIEW	SOURCE_REVIEWED_VALUE	COMPLETE	vendor/linux/arch/arm64/include/asm/vncr_mapping.h;vendor/linux/arch/arm64/include/asm/vncr_mapping.h:86;rewrite/configs/aarch64/frozen.config;header_closure=rewrite/metadata/header_closure.tsv;selected=PENDING_REVIEW	425f94c2954b1fe80ebdbf9b29854e89750355df	9fbc8f5c0a16dd8b496759c80c249f72966d3d61b79f25256578b184954041f7	0005124cb1f88018441face1363962214eec03c77f108e9eb1b37cccce6f3a60	0123af9e96b58af4e98b91a2de5608d36b63c67864b9041d3340587f3dbe40d2	cfa8dcf0d81c408de38d4202fe1ce9d9e5e301d1e67439c9530da94b1e64ee3f	7484d7b0dd80f45e18d726b04752827fe28555cc5c1af0e127948380e6688abf
semantic-proposal-v1	SC1-787479b00709c3817407d5706fd3577c00512f874d7f192577aaf865204153d5	S000200	2	P02	SYMBOLS.tsv	8250	status	aarch64	arch/arm64/include/asm/vncr_mapping.h	operative_macro	VNCR_ICH_VMCR_EL2	86	PENDING_REVIEW	COMPLETE	COMPLETE	vendor/linux/arch/arm64/include/asm/vncr_mapping.h;vendor/linux/arch/arm64/include/asm/vncr_mapping.h:86;rewrite/configs/aarch64/frozen.config;header_closure=rewrite/metadata/header_closure.tsv;selected=PENDING_REVIEW	425f94c2954b1fe80ebdbf9b29854e89750355df	9fbc8f5c0a16dd8b496759c80c249f72966d3d61b79f25256578b184954041f7	0005124cb1f88018441face1363962214eec03c77f108e9eb1b37cccce6f3a60	0123af9e96b58af4e98b91a2de5608d36b63c67864b9041d3340587f3dbe40d2	cfa8dcf0d81c408de38d4202fe1ce9d9e5e301d1e67439c9530da94b1e64ee3f	7484d7b0dd80f45e18d726b04752827fe28555cc5c1af0e127948380e6688abf
semantic-proposal-v1	SC1-08e0eccad1a355fdff1c90ee4a1bbd40daca405ba7578fbaabd437f68453d40a	S000200	2	P02	SYMBOLS.tsv	8251	selection_expression	aarch64	arch/arm64/include/asm/vncr_mapping.h	operative_macro	VNCR_VDISR_EL2	87	PENDING_REVIEW	SOURCE_REVIEWED_VALUE	COMPLETE	vendor/linux/arch/arm64/include/asm/vncr_mapping.h;vendor/linux/arch/arm64/include/asm/vncr_mapping.h:87;rewrite/configs/aarch64/frozen.config;header_closure=rewrite/metadata/header_closure.tsv;selected=PENDING_REVIEW	425f94c2954b1fe80ebdbf9b29854e89750355df	9fbc8f5c0a16dd8b496759c80c249f72966d3d61b79f25256578b184954041f7	0005124cb1f88018441face1363962214eec03c77f108e9eb1b37cccce6f3a60	0123af9e96b58af4e98b91a2de5608d36b63c67864b9041d3340587f3dbe40d2	cfa8dcf0d81c408de38d4202fe1ce9d9e5e301d1e67439c9530da94b1e64ee3f	7484d7b0dd80f45e18d726b04752827fe28555cc5c1af0e127948380e6688abf
semantic-proposal-v1	SC1-ef8d41081948ba272fd6492adec13cf9f5dc86c9c05362aeeeaff32a7e7f4a7c	S000200	2	P02	SYMBOLS.tsv	8251	status	aarch64	arch/arm64/include/asm/vncr_mapping.h	operative_macro	VNCR_VDISR_EL2	87	PENDING_REVIEW	COMPLETE	COMPLETE	vendor/linux/arch/arm64/include/asm/vncr_mapping.h;vendor/linux/arch/arm64/include/asm/vncr_mapping.h:87;rewrite/configs/aarch64/frozen.config;header_closure=rewrite/metadata/header_closure.tsv;selected=PENDING_REVIEW	425f94c2954b1fe80ebdbf9b29854e89750355df	9fbc8f5c0a16dd8b496759c80c249f72966d3d61b79f25256578b184954041f7	0005124cb1f88018441face1363962214eec03c77f108e9eb1b37cccce6f3a60	0123af9e96b58af4e98b91a2de5608d36b63c67864b9041d3340587f3dbe40d2	cfa8dcf0d81c408de38d4202fe1ce9d9e5e301d1e67439c9530da94b1e64ee3f	7484d7b0dd80f45e18d726b04752827fe28555cc5c1af0e127948380e6688abf
semantic-proposal-v1	SC1-e17d1496dc3f0f7505a9c793b3709556ae9f0daeca9ee8c3bb4480de510eea40	S000200	2	P02	SYMBOLS.tsv	8252	selection_expression	aarch64	arch/arm64/include/asm/vncr_mapping.h	operative_macro	VNCR_VSESR_EL2	88	PENDING_REVIEW	SOURCE_REVIEWED_VALUE	COMPLETE	vendor/linux/arch/arm64/include/asm/vncr_mapping.h;vendor/linux/arch/arm64/include/asm/vncr_mapping.h:88;rewrite/configs/aarch64/frozen.config;header_closure=rewrite/metadata/header_closure.tsv;selected=PENDING_REVIEW	425f94c2954b1fe80ebdbf9b29854e89750355df	9fbc8f5c0a16dd8b496759c80c249f72966d3d61b79f25256578b184954041f7	0005124cb1f88018441face1363962214eec03c77f108e9eb1b37cccce6f3a60	0123af9e96b58af4e98b91a2de5608d36b63c67864b9041d3340587f3dbe40d2	cfa8dcf0d81c408de38d4202fe1ce9d9e5e301d1e67439c9530da94b1e64ee3f	7484d7b0dd80f45e18d726b04752827fe28555cc5c1af0e127948380e6688abf
semantic-proposal-v1	SC1-e781bce68eca1d9dabc968ccfccc590a4a3f4873a15b24eb7666838ce9b0c83e	S000200	2	P02	SYMBOLS.tsv	8252	status	aarch64	arch/arm64/include/asm/vncr_mapping.h	operative_macro	VNCR_VSESR_EL2	88	PENDING_REVIEW	COMPLETE	COMPLETE	vendor/linux/arch/arm64/include/asm/vncr_mapping.h;vendor/linux/arch/arm64/include/asm/vncr_mapping.h:88;rewrite/configs/aarch64/frozen.config;header_closure=rewrite/metadata/header_closure.tsv;selected=PENDING_REVIEW	425f94c2954b1fe80ebdbf9b29854e89750355df	9fbc8f5c0a16dd8b496759c80c249f72966d3d61b79f25256578b184954041f7	0005124cb1f88018441face1363962214eec03c77f108e9eb1b37cccce6f3a60	0123af9e96b58af4e98b91a2de5608d36b63c67864b9041d3340587f3dbe40d2	cfa8dcf0d81c408de38d4202fe1ce9d9e5e301d1e67439c9530da94b1e64ee3f	7484d7b0dd80f45e18d726b04752827fe28555cc5c1af0e127948380e6688abf
semantic-proposal-v1	SC1-371e8952b396b6c392198a34061901268ae75f310d73906e571e30ac6715ea2d	S000200	2	P02	SYMBOLS.tsv	8253	selection_expression	aarch64	arch/arm64/include/asm/vncr_mapping.h	operative_macro	VNCR_PMBLIMITR_EL1	89	PENDING_REVIEW	SOURCE_REVIEWED_VALUE	COMPLETE	vendor/linux/arch/arm64/include/asm/vncr_mapping.h;vendor/linux/arch/arm64/include/asm/vncr_mapping.h:89;rewrite/configs/aarch64/frozen.config;header_closure=rewrite/metadata/header_closure.tsv;selected=PENDING_REVIEW	425f94c2954b1fe80ebdbf9b29854e89750355df	9fbc8f5c0a16dd8b496759c80c249f72966d3d61b79f25256578b184954041f7	0005124cb1f88018441face1363962214eec03c77f108e9eb1b37cccce6f3a60	0123af9e96b58af4e98b91a2de5608d36b63c67864b9041d3340587f3dbe40d2	cfa8dcf0d81c408de38d4202fe1ce9d9e5e301d1e67439c9530da94b1e64ee3f	7484d7b0dd80f45e18d726b04752827fe28555cc5c1af0e127948380e6688abf
semantic-proposal-v1	SC1-2be034eb7a831bf3be6ef437d016750094f4cea1264b03bfea9636aa48787047	S000200	2	P02	SYMBOLS.tsv	8253	status	aarch64	arch/arm64/include/asm/vncr_mapping.h	operative_macro	VNCR_PMBLIMITR_EL1	89	PENDING_REVIEW	COMPLETE	COMPLETE	vendor/linux/arch/arm64/include/asm/vncr_mapping.h;vendor/linux/arch/arm64/include/asm/vncr_mapping.h:89;rewrite/configs/aarch64/frozen.config;header_closure=rewrite/metadata/header_closure.tsv;selected=PENDING_REVIEW	425f94c2954b1fe80ebdbf9b29854e89750355df	9fbc8f5c0a16dd8b496759c80c249f72966d3d61b79f25256578b184954041f7	0005124cb1f88018441face1363962214eec03c77f108e9eb1b37cccce6f3a60	0123af9e96b58af4e98b91a2de5608d36b63c67864b9041d3340587f3dbe40d2	cfa8dcf0d81c408de38d4202fe1ce9d9e5e301d1e67439c9530da94b1e64ee3f	7484d7b0dd80f45e18d726b04752827fe28555cc5c1af0e127948380e6688abf
semantic-proposal-v1	SC1-731d8287c2b28027a72642fe02389cabd7c6ae75056fab009a6122e5c0c44a68	S000200	2	P02	SYMBOLS.tsv	8254	selection_expression	aarch64	arch/arm64/include/asm/vncr_mapping.h	operative_macro	VNCR_PMBPTR_EL1	90	PENDING_REVIEW	SOURCE_REVIEWED_VALUE	COMPLETE	vendor/linux/arch/arm64/include/asm/vncr_mapping.h;vendor/linux/arch/arm64/include/asm/vncr_mapping.h:90;rewrite/configs/aarch64/frozen.config;header_closure=rewrite/metadata/header_closure.tsv;selected=PENDING_REVIEW	425f94c2954b1fe80ebdbf9b29854e89750355df	9fbc8f5c0a16dd8b496759c80c249f72966d3d61b79f25256578b184954041f7	0005124cb1f88018441face1363962214eec03c77f108e9eb1b37cccce6f3a60	0123af9e96b58af4e98b91a2de5608d36b63c67864b9041d3340587f3dbe40d2	cfa8dcf0d81c408de38d4202fe1ce9d9e5e301d1e67439c9530da94b1e64ee3f	7484d7b0dd80f45e18d726b04752827fe28555cc5c1af0e127948380e6688abf
semantic-proposal-v1	SC1-71c9280f1049d77eb67cead6b40588e589a76b643c0292d499463f43a42bda93	S000200	2	P02	SYMBOLS.tsv	8254	status	aarch64	arch/arm64/include/asm/vncr_mapping.h	operative_macro	VNCR_PMBPTR_EL1	90	PENDING_REVIEW	COMPLETE	COMPLETE	vendor/linux/arch/arm64/include/asm/vncr_mapping.h;vendor/linux/arch/arm64/include/asm/vncr_mapping.h:90;rewrite/configs/aarch64/frozen.config;header_closure=rewrite/metadata/header_closure.tsv;selected=PENDING_REVIEW	425f94c2954b1fe80ebdbf9b29854e89750355df	9fbc8f5c0a16dd8b496759c80c249f72966d3d61b79f25256578b184954041f7	0005124cb1f88018441face1363962214eec03c77f108e9eb1b37cccce6f3a60	0123af9e96b58af4e98b91a2de5608d36b63c67864b9041d3340587f3dbe40d2	cfa8dcf0d81c408de38d4202fe1ce9d9e5e301d1e67439c9530da94b1e64ee3f	7484d7b0dd80f45e18d726b04752827fe28555cc5c1af0e127948380e6688abf
semantic-proposal-v1	SC1-98c47226c55e0085877f1582a99dc6d8306389f9baf52e95c2b77dcec5a22af8	S000200	2	P02	SYMBOLS.tsv	8255	selection_expression	aarch64	arch/arm64/include/asm/vncr_mapping.h	operative_macro	VNCR_PMBSR_EL1	91	PENDING_REVIEW	SOURCE_REVIEWED_VALUE	COMPLETE	vendor/linux/arch/arm64/include/asm/vncr_mapping.h;vendor/linux/arch/arm64/include/asm/vncr_mapping.h:91;rewrite/configs/aarch64/frozen.config;header_closure=rewrite/metadata/header_closure.tsv;selected=PENDING_REVIEW	425f94c2954b1fe80ebdbf9b29854e89750355df	9fbc8f5c0a16dd8b496759c80c249f72966d3d61b79f25256578b184954041f7	0005124cb1f88018441face1363962214eec03c77f108e9eb1b37cccce6f3a60	0123af9e96b58af4e98b91a2de5608d36b63c67864b9041d3340587f3dbe40d2	cfa8dcf0d81c408de38d4202fe1ce9d9e5e301d1e67439c9530da94b1e64ee3f	7484d7b0dd80f45e18d726b04752827fe28555cc5c1af0e127948380e6688abf
semantic-proposal-v1	SC1-8e2a1e694f049a467505e29d35cdab955ec87c7411f433430cf1e4477acee7ff	S000200	2	P02	SYMBOLS.tsv	8255	status	aarch64	arch/arm64/include/asm/vncr_mapping.h	operative_macro	VNCR_PMBSR_EL1	91	PENDING_REVIEW	COMPLETE	COMPLETE	vendor/linux/arch/arm64/include/asm/vncr_mapping.h;vendor/linux/arch/arm64/include/asm/vncr_mapping.h:91;rewrite/configs/aarch64/frozen.config;header_closure=rewrite/metadata/header_closure.tsv;selected=PENDING_REVIEW	425f94c2954b1fe80ebdbf9b29854e89750355df	9fbc8f5c0a16dd8b496759c80c249f72966d3d61b79f25256578b184954041f7	0005124cb1f88018441face1363962214eec03c77f108e9eb1b37cccce6f3a60	0123af9e96b58af4e98b91a2de5608d36b63c67864b9041d3340587f3dbe40d2	cfa8dcf0d81c408de38d4202fe1ce9d9e5e301d1e67439c9530da94b1e64ee3f	7484d7b0dd80f45e18d726b04752827fe28555cc5c1af0e127948380e6688abf
semantic-proposal-v1	SC1-f9b0318956a77357adf104d2f91500bdbf32a45ae515bf25c34dbfd7eef54f5e	S000200	2	P02	SYMBOLS.tsv	8256	selection_expression	aarch64	arch/arm64/include/asm/vncr_mapping.h	operative_macro	VNCR_PMSCR_EL1	92	PENDING_REVIEW	SOURCE_REVIEWED_VALUE	COMPLETE	vendor/linux/arch/arm64/include/asm/vncr_mapping.h;vendor/linux/arch/arm64/include/asm/vncr_mapping.h:92;rewrite/configs/aarch64/frozen.config;header_closure=rewrite/metadata/header_closure.tsv;selected=PENDING_REVIEW	425f94c2954b1fe80ebdbf9b29854e89750355df	9fbc8f5c0a16dd8b496759c80c249f72966d3d61b79f25256578b184954041f7	0005124cb1f88018441face1363962214eec03c77f108e9eb1b37cccce6f3a60	0123af9e96b58af4e98b91a2de5608d36b63c67864b9041d3340587f3dbe40d2	cfa8dcf0d81c408de38d4202fe1ce9d9e5e301d1e67439c9530da94b1e64ee3f	7484d7b0dd80f45e18d726b04752827fe28555cc5c1af0e127948380e6688abf
semantic-proposal-v1	SC1-1cd90a7a3c5a3359af87415dea9658037ef0645f02db6ee8b81a921e45707f55	S000200	2	P02	SYMBOLS.tsv	8256	status	aarch64	arch/arm64/include/asm/vncr_mapping.h	operative_macro	VNCR_PMSCR_EL1	92	PENDING_REVIEW	COMPLETE	COMPLETE	vendor/linux/arch/arm64/include/asm/vncr_mapping.h;vendor/linux/arch/arm64/include/asm/vncr_mapping.h:92;rewrite/configs/aarch64/frozen.config;header_closure=rewrite/metadata/header_closure.tsv;selected=PENDING_REVIEW	425f94c2954b1fe80ebdbf9b29854e89750355df	9fbc8f5c0a16dd8b496759c80c249f72966d3d61b79f25256578b184954041f7	0005124cb1f88018441face1363962214eec03c77f108e9eb1b37cccce6f3a60	0123af9e96b58af4e98b91a2de5608d36b63c67864b9041d3340587f3dbe40d2	cfa8dcf0d81c408de38d4202fe1ce9d9e5e301d1e67439c9530da94b1e64ee3f	7484d7b0dd80f45e18d726b04752827fe28555cc5c1af0e127948380e6688abf
semantic-proposal-v1	SC1-c944b17af48bd32d565a43cd3a29cdec65af92e372dc140fb0ab56ca3406efc7	S000200	2	P02	SYMBOLS.tsv	8257	selection_expression	aarch64	arch/arm64/include/asm/vncr_mapping.h	operative_macro	VNCR_PMSEVFR_EL1	93	PENDING_REVIEW	SOURCE_REVIEWED_VALUE	COMPLETE	vendor/linux/arch/arm64/include/asm/vncr_mapping.h;vendor/linux/arch/arm64/include/asm/vncr_mapping.h:93;rewrite/configs/aarch64/frozen.config;header_closure=rewrite/metadata/header_closure.tsv;selected=PENDING_REVIEW	425f94c2954b1fe80ebdbf9b29854e89750355df	9fbc8f5c0a16dd8b496759c80c249f72966d3d61b79f25256578b184954041f7	0005124cb1f88018441face1363962214eec03c77f108e9eb1b37cccce6f3a60	0123af9e96b58af4e98b91a2de5608d36b63c67864b9041d3340587f3dbe40d2	cfa8dcf0d81c408de38d4202fe1ce9d9e5e301d1e67439c9530da94b1e64ee3f	7484d7b0dd80f45e18d726b04752827fe28555cc5c1af0e127948380e6688abf
semantic-proposal-v1	SC1-06a52ed80fcea0760f8e8449d36086e779d078688ccfdb5a076b62c708306664	S000200	2	P02	SYMBOLS.tsv	8257	status	aarch64	arch/arm64/include/asm/vncr_mapping.h	operative_macro	VNCR_PMSEVFR_EL1	93	PENDING_REVIEW	COMPLETE	COMPLETE	vendor/linux/arch/arm64/include/asm/vncr_mapping.h;vendor/linux/arch/arm64/include/asm/vncr_mapping.h:93;rewrite/configs/aarch64/frozen.config;header_closure=rewrite/metadata/header_closure.tsv;selected=PENDING_REVIEW	425f94c2954b1fe80ebdbf9b29854e89750355df	9fbc8f5c0a16dd8b496759c80c249f72966d3d61b79f25256578b184954041f7	0005124cb1f88018441face1363962214eec03c77f108e9eb1b37cccce6f3a60	0123af9e96b58af4e98b91a2de5608d36b63c67864b9041d3340587f3dbe40d2	cfa8dcf0d81c408de38d4202fe1ce9d9e5e301d1e67439c9530da94b1e64ee3f	7484d7b0dd80f45e18d726b04752827fe28555cc5c1af0e127948380e6688abf
semantic-proposal-v1	SC1-953b6763cd24eeb5f394b679794c9c2ab4448a246b9286eb8ecca0bb8346e2c2	S000200	2	P02	SYMBOLS.tsv	8258	selection_expression	aarch64	arch/arm64/include/asm/vncr_mapping.h	operative_macro	VNCR_PMSICR_EL1	94	PENDING_REVIEW	SOURCE_REVIEWED_VALUE	COMPLETE	vendor/linux/arch/arm64/include/asm/vncr_mapping.h;vendor/linux/arch/arm64/include/asm/vncr_mapping.h:94;rewrite/configs/aarch64/frozen.config;header_closure=rewrite/metadata/header_closure.tsv;selected=PENDING_REVIEW	425f94c2954b1fe80ebdbf9b29854e89750355df	9fbc8f5c0a16dd8b496759c80c249f72966d3d61b79f25256578b184954041f7	0005124cb1f88018441face1363962214eec03c77f108e9eb1b37cccce6f3a60	0123af9e96b58af4e98b91a2de5608d36b63c67864b9041d3340587f3dbe40d2	cfa8dcf0d81c408de38d4202fe1ce9d9e5e301d1e67439c9530da94b1e64ee3f	7484d7b0dd80f45e18d726b04752827fe28555cc5c1af0e127948380e6688abf
semantic-proposal-v1	SC1-8838edd4f33907d6d8f360da0a2cf85fbdac7b9665d417dc98d65b013ecd8023	S000200	2	P02	SYMBOLS.tsv	8258	status	aarch64	arch/arm64/include/asm/vncr_mapping.h	operative_macro	VNCR_PMSICR_EL1	94	PENDING_REVIEW	COMPLETE	COMPLETE	vendor/linux/arch/arm64/include/asm/vncr_mapping.h;vendor/linux/arch/arm64/include/asm/vncr_mapping.h:94;rewrite/configs/aarch64/frozen.config;header_closure=rewrite/metadata/header_closure.tsv;selected=PENDING_REVIEW	425f94c2954b1fe80ebdbf9b29854e89750355df	9fbc8f5c0a16dd8b496759c80c249f72966d3d61b79f25256578b184954041f7	0005124cb1f88018441face1363962214eec03c77f108e9eb1b37cccce6f3a60	0123af9e96b58af4e98b91a2de5608d36b63c67864b9041d3340587f3dbe40d2	cfa8dcf0d81c408de38d4202fe1ce9d9e5e301d1e67439c9530da94b1e64ee3f	7484d7b0dd80f45e18d726b04752827fe28555cc5c1af0e127948380e6688abf
semantic-proposal-v1	SC1-e4492af60c98999f47d03bc54a9e615cfa2b64fc16bbceb851d5c7c69be430a6	S000200	2	P02	SYMBOLS.tsv	8259	selection_expression	aarch64	arch/arm64/include/asm/vncr_mapping.h	operative_macro	VNCR_PMSIRR_EL1	95	PENDING_REVIEW	SOURCE_REVIEWED_VALUE	COMPLETE	vendor/linux/arch/arm64/include/asm/vncr_mapping.h;vendor/linux/arch/arm64/include/asm/vncr_mapping.h:95;rewrite/configs/aarch64/frozen.config;header_closure=rewrite/metadata/header_closure.tsv;selected=PENDING_REVIEW	425f94c2954b1fe80ebdbf9b29854e89750355df	9fbc8f5c0a16dd8b496759c80c249f72966d3d61b79f25256578b184954041f7	0005124cb1f88018441face1363962214eec03c77f108e9eb1b37cccce6f3a60	0123af9e96b58af4e98b91a2de5608d36b63c67864b9041d3340587f3dbe40d2	cfa8dcf0d81c408de38d4202fe1ce9d9e5e301d1e67439c9530da94b1e64ee3f	7484d7b0dd80f45e18d726b04752827fe28555cc5c1af0e127948380e6688abf
semantic-proposal-v1	SC1-a64d2a52435ea5ebb01c83ef2e469783ef70179527c8a59137f8d5e2c9b6bda1	S000200	2	P02	SYMBOLS.tsv	8259	status	aarch64	arch/arm64/include/asm/vncr_mapping.h	operative_macro	VNCR_PMSIRR_EL1	95	PENDING_REVIEW	COMPLETE	COMPLETE	vendor/linux/arch/arm64/include/asm/vncr_mapping.h;vendor/linux/arch/arm64/include/asm/vncr_mapping.h:95;rewrite/configs/aarch64/frozen.config;header_closure=rewrite/metadata/header_closure.tsv;selected=PENDING_REVIEW	425f94c2954b1fe80ebdbf9b29854e89750355df	9fbc8f5c0a16dd8b496759c80c249f72966d3d61b79f25256578b184954041f7	0005124cb1f88018441face1363962214eec03c77f108e9eb1b37cccce6f3a60	0123af9e96b58af4e98b91a2de5608d36b63c67864b9041d3340587f3dbe40d2	cfa8dcf0d81c408de38d4202fe1ce9d9e5e301d1e67439c9530da94b1e64ee3f	7484d7b0dd80f45e18d726b04752827fe28555cc5c1af0e127948380e6688abf
semantic-proposal-v1	SC1-3ec2242d9415ab17991245e00796bea461e83366f963d6a77ef4e1d0df379901	S000200	2	P02	SYMBOLS.tsv	8260	selection_expression	aarch64	arch/arm64/include/asm/vncr_mapping.h	operative_macro	VNCR_PMSLATFR_EL1	96	PENDING_REVIEW	SOURCE_REVIEWED_VALUE	COMPLETE	vendor/linux/arch/arm64/include/asm/vncr_mapping.h;vendor/linux/arch/arm64/include/asm/vncr_mapping.h:96;rewrite/configs/aarch64/frozen.config;header_closure=rewrite/metadata/header_closure.tsv;selected=PENDING_REVIEW	425f94c2954b1fe80ebdbf9b29854e89750355df	9fbc8f5c0a16dd8b496759c80c249f72966d3d61b79f25256578b184954041f7	0005124cb1f88018441face1363962214eec03c77f108e9eb1b37cccce6f3a60	0123af9e96b58af4e98b91a2de5608d36b63c67864b9041d3340587f3dbe40d2	cfa8dcf0d81c408de38d4202fe1ce9d9e5e301d1e67439c9530da94b1e64ee3f	7484d7b0dd80f45e18d726b04752827fe28555cc5c1af0e127948380e6688abf
semantic-proposal-v1	SC1-3427830f75d4c525dd60079947533974bc57c3f69576d772f9a791f9dca57f2f	S000200	2	P02	SYMBOLS.tsv	8260	status	aarch64	arch/arm64/include/asm/vncr_mapping.h	operative_macro	VNCR_PMSLATFR_EL1	96	PENDING_REVIEW	COMPLETE	COMPLETE	vendor/linux/arch/arm64/include/asm/vncr_mapping.h;vendor/linux/arch/arm64/include/asm/vncr_mapping.h:96;rewrite/configs/aarch64/frozen.config;header_closure=rewrite/metadata/header_closure.tsv;selected=PENDING_REVIEW	425f94c2954b1fe80ebdbf9b29854e89750355df	9fbc8f5c0a16dd8b496759c80c249f72966d3d61b79f25256578b184954041f7	0005124cb1f88018441face1363962214eec03c77f108e9eb1b37cccce6f3a60	0123af9e96b58af4e98b91a2de5608d36b63c67864b9041d3340587f3dbe40d2	cfa8dcf0d81c408de38d4202fe1ce9d9e5e301d1e67439c9530da94b1e64ee3f	7484d7b0dd80f45e18d726b04752827fe28555cc5c1af0e127948380e6688abf
semantic-proposal-v1	SC1-03623bff9f0900a5dc2711eaf49248fde0c14ea01d812cd6a5203abd03666935	S000200	2	P02	SYMBOLS.tsv	8261	selection_expression	aarch64	arch/arm64/include/asm/vncr_mapping.h	operative_macro	VNCR_PMSNEVFR_EL1	97	PENDING_REVIEW	SOURCE_REVIEWED_VALUE	COMPLETE	vendor/linux/arch/arm64/include/asm/vncr_mapping.h;vendor/linux/arch/arm64/include/asm/vncr_mapping.h:97;rewrite/configs/aarch64/frozen.config;header_closure=rewrite/metadata/header_closure.tsv;selected=PENDING_REVIEW	425f94c2954b1fe80ebdbf9b29854e89750355df	9fbc8f5c0a16dd8b496759c80c249f72966d3d61b79f25256578b184954041f7	0005124cb1f88018441face1363962214eec03c77f108e9eb1b37cccce6f3a60	0123af9e96b58af4e98b91a2de5608d36b63c67864b9041d3340587f3dbe40d2	cfa8dcf0d81c408de38d4202fe1ce9d9e5e301d1e67439c9530da94b1e64ee3f	7484d7b0dd80f45e18d726b04752827fe28555cc5c1af0e127948380e6688abf
semantic-proposal-v1	SC1-eeb8124b140a805a039e23c31b4e2eaf56e9cc29c087109ff9515b270a0d2f20	S000200	2	P02	SYMBOLS.tsv	8261	status	aarch64	arch/arm64/include/asm/vncr_mapping.h	operative_macro	VNCR_PMSNEVFR_EL1	97	PENDING_REVIEW	COMPLETE	COMPLETE	vendor/linux/arch/arm64/include/asm/vncr_mapping.h;vendor/linux/arch/arm64/include/asm/vncr_mapping.h:97;rewrite/configs/aarch64/frozen.config;header_closure=rewrite/metadata/header_closure.tsv;selected=PENDING_REVIEW	425f94c2954b1fe80ebdbf9b29854e89750355df	9fbc8f5c0a16dd8b496759c80c249f72966d3d61b79f25256578b184954041f7	0005124cb1f88018441face1363962214eec03c77f108e9eb1b37cccce6f3a60	0123af9e96b58af4e98b91a2de5608d36b63c67864b9041d3340587f3dbe40d2	cfa8dcf0d81c408de38d4202fe1ce9d9e5e301d1e67439c9530da94b1e64ee3f	7484d7b0dd80f45e18d726b04752827fe28555cc5c1af0e127948380e6688abf
semantic-proposal-v1	SC1-e9d06ae524ec158045e82f17e98d987115cc5e6661a3ab0df7fcabfdce1b50a4	S000200	2	P02	SYMBOLS.tsv	8262	selection_expression	aarch64	arch/arm64/include/asm/vncr_mapping.h	operative_macro	VNCR_PMSDSFR_EL1	98	PENDING_REVIEW	SOURCE_REVIEWED_VALUE	COMPLETE	vendor/linux/arch/arm64/include/asm/vncr_mapping.h;vendor/linux/arch/arm64/include/asm/vncr_mapping.h:98;rewrite/configs/aarch64/frozen.config;header_closure=rewrite/metadata/header_closure.tsv;selected=PENDING_REVIEW	425f94c2954b1fe80ebdbf9b29854e89750355df	9fbc8f5c0a16dd8b496759c80c249f72966d3d61b79f25256578b184954041f7	0005124cb1f88018441face1363962214eec03c77f108e9eb1b37cccce6f3a60	0123af9e96b58af4e98b91a2de5608d36b63c67864b9041d3340587f3dbe40d2	cfa8dcf0d81c408de38d4202fe1ce9d9e5e301d1e67439c9530da94b1e64ee3f	7484d7b0dd80f45e18d726b04752827fe28555cc5c1af0e127948380e6688abf
semantic-proposal-v1	SC1-eae1c15c1352888c33b478aecbdd9a1eccb9cc0d47e6f77c1f1953ee31a5f300	S000200	2	P02	SYMBOLS.tsv	8262	status	aarch64	arch/arm64/include/asm/vncr_mapping.h	operative_macro	VNCR_PMSDSFR_EL1	98	PENDING_REVIEW	COMPLETE	COMPLETE	vendor/linux/arch/arm64/include/asm/vncr_mapping.h;vendor/linux/arch/arm64/include/asm/vncr_mapping.h:98;rewrite/configs/aarch64/frozen.config;header_closure=rewrite/metadata/header_closure.tsv;selected=PENDING_REVIEW	425f94c2954b1fe80ebdbf9b29854e89750355df	9fbc8f5c0a16dd8b496759c80c249f72966d3d61b79f25256578b184954041f7	0005124cb1f88018441face1363962214eec03c77f108e9eb1b37cccce6f3a60	0123af9e96b58af4e98b91a2de5608d36b63c67864b9041d3340587f3dbe40d2	cfa8dcf0d81c408de38d4202fe1ce9d9e5e301d1e67439c9530da94b1e64ee3f	7484d7b0dd80f45e18d726b04752827fe28555cc5c1af0e127948380e6688abf
semantic-proposal-v1	SC1-48994b578b84e775b06737cdf3cc487ac894d8fbb9d5e1767e0b47113e23debb	S000200	2	P02	SYMBOLS.tsv	8263	selection_expression	aarch64	arch/arm64/include/asm/vncr_mapping.h	operative_macro	VNCR_TRFCR_EL1	99	PENDING_REVIEW	SOURCE_REVIEWED_VALUE	COMPLETE	vendor/linux/arch/arm64/include/asm/vncr_mapping.h;vendor/linux/arch/arm64/include/asm/vncr_mapping.h:99;rewrite/configs/aarch64/frozen.config;header_closure=rewrite/metadata/header_closure.tsv;selected=PENDING_REVIEW	425f94c2954b1fe80ebdbf9b29854e89750355df	9fbc8f5c0a16dd8b496759c80c249f72966d3d61b79f25256578b184954041f7	0005124cb1f88018441face1363962214eec03c77f108e9eb1b37cccce6f3a60	0123af9e96b58af4e98b91a2de5608d36b63c67864b9041d3340587f3dbe40d2	cfa8dcf0d81c408de38d4202fe1ce9d9e5e301d1e67439c9530da94b1e64ee3f	7484d7b0dd80f45e18d726b04752827fe28555cc5c1af0e127948380e6688abf
semantic-proposal-v1	SC1-ae6966074300ad16b1f8785f7649c4dd5b17ea35082038c166dba0bb41224bf5	S000200	2	P02	SYMBOLS.tsv	8263	status	aarch64	arch/arm64/include/asm/vncr_mapping.h	operative_macro	VNCR_TRFCR_EL1	99	PENDING_REVIEW	COMPLETE	COMPLETE	vendor/linux/arch/arm64/include/asm/vncr_mapping.h;vendor/linux/arch/arm64/include/asm/vncr_mapping.h:99;rewrite/configs/aarch64/frozen.config;header_closure=rewrite/metadata/header_closure.tsv;selected=PENDING_REVIEW	425f94c2954b1fe80ebdbf9b29854e89750355df	9fbc8f5c0a16dd8b496759c80c249f72966d3d61b79f25256578b184954041f7	0005124cb1f88018441face1363962214eec03c77f108e9eb1b37cccce6f3a60	0123af9e96b58af4e98b91a2de5608d36b63c67864b9041d3340587f3dbe40d2	cfa8dcf0d81c408de38d4202fe1ce9d9e5e301d1e67439c9530da94b1e64ee3f	7484d7b0dd80f45e18d726b04752827fe28555cc5c1af0e127948380e6688abf
semantic-proposal-v1	SC1-1fba135864d80dbaf92cad49df04f81d50e6e2377a99d646381337c3bc1c6fbc	S000200	2	P02	SYMBOLS.tsv	8264	selection_expression	aarch64	arch/arm64/include/asm/vncr_mapping.h	operative_macro	VNCR_MPAM1_EL1	100	PENDING_REVIEW	SOURCE_REVIEWED_VALUE	COMPLETE	vendor/linux/arch/arm64/include/asm/vncr_mapping.h;vendor/linux/arch/arm64/include/asm/vncr_mapping.h:100;rewrite/configs/aarch64/frozen.config;header_closure=rewrite/metadata/header_closure.tsv;selected=PENDING_REVIEW	425f94c2954b1fe80ebdbf9b29854e89750355df	9fbc8f5c0a16dd8b496759c80c249f72966d3d61b79f25256578b184954041f7	0005124cb1f88018441face1363962214eec03c77f108e9eb1b37cccce6f3a60	0123af9e96b58af4e98b91a2de5608d36b63c67864b9041d3340587f3dbe40d2	cfa8dcf0d81c408de38d4202fe1ce9d9e5e301d1e67439c9530da94b1e64ee3f	7484d7b0dd80f45e18d726b04752827fe28555cc5c1af0e127948380e6688abf
semantic-proposal-v1	SC1-b17fe95b12de58bee90057acec5325638d49b90a982b46d0ad50ac0fc2c88f75	S000200	2	P02	SYMBOLS.tsv	8264	status	aarch64	arch/arm64/include/asm/vncr_mapping.h	operative_macro	VNCR_MPAM1_EL1	100	PENDING_REVIEW	COMPLETE	COMPLETE	vendor/linux/arch/arm64/include/asm/vncr_mapping.h;vendor/linux/arch/arm64/include/asm/vncr_mapping.h:100;rewrite/configs/aarch64/frozen.config;header_closure=rewrite/metadata/header_closure.tsv;selected=PENDING_REVIEW	425f94c2954b1fe80ebdbf9b29854e89750355df	9fbc8f5c0a16dd8b496759c80c249f72966d3d61b79f25256578b184954041f7	0005124cb1f88018441face1363962214eec03c77f108e9eb1b37cccce6f3a60	0123af9e96b58af4e98b91a2de5608d36b63c67864b9041d3340587f3dbe40d2	cfa8dcf0d81c408de38d4202fe1ce9d9e5e301d1e67439c9530da94b1e64ee3f	7484d7b0dd80f45e18d726b04752827fe28555cc5c1af0e127948380e6688abf
semantic-proposal-v1	SC1-2691b697db285271a37ebc85da9376ca8b9d0c5226813b46a5d507f41ec88232	S000200	2	P02	SYMBOLS.tsv	8265	selection_expression	aarch64	arch/arm64/include/asm/vncr_mapping.h	operative_macro	VNCR_MPAMHCR_EL2	101	PENDING_REVIEW	SOURCE_REVIEWED_VALUE	COMPLETE	vendor/linux/arch/arm64/include/asm/vncr_mapping.h;vendor/linux/arch/arm64/include/asm/vncr_mapping.h:101;rewrite/configs/aarch64/frozen.config;header_closure=rewrite/metadata/header_closure.tsv;selected=PENDING_REVIEW	425f94c2954b1fe80ebdbf9b29854e89750355df	9fbc8f5c0a16dd8b496759c80c249f72966d3d61b79f25256578b184954041f7	0005124cb1f88018441face1363962214eec03c77f108e9eb1b37cccce6f3a60	0123af9e96b58af4e98b91a2de5608d36b63c67864b9041d3340587f3dbe40d2	cfa8dcf0d81c408de38d4202fe1ce9d9e5e301d1e67439c9530da94b1e64ee3f	7484d7b0dd80f45e18d726b04752827fe28555cc5c1af0e127948380e6688abf
semantic-proposal-v1	SC1-2f033d15a52b54bc88f6a96a0ac7d0df58c1384f5a44601ae2eb986a8e74b4fa	S000200	2	P02	SYMBOLS.tsv	8265	status	aarch64	arch/arm64/include/asm/vncr_mapping.h	operative_macro	VNCR_MPAMHCR_EL2	101	PENDING_REVIEW	COMPLETE	COMPLETE	vendor/linux/arch/arm64/include/asm/vncr_mapping.h;vendor/linux/arch/arm64/include/asm/vncr_mapping.h:101;rewrite/configs/aarch64/frozen.config;header_closure=rewrite/metadata/header_closure.tsv;selected=PENDING_REVIEW	425f94c2954b1fe80ebdbf9b29854e89750355df	9fbc8f5c0a16dd8b496759c80c249f72966d3d61b79f25256578b184954041f7	0005124cb1f88018441face1363962214eec03c77f108e9eb1b37cccce6f3a60	0123af9e96b58af4e98b91a2de5608d36b63c67864b9041d3340587f3dbe40d2	cfa8dcf0d81c408de38d4202fe1ce9d9e5e301d1e67439c9530da94b1e64ee3f	7484d7b0dd80f45e18d726b04752827fe28555cc5c1af0e127948380e6688abf
semantic-proposal-v1	SC1-d6ab7348f7c16c6ba56ce15a2c2a5478adb7896308cef7d06ce9e72d6ce56e62	S000200	2	P02	SYMBOLS.tsv	8266	selection_expression	aarch64	arch/arm64/include/asm/vncr_mapping.h	operative_macro	VNCR_MPAMVPMV_EL2	102	PENDING_REVIEW	SOURCE_REVIEWED_VALUE	COMPLETE	vendor/linux/arch/arm64/include/asm/vncr_mapping.h;vendor/linux/arch/arm64/include/asm/vncr_mapping.h:102;rewrite/configs/aarch64/frozen.config;header_closure=rewrite/metadata/header_closure.tsv;selected=PENDING_REVIEW	425f94c2954b1fe80ebdbf9b29854e89750355df	9fbc8f5c0a16dd8b496759c80c249f72966d3d61b79f25256578b184954041f7	0005124cb1f88018441face1363962214eec03c77f108e9eb1b37cccce6f3a60	0123af9e96b58af4e98b91a2de5608d36b63c67864b9041d3340587f3dbe40d2	cfa8dcf0d81c408de38d4202fe1ce9d9e5e301d1e67439c9530da94b1e64ee3f	7484d7b0dd80f45e18d726b04752827fe28555cc5c1af0e127948380e6688abf
semantic-proposal-v1	SC1-6bfffc24e265ad28ca59b9b1d546eae200c120f5cfb7c3619fef8bda66d94a5f	S000200	2	P02	SYMBOLS.tsv	8266	status	aarch64	arch/arm64/include/asm/vncr_mapping.h	operative_macro	VNCR_MPAMVPMV_EL2	102	PENDING_REVIEW	COMPLETE	COMPLETE	vendor/linux/arch/arm64/include/asm/vncr_mapping.h;vendor/linux/arch/arm64/include/asm/vncr_mapping.h:102;rewrite/configs/aarch64/frozen.config;header_closure=rewrite/metadata/header_closure.tsv;selected=PENDING_REVIEW	425f94c2954b1fe80ebdbf9b29854e89750355df	9fbc8f5c0a16dd8b496759c80c249f72966d3d61b79f25256578b184954041f7	0005124cb1f88018441face1363962214eec03c77f108e9eb1b37cccce6f3a60	0123af9e96b58af4e98b91a2de5608d36b63c67864b9041d3340587f3dbe40d2	cfa8dcf0d81c408de38d4202fe1ce9d9e5e301d1e67439c9530da94b1e64ee3f	7484d7b0dd80f45e18d726b04752827fe28555cc5c1af0e127948380e6688abf
semantic-proposal-v1	SC1-9a006e116c027b16eec84b97e7fc06234aae52f1c12595e5b091f254e11f8cb6	S000200	2	P02	SYMBOLS.tsv	8267	selection_expression	aarch64	arch/arm64/include/asm/vncr_mapping.h	operative_macro	VNCR_MPAMVPM0_EL2	103	PENDING_REVIEW	SOURCE_REVIEWED_VALUE	COMPLETE	vendor/linux/arch/arm64/include/asm/vncr_mapping.h;vendor/linux/arch/arm64/include/asm/vncr_mapping.h:103;rewrite/configs/aarch64/frozen.config;header_closure=rewrite/metadata/header_closure.tsv;selected=PENDING_REVIEW	425f94c2954b1fe80ebdbf9b29854e89750355df	9fbc8f5c0a16dd8b496759c80c249f72966d3d61b79f25256578b184954041f7	0005124cb1f88018441face1363962214eec03c77f108e9eb1b37cccce6f3a60	0123af9e96b58af4e98b91a2de5608d36b63c67864b9041d3340587f3dbe40d2	cfa8dcf0d81c408de38d4202fe1ce9d9e5e301d1e67439c9530da94b1e64ee3f	7484d7b0dd80f45e18d726b04752827fe28555cc5c1af0e127948380e6688abf
semantic-proposal-v1	SC1-8135955d8a0610ac53fbd23910eedbd5b13a27de82fd27db9819e90da413ef23	S000200	2	P02	SYMBOLS.tsv	8267	status	aarch64	arch/arm64/include/asm/vncr_mapping.h	operative_macro	VNCR_MPAMVPM0_EL2	103	PENDING_REVIEW	COMPLETE	COMPLETE	vendor/linux/arch/arm64/include/asm/vncr_mapping.h;vendor/linux/arch/arm64/include/asm/vncr_mapping.h:103;rewrite/configs/aarch64/frozen.config;header_closure=rewrite/metadata/header_closure.tsv;selected=PENDING_REVIEW	425f94c2954b1fe80ebdbf9b29854e89750355df	9fbc8f5c0a16dd8b496759c80c249f72966d3d61b79f25256578b184954041f7	0005124cb1f88018441face1363962214eec03c77f108e9eb1b37cccce6f3a60	0123af9e96b58af4e98b91a2de5608d36b63c67864b9041d3340587f3dbe40d2	cfa8dcf0d81c408de38d4202fe1ce9d9e5e301d1e67439c9530da94b1e64ee3f	7484d7b0dd80f45e18d726b04752827fe28555cc5c1af0e127948380e6688abf
semantic-proposal-v1	SC1-4b864fbd8dce8ba3632e16ec7f3df09f4d0f4aeefd062a49b4179d7dbde66701	S000200	2	P02	SYMBOLS.tsv	8268	selection_expression	aarch64	arch/arm64/include/asm/vncr_mapping.h	operative_macro	VNCR_MPAMVPM1_EL2	104	PENDING_REVIEW	SOURCE_REVIEWED_VALUE	COMPLETE	vendor/linux/arch/arm64/include/asm/vncr_mapping.h;vendor/linux/arch/arm64/include/asm/vncr_mapping.h:104;rewrite/configs/aarch64/frozen.config;header_closure=rewrite/metadata/header_closure.tsv;selected=PENDING_REVIEW	425f94c2954b1fe80ebdbf9b29854e89750355df	9fbc8f5c0a16dd8b496759c80c249f72966d3d61b79f25256578b184954041f7	0005124cb1f88018441face1363962214eec03c77f108e9eb1b37cccce6f3a60	0123af9e96b58af4e98b91a2de5608d36b63c67864b9041d3340587f3dbe40d2	cfa8dcf0d81c408de38d4202fe1ce9d9e5e301d1e67439c9530da94b1e64ee3f	7484d7b0dd80f45e18d726b04752827fe28555cc5c1af0e127948380e6688abf
semantic-proposal-v1	SC1-abec9ae31da1b51f46fc7ef113768c500cd19bd349fcffaf257c2e8c76287c52	S000200	2	P02	SYMBOLS.tsv	8268	status	aarch64	arch/arm64/include/asm/vncr_mapping.h	operative_macro	VNCR_MPAMVPM1_EL2	104	PENDING_REVIEW	COMPLETE	COMPLETE	vendor/linux/arch/arm64/include/asm/vncr_mapping.h;vendor/linux/arch/arm64/include/asm/vncr_mapping.h:104;rewrite/configs/aarch64/frozen.config;header_closure=rewrite/metadata/header_closure.tsv;selected=PENDING_REVIEW	425f94c2954b1fe80ebdbf9b29854e89750355df	9fbc8f5c0a16dd8b496759c80c249f72966d3d61b79f25256578b184954041f7	0005124cb1f88018441face1363962214eec03c77f108e9eb1b37cccce6f3a60	0123af9e96b58af4e98b91a2de5608d36b63c67864b9041d3340587f3dbe40d2	cfa8dcf0d81c408de38d4202fe1ce9d9e5e301d1e67439c9530da94b1e64ee3f	7484d7b0dd80f45e18d726b04752827fe28555cc5c1af0e127948380e6688abf
semantic-proposal-v1	SC1-fc5071b1ac079a0b77a74fc8e253b5ede69e794621126346ffc27fffcbeb790c	S000200	2	P02	SYMBOLS.tsv	8269	selection_expression	aarch64	arch/arm64/include/asm/vncr_mapping.h	operative_macro	VNCR_MPAMVPM2_EL2	105	PENDING_REVIEW	SOURCE_REVIEWED_VALUE	COMPLETE	vendor/linux/arch/arm64/include/asm/vncr_mapping.h;vendor/linux/arch/arm64/include/asm/vncr_mapping.h:105;rewrite/configs/aarch64/frozen.config;header_closure=rewrite/metadata/header_closure.tsv;selected=PENDING_REVIEW	425f94c2954b1fe80ebdbf9b29854e89750355df	9fbc8f5c0a16dd8b496759c80c249f72966d3d61b79f25256578b184954041f7	0005124cb1f88018441face1363962214eec03c77f108e9eb1b37cccce6f3a60	0123af9e96b58af4e98b91a2de5608d36b63c67864b9041d3340587f3dbe40d2	cfa8dcf0d81c408de38d4202fe1ce9d9e5e301d1e67439c9530da94b1e64ee3f	7484d7b0dd80f45e18d726b04752827fe28555cc5c1af0e127948380e6688abf
semantic-proposal-v1	SC1-513dcf604b9d3f6d335ca0a50b0eb40ffe7143dd792ccc8abd927c95b1c66673	S000200	2	P02	SYMBOLS.tsv	8269	status	aarch64	arch/arm64/include/asm/vncr_mapping.h	operative_macro	VNCR_MPAMVPM2_EL2	105	PENDING_REVIEW	COMPLETE	COMPLETE	vendor/linux/arch/arm64/include/asm/vncr_mapping.h;vendor/linux/arch/arm64/include/asm/vncr_mapping.h:105;rewrite/configs/aarch64/frozen.config;header_closure=rewrite/metadata/header_closure.tsv;selected=PENDING_REVIEW	425f94c2954b1fe80ebdbf9b29854e89750355df	9fbc8f5c0a16dd8b496759c80c249f72966d3d61b79f25256578b184954041f7	0005124cb1f88018441face1363962214eec03c77f108e9eb1b37cccce6f3a60	0123af9e96b58af4e98b91a2de5608d36b63c67864b9041d3340587f3dbe40d2	cfa8dcf0d81c408de38d4202fe1ce9d9e5e301d1e67439c9530da94b1e64ee3f	7484d7b0dd80f45e18d726b04752827fe28555cc5c1af0e127948380e6688abf
semantic-proposal-v1	SC1-c9534263462c247ffea3bd53c9bb447e9f8061230dbac8d2c0991bf3ffe75c92	S000200	2	P02	SYMBOLS.tsv	8270	selection_expression	aarch64	arch/arm64/include/asm/vncr_mapping.h	operative_macro	VNCR_MPAMVPM3_EL2	106	PENDING_REVIEW	SOURCE_REVIEWED_VALUE	COMPLETE	vendor/linux/arch/arm64/include/asm/vncr_mapping.h;vendor/linux/arch/arm64/include/asm/vncr_mapping.h:106;rewrite/configs/aarch64/frozen.config;header_closure=rewrite/metadata/header_closure.tsv;selected=PENDING_REVIEW	425f94c2954b1fe80ebdbf9b29854e89750355df	9fbc8f5c0a16dd8b496759c80c249f72966d3d61b79f25256578b184954041f7	0005124cb1f88018441face1363962214eec03c77f108e9eb1b37cccce6f3a60	0123af9e96b58af4e98b91a2de5608d36b63c67864b9041d3340587f3dbe40d2	cfa8dcf0d81c408de38d4202fe1ce9d9e5e301d1e67439c9530da94b1e64ee3f	7484d7b0dd80f45e18d726b04752827fe28555cc5c1af0e127948380e6688abf
semantic-proposal-v1	SC1-2c30692b6512fe97fa8020c46c066c6423f2011c782937ffeed889ed43de9487	S000200	2	P02	SYMBOLS.tsv	8270	status	aarch64	arch/arm64/include/asm/vncr_mapping.h	operative_macro	VNCR_MPAMVPM3_EL2	106	PENDING_REVIEW	COMPLETE	COMPLETE	vendor/linux/arch/arm64/include/asm/vncr_mapping.h;vendor/linux/arch/arm64/include/asm/vncr_mapping.h:106;rewrite/configs/aarch64/frozen.config;header_closure=rewrite/metadata/header_closure.tsv;selected=PENDING_REVIEW	425f94c2954b1fe80ebdbf9b29854e89750355df	9fbc8f5c0a16dd8b496759c80c249f72966d3d61b79f25256578b184954041f7	0005124cb1f88018441face1363962214eec03c77f108e9eb1b37cccce6f3a60	0123af9e96b58af4e98b91a2de5608d36b63c67864b9041d3340587f3dbe40d2	cfa8dcf0d81c408de38d4202fe1ce9d9e5e301d1e67439c9530da94b1e64ee3f	7484d7b0dd80f45e18d726b04752827fe28555cc5c1af0e127948380e6688abf
semantic-proposal-v1	SC1-24525549b49bb97d23db1fe48a87dccc19515336a38f4a12bc8862d2cb917623	S000200	2	P02	SYMBOLS.tsv	8271	selection_expression	aarch64	arch/arm64/include/asm/vncr_mapping.h	operative_macro	VNCR_MPAMVPM4_EL2	107	PENDING_REVIEW	SOURCE_REVIEWED_VALUE	COMPLETE	vendor/linux/arch/arm64/include/asm/vncr_mapping.h;vendor/linux/arch/arm64/include/asm/vncr_mapping.h:107;rewrite/configs/aarch64/frozen.config;header_closure=rewrite/metadata/header_closure.tsv;selected=PENDING_REVIEW	425f94c2954b1fe80ebdbf9b29854e89750355df	9fbc8f5c0a16dd8b496759c80c249f72966d3d61b79f25256578b184954041f7	0005124cb1f88018441face1363962214eec03c77f108e9eb1b37cccce6f3a60	0123af9e96b58af4e98b91a2de5608d36b63c67864b9041d3340587f3dbe40d2	cfa8dcf0d81c408de38d4202fe1ce9d9e5e301d1e67439c9530da94b1e64ee3f	7484d7b0dd80f45e18d726b04752827fe28555cc5c1af0e127948380e6688abf
semantic-proposal-v1	SC1-4cd9129c4f7d8d47a2646d68214a09e9047cbb95fa7c8d03086d27ea5dab13ba	S000200	2	P02	SYMBOLS.tsv	8271	status	aarch64	arch/arm64/include/asm/vncr_mapping.h	operative_macro	VNCR_MPAMVPM4_EL2	107	PENDING_REVIEW	COMPLETE	COMPLETE	vendor/linux/arch/arm64/include/asm/vncr_mapping.h;vendor/linux/arch/arm64/include/asm/vncr_mapping.h:107;rewrite/configs/aarch64/frozen.config;header_closure=rewrite/metadata/header_closure.tsv;selected=PENDING_REVIEW	425f94c2954b1fe80ebdbf9b29854e89750355df	9fbc8f5c0a16dd8b496759c80c249f72966d3d61b79f25256578b184954041f7	0005124cb1f88018441face1363962214eec03c77f108e9eb1b37cccce6f3a60	0123af9e96b58af4e98b91a2de5608d36b63c67864b9041d3340587f3dbe40d2	cfa8dcf0d81c408de38d4202fe1ce9d9e5e301d1e67439c9530da94b1e64ee3f	7484d7b0dd80f45e18d726b04752827fe28555cc5c1af0e127948380e6688abf
semantic-proposal-v1	SC1-8e9d35d8e763f053029142f46f1a949a3da77715eebdfe4b2175c39617eb3144	S000200	2	P02	SYMBOLS.tsv	8272	selection_expression	aarch64	arch/arm64/include/asm/vncr_mapping.h	operative_macro	VNCR_MPAMVPM5_EL2	108	PENDING_REVIEW	SOURCE_REVIEWED_VALUE	COMPLETE	vendor/linux/arch/arm64/include/asm/vncr_mapping.h;vendor/linux/arch/arm64/include/asm/vncr_mapping.h:108;rewrite/configs/aarch64/frozen.config;header_closure=rewrite/metadata/header_closure.tsv;selected=PENDING_REVIEW	425f94c2954b1fe80ebdbf9b29854e89750355df	9fbc8f5c0a16dd8b496759c80c249f72966d3d61b79f25256578b184954041f7	0005124cb1f88018441face1363962214eec03c77f108e9eb1b37cccce6f3a60	0123af9e96b58af4e98b91a2de5608d36b63c67864b9041d3340587f3dbe40d2	cfa8dcf0d81c408de38d4202fe1ce9d9e5e301d1e67439c9530da94b1e64ee3f	7484d7b0dd80f45e18d726b04752827fe28555cc5c1af0e127948380e6688abf
semantic-proposal-v1	SC1-93336529cc6a737d04197c921bcad0bef3d2c958f3997eb6959373cb1242ab2f	S000200	2	P02	SYMBOLS.tsv	8272	status	aarch64	arch/arm64/include/asm/vncr_mapping.h	operative_macro	VNCR_MPAMVPM5_EL2	108	PENDING_REVIEW	COMPLETE	COMPLETE	vendor/linux/arch/arm64/include/asm/vncr_mapping.h;vendor/linux/arch/arm64/include/asm/vncr_mapping.h:108;rewrite/configs/aarch64/frozen.config;header_closure=rewrite/metadata/header_closure.tsv;selected=PENDING_REVIEW	425f94c2954b1fe80ebdbf9b29854e89750355df	9fbc8f5c0a16dd8b496759c80c249f72966d3d61b79f25256578b184954041f7	0005124cb1f88018441face1363962214eec03c77f108e9eb1b37cccce6f3a60	0123af9e96b58af4e98b91a2de5608d36b63c67864b9041d3340587f3dbe40d2	cfa8dcf0d81c408de38d4202fe1ce9d9e5e301d1e67439c9530da94b1e64ee3f	7484d7b0dd80f45e18d726b04752827fe28555cc5c1af0e127948380e6688abf
semantic-proposal-v1	SC1-ee62546871aad5395ecf1bbaa69ec2aa4cd69b85ed106a10e0e0765239e8170e	S000200	2	P02	SYMBOLS.tsv	8273	selection_expression	aarch64	arch/arm64/include/asm/vncr_mapping.h	operative_macro	VNCR_MPAMVPM6_EL2	109	PENDING_REVIEW	SOURCE_REVIEWED_VALUE	COMPLETE	vendor/linux/arch/arm64/include/asm/vncr_mapping.h;vendor/linux/arch/arm64/include/asm/vncr_mapping.h:109;rewrite/configs/aarch64/frozen.config;header_closure=rewrite/metadata/header_closure.tsv;selected=PENDING_REVIEW	425f94c2954b1fe80ebdbf9b29854e89750355df	9fbc8f5c0a16dd8b496759c80c249f72966d3d61b79f25256578b184954041f7	0005124cb1f88018441face1363962214eec03c77f108e9eb1b37cccce6f3a60	0123af9e96b58af4e98b91a2de5608d36b63c67864b9041d3340587f3dbe40d2	cfa8dcf0d81c408de38d4202fe1ce9d9e5e301d1e67439c9530da94b1e64ee3f	7484d7b0dd80f45e18d726b04752827fe28555cc5c1af0e127948380e6688abf
semantic-proposal-v1	SC1-76054fc0761a0210e0844e0aab0e1b7296f6acc4158f9082caf2d795e02b4579	S000200	2	P02	SYMBOLS.tsv	8273	status	aarch64	arch/arm64/include/asm/vncr_mapping.h	operative_macro	VNCR_MPAMVPM6_EL2	109	PENDING_REVIEW	COMPLETE	COMPLETE	vendor/linux/arch/arm64/include/asm/vncr_mapping.h;vendor/linux/arch/arm64/include/asm/vncr_mapping.h:109;rewrite/configs/aarch64/frozen.config;header_closure=rewrite/metadata/header_closure.tsv;selected=PENDING_REVIEW	425f94c2954b1fe80ebdbf9b29854e89750355df	9fbc8f5c0a16dd8b496759c80c249f72966d3d61b79f25256578b184954041f7	0005124cb1f88018441face1363962214eec03c77f108e9eb1b37cccce6f3a60	0123af9e96b58af4e98b91a2de5608d36b63c67864b9041d3340587f3dbe40d2	cfa8dcf0d81c408de38d4202fe1ce9d9e5e301d1e67439c9530da94b1e64ee3f	7484d7b0dd80f45e18d726b04752827fe28555cc5c1af0e127948380e6688abf
semantic-proposal-v1	SC1-16ca9dff8e3cee1531886184755b5fec77a162e0cc44ef0c938a770c839285d2	S000200	2	P02	SYMBOLS.tsv	8274	selection_expression	aarch64	arch/arm64/include/asm/vncr_mapping.h	operative_macro	VNCR_MPAMVPM7_EL2	110	PENDING_REVIEW	SOURCE_REVIEWED_VALUE	COMPLETE	vendor/linux/arch/arm64/include/asm/vncr_mapping.h;vendor/linux/arch/arm64/include/asm/vncr_mapping.h:110;rewrite/configs/aarch64/frozen.config;header_closure=rewrite/metadata/header_closure.tsv;selected=PENDING_REVIEW	425f94c2954b1fe80ebdbf9b29854e89750355df	9fbc8f5c0a16dd8b496759c80c249f72966d3d61b79f25256578b184954041f7	0005124cb1f88018441face1363962214eec03c77f108e9eb1b37cccce6f3a60	0123af9e96b58af4e98b91a2de5608d36b63c67864b9041d3340587f3dbe40d2	cfa8dcf0d81c408de38d4202fe1ce9d9e5e301d1e67439c9530da94b1e64ee3f	7484d7b0dd80f45e18d726b04752827fe28555cc5c1af0e127948380e6688abf
semantic-proposal-v1	SC1-c921789acac1559e7ba28e94be9441087b46e5162a86b2f54d6f5c5f40e05b42	S000200	2	P02	SYMBOLS.tsv	8274	status	aarch64	arch/arm64/include/asm/vncr_mapping.h	operative_macro	VNCR_MPAMVPM7_EL2	110	PENDING_REVIEW	COMPLETE	COMPLETE	vendor/linux/arch/arm64/include/asm/vncr_mapping.h;vendor/linux/arch/arm64/include/asm/vncr_mapping.h:110;rewrite/configs/aarch64/frozen.config;header_closure=rewrite/metadata/header_closure.tsv;selected=PENDING_REVIEW	425f94c2954b1fe80ebdbf9b29854e89750355df	9fbc8f5c0a16dd8b496759c80c249f72966d3d61b79f25256578b184954041f7	0005124cb1f88018441face1363962214eec03c77f108e9eb1b37cccce6f3a60	0123af9e96b58af4e98b91a2de5608d36b63c67864b9041d3340587f3dbe40d2	cfa8dcf0d81c408de38d4202fe1ce9d9e5e301d1e67439c9530da94b1e64ee3f	7484d7b0dd80f45e18d726b04752827fe28555cc5c1af0e127948380e6688abf
semantic-proposal-v1	SC1-922c40afb0e740ec23ba1ce39a148942bc7da87103366abfdc77f335d58b62bf	S000200	2	P02	SYMBOLS.tsv	8275	selection_expression	aarch64	arch/arm64/include/asm/vncr_mapping.h	operative_macro	VNCR_ICH_HFGITR_EL2	111	PENDING_REVIEW	SOURCE_REVIEWED_VALUE	COMPLETE	vendor/linux/arch/arm64/include/asm/vncr_mapping.h;vendor/linux/arch/arm64/include/asm/vncr_mapping.h:111;rewrite/configs/aarch64/frozen.config;header_closure=rewrite/metadata/header_closure.tsv;selected=PENDING_REVIEW	425f94c2954b1fe80ebdbf9b29854e89750355df	9fbc8f5c0a16dd8b496759c80c249f72966d3d61b79f25256578b184954041f7	0005124cb1f88018441face1363962214eec03c77f108e9eb1b37cccce6f3a60	0123af9e96b58af4e98b91a2de5608d36b63c67864b9041d3340587f3dbe40d2	cfa8dcf0d81c408de38d4202fe1ce9d9e5e301d1e67439c9530da94b1e64ee3f	7484d7b0dd80f45e18d726b04752827fe28555cc5c1af0e127948380e6688abf
semantic-proposal-v1	SC1-1a7f0352944f1fc7b371fb9fafbc51f0fd72eb9c6389435ce9c01c06011eb17c	S000200	2	P02	SYMBOLS.tsv	8275	status	aarch64	arch/arm64/include/asm/vncr_mapping.h	operative_macro	VNCR_ICH_HFGITR_EL2	111	PENDING_REVIEW	COMPLETE	COMPLETE	vendor/linux/arch/arm64/include/asm/vncr_mapping.h;vendor/linux/arch/arm64/include/asm/vncr_mapping.h:111;rewrite/configs/aarch64/frozen.config;header_closure=rewrite/metadata/header_closure.tsv;selected=PENDING_REVIEW	425f94c2954b1fe80ebdbf9b29854e89750355df	9fbc8f5c0a16dd8b496759c80c249f72966d3d61b79f25256578b184954041f7	0005124cb1f88018441face1363962214eec03c77f108e9eb1b37cccce6f3a60	0123af9e96b58af4e98b91a2de5608d36b63c67864b9041d3340587f3dbe40d2	cfa8dcf0d81c408de38d4202fe1ce9d9e5e301d1e67439c9530da94b1e64ee3f	7484d7b0dd80f45e18d726b04752827fe28555cc5c1af0e127948380e6688abf
semantic-proposal-v1	SC1-78649c831d44ccdc2d4e270e6147b679b677f62054fd80197c5d547766c7d55a	S000200	2	P02	SYMBOLS.tsv	8276	selection_expression	aarch64	arch/arm64/include/asm/vncr_mapping.h	operative_macro	VNCR_ICH_HFGRTR_EL2	112	PENDING_REVIEW	SOURCE_REVIEWED_VALUE	COMPLETE	vendor/linux/arch/arm64/include/asm/vncr_mapping.h;vendor/linux/arch/arm64/include/asm/vncr_mapping.h:112;rewrite/configs/aarch64/frozen.config;header_closure=rewrite/metadata/header_closure.tsv;selected=PENDING_REVIEW	425f94c2954b1fe80ebdbf9b29854e89750355df	9fbc8f5c0a16dd8b496759c80c249f72966d3d61b79f25256578b184954041f7	0005124cb1f88018441face1363962214eec03c77f108e9eb1b37cccce6f3a60	0123af9e96b58af4e98b91a2de5608d36b63c67864b9041d3340587f3dbe40d2	cfa8dcf0d81c408de38d4202fe1ce9d9e5e301d1e67439c9530da94b1e64ee3f	7484d7b0dd80f45e18d726b04752827fe28555cc5c1af0e127948380e6688abf
semantic-proposal-v1	SC1-5bd846d4d6eb33f1777940baf137b4840c3ac1ab6358dd4f393133054b2cc119	S000200	2	P02	SYMBOLS.tsv	8276	status	aarch64	arch/arm64/include/asm/vncr_mapping.h	operative_macro	VNCR_ICH_HFGRTR_EL2	112	PENDING_REVIEW	COMPLETE	COMPLETE	vendor/linux/arch/arm64/include/asm/vncr_mapping.h;vendor/linux/arch/arm64/include/asm/vncr_mapping.h:112;rewrite/configs/aarch64/frozen.config;header_closure=rewrite/metadata/header_closure.tsv;selected=PENDING_REVIEW	425f94c2954b1fe80ebdbf9b29854e89750355df	9fbc8f5c0a16dd8b496759c80c249f72966d3d61b79f25256578b184954041f7	0005124cb1f88018441face1363962214eec03c77f108e9eb1b37cccce6f3a60	0123af9e96b58af4e98b91a2de5608d36b63c67864b9041d3340587f3dbe40d2	cfa8dcf0d81c408de38d4202fe1ce9d9e5e301d1e67439c9530da94b1e64ee3f	7484d7b0dd80f45e18d726b04752827fe28555cc5c1af0e127948380e6688abf
semantic-proposal-v1	SC1-45bd3a289e72d9910fd9e13b7db020adae688fd5dac49e9921100e2592292fd2	S000200	2	P02	SYMBOLS.tsv	8277	selection_expression	aarch64	arch/arm64/include/asm/vncr_mapping.h	operative_macro	VNCR_ICH_HFGWTR_EL2	113	PENDING_REVIEW	SOURCE_REVIEWED_VALUE	COMPLETE	vendor/linux/arch/arm64/include/asm/vncr_mapping.h;vendor/linux/arch/arm64/include/asm/vncr_mapping.h:113;rewrite/configs/aarch64/frozen.config;header_closure=rewrite/metadata/header_closure.tsv;selected=PENDING_REVIEW	425f94c2954b1fe80ebdbf9b29854e89750355df	9fbc8f5c0a16dd8b496759c80c249f72966d3d61b79f25256578b184954041f7	0005124cb1f88018441face1363962214eec03c77f108e9eb1b37cccce6f3a60	0123af9e96b58af4e98b91a2de5608d36b63c67864b9041d3340587f3dbe40d2	cfa8dcf0d81c408de38d4202fe1ce9d9e5e301d1e67439c9530da94b1e64ee3f	7484d7b0dd80f45e18d726b04752827fe28555cc5c1af0e127948380e6688abf
semantic-proposal-v1	SC1-c7929fd31d9a7670f287234e1f3c25823e9aeb5728f0790ec0567d2e9901cd23	S000200	2	P02	SYMBOLS.tsv	8277	status	aarch64	arch/arm64/include/asm/vncr_mapping.h	operative_macro	VNCR_ICH_HFGWTR_EL2	113	PENDING_REVIEW	COMPLETE	COMPLETE	vendor/linux/arch/arm64/include/asm/vncr_mapping.h;vendor/linux/arch/arm64/include/asm/vncr_mapping.h:113;rewrite/configs/aarch64/frozen.config;header_closure=rewrite/metadata/header_closure.tsv;selected=PENDING_REVIEW	425f94c2954b1fe80ebdbf9b29854e89750355df	9fbc8f5c0a16dd8b496759c80c249f72966d3d61b79f25256578b184954041f7	0005124cb1f88018441face1363962214eec03c77f108e9eb1b37cccce6f3a60	0123af9e96b58af4e98b91a2de5608d36b63c67864b9041d3340587f3dbe40d2	cfa8dcf0d81c408de38d4202fe1ce9d9e5e301d1e67439c9530da94b1e64ee3f	7484d7b0dd80f45e18d726b04752827fe28555cc5c1af0e127948380e6688abf
