schema_version	record_key	task_id	attempt	pipeline_id	manifest	base_row	field	architecture	linux_path	record_kind	symbol_name	source_line	old_value	final_value	decision_status	source_citations	linux_sha	candidate_sha256	implementation_sha256	phase0_identity_sha256	queue_fingerprint	base_manifest_sha256
semantic-proposal-v1	SC1-ef6550fea84a25f6ce312bb9ea44620114756e41f8099e17f72136370962be03	S013171	1	P01	SCOPE.tsv	13172	semantic_status	common	include/dt-bindings/leds/common.h	scope	S013171	0	PENDING_REVIEW	COMPLETE	COMPLETE	vendor/linux/include/dt-bindings/leds/common.h;rewrite/metadata/header_closure.tsv	425f94c2954b1fe80ebdbf9b29854e89750355df	f370894314d3d608a6c204aeb27c4b8eda6aefec7b57be516a7d370de1e30093	7605a9b1ced9827c55b017ef1f5b436774e4fe3a6c3fed3f0a6ddd53218ac673	0123af9e96b58af4e98b91a2de5608d36b63c67864b9041d3340587f3dbe40d2	cfa8dcf0d81c408de38d4202fe1ce9d9e5e301d1e67439c9530da94b1e64ee3f	b83349e6731e17e5da5e04a0ea053487e8ac8d9269538dbdb367d83f77b17e0a
semantic-proposal-v1	SC1-39e26cb4d5c36619c0bb3b51f5334feba5a9fa3bf5de60be72d715f370910c7d	S013171	1	P01	SYMBOLS.tsv	145904	status	aarch64	include/dt-bindings/leds/common.h	conditional	ifndef@12	12	PENDING_REVIEW	COMPLETE	COMPLETE	vendor/linux/include/dt-bindings/leds/common.h;vendor/linux/include/dt-bindings/leds/common.h:12;rewrite/configs/aarch64/frozen.config;header_closure=rewrite/metadata/header_closure.tsv;selected=PENDING_REVIEW	425f94c2954b1fe80ebdbf9b29854e89750355df	f370894314d3d608a6c204aeb27c4b8eda6aefec7b57be516a7d370de1e30093	7605a9b1ced9827c55b017ef1f5b436774e4fe3a6c3fed3f0a6ddd53218ac673	0123af9e96b58af4e98b91a2de5608d36b63c67864b9041d3340587f3dbe40d2	cfa8dcf0d81c408de38d4202fe1ce9d9e5e301d1e67439c9530da94b1e64ee3f	7484d7b0dd80f45e18d726b04752827fe28555cc5c1af0e127948380e6688abf
semantic-proposal-v1	SC1-60d08daba86fe00c397c18659bcd585436814255cc54a9666cbd6b62795a1dd1	S013171	1	P01	SYMBOLS.tsv	145905	status	aarch64	include/dt-bindings/leds/common.h	conditional	endif@114	114	PENDING_REVIEW	COMPLETE	COMPLETE	vendor/linux/include/dt-bindings/leds/common.h;vendor/linux/include/dt-bindings/leds/common.h:114;rewrite/configs/aarch64/frozen.config;header_closure=rewrite/metadata/header_closure.tsv;selected=PENDING_REVIEW	425f94c2954b1fe80ebdbf9b29854e89750355df	f370894314d3d608a6c204aeb27c4b8eda6aefec7b57be516a7d370de1e30093	7605a9b1ced9827c55b017ef1f5b436774e4fe3a6c3fed3f0a6ddd53218ac673	0123af9e96b58af4e98b91a2de5608d36b63c67864b9041d3340587f3dbe40d2	cfa8dcf0d81c408de38d4202fe1ce9d9e5e301d1e67439c9530da94b1e64ee3f	7484d7b0dd80f45e18d726b04752827fe28555cc5c1af0e127948380e6688abf
semantic-proposal-v1	SC1-01eea1bca01f92ba257cc5a56508b1269c5519dee5f146c4966e1bdb7b4a3377	S013171	1	P01	SYMBOLS.tsv	145906	selection_expression	aarch64	include/dt-bindings/leds/common.h	operative_macro	__DT_BINDINGS_LEDS_H	13	PENDING_REVIEW	SOURCE_REVIEWED_VALUE	COMPLETE	vendor/linux/include/dt-bindings/leds/common.h;vendor/linux/include/dt-bindings/leds/common.h:13;rewrite/configs/aarch64/frozen.config;header_closure=rewrite/metadata/header_closure.tsv;selected=PENDING_REVIEW	425f94c2954b1fe80ebdbf9b29854e89750355df	f370894314d3d608a6c204aeb27c4b8eda6aefec7b57be516a7d370de1e30093	7605a9b1ced9827c55b017ef1f5b436774e4fe3a6c3fed3f0a6ddd53218ac673	0123af9e96b58af4e98b91a2de5608d36b63c67864b9041d3340587f3dbe40d2	cfa8dcf0d81c408de38d4202fe1ce9d9e5e301d1e67439c9530da94b1e64ee3f	7484d7b0dd80f45e18d726b04752827fe28555cc5c1af0e127948380e6688abf
semantic-proposal-v1	SC1-336b451dc5c8b8360c40c5164dfbbb3d3777a01fcf87277e0c6250689b93c6d1	S013171	1	P01	SYMBOLS.tsv	145906	status	aarch64	include/dt-bindings/leds/common.h	operative_macro	__DT_BINDINGS_LEDS_H	13	PENDING_REVIEW	COMPLETE	COMPLETE	vendor/linux/include/dt-bindings/leds/common.h;vendor/linux/include/dt-bindings/leds/common.h:13;rewrite/configs/aarch64/frozen.config;header_closure=rewrite/metadata/header_closure.tsv;selected=PENDING_REVIEW	425f94c2954b1fe80ebdbf9b29854e89750355df	f370894314d3d608a6c204aeb27c4b8eda6aefec7b57be516a7d370de1e30093	7605a9b1ced9827c55b017ef1f5b436774e4fe3a6c3fed3f0a6ddd53218ac673	0123af9e96b58af4e98b91a2de5608d36b63c67864b9041d3340587f3dbe40d2	cfa8dcf0d81c408de38d4202fe1ce9d9e5e301d1e67439c9530da94b1e64ee3f	7484d7b0dd80f45e18d726b04752827fe28555cc5c1af0e127948380e6688abf
semantic-proposal-v1	SC1-1819985252dc2e81e9907562118dc3782d72bec22075c387b153ecfd117e588a	S013171	1	P01	SYMBOLS.tsv	145907	selection_expression	aarch64	include/dt-bindings/leds/common.h	operative_macro	LEDS_TRIG_TYPE_EDGE	16	PENDING_REVIEW	SOURCE_REVIEWED_VALUE	COMPLETE	vendor/linux/include/dt-bindings/leds/common.h;vendor/linux/include/dt-bindings/leds/common.h:16;rewrite/configs/aarch64/frozen.config;header_closure=rewrite/metadata/header_closure.tsv;selected=PENDING_REVIEW	425f94c2954b1fe80ebdbf9b29854e89750355df	f370894314d3d608a6c204aeb27c4b8eda6aefec7b57be516a7d370de1e30093	7605a9b1ced9827c55b017ef1f5b436774e4fe3a6c3fed3f0a6ddd53218ac673	0123af9e96b58af4e98b91a2de5608d36b63c67864b9041d3340587f3dbe40d2	cfa8dcf0d81c408de38d4202fe1ce9d9e5e301d1e67439c9530da94b1e64ee3f	7484d7b0dd80f45e18d726b04752827fe28555cc5c1af0e127948380e6688abf
semantic-proposal-v1	SC1-b2b2c87d068b6b191cc8fa3ff7d94c2a193f8e70e201e9bd711cf134645dced2	S013171	1	P01	SYMBOLS.tsv	145907	status	aarch64	include/dt-bindings/leds/common.h	operative_macro	LEDS_TRIG_TYPE_EDGE	16	PENDING_REVIEW	COMPLETE	COMPLETE	vendor/linux/include/dt-bindings/leds/common.h;vendor/linux/include/dt-bindings/leds/common.h:16;rewrite/configs/aarch64/frozen.config;header_closure=rewrite/metadata/header_closure.tsv;selected=PENDING_REVIEW	425f94c2954b1fe80ebdbf9b29854e89750355df	f370894314d3d608a6c204aeb27c4b8eda6aefec7b57be516a7d370de1e30093	7605a9b1ced9827c55b017ef1f5b436774e4fe3a6c3fed3f0a6ddd53218ac673	0123af9e96b58af4e98b91a2de5608d36b63c67864b9041d3340587f3dbe40d2	cfa8dcf0d81c408de38d4202fe1ce9d9e5e301d1e67439c9530da94b1e64ee3f	7484d7b0dd80f45e18d726b04752827fe28555cc5c1af0e127948380e6688abf
semantic-proposal-v1	SC1-6279fb6ba88664e598df27f632179f0852e94d27ebdd11761dacce37a564b912	S013171	1	P01	SYMBOLS.tsv	145908	selection_expression	aarch64	include/dt-bindings/leds/common.h	operative_macro	LEDS_TRIG_TYPE_LEVEL	17	PENDING_REVIEW	SOURCE_REVIEWED_VALUE	COMPLETE	vendor/linux/include/dt-bindings/leds/common.h;vendor/linux/include/dt-bindings/leds/common.h:17;rewrite/configs/aarch64/frozen.config;header_closure=rewrite/metadata/header_closure.tsv;selected=PENDING_REVIEW	425f94c2954b1fe80ebdbf9b29854e89750355df	f370894314d3d608a6c204aeb27c4b8eda6aefec7b57be516a7d370de1e30093	7605a9b1ced9827c55b017ef1f5b436774e4fe3a6c3fed3f0a6ddd53218ac673	0123af9e96b58af4e98b91a2de5608d36b63c67864b9041d3340587f3dbe40d2	cfa8dcf0d81c408de38d4202fe1ce9d9e5e301d1e67439c9530da94b1e64ee3f	7484d7b0dd80f45e18d726b04752827fe28555cc5c1af0e127948380e6688abf
semantic-proposal-v1	SC1-3d20adf4b12f9e14973301bf28a2aaaec4b1b22095bf4386af615c7be58a26d6	S013171	1	P01	SYMBOLS.tsv	145908	status	aarch64	include/dt-bindings/leds/common.h	operative_macro	LEDS_TRIG_TYPE_LEVEL	17	PENDING_REVIEW	COMPLETE	COMPLETE	vendor/linux/include/dt-bindings/leds/common.h;vendor/linux/include/dt-bindings/leds/common.h:17;rewrite/configs/aarch64/frozen.config;header_closure=rewrite/metadata/header_closure.tsv;selected=PENDING_REVIEW	425f94c2954b1fe80ebdbf9b29854e89750355df	f370894314d3d608a6c204aeb27c4b8eda6aefec7b57be516a7d370de1e30093	7605a9b1ced9827c55b017ef1f5b436774e4fe3a6c3fed3f0a6ddd53218ac673	0123af9e96b58af4e98b91a2de5608d36b63c67864b9041d3340587f3dbe40d2	cfa8dcf0d81c408de38d4202fe1ce9d9e5e301d1e67439c9530da94b1e64ee3f	7484d7b0dd80f45e18d726b04752827fe28555cc5c1af0e127948380e6688abf
semantic-proposal-v1	SC1-28840638012a0c0f696d24eb034016f3a6c771feda38b702f27f87211cccfec8	S013171	1	P01	SYMBOLS.tsv	145909	selection_expression	aarch64	include/dt-bindings/leds/common.h	operative_macro	LEDS_BOOST_OFF	20	PENDING_REVIEW	SOURCE_REVIEWED_VALUE	COMPLETE	vendor/linux/include/dt-bindings/leds/common.h;vendor/linux/include/dt-bindings/leds/common.h:20;rewrite/configs/aarch64/frozen.config;header_closure=rewrite/metadata/header_closure.tsv;selected=PENDING_REVIEW	425f94c2954b1fe80ebdbf9b29854e89750355df	f370894314d3d608a6c204aeb27c4b8eda6aefec7b57be516a7d370de1e30093	7605a9b1ced9827c55b017ef1f5b436774e4fe3a6c3fed3f0a6ddd53218ac673	0123af9e96b58af4e98b91a2de5608d36b63c67864b9041d3340587f3dbe40d2	cfa8dcf0d81c408de38d4202fe1ce9d9e5e301d1e67439c9530da94b1e64ee3f	7484d7b0dd80f45e18d726b04752827fe28555cc5c1af0e127948380e6688abf
semantic-proposal-v1	SC1-57b4c74379985f346343b62f5a6d410b5198c4050438d903483c6e3a95a253a3	S013171	1	P01	SYMBOLS.tsv	145909	status	aarch64	include/dt-bindings/leds/common.h	operative_macro	LEDS_BOOST_OFF	20	PENDING_REVIEW	COMPLETE	COMPLETE	vendor/linux/include/dt-bindings/leds/common.h;vendor/linux/include/dt-bindings/leds/common.h:20;rewrite/configs/aarch64/frozen.config;header_closure=rewrite/metadata/header_closure.tsv;selected=PENDING_REVIEW	425f94c2954b1fe80ebdbf9b29854e89750355df	f370894314d3d608a6c204aeb27c4b8eda6aefec7b57be516a7d370de1e30093	7605a9b1ced9827c55b017ef1f5b436774e4fe3a6c3fed3f0a6ddd53218ac673	0123af9e96b58af4e98b91a2de5608d36b63c67864b9041d3340587f3dbe40d2	cfa8dcf0d81c408de38d4202fe1ce9d9e5e301d1e67439c9530da94b1e64ee3f	7484d7b0dd80f45e18d726b04752827fe28555cc5c1af0e127948380e6688abf
semantic-proposal-v1	SC1-3194eb81457cf60804be6e45791988b7b1831a13d6bdf0cc6ad45bc49bf1e0aa	S013171	1	P01	SYMBOLS.tsv	145910	selection_expression	aarch64	include/dt-bindings/leds/common.h	operative_macro	LEDS_BOOST_ADAPTIVE	21	PENDING_REVIEW	SOURCE_REVIEWED_VALUE	COMPLETE	vendor/linux/include/dt-bindings/leds/common.h;vendor/linux/include/dt-bindings/leds/common.h:21;rewrite/configs/aarch64/frozen.config;header_closure=rewrite/metadata/header_closure.tsv;selected=PENDING_REVIEW	425f94c2954b1fe80ebdbf9b29854e89750355df	f370894314d3d608a6c204aeb27c4b8eda6aefec7b57be516a7d370de1e30093	7605a9b1ced9827c55b017ef1f5b436774e4fe3a6c3fed3f0a6ddd53218ac673	0123af9e96b58af4e98b91a2de5608d36b63c67864b9041d3340587f3dbe40d2	cfa8dcf0d81c408de38d4202fe1ce9d9e5e301d1e67439c9530da94b1e64ee3f	7484d7b0dd80f45e18d726b04752827fe28555cc5c1af0e127948380e6688abf
semantic-proposal-v1	SC1-b04e4d089bb75338b4dbfc7d0c19f8e064eade8e12a0467e638aa609a7dc985f	S013171	1	P01	SYMBOLS.tsv	145910	status	aarch64	include/dt-bindings/leds/common.h	operative_macro	LEDS_BOOST_ADAPTIVE	21	PENDING_REVIEW	COMPLETE	COMPLETE	vendor/linux/include/dt-bindings/leds/common.h;vendor/linux/include/dt-bindings/leds/common.h:21;rewrite/configs/aarch64/frozen.config;header_closure=rewrite/metadata/header_closure.tsv;selected=PENDING_REVIEW	425f94c2954b1fe80ebdbf9b29854e89750355df	f370894314d3d608a6c204aeb27c4b8eda6aefec7b57be516a7d370de1e30093	7605a9b1ced9827c55b017ef1f5b436774e4fe3a6c3fed3f0a6ddd53218ac673	0123af9e96b58af4e98b91a2de5608d36b63c67864b9041d3340587f3dbe40d2	cfa8dcf0d81c408de38d4202fe1ce9d9e5e301d1e67439c9530da94b1e64ee3f	7484d7b0dd80f45e18d726b04752827fe28555cc5c1af0e127948380e6688abf
semantic-proposal-v1	SC1-c2f0a1ef5b885dbb9ac9ccce0e728454e825fc70a373b981580a5a402db1743c	S013171	1	P01	SYMBOLS.tsv	145911	selection_expression	aarch64	include/dt-bindings/leds/common.h	operative_macro	LEDS_BOOST_FIXED	22	PENDING_REVIEW	SOURCE_REVIEWED_VALUE	COMPLETE	vendor/linux/include/dt-bindings/leds/common.h;vendor/linux/include/dt-bindings/leds/common.h:22;rewrite/configs/aarch64/frozen.config;header_closure=rewrite/metadata/header_closure.tsv;selected=PENDING_REVIEW	425f94c2954b1fe80ebdbf9b29854e89750355df	f370894314d3d608a6c204aeb27c4b8eda6aefec7b57be516a7d370de1e30093	7605a9b1ced9827c55b017ef1f5b436774e4fe3a6c3fed3f0a6ddd53218ac673	0123af9e96b58af4e98b91a2de5608d36b63c67864b9041d3340587f3dbe40d2	cfa8dcf0d81c408de38d4202fe1ce9d9e5e301d1e67439c9530da94b1e64ee3f	7484d7b0dd80f45e18d726b04752827fe28555cc5c1af0e127948380e6688abf
semantic-proposal-v1	SC1-de6e239619563402ec714faa0d543fac26c9ef0d4691561c4816b17b079731f5	S013171	1	P01	SYMBOLS.tsv	145911	status	aarch64	include/dt-bindings/leds/common.h	operative_macro	LEDS_BOOST_FIXED	22	PENDING_REVIEW	COMPLETE	COMPLETE	vendor/linux/include/dt-bindings/leds/common.h;vendor/linux/include/dt-bindings/leds/common.h:22;rewrite/configs/aarch64/frozen.config;header_closure=rewrite/metadata/header_closure.tsv;selected=PENDING_REVIEW	425f94c2954b1fe80ebdbf9b29854e89750355df	f370894314d3d608a6c204aeb27c4b8eda6aefec7b57be516a7d370de1e30093	7605a9b1ced9827c55b017ef1f5b436774e4fe3a6c3fed3f0a6ddd53218ac673	0123af9e96b58af4e98b91a2de5608d36b63c67864b9041d3340587f3dbe40d2	cfa8dcf0d81c408de38d4202fe1ce9d9e5e301d1e67439c9530da94b1e64ee3f	7484d7b0dd80f45e18d726b04752827fe28555cc5c1af0e127948380e6688abf
semantic-proposal-v1	SC1-d63409eb5588755de7a3a6f93bf5b1b1496d5448f96540280b0b536c76099c47	S013171	1	P01	SYMBOLS.tsv	145912	selection_expression	aarch64	include/dt-bindings/leds/common.h	operative_macro	LED_COLOR_ID_WHITE	25	PENDING_REVIEW	SOURCE_REVIEWED_VALUE	COMPLETE	vendor/linux/include/dt-bindings/leds/common.h;vendor/linux/include/dt-bindings/leds/common.h:25;rewrite/configs/aarch64/frozen.config;header_closure=rewrite/metadata/header_closure.tsv;selected=PENDING_REVIEW	425f94c2954b1fe80ebdbf9b29854e89750355df	f370894314d3d608a6c204aeb27c4b8eda6aefec7b57be516a7d370de1e30093	7605a9b1ced9827c55b017ef1f5b436774e4fe3a6c3fed3f0a6ddd53218ac673	0123af9e96b58af4e98b91a2de5608d36b63c67864b9041d3340587f3dbe40d2	cfa8dcf0d81c408de38d4202fe1ce9d9e5e301d1e67439c9530da94b1e64ee3f	7484d7b0dd80f45e18d726b04752827fe28555cc5c1af0e127948380e6688abf
semantic-proposal-v1	SC1-556fb0d70dcf103d80a65a430127035bd0b82c58c96eaf81552077d366d31cd2	S013171	1	P01	SYMBOLS.tsv	145912	status	aarch64	include/dt-bindings/leds/common.h	operative_macro	LED_COLOR_ID_WHITE	25	PENDING_REVIEW	COMPLETE	COMPLETE	vendor/linux/include/dt-bindings/leds/common.h;vendor/linux/include/dt-bindings/leds/common.h:25;rewrite/configs/aarch64/frozen.config;header_closure=rewrite/metadata/header_closure.tsv;selected=PENDING_REVIEW	425f94c2954b1fe80ebdbf9b29854e89750355df	f370894314d3d608a6c204aeb27c4b8eda6aefec7b57be516a7d370de1e30093	7605a9b1ced9827c55b017ef1f5b436774e4fe3a6c3fed3f0a6ddd53218ac673	0123af9e96b58af4e98b91a2de5608d36b63c67864b9041d3340587f3dbe40d2	cfa8dcf0d81c408de38d4202fe1ce9d9e5e301d1e67439c9530da94b1e64ee3f	7484d7b0dd80f45e18d726b04752827fe28555cc5c1af0e127948380e6688abf
semantic-proposal-v1	SC1-8f9994438d6f44a396ff630b3b7600f66385c886575f1c360523e374d1d8ecb9	S013171	1	P01	SYMBOLS.tsv	145913	selection_expression	aarch64	include/dt-bindings/leds/common.h	operative_macro	LED_COLOR_ID_RED	26	PENDING_REVIEW	SOURCE_REVIEWED_VALUE	COMPLETE	vendor/linux/include/dt-bindings/leds/common.h;vendor/linux/include/dt-bindings/leds/common.h:26;rewrite/configs/aarch64/frozen.config;header_closure=rewrite/metadata/header_closure.tsv;selected=PENDING_REVIEW	425f94c2954b1fe80ebdbf9b29854e89750355df	f370894314d3d608a6c204aeb27c4b8eda6aefec7b57be516a7d370de1e30093	7605a9b1ced9827c55b017ef1f5b436774e4fe3a6c3fed3f0a6ddd53218ac673	0123af9e96b58af4e98b91a2de5608d36b63c67864b9041d3340587f3dbe40d2	cfa8dcf0d81c408de38d4202fe1ce9d9e5e301d1e67439c9530da94b1e64ee3f	7484d7b0dd80f45e18d726b04752827fe28555cc5c1af0e127948380e6688abf
semantic-proposal-v1	SC1-483c1890b7130d014b29ec9dcc13088a528900da07996163afd9d697c02ab5fb	S013171	1	P01	SYMBOLS.tsv	145913	status	aarch64	include/dt-bindings/leds/common.h	operative_macro	LED_COLOR_ID_RED	26	PENDING_REVIEW	COMPLETE	COMPLETE	vendor/linux/include/dt-bindings/leds/common.h;vendor/linux/include/dt-bindings/leds/common.h:26;rewrite/configs/aarch64/frozen.config;header_closure=rewrite/metadata/header_closure.tsv;selected=PENDING_REVIEW	425f94c2954b1fe80ebdbf9b29854e89750355df	f370894314d3d608a6c204aeb27c4b8eda6aefec7b57be516a7d370de1e30093	7605a9b1ced9827c55b017ef1f5b436774e4fe3a6c3fed3f0a6ddd53218ac673	0123af9e96b58af4e98b91a2de5608d36b63c67864b9041d3340587f3dbe40d2	cfa8dcf0d81c408de38d4202fe1ce9d9e5e301d1e67439c9530da94b1e64ee3f	7484d7b0dd80f45e18d726b04752827fe28555cc5c1af0e127948380e6688abf
semantic-proposal-v1	SC1-4fe103024c4342e69d082127a870f54855f1947ef0100d3ba24bd5b7fedb38e1	S013171	1	P01	SYMBOLS.tsv	145914	selection_expression	aarch64	include/dt-bindings/leds/common.h	operative_macro	LED_COLOR_ID_GREEN	27	PENDING_REVIEW	SOURCE_REVIEWED_VALUE	COMPLETE	vendor/linux/include/dt-bindings/leds/common.h;vendor/linux/include/dt-bindings/leds/common.h:27;rewrite/configs/aarch64/frozen.config;header_closure=rewrite/metadata/header_closure.tsv;selected=PENDING_REVIEW	425f94c2954b1fe80ebdbf9b29854e89750355df	f370894314d3d608a6c204aeb27c4b8eda6aefec7b57be516a7d370de1e30093	7605a9b1ced9827c55b017ef1f5b436774e4fe3a6c3fed3f0a6ddd53218ac673	0123af9e96b58af4e98b91a2de5608d36b63c67864b9041d3340587f3dbe40d2	cfa8dcf0d81c408de38d4202fe1ce9d9e5e301d1e67439c9530da94b1e64ee3f	7484d7b0dd80f45e18d726b04752827fe28555cc5c1af0e127948380e6688abf
semantic-proposal-v1	SC1-fd5f86ed792858f60958a36eea2abb77cf79b0e9aad1d36405dd20e162a73e76	S013171	1	P01	SYMBOLS.tsv	145914	status	aarch64	include/dt-bindings/leds/common.h	operative_macro	LED_COLOR_ID_GREEN	27	PENDING_REVIEW	COMPLETE	COMPLETE	vendor/linux/include/dt-bindings/leds/common.h;vendor/linux/include/dt-bindings/leds/common.h:27;rewrite/configs/aarch64/frozen.config;header_closure=rewrite/metadata/header_closure.tsv;selected=PENDING_REVIEW	425f94c2954b1fe80ebdbf9b29854e89750355df	f370894314d3d608a6c204aeb27c4b8eda6aefec7b57be516a7d370de1e30093	7605a9b1ced9827c55b017ef1f5b436774e4fe3a6c3fed3f0a6ddd53218ac673	0123af9e96b58af4e98b91a2de5608d36b63c67864b9041d3340587f3dbe40d2	cfa8dcf0d81c408de38d4202fe1ce9d9e5e301d1e67439c9530da94b1e64ee3f	7484d7b0dd80f45e18d726b04752827fe28555cc5c1af0e127948380e6688abf
semantic-proposal-v1	SC1-72e6a9686ba1547bdc84794f6ccb83f8382310ea3c59415beb6275b9841dc454	S013171	1	P01	SYMBOLS.tsv	145915	selection_expression	aarch64	include/dt-bindings/leds/common.h	operative_macro	LED_COLOR_ID_BLUE	28	PENDING_REVIEW	SOURCE_REVIEWED_VALUE	COMPLETE	vendor/linux/include/dt-bindings/leds/common.h;vendor/linux/include/dt-bindings/leds/common.h:28;rewrite/configs/aarch64/frozen.config;header_closure=rewrite/metadata/header_closure.tsv;selected=PENDING_REVIEW	425f94c2954b1fe80ebdbf9b29854e89750355df	f370894314d3d608a6c204aeb27c4b8eda6aefec7b57be516a7d370de1e30093	7605a9b1ced9827c55b017ef1f5b436774e4fe3a6c3fed3f0a6ddd53218ac673	0123af9e96b58af4e98b91a2de5608d36b63c67864b9041d3340587f3dbe40d2	cfa8dcf0d81c408de38d4202fe1ce9d9e5e301d1e67439c9530da94b1e64ee3f	7484d7b0dd80f45e18d726b04752827fe28555cc5c1af0e127948380e6688abf
semantic-proposal-v1	SC1-90452d1f37167ca2d5b90d0644427f35ecf76b6ce1a389a65a53a2702a192168	S013171	1	P01	SYMBOLS.tsv	145915	status	aarch64	include/dt-bindings/leds/common.h	operative_macro	LED_COLOR_ID_BLUE	28	PENDING_REVIEW	COMPLETE	COMPLETE	vendor/linux/include/dt-bindings/leds/common.h;vendor/linux/include/dt-bindings/leds/common.h:28;rewrite/configs/aarch64/frozen.config;header_closure=rewrite/metadata/header_closure.tsv;selected=PENDING_REVIEW	425f94c2954b1fe80ebdbf9b29854e89750355df	f370894314d3d608a6c204aeb27c4b8eda6aefec7b57be516a7d370de1e30093	7605a9b1ced9827c55b017ef1f5b436774e4fe3a6c3fed3f0a6ddd53218ac673	0123af9e96b58af4e98b91a2de5608d36b63c67864b9041d3340587f3dbe40d2	cfa8dcf0d81c408de38d4202fe1ce9d9e5e301d1e67439c9530da94b1e64ee3f	7484d7b0dd80f45e18d726b04752827fe28555cc5c1af0e127948380e6688abf
semantic-proposal-v1	SC1-d34c0156d21769c5670f9e86be4d268575b836d39fb40593cb244d61ee4148cc	S013171	1	P01	SYMBOLS.tsv	145916	selection_expression	aarch64	include/dt-bindings/leds/common.h	operative_macro	LED_COLOR_ID_AMBER	29	PENDING_REVIEW	SOURCE_REVIEWED_VALUE	COMPLETE	vendor/linux/include/dt-bindings/leds/common.h;vendor/linux/include/dt-bindings/leds/common.h:29;rewrite/configs/aarch64/frozen.config;header_closure=rewrite/metadata/header_closure.tsv;selected=PENDING_REVIEW	425f94c2954b1fe80ebdbf9b29854e89750355df	f370894314d3d608a6c204aeb27c4b8eda6aefec7b57be516a7d370de1e30093	7605a9b1ced9827c55b017ef1f5b436774e4fe3a6c3fed3f0a6ddd53218ac673	0123af9e96b58af4e98b91a2de5608d36b63c67864b9041d3340587f3dbe40d2	cfa8dcf0d81c408de38d4202fe1ce9d9e5e301d1e67439c9530da94b1e64ee3f	7484d7b0dd80f45e18d726b04752827fe28555cc5c1af0e127948380e6688abf
semantic-proposal-v1	SC1-e0c788d84bd464769f73fa9960dccfc018c6906d9229093ed1444132453e25fe	S013171	1	P01	SYMBOLS.tsv	145916	status	aarch64	include/dt-bindings/leds/common.h	operative_macro	LED_COLOR_ID_AMBER	29	PENDING_REVIEW	COMPLETE	COMPLETE	vendor/linux/include/dt-bindings/leds/common.h;vendor/linux/include/dt-bindings/leds/common.h:29;rewrite/configs/aarch64/frozen.config;header_closure=rewrite/metadata/header_closure.tsv;selected=PENDING_REVIEW	425f94c2954b1fe80ebdbf9b29854e89750355df	f370894314d3d608a6c204aeb27c4b8eda6aefec7b57be516a7d370de1e30093	7605a9b1ced9827c55b017ef1f5b436774e4fe3a6c3fed3f0a6ddd53218ac673	0123af9e96b58af4e98b91a2de5608d36b63c67864b9041d3340587f3dbe40d2	cfa8dcf0d81c408de38d4202fe1ce9d9e5e301d1e67439c9530da94b1e64ee3f	7484d7b0dd80f45e18d726b04752827fe28555cc5c1af0e127948380e6688abf
semantic-proposal-v1	SC1-f7a19f642f113170afe642f88a602e106c5cc214725e8c120d1c2b3a3b40c549	S013171	1	P01	SYMBOLS.tsv	145917	selection_expression	aarch64	include/dt-bindings/leds/common.h	operative_macro	LED_COLOR_ID_VIOLET	30	PENDING_REVIEW	SOURCE_REVIEWED_VALUE	COMPLETE	vendor/linux/include/dt-bindings/leds/common.h;vendor/linux/include/dt-bindings/leds/common.h:30;rewrite/configs/aarch64/frozen.config;header_closure=rewrite/metadata/header_closure.tsv;selected=PENDING_REVIEW	425f94c2954b1fe80ebdbf9b29854e89750355df	f370894314d3d608a6c204aeb27c4b8eda6aefec7b57be516a7d370de1e30093	7605a9b1ced9827c55b017ef1f5b436774e4fe3a6c3fed3f0a6ddd53218ac673	0123af9e96b58af4e98b91a2de5608d36b63c67864b9041d3340587f3dbe40d2	cfa8dcf0d81c408de38d4202fe1ce9d9e5e301d1e67439c9530da94b1e64ee3f	7484d7b0dd80f45e18d726b04752827fe28555cc5c1af0e127948380e6688abf
semantic-proposal-v1	SC1-484859b7462bf1b63df0569341e726a98823a83a530f6a608c2a6ee17de95295	S013171	1	P01	SYMBOLS.tsv	145917	status	aarch64	include/dt-bindings/leds/common.h	operative_macro	LED_COLOR_ID_VIOLET	30	PENDING_REVIEW	COMPLETE	COMPLETE	vendor/linux/include/dt-bindings/leds/common.h;vendor/linux/include/dt-bindings/leds/common.h:30;rewrite/configs/aarch64/frozen.config;header_closure=rewrite/metadata/header_closure.tsv;selected=PENDING_REVIEW	425f94c2954b1fe80ebdbf9b29854e89750355df	f370894314d3d608a6c204aeb27c4b8eda6aefec7b57be516a7d370de1e30093	7605a9b1ced9827c55b017ef1f5b436774e4fe3a6c3fed3f0a6ddd53218ac673	0123af9e96b58af4e98b91a2de5608d36b63c67864b9041d3340587f3dbe40d2	cfa8dcf0d81c408de38d4202fe1ce9d9e5e301d1e67439c9530da94b1e64ee3f	7484d7b0dd80f45e18d726b04752827fe28555cc5c1af0e127948380e6688abf
semantic-proposal-v1	SC1-49edc73eca1d785de7ee72352a71465e23efe4269490d4390dec3930241010ef	S013171	1	P01	SYMBOLS.tsv	145918	selection_expression	aarch64	include/dt-bindings/leds/common.h	operative_macro	LED_COLOR_ID_YELLOW	31	PENDING_REVIEW	SOURCE_REVIEWED_VALUE	COMPLETE	vendor/linux/include/dt-bindings/leds/common.h;vendor/linux/include/dt-bindings/leds/common.h:31;rewrite/configs/aarch64/frozen.config;header_closure=rewrite/metadata/header_closure.tsv;selected=PENDING_REVIEW	425f94c2954b1fe80ebdbf9b29854e89750355df	f370894314d3d608a6c204aeb27c4b8eda6aefec7b57be516a7d370de1e30093	7605a9b1ced9827c55b017ef1f5b436774e4fe3a6c3fed3f0a6ddd53218ac673	0123af9e96b58af4e98b91a2de5608d36b63c67864b9041d3340587f3dbe40d2	cfa8dcf0d81c408de38d4202fe1ce9d9e5e301d1e67439c9530da94b1e64ee3f	7484d7b0dd80f45e18d726b04752827fe28555cc5c1af0e127948380e6688abf
semantic-proposal-v1	SC1-26109416c18091c0a075ed5b7dea062a69ed54d431b94ed88d7c8b42ca34a7a8	S013171	1	P01	SYMBOLS.tsv	145918	status	aarch64	include/dt-bindings/leds/common.h	operative_macro	LED_COLOR_ID_YELLOW	31	PENDING_REVIEW	COMPLETE	COMPLETE	vendor/linux/include/dt-bindings/leds/common.h;vendor/linux/include/dt-bindings/leds/common.h:31;rewrite/configs/aarch64/frozen.config;header_closure=rewrite/metadata/header_closure.tsv;selected=PENDING_REVIEW	425f94c2954b1fe80ebdbf9b29854e89750355df	f370894314d3d608a6c204aeb27c4b8eda6aefec7b57be516a7d370de1e30093	7605a9b1ced9827c55b017ef1f5b436774e4fe3a6c3fed3f0a6ddd53218ac673	0123af9e96b58af4e98b91a2de5608d36b63c67864b9041d3340587f3dbe40d2	cfa8dcf0d81c408de38d4202fe1ce9d9e5e301d1e67439c9530da94b1e64ee3f	7484d7b0dd80f45e18d726b04752827fe28555cc5c1af0e127948380e6688abf
semantic-proposal-v1	SC1-2304f013dff2429a27575831140e9df14d5583f8ec38ce4857a2232632fe9f59	S013171	1	P01	SYMBOLS.tsv	145919	selection_expression	aarch64	include/dt-bindings/leds/common.h	operative_macro	LED_COLOR_ID_IR	32	PENDING_REVIEW	SOURCE_REVIEWED_VALUE	COMPLETE	vendor/linux/include/dt-bindings/leds/common.h;vendor/linux/include/dt-bindings/leds/common.h:32;rewrite/configs/aarch64/frozen.config;header_closure=rewrite/metadata/header_closure.tsv;selected=PENDING_REVIEW	425f94c2954b1fe80ebdbf9b29854e89750355df	f370894314d3d608a6c204aeb27c4b8eda6aefec7b57be516a7d370de1e30093	7605a9b1ced9827c55b017ef1f5b436774e4fe3a6c3fed3f0a6ddd53218ac673	0123af9e96b58af4e98b91a2de5608d36b63c67864b9041d3340587f3dbe40d2	cfa8dcf0d81c408de38d4202fe1ce9d9e5e301d1e67439c9530da94b1e64ee3f	7484d7b0dd80f45e18d726b04752827fe28555cc5c1af0e127948380e6688abf
semantic-proposal-v1	SC1-76798cd5718207554651f99ae28363b74a1970e451c74613e537480a9690b756	S013171	1	P01	SYMBOLS.tsv	145919	status	aarch64	include/dt-bindings/leds/common.h	operative_macro	LED_COLOR_ID_IR	32	PENDING_REVIEW	COMPLETE	COMPLETE	vendor/linux/include/dt-bindings/leds/common.h;vendor/linux/include/dt-bindings/leds/common.h:32;rewrite/configs/aarch64/frozen.config;header_closure=rewrite/metadata/header_closure.tsv;selected=PENDING_REVIEW	425f94c2954b1fe80ebdbf9b29854e89750355df	f370894314d3d608a6c204aeb27c4b8eda6aefec7b57be516a7d370de1e30093	7605a9b1ced9827c55b017ef1f5b436774e4fe3a6c3fed3f0a6ddd53218ac673	0123af9e96b58af4e98b91a2de5608d36b63c67864b9041d3340587f3dbe40d2	cfa8dcf0d81c408de38d4202fe1ce9d9e5e301d1e67439c9530da94b1e64ee3f	7484d7b0dd80f45e18d726b04752827fe28555cc5c1af0e127948380e6688abf
semantic-proposal-v1	SC1-642b9af36d0d66b1fd6274d72ee71fa7af86b95e7bb47563e4abb37d328c30c6	S013171	1	P01	SYMBOLS.tsv	145920	selection_expression	aarch64	include/dt-bindings/leds/common.h	operative_macro	LED_COLOR_ID_MULTI	33	PENDING_REVIEW	SOURCE_REVIEWED_VALUE	COMPLETE	vendor/linux/include/dt-bindings/leds/common.h;vendor/linux/include/dt-bindings/leds/common.h:33;rewrite/configs/aarch64/frozen.config;header_closure=rewrite/metadata/header_closure.tsv;selected=PENDING_REVIEW	425f94c2954b1fe80ebdbf9b29854e89750355df	f370894314d3d608a6c204aeb27c4b8eda6aefec7b57be516a7d370de1e30093	7605a9b1ced9827c55b017ef1f5b436774e4fe3a6c3fed3f0a6ddd53218ac673	0123af9e96b58af4e98b91a2de5608d36b63c67864b9041d3340587f3dbe40d2	cfa8dcf0d81c408de38d4202fe1ce9d9e5e301d1e67439c9530da94b1e64ee3f	7484d7b0dd80f45e18d726b04752827fe28555cc5c1af0e127948380e6688abf
semantic-proposal-v1	SC1-b31e456502401a8bd1199a8c8bbff377c8649285dab3b8dd8ff58521039f219d	S013171	1	P01	SYMBOLS.tsv	145920	status	aarch64	include/dt-bindings/leds/common.h	operative_macro	LED_COLOR_ID_MULTI	33	PENDING_REVIEW	COMPLETE	COMPLETE	vendor/linux/include/dt-bindings/leds/common.h;vendor/linux/include/dt-bindings/leds/common.h:33;rewrite/configs/aarch64/frozen.config;header_closure=rewrite/metadata/header_closure.tsv;selected=PENDING_REVIEW	425f94c2954b1fe80ebdbf9b29854e89750355df	f370894314d3d608a6c204aeb27c4b8eda6aefec7b57be516a7d370de1e30093	7605a9b1ced9827c55b017ef1f5b436774e4fe3a6c3fed3f0a6ddd53218ac673	0123af9e96b58af4e98b91a2de5608d36b63c67864b9041d3340587f3dbe40d2	cfa8dcf0d81c408de38d4202fe1ce9d9e5e301d1e67439c9530da94b1e64ee3f	7484d7b0dd80f45e18d726b04752827fe28555cc5c1af0e127948380e6688abf
semantic-proposal-v1	SC1-c77f4b2f04f2e00d9c9102463af2d4cf1e50e032590c9ef890b60e065dbbf30d	S013171	1	P01	SYMBOLS.tsv	145921	selection_expression	aarch64	include/dt-bindings/leds/common.h	operative_macro	LED_COLOR_ID_RGB	34	PENDING_REVIEW	SOURCE_REVIEWED_VALUE	COMPLETE	vendor/linux/include/dt-bindings/leds/common.h;vendor/linux/include/dt-bindings/leds/common.h:34;rewrite/configs/aarch64/frozen.config;header_closure=rewrite/metadata/header_closure.tsv;selected=PENDING_REVIEW	425f94c2954b1fe80ebdbf9b29854e89750355df	f370894314d3d608a6c204aeb27c4b8eda6aefec7b57be516a7d370de1e30093	7605a9b1ced9827c55b017ef1f5b436774e4fe3a6c3fed3f0a6ddd53218ac673	0123af9e96b58af4e98b91a2de5608d36b63c67864b9041d3340587f3dbe40d2	cfa8dcf0d81c408de38d4202fe1ce9d9e5e301d1e67439c9530da94b1e64ee3f	7484d7b0dd80f45e18d726b04752827fe28555cc5c1af0e127948380e6688abf
semantic-proposal-v1	SC1-60ee2d534e7a6b701ae37f52e2969f508667b11cfc41bbeef213e5d68c456eeb	S013171	1	P01	SYMBOLS.tsv	145921	status	aarch64	include/dt-bindings/leds/common.h	operative_macro	LED_COLOR_ID_RGB	34	PENDING_REVIEW	COMPLETE	COMPLETE	vendor/linux/include/dt-bindings/leds/common.h;vendor/linux/include/dt-bindings/leds/common.h:34;rewrite/configs/aarch64/frozen.config;header_closure=rewrite/metadata/header_closure.tsv;selected=PENDING_REVIEW	425f94c2954b1fe80ebdbf9b29854e89750355df	f370894314d3d608a6c204aeb27c4b8eda6aefec7b57be516a7d370de1e30093	7605a9b1ced9827c55b017ef1f5b436774e4fe3a6c3fed3f0a6ddd53218ac673	0123af9e96b58af4e98b91a2de5608d36b63c67864b9041d3340587f3dbe40d2	cfa8dcf0d81c408de38d4202fe1ce9d9e5e301d1e67439c9530da94b1e64ee3f	7484d7b0dd80f45e18d726b04752827fe28555cc5c1af0e127948380e6688abf
semantic-proposal-v1	SC1-b87eeae025ef0e28ba5826bb5635e9d50e42fcd1480f6355f2a6c653c703f5b7	S013171	1	P01	SYMBOLS.tsv	145922	selection_expression	aarch64	include/dt-bindings/leds/common.h	operative_macro	LED_COLOR_ID_PURPLE	36	PENDING_REVIEW	SOURCE_REVIEWED_VALUE	COMPLETE	vendor/linux/include/dt-bindings/leds/common.h;vendor/linux/include/dt-bindings/leds/common.h:36;rewrite/configs/aarch64/frozen.config;header_closure=rewrite/metadata/header_closure.tsv;selected=PENDING_REVIEW	425f94c2954b1fe80ebdbf9b29854e89750355df	f370894314d3d608a6c204aeb27c4b8eda6aefec7b57be516a7d370de1e30093	7605a9b1ced9827c55b017ef1f5b436774e4fe3a6c3fed3f0a6ddd53218ac673	0123af9e96b58af4e98b91a2de5608d36b63c67864b9041d3340587f3dbe40d2	cfa8dcf0d81c408de38d4202fe1ce9d9e5e301d1e67439c9530da94b1e64ee3f	7484d7b0dd80f45e18d726b04752827fe28555cc5c1af0e127948380e6688abf
semantic-proposal-v1	SC1-12e153eb5d2e7caca624f57f9505b118b28a84a1aaee864ea6acbd298eabb1f3	S013171	1	P01	SYMBOLS.tsv	145922	status	aarch64	include/dt-bindings/leds/common.h	operative_macro	LED_COLOR_ID_PURPLE	36	PENDING_REVIEW	COMPLETE	COMPLETE	vendor/linux/include/dt-bindings/leds/common.h;vendor/linux/include/dt-bindings/leds/common.h:36;rewrite/configs/aarch64/frozen.config;header_closure=rewrite/metadata/header_closure.tsv;selected=PENDING_REVIEW	425f94c2954b1fe80ebdbf9b29854e89750355df	f370894314d3d608a6c204aeb27c4b8eda6aefec7b57be516a7d370de1e30093	7605a9b1ced9827c55b017ef1f5b436774e4fe3a6c3fed3f0a6ddd53218ac673	0123af9e96b58af4e98b91a2de5608d36b63c67864b9041d3340587f3dbe40d2	cfa8dcf0d81c408de38d4202fe1ce9d9e5e301d1e67439c9530da94b1e64ee3f	7484d7b0dd80f45e18d726b04752827fe28555cc5c1af0e127948380e6688abf
semantic-proposal-v1	SC1-44996b26e0a3c70902ec8ff4d09c1a7add1cd6d0f92924e77662db3f6bd5c2d3	S013171	1	P01	SYMBOLS.tsv	145923	selection_expression	aarch64	include/dt-bindings/leds/common.h	operative_macro	LED_COLOR_ID_ORANGE	37	PENDING_REVIEW	SOURCE_REVIEWED_VALUE	COMPLETE	vendor/linux/include/dt-bindings/leds/common.h;vendor/linux/include/dt-bindings/leds/common.h:37;rewrite/configs/aarch64/frozen.config;header_closure=rewrite/metadata/header_closure.tsv;selected=PENDING_REVIEW	425f94c2954b1fe80ebdbf9b29854e89750355df	f370894314d3d608a6c204aeb27c4b8eda6aefec7b57be516a7d370de1e30093	7605a9b1ced9827c55b017ef1f5b436774e4fe3a6c3fed3f0a6ddd53218ac673	0123af9e96b58af4e98b91a2de5608d36b63c67864b9041d3340587f3dbe40d2	cfa8dcf0d81c408de38d4202fe1ce9d9e5e301d1e67439c9530da94b1e64ee3f	7484d7b0dd80f45e18d726b04752827fe28555cc5c1af0e127948380e6688abf
semantic-proposal-v1	SC1-c96b5e42a34a58b7f703549be9717e692cb3a9574ee344c4ebb5d0984ad7ef5e	S013171	1	P01	SYMBOLS.tsv	145923	status	aarch64	include/dt-bindings/leds/common.h	operative_macro	LED_COLOR_ID_ORANGE	37	PENDING_REVIEW	COMPLETE	COMPLETE	vendor/linux/include/dt-bindings/leds/common.h;vendor/linux/include/dt-bindings/leds/common.h:37;rewrite/configs/aarch64/frozen.config;header_closure=rewrite/metadata/header_closure.tsv;selected=PENDING_REVIEW	425f94c2954b1fe80ebdbf9b29854e89750355df	f370894314d3d608a6c204aeb27c4b8eda6aefec7b57be516a7d370de1e30093	7605a9b1ced9827c55b017ef1f5b436774e4fe3a6c3fed3f0a6ddd53218ac673	0123af9e96b58af4e98b91a2de5608d36b63c67864b9041d3340587f3dbe40d2	cfa8dcf0d81c408de38d4202fe1ce9d9e5e301d1e67439c9530da94b1e64ee3f	7484d7b0dd80f45e18d726b04752827fe28555cc5c1af0e127948380e6688abf
semantic-proposal-v1	SC1-ee421d31581d7579e77b96b804b3c631c5af9585a11f3a9e039e92d214a7010c	S013171	1	P01	SYMBOLS.tsv	145924	selection_expression	aarch64	include/dt-bindings/leds/common.h	operative_macro	LED_COLOR_ID_PINK	38	PENDING_REVIEW	SOURCE_REVIEWED_VALUE	COMPLETE	vendor/linux/include/dt-bindings/leds/common.h;vendor/linux/include/dt-bindings/leds/common.h:38;rewrite/configs/aarch64/frozen.config;header_closure=rewrite/metadata/header_closure.tsv;selected=PENDING_REVIEW	425f94c2954b1fe80ebdbf9b29854e89750355df	f370894314d3d608a6c204aeb27c4b8eda6aefec7b57be516a7d370de1e30093	7605a9b1ced9827c55b017ef1f5b436774e4fe3a6c3fed3f0a6ddd53218ac673	0123af9e96b58af4e98b91a2de5608d36b63c67864b9041d3340587f3dbe40d2	cfa8dcf0d81c408de38d4202fe1ce9d9e5e301d1e67439c9530da94b1e64ee3f	7484d7b0dd80f45e18d726b04752827fe28555cc5c1af0e127948380e6688abf
semantic-proposal-v1	SC1-3ecadf14e7891d6228463d817eb3ae65f6d7508d3e27149634cc6dc34b7dd481	S013171	1	P01	SYMBOLS.tsv	145924	status	aarch64	include/dt-bindings/leds/common.h	operative_macro	LED_COLOR_ID_PINK	38	PENDING_REVIEW	COMPLETE	COMPLETE	vendor/linux/include/dt-bindings/leds/common.h;vendor/linux/include/dt-bindings/leds/common.h:38;rewrite/configs/aarch64/frozen.config;header_closure=rewrite/metadata/header_closure.tsv;selected=PENDING_REVIEW	425f94c2954b1fe80ebdbf9b29854e89750355df	f370894314d3d608a6c204aeb27c4b8eda6aefec7b57be516a7d370de1e30093	7605a9b1ced9827c55b017ef1f5b436774e4fe3a6c3fed3f0a6ddd53218ac673	0123af9e96b58af4e98b91a2de5608d36b63c67864b9041d3340587f3dbe40d2	cfa8dcf0d81c408de38d4202fe1ce9d9e5e301d1e67439c9530da94b1e64ee3f	7484d7b0dd80f45e18d726b04752827fe28555cc5c1af0e127948380e6688abf
semantic-proposal-v1	SC1-0e160679a86f1ccf921732714816789f0849a56c201673ee4ae4410c0ba2c2e5	S013171	1	P01	SYMBOLS.tsv	145925	selection_expression	aarch64	include/dt-bindings/leds/common.h	operative_macro	LED_COLOR_ID_CYAN	39	PENDING_REVIEW	SOURCE_REVIEWED_VALUE	COMPLETE	vendor/linux/include/dt-bindings/leds/common.h;vendor/linux/include/dt-bindings/leds/common.h:39;rewrite/configs/aarch64/frozen.config;header_closure=rewrite/metadata/header_closure.tsv;selected=PENDING_REVIEW	425f94c2954b1fe80ebdbf9b29854e89750355df	f370894314d3d608a6c204aeb27c4b8eda6aefec7b57be516a7d370de1e30093	7605a9b1ced9827c55b017ef1f5b436774e4fe3a6c3fed3f0a6ddd53218ac673	0123af9e96b58af4e98b91a2de5608d36b63c67864b9041d3340587f3dbe40d2	cfa8dcf0d81c408de38d4202fe1ce9d9e5e301d1e67439c9530da94b1e64ee3f	7484d7b0dd80f45e18d726b04752827fe28555cc5c1af0e127948380e6688abf
semantic-proposal-v1	SC1-75ada7951cec1ee8b7fd7c39e4d9538921eb4316cd2e5b616f2171f3fd51fb0a	S013171	1	P01	SYMBOLS.tsv	145925	status	aarch64	include/dt-bindings/leds/common.h	operative_macro	LED_COLOR_ID_CYAN	39	PENDING_REVIEW	COMPLETE	COMPLETE	vendor/linux/include/dt-bindings/leds/common.h;vendor/linux/include/dt-bindings/leds/common.h:39;rewrite/configs/aarch64/frozen.config;header_closure=rewrite/metadata/header_closure.tsv;selected=PENDING_REVIEW	425f94c2954b1fe80ebdbf9b29854e89750355df	f370894314d3d608a6c204aeb27c4b8eda6aefec7b57be516a7d370de1e30093	7605a9b1ced9827c55b017ef1f5b436774e4fe3a6c3fed3f0a6ddd53218ac673	0123af9e96b58af4e98b91a2de5608d36b63c67864b9041d3340587f3dbe40d2	cfa8dcf0d81c408de38d4202fe1ce9d9e5e301d1e67439c9530da94b1e64ee3f	7484d7b0dd80f45e18d726b04752827fe28555cc5c1af0e127948380e6688abf
semantic-proposal-v1	SC1-40405adefbbcbdf66c6ad465ba4c7d30d71a505d4dec7725c1ec00785d450540	S013171	1	P01	SYMBOLS.tsv	145926	selection_expression	aarch64	include/dt-bindings/leds/common.h	operative_macro	LED_COLOR_ID_LIME	40	PENDING_REVIEW	SOURCE_REVIEWED_VALUE	COMPLETE	vendor/linux/include/dt-bindings/leds/common.h;vendor/linux/include/dt-bindings/leds/common.h:40;rewrite/configs/aarch64/frozen.config;header_closure=rewrite/metadata/header_closure.tsv;selected=PENDING_REVIEW	425f94c2954b1fe80ebdbf9b29854e89750355df	f370894314d3d608a6c204aeb27c4b8eda6aefec7b57be516a7d370de1e30093	7605a9b1ced9827c55b017ef1f5b436774e4fe3a6c3fed3f0a6ddd53218ac673	0123af9e96b58af4e98b91a2de5608d36b63c67864b9041d3340587f3dbe40d2	cfa8dcf0d81c408de38d4202fe1ce9d9e5e301d1e67439c9530da94b1e64ee3f	7484d7b0dd80f45e18d726b04752827fe28555cc5c1af0e127948380e6688abf
semantic-proposal-v1	SC1-52b39b806da0c05a93992c6d434b60bc0612f8bf81069c051c7ceeb2c1712002	S013171	1	P01	SYMBOLS.tsv	145926	status	aarch64	include/dt-bindings/leds/common.h	operative_macro	LED_COLOR_ID_LIME	40	PENDING_REVIEW	COMPLETE	COMPLETE	vendor/linux/include/dt-bindings/leds/common.h;vendor/linux/include/dt-bindings/leds/common.h:40;rewrite/configs/aarch64/frozen.config;header_closure=rewrite/metadata/header_closure.tsv;selected=PENDING_REVIEW	425f94c2954b1fe80ebdbf9b29854e89750355df	f370894314d3d608a6c204aeb27c4b8eda6aefec7b57be516a7d370de1e30093	7605a9b1ced9827c55b017ef1f5b436774e4fe3a6c3fed3f0a6ddd53218ac673	0123af9e96b58af4e98b91a2de5608d36b63c67864b9041d3340587f3dbe40d2	cfa8dcf0d81c408de38d4202fe1ce9d9e5e301d1e67439c9530da94b1e64ee3f	7484d7b0dd80f45e18d726b04752827fe28555cc5c1af0e127948380e6688abf
semantic-proposal-v1	SC1-a9fefbda1d831102ab10205e38c419c6e6bdc046a015acf17e2d5c4a78fa5784	S013171	1	P01	SYMBOLS.tsv	145927	selection_expression	aarch64	include/dt-bindings/leds/common.h	operative_macro	LED_COLOR_ID_MAX	41	PENDING_REVIEW	SOURCE_REVIEWED_VALUE	COMPLETE	vendor/linux/include/dt-bindings/leds/common.h;vendor/linux/include/dt-bindings/leds/common.h:41;rewrite/configs/aarch64/frozen.config;header_closure=rewrite/metadata/header_closure.tsv;selected=PENDING_REVIEW	425f94c2954b1fe80ebdbf9b29854e89750355df	f370894314d3d608a6c204aeb27c4b8eda6aefec7b57be516a7d370de1e30093	7605a9b1ced9827c55b017ef1f5b436774e4fe3a6c3fed3f0a6ddd53218ac673	0123af9e96b58af4e98b91a2de5608d36b63c67864b9041d3340587f3dbe40d2	cfa8dcf0d81c408de38d4202fe1ce9d9e5e301d1e67439c9530da94b1e64ee3f	7484d7b0dd80f45e18d726b04752827fe28555cc5c1af0e127948380e6688abf
semantic-proposal-v1	SC1-ad0c4486a323eff14d4c8b9c881662cc59d462f85660a137d953f0f7c0ef7a99	S013171	1	P01	SYMBOLS.tsv	145927	status	aarch64	include/dt-bindings/leds/common.h	operative_macro	LED_COLOR_ID_MAX	41	PENDING_REVIEW	COMPLETE	COMPLETE	vendor/linux/include/dt-bindings/leds/common.h;vendor/linux/include/dt-bindings/leds/common.h:41;rewrite/configs/aarch64/frozen.config;header_closure=rewrite/metadata/header_closure.tsv;selected=PENDING_REVIEW	425f94c2954b1fe80ebdbf9b29854e89750355df	f370894314d3d608a6c204aeb27c4b8eda6aefec7b57be516a7d370de1e30093	7605a9b1ced9827c55b017ef1f5b436774e4fe3a6c3fed3f0a6ddd53218ac673	0123af9e96b58af4e98b91a2de5608d36b63c67864b9041d3340587f3dbe40d2	cfa8dcf0d81c408de38d4202fe1ce9d9e5e301d1e67439c9530da94b1e64ee3f	7484d7b0dd80f45e18d726b04752827fe28555cc5c1af0e127948380e6688abf
semantic-proposal-v1	SC1-231d7b793eaebb4ce3d2f9efbc8363be874b60312edf953e20966dcc36631c10	S013171	1	P01	SYMBOLS.tsv	145928	selection_expression	aarch64	include/dt-bindings/leds/common.h	operative_macro	LED_FUNCTION_CAPSLOCK	46	PENDING_REVIEW	SOURCE_REVIEWED_VALUE	COMPLETE	vendor/linux/include/dt-bindings/leds/common.h;vendor/linux/include/dt-bindings/leds/common.h:46;rewrite/configs/aarch64/frozen.config;header_closure=rewrite/metadata/header_closure.tsv;selected=PENDING_REVIEW	425f94c2954b1fe80ebdbf9b29854e89750355df	f370894314d3d608a6c204aeb27c4b8eda6aefec7b57be516a7d370de1e30093	7605a9b1ced9827c55b017ef1f5b436774e4fe3a6c3fed3f0a6ddd53218ac673	0123af9e96b58af4e98b91a2de5608d36b63c67864b9041d3340587f3dbe40d2	cfa8dcf0d81c408de38d4202fe1ce9d9e5e301d1e67439c9530da94b1e64ee3f	7484d7b0dd80f45e18d726b04752827fe28555cc5c1af0e127948380e6688abf
semantic-proposal-v1	SC1-91c15a5ebe0c06f73da488f0b0ffed8b90f904af0e57cdc5f52efda75c0621f3	S013171	1	P01	SYMBOLS.tsv	145928	status	aarch64	include/dt-bindings/leds/common.h	operative_macro	LED_FUNCTION_CAPSLOCK	46	PENDING_REVIEW	COMPLETE	COMPLETE	vendor/linux/include/dt-bindings/leds/common.h;vendor/linux/include/dt-bindings/leds/common.h:46;rewrite/configs/aarch64/frozen.config;header_closure=rewrite/metadata/header_closure.tsv;selected=PENDING_REVIEW	425f94c2954b1fe80ebdbf9b29854e89750355df	f370894314d3d608a6c204aeb27c4b8eda6aefec7b57be516a7d370de1e30093	7605a9b1ced9827c55b017ef1f5b436774e4fe3a6c3fed3f0a6ddd53218ac673	0123af9e96b58af4e98b91a2de5608d36b63c67864b9041d3340587f3dbe40d2	cfa8dcf0d81c408de38d4202fe1ce9d9e5e301d1e67439c9530da94b1e64ee3f	7484d7b0dd80f45e18d726b04752827fe28555cc5c1af0e127948380e6688abf
semantic-proposal-v1	SC1-e6ecd91d38757cfc63be78117e9f2f49646ded70e92607f55165dceb51b2f26d	S013171	1	P01	SYMBOLS.tsv	145929	selection_expression	aarch64	include/dt-bindings/leds/common.h	operative_macro	LED_FUNCTION_SCROLLLOCK	47	PENDING_REVIEW	SOURCE_REVIEWED_VALUE	COMPLETE	vendor/linux/include/dt-bindings/leds/common.h;vendor/linux/include/dt-bindings/leds/common.h:47;rewrite/configs/aarch64/frozen.config;header_closure=rewrite/metadata/header_closure.tsv;selected=PENDING_REVIEW	425f94c2954b1fe80ebdbf9b29854e89750355df	f370894314d3d608a6c204aeb27c4b8eda6aefec7b57be516a7d370de1e30093	7605a9b1ced9827c55b017ef1f5b436774e4fe3a6c3fed3f0a6ddd53218ac673	0123af9e96b58af4e98b91a2de5608d36b63c67864b9041d3340587f3dbe40d2	cfa8dcf0d81c408de38d4202fe1ce9d9e5e301d1e67439c9530da94b1e64ee3f	7484d7b0dd80f45e18d726b04752827fe28555cc5c1af0e127948380e6688abf
semantic-proposal-v1	SC1-f29daabf7db78a97b58e2ce2909ee4bc69226c726a3e764097413d28983501a8	S013171	1	P01	SYMBOLS.tsv	145929	status	aarch64	include/dt-bindings/leds/common.h	operative_macro	LED_FUNCTION_SCROLLLOCK	47	PENDING_REVIEW	COMPLETE	COMPLETE	vendor/linux/include/dt-bindings/leds/common.h;vendor/linux/include/dt-bindings/leds/common.h:47;rewrite/configs/aarch64/frozen.config;header_closure=rewrite/metadata/header_closure.tsv;selected=PENDING_REVIEW	425f94c2954b1fe80ebdbf9b29854e89750355df	f370894314d3d608a6c204aeb27c4b8eda6aefec7b57be516a7d370de1e30093	7605a9b1ced9827c55b017ef1f5b436774e4fe3a6c3fed3f0a6ddd53218ac673	0123af9e96b58af4e98b91a2de5608d36b63c67864b9041d3340587f3dbe40d2	cfa8dcf0d81c408de38d4202fe1ce9d9e5e301d1e67439c9530da94b1e64ee3f	7484d7b0dd80f45e18d726b04752827fe28555cc5c1af0e127948380e6688abf
semantic-proposal-v1	SC1-70ef5911fa1cf8c799afbf27dfb85a1c9c817b494539be13d91f40bce6e4b773	S013171	1	P01	SYMBOLS.tsv	145930	selection_expression	aarch64	include/dt-bindings/leds/common.h	operative_macro	LED_FUNCTION_NUMLOCK	48	PENDING_REVIEW	SOURCE_REVIEWED_VALUE	COMPLETE	vendor/linux/include/dt-bindings/leds/common.h;vendor/linux/include/dt-bindings/leds/common.h:48;rewrite/configs/aarch64/frozen.config;header_closure=rewrite/metadata/header_closure.tsv;selected=PENDING_REVIEW	425f94c2954b1fe80ebdbf9b29854e89750355df	f370894314d3d608a6c204aeb27c4b8eda6aefec7b57be516a7d370de1e30093	7605a9b1ced9827c55b017ef1f5b436774e4fe3a6c3fed3f0a6ddd53218ac673	0123af9e96b58af4e98b91a2de5608d36b63c67864b9041d3340587f3dbe40d2	cfa8dcf0d81c408de38d4202fe1ce9d9e5e301d1e67439c9530da94b1e64ee3f	7484d7b0dd80f45e18d726b04752827fe28555cc5c1af0e127948380e6688abf
semantic-proposal-v1	SC1-12575ceac7e4f702e3625e27d9f87c0b016268cbbe87bb20300d979147ad0fb6	S013171	1	P01	SYMBOLS.tsv	145930	status	aarch64	include/dt-bindings/leds/common.h	operative_macro	LED_FUNCTION_NUMLOCK	48	PENDING_REVIEW	COMPLETE	COMPLETE	vendor/linux/include/dt-bindings/leds/common.h;vendor/linux/include/dt-bindings/leds/common.h:48;rewrite/configs/aarch64/frozen.config;header_closure=rewrite/metadata/header_closure.tsv;selected=PENDING_REVIEW	425f94c2954b1fe80ebdbf9b29854e89750355df	f370894314d3d608a6c204aeb27c4b8eda6aefec7b57be516a7d370de1e30093	7605a9b1ced9827c55b017ef1f5b436774e4fe3a6c3fed3f0a6ddd53218ac673	0123af9e96b58af4e98b91a2de5608d36b63c67864b9041d3340587f3dbe40d2	cfa8dcf0d81c408de38d4202fe1ce9d9e5e301d1e67439c9530da94b1e64ee3f	7484d7b0dd80f45e18d726b04752827fe28555cc5c1af0e127948380e6688abf
semantic-proposal-v1	SC1-00b74254d6682fd1801536d9fc6014421540dab7fc97afc913f6f67f42f7ae2b	S013171	1	P01	SYMBOLS.tsv	145931	selection_expression	aarch64	include/dt-bindings/leds/common.h	operative_macro	LED_FUNCTION_FNLOCK	49	PENDING_REVIEW	SOURCE_REVIEWED_VALUE	COMPLETE	vendor/linux/include/dt-bindings/leds/common.h;vendor/linux/include/dt-bindings/leds/common.h:49;rewrite/configs/aarch64/frozen.config;header_closure=rewrite/metadata/header_closure.tsv;selected=PENDING_REVIEW	425f94c2954b1fe80ebdbf9b29854e89750355df	f370894314d3d608a6c204aeb27c4b8eda6aefec7b57be516a7d370de1e30093	7605a9b1ced9827c55b017ef1f5b436774e4fe3a6c3fed3f0a6ddd53218ac673	0123af9e96b58af4e98b91a2de5608d36b63c67864b9041d3340587f3dbe40d2	cfa8dcf0d81c408de38d4202fe1ce9d9e5e301d1e67439c9530da94b1e64ee3f	7484d7b0dd80f45e18d726b04752827fe28555cc5c1af0e127948380e6688abf
semantic-proposal-v1	SC1-169775c3d5aff9f71936a6a4e41ae590695986e9de43f47e56376a46ca6cae19	S013171	1	P01	SYMBOLS.tsv	145931	status	aarch64	include/dt-bindings/leds/common.h	operative_macro	LED_FUNCTION_FNLOCK	49	PENDING_REVIEW	COMPLETE	COMPLETE	vendor/linux/include/dt-bindings/leds/common.h;vendor/linux/include/dt-bindings/leds/common.h:49;rewrite/configs/aarch64/frozen.config;header_closure=rewrite/metadata/header_closure.tsv;selected=PENDING_REVIEW	425f94c2954b1fe80ebdbf9b29854e89750355df	f370894314d3d608a6c204aeb27c4b8eda6aefec7b57be516a7d370de1e30093	7605a9b1ced9827c55b017ef1f5b436774e4fe3a6c3fed3f0a6ddd53218ac673	0123af9e96b58af4e98b91a2de5608d36b63c67864b9041d3340587f3dbe40d2	cfa8dcf0d81c408de38d4202fe1ce9d9e5e301d1e67439c9530da94b1e64ee3f	7484d7b0dd80f45e18d726b04752827fe28555cc5c1af0e127948380e6688abf
semantic-proposal-v1	SC1-76a7dde2d91cf9df50405d5d9c5c05b8397ca9155d3dea6198176126a37f1b3c	S013171	1	P01	SYMBOLS.tsv	145932	selection_expression	aarch64	include/dt-bindings/leds/common.h	operative_macro	LED_FUNCTION_KBD_BACKLIGHT	52	PENDING_REVIEW	SOURCE_REVIEWED_VALUE	COMPLETE	vendor/linux/include/dt-bindings/leds/common.h;vendor/linux/include/dt-bindings/leds/common.h:52;rewrite/configs/aarch64/frozen.config;header_closure=rewrite/metadata/header_closure.tsv;selected=PENDING_REVIEW	425f94c2954b1fe80ebdbf9b29854e89750355df	f370894314d3d608a6c204aeb27c4b8eda6aefec7b57be516a7d370de1e30093	7605a9b1ced9827c55b017ef1f5b436774e4fe3a6c3fed3f0a6ddd53218ac673	0123af9e96b58af4e98b91a2de5608d36b63c67864b9041d3340587f3dbe40d2	cfa8dcf0d81c408de38d4202fe1ce9d9e5e301d1e67439c9530da94b1e64ee3f	7484d7b0dd80f45e18d726b04752827fe28555cc5c1af0e127948380e6688abf
semantic-proposal-v1	SC1-a3989d84795e96590052171c5a25ff324d13fb84637cee91d385a462728c5aad	S013171	1	P01	SYMBOLS.tsv	145932	status	aarch64	include/dt-bindings/leds/common.h	operative_macro	LED_FUNCTION_KBD_BACKLIGHT	52	PENDING_REVIEW	COMPLETE	COMPLETE	vendor/linux/include/dt-bindings/leds/common.h;vendor/linux/include/dt-bindings/leds/common.h:52;rewrite/configs/aarch64/frozen.config;header_closure=rewrite/metadata/header_closure.tsv;selected=PENDING_REVIEW	425f94c2954b1fe80ebdbf9b29854e89750355df	f370894314d3d608a6c204aeb27c4b8eda6aefec7b57be516a7d370de1e30093	7605a9b1ced9827c55b017ef1f5b436774e4fe3a6c3fed3f0a6ddd53218ac673	0123af9e96b58af4e98b91a2de5608d36b63c67864b9041d3340587f3dbe40d2	cfa8dcf0d81c408de38d4202fe1ce9d9e5e301d1e67439c9530da94b1e64ee3f	7484d7b0dd80f45e18d726b04752827fe28555cc5c1af0e127948380e6688abf
semantic-proposal-v1	SC1-d2466f21c55f76a839c2f5ce6bea9b8beadb271a3c4cbb230195a574989b1c6c	S013171	1	P01	SYMBOLS.tsv	145933	selection_expression	aarch64	include/dt-bindings/leds/common.h	operative_macro	LED_FUNCTION_POWER	56	PENDING_REVIEW	SOURCE_REVIEWED_VALUE	COMPLETE	vendor/linux/include/dt-bindings/leds/common.h;vendor/linux/include/dt-bindings/leds/common.h:56;rewrite/configs/aarch64/frozen.config;header_closure=rewrite/metadata/header_closure.tsv;selected=PENDING_REVIEW	425f94c2954b1fe80ebdbf9b29854e89750355df	f370894314d3d608a6c204aeb27c4b8eda6aefec7b57be516a7d370de1e30093	7605a9b1ced9827c55b017ef1f5b436774e4fe3a6c3fed3f0a6ddd53218ac673	0123af9e96b58af4e98b91a2de5608d36b63c67864b9041d3340587f3dbe40d2	cfa8dcf0d81c408de38d4202fe1ce9d9e5e301d1e67439c9530da94b1e64ee3f	7484d7b0dd80f45e18d726b04752827fe28555cc5c1af0e127948380e6688abf
semantic-proposal-v1	SC1-2dc29767be6fe34970e8e4e73614834829c690b19a0938951f937055ca240f70	S013171	1	P01	SYMBOLS.tsv	145933	status	aarch64	include/dt-bindings/leds/common.h	operative_macro	LED_FUNCTION_POWER	56	PENDING_REVIEW	COMPLETE	COMPLETE	vendor/linux/include/dt-bindings/leds/common.h;vendor/linux/include/dt-bindings/leds/common.h:56;rewrite/configs/aarch64/frozen.config;header_closure=rewrite/metadata/header_closure.tsv;selected=PENDING_REVIEW	425f94c2954b1fe80ebdbf9b29854e89750355df	f370894314d3d608a6c204aeb27c4b8eda6aefec7b57be516a7d370de1e30093	7605a9b1ced9827c55b017ef1f5b436774e4fe3a6c3fed3f0a6ddd53218ac673	0123af9e96b58af4e98b91a2de5608d36b63c67864b9041d3340587f3dbe40d2	cfa8dcf0d81c408de38d4202fe1ce9d9e5e301d1e67439c9530da94b1e64ee3f	7484d7b0dd80f45e18d726b04752827fe28555cc5c1af0e127948380e6688abf
semantic-proposal-v1	SC1-f7eb073cc3f0d8d7eff677603ffd426a8ea71c60342b55779ad607ec5ac66888	S013171	1	P01	SYMBOLS.tsv	145934	selection_expression	aarch64	include/dt-bindings/leds/common.h	operative_macro	LED_FUNCTION_DISK	57	PENDING_REVIEW	SOURCE_REVIEWED_VALUE	COMPLETE	vendor/linux/include/dt-bindings/leds/common.h;vendor/linux/include/dt-bindings/leds/common.h:57;rewrite/configs/aarch64/frozen.config;header_closure=rewrite/metadata/header_closure.tsv;selected=PENDING_REVIEW	425f94c2954b1fe80ebdbf9b29854e89750355df	f370894314d3d608a6c204aeb27c4b8eda6aefec7b57be516a7d370de1e30093	7605a9b1ced9827c55b017ef1f5b436774e4fe3a6c3fed3f0a6ddd53218ac673	0123af9e96b58af4e98b91a2de5608d36b63c67864b9041d3340587f3dbe40d2	cfa8dcf0d81c408de38d4202fe1ce9d9e5e301d1e67439c9530da94b1e64ee3f	7484d7b0dd80f45e18d726b04752827fe28555cc5c1af0e127948380e6688abf
semantic-proposal-v1	SC1-b6755776c297962e7990a5ec5ae221d8a09efbc7dcf254c6ce2030d32eef8327	S013171	1	P01	SYMBOLS.tsv	145934	status	aarch64	include/dt-bindings/leds/common.h	operative_macro	LED_FUNCTION_DISK	57	PENDING_REVIEW	COMPLETE	COMPLETE	vendor/linux/include/dt-bindings/leds/common.h;vendor/linux/include/dt-bindings/leds/common.h:57;rewrite/configs/aarch64/frozen.config;header_closure=rewrite/metadata/header_closure.tsv;selected=PENDING_REVIEW	425f94c2954b1fe80ebdbf9b29854e89750355df	f370894314d3d608a6c204aeb27c4b8eda6aefec7b57be516a7d370de1e30093	7605a9b1ced9827c55b017ef1f5b436774e4fe3a6c3fed3f0a6ddd53218ac673	0123af9e96b58af4e98b91a2de5608d36b63c67864b9041d3340587f3dbe40d2	cfa8dcf0d81c408de38d4202fe1ce9d9e5e301d1e67439c9530da94b1e64ee3f	7484d7b0dd80f45e18d726b04752827fe28555cc5c1af0e127948380e6688abf
semantic-proposal-v1	SC1-45a8e20e4eeea339d8a63814a5842e9e4e04a9df9a5d35e4053e9737497af809	S013171	1	P01	SYMBOLS.tsv	145935	selection_expression	aarch64	include/dt-bindings/leds/common.h	operative_macro	LED_FUNCTION_CHARGING	60	PENDING_REVIEW	SOURCE_REVIEWED_VALUE	COMPLETE	vendor/linux/include/dt-bindings/leds/common.h;vendor/linux/include/dt-bindings/leds/common.h:60;rewrite/configs/aarch64/frozen.config;header_closure=rewrite/metadata/header_closure.tsv;selected=PENDING_REVIEW	425f94c2954b1fe80ebdbf9b29854e89750355df	f370894314d3d608a6c204aeb27c4b8eda6aefec7b57be516a7d370de1e30093	7605a9b1ced9827c55b017ef1f5b436774e4fe3a6c3fed3f0a6ddd53218ac673	0123af9e96b58af4e98b91a2de5608d36b63c67864b9041d3340587f3dbe40d2	cfa8dcf0d81c408de38d4202fe1ce9d9e5e301d1e67439c9530da94b1e64ee3f	7484d7b0dd80f45e18d726b04752827fe28555cc5c1af0e127948380e6688abf
semantic-proposal-v1	SC1-bc22b509adef7a171de702879addf71f946e3a693c874c9fd22c5b54641665a1	S013171	1	P01	SYMBOLS.tsv	145935	status	aarch64	include/dt-bindings/leds/common.h	operative_macro	LED_FUNCTION_CHARGING	60	PENDING_REVIEW	COMPLETE	COMPLETE	vendor/linux/include/dt-bindings/leds/common.h;vendor/linux/include/dt-bindings/leds/common.h:60;rewrite/configs/aarch64/frozen.config;header_closure=rewrite/metadata/header_closure.tsv;selected=PENDING_REVIEW	425f94c2954b1fe80ebdbf9b29854e89750355df	f370894314d3d608a6c204aeb27c4b8eda6aefec7b57be516a7d370de1e30093	7605a9b1ced9827c55b017ef1f5b436774e4fe3a6c3fed3f0a6ddd53218ac673	0123af9e96b58af4e98b91a2de5608d36b63c67864b9041d3340587f3dbe40d2	cfa8dcf0d81c408de38d4202fe1ce9d9e5e301d1e67439c9530da94b1e64ee3f	7484d7b0dd80f45e18d726b04752827fe28555cc5c1af0e127948380e6688abf
semantic-proposal-v1	SC1-4d37ad98affaa4de81a72cac56f528e8445a974ab20a754d192e78c1cca7a647	S013171	1	P01	SYMBOLS.tsv	145936	selection_expression	aarch64	include/dt-bindings/leds/common.h	operative_macro	LED_FUNCTION_STATUS	64	PENDING_REVIEW	SOURCE_REVIEWED_VALUE	COMPLETE	vendor/linux/include/dt-bindings/leds/common.h;vendor/linux/include/dt-bindings/leds/common.h:64;rewrite/configs/aarch64/frozen.config;header_closure=rewrite/metadata/header_closure.tsv;selected=PENDING_REVIEW	425f94c2954b1fe80ebdbf9b29854e89750355df	f370894314d3d608a6c204aeb27c4b8eda6aefec7b57be516a7d370de1e30093	7605a9b1ced9827c55b017ef1f5b436774e4fe3a6c3fed3f0a6ddd53218ac673	0123af9e96b58af4e98b91a2de5608d36b63c67864b9041d3340587f3dbe40d2	cfa8dcf0d81c408de38d4202fe1ce9d9e5e301d1e67439c9530da94b1e64ee3f	7484d7b0dd80f45e18d726b04752827fe28555cc5c1af0e127948380e6688abf
semantic-proposal-v1	SC1-d2d25aa98adb95152236a44be93549e320756f123feee495d95f689a12386830	S013171	1	P01	SYMBOLS.tsv	145936	status	aarch64	include/dt-bindings/leds/common.h	operative_macro	LED_FUNCTION_STATUS	64	PENDING_REVIEW	COMPLETE	COMPLETE	vendor/linux/include/dt-bindings/leds/common.h;vendor/linux/include/dt-bindings/leds/common.h:64;rewrite/configs/aarch64/frozen.config;header_closure=rewrite/metadata/header_closure.tsv;selected=PENDING_REVIEW	425f94c2954b1fe80ebdbf9b29854e89750355df	f370894314d3d608a6c204aeb27c4b8eda6aefec7b57be516a7d370de1e30093	7605a9b1ced9827c55b017ef1f5b436774e4fe3a6c3fed3f0a6ddd53218ac673	0123af9e96b58af4e98b91a2de5608d36b63c67864b9041d3340587f3dbe40d2	cfa8dcf0d81c408de38d4202fe1ce9d9e5e301d1e67439c9530da94b1e64ee3f	7484d7b0dd80f45e18d726b04752827fe28555cc5c1af0e127948380e6688abf
semantic-proposal-v1	SC1-1a22edb4bdfc01cc0134041fa391bcbff310758639c63c2a4c2f25350320a8c9	S013171	1	P01	SYMBOLS.tsv	145937	selection_expression	aarch64	include/dt-bindings/leds/common.h	operative_macro	LED_FUNCTION_MICMUTE	66	PENDING_REVIEW	SOURCE_REVIEWED_VALUE	COMPLETE	vendor/linux/include/dt-bindings/leds/common.h;vendor/linux/include/dt-bindings/leds/common.h:66;rewrite/configs/aarch64/frozen.config;header_closure=rewrite/metadata/header_closure.tsv;selected=PENDING_REVIEW	425f94c2954b1fe80ebdbf9b29854e89750355df	f370894314d3d608a6c204aeb27c4b8eda6aefec7b57be516a7d370de1e30093	7605a9b1ced9827c55b017ef1f5b436774e4fe3a6c3fed3f0a6ddd53218ac673	0123af9e96b58af4e98b91a2de5608d36b63c67864b9041d3340587f3dbe40d2	cfa8dcf0d81c408de38d4202fe1ce9d9e5e301d1e67439c9530da94b1e64ee3f	7484d7b0dd80f45e18d726b04752827fe28555cc5c1af0e127948380e6688abf
semantic-proposal-v1	SC1-b4ea80e1d80c88a24ddff4b7186ed4a1198eab312ae04f8e84871895894fd311	S013171	1	P01	SYMBOLS.tsv	145937	status	aarch64	include/dt-bindings/leds/common.h	operative_macro	LED_FUNCTION_MICMUTE	66	PENDING_REVIEW	COMPLETE	COMPLETE	vendor/linux/include/dt-bindings/leds/common.h;vendor/linux/include/dt-bindings/leds/common.h:66;rewrite/configs/aarch64/frozen.config;header_closure=rewrite/metadata/header_closure.tsv;selected=PENDING_REVIEW	425f94c2954b1fe80ebdbf9b29854e89750355df	f370894314d3d608a6c204aeb27c4b8eda6aefec7b57be516a7d370de1e30093	7605a9b1ced9827c55b017ef1f5b436774e4fe3a6c3fed3f0a6ddd53218ac673	0123af9e96b58af4e98b91a2de5608d36b63c67864b9041d3340587f3dbe40d2	cfa8dcf0d81c408de38d4202fe1ce9d9e5e301d1e67439c9530da94b1e64ee3f	7484d7b0dd80f45e18d726b04752827fe28555cc5c1af0e127948380e6688abf
semantic-proposal-v1	SC1-1ea1c88da3df516d04ebd1e09be91d3e8b2d218af0fee973eff97e0642fe05e7	S013171	1	P01	SYMBOLS.tsv	145938	selection_expression	aarch64	include/dt-bindings/leds/common.h	operative_macro	LED_FUNCTION_MUTE	67	PENDING_REVIEW	SOURCE_REVIEWED_VALUE	COMPLETE	vendor/linux/include/dt-bindings/leds/common.h;vendor/linux/include/dt-bindings/leds/common.h:67;rewrite/configs/aarch64/frozen.config;header_closure=rewrite/metadata/header_closure.tsv;selected=PENDING_REVIEW	425f94c2954b1fe80ebdbf9b29854e89750355df	f370894314d3d608a6c204aeb27c4b8eda6aefec7b57be516a7d370de1e30093	7605a9b1ced9827c55b017ef1f5b436774e4fe3a6c3fed3f0a6ddd53218ac673	0123af9e96b58af4e98b91a2de5608d36b63c67864b9041d3340587f3dbe40d2	cfa8dcf0d81c408de38d4202fe1ce9d9e5e301d1e67439c9530da94b1e64ee3f	7484d7b0dd80f45e18d726b04752827fe28555cc5c1af0e127948380e6688abf
semantic-proposal-v1	SC1-7e0d44993d17b61b6b9094ef52e5b3ce98e75abe39fd9f6bca4c5d4e1bf02274	S013171	1	P01	SYMBOLS.tsv	145938	status	aarch64	include/dt-bindings/leds/common.h	operative_macro	LED_FUNCTION_MUTE	67	PENDING_REVIEW	COMPLETE	COMPLETE	vendor/linux/include/dt-bindings/leds/common.h;vendor/linux/include/dt-bindings/leds/common.h:67;rewrite/configs/aarch64/frozen.config;header_closure=rewrite/metadata/header_closure.tsv;selected=PENDING_REVIEW	425f94c2954b1fe80ebdbf9b29854e89750355df	f370894314d3d608a6c204aeb27c4b8eda6aefec7b57be516a7d370de1e30093	7605a9b1ced9827c55b017ef1f5b436774e4fe3a6c3fed3f0a6ddd53218ac673	0123af9e96b58af4e98b91a2de5608d36b63c67864b9041d3340587f3dbe40d2	cfa8dcf0d81c408de38d4202fe1ce9d9e5e301d1e67439c9530da94b1e64ee3f	7484d7b0dd80f45e18d726b04752827fe28555cc5c1af0e127948380e6688abf
semantic-proposal-v1	SC1-bbe809fb3acd8ac6553a5d62da57e5787475c6d91f1696365e24eeb5079ea493	S013171	1	P01	SYMBOLS.tsv	145939	selection_expression	aarch64	include/dt-bindings/leds/common.h	operative_macro	LED_FUNCTION_PLAYER1	70	PENDING_REVIEW	SOURCE_REVIEWED_VALUE	COMPLETE	vendor/linux/include/dt-bindings/leds/common.h;vendor/linux/include/dt-bindings/leds/common.h:70;rewrite/configs/aarch64/frozen.config;header_closure=rewrite/metadata/header_closure.tsv;selected=PENDING_REVIEW	425f94c2954b1fe80ebdbf9b29854e89750355df	f370894314d3d608a6c204aeb27c4b8eda6aefec7b57be516a7d370de1e30093	7605a9b1ced9827c55b017ef1f5b436774e4fe3a6c3fed3f0a6ddd53218ac673	0123af9e96b58af4e98b91a2de5608d36b63c67864b9041d3340587f3dbe40d2	cfa8dcf0d81c408de38d4202fe1ce9d9e5e301d1e67439c9530da94b1e64ee3f	7484d7b0dd80f45e18d726b04752827fe28555cc5c1af0e127948380e6688abf
semantic-proposal-v1	SC1-574f47b036cf5881bcc96fa42cf52fc9402d88ec6e9ab3a1b6bfcf333c6534cf	S013171	1	P01	SYMBOLS.tsv	145939	status	aarch64	include/dt-bindings/leds/common.h	operative_macro	LED_FUNCTION_PLAYER1	70	PENDING_REVIEW	COMPLETE	COMPLETE	vendor/linux/include/dt-bindings/leds/common.h;vendor/linux/include/dt-bindings/leds/common.h:70;rewrite/configs/aarch64/frozen.config;header_closure=rewrite/metadata/header_closure.tsv;selected=PENDING_REVIEW	425f94c2954b1fe80ebdbf9b29854e89750355df	f370894314d3d608a6c204aeb27c4b8eda6aefec7b57be516a7d370de1e30093	7605a9b1ced9827c55b017ef1f5b436774e4fe3a6c3fed3f0a6ddd53218ac673	0123af9e96b58af4e98b91a2de5608d36b63c67864b9041d3340587f3dbe40d2	cfa8dcf0d81c408de38d4202fe1ce9d9e5e301d1e67439c9530da94b1e64ee3f	7484d7b0dd80f45e18d726b04752827fe28555cc5c1af0e127948380e6688abf
semantic-proposal-v1	SC1-8147438316140d20ffb4126b586a25b098c9111836f8d96cc003059df3330278	S013171	1	P01	SYMBOLS.tsv	145940	selection_expression	aarch64	include/dt-bindings/leds/common.h	operative_macro	LED_FUNCTION_PLAYER2	71	PENDING_REVIEW	SOURCE_REVIEWED_VALUE	COMPLETE	vendor/linux/include/dt-bindings/leds/common.h;vendor/linux/include/dt-bindings/leds/common.h:71;rewrite/configs/aarch64/frozen.config;header_closure=rewrite/metadata/header_closure.tsv;selected=PENDING_REVIEW	425f94c2954b1fe80ebdbf9b29854e89750355df	f370894314d3d608a6c204aeb27c4b8eda6aefec7b57be516a7d370de1e30093	7605a9b1ced9827c55b017ef1f5b436774e4fe3a6c3fed3f0a6ddd53218ac673	0123af9e96b58af4e98b91a2de5608d36b63c67864b9041d3340587f3dbe40d2	cfa8dcf0d81c408de38d4202fe1ce9d9e5e301d1e67439c9530da94b1e64ee3f	7484d7b0dd80f45e18d726b04752827fe28555cc5c1af0e127948380e6688abf
semantic-proposal-v1	SC1-e0e4ed1ca4313d26042dbad912d5415a6b0eaa2a56977f45435913594de47ac4	S013171	1	P01	SYMBOLS.tsv	145940	status	aarch64	include/dt-bindings/leds/common.h	operative_macro	LED_FUNCTION_PLAYER2	71	PENDING_REVIEW	COMPLETE	COMPLETE	vendor/linux/include/dt-bindings/leds/common.h;vendor/linux/include/dt-bindings/leds/common.h:71;rewrite/configs/aarch64/frozen.config;header_closure=rewrite/metadata/header_closure.tsv;selected=PENDING_REVIEW	425f94c2954b1fe80ebdbf9b29854e89750355df	f370894314d3d608a6c204aeb27c4b8eda6aefec7b57be516a7d370de1e30093	7605a9b1ced9827c55b017ef1f5b436774e4fe3a6c3fed3f0a6ddd53218ac673	0123af9e96b58af4e98b91a2de5608d36b63c67864b9041d3340587f3dbe40d2	cfa8dcf0d81c408de38d4202fe1ce9d9e5e301d1e67439c9530da94b1e64ee3f	7484d7b0dd80f45e18d726b04752827fe28555cc5c1af0e127948380e6688abf
semantic-proposal-v1	SC1-0405ff64b21bd9e8051614ff28ffede0f321e467c8d2fcbba06d30e3d0ac1e6a	S013171	1	P01	SYMBOLS.tsv	145941	selection_expression	aarch64	include/dt-bindings/leds/common.h	operative_macro	LED_FUNCTION_PLAYER3	72	PENDING_REVIEW	SOURCE_REVIEWED_VALUE	COMPLETE	vendor/linux/include/dt-bindings/leds/common.h;vendor/linux/include/dt-bindings/leds/common.h:72;rewrite/configs/aarch64/frozen.config;header_closure=rewrite/metadata/header_closure.tsv;selected=PENDING_REVIEW	425f94c2954b1fe80ebdbf9b29854e89750355df	f370894314d3d608a6c204aeb27c4b8eda6aefec7b57be516a7d370de1e30093	7605a9b1ced9827c55b017ef1f5b436774e4fe3a6c3fed3f0a6ddd53218ac673	0123af9e96b58af4e98b91a2de5608d36b63c67864b9041d3340587f3dbe40d2	cfa8dcf0d81c408de38d4202fe1ce9d9e5e301d1e67439c9530da94b1e64ee3f	7484d7b0dd80f45e18d726b04752827fe28555cc5c1af0e127948380e6688abf
semantic-proposal-v1	SC1-7c6aead8612dffdbb7fcdfd2f4ece490007aef8b4580f9e3741df6c062644396	S013171	1	P01	SYMBOLS.tsv	145941	status	aarch64	include/dt-bindings/leds/common.h	operative_macro	LED_FUNCTION_PLAYER3	72	PENDING_REVIEW	COMPLETE	COMPLETE	vendor/linux/include/dt-bindings/leds/common.h;vendor/linux/include/dt-bindings/leds/common.h:72;rewrite/configs/aarch64/frozen.config;header_closure=rewrite/metadata/header_closure.tsv;selected=PENDING_REVIEW	425f94c2954b1fe80ebdbf9b29854e89750355df	f370894314d3d608a6c204aeb27c4b8eda6aefec7b57be516a7d370de1e30093	7605a9b1ced9827c55b017ef1f5b436774e4fe3a6c3fed3f0a6ddd53218ac673	0123af9e96b58af4e98b91a2de5608d36b63c67864b9041d3340587f3dbe40d2	cfa8dcf0d81c408de38d4202fe1ce9d9e5e301d1e67439c9530da94b1e64ee3f	7484d7b0dd80f45e18d726b04752827fe28555cc5c1af0e127948380e6688abf
semantic-proposal-v1	SC1-8882159265c535a3a0e9e02bd72d9cdf4e49df2e6bb105a2bca2965b7a6cae16	S013171	1	P01	SYMBOLS.tsv	145942	selection_expression	aarch64	include/dt-bindings/leds/common.h	operative_macro	LED_FUNCTION_PLAYER4	73	PENDING_REVIEW	SOURCE_REVIEWED_VALUE	COMPLETE	vendor/linux/include/dt-bindings/leds/common.h;vendor/linux/include/dt-bindings/leds/common.h:73;rewrite/configs/aarch64/frozen.config;header_closure=rewrite/metadata/header_closure.tsv;selected=PENDING_REVIEW	425f94c2954b1fe80ebdbf9b29854e89750355df	f370894314d3d608a6c204aeb27c4b8eda6aefec7b57be516a7d370de1e30093	7605a9b1ced9827c55b017ef1f5b436774e4fe3a6c3fed3f0a6ddd53218ac673	0123af9e96b58af4e98b91a2de5608d36b63c67864b9041d3340587f3dbe40d2	cfa8dcf0d81c408de38d4202fe1ce9d9e5e301d1e67439c9530da94b1e64ee3f	7484d7b0dd80f45e18d726b04752827fe28555cc5c1af0e127948380e6688abf
semantic-proposal-v1	SC1-f6a151926a3e6828adcb424ccb8ddb3d4cf6533b3f36a4a469fd946e6870f515	S013171	1	P01	SYMBOLS.tsv	145942	status	aarch64	include/dt-bindings/leds/common.h	operative_macro	LED_FUNCTION_PLAYER4	73	PENDING_REVIEW	COMPLETE	COMPLETE	vendor/linux/include/dt-bindings/leds/common.h;vendor/linux/include/dt-bindings/leds/common.h:73;rewrite/configs/aarch64/frozen.config;header_closure=rewrite/metadata/header_closure.tsv;selected=PENDING_REVIEW	425f94c2954b1fe80ebdbf9b29854e89750355df	f370894314d3d608a6c204aeb27c4b8eda6aefec7b57be516a7d370de1e30093	7605a9b1ced9827c55b017ef1f5b436774e4fe3a6c3fed3f0a6ddd53218ac673	0123af9e96b58af4e98b91a2de5608d36b63c67864b9041d3340587f3dbe40d2	cfa8dcf0d81c408de38d4202fe1ce9d9e5e301d1e67439c9530da94b1e64ee3f	7484d7b0dd80f45e18d726b04752827fe28555cc5c1af0e127948380e6688abf
semantic-proposal-v1	SC1-1190ba44c87c06c8086a5907c7dc6aa81cf702e1feb231256f96b1a2f8286504	S013171	1	P01	SYMBOLS.tsv	145943	selection_expression	aarch64	include/dt-bindings/leds/common.h	operative_macro	LED_FUNCTION_PLAYER5	74	PENDING_REVIEW	SOURCE_REVIEWED_VALUE	COMPLETE	vendor/linux/include/dt-bindings/leds/common.h;vendor/linux/include/dt-bindings/leds/common.h:74;rewrite/configs/aarch64/frozen.config;header_closure=rewrite/metadata/header_closure.tsv;selected=PENDING_REVIEW	425f94c2954b1fe80ebdbf9b29854e89750355df	f370894314d3d608a6c204aeb27c4b8eda6aefec7b57be516a7d370de1e30093	7605a9b1ced9827c55b017ef1f5b436774e4fe3a6c3fed3f0a6ddd53218ac673	0123af9e96b58af4e98b91a2de5608d36b63c67864b9041d3340587f3dbe40d2	cfa8dcf0d81c408de38d4202fe1ce9d9e5e301d1e67439c9530da94b1e64ee3f	7484d7b0dd80f45e18d726b04752827fe28555cc5c1af0e127948380e6688abf
semantic-proposal-v1	SC1-851d1c06732f1262ad7bcb83a3eb6aa23276d5dfeaab3140484c1c825e3c373b	S013171	1	P01	SYMBOLS.tsv	145943	status	aarch64	include/dt-bindings/leds/common.h	operative_macro	LED_FUNCTION_PLAYER5	74	PENDING_REVIEW	COMPLETE	COMPLETE	vendor/linux/include/dt-bindings/leds/common.h;vendor/linux/include/dt-bindings/leds/common.h:74;rewrite/configs/aarch64/frozen.config;header_closure=rewrite/metadata/header_closure.tsv;selected=PENDING_REVIEW	425f94c2954b1fe80ebdbf9b29854e89750355df	f370894314d3d608a6c204aeb27c4b8eda6aefec7b57be516a7d370de1e30093	7605a9b1ced9827c55b017ef1f5b436774e4fe3a6c3fed3f0a6ddd53218ac673	0123af9e96b58af4e98b91a2de5608d36b63c67864b9041d3340587f3dbe40d2	cfa8dcf0d81c408de38d4202fe1ce9d9e5e301d1e67439c9530da94b1e64ee3f	7484d7b0dd80f45e18d726b04752827fe28555cc5c1af0e127948380e6688abf
semantic-proposal-v1	SC1-17bf593c5461df0e704c84856f09a79eb6f50d2ba07d1126a907ced443f316df	S013171	1	P01	SYMBOLS.tsv	145944	selection_expression	aarch64	include/dt-bindings/leds/common.h	operative_macro	LED_FUNCTION_ACTIVITY	77	PENDING_REVIEW	SOURCE_REVIEWED_VALUE	COMPLETE	vendor/linux/include/dt-bindings/leds/common.h;vendor/linux/include/dt-bindings/leds/common.h:77;rewrite/configs/aarch64/frozen.config;header_closure=rewrite/metadata/header_closure.tsv;selected=PENDING_REVIEW	425f94c2954b1fe80ebdbf9b29854e89750355df	f370894314d3d608a6c204aeb27c4b8eda6aefec7b57be516a7d370de1e30093	7605a9b1ced9827c55b017ef1f5b436774e4fe3a6c3fed3f0a6ddd53218ac673	0123af9e96b58af4e98b91a2de5608d36b63c67864b9041d3340587f3dbe40d2	cfa8dcf0d81c408de38d4202fe1ce9d9e5e301d1e67439c9530da94b1e64ee3f	7484d7b0dd80f45e18d726b04752827fe28555cc5c1af0e127948380e6688abf
semantic-proposal-v1	SC1-619a387cc54743578a45ea3fa1fbbe388980521874e5244fbc3ed9563521b7e2	S013171	1	P01	SYMBOLS.tsv	145944	status	aarch64	include/dt-bindings/leds/common.h	operative_macro	LED_FUNCTION_ACTIVITY	77	PENDING_REVIEW	COMPLETE	COMPLETE	vendor/linux/include/dt-bindings/leds/common.h;vendor/linux/include/dt-bindings/leds/common.h:77;rewrite/configs/aarch64/frozen.config;header_closure=rewrite/metadata/header_closure.tsv;selected=PENDING_REVIEW	425f94c2954b1fe80ebdbf9b29854e89750355df	f370894314d3d608a6c204aeb27c4b8eda6aefec7b57be516a7d370de1e30093	7605a9b1ced9827c55b017ef1f5b436774e4fe3a6c3fed3f0a6ddd53218ac673	0123af9e96b58af4e98b91a2de5608d36b63c67864b9041d3340587f3dbe40d2	cfa8dcf0d81c408de38d4202fe1ce9d9e5e301d1e67439c9530da94b1e64ee3f	7484d7b0dd80f45e18d726b04752827fe28555cc5c1af0e127948380e6688abf
semantic-proposal-v1	SC1-c278fb755caa46d20b6a375244281db34cf131d21f2c063f4f0faeed01bfd1d3	S013171	1	P01	SYMBOLS.tsv	145945	selection_expression	aarch64	include/dt-bindings/leds/common.h	operative_macro	LED_FUNCTION_ALARM	78	PENDING_REVIEW	SOURCE_REVIEWED_VALUE	COMPLETE	vendor/linux/include/dt-bindings/leds/common.h;vendor/linux/include/dt-bindings/leds/common.h:78;rewrite/configs/aarch64/frozen.config;header_closure=rewrite/metadata/header_closure.tsv;selected=PENDING_REVIEW	425f94c2954b1fe80ebdbf9b29854e89750355df	f370894314d3d608a6c204aeb27c4b8eda6aefec7b57be516a7d370de1e30093	7605a9b1ced9827c55b017ef1f5b436774e4fe3a6c3fed3f0a6ddd53218ac673	0123af9e96b58af4e98b91a2de5608d36b63c67864b9041d3340587f3dbe40d2	cfa8dcf0d81c408de38d4202fe1ce9d9e5e301d1e67439c9530da94b1e64ee3f	7484d7b0dd80f45e18d726b04752827fe28555cc5c1af0e127948380e6688abf
semantic-proposal-v1	SC1-371791c11bab7fd676a5aec316d197e36fa30329115556c28897056df7af5cbe	S013171	1	P01	SYMBOLS.tsv	145945	status	aarch64	include/dt-bindings/leds/common.h	operative_macro	LED_FUNCTION_ALARM	78	PENDING_REVIEW	COMPLETE	COMPLETE	vendor/linux/include/dt-bindings/leds/common.h;vendor/linux/include/dt-bindings/leds/common.h:78;rewrite/configs/aarch64/frozen.config;header_closure=rewrite/metadata/header_closure.tsv;selected=PENDING_REVIEW	425f94c2954b1fe80ebdbf9b29854e89750355df	f370894314d3d608a6c204aeb27c4b8eda6aefec7b57be516a7d370de1e30093	7605a9b1ced9827c55b017ef1f5b436774e4fe3a6c3fed3f0a6ddd53218ac673	0123af9e96b58af4e98b91a2de5608d36b63c67864b9041d3340587f3dbe40d2	cfa8dcf0d81c408de38d4202fe1ce9d9e5e301d1e67439c9530da94b1e64ee3f	7484d7b0dd80f45e18d726b04752827fe28555cc5c1af0e127948380e6688abf
semantic-proposal-v1	SC1-c2a2852964550f18e4fc648936e695b43dffa6d3c48d239a0499fbd12c25b059	S013171	1	P01	SYMBOLS.tsv	145946	selection_expression	aarch64	include/dt-bindings/leds/common.h	operative_macro	LED_FUNCTION_BACKLIGHT	79	PENDING_REVIEW	SOURCE_REVIEWED_VALUE	COMPLETE	vendor/linux/include/dt-bindings/leds/common.h;vendor/linux/include/dt-bindings/leds/common.h:79;rewrite/configs/aarch64/frozen.config;header_closure=rewrite/metadata/header_closure.tsv;selected=PENDING_REVIEW	425f94c2954b1fe80ebdbf9b29854e89750355df	f370894314d3d608a6c204aeb27c4b8eda6aefec7b57be516a7d370de1e30093	7605a9b1ced9827c55b017ef1f5b436774e4fe3a6c3fed3f0a6ddd53218ac673	0123af9e96b58af4e98b91a2de5608d36b63c67864b9041d3340587f3dbe40d2	cfa8dcf0d81c408de38d4202fe1ce9d9e5e301d1e67439c9530da94b1e64ee3f	7484d7b0dd80f45e18d726b04752827fe28555cc5c1af0e127948380e6688abf
semantic-proposal-v1	SC1-674aad9ca3869989f29cde37b25dfd31a8660cb3892779eb6142fdff6f60581c	S013171	1	P01	SYMBOLS.tsv	145946	status	aarch64	include/dt-bindings/leds/common.h	operative_macro	LED_FUNCTION_BACKLIGHT	79	PENDING_REVIEW	COMPLETE	COMPLETE	vendor/linux/include/dt-bindings/leds/common.h;vendor/linux/include/dt-bindings/leds/common.h:79;rewrite/configs/aarch64/frozen.config;header_closure=rewrite/metadata/header_closure.tsv;selected=PENDING_REVIEW	425f94c2954b1fe80ebdbf9b29854e89750355df	f370894314d3d608a6c204aeb27c4b8eda6aefec7b57be516a7d370de1e30093	7605a9b1ced9827c55b017ef1f5b436774e4fe3a6c3fed3f0a6ddd53218ac673	0123af9e96b58af4e98b91a2de5608d36b63c67864b9041d3340587f3dbe40d2	cfa8dcf0d81c408de38d4202fe1ce9d9e5e301d1e67439c9530da94b1e64ee3f	7484d7b0dd80f45e18d726b04752827fe28555cc5c1af0e127948380e6688abf
semantic-proposal-v1	SC1-aa5698634b5ad34b510cb20c949299f431c44951c4bc1aeb60f28e4d3225b1c2	S013171	1	P01	SYMBOLS.tsv	145947	selection_expression	aarch64	include/dt-bindings/leds/common.h	operative_macro	LED_FUNCTION_BLUETOOTH	80	PENDING_REVIEW	SOURCE_REVIEWED_VALUE	COMPLETE	vendor/linux/include/dt-bindings/leds/common.h;vendor/linux/include/dt-bindings/leds/common.h:80;rewrite/configs/aarch64/frozen.config;header_closure=rewrite/metadata/header_closure.tsv;selected=PENDING_REVIEW	425f94c2954b1fe80ebdbf9b29854e89750355df	f370894314d3d608a6c204aeb27c4b8eda6aefec7b57be516a7d370de1e30093	7605a9b1ced9827c55b017ef1f5b436774e4fe3a6c3fed3f0a6ddd53218ac673	0123af9e96b58af4e98b91a2de5608d36b63c67864b9041d3340587f3dbe40d2	cfa8dcf0d81c408de38d4202fe1ce9d9e5e301d1e67439c9530da94b1e64ee3f	7484d7b0dd80f45e18d726b04752827fe28555cc5c1af0e127948380e6688abf
semantic-proposal-v1	SC1-bb8265077444d5085c8c8cf9f68785ef05ef964b11a1605eda7baabd76204d0c	S013171	1	P01	SYMBOLS.tsv	145947	status	aarch64	include/dt-bindings/leds/common.h	operative_macro	LED_FUNCTION_BLUETOOTH	80	PENDING_REVIEW	COMPLETE	COMPLETE	vendor/linux/include/dt-bindings/leds/common.h;vendor/linux/include/dt-bindings/leds/common.h:80;rewrite/configs/aarch64/frozen.config;header_closure=rewrite/metadata/header_closure.tsv;selected=PENDING_REVIEW	425f94c2954b1fe80ebdbf9b29854e89750355df	f370894314d3d608a6c204aeb27c4b8eda6aefec7b57be516a7d370de1e30093	7605a9b1ced9827c55b017ef1f5b436774e4fe3a6c3fed3f0a6ddd53218ac673	0123af9e96b58af4e98b91a2de5608d36b63c67864b9041d3340587f3dbe40d2	cfa8dcf0d81c408de38d4202fe1ce9d9e5e301d1e67439c9530da94b1e64ee3f	7484d7b0dd80f45e18d726b04752827fe28555cc5c1af0e127948380e6688abf
semantic-proposal-v1	SC1-e7232d9a7ef53deae58ce4937b00d4b74bf83ff3e835adc067aa3449cff39c87	S013171	1	P01	SYMBOLS.tsv	145948	selection_expression	aarch64	include/dt-bindings/leds/common.h	operative_macro	LED_FUNCTION_BOOT	81	PENDING_REVIEW	SOURCE_REVIEWED_VALUE	COMPLETE	vendor/linux/include/dt-bindings/leds/common.h;vendor/linux/include/dt-bindings/leds/common.h:81;rewrite/configs/aarch64/frozen.config;header_closure=rewrite/metadata/header_closure.tsv;selected=PENDING_REVIEW	425f94c2954b1fe80ebdbf9b29854e89750355df	f370894314d3d608a6c204aeb27c4b8eda6aefec7b57be516a7d370de1e30093	7605a9b1ced9827c55b017ef1f5b436774e4fe3a6c3fed3f0a6ddd53218ac673	0123af9e96b58af4e98b91a2de5608d36b63c67864b9041d3340587f3dbe40d2	cfa8dcf0d81c408de38d4202fe1ce9d9e5e301d1e67439c9530da94b1e64ee3f	7484d7b0dd80f45e18d726b04752827fe28555cc5c1af0e127948380e6688abf
semantic-proposal-v1	SC1-8202789a514432d424d70e10f31af94314c1541291266ce8f31ad98f00895391	S013171	1	P01	SYMBOLS.tsv	145948	status	aarch64	include/dt-bindings/leds/common.h	operative_macro	LED_FUNCTION_BOOT	81	PENDING_REVIEW	COMPLETE	COMPLETE	vendor/linux/include/dt-bindings/leds/common.h;vendor/linux/include/dt-bindings/leds/common.h:81;rewrite/configs/aarch64/frozen.config;header_closure=rewrite/metadata/header_closure.tsv;selected=PENDING_REVIEW	425f94c2954b1fe80ebdbf9b29854e89750355df	f370894314d3d608a6c204aeb27c4b8eda6aefec7b57be516a7d370de1e30093	7605a9b1ced9827c55b017ef1f5b436774e4fe3a6c3fed3f0a6ddd53218ac673	0123af9e96b58af4e98b91a2de5608d36b63c67864b9041d3340587f3dbe40d2	cfa8dcf0d81c408de38d4202fe1ce9d9e5e301d1e67439c9530da94b1e64ee3f	7484d7b0dd80f45e18d726b04752827fe28555cc5c1af0e127948380e6688abf
semantic-proposal-v1	SC1-cbfe733cdce307f4ce94ec911e2b1ddb3a94294bd90c53c07854a75264d1e70d	S013171	1	P01	SYMBOLS.tsv	145949	selection_expression	aarch64	include/dt-bindings/leds/common.h	operative_macro	LED_FUNCTION_CPU	82	PENDING_REVIEW	SOURCE_REVIEWED_VALUE	COMPLETE	vendor/linux/include/dt-bindings/leds/common.h;vendor/linux/include/dt-bindings/leds/common.h:82;rewrite/configs/aarch64/frozen.config;header_closure=rewrite/metadata/header_closure.tsv;selected=PENDING_REVIEW	425f94c2954b1fe80ebdbf9b29854e89750355df	f370894314d3d608a6c204aeb27c4b8eda6aefec7b57be516a7d370de1e30093	7605a9b1ced9827c55b017ef1f5b436774e4fe3a6c3fed3f0a6ddd53218ac673	0123af9e96b58af4e98b91a2de5608d36b63c67864b9041d3340587f3dbe40d2	cfa8dcf0d81c408de38d4202fe1ce9d9e5e301d1e67439c9530da94b1e64ee3f	7484d7b0dd80f45e18d726b04752827fe28555cc5c1af0e127948380e6688abf
semantic-proposal-v1	SC1-c8e31fdecfff600540b076321c9750e749581243f495611947229a8540278d43	S013171	1	P01	SYMBOLS.tsv	145949	status	aarch64	include/dt-bindings/leds/common.h	operative_macro	LED_FUNCTION_CPU	82	PENDING_REVIEW	COMPLETE	COMPLETE	vendor/linux/include/dt-bindings/leds/common.h;vendor/linux/include/dt-bindings/leds/common.h:82;rewrite/configs/aarch64/frozen.config;header_closure=rewrite/metadata/header_closure.tsv;selected=PENDING_REVIEW	425f94c2954b1fe80ebdbf9b29854e89750355df	f370894314d3d608a6c204aeb27c4b8eda6aefec7b57be516a7d370de1e30093	7605a9b1ced9827c55b017ef1f5b436774e4fe3a6c3fed3f0a6ddd53218ac673	0123af9e96b58af4e98b91a2de5608d36b63c67864b9041d3340587f3dbe40d2	cfa8dcf0d81c408de38d4202fe1ce9d9e5e301d1e67439c9530da94b1e64ee3f	7484d7b0dd80f45e18d726b04752827fe28555cc5c1af0e127948380e6688abf
semantic-proposal-v1	SC1-5a8d64d46eed01a3bfde937db35ef3fafa686e8eb14dbc8ca6ff01a9b9fb8cd9	S013171	1	P01	SYMBOLS.tsv	145950	selection_expression	aarch64	include/dt-bindings/leds/common.h	operative_macro	LED_FUNCTION_DEBUG	83	PENDING_REVIEW	SOURCE_REVIEWED_VALUE	COMPLETE	vendor/linux/include/dt-bindings/leds/common.h;vendor/linux/include/dt-bindings/leds/common.h:83;rewrite/configs/aarch64/frozen.config;header_closure=rewrite/metadata/header_closure.tsv;selected=PENDING_REVIEW	425f94c2954b1fe80ebdbf9b29854e89750355df	f370894314d3d608a6c204aeb27c4b8eda6aefec7b57be516a7d370de1e30093	7605a9b1ced9827c55b017ef1f5b436774e4fe3a6c3fed3f0a6ddd53218ac673	0123af9e96b58af4e98b91a2de5608d36b63c67864b9041d3340587f3dbe40d2	cfa8dcf0d81c408de38d4202fe1ce9d9e5e301d1e67439c9530da94b1e64ee3f	7484d7b0dd80f45e18d726b04752827fe28555cc5c1af0e127948380e6688abf
semantic-proposal-v1	SC1-0fa21d967e0a981838f22f4f7509f390bbb49506d14ad8aef8b17b706a1d67a0	S013171	1	P01	SYMBOLS.tsv	145950	status	aarch64	include/dt-bindings/leds/common.h	operative_macro	LED_FUNCTION_DEBUG	83	PENDING_REVIEW	COMPLETE	COMPLETE	vendor/linux/include/dt-bindings/leds/common.h;vendor/linux/include/dt-bindings/leds/common.h:83;rewrite/configs/aarch64/frozen.config;header_closure=rewrite/metadata/header_closure.tsv;selected=PENDING_REVIEW	425f94c2954b1fe80ebdbf9b29854e89750355df	f370894314d3d608a6c204aeb27c4b8eda6aefec7b57be516a7d370de1e30093	7605a9b1ced9827c55b017ef1f5b436774e4fe3a6c3fed3f0a6ddd53218ac673	0123af9e96b58af4e98b91a2de5608d36b63c67864b9041d3340587f3dbe40d2	cfa8dcf0d81c408de38d4202fe1ce9d9e5e301d1e67439c9530da94b1e64ee3f	7484d7b0dd80f45e18d726b04752827fe28555cc5c1af0e127948380e6688abf
semantic-proposal-v1	SC1-44ef683d8be74735c9da8eca9e84779dc98550477ca94d03761acb7dd8dde380	S013171	1	P01	SYMBOLS.tsv	145951	selection_expression	aarch64	include/dt-bindings/leds/common.h	operative_macro	LED_FUNCTION_DISK_ACTIVITY	84	PENDING_REVIEW	SOURCE_REVIEWED_VALUE	COMPLETE	vendor/linux/include/dt-bindings/leds/common.h;vendor/linux/include/dt-bindings/leds/common.h:84;rewrite/configs/aarch64/frozen.config;header_closure=rewrite/metadata/header_closure.tsv;selected=PENDING_REVIEW	425f94c2954b1fe80ebdbf9b29854e89750355df	f370894314d3d608a6c204aeb27c4b8eda6aefec7b57be516a7d370de1e30093	7605a9b1ced9827c55b017ef1f5b436774e4fe3a6c3fed3f0a6ddd53218ac673	0123af9e96b58af4e98b91a2de5608d36b63c67864b9041d3340587f3dbe40d2	cfa8dcf0d81c408de38d4202fe1ce9d9e5e301d1e67439c9530da94b1e64ee3f	7484d7b0dd80f45e18d726b04752827fe28555cc5c1af0e127948380e6688abf
semantic-proposal-v1	SC1-7d4d8f596548f9550bd08558826a70a04ed17792befee5036a263864b3a81832	S013171	1	P01	SYMBOLS.tsv	145951	status	aarch64	include/dt-bindings/leds/common.h	operative_macro	LED_FUNCTION_DISK_ACTIVITY	84	PENDING_REVIEW	COMPLETE	COMPLETE	vendor/linux/include/dt-bindings/leds/common.h;vendor/linux/include/dt-bindings/leds/common.h:84;rewrite/configs/aarch64/frozen.config;header_closure=rewrite/metadata/header_closure.tsv;selected=PENDING_REVIEW	425f94c2954b1fe80ebdbf9b29854e89750355df	f370894314d3d608a6c204aeb27c4b8eda6aefec7b57be516a7d370de1e30093	7605a9b1ced9827c55b017ef1f5b436774e4fe3a6c3fed3f0a6ddd53218ac673	0123af9e96b58af4e98b91a2de5608d36b63c67864b9041d3340587f3dbe40d2	cfa8dcf0d81c408de38d4202fe1ce9d9e5e301d1e67439c9530da94b1e64ee3f	7484d7b0dd80f45e18d726b04752827fe28555cc5c1af0e127948380e6688abf
semantic-proposal-v1	SC1-fb82b45499da7156f1d30f3885c16ac4e62099f07eb952d90f3044b3c00e3204	S013171	1	P01	SYMBOLS.tsv	145952	selection_expression	aarch64	include/dt-bindings/leds/common.h	operative_macro	LED_FUNCTION_DISK_ERR	85	PENDING_REVIEW	SOURCE_REVIEWED_VALUE	COMPLETE	vendor/linux/include/dt-bindings/leds/common.h;vendor/linux/include/dt-bindings/leds/common.h:85;rewrite/configs/aarch64/frozen.config;header_closure=rewrite/metadata/header_closure.tsv;selected=PENDING_REVIEW	425f94c2954b1fe80ebdbf9b29854e89750355df	f370894314d3d608a6c204aeb27c4b8eda6aefec7b57be516a7d370de1e30093	7605a9b1ced9827c55b017ef1f5b436774e4fe3a6c3fed3f0a6ddd53218ac673	0123af9e96b58af4e98b91a2de5608d36b63c67864b9041d3340587f3dbe40d2	cfa8dcf0d81c408de38d4202fe1ce9d9e5e301d1e67439c9530da94b1e64ee3f	7484d7b0dd80f45e18d726b04752827fe28555cc5c1af0e127948380e6688abf
semantic-proposal-v1	SC1-4bbe4fc346a48c75cc25abb9d6af90a22f19c233f35b24259bb2def21c1b1ae8	S013171	1	P01	SYMBOLS.tsv	145952	status	aarch64	include/dt-bindings/leds/common.h	operative_macro	LED_FUNCTION_DISK_ERR	85	PENDING_REVIEW	COMPLETE	COMPLETE	vendor/linux/include/dt-bindings/leds/common.h;vendor/linux/include/dt-bindings/leds/common.h:85;rewrite/configs/aarch64/frozen.config;header_closure=rewrite/metadata/header_closure.tsv;selected=PENDING_REVIEW	425f94c2954b1fe80ebdbf9b29854e89750355df	f370894314d3d608a6c204aeb27c4b8eda6aefec7b57be516a7d370de1e30093	7605a9b1ced9827c55b017ef1f5b436774e4fe3a6c3fed3f0a6ddd53218ac673	0123af9e96b58af4e98b91a2de5608d36b63c67864b9041d3340587f3dbe40d2	cfa8dcf0d81c408de38d4202fe1ce9d9e5e301d1e67439c9530da94b1e64ee3f	7484d7b0dd80f45e18d726b04752827fe28555cc5c1af0e127948380e6688abf
semantic-proposal-v1	SC1-36cec24e2aa760a188965f6e7ce666fc8584ca6157b8c851c61c5f0080cc9ce2	S013171	1	P01	SYMBOLS.tsv	145953	selection_expression	aarch64	include/dt-bindings/leds/common.h	operative_macro	LED_FUNCTION_DISK_READ	86	PENDING_REVIEW	SOURCE_REVIEWED_VALUE	COMPLETE	vendor/linux/include/dt-bindings/leds/common.h;vendor/linux/include/dt-bindings/leds/common.h:86;rewrite/configs/aarch64/frozen.config;header_closure=rewrite/metadata/header_closure.tsv;selected=PENDING_REVIEW	425f94c2954b1fe80ebdbf9b29854e89750355df	f370894314d3d608a6c204aeb27c4b8eda6aefec7b57be516a7d370de1e30093	7605a9b1ced9827c55b017ef1f5b436774e4fe3a6c3fed3f0a6ddd53218ac673	0123af9e96b58af4e98b91a2de5608d36b63c67864b9041d3340587f3dbe40d2	cfa8dcf0d81c408de38d4202fe1ce9d9e5e301d1e67439c9530da94b1e64ee3f	7484d7b0dd80f45e18d726b04752827fe28555cc5c1af0e127948380e6688abf
semantic-proposal-v1	SC1-a6d3daa3961568ad8bcf7ffedb5cb7e730acab77e0a285aaf3a8c2611ac96f81	S013171	1	P01	SYMBOLS.tsv	145953	status	aarch64	include/dt-bindings/leds/common.h	operative_macro	LED_FUNCTION_DISK_READ	86	PENDING_REVIEW	COMPLETE	COMPLETE	vendor/linux/include/dt-bindings/leds/common.h;vendor/linux/include/dt-bindings/leds/common.h:86;rewrite/configs/aarch64/frozen.config;header_closure=rewrite/metadata/header_closure.tsv;selected=PENDING_REVIEW	425f94c2954b1fe80ebdbf9b29854e89750355df	f370894314d3d608a6c204aeb27c4b8eda6aefec7b57be516a7d370de1e30093	7605a9b1ced9827c55b017ef1f5b436774e4fe3a6c3fed3f0a6ddd53218ac673	0123af9e96b58af4e98b91a2de5608d36b63c67864b9041d3340587f3dbe40d2	cfa8dcf0d81c408de38d4202fe1ce9d9e5e301d1e67439c9530da94b1e64ee3f	7484d7b0dd80f45e18d726b04752827fe28555cc5c1af0e127948380e6688abf
semantic-proposal-v1	SC1-9b0dfa1883fa5119fd15d8c41b7435a273a00c2db3e29a9c2208bec5d1aa1cdc	S013171	1	P01	SYMBOLS.tsv	145954	selection_expression	aarch64	include/dt-bindings/leds/common.h	operative_macro	LED_FUNCTION_DISK_WRITE	87	PENDING_REVIEW	SOURCE_REVIEWED_VALUE	COMPLETE	vendor/linux/include/dt-bindings/leds/common.h;vendor/linux/include/dt-bindings/leds/common.h:87;rewrite/configs/aarch64/frozen.config;header_closure=rewrite/metadata/header_closure.tsv;selected=PENDING_REVIEW	425f94c2954b1fe80ebdbf9b29854e89750355df	f370894314d3d608a6c204aeb27c4b8eda6aefec7b57be516a7d370de1e30093	7605a9b1ced9827c55b017ef1f5b436774e4fe3a6c3fed3f0a6ddd53218ac673	0123af9e96b58af4e98b91a2de5608d36b63c67864b9041d3340587f3dbe40d2	cfa8dcf0d81c408de38d4202fe1ce9d9e5e301d1e67439c9530da94b1e64ee3f	7484d7b0dd80f45e18d726b04752827fe28555cc5c1af0e127948380e6688abf
semantic-proposal-v1	SC1-b17d4f3b76a026c7d99c09abe45ab00be5819bbc2bffd2dea983df9ef4448a65	S013171	1	P01	SYMBOLS.tsv	145954	status	aarch64	include/dt-bindings/leds/common.h	operative_macro	LED_FUNCTION_DISK_WRITE	87	PENDING_REVIEW	COMPLETE	COMPLETE	vendor/linux/include/dt-bindings/leds/common.h;vendor/linux/include/dt-bindings/leds/common.h:87;rewrite/configs/aarch64/frozen.config;header_closure=rewrite/metadata/header_closure.tsv;selected=PENDING_REVIEW	425f94c2954b1fe80ebdbf9b29854e89750355df	f370894314d3d608a6c204aeb27c4b8eda6aefec7b57be516a7d370de1e30093	7605a9b1ced9827c55b017ef1f5b436774e4fe3a6c3fed3f0a6ddd53218ac673	0123af9e96b58af4e98b91a2de5608d36b63c67864b9041d3340587f3dbe40d2	cfa8dcf0d81c408de38d4202fe1ce9d9e5e301d1e67439c9530da94b1e64ee3f	7484d7b0dd80f45e18d726b04752827fe28555cc5c1af0e127948380e6688abf
semantic-proposal-v1	SC1-4deceda13eadb15db066bac24654ba6c87c45e922e16a5d45184e07c365c13fb	S013171	1	P01	SYMBOLS.tsv	145955	selection_expression	aarch64	include/dt-bindings/leds/common.h	operative_macro	LED_FUNCTION_FAULT	88	PENDING_REVIEW	SOURCE_REVIEWED_VALUE	COMPLETE	vendor/linux/include/dt-bindings/leds/common.h;vendor/linux/include/dt-bindings/leds/common.h:88;rewrite/configs/aarch64/frozen.config;header_closure=rewrite/metadata/header_closure.tsv;selected=PENDING_REVIEW	425f94c2954b1fe80ebdbf9b29854e89750355df	f370894314d3d608a6c204aeb27c4b8eda6aefec7b57be516a7d370de1e30093	7605a9b1ced9827c55b017ef1f5b436774e4fe3a6c3fed3f0a6ddd53218ac673	0123af9e96b58af4e98b91a2de5608d36b63c67864b9041d3340587f3dbe40d2	cfa8dcf0d81c408de38d4202fe1ce9d9e5e301d1e67439c9530da94b1e64ee3f	7484d7b0dd80f45e18d726b04752827fe28555cc5c1af0e127948380e6688abf
semantic-proposal-v1	SC1-f317ec503f917942892c3c955b4bc56bd9685915b98a74f7e9965556ec1f9b10	S013171	1	P01	SYMBOLS.tsv	145955	status	aarch64	include/dt-bindings/leds/common.h	operative_macro	LED_FUNCTION_FAULT	88	PENDING_REVIEW	COMPLETE	COMPLETE	vendor/linux/include/dt-bindings/leds/common.h;vendor/linux/include/dt-bindings/leds/common.h:88;rewrite/configs/aarch64/frozen.config;header_closure=rewrite/metadata/header_closure.tsv;selected=PENDING_REVIEW	425f94c2954b1fe80ebdbf9b29854e89750355df	f370894314d3d608a6c204aeb27c4b8eda6aefec7b57be516a7d370de1e30093	7605a9b1ced9827c55b017ef1f5b436774e4fe3a6c3fed3f0a6ddd53218ac673	0123af9e96b58af4e98b91a2de5608d36b63c67864b9041d3340587f3dbe40d2	cfa8dcf0d81c408de38d4202fe1ce9d9e5e301d1e67439c9530da94b1e64ee3f	7484d7b0dd80f45e18d726b04752827fe28555cc5c1af0e127948380e6688abf
semantic-proposal-v1	SC1-53005abfb47b8ef03cc5cf75d79c1bc8be45fe59852ff3289f6ea22dc6902364	S013171	1	P01	SYMBOLS.tsv	145956	selection_expression	aarch64	include/dt-bindings/leds/common.h	operative_macro	LED_FUNCTION_FLASH	89	PENDING_REVIEW	SOURCE_REVIEWED_VALUE	COMPLETE	vendor/linux/include/dt-bindings/leds/common.h;vendor/linux/include/dt-bindings/leds/common.h:89;rewrite/configs/aarch64/frozen.config;header_closure=rewrite/metadata/header_closure.tsv;selected=PENDING_REVIEW	425f94c2954b1fe80ebdbf9b29854e89750355df	f370894314d3d608a6c204aeb27c4b8eda6aefec7b57be516a7d370de1e30093	7605a9b1ced9827c55b017ef1f5b436774e4fe3a6c3fed3f0a6ddd53218ac673	0123af9e96b58af4e98b91a2de5608d36b63c67864b9041d3340587f3dbe40d2	cfa8dcf0d81c408de38d4202fe1ce9d9e5e301d1e67439c9530da94b1e64ee3f	7484d7b0dd80f45e18d726b04752827fe28555cc5c1af0e127948380e6688abf
semantic-proposal-v1	SC1-07d77f00388b2732660b55dbca02c192a8d19582250ded4b091178dd1a368850	S013171	1	P01	SYMBOLS.tsv	145956	status	aarch64	include/dt-bindings/leds/common.h	operative_macro	LED_FUNCTION_FLASH	89	PENDING_REVIEW	COMPLETE	COMPLETE	vendor/linux/include/dt-bindings/leds/common.h;vendor/linux/include/dt-bindings/leds/common.h:89;rewrite/configs/aarch64/frozen.config;header_closure=rewrite/metadata/header_closure.tsv;selected=PENDING_REVIEW	425f94c2954b1fe80ebdbf9b29854e89750355df	f370894314d3d608a6c204aeb27c4b8eda6aefec7b57be516a7d370de1e30093	7605a9b1ced9827c55b017ef1f5b436774e4fe3a6c3fed3f0a6ddd53218ac673	0123af9e96b58af4e98b91a2de5608d36b63c67864b9041d3340587f3dbe40d2	cfa8dcf0d81c408de38d4202fe1ce9d9e5e301d1e67439c9530da94b1e64ee3f	7484d7b0dd80f45e18d726b04752827fe28555cc5c1af0e127948380e6688abf
semantic-proposal-v1	SC1-c1c6f1a874fad2f26746af1be8cd3dd49d4a1137949658c9989faa9316331011	S013171	1	P01	SYMBOLS.tsv	145957	selection_expression	aarch64	include/dt-bindings/leds/common.h	operative_macro	LED_FUNCTION_HEARTBEAT	90	PENDING_REVIEW	SOURCE_REVIEWED_VALUE	COMPLETE	vendor/linux/include/dt-bindings/leds/common.h;vendor/linux/include/dt-bindings/leds/common.h:90;rewrite/configs/aarch64/frozen.config;header_closure=rewrite/metadata/header_closure.tsv;selected=PENDING_REVIEW	425f94c2954b1fe80ebdbf9b29854e89750355df	f370894314d3d608a6c204aeb27c4b8eda6aefec7b57be516a7d370de1e30093	7605a9b1ced9827c55b017ef1f5b436774e4fe3a6c3fed3f0a6ddd53218ac673	0123af9e96b58af4e98b91a2de5608d36b63c67864b9041d3340587f3dbe40d2	cfa8dcf0d81c408de38d4202fe1ce9d9e5e301d1e67439c9530da94b1e64ee3f	7484d7b0dd80f45e18d726b04752827fe28555cc5c1af0e127948380e6688abf
semantic-proposal-v1	SC1-05c3102d5f1ab23e063bd1cc6509e3577f1843969e95f543e6e0db5ef2a792e2	S013171	1	P01	SYMBOLS.tsv	145957	status	aarch64	include/dt-bindings/leds/common.h	operative_macro	LED_FUNCTION_HEARTBEAT	90	PENDING_REVIEW	COMPLETE	COMPLETE	vendor/linux/include/dt-bindings/leds/common.h;vendor/linux/include/dt-bindings/leds/common.h:90;rewrite/configs/aarch64/frozen.config;header_closure=rewrite/metadata/header_closure.tsv;selected=PENDING_REVIEW	425f94c2954b1fe80ebdbf9b29854e89750355df	f370894314d3d608a6c204aeb27c4b8eda6aefec7b57be516a7d370de1e30093	7605a9b1ced9827c55b017ef1f5b436774e4fe3a6c3fed3f0a6ddd53218ac673	0123af9e96b58af4e98b91a2de5608d36b63c67864b9041d3340587f3dbe40d2	cfa8dcf0d81c408de38d4202fe1ce9d9e5e301d1e67439c9530da94b1e64ee3f	7484d7b0dd80f45e18d726b04752827fe28555cc5c1af0e127948380e6688abf
semantic-proposal-v1	SC1-ab028420a90eb5ea5e684b729b6276dda2e79dd8caef08a0b42b05a341a335f7	S013171	1	P01	SYMBOLS.tsv	145958	selection_expression	aarch64	include/dt-bindings/leds/common.h	operative_macro	LED_FUNCTION_INDICATOR	91	PENDING_REVIEW	SOURCE_REVIEWED_VALUE	COMPLETE	vendor/linux/include/dt-bindings/leds/common.h;vendor/linux/include/dt-bindings/leds/common.h:91;rewrite/configs/aarch64/frozen.config;header_closure=rewrite/metadata/header_closure.tsv;selected=PENDING_REVIEW	425f94c2954b1fe80ebdbf9b29854e89750355df	f370894314d3d608a6c204aeb27c4b8eda6aefec7b57be516a7d370de1e30093	7605a9b1ced9827c55b017ef1f5b436774e4fe3a6c3fed3f0a6ddd53218ac673	0123af9e96b58af4e98b91a2de5608d36b63c67864b9041d3340587f3dbe40d2	cfa8dcf0d81c408de38d4202fe1ce9d9e5e301d1e67439c9530da94b1e64ee3f	7484d7b0dd80f45e18d726b04752827fe28555cc5c1af0e127948380e6688abf
semantic-proposal-v1	SC1-88490cc7ededfb9bfe943c8636600200e4cba200af3cfeb4e905fd949925ba08	S013171	1	P01	SYMBOLS.tsv	145958	status	aarch64	include/dt-bindings/leds/common.h	operative_macro	LED_FUNCTION_INDICATOR	91	PENDING_REVIEW	COMPLETE	COMPLETE	vendor/linux/include/dt-bindings/leds/common.h;vendor/linux/include/dt-bindings/leds/common.h:91;rewrite/configs/aarch64/frozen.config;header_closure=rewrite/metadata/header_closure.tsv;selected=PENDING_REVIEW	425f94c2954b1fe80ebdbf9b29854e89750355df	f370894314d3d608a6c204aeb27c4b8eda6aefec7b57be516a7d370de1e30093	7605a9b1ced9827c55b017ef1f5b436774e4fe3a6c3fed3f0a6ddd53218ac673	0123af9e96b58af4e98b91a2de5608d36b63c67864b9041d3340587f3dbe40d2	cfa8dcf0d81c408de38d4202fe1ce9d9e5e301d1e67439c9530da94b1e64ee3f	7484d7b0dd80f45e18d726b04752827fe28555cc5c1af0e127948380e6688abf
semantic-proposal-v1	SC1-9154c1815f38cf5c1f3798fc903c6f3a7937c7632a674c07198be7e495da307d	S013171	1	P01	SYMBOLS.tsv	145959	selection_expression	aarch64	include/dt-bindings/leds/common.h	operative_macro	LED_FUNCTION_LAN	92	PENDING_REVIEW	SOURCE_REVIEWED_VALUE	COMPLETE	vendor/linux/include/dt-bindings/leds/common.h;vendor/linux/include/dt-bindings/leds/common.h:92;rewrite/configs/aarch64/frozen.config;header_closure=rewrite/metadata/header_closure.tsv;selected=PENDING_REVIEW	425f94c2954b1fe80ebdbf9b29854e89750355df	f370894314d3d608a6c204aeb27c4b8eda6aefec7b57be516a7d370de1e30093	7605a9b1ced9827c55b017ef1f5b436774e4fe3a6c3fed3f0a6ddd53218ac673	0123af9e96b58af4e98b91a2de5608d36b63c67864b9041d3340587f3dbe40d2	cfa8dcf0d81c408de38d4202fe1ce9d9e5e301d1e67439c9530da94b1e64ee3f	7484d7b0dd80f45e18d726b04752827fe28555cc5c1af0e127948380e6688abf
semantic-proposal-v1	SC1-654a275a5ef4edc41693ad0ad9e4f61d1cf973b0adb9897767313a2922740634	S013171	1	P01	SYMBOLS.tsv	145959	status	aarch64	include/dt-bindings/leds/common.h	operative_macro	LED_FUNCTION_LAN	92	PENDING_REVIEW	COMPLETE	COMPLETE	vendor/linux/include/dt-bindings/leds/common.h;vendor/linux/include/dt-bindings/leds/common.h:92;rewrite/configs/aarch64/frozen.config;header_closure=rewrite/metadata/header_closure.tsv;selected=PENDING_REVIEW	425f94c2954b1fe80ebdbf9b29854e89750355df	f370894314d3d608a6c204aeb27c4b8eda6aefec7b57be516a7d370de1e30093	7605a9b1ced9827c55b017ef1f5b436774e4fe3a6c3fed3f0a6ddd53218ac673	0123af9e96b58af4e98b91a2de5608d36b63c67864b9041d3340587f3dbe40d2	cfa8dcf0d81c408de38d4202fe1ce9d9e5e301d1e67439c9530da94b1e64ee3f	7484d7b0dd80f45e18d726b04752827fe28555cc5c1af0e127948380e6688abf
semantic-proposal-v1	SC1-6bb20b38691439a134a4b42d30469b6deeea6371977f039ee5fef41c44fc9c25	S013171	1	P01	SYMBOLS.tsv	145960	selection_expression	aarch64	include/dt-bindings/leds/common.h	operative_macro	LED_FUNCTION_MAIL	93	PENDING_REVIEW	SOURCE_REVIEWED_VALUE	COMPLETE	vendor/linux/include/dt-bindings/leds/common.h;vendor/linux/include/dt-bindings/leds/common.h:93;rewrite/configs/aarch64/frozen.config;header_closure=rewrite/metadata/header_closure.tsv;selected=PENDING_REVIEW	425f94c2954b1fe80ebdbf9b29854e89750355df	f370894314d3d608a6c204aeb27c4b8eda6aefec7b57be516a7d370de1e30093	7605a9b1ced9827c55b017ef1f5b436774e4fe3a6c3fed3f0a6ddd53218ac673	0123af9e96b58af4e98b91a2de5608d36b63c67864b9041d3340587f3dbe40d2	cfa8dcf0d81c408de38d4202fe1ce9d9e5e301d1e67439c9530da94b1e64ee3f	7484d7b0dd80f45e18d726b04752827fe28555cc5c1af0e127948380e6688abf
semantic-proposal-v1	SC1-a628d292ff7af5a814bf8802157026b3e94ccb8c804db675bf0c097c17649e13	S013171	1	P01	SYMBOLS.tsv	145960	status	aarch64	include/dt-bindings/leds/common.h	operative_macro	LED_FUNCTION_MAIL	93	PENDING_REVIEW	COMPLETE	COMPLETE	vendor/linux/include/dt-bindings/leds/common.h;vendor/linux/include/dt-bindings/leds/common.h:93;rewrite/configs/aarch64/frozen.config;header_closure=rewrite/metadata/header_closure.tsv;selected=PENDING_REVIEW	425f94c2954b1fe80ebdbf9b29854e89750355df	f370894314d3d608a6c204aeb27c4b8eda6aefec7b57be516a7d370de1e30093	7605a9b1ced9827c55b017ef1f5b436774e4fe3a6c3fed3f0a6ddd53218ac673	0123af9e96b58af4e98b91a2de5608d36b63c67864b9041d3340587f3dbe40d2	cfa8dcf0d81c408de38d4202fe1ce9d9e5e301d1e67439c9530da94b1e64ee3f	7484d7b0dd80f45e18d726b04752827fe28555cc5c1af0e127948380e6688abf
semantic-proposal-v1	SC1-6de447364b20881ee69db40a81ddaa8ebbf5bd60a9be1e9e70a3f5cd68492bc6	S013171	1	P01	SYMBOLS.tsv	145961	selection_expression	aarch64	include/dt-bindings/leds/common.h	operative_macro	LED_FUNCTION_MOBILE	94	PENDING_REVIEW	SOURCE_REVIEWED_VALUE	COMPLETE	vendor/linux/include/dt-bindings/leds/common.h;vendor/linux/include/dt-bindings/leds/common.h:94;rewrite/configs/aarch64/frozen.config;header_closure=rewrite/metadata/header_closure.tsv;selected=PENDING_REVIEW	425f94c2954b1fe80ebdbf9b29854e89750355df	f370894314d3d608a6c204aeb27c4b8eda6aefec7b57be516a7d370de1e30093	7605a9b1ced9827c55b017ef1f5b436774e4fe3a6c3fed3f0a6ddd53218ac673	0123af9e96b58af4e98b91a2de5608d36b63c67864b9041d3340587f3dbe40d2	cfa8dcf0d81c408de38d4202fe1ce9d9e5e301d1e67439c9530da94b1e64ee3f	7484d7b0dd80f45e18d726b04752827fe28555cc5c1af0e127948380e6688abf
semantic-proposal-v1	SC1-8e7997d39392c532b400aa556c4941c8fdd3f9c40731ee697cd4b0c194ebda45	S013171	1	P01	SYMBOLS.tsv	145961	status	aarch64	include/dt-bindings/leds/common.h	operative_macro	LED_FUNCTION_MOBILE	94	PENDING_REVIEW	COMPLETE	COMPLETE	vendor/linux/include/dt-bindings/leds/common.h;vendor/linux/include/dt-bindings/leds/common.h:94;rewrite/configs/aarch64/frozen.config;header_closure=rewrite/metadata/header_closure.tsv;selected=PENDING_REVIEW	425f94c2954b1fe80ebdbf9b29854e89750355df	f370894314d3d608a6c204aeb27c4b8eda6aefec7b57be516a7d370de1e30093	7605a9b1ced9827c55b017ef1f5b436774e4fe3a6c3fed3f0a6ddd53218ac673	0123af9e96b58af4e98b91a2de5608d36b63c67864b9041d3340587f3dbe40d2	cfa8dcf0d81c408de38d4202fe1ce9d9e5e301d1e67439c9530da94b1e64ee3f	7484d7b0dd80f45e18d726b04752827fe28555cc5c1af0e127948380e6688abf
semantic-proposal-v1	SC1-d31fac869a9f36619b7d7ef0ad0620a3c489ac3c0af9c0a991de58d87b34db49	S013171	1	P01	SYMBOLS.tsv	145962	selection_expression	aarch64	include/dt-bindings/leds/common.h	operative_macro	LED_FUNCTION_MTD	95	PENDING_REVIEW	SOURCE_REVIEWED_VALUE	COMPLETE	vendor/linux/include/dt-bindings/leds/common.h;vendor/linux/include/dt-bindings/leds/common.h:95;rewrite/configs/aarch64/frozen.config;header_closure=rewrite/metadata/header_closure.tsv;selected=PENDING_REVIEW	425f94c2954b1fe80ebdbf9b29854e89750355df	f370894314d3d608a6c204aeb27c4b8eda6aefec7b57be516a7d370de1e30093	7605a9b1ced9827c55b017ef1f5b436774e4fe3a6c3fed3f0a6ddd53218ac673	0123af9e96b58af4e98b91a2de5608d36b63c67864b9041d3340587f3dbe40d2	cfa8dcf0d81c408de38d4202fe1ce9d9e5e301d1e67439c9530da94b1e64ee3f	7484d7b0dd80f45e18d726b04752827fe28555cc5c1af0e127948380e6688abf
semantic-proposal-v1	SC1-eb9b93e58884086c3b29f98559231fef7e10eac0b06484f76b8b8b065cc075ae	S013171	1	P01	SYMBOLS.tsv	145962	status	aarch64	include/dt-bindings/leds/common.h	operative_macro	LED_FUNCTION_MTD	95	PENDING_REVIEW	COMPLETE	COMPLETE	vendor/linux/include/dt-bindings/leds/common.h;vendor/linux/include/dt-bindings/leds/common.h:95;rewrite/configs/aarch64/frozen.config;header_closure=rewrite/metadata/header_closure.tsv;selected=PENDING_REVIEW	425f94c2954b1fe80ebdbf9b29854e89750355df	f370894314d3d608a6c204aeb27c4b8eda6aefec7b57be516a7d370de1e30093	7605a9b1ced9827c55b017ef1f5b436774e4fe3a6c3fed3f0a6ddd53218ac673	0123af9e96b58af4e98b91a2de5608d36b63c67864b9041d3340587f3dbe40d2	cfa8dcf0d81c408de38d4202fe1ce9d9e5e301d1e67439c9530da94b1e64ee3f	7484d7b0dd80f45e18d726b04752827fe28555cc5c1af0e127948380e6688abf
semantic-proposal-v1	SC1-c380b332764eef1d958b17e134eb941dd4a4814814a22651823712cdbfaa1f3b	S013171	1	P01	SYMBOLS.tsv	145963	selection_expression	aarch64	include/dt-bindings/leds/common.h	operative_macro	LED_FUNCTION_PANIC	96	PENDING_REVIEW	SOURCE_REVIEWED_VALUE	COMPLETE	vendor/linux/include/dt-bindings/leds/common.h;vendor/linux/include/dt-bindings/leds/common.h:96;rewrite/configs/aarch64/frozen.config;header_closure=rewrite/metadata/header_closure.tsv;selected=PENDING_REVIEW	425f94c2954b1fe80ebdbf9b29854e89750355df	f370894314d3d608a6c204aeb27c4b8eda6aefec7b57be516a7d370de1e30093	7605a9b1ced9827c55b017ef1f5b436774e4fe3a6c3fed3f0a6ddd53218ac673	0123af9e96b58af4e98b91a2de5608d36b63c67864b9041d3340587f3dbe40d2	cfa8dcf0d81c408de38d4202fe1ce9d9e5e301d1e67439c9530da94b1e64ee3f	7484d7b0dd80f45e18d726b04752827fe28555cc5c1af0e127948380e6688abf
semantic-proposal-v1	SC1-367d47392bb00a75a6c716a4d00edac24a5844d67d9872230945a7773660ff82	S013171	1	P01	SYMBOLS.tsv	145963	status	aarch64	include/dt-bindings/leds/common.h	operative_macro	LED_FUNCTION_PANIC	96	PENDING_REVIEW	COMPLETE	COMPLETE	vendor/linux/include/dt-bindings/leds/common.h;vendor/linux/include/dt-bindings/leds/common.h:96;rewrite/configs/aarch64/frozen.config;header_closure=rewrite/metadata/header_closure.tsv;selected=PENDING_REVIEW	425f94c2954b1fe80ebdbf9b29854e89750355df	f370894314d3d608a6c204aeb27c4b8eda6aefec7b57be516a7d370de1e30093	7605a9b1ced9827c55b017ef1f5b436774e4fe3a6c3fed3f0a6ddd53218ac673	0123af9e96b58af4e98b91a2de5608d36b63c67864b9041d3340587f3dbe40d2	cfa8dcf0d81c408de38d4202fe1ce9d9e5e301d1e67439c9530da94b1e64ee3f	7484d7b0dd80f45e18d726b04752827fe28555cc5c1af0e127948380e6688abf
semantic-proposal-v1	SC1-b435ae0e35806f3f1f73fc5aff9de32d65fcc6615d9cc96e3919033e4199e7bd	S013171	1	P01	SYMBOLS.tsv	145964	selection_expression	aarch64	include/dt-bindings/leds/common.h	operative_macro	LED_FUNCTION_PROGRAMMING	97	PENDING_REVIEW	SOURCE_REVIEWED_VALUE	COMPLETE	vendor/linux/include/dt-bindings/leds/common.h;vendor/linux/include/dt-bindings/leds/common.h:97;rewrite/configs/aarch64/frozen.config;header_closure=rewrite/metadata/header_closure.tsv;selected=PENDING_REVIEW	425f94c2954b1fe80ebdbf9b29854e89750355df	f370894314d3d608a6c204aeb27c4b8eda6aefec7b57be516a7d370de1e30093	7605a9b1ced9827c55b017ef1f5b436774e4fe3a6c3fed3f0a6ddd53218ac673	0123af9e96b58af4e98b91a2de5608d36b63c67864b9041d3340587f3dbe40d2	cfa8dcf0d81c408de38d4202fe1ce9d9e5e301d1e67439c9530da94b1e64ee3f	7484d7b0dd80f45e18d726b04752827fe28555cc5c1af0e127948380e6688abf
semantic-proposal-v1	SC1-a52599c10d6ea902a6641bf8a02d6f2163720b844734d35ff2ac6c7d427700fa	S013171	1	P01	SYMBOLS.tsv	145964	status	aarch64	include/dt-bindings/leds/common.h	operative_macro	LED_FUNCTION_PROGRAMMING	97	PENDING_REVIEW	COMPLETE	COMPLETE	vendor/linux/include/dt-bindings/leds/common.h;vendor/linux/include/dt-bindings/leds/common.h:97;rewrite/configs/aarch64/frozen.config;header_closure=rewrite/metadata/header_closure.tsv;selected=PENDING_REVIEW	425f94c2954b1fe80ebdbf9b29854e89750355df	f370894314d3d608a6c204aeb27c4b8eda6aefec7b57be516a7d370de1e30093	7605a9b1ced9827c55b017ef1f5b436774e4fe3a6c3fed3f0a6ddd53218ac673	0123af9e96b58af4e98b91a2de5608d36b63c67864b9041d3340587f3dbe40d2	cfa8dcf0d81c408de38d4202fe1ce9d9e5e301d1e67439c9530da94b1e64ee3f	7484d7b0dd80f45e18d726b04752827fe28555cc5c1af0e127948380e6688abf
semantic-proposal-v1	SC1-a2ee59a523b6138c15bed7d7461047bb75aa449303256a7dc276e4a22db7de3a	S013171	1	P01	SYMBOLS.tsv	145965	selection_expression	aarch64	include/dt-bindings/leds/common.h	operative_macro	LED_FUNCTION_RX	98	PENDING_REVIEW	SOURCE_REVIEWED_VALUE	COMPLETE	vendor/linux/include/dt-bindings/leds/common.h;vendor/linux/include/dt-bindings/leds/common.h:98;rewrite/configs/aarch64/frozen.config;header_closure=rewrite/metadata/header_closure.tsv;selected=PENDING_REVIEW	425f94c2954b1fe80ebdbf9b29854e89750355df	f370894314d3d608a6c204aeb27c4b8eda6aefec7b57be516a7d370de1e30093	7605a9b1ced9827c55b017ef1f5b436774e4fe3a6c3fed3f0a6ddd53218ac673	0123af9e96b58af4e98b91a2de5608d36b63c67864b9041d3340587f3dbe40d2	cfa8dcf0d81c408de38d4202fe1ce9d9e5e301d1e67439c9530da94b1e64ee3f	7484d7b0dd80f45e18d726b04752827fe28555cc5c1af0e127948380e6688abf
semantic-proposal-v1	SC1-6221c8e565c2abdcd650a25f65f4b1030bf0bf7e3546164acf1b7f91b3f09953	S013171	1	P01	SYMBOLS.tsv	145965	status	aarch64	include/dt-bindings/leds/common.h	operative_macro	LED_FUNCTION_RX	98	PENDING_REVIEW	COMPLETE	COMPLETE	vendor/linux/include/dt-bindings/leds/common.h;vendor/linux/include/dt-bindings/leds/common.h:98;rewrite/configs/aarch64/frozen.config;header_closure=rewrite/metadata/header_closure.tsv;selected=PENDING_REVIEW	425f94c2954b1fe80ebdbf9b29854e89750355df	f370894314d3d608a6c204aeb27c4b8eda6aefec7b57be516a7d370de1e30093	7605a9b1ced9827c55b017ef1f5b436774e4fe3a6c3fed3f0a6ddd53218ac673	0123af9e96b58af4e98b91a2de5608d36b63c67864b9041d3340587f3dbe40d2	cfa8dcf0d81c408de38d4202fe1ce9d9e5e301d1e67439c9530da94b1e64ee3f	7484d7b0dd80f45e18d726b04752827fe28555cc5c1af0e127948380e6688abf
semantic-proposal-v1	SC1-93c5a4cb13f3e8b033dd14cae0744c8bc2246860879e7466e3558cd5516a2418	S013171	1	P01	SYMBOLS.tsv	145966	selection_expression	aarch64	include/dt-bindings/leds/common.h	operative_macro	LED_FUNCTION_SD	99	PENDING_REVIEW	SOURCE_REVIEWED_VALUE	COMPLETE	vendor/linux/include/dt-bindings/leds/common.h;vendor/linux/include/dt-bindings/leds/common.h:99;rewrite/configs/aarch64/frozen.config;header_closure=rewrite/metadata/header_closure.tsv;selected=PENDING_REVIEW	425f94c2954b1fe80ebdbf9b29854e89750355df	f370894314d3d608a6c204aeb27c4b8eda6aefec7b57be516a7d370de1e30093	7605a9b1ced9827c55b017ef1f5b436774e4fe3a6c3fed3f0a6ddd53218ac673	0123af9e96b58af4e98b91a2de5608d36b63c67864b9041d3340587f3dbe40d2	cfa8dcf0d81c408de38d4202fe1ce9d9e5e301d1e67439c9530da94b1e64ee3f	7484d7b0dd80f45e18d726b04752827fe28555cc5c1af0e127948380e6688abf
semantic-proposal-v1	SC1-5ea05a6c4b26753cb3f6b2ce591548a554280dd6dea0d81c9b91ea3634efbed9	S013171	1	P01	SYMBOLS.tsv	145966	status	aarch64	include/dt-bindings/leds/common.h	operative_macro	LED_FUNCTION_SD	99	PENDING_REVIEW	COMPLETE	COMPLETE	vendor/linux/include/dt-bindings/leds/common.h;vendor/linux/include/dt-bindings/leds/common.h:99;rewrite/configs/aarch64/frozen.config;header_closure=rewrite/metadata/header_closure.tsv;selected=PENDING_REVIEW	425f94c2954b1fe80ebdbf9b29854e89750355df	f370894314d3d608a6c204aeb27c4b8eda6aefec7b57be516a7d370de1e30093	7605a9b1ced9827c55b017ef1f5b436774e4fe3a6c3fed3f0a6ddd53218ac673	0123af9e96b58af4e98b91a2de5608d36b63c67864b9041d3340587f3dbe40d2	cfa8dcf0d81c408de38d4202fe1ce9d9e5e301d1e67439c9530da94b1e64ee3f	7484d7b0dd80f45e18d726b04752827fe28555cc5c1af0e127948380e6688abf
semantic-proposal-v1	SC1-9101abc74a280f538e61af551d06b0d64c5cac53e653e59473878953243400b3	S013171	1	P01	SYMBOLS.tsv	145967	selection_expression	aarch64	include/dt-bindings/leds/common.h	operative_macro	LED_FUNCTION_SPEED_LAN	100	PENDING_REVIEW	SOURCE_REVIEWED_VALUE	COMPLETE	vendor/linux/include/dt-bindings/leds/common.h;vendor/linux/include/dt-bindings/leds/common.h:100;rewrite/configs/aarch64/frozen.config;header_closure=rewrite/metadata/header_closure.tsv;selected=PENDING_REVIEW	425f94c2954b1fe80ebdbf9b29854e89750355df	f370894314d3d608a6c204aeb27c4b8eda6aefec7b57be516a7d370de1e30093	7605a9b1ced9827c55b017ef1f5b436774e4fe3a6c3fed3f0a6ddd53218ac673	0123af9e96b58af4e98b91a2de5608d36b63c67864b9041d3340587f3dbe40d2	cfa8dcf0d81c408de38d4202fe1ce9d9e5e301d1e67439c9530da94b1e64ee3f	7484d7b0dd80f45e18d726b04752827fe28555cc5c1af0e127948380e6688abf
semantic-proposal-v1	SC1-e6f0af7da1fefac3bf50686f29f52f5eac20b3d35030844deef4b0622a61ab56	S013171	1	P01	SYMBOLS.tsv	145967	status	aarch64	include/dt-bindings/leds/common.h	operative_macro	LED_FUNCTION_SPEED_LAN	100	PENDING_REVIEW	COMPLETE	COMPLETE	vendor/linux/include/dt-bindings/leds/common.h;vendor/linux/include/dt-bindings/leds/common.h:100;rewrite/configs/aarch64/frozen.config;header_closure=rewrite/metadata/header_closure.tsv;selected=PENDING_REVIEW	425f94c2954b1fe80ebdbf9b29854e89750355df	f370894314d3d608a6c204aeb27c4b8eda6aefec7b57be516a7d370de1e30093	7605a9b1ced9827c55b017ef1f5b436774e4fe3a6c3fed3f0a6ddd53218ac673	0123af9e96b58af4e98b91a2de5608d36b63c67864b9041d3340587f3dbe40d2	cfa8dcf0d81c408de38d4202fe1ce9d9e5e301d1e67439c9530da94b1e64ee3f	7484d7b0dd80f45e18d726b04752827fe28555cc5c1af0e127948380e6688abf
semantic-proposal-v1	SC1-8d39a5d36b29ca79a61890cad24e9bff3c6054cd21946ef4895ffafe62994b03	S013171	1	P01	SYMBOLS.tsv	145968	selection_expression	aarch64	include/dt-bindings/leds/common.h	operative_macro	LED_FUNCTION_SPEED_WAN	101	PENDING_REVIEW	SOURCE_REVIEWED_VALUE	COMPLETE	vendor/linux/include/dt-bindings/leds/common.h;vendor/linux/include/dt-bindings/leds/common.h:101;rewrite/configs/aarch64/frozen.config;header_closure=rewrite/metadata/header_closure.tsv;selected=PENDING_REVIEW	425f94c2954b1fe80ebdbf9b29854e89750355df	f370894314d3d608a6c204aeb27c4b8eda6aefec7b57be516a7d370de1e30093	7605a9b1ced9827c55b017ef1f5b436774e4fe3a6c3fed3f0a6ddd53218ac673	0123af9e96b58af4e98b91a2de5608d36b63c67864b9041d3340587f3dbe40d2	cfa8dcf0d81c408de38d4202fe1ce9d9e5e301d1e67439c9530da94b1e64ee3f	7484d7b0dd80f45e18d726b04752827fe28555cc5c1af0e127948380e6688abf
semantic-proposal-v1	SC1-6e1f54f562e62dca4cd209ba70e7d8615371889cef76e8b9bd27bec3551fc665	S013171	1	P01	SYMBOLS.tsv	145968	status	aarch64	include/dt-bindings/leds/common.h	operative_macro	LED_FUNCTION_SPEED_WAN	101	PENDING_REVIEW	COMPLETE	COMPLETE	vendor/linux/include/dt-bindings/leds/common.h;vendor/linux/include/dt-bindings/leds/common.h:101;rewrite/configs/aarch64/frozen.config;header_closure=rewrite/metadata/header_closure.tsv;selected=PENDING_REVIEW	425f94c2954b1fe80ebdbf9b29854e89750355df	f370894314d3d608a6c204aeb27c4b8eda6aefec7b57be516a7d370de1e30093	7605a9b1ced9827c55b017ef1f5b436774e4fe3a6c3fed3f0a6ddd53218ac673	0123af9e96b58af4e98b91a2de5608d36b63c67864b9041d3340587f3dbe40d2	cfa8dcf0d81c408de38d4202fe1ce9d9e5e301d1e67439c9530da94b1e64ee3f	7484d7b0dd80f45e18d726b04752827fe28555cc5c1af0e127948380e6688abf
semantic-proposal-v1	SC1-be5e8531ce5af927bb03cc3701716f1b8f7f05b816bd38db97098df8494df37e	S013171	1	P01	SYMBOLS.tsv	145969	selection_expression	aarch64	include/dt-bindings/leds/common.h	operative_macro	LED_FUNCTION_STANDBY	102	PENDING_REVIEW	SOURCE_REVIEWED_VALUE	COMPLETE	vendor/linux/include/dt-bindings/leds/common.h;vendor/linux/include/dt-bindings/leds/common.h:102;rewrite/configs/aarch64/frozen.config;header_closure=rewrite/metadata/header_closure.tsv;selected=PENDING_REVIEW	425f94c2954b1fe80ebdbf9b29854e89750355df	f370894314d3d608a6c204aeb27c4b8eda6aefec7b57be516a7d370de1e30093	7605a9b1ced9827c55b017ef1f5b436774e4fe3a6c3fed3f0a6ddd53218ac673	0123af9e96b58af4e98b91a2de5608d36b63c67864b9041d3340587f3dbe40d2	cfa8dcf0d81c408de38d4202fe1ce9d9e5e301d1e67439c9530da94b1e64ee3f	7484d7b0dd80f45e18d726b04752827fe28555cc5c1af0e127948380e6688abf
semantic-proposal-v1	SC1-21bd54f05eb27b332cb67b6a10128765273d3252ce4f0aba3f2d8dbcf38e5439	S013171	1	P01	SYMBOLS.tsv	145969	status	aarch64	include/dt-bindings/leds/common.h	operative_macro	LED_FUNCTION_STANDBY	102	PENDING_REVIEW	COMPLETE	COMPLETE	vendor/linux/include/dt-bindings/leds/common.h;vendor/linux/include/dt-bindings/leds/common.h:102;rewrite/configs/aarch64/frozen.config;header_closure=rewrite/metadata/header_closure.tsv;selected=PENDING_REVIEW	425f94c2954b1fe80ebdbf9b29854e89750355df	f370894314d3d608a6c204aeb27c4b8eda6aefec7b57be516a7d370de1e30093	7605a9b1ced9827c55b017ef1f5b436774e4fe3a6c3fed3f0a6ddd53218ac673	0123af9e96b58af4e98b91a2de5608d36b63c67864b9041d3340587f3dbe40d2	cfa8dcf0d81c408de38d4202fe1ce9d9e5e301d1e67439c9530da94b1e64ee3f	7484d7b0dd80f45e18d726b04752827fe28555cc5c1af0e127948380e6688abf
semantic-proposal-v1	SC1-2b9e9fee50a94bc2e12e1df402d69c3b8b29341a49a9ae2b8ff2e0f0f2cdb8f9	S013171	1	P01	SYMBOLS.tsv	145970	selection_expression	aarch64	include/dt-bindings/leds/common.h	operative_macro	LED_FUNCTION_TORCH	103	PENDING_REVIEW	SOURCE_REVIEWED_VALUE	COMPLETE	vendor/linux/include/dt-bindings/leds/common.h;vendor/linux/include/dt-bindings/leds/common.h:103;rewrite/configs/aarch64/frozen.config;header_closure=rewrite/metadata/header_closure.tsv;selected=PENDING_REVIEW	425f94c2954b1fe80ebdbf9b29854e89750355df	f370894314d3d608a6c204aeb27c4b8eda6aefec7b57be516a7d370de1e30093	7605a9b1ced9827c55b017ef1f5b436774e4fe3a6c3fed3f0a6ddd53218ac673	0123af9e96b58af4e98b91a2de5608d36b63c67864b9041d3340587f3dbe40d2	cfa8dcf0d81c408de38d4202fe1ce9d9e5e301d1e67439c9530da94b1e64ee3f	7484d7b0dd80f45e18d726b04752827fe28555cc5c1af0e127948380e6688abf
semantic-proposal-v1	SC1-14afb5737a1dce59c8cd01c51c17069c8698e1c4bd0f3beb4460c72d568b049a	S013171	1	P01	SYMBOLS.tsv	145970	status	aarch64	include/dt-bindings/leds/common.h	operative_macro	LED_FUNCTION_TORCH	103	PENDING_REVIEW	COMPLETE	COMPLETE	vendor/linux/include/dt-bindings/leds/common.h;vendor/linux/include/dt-bindings/leds/common.h:103;rewrite/configs/aarch64/frozen.config;header_closure=rewrite/metadata/header_closure.tsv;selected=PENDING_REVIEW	425f94c2954b1fe80ebdbf9b29854e89750355df	f370894314d3d608a6c204aeb27c4b8eda6aefec7b57be516a7d370de1e30093	7605a9b1ced9827c55b017ef1f5b436774e4fe3a6c3fed3f0a6ddd53218ac673	0123af9e96b58af4e98b91a2de5608d36b63c67864b9041d3340587f3dbe40d2	cfa8dcf0d81c408de38d4202fe1ce9d9e5e301d1e67439c9530da94b1e64ee3f	7484d7b0dd80f45e18d726b04752827fe28555cc5c1af0e127948380e6688abf
semantic-proposal-v1	SC1-574366f0f2240f8543724e22874da634013c7d664f1196272c2160fb4a2686fa	S013171	1	P01	SYMBOLS.tsv	145971	selection_expression	aarch64	include/dt-bindings/leds/common.h	operative_macro	LED_FUNCTION_TX	104	PENDING_REVIEW	SOURCE_REVIEWED_VALUE	COMPLETE	vendor/linux/include/dt-bindings/leds/common.h;vendor/linux/include/dt-bindings/leds/common.h:104;rewrite/configs/aarch64/frozen.config;header_closure=rewrite/metadata/header_closure.tsv;selected=PENDING_REVIEW	425f94c2954b1fe80ebdbf9b29854e89750355df	f370894314d3d608a6c204aeb27c4b8eda6aefec7b57be516a7d370de1e30093	7605a9b1ced9827c55b017ef1f5b436774e4fe3a6c3fed3f0a6ddd53218ac673	0123af9e96b58af4e98b91a2de5608d36b63c67864b9041d3340587f3dbe40d2	cfa8dcf0d81c408de38d4202fe1ce9d9e5e301d1e67439c9530da94b1e64ee3f	7484d7b0dd80f45e18d726b04752827fe28555cc5c1af0e127948380e6688abf
semantic-proposal-v1	SC1-9e7a39c4981161e5b04abc36a4d239428577ac0500159f8fcb8b54b34f21880d	S013171	1	P01	SYMBOLS.tsv	145971	status	aarch64	include/dt-bindings/leds/common.h	operative_macro	LED_FUNCTION_TX	104	PENDING_REVIEW	COMPLETE	COMPLETE	vendor/linux/include/dt-bindings/leds/common.h;vendor/linux/include/dt-bindings/leds/common.h:104;rewrite/configs/aarch64/frozen.config;header_closure=rewrite/metadata/header_closure.tsv;selected=PENDING_REVIEW	425f94c2954b1fe80ebdbf9b29854e89750355df	f370894314d3d608a6c204aeb27c4b8eda6aefec7b57be516a7d370de1e30093	7605a9b1ced9827c55b017ef1f5b436774e4fe3a6c3fed3f0a6ddd53218ac673	0123af9e96b58af4e98b91a2de5608d36b63c67864b9041d3340587f3dbe40d2	cfa8dcf0d81c408de38d4202fe1ce9d9e5e301d1e67439c9530da94b1e64ee3f	7484d7b0dd80f45e18d726b04752827fe28555cc5c1af0e127948380e6688abf
semantic-proposal-v1	SC1-79977d3975c947b1fbdca9460903aa5c0e01aa47765195da55a924b009277ea7	S013171	1	P01	SYMBOLS.tsv	145972	selection_expression	aarch64	include/dt-bindings/leds/common.h	operative_macro	LED_FUNCTION_USB	105	PENDING_REVIEW	SOURCE_REVIEWED_VALUE	COMPLETE	vendor/linux/include/dt-bindings/leds/common.h;vendor/linux/include/dt-bindings/leds/common.h:105;rewrite/configs/aarch64/frozen.config;header_closure=rewrite/metadata/header_closure.tsv;selected=PENDING_REVIEW	425f94c2954b1fe80ebdbf9b29854e89750355df	f370894314d3d608a6c204aeb27c4b8eda6aefec7b57be516a7d370de1e30093	7605a9b1ced9827c55b017ef1f5b436774e4fe3a6c3fed3f0a6ddd53218ac673	0123af9e96b58af4e98b91a2de5608d36b63c67864b9041d3340587f3dbe40d2	cfa8dcf0d81c408de38d4202fe1ce9d9e5e301d1e67439c9530da94b1e64ee3f	7484d7b0dd80f45e18d726b04752827fe28555cc5c1af0e127948380e6688abf
semantic-proposal-v1	SC1-aa33e79428856a34a153a1c0a7271655ed0370a0f8a83d46ca78c2444b7f2193	S013171	1	P01	SYMBOLS.tsv	145972	status	aarch64	include/dt-bindings/leds/common.h	operative_macro	LED_FUNCTION_USB	105	PENDING_REVIEW	COMPLETE	COMPLETE	vendor/linux/include/dt-bindings/leds/common.h;vendor/linux/include/dt-bindings/leds/common.h:105;rewrite/configs/aarch64/frozen.config;header_closure=rewrite/metadata/header_closure.tsv;selected=PENDING_REVIEW	425f94c2954b1fe80ebdbf9b29854e89750355df	f370894314d3d608a6c204aeb27c4b8eda6aefec7b57be516a7d370de1e30093	7605a9b1ced9827c55b017ef1f5b436774e4fe3a6c3fed3f0a6ddd53218ac673	0123af9e96b58af4e98b91a2de5608d36b63c67864b9041d3340587f3dbe40d2	cfa8dcf0d81c408de38d4202fe1ce9d9e5e301d1e67439c9530da94b1e64ee3f	7484d7b0dd80f45e18d726b04752827fe28555cc5c1af0e127948380e6688abf
semantic-proposal-v1	SC1-de6c173a5860b9811ff94b7a2f54e6c1581bf513d86ccb7ae82c1376b70c20df	S013171	1	P01	SYMBOLS.tsv	145973	selection_expression	aarch64	include/dt-bindings/leds/common.h	operative_macro	LED_FUNCTION_WAN	106	PENDING_REVIEW	SOURCE_REVIEWED_VALUE	COMPLETE	vendor/linux/include/dt-bindings/leds/common.h;vendor/linux/include/dt-bindings/leds/common.h:106;rewrite/configs/aarch64/frozen.config;header_closure=rewrite/metadata/header_closure.tsv;selected=PENDING_REVIEW	425f94c2954b1fe80ebdbf9b29854e89750355df	f370894314d3d608a6c204aeb27c4b8eda6aefec7b57be516a7d370de1e30093	7605a9b1ced9827c55b017ef1f5b436774e4fe3a6c3fed3f0a6ddd53218ac673	0123af9e96b58af4e98b91a2de5608d36b63c67864b9041d3340587f3dbe40d2	cfa8dcf0d81c408de38d4202fe1ce9d9e5e301d1e67439c9530da94b1e64ee3f	7484d7b0dd80f45e18d726b04752827fe28555cc5c1af0e127948380e6688abf
semantic-proposal-v1	SC1-8c86834ce60cf2aa2e312e39802db75da1b472e52eebbdc621d51b82721f12e3	S013171	1	P01	SYMBOLS.tsv	145973	status	aarch64	include/dt-bindings/leds/common.h	operative_macro	LED_FUNCTION_WAN	106	PENDING_REVIEW	COMPLETE	COMPLETE	vendor/linux/include/dt-bindings/leds/common.h;vendor/linux/include/dt-bindings/leds/common.h:106;rewrite/configs/aarch64/frozen.config;header_closure=rewrite/metadata/header_closure.tsv;selected=PENDING_REVIEW	425f94c2954b1fe80ebdbf9b29854e89750355df	f370894314d3d608a6c204aeb27c4b8eda6aefec7b57be516a7d370de1e30093	7605a9b1ced9827c55b017ef1f5b436774e4fe3a6c3fed3f0a6ddd53218ac673	0123af9e96b58af4e98b91a2de5608d36b63c67864b9041d3340587f3dbe40d2	cfa8dcf0d81c408de38d4202fe1ce9d9e5e301d1e67439c9530da94b1e64ee3f	7484d7b0dd80f45e18d726b04752827fe28555cc5c1af0e127948380e6688abf
semantic-proposal-v1	SC1-e106b988fd3e3ab0fd295ad052425072d9462cc6e1b6d1d4b54c794633776b1e	S013171	1	P01	SYMBOLS.tsv	145974	selection_expression	aarch64	include/dt-bindings/leds/common.h	operative_macro	LED_FUNCTION_WAN_ONLINE	107	PENDING_REVIEW	SOURCE_REVIEWED_VALUE	COMPLETE	vendor/linux/include/dt-bindings/leds/common.h;vendor/linux/include/dt-bindings/leds/common.h:107;rewrite/configs/aarch64/frozen.config;header_closure=rewrite/metadata/header_closure.tsv;selected=PENDING_REVIEW	425f94c2954b1fe80ebdbf9b29854e89750355df	f370894314d3d608a6c204aeb27c4b8eda6aefec7b57be516a7d370de1e30093	7605a9b1ced9827c55b017ef1f5b436774e4fe3a6c3fed3f0a6ddd53218ac673	0123af9e96b58af4e98b91a2de5608d36b63c67864b9041d3340587f3dbe40d2	cfa8dcf0d81c408de38d4202fe1ce9d9e5e301d1e67439c9530da94b1e64ee3f	7484d7b0dd80f45e18d726b04752827fe28555cc5c1af0e127948380e6688abf
semantic-proposal-v1	SC1-f2b07bd3fdda0abe57a3957ce4ffe3e2dbc1c9184b297769e7317adc51c0e82a	S013171	1	P01	SYMBOLS.tsv	145974	status	aarch64	include/dt-bindings/leds/common.h	operative_macro	LED_FUNCTION_WAN_ONLINE	107	PENDING_REVIEW	COMPLETE	COMPLETE	vendor/linux/include/dt-bindings/leds/common.h;vendor/linux/include/dt-bindings/leds/common.h:107;rewrite/configs/aarch64/frozen.config;header_closure=rewrite/metadata/header_closure.tsv;selected=PENDING_REVIEW	425f94c2954b1fe80ebdbf9b29854e89750355df	f370894314d3d608a6c204aeb27c4b8eda6aefec7b57be516a7d370de1e30093	7605a9b1ced9827c55b017ef1f5b436774e4fe3a6c3fed3f0a6ddd53218ac673	0123af9e96b58af4e98b91a2de5608d36b63c67864b9041d3340587f3dbe40d2	cfa8dcf0d81c408de38d4202fe1ce9d9e5e301d1e67439c9530da94b1e64ee3f	7484d7b0dd80f45e18d726b04752827fe28555cc5c1af0e127948380e6688abf
semantic-proposal-v1	SC1-a8731b581ab903b566039af68d101273e4beb28990423ca80fa547ab90901289	S013171	1	P01	SYMBOLS.tsv	145975	selection_expression	aarch64	include/dt-bindings/leds/common.h	operative_macro	LED_FUNCTION_WLAN	108	PENDING_REVIEW	SOURCE_REVIEWED_VALUE	COMPLETE	vendor/linux/include/dt-bindings/leds/common.h;vendor/linux/include/dt-bindings/leds/common.h:108;rewrite/configs/aarch64/frozen.config;header_closure=rewrite/metadata/header_closure.tsv;selected=PENDING_REVIEW	425f94c2954b1fe80ebdbf9b29854e89750355df	f370894314d3d608a6c204aeb27c4b8eda6aefec7b57be516a7d370de1e30093	7605a9b1ced9827c55b017ef1f5b436774e4fe3a6c3fed3f0a6ddd53218ac673	0123af9e96b58af4e98b91a2de5608d36b63c67864b9041d3340587f3dbe40d2	cfa8dcf0d81c408de38d4202fe1ce9d9e5e301d1e67439c9530da94b1e64ee3f	7484d7b0dd80f45e18d726b04752827fe28555cc5c1af0e127948380e6688abf
semantic-proposal-v1	SC1-8a063000cb0ea37bcd0861a2b4ce95040784ece51bcf29d1a9afe64341e1ce3b	S013171	1	P01	SYMBOLS.tsv	145975	status	aarch64	include/dt-bindings/leds/common.h	operative_macro	LED_FUNCTION_WLAN	108	PENDING_REVIEW	COMPLETE	COMPLETE	vendor/linux/include/dt-bindings/leds/common.h;vendor/linux/include/dt-bindings/leds/common.h:108;rewrite/configs/aarch64/frozen.config;header_closure=rewrite/metadata/header_closure.tsv;selected=PENDING_REVIEW	425f94c2954b1fe80ebdbf9b29854e89750355df	f370894314d3d608a6c204aeb27c4b8eda6aefec7b57be516a7d370de1e30093	7605a9b1ced9827c55b017ef1f5b436774e4fe3a6c3fed3f0a6ddd53218ac673	0123af9e96b58af4e98b91a2de5608d36b63c67864b9041d3340587f3dbe40d2	cfa8dcf0d81c408de38d4202fe1ce9d9e5e301d1e67439c9530da94b1e64ee3f	7484d7b0dd80f45e18d726b04752827fe28555cc5c1af0e127948380e6688abf
semantic-proposal-v1	SC1-73bb4b8921317b2a378509878c84eacc9b9da7e63f590b7a0d98d057a9b59120	S013171	1	P01	SYMBOLS.tsv	145976	selection_expression	aarch64	include/dt-bindings/leds/common.h	operative_macro	LED_FUNCTION_WLAN_2GHZ	109	PENDING_REVIEW	SOURCE_REVIEWED_VALUE	COMPLETE	vendor/linux/include/dt-bindings/leds/common.h;vendor/linux/include/dt-bindings/leds/common.h:109;rewrite/configs/aarch64/frozen.config;header_closure=rewrite/metadata/header_closure.tsv;selected=PENDING_REVIEW	425f94c2954b1fe80ebdbf9b29854e89750355df	f370894314d3d608a6c204aeb27c4b8eda6aefec7b57be516a7d370de1e30093	7605a9b1ced9827c55b017ef1f5b436774e4fe3a6c3fed3f0a6ddd53218ac673	0123af9e96b58af4e98b91a2de5608d36b63c67864b9041d3340587f3dbe40d2	cfa8dcf0d81c408de38d4202fe1ce9d9e5e301d1e67439c9530da94b1e64ee3f	7484d7b0dd80f45e18d726b04752827fe28555cc5c1af0e127948380e6688abf
semantic-proposal-v1	SC1-b571fc6e0777b076287797992acf66c0e6aa147014bd2a4ec0ea7434e875b879	S013171	1	P01	SYMBOLS.tsv	145976	status	aarch64	include/dt-bindings/leds/common.h	operative_macro	LED_FUNCTION_WLAN_2GHZ	109	PENDING_REVIEW	COMPLETE	COMPLETE	vendor/linux/include/dt-bindings/leds/common.h;vendor/linux/include/dt-bindings/leds/common.h:109;rewrite/configs/aarch64/frozen.config;header_closure=rewrite/metadata/header_closure.tsv;selected=PENDING_REVIEW	425f94c2954b1fe80ebdbf9b29854e89750355df	f370894314d3d608a6c204aeb27c4b8eda6aefec7b57be516a7d370de1e30093	7605a9b1ced9827c55b017ef1f5b436774e4fe3a6c3fed3f0a6ddd53218ac673	0123af9e96b58af4e98b91a2de5608d36b63c67864b9041d3340587f3dbe40d2	cfa8dcf0d81c408de38d4202fe1ce9d9e5e301d1e67439c9530da94b1e64ee3f	7484d7b0dd80f45e18d726b04752827fe28555cc5c1af0e127948380e6688abf
semantic-proposal-v1	SC1-91ef9202ae638254e9765fbe17ae86f874a7ebe83c39f30fbcca8a69db123d3e	S013171	1	P01	SYMBOLS.tsv	145977	selection_expression	aarch64	include/dt-bindings/leds/common.h	operative_macro	LED_FUNCTION_WLAN_5GHZ	110	PENDING_REVIEW	SOURCE_REVIEWED_VALUE	COMPLETE	vendor/linux/include/dt-bindings/leds/common.h;vendor/linux/include/dt-bindings/leds/common.h:110;rewrite/configs/aarch64/frozen.config;header_closure=rewrite/metadata/header_closure.tsv;selected=PENDING_REVIEW	425f94c2954b1fe80ebdbf9b29854e89750355df	f370894314d3d608a6c204aeb27c4b8eda6aefec7b57be516a7d370de1e30093	7605a9b1ced9827c55b017ef1f5b436774e4fe3a6c3fed3f0a6ddd53218ac673	0123af9e96b58af4e98b91a2de5608d36b63c67864b9041d3340587f3dbe40d2	cfa8dcf0d81c408de38d4202fe1ce9d9e5e301d1e67439c9530da94b1e64ee3f	7484d7b0dd80f45e18d726b04752827fe28555cc5c1af0e127948380e6688abf
semantic-proposal-v1	SC1-6795e061305072eeb4bb69b0bd3dfe3ca3a913ae3afd66589d7de30f532dec1c	S013171	1	P01	SYMBOLS.tsv	145977	status	aarch64	include/dt-bindings/leds/common.h	operative_macro	LED_FUNCTION_WLAN_5GHZ	110	PENDING_REVIEW	COMPLETE	COMPLETE	vendor/linux/include/dt-bindings/leds/common.h;vendor/linux/include/dt-bindings/leds/common.h:110;rewrite/configs/aarch64/frozen.config;header_closure=rewrite/metadata/header_closure.tsv;selected=PENDING_REVIEW	425f94c2954b1fe80ebdbf9b29854e89750355df	f370894314d3d608a6c204aeb27c4b8eda6aefec7b57be516a7d370de1e30093	7605a9b1ced9827c55b017ef1f5b436774e4fe3a6c3fed3f0a6ddd53218ac673	0123af9e96b58af4e98b91a2de5608d36b63c67864b9041d3340587f3dbe40d2	cfa8dcf0d81c408de38d4202fe1ce9d9e5e301d1e67439c9530da94b1e64ee3f	7484d7b0dd80f45e18d726b04752827fe28555cc5c1af0e127948380e6688abf
semantic-proposal-v1	SC1-759276806c7fa879e1b1f9aa2af8b308863d926b94d802c3672438167588c061	S013171	1	P01	SYMBOLS.tsv	145978	selection_expression	aarch64	include/dt-bindings/leds/common.h	operative_macro	LED_FUNCTION_WLAN_6GHZ	111	PENDING_REVIEW	SOURCE_REVIEWED_VALUE	COMPLETE	vendor/linux/include/dt-bindings/leds/common.h;vendor/linux/include/dt-bindings/leds/common.h:111;rewrite/configs/aarch64/frozen.config;header_closure=rewrite/metadata/header_closure.tsv;selected=PENDING_REVIEW	425f94c2954b1fe80ebdbf9b29854e89750355df	f370894314d3d608a6c204aeb27c4b8eda6aefec7b57be516a7d370de1e30093	7605a9b1ced9827c55b017ef1f5b436774e4fe3a6c3fed3f0a6ddd53218ac673	0123af9e96b58af4e98b91a2de5608d36b63c67864b9041d3340587f3dbe40d2	cfa8dcf0d81c408de38d4202fe1ce9d9e5e301d1e67439c9530da94b1e64ee3f	7484d7b0dd80f45e18d726b04752827fe28555cc5c1af0e127948380e6688abf
semantic-proposal-v1	SC1-0fa2057c40ee9ad7ebaee2d7da89b8163ad1fade097c54b17fff726530bd0af3	S013171	1	P01	SYMBOLS.tsv	145978	status	aarch64	include/dt-bindings/leds/common.h	operative_macro	LED_FUNCTION_WLAN_6GHZ	111	PENDING_REVIEW	COMPLETE	COMPLETE	vendor/linux/include/dt-bindings/leds/common.h;vendor/linux/include/dt-bindings/leds/common.h:111;rewrite/configs/aarch64/frozen.config;header_closure=rewrite/metadata/header_closure.tsv;selected=PENDING_REVIEW	425f94c2954b1fe80ebdbf9b29854e89750355df	f370894314d3d608a6c204aeb27c4b8eda6aefec7b57be516a7d370de1e30093	7605a9b1ced9827c55b017ef1f5b436774e4fe3a6c3fed3f0a6ddd53218ac673	0123af9e96b58af4e98b91a2de5608d36b63c67864b9041d3340587f3dbe40d2	cfa8dcf0d81c408de38d4202fe1ce9d9e5e301d1e67439c9530da94b1e64ee3f	7484d7b0dd80f45e18d726b04752827fe28555cc5c1af0e127948380e6688abf
semantic-proposal-v1	SC1-554622b263fa5f210e5213a6f15ad5f0b636ec1f338062f83e5ab4fd105b53c6	S013171	1	P01	SYMBOLS.tsv	145979	selection_expression	aarch64	include/dt-bindings/leds/common.h	operative_macro	LED_FUNCTION_WPS	112	PENDING_REVIEW	SOURCE_REVIEWED_VALUE	COMPLETE	vendor/linux/include/dt-bindings/leds/common.h;vendor/linux/include/dt-bindings/leds/common.h:112;rewrite/configs/aarch64/frozen.config;header_closure=rewrite/metadata/header_closure.tsv;selected=PENDING_REVIEW	425f94c2954b1fe80ebdbf9b29854e89750355df	f370894314d3d608a6c204aeb27c4b8eda6aefec7b57be516a7d370de1e30093	7605a9b1ced9827c55b017ef1f5b436774e4fe3a6c3fed3f0a6ddd53218ac673	0123af9e96b58af4e98b91a2de5608d36b63c67864b9041d3340587f3dbe40d2	cfa8dcf0d81c408de38d4202fe1ce9d9e5e301d1e67439c9530da94b1e64ee3f	7484d7b0dd80f45e18d726b04752827fe28555cc5c1af0e127948380e6688abf
semantic-proposal-v1	SC1-ad7efc75573c524a63dd039a1081801d320c68fe25ba4d53e29c48e995f6a874	S013171	1	P01	SYMBOLS.tsv	145979	status	aarch64	include/dt-bindings/leds/common.h	operative_macro	LED_FUNCTION_WPS	112	PENDING_REVIEW	COMPLETE	COMPLETE	vendor/linux/include/dt-bindings/leds/common.h;vendor/linux/include/dt-bindings/leds/common.h:112;rewrite/configs/aarch64/frozen.config;header_closure=rewrite/metadata/header_closure.tsv;selected=PENDING_REVIEW	425f94c2954b1fe80ebdbf9b29854e89750355df	f370894314d3d608a6c204aeb27c4b8eda6aefec7b57be516a7d370de1e30093	7605a9b1ced9827c55b017ef1f5b436774e4fe3a6c3fed3f0a6ddd53218ac673	0123af9e96b58af4e98b91a2de5608d36b63c67864b9041d3340587f3dbe40d2	cfa8dcf0d81c408de38d4202fe1ce9d9e5e301d1e67439c9530da94b1e64ee3f	7484d7b0dd80f45e18d726b04752827fe28555cc5c1af0e127948380e6688abf
semantic-proposal-v1	SC1-d59c3c302fc7b6daa6fec373c0700f6261f4db74950d334bb2f06300f0c230b2	S013171	1	P01	SYMBOLS.tsv	145980	status	x86_64	include/dt-bindings/leds/common.h	conditional	ifndef@12	12	PENDING_REVIEW	COMPLETE	COMPLETE	vendor/linux/include/dt-bindings/leds/common.h;vendor/linux/include/dt-bindings/leds/common.h:12;rewrite/configs/x86_64/frozen.config;header_closure=rewrite/metadata/header_closure.tsv;selected=PENDING_REVIEW	425f94c2954b1fe80ebdbf9b29854e89750355df	f370894314d3d608a6c204aeb27c4b8eda6aefec7b57be516a7d370de1e30093	7605a9b1ced9827c55b017ef1f5b436774e4fe3a6c3fed3f0a6ddd53218ac673	0123af9e96b58af4e98b91a2de5608d36b63c67864b9041d3340587f3dbe40d2	cfa8dcf0d81c408de38d4202fe1ce9d9e5e301d1e67439c9530da94b1e64ee3f	7484d7b0dd80f45e18d726b04752827fe28555cc5c1af0e127948380e6688abf
semantic-proposal-v1	SC1-4a6ff5e0ab41a9133300e1b9c023d6edb3251a17be15fc8078df65e9108e037e	S013171	1	P01	SYMBOLS.tsv	145981	status	x86_64	include/dt-bindings/leds/common.h	conditional	endif@114	114	PENDING_REVIEW	COMPLETE	COMPLETE	vendor/linux/include/dt-bindings/leds/common.h;vendor/linux/include/dt-bindings/leds/common.h:114;rewrite/configs/x86_64/frozen.config;header_closure=rewrite/metadata/header_closure.tsv;selected=PENDING_REVIEW	425f94c2954b1fe80ebdbf9b29854e89750355df	f370894314d3d608a6c204aeb27c4b8eda6aefec7b57be516a7d370de1e30093	7605a9b1ced9827c55b017ef1f5b436774e4fe3a6c3fed3f0a6ddd53218ac673	0123af9e96b58af4e98b91a2de5608d36b63c67864b9041d3340587f3dbe40d2	cfa8dcf0d81c408de38d4202fe1ce9d9e5e301d1e67439c9530da94b1e64ee3f	7484d7b0dd80f45e18d726b04752827fe28555cc5c1af0e127948380e6688abf
semantic-proposal-v1	SC1-5405f3b4da0ef5c9f559368d79f69c7f5d439b1216d92b41e1a0ac23809eb9e9	S013171	1	P01	SYMBOLS.tsv	145982	selection_expression	x86_64	include/dt-bindings/leds/common.h	operative_macro	__DT_BINDINGS_LEDS_H	13	PENDING_REVIEW	SOURCE_REVIEWED_VALUE	COMPLETE	vendor/linux/include/dt-bindings/leds/common.h;vendor/linux/include/dt-bindings/leds/common.h:13;rewrite/configs/x86_64/frozen.config;header_closure=rewrite/metadata/header_closure.tsv;selected=PENDING_REVIEW	425f94c2954b1fe80ebdbf9b29854e89750355df	f370894314d3d608a6c204aeb27c4b8eda6aefec7b57be516a7d370de1e30093	7605a9b1ced9827c55b017ef1f5b436774e4fe3a6c3fed3f0a6ddd53218ac673	0123af9e96b58af4e98b91a2de5608d36b63c67864b9041d3340587f3dbe40d2	cfa8dcf0d81c408de38d4202fe1ce9d9e5e301d1e67439c9530da94b1e64ee3f	7484d7b0dd80f45e18d726b04752827fe28555cc5c1af0e127948380e6688abf
semantic-proposal-v1	SC1-b8ded35f82cf320a7603b89b657f5b195afb432d046ff6a23b9c381da7058b54	S013171	1	P01	SYMBOLS.tsv	145982	status	x86_64	include/dt-bindings/leds/common.h	operative_macro	__DT_BINDINGS_LEDS_H	13	PENDING_REVIEW	COMPLETE	COMPLETE	vendor/linux/include/dt-bindings/leds/common.h;vendor/linux/include/dt-bindings/leds/common.h:13;rewrite/configs/x86_64/frozen.config;header_closure=rewrite/metadata/header_closure.tsv;selected=PENDING_REVIEW	425f94c2954b1fe80ebdbf9b29854e89750355df	f370894314d3d608a6c204aeb27c4b8eda6aefec7b57be516a7d370de1e30093	7605a9b1ced9827c55b017ef1f5b436774e4fe3a6c3fed3f0a6ddd53218ac673	0123af9e96b58af4e98b91a2de5608d36b63c67864b9041d3340587f3dbe40d2	cfa8dcf0d81c408de38d4202fe1ce9d9e5e301d1e67439c9530da94b1e64ee3f	7484d7b0dd80f45e18d726b04752827fe28555cc5c1af0e127948380e6688abf
semantic-proposal-v1	SC1-96186047d0f9852455a425f27090b37aa556043c55555c609a9fb2f41f7fc224	S013171	1	P01	SYMBOLS.tsv	145983	selection_expression	x86_64	include/dt-bindings/leds/common.h	operative_macro	LEDS_TRIG_TYPE_EDGE	16	PENDING_REVIEW	SOURCE_REVIEWED_VALUE	COMPLETE	vendor/linux/include/dt-bindings/leds/common.h;vendor/linux/include/dt-bindings/leds/common.h:16;rewrite/configs/x86_64/frozen.config;header_closure=rewrite/metadata/header_closure.tsv;selected=PENDING_REVIEW	425f94c2954b1fe80ebdbf9b29854e89750355df	f370894314d3d608a6c204aeb27c4b8eda6aefec7b57be516a7d370de1e30093	7605a9b1ced9827c55b017ef1f5b436774e4fe3a6c3fed3f0a6ddd53218ac673	0123af9e96b58af4e98b91a2de5608d36b63c67864b9041d3340587f3dbe40d2	cfa8dcf0d81c408de38d4202fe1ce9d9e5e301d1e67439c9530da94b1e64ee3f	7484d7b0dd80f45e18d726b04752827fe28555cc5c1af0e127948380e6688abf
semantic-proposal-v1	SC1-688c0fbfca46797069d8e6ef81fb7cf36693d68db86a7a7258bbdc95320c91bd	S013171	1	P01	SYMBOLS.tsv	145983	status	x86_64	include/dt-bindings/leds/common.h	operative_macro	LEDS_TRIG_TYPE_EDGE	16	PENDING_REVIEW	COMPLETE	COMPLETE	vendor/linux/include/dt-bindings/leds/common.h;vendor/linux/include/dt-bindings/leds/common.h:16;rewrite/configs/x86_64/frozen.config;header_closure=rewrite/metadata/header_closure.tsv;selected=PENDING_REVIEW	425f94c2954b1fe80ebdbf9b29854e89750355df	f370894314d3d608a6c204aeb27c4b8eda6aefec7b57be516a7d370de1e30093	7605a9b1ced9827c55b017ef1f5b436774e4fe3a6c3fed3f0a6ddd53218ac673	0123af9e96b58af4e98b91a2de5608d36b63c67864b9041d3340587f3dbe40d2	cfa8dcf0d81c408de38d4202fe1ce9d9e5e301d1e67439c9530da94b1e64ee3f	7484d7b0dd80f45e18d726b04752827fe28555cc5c1af0e127948380e6688abf
semantic-proposal-v1	SC1-7976e0452b4e65953f034fd89dd512a837f083eb15cd6f33c814d7e7df4e1c6b	S013171	1	P01	SYMBOLS.tsv	145984	selection_expression	x86_64	include/dt-bindings/leds/common.h	operative_macro	LEDS_TRIG_TYPE_LEVEL	17	PENDING_REVIEW	SOURCE_REVIEWED_VALUE	COMPLETE	vendor/linux/include/dt-bindings/leds/common.h;vendor/linux/include/dt-bindings/leds/common.h:17;rewrite/configs/x86_64/frozen.config;header_closure=rewrite/metadata/header_closure.tsv;selected=PENDING_REVIEW	425f94c2954b1fe80ebdbf9b29854e89750355df	f370894314d3d608a6c204aeb27c4b8eda6aefec7b57be516a7d370de1e30093	7605a9b1ced9827c55b017ef1f5b436774e4fe3a6c3fed3f0a6ddd53218ac673	0123af9e96b58af4e98b91a2de5608d36b63c67864b9041d3340587f3dbe40d2	cfa8dcf0d81c408de38d4202fe1ce9d9e5e301d1e67439c9530da94b1e64ee3f	7484d7b0dd80f45e18d726b04752827fe28555cc5c1af0e127948380e6688abf
semantic-proposal-v1	SC1-5e9f1e57c55b63892898980b6eac9fc982ecd0b858b22a79ca7ee5fb55257a85	S013171	1	P01	SYMBOLS.tsv	145984	status	x86_64	include/dt-bindings/leds/common.h	operative_macro	LEDS_TRIG_TYPE_LEVEL	17	PENDING_REVIEW	COMPLETE	COMPLETE	vendor/linux/include/dt-bindings/leds/common.h;vendor/linux/include/dt-bindings/leds/common.h:17;rewrite/configs/x86_64/frozen.config;header_closure=rewrite/metadata/header_closure.tsv;selected=PENDING_REVIEW	425f94c2954b1fe80ebdbf9b29854e89750355df	f370894314d3d608a6c204aeb27c4b8eda6aefec7b57be516a7d370de1e30093	7605a9b1ced9827c55b017ef1f5b436774e4fe3a6c3fed3f0a6ddd53218ac673	0123af9e96b58af4e98b91a2de5608d36b63c67864b9041d3340587f3dbe40d2	cfa8dcf0d81c408de38d4202fe1ce9d9e5e301d1e67439c9530da94b1e64ee3f	7484d7b0dd80f45e18d726b04752827fe28555cc5c1af0e127948380e6688abf
semantic-proposal-v1	SC1-52d8921534f64e214b25f538c50bb1782ce4f554e00487e1d76c3f1b4e8a27ce	S013171	1	P01	SYMBOLS.tsv	145985	selection_expression	x86_64	include/dt-bindings/leds/common.h	operative_macro	LEDS_BOOST_OFF	20	PENDING_REVIEW	SOURCE_REVIEWED_VALUE	COMPLETE	vendor/linux/include/dt-bindings/leds/common.h;vendor/linux/include/dt-bindings/leds/common.h:20;rewrite/configs/x86_64/frozen.config;header_closure=rewrite/metadata/header_closure.tsv;selected=PENDING_REVIEW	425f94c2954b1fe80ebdbf9b29854e89750355df	f370894314d3d608a6c204aeb27c4b8eda6aefec7b57be516a7d370de1e30093	7605a9b1ced9827c55b017ef1f5b436774e4fe3a6c3fed3f0a6ddd53218ac673	0123af9e96b58af4e98b91a2de5608d36b63c67864b9041d3340587f3dbe40d2	cfa8dcf0d81c408de38d4202fe1ce9d9e5e301d1e67439c9530da94b1e64ee3f	7484d7b0dd80f45e18d726b04752827fe28555cc5c1af0e127948380e6688abf
semantic-proposal-v1	SC1-411094fb7f1f8ba7c3276fcfefe7cd0e9923a81aa697dd77855ade7c32d7a000	S013171	1	P01	SYMBOLS.tsv	145985	status	x86_64	include/dt-bindings/leds/common.h	operative_macro	LEDS_BOOST_OFF	20	PENDING_REVIEW	COMPLETE	COMPLETE	vendor/linux/include/dt-bindings/leds/common.h;vendor/linux/include/dt-bindings/leds/common.h:20;rewrite/configs/x86_64/frozen.config;header_closure=rewrite/metadata/header_closure.tsv;selected=PENDING_REVIEW	425f94c2954b1fe80ebdbf9b29854e89750355df	f370894314d3d608a6c204aeb27c4b8eda6aefec7b57be516a7d370de1e30093	7605a9b1ced9827c55b017ef1f5b436774e4fe3a6c3fed3f0a6ddd53218ac673	0123af9e96b58af4e98b91a2de5608d36b63c67864b9041d3340587f3dbe40d2	cfa8dcf0d81c408de38d4202fe1ce9d9e5e301d1e67439c9530da94b1e64ee3f	7484d7b0dd80f45e18d726b04752827fe28555cc5c1af0e127948380e6688abf
semantic-proposal-v1	SC1-87c13b19312bb6895c233a4192226b1f8140c1aef432fef7063c7e3abc3a2677	S013171	1	P01	SYMBOLS.tsv	145986	selection_expression	x86_64	include/dt-bindings/leds/common.h	operative_macro	LEDS_BOOST_ADAPTIVE	21	PENDING_REVIEW	SOURCE_REVIEWED_VALUE	COMPLETE	vendor/linux/include/dt-bindings/leds/common.h;vendor/linux/include/dt-bindings/leds/common.h:21;rewrite/configs/x86_64/frozen.config;header_closure=rewrite/metadata/header_closure.tsv;selected=PENDING_REVIEW	425f94c2954b1fe80ebdbf9b29854e89750355df	f370894314d3d608a6c204aeb27c4b8eda6aefec7b57be516a7d370de1e30093	7605a9b1ced9827c55b017ef1f5b436774e4fe3a6c3fed3f0a6ddd53218ac673	0123af9e96b58af4e98b91a2de5608d36b63c67864b9041d3340587f3dbe40d2	cfa8dcf0d81c408de38d4202fe1ce9d9e5e301d1e67439c9530da94b1e64ee3f	7484d7b0dd80f45e18d726b04752827fe28555cc5c1af0e127948380e6688abf
semantic-proposal-v1	SC1-a837cd0aa350c4997e22530ad7da8bd88ea5907c27620289527aaab3f4407074	S013171	1	P01	SYMBOLS.tsv	145986	status	x86_64	include/dt-bindings/leds/common.h	operative_macro	LEDS_BOOST_ADAPTIVE	21	PENDING_REVIEW	COMPLETE	COMPLETE	vendor/linux/include/dt-bindings/leds/common.h;vendor/linux/include/dt-bindings/leds/common.h:21;rewrite/configs/x86_64/frozen.config;header_closure=rewrite/metadata/header_closure.tsv;selected=PENDING_REVIEW	425f94c2954b1fe80ebdbf9b29854e89750355df	f370894314d3d608a6c204aeb27c4b8eda6aefec7b57be516a7d370de1e30093	7605a9b1ced9827c55b017ef1f5b436774e4fe3a6c3fed3f0a6ddd53218ac673	0123af9e96b58af4e98b91a2de5608d36b63c67864b9041d3340587f3dbe40d2	cfa8dcf0d81c408de38d4202fe1ce9d9e5e301d1e67439c9530da94b1e64ee3f	7484d7b0dd80f45e18d726b04752827fe28555cc5c1af0e127948380e6688abf
semantic-proposal-v1	SC1-571ff832837ae30837e3d5112a80b8d4dd2e963bee9d083fcc8b5212b34bdbdc	S013171	1	P01	SYMBOLS.tsv	145987	selection_expression	x86_64	include/dt-bindings/leds/common.h	operative_macro	LEDS_BOOST_FIXED	22	PENDING_REVIEW	SOURCE_REVIEWED_VALUE	COMPLETE	vendor/linux/include/dt-bindings/leds/common.h;vendor/linux/include/dt-bindings/leds/common.h:22;rewrite/configs/x86_64/frozen.config;header_closure=rewrite/metadata/header_closure.tsv;selected=PENDING_REVIEW	425f94c2954b1fe80ebdbf9b29854e89750355df	f370894314d3d608a6c204aeb27c4b8eda6aefec7b57be516a7d370de1e30093	7605a9b1ced9827c55b017ef1f5b436774e4fe3a6c3fed3f0a6ddd53218ac673	0123af9e96b58af4e98b91a2de5608d36b63c67864b9041d3340587f3dbe40d2	cfa8dcf0d81c408de38d4202fe1ce9d9e5e301d1e67439c9530da94b1e64ee3f	7484d7b0dd80f45e18d726b04752827fe28555cc5c1af0e127948380e6688abf
semantic-proposal-v1	SC1-bacbf9800f71622a234e83069b3ae3c66ac3d661a87f64d197e7ff072d3a8f08	S013171	1	P01	SYMBOLS.tsv	145987	status	x86_64	include/dt-bindings/leds/common.h	operative_macro	LEDS_BOOST_FIXED	22	PENDING_REVIEW	COMPLETE	COMPLETE	vendor/linux/include/dt-bindings/leds/common.h;vendor/linux/include/dt-bindings/leds/common.h:22;rewrite/configs/x86_64/frozen.config;header_closure=rewrite/metadata/header_closure.tsv;selected=PENDING_REVIEW	425f94c2954b1fe80ebdbf9b29854e89750355df	f370894314d3d608a6c204aeb27c4b8eda6aefec7b57be516a7d370de1e30093	7605a9b1ced9827c55b017ef1f5b436774e4fe3a6c3fed3f0a6ddd53218ac673	0123af9e96b58af4e98b91a2de5608d36b63c67864b9041d3340587f3dbe40d2	cfa8dcf0d81c408de38d4202fe1ce9d9e5e301d1e67439c9530da94b1e64ee3f	7484d7b0dd80f45e18d726b04752827fe28555cc5c1af0e127948380e6688abf
semantic-proposal-v1	SC1-a8785c6752ec7902c9bd081c94c55057a3492d01580e5c2f3c8f6868eecc9f45	S013171	1	P01	SYMBOLS.tsv	145988	selection_expression	x86_64	include/dt-bindings/leds/common.h	operative_macro	LED_COLOR_ID_WHITE	25	PENDING_REVIEW	SOURCE_REVIEWED_VALUE	COMPLETE	vendor/linux/include/dt-bindings/leds/common.h;vendor/linux/include/dt-bindings/leds/common.h:25;rewrite/configs/x86_64/frozen.config;header_closure=rewrite/metadata/header_closure.tsv;selected=PENDING_REVIEW	425f94c2954b1fe80ebdbf9b29854e89750355df	f370894314d3d608a6c204aeb27c4b8eda6aefec7b57be516a7d370de1e30093	7605a9b1ced9827c55b017ef1f5b436774e4fe3a6c3fed3f0a6ddd53218ac673	0123af9e96b58af4e98b91a2de5608d36b63c67864b9041d3340587f3dbe40d2	cfa8dcf0d81c408de38d4202fe1ce9d9e5e301d1e67439c9530da94b1e64ee3f	7484d7b0dd80f45e18d726b04752827fe28555cc5c1af0e127948380e6688abf
semantic-proposal-v1	SC1-7f796e29ea5736bcc1daad3a1a1634159e8ea60eb6daae5c3f66de34e118ba77	S013171	1	P01	SYMBOLS.tsv	145988	status	x86_64	include/dt-bindings/leds/common.h	operative_macro	LED_COLOR_ID_WHITE	25	PENDING_REVIEW	COMPLETE	COMPLETE	vendor/linux/include/dt-bindings/leds/common.h;vendor/linux/include/dt-bindings/leds/common.h:25;rewrite/configs/x86_64/frozen.config;header_closure=rewrite/metadata/header_closure.tsv;selected=PENDING_REVIEW	425f94c2954b1fe80ebdbf9b29854e89750355df	f370894314d3d608a6c204aeb27c4b8eda6aefec7b57be516a7d370de1e30093	7605a9b1ced9827c55b017ef1f5b436774e4fe3a6c3fed3f0a6ddd53218ac673	0123af9e96b58af4e98b91a2de5608d36b63c67864b9041d3340587f3dbe40d2	cfa8dcf0d81c408de38d4202fe1ce9d9e5e301d1e67439c9530da94b1e64ee3f	7484d7b0dd80f45e18d726b04752827fe28555cc5c1af0e127948380e6688abf
semantic-proposal-v1	SC1-e72b70d8cb3ec69f6648e77b512a86d0ce47a60ab12cbebeabadd7ae5ac2e7e9	S013171	1	P01	SYMBOLS.tsv	145989	selection_expression	x86_64	include/dt-bindings/leds/common.h	operative_macro	LED_COLOR_ID_RED	26	PENDING_REVIEW	SOURCE_REVIEWED_VALUE	COMPLETE	vendor/linux/include/dt-bindings/leds/common.h;vendor/linux/include/dt-bindings/leds/common.h:26;rewrite/configs/x86_64/frozen.config;header_closure=rewrite/metadata/header_closure.tsv;selected=PENDING_REVIEW	425f94c2954b1fe80ebdbf9b29854e89750355df	f370894314d3d608a6c204aeb27c4b8eda6aefec7b57be516a7d370de1e30093	7605a9b1ced9827c55b017ef1f5b436774e4fe3a6c3fed3f0a6ddd53218ac673	0123af9e96b58af4e98b91a2de5608d36b63c67864b9041d3340587f3dbe40d2	cfa8dcf0d81c408de38d4202fe1ce9d9e5e301d1e67439c9530da94b1e64ee3f	7484d7b0dd80f45e18d726b04752827fe28555cc5c1af0e127948380e6688abf
semantic-proposal-v1	SC1-0dc55626b0f63e212f45ac075ca91ffdd879d5cf12c99cc02de3c439d45d8ef0	S013171	1	P01	SYMBOLS.tsv	145989	status	x86_64	include/dt-bindings/leds/common.h	operative_macro	LED_COLOR_ID_RED	26	PENDING_REVIEW	COMPLETE	COMPLETE	vendor/linux/include/dt-bindings/leds/common.h;vendor/linux/include/dt-bindings/leds/common.h:26;rewrite/configs/x86_64/frozen.config;header_closure=rewrite/metadata/header_closure.tsv;selected=PENDING_REVIEW	425f94c2954b1fe80ebdbf9b29854e89750355df	f370894314d3d608a6c204aeb27c4b8eda6aefec7b57be516a7d370de1e30093	7605a9b1ced9827c55b017ef1f5b436774e4fe3a6c3fed3f0a6ddd53218ac673	0123af9e96b58af4e98b91a2de5608d36b63c67864b9041d3340587f3dbe40d2	cfa8dcf0d81c408de38d4202fe1ce9d9e5e301d1e67439c9530da94b1e64ee3f	7484d7b0dd80f45e18d726b04752827fe28555cc5c1af0e127948380e6688abf
semantic-proposal-v1	SC1-094fba06faf7d57860c6b6fb94314a1a132e075141f81bb5c5ff5e074036fdff	S013171	1	P01	SYMBOLS.tsv	145990	selection_expression	x86_64	include/dt-bindings/leds/common.h	operative_macro	LED_COLOR_ID_GREEN	27	PENDING_REVIEW	SOURCE_REVIEWED_VALUE	COMPLETE	vendor/linux/include/dt-bindings/leds/common.h;vendor/linux/include/dt-bindings/leds/common.h:27;rewrite/configs/x86_64/frozen.config;header_closure=rewrite/metadata/header_closure.tsv;selected=PENDING_REVIEW	425f94c2954b1fe80ebdbf9b29854e89750355df	f370894314d3d608a6c204aeb27c4b8eda6aefec7b57be516a7d370de1e30093	7605a9b1ced9827c55b017ef1f5b436774e4fe3a6c3fed3f0a6ddd53218ac673	0123af9e96b58af4e98b91a2de5608d36b63c67864b9041d3340587f3dbe40d2	cfa8dcf0d81c408de38d4202fe1ce9d9e5e301d1e67439c9530da94b1e64ee3f	7484d7b0dd80f45e18d726b04752827fe28555cc5c1af0e127948380e6688abf
semantic-proposal-v1	SC1-7d3f47a62a6dc33e09303e6736cd5b5daa7db253c60218d6f8a6949b8bfeef09	S013171	1	P01	SYMBOLS.tsv	145990	status	x86_64	include/dt-bindings/leds/common.h	operative_macro	LED_COLOR_ID_GREEN	27	PENDING_REVIEW	COMPLETE	COMPLETE	vendor/linux/include/dt-bindings/leds/common.h;vendor/linux/include/dt-bindings/leds/common.h:27;rewrite/configs/x86_64/frozen.config;header_closure=rewrite/metadata/header_closure.tsv;selected=PENDING_REVIEW	425f94c2954b1fe80ebdbf9b29854e89750355df	f370894314d3d608a6c204aeb27c4b8eda6aefec7b57be516a7d370de1e30093	7605a9b1ced9827c55b017ef1f5b436774e4fe3a6c3fed3f0a6ddd53218ac673	0123af9e96b58af4e98b91a2de5608d36b63c67864b9041d3340587f3dbe40d2	cfa8dcf0d81c408de38d4202fe1ce9d9e5e301d1e67439c9530da94b1e64ee3f	7484d7b0dd80f45e18d726b04752827fe28555cc5c1af0e127948380e6688abf
semantic-proposal-v1	SC1-723dc8414c78e75f7a20b408853c4a1ba835c1ebd5b4ec0e696dabbf6411f190	S013171	1	P01	SYMBOLS.tsv	145991	selection_expression	x86_64	include/dt-bindings/leds/common.h	operative_macro	LED_COLOR_ID_BLUE	28	PENDING_REVIEW	SOURCE_REVIEWED_VALUE	COMPLETE	vendor/linux/include/dt-bindings/leds/common.h;vendor/linux/include/dt-bindings/leds/common.h:28;rewrite/configs/x86_64/frozen.config;header_closure=rewrite/metadata/header_closure.tsv;selected=PENDING_REVIEW	425f94c2954b1fe80ebdbf9b29854e89750355df	f370894314d3d608a6c204aeb27c4b8eda6aefec7b57be516a7d370de1e30093	7605a9b1ced9827c55b017ef1f5b436774e4fe3a6c3fed3f0a6ddd53218ac673	0123af9e96b58af4e98b91a2de5608d36b63c67864b9041d3340587f3dbe40d2	cfa8dcf0d81c408de38d4202fe1ce9d9e5e301d1e67439c9530da94b1e64ee3f	7484d7b0dd80f45e18d726b04752827fe28555cc5c1af0e127948380e6688abf
semantic-proposal-v1	SC1-c580fe1e374b378e9ac170178b543d370965f0c6a7cfa31e4adbd60bc5790c86	S013171	1	P01	SYMBOLS.tsv	145991	status	x86_64	include/dt-bindings/leds/common.h	operative_macro	LED_COLOR_ID_BLUE	28	PENDING_REVIEW	COMPLETE	COMPLETE	vendor/linux/include/dt-bindings/leds/common.h;vendor/linux/include/dt-bindings/leds/common.h:28;rewrite/configs/x86_64/frozen.config;header_closure=rewrite/metadata/header_closure.tsv;selected=PENDING_REVIEW	425f94c2954b1fe80ebdbf9b29854e89750355df	f370894314d3d608a6c204aeb27c4b8eda6aefec7b57be516a7d370de1e30093	7605a9b1ced9827c55b017ef1f5b436774e4fe3a6c3fed3f0a6ddd53218ac673	0123af9e96b58af4e98b91a2de5608d36b63c67864b9041d3340587f3dbe40d2	cfa8dcf0d81c408de38d4202fe1ce9d9e5e301d1e67439c9530da94b1e64ee3f	7484d7b0dd80f45e18d726b04752827fe28555cc5c1af0e127948380e6688abf
semantic-proposal-v1	SC1-85ebc8d783e789ee9323748552016719899e15e3d1d8470dc77620bdc96ba662	S013171	1	P01	SYMBOLS.tsv	145992	selection_expression	x86_64	include/dt-bindings/leds/common.h	operative_macro	LED_COLOR_ID_AMBER	29	PENDING_REVIEW	SOURCE_REVIEWED_VALUE	COMPLETE	vendor/linux/include/dt-bindings/leds/common.h;vendor/linux/include/dt-bindings/leds/common.h:29;rewrite/configs/x86_64/frozen.config;header_closure=rewrite/metadata/header_closure.tsv;selected=PENDING_REVIEW	425f94c2954b1fe80ebdbf9b29854e89750355df	f370894314d3d608a6c204aeb27c4b8eda6aefec7b57be516a7d370de1e30093	7605a9b1ced9827c55b017ef1f5b436774e4fe3a6c3fed3f0a6ddd53218ac673	0123af9e96b58af4e98b91a2de5608d36b63c67864b9041d3340587f3dbe40d2	cfa8dcf0d81c408de38d4202fe1ce9d9e5e301d1e67439c9530da94b1e64ee3f	7484d7b0dd80f45e18d726b04752827fe28555cc5c1af0e127948380e6688abf
semantic-proposal-v1	SC1-44c7331a79260a0205f791f7f2f2e7e25f9bde1fbe31b30cbbb350766b2f7fa8	S013171	1	P01	SYMBOLS.tsv	145992	status	x86_64	include/dt-bindings/leds/common.h	operative_macro	LED_COLOR_ID_AMBER	29	PENDING_REVIEW	COMPLETE	COMPLETE	vendor/linux/include/dt-bindings/leds/common.h;vendor/linux/include/dt-bindings/leds/common.h:29;rewrite/configs/x86_64/frozen.config;header_closure=rewrite/metadata/header_closure.tsv;selected=PENDING_REVIEW	425f94c2954b1fe80ebdbf9b29854e89750355df	f370894314d3d608a6c204aeb27c4b8eda6aefec7b57be516a7d370de1e30093	7605a9b1ced9827c55b017ef1f5b436774e4fe3a6c3fed3f0a6ddd53218ac673	0123af9e96b58af4e98b91a2de5608d36b63c67864b9041d3340587f3dbe40d2	cfa8dcf0d81c408de38d4202fe1ce9d9e5e301d1e67439c9530da94b1e64ee3f	7484d7b0dd80f45e18d726b04752827fe28555cc5c1af0e127948380e6688abf
semantic-proposal-v1	SC1-377af989aba6e19ef6217c29ef5881fb8324e4de1e0eea1a08760bb0d3f0e747	S013171	1	P01	SYMBOLS.tsv	145993	selection_expression	x86_64	include/dt-bindings/leds/common.h	operative_macro	LED_COLOR_ID_VIOLET	30	PENDING_REVIEW	SOURCE_REVIEWED_VALUE	COMPLETE	vendor/linux/include/dt-bindings/leds/common.h;vendor/linux/include/dt-bindings/leds/common.h:30;rewrite/configs/x86_64/frozen.config;header_closure=rewrite/metadata/header_closure.tsv;selected=PENDING_REVIEW	425f94c2954b1fe80ebdbf9b29854e89750355df	f370894314d3d608a6c204aeb27c4b8eda6aefec7b57be516a7d370de1e30093	7605a9b1ced9827c55b017ef1f5b436774e4fe3a6c3fed3f0a6ddd53218ac673	0123af9e96b58af4e98b91a2de5608d36b63c67864b9041d3340587f3dbe40d2	cfa8dcf0d81c408de38d4202fe1ce9d9e5e301d1e67439c9530da94b1e64ee3f	7484d7b0dd80f45e18d726b04752827fe28555cc5c1af0e127948380e6688abf
semantic-proposal-v1	SC1-6ecec433e37596c84faa20ea3a344951c76dffd5497bd32837ea00a95c52511c	S013171	1	P01	SYMBOLS.tsv	145993	status	x86_64	include/dt-bindings/leds/common.h	operative_macro	LED_COLOR_ID_VIOLET	30	PENDING_REVIEW	COMPLETE	COMPLETE	vendor/linux/include/dt-bindings/leds/common.h;vendor/linux/include/dt-bindings/leds/common.h:30;rewrite/configs/x86_64/frozen.config;header_closure=rewrite/metadata/header_closure.tsv;selected=PENDING_REVIEW	425f94c2954b1fe80ebdbf9b29854e89750355df	f370894314d3d608a6c204aeb27c4b8eda6aefec7b57be516a7d370de1e30093	7605a9b1ced9827c55b017ef1f5b436774e4fe3a6c3fed3f0a6ddd53218ac673	0123af9e96b58af4e98b91a2de5608d36b63c67864b9041d3340587f3dbe40d2	cfa8dcf0d81c408de38d4202fe1ce9d9e5e301d1e67439c9530da94b1e64ee3f	7484d7b0dd80f45e18d726b04752827fe28555cc5c1af0e127948380e6688abf
semantic-proposal-v1	SC1-2f52125d149ebaca53018dff649f7742d3c31b4d9274625198eb874d2e70ae2b	S013171	1	P01	SYMBOLS.tsv	145994	selection_expression	x86_64	include/dt-bindings/leds/common.h	operative_macro	LED_COLOR_ID_YELLOW	31	PENDING_REVIEW	SOURCE_REVIEWED_VALUE	COMPLETE	vendor/linux/include/dt-bindings/leds/common.h;vendor/linux/include/dt-bindings/leds/common.h:31;rewrite/configs/x86_64/frozen.config;header_closure=rewrite/metadata/header_closure.tsv;selected=PENDING_REVIEW	425f94c2954b1fe80ebdbf9b29854e89750355df	f370894314d3d608a6c204aeb27c4b8eda6aefec7b57be516a7d370de1e30093	7605a9b1ced9827c55b017ef1f5b436774e4fe3a6c3fed3f0a6ddd53218ac673	0123af9e96b58af4e98b91a2de5608d36b63c67864b9041d3340587f3dbe40d2	cfa8dcf0d81c408de38d4202fe1ce9d9e5e301d1e67439c9530da94b1e64ee3f	7484d7b0dd80f45e18d726b04752827fe28555cc5c1af0e127948380e6688abf
semantic-proposal-v1	SC1-d3ac61e2cae14d34890a65cc70b1a7c68d6f5c573a82045a0c195e6391754b3d	S013171	1	P01	SYMBOLS.tsv	145994	status	x86_64	include/dt-bindings/leds/common.h	operative_macro	LED_COLOR_ID_YELLOW	31	PENDING_REVIEW	COMPLETE	COMPLETE	vendor/linux/include/dt-bindings/leds/common.h;vendor/linux/include/dt-bindings/leds/common.h:31;rewrite/configs/x86_64/frozen.config;header_closure=rewrite/metadata/header_closure.tsv;selected=PENDING_REVIEW	425f94c2954b1fe80ebdbf9b29854e89750355df	f370894314d3d608a6c204aeb27c4b8eda6aefec7b57be516a7d370de1e30093	7605a9b1ced9827c55b017ef1f5b436774e4fe3a6c3fed3f0a6ddd53218ac673	0123af9e96b58af4e98b91a2de5608d36b63c67864b9041d3340587f3dbe40d2	cfa8dcf0d81c408de38d4202fe1ce9d9e5e301d1e67439c9530da94b1e64ee3f	7484d7b0dd80f45e18d726b04752827fe28555cc5c1af0e127948380e6688abf
semantic-proposal-v1	SC1-5f4154810278f56cb8ff009bc1bd98e67be3e7d9fbdccba5dc5a8f1b35dbac9f	S013171	1	P01	SYMBOLS.tsv	145995	selection_expression	x86_64	include/dt-bindings/leds/common.h	operative_macro	LED_COLOR_ID_IR	32	PENDING_REVIEW	SOURCE_REVIEWED_VALUE	COMPLETE	vendor/linux/include/dt-bindings/leds/common.h;vendor/linux/include/dt-bindings/leds/common.h:32;rewrite/configs/x86_64/frozen.config;header_closure=rewrite/metadata/header_closure.tsv;selected=PENDING_REVIEW	425f94c2954b1fe80ebdbf9b29854e89750355df	f370894314d3d608a6c204aeb27c4b8eda6aefec7b57be516a7d370de1e30093	7605a9b1ced9827c55b017ef1f5b436774e4fe3a6c3fed3f0a6ddd53218ac673	0123af9e96b58af4e98b91a2de5608d36b63c67864b9041d3340587f3dbe40d2	cfa8dcf0d81c408de38d4202fe1ce9d9e5e301d1e67439c9530da94b1e64ee3f	7484d7b0dd80f45e18d726b04752827fe28555cc5c1af0e127948380e6688abf
semantic-proposal-v1	SC1-7670a872166e4796213ca1b49b272e21c848f191c83fb83904d8d4e7266ea7eb	S013171	1	P01	SYMBOLS.tsv	145995	status	x86_64	include/dt-bindings/leds/common.h	operative_macro	LED_COLOR_ID_IR	32	PENDING_REVIEW	COMPLETE	COMPLETE	vendor/linux/include/dt-bindings/leds/common.h;vendor/linux/include/dt-bindings/leds/common.h:32;rewrite/configs/x86_64/frozen.config;header_closure=rewrite/metadata/header_closure.tsv;selected=PENDING_REVIEW	425f94c2954b1fe80ebdbf9b29854e89750355df	f370894314d3d608a6c204aeb27c4b8eda6aefec7b57be516a7d370de1e30093	7605a9b1ced9827c55b017ef1f5b436774e4fe3a6c3fed3f0a6ddd53218ac673	0123af9e96b58af4e98b91a2de5608d36b63c67864b9041d3340587f3dbe40d2	cfa8dcf0d81c408de38d4202fe1ce9d9e5e301d1e67439c9530da94b1e64ee3f	7484d7b0dd80f45e18d726b04752827fe28555cc5c1af0e127948380e6688abf
semantic-proposal-v1	SC1-e1b7622e653e1784afe4cbe201f155019332c9b9f0c3e52c875d4e47b94d941a	S013171	1	P01	SYMBOLS.tsv	145996	selection_expression	x86_64	include/dt-bindings/leds/common.h	operative_macro	LED_COLOR_ID_MULTI	33	PENDING_REVIEW	SOURCE_REVIEWED_VALUE	COMPLETE	vendor/linux/include/dt-bindings/leds/common.h;vendor/linux/include/dt-bindings/leds/common.h:33;rewrite/configs/x86_64/frozen.config;header_closure=rewrite/metadata/header_closure.tsv;selected=PENDING_REVIEW	425f94c2954b1fe80ebdbf9b29854e89750355df	f370894314d3d608a6c204aeb27c4b8eda6aefec7b57be516a7d370de1e30093	7605a9b1ced9827c55b017ef1f5b436774e4fe3a6c3fed3f0a6ddd53218ac673	0123af9e96b58af4e98b91a2de5608d36b63c67864b9041d3340587f3dbe40d2	cfa8dcf0d81c408de38d4202fe1ce9d9e5e301d1e67439c9530da94b1e64ee3f	7484d7b0dd80f45e18d726b04752827fe28555cc5c1af0e127948380e6688abf
semantic-proposal-v1	SC1-0ea8e0dea0bcb9393bc43735ae1f035ca0828442596729485e8ae4c234ecbcf0	S013171	1	P01	SYMBOLS.tsv	145996	status	x86_64	include/dt-bindings/leds/common.h	operative_macro	LED_COLOR_ID_MULTI	33	PENDING_REVIEW	COMPLETE	COMPLETE	vendor/linux/include/dt-bindings/leds/common.h;vendor/linux/include/dt-bindings/leds/common.h:33;rewrite/configs/x86_64/frozen.config;header_closure=rewrite/metadata/header_closure.tsv;selected=PENDING_REVIEW	425f94c2954b1fe80ebdbf9b29854e89750355df	f370894314d3d608a6c204aeb27c4b8eda6aefec7b57be516a7d370de1e30093	7605a9b1ced9827c55b017ef1f5b436774e4fe3a6c3fed3f0a6ddd53218ac673	0123af9e96b58af4e98b91a2de5608d36b63c67864b9041d3340587f3dbe40d2	cfa8dcf0d81c408de38d4202fe1ce9d9e5e301d1e67439c9530da94b1e64ee3f	7484d7b0dd80f45e18d726b04752827fe28555cc5c1af0e127948380e6688abf
semantic-proposal-v1	SC1-48e2c522f25ffc4b7cf7052825136342de56d4d952048c42d3e6b7aa9fccb25e	S013171	1	P01	SYMBOLS.tsv	145997	selection_expression	x86_64	include/dt-bindings/leds/common.h	operative_macro	LED_COLOR_ID_RGB	34	PENDING_REVIEW	SOURCE_REVIEWED_VALUE	COMPLETE	vendor/linux/include/dt-bindings/leds/common.h;vendor/linux/include/dt-bindings/leds/common.h:34;rewrite/configs/x86_64/frozen.config;header_closure=rewrite/metadata/header_closure.tsv;selected=PENDING_REVIEW	425f94c2954b1fe80ebdbf9b29854e89750355df	f370894314d3d608a6c204aeb27c4b8eda6aefec7b57be516a7d370de1e30093	7605a9b1ced9827c55b017ef1f5b436774e4fe3a6c3fed3f0a6ddd53218ac673	0123af9e96b58af4e98b91a2de5608d36b63c67864b9041d3340587f3dbe40d2	cfa8dcf0d81c408de38d4202fe1ce9d9e5e301d1e67439c9530da94b1e64ee3f	7484d7b0dd80f45e18d726b04752827fe28555cc5c1af0e127948380e6688abf
semantic-proposal-v1	SC1-15489399350c077f4d15203024bbfff647f20a41ea86dcfe858c5091858dfe0d	S013171	1	P01	SYMBOLS.tsv	145997	status	x86_64	include/dt-bindings/leds/common.h	operative_macro	LED_COLOR_ID_RGB	34	PENDING_REVIEW	COMPLETE	COMPLETE	vendor/linux/include/dt-bindings/leds/common.h;vendor/linux/include/dt-bindings/leds/common.h:34;rewrite/configs/x86_64/frozen.config;header_closure=rewrite/metadata/header_closure.tsv;selected=PENDING_REVIEW	425f94c2954b1fe80ebdbf9b29854e89750355df	f370894314d3d608a6c204aeb27c4b8eda6aefec7b57be516a7d370de1e30093	7605a9b1ced9827c55b017ef1f5b436774e4fe3a6c3fed3f0a6ddd53218ac673	0123af9e96b58af4e98b91a2de5608d36b63c67864b9041d3340587f3dbe40d2	cfa8dcf0d81c408de38d4202fe1ce9d9e5e301d1e67439c9530da94b1e64ee3f	7484d7b0dd80f45e18d726b04752827fe28555cc5c1af0e127948380e6688abf
semantic-proposal-v1	SC1-ab9ef0485965f37e4b80f253374287bd6900955e659236bc95cc0691b971c589	S013171	1	P01	SYMBOLS.tsv	145998	selection_expression	x86_64	include/dt-bindings/leds/common.h	operative_macro	LED_COLOR_ID_PURPLE	36	PENDING_REVIEW	SOURCE_REVIEWED_VALUE	COMPLETE	vendor/linux/include/dt-bindings/leds/common.h;vendor/linux/include/dt-bindings/leds/common.h:36;rewrite/configs/x86_64/frozen.config;header_closure=rewrite/metadata/header_closure.tsv;selected=PENDING_REVIEW	425f94c2954b1fe80ebdbf9b29854e89750355df	f370894314d3d608a6c204aeb27c4b8eda6aefec7b57be516a7d370de1e30093	7605a9b1ced9827c55b017ef1f5b436774e4fe3a6c3fed3f0a6ddd53218ac673	0123af9e96b58af4e98b91a2de5608d36b63c67864b9041d3340587f3dbe40d2	cfa8dcf0d81c408de38d4202fe1ce9d9e5e301d1e67439c9530da94b1e64ee3f	7484d7b0dd80f45e18d726b04752827fe28555cc5c1af0e127948380e6688abf
semantic-proposal-v1	SC1-035d9cf354b85fc4b892599389256790f32cf164504c102c38607fb029ccea23	S013171	1	P01	SYMBOLS.tsv	145998	status	x86_64	include/dt-bindings/leds/common.h	operative_macro	LED_COLOR_ID_PURPLE	36	PENDING_REVIEW	COMPLETE	COMPLETE	vendor/linux/include/dt-bindings/leds/common.h;vendor/linux/include/dt-bindings/leds/common.h:36;rewrite/configs/x86_64/frozen.config;header_closure=rewrite/metadata/header_closure.tsv;selected=PENDING_REVIEW	425f94c2954b1fe80ebdbf9b29854e89750355df	f370894314d3d608a6c204aeb27c4b8eda6aefec7b57be516a7d370de1e30093	7605a9b1ced9827c55b017ef1f5b436774e4fe3a6c3fed3f0a6ddd53218ac673	0123af9e96b58af4e98b91a2de5608d36b63c67864b9041d3340587f3dbe40d2	cfa8dcf0d81c408de38d4202fe1ce9d9e5e301d1e67439c9530da94b1e64ee3f	7484d7b0dd80f45e18d726b04752827fe28555cc5c1af0e127948380e6688abf
semantic-proposal-v1	SC1-80f45ec89f217a9b4c1c1d648b2933c9abc9d3a537ad797060fdd81559f57bb4	S013171	1	P01	SYMBOLS.tsv	145999	selection_expression	x86_64	include/dt-bindings/leds/common.h	operative_macro	LED_COLOR_ID_ORANGE	37	PENDING_REVIEW	SOURCE_REVIEWED_VALUE	COMPLETE	vendor/linux/include/dt-bindings/leds/common.h;vendor/linux/include/dt-bindings/leds/common.h:37;rewrite/configs/x86_64/frozen.config;header_closure=rewrite/metadata/header_closure.tsv;selected=PENDING_REVIEW	425f94c2954b1fe80ebdbf9b29854e89750355df	f370894314d3d608a6c204aeb27c4b8eda6aefec7b57be516a7d370de1e30093	7605a9b1ced9827c55b017ef1f5b436774e4fe3a6c3fed3f0a6ddd53218ac673	0123af9e96b58af4e98b91a2de5608d36b63c67864b9041d3340587f3dbe40d2	cfa8dcf0d81c408de38d4202fe1ce9d9e5e301d1e67439c9530da94b1e64ee3f	7484d7b0dd80f45e18d726b04752827fe28555cc5c1af0e127948380e6688abf
semantic-proposal-v1	SC1-72886fb62ee53bd303d85f5327ac6901a45aac1cce76943ea59d7f78a0af70fc	S013171	1	P01	SYMBOLS.tsv	145999	status	x86_64	include/dt-bindings/leds/common.h	operative_macro	LED_COLOR_ID_ORANGE	37	PENDING_REVIEW	COMPLETE	COMPLETE	vendor/linux/include/dt-bindings/leds/common.h;vendor/linux/include/dt-bindings/leds/common.h:37;rewrite/configs/x86_64/frozen.config;header_closure=rewrite/metadata/header_closure.tsv;selected=PENDING_REVIEW	425f94c2954b1fe80ebdbf9b29854e89750355df	f370894314d3d608a6c204aeb27c4b8eda6aefec7b57be516a7d370de1e30093	7605a9b1ced9827c55b017ef1f5b436774e4fe3a6c3fed3f0a6ddd53218ac673	0123af9e96b58af4e98b91a2de5608d36b63c67864b9041d3340587f3dbe40d2	cfa8dcf0d81c408de38d4202fe1ce9d9e5e301d1e67439c9530da94b1e64ee3f	7484d7b0dd80f45e18d726b04752827fe28555cc5c1af0e127948380e6688abf
semantic-proposal-v1	SC1-ecf32e7a1a6dbe45b8691f04a33f065f3cefc6045a83ffc5eba02fcc8fb46438	S013171	1	P01	SYMBOLS.tsv	146000	selection_expression	x86_64	include/dt-bindings/leds/common.h	operative_macro	LED_COLOR_ID_PINK	38	PENDING_REVIEW	SOURCE_REVIEWED_VALUE	COMPLETE	vendor/linux/include/dt-bindings/leds/common.h;vendor/linux/include/dt-bindings/leds/common.h:38;rewrite/configs/x86_64/frozen.config;header_closure=rewrite/metadata/header_closure.tsv;selected=PENDING_REVIEW	425f94c2954b1fe80ebdbf9b29854e89750355df	f370894314d3d608a6c204aeb27c4b8eda6aefec7b57be516a7d370de1e30093	7605a9b1ced9827c55b017ef1f5b436774e4fe3a6c3fed3f0a6ddd53218ac673	0123af9e96b58af4e98b91a2de5608d36b63c67864b9041d3340587f3dbe40d2	cfa8dcf0d81c408de38d4202fe1ce9d9e5e301d1e67439c9530da94b1e64ee3f	7484d7b0dd80f45e18d726b04752827fe28555cc5c1af0e127948380e6688abf
semantic-proposal-v1	SC1-b0fdd75eef0dd1318ee05b1b27c78be73b096fad1521972991b32a5c03c00d99	S013171	1	P01	SYMBOLS.tsv	146000	status	x86_64	include/dt-bindings/leds/common.h	operative_macro	LED_COLOR_ID_PINK	38	PENDING_REVIEW	COMPLETE	COMPLETE	vendor/linux/include/dt-bindings/leds/common.h;vendor/linux/include/dt-bindings/leds/common.h:38;rewrite/configs/x86_64/frozen.config;header_closure=rewrite/metadata/header_closure.tsv;selected=PENDING_REVIEW	425f94c2954b1fe80ebdbf9b29854e89750355df	f370894314d3d608a6c204aeb27c4b8eda6aefec7b57be516a7d370de1e30093	7605a9b1ced9827c55b017ef1f5b436774e4fe3a6c3fed3f0a6ddd53218ac673	0123af9e96b58af4e98b91a2de5608d36b63c67864b9041d3340587f3dbe40d2	cfa8dcf0d81c408de38d4202fe1ce9d9e5e301d1e67439c9530da94b1e64ee3f	7484d7b0dd80f45e18d726b04752827fe28555cc5c1af0e127948380e6688abf
semantic-proposal-v1	SC1-cdc6d774b0b7a6c098873b2fd82516c52d9e5147ded048644f360dfbde37e4c2	S013171	1	P01	SYMBOLS.tsv	146001	selection_expression	x86_64	include/dt-bindings/leds/common.h	operative_macro	LED_COLOR_ID_CYAN	39	PENDING_REVIEW	SOURCE_REVIEWED_VALUE	COMPLETE	vendor/linux/include/dt-bindings/leds/common.h;vendor/linux/include/dt-bindings/leds/common.h:39;rewrite/configs/x86_64/frozen.config;header_closure=rewrite/metadata/header_closure.tsv;selected=PENDING_REVIEW	425f94c2954b1fe80ebdbf9b29854e89750355df	f370894314d3d608a6c204aeb27c4b8eda6aefec7b57be516a7d370de1e30093	7605a9b1ced9827c55b017ef1f5b436774e4fe3a6c3fed3f0a6ddd53218ac673	0123af9e96b58af4e98b91a2de5608d36b63c67864b9041d3340587f3dbe40d2	cfa8dcf0d81c408de38d4202fe1ce9d9e5e301d1e67439c9530da94b1e64ee3f	7484d7b0dd80f45e18d726b04752827fe28555cc5c1af0e127948380e6688abf
semantic-proposal-v1	SC1-4f5258a2d3c1ea9c5dcf4c28fa88626734675f7b66f82250272d4e9484857f82	S013171	1	P01	SYMBOLS.tsv	146001	status	x86_64	include/dt-bindings/leds/common.h	operative_macro	LED_COLOR_ID_CYAN	39	PENDING_REVIEW	COMPLETE	COMPLETE	vendor/linux/include/dt-bindings/leds/common.h;vendor/linux/include/dt-bindings/leds/common.h:39;rewrite/configs/x86_64/frozen.config;header_closure=rewrite/metadata/header_closure.tsv;selected=PENDING_REVIEW	425f94c2954b1fe80ebdbf9b29854e89750355df	f370894314d3d608a6c204aeb27c4b8eda6aefec7b57be516a7d370de1e30093	7605a9b1ced9827c55b017ef1f5b436774e4fe3a6c3fed3f0a6ddd53218ac673	0123af9e96b58af4e98b91a2de5608d36b63c67864b9041d3340587f3dbe40d2	cfa8dcf0d81c408de38d4202fe1ce9d9e5e301d1e67439c9530da94b1e64ee3f	7484d7b0dd80f45e18d726b04752827fe28555cc5c1af0e127948380e6688abf
semantic-proposal-v1	SC1-308a6db05118f81d19675327d69df00cc8ba6dc7a88aba73587c46c2a3ecb467	S013171	1	P01	SYMBOLS.tsv	146002	selection_expression	x86_64	include/dt-bindings/leds/common.h	operative_macro	LED_COLOR_ID_LIME	40	PENDING_REVIEW	SOURCE_REVIEWED_VALUE	COMPLETE	vendor/linux/include/dt-bindings/leds/common.h;vendor/linux/include/dt-bindings/leds/common.h:40;rewrite/configs/x86_64/frozen.config;header_closure=rewrite/metadata/header_closure.tsv;selected=PENDING_REVIEW	425f94c2954b1fe80ebdbf9b29854e89750355df	f370894314d3d608a6c204aeb27c4b8eda6aefec7b57be516a7d370de1e30093	7605a9b1ced9827c55b017ef1f5b436774e4fe3a6c3fed3f0a6ddd53218ac673	0123af9e96b58af4e98b91a2de5608d36b63c67864b9041d3340587f3dbe40d2	cfa8dcf0d81c408de38d4202fe1ce9d9e5e301d1e67439c9530da94b1e64ee3f	7484d7b0dd80f45e18d726b04752827fe28555cc5c1af0e127948380e6688abf
semantic-proposal-v1	SC1-88975ca99b0bb5ec3d8dd7a08058a84436a365dc1035ebf4d055b16efa2be211	S013171	1	P01	SYMBOLS.tsv	146002	status	x86_64	include/dt-bindings/leds/common.h	operative_macro	LED_COLOR_ID_LIME	40	PENDING_REVIEW	COMPLETE	COMPLETE	vendor/linux/include/dt-bindings/leds/common.h;vendor/linux/include/dt-bindings/leds/common.h:40;rewrite/configs/x86_64/frozen.config;header_closure=rewrite/metadata/header_closure.tsv;selected=PENDING_REVIEW	425f94c2954b1fe80ebdbf9b29854e89750355df	f370894314d3d608a6c204aeb27c4b8eda6aefec7b57be516a7d370de1e30093	7605a9b1ced9827c55b017ef1f5b436774e4fe3a6c3fed3f0a6ddd53218ac673	0123af9e96b58af4e98b91a2de5608d36b63c67864b9041d3340587f3dbe40d2	cfa8dcf0d81c408de38d4202fe1ce9d9e5e301d1e67439c9530da94b1e64ee3f	7484d7b0dd80f45e18d726b04752827fe28555cc5c1af0e127948380e6688abf
semantic-proposal-v1	SC1-dbf666ad3392eb90c68f133db5ce4a384647637897bb811e85b57cf8496191f9	S013171	1	P01	SYMBOLS.tsv	146003	selection_expression	x86_64	include/dt-bindings/leds/common.h	operative_macro	LED_COLOR_ID_MAX	41	PENDING_REVIEW	SOURCE_REVIEWED_VALUE	COMPLETE	vendor/linux/include/dt-bindings/leds/common.h;vendor/linux/include/dt-bindings/leds/common.h:41;rewrite/configs/x86_64/frozen.config;header_closure=rewrite/metadata/header_closure.tsv;selected=PENDING_REVIEW	425f94c2954b1fe80ebdbf9b29854e89750355df	f370894314d3d608a6c204aeb27c4b8eda6aefec7b57be516a7d370de1e30093	7605a9b1ced9827c55b017ef1f5b436774e4fe3a6c3fed3f0a6ddd53218ac673	0123af9e96b58af4e98b91a2de5608d36b63c67864b9041d3340587f3dbe40d2	cfa8dcf0d81c408de38d4202fe1ce9d9e5e301d1e67439c9530da94b1e64ee3f	7484d7b0dd80f45e18d726b04752827fe28555cc5c1af0e127948380e6688abf
semantic-proposal-v1	SC1-6fd5da3cd5ef48ba4e9d1474cc702a3ad9352b349dd8dec6ccaf2743246677fe	S013171	1	P01	SYMBOLS.tsv	146003	status	x86_64	include/dt-bindings/leds/common.h	operative_macro	LED_COLOR_ID_MAX	41	PENDING_REVIEW	COMPLETE	COMPLETE	vendor/linux/include/dt-bindings/leds/common.h;vendor/linux/include/dt-bindings/leds/common.h:41;rewrite/configs/x86_64/frozen.config;header_closure=rewrite/metadata/header_closure.tsv;selected=PENDING_REVIEW	425f94c2954b1fe80ebdbf9b29854e89750355df	f370894314d3d608a6c204aeb27c4b8eda6aefec7b57be516a7d370de1e30093	7605a9b1ced9827c55b017ef1f5b436774e4fe3a6c3fed3f0a6ddd53218ac673	0123af9e96b58af4e98b91a2de5608d36b63c67864b9041d3340587f3dbe40d2	cfa8dcf0d81c408de38d4202fe1ce9d9e5e301d1e67439c9530da94b1e64ee3f	7484d7b0dd80f45e18d726b04752827fe28555cc5c1af0e127948380e6688abf
semantic-proposal-v1	SC1-fbe9f5a15d6fc862a7312555a105e36ecfda11801c141d4d4c9647b9191ca899	S013171	1	P01	SYMBOLS.tsv	146004	selection_expression	x86_64	include/dt-bindings/leds/common.h	operative_macro	LED_FUNCTION_CAPSLOCK	46	PENDING_REVIEW	SOURCE_REVIEWED_VALUE	COMPLETE	vendor/linux/include/dt-bindings/leds/common.h;vendor/linux/include/dt-bindings/leds/common.h:46;rewrite/configs/x86_64/frozen.config;header_closure=rewrite/metadata/header_closure.tsv;selected=PENDING_REVIEW	425f94c2954b1fe80ebdbf9b29854e89750355df	f370894314d3d608a6c204aeb27c4b8eda6aefec7b57be516a7d370de1e30093	7605a9b1ced9827c55b017ef1f5b436774e4fe3a6c3fed3f0a6ddd53218ac673	0123af9e96b58af4e98b91a2de5608d36b63c67864b9041d3340587f3dbe40d2	cfa8dcf0d81c408de38d4202fe1ce9d9e5e301d1e67439c9530da94b1e64ee3f	7484d7b0dd80f45e18d726b04752827fe28555cc5c1af0e127948380e6688abf
semantic-proposal-v1	SC1-d542b01fccbe591d8abaf3ad59ec446ae5695a0ce0074891b38e661560fc00d3	S013171	1	P01	SYMBOLS.tsv	146004	status	x86_64	include/dt-bindings/leds/common.h	operative_macro	LED_FUNCTION_CAPSLOCK	46	PENDING_REVIEW	COMPLETE	COMPLETE	vendor/linux/include/dt-bindings/leds/common.h;vendor/linux/include/dt-bindings/leds/common.h:46;rewrite/configs/x86_64/frozen.config;header_closure=rewrite/metadata/header_closure.tsv;selected=PENDING_REVIEW	425f94c2954b1fe80ebdbf9b29854e89750355df	f370894314d3d608a6c204aeb27c4b8eda6aefec7b57be516a7d370de1e30093	7605a9b1ced9827c55b017ef1f5b436774e4fe3a6c3fed3f0a6ddd53218ac673	0123af9e96b58af4e98b91a2de5608d36b63c67864b9041d3340587f3dbe40d2	cfa8dcf0d81c408de38d4202fe1ce9d9e5e301d1e67439c9530da94b1e64ee3f	7484d7b0dd80f45e18d726b04752827fe28555cc5c1af0e127948380e6688abf
semantic-proposal-v1	SC1-c8b3541d4fce832a683dbc212a378f9a00ca3b1fd5f2632199b163d1e98742c6	S013171	1	P01	SYMBOLS.tsv	146005	selection_expression	x86_64	include/dt-bindings/leds/common.h	operative_macro	LED_FUNCTION_SCROLLLOCK	47	PENDING_REVIEW	SOURCE_REVIEWED_VALUE	COMPLETE	vendor/linux/include/dt-bindings/leds/common.h;vendor/linux/include/dt-bindings/leds/common.h:47;rewrite/configs/x86_64/frozen.config;header_closure=rewrite/metadata/header_closure.tsv;selected=PENDING_REVIEW	425f94c2954b1fe80ebdbf9b29854e89750355df	f370894314d3d608a6c204aeb27c4b8eda6aefec7b57be516a7d370de1e30093	7605a9b1ced9827c55b017ef1f5b436774e4fe3a6c3fed3f0a6ddd53218ac673	0123af9e96b58af4e98b91a2de5608d36b63c67864b9041d3340587f3dbe40d2	cfa8dcf0d81c408de38d4202fe1ce9d9e5e301d1e67439c9530da94b1e64ee3f	7484d7b0dd80f45e18d726b04752827fe28555cc5c1af0e127948380e6688abf
semantic-proposal-v1	SC1-94d0b4fb785e0f9659f1bb9eb9d2ee9dc0cf1697a736705e2570cdefae8541ec	S013171	1	P01	SYMBOLS.tsv	146005	status	x86_64	include/dt-bindings/leds/common.h	operative_macro	LED_FUNCTION_SCROLLLOCK	47	PENDING_REVIEW	COMPLETE	COMPLETE	vendor/linux/include/dt-bindings/leds/common.h;vendor/linux/include/dt-bindings/leds/common.h:47;rewrite/configs/x86_64/frozen.config;header_closure=rewrite/metadata/header_closure.tsv;selected=PENDING_REVIEW	425f94c2954b1fe80ebdbf9b29854e89750355df	f370894314d3d608a6c204aeb27c4b8eda6aefec7b57be516a7d370de1e30093	7605a9b1ced9827c55b017ef1f5b436774e4fe3a6c3fed3f0a6ddd53218ac673	0123af9e96b58af4e98b91a2de5608d36b63c67864b9041d3340587f3dbe40d2	cfa8dcf0d81c408de38d4202fe1ce9d9e5e301d1e67439c9530da94b1e64ee3f	7484d7b0dd80f45e18d726b04752827fe28555cc5c1af0e127948380e6688abf
semantic-proposal-v1	SC1-49c33cd87fea2740bffd6a6a4c98769baaaeedd8f5d1e9a80349d0bd9fd0f36f	S013171	1	P01	SYMBOLS.tsv	146006	selection_expression	x86_64	include/dt-bindings/leds/common.h	operative_macro	LED_FUNCTION_NUMLOCK	48	PENDING_REVIEW	SOURCE_REVIEWED_VALUE	COMPLETE	vendor/linux/include/dt-bindings/leds/common.h;vendor/linux/include/dt-bindings/leds/common.h:48;rewrite/configs/x86_64/frozen.config;header_closure=rewrite/metadata/header_closure.tsv;selected=PENDING_REVIEW	425f94c2954b1fe80ebdbf9b29854e89750355df	f370894314d3d608a6c204aeb27c4b8eda6aefec7b57be516a7d370de1e30093	7605a9b1ced9827c55b017ef1f5b436774e4fe3a6c3fed3f0a6ddd53218ac673	0123af9e96b58af4e98b91a2de5608d36b63c67864b9041d3340587f3dbe40d2	cfa8dcf0d81c408de38d4202fe1ce9d9e5e301d1e67439c9530da94b1e64ee3f	7484d7b0dd80f45e18d726b04752827fe28555cc5c1af0e127948380e6688abf
semantic-proposal-v1	SC1-c3bcdb53b88751edadd779ba28f18d2c246a1512e32535339d383435bf91f62f	S013171	1	P01	SYMBOLS.tsv	146006	status	x86_64	include/dt-bindings/leds/common.h	operative_macro	LED_FUNCTION_NUMLOCK	48	PENDING_REVIEW	COMPLETE	COMPLETE	vendor/linux/include/dt-bindings/leds/common.h;vendor/linux/include/dt-bindings/leds/common.h:48;rewrite/configs/x86_64/frozen.config;header_closure=rewrite/metadata/header_closure.tsv;selected=PENDING_REVIEW	425f94c2954b1fe80ebdbf9b29854e89750355df	f370894314d3d608a6c204aeb27c4b8eda6aefec7b57be516a7d370de1e30093	7605a9b1ced9827c55b017ef1f5b436774e4fe3a6c3fed3f0a6ddd53218ac673	0123af9e96b58af4e98b91a2de5608d36b63c67864b9041d3340587f3dbe40d2	cfa8dcf0d81c408de38d4202fe1ce9d9e5e301d1e67439c9530da94b1e64ee3f	7484d7b0dd80f45e18d726b04752827fe28555cc5c1af0e127948380e6688abf
semantic-proposal-v1	SC1-e51b279dc8115e7cfea197d51a223e966e81898ae2d304f7d740b27a3480fc15	S013171	1	P01	SYMBOLS.tsv	146007	selection_expression	x86_64	include/dt-bindings/leds/common.h	operative_macro	LED_FUNCTION_FNLOCK	49	PENDING_REVIEW	SOURCE_REVIEWED_VALUE	COMPLETE	vendor/linux/include/dt-bindings/leds/common.h;vendor/linux/include/dt-bindings/leds/common.h:49;rewrite/configs/x86_64/frozen.config;header_closure=rewrite/metadata/header_closure.tsv;selected=PENDING_REVIEW	425f94c2954b1fe80ebdbf9b29854e89750355df	f370894314d3d608a6c204aeb27c4b8eda6aefec7b57be516a7d370de1e30093	7605a9b1ced9827c55b017ef1f5b436774e4fe3a6c3fed3f0a6ddd53218ac673	0123af9e96b58af4e98b91a2de5608d36b63c67864b9041d3340587f3dbe40d2	cfa8dcf0d81c408de38d4202fe1ce9d9e5e301d1e67439c9530da94b1e64ee3f	7484d7b0dd80f45e18d726b04752827fe28555cc5c1af0e127948380e6688abf
semantic-proposal-v1	SC1-09a712c54e8d693bdbff0ade553bbde9ae057d17344659ac9eac9a3a0f56baca	S013171	1	P01	SYMBOLS.tsv	146007	status	x86_64	include/dt-bindings/leds/common.h	operative_macro	LED_FUNCTION_FNLOCK	49	PENDING_REVIEW	COMPLETE	COMPLETE	vendor/linux/include/dt-bindings/leds/common.h;vendor/linux/include/dt-bindings/leds/common.h:49;rewrite/configs/x86_64/frozen.config;header_closure=rewrite/metadata/header_closure.tsv;selected=PENDING_REVIEW	425f94c2954b1fe80ebdbf9b29854e89750355df	f370894314d3d608a6c204aeb27c4b8eda6aefec7b57be516a7d370de1e30093	7605a9b1ced9827c55b017ef1f5b436774e4fe3a6c3fed3f0a6ddd53218ac673	0123af9e96b58af4e98b91a2de5608d36b63c67864b9041d3340587f3dbe40d2	cfa8dcf0d81c408de38d4202fe1ce9d9e5e301d1e67439c9530da94b1e64ee3f	7484d7b0dd80f45e18d726b04752827fe28555cc5c1af0e127948380e6688abf
semantic-proposal-v1	SC1-360b4820bf714a4e2533719e623999dc99f920ffe6a89a583b76072c3a68f5cb	S013171	1	P01	SYMBOLS.tsv	146008	selection_expression	x86_64	include/dt-bindings/leds/common.h	operative_macro	LED_FUNCTION_KBD_BACKLIGHT	52	PENDING_REVIEW	SOURCE_REVIEWED_VALUE	COMPLETE	vendor/linux/include/dt-bindings/leds/common.h;vendor/linux/include/dt-bindings/leds/common.h:52;rewrite/configs/x86_64/frozen.config;header_closure=rewrite/metadata/header_closure.tsv;selected=PENDING_REVIEW	425f94c2954b1fe80ebdbf9b29854e89750355df	f370894314d3d608a6c204aeb27c4b8eda6aefec7b57be516a7d370de1e30093	7605a9b1ced9827c55b017ef1f5b436774e4fe3a6c3fed3f0a6ddd53218ac673	0123af9e96b58af4e98b91a2de5608d36b63c67864b9041d3340587f3dbe40d2	cfa8dcf0d81c408de38d4202fe1ce9d9e5e301d1e67439c9530da94b1e64ee3f	7484d7b0dd80f45e18d726b04752827fe28555cc5c1af0e127948380e6688abf
semantic-proposal-v1	SC1-07c163cb91965424215bc397584176e680b4b464a1b63966bdbd43872a08425d	S013171	1	P01	SYMBOLS.tsv	146008	status	x86_64	include/dt-bindings/leds/common.h	operative_macro	LED_FUNCTION_KBD_BACKLIGHT	52	PENDING_REVIEW	COMPLETE	COMPLETE	vendor/linux/include/dt-bindings/leds/common.h;vendor/linux/include/dt-bindings/leds/common.h:52;rewrite/configs/x86_64/frozen.config;header_closure=rewrite/metadata/header_closure.tsv;selected=PENDING_REVIEW	425f94c2954b1fe80ebdbf9b29854e89750355df	f370894314d3d608a6c204aeb27c4b8eda6aefec7b57be516a7d370de1e30093	7605a9b1ced9827c55b017ef1f5b436774e4fe3a6c3fed3f0a6ddd53218ac673	0123af9e96b58af4e98b91a2de5608d36b63c67864b9041d3340587f3dbe40d2	cfa8dcf0d81c408de38d4202fe1ce9d9e5e301d1e67439c9530da94b1e64ee3f	7484d7b0dd80f45e18d726b04752827fe28555cc5c1af0e127948380e6688abf
semantic-proposal-v1	SC1-a52189107a87d869b4f7fca75a789446cacd64d7b755d8d1c1800a039c3d63a8	S013171	1	P01	SYMBOLS.tsv	146009	selection_expression	x86_64	include/dt-bindings/leds/common.h	operative_macro	LED_FUNCTION_POWER	56	PENDING_REVIEW	SOURCE_REVIEWED_VALUE	COMPLETE	vendor/linux/include/dt-bindings/leds/common.h;vendor/linux/include/dt-bindings/leds/common.h:56;rewrite/configs/x86_64/frozen.config;header_closure=rewrite/metadata/header_closure.tsv;selected=PENDING_REVIEW	425f94c2954b1fe80ebdbf9b29854e89750355df	f370894314d3d608a6c204aeb27c4b8eda6aefec7b57be516a7d370de1e30093	7605a9b1ced9827c55b017ef1f5b436774e4fe3a6c3fed3f0a6ddd53218ac673	0123af9e96b58af4e98b91a2de5608d36b63c67864b9041d3340587f3dbe40d2	cfa8dcf0d81c408de38d4202fe1ce9d9e5e301d1e67439c9530da94b1e64ee3f	7484d7b0dd80f45e18d726b04752827fe28555cc5c1af0e127948380e6688abf
semantic-proposal-v1	SC1-8b9ab751211a6ba39f9bfa266795ece86a4b95dc622098690d034f8c57f7500a	S013171	1	P01	SYMBOLS.tsv	146009	status	x86_64	include/dt-bindings/leds/common.h	operative_macro	LED_FUNCTION_POWER	56	PENDING_REVIEW	COMPLETE	COMPLETE	vendor/linux/include/dt-bindings/leds/common.h;vendor/linux/include/dt-bindings/leds/common.h:56;rewrite/configs/x86_64/frozen.config;header_closure=rewrite/metadata/header_closure.tsv;selected=PENDING_REVIEW	425f94c2954b1fe80ebdbf9b29854e89750355df	f370894314d3d608a6c204aeb27c4b8eda6aefec7b57be516a7d370de1e30093	7605a9b1ced9827c55b017ef1f5b436774e4fe3a6c3fed3f0a6ddd53218ac673	0123af9e96b58af4e98b91a2de5608d36b63c67864b9041d3340587f3dbe40d2	cfa8dcf0d81c408de38d4202fe1ce9d9e5e301d1e67439c9530da94b1e64ee3f	7484d7b0dd80f45e18d726b04752827fe28555cc5c1af0e127948380e6688abf
semantic-proposal-v1	SC1-d8c47ef13104e1201dc914c0ceac4672b6bb6b956152044e7cf93551f8e4fa53	S013171	1	P01	SYMBOLS.tsv	146010	selection_expression	x86_64	include/dt-bindings/leds/common.h	operative_macro	LED_FUNCTION_DISK	57	PENDING_REVIEW	SOURCE_REVIEWED_VALUE	COMPLETE	vendor/linux/include/dt-bindings/leds/common.h;vendor/linux/include/dt-bindings/leds/common.h:57;rewrite/configs/x86_64/frozen.config;header_closure=rewrite/metadata/header_closure.tsv;selected=PENDING_REVIEW	425f94c2954b1fe80ebdbf9b29854e89750355df	f370894314d3d608a6c204aeb27c4b8eda6aefec7b57be516a7d370de1e30093	7605a9b1ced9827c55b017ef1f5b436774e4fe3a6c3fed3f0a6ddd53218ac673	0123af9e96b58af4e98b91a2de5608d36b63c67864b9041d3340587f3dbe40d2	cfa8dcf0d81c408de38d4202fe1ce9d9e5e301d1e67439c9530da94b1e64ee3f	7484d7b0dd80f45e18d726b04752827fe28555cc5c1af0e127948380e6688abf
semantic-proposal-v1	SC1-fc689444092d4dcef68fa5bd7c4fc763b0e3c5bbd64219cbdab6ae5df807e4a3	S013171	1	P01	SYMBOLS.tsv	146010	status	x86_64	include/dt-bindings/leds/common.h	operative_macro	LED_FUNCTION_DISK	57	PENDING_REVIEW	COMPLETE	COMPLETE	vendor/linux/include/dt-bindings/leds/common.h;vendor/linux/include/dt-bindings/leds/common.h:57;rewrite/configs/x86_64/frozen.config;header_closure=rewrite/metadata/header_closure.tsv;selected=PENDING_REVIEW	425f94c2954b1fe80ebdbf9b29854e89750355df	f370894314d3d608a6c204aeb27c4b8eda6aefec7b57be516a7d370de1e30093	7605a9b1ced9827c55b017ef1f5b436774e4fe3a6c3fed3f0a6ddd53218ac673	0123af9e96b58af4e98b91a2de5608d36b63c67864b9041d3340587f3dbe40d2	cfa8dcf0d81c408de38d4202fe1ce9d9e5e301d1e67439c9530da94b1e64ee3f	7484d7b0dd80f45e18d726b04752827fe28555cc5c1af0e127948380e6688abf
semantic-proposal-v1	SC1-0c8281c4df03785e64327407d844674e18c7efd4353db53414af7b38db37955c	S013171	1	P01	SYMBOLS.tsv	146011	selection_expression	x86_64	include/dt-bindings/leds/common.h	operative_macro	LED_FUNCTION_CHARGING	60	PENDING_REVIEW	SOURCE_REVIEWED_VALUE	COMPLETE	vendor/linux/include/dt-bindings/leds/common.h;vendor/linux/include/dt-bindings/leds/common.h:60;rewrite/configs/x86_64/frozen.config;header_closure=rewrite/metadata/header_closure.tsv;selected=PENDING_REVIEW	425f94c2954b1fe80ebdbf9b29854e89750355df	f370894314d3d608a6c204aeb27c4b8eda6aefec7b57be516a7d370de1e30093	7605a9b1ced9827c55b017ef1f5b436774e4fe3a6c3fed3f0a6ddd53218ac673	0123af9e96b58af4e98b91a2de5608d36b63c67864b9041d3340587f3dbe40d2	cfa8dcf0d81c408de38d4202fe1ce9d9e5e301d1e67439c9530da94b1e64ee3f	7484d7b0dd80f45e18d726b04752827fe28555cc5c1af0e127948380e6688abf
semantic-proposal-v1	SC1-bafc22e1f378f458873a9c247f1a24641dfa66b07dda9ea762df8c70c13c3641	S013171	1	P01	SYMBOLS.tsv	146011	status	x86_64	include/dt-bindings/leds/common.h	operative_macro	LED_FUNCTION_CHARGING	60	PENDING_REVIEW	COMPLETE	COMPLETE	vendor/linux/include/dt-bindings/leds/common.h;vendor/linux/include/dt-bindings/leds/common.h:60;rewrite/configs/x86_64/frozen.config;header_closure=rewrite/metadata/header_closure.tsv;selected=PENDING_REVIEW	425f94c2954b1fe80ebdbf9b29854e89750355df	f370894314d3d608a6c204aeb27c4b8eda6aefec7b57be516a7d370de1e30093	7605a9b1ced9827c55b017ef1f5b436774e4fe3a6c3fed3f0a6ddd53218ac673	0123af9e96b58af4e98b91a2de5608d36b63c67864b9041d3340587f3dbe40d2	cfa8dcf0d81c408de38d4202fe1ce9d9e5e301d1e67439c9530da94b1e64ee3f	7484d7b0dd80f45e18d726b04752827fe28555cc5c1af0e127948380e6688abf
semantic-proposal-v1	SC1-5408ea350fdae7839215f318757745c8d6b344e2760f3a0e816dc89e7772eecc	S013171	1	P01	SYMBOLS.tsv	146012	selection_expression	x86_64	include/dt-bindings/leds/common.h	operative_macro	LED_FUNCTION_STATUS	64	PENDING_REVIEW	SOURCE_REVIEWED_VALUE	COMPLETE	vendor/linux/include/dt-bindings/leds/common.h;vendor/linux/include/dt-bindings/leds/common.h:64;rewrite/configs/x86_64/frozen.config;header_closure=rewrite/metadata/header_closure.tsv;selected=PENDING_REVIEW	425f94c2954b1fe80ebdbf9b29854e89750355df	f370894314d3d608a6c204aeb27c4b8eda6aefec7b57be516a7d370de1e30093	7605a9b1ced9827c55b017ef1f5b436774e4fe3a6c3fed3f0a6ddd53218ac673	0123af9e96b58af4e98b91a2de5608d36b63c67864b9041d3340587f3dbe40d2	cfa8dcf0d81c408de38d4202fe1ce9d9e5e301d1e67439c9530da94b1e64ee3f	7484d7b0dd80f45e18d726b04752827fe28555cc5c1af0e127948380e6688abf
semantic-proposal-v1	SC1-1256b00ee1dfc54ad9625c525951c014f09495d25a8311e81d2e2a199a101e38	S013171	1	P01	SYMBOLS.tsv	146012	status	x86_64	include/dt-bindings/leds/common.h	operative_macro	LED_FUNCTION_STATUS	64	PENDING_REVIEW	COMPLETE	COMPLETE	vendor/linux/include/dt-bindings/leds/common.h;vendor/linux/include/dt-bindings/leds/common.h:64;rewrite/configs/x86_64/frozen.config;header_closure=rewrite/metadata/header_closure.tsv;selected=PENDING_REVIEW	425f94c2954b1fe80ebdbf9b29854e89750355df	f370894314d3d608a6c204aeb27c4b8eda6aefec7b57be516a7d370de1e30093	7605a9b1ced9827c55b017ef1f5b436774e4fe3a6c3fed3f0a6ddd53218ac673	0123af9e96b58af4e98b91a2de5608d36b63c67864b9041d3340587f3dbe40d2	cfa8dcf0d81c408de38d4202fe1ce9d9e5e301d1e67439c9530da94b1e64ee3f	7484d7b0dd80f45e18d726b04752827fe28555cc5c1af0e127948380e6688abf
semantic-proposal-v1	SC1-f10f66658cf361ebc476f71f204c1790f9196944731326bbcfe93078b3b3f58e	S013171	1	P01	SYMBOLS.tsv	146013	selection_expression	x86_64	include/dt-bindings/leds/common.h	operative_macro	LED_FUNCTION_MICMUTE	66	PENDING_REVIEW	SOURCE_REVIEWED_VALUE	COMPLETE	vendor/linux/include/dt-bindings/leds/common.h;vendor/linux/include/dt-bindings/leds/common.h:66;rewrite/configs/x86_64/frozen.config;header_closure=rewrite/metadata/header_closure.tsv;selected=PENDING_REVIEW	425f94c2954b1fe80ebdbf9b29854e89750355df	f370894314d3d608a6c204aeb27c4b8eda6aefec7b57be516a7d370de1e30093	7605a9b1ced9827c55b017ef1f5b436774e4fe3a6c3fed3f0a6ddd53218ac673	0123af9e96b58af4e98b91a2de5608d36b63c67864b9041d3340587f3dbe40d2	cfa8dcf0d81c408de38d4202fe1ce9d9e5e301d1e67439c9530da94b1e64ee3f	7484d7b0dd80f45e18d726b04752827fe28555cc5c1af0e127948380e6688abf
semantic-proposal-v1	SC1-e47e30adbdd8370b4ce653d8b0666c6ce52f210732d0442b43a3590190e52133	S013171	1	P01	SYMBOLS.tsv	146013	status	x86_64	include/dt-bindings/leds/common.h	operative_macro	LED_FUNCTION_MICMUTE	66	PENDING_REVIEW	COMPLETE	COMPLETE	vendor/linux/include/dt-bindings/leds/common.h;vendor/linux/include/dt-bindings/leds/common.h:66;rewrite/configs/x86_64/frozen.config;header_closure=rewrite/metadata/header_closure.tsv;selected=PENDING_REVIEW	425f94c2954b1fe80ebdbf9b29854e89750355df	f370894314d3d608a6c204aeb27c4b8eda6aefec7b57be516a7d370de1e30093	7605a9b1ced9827c55b017ef1f5b436774e4fe3a6c3fed3f0a6ddd53218ac673	0123af9e96b58af4e98b91a2de5608d36b63c67864b9041d3340587f3dbe40d2	cfa8dcf0d81c408de38d4202fe1ce9d9e5e301d1e67439c9530da94b1e64ee3f	7484d7b0dd80f45e18d726b04752827fe28555cc5c1af0e127948380e6688abf
semantic-proposal-v1	SC1-0d8ce40b38568261f3d6dd152ba05abcae2baca72e3d7051a54cd0bb2a65483a	S013171	1	P01	SYMBOLS.tsv	146014	selection_expression	x86_64	include/dt-bindings/leds/common.h	operative_macro	LED_FUNCTION_MUTE	67	PENDING_REVIEW	SOURCE_REVIEWED_VALUE	COMPLETE	vendor/linux/include/dt-bindings/leds/common.h;vendor/linux/include/dt-bindings/leds/common.h:67;rewrite/configs/x86_64/frozen.config;header_closure=rewrite/metadata/header_closure.tsv;selected=PENDING_REVIEW	425f94c2954b1fe80ebdbf9b29854e89750355df	f370894314d3d608a6c204aeb27c4b8eda6aefec7b57be516a7d370de1e30093	7605a9b1ced9827c55b017ef1f5b436774e4fe3a6c3fed3f0a6ddd53218ac673	0123af9e96b58af4e98b91a2de5608d36b63c67864b9041d3340587f3dbe40d2	cfa8dcf0d81c408de38d4202fe1ce9d9e5e301d1e67439c9530da94b1e64ee3f	7484d7b0dd80f45e18d726b04752827fe28555cc5c1af0e127948380e6688abf
semantic-proposal-v1	SC1-3cdc6ffd0c4e7b2ccaa07aa4bc83b640e24e0703295abf24393f7637468b94b6	S013171	1	P01	SYMBOLS.tsv	146014	status	x86_64	include/dt-bindings/leds/common.h	operative_macro	LED_FUNCTION_MUTE	67	PENDING_REVIEW	COMPLETE	COMPLETE	vendor/linux/include/dt-bindings/leds/common.h;vendor/linux/include/dt-bindings/leds/common.h:67;rewrite/configs/x86_64/frozen.config;header_closure=rewrite/metadata/header_closure.tsv;selected=PENDING_REVIEW	425f94c2954b1fe80ebdbf9b29854e89750355df	f370894314d3d608a6c204aeb27c4b8eda6aefec7b57be516a7d370de1e30093	7605a9b1ced9827c55b017ef1f5b436774e4fe3a6c3fed3f0a6ddd53218ac673	0123af9e96b58af4e98b91a2de5608d36b63c67864b9041d3340587f3dbe40d2	cfa8dcf0d81c408de38d4202fe1ce9d9e5e301d1e67439c9530da94b1e64ee3f	7484d7b0dd80f45e18d726b04752827fe28555cc5c1af0e127948380e6688abf
semantic-proposal-v1	SC1-97be40be085385907a5627e418cc9ba9a72c662bd0dc92f6c2995bc3f3d08dac	S013171	1	P01	SYMBOLS.tsv	146015	selection_expression	x86_64	include/dt-bindings/leds/common.h	operative_macro	LED_FUNCTION_PLAYER1	70	PENDING_REVIEW	SOURCE_REVIEWED_VALUE	COMPLETE	vendor/linux/include/dt-bindings/leds/common.h;vendor/linux/include/dt-bindings/leds/common.h:70;rewrite/configs/x86_64/frozen.config;header_closure=rewrite/metadata/header_closure.tsv;selected=PENDING_REVIEW	425f94c2954b1fe80ebdbf9b29854e89750355df	f370894314d3d608a6c204aeb27c4b8eda6aefec7b57be516a7d370de1e30093	7605a9b1ced9827c55b017ef1f5b436774e4fe3a6c3fed3f0a6ddd53218ac673	0123af9e96b58af4e98b91a2de5608d36b63c67864b9041d3340587f3dbe40d2	cfa8dcf0d81c408de38d4202fe1ce9d9e5e301d1e67439c9530da94b1e64ee3f	7484d7b0dd80f45e18d726b04752827fe28555cc5c1af0e127948380e6688abf
semantic-proposal-v1	SC1-09324f88098795ef2bd3ad01dffd4c5d53e5e118422f524053b77116d428d0d3	S013171	1	P01	SYMBOLS.tsv	146015	status	x86_64	include/dt-bindings/leds/common.h	operative_macro	LED_FUNCTION_PLAYER1	70	PENDING_REVIEW	COMPLETE	COMPLETE	vendor/linux/include/dt-bindings/leds/common.h;vendor/linux/include/dt-bindings/leds/common.h:70;rewrite/configs/x86_64/frozen.config;header_closure=rewrite/metadata/header_closure.tsv;selected=PENDING_REVIEW	425f94c2954b1fe80ebdbf9b29854e89750355df	f370894314d3d608a6c204aeb27c4b8eda6aefec7b57be516a7d370de1e30093	7605a9b1ced9827c55b017ef1f5b436774e4fe3a6c3fed3f0a6ddd53218ac673	0123af9e96b58af4e98b91a2de5608d36b63c67864b9041d3340587f3dbe40d2	cfa8dcf0d81c408de38d4202fe1ce9d9e5e301d1e67439c9530da94b1e64ee3f	7484d7b0dd80f45e18d726b04752827fe28555cc5c1af0e127948380e6688abf
semantic-proposal-v1	SC1-a00d4fd6448bb54d63f16397312f22949a61a93907e2d1bbbf35f6f5fee76635	S013171	1	P01	SYMBOLS.tsv	146016	selection_expression	x86_64	include/dt-bindings/leds/common.h	operative_macro	LED_FUNCTION_PLAYER2	71	PENDING_REVIEW	SOURCE_REVIEWED_VALUE	COMPLETE	vendor/linux/include/dt-bindings/leds/common.h;vendor/linux/include/dt-bindings/leds/common.h:71;rewrite/configs/x86_64/frozen.config;header_closure=rewrite/metadata/header_closure.tsv;selected=PENDING_REVIEW	425f94c2954b1fe80ebdbf9b29854e89750355df	f370894314d3d608a6c204aeb27c4b8eda6aefec7b57be516a7d370de1e30093	7605a9b1ced9827c55b017ef1f5b436774e4fe3a6c3fed3f0a6ddd53218ac673	0123af9e96b58af4e98b91a2de5608d36b63c67864b9041d3340587f3dbe40d2	cfa8dcf0d81c408de38d4202fe1ce9d9e5e301d1e67439c9530da94b1e64ee3f	7484d7b0dd80f45e18d726b04752827fe28555cc5c1af0e127948380e6688abf
semantic-proposal-v1	SC1-d49b4936ace1fd2c4bf09ddb7dd64c37f0b18bc7853db3fffd62d3bb70542f63	S013171	1	P01	SYMBOLS.tsv	146016	status	x86_64	include/dt-bindings/leds/common.h	operative_macro	LED_FUNCTION_PLAYER2	71	PENDING_REVIEW	COMPLETE	COMPLETE	vendor/linux/include/dt-bindings/leds/common.h;vendor/linux/include/dt-bindings/leds/common.h:71;rewrite/configs/x86_64/frozen.config;header_closure=rewrite/metadata/header_closure.tsv;selected=PENDING_REVIEW	425f94c2954b1fe80ebdbf9b29854e89750355df	f370894314d3d608a6c204aeb27c4b8eda6aefec7b57be516a7d370de1e30093	7605a9b1ced9827c55b017ef1f5b436774e4fe3a6c3fed3f0a6ddd53218ac673	0123af9e96b58af4e98b91a2de5608d36b63c67864b9041d3340587f3dbe40d2	cfa8dcf0d81c408de38d4202fe1ce9d9e5e301d1e67439c9530da94b1e64ee3f	7484d7b0dd80f45e18d726b04752827fe28555cc5c1af0e127948380e6688abf
semantic-proposal-v1	SC1-f5986f54ebc67b93be051d01b001cb6ef158df56497a4e5a47d1304b7916c15c	S013171	1	P01	SYMBOLS.tsv	146017	selection_expression	x86_64	include/dt-bindings/leds/common.h	operative_macro	LED_FUNCTION_PLAYER3	72	PENDING_REVIEW	SOURCE_REVIEWED_VALUE	COMPLETE	vendor/linux/include/dt-bindings/leds/common.h;vendor/linux/include/dt-bindings/leds/common.h:72;rewrite/configs/x86_64/frozen.config;header_closure=rewrite/metadata/header_closure.tsv;selected=PENDING_REVIEW	425f94c2954b1fe80ebdbf9b29854e89750355df	f370894314d3d608a6c204aeb27c4b8eda6aefec7b57be516a7d370de1e30093	7605a9b1ced9827c55b017ef1f5b436774e4fe3a6c3fed3f0a6ddd53218ac673	0123af9e96b58af4e98b91a2de5608d36b63c67864b9041d3340587f3dbe40d2	cfa8dcf0d81c408de38d4202fe1ce9d9e5e301d1e67439c9530da94b1e64ee3f	7484d7b0dd80f45e18d726b04752827fe28555cc5c1af0e127948380e6688abf
semantic-proposal-v1	SC1-f7fb4fe20c40b9cc2e5f8f814f42548b1317c09cfbec8aad27fc94656596ea1c	S013171	1	P01	SYMBOLS.tsv	146017	status	x86_64	include/dt-bindings/leds/common.h	operative_macro	LED_FUNCTION_PLAYER3	72	PENDING_REVIEW	COMPLETE	COMPLETE	vendor/linux/include/dt-bindings/leds/common.h;vendor/linux/include/dt-bindings/leds/common.h:72;rewrite/configs/x86_64/frozen.config;header_closure=rewrite/metadata/header_closure.tsv;selected=PENDING_REVIEW	425f94c2954b1fe80ebdbf9b29854e89750355df	f370894314d3d608a6c204aeb27c4b8eda6aefec7b57be516a7d370de1e30093	7605a9b1ced9827c55b017ef1f5b436774e4fe3a6c3fed3f0a6ddd53218ac673	0123af9e96b58af4e98b91a2de5608d36b63c67864b9041d3340587f3dbe40d2	cfa8dcf0d81c408de38d4202fe1ce9d9e5e301d1e67439c9530da94b1e64ee3f	7484d7b0dd80f45e18d726b04752827fe28555cc5c1af0e127948380e6688abf
semantic-proposal-v1	SC1-0bf61c82d51a08d5fcbc4f4071bb1ac86fac289d83862e00d87f1000d6f195bc	S013171	1	P01	SYMBOLS.tsv	146018	selection_expression	x86_64	include/dt-bindings/leds/common.h	operative_macro	LED_FUNCTION_PLAYER4	73	PENDING_REVIEW	SOURCE_REVIEWED_VALUE	COMPLETE	vendor/linux/include/dt-bindings/leds/common.h;vendor/linux/include/dt-bindings/leds/common.h:73;rewrite/configs/x86_64/frozen.config;header_closure=rewrite/metadata/header_closure.tsv;selected=PENDING_REVIEW	425f94c2954b1fe80ebdbf9b29854e89750355df	f370894314d3d608a6c204aeb27c4b8eda6aefec7b57be516a7d370de1e30093	7605a9b1ced9827c55b017ef1f5b436774e4fe3a6c3fed3f0a6ddd53218ac673	0123af9e96b58af4e98b91a2de5608d36b63c67864b9041d3340587f3dbe40d2	cfa8dcf0d81c408de38d4202fe1ce9d9e5e301d1e67439c9530da94b1e64ee3f	7484d7b0dd80f45e18d726b04752827fe28555cc5c1af0e127948380e6688abf
semantic-proposal-v1	SC1-27ee05975ea03528dd676cfd2374277f2be129f553270dc7648666eb0529f723	S013171	1	P01	SYMBOLS.tsv	146018	status	x86_64	include/dt-bindings/leds/common.h	operative_macro	LED_FUNCTION_PLAYER4	73	PENDING_REVIEW	COMPLETE	COMPLETE	vendor/linux/include/dt-bindings/leds/common.h;vendor/linux/include/dt-bindings/leds/common.h:73;rewrite/configs/x86_64/frozen.config;header_closure=rewrite/metadata/header_closure.tsv;selected=PENDING_REVIEW	425f94c2954b1fe80ebdbf9b29854e89750355df	f370894314d3d608a6c204aeb27c4b8eda6aefec7b57be516a7d370de1e30093	7605a9b1ced9827c55b017ef1f5b436774e4fe3a6c3fed3f0a6ddd53218ac673	0123af9e96b58af4e98b91a2de5608d36b63c67864b9041d3340587f3dbe40d2	cfa8dcf0d81c408de38d4202fe1ce9d9e5e301d1e67439c9530da94b1e64ee3f	7484d7b0dd80f45e18d726b04752827fe28555cc5c1af0e127948380e6688abf
semantic-proposal-v1	SC1-0a51cb90f9a68fb4999368aa11cb0f3a6bd071722a307a891242bd0c7c0884a3	S013171	1	P01	SYMBOLS.tsv	146019	selection_expression	x86_64	include/dt-bindings/leds/common.h	operative_macro	LED_FUNCTION_PLAYER5	74	PENDING_REVIEW	SOURCE_REVIEWED_VALUE	COMPLETE	vendor/linux/include/dt-bindings/leds/common.h;vendor/linux/include/dt-bindings/leds/common.h:74;rewrite/configs/x86_64/frozen.config;header_closure=rewrite/metadata/header_closure.tsv;selected=PENDING_REVIEW	425f94c2954b1fe80ebdbf9b29854e89750355df	f370894314d3d608a6c204aeb27c4b8eda6aefec7b57be516a7d370de1e30093	7605a9b1ced9827c55b017ef1f5b436774e4fe3a6c3fed3f0a6ddd53218ac673	0123af9e96b58af4e98b91a2de5608d36b63c67864b9041d3340587f3dbe40d2	cfa8dcf0d81c408de38d4202fe1ce9d9e5e301d1e67439c9530da94b1e64ee3f	7484d7b0dd80f45e18d726b04752827fe28555cc5c1af0e127948380e6688abf
semantic-proposal-v1	SC1-f5aa278e31b2495b819d13e48c5273d9747462e0177841c706b9f9c2aeb640a1	S013171	1	P01	SYMBOLS.tsv	146019	status	x86_64	include/dt-bindings/leds/common.h	operative_macro	LED_FUNCTION_PLAYER5	74	PENDING_REVIEW	COMPLETE	COMPLETE	vendor/linux/include/dt-bindings/leds/common.h;vendor/linux/include/dt-bindings/leds/common.h:74;rewrite/configs/x86_64/frozen.config;header_closure=rewrite/metadata/header_closure.tsv;selected=PENDING_REVIEW	425f94c2954b1fe80ebdbf9b29854e89750355df	f370894314d3d608a6c204aeb27c4b8eda6aefec7b57be516a7d370de1e30093	7605a9b1ced9827c55b017ef1f5b436774e4fe3a6c3fed3f0a6ddd53218ac673	0123af9e96b58af4e98b91a2de5608d36b63c67864b9041d3340587f3dbe40d2	cfa8dcf0d81c408de38d4202fe1ce9d9e5e301d1e67439c9530da94b1e64ee3f	7484d7b0dd80f45e18d726b04752827fe28555cc5c1af0e127948380e6688abf
semantic-proposal-v1	SC1-0aaa92a85d160974f5434f538ede967faf955280caffc84f7e4d68761694c007	S013171	1	P01	SYMBOLS.tsv	146020	selection_expression	x86_64	include/dt-bindings/leds/common.h	operative_macro	LED_FUNCTION_ACTIVITY	77	PENDING_REVIEW	SOURCE_REVIEWED_VALUE	COMPLETE	vendor/linux/include/dt-bindings/leds/common.h;vendor/linux/include/dt-bindings/leds/common.h:77;rewrite/configs/x86_64/frozen.config;header_closure=rewrite/metadata/header_closure.tsv;selected=PENDING_REVIEW	425f94c2954b1fe80ebdbf9b29854e89750355df	f370894314d3d608a6c204aeb27c4b8eda6aefec7b57be516a7d370de1e30093	7605a9b1ced9827c55b017ef1f5b436774e4fe3a6c3fed3f0a6ddd53218ac673	0123af9e96b58af4e98b91a2de5608d36b63c67864b9041d3340587f3dbe40d2	cfa8dcf0d81c408de38d4202fe1ce9d9e5e301d1e67439c9530da94b1e64ee3f	7484d7b0dd80f45e18d726b04752827fe28555cc5c1af0e127948380e6688abf
semantic-proposal-v1	SC1-5c701e2696c205cf31a593c97b80c56310e96e02837771f6a20481ecba148bbb	S013171	1	P01	SYMBOLS.tsv	146020	status	x86_64	include/dt-bindings/leds/common.h	operative_macro	LED_FUNCTION_ACTIVITY	77	PENDING_REVIEW	COMPLETE	COMPLETE	vendor/linux/include/dt-bindings/leds/common.h;vendor/linux/include/dt-bindings/leds/common.h:77;rewrite/configs/x86_64/frozen.config;header_closure=rewrite/metadata/header_closure.tsv;selected=PENDING_REVIEW	425f94c2954b1fe80ebdbf9b29854e89750355df	f370894314d3d608a6c204aeb27c4b8eda6aefec7b57be516a7d370de1e30093	7605a9b1ced9827c55b017ef1f5b436774e4fe3a6c3fed3f0a6ddd53218ac673	0123af9e96b58af4e98b91a2de5608d36b63c67864b9041d3340587f3dbe40d2	cfa8dcf0d81c408de38d4202fe1ce9d9e5e301d1e67439c9530da94b1e64ee3f	7484d7b0dd80f45e18d726b04752827fe28555cc5c1af0e127948380e6688abf
semantic-proposal-v1	SC1-13d445374c55205bfad0b69744a9c31a8288a3bce980d51820d72b4d0a3ec2d5	S013171	1	P01	SYMBOLS.tsv	146021	selection_expression	x86_64	include/dt-bindings/leds/common.h	operative_macro	LED_FUNCTION_ALARM	78	PENDING_REVIEW	SOURCE_REVIEWED_VALUE	COMPLETE	vendor/linux/include/dt-bindings/leds/common.h;vendor/linux/include/dt-bindings/leds/common.h:78;rewrite/configs/x86_64/frozen.config;header_closure=rewrite/metadata/header_closure.tsv;selected=PENDING_REVIEW	425f94c2954b1fe80ebdbf9b29854e89750355df	f370894314d3d608a6c204aeb27c4b8eda6aefec7b57be516a7d370de1e30093	7605a9b1ced9827c55b017ef1f5b436774e4fe3a6c3fed3f0a6ddd53218ac673	0123af9e96b58af4e98b91a2de5608d36b63c67864b9041d3340587f3dbe40d2	cfa8dcf0d81c408de38d4202fe1ce9d9e5e301d1e67439c9530da94b1e64ee3f	7484d7b0dd80f45e18d726b04752827fe28555cc5c1af0e127948380e6688abf
semantic-proposal-v1	SC1-9b651a5f293965723f9b833165351006c5268fe35943dc7622211add37d840e9	S013171	1	P01	SYMBOLS.tsv	146021	status	x86_64	include/dt-bindings/leds/common.h	operative_macro	LED_FUNCTION_ALARM	78	PENDING_REVIEW	COMPLETE	COMPLETE	vendor/linux/include/dt-bindings/leds/common.h;vendor/linux/include/dt-bindings/leds/common.h:78;rewrite/configs/x86_64/frozen.config;header_closure=rewrite/metadata/header_closure.tsv;selected=PENDING_REVIEW	425f94c2954b1fe80ebdbf9b29854e89750355df	f370894314d3d608a6c204aeb27c4b8eda6aefec7b57be516a7d370de1e30093	7605a9b1ced9827c55b017ef1f5b436774e4fe3a6c3fed3f0a6ddd53218ac673	0123af9e96b58af4e98b91a2de5608d36b63c67864b9041d3340587f3dbe40d2	cfa8dcf0d81c408de38d4202fe1ce9d9e5e301d1e67439c9530da94b1e64ee3f	7484d7b0dd80f45e18d726b04752827fe28555cc5c1af0e127948380e6688abf
semantic-proposal-v1	SC1-399784361b70214956a49fde14bcccdf652d1479c39108d37f4ec45fe4184c04	S013171	1	P01	SYMBOLS.tsv	146022	selection_expression	x86_64	include/dt-bindings/leds/common.h	operative_macro	LED_FUNCTION_BACKLIGHT	79	PENDING_REVIEW	SOURCE_REVIEWED_VALUE	COMPLETE	vendor/linux/include/dt-bindings/leds/common.h;vendor/linux/include/dt-bindings/leds/common.h:79;rewrite/configs/x86_64/frozen.config;header_closure=rewrite/metadata/header_closure.tsv;selected=PENDING_REVIEW	425f94c2954b1fe80ebdbf9b29854e89750355df	f370894314d3d608a6c204aeb27c4b8eda6aefec7b57be516a7d370de1e30093	7605a9b1ced9827c55b017ef1f5b436774e4fe3a6c3fed3f0a6ddd53218ac673	0123af9e96b58af4e98b91a2de5608d36b63c67864b9041d3340587f3dbe40d2	cfa8dcf0d81c408de38d4202fe1ce9d9e5e301d1e67439c9530da94b1e64ee3f	7484d7b0dd80f45e18d726b04752827fe28555cc5c1af0e127948380e6688abf
semantic-proposal-v1	SC1-57ae3be51e9c2e40da3f5ae4438b9c6cf8fd587a3ac427887ad064fe80fa9e6e	S013171	1	P01	SYMBOLS.tsv	146022	status	x86_64	include/dt-bindings/leds/common.h	operative_macro	LED_FUNCTION_BACKLIGHT	79	PENDING_REVIEW	COMPLETE	COMPLETE	vendor/linux/include/dt-bindings/leds/common.h;vendor/linux/include/dt-bindings/leds/common.h:79;rewrite/configs/x86_64/frozen.config;header_closure=rewrite/metadata/header_closure.tsv;selected=PENDING_REVIEW	425f94c2954b1fe80ebdbf9b29854e89750355df	f370894314d3d608a6c204aeb27c4b8eda6aefec7b57be516a7d370de1e30093	7605a9b1ced9827c55b017ef1f5b436774e4fe3a6c3fed3f0a6ddd53218ac673	0123af9e96b58af4e98b91a2de5608d36b63c67864b9041d3340587f3dbe40d2	cfa8dcf0d81c408de38d4202fe1ce9d9e5e301d1e67439c9530da94b1e64ee3f	7484d7b0dd80f45e18d726b04752827fe28555cc5c1af0e127948380e6688abf
semantic-proposal-v1	SC1-f64c3dd7ee72f46558f37e8e993ed2548f941fee829d3867db67e1abc05612e7	S013171	1	P01	SYMBOLS.tsv	146023	selection_expression	x86_64	include/dt-bindings/leds/common.h	operative_macro	LED_FUNCTION_BLUETOOTH	80	PENDING_REVIEW	SOURCE_REVIEWED_VALUE	COMPLETE	vendor/linux/include/dt-bindings/leds/common.h;vendor/linux/include/dt-bindings/leds/common.h:80;rewrite/configs/x86_64/frozen.config;header_closure=rewrite/metadata/header_closure.tsv;selected=PENDING_REVIEW	425f94c2954b1fe80ebdbf9b29854e89750355df	f370894314d3d608a6c204aeb27c4b8eda6aefec7b57be516a7d370de1e30093	7605a9b1ced9827c55b017ef1f5b436774e4fe3a6c3fed3f0a6ddd53218ac673	0123af9e96b58af4e98b91a2de5608d36b63c67864b9041d3340587f3dbe40d2	cfa8dcf0d81c408de38d4202fe1ce9d9e5e301d1e67439c9530da94b1e64ee3f	7484d7b0dd80f45e18d726b04752827fe28555cc5c1af0e127948380e6688abf
semantic-proposal-v1	SC1-1f2ebab47f15e18495878ea6bbf09cf0441cf19c00fa61538f165abe9466db82	S013171	1	P01	SYMBOLS.tsv	146023	status	x86_64	include/dt-bindings/leds/common.h	operative_macro	LED_FUNCTION_BLUETOOTH	80	PENDING_REVIEW	COMPLETE	COMPLETE	vendor/linux/include/dt-bindings/leds/common.h;vendor/linux/include/dt-bindings/leds/common.h:80;rewrite/configs/x86_64/frozen.config;header_closure=rewrite/metadata/header_closure.tsv;selected=PENDING_REVIEW	425f94c2954b1fe80ebdbf9b29854e89750355df	f370894314d3d608a6c204aeb27c4b8eda6aefec7b57be516a7d370de1e30093	7605a9b1ced9827c55b017ef1f5b436774e4fe3a6c3fed3f0a6ddd53218ac673	0123af9e96b58af4e98b91a2de5608d36b63c67864b9041d3340587f3dbe40d2	cfa8dcf0d81c408de38d4202fe1ce9d9e5e301d1e67439c9530da94b1e64ee3f	7484d7b0dd80f45e18d726b04752827fe28555cc5c1af0e127948380e6688abf
semantic-proposal-v1	SC1-de07086208f2e4baad3c33c2785f64c89f922558ce071471bf41224b26ab7da5	S013171	1	P01	SYMBOLS.tsv	146024	selection_expression	x86_64	include/dt-bindings/leds/common.h	operative_macro	LED_FUNCTION_BOOT	81	PENDING_REVIEW	SOURCE_REVIEWED_VALUE	COMPLETE	vendor/linux/include/dt-bindings/leds/common.h;vendor/linux/include/dt-bindings/leds/common.h:81;rewrite/configs/x86_64/frozen.config;header_closure=rewrite/metadata/header_closure.tsv;selected=PENDING_REVIEW	425f94c2954b1fe80ebdbf9b29854e89750355df	f370894314d3d608a6c204aeb27c4b8eda6aefec7b57be516a7d370de1e30093	7605a9b1ced9827c55b017ef1f5b436774e4fe3a6c3fed3f0a6ddd53218ac673	0123af9e96b58af4e98b91a2de5608d36b63c67864b9041d3340587f3dbe40d2	cfa8dcf0d81c408de38d4202fe1ce9d9e5e301d1e67439c9530da94b1e64ee3f	7484d7b0dd80f45e18d726b04752827fe28555cc5c1af0e127948380e6688abf
semantic-proposal-v1	SC1-f24ee4ca467f192ad8556559ca6508b77663e4a3dd3978a1e5e282786b28bbc8	S013171	1	P01	SYMBOLS.tsv	146024	status	x86_64	include/dt-bindings/leds/common.h	operative_macro	LED_FUNCTION_BOOT	81	PENDING_REVIEW	COMPLETE	COMPLETE	vendor/linux/include/dt-bindings/leds/common.h;vendor/linux/include/dt-bindings/leds/common.h:81;rewrite/configs/x86_64/frozen.config;header_closure=rewrite/metadata/header_closure.tsv;selected=PENDING_REVIEW	425f94c2954b1fe80ebdbf9b29854e89750355df	f370894314d3d608a6c204aeb27c4b8eda6aefec7b57be516a7d370de1e30093	7605a9b1ced9827c55b017ef1f5b436774e4fe3a6c3fed3f0a6ddd53218ac673	0123af9e96b58af4e98b91a2de5608d36b63c67864b9041d3340587f3dbe40d2	cfa8dcf0d81c408de38d4202fe1ce9d9e5e301d1e67439c9530da94b1e64ee3f	7484d7b0dd80f45e18d726b04752827fe28555cc5c1af0e127948380e6688abf
semantic-proposal-v1	SC1-de1fa9e1bfd1ecaec685f63590ee664048557fe1c9028f435d803bf1d5bc1b8a	S013171	1	P01	SYMBOLS.tsv	146025	selection_expression	x86_64	include/dt-bindings/leds/common.h	operative_macro	LED_FUNCTION_CPU	82	PENDING_REVIEW	SOURCE_REVIEWED_VALUE	COMPLETE	vendor/linux/include/dt-bindings/leds/common.h;vendor/linux/include/dt-bindings/leds/common.h:82;rewrite/configs/x86_64/frozen.config;header_closure=rewrite/metadata/header_closure.tsv;selected=PENDING_REVIEW	425f94c2954b1fe80ebdbf9b29854e89750355df	f370894314d3d608a6c204aeb27c4b8eda6aefec7b57be516a7d370de1e30093	7605a9b1ced9827c55b017ef1f5b436774e4fe3a6c3fed3f0a6ddd53218ac673	0123af9e96b58af4e98b91a2de5608d36b63c67864b9041d3340587f3dbe40d2	cfa8dcf0d81c408de38d4202fe1ce9d9e5e301d1e67439c9530da94b1e64ee3f	7484d7b0dd80f45e18d726b04752827fe28555cc5c1af0e127948380e6688abf
semantic-proposal-v1	SC1-99b67a90746eb24ac911ee95e2fb9e4461af0971783289cbbe53ed6c129aeb47	S013171	1	P01	SYMBOLS.tsv	146025	status	x86_64	include/dt-bindings/leds/common.h	operative_macro	LED_FUNCTION_CPU	82	PENDING_REVIEW	COMPLETE	COMPLETE	vendor/linux/include/dt-bindings/leds/common.h;vendor/linux/include/dt-bindings/leds/common.h:82;rewrite/configs/x86_64/frozen.config;header_closure=rewrite/metadata/header_closure.tsv;selected=PENDING_REVIEW	425f94c2954b1fe80ebdbf9b29854e89750355df	f370894314d3d608a6c204aeb27c4b8eda6aefec7b57be516a7d370de1e30093	7605a9b1ced9827c55b017ef1f5b436774e4fe3a6c3fed3f0a6ddd53218ac673	0123af9e96b58af4e98b91a2de5608d36b63c67864b9041d3340587f3dbe40d2	cfa8dcf0d81c408de38d4202fe1ce9d9e5e301d1e67439c9530da94b1e64ee3f	7484d7b0dd80f45e18d726b04752827fe28555cc5c1af0e127948380e6688abf
semantic-proposal-v1	SC1-3ae096c6127b66ef6b3cc44ffc5d48a7a0a73542f4c6025aa5afd73cbe6f61cb	S013171	1	P01	SYMBOLS.tsv	146026	selection_expression	x86_64	include/dt-bindings/leds/common.h	operative_macro	LED_FUNCTION_DEBUG	83	PENDING_REVIEW	SOURCE_REVIEWED_VALUE	COMPLETE	vendor/linux/include/dt-bindings/leds/common.h;vendor/linux/include/dt-bindings/leds/common.h:83;rewrite/configs/x86_64/frozen.config;header_closure=rewrite/metadata/header_closure.tsv;selected=PENDING_REVIEW	425f94c2954b1fe80ebdbf9b29854e89750355df	f370894314d3d608a6c204aeb27c4b8eda6aefec7b57be516a7d370de1e30093	7605a9b1ced9827c55b017ef1f5b436774e4fe3a6c3fed3f0a6ddd53218ac673	0123af9e96b58af4e98b91a2de5608d36b63c67864b9041d3340587f3dbe40d2	cfa8dcf0d81c408de38d4202fe1ce9d9e5e301d1e67439c9530da94b1e64ee3f	7484d7b0dd80f45e18d726b04752827fe28555cc5c1af0e127948380e6688abf
semantic-proposal-v1	SC1-dc54306f59879074ec7327e15503f350d764ff564e175fd3842d4bbf8900f8d3	S013171	1	P01	SYMBOLS.tsv	146026	status	x86_64	include/dt-bindings/leds/common.h	operative_macro	LED_FUNCTION_DEBUG	83	PENDING_REVIEW	COMPLETE	COMPLETE	vendor/linux/include/dt-bindings/leds/common.h;vendor/linux/include/dt-bindings/leds/common.h:83;rewrite/configs/x86_64/frozen.config;header_closure=rewrite/metadata/header_closure.tsv;selected=PENDING_REVIEW	425f94c2954b1fe80ebdbf9b29854e89750355df	f370894314d3d608a6c204aeb27c4b8eda6aefec7b57be516a7d370de1e30093	7605a9b1ced9827c55b017ef1f5b436774e4fe3a6c3fed3f0a6ddd53218ac673	0123af9e96b58af4e98b91a2de5608d36b63c67864b9041d3340587f3dbe40d2	cfa8dcf0d81c408de38d4202fe1ce9d9e5e301d1e67439c9530da94b1e64ee3f	7484d7b0dd80f45e18d726b04752827fe28555cc5c1af0e127948380e6688abf
semantic-proposal-v1	SC1-be5ff2d3651b5e0c9a977f2cc3ecab08f810d22606628242eda2b73e006fc0dd	S013171	1	P01	SYMBOLS.tsv	146027	selection_expression	x86_64	include/dt-bindings/leds/common.h	operative_macro	LED_FUNCTION_DISK_ACTIVITY	84	PENDING_REVIEW	SOURCE_REVIEWED_VALUE	COMPLETE	vendor/linux/include/dt-bindings/leds/common.h;vendor/linux/include/dt-bindings/leds/common.h:84;rewrite/configs/x86_64/frozen.config;header_closure=rewrite/metadata/header_closure.tsv;selected=PENDING_REVIEW	425f94c2954b1fe80ebdbf9b29854e89750355df	f370894314d3d608a6c204aeb27c4b8eda6aefec7b57be516a7d370de1e30093	7605a9b1ced9827c55b017ef1f5b436774e4fe3a6c3fed3f0a6ddd53218ac673	0123af9e96b58af4e98b91a2de5608d36b63c67864b9041d3340587f3dbe40d2	cfa8dcf0d81c408de38d4202fe1ce9d9e5e301d1e67439c9530da94b1e64ee3f	7484d7b0dd80f45e18d726b04752827fe28555cc5c1af0e127948380e6688abf
semantic-proposal-v1	SC1-c9211cdfc2c5795f8cfd523a3ba1d5390d53830fb69397b4cb90df470742496a	S013171	1	P01	SYMBOLS.tsv	146027	status	x86_64	include/dt-bindings/leds/common.h	operative_macro	LED_FUNCTION_DISK_ACTIVITY	84	PENDING_REVIEW	COMPLETE	COMPLETE	vendor/linux/include/dt-bindings/leds/common.h;vendor/linux/include/dt-bindings/leds/common.h:84;rewrite/configs/x86_64/frozen.config;header_closure=rewrite/metadata/header_closure.tsv;selected=PENDING_REVIEW	425f94c2954b1fe80ebdbf9b29854e89750355df	f370894314d3d608a6c204aeb27c4b8eda6aefec7b57be516a7d370de1e30093	7605a9b1ced9827c55b017ef1f5b436774e4fe3a6c3fed3f0a6ddd53218ac673	0123af9e96b58af4e98b91a2de5608d36b63c67864b9041d3340587f3dbe40d2	cfa8dcf0d81c408de38d4202fe1ce9d9e5e301d1e67439c9530da94b1e64ee3f	7484d7b0dd80f45e18d726b04752827fe28555cc5c1af0e127948380e6688abf
semantic-proposal-v1	SC1-fb29df88bba790a37334a6e0a956a6c775854da579e4a98ca24ae0e05b8bbe22	S013171	1	P01	SYMBOLS.tsv	146028	selection_expression	x86_64	include/dt-bindings/leds/common.h	operative_macro	LED_FUNCTION_DISK_ERR	85	PENDING_REVIEW	SOURCE_REVIEWED_VALUE	COMPLETE	vendor/linux/include/dt-bindings/leds/common.h;vendor/linux/include/dt-bindings/leds/common.h:85;rewrite/configs/x86_64/frozen.config;header_closure=rewrite/metadata/header_closure.tsv;selected=PENDING_REVIEW	425f94c2954b1fe80ebdbf9b29854e89750355df	f370894314d3d608a6c204aeb27c4b8eda6aefec7b57be516a7d370de1e30093	7605a9b1ced9827c55b017ef1f5b436774e4fe3a6c3fed3f0a6ddd53218ac673	0123af9e96b58af4e98b91a2de5608d36b63c67864b9041d3340587f3dbe40d2	cfa8dcf0d81c408de38d4202fe1ce9d9e5e301d1e67439c9530da94b1e64ee3f	7484d7b0dd80f45e18d726b04752827fe28555cc5c1af0e127948380e6688abf
semantic-proposal-v1	SC1-9cde946c6e65d4d52a5d1eb406ffd835ce7415e8d74a0914329805451dedec2f	S013171	1	P01	SYMBOLS.tsv	146028	status	x86_64	include/dt-bindings/leds/common.h	operative_macro	LED_FUNCTION_DISK_ERR	85	PENDING_REVIEW	COMPLETE	COMPLETE	vendor/linux/include/dt-bindings/leds/common.h;vendor/linux/include/dt-bindings/leds/common.h:85;rewrite/configs/x86_64/frozen.config;header_closure=rewrite/metadata/header_closure.tsv;selected=PENDING_REVIEW	425f94c2954b1fe80ebdbf9b29854e89750355df	f370894314d3d608a6c204aeb27c4b8eda6aefec7b57be516a7d370de1e30093	7605a9b1ced9827c55b017ef1f5b436774e4fe3a6c3fed3f0a6ddd53218ac673	0123af9e96b58af4e98b91a2de5608d36b63c67864b9041d3340587f3dbe40d2	cfa8dcf0d81c408de38d4202fe1ce9d9e5e301d1e67439c9530da94b1e64ee3f	7484d7b0dd80f45e18d726b04752827fe28555cc5c1af0e127948380e6688abf
semantic-proposal-v1	SC1-2d84ce17ba56999f22b798f7a410c7a936f7ecc4efb2ee84b05c3fd2b2e6370a	S013171	1	P01	SYMBOLS.tsv	146029	selection_expression	x86_64	include/dt-bindings/leds/common.h	operative_macro	LED_FUNCTION_DISK_READ	86	PENDING_REVIEW	SOURCE_REVIEWED_VALUE	COMPLETE	vendor/linux/include/dt-bindings/leds/common.h;vendor/linux/include/dt-bindings/leds/common.h:86;rewrite/configs/x86_64/frozen.config;header_closure=rewrite/metadata/header_closure.tsv;selected=PENDING_REVIEW	425f94c2954b1fe80ebdbf9b29854e89750355df	f370894314d3d608a6c204aeb27c4b8eda6aefec7b57be516a7d370de1e30093	7605a9b1ced9827c55b017ef1f5b436774e4fe3a6c3fed3f0a6ddd53218ac673	0123af9e96b58af4e98b91a2de5608d36b63c67864b9041d3340587f3dbe40d2	cfa8dcf0d81c408de38d4202fe1ce9d9e5e301d1e67439c9530da94b1e64ee3f	7484d7b0dd80f45e18d726b04752827fe28555cc5c1af0e127948380e6688abf
semantic-proposal-v1	SC1-b45d681164abce7bc413c3fbed1a98afd6ad6d8ed486b1c8906f5dcc74e1f4e6	S013171	1	P01	SYMBOLS.tsv	146029	status	x86_64	include/dt-bindings/leds/common.h	operative_macro	LED_FUNCTION_DISK_READ	86	PENDING_REVIEW	COMPLETE	COMPLETE	vendor/linux/include/dt-bindings/leds/common.h;vendor/linux/include/dt-bindings/leds/common.h:86;rewrite/configs/x86_64/frozen.config;header_closure=rewrite/metadata/header_closure.tsv;selected=PENDING_REVIEW	425f94c2954b1fe80ebdbf9b29854e89750355df	f370894314d3d608a6c204aeb27c4b8eda6aefec7b57be516a7d370de1e30093	7605a9b1ced9827c55b017ef1f5b436774e4fe3a6c3fed3f0a6ddd53218ac673	0123af9e96b58af4e98b91a2de5608d36b63c67864b9041d3340587f3dbe40d2	cfa8dcf0d81c408de38d4202fe1ce9d9e5e301d1e67439c9530da94b1e64ee3f	7484d7b0dd80f45e18d726b04752827fe28555cc5c1af0e127948380e6688abf
semantic-proposal-v1	SC1-fe043bc7dc09523217d3b681b3ae4c27686253c229e7e7ec6a5a134363c5f993	S013171	1	P01	SYMBOLS.tsv	146030	selection_expression	x86_64	include/dt-bindings/leds/common.h	operative_macro	LED_FUNCTION_DISK_WRITE	87	PENDING_REVIEW	SOURCE_REVIEWED_VALUE	COMPLETE	vendor/linux/include/dt-bindings/leds/common.h;vendor/linux/include/dt-bindings/leds/common.h:87;rewrite/configs/x86_64/frozen.config;header_closure=rewrite/metadata/header_closure.tsv;selected=PENDING_REVIEW	425f94c2954b1fe80ebdbf9b29854e89750355df	f370894314d3d608a6c204aeb27c4b8eda6aefec7b57be516a7d370de1e30093	7605a9b1ced9827c55b017ef1f5b436774e4fe3a6c3fed3f0a6ddd53218ac673	0123af9e96b58af4e98b91a2de5608d36b63c67864b9041d3340587f3dbe40d2	cfa8dcf0d81c408de38d4202fe1ce9d9e5e301d1e67439c9530da94b1e64ee3f	7484d7b0dd80f45e18d726b04752827fe28555cc5c1af0e127948380e6688abf
semantic-proposal-v1	SC1-b1c8889bc09667f5dce4720242d08ab11b603df795c29d58a801a9fbd784b225	S013171	1	P01	SYMBOLS.tsv	146030	status	x86_64	include/dt-bindings/leds/common.h	operative_macro	LED_FUNCTION_DISK_WRITE	87	PENDING_REVIEW	COMPLETE	COMPLETE	vendor/linux/include/dt-bindings/leds/common.h;vendor/linux/include/dt-bindings/leds/common.h:87;rewrite/configs/x86_64/frozen.config;header_closure=rewrite/metadata/header_closure.tsv;selected=PENDING_REVIEW	425f94c2954b1fe80ebdbf9b29854e89750355df	f370894314d3d608a6c204aeb27c4b8eda6aefec7b57be516a7d370de1e30093	7605a9b1ced9827c55b017ef1f5b436774e4fe3a6c3fed3f0a6ddd53218ac673	0123af9e96b58af4e98b91a2de5608d36b63c67864b9041d3340587f3dbe40d2	cfa8dcf0d81c408de38d4202fe1ce9d9e5e301d1e67439c9530da94b1e64ee3f	7484d7b0dd80f45e18d726b04752827fe28555cc5c1af0e127948380e6688abf
semantic-proposal-v1	SC1-5e38dda3a84ba2ff7e239142ed269f407e019739dd95c37887d1e52d73699884	S013171	1	P01	SYMBOLS.tsv	146031	selection_expression	x86_64	include/dt-bindings/leds/common.h	operative_macro	LED_FUNCTION_FAULT	88	PENDING_REVIEW	SOURCE_REVIEWED_VALUE	COMPLETE	vendor/linux/include/dt-bindings/leds/common.h;vendor/linux/include/dt-bindings/leds/common.h:88;rewrite/configs/x86_64/frozen.config;header_closure=rewrite/metadata/header_closure.tsv;selected=PENDING_REVIEW	425f94c2954b1fe80ebdbf9b29854e89750355df	f370894314d3d608a6c204aeb27c4b8eda6aefec7b57be516a7d370de1e30093	7605a9b1ced9827c55b017ef1f5b436774e4fe3a6c3fed3f0a6ddd53218ac673	0123af9e96b58af4e98b91a2de5608d36b63c67864b9041d3340587f3dbe40d2	cfa8dcf0d81c408de38d4202fe1ce9d9e5e301d1e67439c9530da94b1e64ee3f	7484d7b0dd80f45e18d726b04752827fe28555cc5c1af0e127948380e6688abf
semantic-proposal-v1	SC1-551127bb42cf7de1070d756422d59999be5f5ad76d75b4ecc31e869d1321c2ec	S013171	1	P01	SYMBOLS.tsv	146031	status	x86_64	include/dt-bindings/leds/common.h	operative_macro	LED_FUNCTION_FAULT	88	PENDING_REVIEW	COMPLETE	COMPLETE	vendor/linux/include/dt-bindings/leds/common.h;vendor/linux/include/dt-bindings/leds/common.h:88;rewrite/configs/x86_64/frozen.config;header_closure=rewrite/metadata/header_closure.tsv;selected=PENDING_REVIEW	425f94c2954b1fe80ebdbf9b29854e89750355df	f370894314d3d608a6c204aeb27c4b8eda6aefec7b57be516a7d370de1e30093	7605a9b1ced9827c55b017ef1f5b436774e4fe3a6c3fed3f0a6ddd53218ac673	0123af9e96b58af4e98b91a2de5608d36b63c67864b9041d3340587f3dbe40d2	cfa8dcf0d81c408de38d4202fe1ce9d9e5e301d1e67439c9530da94b1e64ee3f	7484d7b0dd80f45e18d726b04752827fe28555cc5c1af0e127948380e6688abf
semantic-proposal-v1	SC1-fe3a17f8c69ea7367992e3fbe802a45ee5fd7c3416a3e686e5004f3c23bc250e	S013171	1	P01	SYMBOLS.tsv	146032	selection_expression	x86_64	include/dt-bindings/leds/common.h	operative_macro	LED_FUNCTION_FLASH	89	PENDING_REVIEW	SOURCE_REVIEWED_VALUE	COMPLETE	vendor/linux/include/dt-bindings/leds/common.h;vendor/linux/include/dt-bindings/leds/common.h:89;rewrite/configs/x86_64/frozen.config;header_closure=rewrite/metadata/header_closure.tsv;selected=PENDING_REVIEW	425f94c2954b1fe80ebdbf9b29854e89750355df	f370894314d3d608a6c204aeb27c4b8eda6aefec7b57be516a7d370de1e30093	7605a9b1ced9827c55b017ef1f5b436774e4fe3a6c3fed3f0a6ddd53218ac673	0123af9e96b58af4e98b91a2de5608d36b63c67864b9041d3340587f3dbe40d2	cfa8dcf0d81c408de38d4202fe1ce9d9e5e301d1e67439c9530da94b1e64ee3f	7484d7b0dd80f45e18d726b04752827fe28555cc5c1af0e127948380e6688abf
semantic-proposal-v1	SC1-15d2b580036ea469cac6eadd57a1275e904807066779513e1c45e36c3423fb64	S013171	1	P01	SYMBOLS.tsv	146032	status	x86_64	include/dt-bindings/leds/common.h	operative_macro	LED_FUNCTION_FLASH	89	PENDING_REVIEW	COMPLETE	COMPLETE	vendor/linux/include/dt-bindings/leds/common.h;vendor/linux/include/dt-bindings/leds/common.h:89;rewrite/configs/x86_64/frozen.config;header_closure=rewrite/metadata/header_closure.tsv;selected=PENDING_REVIEW	425f94c2954b1fe80ebdbf9b29854e89750355df	f370894314d3d608a6c204aeb27c4b8eda6aefec7b57be516a7d370de1e30093	7605a9b1ced9827c55b017ef1f5b436774e4fe3a6c3fed3f0a6ddd53218ac673	0123af9e96b58af4e98b91a2de5608d36b63c67864b9041d3340587f3dbe40d2	cfa8dcf0d81c408de38d4202fe1ce9d9e5e301d1e67439c9530da94b1e64ee3f	7484d7b0dd80f45e18d726b04752827fe28555cc5c1af0e127948380e6688abf
semantic-proposal-v1	SC1-b0e2382f538c11b63e0020ae2d79f1f6870a302f28acf887c08453a967425bc8	S013171	1	P01	SYMBOLS.tsv	146033	selection_expression	x86_64	include/dt-bindings/leds/common.h	operative_macro	LED_FUNCTION_HEARTBEAT	90	PENDING_REVIEW	SOURCE_REVIEWED_VALUE	COMPLETE	vendor/linux/include/dt-bindings/leds/common.h;vendor/linux/include/dt-bindings/leds/common.h:90;rewrite/configs/x86_64/frozen.config;header_closure=rewrite/metadata/header_closure.tsv;selected=PENDING_REVIEW	425f94c2954b1fe80ebdbf9b29854e89750355df	f370894314d3d608a6c204aeb27c4b8eda6aefec7b57be516a7d370de1e30093	7605a9b1ced9827c55b017ef1f5b436774e4fe3a6c3fed3f0a6ddd53218ac673	0123af9e96b58af4e98b91a2de5608d36b63c67864b9041d3340587f3dbe40d2	cfa8dcf0d81c408de38d4202fe1ce9d9e5e301d1e67439c9530da94b1e64ee3f	7484d7b0dd80f45e18d726b04752827fe28555cc5c1af0e127948380e6688abf
semantic-proposal-v1	SC1-1f812ce317a8954e3b1c8db0b4a92e93dd3a76c4ba3cbeb041bf6b53f36f1672	S013171	1	P01	SYMBOLS.tsv	146033	status	x86_64	include/dt-bindings/leds/common.h	operative_macro	LED_FUNCTION_HEARTBEAT	90	PENDING_REVIEW	COMPLETE	COMPLETE	vendor/linux/include/dt-bindings/leds/common.h;vendor/linux/include/dt-bindings/leds/common.h:90;rewrite/configs/x86_64/frozen.config;header_closure=rewrite/metadata/header_closure.tsv;selected=PENDING_REVIEW	425f94c2954b1fe80ebdbf9b29854e89750355df	f370894314d3d608a6c204aeb27c4b8eda6aefec7b57be516a7d370de1e30093	7605a9b1ced9827c55b017ef1f5b436774e4fe3a6c3fed3f0a6ddd53218ac673	0123af9e96b58af4e98b91a2de5608d36b63c67864b9041d3340587f3dbe40d2	cfa8dcf0d81c408de38d4202fe1ce9d9e5e301d1e67439c9530da94b1e64ee3f	7484d7b0dd80f45e18d726b04752827fe28555cc5c1af0e127948380e6688abf
semantic-proposal-v1	SC1-5d547a6264a0fa6fe14e975bc2f0803646559d2a7dd6d7b835c455a93cf75b7c	S013171	1	P01	SYMBOLS.tsv	146034	selection_expression	x86_64	include/dt-bindings/leds/common.h	operative_macro	LED_FUNCTION_INDICATOR	91	PENDING_REVIEW	SOURCE_REVIEWED_VALUE	COMPLETE	vendor/linux/include/dt-bindings/leds/common.h;vendor/linux/include/dt-bindings/leds/common.h:91;rewrite/configs/x86_64/frozen.config;header_closure=rewrite/metadata/header_closure.tsv;selected=PENDING_REVIEW	425f94c2954b1fe80ebdbf9b29854e89750355df	f370894314d3d608a6c204aeb27c4b8eda6aefec7b57be516a7d370de1e30093	7605a9b1ced9827c55b017ef1f5b436774e4fe3a6c3fed3f0a6ddd53218ac673	0123af9e96b58af4e98b91a2de5608d36b63c67864b9041d3340587f3dbe40d2	cfa8dcf0d81c408de38d4202fe1ce9d9e5e301d1e67439c9530da94b1e64ee3f	7484d7b0dd80f45e18d726b04752827fe28555cc5c1af0e127948380e6688abf
semantic-proposal-v1	SC1-8d6844bd38c8cb6d4d5da4acbc5e73517d199f45abf0d85b85903f4bff64463d	S013171	1	P01	SYMBOLS.tsv	146034	status	x86_64	include/dt-bindings/leds/common.h	operative_macro	LED_FUNCTION_INDICATOR	91	PENDING_REVIEW	COMPLETE	COMPLETE	vendor/linux/include/dt-bindings/leds/common.h;vendor/linux/include/dt-bindings/leds/common.h:91;rewrite/configs/x86_64/frozen.config;header_closure=rewrite/metadata/header_closure.tsv;selected=PENDING_REVIEW	425f94c2954b1fe80ebdbf9b29854e89750355df	f370894314d3d608a6c204aeb27c4b8eda6aefec7b57be516a7d370de1e30093	7605a9b1ced9827c55b017ef1f5b436774e4fe3a6c3fed3f0a6ddd53218ac673	0123af9e96b58af4e98b91a2de5608d36b63c67864b9041d3340587f3dbe40d2	cfa8dcf0d81c408de38d4202fe1ce9d9e5e301d1e67439c9530da94b1e64ee3f	7484d7b0dd80f45e18d726b04752827fe28555cc5c1af0e127948380e6688abf
semantic-proposal-v1	SC1-4b47dbd92008b9f75f964ca08254ffa7d0e5e0c32ee0a9eab75052e967bcdb2b	S013171	1	P01	SYMBOLS.tsv	146035	selection_expression	x86_64	include/dt-bindings/leds/common.h	operative_macro	LED_FUNCTION_LAN	92	PENDING_REVIEW	SOURCE_REVIEWED_VALUE	COMPLETE	vendor/linux/include/dt-bindings/leds/common.h;vendor/linux/include/dt-bindings/leds/common.h:92;rewrite/configs/x86_64/frozen.config;header_closure=rewrite/metadata/header_closure.tsv;selected=PENDING_REVIEW	425f94c2954b1fe80ebdbf9b29854e89750355df	f370894314d3d608a6c204aeb27c4b8eda6aefec7b57be516a7d370de1e30093	7605a9b1ced9827c55b017ef1f5b436774e4fe3a6c3fed3f0a6ddd53218ac673	0123af9e96b58af4e98b91a2de5608d36b63c67864b9041d3340587f3dbe40d2	cfa8dcf0d81c408de38d4202fe1ce9d9e5e301d1e67439c9530da94b1e64ee3f	7484d7b0dd80f45e18d726b04752827fe28555cc5c1af0e127948380e6688abf
semantic-proposal-v1	SC1-73fb9dde445a507ad26ec706f0e385d999694581347ec41b62078e7e28deb73c	S013171	1	P01	SYMBOLS.tsv	146035	status	x86_64	include/dt-bindings/leds/common.h	operative_macro	LED_FUNCTION_LAN	92	PENDING_REVIEW	COMPLETE	COMPLETE	vendor/linux/include/dt-bindings/leds/common.h;vendor/linux/include/dt-bindings/leds/common.h:92;rewrite/configs/x86_64/frozen.config;header_closure=rewrite/metadata/header_closure.tsv;selected=PENDING_REVIEW	425f94c2954b1fe80ebdbf9b29854e89750355df	f370894314d3d608a6c204aeb27c4b8eda6aefec7b57be516a7d370de1e30093	7605a9b1ced9827c55b017ef1f5b436774e4fe3a6c3fed3f0a6ddd53218ac673	0123af9e96b58af4e98b91a2de5608d36b63c67864b9041d3340587f3dbe40d2	cfa8dcf0d81c408de38d4202fe1ce9d9e5e301d1e67439c9530da94b1e64ee3f	7484d7b0dd80f45e18d726b04752827fe28555cc5c1af0e127948380e6688abf
semantic-proposal-v1	SC1-a6184108932776a54c7100cfaecd9a401d66c590cda0a30eefb082d734e6434d	S013171	1	P01	SYMBOLS.tsv	146036	selection_expression	x86_64	include/dt-bindings/leds/common.h	operative_macro	LED_FUNCTION_MAIL	93	PENDING_REVIEW	SOURCE_REVIEWED_VALUE	COMPLETE	vendor/linux/include/dt-bindings/leds/common.h;vendor/linux/include/dt-bindings/leds/common.h:93;rewrite/configs/x86_64/frozen.config;header_closure=rewrite/metadata/header_closure.tsv;selected=PENDING_REVIEW	425f94c2954b1fe80ebdbf9b29854e89750355df	f370894314d3d608a6c204aeb27c4b8eda6aefec7b57be516a7d370de1e30093	7605a9b1ced9827c55b017ef1f5b436774e4fe3a6c3fed3f0a6ddd53218ac673	0123af9e96b58af4e98b91a2de5608d36b63c67864b9041d3340587f3dbe40d2	cfa8dcf0d81c408de38d4202fe1ce9d9e5e301d1e67439c9530da94b1e64ee3f	7484d7b0dd80f45e18d726b04752827fe28555cc5c1af0e127948380e6688abf
semantic-proposal-v1	SC1-52fc129c287570da08566c4340b945a4f6cf5d6e83f161af46506166b78aed6b	S013171	1	P01	SYMBOLS.tsv	146036	status	x86_64	include/dt-bindings/leds/common.h	operative_macro	LED_FUNCTION_MAIL	93	PENDING_REVIEW	COMPLETE	COMPLETE	vendor/linux/include/dt-bindings/leds/common.h;vendor/linux/include/dt-bindings/leds/common.h:93;rewrite/configs/x86_64/frozen.config;header_closure=rewrite/metadata/header_closure.tsv;selected=PENDING_REVIEW	425f94c2954b1fe80ebdbf9b29854e89750355df	f370894314d3d608a6c204aeb27c4b8eda6aefec7b57be516a7d370de1e30093	7605a9b1ced9827c55b017ef1f5b436774e4fe3a6c3fed3f0a6ddd53218ac673	0123af9e96b58af4e98b91a2de5608d36b63c67864b9041d3340587f3dbe40d2	cfa8dcf0d81c408de38d4202fe1ce9d9e5e301d1e67439c9530da94b1e64ee3f	7484d7b0dd80f45e18d726b04752827fe28555cc5c1af0e127948380e6688abf
semantic-proposal-v1	SC1-0b5c08bae45568f22a4f118740be0a791351c022dbffb2236b1691cc7676a864	S013171	1	P01	SYMBOLS.tsv	146037	selection_expression	x86_64	include/dt-bindings/leds/common.h	operative_macro	LED_FUNCTION_MOBILE	94	PENDING_REVIEW	SOURCE_REVIEWED_VALUE	COMPLETE	vendor/linux/include/dt-bindings/leds/common.h;vendor/linux/include/dt-bindings/leds/common.h:94;rewrite/configs/x86_64/frozen.config;header_closure=rewrite/metadata/header_closure.tsv;selected=PENDING_REVIEW	425f94c2954b1fe80ebdbf9b29854e89750355df	f370894314d3d608a6c204aeb27c4b8eda6aefec7b57be516a7d370de1e30093	7605a9b1ced9827c55b017ef1f5b436774e4fe3a6c3fed3f0a6ddd53218ac673	0123af9e96b58af4e98b91a2de5608d36b63c67864b9041d3340587f3dbe40d2	cfa8dcf0d81c408de38d4202fe1ce9d9e5e301d1e67439c9530da94b1e64ee3f	7484d7b0dd80f45e18d726b04752827fe28555cc5c1af0e127948380e6688abf
semantic-proposal-v1	SC1-48493f8dd62f17f1acd9b128d350eb5674e3f51e4ac69083c8cc97c85417f8a4	S013171	1	P01	SYMBOLS.tsv	146037	status	x86_64	include/dt-bindings/leds/common.h	operative_macro	LED_FUNCTION_MOBILE	94	PENDING_REVIEW	COMPLETE	COMPLETE	vendor/linux/include/dt-bindings/leds/common.h;vendor/linux/include/dt-bindings/leds/common.h:94;rewrite/configs/x86_64/frozen.config;header_closure=rewrite/metadata/header_closure.tsv;selected=PENDING_REVIEW	425f94c2954b1fe80ebdbf9b29854e89750355df	f370894314d3d608a6c204aeb27c4b8eda6aefec7b57be516a7d370de1e30093	7605a9b1ced9827c55b017ef1f5b436774e4fe3a6c3fed3f0a6ddd53218ac673	0123af9e96b58af4e98b91a2de5608d36b63c67864b9041d3340587f3dbe40d2	cfa8dcf0d81c408de38d4202fe1ce9d9e5e301d1e67439c9530da94b1e64ee3f	7484d7b0dd80f45e18d726b04752827fe28555cc5c1af0e127948380e6688abf
semantic-proposal-v1	SC1-507cc23464f2580430c40e488f31963dbe919b5d480a855dfe51eb5efbac3122	S013171	1	P01	SYMBOLS.tsv	146038	selection_expression	x86_64	include/dt-bindings/leds/common.h	operative_macro	LED_FUNCTION_MTD	95	PENDING_REVIEW	SOURCE_REVIEWED_VALUE	COMPLETE	vendor/linux/include/dt-bindings/leds/common.h;vendor/linux/include/dt-bindings/leds/common.h:95;rewrite/configs/x86_64/frozen.config;header_closure=rewrite/metadata/header_closure.tsv;selected=PENDING_REVIEW	425f94c2954b1fe80ebdbf9b29854e89750355df	f370894314d3d608a6c204aeb27c4b8eda6aefec7b57be516a7d370de1e30093	7605a9b1ced9827c55b017ef1f5b436774e4fe3a6c3fed3f0a6ddd53218ac673	0123af9e96b58af4e98b91a2de5608d36b63c67864b9041d3340587f3dbe40d2	cfa8dcf0d81c408de38d4202fe1ce9d9e5e301d1e67439c9530da94b1e64ee3f	7484d7b0dd80f45e18d726b04752827fe28555cc5c1af0e127948380e6688abf
semantic-proposal-v1	SC1-1b26b55856401f89e4486d4c50336b6bce94ef8165abd79fef6df04cb61cd6ea	S013171	1	P01	SYMBOLS.tsv	146038	status	x86_64	include/dt-bindings/leds/common.h	operative_macro	LED_FUNCTION_MTD	95	PENDING_REVIEW	COMPLETE	COMPLETE	vendor/linux/include/dt-bindings/leds/common.h;vendor/linux/include/dt-bindings/leds/common.h:95;rewrite/configs/x86_64/frozen.config;header_closure=rewrite/metadata/header_closure.tsv;selected=PENDING_REVIEW	425f94c2954b1fe80ebdbf9b29854e89750355df	f370894314d3d608a6c204aeb27c4b8eda6aefec7b57be516a7d370de1e30093	7605a9b1ced9827c55b017ef1f5b436774e4fe3a6c3fed3f0a6ddd53218ac673	0123af9e96b58af4e98b91a2de5608d36b63c67864b9041d3340587f3dbe40d2	cfa8dcf0d81c408de38d4202fe1ce9d9e5e301d1e67439c9530da94b1e64ee3f	7484d7b0dd80f45e18d726b04752827fe28555cc5c1af0e127948380e6688abf
semantic-proposal-v1	SC1-0435241227f53d2d230dc3f0469ec571627c34344a3484203b9b26729ebf347c	S013171	1	P01	SYMBOLS.tsv	146039	selection_expression	x86_64	include/dt-bindings/leds/common.h	operative_macro	LED_FUNCTION_PANIC	96	PENDING_REVIEW	SOURCE_REVIEWED_VALUE	COMPLETE	vendor/linux/include/dt-bindings/leds/common.h;vendor/linux/include/dt-bindings/leds/common.h:96;rewrite/configs/x86_64/frozen.config;header_closure=rewrite/metadata/header_closure.tsv;selected=PENDING_REVIEW	425f94c2954b1fe80ebdbf9b29854e89750355df	f370894314d3d608a6c204aeb27c4b8eda6aefec7b57be516a7d370de1e30093	7605a9b1ced9827c55b017ef1f5b436774e4fe3a6c3fed3f0a6ddd53218ac673	0123af9e96b58af4e98b91a2de5608d36b63c67864b9041d3340587f3dbe40d2	cfa8dcf0d81c408de38d4202fe1ce9d9e5e301d1e67439c9530da94b1e64ee3f	7484d7b0dd80f45e18d726b04752827fe28555cc5c1af0e127948380e6688abf
semantic-proposal-v1	SC1-d42b52393702dc98696afa25a19908777ba74c4e0e89ac2e107d51d063d2683a	S013171	1	P01	SYMBOLS.tsv	146039	status	x86_64	include/dt-bindings/leds/common.h	operative_macro	LED_FUNCTION_PANIC	96	PENDING_REVIEW	COMPLETE	COMPLETE	vendor/linux/include/dt-bindings/leds/common.h;vendor/linux/include/dt-bindings/leds/common.h:96;rewrite/configs/x86_64/frozen.config;header_closure=rewrite/metadata/header_closure.tsv;selected=PENDING_REVIEW	425f94c2954b1fe80ebdbf9b29854e89750355df	f370894314d3d608a6c204aeb27c4b8eda6aefec7b57be516a7d370de1e30093	7605a9b1ced9827c55b017ef1f5b436774e4fe3a6c3fed3f0a6ddd53218ac673	0123af9e96b58af4e98b91a2de5608d36b63c67864b9041d3340587f3dbe40d2	cfa8dcf0d81c408de38d4202fe1ce9d9e5e301d1e67439c9530da94b1e64ee3f	7484d7b0dd80f45e18d726b04752827fe28555cc5c1af0e127948380e6688abf
semantic-proposal-v1	SC1-72ebf817eccb89da5acd8e663d10ce88bfc2b4f4fd01022d9dfcc978f713adf6	S013171	1	P01	SYMBOLS.tsv	146040	selection_expression	x86_64	include/dt-bindings/leds/common.h	operative_macro	LED_FUNCTION_PROGRAMMING	97	PENDING_REVIEW	SOURCE_REVIEWED_VALUE	COMPLETE	vendor/linux/include/dt-bindings/leds/common.h;vendor/linux/include/dt-bindings/leds/common.h:97;rewrite/configs/x86_64/frozen.config;header_closure=rewrite/metadata/header_closure.tsv;selected=PENDING_REVIEW	425f94c2954b1fe80ebdbf9b29854e89750355df	f370894314d3d608a6c204aeb27c4b8eda6aefec7b57be516a7d370de1e30093	7605a9b1ced9827c55b017ef1f5b436774e4fe3a6c3fed3f0a6ddd53218ac673	0123af9e96b58af4e98b91a2de5608d36b63c67864b9041d3340587f3dbe40d2	cfa8dcf0d81c408de38d4202fe1ce9d9e5e301d1e67439c9530da94b1e64ee3f	7484d7b0dd80f45e18d726b04752827fe28555cc5c1af0e127948380e6688abf
semantic-proposal-v1	SC1-6842df70f70512ec7b8877938a2a9246eb38dbb1df9506df864799592ec1198d	S013171	1	P01	SYMBOLS.tsv	146040	status	x86_64	include/dt-bindings/leds/common.h	operative_macro	LED_FUNCTION_PROGRAMMING	97	PENDING_REVIEW	COMPLETE	COMPLETE	vendor/linux/include/dt-bindings/leds/common.h;vendor/linux/include/dt-bindings/leds/common.h:97;rewrite/configs/x86_64/frozen.config;header_closure=rewrite/metadata/header_closure.tsv;selected=PENDING_REVIEW	425f94c2954b1fe80ebdbf9b29854e89750355df	f370894314d3d608a6c204aeb27c4b8eda6aefec7b57be516a7d370de1e30093	7605a9b1ced9827c55b017ef1f5b436774e4fe3a6c3fed3f0a6ddd53218ac673	0123af9e96b58af4e98b91a2de5608d36b63c67864b9041d3340587f3dbe40d2	cfa8dcf0d81c408de38d4202fe1ce9d9e5e301d1e67439c9530da94b1e64ee3f	7484d7b0dd80f45e18d726b04752827fe28555cc5c1af0e127948380e6688abf
semantic-proposal-v1	SC1-9c2c8b6cb7a993af4e44a65933a29839a594582b72d216c89307d72cc764850b	S013171	1	P01	SYMBOLS.tsv	146041	selection_expression	x86_64	include/dt-bindings/leds/common.h	operative_macro	LED_FUNCTION_RX	98	PENDING_REVIEW	SOURCE_REVIEWED_VALUE	COMPLETE	vendor/linux/include/dt-bindings/leds/common.h;vendor/linux/include/dt-bindings/leds/common.h:98;rewrite/configs/x86_64/frozen.config;header_closure=rewrite/metadata/header_closure.tsv;selected=PENDING_REVIEW	425f94c2954b1fe80ebdbf9b29854e89750355df	f370894314d3d608a6c204aeb27c4b8eda6aefec7b57be516a7d370de1e30093	7605a9b1ced9827c55b017ef1f5b436774e4fe3a6c3fed3f0a6ddd53218ac673	0123af9e96b58af4e98b91a2de5608d36b63c67864b9041d3340587f3dbe40d2	cfa8dcf0d81c408de38d4202fe1ce9d9e5e301d1e67439c9530da94b1e64ee3f	7484d7b0dd80f45e18d726b04752827fe28555cc5c1af0e127948380e6688abf
semantic-proposal-v1	SC1-eea8c6ff3be16c1f4deb1768d4750ea0fb55d930a3c4b9cc041f8daef979ae3f	S013171	1	P01	SYMBOLS.tsv	146041	status	x86_64	include/dt-bindings/leds/common.h	operative_macro	LED_FUNCTION_RX	98	PENDING_REVIEW	COMPLETE	COMPLETE	vendor/linux/include/dt-bindings/leds/common.h;vendor/linux/include/dt-bindings/leds/common.h:98;rewrite/configs/x86_64/frozen.config;header_closure=rewrite/metadata/header_closure.tsv;selected=PENDING_REVIEW	425f94c2954b1fe80ebdbf9b29854e89750355df	f370894314d3d608a6c204aeb27c4b8eda6aefec7b57be516a7d370de1e30093	7605a9b1ced9827c55b017ef1f5b436774e4fe3a6c3fed3f0a6ddd53218ac673	0123af9e96b58af4e98b91a2de5608d36b63c67864b9041d3340587f3dbe40d2	cfa8dcf0d81c408de38d4202fe1ce9d9e5e301d1e67439c9530da94b1e64ee3f	7484d7b0dd80f45e18d726b04752827fe28555cc5c1af0e127948380e6688abf
semantic-proposal-v1	SC1-3b210cf5774c0b37995ad26bb6daabf95ca521e7a36c35470ac09af77c6724a9	S013171	1	P01	SYMBOLS.tsv	146042	selection_expression	x86_64	include/dt-bindings/leds/common.h	operative_macro	LED_FUNCTION_SD	99	PENDING_REVIEW	SOURCE_REVIEWED_VALUE	COMPLETE	vendor/linux/include/dt-bindings/leds/common.h;vendor/linux/include/dt-bindings/leds/common.h:99;rewrite/configs/x86_64/frozen.config;header_closure=rewrite/metadata/header_closure.tsv;selected=PENDING_REVIEW	425f94c2954b1fe80ebdbf9b29854e89750355df	f370894314d3d608a6c204aeb27c4b8eda6aefec7b57be516a7d370de1e30093	7605a9b1ced9827c55b017ef1f5b436774e4fe3a6c3fed3f0a6ddd53218ac673	0123af9e96b58af4e98b91a2de5608d36b63c67864b9041d3340587f3dbe40d2	cfa8dcf0d81c408de38d4202fe1ce9d9e5e301d1e67439c9530da94b1e64ee3f	7484d7b0dd80f45e18d726b04752827fe28555cc5c1af0e127948380e6688abf
semantic-proposal-v1	SC1-1d4e7cf8de836a7def0bf20b451f757f076acb061e0e56e5f0edf27eb3ebb6ff	S013171	1	P01	SYMBOLS.tsv	146042	status	x86_64	include/dt-bindings/leds/common.h	operative_macro	LED_FUNCTION_SD	99	PENDING_REVIEW	COMPLETE	COMPLETE	vendor/linux/include/dt-bindings/leds/common.h;vendor/linux/include/dt-bindings/leds/common.h:99;rewrite/configs/x86_64/frozen.config;header_closure=rewrite/metadata/header_closure.tsv;selected=PENDING_REVIEW	425f94c2954b1fe80ebdbf9b29854e89750355df	f370894314d3d608a6c204aeb27c4b8eda6aefec7b57be516a7d370de1e30093	7605a9b1ced9827c55b017ef1f5b436774e4fe3a6c3fed3f0a6ddd53218ac673	0123af9e96b58af4e98b91a2de5608d36b63c67864b9041d3340587f3dbe40d2	cfa8dcf0d81c408de38d4202fe1ce9d9e5e301d1e67439c9530da94b1e64ee3f	7484d7b0dd80f45e18d726b04752827fe28555cc5c1af0e127948380e6688abf
semantic-proposal-v1	SC1-6894bfdc5b9c7190b4e054157aa794dcf7fac3cf9b4a55bf0de344fdd77817d5	S013171	1	P01	SYMBOLS.tsv	146043	selection_expression	x86_64	include/dt-bindings/leds/common.h	operative_macro	LED_FUNCTION_SPEED_LAN	100	PENDING_REVIEW	SOURCE_REVIEWED_VALUE	COMPLETE	vendor/linux/include/dt-bindings/leds/common.h;vendor/linux/include/dt-bindings/leds/common.h:100;rewrite/configs/x86_64/frozen.config;header_closure=rewrite/metadata/header_closure.tsv;selected=PENDING_REVIEW	425f94c2954b1fe80ebdbf9b29854e89750355df	f370894314d3d608a6c204aeb27c4b8eda6aefec7b57be516a7d370de1e30093	7605a9b1ced9827c55b017ef1f5b436774e4fe3a6c3fed3f0a6ddd53218ac673	0123af9e96b58af4e98b91a2de5608d36b63c67864b9041d3340587f3dbe40d2	cfa8dcf0d81c408de38d4202fe1ce9d9e5e301d1e67439c9530da94b1e64ee3f	7484d7b0dd80f45e18d726b04752827fe28555cc5c1af0e127948380e6688abf
semantic-proposal-v1	SC1-a0a22b1fede1865b03c61addc11d85c416ddd913a1b70d2cf0a4dbd039de96db	S013171	1	P01	SYMBOLS.tsv	146043	status	x86_64	include/dt-bindings/leds/common.h	operative_macro	LED_FUNCTION_SPEED_LAN	100	PENDING_REVIEW	COMPLETE	COMPLETE	vendor/linux/include/dt-bindings/leds/common.h;vendor/linux/include/dt-bindings/leds/common.h:100;rewrite/configs/x86_64/frozen.config;header_closure=rewrite/metadata/header_closure.tsv;selected=PENDING_REVIEW	425f94c2954b1fe80ebdbf9b29854e89750355df	f370894314d3d608a6c204aeb27c4b8eda6aefec7b57be516a7d370de1e30093	7605a9b1ced9827c55b017ef1f5b436774e4fe3a6c3fed3f0a6ddd53218ac673	0123af9e96b58af4e98b91a2de5608d36b63c67864b9041d3340587f3dbe40d2	cfa8dcf0d81c408de38d4202fe1ce9d9e5e301d1e67439c9530da94b1e64ee3f	7484d7b0dd80f45e18d726b04752827fe28555cc5c1af0e127948380e6688abf
semantic-proposal-v1	SC1-af23b4705b5da5aa099477bbf6df24552a09def0a22b51a404efe7a41541a21d	S013171	1	P01	SYMBOLS.tsv	146044	selection_expression	x86_64	include/dt-bindings/leds/common.h	operative_macro	LED_FUNCTION_SPEED_WAN	101	PENDING_REVIEW	SOURCE_REVIEWED_VALUE	COMPLETE	vendor/linux/include/dt-bindings/leds/common.h;vendor/linux/include/dt-bindings/leds/common.h:101;rewrite/configs/x86_64/frozen.config;header_closure=rewrite/metadata/header_closure.tsv;selected=PENDING_REVIEW	425f94c2954b1fe80ebdbf9b29854e89750355df	f370894314d3d608a6c204aeb27c4b8eda6aefec7b57be516a7d370de1e30093	7605a9b1ced9827c55b017ef1f5b436774e4fe3a6c3fed3f0a6ddd53218ac673	0123af9e96b58af4e98b91a2de5608d36b63c67864b9041d3340587f3dbe40d2	cfa8dcf0d81c408de38d4202fe1ce9d9e5e301d1e67439c9530da94b1e64ee3f	7484d7b0dd80f45e18d726b04752827fe28555cc5c1af0e127948380e6688abf
semantic-proposal-v1	SC1-0678ed116e9f34264a03b0ee31a3122c5c8008919af6cc795b216a32a540e783	S013171	1	P01	SYMBOLS.tsv	146044	status	x86_64	include/dt-bindings/leds/common.h	operative_macro	LED_FUNCTION_SPEED_WAN	101	PENDING_REVIEW	COMPLETE	COMPLETE	vendor/linux/include/dt-bindings/leds/common.h;vendor/linux/include/dt-bindings/leds/common.h:101;rewrite/configs/x86_64/frozen.config;header_closure=rewrite/metadata/header_closure.tsv;selected=PENDING_REVIEW	425f94c2954b1fe80ebdbf9b29854e89750355df	f370894314d3d608a6c204aeb27c4b8eda6aefec7b57be516a7d370de1e30093	7605a9b1ced9827c55b017ef1f5b436774e4fe3a6c3fed3f0a6ddd53218ac673	0123af9e96b58af4e98b91a2de5608d36b63c67864b9041d3340587f3dbe40d2	cfa8dcf0d81c408de38d4202fe1ce9d9e5e301d1e67439c9530da94b1e64ee3f	7484d7b0dd80f45e18d726b04752827fe28555cc5c1af0e127948380e6688abf
semantic-proposal-v1	SC1-d9050d759c31cd6caeba149d039937e9489b9bc8c877b9a0653d180cfcf9ada8	S013171	1	P01	SYMBOLS.tsv	146045	selection_expression	x86_64	include/dt-bindings/leds/common.h	operative_macro	LED_FUNCTION_STANDBY	102	PENDING_REVIEW	SOURCE_REVIEWED_VALUE	COMPLETE	vendor/linux/include/dt-bindings/leds/common.h;vendor/linux/include/dt-bindings/leds/common.h:102;rewrite/configs/x86_64/frozen.config;header_closure=rewrite/metadata/header_closure.tsv;selected=PENDING_REVIEW	425f94c2954b1fe80ebdbf9b29854e89750355df	f370894314d3d608a6c204aeb27c4b8eda6aefec7b57be516a7d370de1e30093	7605a9b1ced9827c55b017ef1f5b436774e4fe3a6c3fed3f0a6ddd53218ac673	0123af9e96b58af4e98b91a2de5608d36b63c67864b9041d3340587f3dbe40d2	cfa8dcf0d81c408de38d4202fe1ce9d9e5e301d1e67439c9530da94b1e64ee3f	7484d7b0dd80f45e18d726b04752827fe28555cc5c1af0e127948380e6688abf
semantic-proposal-v1	SC1-fd0a4f897c097416a801d9ec376236434779ad6736dab9449d8e236889f33d28	S013171	1	P01	SYMBOLS.tsv	146045	status	x86_64	include/dt-bindings/leds/common.h	operative_macro	LED_FUNCTION_STANDBY	102	PENDING_REVIEW	COMPLETE	COMPLETE	vendor/linux/include/dt-bindings/leds/common.h;vendor/linux/include/dt-bindings/leds/common.h:102;rewrite/configs/x86_64/frozen.config;header_closure=rewrite/metadata/header_closure.tsv;selected=PENDING_REVIEW	425f94c2954b1fe80ebdbf9b29854e89750355df	f370894314d3d608a6c204aeb27c4b8eda6aefec7b57be516a7d370de1e30093	7605a9b1ced9827c55b017ef1f5b436774e4fe3a6c3fed3f0a6ddd53218ac673	0123af9e96b58af4e98b91a2de5608d36b63c67864b9041d3340587f3dbe40d2	cfa8dcf0d81c408de38d4202fe1ce9d9e5e301d1e67439c9530da94b1e64ee3f	7484d7b0dd80f45e18d726b04752827fe28555cc5c1af0e127948380e6688abf
semantic-proposal-v1	SC1-23257940f7460073337879b6e1af6102edcef6b47aec57d3e9d1e9bfe62e9ead	S013171	1	P01	SYMBOLS.tsv	146046	selection_expression	x86_64	include/dt-bindings/leds/common.h	operative_macro	LED_FUNCTION_TORCH	103	PENDING_REVIEW	SOURCE_REVIEWED_VALUE	COMPLETE	vendor/linux/include/dt-bindings/leds/common.h;vendor/linux/include/dt-bindings/leds/common.h:103;rewrite/configs/x86_64/frozen.config;header_closure=rewrite/metadata/header_closure.tsv;selected=PENDING_REVIEW	425f94c2954b1fe80ebdbf9b29854e89750355df	f370894314d3d608a6c204aeb27c4b8eda6aefec7b57be516a7d370de1e30093	7605a9b1ced9827c55b017ef1f5b436774e4fe3a6c3fed3f0a6ddd53218ac673	0123af9e96b58af4e98b91a2de5608d36b63c67864b9041d3340587f3dbe40d2	cfa8dcf0d81c408de38d4202fe1ce9d9e5e301d1e67439c9530da94b1e64ee3f	7484d7b0dd80f45e18d726b04752827fe28555cc5c1af0e127948380e6688abf
semantic-proposal-v1	SC1-05afc6a304a9a63033be7f1c6e4cdaaf4bbfa5d364bcf8c7b1641f3e4ef24512	S013171	1	P01	SYMBOLS.tsv	146046	status	x86_64	include/dt-bindings/leds/common.h	operative_macro	LED_FUNCTION_TORCH	103	PENDING_REVIEW	COMPLETE	COMPLETE	vendor/linux/include/dt-bindings/leds/common.h;vendor/linux/include/dt-bindings/leds/common.h:103;rewrite/configs/x86_64/frozen.config;header_closure=rewrite/metadata/header_closure.tsv;selected=PENDING_REVIEW	425f94c2954b1fe80ebdbf9b29854e89750355df	f370894314d3d608a6c204aeb27c4b8eda6aefec7b57be516a7d370de1e30093	7605a9b1ced9827c55b017ef1f5b436774e4fe3a6c3fed3f0a6ddd53218ac673	0123af9e96b58af4e98b91a2de5608d36b63c67864b9041d3340587f3dbe40d2	cfa8dcf0d81c408de38d4202fe1ce9d9e5e301d1e67439c9530da94b1e64ee3f	7484d7b0dd80f45e18d726b04752827fe28555cc5c1af0e127948380e6688abf
semantic-proposal-v1	SC1-e0b581b4dd29b483daf297cbebfbdf99b7bf833f1b85e49e0ef5616397008ea8	S013171	1	P01	SYMBOLS.tsv	146047	selection_expression	x86_64	include/dt-bindings/leds/common.h	operative_macro	LED_FUNCTION_TX	104	PENDING_REVIEW	SOURCE_REVIEWED_VALUE	COMPLETE	vendor/linux/include/dt-bindings/leds/common.h;vendor/linux/include/dt-bindings/leds/common.h:104;rewrite/configs/x86_64/frozen.config;header_closure=rewrite/metadata/header_closure.tsv;selected=PENDING_REVIEW	425f94c2954b1fe80ebdbf9b29854e89750355df	f370894314d3d608a6c204aeb27c4b8eda6aefec7b57be516a7d370de1e30093	7605a9b1ced9827c55b017ef1f5b436774e4fe3a6c3fed3f0a6ddd53218ac673	0123af9e96b58af4e98b91a2de5608d36b63c67864b9041d3340587f3dbe40d2	cfa8dcf0d81c408de38d4202fe1ce9d9e5e301d1e67439c9530da94b1e64ee3f	7484d7b0dd80f45e18d726b04752827fe28555cc5c1af0e127948380e6688abf
semantic-proposal-v1	SC1-a18d69b34b1b90b5671e51b042b201797aeb96c1b0ee71d622602953fb8f783a	S013171	1	P01	SYMBOLS.tsv	146047	status	x86_64	include/dt-bindings/leds/common.h	operative_macro	LED_FUNCTION_TX	104	PENDING_REVIEW	COMPLETE	COMPLETE	vendor/linux/include/dt-bindings/leds/common.h;vendor/linux/include/dt-bindings/leds/common.h:104;rewrite/configs/x86_64/frozen.config;header_closure=rewrite/metadata/header_closure.tsv;selected=PENDING_REVIEW	425f94c2954b1fe80ebdbf9b29854e89750355df	f370894314d3d608a6c204aeb27c4b8eda6aefec7b57be516a7d370de1e30093	7605a9b1ced9827c55b017ef1f5b436774e4fe3a6c3fed3f0a6ddd53218ac673	0123af9e96b58af4e98b91a2de5608d36b63c67864b9041d3340587f3dbe40d2	cfa8dcf0d81c408de38d4202fe1ce9d9e5e301d1e67439c9530da94b1e64ee3f	7484d7b0dd80f45e18d726b04752827fe28555cc5c1af0e127948380e6688abf
semantic-proposal-v1	SC1-e4fd86933c5bac5690d0b7fda28da119c34b443cb46d57892a950bc9622fc2f9	S013171	1	P01	SYMBOLS.tsv	146048	selection_expression	x86_64	include/dt-bindings/leds/common.h	operative_macro	LED_FUNCTION_USB	105	PENDING_REVIEW	SOURCE_REVIEWED_VALUE	COMPLETE	vendor/linux/include/dt-bindings/leds/common.h;vendor/linux/include/dt-bindings/leds/common.h:105;rewrite/configs/x86_64/frozen.config;header_closure=rewrite/metadata/header_closure.tsv;selected=PENDING_REVIEW	425f94c2954b1fe80ebdbf9b29854e89750355df	f370894314d3d608a6c204aeb27c4b8eda6aefec7b57be516a7d370de1e30093	7605a9b1ced9827c55b017ef1f5b436774e4fe3a6c3fed3f0a6ddd53218ac673	0123af9e96b58af4e98b91a2de5608d36b63c67864b9041d3340587f3dbe40d2	cfa8dcf0d81c408de38d4202fe1ce9d9e5e301d1e67439c9530da94b1e64ee3f	7484d7b0dd80f45e18d726b04752827fe28555cc5c1af0e127948380e6688abf
semantic-proposal-v1	SC1-3bdc3d2cefa2d8792a156e084045b53b6c17c3af0c2d821c51dc10b47b76a314	S013171	1	P01	SYMBOLS.tsv	146048	status	x86_64	include/dt-bindings/leds/common.h	operative_macro	LED_FUNCTION_USB	105	PENDING_REVIEW	COMPLETE	COMPLETE	vendor/linux/include/dt-bindings/leds/common.h;vendor/linux/include/dt-bindings/leds/common.h:105;rewrite/configs/x86_64/frozen.config;header_closure=rewrite/metadata/header_closure.tsv;selected=PENDING_REVIEW	425f94c2954b1fe80ebdbf9b29854e89750355df	f370894314d3d608a6c204aeb27c4b8eda6aefec7b57be516a7d370de1e30093	7605a9b1ced9827c55b017ef1f5b436774e4fe3a6c3fed3f0a6ddd53218ac673	0123af9e96b58af4e98b91a2de5608d36b63c67864b9041d3340587f3dbe40d2	cfa8dcf0d81c408de38d4202fe1ce9d9e5e301d1e67439c9530da94b1e64ee3f	7484d7b0dd80f45e18d726b04752827fe28555cc5c1af0e127948380e6688abf
semantic-proposal-v1	SC1-f4d78a521aaedca5c006e043f5ce774f50ad12c175dd464c2c1b81d69fb4b9b2	S013171	1	P01	SYMBOLS.tsv	146049	selection_expression	x86_64	include/dt-bindings/leds/common.h	operative_macro	LED_FUNCTION_WAN	106	PENDING_REVIEW	SOURCE_REVIEWED_VALUE	COMPLETE	vendor/linux/include/dt-bindings/leds/common.h;vendor/linux/include/dt-bindings/leds/common.h:106;rewrite/configs/x86_64/frozen.config;header_closure=rewrite/metadata/header_closure.tsv;selected=PENDING_REVIEW	425f94c2954b1fe80ebdbf9b29854e89750355df	f370894314d3d608a6c204aeb27c4b8eda6aefec7b57be516a7d370de1e30093	7605a9b1ced9827c55b017ef1f5b436774e4fe3a6c3fed3f0a6ddd53218ac673	0123af9e96b58af4e98b91a2de5608d36b63c67864b9041d3340587f3dbe40d2	cfa8dcf0d81c408de38d4202fe1ce9d9e5e301d1e67439c9530da94b1e64ee3f	7484d7b0dd80f45e18d726b04752827fe28555cc5c1af0e127948380e6688abf
semantic-proposal-v1	SC1-12afa6c5a049e495289f930ab2ec53ebcdf59eefb9f125e49985cea5262f254e	S013171	1	P01	SYMBOLS.tsv	146049	status	x86_64	include/dt-bindings/leds/common.h	operative_macro	LED_FUNCTION_WAN	106	PENDING_REVIEW	COMPLETE	COMPLETE	vendor/linux/include/dt-bindings/leds/common.h;vendor/linux/include/dt-bindings/leds/common.h:106;rewrite/configs/x86_64/frozen.config;header_closure=rewrite/metadata/header_closure.tsv;selected=PENDING_REVIEW	425f94c2954b1fe80ebdbf9b29854e89750355df	f370894314d3d608a6c204aeb27c4b8eda6aefec7b57be516a7d370de1e30093	7605a9b1ced9827c55b017ef1f5b436774e4fe3a6c3fed3f0a6ddd53218ac673	0123af9e96b58af4e98b91a2de5608d36b63c67864b9041d3340587f3dbe40d2	cfa8dcf0d81c408de38d4202fe1ce9d9e5e301d1e67439c9530da94b1e64ee3f	7484d7b0dd80f45e18d726b04752827fe28555cc5c1af0e127948380e6688abf
semantic-proposal-v1	SC1-8cb0c69fc67617d3b5164d56c865e35df335576fcfcf969d4a7e9781c54e219f	S013171	1	P01	SYMBOLS.tsv	146050	selection_expression	x86_64	include/dt-bindings/leds/common.h	operative_macro	LED_FUNCTION_WAN_ONLINE	107	PENDING_REVIEW	SOURCE_REVIEWED_VALUE	COMPLETE	vendor/linux/include/dt-bindings/leds/common.h;vendor/linux/include/dt-bindings/leds/common.h:107;rewrite/configs/x86_64/frozen.config;header_closure=rewrite/metadata/header_closure.tsv;selected=PENDING_REVIEW	425f94c2954b1fe80ebdbf9b29854e89750355df	f370894314d3d608a6c204aeb27c4b8eda6aefec7b57be516a7d370de1e30093	7605a9b1ced9827c55b017ef1f5b436774e4fe3a6c3fed3f0a6ddd53218ac673	0123af9e96b58af4e98b91a2de5608d36b63c67864b9041d3340587f3dbe40d2	cfa8dcf0d81c408de38d4202fe1ce9d9e5e301d1e67439c9530da94b1e64ee3f	7484d7b0dd80f45e18d726b04752827fe28555cc5c1af0e127948380e6688abf
semantic-proposal-v1	SC1-bafc354c42c8aee627065224dc0d5c6962be116536e146504f6e6299486466b1	S013171	1	P01	SYMBOLS.tsv	146050	status	x86_64	include/dt-bindings/leds/common.h	operative_macro	LED_FUNCTION_WAN_ONLINE	107	PENDING_REVIEW	COMPLETE	COMPLETE	vendor/linux/include/dt-bindings/leds/common.h;vendor/linux/include/dt-bindings/leds/common.h:107;rewrite/configs/x86_64/frozen.config;header_closure=rewrite/metadata/header_closure.tsv;selected=PENDING_REVIEW	425f94c2954b1fe80ebdbf9b29854e89750355df	f370894314d3d608a6c204aeb27c4b8eda6aefec7b57be516a7d370de1e30093	7605a9b1ced9827c55b017ef1f5b436774e4fe3a6c3fed3f0a6ddd53218ac673	0123af9e96b58af4e98b91a2de5608d36b63c67864b9041d3340587f3dbe40d2	cfa8dcf0d81c408de38d4202fe1ce9d9e5e301d1e67439c9530da94b1e64ee3f	7484d7b0dd80f45e18d726b04752827fe28555cc5c1af0e127948380e6688abf
semantic-proposal-v1	SC1-dd9d7a0ba27b63e4a503bd64463a750f3ad2c60241120f98003a6a25428584bf	S013171	1	P01	SYMBOLS.tsv	146051	selection_expression	x86_64	include/dt-bindings/leds/common.h	operative_macro	LED_FUNCTION_WLAN	108	PENDING_REVIEW	SOURCE_REVIEWED_VALUE	COMPLETE	vendor/linux/include/dt-bindings/leds/common.h;vendor/linux/include/dt-bindings/leds/common.h:108;rewrite/configs/x86_64/frozen.config;header_closure=rewrite/metadata/header_closure.tsv;selected=PENDING_REVIEW	425f94c2954b1fe80ebdbf9b29854e89750355df	f370894314d3d608a6c204aeb27c4b8eda6aefec7b57be516a7d370de1e30093	7605a9b1ced9827c55b017ef1f5b436774e4fe3a6c3fed3f0a6ddd53218ac673	0123af9e96b58af4e98b91a2de5608d36b63c67864b9041d3340587f3dbe40d2	cfa8dcf0d81c408de38d4202fe1ce9d9e5e301d1e67439c9530da94b1e64ee3f	7484d7b0dd80f45e18d726b04752827fe28555cc5c1af0e127948380e6688abf
semantic-proposal-v1	SC1-ef9a9d201422e773978d8b074d76c012a5551fa13a10e7ddd238e2ea3f2d4761	S013171	1	P01	SYMBOLS.tsv	146051	status	x86_64	include/dt-bindings/leds/common.h	operative_macro	LED_FUNCTION_WLAN	108	PENDING_REVIEW	COMPLETE	COMPLETE	vendor/linux/include/dt-bindings/leds/common.h;vendor/linux/include/dt-bindings/leds/common.h:108;rewrite/configs/x86_64/frozen.config;header_closure=rewrite/metadata/header_closure.tsv;selected=PENDING_REVIEW	425f94c2954b1fe80ebdbf9b29854e89750355df	f370894314d3d608a6c204aeb27c4b8eda6aefec7b57be516a7d370de1e30093	7605a9b1ced9827c55b017ef1f5b436774e4fe3a6c3fed3f0a6ddd53218ac673	0123af9e96b58af4e98b91a2de5608d36b63c67864b9041d3340587f3dbe40d2	cfa8dcf0d81c408de38d4202fe1ce9d9e5e301d1e67439c9530da94b1e64ee3f	7484d7b0dd80f45e18d726b04752827fe28555cc5c1af0e127948380e6688abf
semantic-proposal-v1	SC1-a8e7eba5151446ad6586de8832d47f619540ea6915e4b9d3e9b10ad38074cc2c	S013171	1	P01	SYMBOLS.tsv	146052	selection_expression	x86_64	include/dt-bindings/leds/common.h	operative_macro	LED_FUNCTION_WLAN_2GHZ	109	PENDING_REVIEW	SOURCE_REVIEWED_VALUE	COMPLETE	vendor/linux/include/dt-bindings/leds/common.h;vendor/linux/include/dt-bindings/leds/common.h:109;rewrite/configs/x86_64/frozen.config;header_closure=rewrite/metadata/header_closure.tsv;selected=PENDING_REVIEW	425f94c2954b1fe80ebdbf9b29854e89750355df	f370894314d3d608a6c204aeb27c4b8eda6aefec7b57be516a7d370de1e30093	7605a9b1ced9827c55b017ef1f5b436774e4fe3a6c3fed3f0a6ddd53218ac673	0123af9e96b58af4e98b91a2de5608d36b63c67864b9041d3340587f3dbe40d2	cfa8dcf0d81c408de38d4202fe1ce9d9e5e301d1e67439c9530da94b1e64ee3f	7484d7b0dd80f45e18d726b04752827fe28555cc5c1af0e127948380e6688abf
semantic-proposal-v1	SC1-4090ea3844e0bd1e89b30c4420fdd26851e747ac29ea8d89a4f055814504274c	S013171	1	P01	SYMBOLS.tsv	146052	status	x86_64	include/dt-bindings/leds/common.h	operative_macro	LED_FUNCTION_WLAN_2GHZ	109	PENDING_REVIEW	COMPLETE	COMPLETE	vendor/linux/include/dt-bindings/leds/common.h;vendor/linux/include/dt-bindings/leds/common.h:109;rewrite/configs/x86_64/frozen.config;header_closure=rewrite/metadata/header_closure.tsv;selected=PENDING_REVIEW	425f94c2954b1fe80ebdbf9b29854e89750355df	f370894314d3d608a6c204aeb27c4b8eda6aefec7b57be516a7d370de1e30093	7605a9b1ced9827c55b017ef1f5b436774e4fe3a6c3fed3f0a6ddd53218ac673	0123af9e96b58af4e98b91a2de5608d36b63c67864b9041d3340587f3dbe40d2	cfa8dcf0d81c408de38d4202fe1ce9d9e5e301d1e67439c9530da94b1e64ee3f	7484d7b0dd80f45e18d726b04752827fe28555cc5c1af0e127948380e6688abf
semantic-proposal-v1	SC1-434f2c4904dbfb5071f6a1e10bc5a54fb0482cd2afb4cddffe5cb0475ce2897f	S013171	1	P01	SYMBOLS.tsv	146053	selection_expression	x86_64	include/dt-bindings/leds/common.h	operative_macro	LED_FUNCTION_WLAN_5GHZ	110	PENDING_REVIEW	SOURCE_REVIEWED_VALUE	COMPLETE	vendor/linux/include/dt-bindings/leds/common.h;vendor/linux/include/dt-bindings/leds/common.h:110;rewrite/configs/x86_64/frozen.config;header_closure=rewrite/metadata/header_closure.tsv;selected=PENDING_REVIEW	425f94c2954b1fe80ebdbf9b29854e89750355df	f370894314d3d608a6c204aeb27c4b8eda6aefec7b57be516a7d370de1e30093	7605a9b1ced9827c55b017ef1f5b436774e4fe3a6c3fed3f0a6ddd53218ac673	0123af9e96b58af4e98b91a2de5608d36b63c67864b9041d3340587f3dbe40d2	cfa8dcf0d81c408de38d4202fe1ce9d9e5e301d1e67439c9530da94b1e64ee3f	7484d7b0dd80f45e18d726b04752827fe28555cc5c1af0e127948380e6688abf
semantic-proposal-v1	SC1-9b92fc0207254af98e80b76590f67fa1341badc91d8e9d7ddce1cde16e026755	S013171	1	P01	SYMBOLS.tsv	146053	status	x86_64	include/dt-bindings/leds/common.h	operative_macro	LED_FUNCTION_WLAN_5GHZ	110	PENDING_REVIEW	COMPLETE	COMPLETE	vendor/linux/include/dt-bindings/leds/common.h;vendor/linux/include/dt-bindings/leds/common.h:110;rewrite/configs/x86_64/frozen.config;header_closure=rewrite/metadata/header_closure.tsv;selected=PENDING_REVIEW	425f94c2954b1fe80ebdbf9b29854e89750355df	f370894314d3d608a6c204aeb27c4b8eda6aefec7b57be516a7d370de1e30093	7605a9b1ced9827c55b017ef1f5b436774e4fe3a6c3fed3f0a6ddd53218ac673	0123af9e96b58af4e98b91a2de5608d36b63c67864b9041d3340587f3dbe40d2	cfa8dcf0d81c408de38d4202fe1ce9d9e5e301d1e67439c9530da94b1e64ee3f	7484d7b0dd80f45e18d726b04752827fe28555cc5c1af0e127948380e6688abf
semantic-proposal-v1	SC1-41ad6c406e1ca2e320c57e2f34604267bfdf27317a4408a989dd8dcf51e87b1d	S013171	1	P01	SYMBOLS.tsv	146054	selection_expression	x86_64	include/dt-bindings/leds/common.h	operative_macro	LED_FUNCTION_WLAN_6GHZ	111	PENDING_REVIEW	SOURCE_REVIEWED_VALUE	COMPLETE	vendor/linux/include/dt-bindings/leds/common.h;vendor/linux/include/dt-bindings/leds/common.h:111;rewrite/configs/x86_64/frozen.config;header_closure=rewrite/metadata/header_closure.tsv;selected=PENDING_REVIEW	425f94c2954b1fe80ebdbf9b29854e89750355df	f370894314d3d608a6c204aeb27c4b8eda6aefec7b57be516a7d370de1e30093	7605a9b1ced9827c55b017ef1f5b436774e4fe3a6c3fed3f0a6ddd53218ac673	0123af9e96b58af4e98b91a2de5608d36b63c67864b9041d3340587f3dbe40d2	cfa8dcf0d81c408de38d4202fe1ce9d9e5e301d1e67439c9530da94b1e64ee3f	7484d7b0dd80f45e18d726b04752827fe28555cc5c1af0e127948380e6688abf
semantic-proposal-v1	SC1-c3aeecf92473c24a40c34e3ededca9700ab0d0eef3b43f73e5c0f0b7a3e87390	S013171	1	P01	SYMBOLS.tsv	146054	status	x86_64	include/dt-bindings/leds/common.h	operative_macro	LED_FUNCTION_WLAN_6GHZ	111	PENDING_REVIEW	COMPLETE	COMPLETE	vendor/linux/include/dt-bindings/leds/common.h;vendor/linux/include/dt-bindings/leds/common.h:111;rewrite/configs/x86_64/frozen.config;header_closure=rewrite/metadata/header_closure.tsv;selected=PENDING_REVIEW	425f94c2954b1fe80ebdbf9b29854e89750355df	f370894314d3d608a6c204aeb27c4b8eda6aefec7b57be516a7d370de1e30093	7605a9b1ced9827c55b017ef1f5b436774e4fe3a6c3fed3f0a6ddd53218ac673	0123af9e96b58af4e98b91a2de5608d36b63c67864b9041d3340587f3dbe40d2	cfa8dcf0d81c408de38d4202fe1ce9d9e5e301d1e67439c9530da94b1e64ee3f	7484d7b0dd80f45e18d726b04752827fe28555cc5c1af0e127948380e6688abf
semantic-proposal-v1	SC1-53847c258c2c0a2b24bf5844c604ccaa37e173544fcb563342dd3894ecaf4b17	S013171	1	P01	SYMBOLS.tsv	146055	selection_expression	x86_64	include/dt-bindings/leds/common.h	operative_macro	LED_FUNCTION_WPS	112	PENDING_REVIEW	SOURCE_REVIEWED_VALUE	COMPLETE	vendor/linux/include/dt-bindings/leds/common.h;vendor/linux/include/dt-bindings/leds/common.h:112;rewrite/configs/x86_64/frozen.config;header_closure=rewrite/metadata/header_closure.tsv;selected=PENDING_REVIEW	425f94c2954b1fe80ebdbf9b29854e89750355df	f370894314d3d608a6c204aeb27c4b8eda6aefec7b57be516a7d370de1e30093	7605a9b1ced9827c55b017ef1f5b436774e4fe3a6c3fed3f0a6ddd53218ac673	0123af9e96b58af4e98b91a2de5608d36b63c67864b9041d3340587f3dbe40d2	cfa8dcf0d81c408de38d4202fe1ce9d9e5e301d1e67439c9530da94b1e64ee3f	7484d7b0dd80f45e18d726b04752827fe28555cc5c1af0e127948380e6688abf
semantic-proposal-v1	SC1-4fb0c2e97e4e9c9f18aad0e9a801b2be372f508b96bf209f2b57651dda7d52c1	S013171	1	P01	SYMBOLS.tsv	146055	status	x86_64	include/dt-bindings/leds/common.h	operative_macro	LED_FUNCTION_WPS	112	PENDING_REVIEW	COMPLETE	COMPLETE	vendor/linux/include/dt-bindings/leds/common.h;vendor/linux/include/dt-bindings/leds/common.h:112;rewrite/configs/x86_64/frozen.config;header_closure=rewrite/metadata/header_closure.tsv;selected=PENDING_REVIEW	425f94c2954b1fe80ebdbf9b29854e89750355df	f370894314d3d608a6c204aeb27c4b8eda6aefec7b57be516a7d370de1e30093	7605a9b1ced9827c55b017ef1f5b436774e4fe3a6c3fed3f0a6ddd53218ac673	0123af9e96b58af4e98b91a2de5608d36b63c67864b9041d3340587f3dbe40d2	cfa8dcf0d81c408de38d4202fe1ce9d9e5e301d1e67439c9530da94b1e64ee3f	7484d7b0dd80f45e18d726b04752827fe28555cc5c1af0e127948380e6688abf
