schema_version	record_key	task_id	attempt	pipeline_id	manifest	base_row	field	architecture	linux_path	record_kind	symbol_name	source_line	old_value	final_value	decision_status	source_citations	linux_sha	candidate_sha256	implementation_sha256	phase0_identity_sha256	queue_fingerprint	base_manifest_sha256
semantic-proposal-v1	SC1-5e7268d70be2861cadfa92be09d84b189f8f237c77ccd9581dee770f1b6dcd57	S016267	1	P01	SCOPE.tsv	16268	semantic_status	common	include/uapi/linux/netdev.h	scope	S016267	0	PENDING_REVIEW	COMPLETE	COMPLETE	vendor/linux/include/uapi/linux/netdev.h;rewrite/metadata/header_closure.tsv	425f94c2954b1fe80ebdbf9b29854e89750355df	f24cb1108af94200ee7a600fac46c70a86ad7f5182fa08b8da014df602b81fd2	a67200b9de936585f98f6aed0c4e4f7733d3ba0c36f4496d97e583cb7caf9ac6	0123af9e96b58af4e98b91a2de5608d36b63c67864b9041d3340587f3dbe40d2	cfa8dcf0d81c408de38d4202fe1ce9d9e5e301d1e67439c9530da94b1e64ee3f	b83349e6731e17e5da5e04a0ea053487e8ac8d9269538dbdb367d83f77b17e0a
semantic-proposal-v1	SC1-fc15737f2a7c45f3961424b3c9f0f5caec407e824af0d00f944162927a79b0b1	S016267	1	P01	SYMBOLS.tsv	384518	status	aarch64	include/uapi/linux/netdev.h	conditional	ifndef@7	7	PENDING_REVIEW	COMPLETE	COMPLETE	vendor/linux/include/uapi/linux/netdev.h;vendor/linux/include/uapi/linux/netdev.h:7;rewrite/configs/aarch64/frozen.config;header_closure=rewrite/metadata/header_closure.tsv;selected=PENDING_REVIEW	425f94c2954b1fe80ebdbf9b29854e89750355df	f24cb1108af94200ee7a600fac46c70a86ad7f5182fa08b8da014df602b81fd2	a67200b9de936585f98f6aed0c4e4f7733d3ba0c36f4496d97e583cb7caf9ac6	0123af9e96b58af4e98b91a2de5608d36b63c67864b9041d3340587f3dbe40d2	cfa8dcf0d81c408de38d4202fe1ce9d9e5e301d1e67439c9530da94b1e64ee3f	7484d7b0dd80f45e18d726b04752827fe28555cc5c1af0e127948380e6688abf
semantic-proposal-v1	SC1-82fc3b753828344f8c0685abd750365649a2791ccfc859c74af9f17c59da056d	S016267	1	P01	SYMBOLS.tsv	384519	status	aarch64	include/uapi/linux/netdev.h	conditional	endif@252	252	PENDING_REVIEW	COMPLETE	COMPLETE	vendor/linux/include/uapi/linux/netdev.h;vendor/linux/include/uapi/linux/netdev.h:252;rewrite/configs/aarch64/frozen.config;header_closure=rewrite/metadata/header_closure.tsv;selected=PENDING_REVIEW	425f94c2954b1fe80ebdbf9b29854e89750355df	f24cb1108af94200ee7a600fac46c70a86ad7f5182fa08b8da014df602b81fd2	a67200b9de936585f98f6aed0c4e4f7733d3ba0c36f4496d97e583cb7caf9ac6	0123af9e96b58af4e98b91a2de5608d36b63c67864b9041d3340587f3dbe40d2	cfa8dcf0d81c408de38d4202fe1ce9d9e5e301d1e67439c9530da94b1e64ee3f	7484d7b0dd80f45e18d726b04752827fe28555cc5c1af0e127948380e6688abf
semantic-proposal-v1	SC1-a9213bd13f1dcf4b0a370d27d98378c9295d2e69f0405408b8e1fee3713efd67	S016267	1	P01	SYMBOLS.tsv	384520	selection_expression	aarch64	include/uapi/linux/netdev.h	operative_macro	_UAPI_LINUX_NETDEV_H	8	PENDING_REVIEW	SOURCE_REVIEWED_VALUE	COMPLETE	vendor/linux/include/uapi/linux/netdev.h;vendor/linux/include/uapi/linux/netdev.h:8;rewrite/configs/aarch64/frozen.config;header_closure=rewrite/metadata/header_closure.tsv;selected=PENDING_REVIEW	425f94c2954b1fe80ebdbf9b29854e89750355df	f24cb1108af94200ee7a600fac46c70a86ad7f5182fa08b8da014df602b81fd2	a67200b9de936585f98f6aed0c4e4f7733d3ba0c36f4496d97e583cb7caf9ac6	0123af9e96b58af4e98b91a2de5608d36b63c67864b9041d3340587f3dbe40d2	cfa8dcf0d81c408de38d4202fe1ce9d9e5e301d1e67439c9530da94b1e64ee3f	7484d7b0dd80f45e18d726b04752827fe28555cc5c1af0e127948380e6688abf
semantic-proposal-v1	SC1-a38d7e3305694afa85ed2caf7a6435a893d7cc4829b542f5d9a49d25767b207d	S016267	1	P01	SYMBOLS.tsv	384520	status	aarch64	include/uapi/linux/netdev.h	operative_macro	_UAPI_LINUX_NETDEV_H	8	PENDING_REVIEW	COMPLETE	COMPLETE	vendor/linux/include/uapi/linux/netdev.h;vendor/linux/include/uapi/linux/netdev.h:8;rewrite/configs/aarch64/frozen.config;header_closure=rewrite/metadata/header_closure.tsv;selected=PENDING_REVIEW	425f94c2954b1fe80ebdbf9b29854e89750355df	f24cb1108af94200ee7a600fac46c70a86ad7f5182fa08b8da014df602b81fd2	a67200b9de936585f98f6aed0c4e4f7733d3ba0c36f4496d97e583cb7caf9ac6	0123af9e96b58af4e98b91a2de5608d36b63c67864b9041d3340587f3dbe40d2	cfa8dcf0d81c408de38d4202fe1ce9d9e5e301d1e67439c9530da94b1e64ee3f	7484d7b0dd80f45e18d726b04752827fe28555cc5c1af0e127948380e6688abf
semantic-proposal-v1	SC1-2b0780cf961cecf9f362d8a378aede1a07382de8bb261f6f815e61a06dc46d36	S016267	1	P01	SYMBOLS.tsv	384521	selection_expression	aarch64	include/uapi/linux/netdev.h	operative_macro	NETDEV_FAMILY_NAME	10	PENDING_REVIEW	SOURCE_REVIEWED_VALUE	COMPLETE	vendor/linux/include/uapi/linux/netdev.h;vendor/linux/include/uapi/linux/netdev.h:10;rewrite/configs/aarch64/frozen.config;header_closure=rewrite/metadata/header_closure.tsv;selected=PENDING_REVIEW	425f94c2954b1fe80ebdbf9b29854e89750355df	f24cb1108af94200ee7a600fac46c70a86ad7f5182fa08b8da014df602b81fd2	a67200b9de936585f98f6aed0c4e4f7733d3ba0c36f4496d97e583cb7caf9ac6	0123af9e96b58af4e98b91a2de5608d36b63c67864b9041d3340587f3dbe40d2	cfa8dcf0d81c408de38d4202fe1ce9d9e5e301d1e67439c9530da94b1e64ee3f	7484d7b0dd80f45e18d726b04752827fe28555cc5c1af0e127948380e6688abf
semantic-proposal-v1	SC1-6640c8a0f14346bade883b0f01d688681acf81b703eaa602603a651efc4e2e6f	S016267	1	P01	SYMBOLS.tsv	384521	status	aarch64	include/uapi/linux/netdev.h	operative_macro	NETDEV_FAMILY_NAME	10	PENDING_REVIEW	COMPLETE	COMPLETE	vendor/linux/include/uapi/linux/netdev.h;vendor/linux/include/uapi/linux/netdev.h:10;rewrite/configs/aarch64/frozen.config;header_closure=rewrite/metadata/header_closure.tsv;selected=PENDING_REVIEW	425f94c2954b1fe80ebdbf9b29854e89750355df	f24cb1108af94200ee7a600fac46c70a86ad7f5182fa08b8da014df602b81fd2	a67200b9de936585f98f6aed0c4e4f7733d3ba0c36f4496d97e583cb7caf9ac6	0123af9e96b58af4e98b91a2de5608d36b63c67864b9041d3340587f3dbe40d2	cfa8dcf0d81c408de38d4202fe1ce9d9e5e301d1e67439c9530da94b1e64ee3f	7484d7b0dd80f45e18d726b04752827fe28555cc5c1af0e127948380e6688abf
semantic-proposal-v1	SC1-bb2e03ee28e0957c1860e4986054bc13de42564ba608cee19ff721bbc1005b76	S016267	1	P01	SYMBOLS.tsv	384522	selection_expression	aarch64	include/uapi/linux/netdev.h	operative_macro	NETDEV_FAMILY_VERSION	11	PENDING_REVIEW	SOURCE_REVIEWED_VALUE	COMPLETE	vendor/linux/include/uapi/linux/netdev.h;vendor/linux/include/uapi/linux/netdev.h:11;rewrite/configs/aarch64/frozen.config;header_closure=rewrite/metadata/header_closure.tsv;selected=PENDING_REVIEW	425f94c2954b1fe80ebdbf9b29854e89750355df	f24cb1108af94200ee7a600fac46c70a86ad7f5182fa08b8da014df602b81fd2	a67200b9de936585f98f6aed0c4e4f7733d3ba0c36f4496d97e583cb7caf9ac6	0123af9e96b58af4e98b91a2de5608d36b63c67864b9041d3340587f3dbe40d2	cfa8dcf0d81c408de38d4202fe1ce9d9e5e301d1e67439c9530da94b1e64ee3f	7484d7b0dd80f45e18d726b04752827fe28555cc5c1af0e127948380e6688abf
semantic-proposal-v1	SC1-e85c1c3baf4e22c9949d0ae3475a7238e2c61497eb7c802cc5c1d61a69f592bb	S016267	1	P01	SYMBOLS.tsv	384522	status	aarch64	include/uapi/linux/netdev.h	operative_macro	NETDEV_FAMILY_VERSION	11	PENDING_REVIEW	COMPLETE	COMPLETE	vendor/linux/include/uapi/linux/netdev.h;vendor/linux/include/uapi/linux/netdev.h:11;rewrite/configs/aarch64/frozen.config;header_closure=rewrite/metadata/header_closure.tsv;selected=PENDING_REVIEW	425f94c2954b1fe80ebdbf9b29854e89750355df	f24cb1108af94200ee7a600fac46c70a86ad7f5182fa08b8da014df602b81fd2	a67200b9de936585f98f6aed0c4e4f7733d3ba0c36f4496d97e583cb7caf9ac6	0123af9e96b58af4e98b91a2de5608d36b63c67864b9041d3340587f3dbe40d2	cfa8dcf0d81c408de38d4202fe1ce9d9e5e301d1e67439c9530da94b1e64ee3f	7484d7b0dd80f45e18d726b04752827fe28555cc5c1af0e127948380e6688abf
semantic-proposal-v1	SC1-f2ec8c26ac9a162087526007207ae1c58d9ef5531bfa6235b4d4a6190cf4bb48	S016267	1	P01	SYMBOLS.tsv	384523	selection_expression	aarch64	include/uapi/linux/netdev.h	operative_macro	NETDEV_MCGRP_MGMT	249	PENDING_REVIEW	SOURCE_REVIEWED_VALUE	COMPLETE	vendor/linux/include/uapi/linux/netdev.h;vendor/linux/include/uapi/linux/netdev.h:249;rewrite/configs/aarch64/frozen.config;header_closure=rewrite/metadata/header_closure.tsv;selected=PENDING_REVIEW	425f94c2954b1fe80ebdbf9b29854e89750355df	f24cb1108af94200ee7a600fac46c70a86ad7f5182fa08b8da014df602b81fd2	a67200b9de936585f98f6aed0c4e4f7733d3ba0c36f4496d97e583cb7caf9ac6	0123af9e96b58af4e98b91a2de5608d36b63c67864b9041d3340587f3dbe40d2	cfa8dcf0d81c408de38d4202fe1ce9d9e5e301d1e67439c9530da94b1e64ee3f	7484d7b0dd80f45e18d726b04752827fe28555cc5c1af0e127948380e6688abf
semantic-proposal-v1	SC1-cc512775afea1e542ed69a1686343986043754397d0d3670cb6c126e8591547b	S016267	1	P01	SYMBOLS.tsv	384523	status	aarch64	include/uapi/linux/netdev.h	operative_macro	NETDEV_MCGRP_MGMT	249	PENDING_REVIEW	COMPLETE	COMPLETE	vendor/linux/include/uapi/linux/netdev.h;vendor/linux/include/uapi/linux/netdev.h:249;rewrite/configs/aarch64/frozen.config;header_closure=rewrite/metadata/header_closure.tsv;selected=PENDING_REVIEW	425f94c2954b1fe80ebdbf9b29854e89750355df	f24cb1108af94200ee7a600fac46c70a86ad7f5182fa08b8da014df602b81fd2	a67200b9de936585f98f6aed0c4e4f7733d3ba0c36f4496d97e583cb7caf9ac6	0123af9e96b58af4e98b91a2de5608d36b63c67864b9041d3340587f3dbe40d2	cfa8dcf0d81c408de38d4202fe1ce9d9e5e301d1e67439c9530da94b1e64ee3f	7484d7b0dd80f45e18d726b04752827fe28555cc5c1af0e127948380e6688abf
semantic-proposal-v1	SC1-70ffab2cdccc6c3f2ac8d0c06a91002ca0105404b0941de49f1be7a41bb6059c	S016267	1	P01	SYMBOLS.tsv	384524	selection_expression	aarch64	include/uapi/linux/netdev.h	operative_macro	NETDEV_MCGRP_PAGE_POOL	250	PENDING_REVIEW	SOURCE_REVIEWED_VALUE	COMPLETE	vendor/linux/include/uapi/linux/netdev.h;vendor/linux/include/uapi/linux/netdev.h:250;rewrite/configs/aarch64/frozen.config;header_closure=rewrite/metadata/header_closure.tsv;selected=PENDING_REVIEW	425f94c2954b1fe80ebdbf9b29854e89750355df	f24cb1108af94200ee7a600fac46c70a86ad7f5182fa08b8da014df602b81fd2	a67200b9de936585f98f6aed0c4e4f7733d3ba0c36f4496d97e583cb7caf9ac6	0123af9e96b58af4e98b91a2de5608d36b63c67864b9041d3340587f3dbe40d2	cfa8dcf0d81c408de38d4202fe1ce9d9e5e301d1e67439c9530da94b1e64ee3f	7484d7b0dd80f45e18d726b04752827fe28555cc5c1af0e127948380e6688abf
semantic-proposal-v1	SC1-6e9369777b3648431bcc3ca4d41237ecc90a6c1e3384faeeb854a95d44a5dc63	S016267	1	P01	SYMBOLS.tsv	384524	status	aarch64	include/uapi/linux/netdev.h	operative_macro	NETDEV_MCGRP_PAGE_POOL	250	PENDING_REVIEW	COMPLETE	COMPLETE	vendor/linux/include/uapi/linux/netdev.h;vendor/linux/include/uapi/linux/netdev.h:250;rewrite/configs/aarch64/frozen.config;header_closure=rewrite/metadata/header_closure.tsv;selected=PENDING_REVIEW	425f94c2954b1fe80ebdbf9b29854e89750355df	f24cb1108af94200ee7a600fac46c70a86ad7f5182fa08b8da014df602b81fd2	a67200b9de936585f98f6aed0c4e4f7733d3ba0c36f4496d97e583cb7caf9ac6	0123af9e96b58af4e98b91a2de5608d36b63c67864b9041d3340587f3dbe40d2	cfa8dcf0d81c408de38d4202fe1ce9d9e5e301d1e67439c9530da94b1e64ee3f	7484d7b0dd80f45e18d726b04752827fe28555cc5c1af0e127948380e6688abf
semantic-proposal-v1	SC1-0270418a4a9444b5d71ceca486422e5a733c6bf5aa3a2574e530a8ba8e8d4acf	S016267	1	P01	SYMBOLS.tsv	384525	selection_expression	aarch64	include/uapi/linux/netdev.h	type	enum netdev_xdp_act	29	PENDING_REVIEW	SOURCE_REVIEWED_VALUE	COMPLETE	vendor/linux/include/uapi/linux/netdev.h;vendor/linux/include/uapi/linux/netdev.h:29;rewrite/configs/aarch64/frozen.config;header_closure=rewrite/metadata/header_closure.tsv;selected=PENDING_REVIEW	425f94c2954b1fe80ebdbf9b29854e89750355df	f24cb1108af94200ee7a600fac46c70a86ad7f5182fa08b8da014df602b81fd2	a67200b9de936585f98f6aed0c4e4f7733d3ba0c36f4496d97e583cb7caf9ac6	0123af9e96b58af4e98b91a2de5608d36b63c67864b9041d3340587f3dbe40d2	cfa8dcf0d81c408de38d4202fe1ce9d9e5e301d1e67439c9530da94b1e64ee3f	7484d7b0dd80f45e18d726b04752827fe28555cc5c1af0e127948380e6688abf
semantic-proposal-v1	SC1-0a072a0c2fb8b51f19aac281677d71c40ad879937240661cf2e66e773e66ebc0	S016267	1	P01	SYMBOLS.tsv	384525	status	aarch64	include/uapi/linux/netdev.h	type	enum netdev_xdp_act	29	PENDING_REVIEW	COMPLETE	COMPLETE	vendor/linux/include/uapi/linux/netdev.h;vendor/linux/include/uapi/linux/netdev.h:29;rewrite/configs/aarch64/frozen.config;header_closure=rewrite/metadata/header_closure.tsv;selected=PENDING_REVIEW	425f94c2954b1fe80ebdbf9b29854e89750355df	f24cb1108af94200ee7a600fac46c70a86ad7f5182fa08b8da014df602b81fd2	a67200b9de936585f98f6aed0c4e4f7733d3ba0c36f4496d97e583cb7caf9ac6	0123af9e96b58af4e98b91a2de5608d36b63c67864b9041d3340587f3dbe40d2	cfa8dcf0d81c408de38d4202fe1ce9d9e5e301d1e67439c9530da94b1e64ee3f	7484d7b0dd80f45e18d726b04752827fe28555cc5c1af0e127948380e6688abf
semantic-proposal-v1	SC1-a418b7221937f210f717d4ccd41624074ccf8b8c83112bc6bcc2fb69bdb7bbdc	S016267	1	P01	SYMBOLS.tsv	384526	selection_expression	aarch64	include/uapi/linux/netdev.h	enum_constant	NETDEV_XDP_ACT_BASIC	30	PENDING_REVIEW	SOURCE_REVIEWED_VALUE	COMPLETE	vendor/linux/include/uapi/linux/netdev.h;vendor/linux/include/uapi/linux/netdev.h:30;rewrite/configs/aarch64/frozen.config;header_closure=rewrite/metadata/header_closure.tsv;selected=PENDING_REVIEW	425f94c2954b1fe80ebdbf9b29854e89750355df	f24cb1108af94200ee7a600fac46c70a86ad7f5182fa08b8da014df602b81fd2	a67200b9de936585f98f6aed0c4e4f7733d3ba0c36f4496d97e583cb7caf9ac6	0123af9e96b58af4e98b91a2de5608d36b63c67864b9041d3340587f3dbe40d2	cfa8dcf0d81c408de38d4202fe1ce9d9e5e301d1e67439c9530da94b1e64ee3f	7484d7b0dd80f45e18d726b04752827fe28555cc5c1af0e127948380e6688abf
semantic-proposal-v1	SC1-14ea750558e58612f4aea0095b80c300f6a633ed5e0e47e8361d88770a948845	S016267	1	P01	SYMBOLS.tsv	384526	status	aarch64	include/uapi/linux/netdev.h	enum_constant	NETDEV_XDP_ACT_BASIC	30	PENDING_REVIEW	COMPLETE	COMPLETE	vendor/linux/include/uapi/linux/netdev.h;vendor/linux/include/uapi/linux/netdev.h:30;rewrite/configs/aarch64/frozen.config;header_closure=rewrite/metadata/header_closure.tsv;selected=PENDING_REVIEW	425f94c2954b1fe80ebdbf9b29854e89750355df	f24cb1108af94200ee7a600fac46c70a86ad7f5182fa08b8da014df602b81fd2	a67200b9de936585f98f6aed0c4e4f7733d3ba0c36f4496d97e583cb7caf9ac6	0123af9e96b58af4e98b91a2de5608d36b63c67864b9041d3340587f3dbe40d2	cfa8dcf0d81c408de38d4202fe1ce9d9e5e301d1e67439c9530da94b1e64ee3f	7484d7b0dd80f45e18d726b04752827fe28555cc5c1af0e127948380e6688abf
semantic-proposal-v1	SC1-69d9692a1f54654ee3ac2d8cf516a920f1076b44c9a8a3bf34b21a4c45db2e9c	S016267	1	P01	SYMBOLS.tsv	384527	selection_expression	aarch64	include/uapi/linux/netdev.h	enum_constant	NETDEV_XDP_ACT_REDIRECT	31	PENDING_REVIEW	SOURCE_REVIEWED_VALUE	COMPLETE	vendor/linux/include/uapi/linux/netdev.h;vendor/linux/include/uapi/linux/netdev.h:31;rewrite/configs/aarch64/frozen.config;header_closure=rewrite/metadata/header_closure.tsv;selected=PENDING_REVIEW	425f94c2954b1fe80ebdbf9b29854e89750355df	f24cb1108af94200ee7a600fac46c70a86ad7f5182fa08b8da014df602b81fd2	a67200b9de936585f98f6aed0c4e4f7733d3ba0c36f4496d97e583cb7caf9ac6	0123af9e96b58af4e98b91a2de5608d36b63c67864b9041d3340587f3dbe40d2	cfa8dcf0d81c408de38d4202fe1ce9d9e5e301d1e67439c9530da94b1e64ee3f	7484d7b0dd80f45e18d726b04752827fe28555cc5c1af0e127948380e6688abf
semantic-proposal-v1	SC1-3bfa47824a62aef20551089c33cbdedc69f43584610126138b59e778dbf1bbba	S016267	1	P01	SYMBOLS.tsv	384527	status	aarch64	include/uapi/linux/netdev.h	enum_constant	NETDEV_XDP_ACT_REDIRECT	31	PENDING_REVIEW	COMPLETE	COMPLETE	vendor/linux/include/uapi/linux/netdev.h;vendor/linux/include/uapi/linux/netdev.h:31;rewrite/configs/aarch64/frozen.config;header_closure=rewrite/metadata/header_closure.tsv;selected=PENDING_REVIEW	425f94c2954b1fe80ebdbf9b29854e89750355df	f24cb1108af94200ee7a600fac46c70a86ad7f5182fa08b8da014df602b81fd2	a67200b9de936585f98f6aed0c4e4f7733d3ba0c36f4496d97e583cb7caf9ac6	0123af9e96b58af4e98b91a2de5608d36b63c67864b9041d3340587f3dbe40d2	cfa8dcf0d81c408de38d4202fe1ce9d9e5e301d1e67439c9530da94b1e64ee3f	7484d7b0dd80f45e18d726b04752827fe28555cc5c1af0e127948380e6688abf
semantic-proposal-v1	SC1-4a09767d77146c25ac0faaa03c985bf0a2215bfdc8f7d0c580dfe79cdabf0a3e	S016267	1	P01	SYMBOLS.tsv	384528	selection_expression	aarch64	include/uapi/linux/netdev.h	enum_constant	NETDEV_XDP_ACT_NDO_XMIT	32	PENDING_REVIEW	SOURCE_REVIEWED_VALUE	COMPLETE	vendor/linux/include/uapi/linux/netdev.h;vendor/linux/include/uapi/linux/netdev.h:32;rewrite/configs/aarch64/frozen.config;header_closure=rewrite/metadata/header_closure.tsv;selected=PENDING_REVIEW	425f94c2954b1fe80ebdbf9b29854e89750355df	f24cb1108af94200ee7a600fac46c70a86ad7f5182fa08b8da014df602b81fd2	a67200b9de936585f98f6aed0c4e4f7733d3ba0c36f4496d97e583cb7caf9ac6	0123af9e96b58af4e98b91a2de5608d36b63c67864b9041d3340587f3dbe40d2	cfa8dcf0d81c408de38d4202fe1ce9d9e5e301d1e67439c9530da94b1e64ee3f	7484d7b0dd80f45e18d726b04752827fe28555cc5c1af0e127948380e6688abf
semantic-proposal-v1	SC1-5ea551e00fcc78c17282cbf656d1625ddfd45fd3a4f80a91d5bb24784599224f	S016267	1	P01	SYMBOLS.tsv	384528	status	aarch64	include/uapi/linux/netdev.h	enum_constant	NETDEV_XDP_ACT_NDO_XMIT	32	PENDING_REVIEW	COMPLETE	COMPLETE	vendor/linux/include/uapi/linux/netdev.h;vendor/linux/include/uapi/linux/netdev.h:32;rewrite/configs/aarch64/frozen.config;header_closure=rewrite/metadata/header_closure.tsv;selected=PENDING_REVIEW	425f94c2954b1fe80ebdbf9b29854e89750355df	f24cb1108af94200ee7a600fac46c70a86ad7f5182fa08b8da014df602b81fd2	a67200b9de936585f98f6aed0c4e4f7733d3ba0c36f4496d97e583cb7caf9ac6	0123af9e96b58af4e98b91a2de5608d36b63c67864b9041d3340587f3dbe40d2	cfa8dcf0d81c408de38d4202fe1ce9d9e5e301d1e67439c9530da94b1e64ee3f	7484d7b0dd80f45e18d726b04752827fe28555cc5c1af0e127948380e6688abf
semantic-proposal-v1	SC1-dd27e0894a894810acd61aa140ef24bb31dee9013d2a83445c85557aee73a9b3	S016267	1	P01	SYMBOLS.tsv	384529	selection_expression	aarch64	include/uapi/linux/netdev.h	enum_constant	NETDEV_XDP_ACT_XSK_ZEROCOPY	33	PENDING_REVIEW	SOURCE_REVIEWED_VALUE	COMPLETE	vendor/linux/include/uapi/linux/netdev.h;vendor/linux/include/uapi/linux/netdev.h:33;rewrite/configs/aarch64/frozen.config;header_closure=rewrite/metadata/header_closure.tsv;selected=PENDING_REVIEW	425f94c2954b1fe80ebdbf9b29854e89750355df	f24cb1108af94200ee7a600fac46c70a86ad7f5182fa08b8da014df602b81fd2	a67200b9de936585f98f6aed0c4e4f7733d3ba0c36f4496d97e583cb7caf9ac6	0123af9e96b58af4e98b91a2de5608d36b63c67864b9041d3340587f3dbe40d2	cfa8dcf0d81c408de38d4202fe1ce9d9e5e301d1e67439c9530da94b1e64ee3f	7484d7b0dd80f45e18d726b04752827fe28555cc5c1af0e127948380e6688abf
semantic-proposal-v1	SC1-abd91b37512166f999aeb0e7b75a982597b3c1e9a6437a3cc02119f3abea9a79	S016267	1	P01	SYMBOLS.tsv	384529	status	aarch64	include/uapi/linux/netdev.h	enum_constant	NETDEV_XDP_ACT_XSK_ZEROCOPY	33	PENDING_REVIEW	COMPLETE	COMPLETE	vendor/linux/include/uapi/linux/netdev.h;vendor/linux/include/uapi/linux/netdev.h:33;rewrite/configs/aarch64/frozen.config;header_closure=rewrite/metadata/header_closure.tsv;selected=PENDING_REVIEW	425f94c2954b1fe80ebdbf9b29854e89750355df	f24cb1108af94200ee7a600fac46c70a86ad7f5182fa08b8da014df602b81fd2	a67200b9de936585f98f6aed0c4e4f7733d3ba0c36f4496d97e583cb7caf9ac6	0123af9e96b58af4e98b91a2de5608d36b63c67864b9041d3340587f3dbe40d2	cfa8dcf0d81c408de38d4202fe1ce9d9e5e301d1e67439c9530da94b1e64ee3f	7484d7b0dd80f45e18d726b04752827fe28555cc5c1af0e127948380e6688abf
semantic-proposal-v1	SC1-4e3d453571a1ccd69b13661c1a4eafa878783e174d705f3c374fa7a5a35c7da8	S016267	1	P01	SYMBOLS.tsv	384530	selection_expression	aarch64	include/uapi/linux/netdev.h	enum_constant	NETDEV_XDP_ACT_HW_OFFLOAD	34	PENDING_REVIEW	SOURCE_REVIEWED_VALUE	COMPLETE	vendor/linux/include/uapi/linux/netdev.h;vendor/linux/include/uapi/linux/netdev.h:34;rewrite/configs/aarch64/frozen.config;header_closure=rewrite/metadata/header_closure.tsv;selected=PENDING_REVIEW	425f94c2954b1fe80ebdbf9b29854e89750355df	f24cb1108af94200ee7a600fac46c70a86ad7f5182fa08b8da014df602b81fd2	a67200b9de936585f98f6aed0c4e4f7733d3ba0c36f4496d97e583cb7caf9ac6	0123af9e96b58af4e98b91a2de5608d36b63c67864b9041d3340587f3dbe40d2	cfa8dcf0d81c408de38d4202fe1ce9d9e5e301d1e67439c9530da94b1e64ee3f	7484d7b0dd80f45e18d726b04752827fe28555cc5c1af0e127948380e6688abf
semantic-proposal-v1	SC1-afb7da11acffa6f39812116b4bd21c44191fae6298c16c788bca8f6d4d686d57	S016267	1	P01	SYMBOLS.tsv	384530	status	aarch64	include/uapi/linux/netdev.h	enum_constant	NETDEV_XDP_ACT_HW_OFFLOAD	34	PENDING_REVIEW	COMPLETE	COMPLETE	vendor/linux/include/uapi/linux/netdev.h;vendor/linux/include/uapi/linux/netdev.h:34;rewrite/configs/aarch64/frozen.config;header_closure=rewrite/metadata/header_closure.tsv;selected=PENDING_REVIEW	425f94c2954b1fe80ebdbf9b29854e89750355df	f24cb1108af94200ee7a600fac46c70a86ad7f5182fa08b8da014df602b81fd2	a67200b9de936585f98f6aed0c4e4f7733d3ba0c36f4496d97e583cb7caf9ac6	0123af9e96b58af4e98b91a2de5608d36b63c67864b9041d3340587f3dbe40d2	cfa8dcf0d81c408de38d4202fe1ce9d9e5e301d1e67439c9530da94b1e64ee3f	7484d7b0dd80f45e18d726b04752827fe28555cc5c1af0e127948380e6688abf
semantic-proposal-v1	SC1-9f96aadb50818f06c0509c73835952582f9092c41dd78f89952222462e5c42a8	S016267	1	P01	SYMBOLS.tsv	384531	selection_expression	aarch64	include/uapi/linux/netdev.h	enum_constant	NETDEV_XDP_ACT_RX_SG	35	PENDING_REVIEW	SOURCE_REVIEWED_VALUE	COMPLETE	vendor/linux/include/uapi/linux/netdev.h;vendor/linux/include/uapi/linux/netdev.h:35;rewrite/configs/aarch64/frozen.config;header_closure=rewrite/metadata/header_closure.tsv;selected=PENDING_REVIEW	425f94c2954b1fe80ebdbf9b29854e89750355df	f24cb1108af94200ee7a600fac46c70a86ad7f5182fa08b8da014df602b81fd2	a67200b9de936585f98f6aed0c4e4f7733d3ba0c36f4496d97e583cb7caf9ac6	0123af9e96b58af4e98b91a2de5608d36b63c67864b9041d3340587f3dbe40d2	cfa8dcf0d81c408de38d4202fe1ce9d9e5e301d1e67439c9530da94b1e64ee3f	7484d7b0dd80f45e18d726b04752827fe28555cc5c1af0e127948380e6688abf
semantic-proposal-v1	SC1-c4c7d80e8056549529e475474dd698ac26304841591ef897eaa7456362c3d73a	S016267	1	P01	SYMBOLS.tsv	384531	status	aarch64	include/uapi/linux/netdev.h	enum_constant	NETDEV_XDP_ACT_RX_SG	35	PENDING_REVIEW	COMPLETE	COMPLETE	vendor/linux/include/uapi/linux/netdev.h;vendor/linux/include/uapi/linux/netdev.h:35;rewrite/configs/aarch64/frozen.config;header_closure=rewrite/metadata/header_closure.tsv;selected=PENDING_REVIEW	425f94c2954b1fe80ebdbf9b29854e89750355df	f24cb1108af94200ee7a600fac46c70a86ad7f5182fa08b8da014df602b81fd2	a67200b9de936585f98f6aed0c4e4f7733d3ba0c36f4496d97e583cb7caf9ac6	0123af9e96b58af4e98b91a2de5608d36b63c67864b9041d3340587f3dbe40d2	cfa8dcf0d81c408de38d4202fe1ce9d9e5e301d1e67439c9530da94b1e64ee3f	7484d7b0dd80f45e18d726b04752827fe28555cc5c1af0e127948380e6688abf
semantic-proposal-v1	SC1-0f3b5a84749937fb1590ab657744098258801c1796fd28a3e56f21497bda67a7	S016267	1	P01	SYMBOLS.tsv	384532	selection_expression	aarch64	include/uapi/linux/netdev.h	enum_constant	NETDEV_XDP_ACT_NDO_XMIT_SG	36	PENDING_REVIEW	SOURCE_REVIEWED_VALUE	COMPLETE	vendor/linux/include/uapi/linux/netdev.h;vendor/linux/include/uapi/linux/netdev.h:36;rewrite/configs/aarch64/frozen.config;header_closure=rewrite/metadata/header_closure.tsv;selected=PENDING_REVIEW	425f94c2954b1fe80ebdbf9b29854e89750355df	f24cb1108af94200ee7a600fac46c70a86ad7f5182fa08b8da014df602b81fd2	a67200b9de936585f98f6aed0c4e4f7733d3ba0c36f4496d97e583cb7caf9ac6	0123af9e96b58af4e98b91a2de5608d36b63c67864b9041d3340587f3dbe40d2	cfa8dcf0d81c408de38d4202fe1ce9d9e5e301d1e67439c9530da94b1e64ee3f	7484d7b0dd80f45e18d726b04752827fe28555cc5c1af0e127948380e6688abf
semantic-proposal-v1	SC1-4bdea4a8eb053812d1853aaa3654e80dec440d5d8c763eb2e0e3e588da1ee9c9	S016267	1	P01	SYMBOLS.tsv	384532	status	aarch64	include/uapi/linux/netdev.h	enum_constant	NETDEV_XDP_ACT_NDO_XMIT_SG	36	PENDING_REVIEW	COMPLETE	COMPLETE	vendor/linux/include/uapi/linux/netdev.h;vendor/linux/include/uapi/linux/netdev.h:36;rewrite/configs/aarch64/frozen.config;header_closure=rewrite/metadata/header_closure.tsv;selected=PENDING_REVIEW	425f94c2954b1fe80ebdbf9b29854e89750355df	f24cb1108af94200ee7a600fac46c70a86ad7f5182fa08b8da014df602b81fd2	a67200b9de936585f98f6aed0c4e4f7733d3ba0c36f4496d97e583cb7caf9ac6	0123af9e96b58af4e98b91a2de5608d36b63c67864b9041d3340587f3dbe40d2	cfa8dcf0d81c408de38d4202fe1ce9d9e5e301d1e67439c9530da94b1e64ee3f	7484d7b0dd80f45e18d726b04752827fe28555cc5c1af0e127948380e6688abf
semantic-proposal-v1	SC1-7eac8ada4f7391224455d811b3c4967cfec33d2828a4597e589ba4d427e6b2da	S016267	1	P01	SYMBOLS.tsv	384533	selection_expression	aarch64	include/uapi/linux/netdev.h	enum_constant	NETDEV_XDP_ACT_MASK	39	PENDING_REVIEW	SOURCE_REVIEWED_VALUE	COMPLETE	vendor/linux/include/uapi/linux/netdev.h;vendor/linux/include/uapi/linux/netdev.h:39;rewrite/configs/aarch64/frozen.config;header_closure=rewrite/metadata/header_closure.tsv;selected=PENDING_REVIEW	425f94c2954b1fe80ebdbf9b29854e89750355df	f24cb1108af94200ee7a600fac46c70a86ad7f5182fa08b8da014df602b81fd2	a67200b9de936585f98f6aed0c4e4f7733d3ba0c36f4496d97e583cb7caf9ac6	0123af9e96b58af4e98b91a2de5608d36b63c67864b9041d3340587f3dbe40d2	cfa8dcf0d81c408de38d4202fe1ce9d9e5e301d1e67439c9530da94b1e64ee3f	7484d7b0dd80f45e18d726b04752827fe28555cc5c1af0e127948380e6688abf
semantic-proposal-v1	SC1-5bede9583c9894b29e111ffd381e89e6faa1be22487dbe149a9a0e082beb7167	S016267	1	P01	SYMBOLS.tsv	384533	status	aarch64	include/uapi/linux/netdev.h	enum_constant	NETDEV_XDP_ACT_MASK	39	PENDING_REVIEW	COMPLETE	COMPLETE	vendor/linux/include/uapi/linux/netdev.h;vendor/linux/include/uapi/linux/netdev.h:39;rewrite/configs/aarch64/frozen.config;header_closure=rewrite/metadata/header_closure.tsv;selected=PENDING_REVIEW	425f94c2954b1fe80ebdbf9b29854e89750355df	f24cb1108af94200ee7a600fac46c70a86ad7f5182fa08b8da014df602b81fd2	a67200b9de936585f98f6aed0c4e4f7733d3ba0c36f4496d97e583cb7caf9ac6	0123af9e96b58af4e98b91a2de5608d36b63c67864b9041d3340587f3dbe40d2	cfa8dcf0d81c408de38d4202fe1ce9d9e5e301d1e67439c9530da94b1e64ee3f	7484d7b0dd80f45e18d726b04752827fe28555cc5c1af0e127948380e6688abf
semantic-proposal-v1	SC1-a877eec818e0ec8a7874853562ed97d42d0c7022cc29469326a5ab49609e6e30	S016267	1	P01	SYMBOLS.tsv	384534	selection_expression	aarch64	include/uapi/linux/netdev.h	type	enum netdev_xdp_rx_metadata	51	PENDING_REVIEW	SOURCE_REVIEWED_VALUE	COMPLETE	vendor/linux/include/uapi/linux/netdev.h;vendor/linux/include/uapi/linux/netdev.h:51;rewrite/configs/aarch64/frozen.config;header_closure=rewrite/metadata/header_closure.tsv;selected=PENDING_REVIEW	425f94c2954b1fe80ebdbf9b29854e89750355df	f24cb1108af94200ee7a600fac46c70a86ad7f5182fa08b8da014df602b81fd2	a67200b9de936585f98f6aed0c4e4f7733d3ba0c36f4496d97e583cb7caf9ac6	0123af9e96b58af4e98b91a2de5608d36b63c67864b9041d3340587f3dbe40d2	cfa8dcf0d81c408de38d4202fe1ce9d9e5e301d1e67439c9530da94b1e64ee3f	7484d7b0dd80f45e18d726b04752827fe28555cc5c1af0e127948380e6688abf
semantic-proposal-v1	SC1-89b0238863d3d4fd366068b3079dba0935089b07c63a5716271b4c9b0f0c9111	S016267	1	P01	SYMBOLS.tsv	384534	status	aarch64	include/uapi/linux/netdev.h	type	enum netdev_xdp_rx_metadata	51	PENDING_REVIEW	COMPLETE	COMPLETE	vendor/linux/include/uapi/linux/netdev.h;vendor/linux/include/uapi/linux/netdev.h:51;rewrite/configs/aarch64/frozen.config;header_closure=rewrite/metadata/header_closure.tsv;selected=PENDING_REVIEW	425f94c2954b1fe80ebdbf9b29854e89750355df	f24cb1108af94200ee7a600fac46c70a86ad7f5182fa08b8da014df602b81fd2	a67200b9de936585f98f6aed0c4e4f7733d3ba0c36f4496d97e583cb7caf9ac6	0123af9e96b58af4e98b91a2de5608d36b63c67864b9041d3340587f3dbe40d2	cfa8dcf0d81c408de38d4202fe1ce9d9e5e301d1e67439c9530da94b1e64ee3f	7484d7b0dd80f45e18d726b04752827fe28555cc5c1af0e127948380e6688abf
semantic-proposal-v1	SC1-f47e42db528dc0e8488f97367a2d47ecb043ce0ed6929507d4317cf9beb37100	S016267	1	P01	SYMBOLS.tsv	384535	selection_expression	aarch64	include/uapi/linux/netdev.h	enum_constant	NETDEV_XDP_RX_METADATA_TIMESTAMP	52	PENDING_REVIEW	SOURCE_REVIEWED_VALUE	COMPLETE	vendor/linux/include/uapi/linux/netdev.h;vendor/linux/include/uapi/linux/netdev.h:52;rewrite/configs/aarch64/frozen.config;header_closure=rewrite/metadata/header_closure.tsv;selected=PENDING_REVIEW	425f94c2954b1fe80ebdbf9b29854e89750355df	f24cb1108af94200ee7a600fac46c70a86ad7f5182fa08b8da014df602b81fd2	a67200b9de936585f98f6aed0c4e4f7733d3ba0c36f4496d97e583cb7caf9ac6	0123af9e96b58af4e98b91a2de5608d36b63c67864b9041d3340587f3dbe40d2	cfa8dcf0d81c408de38d4202fe1ce9d9e5e301d1e67439c9530da94b1e64ee3f	7484d7b0dd80f45e18d726b04752827fe28555cc5c1af0e127948380e6688abf
semantic-proposal-v1	SC1-6546f71e81284cfc256740e5577d3bfa56b3b5fe896befacceda293893b9219b	S016267	1	P01	SYMBOLS.tsv	384535	status	aarch64	include/uapi/linux/netdev.h	enum_constant	NETDEV_XDP_RX_METADATA_TIMESTAMP	52	PENDING_REVIEW	COMPLETE	COMPLETE	vendor/linux/include/uapi/linux/netdev.h;vendor/linux/include/uapi/linux/netdev.h:52;rewrite/configs/aarch64/frozen.config;header_closure=rewrite/metadata/header_closure.tsv;selected=PENDING_REVIEW	425f94c2954b1fe80ebdbf9b29854e89750355df	f24cb1108af94200ee7a600fac46c70a86ad7f5182fa08b8da014df602b81fd2	a67200b9de936585f98f6aed0c4e4f7733d3ba0c36f4496d97e583cb7caf9ac6	0123af9e96b58af4e98b91a2de5608d36b63c67864b9041d3340587f3dbe40d2	cfa8dcf0d81c408de38d4202fe1ce9d9e5e301d1e67439c9530da94b1e64ee3f	7484d7b0dd80f45e18d726b04752827fe28555cc5c1af0e127948380e6688abf
semantic-proposal-v1	SC1-3a3e0fe81e4c043cfc2a9666ad4bdcbdc7dd154a1cbb5f7bfb32921c914b6c66	S016267	1	P01	SYMBOLS.tsv	384536	selection_expression	aarch64	include/uapi/linux/netdev.h	enum_constant	NETDEV_XDP_RX_METADATA_HASH	53	PENDING_REVIEW	SOURCE_REVIEWED_VALUE	COMPLETE	vendor/linux/include/uapi/linux/netdev.h;vendor/linux/include/uapi/linux/netdev.h:53;rewrite/configs/aarch64/frozen.config;header_closure=rewrite/metadata/header_closure.tsv;selected=PENDING_REVIEW	425f94c2954b1fe80ebdbf9b29854e89750355df	f24cb1108af94200ee7a600fac46c70a86ad7f5182fa08b8da014df602b81fd2	a67200b9de936585f98f6aed0c4e4f7733d3ba0c36f4496d97e583cb7caf9ac6	0123af9e96b58af4e98b91a2de5608d36b63c67864b9041d3340587f3dbe40d2	cfa8dcf0d81c408de38d4202fe1ce9d9e5e301d1e67439c9530da94b1e64ee3f	7484d7b0dd80f45e18d726b04752827fe28555cc5c1af0e127948380e6688abf
semantic-proposal-v1	SC1-61cd9823ec6e2eba49856305c059959e2839951d460d7d0d4b67c7dbfcff0d34	S016267	1	P01	SYMBOLS.tsv	384536	status	aarch64	include/uapi/linux/netdev.h	enum_constant	NETDEV_XDP_RX_METADATA_HASH	53	PENDING_REVIEW	COMPLETE	COMPLETE	vendor/linux/include/uapi/linux/netdev.h;vendor/linux/include/uapi/linux/netdev.h:53;rewrite/configs/aarch64/frozen.config;header_closure=rewrite/metadata/header_closure.tsv;selected=PENDING_REVIEW	425f94c2954b1fe80ebdbf9b29854e89750355df	f24cb1108af94200ee7a600fac46c70a86ad7f5182fa08b8da014df602b81fd2	a67200b9de936585f98f6aed0c4e4f7733d3ba0c36f4496d97e583cb7caf9ac6	0123af9e96b58af4e98b91a2de5608d36b63c67864b9041d3340587f3dbe40d2	cfa8dcf0d81c408de38d4202fe1ce9d9e5e301d1e67439c9530da94b1e64ee3f	7484d7b0dd80f45e18d726b04752827fe28555cc5c1af0e127948380e6688abf
semantic-proposal-v1	SC1-ca6cacacca681d8df8e45e98998941ab73dcea598377aba6299aa6a65efdf2c3	S016267	1	P01	SYMBOLS.tsv	384537	selection_expression	aarch64	include/uapi/linux/netdev.h	enum_constant	NETDEV_XDP_RX_METADATA_VLAN_TAG	54	PENDING_REVIEW	SOURCE_REVIEWED_VALUE	COMPLETE	vendor/linux/include/uapi/linux/netdev.h;vendor/linux/include/uapi/linux/netdev.h:54;rewrite/configs/aarch64/frozen.config;header_closure=rewrite/metadata/header_closure.tsv;selected=PENDING_REVIEW	425f94c2954b1fe80ebdbf9b29854e89750355df	f24cb1108af94200ee7a600fac46c70a86ad7f5182fa08b8da014df602b81fd2	a67200b9de936585f98f6aed0c4e4f7733d3ba0c36f4496d97e583cb7caf9ac6	0123af9e96b58af4e98b91a2de5608d36b63c67864b9041d3340587f3dbe40d2	cfa8dcf0d81c408de38d4202fe1ce9d9e5e301d1e67439c9530da94b1e64ee3f	7484d7b0dd80f45e18d726b04752827fe28555cc5c1af0e127948380e6688abf
semantic-proposal-v1	SC1-f5f76fa5b394bc4ac21de3be20795baf76d82d6ab094980a1940faed9ad87fa9	S016267	1	P01	SYMBOLS.tsv	384537	status	aarch64	include/uapi/linux/netdev.h	enum_constant	NETDEV_XDP_RX_METADATA_VLAN_TAG	54	PENDING_REVIEW	COMPLETE	COMPLETE	vendor/linux/include/uapi/linux/netdev.h;vendor/linux/include/uapi/linux/netdev.h:54;rewrite/configs/aarch64/frozen.config;header_closure=rewrite/metadata/header_closure.tsv;selected=PENDING_REVIEW	425f94c2954b1fe80ebdbf9b29854e89750355df	f24cb1108af94200ee7a600fac46c70a86ad7f5182fa08b8da014df602b81fd2	a67200b9de936585f98f6aed0c4e4f7733d3ba0c36f4496d97e583cb7caf9ac6	0123af9e96b58af4e98b91a2de5608d36b63c67864b9041d3340587f3dbe40d2	cfa8dcf0d81c408de38d4202fe1ce9d9e5e301d1e67439c9530da94b1e64ee3f	7484d7b0dd80f45e18d726b04752827fe28555cc5c1af0e127948380e6688abf
semantic-proposal-v1	SC1-04a9fbe14a688c499f0a85e0c0a0cdc10c73e5f7609027f5a574d6c3d3308c04	S016267	1	P01	SYMBOLS.tsv	384538	selection_expression	aarch64	include/uapi/linux/netdev.h	type	enum netdev_xsk_flags	66	PENDING_REVIEW	SOURCE_REVIEWED_VALUE	COMPLETE	vendor/linux/include/uapi/linux/netdev.h;vendor/linux/include/uapi/linux/netdev.h:66;rewrite/configs/aarch64/frozen.config;header_closure=rewrite/metadata/header_closure.tsv;selected=PENDING_REVIEW	425f94c2954b1fe80ebdbf9b29854e89750355df	f24cb1108af94200ee7a600fac46c70a86ad7f5182fa08b8da014df602b81fd2	a67200b9de936585f98f6aed0c4e4f7733d3ba0c36f4496d97e583cb7caf9ac6	0123af9e96b58af4e98b91a2de5608d36b63c67864b9041d3340587f3dbe40d2	cfa8dcf0d81c408de38d4202fe1ce9d9e5e301d1e67439c9530da94b1e64ee3f	7484d7b0dd80f45e18d726b04752827fe28555cc5c1af0e127948380e6688abf
semantic-proposal-v1	SC1-d6177836fcd0ebab540020160b3a8aa0406ecb382d049eb978b8c5da8c4ea5a1	S016267	1	P01	SYMBOLS.tsv	384538	status	aarch64	include/uapi/linux/netdev.h	type	enum netdev_xsk_flags	66	PENDING_REVIEW	COMPLETE	COMPLETE	vendor/linux/include/uapi/linux/netdev.h;vendor/linux/include/uapi/linux/netdev.h:66;rewrite/configs/aarch64/frozen.config;header_closure=rewrite/metadata/header_closure.tsv;selected=PENDING_REVIEW	425f94c2954b1fe80ebdbf9b29854e89750355df	f24cb1108af94200ee7a600fac46c70a86ad7f5182fa08b8da014df602b81fd2	a67200b9de936585f98f6aed0c4e4f7733d3ba0c36f4496d97e583cb7caf9ac6	0123af9e96b58af4e98b91a2de5608d36b63c67864b9041d3340587f3dbe40d2	cfa8dcf0d81c408de38d4202fe1ce9d9e5e301d1e67439c9530da94b1e64ee3f	7484d7b0dd80f45e18d726b04752827fe28555cc5c1af0e127948380e6688abf
semantic-proposal-v1	SC1-f9551a65cfbe9110fe1efb09740adb6a808aee4e6fb9041d9dca6bb0b9204645	S016267	1	P01	SYMBOLS.tsv	384539	selection_expression	aarch64	include/uapi/linux/netdev.h	enum_constant	NETDEV_XSK_FLAGS_TX_TIMESTAMP	67	PENDING_REVIEW	SOURCE_REVIEWED_VALUE	COMPLETE	vendor/linux/include/uapi/linux/netdev.h;vendor/linux/include/uapi/linux/netdev.h:67;rewrite/configs/aarch64/frozen.config;header_closure=rewrite/metadata/header_closure.tsv;selected=PENDING_REVIEW	425f94c2954b1fe80ebdbf9b29854e89750355df	f24cb1108af94200ee7a600fac46c70a86ad7f5182fa08b8da014df602b81fd2	a67200b9de936585f98f6aed0c4e4f7733d3ba0c36f4496d97e583cb7caf9ac6	0123af9e96b58af4e98b91a2de5608d36b63c67864b9041d3340587f3dbe40d2	cfa8dcf0d81c408de38d4202fe1ce9d9e5e301d1e67439c9530da94b1e64ee3f	7484d7b0dd80f45e18d726b04752827fe28555cc5c1af0e127948380e6688abf
semantic-proposal-v1	SC1-4009b67bfd446b54f9c8d6cecbe9d01535436fe3e22e9174aaaf7713340d9156	S016267	1	P01	SYMBOLS.tsv	384539	status	aarch64	include/uapi/linux/netdev.h	enum_constant	NETDEV_XSK_FLAGS_TX_TIMESTAMP	67	PENDING_REVIEW	COMPLETE	COMPLETE	vendor/linux/include/uapi/linux/netdev.h;vendor/linux/include/uapi/linux/netdev.h:67;rewrite/configs/aarch64/frozen.config;header_closure=rewrite/metadata/header_closure.tsv;selected=PENDING_REVIEW	425f94c2954b1fe80ebdbf9b29854e89750355df	f24cb1108af94200ee7a600fac46c70a86ad7f5182fa08b8da014df602b81fd2	a67200b9de936585f98f6aed0c4e4f7733d3ba0c36f4496d97e583cb7caf9ac6	0123af9e96b58af4e98b91a2de5608d36b63c67864b9041d3340587f3dbe40d2	cfa8dcf0d81c408de38d4202fe1ce9d9e5e301d1e67439c9530da94b1e64ee3f	7484d7b0dd80f45e18d726b04752827fe28555cc5c1af0e127948380e6688abf
semantic-proposal-v1	SC1-b04ecd78f5c2a839d2e0fad4c720b8a0ff0848336c7ff8eb3368efee7b542239	S016267	1	P01	SYMBOLS.tsv	384540	selection_expression	aarch64	include/uapi/linux/netdev.h	enum_constant	NETDEV_XSK_FLAGS_TX_CHECKSUM	68	PENDING_REVIEW	SOURCE_REVIEWED_VALUE	COMPLETE	vendor/linux/include/uapi/linux/netdev.h;vendor/linux/include/uapi/linux/netdev.h:68;rewrite/configs/aarch64/frozen.config;header_closure=rewrite/metadata/header_closure.tsv;selected=PENDING_REVIEW	425f94c2954b1fe80ebdbf9b29854e89750355df	f24cb1108af94200ee7a600fac46c70a86ad7f5182fa08b8da014df602b81fd2	a67200b9de936585f98f6aed0c4e4f7733d3ba0c36f4496d97e583cb7caf9ac6	0123af9e96b58af4e98b91a2de5608d36b63c67864b9041d3340587f3dbe40d2	cfa8dcf0d81c408de38d4202fe1ce9d9e5e301d1e67439c9530da94b1e64ee3f	7484d7b0dd80f45e18d726b04752827fe28555cc5c1af0e127948380e6688abf
semantic-proposal-v1	SC1-0335d3ba5fe9f25d84a7dda69a3be464ecf4c4e719514a6f3b2897d4033144b5	S016267	1	P01	SYMBOLS.tsv	384540	status	aarch64	include/uapi/linux/netdev.h	enum_constant	NETDEV_XSK_FLAGS_TX_CHECKSUM	68	PENDING_REVIEW	COMPLETE	COMPLETE	vendor/linux/include/uapi/linux/netdev.h;vendor/linux/include/uapi/linux/netdev.h:68;rewrite/configs/aarch64/frozen.config;header_closure=rewrite/metadata/header_closure.tsv;selected=PENDING_REVIEW	425f94c2954b1fe80ebdbf9b29854e89750355df	f24cb1108af94200ee7a600fac46c70a86ad7f5182fa08b8da014df602b81fd2	a67200b9de936585f98f6aed0c4e4f7733d3ba0c36f4496d97e583cb7caf9ac6	0123af9e96b58af4e98b91a2de5608d36b63c67864b9041d3340587f3dbe40d2	cfa8dcf0d81c408de38d4202fe1ce9d9e5e301d1e67439c9530da94b1e64ee3f	7484d7b0dd80f45e18d726b04752827fe28555cc5c1af0e127948380e6688abf
semantic-proposal-v1	SC1-aa51d0793a5298ac46a64fa6dc796dc59f14de84f37f636c0064b3a427d2b4f9	S016267	1	P01	SYMBOLS.tsv	384541	selection_expression	aarch64	include/uapi/linux/netdev.h	enum_constant	NETDEV_XSK_FLAGS_TX_LAUNCH_TIME_FIFO	69	PENDING_REVIEW	SOURCE_REVIEWED_VALUE	COMPLETE	vendor/linux/include/uapi/linux/netdev.h;vendor/linux/include/uapi/linux/netdev.h:69;rewrite/configs/aarch64/frozen.config;header_closure=rewrite/metadata/header_closure.tsv;selected=PENDING_REVIEW	425f94c2954b1fe80ebdbf9b29854e89750355df	f24cb1108af94200ee7a600fac46c70a86ad7f5182fa08b8da014df602b81fd2	a67200b9de936585f98f6aed0c4e4f7733d3ba0c36f4496d97e583cb7caf9ac6	0123af9e96b58af4e98b91a2de5608d36b63c67864b9041d3340587f3dbe40d2	cfa8dcf0d81c408de38d4202fe1ce9d9e5e301d1e67439c9530da94b1e64ee3f	7484d7b0dd80f45e18d726b04752827fe28555cc5c1af0e127948380e6688abf
semantic-proposal-v1	SC1-6001378163c19af99251197fd9e735214b2305c7c848e26de2828c574a60b0a4	S016267	1	P01	SYMBOLS.tsv	384541	status	aarch64	include/uapi/linux/netdev.h	enum_constant	NETDEV_XSK_FLAGS_TX_LAUNCH_TIME_FIFO	69	PENDING_REVIEW	COMPLETE	COMPLETE	vendor/linux/include/uapi/linux/netdev.h;vendor/linux/include/uapi/linux/netdev.h:69;rewrite/configs/aarch64/frozen.config;header_closure=rewrite/metadata/header_closure.tsv;selected=PENDING_REVIEW	425f94c2954b1fe80ebdbf9b29854e89750355df	f24cb1108af94200ee7a600fac46c70a86ad7f5182fa08b8da014df602b81fd2	a67200b9de936585f98f6aed0c4e4f7733d3ba0c36f4496d97e583cb7caf9ac6	0123af9e96b58af4e98b91a2de5608d36b63c67864b9041d3340587f3dbe40d2	cfa8dcf0d81c408de38d4202fe1ce9d9e5e301d1e67439c9530da94b1e64ee3f	7484d7b0dd80f45e18d726b04752827fe28555cc5c1af0e127948380e6688abf
semantic-proposal-v1	SC1-1efbe06b990e00d4dde7ac7e89638250335b6ae67a437f8431be039b3f373225	S016267	1	P01	SYMBOLS.tsv	384542	selection_expression	aarch64	include/uapi/linux/netdev.h	type	enum netdev_queue_type	72	PENDING_REVIEW	SOURCE_REVIEWED_VALUE	COMPLETE	vendor/linux/include/uapi/linux/netdev.h;vendor/linux/include/uapi/linux/netdev.h:72;rewrite/configs/aarch64/frozen.config;header_closure=rewrite/metadata/header_closure.tsv;selected=PENDING_REVIEW	425f94c2954b1fe80ebdbf9b29854e89750355df	f24cb1108af94200ee7a600fac46c70a86ad7f5182fa08b8da014df602b81fd2	a67200b9de936585f98f6aed0c4e4f7733d3ba0c36f4496d97e583cb7caf9ac6	0123af9e96b58af4e98b91a2de5608d36b63c67864b9041d3340587f3dbe40d2	cfa8dcf0d81c408de38d4202fe1ce9d9e5e301d1e67439c9530da94b1e64ee3f	7484d7b0dd80f45e18d726b04752827fe28555cc5c1af0e127948380e6688abf
semantic-proposal-v1	SC1-39f61342a65807ab03d4c878f6b745d16f8098a12da3bc672d39c00b5a3b561c	S016267	1	P01	SYMBOLS.tsv	384542	status	aarch64	include/uapi/linux/netdev.h	type	enum netdev_queue_type	72	PENDING_REVIEW	COMPLETE	COMPLETE	vendor/linux/include/uapi/linux/netdev.h;vendor/linux/include/uapi/linux/netdev.h:72;rewrite/configs/aarch64/frozen.config;header_closure=rewrite/metadata/header_closure.tsv;selected=PENDING_REVIEW	425f94c2954b1fe80ebdbf9b29854e89750355df	f24cb1108af94200ee7a600fac46c70a86ad7f5182fa08b8da014df602b81fd2	a67200b9de936585f98f6aed0c4e4f7733d3ba0c36f4496d97e583cb7caf9ac6	0123af9e96b58af4e98b91a2de5608d36b63c67864b9041d3340587f3dbe40d2	cfa8dcf0d81c408de38d4202fe1ce9d9e5e301d1e67439c9530da94b1e64ee3f	7484d7b0dd80f45e18d726b04752827fe28555cc5c1af0e127948380e6688abf
semantic-proposal-v1	SC1-963ccbd35d8089d92631e7760a899a8ebcd2c29b0b2e45ea3f2c61a774547598	S016267	1	P01	SYMBOLS.tsv	384543	selection_expression	aarch64	include/uapi/linux/netdev.h	enum_constant	NETDEV_QUEUE_TYPE_RX	73	PENDING_REVIEW	SOURCE_REVIEWED_VALUE	COMPLETE	vendor/linux/include/uapi/linux/netdev.h;vendor/linux/include/uapi/linux/netdev.h:73;rewrite/configs/aarch64/frozen.config;header_closure=rewrite/metadata/header_closure.tsv;selected=PENDING_REVIEW	425f94c2954b1fe80ebdbf9b29854e89750355df	f24cb1108af94200ee7a600fac46c70a86ad7f5182fa08b8da014df602b81fd2	a67200b9de936585f98f6aed0c4e4f7733d3ba0c36f4496d97e583cb7caf9ac6	0123af9e96b58af4e98b91a2de5608d36b63c67864b9041d3340587f3dbe40d2	cfa8dcf0d81c408de38d4202fe1ce9d9e5e301d1e67439c9530da94b1e64ee3f	7484d7b0dd80f45e18d726b04752827fe28555cc5c1af0e127948380e6688abf
semantic-proposal-v1	SC1-7c1671db8884e1a78565b01984f70a0c462e3178d5cf983c4fb058821b498cbe	S016267	1	P01	SYMBOLS.tsv	384543	status	aarch64	include/uapi/linux/netdev.h	enum_constant	NETDEV_QUEUE_TYPE_RX	73	PENDING_REVIEW	COMPLETE	COMPLETE	vendor/linux/include/uapi/linux/netdev.h;vendor/linux/include/uapi/linux/netdev.h:73;rewrite/configs/aarch64/frozen.config;header_closure=rewrite/metadata/header_closure.tsv;selected=PENDING_REVIEW	425f94c2954b1fe80ebdbf9b29854e89750355df	f24cb1108af94200ee7a600fac46c70a86ad7f5182fa08b8da014df602b81fd2	a67200b9de936585f98f6aed0c4e4f7733d3ba0c36f4496d97e583cb7caf9ac6	0123af9e96b58af4e98b91a2de5608d36b63c67864b9041d3340587f3dbe40d2	cfa8dcf0d81c408de38d4202fe1ce9d9e5e301d1e67439c9530da94b1e64ee3f	7484d7b0dd80f45e18d726b04752827fe28555cc5c1af0e127948380e6688abf
semantic-proposal-v1	SC1-192abbc1244b7def3bc57ac9634eec16bffd4a566f3545df38f9daa52e8c2872	S016267	1	P01	SYMBOLS.tsv	384544	selection_expression	aarch64	include/uapi/linux/netdev.h	enum_constant	NETDEV_QUEUE_TYPE_TX	74	PENDING_REVIEW	SOURCE_REVIEWED_VALUE	COMPLETE	vendor/linux/include/uapi/linux/netdev.h;vendor/linux/include/uapi/linux/netdev.h:74;rewrite/configs/aarch64/frozen.config;header_closure=rewrite/metadata/header_closure.tsv;selected=PENDING_REVIEW	425f94c2954b1fe80ebdbf9b29854e89750355df	f24cb1108af94200ee7a600fac46c70a86ad7f5182fa08b8da014df602b81fd2	a67200b9de936585f98f6aed0c4e4f7733d3ba0c36f4496d97e583cb7caf9ac6	0123af9e96b58af4e98b91a2de5608d36b63c67864b9041d3340587f3dbe40d2	cfa8dcf0d81c408de38d4202fe1ce9d9e5e301d1e67439c9530da94b1e64ee3f	7484d7b0dd80f45e18d726b04752827fe28555cc5c1af0e127948380e6688abf
semantic-proposal-v1	SC1-444f21aa9bce4ba2fb4ffb5b52f88dc7f2769f3d6cb24eff23acdfa54935e842	S016267	1	P01	SYMBOLS.tsv	384544	status	aarch64	include/uapi/linux/netdev.h	enum_constant	NETDEV_QUEUE_TYPE_TX	74	PENDING_REVIEW	COMPLETE	COMPLETE	vendor/linux/include/uapi/linux/netdev.h;vendor/linux/include/uapi/linux/netdev.h:74;rewrite/configs/aarch64/frozen.config;header_closure=rewrite/metadata/header_closure.tsv;selected=PENDING_REVIEW	425f94c2954b1fe80ebdbf9b29854e89750355df	f24cb1108af94200ee7a600fac46c70a86ad7f5182fa08b8da014df602b81fd2	a67200b9de936585f98f6aed0c4e4f7733d3ba0c36f4496d97e583cb7caf9ac6	0123af9e96b58af4e98b91a2de5608d36b63c67864b9041d3340587f3dbe40d2	cfa8dcf0d81c408de38d4202fe1ce9d9e5e301d1e67439c9530da94b1e64ee3f	7484d7b0dd80f45e18d726b04752827fe28555cc5c1af0e127948380e6688abf
semantic-proposal-v1	SC1-4a1f5f7d0c7cbe7e5b4b19a35e4c7a09936f593f417ee36ac36fab9118b85dba	S016267	1	P01	SYMBOLS.tsv	384545	selection_expression	aarch64	include/uapi/linux/netdev.h	type	enum netdev_qstats_scope	77	PENDING_REVIEW	SOURCE_REVIEWED_VALUE	COMPLETE	vendor/linux/include/uapi/linux/netdev.h;vendor/linux/include/uapi/linux/netdev.h:77;rewrite/configs/aarch64/frozen.config;header_closure=rewrite/metadata/header_closure.tsv;selected=PENDING_REVIEW	425f94c2954b1fe80ebdbf9b29854e89750355df	f24cb1108af94200ee7a600fac46c70a86ad7f5182fa08b8da014df602b81fd2	a67200b9de936585f98f6aed0c4e4f7733d3ba0c36f4496d97e583cb7caf9ac6	0123af9e96b58af4e98b91a2de5608d36b63c67864b9041d3340587f3dbe40d2	cfa8dcf0d81c408de38d4202fe1ce9d9e5e301d1e67439c9530da94b1e64ee3f	7484d7b0dd80f45e18d726b04752827fe28555cc5c1af0e127948380e6688abf
semantic-proposal-v1	SC1-0e12b30e40be79e5439873d9b04b8355ac1335458c4c0acab49c305caf7d6748	S016267	1	P01	SYMBOLS.tsv	384545	status	aarch64	include/uapi/linux/netdev.h	type	enum netdev_qstats_scope	77	PENDING_REVIEW	COMPLETE	COMPLETE	vendor/linux/include/uapi/linux/netdev.h;vendor/linux/include/uapi/linux/netdev.h:77;rewrite/configs/aarch64/frozen.config;header_closure=rewrite/metadata/header_closure.tsv;selected=PENDING_REVIEW	425f94c2954b1fe80ebdbf9b29854e89750355df	f24cb1108af94200ee7a600fac46c70a86ad7f5182fa08b8da014df602b81fd2	a67200b9de936585f98f6aed0c4e4f7733d3ba0c36f4496d97e583cb7caf9ac6	0123af9e96b58af4e98b91a2de5608d36b63c67864b9041d3340587f3dbe40d2	cfa8dcf0d81c408de38d4202fe1ce9d9e5e301d1e67439c9530da94b1e64ee3f	7484d7b0dd80f45e18d726b04752827fe28555cc5c1af0e127948380e6688abf
semantic-proposal-v1	SC1-38df6f53141933d5834ca9f7f37c56be9f8f330c950ccdfab28eade2f3fd5838	S016267	1	P01	SYMBOLS.tsv	384546	selection_expression	aarch64	include/uapi/linux/netdev.h	enum_constant	NETDEV_QSTATS_SCOPE_QUEUE	78	PENDING_REVIEW	SOURCE_REVIEWED_VALUE	COMPLETE	vendor/linux/include/uapi/linux/netdev.h;vendor/linux/include/uapi/linux/netdev.h:78;rewrite/configs/aarch64/frozen.config;header_closure=rewrite/metadata/header_closure.tsv;selected=PENDING_REVIEW	425f94c2954b1fe80ebdbf9b29854e89750355df	f24cb1108af94200ee7a600fac46c70a86ad7f5182fa08b8da014df602b81fd2	a67200b9de936585f98f6aed0c4e4f7733d3ba0c36f4496d97e583cb7caf9ac6	0123af9e96b58af4e98b91a2de5608d36b63c67864b9041d3340587f3dbe40d2	cfa8dcf0d81c408de38d4202fe1ce9d9e5e301d1e67439c9530da94b1e64ee3f	7484d7b0dd80f45e18d726b04752827fe28555cc5c1af0e127948380e6688abf
semantic-proposal-v1	SC1-81f301433e55fc7acb6e0966bedb4e9b04853d1915389dc6762b4a0ba6328c96	S016267	1	P01	SYMBOLS.tsv	384546	status	aarch64	include/uapi/linux/netdev.h	enum_constant	NETDEV_QSTATS_SCOPE_QUEUE	78	PENDING_REVIEW	COMPLETE	COMPLETE	vendor/linux/include/uapi/linux/netdev.h;vendor/linux/include/uapi/linux/netdev.h:78;rewrite/configs/aarch64/frozen.config;header_closure=rewrite/metadata/header_closure.tsv;selected=PENDING_REVIEW	425f94c2954b1fe80ebdbf9b29854e89750355df	f24cb1108af94200ee7a600fac46c70a86ad7f5182fa08b8da014df602b81fd2	a67200b9de936585f98f6aed0c4e4f7733d3ba0c36f4496d97e583cb7caf9ac6	0123af9e96b58af4e98b91a2de5608d36b63c67864b9041d3340587f3dbe40d2	cfa8dcf0d81c408de38d4202fe1ce9d9e5e301d1e67439c9530da94b1e64ee3f	7484d7b0dd80f45e18d726b04752827fe28555cc5c1af0e127948380e6688abf
semantic-proposal-v1	SC1-071f765c9b1b01961cdf5a0360d083c058ce22d691b00ab9bfd001a22bfb9a08	S016267	1	P01	SYMBOLS.tsv	384547	selection_expression	aarch64	include/uapi/linux/netdev.h	type	enum netdev_napi_threaded	81	PENDING_REVIEW	SOURCE_REVIEWED_VALUE	COMPLETE	vendor/linux/include/uapi/linux/netdev.h;vendor/linux/include/uapi/linux/netdev.h:81;rewrite/configs/aarch64/frozen.config;header_closure=rewrite/metadata/header_closure.tsv;selected=PENDING_REVIEW	425f94c2954b1fe80ebdbf9b29854e89750355df	f24cb1108af94200ee7a600fac46c70a86ad7f5182fa08b8da014df602b81fd2	a67200b9de936585f98f6aed0c4e4f7733d3ba0c36f4496d97e583cb7caf9ac6	0123af9e96b58af4e98b91a2de5608d36b63c67864b9041d3340587f3dbe40d2	cfa8dcf0d81c408de38d4202fe1ce9d9e5e301d1e67439c9530da94b1e64ee3f	7484d7b0dd80f45e18d726b04752827fe28555cc5c1af0e127948380e6688abf
semantic-proposal-v1	SC1-d7fa660cd989693371b3a4c0a2c6ab8eab57511d2303f94ba86595a902013b36	S016267	1	P01	SYMBOLS.tsv	384547	status	aarch64	include/uapi/linux/netdev.h	type	enum netdev_napi_threaded	81	PENDING_REVIEW	COMPLETE	COMPLETE	vendor/linux/include/uapi/linux/netdev.h;vendor/linux/include/uapi/linux/netdev.h:81;rewrite/configs/aarch64/frozen.config;header_closure=rewrite/metadata/header_closure.tsv;selected=PENDING_REVIEW	425f94c2954b1fe80ebdbf9b29854e89750355df	f24cb1108af94200ee7a600fac46c70a86ad7f5182fa08b8da014df602b81fd2	a67200b9de936585f98f6aed0c4e4f7733d3ba0c36f4496d97e583cb7caf9ac6	0123af9e96b58af4e98b91a2de5608d36b63c67864b9041d3340587f3dbe40d2	cfa8dcf0d81c408de38d4202fe1ce9d9e5e301d1e67439c9530da94b1e64ee3f	7484d7b0dd80f45e18d726b04752827fe28555cc5c1af0e127948380e6688abf
semantic-proposal-v1	SC1-d0213cdc4c1ca9a38c70f3f2e5d1aba04ad66e4fc45ed357dc764bfae8e5a94e	S016267	1	P01	SYMBOLS.tsv	384548	selection_expression	aarch64	include/uapi/linux/netdev.h	enum_constant	NETDEV_NAPI_THREADED_DISABLED	82	PENDING_REVIEW	SOURCE_REVIEWED_VALUE	COMPLETE	vendor/linux/include/uapi/linux/netdev.h;vendor/linux/include/uapi/linux/netdev.h:82;rewrite/configs/aarch64/frozen.config;header_closure=rewrite/metadata/header_closure.tsv;selected=PENDING_REVIEW	425f94c2954b1fe80ebdbf9b29854e89750355df	f24cb1108af94200ee7a600fac46c70a86ad7f5182fa08b8da014df602b81fd2	a67200b9de936585f98f6aed0c4e4f7733d3ba0c36f4496d97e583cb7caf9ac6	0123af9e96b58af4e98b91a2de5608d36b63c67864b9041d3340587f3dbe40d2	cfa8dcf0d81c408de38d4202fe1ce9d9e5e301d1e67439c9530da94b1e64ee3f	7484d7b0dd80f45e18d726b04752827fe28555cc5c1af0e127948380e6688abf
semantic-proposal-v1	SC1-73a30e26787cc2f814677b3e15820b6065f65dbd1e171b1c08926dcd28436aaf	S016267	1	P01	SYMBOLS.tsv	384548	status	aarch64	include/uapi/linux/netdev.h	enum_constant	NETDEV_NAPI_THREADED_DISABLED	82	PENDING_REVIEW	COMPLETE	COMPLETE	vendor/linux/include/uapi/linux/netdev.h;vendor/linux/include/uapi/linux/netdev.h:82;rewrite/configs/aarch64/frozen.config;header_closure=rewrite/metadata/header_closure.tsv;selected=PENDING_REVIEW	425f94c2954b1fe80ebdbf9b29854e89750355df	f24cb1108af94200ee7a600fac46c70a86ad7f5182fa08b8da014df602b81fd2	a67200b9de936585f98f6aed0c4e4f7733d3ba0c36f4496d97e583cb7caf9ac6	0123af9e96b58af4e98b91a2de5608d36b63c67864b9041d3340587f3dbe40d2	cfa8dcf0d81c408de38d4202fe1ce9d9e5e301d1e67439c9530da94b1e64ee3f	7484d7b0dd80f45e18d726b04752827fe28555cc5c1af0e127948380e6688abf
semantic-proposal-v1	SC1-95e41bab88f6e94fe3c79e9af7cf58b4203e0fdbaedaa2dc724e4e798cd2613f	S016267	1	P01	SYMBOLS.tsv	384549	selection_expression	aarch64	include/uapi/linux/netdev.h	enum_constant	NETDEV_NAPI_THREADED_ENABLED	83	PENDING_REVIEW	SOURCE_REVIEWED_VALUE	COMPLETE	vendor/linux/include/uapi/linux/netdev.h;vendor/linux/include/uapi/linux/netdev.h:83;rewrite/configs/aarch64/frozen.config;header_closure=rewrite/metadata/header_closure.tsv;selected=PENDING_REVIEW	425f94c2954b1fe80ebdbf9b29854e89750355df	f24cb1108af94200ee7a600fac46c70a86ad7f5182fa08b8da014df602b81fd2	a67200b9de936585f98f6aed0c4e4f7733d3ba0c36f4496d97e583cb7caf9ac6	0123af9e96b58af4e98b91a2de5608d36b63c67864b9041d3340587f3dbe40d2	cfa8dcf0d81c408de38d4202fe1ce9d9e5e301d1e67439c9530da94b1e64ee3f	7484d7b0dd80f45e18d726b04752827fe28555cc5c1af0e127948380e6688abf
semantic-proposal-v1	SC1-e9cf30fda7d767d9206a869214a5a35c7375e1d321837d7e1144b0dfd706c71e	S016267	1	P01	SYMBOLS.tsv	384549	status	aarch64	include/uapi/linux/netdev.h	enum_constant	NETDEV_NAPI_THREADED_ENABLED	83	PENDING_REVIEW	COMPLETE	COMPLETE	vendor/linux/include/uapi/linux/netdev.h;vendor/linux/include/uapi/linux/netdev.h:83;rewrite/configs/aarch64/frozen.config;header_closure=rewrite/metadata/header_closure.tsv;selected=PENDING_REVIEW	425f94c2954b1fe80ebdbf9b29854e89750355df	f24cb1108af94200ee7a600fac46c70a86ad7f5182fa08b8da014df602b81fd2	a67200b9de936585f98f6aed0c4e4f7733d3ba0c36f4496d97e583cb7caf9ac6	0123af9e96b58af4e98b91a2de5608d36b63c67864b9041d3340587f3dbe40d2	cfa8dcf0d81c408de38d4202fe1ce9d9e5e301d1e67439c9530da94b1e64ee3f	7484d7b0dd80f45e18d726b04752827fe28555cc5c1af0e127948380e6688abf
semantic-proposal-v1	SC1-6372615931e451d3a5e14051dedf680e48fd95dadafcb484fabb2548c843f180	S016267	1	P01	SYMBOLS.tsv	384550	selection_expression	aarch64	include/uapi/linux/netdev.h	enum_constant	NETDEV_NAPI_THREADED_BUSY_POLL	84	PENDING_REVIEW	SOURCE_REVIEWED_VALUE	COMPLETE	vendor/linux/include/uapi/linux/netdev.h;vendor/linux/include/uapi/linux/netdev.h:84;rewrite/configs/aarch64/frozen.config;header_closure=rewrite/metadata/header_closure.tsv;selected=PENDING_REVIEW	425f94c2954b1fe80ebdbf9b29854e89750355df	f24cb1108af94200ee7a600fac46c70a86ad7f5182fa08b8da014df602b81fd2	a67200b9de936585f98f6aed0c4e4f7733d3ba0c36f4496d97e583cb7caf9ac6	0123af9e96b58af4e98b91a2de5608d36b63c67864b9041d3340587f3dbe40d2	cfa8dcf0d81c408de38d4202fe1ce9d9e5e301d1e67439c9530da94b1e64ee3f	7484d7b0dd80f45e18d726b04752827fe28555cc5c1af0e127948380e6688abf
semantic-proposal-v1	SC1-7ce8a9894857fef3a25c566d5cea916ca6ac70e6b672caa2e5ce828723fb0734	S016267	1	P01	SYMBOLS.tsv	384550	status	aarch64	include/uapi/linux/netdev.h	enum_constant	NETDEV_NAPI_THREADED_BUSY_POLL	84	PENDING_REVIEW	COMPLETE	COMPLETE	vendor/linux/include/uapi/linux/netdev.h;vendor/linux/include/uapi/linux/netdev.h:84;rewrite/configs/aarch64/frozen.config;header_closure=rewrite/metadata/header_closure.tsv;selected=PENDING_REVIEW	425f94c2954b1fe80ebdbf9b29854e89750355df	f24cb1108af94200ee7a600fac46c70a86ad7f5182fa08b8da014df602b81fd2	a67200b9de936585f98f6aed0c4e4f7733d3ba0c36f4496d97e583cb7caf9ac6	0123af9e96b58af4e98b91a2de5608d36b63c67864b9041d3340587f3dbe40d2	cfa8dcf0d81c408de38d4202fe1ce9d9e5e301d1e67439c9530da94b1e64ee3f	7484d7b0dd80f45e18d726b04752827fe28555cc5c1af0e127948380e6688abf
semantic-proposal-v1	SC1-d14f915915a21e60616eddb2f7addc18d6a15b5eaeb2aaefab51f0c0413b6459	S016267	1	P01	SYMBOLS.tsv	384551	selection_expression	aarch64	include/uapi/linux/netdev.h	type	anonymous_enum@87	87	PENDING_REVIEW	SOURCE_REVIEWED_VALUE	COMPLETE	vendor/linux/include/uapi/linux/netdev.h;vendor/linux/include/uapi/linux/netdev.h:87;rewrite/configs/aarch64/frozen.config;header_closure=rewrite/metadata/header_closure.tsv;selected=PENDING_REVIEW	425f94c2954b1fe80ebdbf9b29854e89750355df	f24cb1108af94200ee7a600fac46c70a86ad7f5182fa08b8da014df602b81fd2	a67200b9de936585f98f6aed0c4e4f7733d3ba0c36f4496d97e583cb7caf9ac6	0123af9e96b58af4e98b91a2de5608d36b63c67864b9041d3340587f3dbe40d2	cfa8dcf0d81c408de38d4202fe1ce9d9e5e301d1e67439c9530da94b1e64ee3f	7484d7b0dd80f45e18d726b04752827fe28555cc5c1af0e127948380e6688abf
semantic-proposal-v1	SC1-332a603186061dc8545af71e899f5c547808f7172b6ac21dc57167432e33e0f3	S016267	1	P01	SYMBOLS.tsv	384551	status	aarch64	include/uapi/linux/netdev.h	type	anonymous_enum@87	87	PENDING_REVIEW	COMPLETE	COMPLETE	vendor/linux/include/uapi/linux/netdev.h;vendor/linux/include/uapi/linux/netdev.h:87;rewrite/configs/aarch64/frozen.config;header_closure=rewrite/metadata/header_closure.tsv;selected=PENDING_REVIEW	425f94c2954b1fe80ebdbf9b29854e89750355df	f24cb1108af94200ee7a600fac46c70a86ad7f5182fa08b8da014df602b81fd2	a67200b9de936585f98f6aed0c4e4f7733d3ba0c36f4496d97e583cb7caf9ac6	0123af9e96b58af4e98b91a2de5608d36b63c67864b9041d3340587f3dbe40d2	cfa8dcf0d81c408de38d4202fe1ce9d9e5e301d1e67439c9530da94b1e64ee3f	7484d7b0dd80f45e18d726b04752827fe28555cc5c1af0e127948380e6688abf
semantic-proposal-v1	SC1-25fa502aaa3397d3b2c2517193ed364533a0e842d03704e2f514d3531fa9dc88	S016267	1	P01	SYMBOLS.tsv	384552	selection_expression	aarch64	include/uapi/linux/netdev.h	enum_constant	NETDEV_A_DEV_IFINDEX	88	PENDING_REVIEW	SOURCE_REVIEWED_VALUE	COMPLETE	vendor/linux/include/uapi/linux/netdev.h;vendor/linux/include/uapi/linux/netdev.h:88;rewrite/configs/aarch64/frozen.config;header_closure=rewrite/metadata/header_closure.tsv;selected=PENDING_REVIEW	425f94c2954b1fe80ebdbf9b29854e89750355df	f24cb1108af94200ee7a600fac46c70a86ad7f5182fa08b8da014df602b81fd2	a67200b9de936585f98f6aed0c4e4f7733d3ba0c36f4496d97e583cb7caf9ac6	0123af9e96b58af4e98b91a2de5608d36b63c67864b9041d3340587f3dbe40d2	cfa8dcf0d81c408de38d4202fe1ce9d9e5e301d1e67439c9530da94b1e64ee3f	7484d7b0dd80f45e18d726b04752827fe28555cc5c1af0e127948380e6688abf
semantic-proposal-v1	SC1-c7c2cbc4cf2aafa90b7299567dda16fb42bdc32ca7b592313e9d5e8246b873e0	S016267	1	P01	SYMBOLS.tsv	384552	status	aarch64	include/uapi/linux/netdev.h	enum_constant	NETDEV_A_DEV_IFINDEX	88	PENDING_REVIEW	COMPLETE	COMPLETE	vendor/linux/include/uapi/linux/netdev.h;vendor/linux/include/uapi/linux/netdev.h:88;rewrite/configs/aarch64/frozen.config;header_closure=rewrite/metadata/header_closure.tsv;selected=PENDING_REVIEW	425f94c2954b1fe80ebdbf9b29854e89750355df	f24cb1108af94200ee7a600fac46c70a86ad7f5182fa08b8da014df602b81fd2	a67200b9de936585f98f6aed0c4e4f7733d3ba0c36f4496d97e583cb7caf9ac6	0123af9e96b58af4e98b91a2de5608d36b63c67864b9041d3340587f3dbe40d2	cfa8dcf0d81c408de38d4202fe1ce9d9e5e301d1e67439c9530da94b1e64ee3f	7484d7b0dd80f45e18d726b04752827fe28555cc5c1af0e127948380e6688abf
semantic-proposal-v1	SC1-56a6bd3a05cf3c60606c8a66a5b9fdbc9c2c81c14e73c508c84aac4b3d61e3ce	S016267	1	P01	SYMBOLS.tsv	384553	selection_expression	aarch64	include/uapi/linux/netdev.h	enum_constant	NETDEV_A_DEV_PAD	89	PENDING_REVIEW	SOURCE_REVIEWED_VALUE	COMPLETE	vendor/linux/include/uapi/linux/netdev.h;vendor/linux/include/uapi/linux/netdev.h:89;rewrite/configs/aarch64/frozen.config;header_closure=rewrite/metadata/header_closure.tsv;selected=PENDING_REVIEW	425f94c2954b1fe80ebdbf9b29854e89750355df	f24cb1108af94200ee7a600fac46c70a86ad7f5182fa08b8da014df602b81fd2	a67200b9de936585f98f6aed0c4e4f7733d3ba0c36f4496d97e583cb7caf9ac6	0123af9e96b58af4e98b91a2de5608d36b63c67864b9041d3340587f3dbe40d2	cfa8dcf0d81c408de38d4202fe1ce9d9e5e301d1e67439c9530da94b1e64ee3f	7484d7b0dd80f45e18d726b04752827fe28555cc5c1af0e127948380e6688abf
semantic-proposal-v1	SC1-a0dc8c4091da0f8f521779714353fa2c1500bb0e7b9b68c092855fe5b2c6e787	S016267	1	P01	SYMBOLS.tsv	384553	status	aarch64	include/uapi/linux/netdev.h	enum_constant	NETDEV_A_DEV_PAD	89	PENDING_REVIEW	COMPLETE	COMPLETE	vendor/linux/include/uapi/linux/netdev.h;vendor/linux/include/uapi/linux/netdev.h:89;rewrite/configs/aarch64/frozen.config;header_closure=rewrite/metadata/header_closure.tsv;selected=PENDING_REVIEW	425f94c2954b1fe80ebdbf9b29854e89750355df	f24cb1108af94200ee7a600fac46c70a86ad7f5182fa08b8da014df602b81fd2	a67200b9de936585f98f6aed0c4e4f7733d3ba0c36f4496d97e583cb7caf9ac6	0123af9e96b58af4e98b91a2de5608d36b63c67864b9041d3340587f3dbe40d2	cfa8dcf0d81c408de38d4202fe1ce9d9e5e301d1e67439c9530da94b1e64ee3f	7484d7b0dd80f45e18d726b04752827fe28555cc5c1af0e127948380e6688abf
semantic-proposal-v1	SC1-bb53731da06e454bee960a648f8b17cb9fddf7a9cb58d0b7d8feb3d9480b2432	S016267	1	P01	SYMBOLS.tsv	384554	selection_expression	aarch64	include/uapi/linux/netdev.h	enum_constant	NETDEV_A_DEV_XDP_FEATURES	90	PENDING_REVIEW	SOURCE_REVIEWED_VALUE	COMPLETE	vendor/linux/include/uapi/linux/netdev.h;vendor/linux/include/uapi/linux/netdev.h:90;rewrite/configs/aarch64/frozen.config;header_closure=rewrite/metadata/header_closure.tsv;selected=PENDING_REVIEW	425f94c2954b1fe80ebdbf9b29854e89750355df	f24cb1108af94200ee7a600fac46c70a86ad7f5182fa08b8da014df602b81fd2	a67200b9de936585f98f6aed0c4e4f7733d3ba0c36f4496d97e583cb7caf9ac6	0123af9e96b58af4e98b91a2de5608d36b63c67864b9041d3340587f3dbe40d2	cfa8dcf0d81c408de38d4202fe1ce9d9e5e301d1e67439c9530da94b1e64ee3f	7484d7b0dd80f45e18d726b04752827fe28555cc5c1af0e127948380e6688abf
semantic-proposal-v1	SC1-ff2425e6bf052c5e9b451fb51451012173c76035f1f9da6cdbe8eb1d36c6a43a	S016267	1	P01	SYMBOLS.tsv	384554	status	aarch64	include/uapi/linux/netdev.h	enum_constant	NETDEV_A_DEV_XDP_FEATURES	90	PENDING_REVIEW	COMPLETE	COMPLETE	vendor/linux/include/uapi/linux/netdev.h;vendor/linux/include/uapi/linux/netdev.h:90;rewrite/configs/aarch64/frozen.config;header_closure=rewrite/metadata/header_closure.tsv;selected=PENDING_REVIEW	425f94c2954b1fe80ebdbf9b29854e89750355df	f24cb1108af94200ee7a600fac46c70a86ad7f5182fa08b8da014df602b81fd2	a67200b9de936585f98f6aed0c4e4f7733d3ba0c36f4496d97e583cb7caf9ac6	0123af9e96b58af4e98b91a2de5608d36b63c67864b9041d3340587f3dbe40d2	cfa8dcf0d81c408de38d4202fe1ce9d9e5e301d1e67439c9530da94b1e64ee3f	7484d7b0dd80f45e18d726b04752827fe28555cc5c1af0e127948380e6688abf
semantic-proposal-v1	SC1-831e1493c23b6a0444a9543263fabf3f143541e18a30aaaff5161917fee80fa0	S016267	1	P01	SYMBOLS.tsv	384555	selection_expression	aarch64	include/uapi/linux/netdev.h	enum_constant	NETDEV_A_DEV_XDP_ZC_MAX_SEGS	91	PENDING_REVIEW	SOURCE_REVIEWED_VALUE	COMPLETE	vendor/linux/include/uapi/linux/netdev.h;vendor/linux/include/uapi/linux/netdev.h:91;rewrite/configs/aarch64/frozen.config;header_closure=rewrite/metadata/header_closure.tsv;selected=PENDING_REVIEW	425f94c2954b1fe80ebdbf9b29854e89750355df	f24cb1108af94200ee7a600fac46c70a86ad7f5182fa08b8da014df602b81fd2	a67200b9de936585f98f6aed0c4e4f7733d3ba0c36f4496d97e583cb7caf9ac6	0123af9e96b58af4e98b91a2de5608d36b63c67864b9041d3340587f3dbe40d2	cfa8dcf0d81c408de38d4202fe1ce9d9e5e301d1e67439c9530da94b1e64ee3f	7484d7b0dd80f45e18d726b04752827fe28555cc5c1af0e127948380e6688abf
semantic-proposal-v1	SC1-6026825061a9cf7b825bf20d25f4ca79f7f64801d63817a8a2f9630955421350	S016267	1	P01	SYMBOLS.tsv	384555	status	aarch64	include/uapi/linux/netdev.h	enum_constant	NETDEV_A_DEV_XDP_ZC_MAX_SEGS	91	PENDING_REVIEW	COMPLETE	COMPLETE	vendor/linux/include/uapi/linux/netdev.h;vendor/linux/include/uapi/linux/netdev.h:91;rewrite/configs/aarch64/frozen.config;header_closure=rewrite/metadata/header_closure.tsv;selected=PENDING_REVIEW	425f94c2954b1fe80ebdbf9b29854e89750355df	f24cb1108af94200ee7a600fac46c70a86ad7f5182fa08b8da014df602b81fd2	a67200b9de936585f98f6aed0c4e4f7733d3ba0c36f4496d97e583cb7caf9ac6	0123af9e96b58af4e98b91a2de5608d36b63c67864b9041d3340587f3dbe40d2	cfa8dcf0d81c408de38d4202fe1ce9d9e5e301d1e67439c9530da94b1e64ee3f	7484d7b0dd80f45e18d726b04752827fe28555cc5c1af0e127948380e6688abf
semantic-proposal-v1	SC1-8cb8836fb7f00f0e545ab1d3e3d6a4a6633f399c7c744f9dfda68ba28dc17a7f	S016267	1	P01	SYMBOLS.tsv	384556	selection_expression	aarch64	include/uapi/linux/netdev.h	enum_constant	NETDEV_A_DEV_XDP_RX_METADATA_FEATURES	92	PENDING_REVIEW	SOURCE_REVIEWED_VALUE	COMPLETE	vendor/linux/include/uapi/linux/netdev.h;vendor/linux/include/uapi/linux/netdev.h:92;rewrite/configs/aarch64/frozen.config;header_closure=rewrite/metadata/header_closure.tsv;selected=PENDING_REVIEW	425f94c2954b1fe80ebdbf9b29854e89750355df	f24cb1108af94200ee7a600fac46c70a86ad7f5182fa08b8da014df602b81fd2	a67200b9de936585f98f6aed0c4e4f7733d3ba0c36f4496d97e583cb7caf9ac6	0123af9e96b58af4e98b91a2de5608d36b63c67864b9041d3340587f3dbe40d2	cfa8dcf0d81c408de38d4202fe1ce9d9e5e301d1e67439c9530da94b1e64ee3f	7484d7b0dd80f45e18d726b04752827fe28555cc5c1af0e127948380e6688abf
semantic-proposal-v1	SC1-e8e9c5a3a30b9b2153ab45bcb66f6a5bf2074f7d8f8be21f0556e9ee978bd13c	S016267	1	P01	SYMBOLS.tsv	384556	status	aarch64	include/uapi/linux/netdev.h	enum_constant	NETDEV_A_DEV_XDP_RX_METADATA_FEATURES	92	PENDING_REVIEW	COMPLETE	COMPLETE	vendor/linux/include/uapi/linux/netdev.h;vendor/linux/include/uapi/linux/netdev.h:92;rewrite/configs/aarch64/frozen.config;header_closure=rewrite/metadata/header_closure.tsv;selected=PENDING_REVIEW	425f94c2954b1fe80ebdbf9b29854e89750355df	f24cb1108af94200ee7a600fac46c70a86ad7f5182fa08b8da014df602b81fd2	a67200b9de936585f98f6aed0c4e4f7733d3ba0c36f4496d97e583cb7caf9ac6	0123af9e96b58af4e98b91a2de5608d36b63c67864b9041d3340587f3dbe40d2	cfa8dcf0d81c408de38d4202fe1ce9d9e5e301d1e67439c9530da94b1e64ee3f	7484d7b0dd80f45e18d726b04752827fe28555cc5c1af0e127948380e6688abf
semantic-proposal-v1	SC1-d86aa813df42632d3438b39ad445b616dce540043300a882029b261711b31009	S016267	1	P01	SYMBOLS.tsv	384557	selection_expression	aarch64	include/uapi/linux/netdev.h	enum_constant	NETDEV_A_DEV_XSK_FEATURES	93	PENDING_REVIEW	SOURCE_REVIEWED_VALUE	COMPLETE	vendor/linux/include/uapi/linux/netdev.h;vendor/linux/include/uapi/linux/netdev.h:93;rewrite/configs/aarch64/frozen.config;header_closure=rewrite/metadata/header_closure.tsv;selected=PENDING_REVIEW	425f94c2954b1fe80ebdbf9b29854e89750355df	f24cb1108af94200ee7a600fac46c70a86ad7f5182fa08b8da014df602b81fd2	a67200b9de936585f98f6aed0c4e4f7733d3ba0c36f4496d97e583cb7caf9ac6	0123af9e96b58af4e98b91a2de5608d36b63c67864b9041d3340587f3dbe40d2	cfa8dcf0d81c408de38d4202fe1ce9d9e5e301d1e67439c9530da94b1e64ee3f	7484d7b0dd80f45e18d726b04752827fe28555cc5c1af0e127948380e6688abf
semantic-proposal-v1	SC1-7482ac41cce685c43ddbae36d7016bb68da02838e9299b58ae8dc5c674a29c3d	S016267	1	P01	SYMBOLS.tsv	384557	status	aarch64	include/uapi/linux/netdev.h	enum_constant	NETDEV_A_DEV_XSK_FEATURES	93	PENDING_REVIEW	COMPLETE	COMPLETE	vendor/linux/include/uapi/linux/netdev.h;vendor/linux/include/uapi/linux/netdev.h:93;rewrite/configs/aarch64/frozen.config;header_closure=rewrite/metadata/header_closure.tsv;selected=PENDING_REVIEW	425f94c2954b1fe80ebdbf9b29854e89750355df	f24cb1108af94200ee7a600fac46c70a86ad7f5182fa08b8da014df602b81fd2	a67200b9de936585f98f6aed0c4e4f7733d3ba0c36f4496d97e583cb7caf9ac6	0123af9e96b58af4e98b91a2de5608d36b63c67864b9041d3340587f3dbe40d2	cfa8dcf0d81c408de38d4202fe1ce9d9e5e301d1e67439c9530da94b1e64ee3f	7484d7b0dd80f45e18d726b04752827fe28555cc5c1af0e127948380e6688abf
semantic-proposal-v1	SC1-63523b36b30e4715e72ab953a00c18e5f9e4069d1a58ddf942a1bae2c68e57db	S016267	1	P01	SYMBOLS.tsv	384558	selection_expression	aarch64	include/uapi/linux/netdev.h	enum_constant	__NETDEV_A_DEV_MAX	95	PENDING_REVIEW	SOURCE_REVIEWED_VALUE	COMPLETE	vendor/linux/include/uapi/linux/netdev.h;vendor/linux/include/uapi/linux/netdev.h:95;rewrite/configs/aarch64/frozen.config;header_closure=rewrite/metadata/header_closure.tsv;selected=PENDING_REVIEW	425f94c2954b1fe80ebdbf9b29854e89750355df	f24cb1108af94200ee7a600fac46c70a86ad7f5182fa08b8da014df602b81fd2	a67200b9de936585f98f6aed0c4e4f7733d3ba0c36f4496d97e583cb7caf9ac6	0123af9e96b58af4e98b91a2de5608d36b63c67864b9041d3340587f3dbe40d2	cfa8dcf0d81c408de38d4202fe1ce9d9e5e301d1e67439c9530da94b1e64ee3f	7484d7b0dd80f45e18d726b04752827fe28555cc5c1af0e127948380e6688abf
semantic-proposal-v1	SC1-ab9b01fbd703f07caf1508ad9bdc182079899f35ebd061c6b62bb587866f9ca9	S016267	1	P01	SYMBOLS.tsv	384558	status	aarch64	include/uapi/linux/netdev.h	enum_constant	__NETDEV_A_DEV_MAX	95	PENDING_REVIEW	COMPLETE	COMPLETE	vendor/linux/include/uapi/linux/netdev.h;vendor/linux/include/uapi/linux/netdev.h:95;rewrite/configs/aarch64/frozen.config;header_closure=rewrite/metadata/header_closure.tsv;selected=PENDING_REVIEW	425f94c2954b1fe80ebdbf9b29854e89750355df	f24cb1108af94200ee7a600fac46c70a86ad7f5182fa08b8da014df602b81fd2	a67200b9de936585f98f6aed0c4e4f7733d3ba0c36f4496d97e583cb7caf9ac6	0123af9e96b58af4e98b91a2de5608d36b63c67864b9041d3340587f3dbe40d2	cfa8dcf0d81c408de38d4202fe1ce9d9e5e301d1e67439c9530da94b1e64ee3f	7484d7b0dd80f45e18d726b04752827fe28555cc5c1af0e127948380e6688abf
semantic-proposal-v1	SC1-be012ecad3c1e951d67ce3376487601ea9951931b706b9411fd1e08bea91ce7f	S016267	1	P01	SYMBOLS.tsv	384559	selection_expression	aarch64	include/uapi/linux/netdev.h	enum_constant	NETDEV_A_DEV_MAX	96	PENDING_REVIEW	SOURCE_REVIEWED_VALUE	COMPLETE	vendor/linux/include/uapi/linux/netdev.h;vendor/linux/include/uapi/linux/netdev.h:96;rewrite/configs/aarch64/frozen.config;header_closure=rewrite/metadata/header_closure.tsv;selected=PENDING_REVIEW	425f94c2954b1fe80ebdbf9b29854e89750355df	f24cb1108af94200ee7a600fac46c70a86ad7f5182fa08b8da014df602b81fd2	a67200b9de936585f98f6aed0c4e4f7733d3ba0c36f4496d97e583cb7caf9ac6	0123af9e96b58af4e98b91a2de5608d36b63c67864b9041d3340587f3dbe40d2	cfa8dcf0d81c408de38d4202fe1ce9d9e5e301d1e67439c9530da94b1e64ee3f	7484d7b0dd80f45e18d726b04752827fe28555cc5c1af0e127948380e6688abf
semantic-proposal-v1	SC1-0358bf90a741dbd5376cce70497c0958a0c117580b0dfb0220b2c617d65a09fc	S016267	1	P01	SYMBOLS.tsv	384559	status	aarch64	include/uapi/linux/netdev.h	enum_constant	NETDEV_A_DEV_MAX	96	PENDING_REVIEW	COMPLETE	COMPLETE	vendor/linux/include/uapi/linux/netdev.h;vendor/linux/include/uapi/linux/netdev.h:96;rewrite/configs/aarch64/frozen.config;header_closure=rewrite/metadata/header_closure.tsv;selected=PENDING_REVIEW	425f94c2954b1fe80ebdbf9b29854e89750355df	f24cb1108af94200ee7a600fac46c70a86ad7f5182fa08b8da014df602b81fd2	a67200b9de936585f98f6aed0c4e4f7733d3ba0c36f4496d97e583cb7caf9ac6	0123af9e96b58af4e98b91a2de5608d36b63c67864b9041d3340587f3dbe40d2	cfa8dcf0d81c408de38d4202fe1ce9d9e5e301d1e67439c9530da94b1e64ee3f	7484d7b0dd80f45e18d726b04752827fe28555cc5c1af0e127948380e6688abf
semantic-proposal-v1	SC1-b8f6757d6b6bae2596a53e979e6e539572fa8c815e53263e0182d124bbfa208b	S016267	1	P01	SYMBOLS.tsv	384560	selection_expression	aarch64	include/uapi/linux/netdev.h	type	anonymous_enum@99	99	PENDING_REVIEW	SOURCE_REVIEWED_VALUE	COMPLETE	vendor/linux/include/uapi/linux/netdev.h;vendor/linux/include/uapi/linux/netdev.h:99;rewrite/configs/aarch64/frozen.config;header_closure=rewrite/metadata/header_closure.tsv;selected=PENDING_REVIEW	425f94c2954b1fe80ebdbf9b29854e89750355df	f24cb1108af94200ee7a600fac46c70a86ad7f5182fa08b8da014df602b81fd2	a67200b9de936585f98f6aed0c4e4f7733d3ba0c36f4496d97e583cb7caf9ac6	0123af9e96b58af4e98b91a2de5608d36b63c67864b9041d3340587f3dbe40d2	cfa8dcf0d81c408de38d4202fe1ce9d9e5e301d1e67439c9530da94b1e64ee3f	7484d7b0dd80f45e18d726b04752827fe28555cc5c1af0e127948380e6688abf
semantic-proposal-v1	SC1-6b2182d74d421b38814ceea840bc632ff945e48bacfe8d76a4d6ad0e6a1056e8	S016267	1	P01	SYMBOLS.tsv	384560	status	aarch64	include/uapi/linux/netdev.h	type	anonymous_enum@99	99	PENDING_REVIEW	COMPLETE	COMPLETE	vendor/linux/include/uapi/linux/netdev.h;vendor/linux/include/uapi/linux/netdev.h:99;rewrite/configs/aarch64/frozen.config;header_closure=rewrite/metadata/header_closure.tsv;selected=PENDING_REVIEW	425f94c2954b1fe80ebdbf9b29854e89750355df	f24cb1108af94200ee7a600fac46c70a86ad7f5182fa08b8da014df602b81fd2	a67200b9de936585f98f6aed0c4e4f7733d3ba0c36f4496d97e583cb7caf9ac6	0123af9e96b58af4e98b91a2de5608d36b63c67864b9041d3340587f3dbe40d2	cfa8dcf0d81c408de38d4202fe1ce9d9e5e301d1e67439c9530da94b1e64ee3f	7484d7b0dd80f45e18d726b04752827fe28555cc5c1af0e127948380e6688abf
semantic-proposal-v1	SC1-5e164c83ea9ffc41795c6c946d458dd238d9cd6a1c80fe22f938221a032f0ce4	S016267	1	P01	SYMBOLS.tsv	384561	selection_expression	aarch64	include/uapi/linux/netdev.h	enum_constant	NETDEV_A_IO_URING_PROVIDER_INFO_RX_BUF_LEN	100	PENDING_REVIEW	SOURCE_REVIEWED_VALUE	COMPLETE	vendor/linux/include/uapi/linux/netdev.h;vendor/linux/include/uapi/linux/netdev.h:100;rewrite/configs/aarch64/frozen.config;header_closure=rewrite/metadata/header_closure.tsv;selected=PENDING_REVIEW	425f94c2954b1fe80ebdbf9b29854e89750355df	f24cb1108af94200ee7a600fac46c70a86ad7f5182fa08b8da014df602b81fd2	a67200b9de936585f98f6aed0c4e4f7733d3ba0c36f4496d97e583cb7caf9ac6	0123af9e96b58af4e98b91a2de5608d36b63c67864b9041d3340587f3dbe40d2	cfa8dcf0d81c408de38d4202fe1ce9d9e5e301d1e67439c9530da94b1e64ee3f	7484d7b0dd80f45e18d726b04752827fe28555cc5c1af0e127948380e6688abf
semantic-proposal-v1	SC1-4ad6d85088194d801a87281bd14d8fe63487b55ef5c3cd166920d53414de60b5	S016267	1	P01	SYMBOLS.tsv	384561	status	aarch64	include/uapi/linux/netdev.h	enum_constant	NETDEV_A_IO_URING_PROVIDER_INFO_RX_BUF_LEN	100	PENDING_REVIEW	COMPLETE	COMPLETE	vendor/linux/include/uapi/linux/netdev.h;vendor/linux/include/uapi/linux/netdev.h:100;rewrite/configs/aarch64/frozen.config;header_closure=rewrite/metadata/header_closure.tsv;selected=PENDING_REVIEW	425f94c2954b1fe80ebdbf9b29854e89750355df	f24cb1108af94200ee7a600fac46c70a86ad7f5182fa08b8da014df602b81fd2	a67200b9de936585f98f6aed0c4e4f7733d3ba0c36f4496d97e583cb7caf9ac6	0123af9e96b58af4e98b91a2de5608d36b63c67864b9041d3340587f3dbe40d2	cfa8dcf0d81c408de38d4202fe1ce9d9e5e301d1e67439c9530da94b1e64ee3f	7484d7b0dd80f45e18d726b04752827fe28555cc5c1af0e127948380e6688abf
semantic-proposal-v1	SC1-e0e6b36912ad30f03d32915ecf44cde2bffd55109c50fb8df827e958db3df05a	S016267	1	P01	SYMBOLS.tsv	384562	selection_expression	aarch64	include/uapi/linux/netdev.h	enum_constant	__NETDEV_A_IO_URING_PROVIDER_INFO_MAX	102	PENDING_REVIEW	SOURCE_REVIEWED_VALUE	COMPLETE	vendor/linux/include/uapi/linux/netdev.h;vendor/linux/include/uapi/linux/netdev.h:102;rewrite/configs/aarch64/frozen.config;header_closure=rewrite/metadata/header_closure.tsv;selected=PENDING_REVIEW	425f94c2954b1fe80ebdbf9b29854e89750355df	f24cb1108af94200ee7a600fac46c70a86ad7f5182fa08b8da014df602b81fd2	a67200b9de936585f98f6aed0c4e4f7733d3ba0c36f4496d97e583cb7caf9ac6	0123af9e96b58af4e98b91a2de5608d36b63c67864b9041d3340587f3dbe40d2	cfa8dcf0d81c408de38d4202fe1ce9d9e5e301d1e67439c9530da94b1e64ee3f	7484d7b0dd80f45e18d726b04752827fe28555cc5c1af0e127948380e6688abf
semantic-proposal-v1	SC1-dc8649947af45f70f6883ec3371d70213570443e164a0092a2b11ae6b2265c12	S016267	1	P01	SYMBOLS.tsv	384562	status	aarch64	include/uapi/linux/netdev.h	enum_constant	__NETDEV_A_IO_URING_PROVIDER_INFO_MAX	102	PENDING_REVIEW	COMPLETE	COMPLETE	vendor/linux/include/uapi/linux/netdev.h;vendor/linux/include/uapi/linux/netdev.h:102;rewrite/configs/aarch64/frozen.config;header_closure=rewrite/metadata/header_closure.tsv;selected=PENDING_REVIEW	425f94c2954b1fe80ebdbf9b29854e89750355df	f24cb1108af94200ee7a600fac46c70a86ad7f5182fa08b8da014df602b81fd2	a67200b9de936585f98f6aed0c4e4f7733d3ba0c36f4496d97e583cb7caf9ac6	0123af9e96b58af4e98b91a2de5608d36b63c67864b9041d3340587f3dbe40d2	cfa8dcf0d81c408de38d4202fe1ce9d9e5e301d1e67439c9530da94b1e64ee3f	7484d7b0dd80f45e18d726b04752827fe28555cc5c1af0e127948380e6688abf
semantic-proposal-v1	SC1-7bffe0c74aee8ca0385781283af090b7f4c0dce04ab0415beff8b07027a7f2a0	S016267	1	P01	SYMBOLS.tsv	384563	selection_expression	aarch64	include/uapi/linux/netdev.h	enum_constant	NETDEV_A_IO_URING_PROVIDER_INFO_MAX	103	PENDING_REVIEW	SOURCE_REVIEWED_VALUE	COMPLETE	vendor/linux/include/uapi/linux/netdev.h;vendor/linux/include/uapi/linux/netdev.h:103;rewrite/configs/aarch64/frozen.config;header_closure=rewrite/metadata/header_closure.tsv;selected=PENDING_REVIEW	425f94c2954b1fe80ebdbf9b29854e89750355df	f24cb1108af94200ee7a600fac46c70a86ad7f5182fa08b8da014df602b81fd2	a67200b9de936585f98f6aed0c4e4f7733d3ba0c36f4496d97e583cb7caf9ac6	0123af9e96b58af4e98b91a2de5608d36b63c67864b9041d3340587f3dbe40d2	cfa8dcf0d81c408de38d4202fe1ce9d9e5e301d1e67439c9530da94b1e64ee3f	7484d7b0dd80f45e18d726b04752827fe28555cc5c1af0e127948380e6688abf
semantic-proposal-v1	SC1-388c968b298d34c8c912856dc22dc0dfe70d64bf90830f9f17bea17d6588dcfa	S016267	1	P01	SYMBOLS.tsv	384563	status	aarch64	include/uapi/linux/netdev.h	enum_constant	NETDEV_A_IO_URING_PROVIDER_INFO_MAX	103	PENDING_REVIEW	COMPLETE	COMPLETE	vendor/linux/include/uapi/linux/netdev.h;vendor/linux/include/uapi/linux/netdev.h:103;rewrite/configs/aarch64/frozen.config;header_closure=rewrite/metadata/header_closure.tsv;selected=PENDING_REVIEW	425f94c2954b1fe80ebdbf9b29854e89750355df	f24cb1108af94200ee7a600fac46c70a86ad7f5182fa08b8da014df602b81fd2	a67200b9de936585f98f6aed0c4e4f7733d3ba0c36f4496d97e583cb7caf9ac6	0123af9e96b58af4e98b91a2de5608d36b63c67864b9041d3340587f3dbe40d2	cfa8dcf0d81c408de38d4202fe1ce9d9e5e301d1e67439c9530da94b1e64ee3f	7484d7b0dd80f45e18d726b04752827fe28555cc5c1af0e127948380e6688abf
semantic-proposal-v1	SC1-1bfe5fdc1896f9eb1c47c9093df91c60783788dba6a1ed04a0faf32771bac90e	S016267	1	P01	SYMBOLS.tsv	384564	selection_expression	aarch64	include/uapi/linux/netdev.h	type	anonymous_enum@106	106	PENDING_REVIEW	SOURCE_REVIEWED_VALUE	COMPLETE	vendor/linux/include/uapi/linux/netdev.h;vendor/linux/include/uapi/linux/netdev.h:106;rewrite/configs/aarch64/frozen.config;header_closure=rewrite/metadata/header_closure.tsv;selected=PENDING_REVIEW	425f94c2954b1fe80ebdbf9b29854e89750355df	f24cb1108af94200ee7a600fac46c70a86ad7f5182fa08b8da014df602b81fd2	a67200b9de936585f98f6aed0c4e4f7733d3ba0c36f4496d97e583cb7caf9ac6	0123af9e96b58af4e98b91a2de5608d36b63c67864b9041d3340587f3dbe40d2	cfa8dcf0d81c408de38d4202fe1ce9d9e5e301d1e67439c9530da94b1e64ee3f	7484d7b0dd80f45e18d726b04752827fe28555cc5c1af0e127948380e6688abf
semantic-proposal-v1	SC1-6d0d27aff6333c94c9c14de9ca7552f89ba22e9869390646ab24632fc21b2608	S016267	1	P01	SYMBOLS.tsv	384564	status	aarch64	include/uapi/linux/netdev.h	type	anonymous_enum@106	106	PENDING_REVIEW	COMPLETE	COMPLETE	vendor/linux/include/uapi/linux/netdev.h;vendor/linux/include/uapi/linux/netdev.h:106;rewrite/configs/aarch64/frozen.config;header_closure=rewrite/metadata/header_closure.tsv;selected=PENDING_REVIEW	425f94c2954b1fe80ebdbf9b29854e89750355df	f24cb1108af94200ee7a600fac46c70a86ad7f5182fa08b8da014df602b81fd2	a67200b9de936585f98f6aed0c4e4f7733d3ba0c36f4496d97e583cb7caf9ac6	0123af9e96b58af4e98b91a2de5608d36b63c67864b9041d3340587f3dbe40d2	cfa8dcf0d81c408de38d4202fe1ce9d9e5e301d1e67439c9530da94b1e64ee3f	7484d7b0dd80f45e18d726b04752827fe28555cc5c1af0e127948380e6688abf
semantic-proposal-v1	SC1-009f0c23bc66832853e62be4310e797845750507f723c4807bbf0213801c85cc	S016267	1	P01	SYMBOLS.tsv	384565	selection_expression	aarch64	include/uapi/linux/netdev.h	enum_constant	NETDEV_A_PAGE_POOL_ID	107	PENDING_REVIEW	SOURCE_REVIEWED_VALUE	COMPLETE	vendor/linux/include/uapi/linux/netdev.h;vendor/linux/include/uapi/linux/netdev.h:107;rewrite/configs/aarch64/frozen.config;header_closure=rewrite/metadata/header_closure.tsv;selected=PENDING_REVIEW	425f94c2954b1fe80ebdbf9b29854e89750355df	f24cb1108af94200ee7a600fac46c70a86ad7f5182fa08b8da014df602b81fd2	a67200b9de936585f98f6aed0c4e4f7733d3ba0c36f4496d97e583cb7caf9ac6	0123af9e96b58af4e98b91a2de5608d36b63c67864b9041d3340587f3dbe40d2	cfa8dcf0d81c408de38d4202fe1ce9d9e5e301d1e67439c9530da94b1e64ee3f	7484d7b0dd80f45e18d726b04752827fe28555cc5c1af0e127948380e6688abf
semantic-proposal-v1	SC1-54ed85ebce2fd4c15cd999808c75ab95ad991362b0fe7b4cec741d4b19078a0e	S016267	1	P01	SYMBOLS.tsv	384565	status	aarch64	include/uapi/linux/netdev.h	enum_constant	NETDEV_A_PAGE_POOL_ID	107	PENDING_REVIEW	COMPLETE	COMPLETE	vendor/linux/include/uapi/linux/netdev.h;vendor/linux/include/uapi/linux/netdev.h:107;rewrite/configs/aarch64/frozen.config;header_closure=rewrite/metadata/header_closure.tsv;selected=PENDING_REVIEW	425f94c2954b1fe80ebdbf9b29854e89750355df	f24cb1108af94200ee7a600fac46c70a86ad7f5182fa08b8da014df602b81fd2	a67200b9de936585f98f6aed0c4e4f7733d3ba0c36f4496d97e583cb7caf9ac6	0123af9e96b58af4e98b91a2de5608d36b63c67864b9041d3340587f3dbe40d2	cfa8dcf0d81c408de38d4202fe1ce9d9e5e301d1e67439c9530da94b1e64ee3f	7484d7b0dd80f45e18d726b04752827fe28555cc5c1af0e127948380e6688abf
semantic-proposal-v1	SC1-390d9a236226a7712625286bffc0c89c3f0ebcd2f83c0a18879521d1d54b08b7	S016267	1	P01	SYMBOLS.tsv	384566	selection_expression	aarch64	include/uapi/linux/netdev.h	enum_constant	NETDEV_A_PAGE_POOL_IFINDEX	108	PENDING_REVIEW	SOURCE_REVIEWED_VALUE	COMPLETE	vendor/linux/include/uapi/linux/netdev.h;vendor/linux/include/uapi/linux/netdev.h:108;rewrite/configs/aarch64/frozen.config;header_closure=rewrite/metadata/header_closure.tsv;selected=PENDING_REVIEW	425f94c2954b1fe80ebdbf9b29854e89750355df	f24cb1108af94200ee7a600fac46c70a86ad7f5182fa08b8da014df602b81fd2	a67200b9de936585f98f6aed0c4e4f7733d3ba0c36f4496d97e583cb7caf9ac6	0123af9e96b58af4e98b91a2de5608d36b63c67864b9041d3340587f3dbe40d2	cfa8dcf0d81c408de38d4202fe1ce9d9e5e301d1e67439c9530da94b1e64ee3f	7484d7b0dd80f45e18d726b04752827fe28555cc5c1af0e127948380e6688abf
semantic-proposal-v1	SC1-e0f213d06942928da8c0919512bdbe55892d73c3d04047c98b1d5a27e3295440	S016267	1	P01	SYMBOLS.tsv	384566	status	aarch64	include/uapi/linux/netdev.h	enum_constant	NETDEV_A_PAGE_POOL_IFINDEX	108	PENDING_REVIEW	COMPLETE	COMPLETE	vendor/linux/include/uapi/linux/netdev.h;vendor/linux/include/uapi/linux/netdev.h:108;rewrite/configs/aarch64/frozen.config;header_closure=rewrite/metadata/header_closure.tsv;selected=PENDING_REVIEW	425f94c2954b1fe80ebdbf9b29854e89750355df	f24cb1108af94200ee7a600fac46c70a86ad7f5182fa08b8da014df602b81fd2	a67200b9de936585f98f6aed0c4e4f7733d3ba0c36f4496d97e583cb7caf9ac6	0123af9e96b58af4e98b91a2de5608d36b63c67864b9041d3340587f3dbe40d2	cfa8dcf0d81c408de38d4202fe1ce9d9e5e301d1e67439c9530da94b1e64ee3f	7484d7b0dd80f45e18d726b04752827fe28555cc5c1af0e127948380e6688abf
semantic-proposal-v1	SC1-137faad390b175eb3062574fe7ca7b31f768a417bc6a630e4cbeae81d1ba2ee2	S016267	1	P01	SYMBOLS.tsv	384567	selection_expression	aarch64	include/uapi/linux/netdev.h	enum_constant	NETDEV_A_PAGE_POOL_NAPI_ID	109	PENDING_REVIEW	SOURCE_REVIEWED_VALUE	COMPLETE	vendor/linux/include/uapi/linux/netdev.h;vendor/linux/include/uapi/linux/netdev.h:109;rewrite/configs/aarch64/frozen.config;header_closure=rewrite/metadata/header_closure.tsv;selected=PENDING_REVIEW	425f94c2954b1fe80ebdbf9b29854e89750355df	f24cb1108af94200ee7a600fac46c70a86ad7f5182fa08b8da014df602b81fd2	a67200b9de936585f98f6aed0c4e4f7733d3ba0c36f4496d97e583cb7caf9ac6	0123af9e96b58af4e98b91a2de5608d36b63c67864b9041d3340587f3dbe40d2	cfa8dcf0d81c408de38d4202fe1ce9d9e5e301d1e67439c9530da94b1e64ee3f	7484d7b0dd80f45e18d726b04752827fe28555cc5c1af0e127948380e6688abf
semantic-proposal-v1	SC1-951154a0ae801500ad1728d5ae1321f296b29ae2ed4ba896afdb9712817e27f2	S016267	1	P01	SYMBOLS.tsv	384567	status	aarch64	include/uapi/linux/netdev.h	enum_constant	NETDEV_A_PAGE_POOL_NAPI_ID	109	PENDING_REVIEW	COMPLETE	COMPLETE	vendor/linux/include/uapi/linux/netdev.h;vendor/linux/include/uapi/linux/netdev.h:109;rewrite/configs/aarch64/frozen.config;header_closure=rewrite/metadata/header_closure.tsv;selected=PENDING_REVIEW	425f94c2954b1fe80ebdbf9b29854e89750355df	f24cb1108af94200ee7a600fac46c70a86ad7f5182fa08b8da014df602b81fd2	a67200b9de936585f98f6aed0c4e4f7733d3ba0c36f4496d97e583cb7caf9ac6	0123af9e96b58af4e98b91a2de5608d36b63c67864b9041d3340587f3dbe40d2	cfa8dcf0d81c408de38d4202fe1ce9d9e5e301d1e67439c9530da94b1e64ee3f	7484d7b0dd80f45e18d726b04752827fe28555cc5c1af0e127948380e6688abf
semantic-proposal-v1	SC1-bc4080046e0c44d54a9b38dce91d13c2e5ec5e12cfe243f489fdd466edd83dee	S016267	1	P01	SYMBOLS.tsv	384568	selection_expression	aarch64	include/uapi/linux/netdev.h	enum_constant	NETDEV_A_PAGE_POOL_INFLIGHT	110	PENDING_REVIEW	SOURCE_REVIEWED_VALUE	COMPLETE	vendor/linux/include/uapi/linux/netdev.h;vendor/linux/include/uapi/linux/netdev.h:110;rewrite/configs/aarch64/frozen.config;header_closure=rewrite/metadata/header_closure.tsv;selected=PENDING_REVIEW	425f94c2954b1fe80ebdbf9b29854e89750355df	f24cb1108af94200ee7a600fac46c70a86ad7f5182fa08b8da014df602b81fd2	a67200b9de936585f98f6aed0c4e4f7733d3ba0c36f4496d97e583cb7caf9ac6	0123af9e96b58af4e98b91a2de5608d36b63c67864b9041d3340587f3dbe40d2	cfa8dcf0d81c408de38d4202fe1ce9d9e5e301d1e67439c9530da94b1e64ee3f	7484d7b0dd80f45e18d726b04752827fe28555cc5c1af0e127948380e6688abf
semantic-proposal-v1	SC1-44029fb1787f3ebf12ac5b79e0d872a45665fc796106c4a5e0f398bd02877b07	S016267	1	P01	SYMBOLS.tsv	384568	status	aarch64	include/uapi/linux/netdev.h	enum_constant	NETDEV_A_PAGE_POOL_INFLIGHT	110	PENDING_REVIEW	COMPLETE	COMPLETE	vendor/linux/include/uapi/linux/netdev.h;vendor/linux/include/uapi/linux/netdev.h:110;rewrite/configs/aarch64/frozen.config;header_closure=rewrite/metadata/header_closure.tsv;selected=PENDING_REVIEW	425f94c2954b1fe80ebdbf9b29854e89750355df	f24cb1108af94200ee7a600fac46c70a86ad7f5182fa08b8da014df602b81fd2	a67200b9de936585f98f6aed0c4e4f7733d3ba0c36f4496d97e583cb7caf9ac6	0123af9e96b58af4e98b91a2de5608d36b63c67864b9041d3340587f3dbe40d2	cfa8dcf0d81c408de38d4202fe1ce9d9e5e301d1e67439c9530da94b1e64ee3f	7484d7b0dd80f45e18d726b04752827fe28555cc5c1af0e127948380e6688abf
semantic-proposal-v1	SC1-7cb526c5ddca80d2af92a6819c329f0fe20f188e86bf4856c3a73a016424c772	S016267	1	P01	SYMBOLS.tsv	384569	selection_expression	aarch64	include/uapi/linux/netdev.h	enum_constant	NETDEV_A_PAGE_POOL_INFLIGHT_MEM	111	PENDING_REVIEW	SOURCE_REVIEWED_VALUE	COMPLETE	vendor/linux/include/uapi/linux/netdev.h;vendor/linux/include/uapi/linux/netdev.h:111;rewrite/configs/aarch64/frozen.config;header_closure=rewrite/metadata/header_closure.tsv;selected=PENDING_REVIEW	425f94c2954b1fe80ebdbf9b29854e89750355df	f24cb1108af94200ee7a600fac46c70a86ad7f5182fa08b8da014df602b81fd2	a67200b9de936585f98f6aed0c4e4f7733d3ba0c36f4496d97e583cb7caf9ac6	0123af9e96b58af4e98b91a2de5608d36b63c67864b9041d3340587f3dbe40d2	cfa8dcf0d81c408de38d4202fe1ce9d9e5e301d1e67439c9530da94b1e64ee3f	7484d7b0dd80f45e18d726b04752827fe28555cc5c1af0e127948380e6688abf
semantic-proposal-v1	SC1-abbc2a1f25d39823f017a7c1090d7a9ff420d23e83cccd28a6c93fc0b7cdf5e3	S016267	1	P01	SYMBOLS.tsv	384569	status	aarch64	include/uapi/linux/netdev.h	enum_constant	NETDEV_A_PAGE_POOL_INFLIGHT_MEM	111	PENDING_REVIEW	COMPLETE	COMPLETE	vendor/linux/include/uapi/linux/netdev.h;vendor/linux/include/uapi/linux/netdev.h:111;rewrite/configs/aarch64/frozen.config;header_closure=rewrite/metadata/header_closure.tsv;selected=PENDING_REVIEW	425f94c2954b1fe80ebdbf9b29854e89750355df	f24cb1108af94200ee7a600fac46c70a86ad7f5182fa08b8da014df602b81fd2	a67200b9de936585f98f6aed0c4e4f7733d3ba0c36f4496d97e583cb7caf9ac6	0123af9e96b58af4e98b91a2de5608d36b63c67864b9041d3340587f3dbe40d2	cfa8dcf0d81c408de38d4202fe1ce9d9e5e301d1e67439c9530da94b1e64ee3f	7484d7b0dd80f45e18d726b04752827fe28555cc5c1af0e127948380e6688abf
semantic-proposal-v1	SC1-bda9e62b0708791bc7bb55e36e1f30cf27f3e8f8786d41bd3a12073239c21bba	S016267	1	P01	SYMBOLS.tsv	384570	selection_expression	aarch64	include/uapi/linux/netdev.h	enum_constant	NETDEV_A_PAGE_POOL_DETACH_TIME	112	PENDING_REVIEW	SOURCE_REVIEWED_VALUE	COMPLETE	vendor/linux/include/uapi/linux/netdev.h;vendor/linux/include/uapi/linux/netdev.h:112;rewrite/configs/aarch64/frozen.config;header_closure=rewrite/metadata/header_closure.tsv;selected=PENDING_REVIEW	425f94c2954b1fe80ebdbf9b29854e89750355df	f24cb1108af94200ee7a600fac46c70a86ad7f5182fa08b8da014df602b81fd2	a67200b9de936585f98f6aed0c4e4f7733d3ba0c36f4496d97e583cb7caf9ac6	0123af9e96b58af4e98b91a2de5608d36b63c67864b9041d3340587f3dbe40d2	cfa8dcf0d81c408de38d4202fe1ce9d9e5e301d1e67439c9530da94b1e64ee3f	7484d7b0dd80f45e18d726b04752827fe28555cc5c1af0e127948380e6688abf
semantic-proposal-v1	SC1-c613b456d89f0a0feeba0bd78693fe955bc00f758743feb5fd63103255b75a10	S016267	1	P01	SYMBOLS.tsv	384570	status	aarch64	include/uapi/linux/netdev.h	enum_constant	NETDEV_A_PAGE_POOL_DETACH_TIME	112	PENDING_REVIEW	COMPLETE	COMPLETE	vendor/linux/include/uapi/linux/netdev.h;vendor/linux/include/uapi/linux/netdev.h:112;rewrite/configs/aarch64/frozen.config;header_closure=rewrite/metadata/header_closure.tsv;selected=PENDING_REVIEW	425f94c2954b1fe80ebdbf9b29854e89750355df	f24cb1108af94200ee7a600fac46c70a86ad7f5182fa08b8da014df602b81fd2	a67200b9de936585f98f6aed0c4e4f7733d3ba0c36f4496d97e583cb7caf9ac6	0123af9e96b58af4e98b91a2de5608d36b63c67864b9041d3340587f3dbe40d2	cfa8dcf0d81c408de38d4202fe1ce9d9e5e301d1e67439c9530da94b1e64ee3f	7484d7b0dd80f45e18d726b04752827fe28555cc5c1af0e127948380e6688abf
semantic-proposal-v1	SC1-90fceca42588c2b9cfa4bd259730178f149a102da6e3e465c50885a3cdc3ec05	S016267	1	P01	SYMBOLS.tsv	384571	selection_expression	aarch64	include/uapi/linux/netdev.h	enum_constant	NETDEV_A_PAGE_POOL_DMABUF	113	PENDING_REVIEW	SOURCE_REVIEWED_VALUE	COMPLETE	vendor/linux/include/uapi/linux/netdev.h;vendor/linux/include/uapi/linux/netdev.h:113;rewrite/configs/aarch64/frozen.config;header_closure=rewrite/metadata/header_closure.tsv;selected=PENDING_REVIEW	425f94c2954b1fe80ebdbf9b29854e89750355df	f24cb1108af94200ee7a600fac46c70a86ad7f5182fa08b8da014df602b81fd2	a67200b9de936585f98f6aed0c4e4f7733d3ba0c36f4496d97e583cb7caf9ac6	0123af9e96b58af4e98b91a2de5608d36b63c67864b9041d3340587f3dbe40d2	cfa8dcf0d81c408de38d4202fe1ce9d9e5e301d1e67439c9530da94b1e64ee3f	7484d7b0dd80f45e18d726b04752827fe28555cc5c1af0e127948380e6688abf
semantic-proposal-v1	SC1-74373da6d6f9d471e6eab1d92219ec0c5596309c961f7bdeddf744abf9ea9656	S016267	1	P01	SYMBOLS.tsv	384571	status	aarch64	include/uapi/linux/netdev.h	enum_constant	NETDEV_A_PAGE_POOL_DMABUF	113	PENDING_REVIEW	COMPLETE	COMPLETE	vendor/linux/include/uapi/linux/netdev.h;vendor/linux/include/uapi/linux/netdev.h:113;rewrite/configs/aarch64/frozen.config;header_closure=rewrite/metadata/header_closure.tsv;selected=PENDING_REVIEW	425f94c2954b1fe80ebdbf9b29854e89750355df	f24cb1108af94200ee7a600fac46c70a86ad7f5182fa08b8da014df602b81fd2	a67200b9de936585f98f6aed0c4e4f7733d3ba0c36f4496d97e583cb7caf9ac6	0123af9e96b58af4e98b91a2de5608d36b63c67864b9041d3340587f3dbe40d2	cfa8dcf0d81c408de38d4202fe1ce9d9e5e301d1e67439c9530da94b1e64ee3f	7484d7b0dd80f45e18d726b04752827fe28555cc5c1af0e127948380e6688abf
semantic-proposal-v1	SC1-27e4de4e2a948fddb1c17a53d14d0e346339e9abf963c7749ee257df2d87e048	S016267	1	P01	SYMBOLS.tsv	384572	selection_expression	aarch64	include/uapi/linux/netdev.h	enum_constant	NETDEV_A_PAGE_POOL_IO_URING	114	PENDING_REVIEW	SOURCE_REVIEWED_VALUE	COMPLETE	vendor/linux/include/uapi/linux/netdev.h;vendor/linux/include/uapi/linux/netdev.h:114;rewrite/configs/aarch64/frozen.config;header_closure=rewrite/metadata/header_closure.tsv;selected=PENDING_REVIEW	425f94c2954b1fe80ebdbf9b29854e89750355df	f24cb1108af94200ee7a600fac46c70a86ad7f5182fa08b8da014df602b81fd2	a67200b9de936585f98f6aed0c4e4f7733d3ba0c36f4496d97e583cb7caf9ac6	0123af9e96b58af4e98b91a2de5608d36b63c67864b9041d3340587f3dbe40d2	cfa8dcf0d81c408de38d4202fe1ce9d9e5e301d1e67439c9530da94b1e64ee3f	7484d7b0dd80f45e18d726b04752827fe28555cc5c1af0e127948380e6688abf
semantic-proposal-v1	SC1-80089d3c31766ceb3899dc8590203eb3d463e588aea046a3c796b7d7e0e72a42	S016267	1	P01	SYMBOLS.tsv	384572	status	aarch64	include/uapi/linux/netdev.h	enum_constant	NETDEV_A_PAGE_POOL_IO_URING	114	PENDING_REVIEW	COMPLETE	COMPLETE	vendor/linux/include/uapi/linux/netdev.h;vendor/linux/include/uapi/linux/netdev.h:114;rewrite/configs/aarch64/frozen.config;header_closure=rewrite/metadata/header_closure.tsv;selected=PENDING_REVIEW	425f94c2954b1fe80ebdbf9b29854e89750355df	f24cb1108af94200ee7a600fac46c70a86ad7f5182fa08b8da014df602b81fd2	a67200b9de936585f98f6aed0c4e4f7733d3ba0c36f4496d97e583cb7caf9ac6	0123af9e96b58af4e98b91a2de5608d36b63c67864b9041d3340587f3dbe40d2	cfa8dcf0d81c408de38d4202fe1ce9d9e5e301d1e67439c9530da94b1e64ee3f	7484d7b0dd80f45e18d726b04752827fe28555cc5c1af0e127948380e6688abf
semantic-proposal-v1	SC1-b6be9b4959afbec2afde790b78f493f91b1c9e4a4a6139c559e47022534f3170	S016267	1	P01	SYMBOLS.tsv	384573	selection_expression	aarch64	include/uapi/linux/netdev.h	enum_constant	__NETDEV_A_PAGE_POOL_MAX	116	PENDING_REVIEW	SOURCE_REVIEWED_VALUE	COMPLETE	vendor/linux/include/uapi/linux/netdev.h;vendor/linux/include/uapi/linux/netdev.h:116;rewrite/configs/aarch64/frozen.config;header_closure=rewrite/metadata/header_closure.tsv;selected=PENDING_REVIEW	425f94c2954b1fe80ebdbf9b29854e89750355df	f24cb1108af94200ee7a600fac46c70a86ad7f5182fa08b8da014df602b81fd2	a67200b9de936585f98f6aed0c4e4f7733d3ba0c36f4496d97e583cb7caf9ac6	0123af9e96b58af4e98b91a2de5608d36b63c67864b9041d3340587f3dbe40d2	cfa8dcf0d81c408de38d4202fe1ce9d9e5e301d1e67439c9530da94b1e64ee3f	7484d7b0dd80f45e18d726b04752827fe28555cc5c1af0e127948380e6688abf
semantic-proposal-v1	SC1-b45f8219327f01a840642ebab31c713143258f84054d4715ce473302a881e949	S016267	1	P01	SYMBOLS.tsv	384573	status	aarch64	include/uapi/linux/netdev.h	enum_constant	__NETDEV_A_PAGE_POOL_MAX	116	PENDING_REVIEW	COMPLETE	COMPLETE	vendor/linux/include/uapi/linux/netdev.h;vendor/linux/include/uapi/linux/netdev.h:116;rewrite/configs/aarch64/frozen.config;header_closure=rewrite/metadata/header_closure.tsv;selected=PENDING_REVIEW	425f94c2954b1fe80ebdbf9b29854e89750355df	f24cb1108af94200ee7a600fac46c70a86ad7f5182fa08b8da014df602b81fd2	a67200b9de936585f98f6aed0c4e4f7733d3ba0c36f4496d97e583cb7caf9ac6	0123af9e96b58af4e98b91a2de5608d36b63c67864b9041d3340587f3dbe40d2	cfa8dcf0d81c408de38d4202fe1ce9d9e5e301d1e67439c9530da94b1e64ee3f	7484d7b0dd80f45e18d726b04752827fe28555cc5c1af0e127948380e6688abf
semantic-proposal-v1	SC1-5c4fcde1db700c1e39440e74f24433292997457cc70e509870f21fc3a0796181	S016267	1	P01	SYMBOLS.tsv	384574	selection_expression	aarch64	include/uapi/linux/netdev.h	enum_constant	NETDEV_A_PAGE_POOL_MAX	117	PENDING_REVIEW	SOURCE_REVIEWED_VALUE	COMPLETE	vendor/linux/include/uapi/linux/netdev.h;vendor/linux/include/uapi/linux/netdev.h:117;rewrite/configs/aarch64/frozen.config;header_closure=rewrite/metadata/header_closure.tsv;selected=PENDING_REVIEW	425f94c2954b1fe80ebdbf9b29854e89750355df	f24cb1108af94200ee7a600fac46c70a86ad7f5182fa08b8da014df602b81fd2	a67200b9de936585f98f6aed0c4e4f7733d3ba0c36f4496d97e583cb7caf9ac6	0123af9e96b58af4e98b91a2de5608d36b63c67864b9041d3340587f3dbe40d2	cfa8dcf0d81c408de38d4202fe1ce9d9e5e301d1e67439c9530da94b1e64ee3f	7484d7b0dd80f45e18d726b04752827fe28555cc5c1af0e127948380e6688abf
semantic-proposal-v1	SC1-ebb02ab20dde2ea14ab83579585089e846d52aa8537f31631dbcd40298dbd50a	S016267	1	P01	SYMBOLS.tsv	384574	status	aarch64	include/uapi/linux/netdev.h	enum_constant	NETDEV_A_PAGE_POOL_MAX	117	PENDING_REVIEW	COMPLETE	COMPLETE	vendor/linux/include/uapi/linux/netdev.h;vendor/linux/include/uapi/linux/netdev.h:117;rewrite/configs/aarch64/frozen.config;header_closure=rewrite/metadata/header_closure.tsv;selected=PENDING_REVIEW	425f94c2954b1fe80ebdbf9b29854e89750355df	f24cb1108af94200ee7a600fac46c70a86ad7f5182fa08b8da014df602b81fd2	a67200b9de936585f98f6aed0c4e4f7733d3ba0c36f4496d97e583cb7caf9ac6	0123af9e96b58af4e98b91a2de5608d36b63c67864b9041d3340587f3dbe40d2	cfa8dcf0d81c408de38d4202fe1ce9d9e5e301d1e67439c9530da94b1e64ee3f	7484d7b0dd80f45e18d726b04752827fe28555cc5c1af0e127948380e6688abf
semantic-proposal-v1	SC1-61b305b4c243a3d9d0aa5e8c13864d26cfdf94e60c39ab2932d6bb49c7ccbd83	S016267	1	P01	SYMBOLS.tsv	384575	selection_expression	aarch64	include/uapi/linux/netdev.h	type	anonymous_enum@120	120	PENDING_REVIEW	SOURCE_REVIEWED_VALUE	COMPLETE	vendor/linux/include/uapi/linux/netdev.h;vendor/linux/include/uapi/linux/netdev.h:120;rewrite/configs/aarch64/frozen.config;header_closure=rewrite/metadata/header_closure.tsv;selected=PENDING_REVIEW	425f94c2954b1fe80ebdbf9b29854e89750355df	f24cb1108af94200ee7a600fac46c70a86ad7f5182fa08b8da014df602b81fd2	a67200b9de936585f98f6aed0c4e4f7733d3ba0c36f4496d97e583cb7caf9ac6	0123af9e96b58af4e98b91a2de5608d36b63c67864b9041d3340587f3dbe40d2	cfa8dcf0d81c408de38d4202fe1ce9d9e5e301d1e67439c9530da94b1e64ee3f	7484d7b0dd80f45e18d726b04752827fe28555cc5c1af0e127948380e6688abf
semantic-proposal-v1	SC1-ba7b1d5f886624b25c0e194d6d801557f8145530a06a49336cf05ab50872adc2	S016267	1	P01	SYMBOLS.tsv	384575	status	aarch64	include/uapi/linux/netdev.h	type	anonymous_enum@120	120	PENDING_REVIEW	COMPLETE	COMPLETE	vendor/linux/include/uapi/linux/netdev.h;vendor/linux/include/uapi/linux/netdev.h:120;rewrite/configs/aarch64/frozen.config;header_closure=rewrite/metadata/header_closure.tsv;selected=PENDING_REVIEW	425f94c2954b1fe80ebdbf9b29854e89750355df	f24cb1108af94200ee7a600fac46c70a86ad7f5182fa08b8da014df602b81fd2	a67200b9de936585f98f6aed0c4e4f7733d3ba0c36f4496d97e583cb7caf9ac6	0123af9e96b58af4e98b91a2de5608d36b63c67864b9041d3340587f3dbe40d2	cfa8dcf0d81c408de38d4202fe1ce9d9e5e301d1e67439c9530da94b1e64ee3f	7484d7b0dd80f45e18d726b04752827fe28555cc5c1af0e127948380e6688abf
semantic-proposal-v1	SC1-f6bc0d1ac84515d3e455c6b3d383379db78d920762c3be6ac94167b129848c84	S016267	1	P01	SYMBOLS.tsv	384576	selection_expression	aarch64	include/uapi/linux/netdev.h	enum_constant	NETDEV_A_PAGE_POOL_STATS_INFO	121	PENDING_REVIEW	SOURCE_REVIEWED_VALUE	COMPLETE	vendor/linux/include/uapi/linux/netdev.h;vendor/linux/include/uapi/linux/netdev.h:121;rewrite/configs/aarch64/frozen.config;header_closure=rewrite/metadata/header_closure.tsv;selected=PENDING_REVIEW	425f94c2954b1fe80ebdbf9b29854e89750355df	f24cb1108af94200ee7a600fac46c70a86ad7f5182fa08b8da014df602b81fd2	a67200b9de936585f98f6aed0c4e4f7733d3ba0c36f4496d97e583cb7caf9ac6	0123af9e96b58af4e98b91a2de5608d36b63c67864b9041d3340587f3dbe40d2	cfa8dcf0d81c408de38d4202fe1ce9d9e5e301d1e67439c9530da94b1e64ee3f	7484d7b0dd80f45e18d726b04752827fe28555cc5c1af0e127948380e6688abf
semantic-proposal-v1	SC1-a5cf2d3fad99914ed8d61b9cd2231cf557640325c0882ecb978a30fc6753f984	S016267	1	P01	SYMBOLS.tsv	384576	status	aarch64	include/uapi/linux/netdev.h	enum_constant	NETDEV_A_PAGE_POOL_STATS_INFO	121	PENDING_REVIEW	COMPLETE	COMPLETE	vendor/linux/include/uapi/linux/netdev.h;vendor/linux/include/uapi/linux/netdev.h:121;rewrite/configs/aarch64/frozen.config;header_closure=rewrite/metadata/header_closure.tsv;selected=PENDING_REVIEW	425f94c2954b1fe80ebdbf9b29854e89750355df	f24cb1108af94200ee7a600fac46c70a86ad7f5182fa08b8da014df602b81fd2	a67200b9de936585f98f6aed0c4e4f7733d3ba0c36f4496d97e583cb7caf9ac6	0123af9e96b58af4e98b91a2de5608d36b63c67864b9041d3340587f3dbe40d2	cfa8dcf0d81c408de38d4202fe1ce9d9e5e301d1e67439c9530da94b1e64ee3f	7484d7b0dd80f45e18d726b04752827fe28555cc5c1af0e127948380e6688abf
semantic-proposal-v1	SC1-e8bd2a1525281da5a4cc0e4d501880d1392e1b3673a46e9d6d4deb6852de71bb	S016267	1	P01	SYMBOLS.tsv	384577	selection_expression	aarch64	include/uapi/linux/netdev.h	enum_constant	NETDEV_A_PAGE_POOL_STATS_ALLOC_FAST	122	PENDING_REVIEW	SOURCE_REVIEWED_VALUE	COMPLETE	vendor/linux/include/uapi/linux/netdev.h;vendor/linux/include/uapi/linux/netdev.h:122;rewrite/configs/aarch64/frozen.config;header_closure=rewrite/metadata/header_closure.tsv;selected=PENDING_REVIEW	425f94c2954b1fe80ebdbf9b29854e89750355df	f24cb1108af94200ee7a600fac46c70a86ad7f5182fa08b8da014df602b81fd2	a67200b9de936585f98f6aed0c4e4f7733d3ba0c36f4496d97e583cb7caf9ac6	0123af9e96b58af4e98b91a2de5608d36b63c67864b9041d3340587f3dbe40d2	cfa8dcf0d81c408de38d4202fe1ce9d9e5e301d1e67439c9530da94b1e64ee3f	7484d7b0dd80f45e18d726b04752827fe28555cc5c1af0e127948380e6688abf
semantic-proposal-v1	SC1-e28c631cb2b29abe1235a57ff913281da68afdb669a6cc3f506f55013482a891	S016267	1	P01	SYMBOLS.tsv	384577	status	aarch64	include/uapi/linux/netdev.h	enum_constant	NETDEV_A_PAGE_POOL_STATS_ALLOC_FAST	122	PENDING_REVIEW	COMPLETE	COMPLETE	vendor/linux/include/uapi/linux/netdev.h;vendor/linux/include/uapi/linux/netdev.h:122;rewrite/configs/aarch64/frozen.config;header_closure=rewrite/metadata/header_closure.tsv;selected=PENDING_REVIEW	425f94c2954b1fe80ebdbf9b29854e89750355df	f24cb1108af94200ee7a600fac46c70a86ad7f5182fa08b8da014df602b81fd2	a67200b9de936585f98f6aed0c4e4f7733d3ba0c36f4496d97e583cb7caf9ac6	0123af9e96b58af4e98b91a2de5608d36b63c67864b9041d3340587f3dbe40d2	cfa8dcf0d81c408de38d4202fe1ce9d9e5e301d1e67439c9530da94b1e64ee3f	7484d7b0dd80f45e18d726b04752827fe28555cc5c1af0e127948380e6688abf
semantic-proposal-v1	SC1-64e4131d04cdd4f0996ea60bd0f06fe66d55509cf4e4ea4c3fbb41a77c4e0776	S016267	1	P01	SYMBOLS.tsv	384578	selection_expression	aarch64	include/uapi/linux/netdev.h	enum_constant	NETDEV_A_PAGE_POOL_STATS_ALLOC_SLOW	123	PENDING_REVIEW	SOURCE_REVIEWED_VALUE	COMPLETE	vendor/linux/include/uapi/linux/netdev.h;vendor/linux/include/uapi/linux/netdev.h:123;rewrite/configs/aarch64/frozen.config;header_closure=rewrite/metadata/header_closure.tsv;selected=PENDING_REVIEW	425f94c2954b1fe80ebdbf9b29854e89750355df	f24cb1108af94200ee7a600fac46c70a86ad7f5182fa08b8da014df602b81fd2	a67200b9de936585f98f6aed0c4e4f7733d3ba0c36f4496d97e583cb7caf9ac6	0123af9e96b58af4e98b91a2de5608d36b63c67864b9041d3340587f3dbe40d2	cfa8dcf0d81c408de38d4202fe1ce9d9e5e301d1e67439c9530da94b1e64ee3f	7484d7b0dd80f45e18d726b04752827fe28555cc5c1af0e127948380e6688abf
semantic-proposal-v1	SC1-9fe1bab08e17e4398fef90f3f80e074a5ef8c2a481275f784abd5cbf4b422cf5	S016267	1	P01	SYMBOLS.tsv	384578	status	aarch64	include/uapi/linux/netdev.h	enum_constant	NETDEV_A_PAGE_POOL_STATS_ALLOC_SLOW	123	PENDING_REVIEW	COMPLETE	COMPLETE	vendor/linux/include/uapi/linux/netdev.h;vendor/linux/include/uapi/linux/netdev.h:123;rewrite/configs/aarch64/frozen.config;header_closure=rewrite/metadata/header_closure.tsv;selected=PENDING_REVIEW	425f94c2954b1fe80ebdbf9b29854e89750355df	f24cb1108af94200ee7a600fac46c70a86ad7f5182fa08b8da014df602b81fd2	a67200b9de936585f98f6aed0c4e4f7733d3ba0c36f4496d97e583cb7caf9ac6	0123af9e96b58af4e98b91a2de5608d36b63c67864b9041d3340587f3dbe40d2	cfa8dcf0d81c408de38d4202fe1ce9d9e5e301d1e67439c9530da94b1e64ee3f	7484d7b0dd80f45e18d726b04752827fe28555cc5c1af0e127948380e6688abf
semantic-proposal-v1	SC1-dcd3f934d39c2196d124edcc12e6a4c9067a12780f71bd31e7c0fff393bde791	S016267	1	P01	SYMBOLS.tsv	384579	selection_expression	aarch64	include/uapi/linux/netdev.h	enum_constant	NETDEV_A_PAGE_POOL_STATS_ALLOC_SLOW_HIGH_ORDER	124	PENDING_REVIEW	SOURCE_REVIEWED_VALUE	COMPLETE	vendor/linux/include/uapi/linux/netdev.h;vendor/linux/include/uapi/linux/netdev.h:124;rewrite/configs/aarch64/frozen.config;header_closure=rewrite/metadata/header_closure.tsv;selected=PENDING_REVIEW	425f94c2954b1fe80ebdbf9b29854e89750355df	f24cb1108af94200ee7a600fac46c70a86ad7f5182fa08b8da014df602b81fd2	a67200b9de936585f98f6aed0c4e4f7733d3ba0c36f4496d97e583cb7caf9ac6	0123af9e96b58af4e98b91a2de5608d36b63c67864b9041d3340587f3dbe40d2	cfa8dcf0d81c408de38d4202fe1ce9d9e5e301d1e67439c9530da94b1e64ee3f	7484d7b0dd80f45e18d726b04752827fe28555cc5c1af0e127948380e6688abf
semantic-proposal-v1	SC1-2c18225f54a32f9fe9f40ecaaa6e381f29f22060910ab9b8724fc5f9d7d0d872	S016267	1	P01	SYMBOLS.tsv	384579	status	aarch64	include/uapi/linux/netdev.h	enum_constant	NETDEV_A_PAGE_POOL_STATS_ALLOC_SLOW_HIGH_ORDER	124	PENDING_REVIEW	COMPLETE	COMPLETE	vendor/linux/include/uapi/linux/netdev.h;vendor/linux/include/uapi/linux/netdev.h:124;rewrite/configs/aarch64/frozen.config;header_closure=rewrite/metadata/header_closure.tsv;selected=PENDING_REVIEW	425f94c2954b1fe80ebdbf9b29854e89750355df	f24cb1108af94200ee7a600fac46c70a86ad7f5182fa08b8da014df602b81fd2	a67200b9de936585f98f6aed0c4e4f7733d3ba0c36f4496d97e583cb7caf9ac6	0123af9e96b58af4e98b91a2de5608d36b63c67864b9041d3340587f3dbe40d2	cfa8dcf0d81c408de38d4202fe1ce9d9e5e301d1e67439c9530da94b1e64ee3f	7484d7b0dd80f45e18d726b04752827fe28555cc5c1af0e127948380e6688abf
semantic-proposal-v1	SC1-64d87cb441e68208b67e49027250ad6e011e62d2f4059ba2b0ba4cf969d36d38	S016267	1	P01	SYMBOLS.tsv	384580	selection_expression	aarch64	include/uapi/linux/netdev.h	enum_constant	NETDEV_A_PAGE_POOL_STATS_ALLOC_EMPTY	125	PENDING_REVIEW	SOURCE_REVIEWED_VALUE	COMPLETE	vendor/linux/include/uapi/linux/netdev.h;vendor/linux/include/uapi/linux/netdev.h:125;rewrite/configs/aarch64/frozen.config;header_closure=rewrite/metadata/header_closure.tsv;selected=PENDING_REVIEW	425f94c2954b1fe80ebdbf9b29854e89750355df	f24cb1108af94200ee7a600fac46c70a86ad7f5182fa08b8da014df602b81fd2	a67200b9de936585f98f6aed0c4e4f7733d3ba0c36f4496d97e583cb7caf9ac6	0123af9e96b58af4e98b91a2de5608d36b63c67864b9041d3340587f3dbe40d2	cfa8dcf0d81c408de38d4202fe1ce9d9e5e301d1e67439c9530da94b1e64ee3f	7484d7b0dd80f45e18d726b04752827fe28555cc5c1af0e127948380e6688abf
semantic-proposal-v1	SC1-f690f72cd256ea225f5284a325e4901366d82b8bfc3d0be3fb432ce38443db0a	S016267	1	P01	SYMBOLS.tsv	384580	status	aarch64	include/uapi/linux/netdev.h	enum_constant	NETDEV_A_PAGE_POOL_STATS_ALLOC_EMPTY	125	PENDING_REVIEW	COMPLETE	COMPLETE	vendor/linux/include/uapi/linux/netdev.h;vendor/linux/include/uapi/linux/netdev.h:125;rewrite/configs/aarch64/frozen.config;header_closure=rewrite/metadata/header_closure.tsv;selected=PENDING_REVIEW	425f94c2954b1fe80ebdbf9b29854e89750355df	f24cb1108af94200ee7a600fac46c70a86ad7f5182fa08b8da014df602b81fd2	a67200b9de936585f98f6aed0c4e4f7733d3ba0c36f4496d97e583cb7caf9ac6	0123af9e96b58af4e98b91a2de5608d36b63c67864b9041d3340587f3dbe40d2	cfa8dcf0d81c408de38d4202fe1ce9d9e5e301d1e67439c9530da94b1e64ee3f	7484d7b0dd80f45e18d726b04752827fe28555cc5c1af0e127948380e6688abf
semantic-proposal-v1	SC1-cc4cd1f9b87701b159f82535814d50b8f3e0b92d67a79aa98f87b4b8a3c64633	S016267	1	P01	SYMBOLS.tsv	384581	selection_expression	aarch64	include/uapi/linux/netdev.h	enum_constant	NETDEV_A_PAGE_POOL_STATS_ALLOC_REFILL	126	PENDING_REVIEW	SOURCE_REVIEWED_VALUE	COMPLETE	vendor/linux/include/uapi/linux/netdev.h;vendor/linux/include/uapi/linux/netdev.h:126;rewrite/configs/aarch64/frozen.config;header_closure=rewrite/metadata/header_closure.tsv;selected=PENDING_REVIEW	425f94c2954b1fe80ebdbf9b29854e89750355df	f24cb1108af94200ee7a600fac46c70a86ad7f5182fa08b8da014df602b81fd2	a67200b9de936585f98f6aed0c4e4f7733d3ba0c36f4496d97e583cb7caf9ac6	0123af9e96b58af4e98b91a2de5608d36b63c67864b9041d3340587f3dbe40d2	cfa8dcf0d81c408de38d4202fe1ce9d9e5e301d1e67439c9530da94b1e64ee3f	7484d7b0dd80f45e18d726b04752827fe28555cc5c1af0e127948380e6688abf
semantic-proposal-v1	SC1-0377244fcf7e9ddef3088e79f200fd8d11e50629e1f29293c3e95de2e684da24	S016267	1	P01	SYMBOLS.tsv	384581	status	aarch64	include/uapi/linux/netdev.h	enum_constant	NETDEV_A_PAGE_POOL_STATS_ALLOC_REFILL	126	PENDING_REVIEW	COMPLETE	COMPLETE	vendor/linux/include/uapi/linux/netdev.h;vendor/linux/include/uapi/linux/netdev.h:126;rewrite/configs/aarch64/frozen.config;header_closure=rewrite/metadata/header_closure.tsv;selected=PENDING_REVIEW	425f94c2954b1fe80ebdbf9b29854e89750355df	f24cb1108af94200ee7a600fac46c70a86ad7f5182fa08b8da014df602b81fd2	a67200b9de936585f98f6aed0c4e4f7733d3ba0c36f4496d97e583cb7caf9ac6	0123af9e96b58af4e98b91a2de5608d36b63c67864b9041d3340587f3dbe40d2	cfa8dcf0d81c408de38d4202fe1ce9d9e5e301d1e67439c9530da94b1e64ee3f	7484d7b0dd80f45e18d726b04752827fe28555cc5c1af0e127948380e6688abf
semantic-proposal-v1	SC1-86bbbe251ba06604c2e771003a34af221ebc171944eaa0e318ac857500f16886	S016267	1	P01	SYMBOLS.tsv	384582	selection_expression	aarch64	include/uapi/linux/netdev.h	enum_constant	NETDEV_A_PAGE_POOL_STATS_ALLOC_WAIVE	127	PENDING_REVIEW	SOURCE_REVIEWED_VALUE	COMPLETE	vendor/linux/include/uapi/linux/netdev.h;vendor/linux/include/uapi/linux/netdev.h:127;rewrite/configs/aarch64/frozen.config;header_closure=rewrite/metadata/header_closure.tsv;selected=PENDING_REVIEW	425f94c2954b1fe80ebdbf9b29854e89750355df	f24cb1108af94200ee7a600fac46c70a86ad7f5182fa08b8da014df602b81fd2	a67200b9de936585f98f6aed0c4e4f7733d3ba0c36f4496d97e583cb7caf9ac6	0123af9e96b58af4e98b91a2de5608d36b63c67864b9041d3340587f3dbe40d2	cfa8dcf0d81c408de38d4202fe1ce9d9e5e301d1e67439c9530da94b1e64ee3f	7484d7b0dd80f45e18d726b04752827fe28555cc5c1af0e127948380e6688abf
semantic-proposal-v1	SC1-54099ff882a4afd5b573cc4770afbab326edcb1cf041a356b428613ae0098be0	S016267	1	P01	SYMBOLS.tsv	384582	status	aarch64	include/uapi/linux/netdev.h	enum_constant	NETDEV_A_PAGE_POOL_STATS_ALLOC_WAIVE	127	PENDING_REVIEW	COMPLETE	COMPLETE	vendor/linux/include/uapi/linux/netdev.h;vendor/linux/include/uapi/linux/netdev.h:127;rewrite/configs/aarch64/frozen.config;header_closure=rewrite/metadata/header_closure.tsv;selected=PENDING_REVIEW	425f94c2954b1fe80ebdbf9b29854e89750355df	f24cb1108af94200ee7a600fac46c70a86ad7f5182fa08b8da014df602b81fd2	a67200b9de936585f98f6aed0c4e4f7733d3ba0c36f4496d97e583cb7caf9ac6	0123af9e96b58af4e98b91a2de5608d36b63c67864b9041d3340587f3dbe40d2	cfa8dcf0d81c408de38d4202fe1ce9d9e5e301d1e67439c9530da94b1e64ee3f	7484d7b0dd80f45e18d726b04752827fe28555cc5c1af0e127948380e6688abf
semantic-proposal-v1	SC1-0708704796de66467bb7db9c3756ebb9ea2573b214413c23781952621e1a10a6	S016267	1	P01	SYMBOLS.tsv	384583	selection_expression	aarch64	include/uapi/linux/netdev.h	enum_constant	NETDEV_A_PAGE_POOL_STATS_RECYCLE_CACHED	128	PENDING_REVIEW	SOURCE_REVIEWED_VALUE	COMPLETE	vendor/linux/include/uapi/linux/netdev.h;vendor/linux/include/uapi/linux/netdev.h:128;rewrite/configs/aarch64/frozen.config;header_closure=rewrite/metadata/header_closure.tsv;selected=PENDING_REVIEW	425f94c2954b1fe80ebdbf9b29854e89750355df	f24cb1108af94200ee7a600fac46c70a86ad7f5182fa08b8da014df602b81fd2	a67200b9de936585f98f6aed0c4e4f7733d3ba0c36f4496d97e583cb7caf9ac6	0123af9e96b58af4e98b91a2de5608d36b63c67864b9041d3340587f3dbe40d2	cfa8dcf0d81c408de38d4202fe1ce9d9e5e301d1e67439c9530da94b1e64ee3f	7484d7b0dd80f45e18d726b04752827fe28555cc5c1af0e127948380e6688abf
semantic-proposal-v1	SC1-e6b3240157369b1d3c53417fbfeac58add90be163a77f0a3bbf23bdd7c3fd089	S016267	1	P01	SYMBOLS.tsv	384583	status	aarch64	include/uapi/linux/netdev.h	enum_constant	NETDEV_A_PAGE_POOL_STATS_RECYCLE_CACHED	128	PENDING_REVIEW	COMPLETE	COMPLETE	vendor/linux/include/uapi/linux/netdev.h;vendor/linux/include/uapi/linux/netdev.h:128;rewrite/configs/aarch64/frozen.config;header_closure=rewrite/metadata/header_closure.tsv;selected=PENDING_REVIEW	425f94c2954b1fe80ebdbf9b29854e89750355df	f24cb1108af94200ee7a600fac46c70a86ad7f5182fa08b8da014df602b81fd2	a67200b9de936585f98f6aed0c4e4f7733d3ba0c36f4496d97e583cb7caf9ac6	0123af9e96b58af4e98b91a2de5608d36b63c67864b9041d3340587f3dbe40d2	cfa8dcf0d81c408de38d4202fe1ce9d9e5e301d1e67439c9530da94b1e64ee3f	7484d7b0dd80f45e18d726b04752827fe28555cc5c1af0e127948380e6688abf
semantic-proposal-v1	SC1-cefdd25da0a4e93545598fc48d3cdc84cec9bae35c2f6711f6be8924eefb4fa1	S016267	1	P01	SYMBOLS.tsv	384584	selection_expression	aarch64	include/uapi/linux/netdev.h	enum_constant	NETDEV_A_PAGE_POOL_STATS_RECYCLE_CACHE_FULL	129	PENDING_REVIEW	SOURCE_REVIEWED_VALUE	COMPLETE	vendor/linux/include/uapi/linux/netdev.h;vendor/linux/include/uapi/linux/netdev.h:129;rewrite/configs/aarch64/frozen.config;header_closure=rewrite/metadata/header_closure.tsv;selected=PENDING_REVIEW	425f94c2954b1fe80ebdbf9b29854e89750355df	f24cb1108af94200ee7a600fac46c70a86ad7f5182fa08b8da014df602b81fd2	a67200b9de936585f98f6aed0c4e4f7733d3ba0c36f4496d97e583cb7caf9ac6	0123af9e96b58af4e98b91a2de5608d36b63c67864b9041d3340587f3dbe40d2	cfa8dcf0d81c408de38d4202fe1ce9d9e5e301d1e67439c9530da94b1e64ee3f	7484d7b0dd80f45e18d726b04752827fe28555cc5c1af0e127948380e6688abf
semantic-proposal-v1	SC1-9c11897fa4525cb066be059bccc50421c278fb1a8f71902ee94d2ff13d1d3807	S016267	1	P01	SYMBOLS.tsv	384584	status	aarch64	include/uapi/linux/netdev.h	enum_constant	NETDEV_A_PAGE_POOL_STATS_RECYCLE_CACHE_FULL	129	PENDING_REVIEW	COMPLETE	COMPLETE	vendor/linux/include/uapi/linux/netdev.h;vendor/linux/include/uapi/linux/netdev.h:129;rewrite/configs/aarch64/frozen.config;header_closure=rewrite/metadata/header_closure.tsv;selected=PENDING_REVIEW	425f94c2954b1fe80ebdbf9b29854e89750355df	f24cb1108af94200ee7a600fac46c70a86ad7f5182fa08b8da014df602b81fd2	a67200b9de936585f98f6aed0c4e4f7733d3ba0c36f4496d97e583cb7caf9ac6	0123af9e96b58af4e98b91a2de5608d36b63c67864b9041d3340587f3dbe40d2	cfa8dcf0d81c408de38d4202fe1ce9d9e5e301d1e67439c9530da94b1e64ee3f	7484d7b0dd80f45e18d726b04752827fe28555cc5c1af0e127948380e6688abf
semantic-proposal-v1	SC1-d7d88f724101015bbb886c89f77f545102fff2f3dd1dcb120fe3872403f7c55d	S016267	1	P01	SYMBOLS.tsv	384585	selection_expression	aarch64	include/uapi/linux/netdev.h	enum_constant	NETDEV_A_PAGE_POOL_STATS_RECYCLE_RING	130	PENDING_REVIEW	SOURCE_REVIEWED_VALUE	COMPLETE	vendor/linux/include/uapi/linux/netdev.h;vendor/linux/include/uapi/linux/netdev.h:130;rewrite/configs/aarch64/frozen.config;header_closure=rewrite/metadata/header_closure.tsv;selected=PENDING_REVIEW	425f94c2954b1fe80ebdbf9b29854e89750355df	f24cb1108af94200ee7a600fac46c70a86ad7f5182fa08b8da014df602b81fd2	a67200b9de936585f98f6aed0c4e4f7733d3ba0c36f4496d97e583cb7caf9ac6	0123af9e96b58af4e98b91a2de5608d36b63c67864b9041d3340587f3dbe40d2	cfa8dcf0d81c408de38d4202fe1ce9d9e5e301d1e67439c9530da94b1e64ee3f	7484d7b0dd80f45e18d726b04752827fe28555cc5c1af0e127948380e6688abf
semantic-proposal-v1	SC1-2d8bb18c837c61b5082fdd0b3c303b3e34035491bba3e2c7af5897f1ac43a9e4	S016267	1	P01	SYMBOLS.tsv	384585	status	aarch64	include/uapi/linux/netdev.h	enum_constant	NETDEV_A_PAGE_POOL_STATS_RECYCLE_RING	130	PENDING_REVIEW	COMPLETE	COMPLETE	vendor/linux/include/uapi/linux/netdev.h;vendor/linux/include/uapi/linux/netdev.h:130;rewrite/configs/aarch64/frozen.config;header_closure=rewrite/metadata/header_closure.tsv;selected=PENDING_REVIEW	425f94c2954b1fe80ebdbf9b29854e89750355df	f24cb1108af94200ee7a600fac46c70a86ad7f5182fa08b8da014df602b81fd2	a67200b9de936585f98f6aed0c4e4f7733d3ba0c36f4496d97e583cb7caf9ac6	0123af9e96b58af4e98b91a2de5608d36b63c67864b9041d3340587f3dbe40d2	cfa8dcf0d81c408de38d4202fe1ce9d9e5e301d1e67439c9530da94b1e64ee3f	7484d7b0dd80f45e18d726b04752827fe28555cc5c1af0e127948380e6688abf
semantic-proposal-v1	SC1-9f1a70ed58c64709e43c8ecd108ce354cf65f108886a2a083eb74b3de1dd1ce4	S016267	1	P01	SYMBOLS.tsv	384586	selection_expression	aarch64	include/uapi/linux/netdev.h	enum_constant	NETDEV_A_PAGE_POOL_STATS_RECYCLE_RING_FULL	131	PENDING_REVIEW	SOURCE_REVIEWED_VALUE	COMPLETE	vendor/linux/include/uapi/linux/netdev.h;vendor/linux/include/uapi/linux/netdev.h:131;rewrite/configs/aarch64/frozen.config;header_closure=rewrite/metadata/header_closure.tsv;selected=PENDING_REVIEW	425f94c2954b1fe80ebdbf9b29854e89750355df	f24cb1108af94200ee7a600fac46c70a86ad7f5182fa08b8da014df602b81fd2	a67200b9de936585f98f6aed0c4e4f7733d3ba0c36f4496d97e583cb7caf9ac6	0123af9e96b58af4e98b91a2de5608d36b63c67864b9041d3340587f3dbe40d2	cfa8dcf0d81c408de38d4202fe1ce9d9e5e301d1e67439c9530da94b1e64ee3f	7484d7b0dd80f45e18d726b04752827fe28555cc5c1af0e127948380e6688abf
semantic-proposal-v1	SC1-5c290764b40fdce0b90de84826efcce333e14918735593d7ac89b1d42833e723	S016267	1	P01	SYMBOLS.tsv	384586	status	aarch64	include/uapi/linux/netdev.h	enum_constant	NETDEV_A_PAGE_POOL_STATS_RECYCLE_RING_FULL	131	PENDING_REVIEW	COMPLETE	COMPLETE	vendor/linux/include/uapi/linux/netdev.h;vendor/linux/include/uapi/linux/netdev.h:131;rewrite/configs/aarch64/frozen.config;header_closure=rewrite/metadata/header_closure.tsv;selected=PENDING_REVIEW	425f94c2954b1fe80ebdbf9b29854e89750355df	f24cb1108af94200ee7a600fac46c70a86ad7f5182fa08b8da014df602b81fd2	a67200b9de936585f98f6aed0c4e4f7733d3ba0c36f4496d97e583cb7caf9ac6	0123af9e96b58af4e98b91a2de5608d36b63c67864b9041d3340587f3dbe40d2	cfa8dcf0d81c408de38d4202fe1ce9d9e5e301d1e67439c9530da94b1e64ee3f	7484d7b0dd80f45e18d726b04752827fe28555cc5c1af0e127948380e6688abf
semantic-proposal-v1	SC1-4f1a0e1298b49c0dc5ca19aa0d2c96fd48bf7c1673eefc994f89d1458734cc8e	S016267	1	P01	SYMBOLS.tsv	384587	selection_expression	aarch64	include/uapi/linux/netdev.h	enum_constant	NETDEV_A_PAGE_POOL_STATS_RECYCLE_RELEASED_REFCNT	132	PENDING_REVIEW	SOURCE_REVIEWED_VALUE	COMPLETE	vendor/linux/include/uapi/linux/netdev.h;vendor/linux/include/uapi/linux/netdev.h:132;rewrite/configs/aarch64/frozen.config;header_closure=rewrite/metadata/header_closure.tsv;selected=PENDING_REVIEW	425f94c2954b1fe80ebdbf9b29854e89750355df	f24cb1108af94200ee7a600fac46c70a86ad7f5182fa08b8da014df602b81fd2	a67200b9de936585f98f6aed0c4e4f7733d3ba0c36f4496d97e583cb7caf9ac6	0123af9e96b58af4e98b91a2de5608d36b63c67864b9041d3340587f3dbe40d2	cfa8dcf0d81c408de38d4202fe1ce9d9e5e301d1e67439c9530da94b1e64ee3f	7484d7b0dd80f45e18d726b04752827fe28555cc5c1af0e127948380e6688abf
semantic-proposal-v1	SC1-9c59b4a58ddd9bf46ddf5dceea51c46cf4b1c0ed2817fff1f30ba056827d8414	S016267	1	P01	SYMBOLS.tsv	384587	status	aarch64	include/uapi/linux/netdev.h	enum_constant	NETDEV_A_PAGE_POOL_STATS_RECYCLE_RELEASED_REFCNT	132	PENDING_REVIEW	COMPLETE	COMPLETE	vendor/linux/include/uapi/linux/netdev.h;vendor/linux/include/uapi/linux/netdev.h:132;rewrite/configs/aarch64/frozen.config;header_closure=rewrite/metadata/header_closure.tsv;selected=PENDING_REVIEW	425f94c2954b1fe80ebdbf9b29854e89750355df	f24cb1108af94200ee7a600fac46c70a86ad7f5182fa08b8da014df602b81fd2	a67200b9de936585f98f6aed0c4e4f7733d3ba0c36f4496d97e583cb7caf9ac6	0123af9e96b58af4e98b91a2de5608d36b63c67864b9041d3340587f3dbe40d2	cfa8dcf0d81c408de38d4202fe1ce9d9e5e301d1e67439c9530da94b1e64ee3f	7484d7b0dd80f45e18d726b04752827fe28555cc5c1af0e127948380e6688abf
semantic-proposal-v1	SC1-25c85fdf707203d20bcd6857eb5f73e739253c1cc6c124e915527affbeb898a8	S016267	1	P01	SYMBOLS.tsv	384588	selection_expression	aarch64	include/uapi/linux/netdev.h	enum_constant	__NETDEV_A_PAGE_POOL_STATS_MAX	134	PENDING_REVIEW	SOURCE_REVIEWED_VALUE	COMPLETE	vendor/linux/include/uapi/linux/netdev.h;vendor/linux/include/uapi/linux/netdev.h:134;rewrite/configs/aarch64/frozen.config;header_closure=rewrite/metadata/header_closure.tsv;selected=PENDING_REVIEW	425f94c2954b1fe80ebdbf9b29854e89750355df	f24cb1108af94200ee7a600fac46c70a86ad7f5182fa08b8da014df602b81fd2	a67200b9de936585f98f6aed0c4e4f7733d3ba0c36f4496d97e583cb7caf9ac6	0123af9e96b58af4e98b91a2de5608d36b63c67864b9041d3340587f3dbe40d2	cfa8dcf0d81c408de38d4202fe1ce9d9e5e301d1e67439c9530da94b1e64ee3f	7484d7b0dd80f45e18d726b04752827fe28555cc5c1af0e127948380e6688abf
semantic-proposal-v1	SC1-ea5213b7f4d60421491bff7765d5df35fdac38bef71b30045d742fb1fe0fbc63	S016267	1	P01	SYMBOLS.tsv	384588	status	aarch64	include/uapi/linux/netdev.h	enum_constant	__NETDEV_A_PAGE_POOL_STATS_MAX	134	PENDING_REVIEW	COMPLETE	COMPLETE	vendor/linux/include/uapi/linux/netdev.h;vendor/linux/include/uapi/linux/netdev.h:134;rewrite/configs/aarch64/frozen.config;header_closure=rewrite/metadata/header_closure.tsv;selected=PENDING_REVIEW	425f94c2954b1fe80ebdbf9b29854e89750355df	f24cb1108af94200ee7a600fac46c70a86ad7f5182fa08b8da014df602b81fd2	a67200b9de936585f98f6aed0c4e4f7733d3ba0c36f4496d97e583cb7caf9ac6	0123af9e96b58af4e98b91a2de5608d36b63c67864b9041d3340587f3dbe40d2	cfa8dcf0d81c408de38d4202fe1ce9d9e5e301d1e67439c9530da94b1e64ee3f	7484d7b0dd80f45e18d726b04752827fe28555cc5c1af0e127948380e6688abf
semantic-proposal-v1	SC1-748771cc62af8650b5fde0fc4bc9aef00c1905ea195932b947d32970a3e9cbc4	S016267	1	P01	SYMBOLS.tsv	384589	selection_expression	aarch64	include/uapi/linux/netdev.h	enum_constant	NETDEV_A_PAGE_POOL_STATS_MAX	135	PENDING_REVIEW	SOURCE_REVIEWED_VALUE	COMPLETE	vendor/linux/include/uapi/linux/netdev.h;vendor/linux/include/uapi/linux/netdev.h:135;rewrite/configs/aarch64/frozen.config;header_closure=rewrite/metadata/header_closure.tsv;selected=PENDING_REVIEW	425f94c2954b1fe80ebdbf9b29854e89750355df	f24cb1108af94200ee7a600fac46c70a86ad7f5182fa08b8da014df602b81fd2	a67200b9de936585f98f6aed0c4e4f7733d3ba0c36f4496d97e583cb7caf9ac6	0123af9e96b58af4e98b91a2de5608d36b63c67864b9041d3340587f3dbe40d2	cfa8dcf0d81c408de38d4202fe1ce9d9e5e301d1e67439c9530da94b1e64ee3f	7484d7b0dd80f45e18d726b04752827fe28555cc5c1af0e127948380e6688abf
semantic-proposal-v1	SC1-b484c3cf52194d6ecb5cc8f8375257eeaf3dcab1825d881f65fdea79af865a6b	S016267	1	P01	SYMBOLS.tsv	384589	status	aarch64	include/uapi/linux/netdev.h	enum_constant	NETDEV_A_PAGE_POOL_STATS_MAX	135	PENDING_REVIEW	COMPLETE	COMPLETE	vendor/linux/include/uapi/linux/netdev.h;vendor/linux/include/uapi/linux/netdev.h:135;rewrite/configs/aarch64/frozen.config;header_closure=rewrite/metadata/header_closure.tsv;selected=PENDING_REVIEW	425f94c2954b1fe80ebdbf9b29854e89750355df	f24cb1108af94200ee7a600fac46c70a86ad7f5182fa08b8da014df602b81fd2	a67200b9de936585f98f6aed0c4e4f7733d3ba0c36f4496d97e583cb7caf9ac6	0123af9e96b58af4e98b91a2de5608d36b63c67864b9041d3340587f3dbe40d2	cfa8dcf0d81c408de38d4202fe1ce9d9e5e301d1e67439c9530da94b1e64ee3f	7484d7b0dd80f45e18d726b04752827fe28555cc5c1af0e127948380e6688abf
semantic-proposal-v1	SC1-a470cc94ce0b6272ebc897aa74a23309b17dbad6177cf1802176ea2ec6e70ef7	S016267	1	P01	SYMBOLS.tsv	384590	selection_expression	aarch64	include/uapi/linux/netdev.h	type	anonymous_enum@138	138	PENDING_REVIEW	SOURCE_REVIEWED_VALUE	COMPLETE	vendor/linux/include/uapi/linux/netdev.h;vendor/linux/include/uapi/linux/netdev.h:138;rewrite/configs/aarch64/frozen.config;header_closure=rewrite/metadata/header_closure.tsv;selected=PENDING_REVIEW	425f94c2954b1fe80ebdbf9b29854e89750355df	f24cb1108af94200ee7a600fac46c70a86ad7f5182fa08b8da014df602b81fd2	a67200b9de936585f98f6aed0c4e4f7733d3ba0c36f4496d97e583cb7caf9ac6	0123af9e96b58af4e98b91a2de5608d36b63c67864b9041d3340587f3dbe40d2	cfa8dcf0d81c408de38d4202fe1ce9d9e5e301d1e67439c9530da94b1e64ee3f	7484d7b0dd80f45e18d726b04752827fe28555cc5c1af0e127948380e6688abf
semantic-proposal-v1	SC1-465b5bf545e8682779d0b326beb96134f8bfb46d7831fdec72c930d96f40e109	S016267	1	P01	SYMBOLS.tsv	384590	status	aarch64	include/uapi/linux/netdev.h	type	anonymous_enum@138	138	PENDING_REVIEW	COMPLETE	COMPLETE	vendor/linux/include/uapi/linux/netdev.h;vendor/linux/include/uapi/linux/netdev.h:138;rewrite/configs/aarch64/frozen.config;header_closure=rewrite/metadata/header_closure.tsv;selected=PENDING_REVIEW	425f94c2954b1fe80ebdbf9b29854e89750355df	f24cb1108af94200ee7a600fac46c70a86ad7f5182fa08b8da014df602b81fd2	a67200b9de936585f98f6aed0c4e4f7733d3ba0c36f4496d97e583cb7caf9ac6	0123af9e96b58af4e98b91a2de5608d36b63c67864b9041d3340587f3dbe40d2	cfa8dcf0d81c408de38d4202fe1ce9d9e5e301d1e67439c9530da94b1e64ee3f	7484d7b0dd80f45e18d726b04752827fe28555cc5c1af0e127948380e6688abf
semantic-proposal-v1	SC1-243e05bba83462811d2c7b2d317616dcd46725a14cb4d6b3dad6736ace755ab6	S016267	1	P01	SYMBOLS.tsv	384591	selection_expression	aarch64	include/uapi/linux/netdev.h	enum_constant	NETDEV_A_NAPI_IFINDEX	139	PENDING_REVIEW	SOURCE_REVIEWED_VALUE	COMPLETE	vendor/linux/include/uapi/linux/netdev.h;vendor/linux/include/uapi/linux/netdev.h:139;rewrite/configs/aarch64/frozen.config;header_closure=rewrite/metadata/header_closure.tsv;selected=PENDING_REVIEW	425f94c2954b1fe80ebdbf9b29854e89750355df	f24cb1108af94200ee7a600fac46c70a86ad7f5182fa08b8da014df602b81fd2	a67200b9de936585f98f6aed0c4e4f7733d3ba0c36f4496d97e583cb7caf9ac6	0123af9e96b58af4e98b91a2de5608d36b63c67864b9041d3340587f3dbe40d2	cfa8dcf0d81c408de38d4202fe1ce9d9e5e301d1e67439c9530da94b1e64ee3f	7484d7b0dd80f45e18d726b04752827fe28555cc5c1af0e127948380e6688abf
semantic-proposal-v1	SC1-ba5ddf51a5b18ec9d87c5143ace2d19b32c575d6f799c56cf4f6a7c1beb3b242	S016267	1	P01	SYMBOLS.tsv	384591	status	aarch64	include/uapi/linux/netdev.h	enum_constant	NETDEV_A_NAPI_IFINDEX	139	PENDING_REVIEW	COMPLETE	COMPLETE	vendor/linux/include/uapi/linux/netdev.h;vendor/linux/include/uapi/linux/netdev.h:139;rewrite/configs/aarch64/frozen.config;header_closure=rewrite/metadata/header_closure.tsv;selected=PENDING_REVIEW	425f94c2954b1fe80ebdbf9b29854e89750355df	f24cb1108af94200ee7a600fac46c70a86ad7f5182fa08b8da014df602b81fd2	a67200b9de936585f98f6aed0c4e4f7733d3ba0c36f4496d97e583cb7caf9ac6	0123af9e96b58af4e98b91a2de5608d36b63c67864b9041d3340587f3dbe40d2	cfa8dcf0d81c408de38d4202fe1ce9d9e5e301d1e67439c9530da94b1e64ee3f	7484d7b0dd80f45e18d726b04752827fe28555cc5c1af0e127948380e6688abf
semantic-proposal-v1	SC1-d82de4cce8e593055ab746a69d24df179f6f0fc9fca2100fc2b463bcb42a66a4	S016267	1	P01	SYMBOLS.tsv	384592	selection_expression	aarch64	include/uapi/linux/netdev.h	enum_constant	NETDEV_A_NAPI_ID	140	PENDING_REVIEW	SOURCE_REVIEWED_VALUE	COMPLETE	vendor/linux/include/uapi/linux/netdev.h;vendor/linux/include/uapi/linux/netdev.h:140;rewrite/configs/aarch64/frozen.config;header_closure=rewrite/metadata/header_closure.tsv;selected=PENDING_REVIEW	425f94c2954b1fe80ebdbf9b29854e89750355df	f24cb1108af94200ee7a600fac46c70a86ad7f5182fa08b8da014df602b81fd2	a67200b9de936585f98f6aed0c4e4f7733d3ba0c36f4496d97e583cb7caf9ac6	0123af9e96b58af4e98b91a2de5608d36b63c67864b9041d3340587f3dbe40d2	cfa8dcf0d81c408de38d4202fe1ce9d9e5e301d1e67439c9530da94b1e64ee3f	7484d7b0dd80f45e18d726b04752827fe28555cc5c1af0e127948380e6688abf
semantic-proposal-v1	SC1-badc5cb120e9334474d15972239b70729b160e19661a57d9f966a0111e4cb41a	S016267	1	P01	SYMBOLS.tsv	384592	status	aarch64	include/uapi/linux/netdev.h	enum_constant	NETDEV_A_NAPI_ID	140	PENDING_REVIEW	COMPLETE	COMPLETE	vendor/linux/include/uapi/linux/netdev.h;vendor/linux/include/uapi/linux/netdev.h:140;rewrite/configs/aarch64/frozen.config;header_closure=rewrite/metadata/header_closure.tsv;selected=PENDING_REVIEW	425f94c2954b1fe80ebdbf9b29854e89750355df	f24cb1108af94200ee7a600fac46c70a86ad7f5182fa08b8da014df602b81fd2	a67200b9de936585f98f6aed0c4e4f7733d3ba0c36f4496d97e583cb7caf9ac6	0123af9e96b58af4e98b91a2de5608d36b63c67864b9041d3340587f3dbe40d2	cfa8dcf0d81c408de38d4202fe1ce9d9e5e301d1e67439c9530da94b1e64ee3f	7484d7b0dd80f45e18d726b04752827fe28555cc5c1af0e127948380e6688abf
semantic-proposal-v1	SC1-ad82742027827d2bcc4ab23fbfa65bfd646fc897499f92d99bdc53a9efef00a9	S016267	1	P01	SYMBOLS.tsv	384593	selection_expression	aarch64	include/uapi/linux/netdev.h	enum_constant	NETDEV_A_NAPI_IRQ	141	PENDING_REVIEW	SOURCE_REVIEWED_VALUE	COMPLETE	vendor/linux/include/uapi/linux/netdev.h;vendor/linux/include/uapi/linux/netdev.h:141;rewrite/configs/aarch64/frozen.config;header_closure=rewrite/metadata/header_closure.tsv;selected=PENDING_REVIEW	425f94c2954b1fe80ebdbf9b29854e89750355df	f24cb1108af94200ee7a600fac46c70a86ad7f5182fa08b8da014df602b81fd2	a67200b9de936585f98f6aed0c4e4f7733d3ba0c36f4496d97e583cb7caf9ac6	0123af9e96b58af4e98b91a2de5608d36b63c67864b9041d3340587f3dbe40d2	cfa8dcf0d81c408de38d4202fe1ce9d9e5e301d1e67439c9530da94b1e64ee3f	7484d7b0dd80f45e18d726b04752827fe28555cc5c1af0e127948380e6688abf
semantic-proposal-v1	SC1-d5f35afc2f79dd8fdfb8d85f33464f355b774d2d5b09c9116493cdab425143d5	S016267	1	P01	SYMBOLS.tsv	384593	status	aarch64	include/uapi/linux/netdev.h	enum_constant	NETDEV_A_NAPI_IRQ	141	PENDING_REVIEW	COMPLETE	COMPLETE	vendor/linux/include/uapi/linux/netdev.h;vendor/linux/include/uapi/linux/netdev.h:141;rewrite/configs/aarch64/frozen.config;header_closure=rewrite/metadata/header_closure.tsv;selected=PENDING_REVIEW	425f94c2954b1fe80ebdbf9b29854e89750355df	f24cb1108af94200ee7a600fac46c70a86ad7f5182fa08b8da014df602b81fd2	a67200b9de936585f98f6aed0c4e4f7733d3ba0c36f4496d97e583cb7caf9ac6	0123af9e96b58af4e98b91a2de5608d36b63c67864b9041d3340587f3dbe40d2	cfa8dcf0d81c408de38d4202fe1ce9d9e5e301d1e67439c9530da94b1e64ee3f	7484d7b0dd80f45e18d726b04752827fe28555cc5c1af0e127948380e6688abf
semantic-proposal-v1	SC1-b9f6288262ddcc3d1806643dc4d00f1ffccf8cac6e5a29971780b47752d9403e	S016267	1	P01	SYMBOLS.tsv	384594	selection_expression	aarch64	include/uapi/linux/netdev.h	enum_constant	NETDEV_A_NAPI_PID	142	PENDING_REVIEW	SOURCE_REVIEWED_VALUE	COMPLETE	vendor/linux/include/uapi/linux/netdev.h;vendor/linux/include/uapi/linux/netdev.h:142;rewrite/configs/aarch64/frozen.config;header_closure=rewrite/metadata/header_closure.tsv;selected=PENDING_REVIEW	425f94c2954b1fe80ebdbf9b29854e89750355df	f24cb1108af94200ee7a600fac46c70a86ad7f5182fa08b8da014df602b81fd2	a67200b9de936585f98f6aed0c4e4f7733d3ba0c36f4496d97e583cb7caf9ac6	0123af9e96b58af4e98b91a2de5608d36b63c67864b9041d3340587f3dbe40d2	cfa8dcf0d81c408de38d4202fe1ce9d9e5e301d1e67439c9530da94b1e64ee3f	7484d7b0dd80f45e18d726b04752827fe28555cc5c1af0e127948380e6688abf
semantic-proposal-v1	SC1-ec3ecdee60746890b69e2ae8e6cd83d18cd9d56ead1d651ef9d2a49f36554369	S016267	1	P01	SYMBOLS.tsv	384594	status	aarch64	include/uapi/linux/netdev.h	enum_constant	NETDEV_A_NAPI_PID	142	PENDING_REVIEW	COMPLETE	COMPLETE	vendor/linux/include/uapi/linux/netdev.h;vendor/linux/include/uapi/linux/netdev.h:142;rewrite/configs/aarch64/frozen.config;header_closure=rewrite/metadata/header_closure.tsv;selected=PENDING_REVIEW	425f94c2954b1fe80ebdbf9b29854e89750355df	f24cb1108af94200ee7a600fac46c70a86ad7f5182fa08b8da014df602b81fd2	a67200b9de936585f98f6aed0c4e4f7733d3ba0c36f4496d97e583cb7caf9ac6	0123af9e96b58af4e98b91a2de5608d36b63c67864b9041d3340587f3dbe40d2	cfa8dcf0d81c408de38d4202fe1ce9d9e5e301d1e67439c9530da94b1e64ee3f	7484d7b0dd80f45e18d726b04752827fe28555cc5c1af0e127948380e6688abf
semantic-proposal-v1	SC1-4061d0bf600bdf35286f4ada74c29e6ca0a4f97583648d19a52ebf6769d39f3c	S016267	1	P01	SYMBOLS.tsv	384595	selection_expression	aarch64	include/uapi/linux/netdev.h	enum_constant	NETDEV_A_NAPI_DEFER_HARD_IRQS	143	PENDING_REVIEW	SOURCE_REVIEWED_VALUE	COMPLETE	vendor/linux/include/uapi/linux/netdev.h;vendor/linux/include/uapi/linux/netdev.h:143;rewrite/configs/aarch64/frozen.config;header_closure=rewrite/metadata/header_closure.tsv;selected=PENDING_REVIEW	425f94c2954b1fe80ebdbf9b29854e89750355df	f24cb1108af94200ee7a600fac46c70a86ad7f5182fa08b8da014df602b81fd2	a67200b9de936585f98f6aed0c4e4f7733d3ba0c36f4496d97e583cb7caf9ac6	0123af9e96b58af4e98b91a2de5608d36b63c67864b9041d3340587f3dbe40d2	cfa8dcf0d81c408de38d4202fe1ce9d9e5e301d1e67439c9530da94b1e64ee3f	7484d7b0dd80f45e18d726b04752827fe28555cc5c1af0e127948380e6688abf
semantic-proposal-v1	SC1-bd8d6ad555b134bf74a4134a5989ce6aa7e3eac2f43fb93acf0d59150913961c	S016267	1	P01	SYMBOLS.tsv	384595	status	aarch64	include/uapi/linux/netdev.h	enum_constant	NETDEV_A_NAPI_DEFER_HARD_IRQS	143	PENDING_REVIEW	COMPLETE	COMPLETE	vendor/linux/include/uapi/linux/netdev.h;vendor/linux/include/uapi/linux/netdev.h:143;rewrite/configs/aarch64/frozen.config;header_closure=rewrite/metadata/header_closure.tsv;selected=PENDING_REVIEW	425f94c2954b1fe80ebdbf9b29854e89750355df	f24cb1108af94200ee7a600fac46c70a86ad7f5182fa08b8da014df602b81fd2	a67200b9de936585f98f6aed0c4e4f7733d3ba0c36f4496d97e583cb7caf9ac6	0123af9e96b58af4e98b91a2de5608d36b63c67864b9041d3340587f3dbe40d2	cfa8dcf0d81c408de38d4202fe1ce9d9e5e301d1e67439c9530da94b1e64ee3f	7484d7b0dd80f45e18d726b04752827fe28555cc5c1af0e127948380e6688abf
semantic-proposal-v1	SC1-92b9e413ac963a22ea4dad943c54551359301a375192d403b541f57cb761ac17	S016267	1	P01	SYMBOLS.tsv	384596	selection_expression	aarch64	include/uapi/linux/netdev.h	enum_constant	NETDEV_A_NAPI_GRO_FLUSH_TIMEOUT	144	PENDING_REVIEW	SOURCE_REVIEWED_VALUE	COMPLETE	vendor/linux/include/uapi/linux/netdev.h;vendor/linux/include/uapi/linux/netdev.h:144;rewrite/configs/aarch64/frozen.config;header_closure=rewrite/metadata/header_closure.tsv;selected=PENDING_REVIEW	425f94c2954b1fe80ebdbf9b29854e89750355df	f24cb1108af94200ee7a600fac46c70a86ad7f5182fa08b8da014df602b81fd2	a67200b9de936585f98f6aed0c4e4f7733d3ba0c36f4496d97e583cb7caf9ac6	0123af9e96b58af4e98b91a2de5608d36b63c67864b9041d3340587f3dbe40d2	cfa8dcf0d81c408de38d4202fe1ce9d9e5e301d1e67439c9530da94b1e64ee3f	7484d7b0dd80f45e18d726b04752827fe28555cc5c1af0e127948380e6688abf
semantic-proposal-v1	SC1-ec08b083afe9e7479585cc470fbf813aefa5e07f9b1d5cd3d5dded64ea814b23	S016267	1	P01	SYMBOLS.tsv	384596	status	aarch64	include/uapi/linux/netdev.h	enum_constant	NETDEV_A_NAPI_GRO_FLUSH_TIMEOUT	144	PENDING_REVIEW	COMPLETE	COMPLETE	vendor/linux/include/uapi/linux/netdev.h;vendor/linux/include/uapi/linux/netdev.h:144;rewrite/configs/aarch64/frozen.config;header_closure=rewrite/metadata/header_closure.tsv;selected=PENDING_REVIEW	425f94c2954b1fe80ebdbf9b29854e89750355df	f24cb1108af94200ee7a600fac46c70a86ad7f5182fa08b8da014df602b81fd2	a67200b9de936585f98f6aed0c4e4f7733d3ba0c36f4496d97e583cb7caf9ac6	0123af9e96b58af4e98b91a2de5608d36b63c67864b9041d3340587f3dbe40d2	cfa8dcf0d81c408de38d4202fe1ce9d9e5e301d1e67439c9530da94b1e64ee3f	7484d7b0dd80f45e18d726b04752827fe28555cc5c1af0e127948380e6688abf
semantic-proposal-v1	SC1-5a3a77a33354060a4ae623282958292921761fc1c782e332af0058bbfea710f1	S016267	1	P01	SYMBOLS.tsv	384597	selection_expression	aarch64	include/uapi/linux/netdev.h	enum_constant	NETDEV_A_NAPI_IRQ_SUSPEND_TIMEOUT	145	PENDING_REVIEW	SOURCE_REVIEWED_VALUE	COMPLETE	vendor/linux/include/uapi/linux/netdev.h;vendor/linux/include/uapi/linux/netdev.h:145;rewrite/configs/aarch64/frozen.config;header_closure=rewrite/metadata/header_closure.tsv;selected=PENDING_REVIEW	425f94c2954b1fe80ebdbf9b29854e89750355df	f24cb1108af94200ee7a600fac46c70a86ad7f5182fa08b8da014df602b81fd2	a67200b9de936585f98f6aed0c4e4f7733d3ba0c36f4496d97e583cb7caf9ac6	0123af9e96b58af4e98b91a2de5608d36b63c67864b9041d3340587f3dbe40d2	cfa8dcf0d81c408de38d4202fe1ce9d9e5e301d1e67439c9530da94b1e64ee3f	7484d7b0dd80f45e18d726b04752827fe28555cc5c1af0e127948380e6688abf
semantic-proposal-v1	SC1-5e108c2e6c19a6eb875c44f5a6c4243f78eb64feabd4a2dd9075c1a4f21415fc	S016267	1	P01	SYMBOLS.tsv	384597	status	aarch64	include/uapi/linux/netdev.h	enum_constant	NETDEV_A_NAPI_IRQ_SUSPEND_TIMEOUT	145	PENDING_REVIEW	COMPLETE	COMPLETE	vendor/linux/include/uapi/linux/netdev.h;vendor/linux/include/uapi/linux/netdev.h:145;rewrite/configs/aarch64/frozen.config;header_closure=rewrite/metadata/header_closure.tsv;selected=PENDING_REVIEW	425f94c2954b1fe80ebdbf9b29854e89750355df	f24cb1108af94200ee7a600fac46c70a86ad7f5182fa08b8da014df602b81fd2	a67200b9de936585f98f6aed0c4e4f7733d3ba0c36f4496d97e583cb7caf9ac6	0123af9e96b58af4e98b91a2de5608d36b63c67864b9041d3340587f3dbe40d2	cfa8dcf0d81c408de38d4202fe1ce9d9e5e301d1e67439c9530da94b1e64ee3f	7484d7b0dd80f45e18d726b04752827fe28555cc5c1af0e127948380e6688abf
semantic-proposal-v1	SC1-2d03ff26c5768d312154cd21fdaf06d0518c1b9b4c2aa6a5fa18bcf6dcad33cb	S016267	1	P01	SYMBOLS.tsv	384598	selection_expression	aarch64	include/uapi/linux/netdev.h	enum_constant	NETDEV_A_NAPI_THREADED	146	PENDING_REVIEW	SOURCE_REVIEWED_VALUE	COMPLETE	vendor/linux/include/uapi/linux/netdev.h;vendor/linux/include/uapi/linux/netdev.h:146;rewrite/configs/aarch64/frozen.config;header_closure=rewrite/metadata/header_closure.tsv;selected=PENDING_REVIEW	425f94c2954b1fe80ebdbf9b29854e89750355df	f24cb1108af94200ee7a600fac46c70a86ad7f5182fa08b8da014df602b81fd2	a67200b9de936585f98f6aed0c4e4f7733d3ba0c36f4496d97e583cb7caf9ac6	0123af9e96b58af4e98b91a2de5608d36b63c67864b9041d3340587f3dbe40d2	cfa8dcf0d81c408de38d4202fe1ce9d9e5e301d1e67439c9530da94b1e64ee3f	7484d7b0dd80f45e18d726b04752827fe28555cc5c1af0e127948380e6688abf
semantic-proposal-v1	SC1-265cebc180d9023d9f4bf7fa70232f3abdc1a1c60c65df37b1087868d0165f98	S016267	1	P01	SYMBOLS.tsv	384598	status	aarch64	include/uapi/linux/netdev.h	enum_constant	NETDEV_A_NAPI_THREADED	146	PENDING_REVIEW	COMPLETE	COMPLETE	vendor/linux/include/uapi/linux/netdev.h;vendor/linux/include/uapi/linux/netdev.h:146;rewrite/configs/aarch64/frozen.config;header_closure=rewrite/metadata/header_closure.tsv;selected=PENDING_REVIEW	425f94c2954b1fe80ebdbf9b29854e89750355df	f24cb1108af94200ee7a600fac46c70a86ad7f5182fa08b8da014df602b81fd2	a67200b9de936585f98f6aed0c4e4f7733d3ba0c36f4496d97e583cb7caf9ac6	0123af9e96b58af4e98b91a2de5608d36b63c67864b9041d3340587f3dbe40d2	cfa8dcf0d81c408de38d4202fe1ce9d9e5e301d1e67439c9530da94b1e64ee3f	7484d7b0dd80f45e18d726b04752827fe28555cc5c1af0e127948380e6688abf
semantic-proposal-v1	SC1-676c160ca0fc19ad34c66f77d47c05d03b0731d439bc438a87067a751fc15629	S016267	1	P01	SYMBOLS.tsv	384599	selection_expression	aarch64	include/uapi/linux/netdev.h	enum_constant	__NETDEV_A_NAPI_MAX	148	PENDING_REVIEW	SOURCE_REVIEWED_VALUE	COMPLETE	vendor/linux/include/uapi/linux/netdev.h;vendor/linux/include/uapi/linux/netdev.h:148;rewrite/configs/aarch64/frozen.config;header_closure=rewrite/metadata/header_closure.tsv;selected=PENDING_REVIEW	425f94c2954b1fe80ebdbf9b29854e89750355df	f24cb1108af94200ee7a600fac46c70a86ad7f5182fa08b8da014df602b81fd2	a67200b9de936585f98f6aed0c4e4f7733d3ba0c36f4496d97e583cb7caf9ac6	0123af9e96b58af4e98b91a2de5608d36b63c67864b9041d3340587f3dbe40d2	cfa8dcf0d81c408de38d4202fe1ce9d9e5e301d1e67439c9530da94b1e64ee3f	7484d7b0dd80f45e18d726b04752827fe28555cc5c1af0e127948380e6688abf
semantic-proposal-v1	SC1-bc3fdfe5c7284e443f1d815e8e6da3236cf2cf78779fb51b86f7df89b6f38417	S016267	1	P01	SYMBOLS.tsv	384599	status	aarch64	include/uapi/linux/netdev.h	enum_constant	__NETDEV_A_NAPI_MAX	148	PENDING_REVIEW	COMPLETE	COMPLETE	vendor/linux/include/uapi/linux/netdev.h;vendor/linux/include/uapi/linux/netdev.h:148;rewrite/configs/aarch64/frozen.config;header_closure=rewrite/metadata/header_closure.tsv;selected=PENDING_REVIEW	425f94c2954b1fe80ebdbf9b29854e89750355df	f24cb1108af94200ee7a600fac46c70a86ad7f5182fa08b8da014df602b81fd2	a67200b9de936585f98f6aed0c4e4f7733d3ba0c36f4496d97e583cb7caf9ac6	0123af9e96b58af4e98b91a2de5608d36b63c67864b9041d3340587f3dbe40d2	cfa8dcf0d81c408de38d4202fe1ce9d9e5e301d1e67439c9530da94b1e64ee3f	7484d7b0dd80f45e18d726b04752827fe28555cc5c1af0e127948380e6688abf
semantic-proposal-v1	SC1-d94a9f1c40a013411a627eaa6753ec86aa95d69f763586247d91ffdf3ea5ceb3	S016267	1	P01	SYMBOLS.tsv	384600	selection_expression	aarch64	include/uapi/linux/netdev.h	enum_constant	NETDEV_A_NAPI_MAX	149	PENDING_REVIEW	SOURCE_REVIEWED_VALUE	COMPLETE	vendor/linux/include/uapi/linux/netdev.h;vendor/linux/include/uapi/linux/netdev.h:149;rewrite/configs/aarch64/frozen.config;header_closure=rewrite/metadata/header_closure.tsv;selected=PENDING_REVIEW	425f94c2954b1fe80ebdbf9b29854e89750355df	f24cb1108af94200ee7a600fac46c70a86ad7f5182fa08b8da014df602b81fd2	a67200b9de936585f98f6aed0c4e4f7733d3ba0c36f4496d97e583cb7caf9ac6	0123af9e96b58af4e98b91a2de5608d36b63c67864b9041d3340587f3dbe40d2	cfa8dcf0d81c408de38d4202fe1ce9d9e5e301d1e67439c9530da94b1e64ee3f	7484d7b0dd80f45e18d726b04752827fe28555cc5c1af0e127948380e6688abf
semantic-proposal-v1	SC1-fce691d1cfe38392f4bd7de83fffb6df9fc647f86addc7d088d0e17caa2df0be	S016267	1	P01	SYMBOLS.tsv	384600	status	aarch64	include/uapi/linux/netdev.h	enum_constant	NETDEV_A_NAPI_MAX	149	PENDING_REVIEW	COMPLETE	COMPLETE	vendor/linux/include/uapi/linux/netdev.h;vendor/linux/include/uapi/linux/netdev.h:149;rewrite/configs/aarch64/frozen.config;header_closure=rewrite/metadata/header_closure.tsv;selected=PENDING_REVIEW	425f94c2954b1fe80ebdbf9b29854e89750355df	f24cb1108af94200ee7a600fac46c70a86ad7f5182fa08b8da014df602b81fd2	a67200b9de936585f98f6aed0c4e4f7733d3ba0c36f4496d97e583cb7caf9ac6	0123af9e96b58af4e98b91a2de5608d36b63c67864b9041d3340587f3dbe40d2	cfa8dcf0d81c408de38d4202fe1ce9d9e5e301d1e67439c9530da94b1e64ee3f	7484d7b0dd80f45e18d726b04752827fe28555cc5c1af0e127948380e6688abf
semantic-proposal-v1	SC1-511be7931667c035f0710cb15d0ef9ad6daf4f449aa410e7158a981d2e454dc2	S016267	1	P01	SYMBOLS.tsv	384601	selection_expression	aarch64	include/uapi/linux/netdev.h	type	anonymous_enum@152	152	PENDING_REVIEW	SOURCE_REVIEWED_VALUE	COMPLETE	vendor/linux/include/uapi/linux/netdev.h;vendor/linux/include/uapi/linux/netdev.h:152;rewrite/configs/aarch64/frozen.config;header_closure=rewrite/metadata/header_closure.tsv;selected=PENDING_REVIEW	425f94c2954b1fe80ebdbf9b29854e89750355df	f24cb1108af94200ee7a600fac46c70a86ad7f5182fa08b8da014df602b81fd2	a67200b9de936585f98f6aed0c4e4f7733d3ba0c36f4496d97e583cb7caf9ac6	0123af9e96b58af4e98b91a2de5608d36b63c67864b9041d3340587f3dbe40d2	cfa8dcf0d81c408de38d4202fe1ce9d9e5e301d1e67439c9530da94b1e64ee3f	7484d7b0dd80f45e18d726b04752827fe28555cc5c1af0e127948380e6688abf
semantic-proposal-v1	SC1-7db4e51c27e787b25fdbf96b774f81bf8d5254cb0c9f734260ddf85884c5a93a	S016267	1	P01	SYMBOLS.tsv	384601	status	aarch64	include/uapi/linux/netdev.h	type	anonymous_enum@152	152	PENDING_REVIEW	COMPLETE	COMPLETE	vendor/linux/include/uapi/linux/netdev.h;vendor/linux/include/uapi/linux/netdev.h:152;rewrite/configs/aarch64/frozen.config;header_closure=rewrite/metadata/header_closure.tsv;selected=PENDING_REVIEW	425f94c2954b1fe80ebdbf9b29854e89750355df	f24cb1108af94200ee7a600fac46c70a86ad7f5182fa08b8da014df602b81fd2	a67200b9de936585f98f6aed0c4e4f7733d3ba0c36f4496d97e583cb7caf9ac6	0123af9e96b58af4e98b91a2de5608d36b63c67864b9041d3340587f3dbe40d2	cfa8dcf0d81c408de38d4202fe1ce9d9e5e301d1e67439c9530da94b1e64ee3f	7484d7b0dd80f45e18d726b04752827fe28555cc5c1af0e127948380e6688abf
semantic-proposal-v1	SC1-2d1dc5163f1328d55197aa0e116296ba139d51f4605bd799fb0a4b119df7f8e7	S016267	1	P01	SYMBOLS.tsv	384602	selection_expression	aarch64	include/uapi/linux/netdev.h	enum_constant	__NETDEV_A_XSK_INFO_MAX	153	PENDING_REVIEW	SOURCE_REVIEWED_VALUE	COMPLETE	vendor/linux/include/uapi/linux/netdev.h;vendor/linux/include/uapi/linux/netdev.h:153;rewrite/configs/aarch64/frozen.config;header_closure=rewrite/metadata/header_closure.tsv;selected=PENDING_REVIEW	425f94c2954b1fe80ebdbf9b29854e89750355df	f24cb1108af94200ee7a600fac46c70a86ad7f5182fa08b8da014df602b81fd2	a67200b9de936585f98f6aed0c4e4f7733d3ba0c36f4496d97e583cb7caf9ac6	0123af9e96b58af4e98b91a2de5608d36b63c67864b9041d3340587f3dbe40d2	cfa8dcf0d81c408de38d4202fe1ce9d9e5e301d1e67439c9530da94b1e64ee3f	7484d7b0dd80f45e18d726b04752827fe28555cc5c1af0e127948380e6688abf
semantic-proposal-v1	SC1-ff30e83bd015b64971dabb093719d4690f86d1e9c0803c2df29d7fa1d831a1ec	S016267	1	P01	SYMBOLS.tsv	384602	status	aarch64	include/uapi/linux/netdev.h	enum_constant	__NETDEV_A_XSK_INFO_MAX	153	PENDING_REVIEW	COMPLETE	COMPLETE	vendor/linux/include/uapi/linux/netdev.h;vendor/linux/include/uapi/linux/netdev.h:153;rewrite/configs/aarch64/frozen.config;header_closure=rewrite/metadata/header_closure.tsv;selected=PENDING_REVIEW	425f94c2954b1fe80ebdbf9b29854e89750355df	f24cb1108af94200ee7a600fac46c70a86ad7f5182fa08b8da014df602b81fd2	a67200b9de936585f98f6aed0c4e4f7733d3ba0c36f4496d97e583cb7caf9ac6	0123af9e96b58af4e98b91a2de5608d36b63c67864b9041d3340587f3dbe40d2	cfa8dcf0d81c408de38d4202fe1ce9d9e5e301d1e67439c9530da94b1e64ee3f	7484d7b0dd80f45e18d726b04752827fe28555cc5c1af0e127948380e6688abf
semantic-proposal-v1	SC1-af12058ac3c1cf4da628c45862e9bc68e8fdd5e15dbf3298f9a5b16406b2b01d	S016267	1	P01	SYMBOLS.tsv	384603	selection_expression	aarch64	include/uapi/linux/netdev.h	enum_constant	NETDEV_A_XSK_INFO_MAX	154	PENDING_REVIEW	SOURCE_REVIEWED_VALUE	COMPLETE	vendor/linux/include/uapi/linux/netdev.h;vendor/linux/include/uapi/linux/netdev.h:154;rewrite/configs/aarch64/frozen.config;header_closure=rewrite/metadata/header_closure.tsv;selected=PENDING_REVIEW	425f94c2954b1fe80ebdbf9b29854e89750355df	f24cb1108af94200ee7a600fac46c70a86ad7f5182fa08b8da014df602b81fd2	a67200b9de936585f98f6aed0c4e4f7733d3ba0c36f4496d97e583cb7caf9ac6	0123af9e96b58af4e98b91a2de5608d36b63c67864b9041d3340587f3dbe40d2	cfa8dcf0d81c408de38d4202fe1ce9d9e5e301d1e67439c9530da94b1e64ee3f	7484d7b0dd80f45e18d726b04752827fe28555cc5c1af0e127948380e6688abf
semantic-proposal-v1	SC1-41d42be4abc5e92c94a4190085177b9bf258ebfb98a1f5fbeb8a5f2909a512f2	S016267	1	P01	SYMBOLS.tsv	384603	status	aarch64	include/uapi/linux/netdev.h	enum_constant	NETDEV_A_XSK_INFO_MAX	154	PENDING_REVIEW	COMPLETE	COMPLETE	vendor/linux/include/uapi/linux/netdev.h;vendor/linux/include/uapi/linux/netdev.h:154;rewrite/configs/aarch64/frozen.config;header_closure=rewrite/metadata/header_closure.tsv;selected=PENDING_REVIEW	425f94c2954b1fe80ebdbf9b29854e89750355df	f24cb1108af94200ee7a600fac46c70a86ad7f5182fa08b8da014df602b81fd2	a67200b9de936585f98f6aed0c4e4f7733d3ba0c36f4496d97e583cb7caf9ac6	0123af9e96b58af4e98b91a2de5608d36b63c67864b9041d3340587f3dbe40d2	cfa8dcf0d81c408de38d4202fe1ce9d9e5e301d1e67439c9530da94b1e64ee3f	7484d7b0dd80f45e18d726b04752827fe28555cc5c1af0e127948380e6688abf
semantic-proposal-v1	SC1-0de43161373742e774e2e6f42ab335d42a1fe7a6c7daafda6e2393754fae78e4	S016267	1	P01	SYMBOLS.tsv	384604	selection_expression	aarch64	include/uapi/linux/netdev.h	type	anonymous_enum@157	157	PENDING_REVIEW	SOURCE_REVIEWED_VALUE	COMPLETE	vendor/linux/include/uapi/linux/netdev.h;vendor/linux/include/uapi/linux/netdev.h:157;rewrite/configs/aarch64/frozen.config;header_closure=rewrite/metadata/header_closure.tsv;selected=PENDING_REVIEW	425f94c2954b1fe80ebdbf9b29854e89750355df	f24cb1108af94200ee7a600fac46c70a86ad7f5182fa08b8da014df602b81fd2	a67200b9de936585f98f6aed0c4e4f7733d3ba0c36f4496d97e583cb7caf9ac6	0123af9e96b58af4e98b91a2de5608d36b63c67864b9041d3340587f3dbe40d2	cfa8dcf0d81c408de38d4202fe1ce9d9e5e301d1e67439c9530da94b1e64ee3f	7484d7b0dd80f45e18d726b04752827fe28555cc5c1af0e127948380e6688abf
semantic-proposal-v1	SC1-48e20a6c5f7a5c0f54da3a84a11d2b5b39c7e8c30ac1d180fa184e5a8a2792d9	S016267	1	P01	SYMBOLS.tsv	384604	status	aarch64	include/uapi/linux/netdev.h	type	anonymous_enum@157	157	PENDING_REVIEW	COMPLETE	COMPLETE	vendor/linux/include/uapi/linux/netdev.h;vendor/linux/include/uapi/linux/netdev.h:157;rewrite/configs/aarch64/frozen.config;header_closure=rewrite/metadata/header_closure.tsv;selected=PENDING_REVIEW	425f94c2954b1fe80ebdbf9b29854e89750355df	f24cb1108af94200ee7a600fac46c70a86ad7f5182fa08b8da014df602b81fd2	a67200b9de936585f98f6aed0c4e4f7733d3ba0c36f4496d97e583cb7caf9ac6	0123af9e96b58af4e98b91a2de5608d36b63c67864b9041d3340587f3dbe40d2	cfa8dcf0d81c408de38d4202fe1ce9d9e5e301d1e67439c9530da94b1e64ee3f	7484d7b0dd80f45e18d726b04752827fe28555cc5c1af0e127948380e6688abf
semantic-proposal-v1	SC1-165c7eff15566854c13bdd0ac56f28f2acebeea6086f7e7303f1449433d4e80f	S016267	1	P01	SYMBOLS.tsv	384605	selection_expression	aarch64	include/uapi/linux/netdev.h	enum_constant	NETDEV_A_QUEUE_ID	158	PENDING_REVIEW	SOURCE_REVIEWED_VALUE	COMPLETE	vendor/linux/include/uapi/linux/netdev.h;vendor/linux/include/uapi/linux/netdev.h:158;rewrite/configs/aarch64/frozen.config;header_closure=rewrite/metadata/header_closure.tsv;selected=PENDING_REVIEW	425f94c2954b1fe80ebdbf9b29854e89750355df	f24cb1108af94200ee7a600fac46c70a86ad7f5182fa08b8da014df602b81fd2	a67200b9de936585f98f6aed0c4e4f7733d3ba0c36f4496d97e583cb7caf9ac6	0123af9e96b58af4e98b91a2de5608d36b63c67864b9041d3340587f3dbe40d2	cfa8dcf0d81c408de38d4202fe1ce9d9e5e301d1e67439c9530da94b1e64ee3f	7484d7b0dd80f45e18d726b04752827fe28555cc5c1af0e127948380e6688abf
semantic-proposal-v1	SC1-dd95febdc63c38c8889a6157b36216d567e822d0c8fc1093f9027f31d1c07bf4	S016267	1	P01	SYMBOLS.tsv	384605	status	aarch64	include/uapi/linux/netdev.h	enum_constant	NETDEV_A_QUEUE_ID	158	PENDING_REVIEW	COMPLETE	COMPLETE	vendor/linux/include/uapi/linux/netdev.h;vendor/linux/include/uapi/linux/netdev.h:158;rewrite/configs/aarch64/frozen.config;header_closure=rewrite/metadata/header_closure.tsv;selected=PENDING_REVIEW	425f94c2954b1fe80ebdbf9b29854e89750355df	f24cb1108af94200ee7a600fac46c70a86ad7f5182fa08b8da014df602b81fd2	a67200b9de936585f98f6aed0c4e4f7733d3ba0c36f4496d97e583cb7caf9ac6	0123af9e96b58af4e98b91a2de5608d36b63c67864b9041d3340587f3dbe40d2	cfa8dcf0d81c408de38d4202fe1ce9d9e5e301d1e67439c9530da94b1e64ee3f	7484d7b0dd80f45e18d726b04752827fe28555cc5c1af0e127948380e6688abf
semantic-proposal-v1	SC1-ad12be2bee207baf9f74f4b39d7f249619c17e7f7fbe48956af3fdea0f9e164e	S016267	1	P01	SYMBOLS.tsv	384606	selection_expression	aarch64	include/uapi/linux/netdev.h	enum_constant	NETDEV_A_QUEUE_IFINDEX	159	PENDING_REVIEW	SOURCE_REVIEWED_VALUE	COMPLETE	vendor/linux/include/uapi/linux/netdev.h;vendor/linux/include/uapi/linux/netdev.h:159;rewrite/configs/aarch64/frozen.config;header_closure=rewrite/metadata/header_closure.tsv;selected=PENDING_REVIEW	425f94c2954b1fe80ebdbf9b29854e89750355df	f24cb1108af94200ee7a600fac46c70a86ad7f5182fa08b8da014df602b81fd2	a67200b9de936585f98f6aed0c4e4f7733d3ba0c36f4496d97e583cb7caf9ac6	0123af9e96b58af4e98b91a2de5608d36b63c67864b9041d3340587f3dbe40d2	cfa8dcf0d81c408de38d4202fe1ce9d9e5e301d1e67439c9530da94b1e64ee3f	7484d7b0dd80f45e18d726b04752827fe28555cc5c1af0e127948380e6688abf
semantic-proposal-v1	SC1-dfbacf047a921bda181282bb5cab2712157558a82491419a98ef45193a2ca842	S016267	1	P01	SYMBOLS.tsv	384606	status	aarch64	include/uapi/linux/netdev.h	enum_constant	NETDEV_A_QUEUE_IFINDEX	159	PENDING_REVIEW	COMPLETE	COMPLETE	vendor/linux/include/uapi/linux/netdev.h;vendor/linux/include/uapi/linux/netdev.h:159;rewrite/configs/aarch64/frozen.config;header_closure=rewrite/metadata/header_closure.tsv;selected=PENDING_REVIEW	425f94c2954b1fe80ebdbf9b29854e89750355df	f24cb1108af94200ee7a600fac46c70a86ad7f5182fa08b8da014df602b81fd2	a67200b9de936585f98f6aed0c4e4f7733d3ba0c36f4496d97e583cb7caf9ac6	0123af9e96b58af4e98b91a2de5608d36b63c67864b9041d3340587f3dbe40d2	cfa8dcf0d81c408de38d4202fe1ce9d9e5e301d1e67439c9530da94b1e64ee3f	7484d7b0dd80f45e18d726b04752827fe28555cc5c1af0e127948380e6688abf
semantic-proposal-v1	SC1-bbb4965b4f10aa790e3f45d75704355d4378e65ea78702f6d790acc30d788c30	S016267	1	P01	SYMBOLS.tsv	384607	selection_expression	aarch64	include/uapi/linux/netdev.h	enum_constant	NETDEV_A_QUEUE_TYPE	160	PENDING_REVIEW	SOURCE_REVIEWED_VALUE	COMPLETE	vendor/linux/include/uapi/linux/netdev.h;vendor/linux/include/uapi/linux/netdev.h:160;rewrite/configs/aarch64/frozen.config;header_closure=rewrite/metadata/header_closure.tsv;selected=PENDING_REVIEW	425f94c2954b1fe80ebdbf9b29854e89750355df	f24cb1108af94200ee7a600fac46c70a86ad7f5182fa08b8da014df602b81fd2	a67200b9de936585f98f6aed0c4e4f7733d3ba0c36f4496d97e583cb7caf9ac6	0123af9e96b58af4e98b91a2de5608d36b63c67864b9041d3340587f3dbe40d2	cfa8dcf0d81c408de38d4202fe1ce9d9e5e301d1e67439c9530da94b1e64ee3f	7484d7b0dd80f45e18d726b04752827fe28555cc5c1af0e127948380e6688abf
semantic-proposal-v1	SC1-5fa2b0b080ec2863df4288719817ce46983a66ffbb38d5775a6a29c6a10da5ae	S016267	1	P01	SYMBOLS.tsv	384607	status	aarch64	include/uapi/linux/netdev.h	enum_constant	NETDEV_A_QUEUE_TYPE	160	PENDING_REVIEW	COMPLETE	COMPLETE	vendor/linux/include/uapi/linux/netdev.h;vendor/linux/include/uapi/linux/netdev.h:160;rewrite/configs/aarch64/frozen.config;header_closure=rewrite/metadata/header_closure.tsv;selected=PENDING_REVIEW	425f94c2954b1fe80ebdbf9b29854e89750355df	f24cb1108af94200ee7a600fac46c70a86ad7f5182fa08b8da014df602b81fd2	a67200b9de936585f98f6aed0c4e4f7733d3ba0c36f4496d97e583cb7caf9ac6	0123af9e96b58af4e98b91a2de5608d36b63c67864b9041d3340587f3dbe40d2	cfa8dcf0d81c408de38d4202fe1ce9d9e5e301d1e67439c9530da94b1e64ee3f	7484d7b0dd80f45e18d726b04752827fe28555cc5c1af0e127948380e6688abf
semantic-proposal-v1	SC1-4f4127e9c027bfb6adaa0709114d99728a6ec8c3fea3e119117b289532941dbe	S016267	1	P01	SYMBOLS.tsv	384608	selection_expression	aarch64	include/uapi/linux/netdev.h	enum_constant	NETDEV_A_QUEUE_NAPI_ID	161	PENDING_REVIEW	SOURCE_REVIEWED_VALUE	COMPLETE	vendor/linux/include/uapi/linux/netdev.h;vendor/linux/include/uapi/linux/netdev.h:161;rewrite/configs/aarch64/frozen.config;header_closure=rewrite/metadata/header_closure.tsv;selected=PENDING_REVIEW	425f94c2954b1fe80ebdbf9b29854e89750355df	f24cb1108af94200ee7a600fac46c70a86ad7f5182fa08b8da014df602b81fd2	a67200b9de936585f98f6aed0c4e4f7733d3ba0c36f4496d97e583cb7caf9ac6	0123af9e96b58af4e98b91a2de5608d36b63c67864b9041d3340587f3dbe40d2	cfa8dcf0d81c408de38d4202fe1ce9d9e5e301d1e67439c9530da94b1e64ee3f	7484d7b0dd80f45e18d726b04752827fe28555cc5c1af0e127948380e6688abf
semantic-proposal-v1	SC1-84ceed33070dd809fb8a7f434374f5c7a1456230ab2930694113bf0a9faf8d9f	S016267	1	P01	SYMBOLS.tsv	384608	status	aarch64	include/uapi/linux/netdev.h	enum_constant	NETDEV_A_QUEUE_NAPI_ID	161	PENDING_REVIEW	COMPLETE	COMPLETE	vendor/linux/include/uapi/linux/netdev.h;vendor/linux/include/uapi/linux/netdev.h:161;rewrite/configs/aarch64/frozen.config;header_closure=rewrite/metadata/header_closure.tsv;selected=PENDING_REVIEW	425f94c2954b1fe80ebdbf9b29854e89750355df	f24cb1108af94200ee7a600fac46c70a86ad7f5182fa08b8da014df602b81fd2	a67200b9de936585f98f6aed0c4e4f7733d3ba0c36f4496d97e583cb7caf9ac6	0123af9e96b58af4e98b91a2de5608d36b63c67864b9041d3340587f3dbe40d2	cfa8dcf0d81c408de38d4202fe1ce9d9e5e301d1e67439c9530da94b1e64ee3f	7484d7b0dd80f45e18d726b04752827fe28555cc5c1af0e127948380e6688abf
semantic-proposal-v1	SC1-fff11084e14b937ad670ca4e67314b23175748094c1cb4858466c7b189b45814	S016267	1	P01	SYMBOLS.tsv	384609	selection_expression	aarch64	include/uapi/linux/netdev.h	enum_constant	NETDEV_A_QUEUE_DMABUF	162	PENDING_REVIEW	SOURCE_REVIEWED_VALUE	COMPLETE	vendor/linux/include/uapi/linux/netdev.h;vendor/linux/include/uapi/linux/netdev.h:162;rewrite/configs/aarch64/frozen.config;header_closure=rewrite/metadata/header_closure.tsv;selected=PENDING_REVIEW	425f94c2954b1fe80ebdbf9b29854e89750355df	f24cb1108af94200ee7a600fac46c70a86ad7f5182fa08b8da014df602b81fd2	a67200b9de936585f98f6aed0c4e4f7733d3ba0c36f4496d97e583cb7caf9ac6	0123af9e96b58af4e98b91a2de5608d36b63c67864b9041d3340587f3dbe40d2	cfa8dcf0d81c408de38d4202fe1ce9d9e5e301d1e67439c9530da94b1e64ee3f	7484d7b0dd80f45e18d726b04752827fe28555cc5c1af0e127948380e6688abf
semantic-proposal-v1	SC1-abdac81d55e63c00b4e8f43e516c51a82e323677582d6bfc407ed71c9b243904	S016267	1	P01	SYMBOLS.tsv	384609	status	aarch64	include/uapi/linux/netdev.h	enum_constant	NETDEV_A_QUEUE_DMABUF	162	PENDING_REVIEW	COMPLETE	COMPLETE	vendor/linux/include/uapi/linux/netdev.h;vendor/linux/include/uapi/linux/netdev.h:162;rewrite/configs/aarch64/frozen.config;header_closure=rewrite/metadata/header_closure.tsv;selected=PENDING_REVIEW	425f94c2954b1fe80ebdbf9b29854e89750355df	f24cb1108af94200ee7a600fac46c70a86ad7f5182fa08b8da014df602b81fd2	a67200b9de936585f98f6aed0c4e4f7733d3ba0c36f4496d97e583cb7caf9ac6	0123af9e96b58af4e98b91a2de5608d36b63c67864b9041d3340587f3dbe40d2	cfa8dcf0d81c408de38d4202fe1ce9d9e5e301d1e67439c9530da94b1e64ee3f	7484d7b0dd80f45e18d726b04752827fe28555cc5c1af0e127948380e6688abf
semantic-proposal-v1	SC1-f7308d9d076a7edf537f271551963e7e6e00eeb1078a3a04aeca26f294b42ed6	S016267	1	P01	SYMBOLS.tsv	384610	selection_expression	aarch64	include/uapi/linux/netdev.h	enum_constant	NETDEV_A_QUEUE_IO_URING	163	PENDING_REVIEW	SOURCE_REVIEWED_VALUE	COMPLETE	vendor/linux/include/uapi/linux/netdev.h;vendor/linux/include/uapi/linux/netdev.h:163;rewrite/configs/aarch64/frozen.config;header_closure=rewrite/metadata/header_closure.tsv;selected=PENDING_REVIEW	425f94c2954b1fe80ebdbf9b29854e89750355df	f24cb1108af94200ee7a600fac46c70a86ad7f5182fa08b8da014df602b81fd2	a67200b9de936585f98f6aed0c4e4f7733d3ba0c36f4496d97e583cb7caf9ac6	0123af9e96b58af4e98b91a2de5608d36b63c67864b9041d3340587f3dbe40d2	cfa8dcf0d81c408de38d4202fe1ce9d9e5e301d1e67439c9530da94b1e64ee3f	7484d7b0dd80f45e18d726b04752827fe28555cc5c1af0e127948380e6688abf
semantic-proposal-v1	SC1-9f41ef0ec5f7c51aa1cbf6201a3e1d8226d29adda7a32365c12fb4e1b0a96cb2	S016267	1	P01	SYMBOLS.tsv	384610	status	aarch64	include/uapi/linux/netdev.h	enum_constant	NETDEV_A_QUEUE_IO_URING	163	PENDING_REVIEW	COMPLETE	COMPLETE	vendor/linux/include/uapi/linux/netdev.h;vendor/linux/include/uapi/linux/netdev.h:163;rewrite/configs/aarch64/frozen.config;header_closure=rewrite/metadata/header_closure.tsv;selected=PENDING_REVIEW	425f94c2954b1fe80ebdbf9b29854e89750355df	f24cb1108af94200ee7a600fac46c70a86ad7f5182fa08b8da014df602b81fd2	a67200b9de936585f98f6aed0c4e4f7733d3ba0c36f4496d97e583cb7caf9ac6	0123af9e96b58af4e98b91a2de5608d36b63c67864b9041d3340587f3dbe40d2	cfa8dcf0d81c408de38d4202fe1ce9d9e5e301d1e67439c9530da94b1e64ee3f	7484d7b0dd80f45e18d726b04752827fe28555cc5c1af0e127948380e6688abf
semantic-proposal-v1	SC1-bc6449bf2945d2c07f07afdba4a7b4ebfc094aef39f05d28eb402c7b56051f8b	S016267	1	P01	SYMBOLS.tsv	384611	selection_expression	aarch64	include/uapi/linux/netdev.h	enum_constant	NETDEV_A_QUEUE_XSK	164	PENDING_REVIEW	SOURCE_REVIEWED_VALUE	COMPLETE	vendor/linux/include/uapi/linux/netdev.h;vendor/linux/include/uapi/linux/netdev.h:164;rewrite/configs/aarch64/frozen.config;header_closure=rewrite/metadata/header_closure.tsv;selected=PENDING_REVIEW	425f94c2954b1fe80ebdbf9b29854e89750355df	f24cb1108af94200ee7a600fac46c70a86ad7f5182fa08b8da014df602b81fd2	a67200b9de936585f98f6aed0c4e4f7733d3ba0c36f4496d97e583cb7caf9ac6	0123af9e96b58af4e98b91a2de5608d36b63c67864b9041d3340587f3dbe40d2	cfa8dcf0d81c408de38d4202fe1ce9d9e5e301d1e67439c9530da94b1e64ee3f	7484d7b0dd80f45e18d726b04752827fe28555cc5c1af0e127948380e6688abf
semantic-proposal-v1	SC1-b3f4b15ab2c3f7f9f550bae89ba06893d526336c4d54290ef2a8f343e795b607	S016267	1	P01	SYMBOLS.tsv	384611	status	aarch64	include/uapi/linux/netdev.h	enum_constant	NETDEV_A_QUEUE_XSK	164	PENDING_REVIEW	COMPLETE	COMPLETE	vendor/linux/include/uapi/linux/netdev.h;vendor/linux/include/uapi/linux/netdev.h:164;rewrite/configs/aarch64/frozen.config;header_closure=rewrite/metadata/header_closure.tsv;selected=PENDING_REVIEW	425f94c2954b1fe80ebdbf9b29854e89750355df	f24cb1108af94200ee7a600fac46c70a86ad7f5182fa08b8da014df602b81fd2	a67200b9de936585f98f6aed0c4e4f7733d3ba0c36f4496d97e583cb7caf9ac6	0123af9e96b58af4e98b91a2de5608d36b63c67864b9041d3340587f3dbe40d2	cfa8dcf0d81c408de38d4202fe1ce9d9e5e301d1e67439c9530da94b1e64ee3f	7484d7b0dd80f45e18d726b04752827fe28555cc5c1af0e127948380e6688abf
semantic-proposal-v1	SC1-6a6d33fdffaffa3c2aaa9b1938cf5347ce22dc79076a08e6261c0d9073cdd95a	S016267	1	P01	SYMBOLS.tsv	384612	selection_expression	aarch64	include/uapi/linux/netdev.h	enum_constant	NETDEV_A_QUEUE_LEASE	165	PENDING_REVIEW	SOURCE_REVIEWED_VALUE	COMPLETE	vendor/linux/include/uapi/linux/netdev.h;vendor/linux/include/uapi/linux/netdev.h:165;rewrite/configs/aarch64/frozen.config;header_closure=rewrite/metadata/header_closure.tsv;selected=PENDING_REVIEW	425f94c2954b1fe80ebdbf9b29854e89750355df	f24cb1108af94200ee7a600fac46c70a86ad7f5182fa08b8da014df602b81fd2	a67200b9de936585f98f6aed0c4e4f7733d3ba0c36f4496d97e583cb7caf9ac6	0123af9e96b58af4e98b91a2de5608d36b63c67864b9041d3340587f3dbe40d2	cfa8dcf0d81c408de38d4202fe1ce9d9e5e301d1e67439c9530da94b1e64ee3f	7484d7b0dd80f45e18d726b04752827fe28555cc5c1af0e127948380e6688abf
semantic-proposal-v1	SC1-9ea3cd498b00c2ab421a49bdc3ec50e1300993ca5cbb95a038771c1d0ebf23f4	S016267	1	P01	SYMBOLS.tsv	384612	status	aarch64	include/uapi/linux/netdev.h	enum_constant	NETDEV_A_QUEUE_LEASE	165	PENDING_REVIEW	COMPLETE	COMPLETE	vendor/linux/include/uapi/linux/netdev.h;vendor/linux/include/uapi/linux/netdev.h:165;rewrite/configs/aarch64/frozen.config;header_closure=rewrite/metadata/header_closure.tsv;selected=PENDING_REVIEW	425f94c2954b1fe80ebdbf9b29854e89750355df	f24cb1108af94200ee7a600fac46c70a86ad7f5182fa08b8da014df602b81fd2	a67200b9de936585f98f6aed0c4e4f7733d3ba0c36f4496d97e583cb7caf9ac6	0123af9e96b58af4e98b91a2de5608d36b63c67864b9041d3340587f3dbe40d2	cfa8dcf0d81c408de38d4202fe1ce9d9e5e301d1e67439c9530da94b1e64ee3f	7484d7b0dd80f45e18d726b04752827fe28555cc5c1af0e127948380e6688abf
semantic-proposal-v1	SC1-3ac4ba34d83f6213ecca3f76874711af16e8c6aa5db53f88305de310c982cb51	S016267	1	P01	SYMBOLS.tsv	384613	selection_expression	aarch64	include/uapi/linux/netdev.h	enum_constant	__NETDEV_A_QUEUE_MAX	167	PENDING_REVIEW	SOURCE_REVIEWED_VALUE	COMPLETE	vendor/linux/include/uapi/linux/netdev.h;vendor/linux/include/uapi/linux/netdev.h:167;rewrite/configs/aarch64/frozen.config;header_closure=rewrite/metadata/header_closure.tsv;selected=PENDING_REVIEW	425f94c2954b1fe80ebdbf9b29854e89750355df	f24cb1108af94200ee7a600fac46c70a86ad7f5182fa08b8da014df602b81fd2	a67200b9de936585f98f6aed0c4e4f7733d3ba0c36f4496d97e583cb7caf9ac6	0123af9e96b58af4e98b91a2de5608d36b63c67864b9041d3340587f3dbe40d2	cfa8dcf0d81c408de38d4202fe1ce9d9e5e301d1e67439c9530da94b1e64ee3f	7484d7b0dd80f45e18d726b04752827fe28555cc5c1af0e127948380e6688abf
semantic-proposal-v1	SC1-1a072e7c4919aff9bd29b6eb9026041a6ab6941b27e6e251ff0753f58c56e886	S016267	1	P01	SYMBOLS.tsv	384613	status	aarch64	include/uapi/linux/netdev.h	enum_constant	__NETDEV_A_QUEUE_MAX	167	PENDING_REVIEW	COMPLETE	COMPLETE	vendor/linux/include/uapi/linux/netdev.h;vendor/linux/include/uapi/linux/netdev.h:167;rewrite/configs/aarch64/frozen.config;header_closure=rewrite/metadata/header_closure.tsv;selected=PENDING_REVIEW	425f94c2954b1fe80ebdbf9b29854e89750355df	f24cb1108af94200ee7a600fac46c70a86ad7f5182fa08b8da014df602b81fd2	a67200b9de936585f98f6aed0c4e4f7733d3ba0c36f4496d97e583cb7caf9ac6	0123af9e96b58af4e98b91a2de5608d36b63c67864b9041d3340587f3dbe40d2	cfa8dcf0d81c408de38d4202fe1ce9d9e5e301d1e67439c9530da94b1e64ee3f	7484d7b0dd80f45e18d726b04752827fe28555cc5c1af0e127948380e6688abf
semantic-proposal-v1	SC1-df66101b8b0bd8b2ae665644e2805c0507cb6ba9613b751d0a23aaf360f41fef	S016267	1	P01	SYMBOLS.tsv	384614	selection_expression	aarch64	include/uapi/linux/netdev.h	enum_constant	NETDEV_A_QUEUE_MAX	168	PENDING_REVIEW	SOURCE_REVIEWED_VALUE	COMPLETE	vendor/linux/include/uapi/linux/netdev.h;vendor/linux/include/uapi/linux/netdev.h:168;rewrite/configs/aarch64/frozen.config;header_closure=rewrite/metadata/header_closure.tsv;selected=PENDING_REVIEW	425f94c2954b1fe80ebdbf9b29854e89750355df	f24cb1108af94200ee7a600fac46c70a86ad7f5182fa08b8da014df602b81fd2	a67200b9de936585f98f6aed0c4e4f7733d3ba0c36f4496d97e583cb7caf9ac6	0123af9e96b58af4e98b91a2de5608d36b63c67864b9041d3340587f3dbe40d2	cfa8dcf0d81c408de38d4202fe1ce9d9e5e301d1e67439c9530da94b1e64ee3f	7484d7b0dd80f45e18d726b04752827fe28555cc5c1af0e127948380e6688abf
semantic-proposal-v1	SC1-7b6e94bce1b9c1a719af6c9cce954ba7ee92b5b772489b005f1c753e5561bd0c	S016267	1	P01	SYMBOLS.tsv	384614	status	aarch64	include/uapi/linux/netdev.h	enum_constant	NETDEV_A_QUEUE_MAX	168	PENDING_REVIEW	COMPLETE	COMPLETE	vendor/linux/include/uapi/linux/netdev.h;vendor/linux/include/uapi/linux/netdev.h:168;rewrite/configs/aarch64/frozen.config;header_closure=rewrite/metadata/header_closure.tsv;selected=PENDING_REVIEW	425f94c2954b1fe80ebdbf9b29854e89750355df	f24cb1108af94200ee7a600fac46c70a86ad7f5182fa08b8da014df602b81fd2	a67200b9de936585f98f6aed0c4e4f7733d3ba0c36f4496d97e583cb7caf9ac6	0123af9e96b58af4e98b91a2de5608d36b63c67864b9041d3340587f3dbe40d2	cfa8dcf0d81c408de38d4202fe1ce9d9e5e301d1e67439c9530da94b1e64ee3f	7484d7b0dd80f45e18d726b04752827fe28555cc5c1af0e127948380e6688abf
semantic-proposal-v1	SC1-6c846785a3287b985f341e735093b0d47145af0ba8e5fb5c3b88df4257e1257f	S016267	1	P01	SYMBOLS.tsv	384615	selection_expression	aarch64	include/uapi/linux/netdev.h	type	anonymous_enum@171	171	PENDING_REVIEW	SOURCE_REVIEWED_VALUE	COMPLETE	vendor/linux/include/uapi/linux/netdev.h;vendor/linux/include/uapi/linux/netdev.h:171;rewrite/configs/aarch64/frozen.config;header_closure=rewrite/metadata/header_closure.tsv;selected=PENDING_REVIEW	425f94c2954b1fe80ebdbf9b29854e89750355df	f24cb1108af94200ee7a600fac46c70a86ad7f5182fa08b8da014df602b81fd2	a67200b9de936585f98f6aed0c4e4f7733d3ba0c36f4496d97e583cb7caf9ac6	0123af9e96b58af4e98b91a2de5608d36b63c67864b9041d3340587f3dbe40d2	cfa8dcf0d81c408de38d4202fe1ce9d9e5e301d1e67439c9530da94b1e64ee3f	7484d7b0dd80f45e18d726b04752827fe28555cc5c1af0e127948380e6688abf
semantic-proposal-v1	SC1-316f42305d864a94a593529930a1f79a2ad4edf45492b31bb18e95244d642129	S016267	1	P01	SYMBOLS.tsv	384615	status	aarch64	include/uapi/linux/netdev.h	type	anonymous_enum@171	171	PENDING_REVIEW	COMPLETE	COMPLETE	vendor/linux/include/uapi/linux/netdev.h;vendor/linux/include/uapi/linux/netdev.h:171;rewrite/configs/aarch64/frozen.config;header_closure=rewrite/metadata/header_closure.tsv;selected=PENDING_REVIEW	425f94c2954b1fe80ebdbf9b29854e89750355df	f24cb1108af94200ee7a600fac46c70a86ad7f5182fa08b8da014df602b81fd2	a67200b9de936585f98f6aed0c4e4f7733d3ba0c36f4496d97e583cb7caf9ac6	0123af9e96b58af4e98b91a2de5608d36b63c67864b9041d3340587f3dbe40d2	cfa8dcf0d81c408de38d4202fe1ce9d9e5e301d1e67439c9530da94b1e64ee3f	7484d7b0dd80f45e18d726b04752827fe28555cc5c1af0e127948380e6688abf
semantic-proposal-v1	SC1-d808d1a0df37d64322863864762ab0434f29796c562e5cd57efeaa9ad672d056	S016267	1	P01	SYMBOLS.tsv	384616	selection_expression	aarch64	include/uapi/linux/netdev.h	enum_constant	NETDEV_A_QSTATS_IFINDEX	172	PENDING_REVIEW	SOURCE_REVIEWED_VALUE	COMPLETE	vendor/linux/include/uapi/linux/netdev.h;vendor/linux/include/uapi/linux/netdev.h:172;rewrite/configs/aarch64/frozen.config;header_closure=rewrite/metadata/header_closure.tsv;selected=PENDING_REVIEW	425f94c2954b1fe80ebdbf9b29854e89750355df	f24cb1108af94200ee7a600fac46c70a86ad7f5182fa08b8da014df602b81fd2	a67200b9de936585f98f6aed0c4e4f7733d3ba0c36f4496d97e583cb7caf9ac6	0123af9e96b58af4e98b91a2de5608d36b63c67864b9041d3340587f3dbe40d2	cfa8dcf0d81c408de38d4202fe1ce9d9e5e301d1e67439c9530da94b1e64ee3f	7484d7b0dd80f45e18d726b04752827fe28555cc5c1af0e127948380e6688abf
semantic-proposal-v1	SC1-586f92d3a65f74b1d1ac28fdbae52bc7192fee72193e26dbc851613d6ab30e8b	S016267	1	P01	SYMBOLS.tsv	384616	status	aarch64	include/uapi/linux/netdev.h	enum_constant	NETDEV_A_QSTATS_IFINDEX	172	PENDING_REVIEW	COMPLETE	COMPLETE	vendor/linux/include/uapi/linux/netdev.h;vendor/linux/include/uapi/linux/netdev.h:172;rewrite/configs/aarch64/frozen.config;header_closure=rewrite/metadata/header_closure.tsv;selected=PENDING_REVIEW	425f94c2954b1fe80ebdbf9b29854e89750355df	f24cb1108af94200ee7a600fac46c70a86ad7f5182fa08b8da014df602b81fd2	a67200b9de936585f98f6aed0c4e4f7733d3ba0c36f4496d97e583cb7caf9ac6	0123af9e96b58af4e98b91a2de5608d36b63c67864b9041d3340587f3dbe40d2	cfa8dcf0d81c408de38d4202fe1ce9d9e5e301d1e67439c9530da94b1e64ee3f	7484d7b0dd80f45e18d726b04752827fe28555cc5c1af0e127948380e6688abf
semantic-proposal-v1	SC1-72b8032d0647e60d0f396f8eb1a9c2dc45448972028aa64886567f8216e00f7a	S016267	1	P01	SYMBOLS.tsv	384617	selection_expression	aarch64	include/uapi/linux/netdev.h	enum_constant	NETDEV_A_QSTATS_QUEUE_TYPE	173	PENDING_REVIEW	SOURCE_REVIEWED_VALUE	COMPLETE	vendor/linux/include/uapi/linux/netdev.h;vendor/linux/include/uapi/linux/netdev.h:173;rewrite/configs/aarch64/frozen.config;header_closure=rewrite/metadata/header_closure.tsv;selected=PENDING_REVIEW	425f94c2954b1fe80ebdbf9b29854e89750355df	f24cb1108af94200ee7a600fac46c70a86ad7f5182fa08b8da014df602b81fd2	a67200b9de936585f98f6aed0c4e4f7733d3ba0c36f4496d97e583cb7caf9ac6	0123af9e96b58af4e98b91a2de5608d36b63c67864b9041d3340587f3dbe40d2	cfa8dcf0d81c408de38d4202fe1ce9d9e5e301d1e67439c9530da94b1e64ee3f	7484d7b0dd80f45e18d726b04752827fe28555cc5c1af0e127948380e6688abf
semantic-proposal-v1	SC1-4200deeb5bc5330c3bdbd7492ff072808b2e13ee7f5708cf1ec78fd6a5b8a066	S016267	1	P01	SYMBOLS.tsv	384617	status	aarch64	include/uapi/linux/netdev.h	enum_constant	NETDEV_A_QSTATS_QUEUE_TYPE	173	PENDING_REVIEW	COMPLETE	COMPLETE	vendor/linux/include/uapi/linux/netdev.h;vendor/linux/include/uapi/linux/netdev.h:173;rewrite/configs/aarch64/frozen.config;header_closure=rewrite/metadata/header_closure.tsv;selected=PENDING_REVIEW	425f94c2954b1fe80ebdbf9b29854e89750355df	f24cb1108af94200ee7a600fac46c70a86ad7f5182fa08b8da014df602b81fd2	a67200b9de936585f98f6aed0c4e4f7733d3ba0c36f4496d97e583cb7caf9ac6	0123af9e96b58af4e98b91a2de5608d36b63c67864b9041d3340587f3dbe40d2	cfa8dcf0d81c408de38d4202fe1ce9d9e5e301d1e67439c9530da94b1e64ee3f	7484d7b0dd80f45e18d726b04752827fe28555cc5c1af0e127948380e6688abf
semantic-proposal-v1	SC1-f8323ab9049f9ebedba93f86f457fdbca23b1943f9cde17c5f7d6f585abfa26a	S016267	1	P01	SYMBOLS.tsv	384618	selection_expression	aarch64	include/uapi/linux/netdev.h	enum_constant	NETDEV_A_QSTATS_QUEUE_ID	174	PENDING_REVIEW	SOURCE_REVIEWED_VALUE	COMPLETE	vendor/linux/include/uapi/linux/netdev.h;vendor/linux/include/uapi/linux/netdev.h:174;rewrite/configs/aarch64/frozen.config;header_closure=rewrite/metadata/header_closure.tsv;selected=PENDING_REVIEW	425f94c2954b1fe80ebdbf9b29854e89750355df	f24cb1108af94200ee7a600fac46c70a86ad7f5182fa08b8da014df602b81fd2	a67200b9de936585f98f6aed0c4e4f7733d3ba0c36f4496d97e583cb7caf9ac6	0123af9e96b58af4e98b91a2de5608d36b63c67864b9041d3340587f3dbe40d2	cfa8dcf0d81c408de38d4202fe1ce9d9e5e301d1e67439c9530da94b1e64ee3f	7484d7b0dd80f45e18d726b04752827fe28555cc5c1af0e127948380e6688abf
semantic-proposal-v1	SC1-963b24304d8b3ff4c6282b4cb27bbde845c1a701f48eedadf631965a0cc701a7	S016267	1	P01	SYMBOLS.tsv	384618	status	aarch64	include/uapi/linux/netdev.h	enum_constant	NETDEV_A_QSTATS_QUEUE_ID	174	PENDING_REVIEW	COMPLETE	COMPLETE	vendor/linux/include/uapi/linux/netdev.h;vendor/linux/include/uapi/linux/netdev.h:174;rewrite/configs/aarch64/frozen.config;header_closure=rewrite/metadata/header_closure.tsv;selected=PENDING_REVIEW	425f94c2954b1fe80ebdbf9b29854e89750355df	f24cb1108af94200ee7a600fac46c70a86ad7f5182fa08b8da014df602b81fd2	a67200b9de936585f98f6aed0c4e4f7733d3ba0c36f4496d97e583cb7caf9ac6	0123af9e96b58af4e98b91a2de5608d36b63c67864b9041d3340587f3dbe40d2	cfa8dcf0d81c408de38d4202fe1ce9d9e5e301d1e67439c9530da94b1e64ee3f	7484d7b0dd80f45e18d726b04752827fe28555cc5c1af0e127948380e6688abf
semantic-proposal-v1	SC1-013795fcd6d88d7cbd97e557ca5a66dfc3c679f27ea6fc51d478d39f0b56350e	S016267	1	P01	SYMBOLS.tsv	384619	selection_expression	aarch64	include/uapi/linux/netdev.h	enum_constant	NETDEV_A_QSTATS_SCOPE	175	PENDING_REVIEW	SOURCE_REVIEWED_VALUE	COMPLETE	vendor/linux/include/uapi/linux/netdev.h;vendor/linux/include/uapi/linux/netdev.h:175;rewrite/configs/aarch64/frozen.config;header_closure=rewrite/metadata/header_closure.tsv;selected=PENDING_REVIEW	425f94c2954b1fe80ebdbf9b29854e89750355df	f24cb1108af94200ee7a600fac46c70a86ad7f5182fa08b8da014df602b81fd2	a67200b9de936585f98f6aed0c4e4f7733d3ba0c36f4496d97e583cb7caf9ac6	0123af9e96b58af4e98b91a2de5608d36b63c67864b9041d3340587f3dbe40d2	cfa8dcf0d81c408de38d4202fe1ce9d9e5e301d1e67439c9530da94b1e64ee3f	7484d7b0dd80f45e18d726b04752827fe28555cc5c1af0e127948380e6688abf
semantic-proposal-v1	SC1-f00beaa57e48202d6c97500e64ed8c46853c251054499e70456c9d40269a19f4	S016267	1	P01	SYMBOLS.tsv	384619	status	aarch64	include/uapi/linux/netdev.h	enum_constant	NETDEV_A_QSTATS_SCOPE	175	PENDING_REVIEW	COMPLETE	COMPLETE	vendor/linux/include/uapi/linux/netdev.h;vendor/linux/include/uapi/linux/netdev.h:175;rewrite/configs/aarch64/frozen.config;header_closure=rewrite/metadata/header_closure.tsv;selected=PENDING_REVIEW	425f94c2954b1fe80ebdbf9b29854e89750355df	f24cb1108af94200ee7a600fac46c70a86ad7f5182fa08b8da014df602b81fd2	a67200b9de936585f98f6aed0c4e4f7733d3ba0c36f4496d97e583cb7caf9ac6	0123af9e96b58af4e98b91a2de5608d36b63c67864b9041d3340587f3dbe40d2	cfa8dcf0d81c408de38d4202fe1ce9d9e5e301d1e67439c9530da94b1e64ee3f	7484d7b0dd80f45e18d726b04752827fe28555cc5c1af0e127948380e6688abf
semantic-proposal-v1	SC1-29cff6a1be309f0f99e05da9e935c851a6dc3d52578b8958c4095a220237316c	S016267	1	P01	SYMBOLS.tsv	384620	selection_expression	aarch64	include/uapi/linux/netdev.h	enum_constant	NETDEV_A_QSTATS_RX_PACKETS	176	PENDING_REVIEW	SOURCE_REVIEWED_VALUE	COMPLETE	vendor/linux/include/uapi/linux/netdev.h;vendor/linux/include/uapi/linux/netdev.h:176;rewrite/configs/aarch64/frozen.config;header_closure=rewrite/metadata/header_closure.tsv;selected=PENDING_REVIEW	425f94c2954b1fe80ebdbf9b29854e89750355df	f24cb1108af94200ee7a600fac46c70a86ad7f5182fa08b8da014df602b81fd2	a67200b9de936585f98f6aed0c4e4f7733d3ba0c36f4496d97e583cb7caf9ac6	0123af9e96b58af4e98b91a2de5608d36b63c67864b9041d3340587f3dbe40d2	cfa8dcf0d81c408de38d4202fe1ce9d9e5e301d1e67439c9530da94b1e64ee3f	7484d7b0dd80f45e18d726b04752827fe28555cc5c1af0e127948380e6688abf
semantic-proposal-v1	SC1-72cc7f31d42fd6357939be9831e7b9e6ee3de8c985f8393ccb75c91a36a0dadf	S016267	1	P01	SYMBOLS.tsv	384620	status	aarch64	include/uapi/linux/netdev.h	enum_constant	NETDEV_A_QSTATS_RX_PACKETS	176	PENDING_REVIEW	COMPLETE	COMPLETE	vendor/linux/include/uapi/linux/netdev.h;vendor/linux/include/uapi/linux/netdev.h:176;rewrite/configs/aarch64/frozen.config;header_closure=rewrite/metadata/header_closure.tsv;selected=PENDING_REVIEW	425f94c2954b1fe80ebdbf9b29854e89750355df	f24cb1108af94200ee7a600fac46c70a86ad7f5182fa08b8da014df602b81fd2	a67200b9de936585f98f6aed0c4e4f7733d3ba0c36f4496d97e583cb7caf9ac6	0123af9e96b58af4e98b91a2de5608d36b63c67864b9041d3340587f3dbe40d2	cfa8dcf0d81c408de38d4202fe1ce9d9e5e301d1e67439c9530da94b1e64ee3f	7484d7b0dd80f45e18d726b04752827fe28555cc5c1af0e127948380e6688abf
semantic-proposal-v1	SC1-7aed542f6ad94782b152a077d49975d90fbe98fd980138671a17f56d83de923c	S016267	1	P01	SYMBOLS.tsv	384621	selection_expression	aarch64	include/uapi/linux/netdev.h	enum_constant	NETDEV_A_QSTATS_RX_BYTES	177	PENDING_REVIEW	SOURCE_REVIEWED_VALUE	COMPLETE	vendor/linux/include/uapi/linux/netdev.h;vendor/linux/include/uapi/linux/netdev.h:177;rewrite/configs/aarch64/frozen.config;header_closure=rewrite/metadata/header_closure.tsv;selected=PENDING_REVIEW	425f94c2954b1fe80ebdbf9b29854e89750355df	f24cb1108af94200ee7a600fac46c70a86ad7f5182fa08b8da014df602b81fd2	a67200b9de936585f98f6aed0c4e4f7733d3ba0c36f4496d97e583cb7caf9ac6	0123af9e96b58af4e98b91a2de5608d36b63c67864b9041d3340587f3dbe40d2	cfa8dcf0d81c408de38d4202fe1ce9d9e5e301d1e67439c9530da94b1e64ee3f	7484d7b0dd80f45e18d726b04752827fe28555cc5c1af0e127948380e6688abf
semantic-proposal-v1	SC1-00b6dbe979cdfd7c36982976ad454572f60d95b85ef6bd59318eb4d59c630922	S016267	1	P01	SYMBOLS.tsv	384621	status	aarch64	include/uapi/linux/netdev.h	enum_constant	NETDEV_A_QSTATS_RX_BYTES	177	PENDING_REVIEW	COMPLETE	COMPLETE	vendor/linux/include/uapi/linux/netdev.h;vendor/linux/include/uapi/linux/netdev.h:177;rewrite/configs/aarch64/frozen.config;header_closure=rewrite/metadata/header_closure.tsv;selected=PENDING_REVIEW	425f94c2954b1fe80ebdbf9b29854e89750355df	f24cb1108af94200ee7a600fac46c70a86ad7f5182fa08b8da014df602b81fd2	a67200b9de936585f98f6aed0c4e4f7733d3ba0c36f4496d97e583cb7caf9ac6	0123af9e96b58af4e98b91a2de5608d36b63c67864b9041d3340587f3dbe40d2	cfa8dcf0d81c408de38d4202fe1ce9d9e5e301d1e67439c9530da94b1e64ee3f	7484d7b0dd80f45e18d726b04752827fe28555cc5c1af0e127948380e6688abf
semantic-proposal-v1	SC1-423cc947f878937558b3454ebe45f9e0ae954b33fecf7a235f5c4efbdb35f7bd	S016267	1	P01	SYMBOLS.tsv	384622	selection_expression	aarch64	include/uapi/linux/netdev.h	enum_constant	NETDEV_A_QSTATS_TX_PACKETS	178	PENDING_REVIEW	SOURCE_REVIEWED_VALUE	COMPLETE	vendor/linux/include/uapi/linux/netdev.h;vendor/linux/include/uapi/linux/netdev.h:178;rewrite/configs/aarch64/frozen.config;header_closure=rewrite/metadata/header_closure.tsv;selected=PENDING_REVIEW	425f94c2954b1fe80ebdbf9b29854e89750355df	f24cb1108af94200ee7a600fac46c70a86ad7f5182fa08b8da014df602b81fd2	a67200b9de936585f98f6aed0c4e4f7733d3ba0c36f4496d97e583cb7caf9ac6	0123af9e96b58af4e98b91a2de5608d36b63c67864b9041d3340587f3dbe40d2	cfa8dcf0d81c408de38d4202fe1ce9d9e5e301d1e67439c9530da94b1e64ee3f	7484d7b0dd80f45e18d726b04752827fe28555cc5c1af0e127948380e6688abf
semantic-proposal-v1	SC1-2a8b15246a20933831ec458232e7024db8e64430f0289b551869d149b37dcdf7	S016267	1	P01	SYMBOLS.tsv	384622	status	aarch64	include/uapi/linux/netdev.h	enum_constant	NETDEV_A_QSTATS_TX_PACKETS	178	PENDING_REVIEW	COMPLETE	COMPLETE	vendor/linux/include/uapi/linux/netdev.h;vendor/linux/include/uapi/linux/netdev.h:178;rewrite/configs/aarch64/frozen.config;header_closure=rewrite/metadata/header_closure.tsv;selected=PENDING_REVIEW	425f94c2954b1fe80ebdbf9b29854e89750355df	f24cb1108af94200ee7a600fac46c70a86ad7f5182fa08b8da014df602b81fd2	a67200b9de936585f98f6aed0c4e4f7733d3ba0c36f4496d97e583cb7caf9ac6	0123af9e96b58af4e98b91a2de5608d36b63c67864b9041d3340587f3dbe40d2	cfa8dcf0d81c408de38d4202fe1ce9d9e5e301d1e67439c9530da94b1e64ee3f	7484d7b0dd80f45e18d726b04752827fe28555cc5c1af0e127948380e6688abf
semantic-proposal-v1	SC1-efc2230df2fc93f97a63d76e9c3fc359a6995ceb3fc69b8211085bcef8dd535e	S016267	1	P01	SYMBOLS.tsv	384623	selection_expression	aarch64	include/uapi/linux/netdev.h	enum_constant	NETDEV_A_QSTATS_TX_BYTES	179	PENDING_REVIEW	SOURCE_REVIEWED_VALUE	COMPLETE	vendor/linux/include/uapi/linux/netdev.h;vendor/linux/include/uapi/linux/netdev.h:179;rewrite/configs/aarch64/frozen.config;header_closure=rewrite/metadata/header_closure.tsv;selected=PENDING_REVIEW	425f94c2954b1fe80ebdbf9b29854e89750355df	f24cb1108af94200ee7a600fac46c70a86ad7f5182fa08b8da014df602b81fd2	a67200b9de936585f98f6aed0c4e4f7733d3ba0c36f4496d97e583cb7caf9ac6	0123af9e96b58af4e98b91a2de5608d36b63c67864b9041d3340587f3dbe40d2	cfa8dcf0d81c408de38d4202fe1ce9d9e5e301d1e67439c9530da94b1e64ee3f	7484d7b0dd80f45e18d726b04752827fe28555cc5c1af0e127948380e6688abf
semantic-proposal-v1	SC1-d63d417f79d01fe888288395601c4b4f8172e0650772ccd1956547741f52a941	S016267	1	P01	SYMBOLS.tsv	384623	status	aarch64	include/uapi/linux/netdev.h	enum_constant	NETDEV_A_QSTATS_TX_BYTES	179	PENDING_REVIEW	COMPLETE	COMPLETE	vendor/linux/include/uapi/linux/netdev.h;vendor/linux/include/uapi/linux/netdev.h:179;rewrite/configs/aarch64/frozen.config;header_closure=rewrite/metadata/header_closure.tsv;selected=PENDING_REVIEW	425f94c2954b1fe80ebdbf9b29854e89750355df	f24cb1108af94200ee7a600fac46c70a86ad7f5182fa08b8da014df602b81fd2	a67200b9de936585f98f6aed0c4e4f7733d3ba0c36f4496d97e583cb7caf9ac6	0123af9e96b58af4e98b91a2de5608d36b63c67864b9041d3340587f3dbe40d2	cfa8dcf0d81c408de38d4202fe1ce9d9e5e301d1e67439c9530da94b1e64ee3f	7484d7b0dd80f45e18d726b04752827fe28555cc5c1af0e127948380e6688abf
semantic-proposal-v1	SC1-ab5b872c4e57a6bd1b3a41d384d11287d93963387a8b61bb62914dde1cba6820	S016267	1	P01	SYMBOLS.tsv	384624	selection_expression	aarch64	include/uapi/linux/netdev.h	enum_constant	NETDEV_A_QSTATS_RX_ALLOC_FAIL	180	PENDING_REVIEW	SOURCE_REVIEWED_VALUE	COMPLETE	vendor/linux/include/uapi/linux/netdev.h;vendor/linux/include/uapi/linux/netdev.h:180;rewrite/configs/aarch64/frozen.config;header_closure=rewrite/metadata/header_closure.tsv;selected=PENDING_REVIEW	425f94c2954b1fe80ebdbf9b29854e89750355df	f24cb1108af94200ee7a600fac46c70a86ad7f5182fa08b8da014df602b81fd2	a67200b9de936585f98f6aed0c4e4f7733d3ba0c36f4496d97e583cb7caf9ac6	0123af9e96b58af4e98b91a2de5608d36b63c67864b9041d3340587f3dbe40d2	cfa8dcf0d81c408de38d4202fe1ce9d9e5e301d1e67439c9530da94b1e64ee3f	7484d7b0dd80f45e18d726b04752827fe28555cc5c1af0e127948380e6688abf
semantic-proposal-v1	SC1-74f3021b39aac814c7de4ffcf17501edb0fd2fdc12ea8655bff2a7dfcc753a1d	S016267	1	P01	SYMBOLS.tsv	384624	status	aarch64	include/uapi/linux/netdev.h	enum_constant	NETDEV_A_QSTATS_RX_ALLOC_FAIL	180	PENDING_REVIEW	COMPLETE	COMPLETE	vendor/linux/include/uapi/linux/netdev.h;vendor/linux/include/uapi/linux/netdev.h:180;rewrite/configs/aarch64/frozen.config;header_closure=rewrite/metadata/header_closure.tsv;selected=PENDING_REVIEW	425f94c2954b1fe80ebdbf9b29854e89750355df	f24cb1108af94200ee7a600fac46c70a86ad7f5182fa08b8da014df602b81fd2	a67200b9de936585f98f6aed0c4e4f7733d3ba0c36f4496d97e583cb7caf9ac6	0123af9e96b58af4e98b91a2de5608d36b63c67864b9041d3340587f3dbe40d2	cfa8dcf0d81c408de38d4202fe1ce9d9e5e301d1e67439c9530da94b1e64ee3f	7484d7b0dd80f45e18d726b04752827fe28555cc5c1af0e127948380e6688abf
semantic-proposal-v1	SC1-596c08d84c3e8be37d0401853b793bd81c92519b68a27e0546fb561ec0cefd74	S016267	1	P01	SYMBOLS.tsv	384625	selection_expression	aarch64	include/uapi/linux/netdev.h	enum_constant	NETDEV_A_QSTATS_RX_HW_DROPS	181	PENDING_REVIEW	SOURCE_REVIEWED_VALUE	COMPLETE	vendor/linux/include/uapi/linux/netdev.h;vendor/linux/include/uapi/linux/netdev.h:181;rewrite/configs/aarch64/frozen.config;header_closure=rewrite/metadata/header_closure.tsv;selected=PENDING_REVIEW	425f94c2954b1fe80ebdbf9b29854e89750355df	f24cb1108af94200ee7a600fac46c70a86ad7f5182fa08b8da014df602b81fd2	a67200b9de936585f98f6aed0c4e4f7733d3ba0c36f4496d97e583cb7caf9ac6	0123af9e96b58af4e98b91a2de5608d36b63c67864b9041d3340587f3dbe40d2	cfa8dcf0d81c408de38d4202fe1ce9d9e5e301d1e67439c9530da94b1e64ee3f	7484d7b0dd80f45e18d726b04752827fe28555cc5c1af0e127948380e6688abf
semantic-proposal-v1	SC1-48cdd89ef0a06d8495b0f25e6b97fc3daa90d2a34ea854b27c6b92955b6daffb	S016267	1	P01	SYMBOLS.tsv	384625	status	aarch64	include/uapi/linux/netdev.h	enum_constant	NETDEV_A_QSTATS_RX_HW_DROPS	181	PENDING_REVIEW	COMPLETE	COMPLETE	vendor/linux/include/uapi/linux/netdev.h;vendor/linux/include/uapi/linux/netdev.h:181;rewrite/configs/aarch64/frozen.config;header_closure=rewrite/metadata/header_closure.tsv;selected=PENDING_REVIEW	425f94c2954b1fe80ebdbf9b29854e89750355df	f24cb1108af94200ee7a600fac46c70a86ad7f5182fa08b8da014df602b81fd2	a67200b9de936585f98f6aed0c4e4f7733d3ba0c36f4496d97e583cb7caf9ac6	0123af9e96b58af4e98b91a2de5608d36b63c67864b9041d3340587f3dbe40d2	cfa8dcf0d81c408de38d4202fe1ce9d9e5e301d1e67439c9530da94b1e64ee3f	7484d7b0dd80f45e18d726b04752827fe28555cc5c1af0e127948380e6688abf
semantic-proposal-v1	SC1-9380f36bc355f061011c898fd6e3bac50171c8a792552f2592306c59305a7856	S016267	1	P01	SYMBOLS.tsv	384626	selection_expression	aarch64	include/uapi/linux/netdev.h	enum_constant	NETDEV_A_QSTATS_RX_HW_DROP_OVERRUNS	182	PENDING_REVIEW	SOURCE_REVIEWED_VALUE	COMPLETE	vendor/linux/include/uapi/linux/netdev.h;vendor/linux/include/uapi/linux/netdev.h:182;rewrite/configs/aarch64/frozen.config;header_closure=rewrite/metadata/header_closure.tsv;selected=PENDING_REVIEW	425f94c2954b1fe80ebdbf9b29854e89750355df	f24cb1108af94200ee7a600fac46c70a86ad7f5182fa08b8da014df602b81fd2	a67200b9de936585f98f6aed0c4e4f7733d3ba0c36f4496d97e583cb7caf9ac6	0123af9e96b58af4e98b91a2de5608d36b63c67864b9041d3340587f3dbe40d2	cfa8dcf0d81c408de38d4202fe1ce9d9e5e301d1e67439c9530da94b1e64ee3f	7484d7b0dd80f45e18d726b04752827fe28555cc5c1af0e127948380e6688abf
semantic-proposal-v1	SC1-da944da490c5bb883f48afc90d192071e69335bead7623e5c77ca7ccb328a0c5	S016267	1	P01	SYMBOLS.tsv	384626	status	aarch64	include/uapi/linux/netdev.h	enum_constant	NETDEV_A_QSTATS_RX_HW_DROP_OVERRUNS	182	PENDING_REVIEW	COMPLETE	COMPLETE	vendor/linux/include/uapi/linux/netdev.h;vendor/linux/include/uapi/linux/netdev.h:182;rewrite/configs/aarch64/frozen.config;header_closure=rewrite/metadata/header_closure.tsv;selected=PENDING_REVIEW	425f94c2954b1fe80ebdbf9b29854e89750355df	f24cb1108af94200ee7a600fac46c70a86ad7f5182fa08b8da014df602b81fd2	a67200b9de936585f98f6aed0c4e4f7733d3ba0c36f4496d97e583cb7caf9ac6	0123af9e96b58af4e98b91a2de5608d36b63c67864b9041d3340587f3dbe40d2	cfa8dcf0d81c408de38d4202fe1ce9d9e5e301d1e67439c9530da94b1e64ee3f	7484d7b0dd80f45e18d726b04752827fe28555cc5c1af0e127948380e6688abf
semantic-proposal-v1	SC1-3f477a13a121ff9984a25fdaca3b80a956d9c4d9a4980e1521d4c0381fe3eda5	S016267	1	P01	SYMBOLS.tsv	384627	selection_expression	aarch64	include/uapi/linux/netdev.h	enum_constant	NETDEV_A_QSTATS_RX_CSUM_COMPLETE	183	PENDING_REVIEW	SOURCE_REVIEWED_VALUE	COMPLETE	vendor/linux/include/uapi/linux/netdev.h;vendor/linux/include/uapi/linux/netdev.h:183;rewrite/configs/aarch64/frozen.config;header_closure=rewrite/metadata/header_closure.tsv;selected=PENDING_REVIEW	425f94c2954b1fe80ebdbf9b29854e89750355df	f24cb1108af94200ee7a600fac46c70a86ad7f5182fa08b8da014df602b81fd2	a67200b9de936585f98f6aed0c4e4f7733d3ba0c36f4496d97e583cb7caf9ac6	0123af9e96b58af4e98b91a2de5608d36b63c67864b9041d3340587f3dbe40d2	cfa8dcf0d81c408de38d4202fe1ce9d9e5e301d1e67439c9530da94b1e64ee3f	7484d7b0dd80f45e18d726b04752827fe28555cc5c1af0e127948380e6688abf
semantic-proposal-v1	SC1-e9b87d36f6ea9fff7f81ca2a60667380f5420869b3c3a64d603fd5e3e2f0c514	S016267	1	P01	SYMBOLS.tsv	384627	status	aarch64	include/uapi/linux/netdev.h	enum_constant	NETDEV_A_QSTATS_RX_CSUM_COMPLETE	183	PENDING_REVIEW	COMPLETE	COMPLETE	vendor/linux/include/uapi/linux/netdev.h;vendor/linux/include/uapi/linux/netdev.h:183;rewrite/configs/aarch64/frozen.config;header_closure=rewrite/metadata/header_closure.tsv;selected=PENDING_REVIEW	425f94c2954b1fe80ebdbf9b29854e89750355df	f24cb1108af94200ee7a600fac46c70a86ad7f5182fa08b8da014df602b81fd2	a67200b9de936585f98f6aed0c4e4f7733d3ba0c36f4496d97e583cb7caf9ac6	0123af9e96b58af4e98b91a2de5608d36b63c67864b9041d3340587f3dbe40d2	cfa8dcf0d81c408de38d4202fe1ce9d9e5e301d1e67439c9530da94b1e64ee3f	7484d7b0dd80f45e18d726b04752827fe28555cc5c1af0e127948380e6688abf
semantic-proposal-v1	SC1-676a17212e3e0672f613972f9b978a50a3dad9ddb576731186c60e569efc7aae	S016267	1	P01	SYMBOLS.tsv	384628	selection_expression	aarch64	include/uapi/linux/netdev.h	enum_constant	NETDEV_A_QSTATS_RX_CSUM_UNNECESSARY	184	PENDING_REVIEW	SOURCE_REVIEWED_VALUE	COMPLETE	vendor/linux/include/uapi/linux/netdev.h;vendor/linux/include/uapi/linux/netdev.h:184;rewrite/configs/aarch64/frozen.config;header_closure=rewrite/metadata/header_closure.tsv;selected=PENDING_REVIEW	425f94c2954b1fe80ebdbf9b29854e89750355df	f24cb1108af94200ee7a600fac46c70a86ad7f5182fa08b8da014df602b81fd2	a67200b9de936585f98f6aed0c4e4f7733d3ba0c36f4496d97e583cb7caf9ac6	0123af9e96b58af4e98b91a2de5608d36b63c67864b9041d3340587f3dbe40d2	cfa8dcf0d81c408de38d4202fe1ce9d9e5e301d1e67439c9530da94b1e64ee3f	7484d7b0dd80f45e18d726b04752827fe28555cc5c1af0e127948380e6688abf
semantic-proposal-v1	SC1-ab78c8f6844898b93ad54568d4e775dbf7b06bef723eabfba3b70104332099df	S016267	1	P01	SYMBOLS.tsv	384628	status	aarch64	include/uapi/linux/netdev.h	enum_constant	NETDEV_A_QSTATS_RX_CSUM_UNNECESSARY	184	PENDING_REVIEW	COMPLETE	COMPLETE	vendor/linux/include/uapi/linux/netdev.h;vendor/linux/include/uapi/linux/netdev.h:184;rewrite/configs/aarch64/frozen.config;header_closure=rewrite/metadata/header_closure.tsv;selected=PENDING_REVIEW	425f94c2954b1fe80ebdbf9b29854e89750355df	f24cb1108af94200ee7a600fac46c70a86ad7f5182fa08b8da014df602b81fd2	a67200b9de936585f98f6aed0c4e4f7733d3ba0c36f4496d97e583cb7caf9ac6	0123af9e96b58af4e98b91a2de5608d36b63c67864b9041d3340587f3dbe40d2	cfa8dcf0d81c408de38d4202fe1ce9d9e5e301d1e67439c9530da94b1e64ee3f	7484d7b0dd80f45e18d726b04752827fe28555cc5c1af0e127948380e6688abf
semantic-proposal-v1	SC1-c5f716a4b69e315764ce7f175c1f4bddbbc14394fb4742ca873150e0e4e94787	S016267	1	P01	SYMBOLS.tsv	384629	selection_expression	aarch64	include/uapi/linux/netdev.h	enum_constant	NETDEV_A_QSTATS_RX_CSUM_NONE	185	PENDING_REVIEW	SOURCE_REVIEWED_VALUE	COMPLETE	vendor/linux/include/uapi/linux/netdev.h;vendor/linux/include/uapi/linux/netdev.h:185;rewrite/configs/aarch64/frozen.config;header_closure=rewrite/metadata/header_closure.tsv;selected=PENDING_REVIEW	425f94c2954b1fe80ebdbf9b29854e89750355df	f24cb1108af94200ee7a600fac46c70a86ad7f5182fa08b8da014df602b81fd2	a67200b9de936585f98f6aed0c4e4f7733d3ba0c36f4496d97e583cb7caf9ac6	0123af9e96b58af4e98b91a2de5608d36b63c67864b9041d3340587f3dbe40d2	cfa8dcf0d81c408de38d4202fe1ce9d9e5e301d1e67439c9530da94b1e64ee3f	7484d7b0dd80f45e18d726b04752827fe28555cc5c1af0e127948380e6688abf
semantic-proposal-v1	SC1-3ca15a651cb7f49f34809fcb10935447c240a5a797ffa55548a79230ce95a448	S016267	1	P01	SYMBOLS.tsv	384629	status	aarch64	include/uapi/linux/netdev.h	enum_constant	NETDEV_A_QSTATS_RX_CSUM_NONE	185	PENDING_REVIEW	COMPLETE	COMPLETE	vendor/linux/include/uapi/linux/netdev.h;vendor/linux/include/uapi/linux/netdev.h:185;rewrite/configs/aarch64/frozen.config;header_closure=rewrite/metadata/header_closure.tsv;selected=PENDING_REVIEW	425f94c2954b1fe80ebdbf9b29854e89750355df	f24cb1108af94200ee7a600fac46c70a86ad7f5182fa08b8da014df602b81fd2	a67200b9de936585f98f6aed0c4e4f7733d3ba0c36f4496d97e583cb7caf9ac6	0123af9e96b58af4e98b91a2de5608d36b63c67864b9041d3340587f3dbe40d2	cfa8dcf0d81c408de38d4202fe1ce9d9e5e301d1e67439c9530da94b1e64ee3f	7484d7b0dd80f45e18d726b04752827fe28555cc5c1af0e127948380e6688abf
semantic-proposal-v1	SC1-012c0e83f9c2d0d0fc201e2cfb92afb72e25a0f115b78717bd72b8d7145d99c8	S016267	1	P01	SYMBOLS.tsv	384630	selection_expression	aarch64	include/uapi/linux/netdev.h	enum_constant	NETDEV_A_QSTATS_RX_CSUM_BAD	186	PENDING_REVIEW	SOURCE_REVIEWED_VALUE	COMPLETE	vendor/linux/include/uapi/linux/netdev.h;vendor/linux/include/uapi/linux/netdev.h:186;rewrite/configs/aarch64/frozen.config;header_closure=rewrite/metadata/header_closure.tsv;selected=PENDING_REVIEW	425f94c2954b1fe80ebdbf9b29854e89750355df	f24cb1108af94200ee7a600fac46c70a86ad7f5182fa08b8da014df602b81fd2	a67200b9de936585f98f6aed0c4e4f7733d3ba0c36f4496d97e583cb7caf9ac6	0123af9e96b58af4e98b91a2de5608d36b63c67864b9041d3340587f3dbe40d2	cfa8dcf0d81c408de38d4202fe1ce9d9e5e301d1e67439c9530da94b1e64ee3f	7484d7b0dd80f45e18d726b04752827fe28555cc5c1af0e127948380e6688abf
semantic-proposal-v1	SC1-7552fe85855eca11b3988480f5e767e44d2fc6b7d62388bebb816042cfb6b87c	S016267	1	P01	SYMBOLS.tsv	384630	status	aarch64	include/uapi/linux/netdev.h	enum_constant	NETDEV_A_QSTATS_RX_CSUM_BAD	186	PENDING_REVIEW	COMPLETE	COMPLETE	vendor/linux/include/uapi/linux/netdev.h;vendor/linux/include/uapi/linux/netdev.h:186;rewrite/configs/aarch64/frozen.config;header_closure=rewrite/metadata/header_closure.tsv;selected=PENDING_REVIEW	425f94c2954b1fe80ebdbf9b29854e89750355df	f24cb1108af94200ee7a600fac46c70a86ad7f5182fa08b8da014df602b81fd2	a67200b9de936585f98f6aed0c4e4f7733d3ba0c36f4496d97e583cb7caf9ac6	0123af9e96b58af4e98b91a2de5608d36b63c67864b9041d3340587f3dbe40d2	cfa8dcf0d81c408de38d4202fe1ce9d9e5e301d1e67439c9530da94b1e64ee3f	7484d7b0dd80f45e18d726b04752827fe28555cc5c1af0e127948380e6688abf
semantic-proposal-v1	SC1-eefc477b2a56c87fa59245996de65567a68640a74bab7e893e39da8390364e66	S016267	1	P01	SYMBOLS.tsv	384631	selection_expression	aarch64	include/uapi/linux/netdev.h	enum_constant	NETDEV_A_QSTATS_RX_HW_GRO_PACKETS	187	PENDING_REVIEW	SOURCE_REVIEWED_VALUE	COMPLETE	vendor/linux/include/uapi/linux/netdev.h;vendor/linux/include/uapi/linux/netdev.h:187;rewrite/configs/aarch64/frozen.config;header_closure=rewrite/metadata/header_closure.tsv;selected=PENDING_REVIEW	425f94c2954b1fe80ebdbf9b29854e89750355df	f24cb1108af94200ee7a600fac46c70a86ad7f5182fa08b8da014df602b81fd2	a67200b9de936585f98f6aed0c4e4f7733d3ba0c36f4496d97e583cb7caf9ac6	0123af9e96b58af4e98b91a2de5608d36b63c67864b9041d3340587f3dbe40d2	cfa8dcf0d81c408de38d4202fe1ce9d9e5e301d1e67439c9530da94b1e64ee3f	7484d7b0dd80f45e18d726b04752827fe28555cc5c1af0e127948380e6688abf
semantic-proposal-v1	SC1-ebd2d320458ef8148ae95ad6d0f60849a2b56da93fe8a5e162dc3247878faf45	S016267	1	P01	SYMBOLS.tsv	384631	status	aarch64	include/uapi/linux/netdev.h	enum_constant	NETDEV_A_QSTATS_RX_HW_GRO_PACKETS	187	PENDING_REVIEW	COMPLETE	COMPLETE	vendor/linux/include/uapi/linux/netdev.h;vendor/linux/include/uapi/linux/netdev.h:187;rewrite/configs/aarch64/frozen.config;header_closure=rewrite/metadata/header_closure.tsv;selected=PENDING_REVIEW	425f94c2954b1fe80ebdbf9b29854e89750355df	f24cb1108af94200ee7a600fac46c70a86ad7f5182fa08b8da014df602b81fd2	a67200b9de936585f98f6aed0c4e4f7733d3ba0c36f4496d97e583cb7caf9ac6	0123af9e96b58af4e98b91a2de5608d36b63c67864b9041d3340587f3dbe40d2	cfa8dcf0d81c408de38d4202fe1ce9d9e5e301d1e67439c9530da94b1e64ee3f	7484d7b0dd80f45e18d726b04752827fe28555cc5c1af0e127948380e6688abf
semantic-proposal-v1	SC1-4703e85ee1d8287fc7692d475f9a03b43990b0dfc73b3cfa13e4ae5038262730	S016267	1	P01	SYMBOLS.tsv	384632	selection_expression	aarch64	include/uapi/linux/netdev.h	enum_constant	NETDEV_A_QSTATS_RX_HW_GRO_BYTES	188	PENDING_REVIEW	SOURCE_REVIEWED_VALUE	COMPLETE	vendor/linux/include/uapi/linux/netdev.h;vendor/linux/include/uapi/linux/netdev.h:188;rewrite/configs/aarch64/frozen.config;header_closure=rewrite/metadata/header_closure.tsv;selected=PENDING_REVIEW	425f94c2954b1fe80ebdbf9b29854e89750355df	f24cb1108af94200ee7a600fac46c70a86ad7f5182fa08b8da014df602b81fd2	a67200b9de936585f98f6aed0c4e4f7733d3ba0c36f4496d97e583cb7caf9ac6	0123af9e96b58af4e98b91a2de5608d36b63c67864b9041d3340587f3dbe40d2	cfa8dcf0d81c408de38d4202fe1ce9d9e5e301d1e67439c9530da94b1e64ee3f	7484d7b0dd80f45e18d726b04752827fe28555cc5c1af0e127948380e6688abf
semantic-proposal-v1	SC1-fec8d6ab465b6bbf92aa1c9904ce7e71585bb85c72b265eda746dec114220a2d	S016267	1	P01	SYMBOLS.tsv	384632	status	aarch64	include/uapi/linux/netdev.h	enum_constant	NETDEV_A_QSTATS_RX_HW_GRO_BYTES	188	PENDING_REVIEW	COMPLETE	COMPLETE	vendor/linux/include/uapi/linux/netdev.h;vendor/linux/include/uapi/linux/netdev.h:188;rewrite/configs/aarch64/frozen.config;header_closure=rewrite/metadata/header_closure.tsv;selected=PENDING_REVIEW	425f94c2954b1fe80ebdbf9b29854e89750355df	f24cb1108af94200ee7a600fac46c70a86ad7f5182fa08b8da014df602b81fd2	a67200b9de936585f98f6aed0c4e4f7733d3ba0c36f4496d97e583cb7caf9ac6	0123af9e96b58af4e98b91a2de5608d36b63c67864b9041d3340587f3dbe40d2	cfa8dcf0d81c408de38d4202fe1ce9d9e5e301d1e67439c9530da94b1e64ee3f	7484d7b0dd80f45e18d726b04752827fe28555cc5c1af0e127948380e6688abf
semantic-proposal-v1	SC1-1c0ddb7b517310f692e73cc72ab8558f6c97f787c6dc6ac0d1425586e8284f89	S016267	1	P01	SYMBOLS.tsv	384633	selection_expression	aarch64	include/uapi/linux/netdev.h	enum_constant	NETDEV_A_QSTATS_RX_HW_GRO_WIRE_PACKETS	189	PENDING_REVIEW	SOURCE_REVIEWED_VALUE	COMPLETE	vendor/linux/include/uapi/linux/netdev.h;vendor/linux/include/uapi/linux/netdev.h:189;rewrite/configs/aarch64/frozen.config;header_closure=rewrite/metadata/header_closure.tsv;selected=PENDING_REVIEW	425f94c2954b1fe80ebdbf9b29854e89750355df	f24cb1108af94200ee7a600fac46c70a86ad7f5182fa08b8da014df602b81fd2	a67200b9de936585f98f6aed0c4e4f7733d3ba0c36f4496d97e583cb7caf9ac6	0123af9e96b58af4e98b91a2de5608d36b63c67864b9041d3340587f3dbe40d2	cfa8dcf0d81c408de38d4202fe1ce9d9e5e301d1e67439c9530da94b1e64ee3f	7484d7b0dd80f45e18d726b04752827fe28555cc5c1af0e127948380e6688abf
semantic-proposal-v1	SC1-b157d9819266c32bc8da4453bf3043b7ced49593d2face0df0f4d40aa812bbe0	S016267	1	P01	SYMBOLS.tsv	384633	status	aarch64	include/uapi/linux/netdev.h	enum_constant	NETDEV_A_QSTATS_RX_HW_GRO_WIRE_PACKETS	189	PENDING_REVIEW	COMPLETE	COMPLETE	vendor/linux/include/uapi/linux/netdev.h;vendor/linux/include/uapi/linux/netdev.h:189;rewrite/configs/aarch64/frozen.config;header_closure=rewrite/metadata/header_closure.tsv;selected=PENDING_REVIEW	425f94c2954b1fe80ebdbf9b29854e89750355df	f24cb1108af94200ee7a600fac46c70a86ad7f5182fa08b8da014df602b81fd2	a67200b9de936585f98f6aed0c4e4f7733d3ba0c36f4496d97e583cb7caf9ac6	0123af9e96b58af4e98b91a2de5608d36b63c67864b9041d3340587f3dbe40d2	cfa8dcf0d81c408de38d4202fe1ce9d9e5e301d1e67439c9530da94b1e64ee3f	7484d7b0dd80f45e18d726b04752827fe28555cc5c1af0e127948380e6688abf
semantic-proposal-v1	SC1-dfb0ffac8bc87f43c069a53ca41ce01e1affb251c1e914cbddb3edce214c8f13	S016267	1	P01	SYMBOLS.tsv	384634	selection_expression	aarch64	include/uapi/linux/netdev.h	enum_constant	NETDEV_A_QSTATS_RX_HW_GRO_WIRE_BYTES	190	PENDING_REVIEW	SOURCE_REVIEWED_VALUE	COMPLETE	vendor/linux/include/uapi/linux/netdev.h;vendor/linux/include/uapi/linux/netdev.h:190;rewrite/configs/aarch64/frozen.config;header_closure=rewrite/metadata/header_closure.tsv;selected=PENDING_REVIEW	425f94c2954b1fe80ebdbf9b29854e89750355df	f24cb1108af94200ee7a600fac46c70a86ad7f5182fa08b8da014df602b81fd2	a67200b9de936585f98f6aed0c4e4f7733d3ba0c36f4496d97e583cb7caf9ac6	0123af9e96b58af4e98b91a2de5608d36b63c67864b9041d3340587f3dbe40d2	cfa8dcf0d81c408de38d4202fe1ce9d9e5e301d1e67439c9530da94b1e64ee3f	7484d7b0dd80f45e18d726b04752827fe28555cc5c1af0e127948380e6688abf
semantic-proposal-v1	SC1-21e1b9bd03f15246466e8362ab2adc61c160a5a4482fff3b5fab3a12578d791c	S016267	1	P01	SYMBOLS.tsv	384634	status	aarch64	include/uapi/linux/netdev.h	enum_constant	NETDEV_A_QSTATS_RX_HW_GRO_WIRE_BYTES	190	PENDING_REVIEW	COMPLETE	COMPLETE	vendor/linux/include/uapi/linux/netdev.h;vendor/linux/include/uapi/linux/netdev.h:190;rewrite/configs/aarch64/frozen.config;header_closure=rewrite/metadata/header_closure.tsv;selected=PENDING_REVIEW	425f94c2954b1fe80ebdbf9b29854e89750355df	f24cb1108af94200ee7a600fac46c70a86ad7f5182fa08b8da014df602b81fd2	a67200b9de936585f98f6aed0c4e4f7733d3ba0c36f4496d97e583cb7caf9ac6	0123af9e96b58af4e98b91a2de5608d36b63c67864b9041d3340587f3dbe40d2	cfa8dcf0d81c408de38d4202fe1ce9d9e5e301d1e67439c9530da94b1e64ee3f	7484d7b0dd80f45e18d726b04752827fe28555cc5c1af0e127948380e6688abf
semantic-proposal-v1	SC1-3fc067bcfc80aa5a79c735cb57614d617e07b40faa62ffaa4c509b0af8ded260	S016267	1	P01	SYMBOLS.tsv	384635	selection_expression	aarch64	include/uapi/linux/netdev.h	enum_constant	NETDEV_A_QSTATS_RX_HW_DROP_RATELIMITS	191	PENDING_REVIEW	SOURCE_REVIEWED_VALUE	COMPLETE	vendor/linux/include/uapi/linux/netdev.h;vendor/linux/include/uapi/linux/netdev.h:191;rewrite/configs/aarch64/frozen.config;header_closure=rewrite/metadata/header_closure.tsv;selected=PENDING_REVIEW	425f94c2954b1fe80ebdbf9b29854e89750355df	f24cb1108af94200ee7a600fac46c70a86ad7f5182fa08b8da014df602b81fd2	a67200b9de936585f98f6aed0c4e4f7733d3ba0c36f4496d97e583cb7caf9ac6	0123af9e96b58af4e98b91a2de5608d36b63c67864b9041d3340587f3dbe40d2	cfa8dcf0d81c408de38d4202fe1ce9d9e5e301d1e67439c9530da94b1e64ee3f	7484d7b0dd80f45e18d726b04752827fe28555cc5c1af0e127948380e6688abf
semantic-proposal-v1	SC1-3bf09cf80d31bd793aaf407fbfac2749cf4f5339466442bb84891aa4624191b1	S016267	1	P01	SYMBOLS.tsv	384635	status	aarch64	include/uapi/linux/netdev.h	enum_constant	NETDEV_A_QSTATS_RX_HW_DROP_RATELIMITS	191	PENDING_REVIEW	COMPLETE	COMPLETE	vendor/linux/include/uapi/linux/netdev.h;vendor/linux/include/uapi/linux/netdev.h:191;rewrite/configs/aarch64/frozen.config;header_closure=rewrite/metadata/header_closure.tsv;selected=PENDING_REVIEW	425f94c2954b1fe80ebdbf9b29854e89750355df	f24cb1108af94200ee7a600fac46c70a86ad7f5182fa08b8da014df602b81fd2	a67200b9de936585f98f6aed0c4e4f7733d3ba0c36f4496d97e583cb7caf9ac6	0123af9e96b58af4e98b91a2de5608d36b63c67864b9041d3340587f3dbe40d2	cfa8dcf0d81c408de38d4202fe1ce9d9e5e301d1e67439c9530da94b1e64ee3f	7484d7b0dd80f45e18d726b04752827fe28555cc5c1af0e127948380e6688abf
semantic-proposal-v1	SC1-5338dcf625b85d76356abb51c3b9f87ce5272d331c8c7dc1e93c3a8fd6501b31	S016267	1	P01	SYMBOLS.tsv	384636	selection_expression	aarch64	include/uapi/linux/netdev.h	enum_constant	NETDEV_A_QSTATS_TX_HW_DROPS	192	PENDING_REVIEW	SOURCE_REVIEWED_VALUE	COMPLETE	vendor/linux/include/uapi/linux/netdev.h;vendor/linux/include/uapi/linux/netdev.h:192;rewrite/configs/aarch64/frozen.config;header_closure=rewrite/metadata/header_closure.tsv;selected=PENDING_REVIEW	425f94c2954b1fe80ebdbf9b29854e89750355df	f24cb1108af94200ee7a600fac46c70a86ad7f5182fa08b8da014df602b81fd2	a67200b9de936585f98f6aed0c4e4f7733d3ba0c36f4496d97e583cb7caf9ac6	0123af9e96b58af4e98b91a2de5608d36b63c67864b9041d3340587f3dbe40d2	cfa8dcf0d81c408de38d4202fe1ce9d9e5e301d1e67439c9530da94b1e64ee3f	7484d7b0dd80f45e18d726b04752827fe28555cc5c1af0e127948380e6688abf
semantic-proposal-v1	SC1-ab43465820e4c5681975f3b8e4daa3c59d6cf870412b87545c65d3dfc1235cf3	S016267	1	P01	SYMBOLS.tsv	384636	status	aarch64	include/uapi/linux/netdev.h	enum_constant	NETDEV_A_QSTATS_TX_HW_DROPS	192	PENDING_REVIEW	COMPLETE	COMPLETE	vendor/linux/include/uapi/linux/netdev.h;vendor/linux/include/uapi/linux/netdev.h:192;rewrite/configs/aarch64/frozen.config;header_closure=rewrite/metadata/header_closure.tsv;selected=PENDING_REVIEW	425f94c2954b1fe80ebdbf9b29854e89750355df	f24cb1108af94200ee7a600fac46c70a86ad7f5182fa08b8da014df602b81fd2	a67200b9de936585f98f6aed0c4e4f7733d3ba0c36f4496d97e583cb7caf9ac6	0123af9e96b58af4e98b91a2de5608d36b63c67864b9041d3340587f3dbe40d2	cfa8dcf0d81c408de38d4202fe1ce9d9e5e301d1e67439c9530da94b1e64ee3f	7484d7b0dd80f45e18d726b04752827fe28555cc5c1af0e127948380e6688abf
semantic-proposal-v1	SC1-fc670376646c5c01c8afea791a51bc7d32a9d47fc72a6c39ceff86ca480aaccd	S016267	1	P01	SYMBOLS.tsv	384637	selection_expression	aarch64	include/uapi/linux/netdev.h	enum_constant	NETDEV_A_QSTATS_TX_HW_DROP_ERRORS	193	PENDING_REVIEW	SOURCE_REVIEWED_VALUE	COMPLETE	vendor/linux/include/uapi/linux/netdev.h;vendor/linux/include/uapi/linux/netdev.h:193;rewrite/configs/aarch64/frozen.config;header_closure=rewrite/metadata/header_closure.tsv;selected=PENDING_REVIEW	425f94c2954b1fe80ebdbf9b29854e89750355df	f24cb1108af94200ee7a600fac46c70a86ad7f5182fa08b8da014df602b81fd2	a67200b9de936585f98f6aed0c4e4f7733d3ba0c36f4496d97e583cb7caf9ac6	0123af9e96b58af4e98b91a2de5608d36b63c67864b9041d3340587f3dbe40d2	cfa8dcf0d81c408de38d4202fe1ce9d9e5e301d1e67439c9530da94b1e64ee3f	7484d7b0dd80f45e18d726b04752827fe28555cc5c1af0e127948380e6688abf
semantic-proposal-v1	SC1-7f4618e5466c2bb778d6dc4b55f0cf7780310a313255a221ee1d99ec0eb4b239	S016267	1	P01	SYMBOLS.tsv	384637	status	aarch64	include/uapi/linux/netdev.h	enum_constant	NETDEV_A_QSTATS_TX_HW_DROP_ERRORS	193	PENDING_REVIEW	COMPLETE	COMPLETE	vendor/linux/include/uapi/linux/netdev.h;vendor/linux/include/uapi/linux/netdev.h:193;rewrite/configs/aarch64/frozen.config;header_closure=rewrite/metadata/header_closure.tsv;selected=PENDING_REVIEW	425f94c2954b1fe80ebdbf9b29854e89750355df	f24cb1108af94200ee7a600fac46c70a86ad7f5182fa08b8da014df602b81fd2	a67200b9de936585f98f6aed0c4e4f7733d3ba0c36f4496d97e583cb7caf9ac6	0123af9e96b58af4e98b91a2de5608d36b63c67864b9041d3340587f3dbe40d2	cfa8dcf0d81c408de38d4202fe1ce9d9e5e301d1e67439c9530da94b1e64ee3f	7484d7b0dd80f45e18d726b04752827fe28555cc5c1af0e127948380e6688abf
semantic-proposal-v1	SC1-2551de333f222ca25a3b3340f673039220c684b4f62b5f28dc5f30540383380a	S016267	1	P01	SYMBOLS.tsv	384638	selection_expression	aarch64	include/uapi/linux/netdev.h	enum_constant	NETDEV_A_QSTATS_TX_CSUM_NONE	194	PENDING_REVIEW	SOURCE_REVIEWED_VALUE	COMPLETE	vendor/linux/include/uapi/linux/netdev.h;vendor/linux/include/uapi/linux/netdev.h:194;rewrite/configs/aarch64/frozen.config;header_closure=rewrite/metadata/header_closure.tsv;selected=PENDING_REVIEW	425f94c2954b1fe80ebdbf9b29854e89750355df	f24cb1108af94200ee7a600fac46c70a86ad7f5182fa08b8da014df602b81fd2	a67200b9de936585f98f6aed0c4e4f7733d3ba0c36f4496d97e583cb7caf9ac6	0123af9e96b58af4e98b91a2de5608d36b63c67864b9041d3340587f3dbe40d2	cfa8dcf0d81c408de38d4202fe1ce9d9e5e301d1e67439c9530da94b1e64ee3f	7484d7b0dd80f45e18d726b04752827fe28555cc5c1af0e127948380e6688abf
semantic-proposal-v1	SC1-5813e654c9ffb29e2fbcc1b23f3274a62c4fc44ea8bc07705140cc474bd9716e	S016267	1	P01	SYMBOLS.tsv	384638	status	aarch64	include/uapi/linux/netdev.h	enum_constant	NETDEV_A_QSTATS_TX_CSUM_NONE	194	PENDING_REVIEW	COMPLETE	COMPLETE	vendor/linux/include/uapi/linux/netdev.h;vendor/linux/include/uapi/linux/netdev.h:194;rewrite/configs/aarch64/frozen.config;header_closure=rewrite/metadata/header_closure.tsv;selected=PENDING_REVIEW	425f94c2954b1fe80ebdbf9b29854e89750355df	f24cb1108af94200ee7a600fac46c70a86ad7f5182fa08b8da014df602b81fd2	a67200b9de936585f98f6aed0c4e4f7733d3ba0c36f4496d97e583cb7caf9ac6	0123af9e96b58af4e98b91a2de5608d36b63c67864b9041d3340587f3dbe40d2	cfa8dcf0d81c408de38d4202fe1ce9d9e5e301d1e67439c9530da94b1e64ee3f	7484d7b0dd80f45e18d726b04752827fe28555cc5c1af0e127948380e6688abf
semantic-proposal-v1	SC1-e7e59d867356c2231cf5db8b15f55b6e2c95c05e60a92d398e5b1a9e8df561ba	S016267	1	P01	SYMBOLS.tsv	384639	selection_expression	aarch64	include/uapi/linux/netdev.h	enum_constant	NETDEV_A_QSTATS_TX_NEEDS_CSUM	195	PENDING_REVIEW	SOURCE_REVIEWED_VALUE	COMPLETE	vendor/linux/include/uapi/linux/netdev.h;vendor/linux/include/uapi/linux/netdev.h:195;rewrite/configs/aarch64/frozen.config;header_closure=rewrite/metadata/header_closure.tsv;selected=PENDING_REVIEW	425f94c2954b1fe80ebdbf9b29854e89750355df	f24cb1108af94200ee7a600fac46c70a86ad7f5182fa08b8da014df602b81fd2	a67200b9de936585f98f6aed0c4e4f7733d3ba0c36f4496d97e583cb7caf9ac6	0123af9e96b58af4e98b91a2de5608d36b63c67864b9041d3340587f3dbe40d2	cfa8dcf0d81c408de38d4202fe1ce9d9e5e301d1e67439c9530da94b1e64ee3f	7484d7b0dd80f45e18d726b04752827fe28555cc5c1af0e127948380e6688abf
semantic-proposal-v1	SC1-1765bc8426ecececb20f9b0676f08d8d997247cfb6afb8aceb0d0788c531f0bc	S016267	1	P01	SYMBOLS.tsv	384639	status	aarch64	include/uapi/linux/netdev.h	enum_constant	NETDEV_A_QSTATS_TX_NEEDS_CSUM	195	PENDING_REVIEW	COMPLETE	COMPLETE	vendor/linux/include/uapi/linux/netdev.h;vendor/linux/include/uapi/linux/netdev.h:195;rewrite/configs/aarch64/frozen.config;header_closure=rewrite/metadata/header_closure.tsv;selected=PENDING_REVIEW	425f94c2954b1fe80ebdbf9b29854e89750355df	f24cb1108af94200ee7a600fac46c70a86ad7f5182fa08b8da014df602b81fd2	a67200b9de936585f98f6aed0c4e4f7733d3ba0c36f4496d97e583cb7caf9ac6	0123af9e96b58af4e98b91a2de5608d36b63c67864b9041d3340587f3dbe40d2	cfa8dcf0d81c408de38d4202fe1ce9d9e5e301d1e67439c9530da94b1e64ee3f	7484d7b0dd80f45e18d726b04752827fe28555cc5c1af0e127948380e6688abf
semantic-proposal-v1	SC1-42e57692322492dca70b9dc3a84c14497c2f83f45fb84ae7dc39d51cc829344c	S016267	1	P01	SYMBOLS.tsv	384640	selection_expression	aarch64	include/uapi/linux/netdev.h	enum_constant	NETDEV_A_QSTATS_TX_HW_GSO_PACKETS	196	PENDING_REVIEW	SOURCE_REVIEWED_VALUE	COMPLETE	vendor/linux/include/uapi/linux/netdev.h;vendor/linux/include/uapi/linux/netdev.h:196;rewrite/configs/aarch64/frozen.config;header_closure=rewrite/metadata/header_closure.tsv;selected=PENDING_REVIEW	425f94c2954b1fe80ebdbf9b29854e89750355df	f24cb1108af94200ee7a600fac46c70a86ad7f5182fa08b8da014df602b81fd2	a67200b9de936585f98f6aed0c4e4f7733d3ba0c36f4496d97e583cb7caf9ac6	0123af9e96b58af4e98b91a2de5608d36b63c67864b9041d3340587f3dbe40d2	cfa8dcf0d81c408de38d4202fe1ce9d9e5e301d1e67439c9530da94b1e64ee3f	7484d7b0dd80f45e18d726b04752827fe28555cc5c1af0e127948380e6688abf
semantic-proposal-v1	SC1-10e3d88d762feaa8b3d0b03bfc0a9cb6253108a35fe7cba146a392e73069b402	S016267	1	P01	SYMBOLS.tsv	384640	status	aarch64	include/uapi/linux/netdev.h	enum_constant	NETDEV_A_QSTATS_TX_HW_GSO_PACKETS	196	PENDING_REVIEW	COMPLETE	COMPLETE	vendor/linux/include/uapi/linux/netdev.h;vendor/linux/include/uapi/linux/netdev.h:196;rewrite/configs/aarch64/frozen.config;header_closure=rewrite/metadata/header_closure.tsv;selected=PENDING_REVIEW	425f94c2954b1fe80ebdbf9b29854e89750355df	f24cb1108af94200ee7a600fac46c70a86ad7f5182fa08b8da014df602b81fd2	a67200b9de936585f98f6aed0c4e4f7733d3ba0c36f4496d97e583cb7caf9ac6	0123af9e96b58af4e98b91a2de5608d36b63c67864b9041d3340587f3dbe40d2	cfa8dcf0d81c408de38d4202fe1ce9d9e5e301d1e67439c9530da94b1e64ee3f	7484d7b0dd80f45e18d726b04752827fe28555cc5c1af0e127948380e6688abf
semantic-proposal-v1	SC1-79990d0a6d6f2610f9b94480206b8e74b109d8b43a251c6368a857078c1ce4cc	S016267	1	P01	SYMBOLS.tsv	384641	selection_expression	aarch64	include/uapi/linux/netdev.h	enum_constant	NETDEV_A_QSTATS_TX_HW_GSO_BYTES	197	PENDING_REVIEW	SOURCE_REVIEWED_VALUE	COMPLETE	vendor/linux/include/uapi/linux/netdev.h;vendor/linux/include/uapi/linux/netdev.h:197;rewrite/configs/aarch64/frozen.config;header_closure=rewrite/metadata/header_closure.tsv;selected=PENDING_REVIEW	425f94c2954b1fe80ebdbf9b29854e89750355df	f24cb1108af94200ee7a600fac46c70a86ad7f5182fa08b8da014df602b81fd2	a67200b9de936585f98f6aed0c4e4f7733d3ba0c36f4496d97e583cb7caf9ac6	0123af9e96b58af4e98b91a2de5608d36b63c67864b9041d3340587f3dbe40d2	cfa8dcf0d81c408de38d4202fe1ce9d9e5e301d1e67439c9530da94b1e64ee3f	7484d7b0dd80f45e18d726b04752827fe28555cc5c1af0e127948380e6688abf
semantic-proposal-v1	SC1-2c70735c4b2a2179045f21568bd5284ddc20ff54171e9f4d5750250968d51259	S016267	1	P01	SYMBOLS.tsv	384641	status	aarch64	include/uapi/linux/netdev.h	enum_constant	NETDEV_A_QSTATS_TX_HW_GSO_BYTES	197	PENDING_REVIEW	COMPLETE	COMPLETE	vendor/linux/include/uapi/linux/netdev.h;vendor/linux/include/uapi/linux/netdev.h:197;rewrite/configs/aarch64/frozen.config;header_closure=rewrite/metadata/header_closure.tsv;selected=PENDING_REVIEW	425f94c2954b1fe80ebdbf9b29854e89750355df	f24cb1108af94200ee7a600fac46c70a86ad7f5182fa08b8da014df602b81fd2	a67200b9de936585f98f6aed0c4e4f7733d3ba0c36f4496d97e583cb7caf9ac6	0123af9e96b58af4e98b91a2de5608d36b63c67864b9041d3340587f3dbe40d2	cfa8dcf0d81c408de38d4202fe1ce9d9e5e301d1e67439c9530da94b1e64ee3f	7484d7b0dd80f45e18d726b04752827fe28555cc5c1af0e127948380e6688abf
semantic-proposal-v1	SC1-c1c52d49c9bb93ea7c8e9624f319e1c2929c3ab1c80e43fe72731d5c3245e867	S016267	1	P01	SYMBOLS.tsv	384642	selection_expression	aarch64	include/uapi/linux/netdev.h	enum_constant	NETDEV_A_QSTATS_TX_HW_GSO_WIRE_PACKETS	198	PENDING_REVIEW	SOURCE_REVIEWED_VALUE	COMPLETE	vendor/linux/include/uapi/linux/netdev.h;vendor/linux/include/uapi/linux/netdev.h:198;rewrite/configs/aarch64/frozen.config;header_closure=rewrite/metadata/header_closure.tsv;selected=PENDING_REVIEW	425f94c2954b1fe80ebdbf9b29854e89750355df	f24cb1108af94200ee7a600fac46c70a86ad7f5182fa08b8da014df602b81fd2	a67200b9de936585f98f6aed0c4e4f7733d3ba0c36f4496d97e583cb7caf9ac6	0123af9e96b58af4e98b91a2de5608d36b63c67864b9041d3340587f3dbe40d2	cfa8dcf0d81c408de38d4202fe1ce9d9e5e301d1e67439c9530da94b1e64ee3f	7484d7b0dd80f45e18d726b04752827fe28555cc5c1af0e127948380e6688abf
semantic-proposal-v1	SC1-774c0864f9a31497278cf281cd043afcde05874eef3e06cf54e75375622c8596	S016267	1	P01	SYMBOLS.tsv	384642	status	aarch64	include/uapi/linux/netdev.h	enum_constant	NETDEV_A_QSTATS_TX_HW_GSO_WIRE_PACKETS	198	PENDING_REVIEW	COMPLETE	COMPLETE	vendor/linux/include/uapi/linux/netdev.h;vendor/linux/include/uapi/linux/netdev.h:198;rewrite/configs/aarch64/frozen.config;header_closure=rewrite/metadata/header_closure.tsv;selected=PENDING_REVIEW	425f94c2954b1fe80ebdbf9b29854e89750355df	f24cb1108af94200ee7a600fac46c70a86ad7f5182fa08b8da014df602b81fd2	a67200b9de936585f98f6aed0c4e4f7733d3ba0c36f4496d97e583cb7caf9ac6	0123af9e96b58af4e98b91a2de5608d36b63c67864b9041d3340587f3dbe40d2	cfa8dcf0d81c408de38d4202fe1ce9d9e5e301d1e67439c9530da94b1e64ee3f	7484d7b0dd80f45e18d726b04752827fe28555cc5c1af0e127948380e6688abf
semantic-proposal-v1	SC1-5df212789182a719d38244fddecbd1bae71be3c112951c185c3469f187235c59	S016267	1	P01	SYMBOLS.tsv	384643	selection_expression	aarch64	include/uapi/linux/netdev.h	enum_constant	NETDEV_A_QSTATS_TX_HW_GSO_WIRE_BYTES	199	PENDING_REVIEW	SOURCE_REVIEWED_VALUE	COMPLETE	vendor/linux/include/uapi/linux/netdev.h;vendor/linux/include/uapi/linux/netdev.h:199;rewrite/configs/aarch64/frozen.config;header_closure=rewrite/metadata/header_closure.tsv;selected=PENDING_REVIEW	425f94c2954b1fe80ebdbf9b29854e89750355df	f24cb1108af94200ee7a600fac46c70a86ad7f5182fa08b8da014df602b81fd2	a67200b9de936585f98f6aed0c4e4f7733d3ba0c36f4496d97e583cb7caf9ac6	0123af9e96b58af4e98b91a2de5608d36b63c67864b9041d3340587f3dbe40d2	cfa8dcf0d81c408de38d4202fe1ce9d9e5e301d1e67439c9530da94b1e64ee3f	7484d7b0dd80f45e18d726b04752827fe28555cc5c1af0e127948380e6688abf
semantic-proposal-v1	SC1-20b17832f67391d5557e1424f1305b80d932ba29816d77f0863b8548726b71ee	S016267	1	P01	SYMBOLS.tsv	384643	status	aarch64	include/uapi/linux/netdev.h	enum_constant	NETDEV_A_QSTATS_TX_HW_GSO_WIRE_BYTES	199	PENDING_REVIEW	COMPLETE	COMPLETE	vendor/linux/include/uapi/linux/netdev.h;vendor/linux/include/uapi/linux/netdev.h:199;rewrite/configs/aarch64/frozen.config;header_closure=rewrite/metadata/header_closure.tsv;selected=PENDING_REVIEW	425f94c2954b1fe80ebdbf9b29854e89750355df	f24cb1108af94200ee7a600fac46c70a86ad7f5182fa08b8da014df602b81fd2	a67200b9de936585f98f6aed0c4e4f7733d3ba0c36f4496d97e583cb7caf9ac6	0123af9e96b58af4e98b91a2de5608d36b63c67864b9041d3340587f3dbe40d2	cfa8dcf0d81c408de38d4202fe1ce9d9e5e301d1e67439c9530da94b1e64ee3f	7484d7b0dd80f45e18d726b04752827fe28555cc5c1af0e127948380e6688abf
semantic-proposal-v1	SC1-0415ee9f9227a7d04a550b7521a1ab817044bfc79eee3afcf56dfd6eea13baf9	S016267	1	P01	SYMBOLS.tsv	384644	selection_expression	aarch64	include/uapi/linux/netdev.h	enum_constant	NETDEV_A_QSTATS_TX_HW_DROP_RATELIMITS	200	PENDING_REVIEW	SOURCE_REVIEWED_VALUE	COMPLETE	vendor/linux/include/uapi/linux/netdev.h;vendor/linux/include/uapi/linux/netdev.h:200;rewrite/configs/aarch64/frozen.config;header_closure=rewrite/metadata/header_closure.tsv;selected=PENDING_REVIEW	425f94c2954b1fe80ebdbf9b29854e89750355df	f24cb1108af94200ee7a600fac46c70a86ad7f5182fa08b8da014df602b81fd2	a67200b9de936585f98f6aed0c4e4f7733d3ba0c36f4496d97e583cb7caf9ac6	0123af9e96b58af4e98b91a2de5608d36b63c67864b9041d3340587f3dbe40d2	cfa8dcf0d81c408de38d4202fe1ce9d9e5e301d1e67439c9530da94b1e64ee3f	7484d7b0dd80f45e18d726b04752827fe28555cc5c1af0e127948380e6688abf
semantic-proposal-v1	SC1-96aedbf747f188dc673ccbf262b0255ebec1e6a77bea6654caeb5bc9d1929165	S016267	1	P01	SYMBOLS.tsv	384644	status	aarch64	include/uapi/linux/netdev.h	enum_constant	NETDEV_A_QSTATS_TX_HW_DROP_RATELIMITS	200	PENDING_REVIEW	COMPLETE	COMPLETE	vendor/linux/include/uapi/linux/netdev.h;vendor/linux/include/uapi/linux/netdev.h:200;rewrite/configs/aarch64/frozen.config;header_closure=rewrite/metadata/header_closure.tsv;selected=PENDING_REVIEW	425f94c2954b1fe80ebdbf9b29854e89750355df	f24cb1108af94200ee7a600fac46c70a86ad7f5182fa08b8da014df602b81fd2	a67200b9de936585f98f6aed0c4e4f7733d3ba0c36f4496d97e583cb7caf9ac6	0123af9e96b58af4e98b91a2de5608d36b63c67864b9041d3340587f3dbe40d2	cfa8dcf0d81c408de38d4202fe1ce9d9e5e301d1e67439c9530da94b1e64ee3f	7484d7b0dd80f45e18d726b04752827fe28555cc5c1af0e127948380e6688abf
semantic-proposal-v1	SC1-6a6236ce7860baf819fbc97292a161dcbd56a40f8a39a2d6607c9878745b2afb	S016267	1	P01	SYMBOLS.tsv	384645	selection_expression	aarch64	include/uapi/linux/netdev.h	enum_constant	NETDEV_A_QSTATS_TX_STOP	201	PENDING_REVIEW	SOURCE_REVIEWED_VALUE	COMPLETE	vendor/linux/include/uapi/linux/netdev.h;vendor/linux/include/uapi/linux/netdev.h:201;rewrite/configs/aarch64/frozen.config;header_closure=rewrite/metadata/header_closure.tsv;selected=PENDING_REVIEW	425f94c2954b1fe80ebdbf9b29854e89750355df	f24cb1108af94200ee7a600fac46c70a86ad7f5182fa08b8da014df602b81fd2	a67200b9de936585f98f6aed0c4e4f7733d3ba0c36f4496d97e583cb7caf9ac6	0123af9e96b58af4e98b91a2de5608d36b63c67864b9041d3340587f3dbe40d2	cfa8dcf0d81c408de38d4202fe1ce9d9e5e301d1e67439c9530da94b1e64ee3f	7484d7b0dd80f45e18d726b04752827fe28555cc5c1af0e127948380e6688abf
semantic-proposal-v1	SC1-7dcca2cb7066a6b15342c365b81bc96dfb18ab66d846fc7f1c32cf18fe7e747f	S016267	1	P01	SYMBOLS.tsv	384645	status	aarch64	include/uapi/linux/netdev.h	enum_constant	NETDEV_A_QSTATS_TX_STOP	201	PENDING_REVIEW	COMPLETE	COMPLETE	vendor/linux/include/uapi/linux/netdev.h;vendor/linux/include/uapi/linux/netdev.h:201;rewrite/configs/aarch64/frozen.config;header_closure=rewrite/metadata/header_closure.tsv;selected=PENDING_REVIEW	425f94c2954b1fe80ebdbf9b29854e89750355df	f24cb1108af94200ee7a600fac46c70a86ad7f5182fa08b8da014df602b81fd2	a67200b9de936585f98f6aed0c4e4f7733d3ba0c36f4496d97e583cb7caf9ac6	0123af9e96b58af4e98b91a2de5608d36b63c67864b9041d3340587f3dbe40d2	cfa8dcf0d81c408de38d4202fe1ce9d9e5e301d1e67439c9530da94b1e64ee3f	7484d7b0dd80f45e18d726b04752827fe28555cc5c1af0e127948380e6688abf
semantic-proposal-v1	SC1-44cf3c3aa3c58ec4f72d30d988c5a67da29f7b55e15d7f6678c95229cf6bea8e	S016267	1	P01	SYMBOLS.tsv	384646	selection_expression	aarch64	include/uapi/linux/netdev.h	enum_constant	NETDEV_A_QSTATS_TX_WAKE	202	PENDING_REVIEW	SOURCE_REVIEWED_VALUE	COMPLETE	vendor/linux/include/uapi/linux/netdev.h;vendor/linux/include/uapi/linux/netdev.h:202;rewrite/configs/aarch64/frozen.config;header_closure=rewrite/metadata/header_closure.tsv;selected=PENDING_REVIEW	425f94c2954b1fe80ebdbf9b29854e89750355df	f24cb1108af94200ee7a600fac46c70a86ad7f5182fa08b8da014df602b81fd2	a67200b9de936585f98f6aed0c4e4f7733d3ba0c36f4496d97e583cb7caf9ac6	0123af9e96b58af4e98b91a2de5608d36b63c67864b9041d3340587f3dbe40d2	cfa8dcf0d81c408de38d4202fe1ce9d9e5e301d1e67439c9530da94b1e64ee3f	7484d7b0dd80f45e18d726b04752827fe28555cc5c1af0e127948380e6688abf
semantic-proposal-v1	SC1-e47e18ed165e8fbe7da71117f3379016717556b14c3d410423fbeaf3c9744320	S016267	1	P01	SYMBOLS.tsv	384646	status	aarch64	include/uapi/linux/netdev.h	enum_constant	NETDEV_A_QSTATS_TX_WAKE	202	PENDING_REVIEW	COMPLETE	COMPLETE	vendor/linux/include/uapi/linux/netdev.h;vendor/linux/include/uapi/linux/netdev.h:202;rewrite/configs/aarch64/frozen.config;header_closure=rewrite/metadata/header_closure.tsv;selected=PENDING_REVIEW	425f94c2954b1fe80ebdbf9b29854e89750355df	f24cb1108af94200ee7a600fac46c70a86ad7f5182fa08b8da014df602b81fd2	a67200b9de936585f98f6aed0c4e4f7733d3ba0c36f4496d97e583cb7caf9ac6	0123af9e96b58af4e98b91a2de5608d36b63c67864b9041d3340587f3dbe40d2	cfa8dcf0d81c408de38d4202fe1ce9d9e5e301d1e67439c9530da94b1e64ee3f	7484d7b0dd80f45e18d726b04752827fe28555cc5c1af0e127948380e6688abf
semantic-proposal-v1	SC1-cd049b899edc0107662fef3b97a96e76eb259a041c5b342be602301db4bc6159	S016267	1	P01	SYMBOLS.tsv	384647	selection_expression	aarch64	include/uapi/linux/netdev.h	enum_constant	__NETDEV_A_QSTATS_MAX	204	PENDING_REVIEW	SOURCE_REVIEWED_VALUE	COMPLETE	vendor/linux/include/uapi/linux/netdev.h;vendor/linux/include/uapi/linux/netdev.h:204;rewrite/configs/aarch64/frozen.config;header_closure=rewrite/metadata/header_closure.tsv;selected=PENDING_REVIEW	425f94c2954b1fe80ebdbf9b29854e89750355df	f24cb1108af94200ee7a600fac46c70a86ad7f5182fa08b8da014df602b81fd2	a67200b9de936585f98f6aed0c4e4f7733d3ba0c36f4496d97e583cb7caf9ac6	0123af9e96b58af4e98b91a2de5608d36b63c67864b9041d3340587f3dbe40d2	cfa8dcf0d81c408de38d4202fe1ce9d9e5e301d1e67439c9530da94b1e64ee3f	7484d7b0dd80f45e18d726b04752827fe28555cc5c1af0e127948380e6688abf
semantic-proposal-v1	SC1-1446d48d36a1d5b390870541061255b1fd850d4002a1aa656de7b5115e3d2904	S016267	1	P01	SYMBOLS.tsv	384647	status	aarch64	include/uapi/linux/netdev.h	enum_constant	__NETDEV_A_QSTATS_MAX	204	PENDING_REVIEW	COMPLETE	COMPLETE	vendor/linux/include/uapi/linux/netdev.h;vendor/linux/include/uapi/linux/netdev.h:204;rewrite/configs/aarch64/frozen.config;header_closure=rewrite/metadata/header_closure.tsv;selected=PENDING_REVIEW	425f94c2954b1fe80ebdbf9b29854e89750355df	f24cb1108af94200ee7a600fac46c70a86ad7f5182fa08b8da014df602b81fd2	a67200b9de936585f98f6aed0c4e4f7733d3ba0c36f4496d97e583cb7caf9ac6	0123af9e96b58af4e98b91a2de5608d36b63c67864b9041d3340587f3dbe40d2	cfa8dcf0d81c408de38d4202fe1ce9d9e5e301d1e67439c9530da94b1e64ee3f	7484d7b0dd80f45e18d726b04752827fe28555cc5c1af0e127948380e6688abf
semantic-proposal-v1	SC1-ad4767c223fba0ba9b63e34c8991067eb18181264b8b44c2db68d59c0133bd1c	S016267	1	P01	SYMBOLS.tsv	384648	selection_expression	aarch64	include/uapi/linux/netdev.h	enum_constant	NETDEV_A_QSTATS_MAX	205	PENDING_REVIEW	SOURCE_REVIEWED_VALUE	COMPLETE	vendor/linux/include/uapi/linux/netdev.h;vendor/linux/include/uapi/linux/netdev.h:205;rewrite/configs/aarch64/frozen.config;header_closure=rewrite/metadata/header_closure.tsv;selected=PENDING_REVIEW	425f94c2954b1fe80ebdbf9b29854e89750355df	f24cb1108af94200ee7a600fac46c70a86ad7f5182fa08b8da014df602b81fd2	a67200b9de936585f98f6aed0c4e4f7733d3ba0c36f4496d97e583cb7caf9ac6	0123af9e96b58af4e98b91a2de5608d36b63c67864b9041d3340587f3dbe40d2	cfa8dcf0d81c408de38d4202fe1ce9d9e5e301d1e67439c9530da94b1e64ee3f	7484d7b0dd80f45e18d726b04752827fe28555cc5c1af0e127948380e6688abf
semantic-proposal-v1	SC1-21ae21c5f3dff75ecc3d65cfe318e92bbba3e5e9cf3257dc9241681293792b2c	S016267	1	P01	SYMBOLS.tsv	384648	status	aarch64	include/uapi/linux/netdev.h	enum_constant	NETDEV_A_QSTATS_MAX	205	PENDING_REVIEW	COMPLETE	COMPLETE	vendor/linux/include/uapi/linux/netdev.h;vendor/linux/include/uapi/linux/netdev.h:205;rewrite/configs/aarch64/frozen.config;header_closure=rewrite/metadata/header_closure.tsv;selected=PENDING_REVIEW	425f94c2954b1fe80ebdbf9b29854e89750355df	f24cb1108af94200ee7a600fac46c70a86ad7f5182fa08b8da014df602b81fd2	a67200b9de936585f98f6aed0c4e4f7733d3ba0c36f4496d97e583cb7caf9ac6	0123af9e96b58af4e98b91a2de5608d36b63c67864b9041d3340587f3dbe40d2	cfa8dcf0d81c408de38d4202fe1ce9d9e5e301d1e67439c9530da94b1e64ee3f	7484d7b0dd80f45e18d726b04752827fe28555cc5c1af0e127948380e6688abf
semantic-proposal-v1	SC1-1166a2cb7c3b43f9121c679d6313eaa08250648fc5e614b5d4c40ce170ca9ac9	S016267	1	P01	SYMBOLS.tsv	384649	selection_expression	aarch64	include/uapi/linux/netdev.h	type	anonymous_enum@208	208	PENDING_REVIEW	SOURCE_REVIEWED_VALUE	COMPLETE	vendor/linux/include/uapi/linux/netdev.h;vendor/linux/include/uapi/linux/netdev.h:208;rewrite/configs/aarch64/frozen.config;header_closure=rewrite/metadata/header_closure.tsv;selected=PENDING_REVIEW	425f94c2954b1fe80ebdbf9b29854e89750355df	f24cb1108af94200ee7a600fac46c70a86ad7f5182fa08b8da014df602b81fd2	a67200b9de936585f98f6aed0c4e4f7733d3ba0c36f4496d97e583cb7caf9ac6	0123af9e96b58af4e98b91a2de5608d36b63c67864b9041d3340587f3dbe40d2	cfa8dcf0d81c408de38d4202fe1ce9d9e5e301d1e67439c9530da94b1e64ee3f	7484d7b0dd80f45e18d726b04752827fe28555cc5c1af0e127948380e6688abf
semantic-proposal-v1	SC1-74fda38e50c9e42133b064d16521d4218b5a031e81d2796f8c54eaa630e77906	S016267	1	P01	SYMBOLS.tsv	384649	status	aarch64	include/uapi/linux/netdev.h	type	anonymous_enum@208	208	PENDING_REVIEW	COMPLETE	COMPLETE	vendor/linux/include/uapi/linux/netdev.h;vendor/linux/include/uapi/linux/netdev.h:208;rewrite/configs/aarch64/frozen.config;header_closure=rewrite/metadata/header_closure.tsv;selected=PENDING_REVIEW	425f94c2954b1fe80ebdbf9b29854e89750355df	f24cb1108af94200ee7a600fac46c70a86ad7f5182fa08b8da014df602b81fd2	a67200b9de936585f98f6aed0c4e4f7733d3ba0c36f4496d97e583cb7caf9ac6	0123af9e96b58af4e98b91a2de5608d36b63c67864b9041d3340587f3dbe40d2	cfa8dcf0d81c408de38d4202fe1ce9d9e5e301d1e67439c9530da94b1e64ee3f	7484d7b0dd80f45e18d726b04752827fe28555cc5c1af0e127948380e6688abf
semantic-proposal-v1	SC1-bfa1321a1a865ef16536aab62d44566dad75aebbf6c5baa471df14745cef23aa	S016267	1	P01	SYMBOLS.tsv	384650	selection_expression	aarch64	include/uapi/linux/netdev.h	enum_constant	NETDEV_A_LEASE_IFINDEX	209	PENDING_REVIEW	SOURCE_REVIEWED_VALUE	COMPLETE	vendor/linux/include/uapi/linux/netdev.h;vendor/linux/include/uapi/linux/netdev.h:209;rewrite/configs/aarch64/frozen.config;header_closure=rewrite/metadata/header_closure.tsv;selected=PENDING_REVIEW	425f94c2954b1fe80ebdbf9b29854e89750355df	f24cb1108af94200ee7a600fac46c70a86ad7f5182fa08b8da014df602b81fd2	a67200b9de936585f98f6aed0c4e4f7733d3ba0c36f4496d97e583cb7caf9ac6	0123af9e96b58af4e98b91a2de5608d36b63c67864b9041d3340587f3dbe40d2	cfa8dcf0d81c408de38d4202fe1ce9d9e5e301d1e67439c9530da94b1e64ee3f	7484d7b0dd80f45e18d726b04752827fe28555cc5c1af0e127948380e6688abf
semantic-proposal-v1	SC1-8d0f9095db95075de421986054db3b804ace943d6f466304c80a0514894a78cd	S016267	1	P01	SYMBOLS.tsv	384650	status	aarch64	include/uapi/linux/netdev.h	enum_constant	NETDEV_A_LEASE_IFINDEX	209	PENDING_REVIEW	COMPLETE	COMPLETE	vendor/linux/include/uapi/linux/netdev.h;vendor/linux/include/uapi/linux/netdev.h:209;rewrite/configs/aarch64/frozen.config;header_closure=rewrite/metadata/header_closure.tsv;selected=PENDING_REVIEW	425f94c2954b1fe80ebdbf9b29854e89750355df	f24cb1108af94200ee7a600fac46c70a86ad7f5182fa08b8da014df602b81fd2	a67200b9de936585f98f6aed0c4e4f7733d3ba0c36f4496d97e583cb7caf9ac6	0123af9e96b58af4e98b91a2de5608d36b63c67864b9041d3340587f3dbe40d2	cfa8dcf0d81c408de38d4202fe1ce9d9e5e301d1e67439c9530da94b1e64ee3f	7484d7b0dd80f45e18d726b04752827fe28555cc5c1af0e127948380e6688abf
semantic-proposal-v1	SC1-364424395d1a32b12516e1d768fe79de70f97264aaf2a40b10db0124e464f48f	S016267	1	P01	SYMBOLS.tsv	384651	selection_expression	aarch64	include/uapi/linux/netdev.h	enum_constant	NETDEV_A_LEASE_QUEUE	210	PENDING_REVIEW	SOURCE_REVIEWED_VALUE	COMPLETE	vendor/linux/include/uapi/linux/netdev.h;vendor/linux/include/uapi/linux/netdev.h:210;rewrite/configs/aarch64/frozen.config;header_closure=rewrite/metadata/header_closure.tsv;selected=PENDING_REVIEW	425f94c2954b1fe80ebdbf9b29854e89750355df	f24cb1108af94200ee7a600fac46c70a86ad7f5182fa08b8da014df602b81fd2	a67200b9de936585f98f6aed0c4e4f7733d3ba0c36f4496d97e583cb7caf9ac6	0123af9e96b58af4e98b91a2de5608d36b63c67864b9041d3340587f3dbe40d2	cfa8dcf0d81c408de38d4202fe1ce9d9e5e301d1e67439c9530da94b1e64ee3f	7484d7b0dd80f45e18d726b04752827fe28555cc5c1af0e127948380e6688abf
semantic-proposal-v1	SC1-c2f596f99ba4df9d1446a822fb98ab4cac2c495f16ab27326d20e150604edc92	S016267	1	P01	SYMBOLS.tsv	384651	status	aarch64	include/uapi/linux/netdev.h	enum_constant	NETDEV_A_LEASE_QUEUE	210	PENDING_REVIEW	COMPLETE	COMPLETE	vendor/linux/include/uapi/linux/netdev.h;vendor/linux/include/uapi/linux/netdev.h:210;rewrite/configs/aarch64/frozen.config;header_closure=rewrite/metadata/header_closure.tsv;selected=PENDING_REVIEW	425f94c2954b1fe80ebdbf9b29854e89750355df	f24cb1108af94200ee7a600fac46c70a86ad7f5182fa08b8da014df602b81fd2	a67200b9de936585f98f6aed0c4e4f7733d3ba0c36f4496d97e583cb7caf9ac6	0123af9e96b58af4e98b91a2de5608d36b63c67864b9041d3340587f3dbe40d2	cfa8dcf0d81c408de38d4202fe1ce9d9e5e301d1e67439c9530da94b1e64ee3f	7484d7b0dd80f45e18d726b04752827fe28555cc5c1af0e127948380e6688abf
semantic-proposal-v1	SC1-21ed9802028bcfa0433798259b46a71f3edd4690643713d669f2002154370987	S016267	1	P01	SYMBOLS.tsv	384652	selection_expression	aarch64	include/uapi/linux/netdev.h	enum_constant	NETDEV_A_LEASE_NETNS_ID	211	PENDING_REVIEW	SOURCE_REVIEWED_VALUE	COMPLETE	vendor/linux/include/uapi/linux/netdev.h;vendor/linux/include/uapi/linux/netdev.h:211;rewrite/configs/aarch64/frozen.config;header_closure=rewrite/metadata/header_closure.tsv;selected=PENDING_REVIEW	425f94c2954b1fe80ebdbf9b29854e89750355df	f24cb1108af94200ee7a600fac46c70a86ad7f5182fa08b8da014df602b81fd2	a67200b9de936585f98f6aed0c4e4f7733d3ba0c36f4496d97e583cb7caf9ac6	0123af9e96b58af4e98b91a2de5608d36b63c67864b9041d3340587f3dbe40d2	cfa8dcf0d81c408de38d4202fe1ce9d9e5e301d1e67439c9530da94b1e64ee3f	7484d7b0dd80f45e18d726b04752827fe28555cc5c1af0e127948380e6688abf
semantic-proposal-v1	SC1-5ec37dba2982d481518dede6c635c2a33939436772a53fce9839c61ba9cce644	S016267	1	P01	SYMBOLS.tsv	384652	status	aarch64	include/uapi/linux/netdev.h	enum_constant	NETDEV_A_LEASE_NETNS_ID	211	PENDING_REVIEW	COMPLETE	COMPLETE	vendor/linux/include/uapi/linux/netdev.h;vendor/linux/include/uapi/linux/netdev.h:211;rewrite/configs/aarch64/frozen.config;header_closure=rewrite/metadata/header_closure.tsv;selected=PENDING_REVIEW	425f94c2954b1fe80ebdbf9b29854e89750355df	f24cb1108af94200ee7a600fac46c70a86ad7f5182fa08b8da014df602b81fd2	a67200b9de936585f98f6aed0c4e4f7733d3ba0c36f4496d97e583cb7caf9ac6	0123af9e96b58af4e98b91a2de5608d36b63c67864b9041d3340587f3dbe40d2	cfa8dcf0d81c408de38d4202fe1ce9d9e5e301d1e67439c9530da94b1e64ee3f	7484d7b0dd80f45e18d726b04752827fe28555cc5c1af0e127948380e6688abf
semantic-proposal-v1	SC1-663d69dc85ebf88345619ae572d7e7961abac8a0d1668f805ca38cd46ce2bd5a	S016267	1	P01	SYMBOLS.tsv	384653	selection_expression	aarch64	include/uapi/linux/netdev.h	enum_constant	__NETDEV_A_LEASE_MAX	213	PENDING_REVIEW	SOURCE_REVIEWED_VALUE	COMPLETE	vendor/linux/include/uapi/linux/netdev.h;vendor/linux/include/uapi/linux/netdev.h:213;rewrite/configs/aarch64/frozen.config;header_closure=rewrite/metadata/header_closure.tsv;selected=PENDING_REVIEW	425f94c2954b1fe80ebdbf9b29854e89750355df	f24cb1108af94200ee7a600fac46c70a86ad7f5182fa08b8da014df602b81fd2	a67200b9de936585f98f6aed0c4e4f7733d3ba0c36f4496d97e583cb7caf9ac6	0123af9e96b58af4e98b91a2de5608d36b63c67864b9041d3340587f3dbe40d2	cfa8dcf0d81c408de38d4202fe1ce9d9e5e301d1e67439c9530da94b1e64ee3f	7484d7b0dd80f45e18d726b04752827fe28555cc5c1af0e127948380e6688abf
semantic-proposal-v1	SC1-4b2fa1c393799ade7ee9adbc02b78e944ac97c77f36de238987c8a31b4b54e68	S016267	1	P01	SYMBOLS.tsv	384653	status	aarch64	include/uapi/linux/netdev.h	enum_constant	__NETDEV_A_LEASE_MAX	213	PENDING_REVIEW	COMPLETE	COMPLETE	vendor/linux/include/uapi/linux/netdev.h;vendor/linux/include/uapi/linux/netdev.h:213;rewrite/configs/aarch64/frozen.config;header_closure=rewrite/metadata/header_closure.tsv;selected=PENDING_REVIEW	425f94c2954b1fe80ebdbf9b29854e89750355df	f24cb1108af94200ee7a600fac46c70a86ad7f5182fa08b8da014df602b81fd2	a67200b9de936585f98f6aed0c4e4f7733d3ba0c36f4496d97e583cb7caf9ac6	0123af9e96b58af4e98b91a2de5608d36b63c67864b9041d3340587f3dbe40d2	cfa8dcf0d81c408de38d4202fe1ce9d9e5e301d1e67439c9530da94b1e64ee3f	7484d7b0dd80f45e18d726b04752827fe28555cc5c1af0e127948380e6688abf
semantic-proposal-v1	SC1-6d6b96e367c6feadd69af1cc48024ae0465be1f4aa2afb56ecafc0fce851ac88	S016267	1	P01	SYMBOLS.tsv	384654	selection_expression	aarch64	include/uapi/linux/netdev.h	enum_constant	NETDEV_A_LEASE_MAX	214	PENDING_REVIEW	SOURCE_REVIEWED_VALUE	COMPLETE	vendor/linux/include/uapi/linux/netdev.h;vendor/linux/include/uapi/linux/netdev.h:214;rewrite/configs/aarch64/frozen.config;header_closure=rewrite/metadata/header_closure.tsv;selected=PENDING_REVIEW	425f94c2954b1fe80ebdbf9b29854e89750355df	f24cb1108af94200ee7a600fac46c70a86ad7f5182fa08b8da014df602b81fd2	a67200b9de936585f98f6aed0c4e4f7733d3ba0c36f4496d97e583cb7caf9ac6	0123af9e96b58af4e98b91a2de5608d36b63c67864b9041d3340587f3dbe40d2	cfa8dcf0d81c408de38d4202fe1ce9d9e5e301d1e67439c9530da94b1e64ee3f	7484d7b0dd80f45e18d726b04752827fe28555cc5c1af0e127948380e6688abf
semantic-proposal-v1	SC1-36b928e165dd48c04b14bfb1a99a4dcf8e89d6c98d7c130b09264c9741854ff3	S016267	1	P01	SYMBOLS.tsv	384654	status	aarch64	include/uapi/linux/netdev.h	enum_constant	NETDEV_A_LEASE_MAX	214	PENDING_REVIEW	COMPLETE	COMPLETE	vendor/linux/include/uapi/linux/netdev.h;vendor/linux/include/uapi/linux/netdev.h:214;rewrite/configs/aarch64/frozen.config;header_closure=rewrite/metadata/header_closure.tsv;selected=PENDING_REVIEW	425f94c2954b1fe80ebdbf9b29854e89750355df	f24cb1108af94200ee7a600fac46c70a86ad7f5182fa08b8da014df602b81fd2	a67200b9de936585f98f6aed0c4e4f7733d3ba0c36f4496d97e583cb7caf9ac6	0123af9e96b58af4e98b91a2de5608d36b63c67864b9041d3340587f3dbe40d2	cfa8dcf0d81c408de38d4202fe1ce9d9e5e301d1e67439c9530da94b1e64ee3f	7484d7b0dd80f45e18d726b04752827fe28555cc5c1af0e127948380e6688abf
semantic-proposal-v1	SC1-a1597b1846fe470fc2e22e6f954fa9470f62984d72a6eb52cd3272c410161706	S016267	1	P01	SYMBOLS.tsv	384655	selection_expression	aarch64	include/uapi/linux/netdev.h	type	anonymous_enum@217	217	PENDING_REVIEW	SOURCE_REVIEWED_VALUE	COMPLETE	vendor/linux/include/uapi/linux/netdev.h;vendor/linux/include/uapi/linux/netdev.h:217;rewrite/configs/aarch64/frozen.config;header_closure=rewrite/metadata/header_closure.tsv;selected=PENDING_REVIEW	425f94c2954b1fe80ebdbf9b29854e89750355df	f24cb1108af94200ee7a600fac46c70a86ad7f5182fa08b8da014df602b81fd2	a67200b9de936585f98f6aed0c4e4f7733d3ba0c36f4496d97e583cb7caf9ac6	0123af9e96b58af4e98b91a2de5608d36b63c67864b9041d3340587f3dbe40d2	cfa8dcf0d81c408de38d4202fe1ce9d9e5e301d1e67439c9530da94b1e64ee3f	7484d7b0dd80f45e18d726b04752827fe28555cc5c1af0e127948380e6688abf
semantic-proposal-v1	SC1-894057c5bedd34ee9cfd5f3b5303619911d0938154d50d905b14757483f8b682	S016267	1	P01	SYMBOLS.tsv	384655	status	aarch64	include/uapi/linux/netdev.h	type	anonymous_enum@217	217	PENDING_REVIEW	COMPLETE	COMPLETE	vendor/linux/include/uapi/linux/netdev.h;vendor/linux/include/uapi/linux/netdev.h:217;rewrite/configs/aarch64/frozen.config;header_closure=rewrite/metadata/header_closure.tsv;selected=PENDING_REVIEW	425f94c2954b1fe80ebdbf9b29854e89750355df	f24cb1108af94200ee7a600fac46c70a86ad7f5182fa08b8da014df602b81fd2	a67200b9de936585f98f6aed0c4e4f7733d3ba0c36f4496d97e583cb7caf9ac6	0123af9e96b58af4e98b91a2de5608d36b63c67864b9041d3340587f3dbe40d2	cfa8dcf0d81c408de38d4202fe1ce9d9e5e301d1e67439c9530da94b1e64ee3f	7484d7b0dd80f45e18d726b04752827fe28555cc5c1af0e127948380e6688abf
semantic-proposal-v1	SC1-a346df0fc4f48fa8649ecc274d18cb5a48dff733b181154f29153d45ce391906	S016267	1	P01	SYMBOLS.tsv	384656	selection_expression	aarch64	include/uapi/linux/netdev.h	enum_constant	NETDEV_A_DMABUF_IFINDEX	218	PENDING_REVIEW	SOURCE_REVIEWED_VALUE	COMPLETE	vendor/linux/include/uapi/linux/netdev.h;vendor/linux/include/uapi/linux/netdev.h:218;rewrite/configs/aarch64/frozen.config;header_closure=rewrite/metadata/header_closure.tsv;selected=PENDING_REVIEW	425f94c2954b1fe80ebdbf9b29854e89750355df	f24cb1108af94200ee7a600fac46c70a86ad7f5182fa08b8da014df602b81fd2	a67200b9de936585f98f6aed0c4e4f7733d3ba0c36f4496d97e583cb7caf9ac6	0123af9e96b58af4e98b91a2de5608d36b63c67864b9041d3340587f3dbe40d2	cfa8dcf0d81c408de38d4202fe1ce9d9e5e301d1e67439c9530da94b1e64ee3f	7484d7b0dd80f45e18d726b04752827fe28555cc5c1af0e127948380e6688abf
semantic-proposal-v1	SC1-d14b03268367287eba691afafad7b3447b01a9108efcd782b55b6d72cf6be717	S016267	1	P01	SYMBOLS.tsv	384656	status	aarch64	include/uapi/linux/netdev.h	enum_constant	NETDEV_A_DMABUF_IFINDEX	218	PENDING_REVIEW	COMPLETE	COMPLETE	vendor/linux/include/uapi/linux/netdev.h;vendor/linux/include/uapi/linux/netdev.h:218;rewrite/configs/aarch64/frozen.config;header_closure=rewrite/metadata/header_closure.tsv;selected=PENDING_REVIEW	425f94c2954b1fe80ebdbf9b29854e89750355df	f24cb1108af94200ee7a600fac46c70a86ad7f5182fa08b8da014df602b81fd2	a67200b9de936585f98f6aed0c4e4f7733d3ba0c36f4496d97e583cb7caf9ac6	0123af9e96b58af4e98b91a2de5608d36b63c67864b9041d3340587f3dbe40d2	cfa8dcf0d81c408de38d4202fe1ce9d9e5e301d1e67439c9530da94b1e64ee3f	7484d7b0dd80f45e18d726b04752827fe28555cc5c1af0e127948380e6688abf
semantic-proposal-v1	SC1-1ca94ed1094495bb096a5a5fe366724d65e45d82d7469a87fbb145c485c7f3ec	S016267	1	P01	SYMBOLS.tsv	384657	selection_expression	aarch64	include/uapi/linux/netdev.h	enum_constant	NETDEV_A_DMABUF_QUEUES	219	PENDING_REVIEW	SOURCE_REVIEWED_VALUE	COMPLETE	vendor/linux/include/uapi/linux/netdev.h;vendor/linux/include/uapi/linux/netdev.h:219;rewrite/configs/aarch64/frozen.config;header_closure=rewrite/metadata/header_closure.tsv;selected=PENDING_REVIEW	425f94c2954b1fe80ebdbf9b29854e89750355df	f24cb1108af94200ee7a600fac46c70a86ad7f5182fa08b8da014df602b81fd2	a67200b9de936585f98f6aed0c4e4f7733d3ba0c36f4496d97e583cb7caf9ac6	0123af9e96b58af4e98b91a2de5608d36b63c67864b9041d3340587f3dbe40d2	cfa8dcf0d81c408de38d4202fe1ce9d9e5e301d1e67439c9530da94b1e64ee3f	7484d7b0dd80f45e18d726b04752827fe28555cc5c1af0e127948380e6688abf
semantic-proposal-v1	SC1-e63660ea016e6d89af72a919ce3f29c12c3d41a386355013b963525a219c12fc	S016267	1	P01	SYMBOLS.tsv	384657	status	aarch64	include/uapi/linux/netdev.h	enum_constant	NETDEV_A_DMABUF_QUEUES	219	PENDING_REVIEW	COMPLETE	COMPLETE	vendor/linux/include/uapi/linux/netdev.h;vendor/linux/include/uapi/linux/netdev.h:219;rewrite/configs/aarch64/frozen.config;header_closure=rewrite/metadata/header_closure.tsv;selected=PENDING_REVIEW	425f94c2954b1fe80ebdbf9b29854e89750355df	f24cb1108af94200ee7a600fac46c70a86ad7f5182fa08b8da014df602b81fd2	a67200b9de936585f98f6aed0c4e4f7733d3ba0c36f4496d97e583cb7caf9ac6	0123af9e96b58af4e98b91a2de5608d36b63c67864b9041d3340587f3dbe40d2	cfa8dcf0d81c408de38d4202fe1ce9d9e5e301d1e67439c9530da94b1e64ee3f	7484d7b0dd80f45e18d726b04752827fe28555cc5c1af0e127948380e6688abf
semantic-proposal-v1	SC1-5bb0dc01c95ef14451e91f7f0387813dc89cbead7c9372ad6739b4ea9ade44e6	S016267	1	P01	SYMBOLS.tsv	384658	selection_expression	aarch64	include/uapi/linux/netdev.h	enum_constant	NETDEV_A_DMABUF_FD	220	PENDING_REVIEW	SOURCE_REVIEWED_VALUE	COMPLETE	vendor/linux/include/uapi/linux/netdev.h;vendor/linux/include/uapi/linux/netdev.h:220;rewrite/configs/aarch64/frozen.config;header_closure=rewrite/metadata/header_closure.tsv;selected=PENDING_REVIEW	425f94c2954b1fe80ebdbf9b29854e89750355df	f24cb1108af94200ee7a600fac46c70a86ad7f5182fa08b8da014df602b81fd2	a67200b9de936585f98f6aed0c4e4f7733d3ba0c36f4496d97e583cb7caf9ac6	0123af9e96b58af4e98b91a2de5608d36b63c67864b9041d3340587f3dbe40d2	cfa8dcf0d81c408de38d4202fe1ce9d9e5e301d1e67439c9530da94b1e64ee3f	7484d7b0dd80f45e18d726b04752827fe28555cc5c1af0e127948380e6688abf
semantic-proposal-v1	SC1-bb6128f9d3f9f1ee5a9ec48a19022fb7bde33cac520568aa6660542b4ce66208	S016267	1	P01	SYMBOLS.tsv	384658	status	aarch64	include/uapi/linux/netdev.h	enum_constant	NETDEV_A_DMABUF_FD	220	PENDING_REVIEW	COMPLETE	COMPLETE	vendor/linux/include/uapi/linux/netdev.h;vendor/linux/include/uapi/linux/netdev.h:220;rewrite/configs/aarch64/frozen.config;header_closure=rewrite/metadata/header_closure.tsv;selected=PENDING_REVIEW	425f94c2954b1fe80ebdbf9b29854e89750355df	f24cb1108af94200ee7a600fac46c70a86ad7f5182fa08b8da014df602b81fd2	a67200b9de936585f98f6aed0c4e4f7733d3ba0c36f4496d97e583cb7caf9ac6	0123af9e96b58af4e98b91a2de5608d36b63c67864b9041d3340587f3dbe40d2	cfa8dcf0d81c408de38d4202fe1ce9d9e5e301d1e67439c9530da94b1e64ee3f	7484d7b0dd80f45e18d726b04752827fe28555cc5c1af0e127948380e6688abf
semantic-proposal-v1	SC1-5d6afee5b7f6e1b177a30da9be012031e0acab8e6e70166523dc858dbafc4834	S016267	1	P01	SYMBOLS.tsv	384659	selection_expression	aarch64	include/uapi/linux/netdev.h	enum_constant	NETDEV_A_DMABUF_ID	221	PENDING_REVIEW	SOURCE_REVIEWED_VALUE	COMPLETE	vendor/linux/include/uapi/linux/netdev.h;vendor/linux/include/uapi/linux/netdev.h:221;rewrite/configs/aarch64/frozen.config;header_closure=rewrite/metadata/header_closure.tsv;selected=PENDING_REVIEW	425f94c2954b1fe80ebdbf9b29854e89750355df	f24cb1108af94200ee7a600fac46c70a86ad7f5182fa08b8da014df602b81fd2	a67200b9de936585f98f6aed0c4e4f7733d3ba0c36f4496d97e583cb7caf9ac6	0123af9e96b58af4e98b91a2de5608d36b63c67864b9041d3340587f3dbe40d2	cfa8dcf0d81c408de38d4202fe1ce9d9e5e301d1e67439c9530da94b1e64ee3f	7484d7b0dd80f45e18d726b04752827fe28555cc5c1af0e127948380e6688abf
semantic-proposal-v1	SC1-7fc47d5952437838b4136c98741b5a9657ae05d009436e4a4b84a9ce9be88fe8	S016267	1	P01	SYMBOLS.tsv	384659	status	aarch64	include/uapi/linux/netdev.h	enum_constant	NETDEV_A_DMABUF_ID	221	PENDING_REVIEW	COMPLETE	COMPLETE	vendor/linux/include/uapi/linux/netdev.h;vendor/linux/include/uapi/linux/netdev.h:221;rewrite/configs/aarch64/frozen.config;header_closure=rewrite/metadata/header_closure.tsv;selected=PENDING_REVIEW	425f94c2954b1fe80ebdbf9b29854e89750355df	f24cb1108af94200ee7a600fac46c70a86ad7f5182fa08b8da014df602b81fd2	a67200b9de936585f98f6aed0c4e4f7733d3ba0c36f4496d97e583cb7caf9ac6	0123af9e96b58af4e98b91a2de5608d36b63c67864b9041d3340587f3dbe40d2	cfa8dcf0d81c408de38d4202fe1ce9d9e5e301d1e67439c9530da94b1e64ee3f	7484d7b0dd80f45e18d726b04752827fe28555cc5c1af0e127948380e6688abf
semantic-proposal-v1	SC1-d9c47370655ec9f7eda5000c8773b4b9696b4b5c090a19492188e99bb8198750	S016267	1	P01	SYMBOLS.tsv	384660	selection_expression	aarch64	include/uapi/linux/netdev.h	enum_constant	__NETDEV_A_DMABUF_MAX	223	PENDING_REVIEW	SOURCE_REVIEWED_VALUE	COMPLETE	vendor/linux/include/uapi/linux/netdev.h;vendor/linux/include/uapi/linux/netdev.h:223;rewrite/configs/aarch64/frozen.config;header_closure=rewrite/metadata/header_closure.tsv;selected=PENDING_REVIEW	425f94c2954b1fe80ebdbf9b29854e89750355df	f24cb1108af94200ee7a600fac46c70a86ad7f5182fa08b8da014df602b81fd2	a67200b9de936585f98f6aed0c4e4f7733d3ba0c36f4496d97e583cb7caf9ac6	0123af9e96b58af4e98b91a2de5608d36b63c67864b9041d3340587f3dbe40d2	cfa8dcf0d81c408de38d4202fe1ce9d9e5e301d1e67439c9530da94b1e64ee3f	7484d7b0dd80f45e18d726b04752827fe28555cc5c1af0e127948380e6688abf
semantic-proposal-v1	SC1-b5d51afe7300f39fe3fbb66b34a2ae13365da132a178e578cbe00e1a9cece33d	S016267	1	P01	SYMBOLS.tsv	384660	status	aarch64	include/uapi/linux/netdev.h	enum_constant	__NETDEV_A_DMABUF_MAX	223	PENDING_REVIEW	COMPLETE	COMPLETE	vendor/linux/include/uapi/linux/netdev.h;vendor/linux/include/uapi/linux/netdev.h:223;rewrite/configs/aarch64/frozen.config;header_closure=rewrite/metadata/header_closure.tsv;selected=PENDING_REVIEW	425f94c2954b1fe80ebdbf9b29854e89750355df	f24cb1108af94200ee7a600fac46c70a86ad7f5182fa08b8da014df602b81fd2	a67200b9de936585f98f6aed0c4e4f7733d3ba0c36f4496d97e583cb7caf9ac6	0123af9e96b58af4e98b91a2de5608d36b63c67864b9041d3340587f3dbe40d2	cfa8dcf0d81c408de38d4202fe1ce9d9e5e301d1e67439c9530da94b1e64ee3f	7484d7b0dd80f45e18d726b04752827fe28555cc5c1af0e127948380e6688abf
semantic-proposal-v1	SC1-004f047e20b7afe2b15c6f1cf7b26954bad55fc52b64bb1a50bf650c56889c5c	S016267	1	P01	SYMBOLS.tsv	384661	selection_expression	aarch64	include/uapi/linux/netdev.h	enum_constant	NETDEV_A_DMABUF_MAX	224	PENDING_REVIEW	SOURCE_REVIEWED_VALUE	COMPLETE	vendor/linux/include/uapi/linux/netdev.h;vendor/linux/include/uapi/linux/netdev.h:224;rewrite/configs/aarch64/frozen.config;header_closure=rewrite/metadata/header_closure.tsv;selected=PENDING_REVIEW	425f94c2954b1fe80ebdbf9b29854e89750355df	f24cb1108af94200ee7a600fac46c70a86ad7f5182fa08b8da014df602b81fd2	a67200b9de936585f98f6aed0c4e4f7733d3ba0c36f4496d97e583cb7caf9ac6	0123af9e96b58af4e98b91a2de5608d36b63c67864b9041d3340587f3dbe40d2	cfa8dcf0d81c408de38d4202fe1ce9d9e5e301d1e67439c9530da94b1e64ee3f	7484d7b0dd80f45e18d726b04752827fe28555cc5c1af0e127948380e6688abf
semantic-proposal-v1	SC1-6a2c3e36fa64db5cd893a7837e12632f47a0c6bb11080e9b945b5bb6002e2a6b	S016267	1	P01	SYMBOLS.tsv	384661	status	aarch64	include/uapi/linux/netdev.h	enum_constant	NETDEV_A_DMABUF_MAX	224	PENDING_REVIEW	COMPLETE	COMPLETE	vendor/linux/include/uapi/linux/netdev.h;vendor/linux/include/uapi/linux/netdev.h:224;rewrite/configs/aarch64/frozen.config;header_closure=rewrite/metadata/header_closure.tsv;selected=PENDING_REVIEW	425f94c2954b1fe80ebdbf9b29854e89750355df	f24cb1108af94200ee7a600fac46c70a86ad7f5182fa08b8da014df602b81fd2	a67200b9de936585f98f6aed0c4e4f7733d3ba0c36f4496d97e583cb7caf9ac6	0123af9e96b58af4e98b91a2de5608d36b63c67864b9041d3340587f3dbe40d2	cfa8dcf0d81c408de38d4202fe1ce9d9e5e301d1e67439c9530da94b1e64ee3f	7484d7b0dd80f45e18d726b04752827fe28555cc5c1af0e127948380e6688abf
semantic-proposal-v1	SC1-c5d0545cef722e465339f10610d703a842d133323c28e06df15d136e99af691a	S016267	1	P01	SYMBOLS.tsv	384662	selection_expression	aarch64	include/uapi/linux/netdev.h	type	anonymous_enum@227	227	PENDING_REVIEW	SOURCE_REVIEWED_VALUE	COMPLETE	vendor/linux/include/uapi/linux/netdev.h;vendor/linux/include/uapi/linux/netdev.h:227;rewrite/configs/aarch64/frozen.config;header_closure=rewrite/metadata/header_closure.tsv;selected=PENDING_REVIEW	425f94c2954b1fe80ebdbf9b29854e89750355df	f24cb1108af94200ee7a600fac46c70a86ad7f5182fa08b8da014df602b81fd2	a67200b9de936585f98f6aed0c4e4f7733d3ba0c36f4496d97e583cb7caf9ac6	0123af9e96b58af4e98b91a2de5608d36b63c67864b9041d3340587f3dbe40d2	cfa8dcf0d81c408de38d4202fe1ce9d9e5e301d1e67439c9530da94b1e64ee3f	7484d7b0dd80f45e18d726b04752827fe28555cc5c1af0e127948380e6688abf
semantic-proposal-v1	SC1-13a4e8c9e3dc38db95a73b89cf688f548e08e2bc5fb78e423f817eba48360326	S016267	1	P01	SYMBOLS.tsv	384662	status	aarch64	include/uapi/linux/netdev.h	type	anonymous_enum@227	227	PENDING_REVIEW	COMPLETE	COMPLETE	vendor/linux/include/uapi/linux/netdev.h;vendor/linux/include/uapi/linux/netdev.h:227;rewrite/configs/aarch64/frozen.config;header_closure=rewrite/metadata/header_closure.tsv;selected=PENDING_REVIEW	425f94c2954b1fe80ebdbf9b29854e89750355df	f24cb1108af94200ee7a600fac46c70a86ad7f5182fa08b8da014df602b81fd2	a67200b9de936585f98f6aed0c4e4f7733d3ba0c36f4496d97e583cb7caf9ac6	0123af9e96b58af4e98b91a2de5608d36b63c67864b9041d3340587f3dbe40d2	cfa8dcf0d81c408de38d4202fe1ce9d9e5e301d1e67439c9530da94b1e64ee3f	7484d7b0dd80f45e18d726b04752827fe28555cc5c1af0e127948380e6688abf
semantic-proposal-v1	SC1-3715e5dab1b8e78f9c44f81dc56999f7541e9170b18eda102095d8867a9dd612	S016267	1	P01	SYMBOLS.tsv	384663	selection_expression	aarch64	include/uapi/linux/netdev.h	enum_constant	NETDEV_CMD_DEV_GET	228	PENDING_REVIEW	SOURCE_REVIEWED_VALUE	COMPLETE	vendor/linux/include/uapi/linux/netdev.h;vendor/linux/include/uapi/linux/netdev.h:228;rewrite/configs/aarch64/frozen.config;header_closure=rewrite/metadata/header_closure.tsv;selected=PENDING_REVIEW	425f94c2954b1fe80ebdbf9b29854e89750355df	f24cb1108af94200ee7a600fac46c70a86ad7f5182fa08b8da014df602b81fd2	a67200b9de936585f98f6aed0c4e4f7733d3ba0c36f4496d97e583cb7caf9ac6	0123af9e96b58af4e98b91a2de5608d36b63c67864b9041d3340587f3dbe40d2	cfa8dcf0d81c408de38d4202fe1ce9d9e5e301d1e67439c9530da94b1e64ee3f	7484d7b0dd80f45e18d726b04752827fe28555cc5c1af0e127948380e6688abf
semantic-proposal-v1	SC1-772e2131c4d637eb8a0a04cc6af8f64e7eeed05ebea2c4f7bc8e199b0fdc25a8	S016267	1	P01	SYMBOLS.tsv	384663	status	aarch64	include/uapi/linux/netdev.h	enum_constant	NETDEV_CMD_DEV_GET	228	PENDING_REVIEW	COMPLETE	COMPLETE	vendor/linux/include/uapi/linux/netdev.h;vendor/linux/include/uapi/linux/netdev.h:228;rewrite/configs/aarch64/frozen.config;header_closure=rewrite/metadata/header_closure.tsv;selected=PENDING_REVIEW	425f94c2954b1fe80ebdbf9b29854e89750355df	f24cb1108af94200ee7a600fac46c70a86ad7f5182fa08b8da014df602b81fd2	a67200b9de936585f98f6aed0c4e4f7733d3ba0c36f4496d97e583cb7caf9ac6	0123af9e96b58af4e98b91a2de5608d36b63c67864b9041d3340587f3dbe40d2	cfa8dcf0d81c408de38d4202fe1ce9d9e5e301d1e67439c9530da94b1e64ee3f	7484d7b0dd80f45e18d726b04752827fe28555cc5c1af0e127948380e6688abf
semantic-proposal-v1	SC1-ba6bc31672fdad54609dfc6fdd0353bdc4664526143ff0452869d2fa3861cca2	S016267	1	P01	SYMBOLS.tsv	384664	selection_expression	aarch64	include/uapi/linux/netdev.h	enum_constant	NETDEV_CMD_DEV_ADD_NTF	229	PENDING_REVIEW	SOURCE_REVIEWED_VALUE	COMPLETE	vendor/linux/include/uapi/linux/netdev.h;vendor/linux/include/uapi/linux/netdev.h:229;rewrite/configs/aarch64/frozen.config;header_closure=rewrite/metadata/header_closure.tsv;selected=PENDING_REVIEW	425f94c2954b1fe80ebdbf9b29854e89750355df	f24cb1108af94200ee7a600fac46c70a86ad7f5182fa08b8da014df602b81fd2	a67200b9de936585f98f6aed0c4e4f7733d3ba0c36f4496d97e583cb7caf9ac6	0123af9e96b58af4e98b91a2de5608d36b63c67864b9041d3340587f3dbe40d2	cfa8dcf0d81c408de38d4202fe1ce9d9e5e301d1e67439c9530da94b1e64ee3f	7484d7b0dd80f45e18d726b04752827fe28555cc5c1af0e127948380e6688abf
semantic-proposal-v1	SC1-7ac1da061d3ab722eeb74a5ede58fdf15d418fc2522c4184015c452702e66998	S016267	1	P01	SYMBOLS.tsv	384664	status	aarch64	include/uapi/linux/netdev.h	enum_constant	NETDEV_CMD_DEV_ADD_NTF	229	PENDING_REVIEW	COMPLETE	COMPLETE	vendor/linux/include/uapi/linux/netdev.h;vendor/linux/include/uapi/linux/netdev.h:229;rewrite/configs/aarch64/frozen.config;header_closure=rewrite/metadata/header_closure.tsv;selected=PENDING_REVIEW	425f94c2954b1fe80ebdbf9b29854e89750355df	f24cb1108af94200ee7a600fac46c70a86ad7f5182fa08b8da014df602b81fd2	a67200b9de936585f98f6aed0c4e4f7733d3ba0c36f4496d97e583cb7caf9ac6	0123af9e96b58af4e98b91a2de5608d36b63c67864b9041d3340587f3dbe40d2	cfa8dcf0d81c408de38d4202fe1ce9d9e5e301d1e67439c9530da94b1e64ee3f	7484d7b0dd80f45e18d726b04752827fe28555cc5c1af0e127948380e6688abf
semantic-proposal-v1	SC1-8bf46efc28ed92d33b508df35ed400206ef133d605cc8f39540c576e4cc1bd38	S016267	1	P01	SYMBOLS.tsv	384665	selection_expression	aarch64	include/uapi/linux/netdev.h	enum_constant	NETDEV_CMD_DEV_DEL_NTF	230	PENDING_REVIEW	SOURCE_REVIEWED_VALUE	COMPLETE	vendor/linux/include/uapi/linux/netdev.h;vendor/linux/include/uapi/linux/netdev.h:230;rewrite/configs/aarch64/frozen.config;header_closure=rewrite/metadata/header_closure.tsv;selected=PENDING_REVIEW	425f94c2954b1fe80ebdbf9b29854e89750355df	f24cb1108af94200ee7a600fac46c70a86ad7f5182fa08b8da014df602b81fd2	a67200b9de936585f98f6aed0c4e4f7733d3ba0c36f4496d97e583cb7caf9ac6	0123af9e96b58af4e98b91a2de5608d36b63c67864b9041d3340587f3dbe40d2	cfa8dcf0d81c408de38d4202fe1ce9d9e5e301d1e67439c9530da94b1e64ee3f	7484d7b0dd80f45e18d726b04752827fe28555cc5c1af0e127948380e6688abf
semantic-proposal-v1	SC1-c420e49218bb288e5074b35569285975436603212d862baa3f54364ab3a8ef15	S016267	1	P01	SYMBOLS.tsv	384665	status	aarch64	include/uapi/linux/netdev.h	enum_constant	NETDEV_CMD_DEV_DEL_NTF	230	PENDING_REVIEW	COMPLETE	COMPLETE	vendor/linux/include/uapi/linux/netdev.h;vendor/linux/include/uapi/linux/netdev.h:230;rewrite/configs/aarch64/frozen.config;header_closure=rewrite/metadata/header_closure.tsv;selected=PENDING_REVIEW	425f94c2954b1fe80ebdbf9b29854e89750355df	f24cb1108af94200ee7a600fac46c70a86ad7f5182fa08b8da014df602b81fd2	a67200b9de936585f98f6aed0c4e4f7733d3ba0c36f4496d97e583cb7caf9ac6	0123af9e96b58af4e98b91a2de5608d36b63c67864b9041d3340587f3dbe40d2	cfa8dcf0d81c408de38d4202fe1ce9d9e5e301d1e67439c9530da94b1e64ee3f	7484d7b0dd80f45e18d726b04752827fe28555cc5c1af0e127948380e6688abf
semantic-proposal-v1	SC1-0d6f3f7f009fdc46ddec563858b83b1fc05faa11b313b2b95a03374f1eca0212	S016267	1	P01	SYMBOLS.tsv	384666	selection_expression	aarch64	include/uapi/linux/netdev.h	enum_constant	NETDEV_CMD_DEV_CHANGE_NTF	231	PENDING_REVIEW	SOURCE_REVIEWED_VALUE	COMPLETE	vendor/linux/include/uapi/linux/netdev.h;vendor/linux/include/uapi/linux/netdev.h:231;rewrite/configs/aarch64/frozen.config;header_closure=rewrite/metadata/header_closure.tsv;selected=PENDING_REVIEW	425f94c2954b1fe80ebdbf9b29854e89750355df	f24cb1108af94200ee7a600fac46c70a86ad7f5182fa08b8da014df602b81fd2	a67200b9de936585f98f6aed0c4e4f7733d3ba0c36f4496d97e583cb7caf9ac6	0123af9e96b58af4e98b91a2de5608d36b63c67864b9041d3340587f3dbe40d2	cfa8dcf0d81c408de38d4202fe1ce9d9e5e301d1e67439c9530da94b1e64ee3f	7484d7b0dd80f45e18d726b04752827fe28555cc5c1af0e127948380e6688abf
semantic-proposal-v1	SC1-518a5166dd8d3d6465afb321818db7e7fb1751a214cbf685b4487ec6492db00c	S016267	1	P01	SYMBOLS.tsv	384666	status	aarch64	include/uapi/linux/netdev.h	enum_constant	NETDEV_CMD_DEV_CHANGE_NTF	231	PENDING_REVIEW	COMPLETE	COMPLETE	vendor/linux/include/uapi/linux/netdev.h;vendor/linux/include/uapi/linux/netdev.h:231;rewrite/configs/aarch64/frozen.config;header_closure=rewrite/metadata/header_closure.tsv;selected=PENDING_REVIEW	425f94c2954b1fe80ebdbf9b29854e89750355df	f24cb1108af94200ee7a600fac46c70a86ad7f5182fa08b8da014df602b81fd2	a67200b9de936585f98f6aed0c4e4f7733d3ba0c36f4496d97e583cb7caf9ac6	0123af9e96b58af4e98b91a2de5608d36b63c67864b9041d3340587f3dbe40d2	cfa8dcf0d81c408de38d4202fe1ce9d9e5e301d1e67439c9530da94b1e64ee3f	7484d7b0dd80f45e18d726b04752827fe28555cc5c1af0e127948380e6688abf
semantic-proposal-v1	SC1-0898998331ba9408c0b21d6698979505c1fa2f9fe235ac9af00f1b6b7f065d30	S016267	1	P01	SYMBOLS.tsv	384667	selection_expression	aarch64	include/uapi/linux/netdev.h	enum_constant	NETDEV_CMD_PAGE_POOL_GET	232	PENDING_REVIEW	SOURCE_REVIEWED_VALUE	COMPLETE	vendor/linux/include/uapi/linux/netdev.h;vendor/linux/include/uapi/linux/netdev.h:232;rewrite/configs/aarch64/frozen.config;header_closure=rewrite/metadata/header_closure.tsv;selected=PENDING_REVIEW	425f94c2954b1fe80ebdbf9b29854e89750355df	f24cb1108af94200ee7a600fac46c70a86ad7f5182fa08b8da014df602b81fd2	a67200b9de936585f98f6aed0c4e4f7733d3ba0c36f4496d97e583cb7caf9ac6	0123af9e96b58af4e98b91a2de5608d36b63c67864b9041d3340587f3dbe40d2	cfa8dcf0d81c408de38d4202fe1ce9d9e5e301d1e67439c9530da94b1e64ee3f	7484d7b0dd80f45e18d726b04752827fe28555cc5c1af0e127948380e6688abf
semantic-proposal-v1	SC1-1b897c0b10ebedff67e4932e237de3bc8a6e0d025b72f43ea524dc4e47319a79	S016267	1	P01	SYMBOLS.tsv	384667	status	aarch64	include/uapi/linux/netdev.h	enum_constant	NETDEV_CMD_PAGE_POOL_GET	232	PENDING_REVIEW	COMPLETE	COMPLETE	vendor/linux/include/uapi/linux/netdev.h;vendor/linux/include/uapi/linux/netdev.h:232;rewrite/configs/aarch64/frozen.config;header_closure=rewrite/metadata/header_closure.tsv;selected=PENDING_REVIEW	425f94c2954b1fe80ebdbf9b29854e89750355df	f24cb1108af94200ee7a600fac46c70a86ad7f5182fa08b8da014df602b81fd2	a67200b9de936585f98f6aed0c4e4f7733d3ba0c36f4496d97e583cb7caf9ac6	0123af9e96b58af4e98b91a2de5608d36b63c67864b9041d3340587f3dbe40d2	cfa8dcf0d81c408de38d4202fe1ce9d9e5e301d1e67439c9530da94b1e64ee3f	7484d7b0dd80f45e18d726b04752827fe28555cc5c1af0e127948380e6688abf
semantic-proposal-v1	SC1-66370060c529f7d29f6c9049da8f25cbe534018c82d85a060ec4a5e00ccfa165	S016267	1	P01	SYMBOLS.tsv	384668	selection_expression	aarch64	include/uapi/linux/netdev.h	enum_constant	NETDEV_CMD_PAGE_POOL_ADD_NTF	233	PENDING_REVIEW	SOURCE_REVIEWED_VALUE	COMPLETE	vendor/linux/include/uapi/linux/netdev.h;vendor/linux/include/uapi/linux/netdev.h:233;rewrite/configs/aarch64/frozen.config;header_closure=rewrite/metadata/header_closure.tsv;selected=PENDING_REVIEW	425f94c2954b1fe80ebdbf9b29854e89750355df	f24cb1108af94200ee7a600fac46c70a86ad7f5182fa08b8da014df602b81fd2	a67200b9de936585f98f6aed0c4e4f7733d3ba0c36f4496d97e583cb7caf9ac6	0123af9e96b58af4e98b91a2de5608d36b63c67864b9041d3340587f3dbe40d2	cfa8dcf0d81c408de38d4202fe1ce9d9e5e301d1e67439c9530da94b1e64ee3f	7484d7b0dd80f45e18d726b04752827fe28555cc5c1af0e127948380e6688abf
semantic-proposal-v1	SC1-ce02855c7e32d5c67e07f92370ad37dc7b8df40e3a2e353364d9b1b4dcbe86fb	S016267	1	P01	SYMBOLS.tsv	384668	status	aarch64	include/uapi/linux/netdev.h	enum_constant	NETDEV_CMD_PAGE_POOL_ADD_NTF	233	PENDING_REVIEW	COMPLETE	COMPLETE	vendor/linux/include/uapi/linux/netdev.h;vendor/linux/include/uapi/linux/netdev.h:233;rewrite/configs/aarch64/frozen.config;header_closure=rewrite/metadata/header_closure.tsv;selected=PENDING_REVIEW	425f94c2954b1fe80ebdbf9b29854e89750355df	f24cb1108af94200ee7a600fac46c70a86ad7f5182fa08b8da014df602b81fd2	a67200b9de936585f98f6aed0c4e4f7733d3ba0c36f4496d97e583cb7caf9ac6	0123af9e96b58af4e98b91a2de5608d36b63c67864b9041d3340587f3dbe40d2	cfa8dcf0d81c408de38d4202fe1ce9d9e5e301d1e67439c9530da94b1e64ee3f	7484d7b0dd80f45e18d726b04752827fe28555cc5c1af0e127948380e6688abf
semantic-proposal-v1	SC1-e5afc6c9c01ded974e93d0c935789a8a99c171351567319499ddba41f40bc062	S016267	1	P01	SYMBOLS.tsv	384669	selection_expression	aarch64	include/uapi/linux/netdev.h	enum_constant	NETDEV_CMD_PAGE_POOL_DEL_NTF	234	PENDING_REVIEW	SOURCE_REVIEWED_VALUE	COMPLETE	vendor/linux/include/uapi/linux/netdev.h;vendor/linux/include/uapi/linux/netdev.h:234;rewrite/configs/aarch64/frozen.config;header_closure=rewrite/metadata/header_closure.tsv;selected=PENDING_REVIEW	425f94c2954b1fe80ebdbf9b29854e89750355df	f24cb1108af94200ee7a600fac46c70a86ad7f5182fa08b8da014df602b81fd2	a67200b9de936585f98f6aed0c4e4f7733d3ba0c36f4496d97e583cb7caf9ac6	0123af9e96b58af4e98b91a2de5608d36b63c67864b9041d3340587f3dbe40d2	cfa8dcf0d81c408de38d4202fe1ce9d9e5e301d1e67439c9530da94b1e64ee3f	7484d7b0dd80f45e18d726b04752827fe28555cc5c1af0e127948380e6688abf
semantic-proposal-v1	SC1-49baa729c978f01f6753cb3c43a7c34998a657bac622648cbbb637ec04b686a1	S016267	1	P01	SYMBOLS.tsv	384669	status	aarch64	include/uapi/linux/netdev.h	enum_constant	NETDEV_CMD_PAGE_POOL_DEL_NTF	234	PENDING_REVIEW	COMPLETE	COMPLETE	vendor/linux/include/uapi/linux/netdev.h;vendor/linux/include/uapi/linux/netdev.h:234;rewrite/configs/aarch64/frozen.config;header_closure=rewrite/metadata/header_closure.tsv;selected=PENDING_REVIEW	425f94c2954b1fe80ebdbf9b29854e89750355df	f24cb1108af94200ee7a600fac46c70a86ad7f5182fa08b8da014df602b81fd2	a67200b9de936585f98f6aed0c4e4f7733d3ba0c36f4496d97e583cb7caf9ac6	0123af9e96b58af4e98b91a2de5608d36b63c67864b9041d3340587f3dbe40d2	cfa8dcf0d81c408de38d4202fe1ce9d9e5e301d1e67439c9530da94b1e64ee3f	7484d7b0dd80f45e18d726b04752827fe28555cc5c1af0e127948380e6688abf
semantic-proposal-v1	SC1-3af84c9c4ab891444d98a82604bbf672adcb7f742fa718ccbcda36f727114d33	S016267	1	P01	SYMBOLS.tsv	384670	selection_expression	aarch64	include/uapi/linux/netdev.h	enum_constant	NETDEV_CMD_PAGE_POOL_CHANGE_NTF	235	PENDING_REVIEW	SOURCE_REVIEWED_VALUE	COMPLETE	vendor/linux/include/uapi/linux/netdev.h;vendor/linux/include/uapi/linux/netdev.h:235;rewrite/configs/aarch64/frozen.config;header_closure=rewrite/metadata/header_closure.tsv;selected=PENDING_REVIEW	425f94c2954b1fe80ebdbf9b29854e89750355df	f24cb1108af94200ee7a600fac46c70a86ad7f5182fa08b8da014df602b81fd2	a67200b9de936585f98f6aed0c4e4f7733d3ba0c36f4496d97e583cb7caf9ac6	0123af9e96b58af4e98b91a2de5608d36b63c67864b9041d3340587f3dbe40d2	cfa8dcf0d81c408de38d4202fe1ce9d9e5e301d1e67439c9530da94b1e64ee3f	7484d7b0dd80f45e18d726b04752827fe28555cc5c1af0e127948380e6688abf
semantic-proposal-v1	SC1-682590a29b096e81edd4a6c74d5dd8d49875a1434e76d9603d414fe225b24ff4	S016267	1	P01	SYMBOLS.tsv	384670	status	aarch64	include/uapi/linux/netdev.h	enum_constant	NETDEV_CMD_PAGE_POOL_CHANGE_NTF	235	PENDING_REVIEW	COMPLETE	COMPLETE	vendor/linux/include/uapi/linux/netdev.h;vendor/linux/include/uapi/linux/netdev.h:235;rewrite/configs/aarch64/frozen.config;header_closure=rewrite/metadata/header_closure.tsv;selected=PENDING_REVIEW	425f94c2954b1fe80ebdbf9b29854e89750355df	f24cb1108af94200ee7a600fac46c70a86ad7f5182fa08b8da014df602b81fd2	a67200b9de936585f98f6aed0c4e4f7733d3ba0c36f4496d97e583cb7caf9ac6	0123af9e96b58af4e98b91a2de5608d36b63c67864b9041d3340587f3dbe40d2	cfa8dcf0d81c408de38d4202fe1ce9d9e5e301d1e67439c9530da94b1e64ee3f	7484d7b0dd80f45e18d726b04752827fe28555cc5c1af0e127948380e6688abf
semantic-proposal-v1	SC1-521e6b81a79fa78e494275b48c687204629dd1980dbdd8394ac18069119478b6	S016267	1	P01	SYMBOLS.tsv	384671	selection_expression	aarch64	include/uapi/linux/netdev.h	enum_constant	NETDEV_CMD_PAGE_POOL_STATS_GET	236	PENDING_REVIEW	SOURCE_REVIEWED_VALUE	COMPLETE	vendor/linux/include/uapi/linux/netdev.h;vendor/linux/include/uapi/linux/netdev.h:236;rewrite/configs/aarch64/frozen.config;header_closure=rewrite/metadata/header_closure.tsv;selected=PENDING_REVIEW	425f94c2954b1fe80ebdbf9b29854e89750355df	f24cb1108af94200ee7a600fac46c70a86ad7f5182fa08b8da014df602b81fd2	a67200b9de936585f98f6aed0c4e4f7733d3ba0c36f4496d97e583cb7caf9ac6	0123af9e96b58af4e98b91a2de5608d36b63c67864b9041d3340587f3dbe40d2	cfa8dcf0d81c408de38d4202fe1ce9d9e5e301d1e67439c9530da94b1e64ee3f	7484d7b0dd80f45e18d726b04752827fe28555cc5c1af0e127948380e6688abf
semantic-proposal-v1	SC1-692695426ef2bdfe0fe03acdc6fcdd191742d2d4ed6638d89c371084f4ab0f59	S016267	1	P01	SYMBOLS.tsv	384671	status	aarch64	include/uapi/linux/netdev.h	enum_constant	NETDEV_CMD_PAGE_POOL_STATS_GET	236	PENDING_REVIEW	COMPLETE	COMPLETE	vendor/linux/include/uapi/linux/netdev.h;vendor/linux/include/uapi/linux/netdev.h:236;rewrite/configs/aarch64/frozen.config;header_closure=rewrite/metadata/header_closure.tsv;selected=PENDING_REVIEW	425f94c2954b1fe80ebdbf9b29854e89750355df	f24cb1108af94200ee7a600fac46c70a86ad7f5182fa08b8da014df602b81fd2	a67200b9de936585f98f6aed0c4e4f7733d3ba0c36f4496d97e583cb7caf9ac6	0123af9e96b58af4e98b91a2de5608d36b63c67864b9041d3340587f3dbe40d2	cfa8dcf0d81c408de38d4202fe1ce9d9e5e301d1e67439c9530da94b1e64ee3f	7484d7b0dd80f45e18d726b04752827fe28555cc5c1af0e127948380e6688abf
semantic-proposal-v1	SC1-c6bbff0f7d355781f6c61d19b21172719e0dfb320c5446946456be8623a2b518	S016267	1	P01	SYMBOLS.tsv	384672	selection_expression	aarch64	include/uapi/linux/netdev.h	enum_constant	NETDEV_CMD_QUEUE_GET	237	PENDING_REVIEW	SOURCE_REVIEWED_VALUE	COMPLETE	vendor/linux/include/uapi/linux/netdev.h;vendor/linux/include/uapi/linux/netdev.h:237;rewrite/configs/aarch64/frozen.config;header_closure=rewrite/metadata/header_closure.tsv;selected=PENDING_REVIEW	425f94c2954b1fe80ebdbf9b29854e89750355df	f24cb1108af94200ee7a600fac46c70a86ad7f5182fa08b8da014df602b81fd2	a67200b9de936585f98f6aed0c4e4f7733d3ba0c36f4496d97e583cb7caf9ac6	0123af9e96b58af4e98b91a2de5608d36b63c67864b9041d3340587f3dbe40d2	cfa8dcf0d81c408de38d4202fe1ce9d9e5e301d1e67439c9530da94b1e64ee3f	7484d7b0dd80f45e18d726b04752827fe28555cc5c1af0e127948380e6688abf
semantic-proposal-v1	SC1-b6daa8804fa6198cfc2c5b30e8d82f64c9fc2f1115e296dfea4ceab2e1dba7d2	S016267	1	P01	SYMBOLS.tsv	384672	status	aarch64	include/uapi/linux/netdev.h	enum_constant	NETDEV_CMD_QUEUE_GET	237	PENDING_REVIEW	COMPLETE	COMPLETE	vendor/linux/include/uapi/linux/netdev.h;vendor/linux/include/uapi/linux/netdev.h:237;rewrite/configs/aarch64/frozen.config;header_closure=rewrite/metadata/header_closure.tsv;selected=PENDING_REVIEW	425f94c2954b1fe80ebdbf9b29854e89750355df	f24cb1108af94200ee7a600fac46c70a86ad7f5182fa08b8da014df602b81fd2	a67200b9de936585f98f6aed0c4e4f7733d3ba0c36f4496d97e583cb7caf9ac6	0123af9e96b58af4e98b91a2de5608d36b63c67864b9041d3340587f3dbe40d2	cfa8dcf0d81c408de38d4202fe1ce9d9e5e301d1e67439c9530da94b1e64ee3f	7484d7b0dd80f45e18d726b04752827fe28555cc5c1af0e127948380e6688abf
semantic-proposal-v1	SC1-1a7a9953fe9139026dcef98924764c3efb3008a269d2ce5e388adf0b6f95f800	S016267	1	P01	SYMBOLS.tsv	384673	selection_expression	aarch64	include/uapi/linux/netdev.h	enum_constant	NETDEV_CMD_NAPI_GET	238	PENDING_REVIEW	SOURCE_REVIEWED_VALUE	COMPLETE	vendor/linux/include/uapi/linux/netdev.h;vendor/linux/include/uapi/linux/netdev.h:238;rewrite/configs/aarch64/frozen.config;header_closure=rewrite/metadata/header_closure.tsv;selected=PENDING_REVIEW	425f94c2954b1fe80ebdbf9b29854e89750355df	f24cb1108af94200ee7a600fac46c70a86ad7f5182fa08b8da014df602b81fd2	a67200b9de936585f98f6aed0c4e4f7733d3ba0c36f4496d97e583cb7caf9ac6	0123af9e96b58af4e98b91a2de5608d36b63c67864b9041d3340587f3dbe40d2	cfa8dcf0d81c408de38d4202fe1ce9d9e5e301d1e67439c9530da94b1e64ee3f	7484d7b0dd80f45e18d726b04752827fe28555cc5c1af0e127948380e6688abf
semantic-proposal-v1	SC1-0c861a44fe740fff852e3f6a868d8b9d6e5674b58641023afceac3419d4b1540	S016267	1	P01	SYMBOLS.tsv	384673	status	aarch64	include/uapi/linux/netdev.h	enum_constant	NETDEV_CMD_NAPI_GET	238	PENDING_REVIEW	COMPLETE	COMPLETE	vendor/linux/include/uapi/linux/netdev.h;vendor/linux/include/uapi/linux/netdev.h:238;rewrite/configs/aarch64/frozen.config;header_closure=rewrite/metadata/header_closure.tsv;selected=PENDING_REVIEW	425f94c2954b1fe80ebdbf9b29854e89750355df	f24cb1108af94200ee7a600fac46c70a86ad7f5182fa08b8da014df602b81fd2	a67200b9de936585f98f6aed0c4e4f7733d3ba0c36f4496d97e583cb7caf9ac6	0123af9e96b58af4e98b91a2de5608d36b63c67864b9041d3340587f3dbe40d2	cfa8dcf0d81c408de38d4202fe1ce9d9e5e301d1e67439c9530da94b1e64ee3f	7484d7b0dd80f45e18d726b04752827fe28555cc5c1af0e127948380e6688abf
semantic-proposal-v1	SC1-f469df2803e12418d566260a7f06720277d4d88005dcd82b72a1d432bfeac10d	S016267	1	P01	SYMBOLS.tsv	384674	selection_expression	aarch64	include/uapi/linux/netdev.h	enum_constant	NETDEV_CMD_QSTATS_GET	239	PENDING_REVIEW	SOURCE_REVIEWED_VALUE	COMPLETE	vendor/linux/include/uapi/linux/netdev.h;vendor/linux/include/uapi/linux/netdev.h:239;rewrite/configs/aarch64/frozen.config;header_closure=rewrite/metadata/header_closure.tsv;selected=PENDING_REVIEW	425f94c2954b1fe80ebdbf9b29854e89750355df	f24cb1108af94200ee7a600fac46c70a86ad7f5182fa08b8da014df602b81fd2	a67200b9de936585f98f6aed0c4e4f7733d3ba0c36f4496d97e583cb7caf9ac6	0123af9e96b58af4e98b91a2de5608d36b63c67864b9041d3340587f3dbe40d2	cfa8dcf0d81c408de38d4202fe1ce9d9e5e301d1e67439c9530da94b1e64ee3f	7484d7b0dd80f45e18d726b04752827fe28555cc5c1af0e127948380e6688abf
semantic-proposal-v1	SC1-cf1668621f4477428d7ce0dd7995e2c39778694306368f019acc830303229b0a	S016267	1	P01	SYMBOLS.tsv	384674	status	aarch64	include/uapi/linux/netdev.h	enum_constant	NETDEV_CMD_QSTATS_GET	239	PENDING_REVIEW	COMPLETE	COMPLETE	vendor/linux/include/uapi/linux/netdev.h;vendor/linux/include/uapi/linux/netdev.h:239;rewrite/configs/aarch64/frozen.config;header_closure=rewrite/metadata/header_closure.tsv;selected=PENDING_REVIEW	425f94c2954b1fe80ebdbf9b29854e89750355df	f24cb1108af94200ee7a600fac46c70a86ad7f5182fa08b8da014df602b81fd2	a67200b9de936585f98f6aed0c4e4f7733d3ba0c36f4496d97e583cb7caf9ac6	0123af9e96b58af4e98b91a2de5608d36b63c67864b9041d3340587f3dbe40d2	cfa8dcf0d81c408de38d4202fe1ce9d9e5e301d1e67439c9530da94b1e64ee3f	7484d7b0dd80f45e18d726b04752827fe28555cc5c1af0e127948380e6688abf
semantic-proposal-v1	SC1-e059b0da30edd92ebe736755151f2b668f0245d0875b2aa4f7b4423edf3ffdc7	S016267	1	P01	SYMBOLS.tsv	384675	selection_expression	aarch64	include/uapi/linux/netdev.h	enum_constant	NETDEV_CMD_BIND_RX	240	PENDING_REVIEW	SOURCE_REVIEWED_VALUE	COMPLETE	vendor/linux/include/uapi/linux/netdev.h;vendor/linux/include/uapi/linux/netdev.h:240;rewrite/configs/aarch64/frozen.config;header_closure=rewrite/metadata/header_closure.tsv;selected=PENDING_REVIEW	425f94c2954b1fe80ebdbf9b29854e89750355df	f24cb1108af94200ee7a600fac46c70a86ad7f5182fa08b8da014df602b81fd2	a67200b9de936585f98f6aed0c4e4f7733d3ba0c36f4496d97e583cb7caf9ac6	0123af9e96b58af4e98b91a2de5608d36b63c67864b9041d3340587f3dbe40d2	cfa8dcf0d81c408de38d4202fe1ce9d9e5e301d1e67439c9530da94b1e64ee3f	7484d7b0dd80f45e18d726b04752827fe28555cc5c1af0e127948380e6688abf
semantic-proposal-v1	SC1-f6152ae39e212ffc561cb32a5e785188ddb65343d8a04824dc35d37c2382b576	S016267	1	P01	SYMBOLS.tsv	384675	status	aarch64	include/uapi/linux/netdev.h	enum_constant	NETDEV_CMD_BIND_RX	240	PENDING_REVIEW	COMPLETE	COMPLETE	vendor/linux/include/uapi/linux/netdev.h;vendor/linux/include/uapi/linux/netdev.h:240;rewrite/configs/aarch64/frozen.config;header_closure=rewrite/metadata/header_closure.tsv;selected=PENDING_REVIEW	425f94c2954b1fe80ebdbf9b29854e89750355df	f24cb1108af94200ee7a600fac46c70a86ad7f5182fa08b8da014df602b81fd2	a67200b9de936585f98f6aed0c4e4f7733d3ba0c36f4496d97e583cb7caf9ac6	0123af9e96b58af4e98b91a2de5608d36b63c67864b9041d3340587f3dbe40d2	cfa8dcf0d81c408de38d4202fe1ce9d9e5e301d1e67439c9530da94b1e64ee3f	7484d7b0dd80f45e18d726b04752827fe28555cc5c1af0e127948380e6688abf
semantic-proposal-v1	SC1-cf19adfc4fa171e2e0ddca5f08ef91437308788581c2bbf935b6a0b24824b481	S016267	1	P01	SYMBOLS.tsv	384676	selection_expression	aarch64	include/uapi/linux/netdev.h	enum_constant	NETDEV_CMD_NAPI_SET	241	PENDING_REVIEW	SOURCE_REVIEWED_VALUE	COMPLETE	vendor/linux/include/uapi/linux/netdev.h;vendor/linux/include/uapi/linux/netdev.h:241;rewrite/configs/aarch64/frozen.config;header_closure=rewrite/metadata/header_closure.tsv;selected=PENDING_REVIEW	425f94c2954b1fe80ebdbf9b29854e89750355df	f24cb1108af94200ee7a600fac46c70a86ad7f5182fa08b8da014df602b81fd2	a67200b9de936585f98f6aed0c4e4f7733d3ba0c36f4496d97e583cb7caf9ac6	0123af9e96b58af4e98b91a2de5608d36b63c67864b9041d3340587f3dbe40d2	cfa8dcf0d81c408de38d4202fe1ce9d9e5e301d1e67439c9530da94b1e64ee3f	7484d7b0dd80f45e18d726b04752827fe28555cc5c1af0e127948380e6688abf
semantic-proposal-v1	SC1-93ec44b73818c1f02838b6b873aa1437d9789d18b1ea5dee26b32b68e500b78c	S016267	1	P01	SYMBOLS.tsv	384676	status	aarch64	include/uapi/linux/netdev.h	enum_constant	NETDEV_CMD_NAPI_SET	241	PENDING_REVIEW	COMPLETE	COMPLETE	vendor/linux/include/uapi/linux/netdev.h;vendor/linux/include/uapi/linux/netdev.h:241;rewrite/configs/aarch64/frozen.config;header_closure=rewrite/metadata/header_closure.tsv;selected=PENDING_REVIEW	425f94c2954b1fe80ebdbf9b29854e89750355df	f24cb1108af94200ee7a600fac46c70a86ad7f5182fa08b8da014df602b81fd2	a67200b9de936585f98f6aed0c4e4f7733d3ba0c36f4496d97e583cb7caf9ac6	0123af9e96b58af4e98b91a2de5608d36b63c67864b9041d3340587f3dbe40d2	cfa8dcf0d81c408de38d4202fe1ce9d9e5e301d1e67439c9530da94b1e64ee3f	7484d7b0dd80f45e18d726b04752827fe28555cc5c1af0e127948380e6688abf
semantic-proposal-v1	SC1-d297fb20f426712a1cfef6e31d8815ccb271042e30b2e644475b3e14530f2ef8	S016267	1	P01	SYMBOLS.tsv	384677	selection_expression	aarch64	include/uapi/linux/netdev.h	enum_constant	NETDEV_CMD_BIND_TX	242	PENDING_REVIEW	SOURCE_REVIEWED_VALUE	COMPLETE	vendor/linux/include/uapi/linux/netdev.h;vendor/linux/include/uapi/linux/netdev.h:242;rewrite/configs/aarch64/frozen.config;header_closure=rewrite/metadata/header_closure.tsv;selected=PENDING_REVIEW	425f94c2954b1fe80ebdbf9b29854e89750355df	f24cb1108af94200ee7a600fac46c70a86ad7f5182fa08b8da014df602b81fd2	a67200b9de936585f98f6aed0c4e4f7733d3ba0c36f4496d97e583cb7caf9ac6	0123af9e96b58af4e98b91a2de5608d36b63c67864b9041d3340587f3dbe40d2	cfa8dcf0d81c408de38d4202fe1ce9d9e5e301d1e67439c9530da94b1e64ee3f	7484d7b0dd80f45e18d726b04752827fe28555cc5c1af0e127948380e6688abf
semantic-proposal-v1	SC1-6bd803be0cee14848c431bbaf7821f43a721dd6fd901e3208937273339110f10	S016267	1	P01	SYMBOLS.tsv	384677	status	aarch64	include/uapi/linux/netdev.h	enum_constant	NETDEV_CMD_BIND_TX	242	PENDING_REVIEW	COMPLETE	COMPLETE	vendor/linux/include/uapi/linux/netdev.h;vendor/linux/include/uapi/linux/netdev.h:242;rewrite/configs/aarch64/frozen.config;header_closure=rewrite/metadata/header_closure.tsv;selected=PENDING_REVIEW	425f94c2954b1fe80ebdbf9b29854e89750355df	f24cb1108af94200ee7a600fac46c70a86ad7f5182fa08b8da014df602b81fd2	a67200b9de936585f98f6aed0c4e4f7733d3ba0c36f4496d97e583cb7caf9ac6	0123af9e96b58af4e98b91a2de5608d36b63c67864b9041d3340587f3dbe40d2	cfa8dcf0d81c408de38d4202fe1ce9d9e5e301d1e67439c9530da94b1e64ee3f	7484d7b0dd80f45e18d726b04752827fe28555cc5c1af0e127948380e6688abf
semantic-proposal-v1	SC1-ee101cf98a28252e8c6fb876fbe435fef1243ad8a484a1fd493437359d935053	S016267	1	P01	SYMBOLS.tsv	384678	selection_expression	aarch64	include/uapi/linux/netdev.h	enum_constant	NETDEV_CMD_QUEUE_CREATE	243	PENDING_REVIEW	SOURCE_REVIEWED_VALUE	COMPLETE	vendor/linux/include/uapi/linux/netdev.h;vendor/linux/include/uapi/linux/netdev.h:243;rewrite/configs/aarch64/frozen.config;header_closure=rewrite/metadata/header_closure.tsv;selected=PENDING_REVIEW	425f94c2954b1fe80ebdbf9b29854e89750355df	f24cb1108af94200ee7a600fac46c70a86ad7f5182fa08b8da014df602b81fd2	a67200b9de936585f98f6aed0c4e4f7733d3ba0c36f4496d97e583cb7caf9ac6	0123af9e96b58af4e98b91a2de5608d36b63c67864b9041d3340587f3dbe40d2	cfa8dcf0d81c408de38d4202fe1ce9d9e5e301d1e67439c9530da94b1e64ee3f	7484d7b0dd80f45e18d726b04752827fe28555cc5c1af0e127948380e6688abf
semantic-proposal-v1	SC1-175e33900c40a0b535f8824195dcf9f2473804fdea0d27ee71235800cff14c8d	S016267	1	P01	SYMBOLS.tsv	384678	status	aarch64	include/uapi/linux/netdev.h	enum_constant	NETDEV_CMD_QUEUE_CREATE	243	PENDING_REVIEW	COMPLETE	COMPLETE	vendor/linux/include/uapi/linux/netdev.h;vendor/linux/include/uapi/linux/netdev.h:243;rewrite/configs/aarch64/frozen.config;header_closure=rewrite/metadata/header_closure.tsv;selected=PENDING_REVIEW	425f94c2954b1fe80ebdbf9b29854e89750355df	f24cb1108af94200ee7a600fac46c70a86ad7f5182fa08b8da014df602b81fd2	a67200b9de936585f98f6aed0c4e4f7733d3ba0c36f4496d97e583cb7caf9ac6	0123af9e96b58af4e98b91a2de5608d36b63c67864b9041d3340587f3dbe40d2	cfa8dcf0d81c408de38d4202fe1ce9d9e5e301d1e67439c9530da94b1e64ee3f	7484d7b0dd80f45e18d726b04752827fe28555cc5c1af0e127948380e6688abf
semantic-proposal-v1	SC1-f9a9f848f2f5f7b12e8d2b54997bacfb7d9985e970c05b8aa714d3fb267c4547	S016267	1	P01	SYMBOLS.tsv	384679	selection_expression	aarch64	include/uapi/linux/netdev.h	enum_constant	__NETDEV_CMD_MAX	245	PENDING_REVIEW	SOURCE_REVIEWED_VALUE	COMPLETE	vendor/linux/include/uapi/linux/netdev.h;vendor/linux/include/uapi/linux/netdev.h:245;rewrite/configs/aarch64/frozen.config;header_closure=rewrite/metadata/header_closure.tsv;selected=PENDING_REVIEW	425f94c2954b1fe80ebdbf9b29854e89750355df	f24cb1108af94200ee7a600fac46c70a86ad7f5182fa08b8da014df602b81fd2	a67200b9de936585f98f6aed0c4e4f7733d3ba0c36f4496d97e583cb7caf9ac6	0123af9e96b58af4e98b91a2de5608d36b63c67864b9041d3340587f3dbe40d2	cfa8dcf0d81c408de38d4202fe1ce9d9e5e301d1e67439c9530da94b1e64ee3f	7484d7b0dd80f45e18d726b04752827fe28555cc5c1af0e127948380e6688abf
semantic-proposal-v1	SC1-7bd7a1a4ce29c2364c4ee42872d96d5eddfd8fdb7510db843e2704120a7b1bc7	S016267	1	P01	SYMBOLS.tsv	384679	status	aarch64	include/uapi/linux/netdev.h	enum_constant	__NETDEV_CMD_MAX	245	PENDING_REVIEW	COMPLETE	COMPLETE	vendor/linux/include/uapi/linux/netdev.h;vendor/linux/include/uapi/linux/netdev.h:245;rewrite/configs/aarch64/frozen.config;header_closure=rewrite/metadata/header_closure.tsv;selected=PENDING_REVIEW	425f94c2954b1fe80ebdbf9b29854e89750355df	f24cb1108af94200ee7a600fac46c70a86ad7f5182fa08b8da014df602b81fd2	a67200b9de936585f98f6aed0c4e4f7733d3ba0c36f4496d97e583cb7caf9ac6	0123af9e96b58af4e98b91a2de5608d36b63c67864b9041d3340587f3dbe40d2	cfa8dcf0d81c408de38d4202fe1ce9d9e5e301d1e67439c9530da94b1e64ee3f	7484d7b0dd80f45e18d726b04752827fe28555cc5c1af0e127948380e6688abf
semantic-proposal-v1	SC1-4da673c189636b54cff154f81bdc0e0a8b5654bc3709d2d8e7293ae86b92f3b1	S016267	1	P01	SYMBOLS.tsv	384680	selection_expression	aarch64	include/uapi/linux/netdev.h	enum_constant	NETDEV_CMD_MAX	246	PENDING_REVIEW	SOURCE_REVIEWED_VALUE	COMPLETE	vendor/linux/include/uapi/linux/netdev.h;vendor/linux/include/uapi/linux/netdev.h:246;rewrite/configs/aarch64/frozen.config;header_closure=rewrite/metadata/header_closure.tsv;selected=PENDING_REVIEW	425f94c2954b1fe80ebdbf9b29854e89750355df	f24cb1108af94200ee7a600fac46c70a86ad7f5182fa08b8da014df602b81fd2	a67200b9de936585f98f6aed0c4e4f7733d3ba0c36f4496d97e583cb7caf9ac6	0123af9e96b58af4e98b91a2de5608d36b63c67864b9041d3340587f3dbe40d2	cfa8dcf0d81c408de38d4202fe1ce9d9e5e301d1e67439c9530da94b1e64ee3f	7484d7b0dd80f45e18d726b04752827fe28555cc5c1af0e127948380e6688abf
semantic-proposal-v1	SC1-69f1a7a0871e8d1e77dc91d6f8a9466e732099a88743c37f17f134ffed7fb827	S016267	1	P01	SYMBOLS.tsv	384680	status	aarch64	include/uapi/linux/netdev.h	enum_constant	NETDEV_CMD_MAX	246	PENDING_REVIEW	COMPLETE	COMPLETE	vendor/linux/include/uapi/linux/netdev.h;vendor/linux/include/uapi/linux/netdev.h:246;rewrite/configs/aarch64/frozen.config;header_closure=rewrite/metadata/header_closure.tsv;selected=PENDING_REVIEW	425f94c2954b1fe80ebdbf9b29854e89750355df	f24cb1108af94200ee7a600fac46c70a86ad7f5182fa08b8da014df602b81fd2	a67200b9de936585f98f6aed0c4e4f7733d3ba0c36f4496d97e583cb7caf9ac6	0123af9e96b58af4e98b91a2de5608d36b63c67864b9041d3340587f3dbe40d2	cfa8dcf0d81c408de38d4202fe1ce9d9e5e301d1e67439c9530da94b1e64ee3f	7484d7b0dd80f45e18d726b04752827fe28555cc5c1af0e127948380e6688abf
semantic-proposal-v1	SC1-e01113d8b8e4bdd20141493af1fb81209cb7b3d98d68d63351b4353b2722af7e	S016267	1	P01	SYMBOLS.tsv	384681	status	x86_64	include/uapi/linux/netdev.h	conditional	ifndef@7	7	PENDING_REVIEW	COMPLETE	COMPLETE	vendor/linux/include/uapi/linux/netdev.h;vendor/linux/include/uapi/linux/netdev.h:7;rewrite/configs/x86_64/frozen.config;header_closure=rewrite/metadata/header_closure.tsv;selected=PENDING_REVIEW	425f94c2954b1fe80ebdbf9b29854e89750355df	f24cb1108af94200ee7a600fac46c70a86ad7f5182fa08b8da014df602b81fd2	a67200b9de936585f98f6aed0c4e4f7733d3ba0c36f4496d97e583cb7caf9ac6	0123af9e96b58af4e98b91a2de5608d36b63c67864b9041d3340587f3dbe40d2	cfa8dcf0d81c408de38d4202fe1ce9d9e5e301d1e67439c9530da94b1e64ee3f	7484d7b0dd80f45e18d726b04752827fe28555cc5c1af0e127948380e6688abf
semantic-proposal-v1	SC1-6f74ddc9856edef39f03fad86008ba222122f90f4741c7c1d9d0553be4cc267a	S016267	1	P01	SYMBOLS.tsv	384682	status	x86_64	include/uapi/linux/netdev.h	conditional	endif@252	252	PENDING_REVIEW	COMPLETE	COMPLETE	vendor/linux/include/uapi/linux/netdev.h;vendor/linux/include/uapi/linux/netdev.h:252;rewrite/configs/x86_64/frozen.config;header_closure=rewrite/metadata/header_closure.tsv;selected=PENDING_REVIEW	425f94c2954b1fe80ebdbf9b29854e89750355df	f24cb1108af94200ee7a600fac46c70a86ad7f5182fa08b8da014df602b81fd2	a67200b9de936585f98f6aed0c4e4f7733d3ba0c36f4496d97e583cb7caf9ac6	0123af9e96b58af4e98b91a2de5608d36b63c67864b9041d3340587f3dbe40d2	cfa8dcf0d81c408de38d4202fe1ce9d9e5e301d1e67439c9530da94b1e64ee3f	7484d7b0dd80f45e18d726b04752827fe28555cc5c1af0e127948380e6688abf
semantic-proposal-v1	SC1-9a2423ccf5e2f14e227629fb1c456fada44ba65ea5e9dc0896f18aba0d6ae212	S016267	1	P01	SYMBOLS.tsv	384683	selection_expression	x86_64	include/uapi/linux/netdev.h	operative_macro	_UAPI_LINUX_NETDEV_H	8	PENDING_REVIEW	SOURCE_REVIEWED_VALUE	COMPLETE	vendor/linux/include/uapi/linux/netdev.h;vendor/linux/include/uapi/linux/netdev.h:8;rewrite/configs/x86_64/frozen.config;header_closure=rewrite/metadata/header_closure.tsv;selected=PENDING_REVIEW	425f94c2954b1fe80ebdbf9b29854e89750355df	f24cb1108af94200ee7a600fac46c70a86ad7f5182fa08b8da014df602b81fd2	a67200b9de936585f98f6aed0c4e4f7733d3ba0c36f4496d97e583cb7caf9ac6	0123af9e96b58af4e98b91a2de5608d36b63c67864b9041d3340587f3dbe40d2	cfa8dcf0d81c408de38d4202fe1ce9d9e5e301d1e67439c9530da94b1e64ee3f	7484d7b0dd80f45e18d726b04752827fe28555cc5c1af0e127948380e6688abf
semantic-proposal-v1	SC1-2d2d52da1a37bf7bdddbafa6607991845071365ee8fa2961d6aed18122432966	S016267	1	P01	SYMBOLS.tsv	384683	status	x86_64	include/uapi/linux/netdev.h	operative_macro	_UAPI_LINUX_NETDEV_H	8	PENDING_REVIEW	COMPLETE	COMPLETE	vendor/linux/include/uapi/linux/netdev.h;vendor/linux/include/uapi/linux/netdev.h:8;rewrite/configs/x86_64/frozen.config;header_closure=rewrite/metadata/header_closure.tsv;selected=PENDING_REVIEW	425f94c2954b1fe80ebdbf9b29854e89750355df	f24cb1108af94200ee7a600fac46c70a86ad7f5182fa08b8da014df602b81fd2	a67200b9de936585f98f6aed0c4e4f7733d3ba0c36f4496d97e583cb7caf9ac6	0123af9e96b58af4e98b91a2de5608d36b63c67864b9041d3340587f3dbe40d2	cfa8dcf0d81c408de38d4202fe1ce9d9e5e301d1e67439c9530da94b1e64ee3f	7484d7b0dd80f45e18d726b04752827fe28555cc5c1af0e127948380e6688abf
semantic-proposal-v1	SC1-7582c7ee037cf90768992d806553d15729abea023d4e22178632fce533045dfd	S016267	1	P01	SYMBOLS.tsv	384684	selection_expression	x86_64	include/uapi/linux/netdev.h	operative_macro	NETDEV_FAMILY_NAME	10	PENDING_REVIEW	SOURCE_REVIEWED_VALUE	COMPLETE	vendor/linux/include/uapi/linux/netdev.h;vendor/linux/include/uapi/linux/netdev.h:10;rewrite/configs/x86_64/frozen.config;header_closure=rewrite/metadata/header_closure.tsv;selected=PENDING_REVIEW	425f94c2954b1fe80ebdbf9b29854e89750355df	f24cb1108af94200ee7a600fac46c70a86ad7f5182fa08b8da014df602b81fd2	a67200b9de936585f98f6aed0c4e4f7733d3ba0c36f4496d97e583cb7caf9ac6	0123af9e96b58af4e98b91a2de5608d36b63c67864b9041d3340587f3dbe40d2	cfa8dcf0d81c408de38d4202fe1ce9d9e5e301d1e67439c9530da94b1e64ee3f	7484d7b0dd80f45e18d726b04752827fe28555cc5c1af0e127948380e6688abf
semantic-proposal-v1	SC1-bb1c9781952ec6e87ef224c617c37ad8c9922f7a3e9f4fdec7d0a122d0f96762	S016267	1	P01	SYMBOLS.tsv	384684	status	x86_64	include/uapi/linux/netdev.h	operative_macro	NETDEV_FAMILY_NAME	10	PENDING_REVIEW	COMPLETE	COMPLETE	vendor/linux/include/uapi/linux/netdev.h;vendor/linux/include/uapi/linux/netdev.h:10;rewrite/configs/x86_64/frozen.config;header_closure=rewrite/metadata/header_closure.tsv;selected=PENDING_REVIEW	425f94c2954b1fe80ebdbf9b29854e89750355df	f24cb1108af94200ee7a600fac46c70a86ad7f5182fa08b8da014df602b81fd2	a67200b9de936585f98f6aed0c4e4f7733d3ba0c36f4496d97e583cb7caf9ac6	0123af9e96b58af4e98b91a2de5608d36b63c67864b9041d3340587f3dbe40d2	cfa8dcf0d81c408de38d4202fe1ce9d9e5e301d1e67439c9530da94b1e64ee3f	7484d7b0dd80f45e18d726b04752827fe28555cc5c1af0e127948380e6688abf
semantic-proposal-v1	SC1-fbfa0dfbe5e48c475878c7086ae7623d6ea006d279cb18a54fa5220e30a852f1	S016267	1	P01	SYMBOLS.tsv	384685	selection_expression	x86_64	include/uapi/linux/netdev.h	operative_macro	NETDEV_FAMILY_VERSION	11	PENDING_REVIEW	SOURCE_REVIEWED_VALUE	COMPLETE	vendor/linux/include/uapi/linux/netdev.h;vendor/linux/include/uapi/linux/netdev.h:11;rewrite/configs/x86_64/frozen.config;header_closure=rewrite/metadata/header_closure.tsv;selected=PENDING_REVIEW	425f94c2954b1fe80ebdbf9b29854e89750355df	f24cb1108af94200ee7a600fac46c70a86ad7f5182fa08b8da014df602b81fd2	a67200b9de936585f98f6aed0c4e4f7733d3ba0c36f4496d97e583cb7caf9ac6	0123af9e96b58af4e98b91a2de5608d36b63c67864b9041d3340587f3dbe40d2	cfa8dcf0d81c408de38d4202fe1ce9d9e5e301d1e67439c9530da94b1e64ee3f	7484d7b0dd80f45e18d726b04752827fe28555cc5c1af0e127948380e6688abf
semantic-proposal-v1	SC1-5b2efb58a3984ccd993a32a49a22b49869a18c89d312abbfc97fc6662739e781	S016267	1	P01	SYMBOLS.tsv	384685	status	x86_64	include/uapi/linux/netdev.h	operative_macro	NETDEV_FAMILY_VERSION	11	PENDING_REVIEW	COMPLETE	COMPLETE	vendor/linux/include/uapi/linux/netdev.h;vendor/linux/include/uapi/linux/netdev.h:11;rewrite/configs/x86_64/frozen.config;header_closure=rewrite/metadata/header_closure.tsv;selected=PENDING_REVIEW	425f94c2954b1fe80ebdbf9b29854e89750355df	f24cb1108af94200ee7a600fac46c70a86ad7f5182fa08b8da014df602b81fd2	a67200b9de936585f98f6aed0c4e4f7733d3ba0c36f4496d97e583cb7caf9ac6	0123af9e96b58af4e98b91a2de5608d36b63c67864b9041d3340587f3dbe40d2	cfa8dcf0d81c408de38d4202fe1ce9d9e5e301d1e67439c9530da94b1e64ee3f	7484d7b0dd80f45e18d726b04752827fe28555cc5c1af0e127948380e6688abf
semantic-proposal-v1	SC1-1c250d20e165b164dd7cf9ef6dae8c63f66c69e008f3b5aa29a4243cd7e8913a	S016267	1	P01	SYMBOLS.tsv	384686	selection_expression	x86_64	include/uapi/linux/netdev.h	operative_macro	NETDEV_MCGRP_MGMT	249	PENDING_REVIEW	SOURCE_REVIEWED_VALUE	COMPLETE	vendor/linux/include/uapi/linux/netdev.h;vendor/linux/include/uapi/linux/netdev.h:249;rewrite/configs/x86_64/frozen.config;header_closure=rewrite/metadata/header_closure.tsv;selected=PENDING_REVIEW	425f94c2954b1fe80ebdbf9b29854e89750355df	f24cb1108af94200ee7a600fac46c70a86ad7f5182fa08b8da014df602b81fd2	a67200b9de936585f98f6aed0c4e4f7733d3ba0c36f4496d97e583cb7caf9ac6	0123af9e96b58af4e98b91a2de5608d36b63c67864b9041d3340587f3dbe40d2	cfa8dcf0d81c408de38d4202fe1ce9d9e5e301d1e67439c9530da94b1e64ee3f	7484d7b0dd80f45e18d726b04752827fe28555cc5c1af0e127948380e6688abf
semantic-proposal-v1	SC1-5c1263cc4d7a40da8d52a80f28592ee472289509afd191e5278c3c1daba2eebc	S016267	1	P01	SYMBOLS.tsv	384686	status	x86_64	include/uapi/linux/netdev.h	operative_macro	NETDEV_MCGRP_MGMT	249	PENDING_REVIEW	COMPLETE	COMPLETE	vendor/linux/include/uapi/linux/netdev.h;vendor/linux/include/uapi/linux/netdev.h:249;rewrite/configs/x86_64/frozen.config;header_closure=rewrite/metadata/header_closure.tsv;selected=PENDING_REVIEW	425f94c2954b1fe80ebdbf9b29854e89750355df	f24cb1108af94200ee7a600fac46c70a86ad7f5182fa08b8da014df602b81fd2	a67200b9de936585f98f6aed0c4e4f7733d3ba0c36f4496d97e583cb7caf9ac6	0123af9e96b58af4e98b91a2de5608d36b63c67864b9041d3340587f3dbe40d2	cfa8dcf0d81c408de38d4202fe1ce9d9e5e301d1e67439c9530da94b1e64ee3f	7484d7b0dd80f45e18d726b04752827fe28555cc5c1af0e127948380e6688abf
semantic-proposal-v1	SC1-496721e28a8ebc548130ec415e8a41d3ac9badcda5a0ab48417d56b54246c6ae	S016267	1	P01	SYMBOLS.tsv	384687	selection_expression	x86_64	include/uapi/linux/netdev.h	operative_macro	NETDEV_MCGRP_PAGE_POOL	250	PENDING_REVIEW	SOURCE_REVIEWED_VALUE	COMPLETE	vendor/linux/include/uapi/linux/netdev.h;vendor/linux/include/uapi/linux/netdev.h:250;rewrite/configs/x86_64/frozen.config;header_closure=rewrite/metadata/header_closure.tsv;selected=PENDING_REVIEW	425f94c2954b1fe80ebdbf9b29854e89750355df	f24cb1108af94200ee7a600fac46c70a86ad7f5182fa08b8da014df602b81fd2	a67200b9de936585f98f6aed0c4e4f7733d3ba0c36f4496d97e583cb7caf9ac6	0123af9e96b58af4e98b91a2de5608d36b63c67864b9041d3340587f3dbe40d2	cfa8dcf0d81c408de38d4202fe1ce9d9e5e301d1e67439c9530da94b1e64ee3f	7484d7b0dd80f45e18d726b04752827fe28555cc5c1af0e127948380e6688abf
semantic-proposal-v1	SC1-400fa2b5f8276b08319e8550af73c4a51dd2ceb3fb0e419e87aea0907d67b102	S016267	1	P01	SYMBOLS.tsv	384687	status	x86_64	include/uapi/linux/netdev.h	operative_macro	NETDEV_MCGRP_PAGE_POOL	250	PENDING_REVIEW	COMPLETE	COMPLETE	vendor/linux/include/uapi/linux/netdev.h;vendor/linux/include/uapi/linux/netdev.h:250;rewrite/configs/x86_64/frozen.config;header_closure=rewrite/metadata/header_closure.tsv;selected=PENDING_REVIEW	425f94c2954b1fe80ebdbf9b29854e89750355df	f24cb1108af94200ee7a600fac46c70a86ad7f5182fa08b8da014df602b81fd2	a67200b9de936585f98f6aed0c4e4f7733d3ba0c36f4496d97e583cb7caf9ac6	0123af9e96b58af4e98b91a2de5608d36b63c67864b9041d3340587f3dbe40d2	cfa8dcf0d81c408de38d4202fe1ce9d9e5e301d1e67439c9530da94b1e64ee3f	7484d7b0dd80f45e18d726b04752827fe28555cc5c1af0e127948380e6688abf
semantic-proposal-v1	SC1-315c516e06c649e04a8736ba86fcf77071820ae7962eb218b5e931f11f1003cf	S016267	1	P01	SYMBOLS.tsv	384688	selection_expression	x86_64	include/uapi/linux/netdev.h	type	enum netdev_xdp_act	29	PENDING_REVIEW	SOURCE_REVIEWED_VALUE	COMPLETE	vendor/linux/include/uapi/linux/netdev.h;vendor/linux/include/uapi/linux/netdev.h:29;rewrite/configs/x86_64/frozen.config;header_closure=rewrite/metadata/header_closure.tsv;selected=PENDING_REVIEW	425f94c2954b1fe80ebdbf9b29854e89750355df	f24cb1108af94200ee7a600fac46c70a86ad7f5182fa08b8da014df602b81fd2	a67200b9de936585f98f6aed0c4e4f7733d3ba0c36f4496d97e583cb7caf9ac6	0123af9e96b58af4e98b91a2de5608d36b63c67864b9041d3340587f3dbe40d2	cfa8dcf0d81c408de38d4202fe1ce9d9e5e301d1e67439c9530da94b1e64ee3f	7484d7b0dd80f45e18d726b04752827fe28555cc5c1af0e127948380e6688abf
semantic-proposal-v1	SC1-a05b6c022c4bd749a1b3035eabf3d2d3c8f4d53514b785fcb64c0cf11360022a	S016267	1	P01	SYMBOLS.tsv	384688	status	x86_64	include/uapi/linux/netdev.h	type	enum netdev_xdp_act	29	PENDING_REVIEW	COMPLETE	COMPLETE	vendor/linux/include/uapi/linux/netdev.h;vendor/linux/include/uapi/linux/netdev.h:29;rewrite/configs/x86_64/frozen.config;header_closure=rewrite/metadata/header_closure.tsv;selected=PENDING_REVIEW	425f94c2954b1fe80ebdbf9b29854e89750355df	f24cb1108af94200ee7a600fac46c70a86ad7f5182fa08b8da014df602b81fd2	a67200b9de936585f98f6aed0c4e4f7733d3ba0c36f4496d97e583cb7caf9ac6	0123af9e96b58af4e98b91a2de5608d36b63c67864b9041d3340587f3dbe40d2	cfa8dcf0d81c408de38d4202fe1ce9d9e5e301d1e67439c9530da94b1e64ee3f	7484d7b0dd80f45e18d726b04752827fe28555cc5c1af0e127948380e6688abf
semantic-proposal-v1	SC1-6d10f880a5427e705bc1739d06a3c2c6510f8c362bcb1272d59b858278f9f6be	S016267	1	P01	SYMBOLS.tsv	384689	selection_expression	x86_64	include/uapi/linux/netdev.h	enum_constant	NETDEV_XDP_ACT_BASIC	30	PENDING_REVIEW	SOURCE_REVIEWED_VALUE	COMPLETE	vendor/linux/include/uapi/linux/netdev.h;vendor/linux/include/uapi/linux/netdev.h:30;rewrite/configs/x86_64/frozen.config;header_closure=rewrite/metadata/header_closure.tsv;selected=PENDING_REVIEW	425f94c2954b1fe80ebdbf9b29854e89750355df	f24cb1108af94200ee7a600fac46c70a86ad7f5182fa08b8da014df602b81fd2	a67200b9de936585f98f6aed0c4e4f7733d3ba0c36f4496d97e583cb7caf9ac6	0123af9e96b58af4e98b91a2de5608d36b63c67864b9041d3340587f3dbe40d2	cfa8dcf0d81c408de38d4202fe1ce9d9e5e301d1e67439c9530da94b1e64ee3f	7484d7b0dd80f45e18d726b04752827fe28555cc5c1af0e127948380e6688abf
semantic-proposal-v1	SC1-e0b1c8ee4a587482927b8194724e1a5ca2cc1d1764e6f2c55dfee1d2aaf3fbc1	S016267	1	P01	SYMBOLS.tsv	384689	status	x86_64	include/uapi/linux/netdev.h	enum_constant	NETDEV_XDP_ACT_BASIC	30	PENDING_REVIEW	COMPLETE	COMPLETE	vendor/linux/include/uapi/linux/netdev.h;vendor/linux/include/uapi/linux/netdev.h:30;rewrite/configs/x86_64/frozen.config;header_closure=rewrite/metadata/header_closure.tsv;selected=PENDING_REVIEW	425f94c2954b1fe80ebdbf9b29854e89750355df	f24cb1108af94200ee7a600fac46c70a86ad7f5182fa08b8da014df602b81fd2	a67200b9de936585f98f6aed0c4e4f7733d3ba0c36f4496d97e583cb7caf9ac6	0123af9e96b58af4e98b91a2de5608d36b63c67864b9041d3340587f3dbe40d2	cfa8dcf0d81c408de38d4202fe1ce9d9e5e301d1e67439c9530da94b1e64ee3f	7484d7b0dd80f45e18d726b04752827fe28555cc5c1af0e127948380e6688abf
semantic-proposal-v1	SC1-aeef9df96f0f88c98a51c74bbc39b9b571cf0c0d590b253d15fb79b8a81ea67b	S016267	1	P01	SYMBOLS.tsv	384690	selection_expression	x86_64	include/uapi/linux/netdev.h	enum_constant	NETDEV_XDP_ACT_REDIRECT	31	PENDING_REVIEW	SOURCE_REVIEWED_VALUE	COMPLETE	vendor/linux/include/uapi/linux/netdev.h;vendor/linux/include/uapi/linux/netdev.h:31;rewrite/configs/x86_64/frozen.config;header_closure=rewrite/metadata/header_closure.tsv;selected=PENDING_REVIEW	425f94c2954b1fe80ebdbf9b29854e89750355df	f24cb1108af94200ee7a600fac46c70a86ad7f5182fa08b8da014df602b81fd2	a67200b9de936585f98f6aed0c4e4f7733d3ba0c36f4496d97e583cb7caf9ac6	0123af9e96b58af4e98b91a2de5608d36b63c67864b9041d3340587f3dbe40d2	cfa8dcf0d81c408de38d4202fe1ce9d9e5e301d1e67439c9530da94b1e64ee3f	7484d7b0dd80f45e18d726b04752827fe28555cc5c1af0e127948380e6688abf
semantic-proposal-v1	SC1-8394b71b4fc993f7c5176c44a408f0b64cd1ddf2b3d712bca31b3de36af0a4ae	S016267	1	P01	SYMBOLS.tsv	384690	status	x86_64	include/uapi/linux/netdev.h	enum_constant	NETDEV_XDP_ACT_REDIRECT	31	PENDING_REVIEW	COMPLETE	COMPLETE	vendor/linux/include/uapi/linux/netdev.h;vendor/linux/include/uapi/linux/netdev.h:31;rewrite/configs/x86_64/frozen.config;header_closure=rewrite/metadata/header_closure.tsv;selected=PENDING_REVIEW	425f94c2954b1fe80ebdbf9b29854e89750355df	f24cb1108af94200ee7a600fac46c70a86ad7f5182fa08b8da014df602b81fd2	a67200b9de936585f98f6aed0c4e4f7733d3ba0c36f4496d97e583cb7caf9ac6	0123af9e96b58af4e98b91a2de5608d36b63c67864b9041d3340587f3dbe40d2	cfa8dcf0d81c408de38d4202fe1ce9d9e5e301d1e67439c9530da94b1e64ee3f	7484d7b0dd80f45e18d726b04752827fe28555cc5c1af0e127948380e6688abf
semantic-proposal-v1	SC1-963e325f3de30f04bb02ec329e3fd80d3c408935fbcab6e241daab11fe11850f	S016267	1	P01	SYMBOLS.tsv	384691	selection_expression	x86_64	include/uapi/linux/netdev.h	enum_constant	NETDEV_XDP_ACT_NDO_XMIT	32	PENDING_REVIEW	SOURCE_REVIEWED_VALUE	COMPLETE	vendor/linux/include/uapi/linux/netdev.h;vendor/linux/include/uapi/linux/netdev.h:32;rewrite/configs/x86_64/frozen.config;header_closure=rewrite/metadata/header_closure.tsv;selected=PENDING_REVIEW	425f94c2954b1fe80ebdbf9b29854e89750355df	f24cb1108af94200ee7a600fac46c70a86ad7f5182fa08b8da014df602b81fd2	a67200b9de936585f98f6aed0c4e4f7733d3ba0c36f4496d97e583cb7caf9ac6	0123af9e96b58af4e98b91a2de5608d36b63c67864b9041d3340587f3dbe40d2	cfa8dcf0d81c408de38d4202fe1ce9d9e5e301d1e67439c9530da94b1e64ee3f	7484d7b0dd80f45e18d726b04752827fe28555cc5c1af0e127948380e6688abf
semantic-proposal-v1	SC1-dec373c7447e1e03ad4751c33ccda4f49315ad140d84e572cf3e515112b8c2e4	S016267	1	P01	SYMBOLS.tsv	384691	status	x86_64	include/uapi/linux/netdev.h	enum_constant	NETDEV_XDP_ACT_NDO_XMIT	32	PENDING_REVIEW	COMPLETE	COMPLETE	vendor/linux/include/uapi/linux/netdev.h;vendor/linux/include/uapi/linux/netdev.h:32;rewrite/configs/x86_64/frozen.config;header_closure=rewrite/metadata/header_closure.tsv;selected=PENDING_REVIEW	425f94c2954b1fe80ebdbf9b29854e89750355df	f24cb1108af94200ee7a600fac46c70a86ad7f5182fa08b8da014df602b81fd2	a67200b9de936585f98f6aed0c4e4f7733d3ba0c36f4496d97e583cb7caf9ac6	0123af9e96b58af4e98b91a2de5608d36b63c67864b9041d3340587f3dbe40d2	cfa8dcf0d81c408de38d4202fe1ce9d9e5e301d1e67439c9530da94b1e64ee3f	7484d7b0dd80f45e18d726b04752827fe28555cc5c1af0e127948380e6688abf
semantic-proposal-v1	SC1-acbaf37bb0327133c880edd9587300accdb29a4d12c3e1171c94ad71b57fb300	S016267	1	P01	SYMBOLS.tsv	384692	selection_expression	x86_64	include/uapi/linux/netdev.h	enum_constant	NETDEV_XDP_ACT_XSK_ZEROCOPY	33	PENDING_REVIEW	SOURCE_REVIEWED_VALUE	COMPLETE	vendor/linux/include/uapi/linux/netdev.h;vendor/linux/include/uapi/linux/netdev.h:33;rewrite/configs/x86_64/frozen.config;header_closure=rewrite/metadata/header_closure.tsv;selected=PENDING_REVIEW	425f94c2954b1fe80ebdbf9b29854e89750355df	f24cb1108af94200ee7a600fac46c70a86ad7f5182fa08b8da014df602b81fd2	a67200b9de936585f98f6aed0c4e4f7733d3ba0c36f4496d97e583cb7caf9ac6	0123af9e96b58af4e98b91a2de5608d36b63c67864b9041d3340587f3dbe40d2	cfa8dcf0d81c408de38d4202fe1ce9d9e5e301d1e67439c9530da94b1e64ee3f	7484d7b0dd80f45e18d726b04752827fe28555cc5c1af0e127948380e6688abf
semantic-proposal-v1	SC1-7078453692664f5311a9cba3295fe2c59ddf6311cf6aead04cf4e5de2dae79f5	S016267	1	P01	SYMBOLS.tsv	384692	status	x86_64	include/uapi/linux/netdev.h	enum_constant	NETDEV_XDP_ACT_XSK_ZEROCOPY	33	PENDING_REVIEW	COMPLETE	COMPLETE	vendor/linux/include/uapi/linux/netdev.h;vendor/linux/include/uapi/linux/netdev.h:33;rewrite/configs/x86_64/frozen.config;header_closure=rewrite/metadata/header_closure.tsv;selected=PENDING_REVIEW	425f94c2954b1fe80ebdbf9b29854e89750355df	f24cb1108af94200ee7a600fac46c70a86ad7f5182fa08b8da014df602b81fd2	a67200b9de936585f98f6aed0c4e4f7733d3ba0c36f4496d97e583cb7caf9ac6	0123af9e96b58af4e98b91a2de5608d36b63c67864b9041d3340587f3dbe40d2	cfa8dcf0d81c408de38d4202fe1ce9d9e5e301d1e67439c9530da94b1e64ee3f	7484d7b0dd80f45e18d726b04752827fe28555cc5c1af0e127948380e6688abf
semantic-proposal-v1	SC1-f22d649e6f0b9d059ec85bae36a1fe0a582713868fe8b3bf67aba297ba6d55f1	S016267	1	P01	SYMBOLS.tsv	384693	selection_expression	x86_64	include/uapi/linux/netdev.h	enum_constant	NETDEV_XDP_ACT_HW_OFFLOAD	34	PENDING_REVIEW	SOURCE_REVIEWED_VALUE	COMPLETE	vendor/linux/include/uapi/linux/netdev.h;vendor/linux/include/uapi/linux/netdev.h:34;rewrite/configs/x86_64/frozen.config;header_closure=rewrite/metadata/header_closure.tsv;selected=PENDING_REVIEW	425f94c2954b1fe80ebdbf9b29854e89750355df	f24cb1108af94200ee7a600fac46c70a86ad7f5182fa08b8da014df602b81fd2	a67200b9de936585f98f6aed0c4e4f7733d3ba0c36f4496d97e583cb7caf9ac6	0123af9e96b58af4e98b91a2de5608d36b63c67864b9041d3340587f3dbe40d2	cfa8dcf0d81c408de38d4202fe1ce9d9e5e301d1e67439c9530da94b1e64ee3f	7484d7b0dd80f45e18d726b04752827fe28555cc5c1af0e127948380e6688abf
semantic-proposal-v1	SC1-463c50f9eb2d9051b59c9dc9842d17a9258a58628284eaebf8bc73052ae87f03	S016267	1	P01	SYMBOLS.tsv	384693	status	x86_64	include/uapi/linux/netdev.h	enum_constant	NETDEV_XDP_ACT_HW_OFFLOAD	34	PENDING_REVIEW	COMPLETE	COMPLETE	vendor/linux/include/uapi/linux/netdev.h;vendor/linux/include/uapi/linux/netdev.h:34;rewrite/configs/x86_64/frozen.config;header_closure=rewrite/metadata/header_closure.tsv;selected=PENDING_REVIEW	425f94c2954b1fe80ebdbf9b29854e89750355df	f24cb1108af94200ee7a600fac46c70a86ad7f5182fa08b8da014df602b81fd2	a67200b9de936585f98f6aed0c4e4f7733d3ba0c36f4496d97e583cb7caf9ac6	0123af9e96b58af4e98b91a2de5608d36b63c67864b9041d3340587f3dbe40d2	cfa8dcf0d81c408de38d4202fe1ce9d9e5e301d1e67439c9530da94b1e64ee3f	7484d7b0dd80f45e18d726b04752827fe28555cc5c1af0e127948380e6688abf
semantic-proposal-v1	SC1-80722147941f6b590b6a9f046adba48edb9c775c0130ee01542383208099c306	S016267	1	P01	SYMBOLS.tsv	384694	selection_expression	x86_64	include/uapi/linux/netdev.h	enum_constant	NETDEV_XDP_ACT_RX_SG	35	PENDING_REVIEW	SOURCE_REVIEWED_VALUE	COMPLETE	vendor/linux/include/uapi/linux/netdev.h;vendor/linux/include/uapi/linux/netdev.h:35;rewrite/configs/x86_64/frozen.config;header_closure=rewrite/metadata/header_closure.tsv;selected=PENDING_REVIEW	425f94c2954b1fe80ebdbf9b29854e89750355df	f24cb1108af94200ee7a600fac46c70a86ad7f5182fa08b8da014df602b81fd2	a67200b9de936585f98f6aed0c4e4f7733d3ba0c36f4496d97e583cb7caf9ac6	0123af9e96b58af4e98b91a2de5608d36b63c67864b9041d3340587f3dbe40d2	cfa8dcf0d81c408de38d4202fe1ce9d9e5e301d1e67439c9530da94b1e64ee3f	7484d7b0dd80f45e18d726b04752827fe28555cc5c1af0e127948380e6688abf
semantic-proposal-v1	SC1-29c9baf5b445fb2ccd938626c2c8c380d284131eddfdc754610d95358feb3965	S016267	1	P01	SYMBOLS.tsv	384694	status	x86_64	include/uapi/linux/netdev.h	enum_constant	NETDEV_XDP_ACT_RX_SG	35	PENDING_REVIEW	COMPLETE	COMPLETE	vendor/linux/include/uapi/linux/netdev.h;vendor/linux/include/uapi/linux/netdev.h:35;rewrite/configs/x86_64/frozen.config;header_closure=rewrite/metadata/header_closure.tsv;selected=PENDING_REVIEW	425f94c2954b1fe80ebdbf9b29854e89750355df	f24cb1108af94200ee7a600fac46c70a86ad7f5182fa08b8da014df602b81fd2	a67200b9de936585f98f6aed0c4e4f7733d3ba0c36f4496d97e583cb7caf9ac6	0123af9e96b58af4e98b91a2de5608d36b63c67864b9041d3340587f3dbe40d2	cfa8dcf0d81c408de38d4202fe1ce9d9e5e301d1e67439c9530da94b1e64ee3f	7484d7b0dd80f45e18d726b04752827fe28555cc5c1af0e127948380e6688abf
semantic-proposal-v1	SC1-07bc029b8ab0d692d0034f753f28b65bd65222dd059c9297800c25f34f22ebb7	S016267	1	P01	SYMBOLS.tsv	384695	selection_expression	x86_64	include/uapi/linux/netdev.h	enum_constant	NETDEV_XDP_ACT_NDO_XMIT_SG	36	PENDING_REVIEW	SOURCE_REVIEWED_VALUE	COMPLETE	vendor/linux/include/uapi/linux/netdev.h;vendor/linux/include/uapi/linux/netdev.h:36;rewrite/configs/x86_64/frozen.config;header_closure=rewrite/metadata/header_closure.tsv;selected=PENDING_REVIEW	425f94c2954b1fe80ebdbf9b29854e89750355df	f24cb1108af94200ee7a600fac46c70a86ad7f5182fa08b8da014df602b81fd2	a67200b9de936585f98f6aed0c4e4f7733d3ba0c36f4496d97e583cb7caf9ac6	0123af9e96b58af4e98b91a2de5608d36b63c67864b9041d3340587f3dbe40d2	cfa8dcf0d81c408de38d4202fe1ce9d9e5e301d1e67439c9530da94b1e64ee3f	7484d7b0dd80f45e18d726b04752827fe28555cc5c1af0e127948380e6688abf
semantic-proposal-v1	SC1-cf279694fd9c00f4b8510ccb961840b6f3d65ca6e1f05d901bb16a0053398e75	S016267	1	P01	SYMBOLS.tsv	384695	status	x86_64	include/uapi/linux/netdev.h	enum_constant	NETDEV_XDP_ACT_NDO_XMIT_SG	36	PENDING_REVIEW	COMPLETE	COMPLETE	vendor/linux/include/uapi/linux/netdev.h;vendor/linux/include/uapi/linux/netdev.h:36;rewrite/configs/x86_64/frozen.config;header_closure=rewrite/metadata/header_closure.tsv;selected=PENDING_REVIEW	425f94c2954b1fe80ebdbf9b29854e89750355df	f24cb1108af94200ee7a600fac46c70a86ad7f5182fa08b8da014df602b81fd2	a67200b9de936585f98f6aed0c4e4f7733d3ba0c36f4496d97e583cb7caf9ac6	0123af9e96b58af4e98b91a2de5608d36b63c67864b9041d3340587f3dbe40d2	cfa8dcf0d81c408de38d4202fe1ce9d9e5e301d1e67439c9530da94b1e64ee3f	7484d7b0dd80f45e18d726b04752827fe28555cc5c1af0e127948380e6688abf
semantic-proposal-v1	SC1-cd9f4972956ebc09357b8dc3b36e80f0917434d744eeff23f2a5ad2130ecc543	S016267	1	P01	SYMBOLS.tsv	384696	selection_expression	x86_64	include/uapi/linux/netdev.h	enum_constant	NETDEV_XDP_ACT_MASK	39	PENDING_REVIEW	SOURCE_REVIEWED_VALUE	COMPLETE	vendor/linux/include/uapi/linux/netdev.h;vendor/linux/include/uapi/linux/netdev.h:39;rewrite/configs/x86_64/frozen.config;header_closure=rewrite/metadata/header_closure.tsv;selected=PENDING_REVIEW	425f94c2954b1fe80ebdbf9b29854e89750355df	f24cb1108af94200ee7a600fac46c70a86ad7f5182fa08b8da014df602b81fd2	a67200b9de936585f98f6aed0c4e4f7733d3ba0c36f4496d97e583cb7caf9ac6	0123af9e96b58af4e98b91a2de5608d36b63c67864b9041d3340587f3dbe40d2	cfa8dcf0d81c408de38d4202fe1ce9d9e5e301d1e67439c9530da94b1e64ee3f	7484d7b0dd80f45e18d726b04752827fe28555cc5c1af0e127948380e6688abf
semantic-proposal-v1	SC1-e3a3d188c42d021d29757c5eb00df1c1d5834a5547976d02f542416f461343c1	S016267	1	P01	SYMBOLS.tsv	384696	status	x86_64	include/uapi/linux/netdev.h	enum_constant	NETDEV_XDP_ACT_MASK	39	PENDING_REVIEW	COMPLETE	COMPLETE	vendor/linux/include/uapi/linux/netdev.h;vendor/linux/include/uapi/linux/netdev.h:39;rewrite/configs/x86_64/frozen.config;header_closure=rewrite/metadata/header_closure.tsv;selected=PENDING_REVIEW	425f94c2954b1fe80ebdbf9b29854e89750355df	f24cb1108af94200ee7a600fac46c70a86ad7f5182fa08b8da014df602b81fd2	a67200b9de936585f98f6aed0c4e4f7733d3ba0c36f4496d97e583cb7caf9ac6	0123af9e96b58af4e98b91a2de5608d36b63c67864b9041d3340587f3dbe40d2	cfa8dcf0d81c408de38d4202fe1ce9d9e5e301d1e67439c9530da94b1e64ee3f	7484d7b0dd80f45e18d726b04752827fe28555cc5c1af0e127948380e6688abf
semantic-proposal-v1	SC1-6f4a6769093c53c3ff96377d4563bb7cfbaa4cd1df9f9f6b84ccdcb338f1e46a	S016267	1	P01	SYMBOLS.tsv	384697	selection_expression	x86_64	include/uapi/linux/netdev.h	type	enum netdev_xdp_rx_metadata	51	PENDING_REVIEW	SOURCE_REVIEWED_VALUE	COMPLETE	vendor/linux/include/uapi/linux/netdev.h;vendor/linux/include/uapi/linux/netdev.h:51;rewrite/configs/x86_64/frozen.config;header_closure=rewrite/metadata/header_closure.tsv;selected=PENDING_REVIEW	425f94c2954b1fe80ebdbf9b29854e89750355df	f24cb1108af94200ee7a600fac46c70a86ad7f5182fa08b8da014df602b81fd2	a67200b9de936585f98f6aed0c4e4f7733d3ba0c36f4496d97e583cb7caf9ac6	0123af9e96b58af4e98b91a2de5608d36b63c67864b9041d3340587f3dbe40d2	cfa8dcf0d81c408de38d4202fe1ce9d9e5e301d1e67439c9530da94b1e64ee3f	7484d7b0dd80f45e18d726b04752827fe28555cc5c1af0e127948380e6688abf
semantic-proposal-v1	SC1-4600402e034526ab52d3781d4082ad21f232fde86caf81a28cc78356705d3bec	S016267	1	P01	SYMBOLS.tsv	384697	status	x86_64	include/uapi/linux/netdev.h	type	enum netdev_xdp_rx_metadata	51	PENDING_REVIEW	COMPLETE	COMPLETE	vendor/linux/include/uapi/linux/netdev.h;vendor/linux/include/uapi/linux/netdev.h:51;rewrite/configs/x86_64/frozen.config;header_closure=rewrite/metadata/header_closure.tsv;selected=PENDING_REVIEW	425f94c2954b1fe80ebdbf9b29854e89750355df	f24cb1108af94200ee7a600fac46c70a86ad7f5182fa08b8da014df602b81fd2	a67200b9de936585f98f6aed0c4e4f7733d3ba0c36f4496d97e583cb7caf9ac6	0123af9e96b58af4e98b91a2de5608d36b63c67864b9041d3340587f3dbe40d2	cfa8dcf0d81c408de38d4202fe1ce9d9e5e301d1e67439c9530da94b1e64ee3f	7484d7b0dd80f45e18d726b04752827fe28555cc5c1af0e127948380e6688abf
semantic-proposal-v1	SC1-649f91704f259c0e6d47a45d931de2e613ea7dea7ec2c60657b4bb1db871fef3	S016267	1	P01	SYMBOLS.tsv	384698	selection_expression	x86_64	include/uapi/linux/netdev.h	enum_constant	NETDEV_XDP_RX_METADATA_TIMESTAMP	52	PENDING_REVIEW	SOURCE_REVIEWED_VALUE	COMPLETE	vendor/linux/include/uapi/linux/netdev.h;vendor/linux/include/uapi/linux/netdev.h:52;rewrite/configs/x86_64/frozen.config;header_closure=rewrite/metadata/header_closure.tsv;selected=PENDING_REVIEW	425f94c2954b1fe80ebdbf9b29854e89750355df	f24cb1108af94200ee7a600fac46c70a86ad7f5182fa08b8da014df602b81fd2	a67200b9de936585f98f6aed0c4e4f7733d3ba0c36f4496d97e583cb7caf9ac6	0123af9e96b58af4e98b91a2de5608d36b63c67864b9041d3340587f3dbe40d2	cfa8dcf0d81c408de38d4202fe1ce9d9e5e301d1e67439c9530da94b1e64ee3f	7484d7b0dd80f45e18d726b04752827fe28555cc5c1af0e127948380e6688abf
semantic-proposal-v1	SC1-59a1092fc7f253d052637bb0823e0d486a1257f77c72009bc9e92764e8ca300c	S016267	1	P01	SYMBOLS.tsv	384698	status	x86_64	include/uapi/linux/netdev.h	enum_constant	NETDEV_XDP_RX_METADATA_TIMESTAMP	52	PENDING_REVIEW	COMPLETE	COMPLETE	vendor/linux/include/uapi/linux/netdev.h;vendor/linux/include/uapi/linux/netdev.h:52;rewrite/configs/x86_64/frozen.config;header_closure=rewrite/metadata/header_closure.tsv;selected=PENDING_REVIEW	425f94c2954b1fe80ebdbf9b29854e89750355df	f24cb1108af94200ee7a600fac46c70a86ad7f5182fa08b8da014df602b81fd2	a67200b9de936585f98f6aed0c4e4f7733d3ba0c36f4496d97e583cb7caf9ac6	0123af9e96b58af4e98b91a2de5608d36b63c67864b9041d3340587f3dbe40d2	cfa8dcf0d81c408de38d4202fe1ce9d9e5e301d1e67439c9530da94b1e64ee3f	7484d7b0dd80f45e18d726b04752827fe28555cc5c1af0e127948380e6688abf
semantic-proposal-v1	SC1-68110b25306eea2b4896fd60bd4811782475a61ec0ca6500db6664137ad0e122	S016267	1	P01	SYMBOLS.tsv	384699	selection_expression	x86_64	include/uapi/linux/netdev.h	enum_constant	NETDEV_XDP_RX_METADATA_HASH	53	PENDING_REVIEW	SOURCE_REVIEWED_VALUE	COMPLETE	vendor/linux/include/uapi/linux/netdev.h;vendor/linux/include/uapi/linux/netdev.h:53;rewrite/configs/x86_64/frozen.config;header_closure=rewrite/metadata/header_closure.tsv;selected=PENDING_REVIEW	425f94c2954b1fe80ebdbf9b29854e89750355df	f24cb1108af94200ee7a600fac46c70a86ad7f5182fa08b8da014df602b81fd2	a67200b9de936585f98f6aed0c4e4f7733d3ba0c36f4496d97e583cb7caf9ac6	0123af9e96b58af4e98b91a2de5608d36b63c67864b9041d3340587f3dbe40d2	cfa8dcf0d81c408de38d4202fe1ce9d9e5e301d1e67439c9530da94b1e64ee3f	7484d7b0dd80f45e18d726b04752827fe28555cc5c1af0e127948380e6688abf
semantic-proposal-v1	SC1-788eef45be7b3b75cffbcbd947a4a29f56215a6d846b1d5dfa0026992c37e388	S016267	1	P01	SYMBOLS.tsv	384699	status	x86_64	include/uapi/linux/netdev.h	enum_constant	NETDEV_XDP_RX_METADATA_HASH	53	PENDING_REVIEW	COMPLETE	COMPLETE	vendor/linux/include/uapi/linux/netdev.h;vendor/linux/include/uapi/linux/netdev.h:53;rewrite/configs/x86_64/frozen.config;header_closure=rewrite/metadata/header_closure.tsv;selected=PENDING_REVIEW	425f94c2954b1fe80ebdbf9b29854e89750355df	f24cb1108af94200ee7a600fac46c70a86ad7f5182fa08b8da014df602b81fd2	a67200b9de936585f98f6aed0c4e4f7733d3ba0c36f4496d97e583cb7caf9ac6	0123af9e96b58af4e98b91a2de5608d36b63c67864b9041d3340587f3dbe40d2	cfa8dcf0d81c408de38d4202fe1ce9d9e5e301d1e67439c9530da94b1e64ee3f	7484d7b0dd80f45e18d726b04752827fe28555cc5c1af0e127948380e6688abf
semantic-proposal-v1	SC1-280ce1c3e8bc3b35d793d6166b847fedaf4efeef31c05957f06f0590383710e0	S016267	1	P01	SYMBOLS.tsv	384700	selection_expression	x86_64	include/uapi/linux/netdev.h	enum_constant	NETDEV_XDP_RX_METADATA_VLAN_TAG	54	PENDING_REVIEW	SOURCE_REVIEWED_VALUE	COMPLETE	vendor/linux/include/uapi/linux/netdev.h;vendor/linux/include/uapi/linux/netdev.h:54;rewrite/configs/x86_64/frozen.config;header_closure=rewrite/metadata/header_closure.tsv;selected=PENDING_REVIEW	425f94c2954b1fe80ebdbf9b29854e89750355df	f24cb1108af94200ee7a600fac46c70a86ad7f5182fa08b8da014df602b81fd2	a67200b9de936585f98f6aed0c4e4f7733d3ba0c36f4496d97e583cb7caf9ac6	0123af9e96b58af4e98b91a2de5608d36b63c67864b9041d3340587f3dbe40d2	cfa8dcf0d81c408de38d4202fe1ce9d9e5e301d1e67439c9530da94b1e64ee3f	7484d7b0dd80f45e18d726b04752827fe28555cc5c1af0e127948380e6688abf
semantic-proposal-v1	SC1-4a8b9196faf4d872fe9233b8eff69382ec8a7978768d5018a77bfcdf92785d10	S016267	1	P01	SYMBOLS.tsv	384700	status	x86_64	include/uapi/linux/netdev.h	enum_constant	NETDEV_XDP_RX_METADATA_VLAN_TAG	54	PENDING_REVIEW	COMPLETE	COMPLETE	vendor/linux/include/uapi/linux/netdev.h;vendor/linux/include/uapi/linux/netdev.h:54;rewrite/configs/x86_64/frozen.config;header_closure=rewrite/metadata/header_closure.tsv;selected=PENDING_REVIEW	425f94c2954b1fe80ebdbf9b29854e89750355df	f24cb1108af94200ee7a600fac46c70a86ad7f5182fa08b8da014df602b81fd2	a67200b9de936585f98f6aed0c4e4f7733d3ba0c36f4496d97e583cb7caf9ac6	0123af9e96b58af4e98b91a2de5608d36b63c67864b9041d3340587f3dbe40d2	cfa8dcf0d81c408de38d4202fe1ce9d9e5e301d1e67439c9530da94b1e64ee3f	7484d7b0dd80f45e18d726b04752827fe28555cc5c1af0e127948380e6688abf
semantic-proposal-v1	SC1-4ce074daa287fd173c4ea4c495498c17d164a95c20a6bc05d3a4d20728b1dd05	S016267	1	P01	SYMBOLS.tsv	384701	selection_expression	x86_64	include/uapi/linux/netdev.h	type	enum netdev_xsk_flags	66	PENDING_REVIEW	SOURCE_REVIEWED_VALUE	COMPLETE	vendor/linux/include/uapi/linux/netdev.h;vendor/linux/include/uapi/linux/netdev.h:66;rewrite/configs/x86_64/frozen.config;header_closure=rewrite/metadata/header_closure.tsv;selected=PENDING_REVIEW	425f94c2954b1fe80ebdbf9b29854e89750355df	f24cb1108af94200ee7a600fac46c70a86ad7f5182fa08b8da014df602b81fd2	a67200b9de936585f98f6aed0c4e4f7733d3ba0c36f4496d97e583cb7caf9ac6	0123af9e96b58af4e98b91a2de5608d36b63c67864b9041d3340587f3dbe40d2	cfa8dcf0d81c408de38d4202fe1ce9d9e5e301d1e67439c9530da94b1e64ee3f	7484d7b0dd80f45e18d726b04752827fe28555cc5c1af0e127948380e6688abf
semantic-proposal-v1	SC1-06dd8371e75668fdec57defa81ce7fd0189ae2b975857b2af65e9518df840fb5	S016267	1	P01	SYMBOLS.tsv	384701	status	x86_64	include/uapi/linux/netdev.h	type	enum netdev_xsk_flags	66	PENDING_REVIEW	COMPLETE	COMPLETE	vendor/linux/include/uapi/linux/netdev.h;vendor/linux/include/uapi/linux/netdev.h:66;rewrite/configs/x86_64/frozen.config;header_closure=rewrite/metadata/header_closure.tsv;selected=PENDING_REVIEW	425f94c2954b1fe80ebdbf9b29854e89750355df	f24cb1108af94200ee7a600fac46c70a86ad7f5182fa08b8da014df602b81fd2	a67200b9de936585f98f6aed0c4e4f7733d3ba0c36f4496d97e583cb7caf9ac6	0123af9e96b58af4e98b91a2de5608d36b63c67864b9041d3340587f3dbe40d2	cfa8dcf0d81c408de38d4202fe1ce9d9e5e301d1e67439c9530da94b1e64ee3f	7484d7b0dd80f45e18d726b04752827fe28555cc5c1af0e127948380e6688abf
semantic-proposal-v1	SC1-d32d0b61bf05ecd3f7639e48db37eea0682e89402f7f79b2177f24418c7a0645	S016267	1	P01	SYMBOLS.tsv	384702	selection_expression	x86_64	include/uapi/linux/netdev.h	enum_constant	NETDEV_XSK_FLAGS_TX_TIMESTAMP	67	PENDING_REVIEW	SOURCE_REVIEWED_VALUE	COMPLETE	vendor/linux/include/uapi/linux/netdev.h;vendor/linux/include/uapi/linux/netdev.h:67;rewrite/configs/x86_64/frozen.config;header_closure=rewrite/metadata/header_closure.tsv;selected=PENDING_REVIEW	425f94c2954b1fe80ebdbf9b29854e89750355df	f24cb1108af94200ee7a600fac46c70a86ad7f5182fa08b8da014df602b81fd2	a67200b9de936585f98f6aed0c4e4f7733d3ba0c36f4496d97e583cb7caf9ac6	0123af9e96b58af4e98b91a2de5608d36b63c67864b9041d3340587f3dbe40d2	cfa8dcf0d81c408de38d4202fe1ce9d9e5e301d1e67439c9530da94b1e64ee3f	7484d7b0dd80f45e18d726b04752827fe28555cc5c1af0e127948380e6688abf
semantic-proposal-v1	SC1-4347e84ec51c47e651f93a61aa59a58fab3afbdec6836aee31d8d8f674f4115c	S016267	1	P01	SYMBOLS.tsv	384702	status	x86_64	include/uapi/linux/netdev.h	enum_constant	NETDEV_XSK_FLAGS_TX_TIMESTAMP	67	PENDING_REVIEW	COMPLETE	COMPLETE	vendor/linux/include/uapi/linux/netdev.h;vendor/linux/include/uapi/linux/netdev.h:67;rewrite/configs/x86_64/frozen.config;header_closure=rewrite/metadata/header_closure.tsv;selected=PENDING_REVIEW	425f94c2954b1fe80ebdbf9b29854e89750355df	f24cb1108af94200ee7a600fac46c70a86ad7f5182fa08b8da014df602b81fd2	a67200b9de936585f98f6aed0c4e4f7733d3ba0c36f4496d97e583cb7caf9ac6	0123af9e96b58af4e98b91a2de5608d36b63c67864b9041d3340587f3dbe40d2	cfa8dcf0d81c408de38d4202fe1ce9d9e5e301d1e67439c9530da94b1e64ee3f	7484d7b0dd80f45e18d726b04752827fe28555cc5c1af0e127948380e6688abf
semantic-proposal-v1	SC1-92f47f638af799386693c6fe91a5dde46fbacc58cace6478675ef6cc0d6f5c40	S016267	1	P01	SYMBOLS.tsv	384703	selection_expression	x86_64	include/uapi/linux/netdev.h	enum_constant	NETDEV_XSK_FLAGS_TX_CHECKSUM	68	PENDING_REVIEW	SOURCE_REVIEWED_VALUE	COMPLETE	vendor/linux/include/uapi/linux/netdev.h;vendor/linux/include/uapi/linux/netdev.h:68;rewrite/configs/x86_64/frozen.config;header_closure=rewrite/metadata/header_closure.tsv;selected=PENDING_REVIEW	425f94c2954b1fe80ebdbf9b29854e89750355df	f24cb1108af94200ee7a600fac46c70a86ad7f5182fa08b8da014df602b81fd2	a67200b9de936585f98f6aed0c4e4f7733d3ba0c36f4496d97e583cb7caf9ac6	0123af9e96b58af4e98b91a2de5608d36b63c67864b9041d3340587f3dbe40d2	cfa8dcf0d81c408de38d4202fe1ce9d9e5e301d1e67439c9530da94b1e64ee3f	7484d7b0dd80f45e18d726b04752827fe28555cc5c1af0e127948380e6688abf
semantic-proposal-v1	SC1-0a3687e866c0d3b8ab09c7608f4378e9322ec1b3a41eab730faa0b16c60e7d5c	S016267	1	P01	SYMBOLS.tsv	384703	status	x86_64	include/uapi/linux/netdev.h	enum_constant	NETDEV_XSK_FLAGS_TX_CHECKSUM	68	PENDING_REVIEW	COMPLETE	COMPLETE	vendor/linux/include/uapi/linux/netdev.h;vendor/linux/include/uapi/linux/netdev.h:68;rewrite/configs/x86_64/frozen.config;header_closure=rewrite/metadata/header_closure.tsv;selected=PENDING_REVIEW	425f94c2954b1fe80ebdbf9b29854e89750355df	f24cb1108af94200ee7a600fac46c70a86ad7f5182fa08b8da014df602b81fd2	a67200b9de936585f98f6aed0c4e4f7733d3ba0c36f4496d97e583cb7caf9ac6	0123af9e96b58af4e98b91a2de5608d36b63c67864b9041d3340587f3dbe40d2	cfa8dcf0d81c408de38d4202fe1ce9d9e5e301d1e67439c9530da94b1e64ee3f	7484d7b0dd80f45e18d726b04752827fe28555cc5c1af0e127948380e6688abf
semantic-proposal-v1	SC1-1af0f52f7e1b4406f15af14a362339d73e443ebff1d097b9d57e9ad9835cf5d1	S016267	1	P01	SYMBOLS.tsv	384704	selection_expression	x86_64	include/uapi/linux/netdev.h	enum_constant	NETDEV_XSK_FLAGS_TX_LAUNCH_TIME_FIFO	69	PENDING_REVIEW	SOURCE_REVIEWED_VALUE	COMPLETE	vendor/linux/include/uapi/linux/netdev.h;vendor/linux/include/uapi/linux/netdev.h:69;rewrite/configs/x86_64/frozen.config;header_closure=rewrite/metadata/header_closure.tsv;selected=PENDING_REVIEW	425f94c2954b1fe80ebdbf9b29854e89750355df	f24cb1108af94200ee7a600fac46c70a86ad7f5182fa08b8da014df602b81fd2	a67200b9de936585f98f6aed0c4e4f7733d3ba0c36f4496d97e583cb7caf9ac6	0123af9e96b58af4e98b91a2de5608d36b63c67864b9041d3340587f3dbe40d2	cfa8dcf0d81c408de38d4202fe1ce9d9e5e301d1e67439c9530da94b1e64ee3f	7484d7b0dd80f45e18d726b04752827fe28555cc5c1af0e127948380e6688abf
semantic-proposal-v1	SC1-2f0835375faba47ae3b76bce2885eccc636c417c5f1b1c237e705119cc992791	S016267	1	P01	SYMBOLS.tsv	384704	status	x86_64	include/uapi/linux/netdev.h	enum_constant	NETDEV_XSK_FLAGS_TX_LAUNCH_TIME_FIFO	69	PENDING_REVIEW	COMPLETE	COMPLETE	vendor/linux/include/uapi/linux/netdev.h;vendor/linux/include/uapi/linux/netdev.h:69;rewrite/configs/x86_64/frozen.config;header_closure=rewrite/metadata/header_closure.tsv;selected=PENDING_REVIEW	425f94c2954b1fe80ebdbf9b29854e89750355df	f24cb1108af94200ee7a600fac46c70a86ad7f5182fa08b8da014df602b81fd2	a67200b9de936585f98f6aed0c4e4f7733d3ba0c36f4496d97e583cb7caf9ac6	0123af9e96b58af4e98b91a2de5608d36b63c67864b9041d3340587f3dbe40d2	cfa8dcf0d81c408de38d4202fe1ce9d9e5e301d1e67439c9530da94b1e64ee3f	7484d7b0dd80f45e18d726b04752827fe28555cc5c1af0e127948380e6688abf
semantic-proposal-v1	SC1-15ba240d5163ce111692c10e02f5069264aaa60047523ac3a8df990e35848618	S016267	1	P01	SYMBOLS.tsv	384705	selection_expression	x86_64	include/uapi/linux/netdev.h	type	enum netdev_queue_type	72	PENDING_REVIEW	SOURCE_REVIEWED_VALUE	COMPLETE	vendor/linux/include/uapi/linux/netdev.h;vendor/linux/include/uapi/linux/netdev.h:72;rewrite/configs/x86_64/frozen.config;header_closure=rewrite/metadata/header_closure.tsv;selected=PENDING_REVIEW	425f94c2954b1fe80ebdbf9b29854e89750355df	f24cb1108af94200ee7a600fac46c70a86ad7f5182fa08b8da014df602b81fd2	a67200b9de936585f98f6aed0c4e4f7733d3ba0c36f4496d97e583cb7caf9ac6	0123af9e96b58af4e98b91a2de5608d36b63c67864b9041d3340587f3dbe40d2	cfa8dcf0d81c408de38d4202fe1ce9d9e5e301d1e67439c9530da94b1e64ee3f	7484d7b0dd80f45e18d726b04752827fe28555cc5c1af0e127948380e6688abf
semantic-proposal-v1	SC1-25bd6c01b205a4c53c753b18ce7f39c809da668eb64cb15f1d88d3e745298e26	S016267	1	P01	SYMBOLS.tsv	384705	status	x86_64	include/uapi/linux/netdev.h	type	enum netdev_queue_type	72	PENDING_REVIEW	COMPLETE	COMPLETE	vendor/linux/include/uapi/linux/netdev.h;vendor/linux/include/uapi/linux/netdev.h:72;rewrite/configs/x86_64/frozen.config;header_closure=rewrite/metadata/header_closure.tsv;selected=PENDING_REVIEW	425f94c2954b1fe80ebdbf9b29854e89750355df	f24cb1108af94200ee7a600fac46c70a86ad7f5182fa08b8da014df602b81fd2	a67200b9de936585f98f6aed0c4e4f7733d3ba0c36f4496d97e583cb7caf9ac6	0123af9e96b58af4e98b91a2de5608d36b63c67864b9041d3340587f3dbe40d2	cfa8dcf0d81c408de38d4202fe1ce9d9e5e301d1e67439c9530da94b1e64ee3f	7484d7b0dd80f45e18d726b04752827fe28555cc5c1af0e127948380e6688abf
semantic-proposal-v1	SC1-2ebb20f21e4abd6e93ef60c3d3d200ddd896ba26301c4cb52cf9f702bffff480	S016267	1	P01	SYMBOLS.tsv	384706	selection_expression	x86_64	include/uapi/linux/netdev.h	enum_constant	NETDEV_QUEUE_TYPE_RX	73	PENDING_REVIEW	SOURCE_REVIEWED_VALUE	COMPLETE	vendor/linux/include/uapi/linux/netdev.h;vendor/linux/include/uapi/linux/netdev.h:73;rewrite/configs/x86_64/frozen.config;header_closure=rewrite/metadata/header_closure.tsv;selected=PENDING_REVIEW	425f94c2954b1fe80ebdbf9b29854e89750355df	f24cb1108af94200ee7a600fac46c70a86ad7f5182fa08b8da014df602b81fd2	a67200b9de936585f98f6aed0c4e4f7733d3ba0c36f4496d97e583cb7caf9ac6	0123af9e96b58af4e98b91a2de5608d36b63c67864b9041d3340587f3dbe40d2	cfa8dcf0d81c408de38d4202fe1ce9d9e5e301d1e67439c9530da94b1e64ee3f	7484d7b0dd80f45e18d726b04752827fe28555cc5c1af0e127948380e6688abf
semantic-proposal-v1	SC1-310a9b4871c9d215a3c5e0310c3d19aa38b0a9bbacdcf753994a4afd963daccf	S016267	1	P01	SYMBOLS.tsv	384706	status	x86_64	include/uapi/linux/netdev.h	enum_constant	NETDEV_QUEUE_TYPE_RX	73	PENDING_REVIEW	COMPLETE	COMPLETE	vendor/linux/include/uapi/linux/netdev.h;vendor/linux/include/uapi/linux/netdev.h:73;rewrite/configs/x86_64/frozen.config;header_closure=rewrite/metadata/header_closure.tsv;selected=PENDING_REVIEW	425f94c2954b1fe80ebdbf9b29854e89750355df	f24cb1108af94200ee7a600fac46c70a86ad7f5182fa08b8da014df602b81fd2	a67200b9de936585f98f6aed0c4e4f7733d3ba0c36f4496d97e583cb7caf9ac6	0123af9e96b58af4e98b91a2de5608d36b63c67864b9041d3340587f3dbe40d2	cfa8dcf0d81c408de38d4202fe1ce9d9e5e301d1e67439c9530da94b1e64ee3f	7484d7b0dd80f45e18d726b04752827fe28555cc5c1af0e127948380e6688abf
semantic-proposal-v1	SC1-a87be4c1d4c85b415d9bba45eec20092f36470a324cedf0dd4362ea6afeb591c	S016267	1	P01	SYMBOLS.tsv	384707	selection_expression	x86_64	include/uapi/linux/netdev.h	enum_constant	NETDEV_QUEUE_TYPE_TX	74	PENDING_REVIEW	SOURCE_REVIEWED_VALUE	COMPLETE	vendor/linux/include/uapi/linux/netdev.h;vendor/linux/include/uapi/linux/netdev.h:74;rewrite/configs/x86_64/frozen.config;header_closure=rewrite/metadata/header_closure.tsv;selected=PENDING_REVIEW	425f94c2954b1fe80ebdbf9b29854e89750355df	f24cb1108af94200ee7a600fac46c70a86ad7f5182fa08b8da014df602b81fd2	a67200b9de936585f98f6aed0c4e4f7733d3ba0c36f4496d97e583cb7caf9ac6	0123af9e96b58af4e98b91a2de5608d36b63c67864b9041d3340587f3dbe40d2	cfa8dcf0d81c408de38d4202fe1ce9d9e5e301d1e67439c9530da94b1e64ee3f	7484d7b0dd80f45e18d726b04752827fe28555cc5c1af0e127948380e6688abf
semantic-proposal-v1	SC1-d0105c446bedf9f9d196bd7833c40f6120357ddccdb68c62b20a43eb25985575	S016267	1	P01	SYMBOLS.tsv	384707	status	x86_64	include/uapi/linux/netdev.h	enum_constant	NETDEV_QUEUE_TYPE_TX	74	PENDING_REVIEW	COMPLETE	COMPLETE	vendor/linux/include/uapi/linux/netdev.h;vendor/linux/include/uapi/linux/netdev.h:74;rewrite/configs/x86_64/frozen.config;header_closure=rewrite/metadata/header_closure.tsv;selected=PENDING_REVIEW	425f94c2954b1fe80ebdbf9b29854e89750355df	f24cb1108af94200ee7a600fac46c70a86ad7f5182fa08b8da014df602b81fd2	a67200b9de936585f98f6aed0c4e4f7733d3ba0c36f4496d97e583cb7caf9ac6	0123af9e96b58af4e98b91a2de5608d36b63c67864b9041d3340587f3dbe40d2	cfa8dcf0d81c408de38d4202fe1ce9d9e5e301d1e67439c9530da94b1e64ee3f	7484d7b0dd80f45e18d726b04752827fe28555cc5c1af0e127948380e6688abf
semantic-proposal-v1	SC1-d48be55183ac029ee9fc9668067d455a9bb4c9d8770f076fefdddc70852d6427	S016267	1	P01	SYMBOLS.tsv	384708	selection_expression	x86_64	include/uapi/linux/netdev.h	type	enum netdev_qstats_scope	77	PENDING_REVIEW	SOURCE_REVIEWED_VALUE	COMPLETE	vendor/linux/include/uapi/linux/netdev.h;vendor/linux/include/uapi/linux/netdev.h:77;rewrite/configs/x86_64/frozen.config;header_closure=rewrite/metadata/header_closure.tsv;selected=PENDING_REVIEW	425f94c2954b1fe80ebdbf9b29854e89750355df	f24cb1108af94200ee7a600fac46c70a86ad7f5182fa08b8da014df602b81fd2	a67200b9de936585f98f6aed0c4e4f7733d3ba0c36f4496d97e583cb7caf9ac6	0123af9e96b58af4e98b91a2de5608d36b63c67864b9041d3340587f3dbe40d2	cfa8dcf0d81c408de38d4202fe1ce9d9e5e301d1e67439c9530da94b1e64ee3f	7484d7b0dd80f45e18d726b04752827fe28555cc5c1af0e127948380e6688abf
semantic-proposal-v1	SC1-03a9ea96b279acc37d70e40d309586d008c1a659a602aeadfc6db1f10968c2bf	S016267	1	P01	SYMBOLS.tsv	384708	status	x86_64	include/uapi/linux/netdev.h	type	enum netdev_qstats_scope	77	PENDING_REVIEW	COMPLETE	COMPLETE	vendor/linux/include/uapi/linux/netdev.h;vendor/linux/include/uapi/linux/netdev.h:77;rewrite/configs/x86_64/frozen.config;header_closure=rewrite/metadata/header_closure.tsv;selected=PENDING_REVIEW	425f94c2954b1fe80ebdbf9b29854e89750355df	f24cb1108af94200ee7a600fac46c70a86ad7f5182fa08b8da014df602b81fd2	a67200b9de936585f98f6aed0c4e4f7733d3ba0c36f4496d97e583cb7caf9ac6	0123af9e96b58af4e98b91a2de5608d36b63c67864b9041d3340587f3dbe40d2	cfa8dcf0d81c408de38d4202fe1ce9d9e5e301d1e67439c9530da94b1e64ee3f	7484d7b0dd80f45e18d726b04752827fe28555cc5c1af0e127948380e6688abf
semantic-proposal-v1	SC1-3ff42d2559f0e6ee2c459b3bd299cb2a09a358048bae787c04fce173f4349207	S016267	1	P01	SYMBOLS.tsv	384709	selection_expression	x86_64	include/uapi/linux/netdev.h	enum_constant	NETDEV_QSTATS_SCOPE_QUEUE	78	PENDING_REVIEW	SOURCE_REVIEWED_VALUE	COMPLETE	vendor/linux/include/uapi/linux/netdev.h;vendor/linux/include/uapi/linux/netdev.h:78;rewrite/configs/x86_64/frozen.config;header_closure=rewrite/metadata/header_closure.tsv;selected=PENDING_REVIEW	425f94c2954b1fe80ebdbf9b29854e89750355df	f24cb1108af94200ee7a600fac46c70a86ad7f5182fa08b8da014df602b81fd2	a67200b9de936585f98f6aed0c4e4f7733d3ba0c36f4496d97e583cb7caf9ac6	0123af9e96b58af4e98b91a2de5608d36b63c67864b9041d3340587f3dbe40d2	cfa8dcf0d81c408de38d4202fe1ce9d9e5e301d1e67439c9530da94b1e64ee3f	7484d7b0dd80f45e18d726b04752827fe28555cc5c1af0e127948380e6688abf
semantic-proposal-v1	SC1-8ba652c92d889fc646e1048d74b216f356dd68b33e80c0522b6eac7fc1ca63e6	S016267	1	P01	SYMBOLS.tsv	384709	status	x86_64	include/uapi/linux/netdev.h	enum_constant	NETDEV_QSTATS_SCOPE_QUEUE	78	PENDING_REVIEW	COMPLETE	COMPLETE	vendor/linux/include/uapi/linux/netdev.h;vendor/linux/include/uapi/linux/netdev.h:78;rewrite/configs/x86_64/frozen.config;header_closure=rewrite/metadata/header_closure.tsv;selected=PENDING_REVIEW	425f94c2954b1fe80ebdbf9b29854e89750355df	f24cb1108af94200ee7a600fac46c70a86ad7f5182fa08b8da014df602b81fd2	a67200b9de936585f98f6aed0c4e4f7733d3ba0c36f4496d97e583cb7caf9ac6	0123af9e96b58af4e98b91a2de5608d36b63c67864b9041d3340587f3dbe40d2	cfa8dcf0d81c408de38d4202fe1ce9d9e5e301d1e67439c9530da94b1e64ee3f	7484d7b0dd80f45e18d726b04752827fe28555cc5c1af0e127948380e6688abf
semantic-proposal-v1	SC1-2f5b02b469e025f94967dfc296c48ed712fd82c344696489e7e9c1301288b8be	S016267	1	P01	SYMBOLS.tsv	384710	selection_expression	x86_64	include/uapi/linux/netdev.h	type	enum netdev_napi_threaded	81	PENDING_REVIEW	SOURCE_REVIEWED_VALUE	COMPLETE	vendor/linux/include/uapi/linux/netdev.h;vendor/linux/include/uapi/linux/netdev.h:81;rewrite/configs/x86_64/frozen.config;header_closure=rewrite/metadata/header_closure.tsv;selected=PENDING_REVIEW	425f94c2954b1fe80ebdbf9b29854e89750355df	f24cb1108af94200ee7a600fac46c70a86ad7f5182fa08b8da014df602b81fd2	a67200b9de936585f98f6aed0c4e4f7733d3ba0c36f4496d97e583cb7caf9ac6	0123af9e96b58af4e98b91a2de5608d36b63c67864b9041d3340587f3dbe40d2	cfa8dcf0d81c408de38d4202fe1ce9d9e5e301d1e67439c9530da94b1e64ee3f	7484d7b0dd80f45e18d726b04752827fe28555cc5c1af0e127948380e6688abf
semantic-proposal-v1	SC1-4b916279f3dabbff602e3cc237be5bc0eb794d35f10c4e06ceea18623feca26f	S016267	1	P01	SYMBOLS.tsv	384710	status	x86_64	include/uapi/linux/netdev.h	type	enum netdev_napi_threaded	81	PENDING_REVIEW	COMPLETE	COMPLETE	vendor/linux/include/uapi/linux/netdev.h;vendor/linux/include/uapi/linux/netdev.h:81;rewrite/configs/x86_64/frozen.config;header_closure=rewrite/metadata/header_closure.tsv;selected=PENDING_REVIEW	425f94c2954b1fe80ebdbf9b29854e89750355df	f24cb1108af94200ee7a600fac46c70a86ad7f5182fa08b8da014df602b81fd2	a67200b9de936585f98f6aed0c4e4f7733d3ba0c36f4496d97e583cb7caf9ac6	0123af9e96b58af4e98b91a2de5608d36b63c67864b9041d3340587f3dbe40d2	cfa8dcf0d81c408de38d4202fe1ce9d9e5e301d1e67439c9530da94b1e64ee3f	7484d7b0dd80f45e18d726b04752827fe28555cc5c1af0e127948380e6688abf
semantic-proposal-v1	SC1-14a5875e3850650bda178db1ea2c4b58305ee72cf83ae86c2c0dbea472a3581e	S016267	1	P01	SYMBOLS.tsv	384711	selection_expression	x86_64	include/uapi/linux/netdev.h	enum_constant	NETDEV_NAPI_THREADED_DISABLED	82	PENDING_REVIEW	SOURCE_REVIEWED_VALUE	COMPLETE	vendor/linux/include/uapi/linux/netdev.h;vendor/linux/include/uapi/linux/netdev.h:82;rewrite/configs/x86_64/frozen.config;header_closure=rewrite/metadata/header_closure.tsv;selected=PENDING_REVIEW	425f94c2954b1fe80ebdbf9b29854e89750355df	f24cb1108af94200ee7a600fac46c70a86ad7f5182fa08b8da014df602b81fd2	a67200b9de936585f98f6aed0c4e4f7733d3ba0c36f4496d97e583cb7caf9ac6	0123af9e96b58af4e98b91a2de5608d36b63c67864b9041d3340587f3dbe40d2	cfa8dcf0d81c408de38d4202fe1ce9d9e5e301d1e67439c9530da94b1e64ee3f	7484d7b0dd80f45e18d726b04752827fe28555cc5c1af0e127948380e6688abf
semantic-proposal-v1	SC1-e8730442876657700d8376b3c20b7d3a80928f17e016c86f060391d639e389d5	S016267	1	P01	SYMBOLS.tsv	384711	status	x86_64	include/uapi/linux/netdev.h	enum_constant	NETDEV_NAPI_THREADED_DISABLED	82	PENDING_REVIEW	COMPLETE	COMPLETE	vendor/linux/include/uapi/linux/netdev.h;vendor/linux/include/uapi/linux/netdev.h:82;rewrite/configs/x86_64/frozen.config;header_closure=rewrite/metadata/header_closure.tsv;selected=PENDING_REVIEW	425f94c2954b1fe80ebdbf9b29854e89750355df	f24cb1108af94200ee7a600fac46c70a86ad7f5182fa08b8da014df602b81fd2	a67200b9de936585f98f6aed0c4e4f7733d3ba0c36f4496d97e583cb7caf9ac6	0123af9e96b58af4e98b91a2de5608d36b63c67864b9041d3340587f3dbe40d2	cfa8dcf0d81c408de38d4202fe1ce9d9e5e301d1e67439c9530da94b1e64ee3f	7484d7b0dd80f45e18d726b04752827fe28555cc5c1af0e127948380e6688abf
semantic-proposal-v1	SC1-40dc5e455cdbf8994edd16f487f786033038a02d6ceb53f2cf1ddfe200223273	S016267	1	P01	SYMBOLS.tsv	384712	selection_expression	x86_64	include/uapi/linux/netdev.h	enum_constant	NETDEV_NAPI_THREADED_ENABLED	83	PENDING_REVIEW	SOURCE_REVIEWED_VALUE	COMPLETE	vendor/linux/include/uapi/linux/netdev.h;vendor/linux/include/uapi/linux/netdev.h:83;rewrite/configs/x86_64/frozen.config;header_closure=rewrite/metadata/header_closure.tsv;selected=PENDING_REVIEW	425f94c2954b1fe80ebdbf9b29854e89750355df	f24cb1108af94200ee7a600fac46c70a86ad7f5182fa08b8da014df602b81fd2	a67200b9de936585f98f6aed0c4e4f7733d3ba0c36f4496d97e583cb7caf9ac6	0123af9e96b58af4e98b91a2de5608d36b63c67864b9041d3340587f3dbe40d2	cfa8dcf0d81c408de38d4202fe1ce9d9e5e301d1e67439c9530da94b1e64ee3f	7484d7b0dd80f45e18d726b04752827fe28555cc5c1af0e127948380e6688abf
semantic-proposal-v1	SC1-a77bb51d767aacf7247114a93d57af78359733e930633230de29c42d86dd9586	S016267	1	P01	SYMBOLS.tsv	384712	status	x86_64	include/uapi/linux/netdev.h	enum_constant	NETDEV_NAPI_THREADED_ENABLED	83	PENDING_REVIEW	COMPLETE	COMPLETE	vendor/linux/include/uapi/linux/netdev.h;vendor/linux/include/uapi/linux/netdev.h:83;rewrite/configs/x86_64/frozen.config;header_closure=rewrite/metadata/header_closure.tsv;selected=PENDING_REVIEW	425f94c2954b1fe80ebdbf9b29854e89750355df	f24cb1108af94200ee7a600fac46c70a86ad7f5182fa08b8da014df602b81fd2	a67200b9de936585f98f6aed0c4e4f7733d3ba0c36f4496d97e583cb7caf9ac6	0123af9e96b58af4e98b91a2de5608d36b63c67864b9041d3340587f3dbe40d2	cfa8dcf0d81c408de38d4202fe1ce9d9e5e301d1e67439c9530da94b1e64ee3f	7484d7b0dd80f45e18d726b04752827fe28555cc5c1af0e127948380e6688abf
semantic-proposal-v1	SC1-7fd9ef1e214f24abed3d0ace7c15f3203ce53d0402069b99f26066d969ae095c	S016267	1	P01	SYMBOLS.tsv	384713	selection_expression	x86_64	include/uapi/linux/netdev.h	enum_constant	NETDEV_NAPI_THREADED_BUSY_POLL	84	PENDING_REVIEW	SOURCE_REVIEWED_VALUE	COMPLETE	vendor/linux/include/uapi/linux/netdev.h;vendor/linux/include/uapi/linux/netdev.h:84;rewrite/configs/x86_64/frozen.config;header_closure=rewrite/metadata/header_closure.tsv;selected=PENDING_REVIEW	425f94c2954b1fe80ebdbf9b29854e89750355df	f24cb1108af94200ee7a600fac46c70a86ad7f5182fa08b8da014df602b81fd2	a67200b9de936585f98f6aed0c4e4f7733d3ba0c36f4496d97e583cb7caf9ac6	0123af9e96b58af4e98b91a2de5608d36b63c67864b9041d3340587f3dbe40d2	cfa8dcf0d81c408de38d4202fe1ce9d9e5e301d1e67439c9530da94b1e64ee3f	7484d7b0dd80f45e18d726b04752827fe28555cc5c1af0e127948380e6688abf
semantic-proposal-v1	SC1-a2d07cdb795ea5c5b63e32ca9265ba30791521b7e87fa6dbc9ba6e52d0958dbb	S016267	1	P01	SYMBOLS.tsv	384713	status	x86_64	include/uapi/linux/netdev.h	enum_constant	NETDEV_NAPI_THREADED_BUSY_POLL	84	PENDING_REVIEW	COMPLETE	COMPLETE	vendor/linux/include/uapi/linux/netdev.h;vendor/linux/include/uapi/linux/netdev.h:84;rewrite/configs/x86_64/frozen.config;header_closure=rewrite/metadata/header_closure.tsv;selected=PENDING_REVIEW	425f94c2954b1fe80ebdbf9b29854e89750355df	f24cb1108af94200ee7a600fac46c70a86ad7f5182fa08b8da014df602b81fd2	a67200b9de936585f98f6aed0c4e4f7733d3ba0c36f4496d97e583cb7caf9ac6	0123af9e96b58af4e98b91a2de5608d36b63c67864b9041d3340587f3dbe40d2	cfa8dcf0d81c408de38d4202fe1ce9d9e5e301d1e67439c9530da94b1e64ee3f	7484d7b0dd80f45e18d726b04752827fe28555cc5c1af0e127948380e6688abf
semantic-proposal-v1	SC1-031f3268108c4c03e3da2f4423a1f45bcf57654ecf1017db183b51f44c2c570d	S016267	1	P01	SYMBOLS.tsv	384714	selection_expression	x86_64	include/uapi/linux/netdev.h	type	anonymous_enum@87	87	PENDING_REVIEW	SOURCE_REVIEWED_VALUE	COMPLETE	vendor/linux/include/uapi/linux/netdev.h;vendor/linux/include/uapi/linux/netdev.h:87;rewrite/configs/x86_64/frozen.config;header_closure=rewrite/metadata/header_closure.tsv;selected=PENDING_REVIEW	425f94c2954b1fe80ebdbf9b29854e89750355df	f24cb1108af94200ee7a600fac46c70a86ad7f5182fa08b8da014df602b81fd2	a67200b9de936585f98f6aed0c4e4f7733d3ba0c36f4496d97e583cb7caf9ac6	0123af9e96b58af4e98b91a2de5608d36b63c67864b9041d3340587f3dbe40d2	cfa8dcf0d81c408de38d4202fe1ce9d9e5e301d1e67439c9530da94b1e64ee3f	7484d7b0dd80f45e18d726b04752827fe28555cc5c1af0e127948380e6688abf
semantic-proposal-v1	SC1-0be805866d4da1be92738ac7db716bfe64e940ac6df6ba5f215727a421f1703f	S016267	1	P01	SYMBOLS.tsv	384714	status	x86_64	include/uapi/linux/netdev.h	type	anonymous_enum@87	87	PENDING_REVIEW	COMPLETE	COMPLETE	vendor/linux/include/uapi/linux/netdev.h;vendor/linux/include/uapi/linux/netdev.h:87;rewrite/configs/x86_64/frozen.config;header_closure=rewrite/metadata/header_closure.tsv;selected=PENDING_REVIEW	425f94c2954b1fe80ebdbf9b29854e89750355df	f24cb1108af94200ee7a600fac46c70a86ad7f5182fa08b8da014df602b81fd2	a67200b9de936585f98f6aed0c4e4f7733d3ba0c36f4496d97e583cb7caf9ac6	0123af9e96b58af4e98b91a2de5608d36b63c67864b9041d3340587f3dbe40d2	cfa8dcf0d81c408de38d4202fe1ce9d9e5e301d1e67439c9530da94b1e64ee3f	7484d7b0dd80f45e18d726b04752827fe28555cc5c1af0e127948380e6688abf
semantic-proposal-v1	SC1-3493d42d22125d065869a8606d222e64e7c047258050c232346455e3746f9867	S016267	1	P01	SYMBOLS.tsv	384715	selection_expression	x86_64	include/uapi/linux/netdev.h	enum_constant	NETDEV_A_DEV_IFINDEX	88	PENDING_REVIEW	SOURCE_REVIEWED_VALUE	COMPLETE	vendor/linux/include/uapi/linux/netdev.h;vendor/linux/include/uapi/linux/netdev.h:88;rewrite/configs/x86_64/frozen.config;header_closure=rewrite/metadata/header_closure.tsv;selected=PENDING_REVIEW	425f94c2954b1fe80ebdbf9b29854e89750355df	f24cb1108af94200ee7a600fac46c70a86ad7f5182fa08b8da014df602b81fd2	a67200b9de936585f98f6aed0c4e4f7733d3ba0c36f4496d97e583cb7caf9ac6	0123af9e96b58af4e98b91a2de5608d36b63c67864b9041d3340587f3dbe40d2	cfa8dcf0d81c408de38d4202fe1ce9d9e5e301d1e67439c9530da94b1e64ee3f	7484d7b0dd80f45e18d726b04752827fe28555cc5c1af0e127948380e6688abf
semantic-proposal-v1	SC1-30113ac2308be33e0104de330bb50c964893e4bcff1ec530f4afd4d15aea7aa5	S016267	1	P01	SYMBOLS.tsv	384715	status	x86_64	include/uapi/linux/netdev.h	enum_constant	NETDEV_A_DEV_IFINDEX	88	PENDING_REVIEW	COMPLETE	COMPLETE	vendor/linux/include/uapi/linux/netdev.h;vendor/linux/include/uapi/linux/netdev.h:88;rewrite/configs/x86_64/frozen.config;header_closure=rewrite/metadata/header_closure.tsv;selected=PENDING_REVIEW	425f94c2954b1fe80ebdbf9b29854e89750355df	f24cb1108af94200ee7a600fac46c70a86ad7f5182fa08b8da014df602b81fd2	a67200b9de936585f98f6aed0c4e4f7733d3ba0c36f4496d97e583cb7caf9ac6	0123af9e96b58af4e98b91a2de5608d36b63c67864b9041d3340587f3dbe40d2	cfa8dcf0d81c408de38d4202fe1ce9d9e5e301d1e67439c9530da94b1e64ee3f	7484d7b0dd80f45e18d726b04752827fe28555cc5c1af0e127948380e6688abf
semantic-proposal-v1	SC1-abf3e6576e2d37319170f396b501ecb226c79619258674c4075ea3e51a55647e	S016267	1	P01	SYMBOLS.tsv	384716	selection_expression	x86_64	include/uapi/linux/netdev.h	enum_constant	NETDEV_A_DEV_PAD	89	PENDING_REVIEW	SOURCE_REVIEWED_VALUE	COMPLETE	vendor/linux/include/uapi/linux/netdev.h;vendor/linux/include/uapi/linux/netdev.h:89;rewrite/configs/x86_64/frozen.config;header_closure=rewrite/metadata/header_closure.tsv;selected=PENDING_REVIEW	425f94c2954b1fe80ebdbf9b29854e89750355df	f24cb1108af94200ee7a600fac46c70a86ad7f5182fa08b8da014df602b81fd2	a67200b9de936585f98f6aed0c4e4f7733d3ba0c36f4496d97e583cb7caf9ac6	0123af9e96b58af4e98b91a2de5608d36b63c67864b9041d3340587f3dbe40d2	cfa8dcf0d81c408de38d4202fe1ce9d9e5e301d1e67439c9530da94b1e64ee3f	7484d7b0dd80f45e18d726b04752827fe28555cc5c1af0e127948380e6688abf
semantic-proposal-v1	SC1-146ca3074b8ef254b072a28eb026ec09aef032185784bd18226f395521ed7dfe	S016267	1	P01	SYMBOLS.tsv	384716	status	x86_64	include/uapi/linux/netdev.h	enum_constant	NETDEV_A_DEV_PAD	89	PENDING_REVIEW	COMPLETE	COMPLETE	vendor/linux/include/uapi/linux/netdev.h;vendor/linux/include/uapi/linux/netdev.h:89;rewrite/configs/x86_64/frozen.config;header_closure=rewrite/metadata/header_closure.tsv;selected=PENDING_REVIEW	425f94c2954b1fe80ebdbf9b29854e89750355df	f24cb1108af94200ee7a600fac46c70a86ad7f5182fa08b8da014df602b81fd2	a67200b9de936585f98f6aed0c4e4f7733d3ba0c36f4496d97e583cb7caf9ac6	0123af9e96b58af4e98b91a2de5608d36b63c67864b9041d3340587f3dbe40d2	cfa8dcf0d81c408de38d4202fe1ce9d9e5e301d1e67439c9530da94b1e64ee3f	7484d7b0dd80f45e18d726b04752827fe28555cc5c1af0e127948380e6688abf
semantic-proposal-v1	SC1-f17bd401a2364e5e0066fc71294063879049432b99a6058bdc06012f230d2655	S016267	1	P01	SYMBOLS.tsv	384717	selection_expression	x86_64	include/uapi/linux/netdev.h	enum_constant	NETDEV_A_DEV_XDP_FEATURES	90	PENDING_REVIEW	SOURCE_REVIEWED_VALUE	COMPLETE	vendor/linux/include/uapi/linux/netdev.h;vendor/linux/include/uapi/linux/netdev.h:90;rewrite/configs/x86_64/frozen.config;header_closure=rewrite/metadata/header_closure.tsv;selected=PENDING_REVIEW	425f94c2954b1fe80ebdbf9b29854e89750355df	f24cb1108af94200ee7a600fac46c70a86ad7f5182fa08b8da014df602b81fd2	a67200b9de936585f98f6aed0c4e4f7733d3ba0c36f4496d97e583cb7caf9ac6	0123af9e96b58af4e98b91a2de5608d36b63c67864b9041d3340587f3dbe40d2	cfa8dcf0d81c408de38d4202fe1ce9d9e5e301d1e67439c9530da94b1e64ee3f	7484d7b0dd80f45e18d726b04752827fe28555cc5c1af0e127948380e6688abf
semantic-proposal-v1	SC1-59476350edf6984796717913fa9568683a493b943c64363e898c201e9fc80912	S016267	1	P01	SYMBOLS.tsv	384717	status	x86_64	include/uapi/linux/netdev.h	enum_constant	NETDEV_A_DEV_XDP_FEATURES	90	PENDING_REVIEW	COMPLETE	COMPLETE	vendor/linux/include/uapi/linux/netdev.h;vendor/linux/include/uapi/linux/netdev.h:90;rewrite/configs/x86_64/frozen.config;header_closure=rewrite/metadata/header_closure.tsv;selected=PENDING_REVIEW	425f94c2954b1fe80ebdbf9b29854e89750355df	f24cb1108af94200ee7a600fac46c70a86ad7f5182fa08b8da014df602b81fd2	a67200b9de936585f98f6aed0c4e4f7733d3ba0c36f4496d97e583cb7caf9ac6	0123af9e96b58af4e98b91a2de5608d36b63c67864b9041d3340587f3dbe40d2	cfa8dcf0d81c408de38d4202fe1ce9d9e5e301d1e67439c9530da94b1e64ee3f	7484d7b0dd80f45e18d726b04752827fe28555cc5c1af0e127948380e6688abf
semantic-proposal-v1	SC1-b1d298d7d80f36ebffd60584703deab99d2d7a7f0de613112168bbe6c98239ca	S016267	1	P01	SYMBOLS.tsv	384718	selection_expression	x86_64	include/uapi/linux/netdev.h	enum_constant	NETDEV_A_DEV_XDP_ZC_MAX_SEGS	91	PENDING_REVIEW	SOURCE_REVIEWED_VALUE	COMPLETE	vendor/linux/include/uapi/linux/netdev.h;vendor/linux/include/uapi/linux/netdev.h:91;rewrite/configs/x86_64/frozen.config;header_closure=rewrite/metadata/header_closure.tsv;selected=PENDING_REVIEW	425f94c2954b1fe80ebdbf9b29854e89750355df	f24cb1108af94200ee7a600fac46c70a86ad7f5182fa08b8da014df602b81fd2	a67200b9de936585f98f6aed0c4e4f7733d3ba0c36f4496d97e583cb7caf9ac6	0123af9e96b58af4e98b91a2de5608d36b63c67864b9041d3340587f3dbe40d2	cfa8dcf0d81c408de38d4202fe1ce9d9e5e301d1e67439c9530da94b1e64ee3f	7484d7b0dd80f45e18d726b04752827fe28555cc5c1af0e127948380e6688abf
semantic-proposal-v1	SC1-d51324f01490145328e0bfe82bf0e795ecc7778754a750204cc40a7e52abf1d3	S016267	1	P01	SYMBOLS.tsv	384718	status	x86_64	include/uapi/linux/netdev.h	enum_constant	NETDEV_A_DEV_XDP_ZC_MAX_SEGS	91	PENDING_REVIEW	COMPLETE	COMPLETE	vendor/linux/include/uapi/linux/netdev.h;vendor/linux/include/uapi/linux/netdev.h:91;rewrite/configs/x86_64/frozen.config;header_closure=rewrite/metadata/header_closure.tsv;selected=PENDING_REVIEW	425f94c2954b1fe80ebdbf9b29854e89750355df	f24cb1108af94200ee7a600fac46c70a86ad7f5182fa08b8da014df602b81fd2	a67200b9de936585f98f6aed0c4e4f7733d3ba0c36f4496d97e583cb7caf9ac6	0123af9e96b58af4e98b91a2de5608d36b63c67864b9041d3340587f3dbe40d2	cfa8dcf0d81c408de38d4202fe1ce9d9e5e301d1e67439c9530da94b1e64ee3f	7484d7b0dd80f45e18d726b04752827fe28555cc5c1af0e127948380e6688abf
semantic-proposal-v1	SC1-45d4ee77cdd0d5650e9e695d5accfba247bcb644bc9e10d47d2c85cf26912367	S016267	1	P01	SYMBOLS.tsv	384719	selection_expression	x86_64	include/uapi/linux/netdev.h	enum_constant	NETDEV_A_DEV_XDP_RX_METADATA_FEATURES	92	PENDING_REVIEW	SOURCE_REVIEWED_VALUE	COMPLETE	vendor/linux/include/uapi/linux/netdev.h;vendor/linux/include/uapi/linux/netdev.h:92;rewrite/configs/x86_64/frozen.config;header_closure=rewrite/metadata/header_closure.tsv;selected=PENDING_REVIEW	425f94c2954b1fe80ebdbf9b29854e89750355df	f24cb1108af94200ee7a600fac46c70a86ad7f5182fa08b8da014df602b81fd2	a67200b9de936585f98f6aed0c4e4f7733d3ba0c36f4496d97e583cb7caf9ac6	0123af9e96b58af4e98b91a2de5608d36b63c67864b9041d3340587f3dbe40d2	cfa8dcf0d81c408de38d4202fe1ce9d9e5e301d1e67439c9530da94b1e64ee3f	7484d7b0dd80f45e18d726b04752827fe28555cc5c1af0e127948380e6688abf
semantic-proposal-v1	SC1-517b492301c07c41a3a8331ac0559f33f0f83983ede78895c79208c0669c3ea6	S016267	1	P01	SYMBOLS.tsv	384719	status	x86_64	include/uapi/linux/netdev.h	enum_constant	NETDEV_A_DEV_XDP_RX_METADATA_FEATURES	92	PENDING_REVIEW	COMPLETE	COMPLETE	vendor/linux/include/uapi/linux/netdev.h;vendor/linux/include/uapi/linux/netdev.h:92;rewrite/configs/x86_64/frozen.config;header_closure=rewrite/metadata/header_closure.tsv;selected=PENDING_REVIEW	425f94c2954b1fe80ebdbf9b29854e89750355df	f24cb1108af94200ee7a600fac46c70a86ad7f5182fa08b8da014df602b81fd2	a67200b9de936585f98f6aed0c4e4f7733d3ba0c36f4496d97e583cb7caf9ac6	0123af9e96b58af4e98b91a2de5608d36b63c67864b9041d3340587f3dbe40d2	cfa8dcf0d81c408de38d4202fe1ce9d9e5e301d1e67439c9530da94b1e64ee3f	7484d7b0dd80f45e18d726b04752827fe28555cc5c1af0e127948380e6688abf
semantic-proposal-v1	SC1-39cf3fe100e5679c9b9dc9867dd87bed0f812ccaee5ac55e6d1f4120da0c3fcf	S016267	1	P01	SYMBOLS.tsv	384720	selection_expression	x86_64	include/uapi/linux/netdev.h	enum_constant	NETDEV_A_DEV_XSK_FEATURES	93	PENDING_REVIEW	SOURCE_REVIEWED_VALUE	COMPLETE	vendor/linux/include/uapi/linux/netdev.h;vendor/linux/include/uapi/linux/netdev.h:93;rewrite/configs/x86_64/frozen.config;header_closure=rewrite/metadata/header_closure.tsv;selected=PENDING_REVIEW	425f94c2954b1fe80ebdbf9b29854e89750355df	f24cb1108af94200ee7a600fac46c70a86ad7f5182fa08b8da014df602b81fd2	a67200b9de936585f98f6aed0c4e4f7733d3ba0c36f4496d97e583cb7caf9ac6	0123af9e96b58af4e98b91a2de5608d36b63c67864b9041d3340587f3dbe40d2	cfa8dcf0d81c408de38d4202fe1ce9d9e5e301d1e67439c9530da94b1e64ee3f	7484d7b0dd80f45e18d726b04752827fe28555cc5c1af0e127948380e6688abf
semantic-proposal-v1	SC1-ee3cb11da1077eafce2f43e3dbdd0f33df2faef9048dec80cfb5ca842243c6ed	S016267	1	P01	SYMBOLS.tsv	384720	status	x86_64	include/uapi/linux/netdev.h	enum_constant	NETDEV_A_DEV_XSK_FEATURES	93	PENDING_REVIEW	COMPLETE	COMPLETE	vendor/linux/include/uapi/linux/netdev.h;vendor/linux/include/uapi/linux/netdev.h:93;rewrite/configs/x86_64/frozen.config;header_closure=rewrite/metadata/header_closure.tsv;selected=PENDING_REVIEW	425f94c2954b1fe80ebdbf9b29854e89750355df	f24cb1108af94200ee7a600fac46c70a86ad7f5182fa08b8da014df602b81fd2	a67200b9de936585f98f6aed0c4e4f7733d3ba0c36f4496d97e583cb7caf9ac6	0123af9e96b58af4e98b91a2de5608d36b63c67864b9041d3340587f3dbe40d2	cfa8dcf0d81c408de38d4202fe1ce9d9e5e301d1e67439c9530da94b1e64ee3f	7484d7b0dd80f45e18d726b04752827fe28555cc5c1af0e127948380e6688abf
semantic-proposal-v1	SC1-b82b6c543f86ef9525a7c2c49c6f7ff62327b3a06f439ffa81fe06ab48c5a764	S016267	1	P01	SYMBOLS.tsv	384721	selection_expression	x86_64	include/uapi/linux/netdev.h	enum_constant	__NETDEV_A_DEV_MAX	95	PENDING_REVIEW	SOURCE_REVIEWED_VALUE	COMPLETE	vendor/linux/include/uapi/linux/netdev.h;vendor/linux/include/uapi/linux/netdev.h:95;rewrite/configs/x86_64/frozen.config;header_closure=rewrite/metadata/header_closure.tsv;selected=PENDING_REVIEW	425f94c2954b1fe80ebdbf9b29854e89750355df	f24cb1108af94200ee7a600fac46c70a86ad7f5182fa08b8da014df602b81fd2	a67200b9de936585f98f6aed0c4e4f7733d3ba0c36f4496d97e583cb7caf9ac6	0123af9e96b58af4e98b91a2de5608d36b63c67864b9041d3340587f3dbe40d2	cfa8dcf0d81c408de38d4202fe1ce9d9e5e301d1e67439c9530da94b1e64ee3f	7484d7b0dd80f45e18d726b04752827fe28555cc5c1af0e127948380e6688abf
semantic-proposal-v1	SC1-9b27c876b1144ba1ba8c6743703f8a86a98a8d23f61454c21d1a4d9cf8eca54e	S016267	1	P01	SYMBOLS.tsv	384721	status	x86_64	include/uapi/linux/netdev.h	enum_constant	__NETDEV_A_DEV_MAX	95	PENDING_REVIEW	COMPLETE	COMPLETE	vendor/linux/include/uapi/linux/netdev.h;vendor/linux/include/uapi/linux/netdev.h:95;rewrite/configs/x86_64/frozen.config;header_closure=rewrite/metadata/header_closure.tsv;selected=PENDING_REVIEW	425f94c2954b1fe80ebdbf9b29854e89750355df	f24cb1108af94200ee7a600fac46c70a86ad7f5182fa08b8da014df602b81fd2	a67200b9de936585f98f6aed0c4e4f7733d3ba0c36f4496d97e583cb7caf9ac6	0123af9e96b58af4e98b91a2de5608d36b63c67864b9041d3340587f3dbe40d2	cfa8dcf0d81c408de38d4202fe1ce9d9e5e301d1e67439c9530da94b1e64ee3f	7484d7b0dd80f45e18d726b04752827fe28555cc5c1af0e127948380e6688abf
semantic-proposal-v1	SC1-051da24c341c6433745077edb0d79e2cb6bbbc39342b49394892eec33d9258a3	S016267	1	P01	SYMBOLS.tsv	384722	selection_expression	x86_64	include/uapi/linux/netdev.h	enum_constant	NETDEV_A_DEV_MAX	96	PENDING_REVIEW	SOURCE_REVIEWED_VALUE	COMPLETE	vendor/linux/include/uapi/linux/netdev.h;vendor/linux/include/uapi/linux/netdev.h:96;rewrite/configs/x86_64/frozen.config;header_closure=rewrite/metadata/header_closure.tsv;selected=PENDING_REVIEW	425f94c2954b1fe80ebdbf9b29854e89750355df	f24cb1108af94200ee7a600fac46c70a86ad7f5182fa08b8da014df602b81fd2	a67200b9de936585f98f6aed0c4e4f7733d3ba0c36f4496d97e583cb7caf9ac6	0123af9e96b58af4e98b91a2de5608d36b63c67864b9041d3340587f3dbe40d2	cfa8dcf0d81c408de38d4202fe1ce9d9e5e301d1e67439c9530da94b1e64ee3f	7484d7b0dd80f45e18d726b04752827fe28555cc5c1af0e127948380e6688abf
semantic-proposal-v1	SC1-1cfec86115f9b914d1046ce8f47a66b611815c8a2d5bcb62b6d58b6d385ba6c0	S016267	1	P01	SYMBOLS.tsv	384722	status	x86_64	include/uapi/linux/netdev.h	enum_constant	NETDEV_A_DEV_MAX	96	PENDING_REVIEW	COMPLETE	COMPLETE	vendor/linux/include/uapi/linux/netdev.h;vendor/linux/include/uapi/linux/netdev.h:96;rewrite/configs/x86_64/frozen.config;header_closure=rewrite/metadata/header_closure.tsv;selected=PENDING_REVIEW	425f94c2954b1fe80ebdbf9b29854e89750355df	f24cb1108af94200ee7a600fac46c70a86ad7f5182fa08b8da014df602b81fd2	a67200b9de936585f98f6aed0c4e4f7733d3ba0c36f4496d97e583cb7caf9ac6	0123af9e96b58af4e98b91a2de5608d36b63c67864b9041d3340587f3dbe40d2	cfa8dcf0d81c408de38d4202fe1ce9d9e5e301d1e67439c9530da94b1e64ee3f	7484d7b0dd80f45e18d726b04752827fe28555cc5c1af0e127948380e6688abf
semantic-proposal-v1	SC1-6550ad805d15b8d38e11a77697df0b6c0865c8a050f913df4cafebe0a872bb79	S016267	1	P01	SYMBOLS.tsv	384723	selection_expression	x86_64	include/uapi/linux/netdev.h	type	anonymous_enum@99	99	PENDING_REVIEW	SOURCE_REVIEWED_VALUE	COMPLETE	vendor/linux/include/uapi/linux/netdev.h;vendor/linux/include/uapi/linux/netdev.h:99;rewrite/configs/x86_64/frozen.config;header_closure=rewrite/metadata/header_closure.tsv;selected=PENDING_REVIEW	425f94c2954b1fe80ebdbf9b29854e89750355df	f24cb1108af94200ee7a600fac46c70a86ad7f5182fa08b8da014df602b81fd2	a67200b9de936585f98f6aed0c4e4f7733d3ba0c36f4496d97e583cb7caf9ac6	0123af9e96b58af4e98b91a2de5608d36b63c67864b9041d3340587f3dbe40d2	cfa8dcf0d81c408de38d4202fe1ce9d9e5e301d1e67439c9530da94b1e64ee3f	7484d7b0dd80f45e18d726b04752827fe28555cc5c1af0e127948380e6688abf
semantic-proposal-v1	SC1-a6afdfb46d22a4b9f8fe6f9ba185141822090e5a6e1cd1de0edd8625b735efe8	S016267	1	P01	SYMBOLS.tsv	384723	status	x86_64	include/uapi/linux/netdev.h	type	anonymous_enum@99	99	PENDING_REVIEW	COMPLETE	COMPLETE	vendor/linux/include/uapi/linux/netdev.h;vendor/linux/include/uapi/linux/netdev.h:99;rewrite/configs/x86_64/frozen.config;header_closure=rewrite/metadata/header_closure.tsv;selected=PENDING_REVIEW	425f94c2954b1fe80ebdbf9b29854e89750355df	f24cb1108af94200ee7a600fac46c70a86ad7f5182fa08b8da014df602b81fd2	a67200b9de936585f98f6aed0c4e4f7733d3ba0c36f4496d97e583cb7caf9ac6	0123af9e96b58af4e98b91a2de5608d36b63c67864b9041d3340587f3dbe40d2	cfa8dcf0d81c408de38d4202fe1ce9d9e5e301d1e67439c9530da94b1e64ee3f	7484d7b0dd80f45e18d726b04752827fe28555cc5c1af0e127948380e6688abf
semantic-proposal-v1	SC1-911aeef7ddf787452a7b656fe88d6becd0ef82bef2e1861a8017df8e02a2ee43	S016267	1	P01	SYMBOLS.tsv	384724	selection_expression	x86_64	include/uapi/linux/netdev.h	enum_constant	NETDEV_A_IO_URING_PROVIDER_INFO_RX_BUF_LEN	100	PENDING_REVIEW	SOURCE_REVIEWED_VALUE	COMPLETE	vendor/linux/include/uapi/linux/netdev.h;vendor/linux/include/uapi/linux/netdev.h:100;rewrite/configs/x86_64/frozen.config;header_closure=rewrite/metadata/header_closure.tsv;selected=PENDING_REVIEW	425f94c2954b1fe80ebdbf9b29854e89750355df	f24cb1108af94200ee7a600fac46c70a86ad7f5182fa08b8da014df602b81fd2	a67200b9de936585f98f6aed0c4e4f7733d3ba0c36f4496d97e583cb7caf9ac6	0123af9e96b58af4e98b91a2de5608d36b63c67864b9041d3340587f3dbe40d2	cfa8dcf0d81c408de38d4202fe1ce9d9e5e301d1e67439c9530da94b1e64ee3f	7484d7b0dd80f45e18d726b04752827fe28555cc5c1af0e127948380e6688abf
semantic-proposal-v1	SC1-7b391c6a25065f65664aacb774de34640a2e23b81a8f276415478c6aa28c505e	S016267	1	P01	SYMBOLS.tsv	384724	status	x86_64	include/uapi/linux/netdev.h	enum_constant	NETDEV_A_IO_URING_PROVIDER_INFO_RX_BUF_LEN	100	PENDING_REVIEW	COMPLETE	COMPLETE	vendor/linux/include/uapi/linux/netdev.h;vendor/linux/include/uapi/linux/netdev.h:100;rewrite/configs/x86_64/frozen.config;header_closure=rewrite/metadata/header_closure.tsv;selected=PENDING_REVIEW	425f94c2954b1fe80ebdbf9b29854e89750355df	f24cb1108af94200ee7a600fac46c70a86ad7f5182fa08b8da014df602b81fd2	a67200b9de936585f98f6aed0c4e4f7733d3ba0c36f4496d97e583cb7caf9ac6	0123af9e96b58af4e98b91a2de5608d36b63c67864b9041d3340587f3dbe40d2	cfa8dcf0d81c408de38d4202fe1ce9d9e5e301d1e67439c9530da94b1e64ee3f	7484d7b0dd80f45e18d726b04752827fe28555cc5c1af0e127948380e6688abf
semantic-proposal-v1	SC1-b47731acbeabd168865b2bc8cd0975772f1446c151b2fd57ead9b3e9cc0aa30c	S016267	1	P01	SYMBOLS.tsv	384725	selection_expression	x86_64	include/uapi/linux/netdev.h	enum_constant	__NETDEV_A_IO_URING_PROVIDER_INFO_MAX	102	PENDING_REVIEW	SOURCE_REVIEWED_VALUE	COMPLETE	vendor/linux/include/uapi/linux/netdev.h;vendor/linux/include/uapi/linux/netdev.h:102;rewrite/configs/x86_64/frozen.config;header_closure=rewrite/metadata/header_closure.tsv;selected=PENDING_REVIEW	425f94c2954b1fe80ebdbf9b29854e89750355df	f24cb1108af94200ee7a600fac46c70a86ad7f5182fa08b8da014df602b81fd2	a67200b9de936585f98f6aed0c4e4f7733d3ba0c36f4496d97e583cb7caf9ac6	0123af9e96b58af4e98b91a2de5608d36b63c67864b9041d3340587f3dbe40d2	cfa8dcf0d81c408de38d4202fe1ce9d9e5e301d1e67439c9530da94b1e64ee3f	7484d7b0dd80f45e18d726b04752827fe28555cc5c1af0e127948380e6688abf
semantic-proposal-v1	SC1-17252f596538ecd38a0b5228ebf730213e116c03434e4cbd118de3b6c5231b0c	S016267	1	P01	SYMBOLS.tsv	384725	status	x86_64	include/uapi/linux/netdev.h	enum_constant	__NETDEV_A_IO_URING_PROVIDER_INFO_MAX	102	PENDING_REVIEW	COMPLETE	COMPLETE	vendor/linux/include/uapi/linux/netdev.h;vendor/linux/include/uapi/linux/netdev.h:102;rewrite/configs/x86_64/frozen.config;header_closure=rewrite/metadata/header_closure.tsv;selected=PENDING_REVIEW	425f94c2954b1fe80ebdbf9b29854e89750355df	f24cb1108af94200ee7a600fac46c70a86ad7f5182fa08b8da014df602b81fd2	a67200b9de936585f98f6aed0c4e4f7733d3ba0c36f4496d97e583cb7caf9ac6	0123af9e96b58af4e98b91a2de5608d36b63c67864b9041d3340587f3dbe40d2	cfa8dcf0d81c408de38d4202fe1ce9d9e5e301d1e67439c9530da94b1e64ee3f	7484d7b0dd80f45e18d726b04752827fe28555cc5c1af0e127948380e6688abf
semantic-proposal-v1	SC1-12c32f273aff9c353634d88052a1efda7168c00317d4bcd120deffc689f5a246	S016267	1	P01	SYMBOLS.tsv	384726	selection_expression	x86_64	include/uapi/linux/netdev.h	enum_constant	NETDEV_A_IO_URING_PROVIDER_INFO_MAX	103	PENDING_REVIEW	SOURCE_REVIEWED_VALUE	COMPLETE	vendor/linux/include/uapi/linux/netdev.h;vendor/linux/include/uapi/linux/netdev.h:103;rewrite/configs/x86_64/frozen.config;header_closure=rewrite/metadata/header_closure.tsv;selected=PENDING_REVIEW	425f94c2954b1fe80ebdbf9b29854e89750355df	f24cb1108af94200ee7a600fac46c70a86ad7f5182fa08b8da014df602b81fd2	a67200b9de936585f98f6aed0c4e4f7733d3ba0c36f4496d97e583cb7caf9ac6	0123af9e96b58af4e98b91a2de5608d36b63c67864b9041d3340587f3dbe40d2	cfa8dcf0d81c408de38d4202fe1ce9d9e5e301d1e67439c9530da94b1e64ee3f	7484d7b0dd80f45e18d726b04752827fe28555cc5c1af0e127948380e6688abf
semantic-proposal-v1	SC1-698a5ac8cce20430d102d040511582a6299c44d8f2509a8aeec6d21b3557ddf0	S016267	1	P01	SYMBOLS.tsv	384726	status	x86_64	include/uapi/linux/netdev.h	enum_constant	NETDEV_A_IO_URING_PROVIDER_INFO_MAX	103	PENDING_REVIEW	COMPLETE	COMPLETE	vendor/linux/include/uapi/linux/netdev.h;vendor/linux/include/uapi/linux/netdev.h:103;rewrite/configs/x86_64/frozen.config;header_closure=rewrite/metadata/header_closure.tsv;selected=PENDING_REVIEW	425f94c2954b1fe80ebdbf9b29854e89750355df	f24cb1108af94200ee7a600fac46c70a86ad7f5182fa08b8da014df602b81fd2	a67200b9de936585f98f6aed0c4e4f7733d3ba0c36f4496d97e583cb7caf9ac6	0123af9e96b58af4e98b91a2de5608d36b63c67864b9041d3340587f3dbe40d2	cfa8dcf0d81c408de38d4202fe1ce9d9e5e301d1e67439c9530da94b1e64ee3f	7484d7b0dd80f45e18d726b04752827fe28555cc5c1af0e127948380e6688abf
semantic-proposal-v1	SC1-c7c74ecf0cded69b01f06d684f4008e977b9d5f8a7dd58bbae4d86e87734f085	S016267	1	P01	SYMBOLS.tsv	384727	selection_expression	x86_64	include/uapi/linux/netdev.h	type	anonymous_enum@106	106	PENDING_REVIEW	SOURCE_REVIEWED_VALUE	COMPLETE	vendor/linux/include/uapi/linux/netdev.h;vendor/linux/include/uapi/linux/netdev.h:106;rewrite/configs/x86_64/frozen.config;header_closure=rewrite/metadata/header_closure.tsv;selected=PENDING_REVIEW	425f94c2954b1fe80ebdbf9b29854e89750355df	f24cb1108af94200ee7a600fac46c70a86ad7f5182fa08b8da014df602b81fd2	a67200b9de936585f98f6aed0c4e4f7733d3ba0c36f4496d97e583cb7caf9ac6	0123af9e96b58af4e98b91a2de5608d36b63c67864b9041d3340587f3dbe40d2	cfa8dcf0d81c408de38d4202fe1ce9d9e5e301d1e67439c9530da94b1e64ee3f	7484d7b0dd80f45e18d726b04752827fe28555cc5c1af0e127948380e6688abf
semantic-proposal-v1	SC1-6a5e1f7a8daa4994995878523bc42c786b1667d1f410967d91e95c433e289183	S016267	1	P01	SYMBOLS.tsv	384727	status	x86_64	include/uapi/linux/netdev.h	type	anonymous_enum@106	106	PENDING_REVIEW	COMPLETE	COMPLETE	vendor/linux/include/uapi/linux/netdev.h;vendor/linux/include/uapi/linux/netdev.h:106;rewrite/configs/x86_64/frozen.config;header_closure=rewrite/metadata/header_closure.tsv;selected=PENDING_REVIEW	425f94c2954b1fe80ebdbf9b29854e89750355df	f24cb1108af94200ee7a600fac46c70a86ad7f5182fa08b8da014df602b81fd2	a67200b9de936585f98f6aed0c4e4f7733d3ba0c36f4496d97e583cb7caf9ac6	0123af9e96b58af4e98b91a2de5608d36b63c67864b9041d3340587f3dbe40d2	cfa8dcf0d81c408de38d4202fe1ce9d9e5e301d1e67439c9530da94b1e64ee3f	7484d7b0dd80f45e18d726b04752827fe28555cc5c1af0e127948380e6688abf
semantic-proposal-v1	SC1-df9f4f6d98211f83a4707b306adfbf468eaddc60df0d751e2d928f09ff7d5601	S016267	1	P01	SYMBOLS.tsv	384728	selection_expression	x86_64	include/uapi/linux/netdev.h	enum_constant	NETDEV_A_PAGE_POOL_ID	107	PENDING_REVIEW	SOURCE_REVIEWED_VALUE	COMPLETE	vendor/linux/include/uapi/linux/netdev.h;vendor/linux/include/uapi/linux/netdev.h:107;rewrite/configs/x86_64/frozen.config;header_closure=rewrite/metadata/header_closure.tsv;selected=PENDING_REVIEW	425f94c2954b1fe80ebdbf9b29854e89750355df	f24cb1108af94200ee7a600fac46c70a86ad7f5182fa08b8da014df602b81fd2	a67200b9de936585f98f6aed0c4e4f7733d3ba0c36f4496d97e583cb7caf9ac6	0123af9e96b58af4e98b91a2de5608d36b63c67864b9041d3340587f3dbe40d2	cfa8dcf0d81c408de38d4202fe1ce9d9e5e301d1e67439c9530da94b1e64ee3f	7484d7b0dd80f45e18d726b04752827fe28555cc5c1af0e127948380e6688abf
semantic-proposal-v1	SC1-3bce38b6629abf08585fbc32a24a7c8f1cf9b9db9a08a9f030c6d94d01749fcc	S016267	1	P01	SYMBOLS.tsv	384728	status	x86_64	include/uapi/linux/netdev.h	enum_constant	NETDEV_A_PAGE_POOL_ID	107	PENDING_REVIEW	COMPLETE	COMPLETE	vendor/linux/include/uapi/linux/netdev.h;vendor/linux/include/uapi/linux/netdev.h:107;rewrite/configs/x86_64/frozen.config;header_closure=rewrite/metadata/header_closure.tsv;selected=PENDING_REVIEW	425f94c2954b1fe80ebdbf9b29854e89750355df	f24cb1108af94200ee7a600fac46c70a86ad7f5182fa08b8da014df602b81fd2	a67200b9de936585f98f6aed0c4e4f7733d3ba0c36f4496d97e583cb7caf9ac6	0123af9e96b58af4e98b91a2de5608d36b63c67864b9041d3340587f3dbe40d2	cfa8dcf0d81c408de38d4202fe1ce9d9e5e301d1e67439c9530da94b1e64ee3f	7484d7b0dd80f45e18d726b04752827fe28555cc5c1af0e127948380e6688abf
semantic-proposal-v1	SC1-2ac7edceda1137e0d58b508d95e1892899df20c33cd6b92dc00c54759b96ac52	S016267	1	P01	SYMBOLS.tsv	384729	selection_expression	x86_64	include/uapi/linux/netdev.h	enum_constant	NETDEV_A_PAGE_POOL_IFINDEX	108	PENDING_REVIEW	SOURCE_REVIEWED_VALUE	COMPLETE	vendor/linux/include/uapi/linux/netdev.h;vendor/linux/include/uapi/linux/netdev.h:108;rewrite/configs/x86_64/frozen.config;header_closure=rewrite/metadata/header_closure.tsv;selected=PENDING_REVIEW	425f94c2954b1fe80ebdbf9b29854e89750355df	f24cb1108af94200ee7a600fac46c70a86ad7f5182fa08b8da014df602b81fd2	a67200b9de936585f98f6aed0c4e4f7733d3ba0c36f4496d97e583cb7caf9ac6	0123af9e96b58af4e98b91a2de5608d36b63c67864b9041d3340587f3dbe40d2	cfa8dcf0d81c408de38d4202fe1ce9d9e5e301d1e67439c9530da94b1e64ee3f	7484d7b0dd80f45e18d726b04752827fe28555cc5c1af0e127948380e6688abf
semantic-proposal-v1	SC1-f1aa6d2db2702b86f2a1ba2d7040f2253f8aac5b6737af5278623a7e47ee7b1c	S016267	1	P01	SYMBOLS.tsv	384729	status	x86_64	include/uapi/linux/netdev.h	enum_constant	NETDEV_A_PAGE_POOL_IFINDEX	108	PENDING_REVIEW	COMPLETE	COMPLETE	vendor/linux/include/uapi/linux/netdev.h;vendor/linux/include/uapi/linux/netdev.h:108;rewrite/configs/x86_64/frozen.config;header_closure=rewrite/metadata/header_closure.tsv;selected=PENDING_REVIEW	425f94c2954b1fe80ebdbf9b29854e89750355df	f24cb1108af94200ee7a600fac46c70a86ad7f5182fa08b8da014df602b81fd2	a67200b9de936585f98f6aed0c4e4f7733d3ba0c36f4496d97e583cb7caf9ac6	0123af9e96b58af4e98b91a2de5608d36b63c67864b9041d3340587f3dbe40d2	cfa8dcf0d81c408de38d4202fe1ce9d9e5e301d1e67439c9530da94b1e64ee3f	7484d7b0dd80f45e18d726b04752827fe28555cc5c1af0e127948380e6688abf
semantic-proposal-v1	SC1-ceb4396aa502ddf990b0f8b0f57231cc5d00edd60d88d684524ecc1fc94c0502	S016267	1	P01	SYMBOLS.tsv	384730	selection_expression	x86_64	include/uapi/linux/netdev.h	enum_constant	NETDEV_A_PAGE_POOL_NAPI_ID	109	PENDING_REVIEW	SOURCE_REVIEWED_VALUE	COMPLETE	vendor/linux/include/uapi/linux/netdev.h;vendor/linux/include/uapi/linux/netdev.h:109;rewrite/configs/x86_64/frozen.config;header_closure=rewrite/metadata/header_closure.tsv;selected=PENDING_REVIEW	425f94c2954b1fe80ebdbf9b29854e89750355df	f24cb1108af94200ee7a600fac46c70a86ad7f5182fa08b8da014df602b81fd2	a67200b9de936585f98f6aed0c4e4f7733d3ba0c36f4496d97e583cb7caf9ac6	0123af9e96b58af4e98b91a2de5608d36b63c67864b9041d3340587f3dbe40d2	cfa8dcf0d81c408de38d4202fe1ce9d9e5e301d1e67439c9530da94b1e64ee3f	7484d7b0dd80f45e18d726b04752827fe28555cc5c1af0e127948380e6688abf
semantic-proposal-v1	SC1-fdb1ac2e4744afdd31da960d1bd259fc23df3aa6f735e5219cd1ccf2e5516b6d	S016267	1	P01	SYMBOLS.tsv	384730	status	x86_64	include/uapi/linux/netdev.h	enum_constant	NETDEV_A_PAGE_POOL_NAPI_ID	109	PENDING_REVIEW	COMPLETE	COMPLETE	vendor/linux/include/uapi/linux/netdev.h;vendor/linux/include/uapi/linux/netdev.h:109;rewrite/configs/x86_64/frozen.config;header_closure=rewrite/metadata/header_closure.tsv;selected=PENDING_REVIEW	425f94c2954b1fe80ebdbf9b29854e89750355df	f24cb1108af94200ee7a600fac46c70a86ad7f5182fa08b8da014df602b81fd2	a67200b9de936585f98f6aed0c4e4f7733d3ba0c36f4496d97e583cb7caf9ac6	0123af9e96b58af4e98b91a2de5608d36b63c67864b9041d3340587f3dbe40d2	cfa8dcf0d81c408de38d4202fe1ce9d9e5e301d1e67439c9530da94b1e64ee3f	7484d7b0dd80f45e18d726b04752827fe28555cc5c1af0e127948380e6688abf
semantic-proposal-v1	SC1-48fd737e199f277572b6932ef0225bc9d6197317bfcd6c3048205032e3b9b1dd	S016267	1	P01	SYMBOLS.tsv	384731	selection_expression	x86_64	include/uapi/linux/netdev.h	enum_constant	NETDEV_A_PAGE_POOL_INFLIGHT	110	PENDING_REVIEW	SOURCE_REVIEWED_VALUE	COMPLETE	vendor/linux/include/uapi/linux/netdev.h;vendor/linux/include/uapi/linux/netdev.h:110;rewrite/configs/x86_64/frozen.config;header_closure=rewrite/metadata/header_closure.tsv;selected=PENDING_REVIEW	425f94c2954b1fe80ebdbf9b29854e89750355df	f24cb1108af94200ee7a600fac46c70a86ad7f5182fa08b8da014df602b81fd2	a67200b9de936585f98f6aed0c4e4f7733d3ba0c36f4496d97e583cb7caf9ac6	0123af9e96b58af4e98b91a2de5608d36b63c67864b9041d3340587f3dbe40d2	cfa8dcf0d81c408de38d4202fe1ce9d9e5e301d1e67439c9530da94b1e64ee3f	7484d7b0dd80f45e18d726b04752827fe28555cc5c1af0e127948380e6688abf
semantic-proposal-v1	SC1-0c23040e015dd5168c855b3b2624ba7b42b297d0cc5b092a7c7555572d29629b	S016267	1	P01	SYMBOLS.tsv	384731	status	x86_64	include/uapi/linux/netdev.h	enum_constant	NETDEV_A_PAGE_POOL_INFLIGHT	110	PENDING_REVIEW	COMPLETE	COMPLETE	vendor/linux/include/uapi/linux/netdev.h;vendor/linux/include/uapi/linux/netdev.h:110;rewrite/configs/x86_64/frozen.config;header_closure=rewrite/metadata/header_closure.tsv;selected=PENDING_REVIEW	425f94c2954b1fe80ebdbf9b29854e89750355df	f24cb1108af94200ee7a600fac46c70a86ad7f5182fa08b8da014df602b81fd2	a67200b9de936585f98f6aed0c4e4f7733d3ba0c36f4496d97e583cb7caf9ac6	0123af9e96b58af4e98b91a2de5608d36b63c67864b9041d3340587f3dbe40d2	cfa8dcf0d81c408de38d4202fe1ce9d9e5e301d1e67439c9530da94b1e64ee3f	7484d7b0dd80f45e18d726b04752827fe28555cc5c1af0e127948380e6688abf
semantic-proposal-v1	SC1-c1e549fac1e1d069826ffe34d6d72da826b68e2e78447aa7fa93e0e25f1a35cd	S016267	1	P01	SYMBOLS.tsv	384732	selection_expression	x86_64	include/uapi/linux/netdev.h	enum_constant	NETDEV_A_PAGE_POOL_INFLIGHT_MEM	111	PENDING_REVIEW	SOURCE_REVIEWED_VALUE	COMPLETE	vendor/linux/include/uapi/linux/netdev.h;vendor/linux/include/uapi/linux/netdev.h:111;rewrite/configs/x86_64/frozen.config;header_closure=rewrite/metadata/header_closure.tsv;selected=PENDING_REVIEW	425f94c2954b1fe80ebdbf9b29854e89750355df	f24cb1108af94200ee7a600fac46c70a86ad7f5182fa08b8da014df602b81fd2	a67200b9de936585f98f6aed0c4e4f7733d3ba0c36f4496d97e583cb7caf9ac6	0123af9e96b58af4e98b91a2de5608d36b63c67864b9041d3340587f3dbe40d2	cfa8dcf0d81c408de38d4202fe1ce9d9e5e301d1e67439c9530da94b1e64ee3f	7484d7b0dd80f45e18d726b04752827fe28555cc5c1af0e127948380e6688abf
semantic-proposal-v1	SC1-3c93963e1f2a1179838e88f7790c53dc68c4aad8af4dd08f823daea9896a5148	S016267	1	P01	SYMBOLS.tsv	384732	status	x86_64	include/uapi/linux/netdev.h	enum_constant	NETDEV_A_PAGE_POOL_INFLIGHT_MEM	111	PENDING_REVIEW	COMPLETE	COMPLETE	vendor/linux/include/uapi/linux/netdev.h;vendor/linux/include/uapi/linux/netdev.h:111;rewrite/configs/x86_64/frozen.config;header_closure=rewrite/metadata/header_closure.tsv;selected=PENDING_REVIEW	425f94c2954b1fe80ebdbf9b29854e89750355df	f24cb1108af94200ee7a600fac46c70a86ad7f5182fa08b8da014df602b81fd2	a67200b9de936585f98f6aed0c4e4f7733d3ba0c36f4496d97e583cb7caf9ac6	0123af9e96b58af4e98b91a2de5608d36b63c67864b9041d3340587f3dbe40d2	cfa8dcf0d81c408de38d4202fe1ce9d9e5e301d1e67439c9530da94b1e64ee3f	7484d7b0dd80f45e18d726b04752827fe28555cc5c1af0e127948380e6688abf
semantic-proposal-v1	SC1-f76396ccbfa64fe97bb521f8dc055914db0d1164151b73ea7b23c36d6ad666f4	S016267	1	P01	SYMBOLS.tsv	384733	selection_expression	x86_64	include/uapi/linux/netdev.h	enum_constant	NETDEV_A_PAGE_POOL_DETACH_TIME	112	PENDING_REVIEW	SOURCE_REVIEWED_VALUE	COMPLETE	vendor/linux/include/uapi/linux/netdev.h;vendor/linux/include/uapi/linux/netdev.h:112;rewrite/configs/x86_64/frozen.config;header_closure=rewrite/metadata/header_closure.tsv;selected=PENDING_REVIEW	425f94c2954b1fe80ebdbf9b29854e89750355df	f24cb1108af94200ee7a600fac46c70a86ad7f5182fa08b8da014df602b81fd2	a67200b9de936585f98f6aed0c4e4f7733d3ba0c36f4496d97e583cb7caf9ac6	0123af9e96b58af4e98b91a2de5608d36b63c67864b9041d3340587f3dbe40d2	cfa8dcf0d81c408de38d4202fe1ce9d9e5e301d1e67439c9530da94b1e64ee3f	7484d7b0dd80f45e18d726b04752827fe28555cc5c1af0e127948380e6688abf
semantic-proposal-v1	SC1-c22a6be7531870e463ea5d137f3beebdb061c85d5fdc85562f0b6afd6101f0f3	S016267	1	P01	SYMBOLS.tsv	384733	status	x86_64	include/uapi/linux/netdev.h	enum_constant	NETDEV_A_PAGE_POOL_DETACH_TIME	112	PENDING_REVIEW	COMPLETE	COMPLETE	vendor/linux/include/uapi/linux/netdev.h;vendor/linux/include/uapi/linux/netdev.h:112;rewrite/configs/x86_64/frozen.config;header_closure=rewrite/metadata/header_closure.tsv;selected=PENDING_REVIEW	425f94c2954b1fe80ebdbf9b29854e89750355df	f24cb1108af94200ee7a600fac46c70a86ad7f5182fa08b8da014df602b81fd2	a67200b9de936585f98f6aed0c4e4f7733d3ba0c36f4496d97e583cb7caf9ac6	0123af9e96b58af4e98b91a2de5608d36b63c67864b9041d3340587f3dbe40d2	cfa8dcf0d81c408de38d4202fe1ce9d9e5e301d1e67439c9530da94b1e64ee3f	7484d7b0dd80f45e18d726b04752827fe28555cc5c1af0e127948380e6688abf
semantic-proposal-v1	SC1-c26517723acee2c767fe01a976b69d0d87e113ad140c61f412fa3eef2fd8a609	S016267	1	P01	SYMBOLS.tsv	384734	selection_expression	x86_64	include/uapi/linux/netdev.h	enum_constant	NETDEV_A_PAGE_POOL_DMABUF	113	PENDING_REVIEW	SOURCE_REVIEWED_VALUE	COMPLETE	vendor/linux/include/uapi/linux/netdev.h;vendor/linux/include/uapi/linux/netdev.h:113;rewrite/configs/x86_64/frozen.config;header_closure=rewrite/metadata/header_closure.tsv;selected=PENDING_REVIEW	425f94c2954b1fe80ebdbf9b29854e89750355df	f24cb1108af94200ee7a600fac46c70a86ad7f5182fa08b8da014df602b81fd2	a67200b9de936585f98f6aed0c4e4f7733d3ba0c36f4496d97e583cb7caf9ac6	0123af9e96b58af4e98b91a2de5608d36b63c67864b9041d3340587f3dbe40d2	cfa8dcf0d81c408de38d4202fe1ce9d9e5e301d1e67439c9530da94b1e64ee3f	7484d7b0dd80f45e18d726b04752827fe28555cc5c1af0e127948380e6688abf
semantic-proposal-v1	SC1-76d21495a99b3075c29623f77045baa333d73ed0ae6f1b2090285e97a8be9ab4	S016267	1	P01	SYMBOLS.tsv	384734	status	x86_64	include/uapi/linux/netdev.h	enum_constant	NETDEV_A_PAGE_POOL_DMABUF	113	PENDING_REVIEW	COMPLETE	COMPLETE	vendor/linux/include/uapi/linux/netdev.h;vendor/linux/include/uapi/linux/netdev.h:113;rewrite/configs/x86_64/frozen.config;header_closure=rewrite/metadata/header_closure.tsv;selected=PENDING_REVIEW	425f94c2954b1fe80ebdbf9b29854e89750355df	f24cb1108af94200ee7a600fac46c70a86ad7f5182fa08b8da014df602b81fd2	a67200b9de936585f98f6aed0c4e4f7733d3ba0c36f4496d97e583cb7caf9ac6	0123af9e96b58af4e98b91a2de5608d36b63c67864b9041d3340587f3dbe40d2	cfa8dcf0d81c408de38d4202fe1ce9d9e5e301d1e67439c9530da94b1e64ee3f	7484d7b0dd80f45e18d726b04752827fe28555cc5c1af0e127948380e6688abf
semantic-proposal-v1	SC1-27833f0412c2301ac75fd281dc5d8e951048423f42e214cb9ef7573ef75c3c12	S016267	1	P01	SYMBOLS.tsv	384735	selection_expression	x86_64	include/uapi/linux/netdev.h	enum_constant	NETDEV_A_PAGE_POOL_IO_URING	114	PENDING_REVIEW	SOURCE_REVIEWED_VALUE	COMPLETE	vendor/linux/include/uapi/linux/netdev.h;vendor/linux/include/uapi/linux/netdev.h:114;rewrite/configs/x86_64/frozen.config;header_closure=rewrite/metadata/header_closure.tsv;selected=PENDING_REVIEW	425f94c2954b1fe80ebdbf9b29854e89750355df	f24cb1108af94200ee7a600fac46c70a86ad7f5182fa08b8da014df602b81fd2	a67200b9de936585f98f6aed0c4e4f7733d3ba0c36f4496d97e583cb7caf9ac6	0123af9e96b58af4e98b91a2de5608d36b63c67864b9041d3340587f3dbe40d2	cfa8dcf0d81c408de38d4202fe1ce9d9e5e301d1e67439c9530da94b1e64ee3f	7484d7b0dd80f45e18d726b04752827fe28555cc5c1af0e127948380e6688abf
semantic-proposal-v1	SC1-d8e5dcf4d40af605e089ef5ac993061e390ae9f8547ffa9bfdfa7355bca69783	S016267	1	P01	SYMBOLS.tsv	384735	status	x86_64	include/uapi/linux/netdev.h	enum_constant	NETDEV_A_PAGE_POOL_IO_URING	114	PENDING_REVIEW	COMPLETE	COMPLETE	vendor/linux/include/uapi/linux/netdev.h;vendor/linux/include/uapi/linux/netdev.h:114;rewrite/configs/x86_64/frozen.config;header_closure=rewrite/metadata/header_closure.tsv;selected=PENDING_REVIEW	425f94c2954b1fe80ebdbf9b29854e89750355df	f24cb1108af94200ee7a600fac46c70a86ad7f5182fa08b8da014df602b81fd2	a67200b9de936585f98f6aed0c4e4f7733d3ba0c36f4496d97e583cb7caf9ac6	0123af9e96b58af4e98b91a2de5608d36b63c67864b9041d3340587f3dbe40d2	cfa8dcf0d81c408de38d4202fe1ce9d9e5e301d1e67439c9530da94b1e64ee3f	7484d7b0dd80f45e18d726b04752827fe28555cc5c1af0e127948380e6688abf
semantic-proposal-v1	SC1-7f57ab885bba5a368f1732f9dc57c48899092dfc0605e371a70e41390fe1f09f	S016267	1	P01	SYMBOLS.tsv	384736	selection_expression	x86_64	include/uapi/linux/netdev.h	enum_constant	__NETDEV_A_PAGE_POOL_MAX	116	PENDING_REVIEW	SOURCE_REVIEWED_VALUE	COMPLETE	vendor/linux/include/uapi/linux/netdev.h;vendor/linux/include/uapi/linux/netdev.h:116;rewrite/configs/x86_64/frozen.config;header_closure=rewrite/metadata/header_closure.tsv;selected=PENDING_REVIEW	425f94c2954b1fe80ebdbf9b29854e89750355df	f24cb1108af94200ee7a600fac46c70a86ad7f5182fa08b8da014df602b81fd2	a67200b9de936585f98f6aed0c4e4f7733d3ba0c36f4496d97e583cb7caf9ac6	0123af9e96b58af4e98b91a2de5608d36b63c67864b9041d3340587f3dbe40d2	cfa8dcf0d81c408de38d4202fe1ce9d9e5e301d1e67439c9530da94b1e64ee3f	7484d7b0dd80f45e18d726b04752827fe28555cc5c1af0e127948380e6688abf
semantic-proposal-v1	SC1-d20bcbdcaf33d1bc3451244920a7e2fbdb933561898d8db424fe8efc5349a382	S016267	1	P01	SYMBOLS.tsv	384736	status	x86_64	include/uapi/linux/netdev.h	enum_constant	__NETDEV_A_PAGE_POOL_MAX	116	PENDING_REVIEW	COMPLETE	COMPLETE	vendor/linux/include/uapi/linux/netdev.h;vendor/linux/include/uapi/linux/netdev.h:116;rewrite/configs/x86_64/frozen.config;header_closure=rewrite/metadata/header_closure.tsv;selected=PENDING_REVIEW	425f94c2954b1fe80ebdbf9b29854e89750355df	f24cb1108af94200ee7a600fac46c70a86ad7f5182fa08b8da014df602b81fd2	a67200b9de936585f98f6aed0c4e4f7733d3ba0c36f4496d97e583cb7caf9ac6	0123af9e96b58af4e98b91a2de5608d36b63c67864b9041d3340587f3dbe40d2	cfa8dcf0d81c408de38d4202fe1ce9d9e5e301d1e67439c9530da94b1e64ee3f	7484d7b0dd80f45e18d726b04752827fe28555cc5c1af0e127948380e6688abf
semantic-proposal-v1	SC1-4ab255bc19388597b71d1407face50382ac588cc5e8bbac77d1bbd226f168f00	S016267	1	P01	SYMBOLS.tsv	384737	selection_expression	x86_64	include/uapi/linux/netdev.h	enum_constant	NETDEV_A_PAGE_POOL_MAX	117	PENDING_REVIEW	SOURCE_REVIEWED_VALUE	COMPLETE	vendor/linux/include/uapi/linux/netdev.h;vendor/linux/include/uapi/linux/netdev.h:117;rewrite/configs/x86_64/frozen.config;header_closure=rewrite/metadata/header_closure.tsv;selected=PENDING_REVIEW	425f94c2954b1fe80ebdbf9b29854e89750355df	f24cb1108af94200ee7a600fac46c70a86ad7f5182fa08b8da014df602b81fd2	a67200b9de936585f98f6aed0c4e4f7733d3ba0c36f4496d97e583cb7caf9ac6	0123af9e96b58af4e98b91a2de5608d36b63c67864b9041d3340587f3dbe40d2	cfa8dcf0d81c408de38d4202fe1ce9d9e5e301d1e67439c9530da94b1e64ee3f	7484d7b0dd80f45e18d726b04752827fe28555cc5c1af0e127948380e6688abf
semantic-proposal-v1	SC1-da77e737959e720cea8b071aa669e5a18d6a1fc834e4ae309ca59b2dcc5ed5be	S016267	1	P01	SYMBOLS.tsv	384737	status	x86_64	include/uapi/linux/netdev.h	enum_constant	NETDEV_A_PAGE_POOL_MAX	117	PENDING_REVIEW	COMPLETE	COMPLETE	vendor/linux/include/uapi/linux/netdev.h;vendor/linux/include/uapi/linux/netdev.h:117;rewrite/configs/x86_64/frozen.config;header_closure=rewrite/metadata/header_closure.tsv;selected=PENDING_REVIEW	425f94c2954b1fe80ebdbf9b29854e89750355df	f24cb1108af94200ee7a600fac46c70a86ad7f5182fa08b8da014df602b81fd2	a67200b9de936585f98f6aed0c4e4f7733d3ba0c36f4496d97e583cb7caf9ac6	0123af9e96b58af4e98b91a2de5608d36b63c67864b9041d3340587f3dbe40d2	cfa8dcf0d81c408de38d4202fe1ce9d9e5e301d1e67439c9530da94b1e64ee3f	7484d7b0dd80f45e18d726b04752827fe28555cc5c1af0e127948380e6688abf
semantic-proposal-v1	SC1-a11532a4fd05387db609063548907a57e82cf0fdb3fd769fc140f7764f242bb8	S016267	1	P01	SYMBOLS.tsv	384738	selection_expression	x86_64	include/uapi/linux/netdev.h	type	anonymous_enum@120	120	PENDING_REVIEW	SOURCE_REVIEWED_VALUE	COMPLETE	vendor/linux/include/uapi/linux/netdev.h;vendor/linux/include/uapi/linux/netdev.h:120;rewrite/configs/x86_64/frozen.config;header_closure=rewrite/metadata/header_closure.tsv;selected=PENDING_REVIEW	425f94c2954b1fe80ebdbf9b29854e89750355df	f24cb1108af94200ee7a600fac46c70a86ad7f5182fa08b8da014df602b81fd2	a67200b9de936585f98f6aed0c4e4f7733d3ba0c36f4496d97e583cb7caf9ac6	0123af9e96b58af4e98b91a2de5608d36b63c67864b9041d3340587f3dbe40d2	cfa8dcf0d81c408de38d4202fe1ce9d9e5e301d1e67439c9530da94b1e64ee3f	7484d7b0dd80f45e18d726b04752827fe28555cc5c1af0e127948380e6688abf
semantic-proposal-v1	SC1-d15728995f4f59168e4fa7b8e1fb8f07ea28615c339d62ad8897a4ecb391511f	S016267	1	P01	SYMBOLS.tsv	384738	status	x86_64	include/uapi/linux/netdev.h	type	anonymous_enum@120	120	PENDING_REVIEW	COMPLETE	COMPLETE	vendor/linux/include/uapi/linux/netdev.h;vendor/linux/include/uapi/linux/netdev.h:120;rewrite/configs/x86_64/frozen.config;header_closure=rewrite/metadata/header_closure.tsv;selected=PENDING_REVIEW	425f94c2954b1fe80ebdbf9b29854e89750355df	f24cb1108af94200ee7a600fac46c70a86ad7f5182fa08b8da014df602b81fd2	a67200b9de936585f98f6aed0c4e4f7733d3ba0c36f4496d97e583cb7caf9ac6	0123af9e96b58af4e98b91a2de5608d36b63c67864b9041d3340587f3dbe40d2	cfa8dcf0d81c408de38d4202fe1ce9d9e5e301d1e67439c9530da94b1e64ee3f	7484d7b0dd80f45e18d726b04752827fe28555cc5c1af0e127948380e6688abf
semantic-proposal-v1	SC1-d4e1457c77e9d5f0b8b406110ecd085f70e02552a036dbb03e054d0d3b635fa7	S016267	1	P01	SYMBOLS.tsv	384739	selection_expression	x86_64	include/uapi/linux/netdev.h	enum_constant	NETDEV_A_PAGE_POOL_STATS_INFO	121	PENDING_REVIEW	SOURCE_REVIEWED_VALUE	COMPLETE	vendor/linux/include/uapi/linux/netdev.h;vendor/linux/include/uapi/linux/netdev.h:121;rewrite/configs/x86_64/frozen.config;header_closure=rewrite/metadata/header_closure.tsv;selected=PENDING_REVIEW	425f94c2954b1fe80ebdbf9b29854e89750355df	f24cb1108af94200ee7a600fac46c70a86ad7f5182fa08b8da014df602b81fd2	a67200b9de936585f98f6aed0c4e4f7733d3ba0c36f4496d97e583cb7caf9ac6	0123af9e96b58af4e98b91a2de5608d36b63c67864b9041d3340587f3dbe40d2	cfa8dcf0d81c408de38d4202fe1ce9d9e5e301d1e67439c9530da94b1e64ee3f	7484d7b0dd80f45e18d726b04752827fe28555cc5c1af0e127948380e6688abf
semantic-proposal-v1	SC1-e9f136907c6eee7749ab52b09ba4159b9b3d29883737a30f66554d259c88a739	S016267	1	P01	SYMBOLS.tsv	384739	status	x86_64	include/uapi/linux/netdev.h	enum_constant	NETDEV_A_PAGE_POOL_STATS_INFO	121	PENDING_REVIEW	COMPLETE	COMPLETE	vendor/linux/include/uapi/linux/netdev.h;vendor/linux/include/uapi/linux/netdev.h:121;rewrite/configs/x86_64/frozen.config;header_closure=rewrite/metadata/header_closure.tsv;selected=PENDING_REVIEW	425f94c2954b1fe80ebdbf9b29854e89750355df	f24cb1108af94200ee7a600fac46c70a86ad7f5182fa08b8da014df602b81fd2	a67200b9de936585f98f6aed0c4e4f7733d3ba0c36f4496d97e583cb7caf9ac6	0123af9e96b58af4e98b91a2de5608d36b63c67864b9041d3340587f3dbe40d2	cfa8dcf0d81c408de38d4202fe1ce9d9e5e301d1e67439c9530da94b1e64ee3f	7484d7b0dd80f45e18d726b04752827fe28555cc5c1af0e127948380e6688abf
semantic-proposal-v1	SC1-aa5b392304b3f90a98b25ea8cf097034bb43f0c9a93cd84334414d387b025013	S016267	1	P01	SYMBOLS.tsv	384740	selection_expression	x86_64	include/uapi/linux/netdev.h	enum_constant	NETDEV_A_PAGE_POOL_STATS_ALLOC_FAST	122	PENDING_REVIEW	SOURCE_REVIEWED_VALUE	COMPLETE	vendor/linux/include/uapi/linux/netdev.h;vendor/linux/include/uapi/linux/netdev.h:122;rewrite/configs/x86_64/frozen.config;header_closure=rewrite/metadata/header_closure.tsv;selected=PENDING_REVIEW	425f94c2954b1fe80ebdbf9b29854e89750355df	f24cb1108af94200ee7a600fac46c70a86ad7f5182fa08b8da014df602b81fd2	a67200b9de936585f98f6aed0c4e4f7733d3ba0c36f4496d97e583cb7caf9ac6	0123af9e96b58af4e98b91a2de5608d36b63c67864b9041d3340587f3dbe40d2	cfa8dcf0d81c408de38d4202fe1ce9d9e5e301d1e67439c9530da94b1e64ee3f	7484d7b0dd80f45e18d726b04752827fe28555cc5c1af0e127948380e6688abf
semantic-proposal-v1	SC1-2c0fbf288f3ec63ca49074008699e39e69ca93ff75828fb1b64539900211b587	S016267	1	P01	SYMBOLS.tsv	384740	status	x86_64	include/uapi/linux/netdev.h	enum_constant	NETDEV_A_PAGE_POOL_STATS_ALLOC_FAST	122	PENDING_REVIEW	COMPLETE	COMPLETE	vendor/linux/include/uapi/linux/netdev.h;vendor/linux/include/uapi/linux/netdev.h:122;rewrite/configs/x86_64/frozen.config;header_closure=rewrite/metadata/header_closure.tsv;selected=PENDING_REVIEW	425f94c2954b1fe80ebdbf9b29854e89750355df	f24cb1108af94200ee7a600fac46c70a86ad7f5182fa08b8da014df602b81fd2	a67200b9de936585f98f6aed0c4e4f7733d3ba0c36f4496d97e583cb7caf9ac6	0123af9e96b58af4e98b91a2de5608d36b63c67864b9041d3340587f3dbe40d2	cfa8dcf0d81c408de38d4202fe1ce9d9e5e301d1e67439c9530da94b1e64ee3f	7484d7b0dd80f45e18d726b04752827fe28555cc5c1af0e127948380e6688abf
semantic-proposal-v1	SC1-125e2563adaaac7ade5f89f9cf0d8379abc1589c592f520a29fcc8e666b1d30d	S016267	1	P01	SYMBOLS.tsv	384741	selection_expression	x86_64	include/uapi/linux/netdev.h	enum_constant	NETDEV_A_PAGE_POOL_STATS_ALLOC_SLOW	123	PENDING_REVIEW	SOURCE_REVIEWED_VALUE	COMPLETE	vendor/linux/include/uapi/linux/netdev.h;vendor/linux/include/uapi/linux/netdev.h:123;rewrite/configs/x86_64/frozen.config;header_closure=rewrite/metadata/header_closure.tsv;selected=PENDING_REVIEW	425f94c2954b1fe80ebdbf9b29854e89750355df	f24cb1108af94200ee7a600fac46c70a86ad7f5182fa08b8da014df602b81fd2	a67200b9de936585f98f6aed0c4e4f7733d3ba0c36f4496d97e583cb7caf9ac6	0123af9e96b58af4e98b91a2de5608d36b63c67864b9041d3340587f3dbe40d2	cfa8dcf0d81c408de38d4202fe1ce9d9e5e301d1e67439c9530da94b1e64ee3f	7484d7b0dd80f45e18d726b04752827fe28555cc5c1af0e127948380e6688abf
semantic-proposal-v1	SC1-a2dc255ea20a22f75dadbfd98a9a4401f1054d33222704ae8d4f4514e664b4fb	S016267	1	P01	SYMBOLS.tsv	384741	status	x86_64	include/uapi/linux/netdev.h	enum_constant	NETDEV_A_PAGE_POOL_STATS_ALLOC_SLOW	123	PENDING_REVIEW	COMPLETE	COMPLETE	vendor/linux/include/uapi/linux/netdev.h;vendor/linux/include/uapi/linux/netdev.h:123;rewrite/configs/x86_64/frozen.config;header_closure=rewrite/metadata/header_closure.tsv;selected=PENDING_REVIEW	425f94c2954b1fe80ebdbf9b29854e89750355df	f24cb1108af94200ee7a600fac46c70a86ad7f5182fa08b8da014df602b81fd2	a67200b9de936585f98f6aed0c4e4f7733d3ba0c36f4496d97e583cb7caf9ac6	0123af9e96b58af4e98b91a2de5608d36b63c67864b9041d3340587f3dbe40d2	cfa8dcf0d81c408de38d4202fe1ce9d9e5e301d1e67439c9530da94b1e64ee3f	7484d7b0dd80f45e18d726b04752827fe28555cc5c1af0e127948380e6688abf
semantic-proposal-v1	SC1-ad42c3c84404c7851cbb51082d0322803b32a16dacf025a54d2796abd1bb6fa5	S016267	1	P01	SYMBOLS.tsv	384742	selection_expression	x86_64	include/uapi/linux/netdev.h	enum_constant	NETDEV_A_PAGE_POOL_STATS_ALLOC_SLOW_HIGH_ORDER	124	PENDING_REVIEW	SOURCE_REVIEWED_VALUE	COMPLETE	vendor/linux/include/uapi/linux/netdev.h;vendor/linux/include/uapi/linux/netdev.h:124;rewrite/configs/x86_64/frozen.config;header_closure=rewrite/metadata/header_closure.tsv;selected=PENDING_REVIEW	425f94c2954b1fe80ebdbf9b29854e89750355df	f24cb1108af94200ee7a600fac46c70a86ad7f5182fa08b8da014df602b81fd2	a67200b9de936585f98f6aed0c4e4f7733d3ba0c36f4496d97e583cb7caf9ac6	0123af9e96b58af4e98b91a2de5608d36b63c67864b9041d3340587f3dbe40d2	cfa8dcf0d81c408de38d4202fe1ce9d9e5e301d1e67439c9530da94b1e64ee3f	7484d7b0dd80f45e18d726b04752827fe28555cc5c1af0e127948380e6688abf
semantic-proposal-v1	SC1-f8866d72cc19aadcba8e9410d21ea122f973a89fb2a82ae03763931d45dec801	S016267	1	P01	SYMBOLS.tsv	384742	status	x86_64	include/uapi/linux/netdev.h	enum_constant	NETDEV_A_PAGE_POOL_STATS_ALLOC_SLOW_HIGH_ORDER	124	PENDING_REVIEW	COMPLETE	COMPLETE	vendor/linux/include/uapi/linux/netdev.h;vendor/linux/include/uapi/linux/netdev.h:124;rewrite/configs/x86_64/frozen.config;header_closure=rewrite/metadata/header_closure.tsv;selected=PENDING_REVIEW	425f94c2954b1fe80ebdbf9b29854e89750355df	f24cb1108af94200ee7a600fac46c70a86ad7f5182fa08b8da014df602b81fd2	a67200b9de936585f98f6aed0c4e4f7733d3ba0c36f4496d97e583cb7caf9ac6	0123af9e96b58af4e98b91a2de5608d36b63c67864b9041d3340587f3dbe40d2	cfa8dcf0d81c408de38d4202fe1ce9d9e5e301d1e67439c9530da94b1e64ee3f	7484d7b0dd80f45e18d726b04752827fe28555cc5c1af0e127948380e6688abf
semantic-proposal-v1	SC1-6be5e7b602588e80996955036701c530c0305ef496ce6b12c724ea21c6c554df	S016267	1	P01	SYMBOLS.tsv	384743	selection_expression	x86_64	include/uapi/linux/netdev.h	enum_constant	NETDEV_A_PAGE_POOL_STATS_ALLOC_EMPTY	125	PENDING_REVIEW	SOURCE_REVIEWED_VALUE	COMPLETE	vendor/linux/include/uapi/linux/netdev.h;vendor/linux/include/uapi/linux/netdev.h:125;rewrite/configs/x86_64/frozen.config;header_closure=rewrite/metadata/header_closure.tsv;selected=PENDING_REVIEW	425f94c2954b1fe80ebdbf9b29854e89750355df	f24cb1108af94200ee7a600fac46c70a86ad7f5182fa08b8da014df602b81fd2	a67200b9de936585f98f6aed0c4e4f7733d3ba0c36f4496d97e583cb7caf9ac6	0123af9e96b58af4e98b91a2de5608d36b63c67864b9041d3340587f3dbe40d2	cfa8dcf0d81c408de38d4202fe1ce9d9e5e301d1e67439c9530da94b1e64ee3f	7484d7b0dd80f45e18d726b04752827fe28555cc5c1af0e127948380e6688abf
semantic-proposal-v1	SC1-d4b1b3ff042b1852c10438cd4bb0f7485b436d2304441a9517885bdd6cc4005c	S016267	1	P01	SYMBOLS.tsv	384743	status	x86_64	include/uapi/linux/netdev.h	enum_constant	NETDEV_A_PAGE_POOL_STATS_ALLOC_EMPTY	125	PENDING_REVIEW	COMPLETE	COMPLETE	vendor/linux/include/uapi/linux/netdev.h;vendor/linux/include/uapi/linux/netdev.h:125;rewrite/configs/x86_64/frozen.config;header_closure=rewrite/metadata/header_closure.tsv;selected=PENDING_REVIEW	425f94c2954b1fe80ebdbf9b29854e89750355df	f24cb1108af94200ee7a600fac46c70a86ad7f5182fa08b8da014df602b81fd2	a67200b9de936585f98f6aed0c4e4f7733d3ba0c36f4496d97e583cb7caf9ac6	0123af9e96b58af4e98b91a2de5608d36b63c67864b9041d3340587f3dbe40d2	cfa8dcf0d81c408de38d4202fe1ce9d9e5e301d1e67439c9530da94b1e64ee3f	7484d7b0dd80f45e18d726b04752827fe28555cc5c1af0e127948380e6688abf
semantic-proposal-v1	SC1-ecf47d27903aa4611925fd9cd837577ae739c947de2f0a00cc89ae9c4e92f8f7	S016267	1	P01	SYMBOLS.tsv	384744	selection_expression	x86_64	include/uapi/linux/netdev.h	enum_constant	NETDEV_A_PAGE_POOL_STATS_ALLOC_REFILL	126	PENDING_REVIEW	SOURCE_REVIEWED_VALUE	COMPLETE	vendor/linux/include/uapi/linux/netdev.h;vendor/linux/include/uapi/linux/netdev.h:126;rewrite/configs/x86_64/frozen.config;header_closure=rewrite/metadata/header_closure.tsv;selected=PENDING_REVIEW	425f94c2954b1fe80ebdbf9b29854e89750355df	f24cb1108af94200ee7a600fac46c70a86ad7f5182fa08b8da014df602b81fd2	a67200b9de936585f98f6aed0c4e4f7733d3ba0c36f4496d97e583cb7caf9ac6	0123af9e96b58af4e98b91a2de5608d36b63c67864b9041d3340587f3dbe40d2	cfa8dcf0d81c408de38d4202fe1ce9d9e5e301d1e67439c9530da94b1e64ee3f	7484d7b0dd80f45e18d726b04752827fe28555cc5c1af0e127948380e6688abf
semantic-proposal-v1	SC1-7f2d42c11bbb0b3dc44773435fb967b24a202d8053e145bb4f7d50f8faa46b7b	S016267	1	P01	SYMBOLS.tsv	384744	status	x86_64	include/uapi/linux/netdev.h	enum_constant	NETDEV_A_PAGE_POOL_STATS_ALLOC_REFILL	126	PENDING_REVIEW	COMPLETE	COMPLETE	vendor/linux/include/uapi/linux/netdev.h;vendor/linux/include/uapi/linux/netdev.h:126;rewrite/configs/x86_64/frozen.config;header_closure=rewrite/metadata/header_closure.tsv;selected=PENDING_REVIEW	425f94c2954b1fe80ebdbf9b29854e89750355df	f24cb1108af94200ee7a600fac46c70a86ad7f5182fa08b8da014df602b81fd2	a67200b9de936585f98f6aed0c4e4f7733d3ba0c36f4496d97e583cb7caf9ac6	0123af9e96b58af4e98b91a2de5608d36b63c67864b9041d3340587f3dbe40d2	cfa8dcf0d81c408de38d4202fe1ce9d9e5e301d1e67439c9530da94b1e64ee3f	7484d7b0dd80f45e18d726b04752827fe28555cc5c1af0e127948380e6688abf
semantic-proposal-v1	SC1-06c42b6edeb6ef4b6a2ee02db0a51edcca98f2eeddd8873029f89a10ab4202e1	S016267	1	P01	SYMBOLS.tsv	384745	selection_expression	x86_64	include/uapi/linux/netdev.h	enum_constant	NETDEV_A_PAGE_POOL_STATS_ALLOC_WAIVE	127	PENDING_REVIEW	SOURCE_REVIEWED_VALUE	COMPLETE	vendor/linux/include/uapi/linux/netdev.h;vendor/linux/include/uapi/linux/netdev.h:127;rewrite/configs/x86_64/frozen.config;header_closure=rewrite/metadata/header_closure.tsv;selected=PENDING_REVIEW	425f94c2954b1fe80ebdbf9b29854e89750355df	f24cb1108af94200ee7a600fac46c70a86ad7f5182fa08b8da014df602b81fd2	a67200b9de936585f98f6aed0c4e4f7733d3ba0c36f4496d97e583cb7caf9ac6	0123af9e96b58af4e98b91a2de5608d36b63c67864b9041d3340587f3dbe40d2	cfa8dcf0d81c408de38d4202fe1ce9d9e5e301d1e67439c9530da94b1e64ee3f	7484d7b0dd80f45e18d726b04752827fe28555cc5c1af0e127948380e6688abf
semantic-proposal-v1	SC1-ca0cf2cceb1cc25db59c0463f09974c31be3effb162a8f3a6a1671e0002af826	S016267	1	P01	SYMBOLS.tsv	384745	status	x86_64	include/uapi/linux/netdev.h	enum_constant	NETDEV_A_PAGE_POOL_STATS_ALLOC_WAIVE	127	PENDING_REVIEW	COMPLETE	COMPLETE	vendor/linux/include/uapi/linux/netdev.h;vendor/linux/include/uapi/linux/netdev.h:127;rewrite/configs/x86_64/frozen.config;header_closure=rewrite/metadata/header_closure.tsv;selected=PENDING_REVIEW	425f94c2954b1fe80ebdbf9b29854e89750355df	f24cb1108af94200ee7a600fac46c70a86ad7f5182fa08b8da014df602b81fd2	a67200b9de936585f98f6aed0c4e4f7733d3ba0c36f4496d97e583cb7caf9ac6	0123af9e96b58af4e98b91a2de5608d36b63c67864b9041d3340587f3dbe40d2	cfa8dcf0d81c408de38d4202fe1ce9d9e5e301d1e67439c9530da94b1e64ee3f	7484d7b0dd80f45e18d726b04752827fe28555cc5c1af0e127948380e6688abf
semantic-proposal-v1	SC1-7a20b692307462fd34a9b543508c956f8c463f8f3ca870966beccc15baaa3bb3	S016267	1	P01	SYMBOLS.tsv	384746	selection_expression	x86_64	include/uapi/linux/netdev.h	enum_constant	NETDEV_A_PAGE_POOL_STATS_RECYCLE_CACHED	128	PENDING_REVIEW	SOURCE_REVIEWED_VALUE	COMPLETE	vendor/linux/include/uapi/linux/netdev.h;vendor/linux/include/uapi/linux/netdev.h:128;rewrite/configs/x86_64/frozen.config;header_closure=rewrite/metadata/header_closure.tsv;selected=PENDING_REVIEW	425f94c2954b1fe80ebdbf9b29854e89750355df	f24cb1108af94200ee7a600fac46c70a86ad7f5182fa08b8da014df602b81fd2	a67200b9de936585f98f6aed0c4e4f7733d3ba0c36f4496d97e583cb7caf9ac6	0123af9e96b58af4e98b91a2de5608d36b63c67864b9041d3340587f3dbe40d2	cfa8dcf0d81c408de38d4202fe1ce9d9e5e301d1e67439c9530da94b1e64ee3f	7484d7b0dd80f45e18d726b04752827fe28555cc5c1af0e127948380e6688abf
semantic-proposal-v1	SC1-e1236ebc78df8c76411a872594b58f3569e5624dff1424f06c4bc51cb7008178	S016267	1	P01	SYMBOLS.tsv	384746	status	x86_64	include/uapi/linux/netdev.h	enum_constant	NETDEV_A_PAGE_POOL_STATS_RECYCLE_CACHED	128	PENDING_REVIEW	COMPLETE	COMPLETE	vendor/linux/include/uapi/linux/netdev.h;vendor/linux/include/uapi/linux/netdev.h:128;rewrite/configs/x86_64/frozen.config;header_closure=rewrite/metadata/header_closure.tsv;selected=PENDING_REVIEW	425f94c2954b1fe80ebdbf9b29854e89750355df	f24cb1108af94200ee7a600fac46c70a86ad7f5182fa08b8da014df602b81fd2	a67200b9de936585f98f6aed0c4e4f7733d3ba0c36f4496d97e583cb7caf9ac6	0123af9e96b58af4e98b91a2de5608d36b63c67864b9041d3340587f3dbe40d2	cfa8dcf0d81c408de38d4202fe1ce9d9e5e301d1e67439c9530da94b1e64ee3f	7484d7b0dd80f45e18d726b04752827fe28555cc5c1af0e127948380e6688abf
semantic-proposal-v1	SC1-8fb79e23ecba78122820829e9856041e11902e88055d70bf6c9050d65408da2f	S016267	1	P01	SYMBOLS.tsv	384747	selection_expression	x86_64	include/uapi/linux/netdev.h	enum_constant	NETDEV_A_PAGE_POOL_STATS_RECYCLE_CACHE_FULL	129	PENDING_REVIEW	SOURCE_REVIEWED_VALUE	COMPLETE	vendor/linux/include/uapi/linux/netdev.h;vendor/linux/include/uapi/linux/netdev.h:129;rewrite/configs/x86_64/frozen.config;header_closure=rewrite/metadata/header_closure.tsv;selected=PENDING_REVIEW	425f94c2954b1fe80ebdbf9b29854e89750355df	f24cb1108af94200ee7a600fac46c70a86ad7f5182fa08b8da014df602b81fd2	a67200b9de936585f98f6aed0c4e4f7733d3ba0c36f4496d97e583cb7caf9ac6	0123af9e96b58af4e98b91a2de5608d36b63c67864b9041d3340587f3dbe40d2	cfa8dcf0d81c408de38d4202fe1ce9d9e5e301d1e67439c9530da94b1e64ee3f	7484d7b0dd80f45e18d726b04752827fe28555cc5c1af0e127948380e6688abf
semantic-proposal-v1	SC1-51ca72c7c4127a374dbaa6194626962b81fa23314bbb90313128d7c4237eb95a	S016267	1	P01	SYMBOLS.tsv	384747	status	x86_64	include/uapi/linux/netdev.h	enum_constant	NETDEV_A_PAGE_POOL_STATS_RECYCLE_CACHE_FULL	129	PENDING_REVIEW	COMPLETE	COMPLETE	vendor/linux/include/uapi/linux/netdev.h;vendor/linux/include/uapi/linux/netdev.h:129;rewrite/configs/x86_64/frozen.config;header_closure=rewrite/metadata/header_closure.tsv;selected=PENDING_REVIEW	425f94c2954b1fe80ebdbf9b29854e89750355df	f24cb1108af94200ee7a600fac46c70a86ad7f5182fa08b8da014df602b81fd2	a67200b9de936585f98f6aed0c4e4f7733d3ba0c36f4496d97e583cb7caf9ac6	0123af9e96b58af4e98b91a2de5608d36b63c67864b9041d3340587f3dbe40d2	cfa8dcf0d81c408de38d4202fe1ce9d9e5e301d1e67439c9530da94b1e64ee3f	7484d7b0dd80f45e18d726b04752827fe28555cc5c1af0e127948380e6688abf
semantic-proposal-v1	SC1-4e198010a13bf77f671f1bc92adfe4f29a8455b1d7134262aa09cce0807ca03a	S016267	1	P01	SYMBOLS.tsv	384748	selection_expression	x86_64	include/uapi/linux/netdev.h	enum_constant	NETDEV_A_PAGE_POOL_STATS_RECYCLE_RING	130	PENDING_REVIEW	SOURCE_REVIEWED_VALUE	COMPLETE	vendor/linux/include/uapi/linux/netdev.h;vendor/linux/include/uapi/linux/netdev.h:130;rewrite/configs/x86_64/frozen.config;header_closure=rewrite/metadata/header_closure.tsv;selected=PENDING_REVIEW	425f94c2954b1fe80ebdbf9b29854e89750355df	f24cb1108af94200ee7a600fac46c70a86ad7f5182fa08b8da014df602b81fd2	a67200b9de936585f98f6aed0c4e4f7733d3ba0c36f4496d97e583cb7caf9ac6	0123af9e96b58af4e98b91a2de5608d36b63c67864b9041d3340587f3dbe40d2	cfa8dcf0d81c408de38d4202fe1ce9d9e5e301d1e67439c9530da94b1e64ee3f	7484d7b0dd80f45e18d726b04752827fe28555cc5c1af0e127948380e6688abf
semantic-proposal-v1	SC1-fb2663075dc01e909c2b7f810f1e26c709ea2dce1d9374e078a3ff7c35e46e8c	S016267	1	P01	SYMBOLS.tsv	384748	status	x86_64	include/uapi/linux/netdev.h	enum_constant	NETDEV_A_PAGE_POOL_STATS_RECYCLE_RING	130	PENDING_REVIEW	COMPLETE	COMPLETE	vendor/linux/include/uapi/linux/netdev.h;vendor/linux/include/uapi/linux/netdev.h:130;rewrite/configs/x86_64/frozen.config;header_closure=rewrite/metadata/header_closure.tsv;selected=PENDING_REVIEW	425f94c2954b1fe80ebdbf9b29854e89750355df	f24cb1108af94200ee7a600fac46c70a86ad7f5182fa08b8da014df602b81fd2	a67200b9de936585f98f6aed0c4e4f7733d3ba0c36f4496d97e583cb7caf9ac6	0123af9e96b58af4e98b91a2de5608d36b63c67864b9041d3340587f3dbe40d2	cfa8dcf0d81c408de38d4202fe1ce9d9e5e301d1e67439c9530da94b1e64ee3f	7484d7b0dd80f45e18d726b04752827fe28555cc5c1af0e127948380e6688abf
semantic-proposal-v1	SC1-7dfcfcb9dcdf4aacb58de7e0bdda6bdf9d8bda7927d0f006af28fff07dff3309	S016267	1	P01	SYMBOLS.tsv	384749	selection_expression	x86_64	include/uapi/linux/netdev.h	enum_constant	NETDEV_A_PAGE_POOL_STATS_RECYCLE_RING_FULL	131	PENDING_REVIEW	SOURCE_REVIEWED_VALUE	COMPLETE	vendor/linux/include/uapi/linux/netdev.h;vendor/linux/include/uapi/linux/netdev.h:131;rewrite/configs/x86_64/frozen.config;header_closure=rewrite/metadata/header_closure.tsv;selected=PENDING_REVIEW	425f94c2954b1fe80ebdbf9b29854e89750355df	f24cb1108af94200ee7a600fac46c70a86ad7f5182fa08b8da014df602b81fd2	a67200b9de936585f98f6aed0c4e4f7733d3ba0c36f4496d97e583cb7caf9ac6	0123af9e96b58af4e98b91a2de5608d36b63c67864b9041d3340587f3dbe40d2	cfa8dcf0d81c408de38d4202fe1ce9d9e5e301d1e67439c9530da94b1e64ee3f	7484d7b0dd80f45e18d726b04752827fe28555cc5c1af0e127948380e6688abf
semantic-proposal-v1	SC1-741e411925469d07b0d44e4b2272e1995fecd8d66f70770283fa45e50a14c8f0	S016267	1	P01	SYMBOLS.tsv	384749	status	x86_64	include/uapi/linux/netdev.h	enum_constant	NETDEV_A_PAGE_POOL_STATS_RECYCLE_RING_FULL	131	PENDING_REVIEW	COMPLETE	COMPLETE	vendor/linux/include/uapi/linux/netdev.h;vendor/linux/include/uapi/linux/netdev.h:131;rewrite/configs/x86_64/frozen.config;header_closure=rewrite/metadata/header_closure.tsv;selected=PENDING_REVIEW	425f94c2954b1fe80ebdbf9b29854e89750355df	f24cb1108af94200ee7a600fac46c70a86ad7f5182fa08b8da014df602b81fd2	a67200b9de936585f98f6aed0c4e4f7733d3ba0c36f4496d97e583cb7caf9ac6	0123af9e96b58af4e98b91a2de5608d36b63c67864b9041d3340587f3dbe40d2	cfa8dcf0d81c408de38d4202fe1ce9d9e5e301d1e67439c9530da94b1e64ee3f	7484d7b0dd80f45e18d726b04752827fe28555cc5c1af0e127948380e6688abf
semantic-proposal-v1	SC1-f19d2cdd14db5aa410a9cd7dfadd3854daf52babf66d8b5252de17794ed9d205	S016267	1	P01	SYMBOLS.tsv	384750	selection_expression	x86_64	include/uapi/linux/netdev.h	enum_constant	NETDEV_A_PAGE_POOL_STATS_RECYCLE_RELEASED_REFCNT	132	PENDING_REVIEW	SOURCE_REVIEWED_VALUE	COMPLETE	vendor/linux/include/uapi/linux/netdev.h;vendor/linux/include/uapi/linux/netdev.h:132;rewrite/configs/x86_64/frozen.config;header_closure=rewrite/metadata/header_closure.tsv;selected=PENDING_REVIEW	425f94c2954b1fe80ebdbf9b29854e89750355df	f24cb1108af94200ee7a600fac46c70a86ad7f5182fa08b8da014df602b81fd2	a67200b9de936585f98f6aed0c4e4f7733d3ba0c36f4496d97e583cb7caf9ac6	0123af9e96b58af4e98b91a2de5608d36b63c67864b9041d3340587f3dbe40d2	cfa8dcf0d81c408de38d4202fe1ce9d9e5e301d1e67439c9530da94b1e64ee3f	7484d7b0dd80f45e18d726b04752827fe28555cc5c1af0e127948380e6688abf
semantic-proposal-v1	SC1-6370970e738417dd23542952281c6ff6f4b3298e0f4317108ae31c56068ae005	S016267	1	P01	SYMBOLS.tsv	384750	status	x86_64	include/uapi/linux/netdev.h	enum_constant	NETDEV_A_PAGE_POOL_STATS_RECYCLE_RELEASED_REFCNT	132	PENDING_REVIEW	COMPLETE	COMPLETE	vendor/linux/include/uapi/linux/netdev.h;vendor/linux/include/uapi/linux/netdev.h:132;rewrite/configs/x86_64/frozen.config;header_closure=rewrite/metadata/header_closure.tsv;selected=PENDING_REVIEW	425f94c2954b1fe80ebdbf9b29854e89750355df	f24cb1108af94200ee7a600fac46c70a86ad7f5182fa08b8da014df602b81fd2	a67200b9de936585f98f6aed0c4e4f7733d3ba0c36f4496d97e583cb7caf9ac6	0123af9e96b58af4e98b91a2de5608d36b63c67864b9041d3340587f3dbe40d2	cfa8dcf0d81c408de38d4202fe1ce9d9e5e301d1e67439c9530da94b1e64ee3f	7484d7b0dd80f45e18d726b04752827fe28555cc5c1af0e127948380e6688abf
semantic-proposal-v1	SC1-fc6b4f85f11031d591942d81b6ebf8f5a50db60c883106e9c4f71cb295720624	S016267	1	P01	SYMBOLS.tsv	384751	selection_expression	x86_64	include/uapi/linux/netdev.h	enum_constant	__NETDEV_A_PAGE_POOL_STATS_MAX	134	PENDING_REVIEW	SOURCE_REVIEWED_VALUE	COMPLETE	vendor/linux/include/uapi/linux/netdev.h;vendor/linux/include/uapi/linux/netdev.h:134;rewrite/configs/x86_64/frozen.config;header_closure=rewrite/metadata/header_closure.tsv;selected=PENDING_REVIEW	425f94c2954b1fe80ebdbf9b29854e89750355df	f24cb1108af94200ee7a600fac46c70a86ad7f5182fa08b8da014df602b81fd2	a67200b9de936585f98f6aed0c4e4f7733d3ba0c36f4496d97e583cb7caf9ac6	0123af9e96b58af4e98b91a2de5608d36b63c67864b9041d3340587f3dbe40d2	cfa8dcf0d81c408de38d4202fe1ce9d9e5e301d1e67439c9530da94b1e64ee3f	7484d7b0dd80f45e18d726b04752827fe28555cc5c1af0e127948380e6688abf
semantic-proposal-v1	SC1-23e9b562156a23c99a107886dac7a5822553f8cd4d6b13bf72500e216e1dc813	S016267	1	P01	SYMBOLS.tsv	384751	status	x86_64	include/uapi/linux/netdev.h	enum_constant	__NETDEV_A_PAGE_POOL_STATS_MAX	134	PENDING_REVIEW	COMPLETE	COMPLETE	vendor/linux/include/uapi/linux/netdev.h;vendor/linux/include/uapi/linux/netdev.h:134;rewrite/configs/x86_64/frozen.config;header_closure=rewrite/metadata/header_closure.tsv;selected=PENDING_REVIEW	425f94c2954b1fe80ebdbf9b29854e89750355df	f24cb1108af94200ee7a600fac46c70a86ad7f5182fa08b8da014df602b81fd2	a67200b9de936585f98f6aed0c4e4f7733d3ba0c36f4496d97e583cb7caf9ac6	0123af9e96b58af4e98b91a2de5608d36b63c67864b9041d3340587f3dbe40d2	cfa8dcf0d81c408de38d4202fe1ce9d9e5e301d1e67439c9530da94b1e64ee3f	7484d7b0dd80f45e18d726b04752827fe28555cc5c1af0e127948380e6688abf
semantic-proposal-v1	SC1-c96f44840f1676ffea0c6cc5bcf3f6051b397997ea89bc5cd9a9a5239a60d39a	S016267	1	P01	SYMBOLS.tsv	384752	selection_expression	x86_64	include/uapi/linux/netdev.h	enum_constant	NETDEV_A_PAGE_POOL_STATS_MAX	135	PENDING_REVIEW	SOURCE_REVIEWED_VALUE	COMPLETE	vendor/linux/include/uapi/linux/netdev.h;vendor/linux/include/uapi/linux/netdev.h:135;rewrite/configs/x86_64/frozen.config;header_closure=rewrite/metadata/header_closure.tsv;selected=PENDING_REVIEW	425f94c2954b1fe80ebdbf9b29854e89750355df	f24cb1108af94200ee7a600fac46c70a86ad7f5182fa08b8da014df602b81fd2	a67200b9de936585f98f6aed0c4e4f7733d3ba0c36f4496d97e583cb7caf9ac6	0123af9e96b58af4e98b91a2de5608d36b63c67864b9041d3340587f3dbe40d2	cfa8dcf0d81c408de38d4202fe1ce9d9e5e301d1e67439c9530da94b1e64ee3f	7484d7b0dd80f45e18d726b04752827fe28555cc5c1af0e127948380e6688abf
semantic-proposal-v1	SC1-ec040375efd8c3295f4856b463ad3c33becaf6ee7e325e4663b623e1947d7f34	S016267	1	P01	SYMBOLS.tsv	384752	status	x86_64	include/uapi/linux/netdev.h	enum_constant	NETDEV_A_PAGE_POOL_STATS_MAX	135	PENDING_REVIEW	COMPLETE	COMPLETE	vendor/linux/include/uapi/linux/netdev.h;vendor/linux/include/uapi/linux/netdev.h:135;rewrite/configs/x86_64/frozen.config;header_closure=rewrite/metadata/header_closure.tsv;selected=PENDING_REVIEW	425f94c2954b1fe80ebdbf9b29854e89750355df	f24cb1108af94200ee7a600fac46c70a86ad7f5182fa08b8da014df602b81fd2	a67200b9de936585f98f6aed0c4e4f7733d3ba0c36f4496d97e583cb7caf9ac6	0123af9e96b58af4e98b91a2de5608d36b63c67864b9041d3340587f3dbe40d2	cfa8dcf0d81c408de38d4202fe1ce9d9e5e301d1e67439c9530da94b1e64ee3f	7484d7b0dd80f45e18d726b04752827fe28555cc5c1af0e127948380e6688abf
semantic-proposal-v1	SC1-25b00b9dd45ca708869eeb2b555623aa0439f16c2275ec7a2679b901d19e1adb	S016267	1	P01	SYMBOLS.tsv	384753	selection_expression	x86_64	include/uapi/linux/netdev.h	type	anonymous_enum@138	138	PENDING_REVIEW	SOURCE_REVIEWED_VALUE	COMPLETE	vendor/linux/include/uapi/linux/netdev.h;vendor/linux/include/uapi/linux/netdev.h:138;rewrite/configs/x86_64/frozen.config;header_closure=rewrite/metadata/header_closure.tsv;selected=PENDING_REVIEW	425f94c2954b1fe80ebdbf9b29854e89750355df	f24cb1108af94200ee7a600fac46c70a86ad7f5182fa08b8da014df602b81fd2	a67200b9de936585f98f6aed0c4e4f7733d3ba0c36f4496d97e583cb7caf9ac6	0123af9e96b58af4e98b91a2de5608d36b63c67864b9041d3340587f3dbe40d2	cfa8dcf0d81c408de38d4202fe1ce9d9e5e301d1e67439c9530da94b1e64ee3f	7484d7b0dd80f45e18d726b04752827fe28555cc5c1af0e127948380e6688abf
semantic-proposal-v1	SC1-5242937f3127574378875ceddc894454cdc4af14ebaaa7d4807f2c8218c7503c	S016267	1	P01	SYMBOLS.tsv	384753	status	x86_64	include/uapi/linux/netdev.h	type	anonymous_enum@138	138	PENDING_REVIEW	COMPLETE	COMPLETE	vendor/linux/include/uapi/linux/netdev.h;vendor/linux/include/uapi/linux/netdev.h:138;rewrite/configs/x86_64/frozen.config;header_closure=rewrite/metadata/header_closure.tsv;selected=PENDING_REVIEW	425f94c2954b1fe80ebdbf9b29854e89750355df	f24cb1108af94200ee7a600fac46c70a86ad7f5182fa08b8da014df602b81fd2	a67200b9de936585f98f6aed0c4e4f7733d3ba0c36f4496d97e583cb7caf9ac6	0123af9e96b58af4e98b91a2de5608d36b63c67864b9041d3340587f3dbe40d2	cfa8dcf0d81c408de38d4202fe1ce9d9e5e301d1e67439c9530da94b1e64ee3f	7484d7b0dd80f45e18d726b04752827fe28555cc5c1af0e127948380e6688abf
semantic-proposal-v1	SC1-6d699ca203aa11aa63fbd09a4ac4f2b4f73dd9a13ab289d818614180c22929bf	S016267	1	P01	SYMBOLS.tsv	384754	selection_expression	x86_64	include/uapi/linux/netdev.h	enum_constant	NETDEV_A_NAPI_IFINDEX	139	PENDING_REVIEW	SOURCE_REVIEWED_VALUE	COMPLETE	vendor/linux/include/uapi/linux/netdev.h;vendor/linux/include/uapi/linux/netdev.h:139;rewrite/configs/x86_64/frozen.config;header_closure=rewrite/metadata/header_closure.tsv;selected=PENDING_REVIEW	425f94c2954b1fe80ebdbf9b29854e89750355df	f24cb1108af94200ee7a600fac46c70a86ad7f5182fa08b8da014df602b81fd2	a67200b9de936585f98f6aed0c4e4f7733d3ba0c36f4496d97e583cb7caf9ac6	0123af9e96b58af4e98b91a2de5608d36b63c67864b9041d3340587f3dbe40d2	cfa8dcf0d81c408de38d4202fe1ce9d9e5e301d1e67439c9530da94b1e64ee3f	7484d7b0dd80f45e18d726b04752827fe28555cc5c1af0e127948380e6688abf
semantic-proposal-v1	SC1-ef1fd21a187ddbcb79d389f19bb8e1cddb843fa77eb51c4916f8f3a1e786457d	S016267	1	P01	SYMBOLS.tsv	384754	status	x86_64	include/uapi/linux/netdev.h	enum_constant	NETDEV_A_NAPI_IFINDEX	139	PENDING_REVIEW	COMPLETE	COMPLETE	vendor/linux/include/uapi/linux/netdev.h;vendor/linux/include/uapi/linux/netdev.h:139;rewrite/configs/x86_64/frozen.config;header_closure=rewrite/metadata/header_closure.tsv;selected=PENDING_REVIEW	425f94c2954b1fe80ebdbf9b29854e89750355df	f24cb1108af94200ee7a600fac46c70a86ad7f5182fa08b8da014df602b81fd2	a67200b9de936585f98f6aed0c4e4f7733d3ba0c36f4496d97e583cb7caf9ac6	0123af9e96b58af4e98b91a2de5608d36b63c67864b9041d3340587f3dbe40d2	cfa8dcf0d81c408de38d4202fe1ce9d9e5e301d1e67439c9530da94b1e64ee3f	7484d7b0dd80f45e18d726b04752827fe28555cc5c1af0e127948380e6688abf
semantic-proposal-v1	SC1-47d2aa7520c295103ce24db632f643da6e64ccc51ac943bd41074dd8dc96951d	S016267	1	P01	SYMBOLS.tsv	384755	selection_expression	x86_64	include/uapi/linux/netdev.h	enum_constant	NETDEV_A_NAPI_ID	140	PENDING_REVIEW	SOURCE_REVIEWED_VALUE	COMPLETE	vendor/linux/include/uapi/linux/netdev.h;vendor/linux/include/uapi/linux/netdev.h:140;rewrite/configs/x86_64/frozen.config;header_closure=rewrite/metadata/header_closure.tsv;selected=PENDING_REVIEW	425f94c2954b1fe80ebdbf9b29854e89750355df	f24cb1108af94200ee7a600fac46c70a86ad7f5182fa08b8da014df602b81fd2	a67200b9de936585f98f6aed0c4e4f7733d3ba0c36f4496d97e583cb7caf9ac6	0123af9e96b58af4e98b91a2de5608d36b63c67864b9041d3340587f3dbe40d2	cfa8dcf0d81c408de38d4202fe1ce9d9e5e301d1e67439c9530da94b1e64ee3f	7484d7b0dd80f45e18d726b04752827fe28555cc5c1af0e127948380e6688abf
semantic-proposal-v1	SC1-3910540f51e9c0b39c1826b8594153742553f4b69fdc04bfb67fd56cc95ba5ad	S016267	1	P01	SYMBOLS.tsv	384755	status	x86_64	include/uapi/linux/netdev.h	enum_constant	NETDEV_A_NAPI_ID	140	PENDING_REVIEW	COMPLETE	COMPLETE	vendor/linux/include/uapi/linux/netdev.h;vendor/linux/include/uapi/linux/netdev.h:140;rewrite/configs/x86_64/frozen.config;header_closure=rewrite/metadata/header_closure.tsv;selected=PENDING_REVIEW	425f94c2954b1fe80ebdbf9b29854e89750355df	f24cb1108af94200ee7a600fac46c70a86ad7f5182fa08b8da014df602b81fd2	a67200b9de936585f98f6aed0c4e4f7733d3ba0c36f4496d97e583cb7caf9ac6	0123af9e96b58af4e98b91a2de5608d36b63c67864b9041d3340587f3dbe40d2	cfa8dcf0d81c408de38d4202fe1ce9d9e5e301d1e67439c9530da94b1e64ee3f	7484d7b0dd80f45e18d726b04752827fe28555cc5c1af0e127948380e6688abf
semantic-proposal-v1	SC1-5237003073471870c38f29297a84ad246fd6355143ee8c49d9052cf2cdacb3a8	S016267	1	P01	SYMBOLS.tsv	384756	selection_expression	x86_64	include/uapi/linux/netdev.h	enum_constant	NETDEV_A_NAPI_IRQ	141	PENDING_REVIEW	SOURCE_REVIEWED_VALUE	COMPLETE	vendor/linux/include/uapi/linux/netdev.h;vendor/linux/include/uapi/linux/netdev.h:141;rewrite/configs/x86_64/frozen.config;header_closure=rewrite/metadata/header_closure.tsv;selected=PENDING_REVIEW	425f94c2954b1fe80ebdbf9b29854e89750355df	f24cb1108af94200ee7a600fac46c70a86ad7f5182fa08b8da014df602b81fd2	a67200b9de936585f98f6aed0c4e4f7733d3ba0c36f4496d97e583cb7caf9ac6	0123af9e96b58af4e98b91a2de5608d36b63c67864b9041d3340587f3dbe40d2	cfa8dcf0d81c408de38d4202fe1ce9d9e5e301d1e67439c9530da94b1e64ee3f	7484d7b0dd80f45e18d726b04752827fe28555cc5c1af0e127948380e6688abf
semantic-proposal-v1	SC1-e9b6a4153d54df9b59b6adfae18a98fa6ff7f83d55ef0354bf5e2f840b47321b	S016267	1	P01	SYMBOLS.tsv	384756	status	x86_64	include/uapi/linux/netdev.h	enum_constant	NETDEV_A_NAPI_IRQ	141	PENDING_REVIEW	COMPLETE	COMPLETE	vendor/linux/include/uapi/linux/netdev.h;vendor/linux/include/uapi/linux/netdev.h:141;rewrite/configs/x86_64/frozen.config;header_closure=rewrite/metadata/header_closure.tsv;selected=PENDING_REVIEW	425f94c2954b1fe80ebdbf9b29854e89750355df	f24cb1108af94200ee7a600fac46c70a86ad7f5182fa08b8da014df602b81fd2	a67200b9de936585f98f6aed0c4e4f7733d3ba0c36f4496d97e583cb7caf9ac6	0123af9e96b58af4e98b91a2de5608d36b63c67864b9041d3340587f3dbe40d2	cfa8dcf0d81c408de38d4202fe1ce9d9e5e301d1e67439c9530da94b1e64ee3f	7484d7b0dd80f45e18d726b04752827fe28555cc5c1af0e127948380e6688abf
semantic-proposal-v1	SC1-754e0a1a1d4da19d709e7371b949fa6c0337c0372cb693d0271d7dde0eb2deed	S016267	1	P01	SYMBOLS.tsv	384757	selection_expression	x86_64	include/uapi/linux/netdev.h	enum_constant	NETDEV_A_NAPI_PID	142	PENDING_REVIEW	SOURCE_REVIEWED_VALUE	COMPLETE	vendor/linux/include/uapi/linux/netdev.h;vendor/linux/include/uapi/linux/netdev.h:142;rewrite/configs/x86_64/frozen.config;header_closure=rewrite/metadata/header_closure.tsv;selected=PENDING_REVIEW	425f94c2954b1fe80ebdbf9b29854e89750355df	f24cb1108af94200ee7a600fac46c70a86ad7f5182fa08b8da014df602b81fd2	a67200b9de936585f98f6aed0c4e4f7733d3ba0c36f4496d97e583cb7caf9ac6	0123af9e96b58af4e98b91a2de5608d36b63c67864b9041d3340587f3dbe40d2	cfa8dcf0d81c408de38d4202fe1ce9d9e5e301d1e67439c9530da94b1e64ee3f	7484d7b0dd80f45e18d726b04752827fe28555cc5c1af0e127948380e6688abf
semantic-proposal-v1	SC1-d5a2f8ebf3eb4afde3399752f7ea316741e38ff62420c13ac173ac00de9ac3c2	S016267	1	P01	SYMBOLS.tsv	384757	status	x86_64	include/uapi/linux/netdev.h	enum_constant	NETDEV_A_NAPI_PID	142	PENDING_REVIEW	COMPLETE	COMPLETE	vendor/linux/include/uapi/linux/netdev.h;vendor/linux/include/uapi/linux/netdev.h:142;rewrite/configs/x86_64/frozen.config;header_closure=rewrite/metadata/header_closure.tsv;selected=PENDING_REVIEW	425f94c2954b1fe80ebdbf9b29854e89750355df	f24cb1108af94200ee7a600fac46c70a86ad7f5182fa08b8da014df602b81fd2	a67200b9de936585f98f6aed0c4e4f7733d3ba0c36f4496d97e583cb7caf9ac6	0123af9e96b58af4e98b91a2de5608d36b63c67864b9041d3340587f3dbe40d2	cfa8dcf0d81c408de38d4202fe1ce9d9e5e301d1e67439c9530da94b1e64ee3f	7484d7b0dd80f45e18d726b04752827fe28555cc5c1af0e127948380e6688abf
semantic-proposal-v1	SC1-54a70899d1e1104f51626e42b29577aebb8d622d7c22d22db5dd405559e71702	S016267	1	P01	SYMBOLS.tsv	384758	selection_expression	x86_64	include/uapi/linux/netdev.h	enum_constant	NETDEV_A_NAPI_DEFER_HARD_IRQS	143	PENDING_REVIEW	SOURCE_REVIEWED_VALUE	COMPLETE	vendor/linux/include/uapi/linux/netdev.h;vendor/linux/include/uapi/linux/netdev.h:143;rewrite/configs/x86_64/frozen.config;header_closure=rewrite/metadata/header_closure.tsv;selected=PENDING_REVIEW	425f94c2954b1fe80ebdbf9b29854e89750355df	f24cb1108af94200ee7a600fac46c70a86ad7f5182fa08b8da014df602b81fd2	a67200b9de936585f98f6aed0c4e4f7733d3ba0c36f4496d97e583cb7caf9ac6	0123af9e96b58af4e98b91a2de5608d36b63c67864b9041d3340587f3dbe40d2	cfa8dcf0d81c408de38d4202fe1ce9d9e5e301d1e67439c9530da94b1e64ee3f	7484d7b0dd80f45e18d726b04752827fe28555cc5c1af0e127948380e6688abf
semantic-proposal-v1	SC1-efb80fe2fc77dff0010c0208d9fc834aff59c8503c75a80af54b633652402288	S016267	1	P01	SYMBOLS.tsv	384758	status	x86_64	include/uapi/linux/netdev.h	enum_constant	NETDEV_A_NAPI_DEFER_HARD_IRQS	143	PENDING_REVIEW	COMPLETE	COMPLETE	vendor/linux/include/uapi/linux/netdev.h;vendor/linux/include/uapi/linux/netdev.h:143;rewrite/configs/x86_64/frozen.config;header_closure=rewrite/metadata/header_closure.tsv;selected=PENDING_REVIEW	425f94c2954b1fe80ebdbf9b29854e89750355df	f24cb1108af94200ee7a600fac46c70a86ad7f5182fa08b8da014df602b81fd2	a67200b9de936585f98f6aed0c4e4f7733d3ba0c36f4496d97e583cb7caf9ac6	0123af9e96b58af4e98b91a2de5608d36b63c67864b9041d3340587f3dbe40d2	cfa8dcf0d81c408de38d4202fe1ce9d9e5e301d1e67439c9530da94b1e64ee3f	7484d7b0dd80f45e18d726b04752827fe28555cc5c1af0e127948380e6688abf
semantic-proposal-v1	SC1-01ee60faff560cd6b4ea05a453f630481ce3b3a21664826ffe12cc0dd2c31bca	S016267	1	P01	SYMBOLS.tsv	384759	selection_expression	x86_64	include/uapi/linux/netdev.h	enum_constant	NETDEV_A_NAPI_GRO_FLUSH_TIMEOUT	144	PENDING_REVIEW	SOURCE_REVIEWED_VALUE	COMPLETE	vendor/linux/include/uapi/linux/netdev.h;vendor/linux/include/uapi/linux/netdev.h:144;rewrite/configs/x86_64/frozen.config;header_closure=rewrite/metadata/header_closure.tsv;selected=PENDING_REVIEW	425f94c2954b1fe80ebdbf9b29854e89750355df	f24cb1108af94200ee7a600fac46c70a86ad7f5182fa08b8da014df602b81fd2	a67200b9de936585f98f6aed0c4e4f7733d3ba0c36f4496d97e583cb7caf9ac6	0123af9e96b58af4e98b91a2de5608d36b63c67864b9041d3340587f3dbe40d2	cfa8dcf0d81c408de38d4202fe1ce9d9e5e301d1e67439c9530da94b1e64ee3f	7484d7b0dd80f45e18d726b04752827fe28555cc5c1af0e127948380e6688abf
semantic-proposal-v1	SC1-d892517265b8015b32c6aed183b2558b37ae5e31d205304d564f083587034579	S016267	1	P01	SYMBOLS.tsv	384759	status	x86_64	include/uapi/linux/netdev.h	enum_constant	NETDEV_A_NAPI_GRO_FLUSH_TIMEOUT	144	PENDING_REVIEW	COMPLETE	COMPLETE	vendor/linux/include/uapi/linux/netdev.h;vendor/linux/include/uapi/linux/netdev.h:144;rewrite/configs/x86_64/frozen.config;header_closure=rewrite/metadata/header_closure.tsv;selected=PENDING_REVIEW	425f94c2954b1fe80ebdbf9b29854e89750355df	f24cb1108af94200ee7a600fac46c70a86ad7f5182fa08b8da014df602b81fd2	a67200b9de936585f98f6aed0c4e4f7733d3ba0c36f4496d97e583cb7caf9ac6	0123af9e96b58af4e98b91a2de5608d36b63c67864b9041d3340587f3dbe40d2	cfa8dcf0d81c408de38d4202fe1ce9d9e5e301d1e67439c9530da94b1e64ee3f	7484d7b0dd80f45e18d726b04752827fe28555cc5c1af0e127948380e6688abf
semantic-proposal-v1	SC1-3e8830f3cf417d77730ba9c97196ff70efc2da816e9c2a45b13d93707a408eaa	S016267	1	P01	SYMBOLS.tsv	384760	selection_expression	x86_64	include/uapi/linux/netdev.h	enum_constant	NETDEV_A_NAPI_IRQ_SUSPEND_TIMEOUT	145	PENDING_REVIEW	SOURCE_REVIEWED_VALUE	COMPLETE	vendor/linux/include/uapi/linux/netdev.h;vendor/linux/include/uapi/linux/netdev.h:145;rewrite/configs/x86_64/frozen.config;header_closure=rewrite/metadata/header_closure.tsv;selected=PENDING_REVIEW	425f94c2954b1fe80ebdbf9b29854e89750355df	f24cb1108af94200ee7a600fac46c70a86ad7f5182fa08b8da014df602b81fd2	a67200b9de936585f98f6aed0c4e4f7733d3ba0c36f4496d97e583cb7caf9ac6	0123af9e96b58af4e98b91a2de5608d36b63c67864b9041d3340587f3dbe40d2	cfa8dcf0d81c408de38d4202fe1ce9d9e5e301d1e67439c9530da94b1e64ee3f	7484d7b0dd80f45e18d726b04752827fe28555cc5c1af0e127948380e6688abf
semantic-proposal-v1	SC1-6e9147c04477737a347c3b5357907778c98b6cb4e97f7c04cde44acffe49d53f	S016267	1	P01	SYMBOLS.tsv	384760	status	x86_64	include/uapi/linux/netdev.h	enum_constant	NETDEV_A_NAPI_IRQ_SUSPEND_TIMEOUT	145	PENDING_REVIEW	COMPLETE	COMPLETE	vendor/linux/include/uapi/linux/netdev.h;vendor/linux/include/uapi/linux/netdev.h:145;rewrite/configs/x86_64/frozen.config;header_closure=rewrite/metadata/header_closure.tsv;selected=PENDING_REVIEW	425f94c2954b1fe80ebdbf9b29854e89750355df	f24cb1108af94200ee7a600fac46c70a86ad7f5182fa08b8da014df602b81fd2	a67200b9de936585f98f6aed0c4e4f7733d3ba0c36f4496d97e583cb7caf9ac6	0123af9e96b58af4e98b91a2de5608d36b63c67864b9041d3340587f3dbe40d2	cfa8dcf0d81c408de38d4202fe1ce9d9e5e301d1e67439c9530da94b1e64ee3f	7484d7b0dd80f45e18d726b04752827fe28555cc5c1af0e127948380e6688abf
semantic-proposal-v1	SC1-959b54cfff51e9c5ae14a8da75de27cd77769e42b5f965731c6dc2eff5f5dec5	S016267	1	P01	SYMBOLS.tsv	384761	selection_expression	x86_64	include/uapi/linux/netdev.h	enum_constant	NETDEV_A_NAPI_THREADED	146	PENDING_REVIEW	SOURCE_REVIEWED_VALUE	COMPLETE	vendor/linux/include/uapi/linux/netdev.h;vendor/linux/include/uapi/linux/netdev.h:146;rewrite/configs/x86_64/frozen.config;header_closure=rewrite/metadata/header_closure.tsv;selected=PENDING_REVIEW	425f94c2954b1fe80ebdbf9b29854e89750355df	f24cb1108af94200ee7a600fac46c70a86ad7f5182fa08b8da014df602b81fd2	a67200b9de936585f98f6aed0c4e4f7733d3ba0c36f4496d97e583cb7caf9ac6	0123af9e96b58af4e98b91a2de5608d36b63c67864b9041d3340587f3dbe40d2	cfa8dcf0d81c408de38d4202fe1ce9d9e5e301d1e67439c9530da94b1e64ee3f	7484d7b0dd80f45e18d726b04752827fe28555cc5c1af0e127948380e6688abf
semantic-proposal-v1	SC1-d3131277b7621e08a0d068a5ba373ed8501cd142580c221225264920f157e19a	S016267	1	P01	SYMBOLS.tsv	384761	status	x86_64	include/uapi/linux/netdev.h	enum_constant	NETDEV_A_NAPI_THREADED	146	PENDING_REVIEW	COMPLETE	COMPLETE	vendor/linux/include/uapi/linux/netdev.h;vendor/linux/include/uapi/linux/netdev.h:146;rewrite/configs/x86_64/frozen.config;header_closure=rewrite/metadata/header_closure.tsv;selected=PENDING_REVIEW	425f94c2954b1fe80ebdbf9b29854e89750355df	f24cb1108af94200ee7a600fac46c70a86ad7f5182fa08b8da014df602b81fd2	a67200b9de936585f98f6aed0c4e4f7733d3ba0c36f4496d97e583cb7caf9ac6	0123af9e96b58af4e98b91a2de5608d36b63c67864b9041d3340587f3dbe40d2	cfa8dcf0d81c408de38d4202fe1ce9d9e5e301d1e67439c9530da94b1e64ee3f	7484d7b0dd80f45e18d726b04752827fe28555cc5c1af0e127948380e6688abf
semantic-proposal-v1	SC1-62372880a6baafd506e7a2e0dba02b364dffbf68ed415d378a3f1820f373e2c7	S016267	1	P01	SYMBOLS.tsv	384762	selection_expression	x86_64	include/uapi/linux/netdev.h	enum_constant	__NETDEV_A_NAPI_MAX	148	PENDING_REVIEW	SOURCE_REVIEWED_VALUE	COMPLETE	vendor/linux/include/uapi/linux/netdev.h;vendor/linux/include/uapi/linux/netdev.h:148;rewrite/configs/x86_64/frozen.config;header_closure=rewrite/metadata/header_closure.tsv;selected=PENDING_REVIEW	425f94c2954b1fe80ebdbf9b29854e89750355df	f24cb1108af94200ee7a600fac46c70a86ad7f5182fa08b8da014df602b81fd2	a67200b9de936585f98f6aed0c4e4f7733d3ba0c36f4496d97e583cb7caf9ac6	0123af9e96b58af4e98b91a2de5608d36b63c67864b9041d3340587f3dbe40d2	cfa8dcf0d81c408de38d4202fe1ce9d9e5e301d1e67439c9530da94b1e64ee3f	7484d7b0dd80f45e18d726b04752827fe28555cc5c1af0e127948380e6688abf
semantic-proposal-v1	SC1-e2f04f86751c463bfb7bb8add675fd24e2719ca5260b75d5e2b3ccfd26514757	S016267	1	P01	SYMBOLS.tsv	384762	status	x86_64	include/uapi/linux/netdev.h	enum_constant	__NETDEV_A_NAPI_MAX	148	PENDING_REVIEW	COMPLETE	COMPLETE	vendor/linux/include/uapi/linux/netdev.h;vendor/linux/include/uapi/linux/netdev.h:148;rewrite/configs/x86_64/frozen.config;header_closure=rewrite/metadata/header_closure.tsv;selected=PENDING_REVIEW	425f94c2954b1fe80ebdbf9b29854e89750355df	f24cb1108af94200ee7a600fac46c70a86ad7f5182fa08b8da014df602b81fd2	a67200b9de936585f98f6aed0c4e4f7733d3ba0c36f4496d97e583cb7caf9ac6	0123af9e96b58af4e98b91a2de5608d36b63c67864b9041d3340587f3dbe40d2	cfa8dcf0d81c408de38d4202fe1ce9d9e5e301d1e67439c9530da94b1e64ee3f	7484d7b0dd80f45e18d726b04752827fe28555cc5c1af0e127948380e6688abf
semantic-proposal-v1	SC1-78b4104fd5cc119f5f32bbc7d4109d138cbb952e600d5b479757fe5bacd64c89	S016267	1	P01	SYMBOLS.tsv	384763	selection_expression	x86_64	include/uapi/linux/netdev.h	enum_constant	NETDEV_A_NAPI_MAX	149	PENDING_REVIEW	SOURCE_REVIEWED_VALUE	COMPLETE	vendor/linux/include/uapi/linux/netdev.h;vendor/linux/include/uapi/linux/netdev.h:149;rewrite/configs/x86_64/frozen.config;header_closure=rewrite/metadata/header_closure.tsv;selected=PENDING_REVIEW	425f94c2954b1fe80ebdbf9b29854e89750355df	f24cb1108af94200ee7a600fac46c70a86ad7f5182fa08b8da014df602b81fd2	a67200b9de936585f98f6aed0c4e4f7733d3ba0c36f4496d97e583cb7caf9ac6	0123af9e96b58af4e98b91a2de5608d36b63c67864b9041d3340587f3dbe40d2	cfa8dcf0d81c408de38d4202fe1ce9d9e5e301d1e67439c9530da94b1e64ee3f	7484d7b0dd80f45e18d726b04752827fe28555cc5c1af0e127948380e6688abf
semantic-proposal-v1	SC1-e9709f0a91d436364f845d9c02199f3db5703863b4895ca0f78c58d0718786ea	S016267	1	P01	SYMBOLS.tsv	384763	status	x86_64	include/uapi/linux/netdev.h	enum_constant	NETDEV_A_NAPI_MAX	149	PENDING_REVIEW	COMPLETE	COMPLETE	vendor/linux/include/uapi/linux/netdev.h;vendor/linux/include/uapi/linux/netdev.h:149;rewrite/configs/x86_64/frozen.config;header_closure=rewrite/metadata/header_closure.tsv;selected=PENDING_REVIEW	425f94c2954b1fe80ebdbf9b29854e89750355df	f24cb1108af94200ee7a600fac46c70a86ad7f5182fa08b8da014df602b81fd2	a67200b9de936585f98f6aed0c4e4f7733d3ba0c36f4496d97e583cb7caf9ac6	0123af9e96b58af4e98b91a2de5608d36b63c67864b9041d3340587f3dbe40d2	cfa8dcf0d81c408de38d4202fe1ce9d9e5e301d1e67439c9530da94b1e64ee3f	7484d7b0dd80f45e18d726b04752827fe28555cc5c1af0e127948380e6688abf
semantic-proposal-v1	SC1-928ecbe624ba07cfbb7ec2dd0a0d75f6526274ec99f7717df137310aa7068db9	S016267	1	P01	SYMBOLS.tsv	384764	selection_expression	x86_64	include/uapi/linux/netdev.h	type	anonymous_enum@152	152	PENDING_REVIEW	SOURCE_REVIEWED_VALUE	COMPLETE	vendor/linux/include/uapi/linux/netdev.h;vendor/linux/include/uapi/linux/netdev.h:152;rewrite/configs/x86_64/frozen.config;header_closure=rewrite/metadata/header_closure.tsv;selected=PENDING_REVIEW	425f94c2954b1fe80ebdbf9b29854e89750355df	f24cb1108af94200ee7a600fac46c70a86ad7f5182fa08b8da014df602b81fd2	a67200b9de936585f98f6aed0c4e4f7733d3ba0c36f4496d97e583cb7caf9ac6	0123af9e96b58af4e98b91a2de5608d36b63c67864b9041d3340587f3dbe40d2	cfa8dcf0d81c408de38d4202fe1ce9d9e5e301d1e67439c9530da94b1e64ee3f	7484d7b0dd80f45e18d726b04752827fe28555cc5c1af0e127948380e6688abf
semantic-proposal-v1	SC1-415ff6f1e450ff289841f8510d94b3f73ebfbdb7932850275a1ae50653237946	S016267	1	P01	SYMBOLS.tsv	384764	status	x86_64	include/uapi/linux/netdev.h	type	anonymous_enum@152	152	PENDING_REVIEW	COMPLETE	COMPLETE	vendor/linux/include/uapi/linux/netdev.h;vendor/linux/include/uapi/linux/netdev.h:152;rewrite/configs/x86_64/frozen.config;header_closure=rewrite/metadata/header_closure.tsv;selected=PENDING_REVIEW	425f94c2954b1fe80ebdbf9b29854e89750355df	f24cb1108af94200ee7a600fac46c70a86ad7f5182fa08b8da014df602b81fd2	a67200b9de936585f98f6aed0c4e4f7733d3ba0c36f4496d97e583cb7caf9ac6	0123af9e96b58af4e98b91a2de5608d36b63c67864b9041d3340587f3dbe40d2	cfa8dcf0d81c408de38d4202fe1ce9d9e5e301d1e67439c9530da94b1e64ee3f	7484d7b0dd80f45e18d726b04752827fe28555cc5c1af0e127948380e6688abf
semantic-proposal-v1	SC1-aa9d5bd481e7d0af173c9c141d55462f5e9a327f7c10b2fbc7cacd7517745c23	S016267	1	P01	SYMBOLS.tsv	384765	selection_expression	x86_64	include/uapi/linux/netdev.h	enum_constant	__NETDEV_A_XSK_INFO_MAX	153	PENDING_REVIEW	SOURCE_REVIEWED_VALUE	COMPLETE	vendor/linux/include/uapi/linux/netdev.h;vendor/linux/include/uapi/linux/netdev.h:153;rewrite/configs/x86_64/frozen.config;header_closure=rewrite/metadata/header_closure.tsv;selected=PENDING_REVIEW	425f94c2954b1fe80ebdbf9b29854e89750355df	f24cb1108af94200ee7a600fac46c70a86ad7f5182fa08b8da014df602b81fd2	a67200b9de936585f98f6aed0c4e4f7733d3ba0c36f4496d97e583cb7caf9ac6	0123af9e96b58af4e98b91a2de5608d36b63c67864b9041d3340587f3dbe40d2	cfa8dcf0d81c408de38d4202fe1ce9d9e5e301d1e67439c9530da94b1e64ee3f	7484d7b0dd80f45e18d726b04752827fe28555cc5c1af0e127948380e6688abf
semantic-proposal-v1	SC1-53570f1b1672a37b7d3afc46919998a9b7248f6258fd26af9f5e664915504b24	S016267	1	P01	SYMBOLS.tsv	384765	status	x86_64	include/uapi/linux/netdev.h	enum_constant	__NETDEV_A_XSK_INFO_MAX	153	PENDING_REVIEW	COMPLETE	COMPLETE	vendor/linux/include/uapi/linux/netdev.h;vendor/linux/include/uapi/linux/netdev.h:153;rewrite/configs/x86_64/frozen.config;header_closure=rewrite/metadata/header_closure.tsv;selected=PENDING_REVIEW	425f94c2954b1fe80ebdbf9b29854e89750355df	f24cb1108af94200ee7a600fac46c70a86ad7f5182fa08b8da014df602b81fd2	a67200b9de936585f98f6aed0c4e4f7733d3ba0c36f4496d97e583cb7caf9ac6	0123af9e96b58af4e98b91a2de5608d36b63c67864b9041d3340587f3dbe40d2	cfa8dcf0d81c408de38d4202fe1ce9d9e5e301d1e67439c9530da94b1e64ee3f	7484d7b0dd80f45e18d726b04752827fe28555cc5c1af0e127948380e6688abf
semantic-proposal-v1	SC1-b074a4731c3aa31252a5d68a11fc84e91401ceb3c5f30c64f2bf188dc60472c0	S016267	1	P01	SYMBOLS.tsv	384766	selection_expression	x86_64	include/uapi/linux/netdev.h	enum_constant	NETDEV_A_XSK_INFO_MAX	154	PENDING_REVIEW	SOURCE_REVIEWED_VALUE	COMPLETE	vendor/linux/include/uapi/linux/netdev.h;vendor/linux/include/uapi/linux/netdev.h:154;rewrite/configs/x86_64/frozen.config;header_closure=rewrite/metadata/header_closure.tsv;selected=PENDING_REVIEW	425f94c2954b1fe80ebdbf9b29854e89750355df	f24cb1108af94200ee7a600fac46c70a86ad7f5182fa08b8da014df602b81fd2	a67200b9de936585f98f6aed0c4e4f7733d3ba0c36f4496d97e583cb7caf9ac6	0123af9e96b58af4e98b91a2de5608d36b63c67864b9041d3340587f3dbe40d2	cfa8dcf0d81c408de38d4202fe1ce9d9e5e301d1e67439c9530da94b1e64ee3f	7484d7b0dd80f45e18d726b04752827fe28555cc5c1af0e127948380e6688abf
semantic-proposal-v1	SC1-0a1fc98225e6a51f00304a63e736b3d679979063c362349ef244f5860d200677	S016267	1	P01	SYMBOLS.tsv	384766	status	x86_64	include/uapi/linux/netdev.h	enum_constant	NETDEV_A_XSK_INFO_MAX	154	PENDING_REVIEW	COMPLETE	COMPLETE	vendor/linux/include/uapi/linux/netdev.h;vendor/linux/include/uapi/linux/netdev.h:154;rewrite/configs/x86_64/frozen.config;header_closure=rewrite/metadata/header_closure.tsv;selected=PENDING_REVIEW	425f94c2954b1fe80ebdbf9b29854e89750355df	f24cb1108af94200ee7a600fac46c70a86ad7f5182fa08b8da014df602b81fd2	a67200b9de936585f98f6aed0c4e4f7733d3ba0c36f4496d97e583cb7caf9ac6	0123af9e96b58af4e98b91a2de5608d36b63c67864b9041d3340587f3dbe40d2	cfa8dcf0d81c408de38d4202fe1ce9d9e5e301d1e67439c9530da94b1e64ee3f	7484d7b0dd80f45e18d726b04752827fe28555cc5c1af0e127948380e6688abf
semantic-proposal-v1	SC1-fe26fad79b453b738351636566322fd1786993aaf37284af4c49716d69b1df61	S016267	1	P01	SYMBOLS.tsv	384767	selection_expression	x86_64	include/uapi/linux/netdev.h	type	anonymous_enum@157	157	PENDING_REVIEW	SOURCE_REVIEWED_VALUE	COMPLETE	vendor/linux/include/uapi/linux/netdev.h;vendor/linux/include/uapi/linux/netdev.h:157;rewrite/configs/x86_64/frozen.config;header_closure=rewrite/metadata/header_closure.tsv;selected=PENDING_REVIEW	425f94c2954b1fe80ebdbf9b29854e89750355df	f24cb1108af94200ee7a600fac46c70a86ad7f5182fa08b8da014df602b81fd2	a67200b9de936585f98f6aed0c4e4f7733d3ba0c36f4496d97e583cb7caf9ac6	0123af9e96b58af4e98b91a2de5608d36b63c67864b9041d3340587f3dbe40d2	cfa8dcf0d81c408de38d4202fe1ce9d9e5e301d1e67439c9530da94b1e64ee3f	7484d7b0dd80f45e18d726b04752827fe28555cc5c1af0e127948380e6688abf
semantic-proposal-v1	SC1-33979ed5dd1c9f8623261c6c4a6a44c12ce03792d52cd1c35b91f21abac827ee	S016267	1	P01	SYMBOLS.tsv	384767	status	x86_64	include/uapi/linux/netdev.h	type	anonymous_enum@157	157	PENDING_REVIEW	COMPLETE	COMPLETE	vendor/linux/include/uapi/linux/netdev.h;vendor/linux/include/uapi/linux/netdev.h:157;rewrite/configs/x86_64/frozen.config;header_closure=rewrite/metadata/header_closure.tsv;selected=PENDING_REVIEW	425f94c2954b1fe80ebdbf9b29854e89750355df	f24cb1108af94200ee7a600fac46c70a86ad7f5182fa08b8da014df602b81fd2	a67200b9de936585f98f6aed0c4e4f7733d3ba0c36f4496d97e583cb7caf9ac6	0123af9e96b58af4e98b91a2de5608d36b63c67864b9041d3340587f3dbe40d2	cfa8dcf0d81c408de38d4202fe1ce9d9e5e301d1e67439c9530da94b1e64ee3f	7484d7b0dd80f45e18d726b04752827fe28555cc5c1af0e127948380e6688abf
semantic-proposal-v1	SC1-541eebebe02a01167fa1f652624de809bb6b65dadf5b768499d903372d51b57a	S016267	1	P01	SYMBOLS.tsv	384768	selection_expression	x86_64	include/uapi/linux/netdev.h	enum_constant	NETDEV_A_QUEUE_ID	158	PENDING_REVIEW	SOURCE_REVIEWED_VALUE	COMPLETE	vendor/linux/include/uapi/linux/netdev.h;vendor/linux/include/uapi/linux/netdev.h:158;rewrite/configs/x86_64/frozen.config;header_closure=rewrite/metadata/header_closure.tsv;selected=PENDING_REVIEW	425f94c2954b1fe80ebdbf9b29854e89750355df	f24cb1108af94200ee7a600fac46c70a86ad7f5182fa08b8da014df602b81fd2	a67200b9de936585f98f6aed0c4e4f7733d3ba0c36f4496d97e583cb7caf9ac6	0123af9e96b58af4e98b91a2de5608d36b63c67864b9041d3340587f3dbe40d2	cfa8dcf0d81c408de38d4202fe1ce9d9e5e301d1e67439c9530da94b1e64ee3f	7484d7b0dd80f45e18d726b04752827fe28555cc5c1af0e127948380e6688abf
semantic-proposal-v1	SC1-dffc37d1732b05b614a4194721cd8a84c16f845d871eb6b802379d90e8307539	S016267	1	P01	SYMBOLS.tsv	384768	status	x86_64	include/uapi/linux/netdev.h	enum_constant	NETDEV_A_QUEUE_ID	158	PENDING_REVIEW	COMPLETE	COMPLETE	vendor/linux/include/uapi/linux/netdev.h;vendor/linux/include/uapi/linux/netdev.h:158;rewrite/configs/x86_64/frozen.config;header_closure=rewrite/metadata/header_closure.tsv;selected=PENDING_REVIEW	425f94c2954b1fe80ebdbf9b29854e89750355df	f24cb1108af94200ee7a600fac46c70a86ad7f5182fa08b8da014df602b81fd2	a67200b9de936585f98f6aed0c4e4f7733d3ba0c36f4496d97e583cb7caf9ac6	0123af9e96b58af4e98b91a2de5608d36b63c67864b9041d3340587f3dbe40d2	cfa8dcf0d81c408de38d4202fe1ce9d9e5e301d1e67439c9530da94b1e64ee3f	7484d7b0dd80f45e18d726b04752827fe28555cc5c1af0e127948380e6688abf
semantic-proposal-v1	SC1-77fadfe351e0a8ba8810caa43c273e741f49a5deb382b076d098c9637421bce4	S016267	1	P01	SYMBOLS.tsv	384769	selection_expression	x86_64	include/uapi/linux/netdev.h	enum_constant	NETDEV_A_QUEUE_IFINDEX	159	PENDING_REVIEW	SOURCE_REVIEWED_VALUE	COMPLETE	vendor/linux/include/uapi/linux/netdev.h;vendor/linux/include/uapi/linux/netdev.h:159;rewrite/configs/x86_64/frozen.config;header_closure=rewrite/metadata/header_closure.tsv;selected=PENDING_REVIEW	425f94c2954b1fe80ebdbf9b29854e89750355df	f24cb1108af94200ee7a600fac46c70a86ad7f5182fa08b8da014df602b81fd2	a67200b9de936585f98f6aed0c4e4f7733d3ba0c36f4496d97e583cb7caf9ac6	0123af9e96b58af4e98b91a2de5608d36b63c67864b9041d3340587f3dbe40d2	cfa8dcf0d81c408de38d4202fe1ce9d9e5e301d1e67439c9530da94b1e64ee3f	7484d7b0dd80f45e18d726b04752827fe28555cc5c1af0e127948380e6688abf
semantic-proposal-v1	SC1-41300f61e72ce6bfd565b8bacdd3d59f1daa80995a29cbe73b196d1a1792f5d6	S016267	1	P01	SYMBOLS.tsv	384769	status	x86_64	include/uapi/linux/netdev.h	enum_constant	NETDEV_A_QUEUE_IFINDEX	159	PENDING_REVIEW	COMPLETE	COMPLETE	vendor/linux/include/uapi/linux/netdev.h;vendor/linux/include/uapi/linux/netdev.h:159;rewrite/configs/x86_64/frozen.config;header_closure=rewrite/metadata/header_closure.tsv;selected=PENDING_REVIEW	425f94c2954b1fe80ebdbf9b29854e89750355df	f24cb1108af94200ee7a600fac46c70a86ad7f5182fa08b8da014df602b81fd2	a67200b9de936585f98f6aed0c4e4f7733d3ba0c36f4496d97e583cb7caf9ac6	0123af9e96b58af4e98b91a2de5608d36b63c67864b9041d3340587f3dbe40d2	cfa8dcf0d81c408de38d4202fe1ce9d9e5e301d1e67439c9530da94b1e64ee3f	7484d7b0dd80f45e18d726b04752827fe28555cc5c1af0e127948380e6688abf
semantic-proposal-v1	SC1-d16154523c587d13693aa2335086161989948f8cf6430c3ef97912806e8579d9	S016267	1	P01	SYMBOLS.tsv	384770	selection_expression	x86_64	include/uapi/linux/netdev.h	enum_constant	NETDEV_A_QUEUE_TYPE	160	PENDING_REVIEW	SOURCE_REVIEWED_VALUE	COMPLETE	vendor/linux/include/uapi/linux/netdev.h;vendor/linux/include/uapi/linux/netdev.h:160;rewrite/configs/x86_64/frozen.config;header_closure=rewrite/metadata/header_closure.tsv;selected=PENDING_REVIEW	425f94c2954b1fe80ebdbf9b29854e89750355df	f24cb1108af94200ee7a600fac46c70a86ad7f5182fa08b8da014df602b81fd2	a67200b9de936585f98f6aed0c4e4f7733d3ba0c36f4496d97e583cb7caf9ac6	0123af9e96b58af4e98b91a2de5608d36b63c67864b9041d3340587f3dbe40d2	cfa8dcf0d81c408de38d4202fe1ce9d9e5e301d1e67439c9530da94b1e64ee3f	7484d7b0dd80f45e18d726b04752827fe28555cc5c1af0e127948380e6688abf
semantic-proposal-v1	SC1-371286ab2766ab636b26059d3100333bcf68ddf533bbc365d4c837d1120e18b7	S016267	1	P01	SYMBOLS.tsv	384770	status	x86_64	include/uapi/linux/netdev.h	enum_constant	NETDEV_A_QUEUE_TYPE	160	PENDING_REVIEW	COMPLETE	COMPLETE	vendor/linux/include/uapi/linux/netdev.h;vendor/linux/include/uapi/linux/netdev.h:160;rewrite/configs/x86_64/frozen.config;header_closure=rewrite/metadata/header_closure.tsv;selected=PENDING_REVIEW	425f94c2954b1fe80ebdbf9b29854e89750355df	f24cb1108af94200ee7a600fac46c70a86ad7f5182fa08b8da014df602b81fd2	a67200b9de936585f98f6aed0c4e4f7733d3ba0c36f4496d97e583cb7caf9ac6	0123af9e96b58af4e98b91a2de5608d36b63c67864b9041d3340587f3dbe40d2	cfa8dcf0d81c408de38d4202fe1ce9d9e5e301d1e67439c9530da94b1e64ee3f	7484d7b0dd80f45e18d726b04752827fe28555cc5c1af0e127948380e6688abf
semantic-proposal-v1	SC1-5471e1e41eb6024071796ec493e444c69bb11eda3c36d07c06792210c414ea2a	S016267	1	P01	SYMBOLS.tsv	384771	selection_expression	x86_64	include/uapi/linux/netdev.h	enum_constant	NETDEV_A_QUEUE_NAPI_ID	161	PENDING_REVIEW	SOURCE_REVIEWED_VALUE	COMPLETE	vendor/linux/include/uapi/linux/netdev.h;vendor/linux/include/uapi/linux/netdev.h:161;rewrite/configs/x86_64/frozen.config;header_closure=rewrite/metadata/header_closure.tsv;selected=PENDING_REVIEW	425f94c2954b1fe80ebdbf9b29854e89750355df	f24cb1108af94200ee7a600fac46c70a86ad7f5182fa08b8da014df602b81fd2	a67200b9de936585f98f6aed0c4e4f7733d3ba0c36f4496d97e583cb7caf9ac6	0123af9e96b58af4e98b91a2de5608d36b63c67864b9041d3340587f3dbe40d2	cfa8dcf0d81c408de38d4202fe1ce9d9e5e301d1e67439c9530da94b1e64ee3f	7484d7b0dd80f45e18d726b04752827fe28555cc5c1af0e127948380e6688abf
semantic-proposal-v1	SC1-7f22e26ec25c6b74fda5ed0c563534ac5f84154aa8609ec4d043db424cd35932	S016267	1	P01	SYMBOLS.tsv	384771	status	x86_64	include/uapi/linux/netdev.h	enum_constant	NETDEV_A_QUEUE_NAPI_ID	161	PENDING_REVIEW	COMPLETE	COMPLETE	vendor/linux/include/uapi/linux/netdev.h;vendor/linux/include/uapi/linux/netdev.h:161;rewrite/configs/x86_64/frozen.config;header_closure=rewrite/metadata/header_closure.tsv;selected=PENDING_REVIEW	425f94c2954b1fe80ebdbf9b29854e89750355df	f24cb1108af94200ee7a600fac46c70a86ad7f5182fa08b8da014df602b81fd2	a67200b9de936585f98f6aed0c4e4f7733d3ba0c36f4496d97e583cb7caf9ac6	0123af9e96b58af4e98b91a2de5608d36b63c67864b9041d3340587f3dbe40d2	cfa8dcf0d81c408de38d4202fe1ce9d9e5e301d1e67439c9530da94b1e64ee3f	7484d7b0dd80f45e18d726b04752827fe28555cc5c1af0e127948380e6688abf
semantic-proposal-v1	SC1-3af575ac9c23720dd7228ea3a8101c2c6124a1cd8f9c8e72d3d7c492da4e6853	S016267	1	P01	SYMBOLS.tsv	384772	selection_expression	x86_64	include/uapi/linux/netdev.h	enum_constant	NETDEV_A_QUEUE_DMABUF	162	PENDING_REVIEW	SOURCE_REVIEWED_VALUE	COMPLETE	vendor/linux/include/uapi/linux/netdev.h;vendor/linux/include/uapi/linux/netdev.h:162;rewrite/configs/x86_64/frozen.config;header_closure=rewrite/metadata/header_closure.tsv;selected=PENDING_REVIEW	425f94c2954b1fe80ebdbf9b29854e89750355df	f24cb1108af94200ee7a600fac46c70a86ad7f5182fa08b8da014df602b81fd2	a67200b9de936585f98f6aed0c4e4f7733d3ba0c36f4496d97e583cb7caf9ac6	0123af9e96b58af4e98b91a2de5608d36b63c67864b9041d3340587f3dbe40d2	cfa8dcf0d81c408de38d4202fe1ce9d9e5e301d1e67439c9530da94b1e64ee3f	7484d7b0dd80f45e18d726b04752827fe28555cc5c1af0e127948380e6688abf
semantic-proposal-v1	SC1-2d6cca396e6802a1c0b0dfb1dddb142c537af7dc8cd87c54c4bf42cef8d345e7	S016267	1	P01	SYMBOLS.tsv	384772	status	x86_64	include/uapi/linux/netdev.h	enum_constant	NETDEV_A_QUEUE_DMABUF	162	PENDING_REVIEW	COMPLETE	COMPLETE	vendor/linux/include/uapi/linux/netdev.h;vendor/linux/include/uapi/linux/netdev.h:162;rewrite/configs/x86_64/frozen.config;header_closure=rewrite/metadata/header_closure.tsv;selected=PENDING_REVIEW	425f94c2954b1fe80ebdbf9b29854e89750355df	f24cb1108af94200ee7a600fac46c70a86ad7f5182fa08b8da014df602b81fd2	a67200b9de936585f98f6aed0c4e4f7733d3ba0c36f4496d97e583cb7caf9ac6	0123af9e96b58af4e98b91a2de5608d36b63c67864b9041d3340587f3dbe40d2	cfa8dcf0d81c408de38d4202fe1ce9d9e5e301d1e67439c9530da94b1e64ee3f	7484d7b0dd80f45e18d726b04752827fe28555cc5c1af0e127948380e6688abf
semantic-proposal-v1	SC1-7f18ff40a2aa62b758538c3a7b65bf8a97ac0309228ce8a83fcd749ee8cc1e58	S016267	1	P01	SYMBOLS.tsv	384773	selection_expression	x86_64	include/uapi/linux/netdev.h	enum_constant	NETDEV_A_QUEUE_IO_URING	163	PENDING_REVIEW	SOURCE_REVIEWED_VALUE	COMPLETE	vendor/linux/include/uapi/linux/netdev.h;vendor/linux/include/uapi/linux/netdev.h:163;rewrite/configs/x86_64/frozen.config;header_closure=rewrite/metadata/header_closure.tsv;selected=PENDING_REVIEW	425f94c2954b1fe80ebdbf9b29854e89750355df	f24cb1108af94200ee7a600fac46c70a86ad7f5182fa08b8da014df602b81fd2	a67200b9de936585f98f6aed0c4e4f7733d3ba0c36f4496d97e583cb7caf9ac6	0123af9e96b58af4e98b91a2de5608d36b63c67864b9041d3340587f3dbe40d2	cfa8dcf0d81c408de38d4202fe1ce9d9e5e301d1e67439c9530da94b1e64ee3f	7484d7b0dd80f45e18d726b04752827fe28555cc5c1af0e127948380e6688abf
semantic-proposal-v1	SC1-42f23263a0bc46e27eb390edf483fbdfcb17608b9abc0cead7a524e6883c569d	S016267	1	P01	SYMBOLS.tsv	384773	status	x86_64	include/uapi/linux/netdev.h	enum_constant	NETDEV_A_QUEUE_IO_URING	163	PENDING_REVIEW	COMPLETE	COMPLETE	vendor/linux/include/uapi/linux/netdev.h;vendor/linux/include/uapi/linux/netdev.h:163;rewrite/configs/x86_64/frozen.config;header_closure=rewrite/metadata/header_closure.tsv;selected=PENDING_REVIEW	425f94c2954b1fe80ebdbf9b29854e89750355df	f24cb1108af94200ee7a600fac46c70a86ad7f5182fa08b8da014df602b81fd2	a67200b9de936585f98f6aed0c4e4f7733d3ba0c36f4496d97e583cb7caf9ac6	0123af9e96b58af4e98b91a2de5608d36b63c67864b9041d3340587f3dbe40d2	cfa8dcf0d81c408de38d4202fe1ce9d9e5e301d1e67439c9530da94b1e64ee3f	7484d7b0dd80f45e18d726b04752827fe28555cc5c1af0e127948380e6688abf
semantic-proposal-v1	SC1-3a8c17cb265046214a52f8151bf555d3698b7bc4d1d49d2555a3d9e89db3dd23	S016267	1	P01	SYMBOLS.tsv	384774	selection_expression	x86_64	include/uapi/linux/netdev.h	enum_constant	NETDEV_A_QUEUE_XSK	164	PENDING_REVIEW	SOURCE_REVIEWED_VALUE	COMPLETE	vendor/linux/include/uapi/linux/netdev.h;vendor/linux/include/uapi/linux/netdev.h:164;rewrite/configs/x86_64/frozen.config;header_closure=rewrite/metadata/header_closure.tsv;selected=PENDING_REVIEW	425f94c2954b1fe80ebdbf9b29854e89750355df	f24cb1108af94200ee7a600fac46c70a86ad7f5182fa08b8da014df602b81fd2	a67200b9de936585f98f6aed0c4e4f7733d3ba0c36f4496d97e583cb7caf9ac6	0123af9e96b58af4e98b91a2de5608d36b63c67864b9041d3340587f3dbe40d2	cfa8dcf0d81c408de38d4202fe1ce9d9e5e301d1e67439c9530da94b1e64ee3f	7484d7b0dd80f45e18d726b04752827fe28555cc5c1af0e127948380e6688abf
semantic-proposal-v1	SC1-3cc0230641d0b1a2e97f84d0af77324dc05feea6f34181ebdf2d1ae9de7afd97	S016267	1	P01	SYMBOLS.tsv	384774	status	x86_64	include/uapi/linux/netdev.h	enum_constant	NETDEV_A_QUEUE_XSK	164	PENDING_REVIEW	COMPLETE	COMPLETE	vendor/linux/include/uapi/linux/netdev.h;vendor/linux/include/uapi/linux/netdev.h:164;rewrite/configs/x86_64/frozen.config;header_closure=rewrite/metadata/header_closure.tsv;selected=PENDING_REVIEW	425f94c2954b1fe80ebdbf9b29854e89750355df	f24cb1108af94200ee7a600fac46c70a86ad7f5182fa08b8da014df602b81fd2	a67200b9de936585f98f6aed0c4e4f7733d3ba0c36f4496d97e583cb7caf9ac6	0123af9e96b58af4e98b91a2de5608d36b63c67864b9041d3340587f3dbe40d2	cfa8dcf0d81c408de38d4202fe1ce9d9e5e301d1e67439c9530da94b1e64ee3f	7484d7b0dd80f45e18d726b04752827fe28555cc5c1af0e127948380e6688abf
semantic-proposal-v1	SC1-8d17b48e7558156860b68172aa9ee6f5fb8081c782ddbcc2a01eb7734504bb10	S016267	1	P01	SYMBOLS.tsv	384775	selection_expression	x86_64	include/uapi/linux/netdev.h	enum_constant	NETDEV_A_QUEUE_LEASE	165	PENDING_REVIEW	SOURCE_REVIEWED_VALUE	COMPLETE	vendor/linux/include/uapi/linux/netdev.h;vendor/linux/include/uapi/linux/netdev.h:165;rewrite/configs/x86_64/frozen.config;header_closure=rewrite/metadata/header_closure.tsv;selected=PENDING_REVIEW	425f94c2954b1fe80ebdbf9b29854e89750355df	f24cb1108af94200ee7a600fac46c70a86ad7f5182fa08b8da014df602b81fd2	a67200b9de936585f98f6aed0c4e4f7733d3ba0c36f4496d97e583cb7caf9ac6	0123af9e96b58af4e98b91a2de5608d36b63c67864b9041d3340587f3dbe40d2	cfa8dcf0d81c408de38d4202fe1ce9d9e5e301d1e67439c9530da94b1e64ee3f	7484d7b0dd80f45e18d726b04752827fe28555cc5c1af0e127948380e6688abf
semantic-proposal-v1	SC1-9b0c7dcbea28cc4129b0bc926191931fddf033732bff9688c277035c841f8658	S016267	1	P01	SYMBOLS.tsv	384775	status	x86_64	include/uapi/linux/netdev.h	enum_constant	NETDEV_A_QUEUE_LEASE	165	PENDING_REVIEW	COMPLETE	COMPLETE	vendor/linux/include/uapi/linux/netdev.h;vendor/linux/include/uapi/linux/netdev.h:165;rewrite/configs/x86_64/frozen.config;header_closure=rewrite/metadata/header_closure.tsv;selected=PENDING_REVIEW	425f94c2954b1fe80ebdbf9b29854e89750355df	f24cb1108af94200ee7a600fac46c70a86ad7f5182fa08b8da014df602b81fd2	a67200b9de936585f98f6aed0c4e4f7733d3ba0c36f4496d97e583cb7caf9ac6	0123af9e96b58af4e98b91a2de5608d36b63c67864b9041d3340587f3dbe40d2	cfa8dcf0d81c408de38d4202fe1ce9d9e5e301d1e67439c9530da94b1e64ee3f	7484d7b0dd80f45e18d726b04752827fe28555cc5c1af0e127948380e6688abf
semantic-proposal-v1	SC1-3b8b1b4d8564b67ebe276cd3b5194edff0643f66c9a05f03d18e7fd83d34f770	S016267	1	P01	SYMBOLS.tsv	384776	selection_expression	x86_64	include/uapi/linux/netdev.h	enum_constant	__NETDEV_A_QUEUE_MAX	167	PENDING_REVIEW	SOURCE_REVIEWED_VALUE	COMPLETE	vendor/linux/include/uapi/linux/netdev.h;vendor/linux/include/uapi/linux/netdev.h:167;rewrite/configs/x86_64/frozen.config;header_closure=rewrite/metadata/header_closure.tsv;selected=PENDING_REVIEW	425f94c2954b1fe80ebdbf9b29854e89750355df	f24cb1108af94200ee7a600fac46c70a86ad7f5182fa08b8da014df602b81fd2	a67200b9de936585f98f6aed0c4e4f7733d3ba0c36f4496d97e583cb7caf9ac6	0123af9e96b58af4e98b91a2de5608d36b63c67864b9041d3340587f3dbe40d2	cfa8dcf0d81c408de38d4202fe1ce9d9e5e301d1e67439c9530da94b1e64ee3f	7484d7b0dd80f45e18d726b04752827fe28555cc5c1af0e127948380e6688abf
semantic-proposal-v1	SC1-f6b43631012619663012158d3eafab68486b9c937710c03bd46e1c8bab612c46	S016267	1	P01	SYMBOLS.tsv	384776	status	x86_64	include/uapi/linux/netdev.h	enum_constant	__NETDEV_A_QUEUE_MAX	167	PENDING_REVIEW	COMPLETE	COMPLETE	vendor/linux/include/uapi/linux/netdev.h;vendor/linux/include/uapi/linux/netdev.h:167;rewrite/configs/x86_64/frozen.config;header_closure=rewrite/metadata/header_closure.tsv;selected=PENDING_REVIEW	425f94c2954b1fe80ebdbf9b29854e89750355df	f24cb1108af94200ee7a600fac46c70a86ad7f5182fa08b8da014df602b81fd2	a67200b9de936585f98f6aed0c4e4f7733d3ba0c36f4496d97e583cb7caf9ac6	0123af9e96b58af4e98b91a2de5608d36b63c67864b9041d3340587f3dbe40d2	cfa8dcf0d81c408de38d4202fe1ce9d9e5e301d1e67439c9530da94b1e64ee3f	7484d7b0dd80f45e18d726b04752827fe28555cc5c1af0e127948380e6688abf
semantic-proposal-v1	SC1-f683b46b3ffd836f0131138be0b0f5af351ce002493e6ae238797061dc5fbe9a	S016267	1	P01	SYMBOLS.tsv	384777	selection_expression	x86_64	include/uapi/linux/netdev.h	enum_constant	NETDEV_A_QUEUE_MAX	168	PENDING_REVIEW	SOURCE_REVIEWED_VALUE	COMPLETE	vendor/linux/include/uapi/linux/netdev.h;vendor/linux/include/uapi/linux/netdev.h:168;rewrite/configs/x86_64/frozen.config;header_closure=rewrite/metadata/header_closure.tsv;selected=PENDING_REVIEW	425f94c2954b1fe80ebdbf9b29854e89750355df	f24cb1108af94200ee7a600fac46c70a86ad7f5182fa08b8da014df602b81fd2	a67200b9de936585f98f6aed0c4e4f7733d3ba0c36f4496d97e583cb7caf9ac6	0123af9e96b58af4e98b91a2de5608d36b63c67864b9041d3340587f3dbe40d2	cfa8dcf0d81c408de38d4202fe1ce9d9e5e301d1e67439c9530da94b1e64ee3f	7484d7b0dd80f45e18d726b04752827fe28555cc5c1af0e127948380e6688abf
semantic-proposal-v1	SC1-a475c8106746666ff4cc77fa7bfc56f21f498463a491945ab0e00e916df7283f	S016267	1	P01	SYMBOLS.tsv	384777	status	x86_64	include/uapi/linux/netdev.h	enum_constant	NETDEV_A_QUEUE_MAX	168	PENDING_REVIEW	COMPLETE	COMPLETE	vendor/linux/include/uapi/linux/netdev.h;vendor/linux/include/uapi/linux/netdev.h:168;rewrite/configs/x86_64/frozen.config;header_closure=rewrite/metadata/header_closure.tsv;selected=PENDING_REVIEW	425f94c2954b1fe80ebdbf9b29854e89750355df	f24cb1108af94200ee7a600fac46c70a86ad7f5182fa08b8da014df602b81fd2	a67200b9de936585f98f6aed0c4e4f7733d3ba0c36f4496d97e583cb7caf9ac6	0123af9e96b58af4e98b91a2de5608d36b63c67864b9041d3340587f3dbe40d2	cfa8dcf0d81c408de38d4202fe1ce9d9e5e301d1e67439c9530da94b1e64ee3f	7484d7b0dd80f45e18d726b04752827fe28555cc5c1af0e127948380e6688abf
semantic-proposal-v1	SC1-13d71899190e6c3a5f7873e831666526a5fc76ca54f521ffc102805526849e2d	S016267	1	P01	SYMBOLS.tsv	384778	selection_expression	x86_64	include/uapi/linux/netdev.h	type	anonymous_enum@171	171	PENDING_REVIEW	SOURCE_REVIEWED_VALUE	COMPLETE	vendor/linux/include/uapi/linux/netdev.h;vendor/linux/include/uapi/linux/netdev.h:171;rewrite/configs/x86_64/frozen.config;header_closure=rewrite/metadata/header_closure.tsv;selected=PENDING_REVIEW	425f94c2954b1fe80ebdbf9b29854e89750355df	f24cb1108af94200ee7a600fac46c70a86ad7f5182fa08b8da014df602b81fd2	a67200b9de936585f98f6aed0c4e4f7733d3ba0c36f4496d97e583cb7caf9ac6	0123af9e96b58af4e98b91a2de5608d36b63c67864b9041d3340587f3dbe40d2	cfa8dcf0d81c408de38d4202fe1ce9d9e5e301d1e67439c9530da94b1e64ee3f	7484d7b0dd80f45e18d726b04752827fe28555cc5c1af0e127948380e6688abf
semantic-proposal-v1	SC1-32907c106051194c0c07fdac5ea73fbfc16f458eb831650898660549560005f2	S016267	1	P01	SYMBOLS.tsv	384778	status	x86_64	include/uapi/linux/netdev.h	type	anonymous_enum@171	171	PENDING_REVIEW	COMPLETE	COMPLETE	vendor/linux/include/uapi/linux/netdev.h;vendor/linux/include/uapi/linux/netdev.h:171;rewrite/configs/x86_64/frozen.config;header_closure=rewrite/metadata/header_closure.tsv;selected=PENDING_REVIEW	425f94c2954b1fe80ebdbf9b29854e89750355df	f24cb1108af94200ee7a600fac46c70a86ad7f5182fa08b8da014df602b81fd2	a67200b9de936585f98f6aed0c4e4f7733d3ba0c36f4496d97e583cb7caf9ac6	0123af9e96b58af4e98b91a2de5608d36b63c67864b9041d3340587f3dbe40d2	cfa8dcf0d81c408de38d4202fe1ce9d9e5e301d1e67439c9530da94b1e64ee3f	7484d7b0dd80f45e18d726b04752827fe28555cc5c1af0e127948380e6688abf
semantic-proposal-v1	SC1-c97bf411ef265a8eeac3304b2a47e11cb1cb48e788ee63af18e3411b5672426d	S016267	1	P01	SYMBOLS.tsv	384779	selection_expression	x86_64	include/uapi/linux/netdev.h	enum_constant	NETDEV_A_QSTATS_IFINDEX	172	PENDING_REVIEW	SOURCE_REVIEWED_VALUE	COMPLETE	vendor/linux/include/uapi/linux/netdev.h;vendor/linux/include/uapi/linux/netdev.h:172;rewrite/configs/x86_64/frozen.config;header_closure=rewrite/metadata/header_closure.tsv;selected=PENDING_REVIEW	425f94c2954b1fe80ebdbf9b29854e89750355df	f24cb1108af94200ee7a600fac46c70a86ad7f5182fa08b8da014df602b81fd2	a67200b9de936585f98f6aed0c4e4f7733d3ba0c36f4496d97e583cb7caf9ac6	0123af9e96b58af4e98b91a2de5608d36b63c67864b9041d3340587f3dbe40d2	cfa8dcf0d81c408de38d4202fe1ce9d9e5e301d1e67439c9530da94b1e64ee3f	7484d7b0dd80f45e18d726b04752827fe28555cc5c1af0e127948380e6688abf
semantic-proposal-v1	SC1-b51e05de8b5d70bf7706f35a52922899ef8ce75f14dfadd666d0527f2acb8bc9	S016267	1	P01	SYMBOLS.tsv	384779	status	x86_64	include/uapi/linux/netdev.h	enum_constant	NETDEV_A_QSTATS_IFINDEX	172	PENDING_REVIEW	COMPLETE	COMPLETE	vendor/linux/include/uapi/linux/netdev.h;vendor/linux/include/uapi/linux/netdev.h:172;rewrite/configs/x86_64/frozen.config;header_closure=rewrite/metadata/header_closure.tsv;selected=PENDING_REVIEW	425f94c2954b1fe80ebdbf9b29854e89750355df	f24cb1108af94200ee7a600fac46c70a86ad7f5182fa08b8da014df602b81fd2	a67200b9de936585f98f6aed0c4e4f7733d3ba0c36f4496d97e583cb7caf9ac6	0123af9e96b58af4e98b91a2de5608d36b63c67864b9041d3340587f3dbe40d2	cfa8dcf0d81c408de38d4202fe1ce9d9e5e301d1e67439c9530da94b1e64ee3f	7484d7b0dd80f45e18d726b04752827fe28555cc5c1af0e127948380e6688abf
semantic-proposal-v1	SC1-1dd0e9b189d51af0d44a975d103340714c97d7d4693795e58be1efa0365ab52c	S016267	1	P01	SYMBOLS.tsv	384780	selection_expression	x86_64	include/uapi/linux/netdev.h	enum_constant	NETDEV_A_QSTATS_QUEUE_TYPE	173	PENDING_REVIEW	SOURCE_REVIEWED_VALUE	COMPLETE	vendor/linux/include/uapi/linux/netdev.h;vendor/linux/include/uapi/linux/netdev.h:173;rewrite/configs/x86_64/frozen.config;header_closure=rewrite/metadata/header_closure.tsv;selected=PENDING_REVIEW	425f94c2954b1fe80ebdbf9b29854e89750355df	f24cb1108af94200ee7a600fac46c70a86ad7f5182fa08b8da014df602b81fd2	a67200b9de936585f98f6aed0c4e4f7733d3ba0c36f4496d97e583cb7caf9ac6	0123af9e96b58af4e98b91a2de5608d36b63c67864b9041d3340587f3dbe40d2	cfa8dcf0d81c408de38d4202fe1ce9d9e5e301d1e67439c9530da94b1e64ee3f	7484d7b0dd80f45e18d726b04752827fe28555cc5c1af0e127948380e6688abf
semantic-proposal-v1	SC1-896325c080d9f122926c57bb667e7d04df57fbafbeacad910fc492074e6329d2	S016267	1	P01	SYMBOLS.tsv	384780	status	x86_64	include/uapi/linux/netdev.h	enum_constant	NETDEV_A_QSTATS_QUEUE_TYPE	173	PENDING_REVIEW	COMPLETE	COMPLETE	vendor/linux/include/uapi/linux/netdev.h;vendor/linux/include/uapi/linux/netdev.h:173;rewrite/configs/x86_64/frozen.config;header_closure=rewrite/metadata/header_closure.tsv;selected=PENDING_REVIEW	425f94c2954b1fe80ebdbf9b29854e89750355df	f24cb1108af94200ee7a600fac46c70a86ad7f5182fa08b8da014df602b81fd2	a67200b9de936585f98f6aed0c4e4f7733d3ba0c36f4496d97e583cb7caf9ac6	0123af9e96b58af4e98b91a2de5608d36b63c67864b9041d3340587f3dbe40d2	cfa8dcf0d81c408de38d4202fe1ce9d9e5e301d1e67439c9530da94b1e64ee3f	7484d7b0dd80f45e18d726b04752827fe28555cc5c1af0e127948380e6688abf
semantic-proposal-v1	SC1-dd20f3b16217e22425a578b1d5d52663758affa38e635afb52d029d825897d78	S016267	1	P01	SYMBOLS.tsv	384781	selection_expression	x86_64	include/uapi/linux/netdev.h	enum_constant	NETDEV_A_QSTATS_QUEUE_ID	174	PENDING_REVIEW	SOURCE_REVIEWED_VALUE	COMPLETE	vendor/linux/include/uapi/linux/netdev.h;vendor/linux/include/uapi/linux/netdev.h:174;rewrite/configs/x86_64/frozen.config;header_closure=rewrite/metadata/header_closure.tsv;selected=PENDING_REVIEW	425f94c2954b1fe80ebdbf9b29854e89750355df	f24cb1108af94200ee7a600fac46c70a86ad7f5182fa08b8da014df602b81fd2	a67200b9de936585f98f6aed0c4e4f7733d3ba0c36f4496d97e583cb7caf9ac6	0123af9e96b58af4e98b91a2de5608d36b63c67864b9041d3340587f3dbe40d2	cfa8dcf0d81c408de38d4202fe1ce9d9e5e301d1e67439c9530da94b1e64ee3f	7484d7b0dd80f45e18d726b04752827fe28555cc5c1af0e127948380e6688abf
semantic-proposal-v1	SC1-0e37e490716fc5d02ae558a38f89c1db53c233ea299ef8410919fdec27fe5cbf	S016267	1	P01	SYMBOLS.tsv	384781	status	x86_64	include/uapi/linux/netdev.h	enum_constant	NETDEV_A_QSTATS_QUEUE_ID	174	PENDING_REVIEW	COMPLETE	COMPLETE	vendor/linux/include/uapi/linux/netdev.h;vendor/linux/include/uapi/linux/netdev.h:174;rewrite/configs/x86_64/frozen.config;header_closure=rewrite/metadata/header_closure.tsv;selected=PENDING_REVIEW	425f94c2954b1fe80ebdbf9b29854e89750355df	f24cb1108af94200ee7a600fac46c70a86ad7f5182fa08b8da014df602b81fd2	a67200b9de936585f98f6aed0c4e4f7733d3ba0c36f4496d97e583cb7caf9ac6	0123af9e96b58af4e98b91a2de5608d36b63c67864b9041d3340587f3dbe40d2	cfa8dcf0d81c408de38d4202fe1ce9d9e5e301d1e67439c9530da94b1e64ee3f	7484d7b0dd80f45e18d726b04752827fe28555cc5c1af0e127948380e6688abf
semantic-proposal-v1	SC1-f31883a5124341701184e8cfe6e5d98cb098ff83bd6a256fb5987891c2e21803	S016267	1	P01	SYMBOLS.tsv	384782	selection_expression	x86_64	include/uapi/linux/netdev.h	enum_constant	NETDEV_A_QSTATS_SCOPE	175	PENDING_REVIEW	SOURCE_REVIEWED_VALUE	COMPLETE	vendor/linux/include/uapi/linux/netdev.h;vendor/linux/include/uapi/linux/netdev.h:175;rewrite/configs/x86_64/frozen.config;header_closure=rewrite/metadata/header_closure.tsv;selected=PENDING_REVIEW	425f94c2954b1fe80ebdbf9b29854e89750355df	f24cb1108af94200ee7a600fac46c70a86ad7f5182fa08b8da014df602b81fd2	a67200b9de936585f98f6aed0c4e4f7733d3ba0c36f4496d97e583cb7caf9ac6	0123af9e96b58af4e98b91a2de5608d36b63c67864b9041d3340587f3dbe40d2	cfa8dcf0d81c408de38d4202fe1ce9d9e5e301d1e67439c9530da94b1e64ee3f	7484d7b0dd80f45e18d726b04752827fe28555cc5c1af0e127948380e6688abf
semantic-proposal-v1	SC1-0bf36bcfc8dcfd930d61385b32f71d0335c2eee67a29a3b78d1b2a78eec17fe5	S016267	1	P01	SYMBOLS.tsv	384782	status	x86_64	include/uapi/linux/netdev.h	enum_constant	NETDEV_A_QSTATS_SCOPE	175	PENDING_REVIEW	COMPLETE	COMPLETE	vendor/linux/include/uapi/linux/netdev.h;vendor/linux/include/uapi/linux/netdev.h:175;rewrite/configs/x86_64/frozen.config;header_closure=rewrite/metadata/header_closure.tsv;selected=PENDING_REVIEW	425f94c2954b1fe80ebdbf9b29854e89750355df	f24cb1108af94200ee7a600fac46c70a86ad7f5182fa08b8da014df602b81fd2	a67200b9de936585f98f6aed0c4e4f7733d3ba0c36f4496d97e583cb7caf9ac6	0123af9e96b58af4e98b91a2de5608d36b63c67864b9041d3340587f3dbe40d2	cfa8dcf0d81c408de38d4202fe1ce9d9e5e301d1e67439c9530da94b1e64ee3f	7484d7b0dd80f45e18d726b04752827fe28555cc5c1af0e127948380e6688abf
semantic-proposal-v1	SC1-875433fdb0a55cf73c055950162305330b8fd70d75b0c2df55d0fec067ef4923	S016267	1	P01	SYMBOLS.tsv	384783	selection_expression	x86_64	include/uapi/linux/netdev.h	enum_constant	NETDEV_A_QSTATS_RX_PACKETS	176	PENDING_REVIEW	SOURCE_REVIEWED_VALUE	COMPLETE	vendor/linux/include/uapi/linux/netdev.h;vendor/linux/include/uapi/linux/netdev.h:176;rewrite/configs/x86_64/frozen.config;header_closure=rewrite/metadata/header_closure.tsv;selected=PENDING_REVIEW	425f94c2954b1fe80ebdbf9b29854e89750355df	f24cb1108af94200ee7a600fac46c70a86ad7f5182fa08b8da014df602b81fd2	a67200b9de936585f98f6aed0c4e4f7733d3ba0c36f4496d97e583cb7caf9ac6	0123af9e96b58af4e98b91a2de5608d36b63c67864b9041d3340587f3dbe40d2	cfa8dcf0d81c408de38d4202fe1ce9d9e5e301d1e67439c9530da94b1e64ee3f	7484d7b0dd80f45e18d726b04752827fe28555cc5c1af0e127948380e6688abf
semantic-proposal-v1	SC1-5ee2a4aeef1cfbe9db07db9d02424e977b8af3747cdc6a4c30d9b42092ef5669	S016267	1	P01	SYMBOLS.tsv	384783	status	x86_64	include/uapi/linux/netdev.h	enum_constant	NETDEV_A_QSTATS_RX_PACKETS	176	PENDING_REVIEW	COMPLETE	COMPLETE	vendor/linux/include/uapi/linux/netdev.h;vendor/linux/include/uapi/linux/netdev.h:176;rewrite/configs/x86_64/frozen.config;header_closure=rewrite/metadata/header_closure.tsv;selected=PENDING_REVIEW	425f94c2954b1fe80ebdbf9b29854e89750355df	f24cb1108af94200ee7a600fac46c70a86ad7f5182fa08b8da014df602b81fd2	a67200b9de936585f98f6aed0c4e4f7733d3ba0c36f4496d97e583cb7caf9ac6	0123af9e96b58af4e98b91a2de5608d36b63c67864b9041d3340587f3dbe40d2	cfa8dcf0d81c408de38d4202fe1ce9d9e5e301d1e67439c9530da94b1e64ee3f	7484d7b0dd80f45e18d726b04752827fe28555cc5c1af0e127948380e6688abf
semantic-proposal-v1	SC1-b8dbdd2e2f1f5e33ba641b13fd8663e57089b60ec80084eff6a59bda82db67d9	S016267	1	P01	SYMBOLS.tsv	384784	selection_expression	x86_64	include/uapi/linux/netdev.h	enum_constant	NETDEV_A_QSTATS_RX_BYTES	177	PENDING_REVIEW	SOURCE_REVIEWED_VALUE	COMPLETE	vendor/linux/include/uapi/linux/netdev.h;vendor/linux/include/uapi/linux/netdev.h:177;rewrite/configs/x86_64/frozen.config;header_closure=rewrite/metadata/header_closure.tsv;selected=PENDING_REVIEW	425f94c2954b1fe80ebdbf9b29854e89750355df	f24cb1108af94200ee7a600fac46c70a86ad7f5182fa08b8da014df602b81fd2	a67200b9de936585f98f6aed0c4e4f7733d3ba0c36f4496d97e583cb7caf9ac6	0123af9e96b58af4e98b91a2de5608d36b63c67864b9041d3340587f3dbe40d2	cfa8dcf0d81c408de38d4202fe1ce9d9e5e301d1e67439c9530da94b1e64ee3f	7484d7b0dd80f45e18d726b04752827fe28555cc5c1af0e127948380e6688abf
semantic-proposal-v1	SC1-d711f9ec95fbf42edd44c205bccd583ed77d10363cc871078da8aeda9f0ea008	S016267	1	P01	SYMBOLS.tsv	384784	status	x86_64	include/uapi/linux/netdev.h	enum_constant	NETDEV_A_QSTATS_RX_BYTES	177	PENDING_REVIEW	COMPLETE	COMPLETE	vendor/linux/include/uapi/linux/netdev.h;vendor/linux/include/uapi/linux/netdev.h:177;rewrite/configs/x86_64/frozen.config;header_closure=rewrite/metadata/header_closure.tsv;selected=PENDING_REVIEW	425f94c2954b1fe80ebdbf9b29854e89750355df	f24cb1108af94200ee7a600fac46c70a86ad7f5182fa08b8da014df602b81fd2	a67200b9de936585f98f6aed0c4e4f7733d3ba0c36f4496d97e583cb7caf9ac6	0123af9e96b58af4e98b91a2de5608d36b63c67864b9041d3340587f3dbe40d2	cfa8dcf0d81c408de38d4202fe1ce9d9e5e301d1e67439c9530da94b1e64ee3f	7484d7b0dd80f45e18d726b04752827fe28555cc5c1af0e127948380e6688abf
semantic-proposal-v1	SC1-009d85a6c85750a2d15838393b6332cb15dfb18e690b9b86cef0f33e1b7b9837	S016267	1	P01	SYMBOLS.tsv	384785	selection_expression	x86_64	include/uapi/linux/netdev.h	enum_constant	NETDEV_A_QSTATS_TX_PACKETS	178	PENDING_REVIEW	SOURCE_REVIEWED_VALUE	COMPLETE	vendor/linux/include/uapi/linux/netdev.h;vendor/linux/include/uapi/linux/netdev.h:178;rewrite/configs/x86_64/frozen.config;header_closure=rewrite/metadata/header_closure.tsv;selected=PENDING_REVIEW	425f94c2954b1fe80ebdbf9b29854e89750355df	f24cb1108af94200ee7a600fac46c70a86ad7f5182fa08b8da014df602b81fd2	a67200b9de936585f98f6aed0c4e4f7733d3ba0c36f4496d97e583cb7caf9ac6	0123af9e96b58af4e98b91a2de5608d36b63c67864b9041d3340587f3dbe40d2	cfa8dcf0d81c408de38d4202fe1ce9d9e5e301d1e67439c9530da94b1e64ee3f	7484d7b0dd80f45e18d726b04752827fe28555cc5c1af0e127948380e6688abf
semantic-proposal-v1	SC1-39e90782da0151f94a85fb546c0b9e6ab75d50a6894ccdc530c4bb51489d5d2e	S016267	1	P01	SYMBOLS.tsv	384785	status	x86_64	include/uapi/linux/netdev.h	enum_constant	NETDEV_A_QSTATS_TX_PACKETS	178	PENDING_REVIEW	COMPLETE	COMPLETE	vendor/linux/include/uapi/linux/netdev.h;vendor/linux/include/uapi/linux/netdev.h:178;rewrite/configs/x86_64/frozen.config;header_closure=rewrite/metadata/header_closure.tsv;selected=PENDING_REVIEW	425f94c2954b1fe80ebdbf9b29854e89750355df	f24cb1108af94200ee7a600fac46c70a86ad7f5182fa08b8da014df602b81fd2	a67200b9de936585f98f6aed0c4e4f7733d3ba0c36f4496d97e583cb7caf9ac6	0123af9e96b58af4e98b91a2de5608d36b63c67864b9041d3340587f3dbe40d2	cfa8dcf0d81c408de38d4202fe1ce9d9e5e301d1e67439c9530da94b1e64ee3f	7484d7b0dd80f45e18d726b04752827fe28555cc5c1af0e127948380e6688abf
semantic-proposal-v1	SC1-280078870fd987e8f60da88867d2d5e2bad5a223f5dfb31b5a9ce12dbe180b29	S016267	1	P01	SYMBOLS.tsv	384786	selection_expression	x86_64	include/uapi/linux/netdev.h	enum_constant	NETDEV_A_QSTATS_TX_BYTES	179	PENDING_REVIEW	SOURCE_REVIEWED_VALUE	COMPLETE	vendor/linux/include/uapi/linux/netdev.h;vendor/linux/include/uapi/linux/netdev.h:179;rewrite/configs/x86_64/frozen.config;header_closure=rewrite/metadata/header_closure.tsv;selected=PENDING_REVIEW	425f94c2954b1fe80ebdbf9b29854e89750355df	f24cb1108af94200ee7a600fac46c70a86ad7f5182fa08b8da014df602b81fd2	a67200b9de936585f98f6aed0c4e4f7733d3ba0c36f4496d97e583cb7caf9ac6	0123af9e96b58af4e98b91a2de5608d36b63c67864b9041d3340587f3dbe40d2	cfa8dcf0d81c408de38d4202fe1ce9d9e5e301d1e67439c9530da94b1e64ee3f	7484d7b0dd80f45e18d726b04752827fe28555cc5c1af0e127948380e6688abf
semantic-proposal-v1	SC1-9a6fd198bac5c4b9ed32f86c681ae7b5cada2ccd957b80eb2a0f3ce063861386	S016267	1	P01	SYMBOLS.tsv	384786	status	x86_64	include/uapi/linux/netdev.h	enum_constant	NETDEV_A_QSTATS_TX_BYTES	179	PENDING_REVIEW	COMPLETE	COMPLETE	vendor/linux/include/uapi/linux/netdev.h;vendor/linux/include/uapi/linux/netdev.h:179;rewrite/configs/x86_64/frozen.config;header_closure=rewrite/metadata/header_closure.tsv;selected=PENDING_REVIEW	425f94c2954b1fe80ebdbf9b29854e89750355df	f24cb1108af94200ee7a600fac46c70a86ad7f5182fa08b8da014df602b81fd2	a67200b9de936585f98f6aed0c4e4f7733d3ba0c36f4496d97e583cb7caf9ac6	0123af9e96b58af4e98b91a2de5608d36b63c67864b9041d3340587f3dbe40d2	cfa8dcf0d81c408de38d4202fe1ce9d9e5e301d1e67439c9530da94b1e64ee3f	7484d7b0dd80f45e18d726b04752827fe28555cc5c1af0e127948380e6688abf
semantic-proposal-v1	SC1-03ea1040839f208cf215e7940531bd7a1cddb59a24f85c51c67f65b341a8407a	S016267	1	P01	SYMBOLS.tsv	384787	selection_expression	x86_64	include/uapi/linux/netdev.h	enum_constant	NETDEV_A_QSTATS_RX_ALLOC_FAIL	180	PENDING_REVIEW	SOURCE_REVIEWED_VALUE	COMPLETE	vendor/linux/include/uapi/linux/netdev.h;vendor/linux/include/uapi/linux/netdev.h:180;rewrite/configs/x86_64/frozen.config;header_closure=rewrite/metadata/header_closure.tsv;selected=PENDING_REVIEW	425f94c2954b1fe80ebdbf9b29854e89750355df	f24cb1108af94200ee7a600fac46c70a86ad7f5182fa08b8da014df602b81fd2	a67200b9de936585f98f6aed0c4e4f7733d3ba0c36f4496d97e583cb7caf9ac6	0123af9e96b58af4e98b91a2de5608d36b63c67864b9041d3340587f3dbe40d2	cfa8dcf0d81c408de38d4202fe1ce9d9e5e301d1e67439c9530da94b1e64ee3f	7484d7b0dd80f45e18d726b04752827fe28555cc5c1af0e127948380e6688abf
semantic-proposal-v1	SC1-6c472aa5af7bec1a424567785ba58b52ba8a917620ecc429f9e629131ba1652d	S016267	1	P01	SYMBOLS.tsv	384787	status	x86_64	include/uapi/linux/netdev.h	enum_constant	NETDEV_A_QSTATS_RX_ALLOC_FAIL	180	PENDING_REVIEW	COMPLETE	COMPLETE	vendor/linux/include/uapi/linux/netdev.h;vendor/linux/include/uapi/linux/netdev.h:180;rewrite/configs/x86_64/frozen.config;header_closure=rewrite/metadata/header_closure.tsv;selected=PENDING_REVIEW	425f94c2954b1fe80ebdbf9b29854e89750355df	f24cb1108af94200ee7a600fac46c70a86ad7f5182fa08b8da014df602b81fd2	a67200b9de936585f98f6aed0c4e4f7733d3ba0c36f4496d97e583cb7caf9ac6	0123af9e96b58af4e98b91a2de5608d36b63c67864b9041d3340587f3dbe40d2	cfa8dcf0d81c408de38d4202fe1ce9d9e5e301d1e67439c9530da94b1e64ee3f	7484d7b0dd80f45e18d726b04752827fe28555cc5c1af0e127948380e6688abf
semantic-proposal-v1	SC1-4a51998fc2049530a7962315e232374107c8226fb6592a01192e5b20fd4c77eb	S016267	1	P01	SYMBOLS.tsv	384788	selection_expression	x86_64	include/uapi/linux/netdev.h	enum_constant	NETDEV_A_QSTATS_RX_HW_DROPS	181	PENDING_REVIEW	SOURCE_REVIEWED_VALUE	COMPLETE	vendor/linux/include/uapi/linux/netdev.h;vendor/linux/include/uapi/linux/netdev.h:181;rewrite/configs/x86_64/frozen.config;header_closure=rewrite/metadata/header_closure.tsv;selected=PENDING_REVIEW	425f94c2954b1fe80ebdbf9b29854e89750355df	f24cb1108af94200ee7a600fac46c70a86ad7f5182fa08b8da014df602b81fd2	a67200b9de936585f98f6aed0c4e4f7733d3ba0c36f4496d97e583cb7caf9ac6	0123af9e96b58af4e98b91a2de5608d36b63c67864b9041d3340587f3dbe40d2	cfa8dcf0d81c408de38d4202fe1ce9d9e5e301d1e67439c9530da94b1e64ee3f	7484d7b0dd80f45e18d726b04752827fe28555cc5c1af0e127948380e6688abf
semantic-proposal-v1	SC1-5f597b544266c7d2a184e2dfabefcbc5f07cc23648bb0cd498f60eb9c3f0cdc8	S016267	1	P01	SYMBOLS.tsv	384788	status	x86_64	include/uapi/linux/netdev.h	enum_constant	NETDEV_A_QSTATS_RX_HW_DROPS	181	PENDING_REVIEW	COMPLETE	COMPLETE	vendor/linux/include/uapi/linux/netdev.h;vendor/linux/include/uapi/linux/netdev.h:181;rewrite/configs/x86_64/frozen.config;header_closure=rewrite/metadata/header_closure.tsv;selected=PENDING_REVIEW	425f94c2954b1fe80ebdbf9b29854e89750355df	f24cb1108af94200ee7a600fac46c70a86ad7f5182fa08b8da014df602b81fd2	a67200b9de936585f98f6aed0c4e4f7733d3ba0c36f4496d97e583cb7caf9ac6	0123af9e96b58af4e98b91a2de5608d36b63c67864b9041d3340587f3dbe40d2	cfa8dcf0d81c408de38d4202fe1ce9d9e5e301d1e67439c9530da94b1e64ee3f	7484d7b0dd80f45e18d726b04752827fe28555cc5c1af0e127948380e6688abf
semantic-proposal-v1	SC1-2bf5da27331838f48e98a5ce14dc47f0799cee64fe45dc8c48f81b27cee03e53	S016267	1	P01	SYMBOLS.tsv	384789	selection_expression	x86_64	include/uapi/linux/netdev.h	enum_constant	NETDEV_A_QSTATS_RX_HW_DROP_OVERRUNS	182	PENDING_REVIEW	SOURCE_REVIEWED_VALUE	COMPLETE	vendor/linux/include/uapi/linux/netdev.h;vendor/linux/include/uapi/linux/netdev.h:182;rewrite/configs/x86_64/frozen.config;header_closure=rewrite/metadata/header_closure.tsv;selected=PENDING_REVIEW	425f94c2954b1fe80ebdbf9b29854e89750355df	f24cb1108af94200ee7a600fac46c70a86ad7f5182fa08b8da014df602b81fd2	a67200b9de936585f98f6aed0c4e4f7733d3ba0c36f4496d97e583cb7caf9ac6	0123af9e96b58af4e98b91a2de5608d36b63c67864b9041d3340587f3dbe40d2	cfa8dcf0d81c408de38d4202fe1ce9d9e5e301d1e67439c9530da94b1e64ee3f	7484d7b0dd80f45e18d726b04752827fe28555cc5c1af0e127948380e6688abf
semantic-proposal-v1	SC1-5eea4dca9d4df8fb8ed7b9223f8179c1b7dd7255cf86bd307fd5ddc12bb6b2fe	S016267	1	P01	SYMBOLS.tsv	384789	status	x86_64	include/uapi/linux/netdev.h	enum_constant	NETDEV_A_QSTATS_RX_HW_DROP_OVERRUNS	182	PENDING_REVIEW	COMPLETE	COMPLETE	vendor/linux/include/uapi/linux/netdev.h;vendor/linux/include/uapi/linux/netdev.h:182;rewrite/configs/x86_64/frozen.config;header_closure=rewrite/metadata/header_closure.tsv;selected=PENDING_REVIEW	425f94c2954b1fe80ebdbf9b29854e89750355df	f24cb1108af94200ee7a600fac46c70a86ad7f5182fa08b8da014df602b81fd2	a67200b9de936585f98f6aed0c4e4f7733d3ba0c36f4496d97e583cb7caf9ac6	0123af9e96b58af4e98b91a2de5608d36b63c67864b9041d3340587f3dbe40d2	cfa8dcf0d81c408de38d4202fe1ce9d9e5e301d1e67439c9530da94b1e64ee3f	7484d7b0dd80f45e18d726b04752827fe28555cc5c1af0e127948380e6688abf
semantic-proposal-v1	SC1-f2d7c1a483a566f54c355c18c530b7a69b942729cb304515ebaaad5137be1c1e	S016267	1	P01	SYMBOLS.tsv	384790	selection_expression	x86_64	include/uapi/linux/netdev.h	enum_constant	NETDEV_A_QSTATS_RX_CSUM_COMPLETE	183	PENDING_REVIEW	SOURCE_REVIEWED_VALUE	COMPLETE	vendor/linux/include/uapi/linux/netdev.h;vendor/linux/include/uapi/linux/netdev.h:183;rewrite/configs/x86_64/frozen.config;header_closure=rewrite/metadata/header_closure.tsv;selected=PENDING_REVIEW	425f94c2954b1fe80ebdbf9b29854e89750355df	f24cb1108af94200ee7a600fac46c70a86ad7f5182fa08b8da014df602b81fd2	a67200b9de936585f98f6aed0c4e4f7733d3ba0c36f4496d97e583cb7caf9ac6	0123af9e96b58af4e98b91a2de5608d36b63c67864b9041d3340587f3dbe40d2	cfa8dcf0d81c408de38d4202fe1ce9d9e5e301d1e67439c9530da94b1e64ee3f	7484d7b0dd80f45e18d726b04752827fe28555cc5c1af0e127948380e6688abf
semantic-proposal-v1	SC1-f7b16b3db6a8dc69443a174a0054d5bbaa5ae15458d32f33c1dc157f77b26f16	S016267	1	P01	SYMBOLS.tsv	384790	status	x86_64	include/uapi/linux/netdev.h	enum_constant	NETDEV_A_QSTATS_RX_CSUM_COMPLETE	183	PENDING_REVIEW	COMPLETE	COMPLETE	vendor/linux/include/uapi/linux/netdev.h;vendor/linux/include/uapi/linux/netdev.h:183;rewrite/configs/x86_64/frozen.config;header_closure=rewrite/metadata/header_closure.tsv;selected=PENDING_REVIEW	425f94c2954b1fe80ebdbf9b29854e89750355df	f24cb1108af94200ee7a600fac46c70a86ad7f5182fa08b8da014df602b81fd2	a67200b9de936585f98f6aed0c4e4f7733d3ba0c36f4496d97e583cb7caf9ac6	0123af9e96b58af4e98b91a2de5608d36b63c67864b9041d3340587f3dbe40d2	cfa8dcf0d81c408de38d4202fe1ce9d9e5e301d1e67439c9530da94b1e64ee3f	7484d7b0dd80f45e18d726b04752827fe28555cc5c1af0e127948380e6688abf
semantic-proposal-v1	SC1-52d3e3d7cd3d681a3728128ead436e58f85f4c038d1797be72323c6301437c77	S016267	1	P01	SYMBOLS.tsv	384791	selection_expression	x86_64	include/uapi/linux/netdev.h	enum_constant	NETDEV_A_QSTATS_RX_CSUM_UNNECESSARY	184	PENDING_REVIEW	SOURCE_REVIEWED_VALUE	COMPLETE	vendor/linux/include/uapi/linux/netdev.h;vendor/linux/include/uapi/linux/netdev.h:184;rewrite/configs/x86_64/frozen.config;header_closure=rewrite/metadata/header_closure.tsv;selected=PENDING_REVIEW	425f94c2954b1fe80ebdbf9b29854e89750355df	f24cb1108af94200ee7a600fac46c70a86ad7f5182fa08b8da014df602b81fd2	a67200b9de936585f98f6aed0c4e4f7733d3ba0c36f4496d97e583cb7caf9ac6	0123af9e96b58af4e98b91a2de5608d36b63c67864b9041d3340587f3dbe40d2	cfa8dcf0d81c408de38d4202fe1ce9d9e5e301d1e67439c9530da94b1e64ee3f	7484d7b0dd80f45e18d726b04752827fe28555cc5c1af0e127948380e6688abf
semantic-proposal-v1	SC1-e91b2b731b69785fded88e68b4eaea038692275c380e1939a1159cbd216aca9e	S016267	1	P01	SYMBOLS.tsv	384791	status	x86_64	include/uapi/linux/netdev.h	enum_constant	NETDEV_A_QSTATS_RX_CSUM_UNNECESSARY	184	PENDING_REVIEW	COMPLETE	COMPLETE	vendor/linux/include/uapi/linux/netdev.h;vendor/linux/include/uapi/linux/netdev.h:184;rewrite/configs/x86_64/frozen.config;header_closure=rewrite/metadata/header_closure.tsv;selected=PENDING_REVIEW	425f94c2954b1fe80ebdbf9b29854e89750355df	f24cb1108af94200ee7a600fac46c70a86ad7f5182fa08b8da014df602b81fd2	a67200b9de936585f98f6aed0c4e4f7733d3ba0c36f4496d97e583cb7caf9ac6	0123af9e96b58af4e98b91a2de5608d36b63c67864b9041d3340587f3dbe40d2	cfa8dcf0d81c408de38d4202fe1ce9d9e5e301d1e67439c9530da94b1e64ee3f	7484d7b0dd80f45e18d726b04752827fe28555cc5c1af0e127948380e6688abf
semantic-proposal-v1	SC1-6fb9473ccc878da7a133099e525b75c08ac2e35e3a25fa3d54241c0279066d66	S016267	1	P01	SYMBOLS.tsv	384792	selection_expression	x86_64	include/uapi/linux/netdev.h	enum_constant	NETDEV_A_QSTATS_RX_CSUM_NONE	185	PENDING_REVIEW	SOURCE_REVIEWED_VALUE	COMPLETE	vendor/linux/include/uapi/linux/netdev.h;vendor/linux/include/uapi/linux/netdev.h:185;rewrite/configs/x86_64/frozen.config;header_closure=rewrite/metadata/header_closure.tsv;selected=PENDING_REVIEW	425f94c2954b1fe80ebdbf9b29854e89750355df	f24cb1108af94200ee7a600fac46c70a86ad7f5182fa08b8da014df602b81fd2	a67200b9de936585f98f6aed0c4e4f7733d3ba0c36f4496d97e583cb7caf9ac6	0123af9e96b58af4e98b91a2de5608d36b63c67864b9041d3340587f3dbe40d2	cfa8dcf0d81c408de38d4202fe1ce9d9e5e301d1e67439c9530da94b1e64ee3f	7484d7b0dd80f45e18d726b04752827fe28555cc5c1af0e127948380e6688abf
semantic-proposal-v1	SC1-df174b3c9137c8086f75d0bd7778943818e207fd468eeb5304c9ba4a769aa2a4	S016267	1	P01	SYMBOLS.tsv	384792	status	x86_64	include/uapi/linux/netdev.h	enum_constant	NETDEV_A_QSTATS_RX_CSUM_NONE	185	PENDING_REVIEW	COMPLETE	COMPLETE	vendor/linux/include/uapi/linux/netdev.h;vendor/linux/include/uapi/linux/netdev.h:185;rewrite/configs/x86_64/frozen.config;header_closure=rewrite/metadata/header_closure.tsv;selected=PENDING_REVIEW	425f94c2954b1fe80ebdbf9b29854e89750355df	f24cb1108af94200ee7a600fac46c70a86ad7f5182fa08b8da014df602b81fd2	a67200b9de936585f98f6aed0c4e4f7733d3ba0c36f4496d97e583cb7caf9ac6	0123af9e96b58af4e98b91a2de5608d36b63c67864b9041d3340587f3dbe40d2	cfa8dcf0d81c408de38d4202fe1ce9d9e5e301d1e67439c9530da94b1e64ee3f	7484d7b0dd80f45e18d726b04752827fe28555cc5c1af0e127948380e6688abf
semantic-proposal-v1	SC1-5024376aa92cd2cfe22e442e49d59a708308497496f563dacaa954fb2da3e9ae	S016267	1	P01	SYMBOLS.tsv	384793	selection_expression	x86_64	include/uapi/linux/netdev.h	enum_constant	NETDEV_A_QSTATS_RX_CSUM_BAD	186	PENDING_REVIEW	SOURCE_REVIEWED_VALUE	COMPLETE	vendor/linux/include/uapi/linux/netdev.h;vendor/linux/include/uapi/linux/netdev.h:186;rewrite/configs/x86_64/frozen.config;header_closure=rewrite/metadata/header_closure.tsv;selected=PENDING_REVIEW	425f94c2954b1fe80ebdbf9b29854e89750355df	f24cb1108af94200ee7a600fac46c70a86ad7f5182fa08b8da014df602b81fd2	a67200b9de936585f98f6aed0c4e4f7733d3ba0c36f4496d97e583cb7caf9ac6	0123af9e96b58af4e98b91a2de5608d36b63c67864b9041d3340587f3dbe40d2	cfa8dcf0d81c408de38d4202fe1ce9d9e5e301d1e67439c9530da94b1e64ee3f	7484d7b0dd80f45e18d726b04752827fe28555cc5c1af0e127948380e6688abf
semantic-proposal-v1	SC1-7a46e87abc37149099b118d081cbff31d22dee3186522532a3c0677ef48f66ee	S016267	1	P01	SYMBOLS.tsv	384793	status	x86_64	include/uapi/linux/netdev.h	enum_constant	NETDEV_A_QSTATS_RX_CSUM_BAD	186	PENDING_REVIEW	COMPLETE	COMPLETE	vendor/linux/include/uapi/linux/netdev.h;vendor/linux/include/uapi/linux/netdev.h:186;rewrite/configs/x86_64/frozen.config;header_closure=rewrite/metadata/header_closure.tsv;selected=PENDING_REVIEW	425f94c2954b1fe80ebdbf9b29854e89750355df	f24cb1108af94200ee7a600fac46c70a86ad7f5182fa08b8da014df602b81fd2	a67200b9de936585f98f6aed0c4e4f7733d3ba0c36f4496d97e583cb7caf9ac6	0123af9e96b58af4e98b91a2de5608d36b63c67864b9041d3340587f3dbe40d2	cfa8dcf0d81c408de38d4202fe1ce9d9e5e301d1e67439c9530da94b1e64ee3f	7484d7b0dd80f45e18d726b04752827fe28555cc5c1af0e127948380e6688abf
semantic-proposal-v1	SC1-ba5cb1dbd3107d59521b75b23b9522776fb6217f9fd497b39c6fb5ff92bd2d3c	S016267	1	P01	SYMBOLS.tsv	384794	selection_expression	x86_64	include/uapi/linux/netdev.h	enum_constant	NETDEV_A_QSTATS_RX_HW_GRO_PACKETS	187	PENDING_REVIEW	SOURCE_REVIEWED_VALUE	COMPLETE	vendor/linux/include/uapi/linux/netdev.h;vendor/linux/include/uapi/linux/netdev.h:187;rewrite/configs/x86_64/frozen.config;header_closure=rewrite/metadata/header_closure.tsv;selected=PENDING_REVIEW	425f94c2954b1fe80ebdbf9b29854e89750355df	f24cb1108af94200ee7a600fac46c70a86ad7f5182fa08b8da014df602b81fd2	a67200b9de936585f98f6aed0c4e4f7733d3ba0c36f4496d97e583cb7caf9ac6	0123af9e96b58af4e98b91a2de5608d36b63c67864b9041d3340587f3dbe40d2	cfa8dcf0d81c408de38d4202fe1ce9d9e5e301d1e67439c9530da94b1e64ee3f	7484d7b0dd80f45e18d726b04752827fe28555cc5c1af0e127948380e6688abf
semantic-proposal-v1	SC1-068ca9d7fad9d4d6c7b6d770b7c6960f15e2745b8f109ce6c7b9f5c333b1f623	S016267	1	P01	SYMBOLS.tsv	384794	status	x86_64	include/uapi/linux/netdev.h	enum_constant	NETDEV_A_QSTATS_RX_HW_GRO_PACKETS	187	PENDING_REVIEW	COMPLETE	COMPLETE	vendor/linux/include/uapi/linux/netdev.h;vendor/linux/include/uapi/linux/netdev.h:187;rewrite/configs/x86_64/frozen.config;header_closure=rewrite/metadata/header_closure.tsv;selected=PENDING_REVIEW	425f94c2954b1fe80ebdbf9b29854e89750355df	f24cb1108af94200ee7a600fac46c70a86ad7f5182fa08b8da014df602b81fd2	a67200b9de936585f98f6aed0c4e4f7733d3ba0c36f4496d97e583cb7caf9ac6	0123af9e96b58af4e98b91a2de5608d36b63c67864b9041d3340587f3dbe40d2	cfa8dcf0d81c408de38d4202fe1ce9d9e5e301d1e67439c9530da94b1e64ee3f	7484d7b0dd80f45e18d726b04752827fe28555cc5c1af0e127948380e6688abf
semantic-proposal-v1	SC1-00de96dacd9c642fe6d126f10d96aa60d2e20238c355aa3b6aa865e794cbcdd8	S016267	1	P01	SYMBOLS.tsv	384795	selection_expression	x86_64	include/uapi/linux/netdev.h	enum_constant	NETDEV_A_QSTATS_RX_HW_GRO_BYTES	188	PENDING_REVIEW	SOURCE_REVIEWED_VALUE	COMPLETE	vendor/linux/include/uapi/linux/netdev.h;vendor/linux/include/uapi/linux/netdev.h:188;rewrite/configs/x86_64/frozen.config;header_closure=rewrite/metadata/header_closure.tsv;selected=PENDING_REVIEW	425f94c2954b1fe80ebdbf9b29854e89750355df	f24cb1108af94200ee7a600fac46c70a86ad7f5182fa08b8da014df602b81fd2	a67200b9de936585f98f6aed0c4e4f7733d3ba0c36f4496d97e583cb7caf9ac6	0123af9e96b58af4e98b91a2de5608d36b63c67864b9041d3340587f3dbe40d2	cfa8dcf0d81c408de38d4202fe1ce9d9e5e301d1e67439c9530da94b1e64ee3f	7484d7b0dd80f45e18d726b04752827fe28555cc5c1af0e127948380e6688abf
semantic-proposal-v1	SC1-895e5cf2b0e5782d6ad569567015ffadae03481ea287cbf17a663f8b6e4d328c	S016267	1	P01	SYMBOLS.tsv	384795	status	x86_64	include/uapi/linux/netdev.h	enum_constant	NETDEV_A_QSTATS_RX_HW_GRO_BYTES	188	PENDING_REVIEW	COMPLETE	COMPLETE	vendor/linux/include/uapi/linux/netdev.h;vendor/linux/include/uapi/linux/netdev.h:188;rewrite/configs/x86_64/frozen.config;header_closure=rewrite/metadata/header_closure.tsv;selected=PENDING_REVIEW	425f94c2954b1fe80ebdbf9b29854e89750355df	f24cb1108af94200ee7a600fac46c70a86ad7f5182fa08b8da014df602b81fd2	a67200b9de936585f98f6aed0c4e4f7733d3ba0c36f4496d97e583cb7caf9ac6	0123af9e96b58af4e98b91a2de5608d36b63c67864b9041d3340587f3dbe40d2	cfa8dcf0d81c408de38d4202fe1ce9d9e5e301d1e67439c9530da94b1e64ee3f	7484d7b0dd80f45e18d726b04752827fe28555cc5c1af0e127948380e6688abf
semantic-proposal-v1	SC1-508972412045d366e38fccf75df843211de2959b1b947080eff1c73aaf063b4a	S016267	1	P01	SYMBOLS.tsv	384796	selection_expression	x86_64	include/uapi/linux/netdev.h	enum_constant	NETDEV_A_QSTATS_RX_HW_GRO_WIRE_PACKETS	189	PENDING_REVIEW	SOURCE_REVIEWED_VALUE	COMPLETE	vendor/linux/include/uapi/linux/netdev.h;vendor/linux/include/uapi/linux/netdev.h:189;rewrite/configs/x86_64/frozen.config;header_closure=rewrite/metadata/header_closure.tsv;selected=PENDING_REVIEW	425f94c2954b1fe80ebdbf9b29854e89750355df	f24cb1108af94200ee7a600fac46c70a86ad7f5182fa08b8da014df602b81fd2	a67200b9de936585f98f6aed0c4e4f7733d3ba0c36f4496d97e583cb7caf9ac6	0123af9e96b58af4e98b91a2de5608d36b63c67864b9041d3340587f3dbe40d2	cfa8dcf0d81c408de38d4202fe1ce9d9e5e301d1e67439c9530da94b1e64ee3f	7484d7b0dd80f45e18d726b04752827fe28555cc5c1af0e127948380e6688abf
semantic-proposal-v1	SC1-7d6adfaa0ec8ace668db4d88ed021a4e429446f1174c9f10278da205373ff662	S016267	1	P01	SYMBOLS.tsv	384796	status	x86_64	include/uapi/linux/netdev.h	enum_constant	NETDEV_A_QSTATS_RX_HW_GRO_WIRE_PACKETS	189	PENDING_REVIEW	COMPLETE	COMPLETE	vendor/linux/include/uapi/linux/netdev.h;vendor/linux/include/uapi/linux/netdev.h:189;rewrite/configs/x86_64/frozen.config;header_closure=rewrite/metadata/header_closure.tsv;selected=PENDING_REVIEW	425f94c2954b1fe80ebdbf9b29854e89750355df	f24cb1108af94200ee7a600fac46c70a86ad7f5182fa08b8da014df602b81fd2	a67200b9de936585f98f6aed0c4e4f7733d3ba0c36f4496d97e583cb7caf9ac6	0123af9e96b58af4e98b91a2de5608d36b63c67864b9041d3340587f3dbe40d2	cfa8dcf0d81c408de38d4202fe1ce9d9e5e301d1e67439c9530da94b1e64ee3f	7484d7b0dd80f45e18d726b04752827fe28555cc5c1af0e127948380e6688abf
semantic-proposal-v1	SC1-4ddcc6414ab2191b57577a0449ebac13ad9364c793619043dd6ccd68a5ce3b9b	S016267	1	P01	SYMBOLS.tsv	384797	selection_expression	x86_64	include/uapi/linux/netdev.h	enum_constant	NETDEV_A_QSTATS_RX_HW_GRO_WIRE_BYTES	190	PENDING_REVIEW	SOURCE_REVIEWED_VALUE	COMPLETE	vendor/linux/include/uapi/linux/netdev.h;vendor/linux/include/uapi/linux/netdev.h:190;rewrite/configs/x86_64/frozen.config;header_closure=rewrite/metadata/header_closure.tsv;selected=PENDING_REVIEW	425f94c2954b1fe80ebdbf9b29854e89750355df	f24cb1108af94200ee7a600fac46c70a86ad7f5182fa08b8da014df602b81fd2	a67200b9de936585f98f6aed0c4e4f7733d3ba0c36f4496d97e583cb7caf9ac6	0123af9e96b58af4e98b91a2de5608d36b63c67864b9041d3340587f3dbe40d2	cfa8dcf0d81c408de38d4202fe1ce9d9e5e301d1e67439c9530da94b1e64ee3f	7484d7b0dd80f45e18d726b04752827fe28555cc5c1af0e127948380e6688abf
semantic-proposal-v1	SC1-7849447977cd2864e792d87c36e2f5a598a04665b8544fd7e6cacbdeb2751931	S016267	1	P01	SYMBOLS.tsv	384797	status	x86_64	include/uapi/linux/netdev.h	enum_constant	NETDEV_A_QSTATS_RX_HW_GRO_WIRE_BYTES	190	PENDING_REVIEW	COMPLETE	COMPLETE	vendor/linux/include/uapi/linux/netdev.h;vendor/linux/include/uapi/linux/netdev.h:190;rewrite/configs/x86_64/frozen.config;header_closure=rewrite/metadata/header_closure.tsv;selected=PENDING_REVIEW	425f94c2954b1fe80ebdbf9b29854e89750355df	f24cb1108af94200ee7a600fac46c70a86ad7f5182fa08b8da014df602b81fd2	a67200b9de936585f98f6aed0c4e4f7733d3ba0c36f4496d97e583cb7caf9ac6	0123af9e96b58af4e98b91a2de5608d36b63c67864b9041d3340587f3dbe40d2	cfa8dcf0d81c408de38d4202fe1ce9d9e5e301d1e67439c9530da94b1e64ee3f	7484d7b0dd80f45e18d726b04752827fe28555cc5c1af0e127948380e6688abf
semantic-proposal-v1	SC1-20b7aec08dcf5e4207b8303fe2a1df2b2b5699a10c62ae92568765d6feb7e231	S016267	1	P01	SYMBOLS.tsv	384798	selection_expression	x86_64	include/uapi/linux/netdev.h	enum_constant	NETDEV_A_QSTATS_RX_HW_DROP_RATELIMITS	191	PENDING_REVIEW	SOURCE_REVIEWED_VALUE	COMPLETE	vendor/linux/include/uapi/linux/netdev.h;vendor/linux/include/uapi/linux/netdev.h:191;rewrite/configs/x86_64/frozen.config;header_closure=rewrite/metadata/header_closure.tsv;selected=PENDING_REVIEW	425f94c2954b1fe80ebdbf9b29854e89750355df	f24cb1108af94200ee7a600fac46c70a86ad7f5182fa08b8da014df602b81fd2	a67200b9de936585f98f6aed0c4e4f7733d3ba0c36f4496d97e583cb7caf9ac6	0123af9e96b58af4e98b91a2de5608d36b63c67864b9041d3340587f3dbe40d2	cfa8dcf0d81c408de38d4202fe1ce9d9e5e301d1e67439c9530da94b1e64ee3f	7484d7b0dd80f45e18d726b04752827fe28555cc5c1af0e127948380e6688abf
semantic-proposal-v1	SC1-91f42d4b802531850b0aa13e593b8297f747fbc38406142f8be3514b1256de11	S016267	1	P01	SYMBOLS.tsv	384798	status	x86_64	include/uapi/linux/netdev.h	enum_constant	NETDEV_A_QSTATS_RX_HW_DROP_RATELIMITS	191	PENDING_REVIEW	COMPLETE	COMPLETE	vendor/linux/include/uapi/linux/netdev.h;vendor/linux/include/uapi/linux/netdev.h:191;rewrite/configs/x86_64/frozen.config;header_closure=rewrite/metadata/header_closure.tsv;selected=PENDING_REVIEW	425f94c2954b1fe80ebdbf9b29854e89750355df	f24cb1108af94200ee7a600fac46c70a86ad7f5182fa08b8da014df602b81fd2	a67200b9de936585f98f6aed0c4e4f7733d3ba0c36f4496d97e583cb7caf9ac6	0123af9e96b58af4e98b91a2de5608d36b63c67864b9041d3340587f3dbe40d2	cfa8dcf0d81c408de38d4202fe1ce9d9e5e301d1e67439c9530da94b1e64ee3f	7484d7b0dd80f45e18d726b04752827fe28555cc5c1af0e127948380e6688abf
semantic-proposal-v1	SC1-14873499abf65eb6340ec5d29064138d6a1ab948393609b880b68ae3bcb7c410	S016267	1	P01	SYMBOLS.tsv	384799	selection_expression	x86_64	include/uapi/linux/netdev.h	enum_constant	NETDEV_A_QSTATS_TX_HW_DROPS	192	PENDING_REVIEW	SOURCE_REVIEWED_VALUE	COMPLETE	vendor/linux/include/uapi/linux/netdev.h;vendor/linux/include/uapi/linux/netdev.h:192;rewrite/configs/x86_64/frozen.config;header_closure=rewrite/metadata/header_closure.tsv;selected=PENDING_REVIEW	425f94c2954b1fe80ebdbf9b29854e89750355df	f24cb1108af94200ee7a600fac46c70a86ad7f5182fa08b8da014df602b81fd2	a67200b9de936585f98f6aed0c4e4f7733d3ba0c36f4496d97e583cb7caf9ac6	0123af9e96b58af4e98b91a2de5608d36b63c67864b9041d3340587f3dbe40d2	cfa8dcf0d81c408de38d4202fe1ce9d9e5e301d1e67439c9530da94b1e64ee3f	7484d7b0dd80f45e18d726b04752827fe28555cc5c1af0e127948380e6688abf
semantic-proposal-v1	SC1-c5dc89fc6584ee5854bd49b37ab54042ec1bc4989beb90b8d97266278483833d	S016267	1	P01	SYMBOLS.tsv	384799	status	x86_64	include/uapi/linux/netdev.h	enum_constant	NETDEV_A_QSTATS_TX_HW_DROPS	192	PENDING_REVIEW	COMPLETE	COMPLETE	vendor/linux/include/uapi/linux/netdev.h;vendor/linux/include/uapi/linux/netdev.h:192;rewrite/configs/x86_64/frozen.config;header_closure=rewrite/metadata/header_closure.tsv;selected=PENDING_REVIEW	425f94c2954b1fe80ebdbf9b29854e89750355df	f24cb1108af94200ee7a600fac46c70a86ad7f5182fa08b8da014df602b81fd2	a67200b9de936585f98f6aed0c4e4f7733d3ba0c36f4496d97e583cb7caf9ac6	0123af9e96b58af4e98b91a2de5608d36b63c67864b9041d3340587f3dbe40d2	cfa8dcf0d81c408de38d4202fe1ce9d9e5e301d1e67439c9530da94b1e64ee3f	7484d7b0dd80f45e18d726b04752827fe28555cc5c1af0e127948380e6688abf
semantic-proposal-v1	SC1-9d0fd41b667c80e95d32627304dd9ca8a2070de35d041302b62aaed1d3ab2cad	S016267	1	P01	SYMBOLS.tsv	384800	selection_expression	x86_64	include/uapi/linux/netdev.h	enum_constant	NETDEV_A_QSTATS_TX_HW_DROP_ERRORS	193	PENDING_REVIEW	SOURCE_REVIEWED_VALUE	COMPLETE	vendor/linux/include/uapi/linux/netdev.h;vendor/linux/include/uapi/linux/netdev.h:193;rewrite/configs/x86_64/frozen.config;header_closure=rewrite/metadata/header_closure.tsv;selected=PENDING_REVIEW	425f94c2954b1fe80ebdbf9b29854e89750355df	f24cb1108af94200ee7a600fac46c70a86ad7f5182fa08b8da014df602b81fd2	a67200b9de936585f98f6aed0c4e4f7733d3ba0c36f4496d97e583cb7caf9ac6	0123af9e96b58af4e98b91a2de5608d36b63c67864b9041d3340587f3dbe40d2	cfa8dcf0d81c408de38d4202fe1ce9d9e5e301d1e67439c9530da94b1e64ee3f	7484d7b0dd80f45e18d726b04752827fe28555cc5c1af0e127948380e6688abf
semantic-proposal-v1	SC1-4e4f6d6d12a34895af471bb4fcb1838cc3f2f5d853b58ee90ff9f12f2ccf5ebf	S016267	1	P01	SYMBOLS.tsv	384800	status	x86_64	include/uapi/linux/netdev.h	enum_constant	NETDEV_A_QSTATS_TX_HW_DROP_ERRORS	193	PENDING_REVIEW	COMPLETE	COMPLETE	vendor/linux/include/uapi/linux/netdev.h;vendor/linux/include/uapi/linux/netdev.h:193;rewrite/configs/x86_64/frozen.config;header_closure=rewrite/metadata/header_closure.tsv;selected=PENDING_REVIEW	425f94c2954b1fe80ebdbf9b29854e89750355df	f24cb1108af94200ee7a600fac46c70a86ad7f5182fa08b8da014df602b81fd2	a67200b9de936585f98f6aed0c4e4f7733d3ba0c36f4496d97e583cb7caf9ac6	0123af9e96b58af4e98b91a2de5608d36b63c67864b9041d3340587f3dbe40d2	cfa8dcf0d81c408de38d4202fe1ce9d9e5e301d1e67439c9530da94b1e64ee3f	7484d7b0dd80f45e18d726b04752827fe28555cc5c1af0e127948380e6688abf
semantic-proposal-v1	SC1-335cb7ed2eebb7b652a8a201f706793882923f4b8c268996852d642bad6631b3	S016267	1	P01	SYMBOLS.tsv	384801	selection_expression	x86_64	include/uapi/linux/netdev.h	enum_constant	NETDEV_A_QSTATS_TX_CSUM_NONE	194	PENDING_REVIEW	SOURCE_REVIEWED_VALUE	COMPLETE	vendor/linux/include/uapi/linux/netdev.h;vendor/linux/include/uapi/linux/netdev.h:194;rewrite/configs/x86_64/frozen.config;header_closure=rewrite/metadata/header_closure.tsv;selected=PENDING_REVIEW	425f94c2954b1fe80ebdbf9b29854e89750355df	f24cb1108af94200ee7a600fac46c70a86ad7f5182fa08b8da014df602b81fd2	a67200b9de936585f98f6aed0c4e4f7733d3ba0c36f4496d97e583cb7caf9ac6	0123af9e96b58af4e98b91a2de5608d36b63c67864b9041d3340587f3dbe40d2	cfa8dcf0d81c408de38d4202fe1ce9d9e5e301d1e67439c9530da94b1e64ee3f	7484d7b0dd80f45e18d726b04752827fe28555cc5c1af0e127948380e6688abf
semantic-proposal-v1	SC1-41bc4ec2cd7c0bcd20ec04905b243c89c87cc86915b340ef1859cefc4b62d330	S016267	1	P01	SYMBOLS.tsv	384801	status	x86_64	include/uapi/linux/netdev.h	enum_constant	NETDEV_A_QSTATS_TX_CSUM_NONE	194	PENDING_REVIEW	COMPLETE	COMPLETE	vendor/linux/include/uapi/linux/netdev.h;vendor/linux/include/uapi/linux/netdev.h:194;rewrite/configs/x86_64/frozen.config;header_closure=rewrite/metadata/header_closure.tsv;selected=PENDING_REVIEW	425f94c2954b1fe80ebdbf9b29854e89750355df	f24cb1108af94200ee7a600fac46c70a86ad7f5182fa08b8da014df602b81fd2	a67200b9de936585f98f6aed0c4e4f7733d3ba0c36f4496d97e583cb7caf9ac6	0123af9e96b58af4e98b91a2de5608d36b63c67864b9041d3340587f3dbe40d2	cfa8dcf0d81c408de38d4202fe1ce9d9e5e301d1e67439c9530da94b1e64ee3f	7484d7b0dd80f45e18d726b04752827fe28555cc5c1af0e127948380e6688abf
semantic-proposal-v1	SC1-032c3179940ddd55ed3d5445f436541130583df66d8694f54b8ce6ac95488c49	S016267	1	P01	SYMBOLS.tsv	384802	selection_expression	x86_64	include/uapi/linux/netdev.h	enum_constant	NETDEV_A_QSTATS_TX_NEEDS_CSUM	195	PENDING_REVIEW	SOURCE_REVIEWED_VALUE	COMPLETE	vendor/linux/include/uapi/linux/netdev.h;vendor/linux/include/uapi/linux/netdev.h:195;rewrite/configs/x86_64/frozen.config;header_closure=rewrite/metadata/header_closure.tsv;selected=PENDING_REVIEW	425f94c2954b1fe80ebdbf9b29854e89750355df	f24cb1108af94200ee7a600fac46c70a86ad7f5182fa08b8da014df602b81fd2	a67200b9de936585f98f6aed0c4e4f7733d3ba0c36f4496d97e583cb7caf9ac6	0123af9e96b58af4e98b91a2de5608d36b63c67864b9041d3340587f3dbe40d2	cfa8dcf0d81c408de38d4202fe1ce9d9e5e301d1e67439c9530da94b1e64ee3f	7484d7b0dd80f45e18d726b04752827fe28555cc5c1af0e127948380e6688abf
semantic-proposal-v1	SC1-e7e6289f4fdda7a3b4de16449efc30e349d7468f4f225b1a1630a855ecc15cb4	S016267	1	P01	SYMBOLS.tsv	384802	status	x86_64	include/uapi/linux/netdev.h	enum_constant	NETDEV_A_QSTATS_TX_NEEDS_CSUM	195	PENDING_REVIEW	COMPLETE	COMPLETE	vendor/linux/include/uapi/linux/netdev.h;vendor/linux/include/uapi/linux/netdev.h:195;rewrite/configs/x86_64/frozen.config;header_closure=rewrite/metadata/header_closure.tsv;selected=PENDING_REVIEW	425f94c2954b1fe80ebdbf9b29854e89750355df	f24cb1108af94200ee7a600fac46c70a86ad7f5182fa08b8da014df602b81fd2	a67200b9de936585f98f6aed0c4e4f7733d3ba0c36f4496d97e583cb7caf9ac6	0123af9e96b58af4e98b91a2de5608d36b63c67864b9041d3340587f3dbe40d2	cfa8dcf0d81c408de38d4202fe1ce9d9e5e301d1e67439c9530da94b1e64ee3f	7484d7b0dd80f45e18d726b04752827fe28555cc5c1af0e127948380e6688abf
semantic-proposal-v1	SC1-7b995141f587bcbc90d6c9d361b17f01d124701dcdf23c9b5bbc95199c76f378	S016267	1	P01	SYMBOLS.tsv	384803	selection_expression	x86_64	include/uapi/linux/netdev.h	enum_constant	NETDEV_A_QSTATS_TX_HW_GSO_PACKETS	196	PENDING_REVIEW	SOURCE_REVIEWED_VALUE	COMPLETE	vendor/linux/include/uapi/linux/netdev.h;vendor/linux/include/uapi/linux/netdev.h:196;rewrite/configs/x86_64/frozen.config;header_closure=rewrite/metadata/header_closure.tsv;selected=PENDING_REVIEW	425f94c2954b1fe80ebdbf9b29854e89750355df	f24cb1108af94200ee7a600fac46c70a86ad7f5182fa08b8da014df602b81fd2	a67200b9de936585f98f6aed0c4e4f7733d3ba0c36f4496d97e583cb7caf9ac6	0123af9e96b58af4e98b91a2de5608d36b63c67864b9041d3340587f3dbe40d2	cfa8dcf0d81c408de38d4202fe1ce9d9e5e301d1e67439c9530da94b1e64ee3f	7484d7b0dd80f45e18d726b04752827fe28555cc5c1af0e127948380e6688abf
semantic-proposal-v1	SC1-5128ec3294c1757c701859f29803b968ea1c597fd9d47624fe68b46440e4b92a	S016267	1	P01	SYMBOLS.tsv	384803	status	x86_64	include/uapi/linux/netdev.h	enum_constant	NETDEV_A_QSTATS_TX_HW_GSO_PACKETS	196	PENDING_REVIEW	COMPLETE	COMPLETE	vendor/linux/include/uapi/linux/netdev.h;vendor/linux/include/uapi/linux/netdev.h:196;rewrite/configs/x86_64/frozen.config;header_closure=rewrite/metadata/header_closure.tsv;selected=PENDING_REVIEW	425f94c2954b1fe80ebdbf9b29854e89750355df	f24cb1108af94200ee7a600fac46c70a86ad7f5182fa08b8da014df602b81fd2	a67200b9de936585f98f6aed0c4e4f7733d3ba0c36f4496d97e583cb7caf9ac6	0123af9e96b58af4e98b91a2de5608d36b63c67864b9041d3340587f3dbe40d2	cfa8dcf0d81c408de38d4202fe1ce9d9e5e301d1e67439c9530da94b1e64ee3f	7484d7b0dd80f45e18d726b04752827fe28555cc5c1af0e127948380e6688abf
semantic-proposal-v1	SC1-939135604a57687547aea5a3e4fc275a388c35af94f1e79109529655f54ac1fc	S016267	1	P01	SYMBOLS.tsv	384804	selection_expression	x86_64	include/uapi/linux/netdev.h	enum_constant	NETDEV_A_QSTATS_TX_HW_GSO_BYTES	197	PENDING_REVIEW	SOURCE_REVIEWED_VALUE	COMPLETE	vendor/linux/include/uapi/linux/netdev.h;vendor/linux/include/uapi/linux/netdev.h:197;rewrite/configs/x86_64/frozen.config;header_closure=rewrite/metadata/header_closure.tsv;selected=PENDING_REVIEW	425f94c2954b1fe80ebdbf9b29854e89750355df	f24cb1108af94200ee7a600fac46c70a86ad7f5182fa08b8da014df602b81fd2	a67200b9de936585f98f6aed0c4e4f7733d3ba0c36f4496d97e583cb7caf9ac6	0123af9e96b58af4e98b91a2de5608d36b63c67864b9041d3340587f3dbe40d2	cfa8dcf0d81c408de38d4202fe1ce9d9e5e301d1e67439c9530da94b1e64ee3f	7484d7b0dd80f45e18d726b04752827fe28555cc5c1af0e127948380e6688abf
semantic-proposal-v1	SC1-445c54553d9893794185d13c50bf1a1ef45f7c8c1c4293d1b01d3d3824152778	S016267	1	P01	SYMBOLS.tsv	384804	status	x86_64	include/uapi/linux/netdev.h	enum_constant	NETDEV_A_QSTATS_TX_HW_GSO_BYTES	197	PENDING_REVIEW	COMPLETE	COMPLETE	vendor/linux/include/uapi/linux/netdev.h;vendor/linux/include/uapi/linux/netdev.h:197;rewrite/configs/x86_64/frozen.config;header_closure=rewrite/metadata/header_closure.tsv;selected=PENDING_REVIEW	425f94c2954b1fe80ebdbf9b29854e89750355df	f24cb1108af94200ee7a600fac46c70a86ad7f5182fa08b8da014df602b81fd2	a67200b9de936585f98f6aed0c4e4f7733d3ba0c36f4496d97e583cb7caf9ac6	0123af9e96b58af4e98b91a2de5608d36b63c67864b9041d3340587f3dbe40d2	cfa8dcf0d81c408de38d4202fe1ce9d9e5e301d1e67439c9530da94b1e64ee3f	7484d7b0dd80f45e18d726b04752827fe28555cc5c1af0e127948380e6688abf
semantic-proposal-v1	SC1-d1f47bbe6650e47643c8a749e83dd2d1c7b0683855e625136006e8d8ad89e00b	S016267	1	P01	SYMBOLS.tsv	384805	selection_expression	x86_64	include/uapi/linux/netdev.h	enum_constant	NETDEV_A_QSTATS_TX_HW_GSO_WIRE_PACKETS	198	PENDING_REVIEW	SOURCE_REVIEWED_VALUE	COMPLETE	vendor/linux/include/uapi/linux/netdev.h;vendor/linux/include/uapi/linux/netdev.h:198;rewrite/configs/x86_64/frozen.config;header_closure=rewrite/metadata/header_closure.tsv;selected=PENDING_REVIEW	425f94c2954b1fe80ebdbf9b29854e89750355df	f24cb1108af94200ee7a600fac46c70a86ad7f5182fa08b8da014df602b81fd2	a67200b9de936585f98f6aed0c4e4f7733d3ba0c36f4496d97e583cb7caf9ac6	0123af9e96b58af4e98b91a2de5608d36b63c67864b9041d3340587f3dbe40d2	cfa8dcf0d81c408de38d4202fe1ce9d9e5e301d1e67439c9530da94b1e64ee3f	7484d7b0dd80f45e18d726b04752827fe28555cc5c1af0e127948380e6688abf
semantic-proposal-v1	SC1-dbfdb14b0f1eedb43e196a7397e4dd70fe3320a310198fdd74393e746a38c48b	S016267	1	P01	SYMBOLS.tsv	384805	status	x86_64	include/uapi/linux/netdev.h	enum_constant	NETDEV_A_QSTATS_TX_HW_GSO_WIRE_PACKETS	198	PENDING_REVIEW	COMPLETE	COMPLETE	vendor/linux/include/uapi/linux/netdev.h;vendor/linux/include/uapi/linux/netdev.h:198;rewrite/configs/x86_64/frozen.config;header_closure=rewrite/metadata/header_closure.tsv;selected=PENDING_REVIEW	425f94c2954b1fe80ebdbf9b29854e89750355df	f24cb1108af94200ee7a600fac46c70a86ad7f5182fa08b8da014df602b81fd2	a67200b9de936585f98f6aed0c4e4f7733d3ba0c36f4496d97e583cb7caf9ac6	0123af9e96b58af4e98b91a2de5608d36b63c67864b9041d3340587f3dbe40d2	cfa8dcf0d81c408de38d4202fe1ce9d9e5e301d1e67439c9530da94b1e64ee3f	7484d7b0dd80f45e18d726b04752827fe28555cc5c1af0e127948380e6688abf
semantic-proposal-v1	SC1-d711ba45531b5ae3bc1cae2cfa3157ff626052b01173f88559a27d91e6e59888	S016267	1	P01	SYMBOLS.tsv	384806	selection_expression	x86_64	include/uapi/linux/netdev.h	enum_constant	NETDEV_A_QSTATS_TX_HW_GSO_WIRE_BYTES	199	PENDING_REVIEW	SOURCE_REVIEWED_VALUE	COMPLETE	vendor/linux/include/uapi/linux/netdev.h;vendor/linux/include/uapi/linux/netdev.h:199;rewrite/configs/x86_64/frozen.config;header_closure=rewrite/metadata/header_closure.tsv;selected=PENDING_REVIEW	425f94c2954b1fe80ebdbf9b29854e89750355df	f24cb1108af94200ee7a600fac46c70a86ad7f5182fa08b8da014df602b81fd2	a67200b9de936585f98f6aed0c4e4f7733d3ba0c36f4496d97e583cb7caf9ac6	0123af9e96b58af4e98b91a2de5608d36b63c67864b9041d3340587f3dbe40d2	cfa8dcf0d81c408de38d4202fe1ce9d9e5e301d1e67439c9530da94b1e64ee3f	7484d7b0dd80f45e18d726b04752827fe28555cc5c1af0e127948380e6688abf
semantic-proposal-v1	SC1-978826ea92fabaaffa150a67ccde6cd86e2dc77a9129a44ea79063f90e3c75a6	S016267	1	P01	SYMBOLS.tsv	384806	status	x86_64	include/uapi/linux/netdev.h	enum_constant	NETDEV_A_QSTATS_TX_HW_GSO_WIRE_BYTES	199	PENDING_REVIEW	COMPLETE	COMPLETE	vendor/linux/include/uapi/linux/netdev.h;vendor/linux/include/uapi/linux/netdev.h:199;rewrite/configs/x86_64/frozen.config;header_closure=rewrite/metadata/header_closure.tsv;selected=PENDING_REVIEW	425f94c2954b1fe80ebdbf9b29854e89750355df	f24cb1108af94200ee7a600fac46c70a86ad7f5182fa08b8da014df602b81fd2	a67200b9de936585f98f6aed0c4e4f7733d3ba0c36f4496d97e583cb7caf9ac6	0123af9e96b58af4e98b91a2de5608d36b63c67864b9041d3340587f3dbe40d2	cfa8dcf0d81c408de38d4202fe1ce9d9e5e301d1e67439c9530da94b1e64ee3f	7484d7b0dd80f45e18d726b04752827fe28555cc5c1af0e127948380e6688abf
semantic-proposal-v1	SC1-14438a16329900ce778d33c401710232fd35b524a0405d7d3637f99185752231	S016267	1	P01	SYMBOLS.tsv	384807	selection_expression	x86_64	include/uapi/linux/netdev.h	enum_constant	NETDEV_A_QSTATS_TX_HW_DROP_RATELIMITS	200	PENDING_REVIEW	SOURCE_REVIEWED_VALUE	COMPLETE	vendor/linux/include/uapi/linux/netdev.h;vendor/linux/include/uapi/linux/netdev.h:200;rewrite/configs/x86_64/frozen.config;header_closure=rewrite/metadata/header_closure.tsv;selected=PENDING_REVIEW	425f94c2954b1fe80ebdbf9b29854e89750355df	f24cb1108af94200ee7a600fac46c70a86ad7f5182fa08b8da014df602b81fd2	a67200b9de936585f98f6aed0c4e4f7733d3ba0c36f4496d97e583cb7caf9ac6	0123af9e96b58af4e98b91a2de5608d36b63c67864b9041d3340587f3dbe40d2	cfa8dcf0d81c408de38d4202fe1ce9d9e5e301d1e67439c9530da94b1e64ee3f	7484d7b0dd80f45e18d726b04752827fe28555cc5c1af0e127948380e6688abf
semantic-proposal-v1	SC1-0c399c07aa723d457c9696c9f6495ccbc9fc2b9ef358f3d946f1071bb515f038	S016267	1	P01	SYMBOLS.tsv	384807	status	x86_64	include/uapi/linux/netdev.h	enum_constant	NETDEV_A_QSTATS_TX_HW_DROP_RATELIMITS	200	PENDING_REVIEW	COMPLETE	COMPLETE	vendor/linux/include/uapi/linux/netdev.h;vendor/linux/include/uapi/linux/netdev.h:200;rewrite/configs/x86_64/frozen.config;header_closure=rewrite/metadata/header_closure.tsv;selected=PENDING_REVIEW	425f94c2954b1fe80ebdbf9b29854e89750355df	f24cb1108af94200ee7a600fac46c70a86ad7f5182fa08b8da014df602b81fd2	a67200b9de936585f98f6aed0c4e4f7733d3ba0c36f4496d97e583cb7caf9ac6	0123af9e96b58af4e98b91a2de5608d36b63c67864b9041d3340587f3dbe40d2	cfa8dcf0d81c408de38d4202fe1ce9d9e5e301d1e67439c9530da94b1e64ee3f	7484d7b0dd80f45e18d726b04752827fe28555cc5c1af0e127948380e6688abf
semantic-proposal-v1	SC1-f9b65c1c88cf8ab5772a9ab20127d77781c0d6d2409c3350fcdfe5b90a512cb4	S016267	1	P01	SYMBOLS.tsv	384808	selection_expression	x86_64	include/uapi/linux/netdev.h	enum_constant	NETDEV_A_QSTATS_TX_STOP	201	PENDING_REVIEW	SOURCE_REVIEWED_VALUE	COMPLETE	vendor/linux/include/uapi/linux/netdev.h;vendor/linux/include/uapi/linux/netdev.h:201;rewrite/configs/x86_64/frozen.config;header_closure=rewrite/metadata/header_closure.tsv;selected=PENDING_REVIEW	425f94c2954b1fe80ebdbf9b29854e89750355df	f24cb1108af94200ee7a600fac46c70a86ad7f5182fa08b8da014df602b81fd2	a67200b9de936585f98f6aed0c4e4f7733d3ba0c36f4496d97e583cb7caf9ac6	0123af9e96b58af4e98b91a2de5608d36b63c67864b9041d3340587f3dbe40d2	cfa8dcf0d81c408de38d4202fe1ce9d9e5e301d1e67439c9530da94b1e64ee3f	7484d7b0dd80f45e18d726b04752827fe28555cc5c1af0e127948380e6688abf
semantic-proposal-v1	SC1-9791ac07cc5b7d8aba5c147ece3ea101984e0bce9659182c78b9fae27fb84f3f	S016267	1	P01	SYMBOLS.tsv	384808	status	x86_64	include/uapi/linux/netdev.h	enum_constant	NETDEV_A_QSTATS_TX_STOP	201	PENDING_REVIEW	COMPLETE	COMPLETE	vendor/linux/include/uapi/linux/netdev.h;vendor/linux/include/uapi/linux/netdev.h:201;rewrite/configs/x86_64/frozen.config;header_closure=rewrite/metadata/header_closure.tsv;selected=PENDING_REVIEW	425f94c2954b1fe80ebdbf9b29854e89750355df	f24cb1108af94200ee7a600fac46c70a86ad7f5182fa08b8da014df602b81fd2	a67200b9de936585f98f6aed0c4e4f7733d3ba0c36f4496d97e583cb7caf9ac6	0123af9e96b58af4e98b91a2de5608d36b63c67864b9041d3340587f3dbe40d2	cfa8dcf0d81c408de38d4202fe1ce9d9e5e301d1e67439c9530da94b1e64ee3f	7484d7b0dd80f45e18d726b04752827fe28555cc5c1af0e127948380e6688abf
semantic-proposal-v1	SC1-53dbf67e6343d205478ab7d8125d2c0dd20b3c928495f914d11a1c9bfda4c84f	S016267	1	P01	SYMBOLS.tsv	384809	selection_expression	x86_64	include/uapi/linux/netdev.h	enum_constant	NETDEV_A_QSTATS_TX_WAKE	202	PENDING_REVIEW	SOURCE_REVIEWED_VALUE	COMPLETE	vendor/linux/include/uapi/linux/netdev.h;vendor/linux/include/uapi/linux/netdev.h:202;rewrite/configs/x86_64/frozen.config;header_closure=rewrite/metadata/header_closure.tsv;selected=PENDING_REVIEW	425f94c2954b1fe80ebdbf9b29854e89750355df	f24cb1108af94200ee7a600fac46c70a86ad7f5182fa08b8da014df602b81fd2	a67200b9de936585f98f6aed0c4e4f7733d3ba0c36f4496d97e583cb7caf9ac6	0123af9e96b58af4e98b91a2de5608d36b63c67864b9041d3340587f3dbe40d2	cfa8dcf0d81c408de38d4202fe1ce9d9e5e301d1e67439c9530da94b1e64ee3f	7484d7b0dd80f45e18d726b04752827fe28555cc5c1af0e127948380e6688abf
semantic-proposal-v1	SC1-a70b7859cb20918a4765871f141eb11eacd1f433c503b78f978a2d37390c31ba	S016267	1	P01	SYMBOLS.tsv	384809	status	x86_64	include/uapi/linux/netdev.h	enum_constant	NETDEV_A_QSTATS_TX_WAKE	202	PENDING_REVIEW	COMPLETE	COMPLETE	vendor/linux/include/uapi/linux/netdev.h;vendor/linux/include/uapi/linux/netdev.h:202;rewrite/configs/x86_64/frozen.config;header_closure=rewrite/metadata/header_closure.tsv;selected=PENDING_REVIEW	425f94c2954b1fe80ebdbf9b29854e89750355df	f24cb1108af94200ee7a600fac46c70a86ad7f5182fa08b8da014df602b81fd2	a67200b9de936585f98f6aed0c4e4f7733d3ba0c36f4496d97e583cb7caf9ac6	0123af9e96b58af4e98b91a2de5608d36b63c67864b9041d3340587f3dbe40d2	cfa8dcf0d81c408de38d4202fe1ce9d9e5e301d1e67439c9530da94b1e64ee3f	7484d7b0dd80f45e18d726b04752827fe28555cc5c1af0e127948380e6688abf
semantic-proposal-v1	SC1-12ced8dcf70b1fbe3c3487666edc04c0829916fdeff0f38abcc479aab131883e	S016267	1	P01	SYMBOLS.tsv	384810	selection_expression	x86_64	include/uapi/linux/netdev.h	enum_constant	__NETDEV_A_QSTATS_MAX	204	PENDING_REVIEW	SOURCE_REVIEWED_VALUE	COMPLETE	vendor/linux/include/uapi/linux/netdev.h;vendor/linux/include/uapi/linux/netdev.h:204;rewrite/configs/x86_64/frozen.config;header_closure=rewrite/metadata/header_closure.tsv;selected=PENDING_REVIEW	425f94c2954b1fe80ebdbf9b29854e89750355df	f24cb1108af94200ee7a600fac46c70a86ad7f5182fa08b8da014df602b81fd2	a67200b9de936585f98f6aed0c4e4f7733d3ba0c36f4496d97e583cb7caf9ac6	0123af9e96b58af4e98b91a2de5608d36b63c67864b9041d3340587f3dbe40d2	cfa8dcf0d81c408de38d4202fe1ce9d9e5e301d1e67439c9530da94b1e64ee3f	7484d7b0dd80f45e18d726b04752827fe28555cc5c1af0e127948380e6688abf
semantic-proposal-v1	SC1-d507bf6de80a8611dd3a72bc4757eec45928c5ea90a3cb76b73eff186461af96	S016267	1	P01	SYMBOLS.tsv	384810	status	x86_64	include/uapi/linux/netdev.h	enum_constant	__NETDEV_A_QSTATS_MAX	204	PENDING_REVIEW	COMPLETE	COMPLETE	vendor/linux/include/uapi/linux/netdev.h;vendor/linux/include/uapi/linux/netdev.h:204;rewrite/configs/x86_64/frozen.config;header_closure=rewrite/metadata/header_closure.tsv;selected=PENDING_REVIEW	425f94c2954b1fe80ebdbf9b29854e89750355df	f24cb1108af94200ee7a600fac46c70a86ad7f5182fa08b8da014df602b81fd2	a67200b9de936585f98f6aed0c4e4f7733d3ba0c36f4496d97e583cb7caf9ac6	0123af9e96b58af4e98b91a2de5608d36b63c67864b9041d3340587f3dbe40d2	cfa8dcf0d81c408de38d4202fe1ce9d9e5e301d1e67439c9530da94b1e64ee3f	7484d7b0dd80f45e18d726b04752827fe28555cc5c1af0e127948380e6688abf
semantic-proposal-v1	SC1-97d5d665e1117cbaf762bb1445a4e59cdcfaf78c33f531d597cbd0e741c0f75d	S016267	1	P01	SYMBOLS.tsv	384811	selection_expression	x86_64	include/uapi/linux/netdev.h	enum_constant	NETDEV_A_QSTATS_MAX	205	PENDING_REVIEW	SOURCE_REVIEWED_VALUE	COMPLETE	vendor/linux/include/uapi/linux/netdev.h;vendor/linux/include/uapi/linux/netdev.h:205;rewrite/configs/x86_64/frozen.config;header_closure=rewrite/metadata/header_closure.tsv;selected=PENDING_REVIEW	425f94c2954b1fe80ebdbf9b29854e89750355df	f24cb1108af94200ee7a600fac46c70a86ad7f5182fa08b8da014df602b81fd2	a67200b9de936585f98f6aed0c4e4f7733d3ba0c36f4496d97e583cb7caf9ac6	0123af9e96b58af4e98b91a2de5608d36b63c67864b9041d3340587f3dbe40d2	cfa8dcf0d81c408de38d4202fe1ce9d9e5e301d1e67439c9530da94b1e64ee3f	7484d7b0dd80f45e18d726b04752827fe28555cc5c1af0e127948380e6688abf
semantic-proposal-v1	SC1-25c7eda0b2737e0f48e6bd5f770586d59acd5384821b026175ce88d45ebcec97	S016267	1	P01	SYMBOLS.tsv	384811	status	x86_64	include/uapi/linux/netdev.h	enum_constant	NETDEV_A_QSTATS_MAX	205	PENDING_REVIEW	COMPLETE	COMPLETE	vendor/linux/include/uapi/linux/netdev.h;vendor/linux/include/uapi/linux/netdev.h:205;rewrite/configs/x86_64/frozen.config;header_closure=rewrite/metadata/header_closure.tsv;selected=PENDING_REVIEW	425f94c2954b1fe80ebdbf9b29854e89750355df	f24cb1108af94200ee7a600fac46c70a86ad7f5182fa08b8da014df602b81fd2	a67200b9de936585f98f6aed0c4e4f7733d3ba0c36f4496d97e583cb7caf9ac6	0123af9e96b58af4e98b91a2de5608d36b63c67864b9041d3340587f3dbe40d2	cfa8dcf0d81c408de38d4202fe1ce9d9e5e301d1e67439c9530da94b1e64ee3f	7484d7b0dd80f45e18d726b04752827fe28555cc5c1af0e127948380e6688abf
semantic-proposal-v1	SC1-a347478fe71cb93fdba2deb63bde05b00b889126b1af76467e3efa75a3b363f9	S016267	1	P01	SYMBOLS.tsv	384812	selection_expression	x86_64	include/uapi/linux/netdev.h	type	anonymous_enum@208	208	PENDING_REVIEW	SOURCE_REVIEWED_VALUE	COMPLETE	vendor/linux/include/uapi/linux/netdev.h;vendor/linux/include/uapi/linux/netdev.h:208;rewrite/configs/x86_64/frozen.config;header_closure=rewrite/metadata/header_closure.tsv;selected=PENDING_REVIEW	425f94c2954b1fe80ebdbf9b29854e89750355df	f24cb1108af94200ee7a600fac46c70a86ad7f5182fa08b8da014df602b81fd2	a67200b9de936585f98f6aed0c4e4f7733d3ba0c36f4496d97e583cb7caf9ac6	0123af9e96b58af4e98b91a2de5608d36b63c67864b9041d3340587f3dbe40d2	cfa8dcf0d81c408de38d4202fe1ce9d9e5e301d1e67439c9530da94b1e64ee3f	7484d7b0dd80f45e18d726b04752827fe28555cc5c1af0e127948380e6688abf
semantic-proposal-v1	SC1-5c828c7e17f78cdb083c257e6f2606d70a6b355d1756168fbc75399bd71c59a7	S016267	1	P01	SYMBOLS.tsv	384812	status	x86_64	include/uapi/linux/netdev.h	type	anonymous_enum@208	208	PENDING_REVIEW	COMPLETE	COMPLETE	vendor/linux/include/uapi/linux/netdev.h;vendor/linux/include/uapi/linux/netdev.h:208;rewrite/configs/x86_64/frozen.config;header_closure=rewrite/metadata/header_closure.tsv;selected=PENDING_REVIEW	425f94c2954b1fe80ebdbf9b29854e89750355df	f24cb1108af94200ee7a600fac46c70a86ad7f5182fa08b8da014df602b81fd2	a67200b9de936585f98f6aed0c4e4f7733d3ba0c36f4496d97e583cb7caf9ac6	0123af9e96b58af4e98b91a2de5608d36b63c67864b9041d3340587f3dbe40d2	cfa8dcf0d81c408de38d4202fe1ce9d9e5e301d1e67439c9530da94b1e64ee3f	7484d7b0dd80f45e18d726b04752827fe28555cc5c1af0e127948380e6688abf
semantic-proposal-v1	SC1-3f4462307f41bfee7a59a395329cc15fd620ffadf20f6f3d101b599b817ddbf8	S016267	1	P01	SYMBOLS.tsv	384813	selection_expression	x86_64	include/uapi/linux/netdev.h	enum_constant	NETDEV_A_LEASE_IFINDEX	209	PENDING_REVIEW	SOURCE_REVIEWED_VALUE	COMPLETE	vendor/linux/include/uapi/linux/netdev.h;vendor/linux/include/uapi/linux/netdev.h:209;rewrite/configs/x86_64/frozen.config;header_closure=rewrite/metadata/header_closure.tsv;selected=PENDING_REVIEW	425f94c2954b1fe80ebdbf9b29854e89750355df	f24cb1108af94200ee7a600fac46c70a86ad7f5182fa08b8da014df602b81fd2	a67200b9de936585f98f6aed0c4e4f7733d3ba0c36f4496d97e583cb7caf9ac6	0123af9e96b58af4e98b91a2de5608d36b63c67864b9041d3340587f3dbe40d2	cfa8dcf0d81c408de38d4202fe1ce9d9e5e301d1e67439c9530da94b1e64ee3f	7484d7b0dd80f45e18d726b04752827fe28555cc5c1af0e127948380e6688abf
semantic-proposal-v1	SC1-219451fa2c9d6bb3ae53732e8b26bdea659c7b0d72e0c218519e7b8dbf33f0e3	S016267	1	P01	SYMBOLS.tsv	384813	status	x86_64	include/uapi/linux/netdev.h	enum_constant	NETDEV_A_LEASE_IFINDEX	209	PENDING_REVIEW	COMPLETE	COMPLETE	vendor/linux/include/uapi/linux/netdev.h;vendor/linux/include/uapi/linux/netdev.h:209;rewrite/configs/x86_64/frozen.config;header_closure=rewrite/metadata/header_closure.tsv;selected=PENDING_REVIEW	425f94c2954b1fe80ebdbf9b29854e89750355df	f24cb1108af94200ee7a600fac46c70a86ad7f5182fa08b8da014df602b81fd2	a67200b9de936585f98f6aed0c4e4f7733d3ba0c36f4496d97e583cb7caf9ac6	0123af9e96b58af4e98b91a2de5608d36b63c67864b9041d3340587f3dbe40d2	cfa8dcf0d81c408de38d4202fe1ce9d9e5e301d1e67439c9530da94b1e64ee3f	7484d7b0dd80f45e18d726b04752827fe28555cc5c1af0e127948380e6688abf
semantic-proposal-v1	SC1-8578eb84b2ce9bfef625cc283eac019c30d69f09eeec4824ee91856a19238505	S016267	1	P01	SYMBOLS.tsv	384814	selection_expression	x86_64	include/uapi/linux/netdev.h	enum_constant	NETDEV_A_LEASE_QUEUE	210	PENDING_REVIEW	SOURCE_REVIEWED_VALUE	COMPLETE	vendor/linux/include/uapi/linux/netdev.h;vendor/linux/include/uapi/linux/netdev.h:210;rewrite/configs/x86_64/frozen.config;header_closure=rewrite/metadata/header_closure.tsv;selected=PENDING_REVIEW	425f94c2954b1fe80ebdbf9b29854e89750355df	f24cb1108af94200ee7a600fac46c70a86ad7f5182fa08b8da014df602b81fd2	a67200b9de936585f98f6aed0c4e4f7733d3ba0c36f4496d97e583cb7caf9ac6	0123af9e96b58af4e98b91a2de5608d36b63c67864b9041d3340587f3dbe40d2	cfa8dcf0d81c408de38d4202fe1ce9d9e5e301d1e67439c9530da94b1e64ee3f	7484d7b0dd80f45e18d726b04752827fe28555cc5c1af0e127948380e6688abf
semantic-proposal-v1	SC1-e897a8a86deb090af54c89fc28e1c185f39173bf1930878f3b02e08286491060	S016267	1	P01	SYMBOLS.tsv	384814	status	x86_64	include/uapi/linux/netdev.h	enum_constant	NETDEV_A_LEASE_QUEUE	210	PENDING_REVIEW	COMPLETE	COMPLETE	vendor/linux/include/uapi/linux/netdev.h;vendor/linux/include/uapi/linux/netdev.h:210;rewrite/configs/x86_64/frozen.config;header_closure=rewrite/metadata/header_closure.tsv;selected=PENDING_REVIEW	425f94c2954b1fe80ebdbf9b29854e89750355df	f24cb1108af94200ee7a600fac46c70a86ad7f5182fa08b8da014df602b81fd2	a67200b9de936585f98f6aed0c4e4f7733d3ba0c36f4496d97e583cb7caf9ac6	0123af9e96b58af4e98b91a2de5608d36b63c67864b9041d3340587f3dbe40d2	cfa8dcf0d81c408de38d4202fe1ce9d9e5e301d1e67439c9530da94b1e64ee3f	7484d7b0dd80f45e18d726b04752827fe28555cc5c1af0e127948380e6688abf
semantic-proposal-v1	SC1-3df42fa656809b8365e7608eb1c754a29cd1647a1f48560192bc77b6163e28b7	S016267	1	P01	SYMBOLS.tsv	384815	selection_expression	x86_64	include/uapi/linux/netdev.h	enum_constant	NETDEV_A_LEASE_NETNS_ID	211	PENDING_REVIEW	SOURCE_REVIEWED_VALUE	COMPLETE	vendor/linux/include/uapi/linux/netdev.h;vendor/linux/include/uapi/linux/netdev.h:211;rewrite/configs/x86_64/frozen.config;header_closure=rewrite/metadata/header_closure.tsv;selected=PENDING_REVIEW	425f94c2954b1fe80ebdbf9b29854e89750355df	f24cb1108af94200ee7a600fac46c70a86ad7f5182fa08b8da014df602b81fd2	a67200b9de936585f98f6aed0c4e4f7733d3ba0c36f4496d97e583cb7caf9ac6	0123af9e96b58af4e98b91a2de5608d36b63c67864b9041d3340587f3dbe40d2	cfa8dcf0d81c408de38d4202fe1ce9d9e5e301d1e67439c9530da94b1e64ee3f	7484d7b0dd80f45e18d726b04752827fe28555cc5c1af0e127948380e6688abf
semantic-proposal-v1	SC1-7276838e2c44d5bafd5a27de3195fa8e09467236affbcae93c20527ccce1b9eb	S016267	1	P01	SYMBOLS.tsv	384815	status	x86_64	include/uapi/linux/netdev.h	enum_constant	NETDEV_A_LEASE_NETNS_ID	211	PENDING_REVIEW	COMPLETE	COMPLETE	vendor/linux/include/uapi/linux/netdev.h;vendor/linux/include/uapi/linux/netdev.h:211;rewrite/configs/x86_64/frozen.config;header_closure=rewrite/metadata/header_closure.tsv;selected=PENDING_REVIEW	425f94c2954b1fe80ebdbf9b29854e89750355df	f24cb1108af94200ee7a600fac46c70a86ad7f5182fa08b8da014df602b81fd2	a67200b9de936585f98f6aed0c4e4f7733d3ba0c36f4496d97e583cb7caf9ac6	0123af9e96b58af4e98b91a2de5608d36b63c67864b9041d3340587f3dbe40d2	cfa8dcf0d81c408de38d4202fe1ce9d9e5e301d1e67439c9530da94b1e64ee3f	7484d7b0dd80f45e18d726b04752827fe28555cc5c1af0e127948380e6688abf
semantic-proposal-v1	SC1-9cec5e48967d7450367982940c14728f2ffb41569e3c10ec2106409fe9d1c198	S016267	1	P01	SYMBOLS.tsv	384816	selection_expression	x86_64	include/uapi/linux/netdev.h	enum_constant	__NETDEV_A_LEASE_MAX	213	PENDING_REVIEW	SOURCE_REVIEWED_VALUE	COMPLETE	vendor/linux/include/uapi/linux/netdev.h;vendor/linux/include/uapi/linux/netdev.h:213;rewrite/configs/x86_64/frozen.config;header_closure=rewrite/metadata/header_closure.tsv;selected=PENDING_REVIEW	425f94c2954b1fe80ebdbf9b29854e89750355df	f24cb1108af94200ee7a600fac46c70a86ad7f5182fa08b8da014df602b81fd2	a67200b9de936585f98f6aed0c4e4f7733d3ba0c36f4496d97e583cb7caf9ac6	0123af9e96b58af4e98b91a2de5608d36b63c67864b9041d3340587f3dbe40d2	cfa8dcf0d81c408de38d4202fe1ce9d9e5e301d1e67439c9530da94b1e64ee3f	7484d7b0dd80f45e18d726b04752827fe28555cc5c1af0e127948380e6688abf
semantic-proposal-v1	SC1-ee62cffc48637b26b81c876c3e3ac87482c443997a2f9edc11f39475bd0d8f07	S016267	1	P01	SYMBOLS.tsv	384816	status	x86_64	include/uapi/linux/netdev.h	enum_constant	__NETDEV_A_LEASE_MAX	213	PENDING_REVIEW	COMPLETE	COMPLETE	vendor/linux/include/uapi/linux/netdev.h;vendor/linux/include/uapi/linux/netdev.h:213;rewrite/configs/x86_64/frozen.config;header_closure=rewrite/metadata/header_closure.tsv;selected=PENDING_REVIEW	425f94c2954b1fe80ebdbf9b29854e89750355df	f24cb1108af94200ee7a600fac46c70a86ad7f5182fa08b8da014df602b81fd2	a67200b9de936585f98f6aed0c4e4f7733d3ba0c36f4496d97e583cb7caf9ac6	0123af9e96b58af4e98b91a2de5608d36b63c67864b9041d3340587f3dbe40d2	cfa8dcf0d81c408de38d4202fe1ce9d9e5e301d1e67439c9530da94b1e64ee3f	7484d7b0dd80f45e18d726b04752827fe28555cc5c1af0e127948380e6688abf
semantic-proposal-v1	SC1-0aa530aed0a2c1590fa526ef8d0992a0d66a6b50bdfcc0dba67775cc96bbd93a	S016267	1	P01	SYMBOLS.tsv	384817	selection_expression	x86_64	include/uapi/linux/netdev.h	enum_constant	NETDEV_A_LEASE_MAX	214	PENDING_REVIEW	SOURCE_REVIEWED_VALUE	COMPLETE	vendor/linux/include/uapi/linux/netdev.h;vendor/linux/include/uapi/linux/netdev.h:214;rewrite/configs/x86_64/frozen.config;header_closure=rewrite/metadata/header_closure.tsv;selected=PENDING_REVIEW	425f94c2954b1fe80ebdbf9b29854e89750355df	f24cb1108af94200ee7a600fac46c70a86ad7f5182fa08b8da014df602b81fd2	a67200b9de936585f98f6aed0c4e4f7733d3ba0c36f4496d97e583cb7caf9ac6	0123af9e96b58af4e98b91a2de5608d36b63c67864b9041d3340587f3dbe40d2	cfa8dcf0d81c408de38d4202fe1ce9d9e5e301d1e67439c9530da94b1e64ee3f	7484d7b0dd80f45e18d726b04752827fe28555cc5c1af0e127948380e6688abf
semantic-proposal-v1	SC1-97710adaa81e43c6e6783b8a1d6372c8f081469f5907ea09d87f475c4f4f485a	S016267	1	P01	SYMBOLS.tsv	384817	status	x86_64	include/uapi/linux/netdev.h	enum_constant	NETDEV_A_LEASE_MAX	214	PENDING_REVIEW	COMPLETE	COMPLETE	vendor/linux/include/uapi/linux/netdev.h;vendor/linux/include/uapi/linux/netdev.h:214;rewrite/configs/x86_64/frozen.config;header_closure=rewrite/metadata/header_closure.tsv;selected=PENDING_REVIEW	425f94c2954b1fe80ebdbf9b29854e89750355df	f24cb1108af94200ee7a600fac46c70a86ad7f5182fa08b8da014df602b81fd2	a67200b9de936585f98f6aed0c4e4f7733d3ba0c36f4496d97e583cb7caf9ac6	0123af9e96b58af4e98b91a2de5608d36b63c67864b9041d3340587f3dbe40d2	cfa8dcf0d81c408de38d4202fe1ce9d9e5e301d1e67439c9530da94b1e64ee3f	7484d7b0dd80f45e18d726b04752827fe28555cc5c1af0e127948380e6688abf
semantic-proposal-v1	SC1-6bac0d8c656e78457ec9d18dbbc4e8e1e52ea654beb0466b868c74b03ac02877	S016267	1	P01	SYMBOLS.tsv	384818	selection_expression	x86_64	include/uapi/linux/netdev.h	type	anonymous_enum@217	217	PENDING_REVIEW	SOURCE_REVIEWED_VALUE	COMPLETE	vendor/linux/include/uapi/linux/netdev.h;vendor/linux/include/uapi/linux/netdev.h:217;rewrite/configs/x86_64/frozen.config;header_closure=rewrite/metadata/header_closure.tsv;selected=PENDING_REVIEW	425f94c2954b1fe80ebdbf9b29854e89750355df	f24cb1108af94200ee7a600fac46c70a86ad7f5182fa08b8da014df602b81fd2	a67200b9de936585f98f6aed0c4e4f7733d3ba0c36f4496d97e583cb7caf9ac6	0123af9e96b58af4e98b91a2de5608d36b63c67864b9041d3340587f3dbe40d2	cfa8dcf0d81c408de38d4202fe1ce9d9e5e301d1e67439c9530da94b1e64ee3f	7484d7b0dd80f45e18d726b04752827fe28555cc5c1af0e127948380e6688abf
semantic-proposal-v1	SC1-67b86efa7d5f3f741316954817f30b77e2d8725aa0bd2c5139b0d2625f189cd6	S016267	1	P01	SYMBOLS.tsv	384818	status	x86_64	include/uapi/linux/netdev.h	type	anonymous_enum@217	217	PENDING_REVIEW	COMPLETE	COMPLETE	vendor/linux/include/uapi/linux/netdev.h;vendor/linux/include/uapi/linux/netdev.h:217;rewrite/configs/x86_64/frozen.config;header_closure=rewrite/metadata/header_closure.tsv;selected=PENDING_REVIEW	425f94c2954b1fe80ebdbf9b29854e89750355df	f24cb1108af94200ee7a600fac46c70a86ad7f5182fa08b8da014df602b81fd2	a67200b9de936585f98f6aed0c4e4f7733d3ba0c36f4496d97e583cb7caf9ac6	0123af9e96b58af4e98b91a2de5608d36b63c67864b9041d3340587f3dbe40d2	cfa8dcf0d81c408de38d4202fe1ce9d9e5e301d1e67439c9530da94b1e64ee3f	7484d7b0dd80f45e18d726b04752827fe28555cc5c1af0e127948380e6688abf
semantic-proposal-v1	SC1-4dfb48766abcd153a6e4a7039225d4da793728ee0effe7d1c13ab9382ab557e4	S016267	1	P01	SYMBOLS.tsv	384819	selection_expression	x86_64	include/uapi/linux/netdev.h	enum_constant	NETDEV_A_DMABUF_IFINDEX	218	PENDING_REVIEW	SOURCE_REVIEWED_VALUE	COMPLETE	vendor/linux/include/uapi/linux/netdev.h;vendor/linux/include/uapi/linux/netdev.h:218;rewrite/configs/x86_64/frozen.config;header_closure=rewrite/metadata/header_closure.tsv;selected=PENDING_REVIEW	425f94c2954b1fe80ebdbf9b29854e89750355df	f24cb1108af94200ee7a600fac46c70a86ad7f5182fa08b8da014df602b81fd2	a67200b9de936585f98f6aed0c4e4f7733d3ba0c36f4496d97e583cb7caf9ac6	0123af9e96b58af4e98b91a2de5608d36b63c67864b9041d3340587f3dbe40d2	cfa8dcf0d81c408de38d4202fe1ce9d9e5e301d1e67439c9530da94b1e64ee3f	7484d7b0dd80f45e18d726b04752827fe28555cc5c1af0e127948380e6688abf
semantic-proposal-v1	SC1-92a6ddb116896f994c89b26fe8096873dc8cca16bc4d8d83b50aefca879dace5	S016267	1	P01	SYMBOLS.tsv	384819	status	x86_64	include/uapi/linux/netdev.h	enum_constant	NETDEV_A_DMABUF_IFINDEX	218	PENDING_REVIEW	COMPLETE	COMPLETE	vendor/linux/include/uapi/linux/netdev.h;vendor/linux/include/uapi/linux/netdev.h:218;rewrite/configs/x86_64/frozen.config;header_closure=rewrite/metadata/header_closure.tsv;selected=PENDING_REVIEW	425f94c2954b1fe80ebdbf9b29854e89750355df	f24cb1108af94200ee7a600fac46c70a86ad7f5182fa08b8da014df602b81fd2	a67200b9de936585f98f6aed0c4e4f7733d3ba0c36f4496d97e583cb7caf9ac6	0123af9e96b58af4e98b91a2de5608d36b63c67864b9041d3340587f3dbe40d2	cfa8dcf0d81c408de38d4202fe1ce9d9e5e301d1e67439c9530da94b1e64ee3f	7484d7b0dd80f45e18d726b04752827fe28555cc5c1af0e127948380e6688abf
semantic-proposal-v1	SC1-8ddf71e2bf4ec127df0b3e2ae584ccfff53bd6fb6470c4253c6e99b5e43fc927	S016267	1	P01	SYMBOLS.tsv	384820	selection_expression	x86_64	include/uapi/linux/netdev.h	enum_constant	NETDEV_A_DMABUF_QUEUES	219	PENDING_REVIEW	SOURCE_REVIEWED_VALUE	COMPLETE	vendor/linux/include/uapi/linux/netdev.h;vendor/linux/include/uapi/linux/netdev.h:219;rewrite/configs/x86_64/frozen.config;header_closure=rewrite/metadata/header_closure.tsv;selected=PENDING_REVIEW	425f94c2954b1fe80ebdbf9b29854e89750355df	f24cb1108af94200ee7a600fac46c70a86ad7f5182fa08b8da014df602b81fd2	a67200b9de936585f98f6aed0c4e4f7733d3ba0c36f4496d97e583cb7caf9ac6	0123af9e96b58af4e98b91a2de5608d36b63c67864b9041d3340587f3dbe40d2	cfa8dcf0d81c408de38d4202fe1ce9d9e5e301d1e67439c9530da94b1e64ee3f	7484d7b0dd80f45e18d726b04752827fe28555cc5c1af0e127948380e6688abf
semantic-proposal-v1	SC1-0cf7dc01c7a8413da8168c1485a7674b108a6655b7bd2814625aef884019ba56	S016267	1	P01	SYMBOLS.tsv	384820	status	x86_64	include/uapi/linux/netdev.h	enum_constant	NETDEV_A_DMABUF_QUEUES	219	PENDING_REVIEW	COMPLETE	COMPLETE	vendor/linux/include/uapi/linux/netdev.h;vendor/linux/include/uapi/linux/netdev.h:219;rewrite/configs/x86_64/frozen.config;header_closure=rewrite/metadata/header_closure.tsv;selected=PENDING_REVIEW	425f94c2954b1fe80ebdbf9b29854e89750355df	f24cb1108af94200ee7a600fac46c70a86ad7f5182fa08b8da014df602b81fd2	a67200b9de936585f98f6aed0c4e4f7733d3ba0c36f4496d97e583cb7caf9ac6	0123af9e96b58af4e98b91a2de5608d36b63c67864b9041d3340587f3dbe40d2	cfa8dcf0d81c408de38d4202fe1ce9d9e5e301d1e67439c9530da94b1e64ee3f	7484d7b0dd80f45e18d726b04752827fe28555cc5c1af0e127948380e6688abf
semantic-proposal-v1	SC1-ae54ddb2a20585d11fa6354368f6eb8d1126f8e96077e1c1a2f54f2a2e21fdc2	S016267	1	P01	SYMBOLS.tsv	384821	selection_expression	x86_64	include/uapi/linux/netdev.h	enum_constant	NETDEV_A_DMABUF_FD	220	PENDING_REVIEW	SOURCE_REVIEWED_VALUE	COMPLETE	vendor/linux/include/uapi/linux/netdev.h;vendor/linux/include/uapi/linux/netdev.h:220;rewrite/configs/x86_64/frozen.config;header_closure=rewrite/metadata/header_closure.tsv;selected=PENDING_REVIEW	425f94c2954b1fe80ebdbf9b29854e89750355df	f24cb1108af94200ee7a600fac46c70a86ad7f5182fa08b8da014df602b81fd2	a67200b9de936585f98f6aed0c4e4f7733d3ba0c36f4496d97e583cb7caf9ac6	0123af9e96b58af4e98b91a2de5608d36b63c67864b9041d3340587f3dbe40d2	cfa8dcf0d81c408de38d4202fe1ce9d9e5e301d1e67439c9530da94b1e64ee3f	7484d7b0dd80f45e18d726b04752827fe28555cc5c1af0e127948380e6688abf
semantic-proposal-v1	SC1-0c4b98300f630bb5072733baf36699e071410998273b50aa14db960b74eb697c	S016267	1	P01	SYMBOLS.tsv	384821	status	x86_64	include/uapi/linux/netdev.h	enum_constant	NETDEV_A_DMABUF_FD	220	PENDING_REVIEW	COMPLETE	COMPLETE	vendor/linux/include/uapi/linux/netdev.h;vendor/linux/include/uapi/linux/netdev.h:220;rewrite/configs/x86_64/frozen.config;header_closure=rewrite/metadata/header_closure.tsv;selected=PENDING_REVIEW	425f94c2954b1fe80ebdbf9b29854e89750355df	f24cb1108af94200ee7a600fac46c70a86ad7f5182fa08b8da014df602b81fd2	a67200b9de936585f98f6aed0c4e4f7733d3ba0c36f4496d97e583cb7caf9ac6	0123af9e96b58af4e98b91a2de5608d36b63c67864b9041d3340587f3dbe40d2	cfa8dcf0d81c408de38d4202fe1ce9d9e5e301d1e67439c9530da94b1e64ee3f	7484d7b0dd80f45e18d726b04752827fe28555cc5c1af0e127948380e6688abf
semantic-proposal-v1	SC1-5c925b06f8319cf5ff3f1808f67fc7247781234e4ef1255fcd924b5ff601cfd5	S016267	1	P01	SYMBOLS.tsv	384822	selection_expression	x86_64	include/uapi/linux/netdev.h	enum_constant	NETDEV_A_DMABUF_ID	221	PENDING_REVIEW	SOURCE_REVIEWED_VALUE	COMPLETE	vendor/linux/include/uapi/linux/netdev.h;vendor/linux/include/uapi/linux/netdev.h:221;rewrite/configs/x86_64/frozen.config;header_closure=rewrite/metadata/header_closure.tsv;selected=PENDING_REVIEW	425f94c2954b1fe80ebdbf9b29854e89750355df	f24cb1108af94200ee7a600fac46c70a86ad7f5182fa08b8da014df602b81fd2	a67200b9de936585f98f6aed0c4e4f7733d3ba0c36f4496d97e583cb7caf9ac6	0123af9e96b58af4e98b91a2de5608d36b63c67864b9041d3340587f3dbe40d2	cfa8dcf0d81c408de38d4202fe1ce9d9e5e301d1e67439c9530da94b1e64ee3f	7484d7b0dd80f45e18d726b04752827fe28555cc5c1af0e127948380e6688abf
semantic-proposal-v1	SC1-baed445b5e5da22ddb3b81d063bb8f68c2235df144f123ad15b9cd5a8523aec7	S016267	1	P01	SYMBOLS.tsv	384822	status	x86_64	include/uapi/linux/netdev.h	enum_constant	NETDEV_A_DMABUF_ID	221	PENDING_REVIEW	COMPLETE	COMPLETE	vendor/linux/include/uapi/linux/netdev.h;vendor/linux/include/uapi/linux/netdev.h:221;rewrite/configs/x86_64/frozen.config;header_closure=rewrite/metadata/header_closure.tsv;selected=PENDING_REVIEW	425f94c2954b1fe80ebdbf9b29854e89750355df	f24cb1108af94200ee7a600fac46c70a86ad7f5182fa08b8da014df602b81fd2	a67200b9de936585f98f6aed0c4e4f7733d3ba0c36f4496d97e583cb7caf9ac6	0123af9e96b58af4e98b91a2de5608d36b63c67864b9041d3340587f3dbe40d2	cfa8dcf0d81c408de38d4202fe1ce9d9e5e301d1e67439c9530da94b1e64ee3f	7484d7b0dd80f45e18d726b04752827fe28555cc5c1af0e127948380e6688abf
semantic-proposal-v1	SC1-bf5fe1ed6d54a18983767c98ec8bb77ed25c94a09c658e46a158503b101f830f	S016267	1	P01	SYMBOLS.tsv	384823	selection_expression	x86_64	include/uapi/linux/netdev.h	enum_constant	__NETDEV_A_DMABUF_MAX	223	PENDING_REVIEW	SOURCE_REVIEWED_VALUE	COMPLETE	vendor/linux/include/uapi/linux/netdev.h;vendor/linux/include/uapi/linux/netdev.h:223;rewrite/configs/x86_64/frozen.config;header_closure=rewrite/metadata/header_closure.tsv;selected=PENDING_REVIEW	425f94c2954b1fe80ebdbf9b29854e89750355df	f24cb1108af94200ee7a600fac46c70a86ad7f5182fa08b8da014df602b81fd2	a67200b9de936585f98f6aed0c4e4f7733d3ba0c36f4496d97e583cb7caf9ac6	0123af9e96b58af4e98b91a2de5608d36b63c67864b9041d3340587f3dbe40d2	cfa8dcf0d81c408de38d4202fe1ce9d9e5e301d1e67439c9530da94b1e64ee3f	7484d7b0dd80f45e18d726b04752827fe28555cc5c1af0e127948380e6688abf
semantic-proposal-v1	SC1-f87911f67178500016c1aa7052130e571bb0a52dcedfc0c76417fbc7d995e077	S016267	1	P01	SYMBOLS.tsv	384823	status	x86_64	include/uapi/linux/netdev.h	enum_constant	__NETDEV_A_DMABUF_MAX	223	PENDING_REVIEW	COMPLETE	COMPLETE	vendor/linux/include/uapi/linux/netdev.h;vendor/linux/include/uapi/linux/netdev.h:223;rewrite/configs/x86_64/frozen.config;header_closure=rewrite/metadata/header_closure.tsv;selected=PENDING_REVIEW	425f94c2954b1fe80ebdbf9b29854e89750355df	f24cb1108af94200ee7a600fac46c70a86ad7f5182fa08b8da014df602b81fd2	a67200b9de936585f98f6aed0c4e4f7733d3ba0c36f4496d97e583cb7caf9ac6	0123af9e96b58af4e98b91a2de5608d36b63c67864b9041d3340587f3dbe40d2	cfa8dcf0d81c408de38d4202fe1ce9d9e5e301d1e67439c9530da94b1e64ee3f	7484d7b0dd80f45e18d726b04752827fe28555cc5c1af0e127948380e6688abf
semantic-proposal-v1	SC1-39b1135db04084b377f46e730e931e631ff9d8051ca52b23537a05e16106b764	S016267	1	P01	SYMBOLS.tsv	384824	selection_expression	x86_64	include/uapi/linux/netdev.h	enum_constant	NETDEV_A_DMABUF_MAX	224	PENDING_REVIEW	SOURCE_REVIEWED_VALUE	COMPLETE	vendor/linux/include/uapi/linux/netdev.h;vendor/linux/include/uapi/linux/netdev.h:224;rewrite/configs/x86_64/frozen.config;header_closure=rewrite/metadata/header_closure.tsv;selected=PENDING_REVIEW	425f94c2954b1fe80ebdbf9b29854e89750355df	f24cb1108af94200ee7a600fac46c70a86ad7f5182fa08b8da014df602b81fd2	a67200b9de936585f98f6aed0c4e4f7733d3ba0c36f4496d97e583cb7caf9ac6	0123af9e96b58af4e98b91a2de5608d36b63c67864b9041d3340587f3dbe40d2	cfa8dcf0d81c408de38d4202fe1ce9d9e5e301d1e67439c9530da94b1e64ee3f	7484d7b0dd80f45e18d726b04752827fe28555cc5c1af0e127948380e6688abf
semantic-proposal-v1	SC1-2cf40ce04e091c0fe731fc6e07955690b46aa40a8584f1135dc79a32c474da2e	S016267	1	P01	SYMBOLS.tsv	384824	status	x86_64	include/uapi/linux/netdev.h	enum_constant	NETDEV_A_DMABUF_MAX	224	PENDING_REVIEW	COMPLETE	COMPLETE	vendor/linux/include/uapi/linux/netdev.h;vendor/linux/include/uapi/linux/netdev.h:224;rewrite/configs/x86_64/frozen.config;header_closure=rewrite/metadata/header_closure.tsv;selected=PENDING_REVIEW	425f94c2954b1fe80ebdbf9b29854e89750355df	f24cb1108af94200ee7a600fac46c70a86ad7f5182fa08b8da014df602b81fd2	a67200b9de936585f98f6aed0c4e4f7733d3ba0c36f4496d97e583cb7caf9ac6	0123af9e96b58af4e98b91a2de5608d36b63c67864b9041d3340587f3dbe40d2	cfa8dcf0d81c408de38d4202fe1ce9d9e5e301d1e67439c9530da94b1e64ee3f	7484d7b0dd80f45e18d726b04752827fe28555cc5c1af0e127948380e6688abf
semantic-proposal-v1	SC1-180dc124c494100c3b5c03f4819299cae2aefabe4cee6984dc2ebc43d18ad056	S016267	1	P01	SYMBOLS.tsv	384825	selection_expression	x86_64	include/uapi/linux/netdev.h	type	anonymous_enum@227	227	PENDING_REVIEW	SOURCE_REVIEWED_VALUE	COMPLETE	vendor/linux/include/uapi/linux/netdev.h;vendor/linux/include/uapi/linux/netdev.h:227;rewrite/configs/x86_64/frozen.config;header_closure=rewrite/metadata/header_closure.tsv;selected=PENDING_REVIEW	425f94c2954b1fe80ebdbf9b29854e89750355df	f24cb1108af94200ee7a600fac46c70a86ad7f5182fa08b8da014df602b81fd2	a67200b9de936585f98f6aed0c4e4f7733d3ba0c36f4496d97e583cb7caf9ac6	0123af9e96b58af4e98b91a2de5608d36b63c67864b9041d3340587f3dbe40d2	cfa8dcf0d81c408de38d4202fe1ce9d9e5e301d1e67439c9530da94b1e64ee3f	7484d7b0dd80f45e18d726b04752827fe28555cc5c1af0e127948380e6688abf
semantic-proposal-v1	SC1-8f318913d424a5c14f57ceccc4d6063fcce3b5b47a1e5fdc0d4ec92dd732886b	S016267	1	P01	SYMBOLS.tsv	384825	status	x86_64	include/uapi/linux/netdev.h	type	anonymous_enum@227	227	PENDING_REVIEW	COMPLETE	COMPLETE	vendor/linux/include/uapi/linux/netdev.h;vendor/linux/include/uapi/linux/netdev.h:227;rewrite/configs/x86_64/frozen.config;header_closure=rewrite/metadata/header_closure.tsv;selected=PENDING_REVIEW	425f94c2954b1fe80ebdbf9b29854e89750355df	f24cb1108af94200ee7a600fac46c70a86ad7f5182fa08b8da014df602b81fd2	a67200b9de936585f98f6aed0c4e4f7733d3ba0c36f4496d97e583cb7caf9ac6	0123af9e96b58af4e98b91a2de5608d36b63c67864b9041d3340587f3dbe40d2	cfa8dcf0d81c408de38d4202fe1ce9d9e5e301d1e67439c9530da94b1e64ee3f	7484d7b0dd80f45e18d726b04752827fe28555cc5c1af0e127948380e6688abf
semantic-proposal-v1	SC1-8cefb2d37d2b4ede51bbd514e5be67f0f2d00d8647510b1b5e34ac5ea92ff6fb	S016267	1	P01	SYMBOLS.tsv	384826	selection_expression	x86_64	include/uapi/linux/netdev.h	enum_constant	NETDEV_CMD_DEV_GET	228	PENDING_REVIEW	SOURCE_REVIEWED_VALUE	COMPLETE	vendor/linux/include/uapi/linux/netdev.h;vendor/linux/include/uapi/linux/netdev.h:228;rewrite/configs/x86_64/frozen.config;header_closure=rewrite/metadata/header_closure.tsv;selected=PENDING_REVIEW	425f94c2954b1fe80ebdbf9b29854e89750355df	f24cb1108af94200ee7a600fac46c70a86ad7f5182fa08b8da014df602b81fd2	a67200b9de936585f98f6aed0c4e4f7733d3ba0c36f4496d97e583cb7caf9ac6	0123af9e96b58af4e98b91a2de5608d36b63c67864b9041d3340587f3dbe40d2	cfa8dcf0d81c408de38d4202fe1ce9d9e5e301d1e67439c9530da94b1e64ee3f	7484d7b0dd80f45e18d726b04752827fe28555cc5c1af0e127948380e6688abf
semantic-proposal-v1	SC1-8ab159c7b8ffbfc53c3ad98000bae0c957bcc548df4625a9586686a5df19c1c5	S016267	1	P01	SYMBOLS.tsv	384826	status	x86_64	include/uapi/linux/netdev.h	enum_constant	NETDEV_CMD_DEV_GET	228	PENDING_REVIEW	COMPLETE	COMPLETE	vendor/linux/include/uapi/linux/netdev.h;vendor/linux/include/uapi/linux/netdev.h:228;rewrite/configs/x86_64/frozen.config;header_closure=rewrite/metadata/header_closure.tsv;selected=PENDING_REVIEW	425f94c2954b1fe80ebdbf9b29854e89750355df	f24cb1108af94200ee7a600fac46c70a86ad7f5182fa08b8da014df602b81fd2	a67200b9de936585f98f6aed0c4e4f7733d3ba0c36f4496d97e583cb7caf9ac6	0123af9e96b58af4e98b91a2de5608d36b63c67864b9041d3340587f3dbe40d2	cfa8dcf0d81c408de38d4202fe1ce9d9e5e301d1e67439c9530da94b1e64ee3f	7484d7b0dd80f45e18d726b04752827fe28555cc5c1af0e127948380e6688abf
semantic-proposal-v1	SC1-5c0baa85e1ccf6f5748e07806142a8b832da8a3d2e51b5f6723f97a089f6958f	S016267	1	P01	SYMBOLS.tsv	384827	selection_expression	x86_64	include/uapi/linux/netdev.h	enum_constant	NETDEV_CMD_DEV_ADD_NTF	229	PENDING_REVIEW	SOURCE_REVIEWED_VALUE	COMPLETE	vendor/linux/include/uapi/linux/netdev.h;vendor/linux/include/uapi/linux/netdev.h:229;rewrite/configs/x86_64/frozen.config;header_closure=rewrite/metadata/header_closure.tsv;selected=PENDING_REVIEW	425f94c2954b1fe80ebdbf9b29854e89750355df	f24cb1108af94200ee7a600fac46c70a86ad7f5182fa08b8da014df602b81fd2	a67200b9de936585f98f6aed0c4e4f7733d3ba0c36f4496d97e583cb7caf9ac6	0123af9e96b58af4e98b91a2de5608d36b63c67864b9041d3340587f3dbe40d2	cfa8dcf0d81c408de38d4202fe1ce9d9e5e301d1e67439c9530da94b1e64ee3f	7484d7b0dd80f45e18d726b04752827fe28555cc5c1af0e127948380e6688abf
semantic-proposal-v1	SC1-49203f225c4fe33c3d7c1c9207f934097f8834bda69c28a17449c415d235f8fb	S016267	1	P01	SYMBOLS.tsv	384827	status	x86_64	include/uapi/linux/netdev.h	enum_constant	NETDEV_CMD_DEV_ADD_NTF	229	PENDING_REVIEW	COMPLETE	COMPLETE	vendor/linux/include/uapi/linux/netdev.h;vendor/linux/include/uapi/linux/netdev.h:229;rewrite/configs/x86_64/frozen.config;header_closure=rewrite/metadata/header_closure.tsv;selected=PENDING_REVIEW	425f94c2954b1fe80ebdbf9b29854e89750355df	f24cb1108af94200ee7a600fac46c70a86ad7f5182fa08b8da014df602b81fd2	a67200b9de936585f98f6aed0c4e4f7733d3ba0c36f4496d97e583cb7caf9ac6	0123af9e96b58af4e98b91a2de5608d36b63c67864b9041d3340587f3dbe40d2	cfa8dcf0d81c408de38d4202fe1ce9d9e5e301d1e67439c9530da94b1e64ee3f	7484d7b0dd80f45e18d726b04752827fe28555cc5c1af0e127948380e6688abf
semantic-proposal-v1	SC1-5d4a802ee3659b99f29a645cfcd392dffe0fd80c1ee8def7c6fd8677597e0820	S016267	1	P01	SYMBOLS.tsv	384828	selection_expression	x86_64	include/uapi/linux/netdev.h	enum_constant	NETDEV_CMD_DEV_DEL_NTF	230	PENDING_REVIEW	SOURCE_REVIEWED_VALUE	COMPLETE	vendor/linux/include/uapi/linux/netdev.h;vendor/linux/include/uapi/linux/netdev.h:230;rewrite/configs/x86_64/frozen.config;header_closure=rewrite/metadata/header_closure.tsv;selected=PENDING_REVIEW	425f94c2954b1fe80ebdbf9b29854e89750355df	f24cb1108af94200ee7a600fac46c70a86ad7f5182fa08b8da014df602b81fd2	a67200b9de936585f98f6aed0c4e4f7733d3ba0c36f4496d97e583cb7caf9ac6	0123af9e96b58af4e98b91a2de5608d36b63c67864b9041d3340587f3dbe40d2	cfa8dcf0d81c408de38d4202fe1ce9d9e5e301d1e67439c9530da94b1e64ee3f	7484d7b0dd80f45e18d726b04752827fe28555cc5c1af0e127948380e6688abf
semantic-proposal-v1	SC1-9823430b0529722f6277572e06f03c8e751dacc8adfac4e82183944bf9d92d60	S016267	1	P01	SYMBOLS.tsv	384828	status	x86_64	include/uapi/linux/netdev.h	enum_constant	NETDEV_CMD_DEV_DEL_NTF	230	PENDING_REVIEW	COMPLETE	COMPLETE	vendor/linux/include/uapi/linux/netdev.h;vendor/linux/include/uapi/linux/netdev.h:230;rewrite/configs/x86_64/frozen.config;header_closure=rewrite/metadata/header_closure.tsv;selected=PENDING_REVIEW	425f94c2954b1fe80ebdbf9b29854e89750355df	f24cb1108af94200ee7a600fac46c70a86ad7f5182fa08b8da014df602b81fd2	a67200b9de936585f98f6aed0c4e4f7733d3ba0c36f4496d97e583cb7caf9ac6	0123af9e96b58af4e98b91a2de5608d36b63c67864b9041d3340587f3dbe40d2	cfa8dcf0d81c408de38d4202fe1ce9d9e5e301d1e67439c9530da94b1e64ee3f	7484d7b0dd80f45e18d726b04752827fe28555cc5c1af0e127948380e6688abf
semantic-proposal-v1	SC1-605d2aed8df2e984b9978e1b3139a67e37de117043b54143455e6b1a4f1cef80	S016267	1	P01	SYMBOLS.tsv	384829	selection_expression	x86_64	include/uapi/linux/netdev.h	enum_constant	NETDEV_CMD_DEV_CHANGE_NTF	231	PENDING_REVIEW	SOURCE_REVIEWED_VALUE	COMPLETE	vendor/linux/include/uapi/linux/netdev.h;vendor/linux/include/uapi/linux/netdev.h:231;rewrite/configs/x86_64/frozen.config;header_closure=rewrite/metadata/header_closure.tsv;selected=PENDING_REVIEW	425f94c2954b1fe80ebdbf9b29854e89750355df	f24cb1108af94200ee7a600fac46c70a86ad7f5182fa08b8da014df602b81fd2	a67200b9de936585f98f6aed0c4e4f7733d3ba0c36f4496d97e583cb7caf9ac6	0123af9e96b58af4e98b91a2de5608d36b63c67864b9041d3340587f3dbe40d2	cfa8dcf0d81c408de38d4202fe1ce9d9e5e301d1e67439c9530da94b1e64ee3f	7484d7b0dd80f45e18d726b04752827fe28555cc5c1af0e127948380e6688abf
semantic-proposal-v1	SC1-e1b0a79df325b302457fcb4a90de40fced1274355dbe54cb48b36a2c8482b84b	S016267	1	P01	SYMBOLS.tsv	384829	status	x86_64	include/uapi/linux/netdev.h	enum_constant	NETDEV_CMD_DEV_CHANGE_NTF	231	PENDING_REVIEW	COMPLETE	COMPLETE	vendor/linux/include/uapi/linux/netdev.h;vendor/linux/include/uapi/linux/netdev.h:231;rewrite/configs/x86_64/frozen.config;header_closure=rewrite/metadata/header_closure.tsv;selected=PENDING_REVIEW	425f94c2954b1fe80ebdbf9b29854e89750355df	f24cb1108af94200ee7a600fac46c70a86ad7f5182fa08b8da014df602b81fd2	a67200b9de936585f98f6aed0c4e4f7733d3ba0c36f4496d97e583cb7caf9ac6	0123af9e96b58af4e98b91a2de5608d36b63c67864b9041d3340587f3dbe40d2	cfa8dcf0d81c408de38d4202fe1ce9d9e5e301d1e67439c9530da94b1e64ee3f	7484d7b0dd80f45e18d726b04752827fe28555cc5c1af0e127948380e6688abf
semantic-proposal-v1	SC1-1195cf12ee1d9ea411d73481f765d625e5b9e797a94a38947b7c512b1da914c8	S016267	1	P01	SYMBOLS.tsv	384830	selection_expression	x86_64	include/uapi/linux/netdev.h	enum_constant	NETDEV_CMD_PAGE_POOL_GET	232	PENDING_REVIEW	SOURCE_REVIEWED_VALUE	COMPLETE	vendor/linux/include/uapi/linux/netdev.h;vendor/linux/include/uapi/linux/netdev.h:232;rewrite/configs/x86_64/frozen.config;header_closure=rewrite/metadata/header_closure.tsv;selected=PENDING_REVIEW	425f94c2954b1fe80ebdbf9b29854e89750355df	f24cb1108af94200ee7a600fac46c70a86ad7f5182fa08b8da014df602b81fd2	a67200b9de936585f98f6aed0c4e4f7733d3ba0c36f4496d97e583cb7caf9ac6	0123af9e96b58af4e98b91a2de5608d36b63c67864b9041d3340587f3dbe40d2	cfa8dcf0d81c408de38d4202fe1ce9d9e5e301d1e67439c9530da94b1e64ee3f	7484d7b0dd80f45e18d726b04752827fe28555cc5c1af0e127948380e6688abf
semantic-proposal-v1	SC1-023aa7462cbe355fcc59ccc21f1e79a4adb0024d7308346014ab9666584566a6	S016267	1	P01	SYMBOLS.tsv	384830	status	x86_64	include/uapi/linux/netdev.h	enum_constant	NETDEV_CMD_PAGE_POOL_GET	232	PENDING_REVIEW	COMPLETE	COMPLETE	vendor/linux/include/uapi/linux/netdev.h;vendor/linux/include/uapi/linux/netdev.h:232;rewrite/configs/x86_64/frozen.config;header_closure=rewrite/metadata/header_closure.tsv;selected=PENDING_REVIEW	425f94c2954b1fe80ebdbf9b29854e89750355df	f24cb1108af94200ee7a600fac46c70a86ad7f5182fa08b8da014df602b81fd2	a67200b9de936585f98f6aed0c4e4f7733d3ba0c36f4496d97e583cb7caf9ac6	0123af9e96b58af4e98b91a2de5608d36b63c67864b9041d3340587f3dbe40d2	cfa8dcf0d81c408de38d4202fe1ce9d9e5e301d1e67439c9530da94b1e64ee3f	7484d7b0dd80f45e18d726b04752827fe28555cc5c1af0e127948380e6688abf
semantic-proposal-v1	SC1-2e12ae3bff116d51d382b39c01f75b91a18b803ec250ed1336172cff975c06d1	S016267	1	P01	SYMBOLS.tsv	384831	selection_expression	x86_64	include/uapi/linux/netdev.h	enum_constant	NETDEV_CMD_PAGE_POOL_ADD_NTF	233	PENDING_REVIEW	SOURCE_REVIEWED_VALUE	COMPLETE	vendor/linux/include/uapi/linux/netdev.h;vendor/linux/include/uapi/linux/netdev.h:233;rewrite/configs/x86_64/frozen.config;header_closure=rewrite/metadata/header_closure.tsv;selected=PENDING_REVIEW	425f94c2954b1fe80ebdbf9b29854e89750355df	f24cb1108af94200ee7a600fac46c70a86ad7f5182fa08b8da014df602b81fd2	a67200b9de936585f98f6aed0c4e4f7733d3ba0c36f4496d97e583cb7caf9ac6	0123af9e96b58af4e98b91a2de5608d36b63c67864b9041d3340587f3dbe40d2	cfa8dcf0d81c408de38d4202fe1ce9d9e5e301d1e67439c9530da94b1e64ee3f	7484d7b0dd80f45e18d726b04752827fe28555cc5c1af0e127948380e6688abf
semantic-proposal-v1	SC1-fa0b310320e54566fc859d3f28d1e19eda38a2ef3df63e202473d63748119d39	S016267	1	P01	SYMBOLS.tsv	384831	status	x86_64	include/uapi/linux/netdev.h	enum_constant	NETDEV_CMD_PAGE_POOL_ADD_NTF	233	PENDING_REVIEW	COMPLETE	COMPLETE	vendor/linux/include/uapi/linux/netdev.h;vendor/linux/include/uapi/linux/netdev.h:233;rewrite/configs/x86_64/frozen.config;header_closure=rewrite/metadata/header_closure.tsv;selected=PENDING_REVIEW	425f94c2954b1fe80ebdbf9b29854e89750355df	f24cb1108af94200ee7a600fac46c70a86ad7f5182fa08b8da014df602b81fd2	a67200b9de936585f98f6aed0c4e4f7733d3ba0c36f4496d97e583cb7caf9ac6	0123af9e96b58af4e98b91a2de5608d36b63c67864b9041d3340587f3dbe40d2	cfa8dcf0d81c408de38d4202fe1ce9d9e5e301d1e67439c9530da94b1e64ee3f	7484d7b0dd80f45e18d726b04752827fe28555cc5c1af0e127948380e6688abf
semantic-proposal-v1	SC1-19c6786fa494ea47eaf018187fffa947a17495abff899bbf44c5b2ba9d0bd01c	S016267	1	P01	SYMBOLS.tsv	384832	selection_expression	x86_64	include/uapi/linux/netdev.h	enum_constant	NETDEV_CMD_PAGE_POOL_DEL_NTF	234	PENDING_REVIEW	SOURCE_REVIEWED_VALUE	COMPLETE	vendor/linux/include/uapi/linux/netdev.h;vendor/linux/include/uapi/linux/netdev.h:234;rewrite/configs/x86_64/frozen.config;header_closure=rewrite/metadata/header_closure.tsv;selected=PENDING_REVIEW	425f94c2954b1fe80ebdbf9b29854e89750355df	f24cb1108af94200ee7a600fac46c70a86ad7f5182fa08b8da014df602b81fd2	a67200b9de936585f98f6aed0c4e4f7733d3ba0c36f4496d97e583cb7caf9ac6	0123af9e96b58af4e98b91a2de5608d36b63c67864b9041d3340587f3dbe40d2	cfa8dcf0d81c408de38d4202fe1ce9d9e5e301d1e67439c9530da94b1e64ee3f	7484d7b0dd80f45e18d726b04752827fe28555cc5c1af0e127948380e6688abf
semantic-proposal-v1	SC1-d983a60c4409abc9326d8cbd9880c29ba56109b98e3adb6b11e05c2a6320c323	S016267	1	P01	SYMBOLS.tsv	384832	status	x86_64	include/uapi/linux/netdev.h	enum_constant	NETDEV_CMD_PAGE_POOL_DEL_NTF	234	PENDING_REVIEW	COMPLETE	COMPLETE	vendor/linux/include/uapi/linux/netdev.h;vendor/linux/include/uapi/linux/netdev.h:234;rewrite/configs/x86_64/frozen.config;header_closure=rewrite/metadata/header_closure.tsv;selected=PENDING_REVIEW	425f94c2954b1fe80ebdbf9b29854e89750355df	f24cb1108af94200ee7a600fac46c70a86ad7f5182fa08b8da014df602b81fd2	a67200b9de936585f98f6aed0c4e4f7733d3ba0c36f4496d97e583cb7caf9ac6	0123af9e96b58af4e98b91a2de5608d36b63c67864b9041d3340587f3dbe40d2	cfa8dcf0d81c408de38d4202fe1ce9d9e5e301d1e67439c9530da94b1e64ee3f	7484d7b0dd80f45e18d726b04752827fe28555cc5c1af0e127948380e6688abf
semantic-proposal-v1	SC1-d07041b7c29d26104ac6b47a5967b28573a3971525ae7c0d660586ea03772686	S016267	1	P01	SYMBOLS.tsv	384833	selection_expression	x86_64	include/uapi/linux/netdev.h	enum_constant	NETDEV_CMD_PAGE_POOL_CHANGE_NTF	235	PENDING_REVIEW	SOURCE_REVIEWED_VALUE	COMPLETE	vendor/linux/include/uapi/linux/netdev.h;vendor/linux/include/uapi/linux/netdev.h:235;rewrite/configs/x86_64/frozen.config;header_closure=rewrite/metadata/header_closure.tsv;selected=PENDING_REVIEW	425f94c2954b1fe80ebdbf9b29854e89750355df	f24cb1108af94200ee7a600fac46c70a86ad7f5182fa08b8da014df602b81fd2	a67200b9de936585f98f6aed0c4e4f7733d3ba0c36f4496d97e583cb7caf9ac6	0123af9e96b58af4e98b91a2de5608d36b63c67864b9041d3340587f3dbe40d2	cfa8dcf0d81c408de38d4202fe1ce9d9e5e301d1e67439c9530da94b1e64ee3f	7484d7b0dd80f45e18d726b04752827fe28555cc5c1af0e127948380e6688abf
semantic-proposal-v1	SC1-72b61f876198c9cbb1cd3f7cb32713652bc5adf5c32e30352189224125ef3b6a	S016267	1	P01	SYMBOLS.tsv	384833	status	x86_64	include/uapi/linux/netdev.h	enum_constant	NETDEV_CMD_PAGE_POOL_CHANGE_NTF	235	PENDING_REVIEW	COMPLETE	COMPLETE	vendor/linux/include/uapi/linux/netdev.h;vendor/linux/include/uapi/linux/netdev.h:235;rewrite/configs/x86_64/frozen.config;header_closure=rewrite/metadata/header_closure.tsv;selected=PENDING_REVIEW	425f94c2954b1fe80ebdbf9b29854e89750355df	f24cb1108af94200ee7a600fac46c70a86ad7f5182fa08b8da014df602b81fd2	a67200b9de936585f98f6aed0c4e4f7733d3ba0c36f4496d97e583cb7caf9ac6	0123af9e96b58af4e98b91a2de5608d36b63c67864b9041d3340587f3dbe40d2	cfa8dcf0d81c408de38d4202fe1ce9d9e5e301d1e67439c9530da94b1e64ee3f	7484d7b0dd80f45e18d726b04752827fe28555cc5c1af0e127948380e6688abf
semantic-proposal-v1	SC1-8a0f9ae60bac9aa596350c5d60ed972df396d30804c5b0c499a1f7dc915431be	S016267	1	P01	SYMBOLS.tsv	384834	selection_expression	x86_64	include/uapi/linux/netdev.h	enum_constant	NETDEV_CMD_PAGE_POOL_STATS_GET	236	PENDING_REVIEW	SOURCE_REVIEWED_VALUE	COMPLETE	vendor/linux/include/uapi/linux/netdev.h;vendor/linux/include/uapi/linux/netdev.h:236;rewrite/configs/x86_64/frozen.config;header_closure=rewrite/metadata/header_closure.tsv;selected=PENDING_REVIEW	425f94c2954b1fe80ebdbf9b29854e89750355df	f24cb1108af94200ee7a600fac46c70a86ad7f5182fa08b8da014df602b81fd2	a67200b9de936585f98f6aed0c4e4f7733d3ba0c36f4496d97e583cb7caf9ac6	0123af9e96b58af4e98b91a2de5608d36b63c67864b9041d3340587f3dbe40d2	cfa8dcf0d81c408de38d4202fe1ce9d9e5e301d1e67439c9530da94b1e64ee3f	7484d7b0dd80f45e18d726b04752827fe28555cc5c1af0e127948380e6688abf
semantic-proposal-v1	SC1-98879f500067409adb373da740e2406a71c7c43c3f2c3f3b60d72282b26adcdf	S016267	1	P01	SYMBOLS.tsv	384834	status	x86_64	include/uapi/linux/netdev.h	enum_constant	NETDEV_CMD_PAGE_POOL_STATS_GET	236	PENDING_REVIEW	COMPLETE	COMPLETE	vendor/linux/include/uapi/linux/netdev.h;vendor/linux/include/uapi/linux/netdev.h:236;rewrite/configs/x86_64/frozen.config;header_closure=rewrite/metadata/header_closure.tsv;selected=PENDING_REVIEW	425f94c2954b1fe80ebdbf9b29854e89750355df	f24cb1108af94200ee7a600fac46c70a86ad7f5182fa08b8da014df602b81fd2	a67200b9de936585f98f6aed0c4e4f7733d3ba0c36f4496d97e583cb7caf9ac6	0123af9e96b58af4e98b91a2de5608d36b63c67864b9041d3340587f3dbe40d2	cfa8dcf0d81c408de38d4202fe1ce9d9e5e301d1e67439c9530da94b1e64ee3f	7484d7b0dd80f45e18d726b04752827fe28555cc5c1af0e127948380e6688abf
semantic-proposal-v1	SC1-7baeb735429f62d3d3d2b3a05f86fbf55fa9d1bfbee201dc808f46edc9aa151e	S016267	1	P01	SYMBOLS.tsv	384835	selection_expression	x86_64	include/uapi/linux/netdev.h	enum_constant	NETDEV_CMD_QUEUE_GET	237	PENDING_REVIEW	SOURCE_REVIEWED_VALUE	COMPLETE	vendor/linux/include/uapi/linux/netdev.h;vendor/linux/include/uapi/linux/netdev.h:237;rewrite/configs/x86_64/frozen.config;header_closure=rewrite/metadata/header_closure.tsv;selected=PENDING_REVIEW	425f94c2954b1fe80ebdbf9b29854e89750355df	f24cb1108af94200ee7a600fac46c70a86ad7f5182fa08b8da014df602b81fd2	a67200b9de936585f98f6aed0c4e4f7733d3ba0c36f4496d97e583cb7caf9ac6	0123af9e96b58af4e98b91a2de5608d36b63c67864b9041d3340587f3dbe40d2	cfa8dcf0d81c408de38d4202fe1ce9d9e5e301d1e67439c9530da94b1e64ee3f	7484d7b0dd80f45e18d726b04752827fe28555cc5c1af0e127948380e6688abf
semantic-proposal-v1	SC1-234602cf436db3db2e0d7276761ff831beaa3c61e6f72f6cfd490899feb03425	S016267	1	P01	SYMBOLS.tsv	384835	status	x86_64	include/uapi/linux/netdev.h	enum_constant	NETDEV_CMD_QUEUE_GET	237	PENDING_REVIEW	COMPLETE	COMPLETE	vendor/linux/include/uapi/linux/netdev.h;vendor/linux/include/uapi/linux/netdev.h:237;rewrite/configs/x86_64/frozen.config;header_closure=rewrite/metadata/header_closure.tsv;selected=PENDING_REVIEW	425f94c2954b1fe80ebdbf9b29854e89750355df	f24cb1108af94200ee7a600fac46c70a86ad7f5182fa08b8da014df602b81fd2	a67200b9de936585f98f6aed0c4e4f7733d3ba0c36f4496d97e583cb7caf9ac6	0123af9e96b58af4e98b91a2de5608d36b63c67864b9041d3340587f3dbe40d2	cfa8dcf0d81c408de38d4202fe1ce9d9e5e301d1e67439c9530da94b1e64ee3f	7484d7b0dd80f45e18d726b04752827fe28555cc5c1af0e127948380e6688abf
semantic-proposal-v1	SC1-7c6ee7fdf0c83640fbba74af229e80d89129d8ef8e9ef3502f6f325fdb38cee6	S016267	1	P01	SYMBOLS.tsv	384836	selection_expression	x86_64	include/uapi/linux/netdev.h	enum_constant	NETDEV_CMD_NAPI_GET	238	PENDING_REVIEW	SOURCE_REVIEWED_VALUE	COMPLETE	vendor/linux/include/uapi/linux/netdev.h;vendor/linux/include/uapi/linux/netdev.h:238;rewrite/configs/x86_64/frozen.config;header_closure=rewrite/metadata/header_closure.tsv;selected=PENDING_REVIEW	425f94c2954b1fe80ebdbf9b29854e89750355df	f24cb1108af94200ee7a600fac46c70a86ad7f5182fa08b8da014df602b81fd2	a67200b9de936585f98f6aed0c4e4f7733d3ba0c36f4496d97e583cb7caf9ac6	0123af9e96b58af4e98b91a2de5608d36b63c67864b9041d3340587f3dbe40d2	cfa8dcf0d81c408de38d4202fe1ce9d9e5e301d1e67439c9530da94b1e64ee3f	7484d7b0dd80f45e18d726b04752827fe28555cc5c1af0e127948380e6688abf
semantic-proposal-v1	SC1-1c5154858388475b67236c774499cb5639bf5d96a1439d22d031068897ec7e56	S016267	1	P01	SYMBOLS.tsv	384836	status	x86_64	include/uapi/linux/netdev.h	enum_constant	NETDEV_CMD_NAPI_GET	238	PENDING_REVIEW	COMPLETE	COMPLETE	vendor/linux/include/uapi/linux/netdev.h;vendor/linux/include/uapi/linux/netdev.h:238;rewrite/configs/x86_64/frozen.config;header_closure=rewrite/metadata/header_closure.tsv;selected=PENDING_REVIEW	425f94c2954b1fe80ebdbf9b29854e89750355df	f24cb1108af94200ee7a600fac46c70a86ad7f5182fa08b8da014df602b81fd2	a67200b9de936585f98f6aed0c4e4f7733d3ba0c36f4496d97e583cb7caf9ac6	0123af9e96b58af4e98b91a2de5608d36b63c67864b9041d3340587f3dbe40d2	cfa8dcf0d81c408de38d4202fe1ce9d9e5e301d1e67439c9530da94b1e64ee3f	7484d7b0dd80f45e18d726b04752827fe28555cc5c1af0e127948380e6688abf
semantic-proposal-v1	SC1-203685b4b4f54b5721c9a571fd5e99cf4a2d4b94ff3d11343df5cb60dbb66e03	S016267	1	P01	SYMBOLS.tsv	384837	selection_expression	x86_64	include/uapi/linux/netdev.h	enum_constant	NETDEV_CMD_QSTATS_GET	239	PENDING_REVIEW	SOURCE_REVIEWED_VALUE	COMPLETE	vendor/linux/include/uapi/linux/netdev.h;vendor/linux/include/uapi/linux/netdev.h:239;rewrite/configs/x86_64/frozen.config;header_closure=rewrite/metadata/header_closure.tsv;selected=PENDING_REVIEW	425f94c2954b1fe80ebdbf9b29854e89750355df	f24cb1108af94200ee7a600fac46c70a86ad7f5182fa08b8da014df602b81fd2	a67200b9de936585f98f6aed0c4e4f7733d3ba0c36f4496d97e583cb7caf9ac6	0123af9e96b58af4e98b91a2de5608d36b63c67864b9041d3340587f3dbe40d2	cfa8dcf0d81c408de38d4202fe1ce9d9e5e301d1e67439c9530da94b1e64ee3f	7484d7b0dd80f45e18d726b04752827fe28555cc5c1af0e127948380e6688abf
semantic-proposal-v1	SC1-867ad6e06d3bed91330595bc4a57b615d4a659c1517eaeaee4cbd77409169430	S016267	1	P01	SYMBOLS.tsv	384837	status	x86_64	include/uapi/linux/netdev.h	enum_constant	NETDEV_CMD_QSTATS_GET	239	PENDING_REVIEW	COMPLETE	COMPLETE	vendor/linux/include/uapi/linux/netdev.h;vendor/linux/include/uapi/linux/netdev.h:239;rewrite/configs/x86_64/frozen.config;header_closure=rewrite/metadata/header_closure.tsv;selected=PENDING_REVIEW	425f94c2954b1fe80ebdbf9b29854e89750355df	f24cb1108af94200ee7a600fac46c70a86ad7f5182fa08b8da014df602b81fd2	a67200b9de936585f98f6aed0c4e4f7733d3ba0c36f4496d97e583cb7caf9ac6	0123af9e96b58af4e98b91a2de5608d36b63c67864b9041d3340587f3dbe40d2	cfa8dcf0d81c408de38d4202fe1ce9d9e5e301d1e67439c9530da94b1e64ee3f	7484d7b0dd80f45e18d726b04752827fe28555cc5c1af0e127948380e6688abf
semantic-proposal-v1	SC1-faf14a9d67d597a92fabc598d1d2d370fafc07e1f34039ac41558db84f37a5d9	S016267	1	P01	SYMBOLS.tsv	384838	selection_expression	x86_64	include/uapi/linux/netdev.h	enum_constant	NETDEV_CMD_BIND_RX	240	PENDING_REVIEW	SOURCE_REVIEWED_VALUE	COMPLETE	vendor/linux/include/uapi/linux/netdev.h;vendor/linux/include/uapi/linux/netdev.h:240;rewrite/configs/x86_64/frozen.config;header_closure=rewrite/metadata/header_closure.tsv;selected=PENDING_REVIEW	425f94c2954b1fe80ebdbf9b29854e89750355df	f24cb1108af94200ee7a600fac46c70a86ad7f5182fa08b8da014df602b81fd2	a67200b9de936585f98f6aed0c4e4f7733d3ba0c36f4496d97e583cb7caf9ac6	0123af9e96b58af4e98b91a2de5608d36b63c67864b9041d3340587f3dbe40d2	cfa8dcf0d81c408de38d4202fe1ce9d9e5e301d1e67439c9530da94b1e64ee3f	7484d7b0dd80f45e18d726b04752827fe28555cc5c1af0e127948380e6688abf
semantic-proposal-v1	SC1-1f0da7b0635c353337e2a356233e1481420fa506163b51d74c4b1e7c154d7f2e	S016267	1	P01	SYMBOLS.tsv	384838	status	x86_64	include/uapi/linux/netdev.h	enum_constant	NETDEV_CMD_BIND_RX	240	PENDING_REVIEW	COMPLETE	COMPLETE	vendor/linux/include/uapi/linux/netdev.h;vendor/linux/include/uapi/linux/netdev.h:240;rewrite/configs/x86_64/frozen.config;header_closure=rewrite/metadata/header_closure.tsv;selected=PENDING_REVIEW	425f94c2954b1fe80ebdbf9b29854e89750355df	f24cb1108af94200ee7a600fac46c70a86ad7f5182fa08b8da014df602b81fd2	a67200b9de936585f98f6aed0c4e4f7733d3ba0c36f4496d97e583cb7caf9ac6	0123af9e96b58af4e98b91a2de5608d36b63c67864b9041d3340587f3dbe40d2	cfa8dcf0d81c408de38d4202fe1ce9d9e5e301d1e67439c9530da94b1e64ee3f	7484d7b0dd80f45e18d726b04752827fe28555cc5c1af0e127948380e6688abf
semantic-proposal-v1	SC1-d7e5c401e6e7d6813297cf86281640614478b3c4d05ed335178c72c373591e96	S016267	1	P01	SYMBOLS.tsv	384839	selection_expression	x86_64	include/uapi/linux/netdev.h	enum_constant	NETDEV_CMD_NAPI_SET	241	PENDING_REVIEW	SOURCE_REVIEWED_VALUE	COMPLETE	vendor/linux/include/uapi/linux/netdev.h;vendor/linux/include/uapi/linux/netdev.h:241;rewrite/configs/x86_64/frozen.config;header_closure=rewrite/metadata/header_closure.tsv;selected=PENDING_REVIEW	425f94c2954b1fe80ebdbf9b29854e89750355df	f24cb1108af94200ee7a600fac46c70a86ad7f5182fa08b8da014df602b81fd2	a67200b9de936585f98f6aed0c4e4f7733d3ba0c36f4496d97e583cb7caf9ac6	0123af9e96b58af4e98b91a2de5608d36b63c67864b9041d3340587f3dbe40d2	cfa8dcf0d81c408de38d4202fe1ce9d9e5e301d1e67439c9530da94b1e64ee3f	7484d7b0dd80f45e18d726b04752827fe28555cc5c1af0e127948380e6688abf
semantic-proposal-v1	SC1-668da4b070f09d5621a6ecfcf9a17953c5335e16019d0522aa81751314e7f930	S016267	1	P01	SYMBOLS.tsv	384839	status	x86_64	include/uapi/linux/netdev.h	enum_constant	NETDEV_CMD_NAPI_SET	241	PENDING_REVIEW	COMPLETE	COMPLETE	vendor/linux/include/uapi/linux/netdev.h;vendor/linux/include/uapi/linux/netdev.h:241;rewrite/configs/x86_64/frozen.config;header_closure=rewrite/metadata/header_closure.tsv;selected=PENDING_REVIEW	425f94c2954b1fe80ebdbf9b29854e89750355df	f24cb1108af94200ee7a600fac46c70a86ad7f5182fa08b8da014df602b81fd2	a67200b9de936585f98f6aed0c4e4f7733d3ba0c36f4496d97e583cb7caf9ac6	0123af9e96b58af4e98b91a2de5608d36b63c67864b9041d3340587f3dbe40d2	cfa8dcf0d81c408de38d4202fe1ce9d9e5e301d1e67439c9530da94b1e64ee3f	7484d7b0dd80f45e18d726b04752827fe28555cc5c1af0e127948380e6688abf
semantic-proposal-v1	SC1-c4d72f60fb1a3f75f2bc40071891e15846ec98cd88f8a794aa4ccb5d3fccfd17	S016267	1	P01	SYMBOLS.tsv	384840	selection_expression	x86_64	include/uapi/linux/netdev.h	enum_constant	NETDEV_CMD_BIND_TX	242	PENDING_REVIEW	SOURCE_REVIEWED_VALUE	COMPLETE	vendor/linux/include/uapi/linux/netdev.h;vendor/linux/include/uapi/linux/netdev.h:242;rewrite/configs/x86_64/frozen.config;header_closure=rewrite/metadata/header_closure.tsv;selected=PENDING_REVIEW	425f94c2954b1fe80ebdbf9b29854e89750355df	f24cb1108af94200ee7a600fac46c70a86ad7f5182fa08b8da014df602b81fd2	a67200b9de936585f98f6aed0c4e4f7733d3ba0c36f4496d97e583cb7caf9ac6	0123af9e96b58af4e98b91a2de5608d36b63c67864b9041d3340587f3dbe40d2	cfa8dcf0d81c408de38d4202fe1ce9d9e5e301d1e67439c9530da94b1e64ee3f	7484d7b0dd80f45e18d726b04752827fe28555cc5c1af0e127948380e6688abf
semantic-proposal-v1	SC1-6d7f8f0e910ec80a8586104b787c77c3d98faab0e08dbdc5f915a60725492bd1	S016267	1	P01	SYMBOLS.tsv	384840	status	x86_64	include/uapi/linux/netdev.h	enum_constant	NETDEV_CMD_BIND_TX	242	PENDING_REVIEW	COMPLETE	COMPLETE	vendor/linux/include/uapi/linux/netdev.h;vendor/linux/include/uapi/linux/netdev.h:242;rewrite/configs/x86_64/frozen.config;header_closure=rewrite/metadata/header_closure.tsv;selected=PENDING_REVIEW	425f94c2954b1fe80ebdbf9b29854e89750355df	f24cb1108af94200ee7a600fac46c70a86ad7f5182fa08b8da014df602b81fd2	a67200b9de936585f98f6aed0c4e4f7733d3ba0c36f4496d97e583cb7caf9ac6	0123af9e96b58af4e98b91a2de5608d36b63c67864b9041d3340587f3dbe40d2	cfa8dcf0d81c408de38d4202fe1ce9d9e5e301d1e67439c9530da94b1e64ee3f	7484d7b0dd80f45e18d726b04752827fe28555cc5c1af0e127948380e6688abf
semantic-proposal-v1	SC1-81eb0305abe8fba53931f1d0db5011924701992797014e91695102bcc774b0e0	S016267	1	P01	SYMBOLS.tsv	384841	selection_expression	x86_64	include/uapi/linux/netdev.h	enum_constant	NETDEV_CMD_QUEUE_CREATE	243	PENDING_REVIEW	SOURCE_REVIEWED_VALUE	COMPLETE	vendor/linux/include/uapi/linux/netdev.h;vendor/linux/include/uapi/linux/netdev.h:243;rewrite/configs/x86_64/frozen.config;header_closure=rewrite/metadata/header_closure.tsv;selected=PENDING_REVIEW	425f94c2954b1fe80ebdbf9b29854e89750355df	f24cb1108af94200ee7a600fac46c70a86ad7f5182fa08b8da014df602b81fd2	a67200b9de936585f98f6aed0c4e4f7733d3ba0c36f4496d97e583cb7caf9ac6	0123af9e96b58af4e98b91a2de5608d36b63c67864b9041d3340587f3dbe40d2	cfa8dcf0d81c408de38d4202fe1ce9d9e5e301d1e67439c9530da94b1e64ee3f	7484d7b0dd80f45e18d726b04752827fe28555cc5c1af0e127948380e6688abf
semantic-proposal-v1	SC1-eac61faa5ff64dff17a4f9486342daef8c8a7bb8d9f81efba3031597a43a6b7d	S016267	1	P01	SYMBOLS.tsv	384841	status	x86_64	include/uapi/linux/netdev.h	enum_constant	NETDEV_CMD_QUEUE_CREATE	243	PENDING_REVIEW	COMPLETE	COMPLETE	vendor/linux/include/uapi/linux/netdev.h;vendor/linux/include/uapi/linux/netdev.h:243;rewrite/configs/x86_64/frozen.config;header_closure=rewrite/metadata/header_closure.tsv;selected=PENDING_REVIEW	425f94c2954b1fe80ebdbf9b29854e89750355df	f24cb1108af94200ee7a600fac46c70a86ad7f5182fa08b8da014df602b81fd2	a67200b9de936585f98f6aed0c4e4f7733d3ba0c36f4496d97e583cb7caf9ac6	0123af9e96b58af4e98b91a2de5608d36b63c67864b9041d3340587f3dbe40d2	cfa8dcf0d81c408de38d4202fe1ce9d9e5e301d1e67439c9530da94b1e64ee3f	7484d7b0dd80f45e18d726b04752827fe28555cc5c1af0e127948380e6688abf
semantic-proposal-v1	SC1-4c0430bea0387edecfa146feb71bb7d9e1c525bf00d36a850821136d3a667e0b	S016267	1	P01	SYMBOLS.tsv	384842	selection_expression	x86_64	include/uapi/linux/netdev.h	enum_constant	__NETDEV_CMD_MAX	245	PENDING_REVIEW	SOURCE_REVIEWED_VALUE	COMPLETE	vendor/linux/include/uapi/linux/netdev.h;vendor/linux/include/uapi/linux/netdev.h:245;rewrite/configs/x86_64/frozen.config;header_closure=rewrite/metadata/header_closure.tsv;selected=PENDING_REVIEW	425f94c2954b1fe80ebdbf9b29854e89750355df	f24cb1108af94200ee7a600fac46c70a86ad7f5182fa08b8da014df602b81fd2	a67200b9de936585f98f6aed0c4e4f7733d3ba0c36f4496d97e583cb7caf9ac6	0123af9e96b58af4e98b91a2de5608d36b63c67864b9041d3340587f3dbe40d2	cfa8dcf0d81c408de38d4202fe1ce9d9e5e301d1e67439c9530da94b1e64ee3f	7484d7b0dd80f45e18d726b04752827fe28555cc5c1af0e127948380e6688abf
semantic-proposal-v1	SC1-e2d9164d0510c8839c291175908bf770ff51dfa5921562850b086bb0b8589d38	S016267	1	P01	SYMBOLS.tsv	384842	status	x86_64	include/uapi/linux/netdev.h	enum_constant	__NETDEV_CMD_MAX	245	PENDING_REVIEW	COMPLETE	COMPLETE	vendor/linux/include/uapi/linux/netdev.h;vendor/linux/include/uapi/linux/netdev.h:245;rewrite/configs/x86_64/frozen.config;header_closure=rewrite/metadata/header_closure.tsv;selected=PENDING_REVIEW	425f94c2954b1fe80ebdbf9b29854e89750355df	f24cb1108af94200ee7a600fac46c70a86ad7f5182fa08b8da014df602b81fd2	a67200b9de936585f98f6aed0c4e4f7733d3ba0c36f4496d97e583cb7caf9ac6	0123af9e96b58af4e98b91a2de5608d36b63c67864b9041d3340587f3dbe40d2	cfa8dcf0d81c408de38d4202fe1ce9d9e5e301d1e67439c9530da94b1e64ee3f	7484d7b0dd80f45e18d726b04752827fe28555cc5c1af0e127948380e6688abf
semantic-proposal-v1	SC1-7ac9bf987594a813d4f21f9b0e086055ca905f2cb605daf00f43dbf9946b6d8b	S016267	1	P01	SYMBOLS.tsv	384843	selection_expression	x86_64	include/uapi/linux/netdev.h	enum_constant	NETDEV_CMD_MAX	246	PENDING_REVIEW	SOURCE_REVIEWED_VALUE	COMPLETE	vendor/linux/include/uapi/linux/netdev.h;vendor/linux/include/uapi/linux/netdev.h:246;rewrite/configs/x86_64/frozen.config;header_closure=rewrite/metadata/header_closure.tsv;selected=PENDING_REVIEW	425f94c2954b1fe80ebdbf9b29854e89750355df	f24cb1108af94200ee7a600fac46c70a86ad7f5182fa08b8da014df602b81fd2	a67200b9de936585f98f6aed0c4e4f7733d3ba0c36f4496d97e583cb7caf9ac6	0123af9e96b58af4e98b91a2de5608d36b63c67864b9041d3340587f3dbe40d2	cfa8dcf0d81c408de38d4202fe1ce9d9e5e301d1e67439c9530da94b1e64ee3f	7484d7b0dd80f45e18d726b04752827fe28555cc5c1af0e127948380e6688abf
semantic-proposal-v1	SC1-a2c4ab2207ec31f62b98fccca4ed4cb76e6b4f5b4f030c3b029a08b891ee499c	S016267	1	P01	SYMBOLS.tsv	384843	status	x86_64	include/uapi/linux/netdev.h	enum_constant	NETDEV_CMD_MAX	246	PENDING_REVIEW	COMPLETE	COMPLETE	vendor/linux/include/uapi/linux/netdev.h;vendor/linux/include/uapi/linux/netdev.h:246;rewrite/configs/x86_64/frozen.config;header_closure=rewrite/metadata/header_closure.tsv;selected=PENDING_REVIEW	425f94c2954b1fe80ebdbf9b29854e89750355df	f24cb1108af94200ee7a600fac46c70a86ad7f5182fa08b8da014df602b81fd2	a67200b9de936585f98f6aed0c4e4f7733d3ba0c36f4496d97e583cb7caf9ac6	0123af9e96b58af4e98b91a2de5608d36b63c67864b9041d3340587f3dbe40d2	cfa8dcf0d81c408de38d4202fe1ce9d9e5e301d1e67439c9530da94b1e64ee3f	7484d7b0dd80f45e18d726b04752827fe28555cc5c1af0e127948380e6688abf
semantic-proposal-v1	SC1-892655840316fd6f412a9b49fa7666f54ccc02fae01d7dc411e4a2075d52b533	S016267	1	P01	ABI.tsv	193054	alignment	aarch64	include/uapi/linux/netdev.h	type	enum netdev_xdp_act	29	PENDING_REVIEW	SOURCE_REVIEWED_VALUE	COMPLETE	vendor/linux/include/uapi/linux/netdev.h;vendor/linux/include/uapi/linux/netdev.h:29;header-context=PENDING_REVIEW	425f94c2954b1fe80ebdbf9b29854e89750355df	f24cb1108af94200ee7a600fac46c70a86ad7f5182fa08b8da014df602b81fd2	a67200b9de936585f98f6aed0c4e4f7733d3ba0c36f4496d97e583cb7caf9ac6	0123af9e96b58af4e98b91a2de5608d36b63c67864b9041d3340587f3dbe40d2	cfa8dcf0d81c408de38d4202fe1ce9d9e5e301d1e67439c9530da94b1e64ee3f	ae0caca34fe9b6eb8097958d2fbb8d2b6a1fad60f91f3c2b8d948c43dbfcee39
semantic-proposal-v1	SC1-71222c020e93e1cd43d88907a1bc4c6e74b10d629a71d8c64899ce9d9c1aa173	S016267	1	P01	ABI.tsv	193054	export_kind	aarch64	include/uapi/linux/netdev.h	type	enum netdev_xdp_act	29	PENDING_REVIEW	SOURCE_REVIEWED_VALUE	COMPLETE	vendor/linux/include/uapi/linux/netdev.h;vendor/linux/include/uapi/linux/netdev.h:29;header-context=PENDING_REVIEW	425f94c2954b1fe80ebdbf9b29854e89750355df	f24cb1108af94200ee7a600fac46c70a86ad7f5182fa08b8da014df602b81fd2	a67200b9de936585f98f6aed0c4e4f7733d3ba0c36f4496d97e583cb7caf9ac6	0123af9e96b58af4e98b91a2de5608d36b63c67864b9041d3340587f3dbe40d2	cfa8dcf0d81c408de38d4202fe1ce9d9e5e301d1e67439c9530da94b1e64ee3f	ae0caca34fe9b6eb8097958d2fbb8d2b6a1fad60f91f3c2b8d948c43dbfcee39
semantic-proposal-v1	SC1-35b1c015c069a8990fcd4adc1cc3e8d035e2ee6665230332b0933a6d18acfb4c	S016267	1	P01	ABI.tsv	193054	layout	aarch64	include/uapi/linux/netdev.h	type	enum netdev_xdp_act	29	PENDING_REVIEW	SOURCE_REVIEWED_VALUE	COMPLETE	vendor/linux/include/uapi/linux/netdev.h;vendor/linux/include/uapi/linux/netdev.h:29;header-context=PENDING_REVIEW	425f94c2954b1fe80ebdbf9b29854e89750355df	f24cb1108af94200ee7a600fac46c70a86ad7f5182fa08b8da014df602b81fd2	a67200b9de936585f98f6aed0c4e4f7733d3ba0c36f4496d97e583cb7caf9ac6	0123af9e96b58af4e98b91a2de5608d36b63c67864b9041d3340587f3dbe40d2	cfa8dcf0d81c408de38d4202fe1ce9d9e5e301d1e67439c9530da94b1e64ee3f	ae0caca34fe9b6eb8097958d2fbb8d2b6a1fad60f91f3c2b8d948c43dbfcee39
semantic-proposal-v1	SC1-a8ec6e24b58c59d19dbec0183424931f88bceb74b56dcad12e9ccc4c13b7ca14	S016267	1	P01	ABI.tsv	193054	status	aarch64	include/uapi/linux/netdev.h	type	enum netdev_xdp_act	29	PENDING_REVIEW	COMPLETE	COMPLETE	vendor/linux/include/uapi/linux/netdev.h;vendor/linux/include/uapi/linux/netdev.h:29;header-context=PENDING_REVIEW	425f94c2954b1fe80ebdbf9b29854e89750355df	f24cb1108af94200ee7a600fac46c70a86ad7f5182fa08b8da014df602b81fd2	a67200b9de936585f98f6aed0c4e4f7733d3ba0c36f4496d97e583cb7caf9ac6	0123af9e96b58af4e98b91a2de5608d36b63c67864b9041d3340587f3dbe40d2	cfa8dcf0d81c408de38d4202fe1ce9d9e5e301d1e67439c9530da94b1e64ee3f	ae0caca34fe9b6eb8097958d2fbb8d2b6a1fad60f91f3c2b8d948c43dbfcee39
semantic-proposal-v1	SC1-babe5da33e2e66068c0ae92a1ad7a2badcff5dbdf49982adbfa6e17fb327b066	S016267	1	P01	ABI.tsv	193055	alignment	aarch64	include/uapi/linux/netdev.h	type	enum netdev_xdp_rx_metadata	51	PENDING_REVIEW	SOURCE_REVIEWED_VALUE	COMPLETE	vendor/linux/include/uapi/linux/netdev.h;vendor/linux/include/uapi/linux/netdev.h:51;header-context=PENDING_REVIEW	425f94c2954b1fe80ebdbf9b29854e89750355df	f24cb1108af94200ee7a600fac46c70a86ad7f5182fa08b8da014df602b81fd2	a67200b9de936585f98f6aed0c4e4f7733d3ba0c36f4496d97e583cb7caf9ac6	0123af9e96b58af4e98b91a2de5608d36b63c67864b9041d3340587f3dbe40d2	cfa8dcf0d81c408de38d4202fe1ce9d9e5e301d1e67439c9530da94b1e64ee3f	ae0caca34fe9b6eb8097958d2fbb8d2b6a1fad60f91f3c2b8d948c43dbfcee39
semantic-proposal-v1	SC1-bee8b759993310eb92c2d6c7a2efc92d30b323617fd864bbd616943bf28623f9	S016267	1	P01	ABI.tsv	193055	export_kind	aarch64	include/uapi/linux/netdev.h	type	enum netdev_xdp_rx_metadata	51	PENDING_REVIEW	SOURCE_REVIEWED_VALUE	COMPLETE	vendor/linux/include/uapi/linux/netdev.h;vendor/linux/include/uapi/linux/netdev.h:51;header-context=PENDING_REVIEW	425f94c2954b1fe80ebdbf9b29854e89750355df	f24cb1108af94200ee7a600fac46c70a86ad7f5182fa08b8da014df602b81fd2	a67200b9de936585f98f6aed0c4e4f7733d3ba0c36f4496d97e583cb7caf9ac6	0123af9e96b58af4e98b91a2de5608d36b63c67864b9041d3340587f3dbe40d2	cfa8dcf0d81c408de38d4202fe1ce9d9e5e301d1e67439c9530da94b1e64ee3f	ae0caca34fe9b6eb8097958d2fbb8d2b6a1fad60f91f3c2b8d948c43dbfcee39
semantic-proposal-v1	SC1-6c6d2fb01e4d1405ae1df5a9f20947024f810be72415fc46537c0dc998a8a822	S016267	1	P01	ABI.tsv	193055	layout	aarch64	include/uapi/linux/netdev.h	type	enum netdev_xdp_rx_metadata	51	PENDING_REVIEW	SOURCE_REVIEWED_VALUE	COMPLETE	vendor/linux/include/uapi/linux/netdev.h;vendor/linux/include/uapi/linux/netdev.h:51;header-context=PENDING_REVIEW	425f94c2954b1fe80ebdbf9b29854e89750355df	f24cb1108af94200ee7a600fac46c70a86ad7f5182fa08b8da014df602b81fd2	a67200b9de936585f98f6aed0c4e4f7733d3ba0c36f4496d97e583cb7caf9ac6	0123af9e96b58af4e98b91a2de5608d36b63c67864b9041d3340587f3dbe40d2	cfa8dcf0d81c408de38d4202fe1ce9d9e5e301d1e67439c9530da94b1e64ee3f	ae0caca34fe9b6eb8097958d2fbb8d2b6a1fad60f91f3c2b8d948c43dbfcee39
semantic-proposal-v1	SC1-8e4a9724a5980b6120bb539c59dc680d9f035309433866e071a1a166a89fe843	S016267	1	P01	ABI.tsv	193055	status	aarch64	include/uapi/linux/netdev.h	type	enum netdev_xdp_rx_metadata	51	PENDING_REVIEW	COMPLETE	COMPLETE	vendor/linux/include/uapi/linux/netdev.h;vendor/linux/include/uapi/linux/netdev.h:51;header-context=PENDING_REVIEW	425f94c2954b1fe80ebdbf9b29854e89750355df	f24cb1108af94200ee7a600fac46c70a86ad7f5182fa08b8da014df602b81fd2	a67200b9de936585f98f6aed0c4e4f7733d3ba0c36f4496d97e583cb7caf9ac6	0123af9e96b58af4e98b91a2de5608d36b63c67864b9041d3340587f3dbe40d2	cfa8dcf0d81c408de38d4202fe1ce9d9e5e301d1e67439c9530da94b1e64ee3f	ae0caca34fe9b6eb8097958d2fbb8d2b6a1fad60f91f3c2b8d948c43dbfcee39
semantic-proposal-v1	SC1-70d05bac1a2e80e044d4a4378f1783d3cca139567497fb0a764729b566b6b9a6	S016267	1	P01	ABI.tsv	193056	alignment	aarch64	include/uapi/linux/netdev.h	type	enum netdev_xsk_flags	66	PENDING_REVIEW	SOURCE_REVIEWED_VALUE	COMPLETE	vendor/linux/include/uapi/linux/netdev.h;vendor/linux/include/uapi/linux/netdev.h:66;header-context=PENDING_REVIEW	425f94c2954b1fe80ebdbf9b29854e89750355df	f24cb1108af94200ee7a600fac46c70a86ad7f5182fa08b8da014df602b81fd2	a67200b9de936585f98f6aed0c4e4f7733d3ba0c36f4496d97e583cb7caf9ac6	0123af9e96b58af4e98b91a2de5608d36b63c67864b9041d3340587f3dbe40d2	cfa8dcf0d81c408de38d4202fe1ce9d9e5e301d1e67439c9530da94b1e64ee3f	ae0caca34fe9b6eb8097958d2fbb8d2b6a1fad60f91f3c2b8d948c43dbfcee39
semantic-proposal-v1	SC1-1917ec9be0939f9a1647b01da353495268455e4d94a8dc7c98eadf69a83325a2	S016267	1	P01	ABI.tsv	193056	export_kind	aarch64	include/uapi/linux/netdev.h	type	enum netdev_xsk_flags	66	PENDING_REVIEW	SOURCE_REVIEWED_VALUE	COMPLETE	vendor/linux/include/uapi/linux/netdev.h;vendor/linux/include/uapi/linux/netdev.h:66;header-context=PENDING_REVIEW	425f94c2954b1fe80ebdbf9b29854e89750355df	f24cb1108af94200ee7a600fac46c70a86ad7f5182fa08b8da014df602b81fd2	a67200b9de936585f98f6aed0c4e4f7733d3ba0c36f4496d97e583cb7caf9ac6	0123af9e96b58af4e98b91a2de5608d36b63c67864b9041d3340587f3dbe40d2	cfa8dcf0d81c408de38d4202fe1ce9d9e5e301d1e67439c9530da94b1e64ee3f	ae0caca34fe9b6eb8097958d2fbb8d2b6a1fad60f91f3c2b8d948c43dbfcee39
semantic-proposal-v1	SC1-eb294b561834bbbd7c95b5ecf9460f0aae6eaaf2fcfdf36b5ce9481c349b4a30	S016267	1	P01	ABI.tsv	193056	layout	aarch64	include/uapi/linux/netdev.h	type	enum netdev_xsk_flags	66	PENDING_REVIEW	SOURCE_REVIEWED_VALUE	COMPLETE	vendor/linux/include/uapi/linux/netdev.h;vendor/linux/include/uapi/linux/netdev.h:66;header-context=PENDING_REVIEW	425f94c2954b1fe80ebdbf9b29854e89750355df	f24cb1108af94200ee7a600fac46c70a86ad7f5182fa08b8da014df602b81fd2	a67200b9de936585f98f6aed0c4e4f7733d3ba0c36f4496d97e583cb7caf9ac6	0123af9e96b58af4e98b91a2de5608d36b63c67864b9041d3340587f3dbe40d2	cfa8dcf0d81c408de38d4202fe1ce9d9e5e301d1e67439c9530da94b1e64ee3f	ae0caca34fe9b6eb8097958d2fbb8d2b6a1fad60f91f3c2b8d948c43dbfcee39
semantic-proposal-v1	SC1-ff3d0bb737b67b9929f9531b88289977c7737527b3540d344f6c75ce0d512458	S016267	1	P01	ABI.tsv	193056	status	aarch64	include/uapi/linux/netdev.h	type	enum netdev_xsk_flags	66	PENDING_REVIEW	COMPLETE	COMPLETE	vendor/linux/include/uapi/linux/netdev.h;vendor/linux/include/uapi/linux/netdev.h:66;header-context=PENDING_REVIEW	425f94c2954b1fe80ebdbf9b29854e89750355df	f24cb1108af94200ee7a600fac46c70a86ad7f5182fa08b8da014df602b81fd2	a67200b9de936585f98f6aed0c4e4f7733d3ba0c36f4496d97e583cb7caf9ac6	0123af9e96b58af4e98b91a2de5608d36b63c67864b9041d3340587f3dbe40d2	cfa8dcf0d81c408de38d4202fe1ce9d9e5e301d1e67439c9530da94b1e64ee3f	ae0caca34fe9b6eb8097958d2fbb8d2b6a1fad60f91f3c2b8d948c43dbfcee39
semantic-proposal-v1	SC1-51fda8e22039eeb163ec7d44ef3cdf7e4d2ec41b9353b4a1b0278a49b83ae841	S016267	1	P01	ABI.tsv	193057	alignment	aarch64	include/uapi/linux/netdev.h	type	enum netdev_queue_type	72	PENDING_REVIEW	SOURCE_REVIEWED_VALUE	COMPLETE	vendor/linux/include/uapi/linux/netdev.h;vendor/linux/include/uapi/linux/netdev.h:72;header-context=PENDING_REVIEW	425f94c2954b1fe80ebdbf9b29854e89750355df	f24cb1108af94200ee7a600fac46c70a86ad7f5182fa08b8da014df602b81fd2	a67200b9de936585f98f6aed0c4e4f7733d3ba0c36f4496d97e583cb7caf9ac6	0123af9e96b58af4e98b91a2de5608d36b63c67864b9041d3340587f3dbe40d2	cfa8dcf0d81c408de38d4202fe1ce9d9e5e301d1e67439c9530da94b1e64ee3f	ae0caca34fe9b6eb8097958d2fbb8d2b6a1fad60f91f3c2b8d948c43dbfcee39
semantic-proposal-v1	SC1-82195bcdae855798aff53c0de4245beec6b28964681ffffa9becb41c609ee60a	S016267	1	P01	ABI.tsv	193057	export_kind	aarch64	include/uapi/linux/netdev.h	type	enum netdev_queue_type	72	PENDING_REVIEW	SOURCE_REVIEWED_VALUE	COMPLETE	vendor/linux/include/uapi/linux/netdev.h;vendor/linux/include/uapi/linux/netdev.h:72;header-context=PENDING_REVIEW	425f94c2954b1fe80ebdbf9b29854e89750355df	f24cb1108af94200ee7a600fac46c70a86ad7f5182fa08b8da014df602b81fd2	a67200b9de936585f98f6aed0c4e4f7733d3ba0c36f4496d97e583cb7caf9ac6	0123af9e96b58af4e98b91a2de5608d36b63c67864b9041d3340587f3dbe40d2	cfa8dcf0d81c408de38d4202fe1ce9d9e5e301d1e67439c9530da94b1e64ee3f	ae0caca34fe9b6eb8097958d2fbb8d2b6a1fad60f91f3c2b8d948c43dbfcee39
semantic-proposal-v1	SC1-2be000fe5440e016e95b09ebaed474a9e017996c1e78366b1ec7e63645552d1b	S016267	1	P01	ABI.tsv	193057	layout	aarch64	include/uapi/linux/netdev.h	type	enum netdev_queue_type	72	PENDING_REVIEW	SOURCE_REVIEWED_VALUE	COMPLETE	vendor/linux/include/uapi/linux/netdev.h;vendor/linux/include/uapi/linux/netdev.h:72;header-context=PENDING_REVIEW	425f94c2954b1fe80ebdbf9b29854e89750355df	f24cb1108af94200ee7a600fac46c70a86ad7f5182fa08b8da014df602b81fd2	a67200b9de936585f98f6aed0c4e4f7733d3ba0c36f4496d97e583cb7caf9ac6	0123af9e96b58af4e98b91a2de5608d36b63c67864b9041d3340587f3dbe40d2	cfa8dcf0d81c408de38d4202fe1ce9d9e5e301d1e67439c9530da94b1e64ee3f	ae0caca34fe9b6eb8097958d2fbb8d2b6a1fad60f91f3c2b8d948c43dbfcee39
semantic-proposal-v1	SC1-4eebee60dace2920666016520ac01f28ab6446b293e95b4b3727b815a989c196	S016267	1	P01	ABI.tsv	193057	status	aarch64	include/uapi/linux/netdev.h	type	enum netdev_queue_type	72	PENDING_REVIEW	COMPLETE	COMPLETE	vendor/linux/include/uapi/linux/netdev.h;vendor/linux/include/uapi/linux/netdev.h:72;header-context=PENDING_REVIEW	425f94c2954b1fe80ebdbf9b29854e89750355df	f24cb1108af94200ee7a600fac46c70a86ad7f5182fa08b8da014df602b81fd2	a67200b9de936585f98f6aed0c4e4f7733d3ba0c36f4496d97e583cb7caf9ac6	0123af9e96b58af4e98b91a2de5608d36b63c67864b9041d3340587f3dbe40d2	cfa8dcf0d81c408de38d4202fe1ce9d9e5e301d1e67439c9530da94b1e64ee3f	ae0caca34fe9b6eb8097958d2fbb8d2b6a1fad60f91f3c2b8d948c43dbfcee39
semantic-proposal-v1	SC1-b8172e0ce2604f69253c4e8f92116ed9a6c0e4a748a2b9e9d3ab1a194c639abd	S016267	1	P01	ABI.tsv	193058	alignment	aarch64	include/uapi/linux/netdev.h	type	enum netdev_qstats_scope	77	PENDING_REVIEW	SOURCE_REVIEWED_VALUE	COMPLETE	vendor/linux/include/uapi/linux/netdev.h;vendor/linux/include/uapi/linux/netdev.h:77;header-context=PENDING_REVIEW	425f94c2954b1fe80ebdbf9b29854e89750355df	f24cb1108af94200ee7a600fac46c70a86ad7f5182fa08b8da014df602b81fd2	a67200b9de936585f98f6aed0c4e4f7733d3ba0c36f4496d97e583cb7caf9ac6	0123af9e96b58af4e98b91a2de5608d36b63c67864b9041d3340587f3dbe40d2	cfa8dcf0d81c408de38d4202fe1ce9d9e5e301d1e67439c9530da94b1e64ee3f	ae0caca34fe9b6eb8097958d2fbb8d2b6a1fad60f91f3c2b8d948c43dbfcee39
semantic-proposal-v1	SC1-b30cf19e8405319129f5a3166ac608aaa201bee131208381cddf8391cb630642	S016267	1	P01	ABI.tsv	193058	export_kind	aarch64	include/uapi/linux/netdev.h	type	enum netdev_qstats_scope	77	PENDING_REVIEW	SOURCE_REVIEWED_VALUE	COMPLETE	vendor/linux/include/uapi/linux/netdev.h;vendor/linux/include/uapi/linux/netdev.h:77;header-context=PENDING_REVIEW	425f94c2954b1fe80ebdbf9b29854e89750355df	f24cb1108af94200ee7a600fac46c70a86ad7f5182fa08b8da014df602b81fd2	a67200b9de936585f98f6aed0c4e4f7733d3ba0c36f4496d97e583cb7caf9ac6	0123af9e96b58af4e98b91a2de5608d36b63c67864b9041d3340587f3dbe40d2	cfa8dcf0d81c408de38d4202fe1ce9d9e5e301d1e67439c9530da94b1e64ee3f	ae0caca34fe9b6eb8097958d2fbb8d2b6a1fad60f91f3c2b8d948c43dbfcee39
semantic-proposal-v1	SC1-0a2ec77a6c9ba9f8b0a9d5d8ff8f69e6dea65523a2b663c98c45c7e46c22eb49	S016267	1	P01	ABI.tsv	193058	layout	aarch64	include/uapi/linux/netdev.h	type	enum netdev_qstats_scope	77	PENDING_REVIEW	SOURCE_REVIEWED_VALUE	COMPLETE	vendor/linux/include/uapi/linux/netdev.h;vendor/linux/include/uapi/linux/netdev.h:77;header-context=PENDING_REVIEW	425f94c2954b1fe80ebdbf9b29854e89750355df	f24cb1108af94200ee7a600fac46c70a86ad7f5182fa08b8da014df602b81fd2	a67200b9de936585f98f6aed0c4e4f7733d3ba0c36f4496d97e583cb7caf9ac6	0123af9e96b58af4e98b91a2de5608d36b63c67864b9041d3340587f3dbe40d2	cfa8dcf0d81c408de38d4202fe1ce9d9e5e301d1e67439c9530da94b1e64ee3f	ae0caca34fe9b6eb8097958d2fbb8d2b6a1fad60f91f3c2b8d948c43dbfcee39
semantic-proposal-v1	SC1-3a432b0cd3816d5295c165fe6ada5f1c86692680bcbacc39fe861c7f7578dc53	S016267	1	P01	ABI.tsv	193058	status	aarch64	include/uapi/linux/netdev.h	type	enum netdev_qstats_scope	77	PENDING_REVIEW	COMPLETE	COMPLETE	vendor/linux/include/uapi/linux/netdev.h;vendor/linux/include/uapi/linux/netdev.h:77;header-context=PENDING_REVIEW	425f94c2954b1fe80ebdbf9b29854e89750355df	f24cb1108af94200ee7a600fac46c70a86ad7f5182fa08b8da014df602b81fd2	a67200b9de936585f98f6aed0c4e4f7733d3ba0c36f4496d97e583cb7caf9ac6	0123af9e96b58af4e98b91a2de5608d36b63c67864b9041d3340587f3dbe40d2	cfa8dcf0d81c408de38d4202fe1ce9d9e5e301d1e67439c9530da94b1e64ee3f	ae0caca34fe9b6eb8097958d2fbb8d2b6a1fad60f91f3c2b8d948c43dbfcee39
semantic-proposal-v1	SC1-87aeb330e4c5c1ea41e2cffe8fde49cf16fce3ff6ddedf61936a5465380cf95a	S016267	1	P01	ABI.tsv	193059	alignment	aarch64	include/uapi/linux/netdev.h	type	enum netdev_napi_threaded	81	PENDING_REVIEW	SOURCE_REVIEWED_VALUE	COMPLETE	vendor/linux/include/uapi/linux/netdev.h;vendor/linux/include/uapi/linux/netdev.h:81;header-context=PENDING_REVIEW	425f94c2954b1fe80ebdbf9b29854e89750355df	f24cb1108af94200ee7a600fac46c70a86ad7f5182fa08b8da014df602b81fd2	a67200b9de936585f98f6aed0c4e4f7733d3ba0c36f4496d97e583cb7caf9ac6	0123af9e96b58af4e98b91a2de5608d36b63c67864b9041d3340587f3dbe40d2	cfa8dcf0d81c408de38d4202fe1ce9d9e5e301d1e67439c9530da94b1e64ee3f	ae0caca34fe9b6eb8097958d2fbb8d2b6a1fad60f91f3c2b8d948c43dbfcee39
semantic-proposal-v1	SC1-5f218e3ad1e6087663b311bc9a18c787c9577650b9e05beeb2ffe6f902067c70	S016267	1	P01	ABI.tsv	193059	export_kind	aarch64	include/uapi/linux/netdev.h	type	enum netdev_napi_threaded	81	PENDING_REVIEW	SOURCE_REVIEWED_VALUE	COMPLETE	vendor/linux/include/uapi/linux/netdev.h;vendor/linux/include/uapi/linux/netdev.h:81;header-context=PENDING_REVIEW	425f94c2954b1fe80ebdbf9b29854e89750355df	f24cb1108af94200ee7a600fac46c70a86ad7f5182fa08b8da014df602b81fd2	a67200b9de936585f98f6aed0c4e4f7733d3ba0c36f4496d97e583cb7caf9ac6	0123af9e96b58af4e98b91a2de5608d36b63c67864b9041d3340587f3dbe40d2	cfa8dcf0d81c408de38d4202fe1ce9d9e5e301d1e67439c9530da94b1e64ee3f	ae0caca34fe9b6eb8097958d2fbb8d2b6a1fad60f91f3c2b8d948c43dbfcee39
semantic-proposal-v1	SC1-2ce5bc29260af7c89e4173cb55da78cd8ce6497511d9006cbf0badb234c1a1fc	S016267	1	P01	ABI.tsv	193059	layout	aarch64	include/uapi/linux/netdev.h	type	enum netdev_napi_threaded	81	PENDING_REVIEW	SOURCE_REVIEWED_VALUE	COMPLETE	vendor/linux/include/uapi/linux/netdev.h;vendor/linux/include/uapi/linux/netdev.h:81;header-context=PENDING_REVIEW	425f94c2954b1fe80ebdbf9b29854e89750355df	f24cb1108af94200ee7a600fac46c70a86ad7f5182fa08b8da014df602b81fd2	a67200b9de936585f98f6aed0c4e4f7733d3ba0c36f4496d97e583cb7caf9ac6	0123af9e96b58af4e98b91a2de5608d36b63c67864b9041d3340587f3dbe40d2	cfa8dcf0d81c408de38d4202fe1ce9d9e5e301d1e67439c9530da94b1e64ee3f	ae0caca34fe9b6eb8097958d2fbb8d2b6a1fad60f91f3c2b8d948c43dbfcee39
semantic-proposal-v1	SC1-3a8936fc0f7f67a2d9261d92c1414a12a2568341da4181858cc0811af09160c9	S016267	1	P01	ABI.tsv	193059	status	aarch64	include/uapi/linux/netdev.h	type	enum netdev_napi_threaded	81	PENDING_REVIEW	COMPLETE	COMPLETE	vendor/linux/include/uapi/linux/netdev.h;vendor/linux/include/uapi/linux/netdev.h:81;header-context=PENDING_REVIEW	425f94c2954b1fe80ebdbf9b29854e89750355df	f24cb1108af94200ee7a600fac46c70a86ad7f5182fa08b8da014df602b81fd2	a67200b9de936585f98f6aed0c4e4f7733d3ba0c36f4496d97e583cb7caf9ac6	0123af9e96b58af4e98b91a2de5608d36b63c67864b9041d3340587f3dbe40d2	cfa8dcf0d81c408de38d4202fe1ce9d9e5e301d1e67439c9530da94b1e64ee3f	ae0caca34fe9b6eb8097958d2fbb8d2b6a1fad60f91f3c2b8d948c43dbfcee39
semantic-proposal-v1	SC1-8985b5d9725e931abcb03ff1b947ecf4ec1f6b7c0636200435a1f4754e51149a	S016267	1	P01	ABI.tsv	193060	alignment	aarch64	include/uapi/linux/netdev.h	type	anonymous_enum@87	87	PENDING_REVIEW	SOURCE_REVIEWED_VALUE	COMPLETE	vendor/linux/include/uapi/linux/netdev.h;vendor/linux/include/uapi/linux/netdev.h:87;header-context=PENDING_REVIEW	425f94c2954b1fe80ebdbf9b29854e89750355df	f24cb1108af94200ee7a600fac46c70a86ad7f5182fa08b8da014df602b81fd2	a67200b9de936585f98f6aed0c4e4f7733d3ba0c36f4496d97e583cb7caf9ac6	0123af9e96b58af4e98b91a2de5608d36b63c67864b9041d3340587f3dbe40d2	cfa8dcf0d81c408de38d4202fe1ce9d9e5e301d1e67439c9530da94b1e64ee3f	ae0caca34fe9b6eb8097958d2fbb8d2b6a1fad60f91f3c2b8d948c43dbfcee39
semantic-proposal-v1	SC1-764bf5cd147e1fb273ec8f90b616638fb6431707e25c894f0f9dabe79964ab73	S016267	1	P01	ABI.tsv	193060	export_kind	aarch64	include/uapi/linux/netdev.h	type	anonymous_enum@87	87	PENDING_REVIEW	SOURCE_REVIEWED_VALUE	COMPLETE	vendor/linux/include/uapi/linux/netdev.h;vendor/linux/include/uapi/linux/netdev.h:87;header-context=PENDING_REVIEW	425f94c2954b1fe80ebdbf9b29854e89750355df	f24cb1108af94200ee7a600fac46c70a86ad7f5182fa08b8da014df602b81fd2	a67200b9de936585f98f6aed0c4e4f7733d3ba0c36f4496d97e583cb7caf9ac6	0123af9e96b58af4e98b91a2de5608d36b63c67864b9041d3340587f3dbe40d2	cfa8dcf0d81c408de38d4202fe1ce9d9e5e301d1e67439c9530da94b1e64ee3f	ae0caca34fe9b6eb8097958d2fbb8d2b6a1fad60f91f3c2b8d948c43dbfcee39
semantic-proposal-v1	SC1-a1ab73a9e05de24339a68265c46184959654995451919de2e6dd388199a1a9df	S016267	1	P01	ABI.tsv	193060	layout	aarch64	include/uapi/linux/netdev.h	type	anonymous_enum@87	87	PENDING_REVIEW	SOURCE_REVIEWED_VALUE	COMPLETE	vendor/linux/include/uapi/linux/netdev.h;vendor/linux/include/uapi/linux/netdev.h:87;header-context=PENDING_REVIEW	425f94c2954b1fe80ebdbf9b29854e89750355df	f24cb1108af94200ee7a600fac46c70a86ad7f5182fa08b8da014df602b81fd2	a67200b9de936585f98f6aed0c4e4f7733d3ba0c36f4496d97e583cb7caf9ac6	0123af9e96b58af4e98b91a2de5608d36b63c67864b9041d3340587f3dbe40d2	cfa8dcf0d81c408de38d4202fe1ce9d9e5e301d1e67439c9530da94b1e64ee3f	ae0caca34fe9b6eb8097958d2fbb8d2b6a1fad60f91f3c2b8d948c43dbfcee39
semantic-proposal-v1	SC1-5725236a5a2e6a5ae722e4a4850ea45055e96f8e7d2526494491805a8c430d50	S016267	1	P01	ABI.tsv	193060	status	aarch64	include/uapi/linux/netdev.h	type	anonymous_enum@87	87	PENDING_REVIEW	COMPLETE	COMPLETE	vendor/linux/include/uapi/linux/netdev.h;vendor/linux/include/uapi/linux/netdev.h:87;header-context=PENDING_REVIEW	425f94c2954b1fe80ebdbf9b29854e89750355df	f24cb1108af94200ee7a600fac46c70a86ad7f5182fa08b8da014df602b81fd2	a67200b9de936585f98f6aed0c4e4f7733d3ba0c36f4496d97e583cb7caf9ac6	0123af9e96b58af4e98b91a2de5608d36b63c67864b9041d3340587f3dbe40d2	cfa8dcf0d81c408de38d4202fe1ce9d9e5e301d1e67439c9530da94b1e64ee3f	ae0caca34fe9b6eb8097958d2fbb8d2b6a1fad60f91f3c2b8d948c43dbfcee39
semantic-proposal-v1	SC1-7fa4d8a2d786621039428525935c27b5ecb99a793b35eff6c66a84c04fcbf7e2	S016267	1	P01	ABI.tsv	193061	alignment	aarch64	include/uapi/linux/netdev.h	type	anonymous_enum@99	99	PENDING_REVIEW	SOURCE_REVIEWED_VALUE	COMPLETE	vendor/linux/include/uapi/linux/netdev.h;vendor/linux/include/uapi/linux/netdev.h:99;header-context=PENDING_REVIEW	425f94c2954b1fe80ebdbf9b29854e89750355df	f24cb1108af94200ee7a600fac46c70a86ad7f5182fa08b8da014df602b81fd2	a67200b9de936585f98f6aed0c4e4f7733d3ba0c36f4496d97e583cb7caf9ac6	0123af9e96b58af4e98b91a2de5608d36b63c67864b9041d3340587f3dbe40d2	cfa8dcf0d81c408de38d4202fe1ce9d9e5e301d1e67439c9530da94b1e64ee3f	ae0caca34fe9b6eb8097958d2fbb8d2b6a1fad60f91f3c2b8d948c43dbfcee39
semantic-proposal-v1	SC1-a0ac28acc90017223bf7f1f69dab6a872ac999229733b3f0c3d9fc833fdf9d25	S016267	1	P01	ABI.tsv	193061	export_kind	aarch64	include/uapi/linux/netdev.h	type	anonymous_enum@99	99	PENDING_REVIEW	SOURCE_REVIEWED_VALUE	COMPLETE	vendor/linux/include/uapi/linux/netdev.h;vendor/linux/include/uapi/linux/netdev.h:99;header-context=PENDING_REVIEW	425f94c2954b1fe80ebdbf9b29854e89750355df	f24cb1108af94200ee7a600fac46c70a86ad7f5182fa08b8da014df602b81fd2	a67200b9de936585f98f6aed0c4e4f7733d3ba0c36f4496d97e583cb7caf9ac6	0123af9e96b58af4e98b91a2de5608d36b63c67864b9041d3340587f3dbe40d2	cfa8dcf0d81c408de38d4202fe1ce9d9e5e301d1e67439c9530da94b1e64ee3f	ae0caca34fe9b6eb8097958d2fbb8d2b6a1fad60f91f3c2b8d948c43dbfcee39
semantic-proposal-v1	SC1-9bdc66a93c244d4dee3278d717ce0f41b9cc2ce955248d259c45f006911dca3f	S016267	1	P01	ABI.tsv	193061	layout	aarch64	include/uapi/linux/netdev.h	type	anonymous_enum@99	99	PENDING_REVIEW	SOURCE_REVIEWED_VALUE	COMPLETE	vendor/linux/include/uapi/linux/netdev.h;vendor/linux/include/uapi/linux/netdev.h:99;header-context=PENDING_REVIEW	425f94c2954b1fe80ebdbf9b29854e89750355df	f24cb1108af94200ee7a600fac46c70a86ad7f5182fa08b8da014df602b81fd2	a67200b9de936585f98f6aed0c4e4f7733d3ba0c36f4496d97e583cb7caf9ac6	0123af9e96b58af4e98b91a2de5608d36b63c67864b9041d3340587f3dbe40d2	cfa8dcf0d81c408de38d4202fe1ce9d9e5e301d1e67439c9530da94b1e64ee3f	ae0caca34fe9b6eb8097958d2fbb8d2b6a1fad60f91f3c2b8d948c43dbfcee39
semantic-proposal-v1	SC1-723c866be097207ff4d6d097e021d079d0292a0aba631f3baa24fb256085d8d0	S016267	1	P01	ABI.tsv	193061	status	aarch64	include/uapi/linux/netdev.h	type	anonymous_enum@99	99	PENDING_REVIEW	COMPLETE	COMPLETE	vendor/linux/include/uapi/linux/netdev.h;vendor/linux/include/uapi/linux/netdev.h:99;header-context=PENDING_REVIEW	425f94c2954b1fe80ebdbf9b29854e89750355df	f24cb1108af94200ee7a600fac46c70a86ad7f5182fa08b8da014df602b81fd2	a67200b9de936585f98f6aed0c4e4f7733d3ba0c36f4496d97e583cb7caf9ac6	0123af9e96b58af4e98b91a2de5608d36b63c67864b9041d3340587f3dbe40d2	cfa8dcf0d81c408de38d4202fe1ce9d9e5e301d1e67439c9530da94b1e64ee3f	ae0caca34fe9b6eb8097958d2fbb8d2b6a1fad60f91f3c2b8d948c43dbfcee39
semantic-proposal-v1	SC1-94c43d5c808656f9e210f5420aacc9ba1c15a55b22a8584a8a0409815d4cb2dc	S016267	1	P01	ABI.tsv	193062	alignment	aarch64	include/uapi/linux/netdev.h	type	anonymous_enum@106	106	PENDING_REVIEW	SOURCE_REVIEWED_VALUE	COMPLETE	vendor/linux/include/uapi/linux/netdev.h;vendor/linux/include/uapi/linux/netdev.h:106;header-context=PENDING_REVIEW	425f94c2954b1fe80ebdbf9b29854e89750355df	f24cb1108af94200ee7a600fac46c70a86ad7f5182fa08b8da014df602b81fd2	a67200b9de936585f98f6aed0c4e4f7733d3ba0c36f4496d97e583cb7caf9ac6	0123af9e96b58af4e98b91a2de5608d36b63c67864b9041d3340587f3dbe40d2	cfa8dcf0d81c408de38d4202fe1ce9d9e5e301d1e67439c9530da94b1e64ee3f	ae0caca34fe9b6eb8097958d2fbb8d2b6a1fad60f91f3c2b8d948c43dbfcee39
semantic-proposal-v1	SC1-51d426c934a9003e52f2961449fd104038077e3dc3da1727f3b68feef265b3c2	S016267	1	P01	ABI.tsv	193062	export_kind	aarch64	include/uapi/linux/netdev.h	type	anonymous_enum@106	106	PENDING_REVIEW	SOURCE_REVIEWED_VALUE	COMPLETE	vendor/linux/include/uapi/linux/netdev.h;vendor/linux/include/uapi/linux/netdev.h:106;header-context=PENDING_REVIEW	425f94c2954b1fe80ebdbf9b29854e89750355df	f24cb1108af94200ee7a600fac46c70a86ad7f5182fa08b8da014df602b81fd2	a67200b9de936585f98f6aed0c4e4f7733d3ba0c36f4496d97e583cb7caf9ac6	0123af9e96b58af4e98b91a2de5608d36b63c67864b9041d3340587f3dbe40d2	cfa8dcf0d81c408de38d4202fe1ce9d9e5e301d1e67439c9530da94b1e64ee3f	ae0caca34fe9b6eb8097958d2fbb8d2b6a1fad60f91f3c2b8d948c43dbfcee39
semantic-proposal-v1	SC1-62f933d5998a28ffbed3b5bbeaca1ed5c059325cf55f7a669a6d6cf45a4824d8	S016267	1	P01	ABI.tsv	193062	layout	aarch64	include/uapi/linux/netdev.h	type	anonymous_enum@106	106	PENDING_REVIEW	SOURCE_REVIEWED_VALUE	COMPLETE	vendor/linux/include/uapi/linux/netdev.h;vendor/linux/include/uapi/linux/netdev.h:106;header-context=PENDING_REVIEW	425f94c2954b1fe80ebdbf9b29854e89750355df	f24cb1108af94200ee7a600fac46c70a86ad7f5182fa08b8da014df602b81fd2	a67200b9de936585f98f6aed0c4e4f7733d3ba0c36f4496d97e583cb7caf9ac6	0123af9e96b58af4e98b91a2de5608d36b63c67864b9041d3340587f3dbe40d2	cfa8dcf0d81c408de38d4202fe1ce9d9e5e301d1e67439c9530da94b1e64ee3f	ae0caca34fe9b6eb8097958d2fbb8d2b6a1fad60f91f3c2b8d948c43dbfcee39
semantic-proposal-v1	SC1-313e5400149b5c7113b3cc654e1b5407074d2c794af3cb5f46a43096f5b1ec5a	S016267	1	P01	ABI.tsv	193062	status	aarch64	include/uapi/linux/netdev.h	type	anonymous_enum@106	106	PENDING_REVIEW	COMPLETE	COMPLETE	vendor/linux/include/uapi/linux/netdev.h;vendor/linux/include/uapi/linux/netdev.h:106;header-context=PENDING_REVIEW	425f94c2954b1fe80ebdbf9b29854e89750355df	f24cb1108af94200ee7a600fac46c70a86ad7f5182fa08b8da014df602b81fd2	a67200b9de936585f98f6aed0c4e4f7733d3ba0c36f4496d97e583cb7caf9ac6	0123af9e96b58af4e98b91a2de5608d36b63c67864b9041d3340587f3dbe40d2	cfa8dcf0d81c408de38d4202fe1ce9d9e5e301d1e67439c9530da94b1e64ee3f	ae0caca34fe9b6eb8097958d2fbb8d2b6a1fad60f91f3c2b8d948c43dbfcee39
semantic-proposal-v1	SC1-09457e654c1bb440d551533d907bea92edb038d8c9bc7fa1b62d96a1abef260b	S016267	1	P01	ABI.tsv	193063	alignment	aarch64	include/uapi/linux/netdev.h	type	anonymous_enum@120	120	PENDING_REVIEW	SOURCE_REVIEWED_VALUE	COMPLETE	vendor/linux/include/uapi/linux/netdev.h;vendor/linux/include/uapi/linux/netdev.h:120;header-context=PENDING_REVIEW	425f94c2954b1fe80ebdbf9b29854e89750355df	f24cb1108af94200ee7a600fac46c70a86ad7f5182fa08b8da014df602b81fd2	a67200b9de936585f98f6aed0c4e4f7733d3ba0c36f4496d97e583cb7caf9ac6	0123af9e96b58af4e98b91a2de5608d36b63c67864b9041d3340587f3dbe40d2	cfa8dcf0d81c408de38d4202fe1ce9d9e5e301d1e67439c9530da94b1e64ee3f	ae0caca34fe9b6eb8097958d2fbb8d2b6a1fad60f91f3c2b8d948c43dbfcee39
semantic-proposal-v1	SC1-1122668668756305af09a41d96784066e867b0247e0c84ac0236dfdcda67cf46	S016267	1	P01	ABI.tsv	193063	export_kind	aarch64	include/uapi/linux/netdev.h	type	anonymous_enum@120	120	PENDING_REVIEW	SOURCE_REVIEWED_VALUE	COMPLETE	vendor/linux/include/uapi/linux/netdev.h;vendor/linux/include/uapi/linux/netdev.h:120;header-context=PENDING_REVIEW	425f94c2954b1fe80ebdbf9b29854e89750355df	f24cb1108af94200ee7a600fac46c70a86ad7f5182fa08b8da014df602b81fd2	a67200b9de936585f98f6aed0c4e4f7733d3ba0c36f4496d97e583cb7caf9ac6	0123af9e96b58af4e98b91a2de5608d36b63c67864b9041d3340587f3dbe40d2	cfa8dcf0d81c408de38d4202fe1ce9d9e5e301d1e67439c9530da94b1e64ee3f	ae0caca34fe9b6eb8097958d2fbb8d2b6a1fad60f91f3c2b8d948c43dbfcee39
semantic-proposal-v1	SC1-21e84dec72405e9fd2bb154bf43d3213bab25adce2855c9cdb1e79135c8db9dc	S016267	1	P01	ABI.tsv	193063	layout	aarch64	include/uapi/linux/netdev.h	type	anonymous_enum@120	120	PENDING_REVIEW	SOURCE_REVIEWED_VALUE	COMPLETE	vendor/linux/include/uapi/linux/netdev.h;vendor/linux/include/uapi/linux/netdev.h:120;header-context=PENDING_REVIEW	425f94c2954b1fe80ebdbf9b29854e89750355df	f24cb1108af94200ee7a600fac46c70a86ad7f5182fa08b8da014df602b81fd2	a67200b9de936585f98f6aed0c4e4f7733d3ba0c36f4496d97e583cb7caf9ac6	0123af9e96b58af4e98b91a2de5608d36b63c67864b9041d3340587f3dbe40d2	cfa8dcf0d81c408de38d4202fe1ce9d9e5e301d1e67439c9530da94b1e64ee3f	ae0caca34fe9b6eb8097958d2fbb8d2b6a1fad60f91f3c2b8d948c43dbfcee39
semantic-proposal-v1	SC1-0aef8d395583b660b3628fd76427ba8dbd2f3d5a35811a085212557bc362ae36	S016267	1	P01	ABI.tsv	193063	status	aarch64	include/uapi/linux/netdev.h	type	anonymous_enum@120	120	PENDING_REVIEW	COMPLETE	COMPLETE	vendor/linux/include/uapi/linux/netdev.h;vendor/linux/include/uapi/linux/netdev.h:120;header-context=PENDING_REVIEW	425f94c2954b1fe80ebdbf9b29854e89750355df	f24cb1108af94200ee7a600fac46c70a86ad7f5182fa08b8da014df602b81fd2	a67200b9de936585f98f6aed0c4e4f7733d3ba0c36f4496d97e583cb7caf9ac6	0123af9e96b58af4e98b91a2de5608d36b63c67864b9041d3340587f3dbe40d2	cfa8dcf0d81c408de38d4202fe1ce9d9e5e301d1e67439c9530da94b1e64ee3f	ae0caca34fe9b6eb8097958d2fbb8d2b6a1fad60f91f3c2b8d948c43dbfcee39
semantic-proposal-v1	SC1-00ed1d4d2ba56f31c0490b0e1bb656be593cabf06de1f226e2efea8bfea391aa	S016267	1	P01	ABI.tsv	193064	alignment	aarch64	include/uapi/linux/netdev.h	type	anonymous_enum@138	138	PENDING_REVIEW	SOURCE_REVIEWED_VALUE	COMPLETE	vendor/linux/include/uapi/linux/netdev.h;vendor/linux/include/uapi/linux/netdev.h:138;header-context=PENDING_REVIEW	425f94c2954b1fe80ebdbf9b29854e89750355df	f24cb1108af94200ee7a600fac46c70a86ad7f5182fa08b8da014df602b81fd2	a67200b9de936585f98f6aed0c4e4f7733d3ba0c36f4496d97e583cb7caf9ac6	0123af9e96b58af4e98b91a2de5608d36b63c67864b9041d3340587f3dbe40d2	cfa8dcf0d81c408de38d4202fe1ce9d9e5e301d1e67439c9530da94b1e64ee3f	ae0caca34fe9b6eb8097958d2fbb8d2b6a1fad60f91f3c2b8d948c43dbfcee39
semantic-proposal-v1	SC1-aae79c958f873238cc59f8a1355620529b0e78a742a764256234f35b3d3a0e27	S016267	1	P01	ABI.tsv	193064	export_kind	aarch64	include/uapi/linux/netdev.h	type	anonymous_enum@138	138	PENDING_REVIEW	SOURCE_REVIEWED_VALUE	COMPLETE	vendor/linux/include/uapi/linux/netdev.h;vendor/linux/include/uapi/linux/netdev.h:138;header-context=PENDING_REVIEW	425f94c2954b1fe80ebdbf9b29854e89750355df	f24cb1108af94200ee7a600fac46c70a86ad7f5182fa08b8da014df602b81fd2	a67200b9de936585f98f6aed0c4e4f7733d3ba0c36f4496d97e583cb7caf9ac6	0123af9e96b58af4e98b91a2de5608d36b63c67864b9041d3340587f3dbe40d2	cfa8dcf0d81c408de38d4202fe1ce9d9e5e301d1e67439c9530da94b1e64ee3f	ae0caca34fe9b6eb8097958d2fbb8d2b6a1fad60f91f3c2b8d948c43dbfcee39
semantic-proposal-v1	SC1-b249cf897be920b86baf919bea226bb22b7ba8295b8543d20c02899ccb4376a5	S016267	1	P01	ABI.tsv	193064	layout	aarch64	include/uapi/linux/netdev.h	type	anonymous_enum@138	138	PENDING_REVIEW	SOURCE_REVIEWED_VALUE	COMPLETE	vendor/linux/include/uapi/linux/netdev.h;vendor/linux/include/uapi/linux/netdev.h:138;header-context=PENDING_REVIEW	425f94c2954b1fe80ebdbf9b29854e89750355df	f24cb1108af94200ee7a600fac46c70a86ad7f5182fa08b8da014df602b81fd2	a67200b9de936585f98f6aed0c4e4f7733d3ba0c36f4496d97e583cb7caf9ac6	0123af9e96b58af4e98b91a2de5608d36b63c67864b9041d3340587f3dbe40d2	cfa8dcf0d81c408de38d4202fe1ce9d9e5e301d1e67439c9530da94b1e64ee3f	ae0caca34fe9b6eb8097958d2fbb8d2b6a1fad60f91f3c2b8d948c43dbfcee39
semantic-proposal-v1	SC1-6522b9da6525ebd931091c7f02e773b346a425a476ffe123958310eed464f702	S016267	1	P01	ABI.tsv	193064	status	aarch64	include/uapi/linux/netdev.h	type	anonymous_enum@138	138	PENDING_REVIEW	COMPLETE	COMPLETE	vendor/linux/include/uapi/linux/netdev.h;vendor/linux/include/uapi/linux/netdev.h:138;header-context=PENDING_REVIEW	425f94c2954b1fe80ebdbf9b29854e89750355df	f24cb1108af94200ee7a600fac46c70a86ad7f5182fa08b8da014df602b81fd2	a67200b9de936585f98f6aed0c4e4f7733d3ba0c36f4496d97e583cb7caf9ac6	0123af9e96b58af4e98b91a2de5608d36b63c67864b9041d3340587f3dbe40d2	cfa8dcf0d81c408de38d4202fe1ce9d9e5e301d1e67439c9530da94b1e64ee3f	ae0caca34fe9b6eb8097958d2fbb8d2b6a1fad60f91f3c2b8d948c43dbfcee39
semantic-proposal-v1	SC1-e24e1aacfb56aa525e9a07911c3b65b160ea5bc06017d7c9cb9ba2b1c8f75e3b	S016267	1	P01	ABI.tsv	193065	alignment	aarch64	include/uapi/linux/netdev.h	type	anonymous_enum@152	152	PENDING_REVIEW	SOURCE_REVIEWED_VALUE	COMPLETE	vendor/linux/include/uapi/linux/netdev.h;vendor/linux/include/uapi/linux/netdev.h:152;header-context=PENDING_REVIEW	425f94c2954b1fe80ebdbf9b29854e89750355df	f24cb1108af94200ee7a600fac46c70a86ad7f5182fa08b8da014df602b81fd2	a67200b9de936585f98f6aed0c4e4f7733d3ba0c36f4496d97e583cb7caf9ac6	0123af9e96b58af4e98b91a2de5608d36b63c67864b9041d3340587f3dbe40d2	cfa8dcf0d81c408de38d4202fe1ce9d9e5e301d1e67439c9530da94b1e64ee3f	ae0caca34fe9b6eb8097958d2fbb8d2b6a1fad60f91f3c2b8d948c43dbfcee39
semantic-proposal-v1	SC1-c21d5b1afb2b736368bee19dbc0afb64fd13a4fbbed670fd7ed9703cf7972b1e	S016267	1	P01	ABI.tsv	193065	export_kind	aarch64	include/uapi/linux/netdev.h	type	anonymous_enum@152	152	PENDING_REVIEW	SOURCE_REVIEWED_VALUE	COMPLETE	vendor/linux/include/uapi/linux/netdev.h;vendor/linux/include/uapi/linux/netdev.h:152;header-context=PENDING_REVIEW	425f94c2954b1fe80ebdbf9b29854e89750355df	f24cb1108af94200ee7a600fac46c70a86ad7f5182fa08b8da014df602b81fd2	a67200b9de936585f98f6aed0c4e4f7733d3ba0c36f4496d97e583cb7caf9ac6	0123af9e96b58af4e98b91a2de5608d36b63c67864b9041d3340587f3dbe40d2	cfa8dcf0d81c408de38d4202fe1ce9d9e5e301d1e67439c9530da94b1e64ee3f	ae0caca34fe9b6eb8097958d2fbb8d2b6a1fad60f91f3c2b8d948c43dbfcee39
semantic-proposal-v1	SC1-2ff3bea49d028ee6b5de0c87fd0f93a51433e6925b711a21abc8a56b433a81d6	S016267	1	P01	ABI.tsv	193065	layout	aarch64	include/uapi/linux/netdev.h	type	anonymous_enum@152	152	PENDING_REVIEW	SOURCE_REVIEWED_VALUE	COMPLETE	vendor/linux/include/uapi/linux/netdev.h;vendor/linux/include/uapi/linux/netdev.h:152;header-context=PENDING_REVIEW	425f94c2954b1fe80ebdbf9b29854e89750355df	f24cb1108af94200ee7a600fac46c70a86ad7f5182fa08b8da014df602b81fd2	a67200b9de936585f98f6aed0c4e4f7733d3ba0c36f4496d97e583cb7caf9ac6	0123af9e96b58af4e98b91a2de5608d36b63c67864b9041d3340587f3dbe40d2	cfa8dcf0d81c408de38d4202fe1ce9d9e5e301d1e67439c9530da94b1e64ee3f	ae0caca34fe9b6eb8097958d2fbb8d2b6a1fad60f91f3c2b8d948c43dbfcee39
semantic-proposal-v1	SC1-b6af3725f3944afbac6ec9769906987b053bafd8aef7a1e75af559508ff7edca	S016267	1	P01	ABI.tsv	193065	status	aarch64	include/uapi/linux/netdev.h	type	anonymous_enum@152	152	PENDING_REVIEW	COMPLETE	COMPLETE	vendor/linux/include/uapi/linux/netdev.h;vendor/linux/include/uapi/linux/netdev.h:152;header-context=PENDING_REVIEW	425f94c2954b1fe80ebdbf9b29854e89750355df	f24cb1108af94200ee7a600fac46c70a86ad7f5182fa08b8da014df602b81fd2	a67200b9de936585f98f6aed0c4e4f7733d3ba0c36f4496d97e583cb7caf9ac6	0123af9e96b58af4e98b91a2de5608d36b63c67864b9041d3340587f3dbe40d2	cfa8dcf0d81c408de38d4202fe1ce9d9e5e301d1e67439c9530da94b1e64ee3f	ae0caca34fe9b6eb8097958d2fbb8d2b6a1fad60f91f3c2b8d948c43dbfcee39
semantic-proposal-v1	SC1-ce03bd2ac9aed176da00577179c71c91974eca72957c9b7c9fb3e435a15b9047	S016267	1	P01	ABI.tsv	193066	alignment	aarch64	include/uapi/linux/netdev.h	type	anonymous_enum@157	157	PENDING_REVIEW	SOURCE_REVIEWED_VALUE	COMPLETE	vendor/linux/include/uapi/linux/netdev.h;vendor/linux/include/uapi/linux/netdev.h:157;header-context=PENDING_REVIEW	425f94c2954b1fe80ebdbf9b29854e89750355df	f24cb1108af94200ee7a600fac46c70a86ad7f5182fa08b8da014df602b81fd2	a67200b9de936585f98f6aed0c4e4f7733d3ba0c36f4496d97e583cb7caf9ac6	0123af9e96b58af4e98b91a2de5608d36b63c67864b9041d3340587f3dbe40d2	cfa8dcf0d81c408de38d4202fe1ce9d9e5e301d1e67439c9530da94b1e64ee3f	ae0caca34fe9b6eb8097958d2fbb8d2b6a1fad60f91f3c2b8d948c43dbfcee39
semantic-proposal-v1	SC1-0912c4e22779c13f0c08f0bd5590ba97f421243ccc6c35d421abf853b3841e0d	S016267	1	P01	ABI.tsv	193066	export_kind	aarch64	include/uapi/linux/netdev.h	type	anonymous_enum@157	157	PENDING_REVIEW	SOURCE_REVIEWED_VALUE	COMPLETE	vendor/linux/include/uapi/linux/netdev.h;vendor/linux/include/uapi/linux/netdev.h:157;header-context=PENDING_REVIEW	425f94c2954b1fe80ebdbf9b29854e89750355df	f24cb1108af94200ee7a600fac46c70a86ad7f5182fa08b8da014df602b81fd2	a67200b9de936585f98f6aed0c4e4f7733d3ba0c36f4496d97e583cb7caf9ac6	0123af9e96b58af4e98b91a2de5608d36b63c67864b9041d3340587f3dbe40d2	cfa8dcf0d81c408de38d4202fe1ce9d9e5e301d1e67439c9530da94b1e64ee3f	ae0caca34fe9b6eb8097958d2fbb8d2b6a1fad60f91f3c2b8d948c43dbfcee39
semantic-proposal-v1	SC1-4494a9edcd51e9518962b4e0b514496e187c3769278d3f293bb1c5ca77d45eaf	S016267	1	P01	ABI.tsv	193066	layout	aarch64	include/uapi/linux/netdev.h	type	anonymous_enum@157	157	PENDING_REVIEW	SOURCE_REVIEWED_VALUE	COMPLETE	vendor/linux/include/uapi/linux/netdev.h;vendor/linux/include/uapi/linux/netdev.h:157;header-context=PENDING_REVIEW	425f94c2954b1fe80ebdbf9b29854e89750355df	f24cb1108af94200ee7a600fac46c70a86ad7f5182fa08b8da014df602b81fd2	a67200b9de936585f98f6aed0c4e4f7733d3ba0c36f4496d97e583cb7caf9ac6	0123af9e96b58af4e98b91a2de5608d36b63c67864b9041d3340587f3dbe40d2	cfa8dcf0d81c408de38d4202fe1ce9d9e5e301d1e67439c9530da94b1e64ee3f	ae0caca34fe9b6eb8097958d2fbb8d2b6a1fad60f91f3c2b8d948c43dbfcee39
semantic-proposal-v1	SC1-8042193406b051a5cde38258c9997be315ba037b4d46cd92913eb44cf22c6f1c	S016267	1	P01	ABI.tsv	193066	status	aarch64	include/uapi/linux/netdev.h	type	anonymous_enum@157	157	PENDING_REVIEW	COMPLETE	COMPLETE	vendor/linux/include/uapi/linux/netdev.h;vendor/linux/include/uapi/linux/netdev.h:157;header-context=PENDING_REVIEW	425f94c2954b1fe80ebdbf9b29854e89750355df	f24cb1108af94200ee7a600fac46c70a86ad7f5182fa08b8da014df602b81fd2	a67200b9de936585f98f6aed0c4e4f7733d3ba0c36f4496d97e583cb7caf9ac6	0123af9e96b58af4e98b91a2de5608d36b63c67864b9041d3340587f3dbe40d2	cfa8dcf0d81c408de38d4202fe1ce9d9e5e301d1e67439c9530da94b1e64ee3f	ae0caca34fe9b6eb8097958d2fbb8d2b6a1fad60f91f3c2b8d948c43dbfcee39
semantic-proposal-v1	SC1-ac8cbbe58eb4cce8e4955d347cfcc9b681779ca1a3332524817abd7867ffef24	S016267	1	P01	ABI.tsv	193067	alignment	aarch64	include/uapi/linux/netdev.h	type	anonymous_enum@171	171	PENDING_REVIEW	SOURCE_REVIEWED_VALUE	COMPLETE	vendor/linux/include/uapi/linux/netdev.h;vendor/linux/include/uapi/linux/netdev.h:171;header-context=PENDING_REVIEW	425f94c2954b1fe80ebdbf9b29854e89750355df	f24cb1108af94200ee7a600fac46c70a86ad7f5182fa08b8da014df602b81fd2	a67200b9de936585f98f6aed0c4e4f7733d3ba0c36f4496d97e583cb7caf9ac6	0123af9e96b58af4e98b91a2de5608d36b63c67864b9041d3340587f3dbe40d2	cfa8dcf0d81c408de38d4202fe1ce9d9e5e301d1e67439c9530da94b1e64ee3f	ae0caca34fe9b6eb8097958d2fbb8d2b6a1fad60f91f3c2b8d948c43dbfcee39
semantic-proposal-v1	SC1-b6dcbf2dc217826f4ac349b9794e0eeab2770f209b2c1daecf6609aa677392e0	S016267	1	P01	ABI.tsv	193067	export_kind	aarch64	include/uapi/linux/netdev.h	type	anonymous_enum@171	171	PENDING_REVIEW	SOURCE_REVIEWED_VALUE	COMPLETE	vendor/linux/include/uapi/linux/netdev.h;vendor/linux/include/uapi/linux/netdev.h:171;header-context=PENDING_REVIEW	425f94c2954b1fe80ebdbf9b29854e89750355df	f24cb1108af94200ee7a600fac46c70a86ad7f5182fa08b8da014df602b81fd2	a67200b9de936585f98f6aed0c4e4f7733d3ba0c36f4496d97e583cb7caf9ac6	0123af9e96b58af4e98b91a2de5608d36b63c67864b9041d3340587f3dbe40d2	cfa8dcf0d81c408de38d4202fe1ce9d9e5e301d1e67439c9530da94b1e64ee3f	ae0caca34fe9b6eb8097958d2fbb8d2b6a1fad60f91f3c2b8d948c43dbfcee39
semantic-proposal-v1	SC1-0624788e73fc3073a6d5880cc1d78a95926c978677c3209a3916d89663f9ea8c	S016267	1	P01	ABI.tsv	193067	layout	aarch64	include/uapi/linux/netdev.h	type	anonymous_enum@171	171	PENDING_REVIEW	SOURCE_REVIEWED_VALUE	COMPLETE	vendor/linux/include/uapi/linux/netdev.h;vendor/linux/include/uapi/linux/netdev.h:171;header-context=PENDING_REVIEW	425f94c2954b1fe80ebdbf9b29854e89750355df	f24cb1108af94200ee7a600fac46c70a86ad7f5182fa08b8da014df602b81fd2	a67200b9de936585f98f6aed0c4e4f7733d3ba0c36f4496d97e583cb7caf9ac6	0123af9e96b58af4e98b91a2de5608d36b63c67864b9041d3340587f3dbe40d2	cfa8dcf0d81c408de38d4202fe1ce9d9e5e301d1e67439c9530da94b1e64ee3f	ae0caca34fe9b6eb8097958d2fbb8d2b6a1fad60f91f3c2b8d948c43dbfcee39
semantic-proposal-v1	SC1-8a9631089193e53f3a2dd40e6110b133a3d479347b03aae822d50db50bbd59a0	S016267	1	P01	ABI.tsv	193067	status	aarch64	include/uapi/linux/netdev.h	type	anonymous_enum@171	171	PENDING_REVIEW	COMPLETE	COMPLETE	vendor/linux/include/uapi/linux/netdev.h;vendor/linux/include/uapi/linux/netdev.h:171;header-context=PENDING_REVIEW	425f94c2954b1fe80ebdbf9b29854e89750355df	f24cb1108af94200ee7a600fac46c70a86ad7f5182fa08b8da014df602b81fd2	a67200b9de936585f98f6aed0c4e4f7733d3ba0c36f4496d97e583cb7caf9ac6	0123af9e96b58af4e98b91a2de5608d36b63c67864b9041d3340587f3dbe40d2	cfa8dcf0d81c408de38d4202fe1ce9d9e5e301d1e67439c9530da94b1e64ee3f	ae0caca34fe9b6eb8097958d2fbb8d2b6a1fad60f91f3c2b8d948c43dbfcee39
semantic-proposal-v1	SC1-e8ab6daf08f48e7fbdd7d5f4dd8344087cac71a0a667814295d45b078cccce23	S016267	1	P01	ABI.tsv	193068	alignment	aarch64	include/uapi/linux/netdev.h	type	anonymous_enum@208	208	PENDING_REVIEW	SOURCE_REVIEWED_VALUE	COMPLETE	vendor/linux/include/uapi/linux/netdev.h;vendor/linux/include/uapi/linux/netdev.h:208;header-context=PENDING_REVIEW	425f94c2954b1fe80ebdbf9b29854e89750355df	f24cb1108af94200ee7a600fac46c70a86ad7f5182fa08b8da014df602b81fd2	a67200b9de936585f98f6aed0c4e4f7733d3ba0c36f4496d97e583cb7caf9ac6	0123af9e96b58af4e98b91a2de5608d36b63c67864b9041d3340587f3dbe40d2	cfa8dcf0d81c408de38d4202fe1ce9d9e5e301d1e67439c9530da94b1e64ee3f	ae0caca34fe9b6eb8097958d2fbb8d2b6a1fad60f91f3c2b8d948c43dbfcee39
semantic-proposal-v1	SC1-018e862430a5fb68b33d2c0f4cacd222a0e12fe0f0901a0aede1d6cd649e7fce	S016267	1	P01	ABI.tsv	193068	export_kind	aarch64	include/uapi/linux/netdev.h	type	anonymous_enum@208	208	PENDING_REVIEW	SOURCE_REVIEWED_VALUE	COMPLETE	vendor/linux/include/uapi/linux/netdev.h;vendor/linux/include/uapi/linux/netdev.h:208;header-context=PENDING_REVIEW	425f94c2954b1fe80ebdbf9b29854e89750355df	f24cb1108af94200ee7a600fac46c70a86ad7f5182fa08b8da014df602b81fd2	a67200b9de936585f98f6aed0c4e4f7733d3ba0c36f4496d97e583cb7caf9ac6	0123af9e96b58af4e98b91a2de5608d36b63c67864b9041d3340587f3dbe40d2	cfa8dcf0d81c408de38d4202fe1ce9d9e5e301d1e67439c9530da94b1e64ee3f	ae0caca34fe9b6eb8097958d2fbb8d2b6a1fad60f91f3c2b8d948c43dbfcee39
semantic-proposal-v1	SC1-3d2eef9ebf0131c499db4df65170d373d3add66e3fb5e749ba12406b51189b77	S016267	1	P01	ABI.tsv	193068	layout	aarch64	include/uapi/linux/netdev.h	type	anonymous_enum@208	208	PENDING_REVIEW	SOURCE_REVIEWED_VALUE	COMPLETE	vendor/linux/include/uapi/linux/netdev.h;vendor/linux/include/uapi/linux/netdev.h:208;header-context=PENDING_REVIEW	425f94c2954b1fe80ebdbf9b29854e89750355df	f24cb1108af94200ee7a600fac46c70a86ad7f5182fa08b8da014df602b81fd2	a67200b9de936585f98f6aed0c4e4f7733d3ba0c36f4496d97e583cb7caf9ac6	0123af9e96b58af4e98b91a2de5608d36b63c67864b9041d3340587f3dbe40d2	cfa8dcf0d81c408de38d4202fe1ce9d9e5e301d1e67439c9530da94b1e64ee3f	ae0caca34fe9b6eb8097958d2fbb8d2b6a1fad60f91f3c2b8d948c43dbfcee39
semantic-proposal-v1	SC1-9a200c5418fefe7c5716cfe4613c829ee2bd70ea3a68fd6899932db33f5be437	S016267	1	P01	ABI.tsv	193068	status	aarch64	include/uapi/linux/netdev.h	type	anonymous_enum@208	208	PENDING_REVIEW	COMPLETE	COMPLETE	vendor/linux/include/uapi/linux/netdev.h;vendor/linux/include/uapi/linux/netdev.h:208;header-context=PENDING_REVIEW	425f94c2954b1fe80ebdbf9b29854e89750355df	f24cb1108af94200ee7a600fac46c70a86ad7f5182fa08b8da014df602b81fd2	a67200b9de936585f98f6aed0c4e4f7733d3ba0c36f4496d97e583cb7caf9ac6	0123af9e96b58af4e98b91a2de5608d36b63c67864b9041d3340587f3dbe40d2	cfa8dcf0d81c408de38d4202fe1ce9d9e5e301d1e67439c9530da94b1e64ee3f	ae0caca34fe9b6eb8097958d2fbb8d2b6a1fad60f91f3c2b8d948c43dbfcee39
semantic-proposal-v1	SC1-b82dc7328a931a0a2175a13b2aafd6a27730d7be5e2ae05ed64968ca2213fd23	S016267	1	P01	ABI.tsv	193069	alignment	aarch64	include/uapi/linux/netdev.h	type	anonymous_enum@217	217	PENDING_REVIEW	SOURCE_REVIEWED_VALUE	COMPLETE	vendor/linux/include/uapi/linux/netdev.h;vendor/linux/include/uapi/linux/netdev.h:217;header-context=PENDING_REVIEW	425f94c2954b1fe80ebdbf9b29854e89750355df	f24cb1108af94200ee7a600fac46c70a86ad7f5182fa08b8da014df602b81fd2	a67200b9de936585f98f6aed0c4e4f7733d3ba0c36f4496d97e583cb7caf9ac6	0123af9e96b58af4e98b91a2de5608d36b63c67864b9041d3340587f3dbe40d2	cfa8dcf0d81c408de38d4202fe1ce9d9e5e301d1e67439c9530da94b1e64ee3f	ae0caca34fe9b6eb8097958d2fbb8d2b6a1fad60f91f3c2b8d948c43dbfcee39
semantic-proposal-v1	SC1-6bda5890fa3d4df9dbc74d9d898a41baf8a3e4c4c0c5071afaa7b3eb84a2568d	S016267	1	P01	ABI.tsv	193069	export_kind	aarch64	include/uapi/linux/netdev.h	type	anonymous_enum@217	217	PENDING_REVIEW	SOURCE_REVIEWED_VALUE	COMPLETE	vendor/linux/include/uapi/linux/netdev.h;vendor/linux/include/uapi/linux/netdev.h:217;header-context=PENDING_REVIEW	425f94c2954b1fe80ebdbf9b29854e89750355df	f24cb1108af94200ee7a600fac46c70a86ad7f5182fa08b8da014df602b81fd2	a67200b9de936585f98f6aed0c4e4f7733d3ba0c36f4496d97e583cb7caf9ac6	0123af9e96b58af4e98b91a2de5608d36b63c67864b9041d3340587f3dbe40d2	cfa8dcf0d81c408de38d4202fe1ce9d9e5e301d1e67439c9530da94b1e64ee3f	ae0caca34fe9b6eb8097958d2fbb8d2b6a1fad60f91f3c2b8d948c43dbfcee39
semantic-proposal-v1	SC1-598344295b787e49623e85d008dce55053247ee185bc8a14f4b0984f48c49cd2	S016267	1	P01	ABI.tsv	193069	layout	aarch64	include/uapi/linux/netdev.h	type	anonymous_enum@217	217	PENDING_REVIEW	SOURCE_REVIEWED_VALUE	COMPLETE	vendor/linux/include/uapi/linux/netdev.h;vendor/linux/include/uapi/linux/netdev.h:217;header-context=PENDING_REVIEW	425f94c2954b1fe80ebdbf9b29854e89750355df	f24cb1108af94200ee7a600fac46c70a86ad7f5182fa08b8da014df602b81fd2	a67200b9de936585f98f6aed0c4e4f7733d3ba0c36f4496d97e583cb7caf9ac6	0123af9e96b58af4e98b91a2de5608d36b63c67864b9041d3340587f3dbe40d2	cfa8dcf0d81c408de38d4202fe1ce9d9e5e301d1e67439c9530da94b1e64ee3f	ae0caca34fe9b6eb8097958d2fbb8d2b6a1fad60f91f3c2b8d948c43dbfcee39
semantic-proposal-v1	SC1-49418bb0fa45c04c8b4e5f784e7c5a08b24e0d405f32dbffb883b514fdf101e2	S016267	1	P01	ABI.tsv	193069	status	aarch64	include/uapi/linux/netdev.h	type	anonymous_enum@217	217	PENDING_REVIEW	COMPLETE	COMPLETE	vendor/linux/include/uapi/linux/netdev.h;vendor/linux/include/uapi/linux/netdev.h:217;header-context=PENDING_REVIEW	425f94c2954b1fe80ebdbf9b29854e89750355df	f24cb1108af94200ee7a600fac46c70a86ad7f5182fa08b8da014df602b81fd2	a67200b9de936585f98f6aed0c4e4f7733d3ba0c36f4496d97e583cb7caf9ac6	0123af9e96b58af4e98b91a2de5608d36b63c67864b9041d3340587f3dbe40d2	cfa8dcf0d81c408de38d4202fe1ce9d9e5e301d1e67439c9530da94b1e64ee3f	ae0caca34fe9b6eb8097958d2fbb8d2b6a1fad60f91f3c2b8d948c43dbfcee39
semantic-proposal-v1	SC1-094fa31176956bfecdb61fcf0960f0dd627aa93a006645effe1e4f3afe38ebd9	S016267	1	P01	ABI.tsv	193070	alignment	aarch64	include/uapi/linux/netdev.h	type	anonymous_enum@227	227	PENDING_REVIEW	SOURCE_REVIEWED_VALUE	COMPLETE	vendor/linux/include/uapi/linux/netdev.h;vendor/linux/include/uapi/linux/netdev.h:227;header-context=PENDING_REVIEW	425f94c2954b1fe80ebdbf9b29854e89750355df	f24cb1108af94200ee7a600fac46c70a86ad7f5182fa08b8da014df602b81fd2	a67200b9de936585f98f6aed0c4e4f7733d3ba0c36f4496d97e583cb7caf9ac6	0123af9e96b58af4e98b91a2de5608d36b63c67864b9041d3340587f3dbe40d2	cfa8dcf0d81c408de38d4202fe1ce9d9e5e301d1e67439c9530da94b1e64ee3f	ae0caca34fe9b6eb8097958d2fbb8d2b6a1fad60f91f3c2b8d948c43dbfcee39
semantic-proposal-v1	SC1-e6a3849119991b091f5b9e751d6a1b05f274357efa0e19e1272605054efd8932	S016267	1	P01	ABI.tsv	193070	export_kind	aarch64	include/uapi/linux/netdev.h	type	anonymous_enum@227	227	PENDING_REVIEW	SOURCE_REVIEWED_VALUE	COMPLETE	vendor/linux/include/uapi/linux/netdev.h;vendor/linux/include/uapi/linux/netdev.h:227;header-context=PENDING_REVIEW	425f94c2954b1fe80ebdbf9b29854e89750355df	f24cb1108af94200ee7a600fac46c70a86ad7f5182fa08b8da014df602b81fd2	a67200b9de936585f98f6aed0c4e4f7733d3ba0c36f4496d97e583cb7caf9ac6	0123af9e96b58af4e98b91a2de5608d36b63c67864b9041d3340587f3dbe40d2	cfa8dcf0d81c408de38d4202fe1ce9d9e5e301d1e67439c9530da94b1e64ee3f	ae0caca34fe9b6eb8097958d2fbb8d2b6a1fad60f91f3c2b8d948c43dbfcee39
semantic-proposal-v1	SC1-866d81f08e6734b9d9da3ff1078eadbae9580d49ed562064b72bacbb054eed9d	S016267	1	P01	ABI.tsv	193070	layout	aarch64	include/uapi/linux/netdev.h	type	anonymous_enum@227	227	PENDING_REVIEW	SOURCE_REVIEWED_VALUE	COMPLETE	vendor/linux/include/uapi/linux/netdev.h;vendor/linux/include/uapi/linux/netdev.h:227;header-context=PENDING_REVIEW	425f94c2954b1fe80ebdbf9b29854e89750355df	f24cb1108af94200ee7a600fac46c70a86ad7f5182fa08b8da014df602b81fd2	a67200b9de936585f98f6aed0c4e4f7733d3ba0c36f4496d97e583cb7caf9ac6	0123af9e96b58af4e98b91a2de5608d36b63c67864b9041d3340587f3dbe40d2	cfa8dcf0d81c408de38d4202fe1ce9d9e5e301d1e67439c9530da94b1e64ee3f	ae0caca34fe9b6eb8097958d2fbb8d2b6a1fad60f91f3c2b8d948c43dbfcee39
semantic-proposal-v1	SC1-cf646bbfb7605001047a020debb371b25a2a6180a5430c9ac8aea831f0f2deca	S016267	1	P01	ABI.tsv	193070	status	aarch64	include/uapi/linux/netdev.h	type	anonymous_enum@227	227	PENDING_REVIEW	COMPLETE	COMPLETE	vendor/linux/include/uapi/linux/netdev.h;vendor/linux/include/uapi/linux/netdev.h:227;header-context=PENDING_REVIEW	425f94c2954b1fe80ebdbf9b29854e89750355df	f24cb1108af94200ee7a600fac46c70a86ad7f5182fa08b8da014df602b81fd2	a67200b9de936585f98f6aed0c4e4f7733d3ba0c36f4496d97e583cb7caf9ac6	0123af9e96b58af4e98b91a2de5608d36b63c67864b9041d3340587f3dbe40d2	cfa8dcf0d81c408de38d4202fe1ce9d9e5e301d1e67439c9530da94b1e64ee3f	ae0caca34fe9b6eb8097958d2fbb8d2b6a1fad60f91f3c2b8d948c43dbfcee39
semantic-proposal-v1	SC1-8c4f4a77d5a20138866940ace85936f1a0c0b320956d1e8b5f658561880e9783	S016267	1	P01	ABI.tsv	193071	alignment	x86_64	include/uapi/linux/netdev.h	type	enum netdev_xdp_act	29	PENDING_REVIEW	SOURCE_REVIEWED_VALUE	COMPLETE	vendor/linux/include/uapi/linux/netdev.h;vendor/linux/include/uapi/linux/netdev.h:29;header-context=PENDING_REVIEW	425f94c2954b1fe80ebdbf9b29854e89750355df	f24cb1108af94200ee7a600fac46c70a86ad7f5182fa08b8da014df602b81fd2	a67200b9de936585f98f6aed0c4e4f7733d3ba0c36f4496d97e583cb7caf9ac6	0123af9e96b58af4e98b91a2de5608d36b63c67864b9041d3340587f3dbe40d2	cfa8dcf0d81c408de38d4202fe1ce9d9e5e301d1e67439c9530da94b1e64ee3f	ae0caca34fe9b6eb8097958d2fbb8d2b6a1fad60f91f3c2b8d948c43dbfcee39
semantic-proposal-v1	SC1-c4d41207b071ef3a3e828ed5f925929265a78b7f6b4bc0561b3c0e2a00e800c4	S016267	1	P01	ABI.tsv	193071	export_kind	x86_64	include/uapi/linux/netdev.h	type	enum netdev_xdp_act	29	PENDING_REVIEW	SOURCE_REVIEWED_VALUE	COMPLETE	vendor/linux/include/uapi/linux/netdev.h;vendor/linux/include/uapi/linux/netdev.h:29;header-context=PENDING_REVIEW	425f94c2954b1fe80ebdbf9b29854e89750355df	f24cb1108af94200ee7a600fac46c70a86ad7f5182fa08b8da014df602b81fd2	a67200b9de936585f98f6aed0c4e4f7733d3ba0c36f4496d97e583cb7caf9ac6	0123af9e96b58af4e98b91a2de5608d36b63c67864b9041d3340587f3dbe40d2	cfa8dcf0d81c408de38d4202fe1ce9d9e5e301d1e67439c9530da94b1e64ee3f	ae0caca34fe9b6eb8097958d2fbb8d2b6a1fad60f91f3c2b8d948c43dbfcee39
semantic-proposal-v1	SC1-98076671c65308f24562b2f9f18f298f51d55b8d3e40c64ff7323396dcf5e9b8	S016267	1	P01	ABI.tsv	193071	layout	x86_64	include/uapi/linux/netdev.h	type	enum netdev_xdp_act	29	PENDING_REVIEW	SOURCE_REVIEWED_VALUE	COMPLETE	vendor/linux/include/uapi/linux/netdev.h;vendor/linux/include/uapi/linux/netdev.h:29;header-context=PENDING_REVIEW	425f94c2954b1fe80ebdbf9b29854e89750355df	f24cb1108af94200ee7a600fac46c70a86ad7f5182fa08b8da014df602b81fd2	a67200b9de936585f98f6aed0c4e4f7733d3ba0c36f4496d97e583cb7caf9ac6	0123af9e96b58af4e98b91a2de5608d36b63c67864b9041d3340587f3dbe40d2	cfa8dcf0d81c408de38d4202fe1ce9d9e5e301d1e67439c9530da94b1e64ee3f	ae0caca34fe9b6eb8097958d2fbb8d2b6a1fad60f91f3c2b8d948c43dbfcee39
semantic-proposal-v1	SC1-f54cc4dc3ce8fe7dcf4f37c09b62e42b14a28d1409d5cc8d0107736020b55982	S016267	1	P01	ABI.tsv	193071	status	x86_64	include/uapi/linux/netdev.h	type	enum netdev_xdp_act	29	PENDING_REVIEW	COMPLETE	COMPLETE	vendor/linux/include/uapi/linux/netdev.h;vendor/linux/include/uapi/linux/netdev.h:29;header-context=PENDING_REVIEW	425f94c2954b1fe80ebdbf9b29854e89750355df	f24cb1108af94200ee7a600fac46c70a86ad7f5182fa08b8da014df602b81fd2	a67200b9de936585f98f6aed0c4e4f7733d3ba0c36f4496d97e583cb7caf9ac6	0123af9e96b58af4e98b91a2de5608d36b63c67864b9041d3340587f3dbe40d2	cfa8dcf0d81c408de38d4202fe1ce9d9e5e301d1e67439c9530da94b1e64ee3f	ae0caca34fe9b6eb8097958d2fbb8d2b6a1fad60f91f3c2b8d948c43dbfcee39
semantic-proposal-v1	SC1-46884f33496ece03a80a638dc5b222399e1598888a4e902fc9bf07a924151783	S016267	1	P01	ABI.tsv	193072	alignment	x86_64	include/uapi/linux/netdev.h	type	enum netdev_xdp_rx_metadata	51	PENDING_REVIEW	SOURCE_REVIEWED_VALUE	COMPLETE	vendor/linux/include/uapi/linux/netdev.h;vendor/linux/include/uapi/linux/netdev.h:51;header-context=PENDING_REVIEW	425f94c2954b1fe80ebdbf9b29854e89750355df	f24cb1108af94200ee7a600fac46c70a86ad7f5182fa08b8da014df602b81fd2	a67200b9de936585f98f6aed0c4e4f7733d3ba0c36f4496d97e583cb7caf9ac6	0123af9e96b58af4e98b91a2de5608d36b63c67864b9041d3340587f3dbe40d2	cfa8dcf0d81c408de38d4202fe1ce9d9e5e301d1e67439c9530da94b1e64ee3f	ae0caca34fe9b6eb8097958d2fbb8d2b6a1fad60f91f3c2b8d948c43dbfcee39
semantic-proposal-v1	SC1-20e6633d1a085b7af84deb388d661e5805f3bc87355a986775635f12c85ac362	S016267	1	P01	ABI.tsv	193072	export_kind	x86_64	include/uapi/linux/netdev.h	type	enum netdev_xdp_rx_metadata	51	PENDING_REVIEW	SOURCE_REVIEWED_VALUE	COMPLETE	vendor/linux/include/uapi/linux/netdev.h;vendor/linux/include/uapi/linux/netdev.h:51;header-context=PENDING_REVIEW	425f94c2954b1fe80ebdbf9b29854e89750355df	f24cb1108af94200ee7a600fac46c70a86ad7f5182fa08b8da014df602b81fd2	a67200b9de936585f98f6aed0c4e4f7733d3ba0c36f4496d97e583cb7caf9ac6	0123af9e96b58af4e98b91a2de5608d36b63c67864b9041d3340587f3dbe40d2	cfa8dcf0d81c408de38d4202fe1ce9d9e5e301d1e67439c9530da94b1e64ee3f	ae0caca34fe9b6eb8097958d2fbb8d2b6a1fad60f91f3c2b8d948c43dbfcee39
semantic-proposal-v1	SC1-6a4d56083b34e0250f5d0985b4998b8f13d8e94f87c478d42591a49bc9a40e02	S016267	1	P01	ABI.tsv	193072	layout	x86_64	include/uapi/linux/netdev.h	type	enum netdev_xdp_rx_metadata	51	PENDING_REVIEW	SOURCE_REVIEWED_VALUE	COMPLETE	vendor/linux/include/uapi/linux/netdev.h;vendor/linux/include/uapi/linux/netdev.h:51;header-context=PENDING_REVIEW	425f94c2954b1fe80ebdbf9b29854e89750355df	f24cb1108af94200ee7a600fac46c70a86ad7f5182fa08b8da014df602b81fd2	a67200b9de936585f98f6aed0c4e4f7733d3ba0c36f4496d97e583cb7caf9ac6	0123af9e96b58af4e98b91a2de5608d36b63c67864b9041d3340587f3dbe40d2	cfa8dcf0d81c408de38d4202fe1ce9d9e5e301d1e67439c9530da94b1e64ee3f	ae0caca34fe9b6eb8097958d2fbb8d2b6a1fad60f91f3c2b8d948c43dbfcee39
semantic-proposal-v1	SC1-beeb836a994909be22b1bc3ddaa565200bc33e2a8428e9c7a50ea6e82e3e0545	S016267	1	P01	ABI.tsv	193072	status	x86_64	include/uapi/linux/netdev.h	type	enum netdev_xdp_rx_metadata	51	PENDING_REVIEW	COMPLETE	COMPLETE	vendor/linux/include/uapi/linux/netdev.h;vendor/linux/include/uapi/linux/netdev.h:51;header-context=PENDING_REVIEW	425f94c2954b1fe80ebdbf9b29854e89750355df	f24cb1108af94200ee7a600fac46c70a86ad7f5182fa08b8da014df602b81fd2	a67200b9de936585f98f6aed0c4e4f7733d3ba0c36f4496d97e583cb7caf9ac6	0123af9e96b58af4e98b91a2de5608d36b63c67864b9041d3340587f3dbe40d2	cfa8dcf0d81c408de38d4202fe1ce9d9e5e301d1e67439c9530da94b1e64ee3f	ae0caca34fe9b6eb8097958d2fbb8d2b6a1fad60f91f3c2b8d948c43dbfcee39
semantic-proposal-v1	SC1-0d2986a79de5924ac0d7b66405faecd74ca8eaccc146f0d28fa851fd217fcebe	S016267	1	P01	ABI.tsv	193073	alignment	x86_64	include/uapi/linux/netdev.h	type	enum netdev_xsk_flags	66	PENDING_REVIEW	SOURCE_REVIEWED_VALUE	COMPLETE	vendor/linux/include/uapi/linux/netdev.h;vendor/linux/include/uapi/linux/netdev.h:66;header-context=PENDING_REVIEW	425f94c2954b1fe80ebdbf9b29854e89750355df	f24cb1108af94200ee7a600fac46c70a86ad7f5182fa08b8da014df602b81fd2	a67200b9de936585f98f6aed0c4e4f7733d3ba0c36f4496d97e583cb7caf9ac6	0123af9e96b58af4e98b91a2de5608d36b63c67864b9041d3340587f3dbe40d2	cfa8dcf0d81c408de38d4202fe1ce9d9e5e301d1e67439c9530da94b1e64ee3f	ae0caca34fe9b6eb8097958d2fbb8d2b6a1fad60f91f3c2b8d948c43dbfcee39
semantic-proposal-v1	SC1-fe5d9861fd3742817c74e683af60cd39a5d4f9de2fb6a987d3c1f428c78f9a27	S016267	1	P01	ABI.tsv	193073	export_kind	x86_64	include/uapi/linux/netdev.h	type	enum netdev_xsk_flags	66	PENDING_REVIEW	SOURCE_REVIEWED_VALUE	COMPLETE	vendor/linux/include/uapi/linux/netdev.h;vendor/linux/include/uapi/linux/netdev.h:66;header-context=PENDING_REVIEW	425f94c2954b1fe80ebdbf9b29854e89750355df	f24cb1108af94200ee7a600fac46c70a86ad7f5182fa08b8da014df602b81fd2	a67200b9de936585f98f6aed0c4e4f7733d3ba0c36f4496d97e583cb7caf9ac6	0123af9e96b58af4e98b91a2de5608d36b63c67864b9041d3340587f3dbe40d2	cfa8dcf0d81c408de38d4202fe1ce9d9e5e301d1e67439c9530da94b1e64ee3f	ae0caca34fe9b6eb8097958d2fbb8d2b6a1fad60f91f3c2b8d948c43dbfcee39
semantic-proposal-v1	SC1-8abbe955cfa1f2f3acc22091cab2aef8f733dd1f3dada6bb183cc480ea6a0761	S016267	1	P01	ABI.tsv	193073	layout	x86_64	include/uapi/linux/netdev.h	type	enum netdev_xsk_flags	66	PENDING_REVIEW	SOURCE_REVIEWED_VALUE	COMPLETE	vendor/linux/include/uapi/linux/netdev.h;vendor/linux/include/uapi/linux/netdev.h:66;header-context=PENDING_REVIEW	425f94c2954b1fe80ebdbf9b29854e89750355df	f24cb1108af94200ee7a600fac46c70a86ad7f5182fa08b8da014df602b81fd2	a67200b9de936585f98f6aed0c4e4f7733d3ba0c36f4496d97e583cb7caf9ac6	0123af9e96b58af4e98b91a2de5608d36b63c67864b9041d3340587f3dbe40d2	cfa8dcf0d81c408de38d4202fe1ce9d9e5e301d1e67439c9530da94b1e64ee3f	ae0caca34fe9b6eb8097958d2fbb8d2b6a1fad60f91f3c2b8d948c43dbfcee39
semantic-proposal-v1	SC1-94a581eb0799f473fcb2bd534b6e3538a3cbe136c0920ff7ddf3f5d3ef659a8a	S016267	1	P01	ABI.tsv	193073	status	x86_64	include/uapi/linux/netdev.h	type	enum netdev_xsk_flags	66	PENDING_REVIEW	COMPLETE	COMPLETE	vendor/linux/include/uapi/linux/netdev.h;vendor/linux/include/uapi/linux/netdev.h:66;header-context=PENDING_REVIEW	425f94c2954b1fe80ebdbf9b29854e89750355df	f24cb1108af94200ee7a600fac46c70a86ad7f5182fa08b8da014df602b81fd2	a67200b9de936585f98f6aed0c4e4f7733d3ba0c36f4496d97e583cb7caf9ac6	0123af9e96b58af4e98b91a2de5608d36b63c67864b9041d3340587f3dbe40d2	cfa8dcf0d81c408de38d4202fe1ce9d9e5e301d1e67439c9530da94b1e64ee3f	ae0caca34fe9b6eb8097958d2fbb8d2b6a1fad60f91f3c2b8d948c43dbfcee39
semantic-proposal-v1	SC1-aa50af7b8668adb8467f25f807790cf7a3687957103786f66150d5186c16247f	S016267	1	P01	ABI.tsv	193074	alignment	x86_64	include/uapi/linux/netdev.h	type	enum netdev_queue_type	72	PENDING_REVIEW	SOURCE_REVIEWED_VALUE	COMPLETE	vendor/linux/include/uapi/linux/netdev.h;vendor/linux/include/uapi/linux/netdev.h:72;header-context=PENDING_REVIEW	425f94c2954b1fe80ebdbf9b29854e89750355df	f24cb1108af94200ee7a600fac46c70a86ad7f5182fa08b8da014df602b81fd2	a67200b9de936585f98f6aed0c4e4f7733d3ba0c36f4496d97e583cb7caf9ac6	0123af9e96b58af4e98b91a2de5608d36b63c67864b9041d3340587f3dbe40d2	cfa8dcf0d81c408de38d4202fe1ce9d9e5e301d1e67439c9530da94b1e64ee3f	ae0caca34fe9b6eb8097958d2fbb8d2b6a1fad60f91f3c2b8d948c43dbfcee39
semantic-proposal-v1	SC1-5547604f40faf7acc78e4126efbc0268ce476948cd93d7621daf517e9dfb1b4f	S016267	1	P01	ABI.tsv	193074	export_kind	x86_64	include/uapi/linux/netdev.h	type	enum netdev_queue_type	72	PENDING_REVIEW	SOURCE_REVIEWED_VALUE	COMPLETE	vendor/linux/include/uapi/linux/netdev.h;vendor/linux/include/uapi/linux/netdev.h:72;header-context=PENDING_REVIEW	425f94c2954b1fe80ebdbf9b29854e89750355df	f24cb1108af94200ee7a600fac46c70a86ad7f5182fa08b8da014df602b81fd2	a67200b9de936585f98f6aed0c4e4f7733d3ba0c36f4496d97e583cb7caf9ac6	0123af9e96b58af4e98b91a2de5608d36b63c67864b9041d3340587f3dbe40d2	cfa8dcf0d81c408de38d4202fe1ce9d9e5e301d1e67439c9530da94b1e64ee3f	ae0caca34fe9b6eb8097958d2fbb8d2b6a1fad60f91f3c2b8d948c43dbfcee39
semantic-proposal-v1	SC1-624408e1700952fc231467967e4827e8455524f3fb7e38394c85d828506040ed	S016267	1	P01	ABI.tsv	193074	layout	x86_64	include/uapi/linux/netdev.h	type	enum netdev_queue_type	72	PENDING_REVIEW	SOURCE_REVIEWED_VALUE	COMPLETE	vendor/linux/include/uapi/linux/netdev.h;vendor/linux/include/uapi/linux/netdev.h:72;header-context=PENDING_REVIEW	425f94c2954b1fe80ebdbf9b29854e89750355df	f24cb1108af94200ee7a600fac46c70a86ad7f5182fa08b8da014df602b81fd2	a67200b9de936585f98f6aed0c4e4f7733d3ba0c36f4496d97e583cb7caf9ac6	0123af9e96b58af4e98b91a2de5608d36b63c67864b9041d3340587f3dbe40d2	cfa8dcf0d81c408de38d4202fe1ce9d9e5e301d1e67439c9530da94b1e64ee3f	ae0caca34fe9b6eb8097958d2fbb8d2b6a1fad60f91f3c2b8d948c43dbfcee39
semantic-proposal-v1	SC1-bb72637bb1f014da06a1a182312b2655d14d9ae0919e966f6d0a008cfe585dfe	S016267	1	P01	ABI.tsv	193074	status	x86_64	include/uapi/linux/netdev.h	type	enum netdev_queue_type	72	PENDING_REVIEW	COMPLETE	COMPLETE	vendor/linux/include/uapi/linux/netdev.h;vendor/linux/include/uapi/linux/netdev.h:72;header-context=PENDING_REVIEW	425f94c2954b1fe80ebdbf9b29854e89750355df	f24cb1108af94200ee7a600fac46c70a86ad7f5182fa08b8da014df602b81fd2	a67200b9de936585f98f6aed0c4e4f7733d3ba0c36f4496d97e583cb7caf9ac6	0123af9e96b58af4e98b91a2de5608d36b63c67864b9041d3340587f3dbe40d2	cfa8dcf0d81c408de38d4202fe1ce9d9e5e301d1e67439c9530da94b1e64ee3f	ae0caca34fe9b6eb8097958d2fbb8d2b6a1fad60f91f3c2b8d948c43dbfcee39
semantic-proposal-v1	SC1-9f5bb30fa3144d6eff2e4ee439438dde2cee1dacc9438820d4752d799a2bcf00	S016267	1	P01	ABI.tsv	193075	alignment	x86_64	include/uapi/linux/netdev.h	type	enum netdev_qstats_scope	77	PENDING_REVIEW	SOURCE_REVIEWED_VALUE	COMPLETE	vendor/linux/include/uapi/linux/netdev.h;vendor/linux/include/uapi/linux/netdev.h:77;header-context=PENDING_REVIEW	425f94c2954b1fe80ebdbf9b29854e89750355df	f24cb1108af94200ee7a600fac46c70a86ad7f5182fa08b8da014df602b81fd2	a67200b9de936585f98f6aed0c4e4f7733d3ba0c36f4496d97e583cb7caf9ac6	0123af9e96b58af4e98b91a2de5608d36b63c67864b9041d3340587f3dbe40d2	cfa8dcf0d81c408de38d4202fe1ce9d9e5e301d1e67439c9530da94b1e64ee3f	ae0caca34fe9b6eb8097958d2fbb8d2b6a1fad60f91f3c2b8d948c43dbfcee39
semantic-proposal-v1	SC1-350b143189367f4b2d18cca86bcc67fc59f15a4ffc714547868fbc2edee7da1a	S016267	1	P01	ABI.tsv	193075	export_kind	x86_64	include/uapi/linux/netdev.h	type	enum netdev_qstats_scope	77	PENDING_REVIEW	SOURCE_REVIEWED_VALUE	COMPLETE	vendor/linux/include/uapi/linux/netdev.h;vendor/linux/include/uapi/linux/netdev.h:77;header-context=PENDING_REVIEW	425f94c2954b1fe80ebdbf9b29854e89750355df	f24cb1108af94200ee7a600fac46c70a86ad7f5182fa08b8da014df602b81fd2	a67200b9de936585f98f6aed0c4e4f7733d3ba0c36f4496d97e583cb7caf9ac6	0123af9e96b58af4e98b91a2de5608d36b63c67864b9041d3340587f3dbe40d2	cfa8dcf0d81c408de38d4202fe1ce9d9e5e301d1e67439c9530da94b1e64ee3f	ae0caca34fe9b6eb8097958d2fbb8d2b6a1fad60f91f3c2b8d948c43dbfcee39
semantic-proposal-v1	SC1-8aec347a575b90e880dbd3dccdeba9cc71d8990f139162b95d4b33b17c5a950f	S016267	1	P01	ABI.tsv	193075	layout	x86_64	include/uapi/linux/netdev.h	type	enum netdev_qstats_scope	77	PENDING_REVIEW	SOURCE_REVIEWED_VALUE	COMPLETE	vendor/linux/include/uapi/linux/netdev.h;vendor/linux/include/uapi/linux/netdev.h:77;header-context=PENDING_REVIEW	425f94c2954b1fe80ebdbf9b29854e89750355df	f24cb1108af94200ee7a600fac46c70a86ad7f5182fa08b8da014df602b81fd2	a67200b9de936585f98f6aed0c4e4f7733d3ba0c36f4496d97e583cb7caf9ac6	0123af9e96b58af4e98b91a2de5608d36b63c67864b9041d3340587f3dbe40d2	cfa8dcf0d81c408de38d4202fe1ce9d9e5e301d1e67439c9530da94b1e64ee3f	ae0caca34fe9b6eb8097958d2fbb8d2b6a1fad60f91f3c2b8d948c43dbfcee39
semantic-proposal-v1	SC1-aa80a48d769ad14de81a61a03f233d22ad53ad04d9f16f4b772b586680618d68	S016267	1	P01	ABI.tsv	193075	status	x86_64	include/uapi/linux/netdev.h	type	enum netdev_qstats_scope	77	PENDING_REVIEW	COMPLETE	COMPLETE	vendor/linux/include/uapi/linux/netdev.h;vendor/linux/include/uapi/linux/netdev.h:77;header-context=PENDING_REVIEW	425f94c2954b1fe80ebdbf9b29854e89750355df	f24cb1108af94200ee7a600fac46c70a86ad7f5182fa08b8da014df602b81fd2	a67200b9de936585f98f6aed0c4e4f7733d3ba0c36f4496d97e583cb7caf9ac6	0123af9e96b58af4e98b91a2de5608d36b63c67864b9041d3340587f3dbe40d2	cfa8dcf0d81c408de38d4202fe1ce9d9e5e301d1e67439c9530da94b1e64ee3f	ae0caca34fe9b6eb8097958d2fbb8d2b6a1fad60f91f3c2b8d948c43dbfcee39
semantic-proposal-v1	SC1-e7665a21cf600f88669a8419ccfea895cb463ad8766634418e68f8afe390f1fa	S016267	1	P01	ABI.tsv	193076	alignment	x86_64	include/uapi/linux/netdev.h	type	enum netdev_napi_threaded	81	PENDING_REVIEW	SOURCE_REVIEWED_VALUE	COMPLETE	vendor/linux/include/uapi/linux/netdev.h;vendor/linux/include/uapi/linux/netdev.h:81;header-context=PENDING_REVIEW	425f94c2954b1fe80ebdbf9b29854e89750355df	f24cb1108af94200ee7a600fac46c70a86ad7f5182fa08b8da014df602b81fd2	a67200b9de936585f98f6aed0c4e4f7733d3ba0c36f4496d97e583cb7caf9ac6	0123af9e96b58af4e98b91a2de5608d36b63c67864b9041d3340587f3dbe40d2	cfa8dcf0d81c408de38d4202fe1ce9d9e5e301d1e67439c9530da94b1e64ee3f	ae0caca34fe9b6eb8097958d2fbb8d2b6a1fad60f91f3c2b8d948c43dbfcee39
semantic-proposal-v1	SC1-4807b2d85787be73703ab207f6ca7fb21c4f1cacd8d52b32a17aac4d8ca84d68	S016267	1	P01	ABI.tsv	193076	export_kind	x86_64	include/uapi/linux/netdev.h	type	enum netdev_napi_threaded	81	PENDING_REVIEW	SOURCE_REVIEWED_VALUE	COMPLETE	vendor/linux/include/uapi/linux/netdev.h;vendor/linux/include/uapi/linux/netdev.h:81;header-context=PENDING_REVIEW	425f94c2954b1fe80ebdbf9b29854e89750355df	f24cb1108af94200ee7a600fac46c70a86ad7f5182fa08b8da014df602b81fd2	a67200b9de936585f98f6aed0c4e4f7733d3ba0c36f4496d97e583cb7caf9ac6	0123af9e96b58af4e98b91a2de5608d36b63c67864b9041d3340587f3dbe40d2	cfa8dcf0d81c408de38d4202fe1ce9d9e5e301d1e67439c9530da94b1e64ee3f	ae0caca34fe9b6eb8097958d2fbb8d2b6a1fad60f91f3c2b8d948c43dbfcee39
semantic-proposal-v1	SC1-680d89c99201bc8b13a779c1e6219cecd43f70575afbadcd2a2f7293a6f25370	S016267	1	P01	ABI.tsv	193076	layout	x86_64	include/uapi/linux/netdev.h	type	enum netdev_napi_threaded	81	PENDING_REVIEW	SOURCE_REVIEWED_VALUE	COMPLETE	vendor/linux/include/uapi/linux/netdev.h;vendor/linux/include/uapi/linux/netdev.h:81;header-context=PENDING_REVIEW	425f94c2954b1fe80ebdbf9b29854e89750355df	f24cb1108af94200ee7a600fac46c70a86ad7f5182fa08b8da014df602b81fd2	a67200b9de936585f98f6aed0c4e4f7733d3ba0c36f4496d97e583cb7caf9ac6	0123af9e96b58af4e98b91a2de5608d36b63c67864b9041d3340587f3dbe40d2	cfa8dcf0d81c408de38d4202fe1ce9d9e5e301d1e67439c9530da94b1e64ee3f	ae0caca34fe9b6eb8097958d2fbb8d2b6a1fad60f91f3c2b8d948c43dbfcee39
semantic-proposal-v1	SC1-7d1b136a4838d2aecbc86a5948589e8e440bcd7a5b2a3c962a6064986990ac22	S016267	1	P01	ABI.tsv	193076	status	x86_64	include/uapi/linux/netdev.h	type	enum netdev_napi_threaded	81	PENDING_REVIEW	COMPLETE	COMPLETE	vendor/linux/include/uapi/linux/netdev.h;vendor/linux/include/uapi/linux/netdev.h:81;header-context=PENDING_REVIEW	425f94c2954b1fe80ebdbf9b29854e89750355df	f24cb1108af94200ee7a600fac46c70a86ad7f5182fa08b8da014df602b81fd2	a67200b9de936585f98f6aed0c4e4f7733d3ba0c36f4496d97e583cb7caf9ac6	0123af9e96b58af4e98b91a2de5608d36b63c67864b9041d3340587f3dbe40d2	cfa8dcf0d81c408de38d4202fe1ce9d9e5e301d1e67439c9530da94b1e64ee3f	ae0caca34fe9b6eb8097958d2fbb8d2b6a1fad60f91f3c2b8d948c43dbfcee39
semantic-proposal-v1	SC1-d8b5a9c3680130d789b9fae95f944906cbace0f11af87723f38871170d54ce3e	S016267	1	P01	ABI.tsv	193077	alignment	x86_64	include/uapi/linux/netdev.h	type	anonymous_enum@87	87	PENDING_REVIEW	SOURCE_REVIEWED_VALUE	COMPLETE	vendor/linux/include/uapi/linux/netdev.h;vendor/linux/include/uapi/linux/netdev.h:87;header-context=PENDING_REVIEW	425f94c2954b1fe80ebdbf9b29854e89750355df	f24cb1108af94200ee7a600fac46c70a86ad7f5182fa08b8da014df602b81fd2	a67200b9de936585f98f6aed0c4e4f7733d3ba0c36f4496d97e583cb7caf9ac6	0123af9e96b58af4e98b91a2de5608d36b63c67864b9041d3340587f3dbe40d2	cfa8dcf0d81c408de38d4202fe1ce9d9e5e301d1e67439c9530da94b1e64ee3f	ae0caca34fe9b6eb8097958d2fbb8d2b6a1fad60f91f3c2b8d948c43dbfcee39
semantic-proposal-v1	SC1-ac884cb20309587084903b8d609af6279651bec30d973cddec34b96b98a0ebcf	S016267	1	P01	ABI.tsv	193077	export_kind	x86_64	include/uapi/linux/netdev.h	type	anonymous_enum@87	87	PENDING_REVIEW	SOURCE_REVIEWED_VALUE	COMPLETE	vendor/linux/include/uapi/linux/netdev.h;vendor/linux/include/uapi/linux/netdev.h:87;header-context=PENDING_REVIEW	425f94c2954b1fe80ebdbf9b29854e89750355df	f24cb1108af94200ee7a600fac46c70a86ad7f5182fa08b8da014df602b81fd2	a67200b9de936585f98f6aed0c4e4f7733d3ba0c36f4496d97e583cb7caf9ac6	0123af9e96b58af4e98b91a2de5608d36b63c67864b9041d3340587f3dbe40d2	cfa8dcf0d81c408de38d4202fe1ce9d9e5e301d1e67439c9530da94b1e64ee3f	ae0caca34fe9b6eb8097958d2fbb8d2b6a1fad60f91f3c2b8d948c43dbfcee39
semantic-proposal-v1	SC1-72db3a87ae4e7e82b26f71a1de65af1d3f7f6ea088f4c24969dd851a432e3a4e	S016267	1	P01	ABI.tsv	193077	layout	x86_64	include/uapi/linux/netdev.h	type	anonymous_enum@87	87	PENDING_REVIEW	SOURCE_REVIEWED_VALUE	COMPLETE	vendor/linux/include/uapi/linux/netdev.h;vendor/linux/include/uapi/linux/netdev.h:87;header-context=PENDING_REVIEW	425f94c2954b1fe80ebdbf9b29854e89750355df	f24cb1108af94200ee7a600fac46c70a86ad7f5182fa08b8da014df602b81fd2	a67200b9de936585f98f6aed0c4e4f7733d3ba0c36f4496d97e583cb7caf9ac6	0123af9e96b58af4e98b91a2de5608d36b63c67864b9041d3340587f3dbe40d2	cfa8dcf0d81c408de38d4202fe1ce9d9e5e301d1e67439c9530da94b1e64ee3f	ae0caca34fe9b6eb8097958d2fbb8d2b6a1fad60f91f3c2b8d948c43dbfcee39
semantic-proposal-v1	SC1-6fbaf1d7d11eae60b8da9c84243895e14d4325bc106fb51a65b10692dd76c89d	S016267	1	P01	ABI.tsv	193077	status	x86_64	include/uapi/linux/netdev.h	type	anonymous_enum@87	87	PENDING_REVIEW	COMPLETE	COMPLETE	vendor/linux/include/uapi/linux/netdev.h;vendor/linux/include/uapi/linux/netdev.h:87;header-context=PENDING_REVIEW	425f94c2954b1fe80ebdbf9b29854e89750355df	f24cb1108af94200ee7a600fac46c70a86ad7f5182fa08b8da014df602b81fd2	a67200b9de936585f98f6aed0c4e4f7733d3ba0c36f4496d97e583cb7caf9ac6	0123af9e96b58af4e98b91a2de5608d36b63c67864b9041d3340587f3dbe40d2	cfa8dcf0d81c408de38d4202fe1ce9d9e5e301d1e67439c9530da94b1e64ee3f	ae0caca34fe9b6eb8097958d2fbb8d2b6a1fad60f91f3c2b8d948c43dbfcee39
semantic-proposal-v1	SC1-7a18cee8634bcb5e58fb8c4099f12ba758a53d1ffe1ddfe53b7d8e292730bc72	S016267	1	P01	ABI.tsv	193078	alignment	x86_64	include/uapi/linux/netdev.h	type	anonymous_enum@99	99	PENDING_REVIEW	SOURCE_REVIEWED_VALUE	COMPLETE	vendor/linux/include/uapi/linux/netdev.h;vendor/linux/include/uapi/linux/netdev.h:99;header-context=PENDING_REVIEW	425f94c2954b1fe80ebdbf9b29854e89750355df	f24cb1108af94200ee7a600fac46c70a86ad7f5182fa08b8da014df602b81fd2	a67200b9de936585f98f6aed0c4e4f7733d3ba0c36f4496d97e583cb7caf9ac6	0123af9e96b58af4e98b91a2de5608d36b63c67864b9041d3340587f3dbe40d2	cfa8dcf0d81c408de38d4202fe1ce9d9e5e301d1e67439c9530da94b1e64ee3f	ae0caca34fe9b6eb8097958d2fbb8d2b6a1fad60f91f3c2b8d948c43dbfcee39
semantic-proposal-v1	SC1-a7b83befb763e8bebec89ae95ea44231c892dd59e746211b10b32341afde2d40	S016267	1	P01	ABI.tsv	193078	export_kind	x86_64	include/uapi/linux/netdev.h	type	anonymous_enum@99	99	PENDING_REVIEW	SOURCE_REVIEWED_VALUE	COMPLETE	vendor/linux/include/uapi/linux/netdev.h;vendor/linux/include/uapi/linux/netdev.h:99;header-context=PENDING_REVIEW	425f94c2954b1fe80ebdbf9b29854e89750355df	f24cb1108af94200ee7a600fac46c70a86ad7f5182fa08b8da014df602b81fd2	a67200b9de936585f98f6aed0c4e4f7733d3ba0c36f4496d97e583cb7caf9ac6	0123af9e96b58af4e98b91a2de5608d36b63c67864b9041d3340587f3dbe40d2	cfa8dcf0d81c408de38d4202fe1ce9d9e5e301d1e67439c9530da94b1e64ee3f	ae0caca34fe9b6eb8097958d2fbb8d2b6a1fad60f91f3c2b8d948c43dbfcee39
semantic-proposal-v1	SC1-8044bffb90d956978188944ce41c0c70f003050c305b28cc108c8fc1fb7db9a4	S016267	1	P01	ABI.tsv	193078	layout	x86_64	include/uapi/linux/netdev.h	type	anonymous_enum@99	99	PENDING_REVIEW	SOURCE_REVIEWED_VALUE	COMPLETE	vendor/linux/include/uapi/linux/netdev.h;vendor/linux/include/uapi/linux/netdev.h:99;header-context=PENDING_REVIEW	425f94c2954b1fe80ebdbf9b29854e89750355df	f24cb1108af94200ee7a600fac46c70a86ad7f5182fa08b8da014df602b81fd2	a67200b9de936585f98f6aed0c4e4f7733d3ba0c36f4496d97e583cb7caf9ac6	0123af9e96b58af4e98b91a2de5608d36b63c67864b9041d3340587f3dbe40d2	cfa8dcf0d81c408de38d4202fe1ce9d9e5e301d1e67439c9530da94b1e64ee3f	ae0caca34fe9b6eb8097958d2fbb8d2b6a1fad60f91f3c2b8d948c43dbfcee39
semantic-proposal-v1	SC1-c4aec4165851b707ea055722a8a7aa794fa7dd4e378cef4f8e6be1bc7fae3386	S016267	1	P01	ABI.tsv	193078	status	x86_64	include/uapi/linux/netdev.h	type	anonymous_enum@99	99	PENDING_REVIEW	COMPLETE	COMPLETE	vendor/linux/include/uapi/linux/netdev.h;vendor/linux/include/uapi/linux/netdev.h:99;header-context=PENDING_REVIEW	425f94c2954b1fe80ebdbf9b29854e89750355df	f24cb1108af94200ee7a600fac46c70a86ad7f5182fa08b8da014df602b81fd2	a67200b9de936585f98f6aed0c4e4f7733d3ba0c36f4496d97e583cb7caf9ac6	0123af9e96b58af4e98b91a2de5608d36b63c67864b9041d3340587f3dbe40d2	cfa8dcf0d81c408de38d4202fe1ce9d9e5e301d1e67439c9530da94b1e64ee3f	ae0caca34fe9b6eb8097958d2fbb8d2b6a1fad60f91f3c2b8d948c43dbfcee39
semantic-proposal-v1	SC1-4f2d76cfb2d953be8bc678fa6d7f63aa3d7ee191063f486778647564323dfb24	S016267	1	P01	ABI.tsv	193079	alignment	x86_64	include/uapi/linux/netdev.h	type	anonymous_enum@106	106	PENDING_REVIEW	SOURCE_REVIEWED_VALUE	COMPLETE	vendor/linux/include/uapi/linux/netdev.h;vendor/linux/include/uapi/linux/netdev.h:106;header-context=PENDING_REVIEW	425f94c2954b1fe80ebdbf9b29854e89750355df	f24cb1108af94200ee7a600fac46c70a86ad7f5182fa08b8da014df602b81fd2	a67200b9de936585f98f6aed0c4e4f7733d3ba0c36f4496d97e583cb7caf9ac6	0123af9e96b58af4e98b91a2de5608d36b63c67864b9041d3340587f3dbe40d2	cfa8dcf0d81c408de38d4202fe1ce9d9e5e301d1e67439c9530da94b1e64ee3f	ae0caca34fe9b6eb8097958d2fbb8d2b6a1fad60f91f3c2b8d948c43dbfcee39
semantic-proposal-v1	SC1-d3e793f5c5f08b40a8a67e8cb028919a18df3b240a13534361fb2ba9ec2022e2	S016267	1	P01	ABI.tsv	193079	export_kind	x86_64	include/uapi/linux/netdev.h	type	anonymous_enum@106	106	PENDING_REVIEW	SOURCE_REVIEWED_VALUE	COMPLETE	vendor/linux/include/uapi/linux/netdev.h;vendor/linux/include/uapi/linux/netdev.h:106;header-context=PENDING_REVIEW	425f94c2954b1fe80ebdbf9b29854e89750355df	f24cb1108af94200ee7a600fac46c70a86ad7f5182fa08b8da014df602b81fd2	a67200b9de936585f98f6aed0c4e4f7733d3ba0c36f4496d97e583cb7caf9ac6	0123af9e96b58af4e98b91a2de5608d36b63c67864b9041d3340587f3dbe40d2	cfa8dcf0d81c408de38d4202fe1ce9d9e5e301d1e67439c9530da94b1e64ee3f	ae0caca34fe9b6eb8097958d2fbb8d2b6a1fad60f91f3c2b8d948c43dbfcee39
semantic-proposal-v1	SC1-40ec5065d6e6cddc729b7c731488c88bbb8a41f2336a5cb38d25f79469e1f277	S016267	1	P01	ABI.tsv	193079	layout	x86_64	include/uapi/linux/netdev.h	type	anonymous_enum@106	106	PENDING_REVIEW	SOURCE_REVIEWED_VALUE	COMPLETE	vendor/linux/include/uapi/linux/netdev.h;vendor/linux/include/uapi/linux/netdev.h:106;header-context=PENDING_REVIEW	425f94c2954b1fe80ebdbf9b29854e89750355df	f24cb1108af94200ee7a600fac46c70a86ad7f5182fa08b8da014df602b81fd2	a67200b9de936585f98f6aed0c4e4f7733d3ba0c36f4496d97e583cb7caf9ac6	0123af9e96b58af4e98b91a2de5608d36b63c67864b9041d3340587f3dbe40d2	cfa8dcf0d81c408de38d4202fe1ce9d9e5e301d1e67439c9530da94b1e64ee3f	ae0caca34fe9b6eb8097958d2fbb8d2b6a1fad60f91f3c2b8d948c43dbfcee39
semantic-proposal-v1	SC1-058540b49ec7ac3aaaa3572f3d0db2c6eb7c1d883200abf6146a549202bd1a21	S016267	1	P01	ABI.tsv	193079	status	x86_64	include/uapi/linux/netdev.h	type	anonymous_enum@106	106	PENDING_REVIEW	COMPLETE	COMPLETE	vendor/linux/include/uapi/linux/netdev.h;vendor/linux/include/uapi/linux/netdev.h:106;header-context=PENDING_REVIEW	425f94c2954b1fe80ebdbf9b29854e89750355df	f24cb1108af94200ee7a600fac46c70a86ad7f5182fa08b8da014df602b81fd2	a67200b9de936585f98f6aed0c4e4f7733d3ba0c36f4496d97e583cb7caf9ac6	0123af9e96b58af4e98b91a2de5608d36b63c67864b9041d3340587f3dbe40d2	cfa8dcf0d81c408de38d4202fe1ce9d9e5e301d1e67439c9530da94b1e64ee3f	ae0caca34fe9b6eb8097958d2fbb8d2b6a1fad60f91f3c2b8d948c43dbfcee39
semantic-proposal-v1	SC1-10f598d10593acf641d160ee37f2d16eb2da6c161ca5ff64e7f12044a515d9ea	S016267	1	P01	ABI.tsv	193080	alignment	x86_64	include/uapi/linux/netdev.h	type	anonymous_enum@120	120	PENDING_REVIEW	SOURCE_REVIEWED_VALUE	COMPLETE	vendor/linux/include/uapi/linux/netdev.h;vendor/linux/include/uapi/linux/netdev.h:120;header-context=PENDING_REVIEW	425f94c2954b1fe80ebdbf9b29854e89750355df	f24cb1108af94200ee7a600fac46c70a86ad7f5182fa08b8da014df602b81fd2	a67200b9de936585f98f6aed0c4e4f7733d3ba0c36f4496d97e583cb7caf9ac6	0123af9e96b58af4e98b91a2de5608d36b63c67864b9041d3340587f3dbe40d2	cfa8dcf0d81c408de38d4202fe1ce9d9e5e301d1e67439c9530da94b1e64ee3f	ae0caca34fe9b6eb8097958d2fbb8d2b6a1fad60f91f3c2b8d948c43dbfcee39
semantic-proposal-v1	SC1-8c58c58d2079905de56bf373112267e07546ee9af23c62407876d6028e299c48	S016267	1	P01	ABI.tsv	193080	export_kind	x86_64	include/uapi/linux/netdev.h	type	anonymous_enum@120	120	PENDING_REVIEW	SOURCE_REVIEWED_VALUE	COMPLETE	vendor/linux/include/uapi/linux/netdev.h;vendor/linux/include/uapi/linux/netdev.h:120;header-context=PENDING_REVIEW	425f94c2954b1fe80ebdbf9b29854e89750355df	f24cb1108af94200ee7a600fac46c70a86ad7f5182fa08b8da014df602b81fd2	a67200b9de936585f98f6aed0c4e4f7733d3ba0c36f4496d97e583cb7caf9ac6	0123af9e96b58af4e98b91a2de5608d36b63c67864b9041d3340587f3dbe40d2	cfa8dcf0d81c408de38d4202fe1ce9d9e5e301d1e67439c9530da94b1e64ee3f	ae0caca34fe9b6eb8097958d2fbb8d2b6a1fad60f91f3c2b8d948c43dbfcee39
semantic-proposal-v1	SC1-092dc0cee7b5a5bcfa3491ffcf38e8962affe9128259bc83c5a901e79384dc1b	S016267	1	P01	ABI.tsv	193080	layout	x86_64	include/uapi/linux/netdev.h	type	anonymous_enum@120	120	PENDING_REVIEW	SOURCE_REVIEWED_VALUE	COMPLETE	vendor/linux/include/uapi/linux/netdev.h;vendor/linux/include/uapi/linux/netdev.h:120;header-context=PENDING_REVIEW	425f94c2954b1fe80ebdbf9b29854e89750355df	f24cb1108af94200ee7a600fac46c70a86ad7f5182fa08b8da014df602b81fd2	a67200b9de936585f98f6aed0c4e4f7733d3ba0c36f4496d97e583cb7caf9ac6	0123af9e96b58af4e98b91a2de5608d36b63c67864b9041d3340587f3dbe40d2	cfa8dcf0d81c408de38d4202fe1ce9d9e5e301d1e67439c9530da94b1e64ee3f	ae0caca34fe9b6eb8097958d2fbb8d2b6a1fad60f91f3c2b8d948c43dbfcee39
semantic-proposal-v1	SC1-1efafdc2e3b8059ff41ad1720d2fed4766d034475e14efd3ff86df562e44fe5e	S016267	1	P01	ABI.tsv	193080	status	x86_64	include/uapi/linux/netdev.h	type	anonymous_enum@120	120	PENDING_REVIEW	COMPLETE	COMPLETE	vendor/linux/include/uapi/linux/netdev.h;vendor/linux/include/uapi/linux/netdev.h:120;header-context=PENDING_REVIEW	425f94c2954b1fe80ebdbf9b29854e89750355df	f24cb1108af94200ee7a600fac46c70a86ad7f5182fa08b8da014df602b81fd2	a67200b9de936585f98f6aed0c4e4f7733d3ba0c36f4496d97e583cb7caf9ac6	0123af9e96b58af4e98b91a2de5608d36b63c67864b9041d3340587f3dbe40d2	cfa8dcf0d81c408de38d4202fe1ce9d9e5e301d1e67439c9530da94b1e64ee3f	ae0caca34fe9b6eb8097958d2fbb8d2b6a1fad60f91f3c2b8d948c43dbfcee39
semantic-proposal-v1	SC1-ec66bccf04a1248b494ad34bcf5c0d881c6596d42221d8d37d4b887aa3c968c0	S016267	1	P01	ABI.tsv	193081	alignment	x86_64	include/uapi/linux/netdev.h	type	anonymous_enum@138	138	PENDING_REVIEW	SOURCE_REVIEWED_VALUE	COMPLETE	vendor/linux/include/uapi/linux/netdev.h;vendor/linux/include/uapi/linux/netdev.h:138;header-context=PENDING_REVIEW	425f94c2954b1fe80ebdbf9b29854e89750355df	f24cb1108af94200ee7a600fac46c70a86ad7f5182fa08b8da014df602b81fd2	a67200b9de936585f98f6aed0c4e4f7733d3ba0c36f4496d97e583cb7caf9ac6	0123af9e96b58af4e98b91a2de5608d36b63c67864b9041d3340587f3dbe40d2	cfa8dcf0d81c408de38d4202fe1ce9d9e5e301d1e67439c9530da94b1e64ee3f	ae0caca34fe9b6eb8097958d2fbb8d2b6a1fad60f91f3c2b8d948c43dbfcee39
semantic-proposal-v1	SC1-4b1a4f6ba87f9d8d84160182569339a056e1e2dad632195d8e3be47f7bb26180	S016267	1	P01	ABI.tsv	193081	export_kind	x86_64	include/uapi/linux/netdev.h	type	anonymous_enum@138	138	PENDING_REVIEW	SOURCE_REVIEWED_VALUE	COMPLETE	vendor/linux/include/uapi/linux/netdev.h;vendor/linux/include/uapi/linux/netdev.h:138;header-context=PENDING_REVIEW	425f94c2954b1fe80ebdbf9b29854e89750355df	f24cb1108af94200ee7a600fac46c70a86ad7f5182fa08b8da014df602b81fd2	a67200b9de936585f98f6aed0c4e4f7733d3ba0c36f4496d97e583cb7caf9ac6	0123af9e96b58af4e98b91a2de5608d36b63c67864b9041d3340587f3dbe40d2	cfa8dcf0d81c408de38d4202fe1ce9d9e5e301d1e67439c9530da94b1e64ee3f	ae0caca34fe9b6eb8097958d2fbb8d2b6a1fad60f91f3c2b8d948c43dbfcee39
semantic-proposal-v1	SC1-3807133f4bc922a6162f2135080af1a0bee9b80f93e37de43a2b1d05b22a9646	S016267	1	P01	ABI.tsv	193081	layout	x86_64	include/uapi/linux/netdev.h	type	anonymous_enum@138	138	PENDING_REVIEW	SOURCE_REVIEWED_VALUE	COMPLETE	vendor/linux/include/uapi/linux/netdev.h;vendor/linux/include/uapi/linux/netdev.h:138;header-context=PENDING_REVIEW	425f94c2954b1fe80ebdbf9b29854e89750355df	f24cb1108af94200ee7a600fac46c70a86ad7f5182fa08b8da014df602b81fd2	a67200b9de936585f98f6aed0c4e4f7733d3ba0c36f4496d97e583cb7caf9ac6	0123af9e96b58af4e98b91a2de5608d36b63c67864b9041d3340587f3dbe40d2	cfa8dcf0d81c408de38d4202fe1ce9d9e5e301d1e67439c9530da94b1e64ee3f	ae0caca34fe9b6eb8097958d2fbb8d2b6a1fad60f91f3c2b8d948c43dbfcee39
semantic-proposal-v1	SC1-808411b1836dec08817539910f659ad07d287061a02c3b84d8d3643023338521	S016267	1	P01	ABI.tsv	193081	status	x86_64	include/uapi/linux/netdev.h	type	anonymous_enum@138	138	PENDING_REVIEW	COMPLETE	COMPLETE	vendor/linux/include/uapi/linux/netdev.h;vendor/linux/include/uapi/linux/netdev.h:138;header-context=PENDING_REVIEW	425f94c2954b1fe80ebdbf9b29854e89750355df	f24cb1108af94200ee7a600fac46c70a86ad7f5182fa08b8da014df602b81fd2	a67200b9de936585f98f6aed0c4e4f7733d3ba0c36f4496d97e583cb7caf9ac6	0123af9e96b58af4e98b91a2de5608d36b63c67864b9041d3340587f3dbe40d2	cfa8dcf0d81c408de38d4202fe1ce9d9e5e301d1e67439c9530da94b1e64ee3f	ae0caca34fe9b6eb8097958d2fbb8d2b6a1fad60f91f3c2b8d948c43dbfcee39
semantic-proposal-v1	SC1-74ae80eb75eda5162ccaa66cda137718baf040f30bf258303b909a25088cc5e2	S016267	1	P01	ABI.tsv	193082	alignment	x86_64	include/uapi/linux/netdev.h	type	anonymous_enum@152	152	PENDING_REVIEW	SOURCE_REVIEWED_VALUE	COMPLETE	vendor/linux/include/uapi/linux/netdev.h;vendor/linux/include/uapi/linux/netdev.h:152;header-context=PENDING_REVIEW	425f94c2954b1fe80ebdbf9b29854e89750355df	f24cb1108af94200ee7a600fac46c70a86ad7f5182fa08b8da014df602b81fd2	a67200b9de936585f98f6aed0c4e4f7733d3ba0c36f4496d97e583cb7caf9ac6	0123af9e96b58af4e98b91a2de5608d36b63c67864b9041d3340587f3dbe40d2	cfa8dcf0d81c408de38d4202fe1ce9d9e5e301d1e67439c9530da94b1e64ee3f	ae0caca34fe9b6eb8097958d2fbb8d2b6a1fad60f91f3c2b8d948c43dbfcee39
semantic-proposal-v1	SC1-39e627ee2dc20021721b7c860784e62c7a8760182caf879acd7bbc59e9440ed0	S016267	1	P01	ABI.tsv	193082	export_kind	x86_64	include/uapi/linux/netdev.h	type	anonymous_enum@152	152	PENDING_REVIEW	SOURCE_REVIEWED_VALUE	COMPLETE	vendor/linux/include/uapi/linux/netdev.h;vendor/linux/include/uapi/linux/netdev.h:152;header-context=PENDING_REVIEW	425f94c2954b1fe80ebdbf9b29854e89750355df	f24cb1108af94200ee7a600fac46c70a86ad7f5182fa08b8da014df602b81fd2	a67200b9de936585f98f6aed0c4e4f7733d3ba0c36f4496d97e583cb7caf9ac6	0123af9e96b58af4e98b91a2de5608d36b63c67864b9041d3340587f3dbe40d2	cfa8dcf0d81c408de38d4202fe1ce9d9e5e301d1e67439c9530da94b1e64ee3f	ae0caca34fe9b6eb8097958d2fbb8d2b6a1fad60f91f3c2b8d948c43dbfcee39
semantic-proposal-v1	SC1-a475e64bd4ebc979d3352ffb90c6f0a6ca3ba63a2c88b080e497667e507a3bfe	S016267	1	P01	ABI.tsv	193082	layout	x86_64	include/uapi/linux/netdev.h	type	anonymous_enum@152	152	PENDING_REVIEW	SOURCE_REVIEWED_VALUE	COMPLETE	vendor/linux/include/uapi/linux/netdev.h;vendor/linux/include/uapi/linux/netdev.h:152;header-context=PENDING_REVIEW	425f94c2954b1fe80ebdbf9b29854e89750355df	f24cb1108af94200ee7a600fac46c70a86ad7f5182fa08b8da014df602b81fd2	a67200b9de936585f98f6aed0c4e4f7733d3ba0c36f4496d97e583cb7caf9ac6	0123af9e96b58af4e98b91a2de5608d36b63c67864b9041d3340587f3dbe40d2	cfa8dcf0d81c408de38d4202fe1ce9d9e5e301d1e67439c9530da94b1e64ee3f	ae0caca34fe9b6eb8097958d2fbb8d2b6a1fad60f91f3c2b8d948c43dbfcee39
semantic-proposal-v1	SC1-7db666d7961fcb1eafccc96806d0c3c5c1fb6dc8309cf7d2f49248dfa2fe815c	S016267	1	P01	ABI.tsv	193082	status	x86_64	include/uapi/linux/netdev.h	type	anonymous_enum@152	152	PENDING_REVIEW	COMPLETE	COMPLETE	vendor/linux/include/uapi/linux/netdev.h;vendor/linux/include/uapi/linux/netdev.h:152;header-context=PENDING_REVIEW	425f94c2954b1fe80ebdbf9b29854e89750355df	f24cb1108af94200ee7a600fac46c70a86ad7f5182fa08b8da014df602b81fd2	a67200b9de936585f98f6aed0c4e4f7733d3ba0c36f4496d97e583cb7caf9ac6	0123af9e96b58af4e98b91a2de5608d36b63c67864b9041d3340587f3dbe40d2	cfa8dcf0d81c408de38d4202fe1ce9d9e5e301d1e67439c9530da94b1e64ee3f	ae0caca34fe9b6eb8097958d2fbb8d2b6a1fad60f91f3c2b8d948c43dbfcee39
semantic-proposal-v1	SC1-d1689a4911bffb40ce9825f37d4b5ba96d5d772b303ee0004d9ab0bb530ac699	S016267	1	P01	ABI.tsv	193083	alignment	x86_64	include/uapi/linux/netdev.h	type	anonymous_enum@157	157	PENDING_REVIEW	SOURCE_REVIEWED_VALUE	COMPLETE	vendor/linux/include/uapi/linux/netdev.h;vendor/linux/include/uapi/linux/netdev.h:157;header-context=PENDING_REVIEW	425f94c2954b1fe80ebdbf9b29854e89750355df	f24cb1108af94200ee7a600fac46c70a86ad7f5182fa08b8da014df602b81fd2	a67200b9de936585f98f6aed0c4e4f7733d3ba0c36f4496d97e583cb7caf9ac6	0123af9e96b58af4e98b91a2de5608d36b63c67864b9041d3340587f3dbe40d2	cfa8dcf0d81c408de38d4202fe1ce9d9e5e301d1e67439c9530da94b1e64ee3f	ae0caca34fe9b6eb8097958d2fbb8d2b6a1fad60f91f3c2b8d948c43dbfcee39
semantic-proposal-v1	SC1-255afc025a0d6f4be2a2b1eecfd9efa59cfd8511a944dd35e8bfe0ab114e9646	S016267	1	P01	ABI.tsv	193083	export_kind	x86_64	include/uapi/linux/netdev.h	type	anonymous_enum@157	157	PENDING_REVIEW	SOURCE_REVIEWED_VALUE	COMPLETE	vendor/linux/include/uapi/linux/netdev.h;vendor/linux/include/uapi/linux/netdev.h:157;header-context=PENDING_REVIEW	425f94c2954b1fe80ebdbf9b29854e89750355df	f24cb1108af94200ee7a600fac46c70a86ad7f5182fa08b8da014df602b81fd2	a67200b9de936585f98f6aed0c4e4f7733d3ba0c36f4496d97e583cb7caf9ac6	0123af9e96b58af4e98b91a2de5608d36b63c67864b9041d3340587f3dbe40d2	cfa8dcf0d81c408de38d4202fe1ce9d9e5e301d1e67439c9530da94b1e64ee3f	ae0caca34fe9b6eb8097958d2fbb8d2b6a1fad60f91f3c2b8d948c43dbfcee39
semantic-proposal-v1	SC1-2cd1334fbcc83a77df840063a2f5c98b52e0ce8f547d45977c7f8c0c7e3b9814	S016267	1	P01	ABI.tsv	193083	layout	x86_64	include/uapi/linux/netdev.h	type	anonymous_enum@157	157	PENDING_REVIEW	SOURCE_REVIEWED_VALUE	COMPLETE	vendor/linux/include/uapi/linux/netdev.h;vendor/linux/include/uapi/linux/netdev.h:157;header-context=PENDING_REVIEW	425f94c2954b1fe80ebdbf9b29854e89750355df	f24cb1108af94200ee7a600fac46c70a86ad7f5182fa08b8da014df602b81fd2	a67200b9de936585f98f6aed0c4e4f7733d3ba0c36f4496d97e583cb7caf9ac6	0123af9e96b58af4e98b91a2de5608d36b63c67864b9041d3340587f3dbe40d2	cfa8dcf0d81c408de38d4202fe1ce9d9e5e301d1e67439c9530da94b1e64ee3f	ae0caca34fe9b6eb8097958d2fbb8d2b6a1fad60f91f3c2b8d948c43dbfcee39
semantic-proposal-v1	SC1-81edb412557f1ded270160018d90859ca51e4a5faaac790839b80004bf20eaa4	S016267	1	P01	ABI.tsv	193083	status	x86_64	include/uapi/linux/netdev.h	type	anonymous_enum@157	157	PENDING_REVIEW	COMPLETE	COMPLETE	vendor/linux/include/uapi/linux/netdev.h;vendor/linux/include/uapi/linux/netdev.h:157;header-context=PENDING_REVIEW	425f94c2954b1fe80ebdbf9b29854e89750355df	f24cb1108af94200ee7a600fac46c70a86ad7f5182fa08b8da014df602b81fd2	a67200b9de936585f98f6aed0c4e4f7733d3ba0c36f4496d97e583cb7caf9ac6	0123af9e96b58af4e98b91a2de5608d36b63c67864b9041d3340587f3dbe40d2	cfa8dcf0d81c408de38d4202fe1ce9d9e5e301d1e67439c9530da94b1e64ee3f	ae0caca34fe9b6eb8097958d2fbb8d2b6a1fad60f91f3c2b8d948c43dbfcee39
semantic-proposal-v1	SC1-7601eb7d328dbe51a5185605d1f75a56eeeb6827415c29ae6cb3b7bdd6011519	S016267	1	P01	ABI.tsv	193084	alignment	x86_64	include/uapi/linux/netdev.h	type	anonymous_enum@171	171	PENDING_REVIEW	SOURCE_REVIEWED_VALUE	COMPLETE	vendor/linux/include/uapi/linux/netdev.h;vendor/linux/include/uapi/linux/netdev.h:171;header-context=PENDING_REVIEW	425f94c2954b1fe80ebdbf9b29854e89750355df	f24cb1108af94200ee7a600fac46c70a86ad7f5182fa08b8da014df602b81fd2	a67200b9de936585f98f6aed0c4e4f7733d3ba0c36f4496d97e583cb7caf9ac6	0123af9e96b58af4e98b91a2de5608d36b63c67864b9041d3340587f3dbe40d2	cfa8dcf0d81c408de38d4202fe1ce9d9e5e301d1e67439c9530da94b1e64ee3f	ae0caca34fe9b6eb8097958d2fbb8d2b6a1fad60f91f3c2b8d948c43dbfcee39
semantic-proposal-v1	SC1-9d8abd58ae8e8b149c898415bfba005dace2057cd8e2ebdc07e8b791aa3f88cc	S016267	1	P01	ABI.tsv	193084	export_kind	x86_64	include/uapi/linux/netdev.h	type	anonymous_enum@171	171	PENDING_REVIEW	SOURCE_REVIEWED_VALUE	COMPLETE	vendor/linux/include/uapi/linux/netdev.h;vendor/linux/include/uapi/linux/netdev.h:171;header-context=PENDING_REVIEW	425f94c2954b1fe80ebdbf9b29854e89750355df	f24cb1108af94200ee7a600fac46c70a86ad7f5182fa08b8da014df602b81fd2	a67200b9de936585f98f6aed0c4e4f7733d3ba0c36f4496d97e583cb7caf9ac6	0123af9e96b58af4e98b91a2de5608d36b63c67864b9041d3340587f3dbe40d2	cfa8dcf0d81c408de38d4202fe1ce9d9e5e301d1e67439c9530da94b1e64ee3f	ae0caca34fe9b6eb8097958d2fbb8d2b6a1fad60f91f3c2b8d948c43dbfcee39
semantic-proposal-v1	SC1-b55de8f9ed7370223ac86a2ffb9464dd92161cb27a33ca714df81c700470192f	S016267	1	P01	ABI.tsv	193084	layout	x86_64	include/uapi/linux/netdev.h	type	anonymous_enum@171	171	PENDING_REVIEW	SOURCE_REVIEWED_VALUE	COMPLETE	vendor/linux/include/uapi/linux/netdev.h;vendor/linux/include/uapi/linux/netdev.h:171;header-context=PENDING_REVIEW	425f94c2954b1fe80ebdbf9b29854e89750355df	f24cb1108af94200ee7a600fac46c70a86ad7f5182fa08b8da014df602b81fd2	a67200b9de936585f98f6aed0c4e4f7733d3ba0c36f4496d97e583cb7caf9ac6	0123af9e96b58af4e98b91a2de5608d36b63c67864b9041d3340587f3dbe40d2	cfa8dcf0d81c408de38d4202fe1ce9d9e5e301d1e67439c9530da94b1e64ee3f	ae0caca34fe9b6eb8097958d2fbb8d2b6a1fad60f91f3c2b8d948c43dbfcee39
semantic-proposal-v1	SC1-b0e291d50d58a1cf92ab3332b424522d26918e477283070a9df71e742f6f9821	S016267	1	P01	ABI.tsv	193084	status	x86_64	include/uapi/linux/netdev.h	type	anonymous_enum@171	171	PENDING_REVIEW	COMPLETE	COMPLETE	vendor/linux/include/uapi/linux/netdev.h;vendor/linux/include/uapi/linux/netdev.h:171;header-context=PENDING_REVIEW	425f94c2954b1fe80ebdbf9b29854e89750355df	f24cb1108af94200ee7a600fac46c70a86ad7f5182fa08b8da014df602b81fd2	a67200b9de936585f98f6aed0c4e4f7733d3ba0c36f4496d97e583cb7caf9ac6	0123af9e96b58af4e98b91a2de5608d36b63c67864b9041d3340587f3dbe40d2	cfa8dcf0d81c408de38d4202fe1ce9d9e5e301d1e67439c9530da94b1e64ee3f	ae0caca34fe9b6eb8097958d2fbb8d2b6a1fad60f91f3c2b8d948c43dbfcee39
semantic-proposal-v1	SC1-1c122c57cb974b3a3489fc5a83bc63b069b06e1807787131ef83cbe353170773	S016267	1	P01	ABI.tsv	193085	alignment	x86_64	include/uapi/linux/netdev.h	type	anonymous_enum@208	208	PENDING_REVIEW	SOURCE_REVIEWED_VALUE	COMPLETE	vendor/linux/include/uapi/linux/netdev.h;vendor/linux/include/uapi/linux/netdev.h:208;header-context=PENDING_REVIEW	425f94c2954b1fe80ebdbf9b29854e89750355df	f24cb1108af94200ee7a600fac46c70a86ad7f5182fa08b8da014df602b81fd2	a67200b9de936585f98f6aed0c4e4f7733d3ba0c36f4496d97e583cb7caf9ac6	0123af9e96b58af4e98b91a2de5608d36b63c67864b9041d3340587f3dbe40d2	cfa8dcf0d81c408de38d4202fe1ce9d9e5e301d1e67439c9530da94b1e64ee3f	ae0caca34fe9b6eb8097958d2fbb8d2b6a1fad60f91f3c2b8d948c43dbfcee39
semantic-proposal-v1	SC1-d67a7cfa72a3a397c4bbfc1ba16467aabd356949f24f997777f00c8675877eaa	S016267	1	P01	ABI.tsv	193085	export_kind	x86_64	include/uapi/linux/netdev.h	type	anonymous_enum@208	208	PENDING_REVIEW	SOURCE_REVIEWED_VALUE	COMPLETE	vendor/linux/include/uapi/linux/netdev.h;vendor/linux/include/uapi/linux/netdev.h:208;header-context=PENDING_REVIEW	425f94c2954b1fe80ebdbf9b29854e89750355df	f24cb1108af94200ee7a600fac46c70a86ad7f5182fa08b8da014df602b81fd2	a67200b9de936585f98f6aed0c4e4f7733d3ba0c36f4496d97e583cb7caf9ac6	0123af9e96b58af4e98b91a2de5608d36b63c67864b9041d3340587f3dbe40d2	cfa8dcf0d81c408de38d4202fe1ce9d9e5e301d1e67439c9530da94b1e64ee3f	ae0caca34fe9b6eb8097958d2fbb8d2b6a1fad60f91f3c2b8d948c43dbfcee39
semantic-proposal-v1	SC1-f57d3af1be63a77fe4e14ab58fc8942d96b3d373c283f44824916e8e00e44105	S016267	1	P01	ABI.tsv	193085	layout	x86_64	include/uapi/linux/netdev.h	type	anonymous_enum@208	208	PENDING_REVIEW	SOURCE_REVIEWED_VALUE	COMPLETE	vendor/linux/include/uapi/linux/netdev.h;vendor/linux/include/uapi/linux/netdev.h:208;header-context=PENDING_REVIEW	425f94c2954b1fe80ebdbf9b29854e89750355df	f24cb1108af94200ee7a600fac46c70a86ad7f5182fa08b8da014df602b81fd2	a67200b9de936585f98f6aed0c4e4f7733d3ba0c36f4496d97e583cb7caf9ac6	0123af9e96b58af4e98b91a2de5608d36b63c67864b9041d3340587f3dbe40d2	cfa8dcf0d81c408de38d4202fe1ce9d9e5e301d1e67439c9530da94b1e64ee3f	ae0caca34fe9b6eb8097958d2fbb8d2b6a1fad60f91f3c2b8d948c43dbfcee39
semantic-proposal-v1	SC1-3409f34f3892ca6c416c751dc2b26d9404cbb0ce88c6f30d480ba95a8df92f3b	S016267	1	P01	ABI.tsv	193085	status	x86_64	include/uapi/linux/netdev.h	type	anonymous_enum@208	208	PENDING_REVIEW	COMPLETE	COMPLETE	vendor/linux/include/uapi/linux/netdev.h;vendor/linux/include/uapi/linux/netdev.h:208;header-context=PENDING_REVIEW	425f94c2954b1fe80ebdbf9b29854e89750355df	f24cb1108af94200ee7a600fac46c70a86ad7f5182fa08b8da014df602b81fd2	a67200b9de936585f98f6aed0c4e4f7733d3ba0c36f4496d97e583cb7caf9ac6	0123af9e96b58af4e98b91a2de5608d36b63c67864b9041d3340587f3dbe40d2	cfa8dcf0d81c408de38d4202fe1ce9d9e5e301d1e67439c9530da94b1e64ee3f	ae0caca34fe9b6eb8097958d2fbb8d2b6a1fad60f91f3c2b8d948c43dbfcee39
semantic-proposal-v1	SC1-bca0470c7d0c131f0116dd0904f59e3149744efe8d58f455468a59d31fd2eef5	S016267	1	P01	ABI.tsv	193086	alignment	x86_64	include/uapi/linux/netdev.h	type	anonymous_enum@217	217	PENDING_REVIEW	SOURCE_REVIEWED_VALUE	COMPLETE	vendor/linux/include/uapi/linux/netdev.h;vendor/linux/include/uapi/linux/netdev.h:217;header-context=PENDING_REVIEW	425f94c2954b1fe80ebdbf9b29854e89750355df	f24cb1108af94200ee7a600fac46c70a86ad7f5182fa08b8da014df602b81fd2	a67200b9de936585f98f6aed0c4e4f7733d3ba0c36f4496d97e583cb7caf9ac6	0123af9e96b58af4e98b91a2de5608d36b63c67864b9041d3340587f3dbe40d2	cfa8dcf0d81c408de38d4202fe1ce9d9e5e301d1e67439c9530da94b1e64ee3f	ae0caca34fe9b6eb8097958d2fbb8d2b6a1fad60f91f3c2b8d948c43dbfcee39
semantic-proposal-v1	SC1-30ac8057ab36cafa8b120eca100464f1a63604ef8c74ed43d500d9abd96114d1	S016267	1	P01	ABI.tsv	193086	export_kind	x86_64	include/uapi/linux/netdev.h	type	anonymous_enum@217	217	PENDING_REVIEW	SOURCE_REVIEWED_VALUE	COMPLETE	vendor/linux/include/uapi/linux/netdev.h;vendor/linux/include/uapi/linux/netdev.h:217;header-context=PENDING_REVIEW	425f94c2954b1fe80ebdbf9b29854e89750355df	f24cb1108af94200ee7a600fac46c70a86ad7f5182fa08b8da014df602b81fd2	a67200b9de936585f98f6aed0c4e4f7733d3ba0c36f4496d97e583cb7caf9ac6	0123af9e96b58af4e98b91a2de5608d36b63c67864b9041d3340587f3dbe40d2	cfa8dcf0d81c408de38d4202fe1ce9d9e5e301d1e67439c9530da94b1e64ee3f	ae0caca34fe9b6eb8097958d2fbb8d2b6a1fad60f91f3c2b8d948c43dbfcee39
semantic-proposal-v1	SC1-dd1b93c2c111e1c57539c5330149686e16229ae39061e2ef47407f9e9d715cd3	S016267	1	P01	ABI.tsv	193086	layout	x86_64	include/uapi/linux/netdev.h	type	anonymous_enum@217	217	PENDING_REVIEW	SOURCE_REVIEWED_VALUE	COMPLETE	vendor/linux/include/uapi/linux/netdev.h;vendor/linux/include/uapi/linux/netdev.h:217;header-context=PENDING_REVIEW	425f94c2954b1fe80ebdbf9b29854e89750355df	f24cb1108af94200ee7a600fac46c70a86ad7f5182fa08b8da014df602b81fd2	a67200b9de936585f98f6aed0c4e4f7733d3ba0c36f4496d97e583cb7caf9ac6	0123af9e96b58af4e98b91a2de5608d36b63c67864b9041d3340587f3dbe40d2	cfa8dcf0d81c408de38d4202fe1ce9d9e5e301d1e67439c9530da94b1e64ee3f	ae0caca34fe9b6eb8097958d2fbb8d2b6a1fad60f91f3c2b8d948c43dbfcee39
semantic-proposal-v1	SC1-e72cb869f6f084e226a32371589770a4068bebdb33255a1c6d86c85930e8f67d	S016267	1	P01	ABI.tsv	193086	status	x86_64	include/uapi/linux/netdev.h	type	anonymous_enum@217	217	PENDING_REVIEW	COMPLETE	COMPLETE	vendor/linux/include/uapi/linux/netdev.h;vendor/linux/include/uapi/linux/netdev.h:217;header-context=PENDING_REVIEW	425f94c2954b1fe80ebdbf9b29854e89750355df	f24cb1108af94200ee7a600fac46c70a86ad7f5182fa08b8da014df602b81fd2	a67200b9de936585f98f6aed0c4e4f7733d3ba0c36f4496d97e583cb7caf9ac6	0123af9e96b58af4e98b91a2de5608d36b63c67864b9041d3340587f3dbe40d2	cfa8dcf0d81c408de38d4202fe1ce9d9e5e301d1e67439c9530da94b1e64ee3f	ae0caca34fe9b6eb8097958d2fbb8d2b6a1fad60f91f3c2b8d948c43dbfcee39
semantic-proposal-v1	SC1-13e60d1cc3a7b4717f1b3487b0b6ab4aa3d194a875cdecca5a65c1e4eb6e9048	S016267	1	P01	ABI.tsv	193087	alignment	x86_64	include/uapi/linux/netdev.h	type	anonymous_enum@227	227	PENDING_REVIEW	SOURCE_REVIEWED_VALUE	COMPLETE	vendor/linux/include/uapi/linux/netdev.h;vendor/linux/include/uapi/linux/netdev.h:227;header-context=PENDING_REVIEW	425f94c2954b1fe80ebdbf9b29854e89750355df	f24cb1108af94200ee7a600fac46c70a86ad7f5182fa08b8da014df602b81fd2	a67200b9de936585f98f6aed0c4e4f7733d3ba0c36f4496d97e583cb7caf9ac6	0123af9e96b58af4e98b91a2de5608d36b63c67864b9041d3340587f3dbe40d2	cfa8dcf0d81c408de38d4202fe1ce9d9e5e301d1e67439c9530da94b1e64ee3f	ae0caca34fe9b6eb8097958d2fbb8d2b6a1fad60f91f3c2b8d948c43dbfcee39
semantic-proposal-v1	SC1-3feab3aa06fc8b8e3d80e51fb4f0695fccae727e3253539299df701171bd7ab5	S016267	1	P01	ABI.tsv	193087	export_kind	x86_64	include/uapi/linux/netdev.h	type	anonymous_enum@227	227	PENDING_REVIEW	SOURCE_REVIEWED_VALUE	COMPLETE	vendor/linux/include/uapi/linux/netdev.h;vendor/linux/include/uapi/linux/netdev.h:227;header-context=PENDING_REVIEW	425f94c2954b1fe80ebdbf9b29854e89750355df	f24cb1108af94200ee7a600fac46c70a86ad7f5182fa08b8da014df602b81fd2	a67200b9de936585f98f6aed0c4e4f7733d3ba0c36f4496d97e583cb7caf9ac6	0123af9e96b58af4e98b91a2de5608d36b63c67864b9041d3340587f3dbe40d2	cfa8dcf0d81c408de38d4202fe1ce9d9e5e301d1e67439c9530da94b1e64ee3f	ae0caca34fe9b6eb8097958d2fbb8d2b6a1fad60f91f3c2b8d948c43dbfcee39
semantic-proposal-v1	SC1-017e349404f0503a92935374b3169c939cf68c32d284a203cec515c3fbef7b5e	S016267	1	P01	ABI.tsv	193087	layout	x86_64	include/uapi/linux/netdev.h	type	anonymous_enum@227	227	PENDING_REVIEW	SOURCE_REVIEWED_VALUE	COMPLETE	vendor/linux/include/uapi/linux/netdev.h;vendor/linux/include/uapi/linux/netdev.h:227;header-context=PENDING_REVIEW	425f94c2954b1fe80ebdbf9b29854e89750355df	f24cb1108af94200ee7a600fac46c70a86ad7f5182fa08b8da014df602b81fd2	a67200b9de936585f98f6aed0c4e4f7733d3ba0c36f4496d97e583cb7caf9ac6	0123af9e96b58af4e98b91a2de5608d36b63c67864b9041d3340587f3dbe40d2	cfa8dcf0d81c408de38d4202fe1ce9d9e5e301d1e67439c9530da94b1e64ee3f	ae0caca34fe9b6eb8097958d2fbb8d2b6a1fad60f91f3c2b8d948c43dbfcee39
semantic-proposal-v1	SC1-48dc875dad87cf5a2e22fe96ebb63281978bde5a1899d8ee15fc581166d4da20	S016267	1	P01	ABI.tsv	193087	status	x86_64	include/uapi/linux/netdev.h	type	anonymous_enum@227	227	PENDING_REVIEW	COMPLETE	COMPLETE	vendor/linux/include/uapi/linux/netdev.h;vendor/linux/include/uapi/linux/netdev.h:227;header-context=PENDING_REVIEW	425f94c2954b1fe80ebdbf9b29854e89750355df	f24cb1108af94200ee7a600fac46c70a86ad7f5182fa08b8da014df602b81fd2	a67200b9de936585f98f6aed0c4e4f7733d3ba0c36f4496d97e583cb7caf9ac6	0123af9e96b58af4e98b91a2de5608d36b63c67864b9041d3340587f3dbe40d2	cfa8dcf0d81c408de38d4202fe1ce9d9e5e301d1e67439c9530da94b1e64ee3f	ae0caca34fe9b6eb8097958d2fbb8d2b6a1fad60f91f3c2b8d948c43dbfcee39
semantic-proposal-v1	SC1-9f0d72c9eb8315b65467ea77432a52dcfb479f575d1d00182344e38a2c51534d	S016267	1	P01	LIFETIMES.tsv	188995	lifetime_contract	aarch64	include/uapi/linux/netdev.h	type	enum netdev_xdp_act	29	PENDING_REVIEW	SOURCE_REVIEWED_VALUE	COMPLETE	vendor/linux/include/uapi/linux/netdev.h;vendor/linux/include/uapi/linux/netdev.h:29;header-context=PENDING_REVIEW	425f94c2954b1fe80ebdbf9b29854e89750355df	f24cb1108af94200ee7a600fac46c70a86ad7f5182fa08b8da014df602b81fd2	a67200b9de936585f98f6aed0c4e4f7733d3ba0c36f4496d97e583cb7caf9ac6	0123af9e96b58af4e98b91a2de5608d36b63c67864b9041d3340587f3dbe40d2	cfa8dcf0d81c408de38d4202fe1ce9d9e5e301d1e67439c9530da94b1e64ee3f	0e7e60940dd21c28f3d10965325f70644fc000495a2d61984437dec666da93d8
semantic-proposal-v1	SC1-d759ecadbfdc629ddd85c48eac486bd311f8b392cc7d9846e820a1354b7c6d47	S016267	1	P01	LIFETIMES.tsv	188995	locking_rcu_refcount	aarch64	include/uapi/linux/netdev.h	type	enum netdev_xdp_act	29	PENDING_REVIEW	SOURCE_REVIEWED_VALUE	COMPLETE	vendor/linux/include/uapi/linux/netdev.h;vendor/linux/include/uapi/linux/netdev.h:29;header-context=PENDING_REVIEW	425f94c2954b1fe80ebdbf9b29854e89750355df	f24cb1108af94200ee7a600fac46c70a86ad7f5182fa08b8da014df602b81fd2	a67200b9de936585f98f6aed0c4e4f7733d3ba0c36f4496d97e583cb7caf9ac6	0123af9e96b58af4e98b91a2de5608d36b63c67864b9041d3340587f3dbe40d2	cfa8dcf0d81c408de38d4202fe1ce9d9e5e301d1e67439c9530da94b1e64ee3f	0e7e60940dd21c28f3d10965325f70644fc000495a2d61984437dec666da93d8
semantic-proposal-v1	SC1-2dc4a48f7410a54580e5147f1aee14d465f7f7834dcf6d1ff62caf0e35b773b5	S016267	1	P01	LIFETIMES.tsv	188995	ownership	aarch64	include/uapi/linux/netdev.h	type	enum netdev_xdp_act	29	PENDING_REVIEW	SOURCE_REVIEWED_VALUE	COMPLETE	vendor/linux/include/uapi/linux/netdev.h;vendor/linux/include/uapi/linux/netdev.h:29;header-context=PENDING_REVIEW	425f94c2954b1fe80ebdbf9b29854e89750355df	f24cb1108af94200ee7a600fac46c70a86ad7f5182fa08b8da014df602b81fd2	a67200b9de936585f98f6aed0c4e4f7733d3ba0c36f4496d97e583cb7caf9ac6	0123af9e96b58af4e98b91a2de5608d36b63c67864b9041d3340587f3dbe40d2	cfa8dcf0d81c408de38d4202fe1ce9d9e5e301d1e67439c9530da94b1e64ee3f	0e7e60940dd21c28f3d10965325f70644fc000495a2d61984437dec666da93d8
semantic-proposal-v1	SC1-e7961669cb1ffdfd0e4d703777a92bda970efcfce625dc28ffdfa0e9f7f959be	S016267	1	P01	LIFETIMES.tsv	188995	status	aarch64	include/uapi/linux/netdev.h	type	enum netdev_xdp_act	29	PENDING_REVIEW	COMPLETE	COMPLETE	vendor/linux/include/uapi/linux/netdev.h;vendor/linux/include/uapi/linux/netdev.h:29;header-context=PENDING_REVIEW	425f94c2954b1fe80ebdbf9b29854e89750355df	f24cb1108af94200ee7a600fac46c70a86ad7f5182fa08b8da014df602b81fd2	a67200b9de936585f98f6aed0c4e4f7733d3ba0c36f4496d97e583cb7caf9ac6	0123af9e96b58af4e98b91a2de5608d36b63c67864b9041d3340587f3dbe40d2	cfa8dcf0d81c408de38d4202fe1ce9d9e5e301d1e67439c9530da94b1e64ee3f	0e7e60940dd21c28f3d10965325f70644fc000495a2d61984437dec666da93d8
semantic-proposal-v1	SC1-2ff1b7313cb48d786d2eb6922742a50401cab237c14d64df2aa0f9e73c832da1	S016267	1	P01	LIFETIMES.tsv	188996	lifetime_contract	aarch64	include/uapi/linux/netdev.h	type	enum netdev_xdp_rx_metadata	51	PENDING_REVIEW	SOURCE_REVIEWED_VALUE	COMPLETE	vendor/linux/include/uapi/linux/netdev.h;vendor/linux/include/uapi/linux/netdev.h:51;header-context=PENDING_REVIEW	425f94c2954b1fe80ebdbf9b29854e89750355df	f24cb1108af94200ee7a600fac46c70a86ad7f5182fa08b8da014df602b81fd2	a67200b9de936585f98f6aed0c4e4f7733d3ba0c36f4496d97e583cb7caf9ac6	0123af9e96b58af4e98b91a2de5608d36b63c67864b9041d3340587f3dbe40d2	cfa8dcf0d81c408de38d4202fe1ce9d9e5e301d1e67439c9530da94b1e64ee3f	0e7e60940dd21c28f3d10965325f70644fc000495a2d61984437dec666da93d8
semantic-proposal-v1	SC1-4e797c4de634e914c903769514ea214e7d575ef0a2e2b1e58a211eccab4c4a93	S016267	1	P01	LIFETIMES.tsv	188996	locking_rcu_refcount	aarch64	include/uapi/linux/netdev.h	type	enum netdev_xdp_rx_metadata	51	PENDING_REVIEW	SOURCE_REVIEWED_VALUE	COMPLETE	vendor/linux/include/uapi/linux/netdev.h;vendor/linux/include/uapi/linux/netdev.h:51;header-context=PENDING_REVIEW	425f94c2954b1fe80ebdbf9b29854e89750355df	f24cb1108af94200ee7a600fac46c70a86ad7f5182fa08b8da014df602b81fd2	a67200b9de936585f98f6aed0c4e4f7733d3ba0c36f4496d97e583cb7caf9ac6	0123af9e96b58af4e98b91a2de5608d36b63c67864b9041d3340587f3dbe40d2	cfa8dcf0d81c408de38d4202fe1ce9d9e5e301d1e67439c9530da94b1e64ee3f	0e7e60940dd21c28f3d10965325f70644fc000495a2d61984437dec666da93d8
semantic-proposal-v1	SC1-410c57edf8f1172b609b0fa8ae9b01db10280ad1b42f34cdf3bc5f2b9eaa9e99	S016267	1	P01	LIFETIMES.tsv	188996	ownership	aarch64	include/uapi/linux/netdev.h	type	enum netdev_xdp_rx_metadata	51	PENDING_REVIEW	SOURCE_REVIEWED_VALUE	COMPLETE	vendor/linux/include/uapi/linux/netdev.h;vendor/linux/include/uapi/linux/netdev.h:51;header-context=PENDING_REVIEW	425f94c2954b1fe80ebdbf9b29854e89750355df	f24cb1108af94200ee7a600fac46c70a86ad7f5182fa08b8da014df602b81fd2	a67200b9de936585f98f6aed0c4e4f7733d3ba0c36f4496d97e583cb7caf9ac6	0123af9e96b58af4e98b91a2de5608d36b63c67864b9041d3340587f3dbe40d2	cfa8dcf0d81c408de38d4202fe1ce9d9e5e301d1e67439c9530da94b1e64ee3f	0e7e60940dd21c28f3d10965325f70644fc000495a2d61984437dec666da93d8
semantic-proposal-v1	SC1-be7ed2b52dbea6dec32fe0ae0709bbf485616e6d252ac130697fe124057b9278	S016267	1	P01	LIFETIMES.tsv	188996	status	aarch64	include/uapi/linux/netdev.h	type	enum netdev_xdp_rx_metadata	51	PENDING_REVIEW	COMPLETE	COMPLETE	vendor/linux/include/uapi/linux/netdev.h;vendor/linux/include/uapi/linux/netdev.h:51;header-context=PENDING_REVIEW	425f94c2954b1fe80ebdbf9b29854e89750355df	f24cb1108af94200ee7a600fac46c70a86ad7f5182fa08b8da014df602b81fd2	a67200b9de936585f98f6aed0c4e4f7733d3ba0c36f4496d97e583cb7caf9ac6	0123af9e96b58af4e98b91a2de5608d36b63c67864b9041d3340587f3dbe40d2	cfa8dcf0d81c408de38d4202fe1ce9d9e5e301d1e67439c9530da94b1e64ee3f	0e7e60940dd21c28f3d10965325f70644fc000495a2d61984437dec666da93d8
semantic-proposal-v1	SC1-4bc5f7b57e3f2c0207662a32344524aff0d3f79084f4d83d5dd0feb5c072cd54	S016267	1	P01	LIFETIMES.tsv	188997	lifetime_contract	aarch64	include/uapi/linux/netdev.h	type	enum netdev_xsk_flags	66	PENDING_REVIEW	SOURCE_REVIEWED_VALUE	COMPLETE	vendor/linux/include/uapi/linux/netdev.h;vendor/linux/include/uapi/linux/netdev.h:66;header-context=PENDING_REVIEW	425f94c2954b1fe80ebdbf9b29854e89750355df	f24cb1108af94200ee7a600fac46c70a86ad7f5182fa08b8da014df602b81fd2	a67200b9de936585f98f6aed0c4e4f7733d3ba0c36f4496d97e583cb7caf9ac6	0123af9e96b58af4e98b91a2de5608d36b63c67864b9041d3340587f3dbe40d2	cfa8dcf0d81c408de38d4202fe1ce9d9e5e301d1e67439c9530da94b1e64ee3f	0e7e60940dd21c28f3d10965325f70644fc000495a2d61984437dec666da93d8
semantic-proposal-v1	SC1-f4c7c0cc7a39247e11a1dc917de80684ee6130d8003b55c1d2197ad47e71824c	S016267	1	P01	LIFETIMES.tsv	188997	locking_rcu_refcount	aarch64	include/uapi/linux/netdev.h	type	enum netdev_xsk_flags	66	PENDING_REVIEW	SOURCE_REVIEWED_VALUE	COMPLETE	vendor/linux/include/uapi/linux/netdev.h;vendor/linux/include/uapi/linux/netdev.h:66;header-context=PENDING_REVIEW	425f94c2954b1fe80ebdbf9b29854e89750355df	f24cb1108af94200ee7a600fac46c70a86ad7f5182fa08b8da014df602b81fd2	a67200b9de936585f98f6aed0c4e4f7733d3ba0c36f4496d97e583cb7caf9ac6	0123af9e96b58af4e98b91a2de5608d36b63c67864b9041d3340587f3dbe40d2	cfa8dcf0d81c408de38d4202fe1ce9d9e5e301d1e67439c9530da94b1e64ee3f	0e7e60940dd21c28f3d10965325f70644fc000495a2d61984437dec666da93d8
semantic-proposal-v1	SC1-a4f39cf1f906d6b5b0b63abf2459f2a732f341ba68eeccb1b48a5c31aa7a99a0	S016267	1	P01	LIFETIMES.tsv	188997	ownership	aarch64	include/uapi/linux/netdev.h	type	enum netdev_xsk_flags	66	PENDING_REVIEW	SOURCE_REVIEWED_VALUE	COMPLETE	vendor/linux/include/uapi/linux/netdev.h;vendor/linux/include/uapi/linux/netdev.h:66;header-context=PENDING_REVIEW	425f94c2954b1fe80ebdbf9b29854e89750355df	f24cb1108af94200ee7a600fac46c70a86ad7f5182fa08b8da014df602b81fd2	a67200b9de936585f98f6aed0c4e4f7733d3ba0c36f4496d97e583cb7caf9ac6	0123af9e96b58af4e98b91a2de5608d36b63c67864b9041d3340587f3dbe40d2	cfa8dcf0d81c408de38d4202fe1ce9d9e5e301d1e67439c9530da94b1e64ee3f	0e7e60940dd21c28f3d10965325f70644fc000495a2d61984437dec666da93d8
semantic-proposal-v1	SC1-49c37b9fe850122005e88f4d495ed23d4d7f6b112df5801c56436de506e6d01f	S016267	1	P01	LIFETIMES.tsv	188997	status	aarch64	include/uapi/linux/netdev.h	type	enum netdev_xsk_flags	66	PENDING_REVIEW	COMPLETE	COMPLETE	vendor/linux/include/uapi/linux/netdev.h;vendor/linux/include/uapi/linux/netdev.h:66;header-context=PENDING_REVIEW	425f94c2954b1fe80ebdbf9b29854e89750355df	f24cb1108af94200ee7a600fac46c70a86ad7f5182fa08b8da014df602b81fd2	a67200b9de936585f98f6aed0c4e4f7733d3ba0c36f4496d97e583cb7caf9ac6	0123af9e96b58af4e98b91a2de5608d36b63c67864b9041d3340587f3dbe40d2	cfa8dcf0d81c408de38d4202fe1ce9d9e5e301d1e67439c9530da94b1e64ee3f	0e7e60940dd21c28f3d10965325f70644fc000495a2d61984437dec666da93d8
semantic-proposal-v1	SC1-e263765084c75c16319555122da7876e173a8bd63972df6f6754ad9a7291c122	S016267	1	P01	LIFETIMES.tsv	188998	lifetime_contract	aarch64	include/uapi/linux/netdev.h	type	enum netdev_queue_type	72	PENDING_REVIEW	SOURCE_REVIEWED_VALUE	COMPLETE	vendor/linux/include/uapi/linux/netdev.h;vendor/linux/include/uapi/linux/netdev.h:72;header-context=PENDING_REVIEW	425f94c2954b1fe80ebdbf9b29854e89750355df	f24cb1108af94200ee7a600fac46c70a86ad7f5182fa08b8da014df602b81fd2	a67200b9de936585f98f6aed0c4e4f7733d3ba0c36f4496d97e583cb7caf9ac6	0123af9e96b58af4e98b91a2de5608d36b63c67864b9041d3340587f3dbe40d2	cfa8dcf0d81c408de38d4202fe1ce9d9e5e301d1e67439c9530da94b1e64ee3f	0e7e60940dd21c28f3d10965325f70644fc000495a2d61984437dec666da93d8
semantic-proposal-v1	SC1-c886f7469afefb691986555fc9bd9ef8bdb45565aa9f73e35f11e77e871d53a6	S016267	1	P01	LIFETIMES.tsv	188998	locking_rcu_refcount	aarch64	include/uapi/linux/netdev.h	type	enum netdev_queue_type	72	PENDING_REVIEW	SOURCE_REVIEWED_VALUE	COMPLETE	vendor/linux/include/uapi/linux/netdev.h;vendor/linux/include/uapi/linux/netdev.h:72;header-context=PENDING_REVIEW	425f94c2954b1fe80ebdbf9b29854e89750355df	f24cb1108af94200ee7a600fac46c70a86ad7f5182fa08b8da014df602b81fd2	a67200b9de936585f98f6aed0c4e4f7733d3ba0c36f4496d97e583cb7caf9ac6	0123af9e96b58af4e98b91a2de5608d36b63c67864b9041d3340587f3dbe40d2	cfa8dcf0d81c408de38d4202fe1ce9d9e5e301d1e67439c9530da94b1e64ee3f	0e7e60940dd21c28f3d10965325f70644fc000495a2d61984437dec666da93d8
semantic-proposal-v1	SC1-8e4f9d237dc2ca33cbd83175fa7f627d82fe924cfaf55e2244037d6c971fd4d5	S016267	1	P01	LIFETIMES.tsv	188998	ownership	aarch64	include/uapi/linux/netdev.h	type	enum netdev_queue_type	72	PENDING_REVIEW	SOURCE_REVIEWED_VALUE	COMPLETE	vendor/linux/include/uapi/linux/netdev.h;vendor/linux/include/uapi/linux/netdev.h:72;header-context=PENDING_REVIEW	425f94c2954b1fe80ebdbf9b29854e89750355df	f24cb1108af94200ee7a600fac46c70a86ad7f5182fa08b8da014df602b81fd2	a67200b9de936585f98f6aed0c4e4f7733d3ba0c36f4496d97e583cb7caf9ac6	0123af9e96b58af4e98b91a2de5608d36b63c67864b9041d3340587f3dbe40d2	cfa8dcf0d81c408de38d4202fe1ce9d9e5e301d1e67439c9530da94b1e64ee3f	0e7e60940dd21c28f3d10965325f70644fc000495a2d61984437dec666da93d8
semantic-proposal-v1	SC1-c5a150c892326919e31d1550b1ea5de8e825b519a5c4633c71a75b691fb5670a	S016267	1	P01	LIFETIMES.tsv	188998	status	aarch64	include/uapi/linux/netdev.h	type	enum netdev_queue_type	72	PENDING_REVIEW	COMPLETE	COMPLETE	vendor/linux/include/uapi/linux/netdev.h;vendor/linux/include/uapi/linux/netdev.h:72;header-context=PENDING_REVIEW	425f94c2954b1fe80ebdbf9b29854e89750355df	f24cb1108af94200ee7a600fac46c70a86ad7f5182fa08b8da014df602b81fd2	a67200b9de936585f98f6aed0c4e4f7733d3ba0c36f4496d97e583cb7caf9ac6	0123af9e96b58af4e98b91a2de5608d36b63c67864b9041d3340587f3dbe40d2	cfa8dcf0d81c408de38d4202fe1ce9d9e5e301d1e67439c9530da94b1e64ee3f	0e7e60940dd21c28f3d10965325f70644fc000495a2d61984437dec666da93d8
semantic-proposal-v1	SC1-f1587d8fe717ef0bc47b22c13175cb31c968ec1a7eb7c3e7a69c4cf86758a010	S016267	1	P01	LIFETIMES.tsv	188999	lifetime_contract	aarch64	include/uapi/linux/netdev.h	type	enum netdev_qstats_scope	77	PENDING_REVIEW	SOURCE_REVIEWED_VALUE	COMPLETE	vendor/linux/include/uapi/linux/netdev.h;vendor/linux/include/uapi/linux/netdev.h:77;header-context=PENDING_REVIEW	425f94c2954b1fe80ebdbf9b29854e89750355df	f24cb1108af94200ee7a600fac46c70a86ad7f5182fa08b8da014df602b81fd2	a67200b9de936585f98f6aed0c4e4f7733d3ba0c36f4496d97e583cb7caf9ac6	0123af9e96b58af4e98b91a2de5608d36b63c67864b9041d3340587f3dbe40d2	cfa8dcf0d81c408de38d4202fe1ce9d9e5e301d1e67439c9530da94b1e64ee3f	0e7e60940dd21c28f3d10965325f70644fc000495a2d61984437dec666da93d8
semantic-proposal-v1	SC1-b680961415ec224c280ac044c80cd08426e6a1bca4f849e2f5c78e58132d1e06	S016267	1	P01	LIFETIMES.tsv	188999	locking_rcu_refcount	aarch64	include/uapi/linux/netdev.h	type	enum netdev_qstats_scope	77	PENDING_REVIEW	SOURCE_REVIEWED_VALUE	COMPLETE	vendor/linux/include/uapi/linux/netdev.h;vendor/linux/include/uapi/linux/netdev.h:77;header-context=PENDING_REVIEW	425f94c2954b1fe80ebdbf9b29854e89750355df	f24cb1108af94200ee7a600fac46c70a86ad7f5182fa08b8da014df602b81fd2	a67200b9de936585f98f6aed0c4e4f7733d3ba0c36f4496d97e583cb7caf9ac6	0123af9e96b58af4e98b91a2de5608d36b63c67864b9041d3340587f3dbe40d2	cfa8dcf0d81c408de38d4202fe1ce9d9e5e301d1e67439c9530da94b1e64ee3f	0e7e60940dd21c28f3d10965325f70644fc000495a2d61984437dec666da93d8
semantic-proposal-v1	SC1-f96ad9163edfa58fa32636d3f6e6ce0b9b8f634f7152ee847bf37e678651193f	S016267	1	P01	LIFETIMES.tsv	188999	ownership	aarch64	include/uapi/linux/netdev.h	type	enum netdev_qstats_scope	77	PENDING_REVIEW	SOURCE_REVIEWED_VALUE	COMPLETE	vendor/linux/include/uapi/linux/netdev.h;vendor/linux/include/uapi/linux/netdev.h:77;header-context=PENDING_REVIEW	425f94c2954b1fe80ebdbf9b29854e89750355df	f24cb1108af94200ee7a600fac46c70a86ad7f5182fa08b8da014df602b81fd2	a67200b9de936585f98f6aed0c4e4f7733d3ba0c36f4496d97e583cb7caf9ac6	0123af9e96b58af4e98b91a2de5608d36b63c67864b9041d3340587f3dbe40d2	cfa8dcf0d81c408de38d4202fe1ce9d9e5e301d1e67439c9530da94b1e64ee3f	0e7e60940dd21c28f3d10965325f70644fc000495a2d61984437dec666da93d8
semantic-proposal-v1	SC1-180c7efa712dbe7c142e91d370169fac948d1f9b432eb2c23c5d036d6f04a540	S016267	1	P01	LIFETIMES.tsv	188999	status	aarch64	include/uapi/linux/netdev.h	type	enum netdev_qstats_scope	77	PENDING_REVIEW	COMPLETE	COMPLETE	vendor/linux/include/uapi/linux/netdev.h;vendor/linux/include/uapi/linux/netdev.h:77;header-context=PENDING_REVIEW	425f94c2954b1fe80ebdbf9b29854e89750355df	f24cb1108af94200ee7a600fac46c70a86ad7f5182fa08b8da014df602b81fd2	a67200b9de936585f98f6aed0c4e4f7733d3ba0c36f4496d97e583cb7caf9ac6	0123af9e96b58af4e98b91a2de5608d36b63c67864b9041d3340587f3dbe40d2	cfa8dcf0d81c408de38d4202fe1ce9d9e5e301d1e67439c9530da94b1e64ee3f	0e7e60940dd21c28f3d10965325f70644fc000495a2d61984437dec666da93d8
semantic-proposal-v1	SC1-c8e6f2b746580033309496a8ac56e40fd2f7f28a0b548754851622a881c1aee2	S016267	1	P01	LIFETIMES.tsv	189000	lifetime_contract	aarch64	include/uapi/linux/netdev.h	type	enum netdev_napi_threaded	81	PENDING_REVIEW	SOURCE_REVIEWED_VALUE	COMPLETE	vendor/linux/include/uapi/linux/netdev.h;vendor/linux/include/uapi/linux/netdev.h:81;header-context=PENDING_REVIEW	425f94c2954b1fe80ebdbf9b29854e89750355df	f24cb1108af94200ee7a600fac46c70a86ad7f5182fa08b8da014df602b81fd2	a67200b9de936585f98f6aed0c4e4f7733d3ba0c36f4496d97e583cb7caf9ac6	0123af9e96b58af4e98b91a2de5608d36b63c67864b9041d3340587f3dbe40d2	cfa8dcf0d81c408de38d4202fe1ce9d9e5e301d1e67439c9530da94b1e64ee3f	0e7e60940dd21c28f3d10965325f70644fc000495a2d61984437dec666da93d8
semantic-proposal-v1	SC1-2c194f9dccf7e6cd0966eed98449254983dc45352cd41ce7b1216f390e612d60	S016267	1	P01	LIFETIMES.tsv	189000	locking_rcu_refcount	aarch64	include/uapi/linux/netdev.h	type	enum netdev_napi_threaded	81	PENDING_REVIEW	SOURCE_REVIEWED_VALUE	COMPLETE	vendor/linux/include/uapi/linux/netdev.h;vendor/linux/include/uapi/linux/netdev.h:81;header-context=PENDING_REVIEW	425f94c2954b1fe80ebdbf9b29854e89750355df	f24cb1108af94200ee7a600fac46c70a86ad7f5182fa08b8da014df602b81fd2	a67200b9de936585f98f6aed0c4e4f7733d3ba0c36f4496d97e583cb7caf9ac6	0123af9e96b58af4e98b91a2de5608d36b63c67864b9041d3340587f3dbe40d2	cfa8dcf0d81c408de38d4202fe1ce9d9e5e301d1e67439c9530da94b1e64ee3f	0e7e60940dd21c28f3d10965325f70644fc000495a2d61984437dec666da93d8
semantic-proposal-v1	SC1-3cb1fc42626dfac74be41cbe7facb18b8ad3412275d8e4cd9ee6b8482891b253	S016267	1	P01	LIFETIMES.tsv	189000	ownership	aarch64	include/uapi/linux/netdev.h	type	enum netdev_napi_threaded	81	PENDING_REVIEW	SOURCE_REVIEWED_VALUE	COMPLETE	vendor/linux/include/uapi/linux/netdev.h;vendor/linux/include/uapi/linux/netdev.h:81;header-context=PENDING_REVIEW	425f94c2954b1fe80ebdbf9b29854e89750355df	f24cb1108af94200ee7a600fac46c70a86ad7f5182fa08b8da014df602b81fd2	a67200b9de936585f98f6aed0c4e4f7733d3ba0c36f4496d97e583cb7caf9ac6	0123af9e96b58af4e98b91a2de5608d36b63c67864b9041d3340587f3dbe40d2	cfa8dcf0d81c408de38d4202fe1ce9d9e5e301d1e67439c9530da94b1e64ee3f	0e7e60940dd21c28f3d10965325f70644fc000495a2d61984437dec666da93d8
semantic-proposal-v1	SC1-d14318445c2c1c9f7f36cb4af2b9767e13af94f6ca7053fc84baed2f85a37dcc	S016267	1	P01	LIFETIMES.tsv	189000	status	aarch64	include/uapi/linux/netdev.h	type	enum netdev_napi_threaded	81	PENDING_REVIEW	COMPLETE	COMPLETE	vendor/linux/include/uapi/linux/netdev.h;vendor/linux/include/uapi/linux/netdev.h:81;header-context=PENDING_REVIEW	425f94c2954b1fe80ebdbf9b29854e89750355df	f24cb1108af94200ee7a600fac46c70a86ad7f5182fa08b8da014df602b81fd2	a67200b9de936585f98f6aed0c4e4f7733d3ba0c36f4496d97e583cb7caf9ac6	0123af9e96b58af4e98b91a2de5608d36b63c67864b9041d3340587f3dbe40d2	cfa8dcf0d81c408de38d4202fe1ce9d9e5e301d1e67439c9530da94b1e64ee3f	0e7e60940dd21c28f3d10965325f70644fc000495a2d61984437dec666da93d8
semantic-proposal-v1	SC1-ab4d878892cbf24d7e0413ac550af6bd20d74fceb8d101b8dc0e4657f7a89211	S016267	1	P01	LIFETIMES.tsv	189001	lifetime_contract	aarch64	include/uapi/linux/netdev.h	type	anonymous_enum@87	87	PENDING_REVIEW	SOURCE_REVIEWED_VALUE	COMPLETE	vendor/linux/include/uapi/linux/netdev.h;vendor/linux/include/uapi/linux/netdev.h:87;header-context=PENDING_REVIEW	425f94c2954b1fe80ebdbf9b29854e89750355df	f24cb1108af94200ee7a600fac46c70a86ad7f5182fa08b8da014df602b81fd2	a67200b9de936585f98f6aed0c4e4f7733d3ba0c36f4496d97e583cb7caf9ac6	0123af9e96b58af4e98b91a2de5608d36b63c67864b9041d3340587f3dbe40d2	cfa8dcf0d81c408de38d4202fe1ce9d9e5e301d1e67439c9530da94b1e64ee3f	0e7e60940dd21c28f3d10965325f70644fc000495a2d61984437dec666da93d8
semantic-proposal-v1	SC1-b91ea648d156448c3e7bf6306ffb2531f2e8c8c06bb785f413671225cf9b4df8	S016267	1	P01	LIFETIMES.tsv	189001	locking_rcu_refcount	aarch64	include/uapi/linux/netdev.h	type	anonymous_enum@87	87	PENDING_REVIEW	SOURCE_REVIEWED_VALUE	COMPLETE	vendor/linux/include/uapi/linux/netdev.h;vendor/linux/include/uapi/linux/netdev.h:87;header-context=PENDING_REVIEW	425f94c2954b1fe80ebdbf9b29854e89750355df	f24cb1108af94200ee7a600fac46c70a86ad7f5182fa08b8da014df602b81fd2	a67200b9de936585f98f6aed0c4e4f7733d3ba0c36f4496d97e583cb7caf9ac6	0123af9e96b58af4e98b91a2de5608d36b63c67864b9041d3340587f3dbe40d2	cfa8dcf0d81c408de38d4202fe1ce9d9e5e301d1e67439c9530da94b1e64ee3f	0e7e60940dd21c28f3d10965325f70644fc000495a2d61984437dec666da93d8
semantic-proposal-v1	SC1-eb8439e4b279f1a6610f8106cd139aace26b719a5f80c031560f0c99f4f68317	S016267	1	P01	LIFETIMES.tsv	189001	ownership	aarch64	include/uapi/linux/netdev.h	type	anonymous_enum@87	87	PENDING_REVIEW	SOURCE_REVIEWED_VALUE	COMPLETE	vendor/linux/include/uapi/linux/netdev.h;vendor/linux/include/uapi/linux/netdev.h:87;header-context=PENDING_REVIEW	425f94c2954b1fe80ebdbf9b29854e89750355df	f24cb1108af94200ee7a600fac46c70a86ad7f5182fa08b8da014df602b81fd2	a67200b9de936585f98f6aed0c4e4f7733d3ba0c36f4496d97e583cb7caf9ac6	0123af9e96b58af4e98b91a2de5608d36b63c67864b9041d3340587f3dbe40d2	cfa8dcf0d81c408de38d4202fe1ce9d9e5e301d1e67439c9530da94b1e64ee3f	0e7e60940dd21c28f3d10965325f70644fc000495a2d61984437dec666da93d8
semantic-proposal-v1	SC1-ab20995647739d6db30a762702f935d33c5f38b411bd7b01070411e812d5c4bd	S016267	1	P01	LIFETIMES.tsv	189001	status	aarch64	include/uapi/linux/netdev.h	type	anonymous_enum@87	87	PENDING_REVIEW	COMPLETE	COMPLETE	vendor/linux/include/uapi/linux/netdev.h;vendor/linux/include/uapi/linux/netdev.h:87;header-context=PENDING_REVIEW	425f94c2954b1fe80ebdbf9b29854e89750355df	f24cb1108af94200ee7a600fac46c70a86ad7f5182fa08b8da014df602b81fd2	a67200b9de936585f98f6aed0c4e4f7733d3ba0c36f4496d97e583cb7caf9ac6	0123af9e96b58af4e98b91a2de5608d36b63c67864b9041d3340587f3dbe40d2	cfa8dcf0d81c408de38d4202fe1ce9d9e5e301d1e67439c9530da94b1e64ee3f	0e7e60940dd21c28f3d10965325f70644fc000495a2d61984437dec666da93d8
semantic-proposal-v1	SC1-a3a867a814f0d9cfa085d1e06bee04ee1eb7f89afe6237b2ac5d4c90596421b9	S016267	1	P01	LIFETIMES.tsv	189002	lifetime_contract	aarch64	include/uapi/linux/netdev.h	type	anonymous_enum@99	99	PENDING_REVIEW	SOURCE_REVIEWED_VALUE	COMPLETE	vendor/linux/include/uapi/linux/netdev.h;vendor/linux/include/uapi/linux/netdev.h:99;header-context=PENDING_REVIEW	425f94c2954b1fe80ebdbf9b29854e89750355df	f24cb1108af94200ee7a600fac46c70a86ad7f5182fa08b8da014df602b81fd2	a67200b9de936585f98f6aed0c4e4f7733d3ba0c36f4496d97e583cb7caf9ac6	0123af9e96b58af4e98b91a2de5608d36b63c67864b9041d3340587f3dbe40d2	cfa8dcf0d81c408de38d4202fe1ce9d9e5e301d1e67439c9530da94b1e64ee3f	0e7e60940dd21c28f3d10965325f70644fc000495a2d61984437dec666da93d8
semantic-proposal-v1	SC1-e019611ed040e4fa414cad38b81fd6da3760218996eff6f5bd279441e0b64762	S016267	1	P01	LIFETIMES.tsv	189002	locking_rcu_refcount	aarch64	include/uapi/linux/netdev.h	type	anonymous_enum@99	99	PENDING_REVIEW	SOURCE_REVIEWED_VALUE	COMPLETE	vendor/linux/include/uapi/linux/netdev.h;vendor/linux/include/uapi/linux/netdev.h:99;header-context=PENDING_REVIEW	425f94c2954b1fe80ebdbf9b29854e89750355df	f24cb1108af94200ee7a600fac46c70a86ad7f5182fa08b8da014df602b81fd2	a67200b9de936585f98f6aed0c4e4f7733d3ba0c36f4496d97e583cb7caf9ac6	0123af9e96b58af4e98b91a2de5608d36b63c67864b9041d3340587f3dbe40d2	cfa8dcf0d81c408de38d4202fe1ce9d9e5e301d1e67439c9530da94b1e64ee3f	0e7e60940dd21c28f3d10965325f70644fc000495a2d61984437dec666da93d8
semantic-proposal-v1	SC1-04c29964cd1ebb9793d25ef36f5e692177a42391d13893330f43b89c9cea7245	S016267	1	P01	LIFETIMES.tsv	189002	ownership	aarch64	include/uapi/linux/netdev.h	type	anonymous_enum@99	99	PENDING_REVIEW	SOURCE_REVIEWED_VALUE	COMPLETE	vendor/linux/include/uapi/linux/netdev.h;vendor/linux/include/uapi/linux/netdev.h:99;header-context=PENDING_REVIEW	425f94c2954b1fe80ebdbf9b29854e89750355df	f24cb1108af94200ee7a600fac46c70a86ad7f5182fa08b8da014df602b81fd2	a67200b9de936585f98f6aed0c4e4f7733d3ba0c36f4496d97e583cb7caf9ac6	0123af9e96b58af4e98b91a2de5608d36b63c67864b9041d3340587f3dbe40d2	cfa8dcf0d81c408de38d4202fe1ce9d9e5e301d1e67439c9530da94b1e64ee3f	0e7e60940dd21c28f3d10965325f70644fc000495a2d61984437dec666da93d8
semantic-proposal-v1	SC1-c1e2bd53d862e067dc0e45553042ad6071a85401eed99e66d890e46948c4f1ff	S016267	1	P01	LIFETIMES.tsv	189002	status	aarch64	include/uapi/linux/netdev.h	type	anonymous_enum@99	99	PENDING_REVIEW	COMPLETE	COMPLETE	vendor/linux/include/uapi/linux/netdev.h;vendor/linux/include/uapi/linux/netdev.h:99;header-context=PENDING_REVIEW	425f94c2954b1fe80ebdbf9b29854e89750355df	f24cb1108af94200ee7a600fac46c70a86ad7f5182fa08b8da014df602b81fd2	a67200b9de936585f98f6aed0c4e4f7733d3ba0c36f4496d97e583cb7caf9ac6	0123af9e96b58af4e98b91a2de5608d36b63c67864b9041d3340587f3dbe40d2	cfa8dcf0d81c408de38d4202fe1ce9d9e5e301d1e67439c9530da94b1e64ee3f	0e7e60940dd21c28f3d10965325f70644fc000495a2d61984437dec666da93d8
semantic-proposal-v1	SC1-76a37d0130611391285adf06c62312dcae15ea81fc2d63e05a1600973ecdcc68	S016267	1	P01	LIFETIMES.tsv	189003	lifetime_contract	aarch64	include/uapi/linux/netdev.h	type	anonymous_enum@106	106	PENDING_REVIEW	SOURCE_REVIEWED_VALUE	COMPLETE	vendor/linux/include/uapi/linux/netdev.h;vendor/linux/include/uapi/linux/netdev.h:106;header-context=PENDING_REVIEW	425f94c2954b1fe80ebdbf9b29854e89750355df	f24cb1108af94200ee7a600fac46c70a86ad7f5182fa08b8da014df602b81fd2	a67200b9de936585f98f6aed0c4e4f7733d3ba0c36f4496d97e583cb7caf9ac6	0123af9e96b58af4e98b91a2de5608d36b63c67864b9041d3340587f3dbe40d2	cfa8dcf0d81c408de38d4202fe1ce9d9e5e301d1e67439c9530da94b1e64ee3f	0e7e60940dd21c28f3d10965325f70644fc000495a2d61984437dec666da93d8
semantic-proposal-v1	SC1-67d58fafa2562c3913ac723838f9c5bb530b642d7a9c6d1843f5d5bcb561d508	S016267	1	P01	LIFETIMES.tsv	189003	locking_rcu_refcount	aarch64	include/uapi/linux/netdev.h	type	anonymous_enum@106	106	PENDING_REVIEW	SOURCE_REVIEWED_VALUE	COMPLETE	vendor/linux/include/uapi/linux/netdev.h;vendor/linux/include/uapi/linux/netdev.h:106;header-context=PENDING_REVIEW	425f94c2954b1fe80ebdbf9b29854e89750355df	f24cb1108af94200ee7a600fac46c70a86ad7f5182fa08b8da014df602b81fd2	a67200b9de936585f98f6aed0c4e4f7733d3ba0c36f4496d97e583cb7caf9ac6	0123af9e96b58af4e98b91a2de5608d36b63c67864b9041d3340587f3dbe40d2	cfa8dcf0d81c408de38d4202fe1ce9d9e5e301d1e67439c9530da94b1e64ee3f	0e7e60940dd21c28f3d10965325f70644fc000495a2d61984437dec666da93d8
semantic-proposal-v1	SC1-c61f769b49c2440b5b41953393406044b4c0ace4061209c6fcfd1576168439ff	S016267	1	P01	LIFETIMES.tsv	189003	ownership	aarch64	include/uapi/linux/netdev.h	type	anonymous_enum@106	106	PENDING_REVIEW	SOURCE_REVIEWED_VALUE	COMPLETE	vendor/linux/include/uapi/linux/netdev.h;vendor/linux/include/uapi/linux/netdev.h:106;header-context=PENDING_REVIEW	425f94c2954b1fe80ebdbf9b29854e89750355df	f24cb1108af94200ee7a600fac46c70a86ad7f5182fa08b8da014df602b81fd2	a67200b9de936585f98f6aed0c4e4f7733d3ba0c36f4496d97e583cb7caf9ac6	0123af9e96b58af4e98b91a2de5608d36b63c67864b9041d3340587f3dbe40d2	cfa8dcf0d81c408de38d4202fe1ce9d9e5e301d1e67439c9530da94b1e64ee3f	0e7e60940dd21c28f3d10965325f70644fc000495a2d61984437dec666da93d8
semantic-proposal-v1	SC1-40e7e9fe786198a58965bd98957c31e24c5349f592a55bfb47909876bb39fdc2	S016267	1	P01	LIFETIMES.tsv	189003	status	aarch64	include/uapi/linux/netdev.h	type	anonymous_enum@106	106	PENDING_REVIEW	COMPLETE	COMPLETE	vendor/linux/include/uapi/linux/netdev.h;vendor/linux/include/uapi/linux/netdev.h:106;header-context=PENDING_REVIEW	425f94c2954b1fe80ebdbf9b29854e89750355df	f24cb1108af94200ee7a600fac46c70a86ad7f5182fa08b8da014df602b81fd2	a67200b9de936585f98f6aed0c4e4f7733d3ba0c36f4496d97e583cb7caf9ac6	0123af9e96b58af4e98b91a2de5608d36b63c67864b9041d3340587f3dbe40d2	cfa8dcf0d81c408de38d4202fe1ce9d9e5e301d1e67439c9530da94b1e64ee3f	0e7e60940dd21c28f3d10965325f70644fc000495a2d61984437dec666da93d8
semantic-proposal-v1	SC1-30cacb5937a296da07e644a67798b1a9da0104116b12f6ced0a3681874668e57	S016267	1	P01	LIFETIMES.tsv	189004	lifetime_contract	aarch64	include/uapi/linux/netdev.h	type	anonymous_enum@120	120	PENDING_REVIEW	SOURCE_REVIEWED_VALUE	COMPLETE	vendor/linux/include/uapi/linux/netdev.h;vendor/linux/include/uapi/linux/netdev.h:120;header-context=PENDING_REVIEW	425f94c2954b1fe80ebdbf9b29854e89750355df	f24cb1108af94200ee7a600fac46c70a86ad7f5182fa08b8da014df602b81fd2	a67200b9de936585f98f6aed0c4e4f7733d3ba0c36f4496d97e583cb7caf9ac6	0123af9e96b58af4e98b91a2de5608d36b63c67864b9041d3340587f3dbe40d2	cfa8dcf0d81c408de38d4202fe1ce9d9e5e301d1e67439c9530da94b1e64ee3f	0e7e60940dd21c28f3d10965325f70644fc000495a2d61984437dec666da93d8
semantic-proposal-v1	SC1-3b1945a96b9171492f53a407ffaace0c6e7a34d55b48c25d3cb114063b053a39	S016267	1	P01	LIFETIMES.tsv	189004	locking_rcu_refcount	aarch64	include/uapi/linux/netdev.h	type	anonymous_enum@120	120	PENDING_REVIEW	SOURCE_REVIEWED_VALUE	COMPLETE	vendor/linux/include/uapi/linux/netdev.h;vendor/linux/include/uapi/linux/netdev.h:120;header-context=PENDING_REVIEW	425f94c2954b1fe80ebdbf9b29854e89750355df	f24cb1108af94200ee7a600fac46c70a86ad7f5182fa08b8da014df602b81fd2	a67200b9de936585f98f6aed0c4e4f7733d3ba0c36f4496d97e583cb7caf9ac6	0123af9e96b58af4e98b91a2de5608d36b63c67864b9041d3340587f3dbe40d2	cfa8dcf0d81c408de38d4202fe1ce9d9e5e301d1e67439c9530da94b1e64ee3f	0e7e60940dd21c28f3d10965325f70644fc000495a2d61984437dec666da93d8
semantic-proposal-v1	SC1-79d9f7c45c6f48a310724c2c0566c18cb28968ecaeb321eec6f62022f7f4d8ec	S016267	1	P01	LIFETIMES.tsv	189004	ownership	aarch64	include/uapi/linux/netdev.h	type	anonymous_enum@120	120	PENDING_REVIEW	SOURCE_REVIEWED_VALUE	COMPLETE	vendor/linux/include/uapi/linux/netdev.h;vendor/linux/include/uapi/linux/netdev.h:120;header-context=PENDING_REVIEW	425f94c2954b1fe80ebdbf9b29854e89750355df	f24cb1108af94200ee7a600fac46c70a86ad7f5182fa08b8da014df602b81fd2	a67200b9de936585f98f6aed0c4e4f7733d3ba0c36f4496d97e583cb7caf9ac6	0123af9e96b58af4e98b91a2de5608d36b63c67864b9041d3340587f3dbe40d2	cfa8dcf0d81c408de38d4202fe1ce9d9e5e301d1e67439c9530da94b1e64ee3f	0e7e60940dd21c28f3d10965325f70644fc000495a2d61984437dec666da93d8
semantic-proposal-v1	SC1-85c327a312e9b90af9dc0de1906453443817ff6f9873065c922093a38d33bfc1	S016267	1	P01	LIFETIMES.tsv	189004	status	aarch64	include/uapi/linux/netdev.h	type	anonymous_enum@120	120	PENDING_REVIEW	COMPLETE	COMPLETE	vendor/linux/include/uapi/linux/netdev.h;vendor/linux/include/uapi/linux/netdev.h:120;header-context=PENDING_REVIEW	425f94c2954b1fe80ebdbf9b29854e89750355df	f24cb1108af94200ee7a600fac46c70a86ad7f5182fa08b8da014df602b81fd2	a67200b9de936585f98f6aed0c4e4f7733d3ba0c36f4496d97e583cb7caf9ac6	0123af9e96b58af4e98b91a2de5608d36b63c67864b9041d3340587f3dbe40d2	cfa8dcf0d81c408de38d4202fe1ce9d9e5e301d1e67439c9530da94b1e64ee3f	0e7e60940dd21c28f3d10965325f70644fc000495a2d61984437dec666da93d8
semantic-proposal-v1	SC1-93a1f203f6ea54f9bb21d1e661875a8949ed7a5bd5d5557f6d7b4d10c1305d0f	S016267	1	P01	LIFETIMES.tsv	189005	lifetime_contract	aarch64	include/uapi/linux/netdev.h	type	anonymous_enum@138	138	PENDING_REVIEW	SOURCE_REVIEWED_VALUE	COMPLETE	vendor/linux/include/uapi/linux/netdev.h;vendor/linux/include/uapi/linux/netdev.h:138;header-context=PENDING_REVIEW	425f94c2954b1fe80ebdbf9b29854e89750355df	f24cb1108af94200ee7a600fac46c70a86ad7f5182fa08b8da014df602b81fd2	a67200b9de936585f98f6aed0c4e4f7733d3ba0c36f4496d97e583cb7caf9ac6	0123af9e96b58af4e98b91a2de5608d36b63c67864b9041d3340587f3dbe40d2	cfa8dcf0d81c408de38d4202fe1ce9d9e5e301d1e67439c9530da94b1e64ee3f	0e7e60940dd21c28f3d10965325f70644fc000495a2d61984437dec666da93d8
semantic-proposal-v1	SC1-a31d2be7180f1ad0a93f6364a4549c6255dd274fd3b899027e052679d98988d0	S016267	1	P01	LIFETIMES.tsv	189005	locking_rcu_refcount	aarch64	include/uapi/linux/netdev.h	type	anonymous_enum@138	138	PENDING_REVIEW	SOURCE_REVIEWED_VALUE	COMPLETE	vendor/linux/include/uapi/linux/netdev.h;vendor/linux/include/uapi/linux/netdev.h:138;header-context=PENDING_REVIEW	425f94c2954b1fe80ebdbf9b29854e89750355df	f24cb1108af94200ee7a600fac46c70a86ad7f5182fa08b8da014df602b81fd2	a67200b9de936585f98f6aed0c4e4f7733d3ba0c36f4496d97e583cb7caf9ac6	0123af9e96b58af4e98b91a2de5608d36b63c67864b9041d3340587f3dbe40d2	cfa8dcf0d81c408de38d4202fe1ce9d9e5e301d1e67439c9530da94b1e64ee3f	0e7e60940dd21c28f3d10965325f70644fc000495a2d61984437dec666da93d8
semantic-proposal-v1	SC1-18068561a09bef901c150797f1a7cff7b456b805431b80abbc9c7f69d85546f9	S016267	1	P01	LIFETIMES.tsv	189005	ownership	aarch64	include/uapi/linux/netdev.h	type	anonymous_enum@138	138	PENDING_REVIEW	SOURCE_REVIEWED_VALUE	COMPLETE	vendor/linux/include/uapi/linux/netdev.h;vendor/linux/include/uapi/linux/netdev.h:138;header-context=PENDING_REVIEW	425f94c2954b1fe80ebdbf9b29854e89750355df	f24cb1108af94200ee7a600fac46c70a86ad7f5182fa08b8da014df602b81fd2	a67200b9de936585f98f6aed0c4e4f7733d3ba0c36f4496d97e583cb7caf9ac6	0123af9e96b58af4e98b91a2de5608d36b63c67864b9041d3340587f3dbe40d2	cfa8dcf0d81c408de38d4202fe1ce9d9e5e301d1e67439c9530da94b1e64ee3f	0e7e60940dd21c28f3d10965325f70644fc000495a2d61984437dec666da93d8
semantic-proposal-v1	SC1-41196c2ddb262ff223e2d413150f228e9d576f3ce66dbcafdf3380b2fc978a41	S016267	1	P01	LIFETIMES.tsv	189005	status	aarch64	include/uapi/linux/netdev.h	type	anonymous_enum@138	138	PENDING_REVIEW	COMPLETE	COMPLETE	vendor/linux/include/uapi/linux/netdev.h;vendor/linux/include/uapi/linux/netdev.h:138;header-context=PENDING_REVIEW	425f94c2954b1fe80ebdbf9b29854e89750355df	f24cb1108af94200ee7a600fac46c70a86ad7f5182fa08b8da014df602b81fd2	a67200b9de936585f98f6aed0c4e4f7733d3ba0c36f4496d97e583cb7caf9ac6	0123af9e96b58af4e98b91a2de5608d36b63c67864b9041d3340587f3dbe40d2	cfa8dcf0d81c408de38d4202fe1ce9d9e5e301d1e67439c9530da94b1e64ee3f	0e7e60940dd21c28f3d10965325f70644fc000495a2d61984437dec666da93d8
semantic-proposal-v1	SC1-cea2fcfca21284a6833460cdd18d4a5570c57487cef49bc02a592c2baf156bfb	S016267	1	P01	LIFETIMES.tsv	189006	lifetime_contract	aarch64	include/uapi/linux/netdev.h	type	anonymous_enum@152	152	PENDING_REVIEW	SOURCE_REVIEWED_VALUE	COMPLETE	vendor/linux/include/uapi/linux/netdev.h;vendor/linux/include/uapi/linux/netdev.h:152;header-context=PENDING_REVIEW	425f94c2954b1fe80ebdbf9b29854e89750355df	f24cb1108af94200ee7a600fac46c70a86ad7f5182fa08b8da014df602b81fd2	a67200b9de936585f98f6aed0c4e4f7733d3ba0c36f4496d97e583cb7caf9ac6	0123af9e96b58af4e98b91a2de5608d36b63c67864b9041d3340587f3dbe40d2	cfa8dcf0d81c408de38d4202fe1ce9d9e5e301d1e67439c9530da94b1e64ee3f	0e7e60940dd21c28f3d10965325f70644fc000495a2d61984437dec666da93d8
semantic-proposal-v1	SC1-100f1499b2d27c91e04b3cf1de9158cd48f2be6214ce9585f64046967e79cb71	S016267	1	P01	LIFETIMES.tsv	189006	locking_rcu_refcount	aarch64	include/uapi/linux/netdev.h	type	anonymous_enum@152	152	PENDING_REVIEW	SOURCE_REVIEWED_VALUE	COMPLETE	vendor/linux/include/uapi/linux/netdev.h;vendor/linux/include/uapi/linux/netdev.h:152;header-context=PENDING_REVIEW	425f94c2954b1fe80ebdbf9b29854e89750355df	f24cb1108af94200ee7a600fac46c70a86ad7f5182fa08b8da014df602b81fd2	a67200b9de936585f98f6aed0c4e4f7733d3ba0c36f4496d97e583cb7caf9ac6	0123af9e96b58af4e98b91a2de5608d36b63c67864b9041d3340587f3dbe40d2	cfa8dcf0d81c408de38d4202fe1ce9d9e5e301d1e67439c9530da94b1e64ee3f	0e7e60940dd21c28f3d10965325f70644fc000495a2d61984437dec666da93d8
semantic-proposal-v1	SC1-9b9985b8c45842a6d8934ce6f563596a54a38db84cec18a7930fdaed9e30440c	S016267	1	P01	LIFETIMES.tsv	189006	ownership	aarch64	include/uapi/linux/netdev.h	type	anonymous_enum@152	152	PENDING_REVIEW	SOURCE_REVIEWED_VALUE	COMPLETE	vendor/linux/include/uapi/linux/netdev.h;vendor/linux/include/uapi/linux/netdev.h:152;header-context=PENDING_REVIEW	425f94c2954b1fe80ebdbf9b29854e89750355df	f24cb1108af94200ee7a600fac46c70a86ad7f5182fa08b8da014df602b81fd2	a67200b9de936585f98f6aed0c4e4f7733d3ba0c36f4496d97e583cb7caf9ac6	0123af9e96b58af4e98b91a2de5608d36b63c67864b9041d3340587f3dbe40d2	cfa8dcf0d81c408de38d4202fe1ce9d9e5e301d1e67439c9530da94b1e64ee3f	0e7e60940dd21c28f3d10965325f70644fc000495a2d61984437dec666da93d8
semantic-proposal-v1	SC1-4ac0daef7388d5d78d064ab40079104c5e0bd978d7aadcbc087ac32797f489dd	S016267	1	P01	LIFETIMES.tsv	189006	status	aarch64	include/uapi/linux/netdev.h	type	anonymous_enum@152	152	PENDING_REVIEW	COMPLETE	COMPLETE	vendor/linux/include/uapi/linux/netdev.h;vendor/linux/include/uapi/linux/netdev.h:152;header-context=PENDING_REVIEW	425f94c2954b1fe80ebdbf9b29854e89750355df	f24cb1108af94200ee7a600fac46c70a86ad7f5182fa08b8da014df602b81fd2	a67200b9de936585f98f6aed0c4e4f7733d3ba0c36f4496d97e583cb7caf9ac6	0123af9e96b58af4e98b91a2de5608d36b63c67864b9041d3340587f3dbe40d2	cfa8dcf0d81c408de38d4202fe1ce9d9e5e301d1e67439c9530da94b1e64ee3f	0e7e60940dd21c28f3d10965325f70644fc000495a2d61984437dec666da93d8
semantic-proposal-v1	SC1-51d43864c27b0459497bb0ee643b2ad0d77cede5e6443ca3cba079685273b0d0	S016267	1	P01	LIFETIMES.tsv	189007	lifetime_contract	aarch64	include/uapi/linux/netdev.h	type	anonymous_enum@157	157	PENDING_REVIEW	SOURCE_REVIEWED_VALUE	COMPLETE	vendor/linux/include/uapi/linux/netdev.h;vendor/linux/include/uapi/linux/netdev.h:157;header-context=PENDING_REVIEW	425f94c2954b1fe80ebdbf9b29854e89750355df	f24cb1108af94200ee7a600fac46c70a86ad7f5182fa08b8da014df602b81fd2	a67200b9de936585f98f6aed0c4e4f7733d3ba0c36f4496d97e583cb7caf9ac6	0123af9e96b58af4e98b91a2de5608d36b63c67864b9041d3340587f3dbe40d2	cfa8dcf0d81c408de38d4202fe1ce9d9e5e301d1e67439c9530da94b1e64ee3f	0e7e60940dd21c28f3d10965325f70644fc000495a2d61984437dec666da93d8
semantic-proposal-v1	SC1-a36f44cb268d496285becbfb4e07b9c12d1f3fa2ead0442bb28185964e1220e6	S016267	1	P01	LIFETIMES.tsv	189007	locking_rcu_refcount	aarch64	include/uapi/linux/netdev.h	type	anonymous_enum@157	157	PENDING_REVIEW	SOURCE_REVIEWED_VALUE	COMPLETE	vendor/linux/include/uapi/linux/netdev.h;vendor/linux/include/uapi/linux/netdev.h:157;header-context=PENDING_REVIEW	425f94c2954b1fe80ebdbf9b29854e89750355df	f24cb1108af94200ee7a600fac46c70a86ad7f5182fa08b8da014df602b81fd2	a67200b9de936585f98f6aed0c4e4f7733d3ba0c36f4496d97e583cb7caf9ac6	0123af9e96b58af4e98b91a2de5608d36b63c67864b9041d3340587f3dbe40d2	cfa8dcf0d81c408de38d4202fe1ce9d9e5e301d1e67439c9530da94b1e64ee3f	0e7e60940dd21c28f3d10965325f70644fc000495a2d61984437dec666da93d8
semantic-proposal-v1	SC1-48210825d11da469349af361ec75d8b8f422b52a21d30d8d91d918a07aeea919	S016267	1	P01	LIFETIMES.tsv	189007	ownership	aarch64	include/uapi/linux/netdev.h	type	anonymous_enum@157	157	PENDING_REVIEW	SOURCE_REVIEWED_VALUE	COMPLETE	vendor/linux/include/uapi/linux/netdev.h;vendor/linux/include/uapi/linux/netdev.h:157;header-context=PENDING_REVIEW	425f94c2954b1fe80ebdbf9b29854e89750355df	f24cb1108af94200ee7a600fac46c70a86ad7f5182fa08b8da014df602b81fd2	a67200b9de936585f98f6aed0c4e4f7733d3ba0c36f4496d97e583cb7caf9ac6	0123af9e96b58af4e98b91a2de5608d36b63c67864b9041d3340587f3dbe40d2	cfa8dcf0d81c408de38d4202fe1ce9d9e5e301d1e67439c9530da94b1e64ee3f	0e7e60940dd21c28f3d10965325f70644fc000495a2d61984437dec666da93d8
semantic-proposal-v1	SC1-feb4106225df5479fa8be4244bde70dffa3c5a0b97dc776419fbb887da713562	S016267	1	P01	LIFETIMES.tsv	189007	status	aarch64	include/uapi/linux/netdev.h	type	anonymous_enum@157	157	PENDING_REVIEW	COMPLETE	COMPLETE	vendor/linux/include/uapi/linux/netdev.h;vendor/linux/include/uapi/linux/netdev.h:157;header-context=PENDING_REVIEW	425f94c2954b1fe80ebdbf9b29854e89750355df	f24cb1108af94200ee7a600fac46c70a86ad7f5182fa08b8da014df602b81fd2	a67200b9de936585f98f6aed0c4e4f7733d3ba0c36f4496d97e583cb7caf9ac6	0123af9e96b58af4e98b91a2de5608d36b63c67864b9041d3340587f3dbe40d2	cfa8dcf0d81c408de38d4202fe1ce9d9e5e301d1e67439c9530da94b1e64ee3f	0e7e60940dd21c28f3d10965325f70644fc000495a2d61984437dec666da93d8
semantic-proposal-v1	SC1-4662265901ee8de347dd62c7ef5e326a10a9ecb169862660f570d578adc9c306	S016267	1	P01	LIFETIMES.tsv	189008	lifetime_contract	aarch64	include/uapi/linux/netdev.h	type	anonymous_enum@171	171	PENDING_REVIEW	SOURCE_REVIEWED_VALUE	COMPLETE	vendor/linux/include/uapi/linux/netdev.h;vendor/linux/include/uapi/linux/netdev.h:171;header-context=PENDING_REVIEW	425f94c2954b1fe80ebdbf9b29854e89750355df	f24cb1108af94200ee7a600fac46c70a86ad7f5182fa08b8da014df602b81fd2	a67200b9de936585f98f6aed0c4e4f7733d3ba0c36f4496d97e583cb7caf9ac6	0123af9e96b58af4e98b91a2de5608d36b63c67864b9041d3340587f3dbe40d2	cfa8dcf0d81c408de38d4202fe1ce9d9e5e301d1e67439c9530da94b1e64ee3f	0e7e60940dd21c28f3d10965325f70644fc000495a2d61984437dec666da93d8
semantic-proposal-v1	SC1-f659f5fbac8af9c8aa158f16508ba3ec454bd0cc18e67f21cfe7ef3ccd79eece	S016267	1	P01	LIFETIMES.tsv	189008	locking_rcu_refcount	aarch64	include/uapi/linux/netdev.h	type	anonymous_enum@171	171	PENDING_REVIEW	SOURCE_REVIEWED_VALUE	COMPLETE	vendor/linux/include/uapi/linux/netdev.h;vendor/linux/include/uapi/linux/netdev.h:171;header-context=PENDING_REVIEW	425f94c2954b1fe80ebdbf9b29854e89750355df	f24cb1108af94200ee7a600fac46c70a86ad7f5182fa08b8da014df602b81fd2	a67200b9de936585f98f6aed0c4e4f7733d3ba0c36f4496d97e583cb7caf9ac6	0123af9e96b58af4e98b91a2de5608d36b63c67864b9041d3340587f3dbe40d2	cfa8dcf0d81c408de38d4202fe1ce9d9e5e301d1e67439c9530da94b1e64ee3f	0e7e60940dd21c28f3d10965325f70644fc000495a2d61984437dec666da93d8
semantic-proposal-v1	SC1-e03e0c65b1e8075c0e3ee52ae9656b5dbef89a29f8428333cac2dbf4f799760e	S016267	1	P01	LIFETIMES.tsv	189008	ownership	aarch64	include/uapi/linux/netdev.h	type	anonymous_enum@171	171	PENDING_REVIEW	SOURCE_REVIEWED_VALUE	COMPLETE	vendor/linux/include/uapi/linux/netdev.h;vendor/linux/include/uapi/linux/netdev.h:171;header-context=PENDING_REVIEW	425f94c2954b1fe80ebdbf9b29854e89750355df	f24cb1108af94200ee7a600fac46c70a86ad7f5182fa08b8da014df602b81fd2	a67200b9de936585f98f6aed0c4e4f7733d3ba0c36f4496d97e583cb7caf9ac6	0123af9e96b58af4e98b91a2de5608d36b63c67864b9041d3340587f3dbe40d2	cfa8dcf0d81c408de38d4202fe1ce9d9e5e301d1e67439c9530da94b1e64ee3f	0e7e60940dd21c28f3d10965325f70644fc000495a2d61984437dec666da93d8
semantic-proposal-v1	SC1-b139aaf0c0b8d22d06939852ceb9024c40ddb954e025358d1540caed46315b3e	S016267	1	P01	LIFETIMES.tsv	189008	status	aarch64	include/uapi/linux/netdev.h	type	anonymous_enum@171	171	PENDING_REVIEW	COMPLETE	COMPLETE	vendor/linux/include/uapi/linux/netdev.h;vendor/linux/include/uapi/linux/netdev.h:171;header-context=PENDING_REVIEW	425f94c2954b1fe80ebdbf9b29854e89750355df	f24cb1108af94200ee7a600fac46c70a86ad7f5182fa08b8da014df602b81fd2	a67200b9de936585f98f6aed0c4e4f7733d3ba0c36f4496d97e583cb7caf9ac6	0123af9e96b58af4e98b91a2de5608d36b63c67864b9041d3340587f3dbe40d2	cfa8dcf0d81c408de38d4202fe1ce9d9e5e301d1e67439c9530da94b1e64ee3f	0e7e60940dd21c28f3d10965325f70644fc000495a2d61984437dec666da93d8
semantic-proposal-v1	SC1-24ec3433d4f978c41d397dfc326a068b70e2b98e69ebbc2087ac73b06a1a49e7	S016267	1	P01	LIFETIMES.tsv	189009	lifetime_contract	aarch64	include/uapi/linux/netdev.h	type	anonymous_enum@208	208	PENDING_REVIEW	SOURCE_REVIEWED_VALUE	COMPLETE	vendor/linux/include/uapi/linux/netdev.h;vendor/linux/include/uapi/linux/netdev.h:208;header-context=PENDING_REVIEW	425f94c2954b1fe80ebdbf9b29854e89750355df	f24cb1108af94200ee7a600fac46c70a86ad7f5182fa08b8da014df602b81fd2	a67200b9de936585f98f6aed0c4e4f7733d3ba0c36f4496d97e583cb7caf9ac6	0123af9e96b58af4e98b91a2de5608d36b63c67864b9041d3340587f3dbe40d2	cfa8dcf0d81c408de38d4202fe1ce9d9e5e301d1e67439c9530da94b1e64ee3f	0e7e60940dd21c28f3d10965325f70644fc000495a2d61984437dec666da93d8
semantic-proposal-v1	SC1-c7b503d7191366b5d4cab2f1d3251c43205ff8c9461390eb5321a02f9f63b0db	S016267	1	P01	LIFETIMES.tsv	189009	locking_rcu_refcount	aarch64	include/uapi/linux/netdev.h	type	anonymous_enum@208	208	PENDING_REVIEW	SOURCE_REVIEWED_VALUE	COMPLETE	vendor/linux/include/uapi/linux/netdev.h;vendor/linux/include/uapi/linux/netdev.h:208;header-context=PENDING_REVIEW	425f94c2954b1fe80ebdbf9b29854e89750355df	f24cb1108af94200ee7a600fac46c70a86ad7f5182fa08b8da014df602b81fd2	a67200b9de936585f98f6aed0c4e4f7733d3ba0c36f4496d97e583cb7caf9ac6	0123af9e96b58af4e98b91a2de5608d36b63c67864b9041d3340587f3dbe40d2	cfa8dcf0d81c408de38d4202fe1ce9d9e5e301d1e67439c9530da94b1e64ee3f	0e7e60940dd21c28f3d10965325f70644fc000495a2d61984437dec666da93d8
semantic-proposal-v1	SC1-1a0d01b0e9dbd8dfc0a059b8a73056876915b8571e63219584b977e1f6c89f97	S016267	1	P01	LIFETIMES.tsv	189009	ownership	aarch64	include/uapi/linux/netdev.h	type	anonymous_enum@208	208	PENDING_REVIEW	SOURCE_REVIEWED_VALUE	COMPLETE	vendor/linux/include/uapi/linux/netdev.h;vendor/linux/include/uapi/linux/netdev.h:208;header-context=PENDING_REVIEW	425f94c2954b1fe80ebdbf9b29854e89750355df	f24cb1108af94200ee7a600fac46c70a86ad7f5182fa08b8da014df602b81fd2	a67200b9de936585f98f6aed0c4e4f7733d3ba0c36f4496d97e583cb7caf9ac6	0123af9e96b58af4e98b91a2de5608d36b63c67864b9041d3340587f3dbe40d2	cfa8dcf0d81c408de38d4202fe1ce9d9e5e301d1e67439c9530da94b1e64ee3f	0e7e60940dd21c28f3d10965325f70644fc000495a2d61984437dec666da93d8
semantic-proposal-v1	SC1-4a1c5065d8417d01c72c7e465fa8c2bff54edf82858ac46af57cb5ebc42ccabc	S016267	1	P01	LIFETIMES.tsv	189009	status	aarch64	include/uapi/linux/netdev.h	type	anonymous_enum@208	208	PENDING_REVIEW	COMPLETE	COMPLETE	vendor/linux/include/uapi/linux/netdev.h;vendor/linux/include/uapi/linux/netdev.h:208;header-context=PENDING_REVIEW	425f94c2954b1fe80ebdbf9b29854e89750355df	f24cb1108af94200ee7a600fac46c70a86ad7f5182fa08b8da014df602b81fd2	a67200b9de936585f98f6aed0c4e4f7733d3ba0c36f4496d97e583cb7caf9ac6	0123af9e96b58af4e98b91a2de5608d36b63c67864b9041d3340587f3dbe40d2	cfa8dcf0d81c408de38d4202fe1ce9d9e5e301d1e67439c9530da94b1e64ee3f	0e7e60940dd21c28f3d10965325f70644fc000495a2d61984437dec666da93d8
semantic-proposal-v1	SC1-7ed7cec647b457d2a2a6513ed337dc28a41457a17995733a4d17f03a3073b2c5	S016267	1	P01	LIFETIMES.tsv	189010	lifetime_contract	aarch64	include/uapi/linux/netdev.h	type	anonymous_enum@217	217	PENDING_REVIEW	SOURCE_REVIEWED_VALUE	COMPLETE	vendor/linux/include/uapi/linux/netdev.h;vendor/linux/include/uapi/linux/netdev.h:217;header-context=PENDING_REVIEW	425f94c2954b1fe80ebdbf9b29854e89750355df	f24cb1108af94200ee7a600fac46c70a86ad7f5182fa08b8da014df602b81fd2	a67200b9de936585f98f6aed0c4e4f7733d3ba0c36f4496d97e583cb7caf9ac6	0123af9e96b58af4e98b91a2de5608d36b63c67864b9041d3340587f3dbe40d2	cfa8dcf0d81c408de38d4202fe1ce9d9e5e301d1e67439c9530da94b1e64ee3f	0e7e60940dd21c28f3d10965325f70644fc000495a2d61984437dec666da93d8
semantic-proposal-v1	SC1-6615b7902a153a5b06b17bd48c016778cbef8d7cb37eca8dfd2e2f6195e7e0b4	S016267	1	P01	LIFETIMES.tsv	189010	locking_rcu_refcount	aarch64	include/uapi/linux/netdev.h	type	anonymous_enum@217	217	PENDING_REVIEW	SOURCE_REVIEWED_VALUE	COMPLETE	vendor/linux/include/uapi/linux/netdev.h;vendor/linux/include/uapi/linux/netdev.h:217;header-context=PENDING_REVIEW	425f94c2954b1fe80ebdbf9b29854e89750355df	f24cb1108af94200ee7a600fac46c70a86ad7f5182fa08b8da014df602b81fd2	a67200b9de936585f98f6aed0c4e4f7733d3ba0c36f4496d97e583cb7caf9ac6	0123af9e96b58af4e98b91a2de5608d36b63c67864b9041d3340587f3dbe40d2	cfa8dcf0d81c408de38d4202fe1ce9d9e5e301d1e67439c9530da94b1e64ee3f	0e7e60940dd21c28f3d10965325f70644fc000495a2d61984437dec666da93d8
semantic-proposal-v1	SC1-b0702fdd25332572d42f274ae5c3d17529d5920324859e5fdb141c1d7e83fd7f	S016267	1	P01	LIFETIMES.tsv	189010	ownership	aarch64	include/uapi/linux/netdev.h	type	anonymous_enum@217	217	PENDING_REVIEW	SOURCE_REVIEWED_VALUE	COMPLETE	vendor/linux/include/uapi/linux/netdev.h;vendor/linux/include/uapi/linux/netdev.h:217;header-context=PENDING_REVIEW	425f94c2954b1fe80ebdbf9b29854e89750355df	f24cb1108af94200ee7a600fac46c70a86ad7f5182fa08b8da014df602b81fd2	a67200b9de936585f98f6aed0c4e4f7733d3ba0c36f4496d97e583cb7caf9ac6	0123af9e96b58af4e98b91a2de5608d36b63c67864b9041d3340587f3dbe40d2	cfa8dcf0d81c408de38d4202fe1ce9d9e5e301d1e67439c9530da94b1e64ee3f	0e7e60940dd21c28f3d10965325f70644fc000495a2d61984437dec666da93d8
semantic-proposal-v1	SC1-dda422802baee972d408a1765185228849207fb192ac7da8120304e85eae3c61	S016267	1	P01	LIFETIMES.tsv	189010	status	aarch64	include/uapi/linux/netdev.h	type	anonymous_enum@217	217	PENDING_REVIEW	COMPLETE	COMPLETE	vendor/linux/include/uapi/linux/netdev.h;vendor/linux/include/uapi/linux/netdev.h:217;header-context=PENDING_REVIEW	425f94c2954b1fe80ebdbf9b29854e89750355df	f24cb1108af94200ee7a600fac46c70a86ad7f5182fa08b8da014df602b81fd2	a67200b9de936585f98f6aed0c4e4f7733d3ba0c36f4496d97e583cb7caf9ac6	0123af9e96b58af4e98b91a2de5608d36b63c67864b9041d3340587f3dbe40d2	cfa8dcf0d81c408de38d4202fe1ce9d9e5e301d1e67439c9530da94b1e64ee3f	0e7e60940dd21c28f3d10965325f70644fc000495a2d61984437dec666da93d8
semantic-proposal-v1	SC1-18ddfc9bfc4ec2687b968d43aa15c06e02c0ee32e8cf31840cfc334c7d4cfacf	S016267	1	P01	LIFETIMES.tsv	189011	lifetime_contract	aarch64	include/uapi/linux/netdev.h	type	anonymous_enum@227	227	PENDING_REVIEW	SOURCE_REVIEWED_VALUE	COMPLETE	vendor/linux/include/uapi/linux/netdev.h;vendor/linux/include/uapi/linux/netdev.h:227;header-context=PENDING_REVIEW	425f94c2954b1fe80ebdbf9b29854e89750355df	f24cb1108af94200ee7a600fac46c70a86ad7f5182fa08b8da014df602b81fd2	a67200b9de936585f98f6aed0c4e4f7733d3ba0c36f4496d97e583cb7caf9ac6	0123af9e96b58af4e98b91a2de5608d36b63c67864b9041d3340587f3dbe40d2	cfa8dcf0d81c408de38d4202fe1ce9d9e5e301d1e67439c9530da94b1e64ee3f	0e7e60940dd21c28f3d10965325f70644fc000495a2d61984437dec666da93d8
semantic-proposal-v1	SC1-cddfc510762551ba496a84a03cd174ea9d1891a149f51cc2a81326d2dd321fdd	S016267	1	P01	LIFETIMES.tsv	189011	locking_rcu_refcount	aarch64	include/uapi/linux/netdev.h	type	anonymous_enum@227	227	PENDING_REVIEW	SOURCE_REVIEWED_VALUE	COMPLETE	vendor/linux/include/uapi/linux/netdev.h;vendor/linux/include/uapi/linux/netdev.h:227;header-context=PENDING_REVIEW	425f94c2954b1fe80ebdbf9b29854e89750355df	f24cb1108af94200ee7a600fac46c70a86ad7f5182fa08b8da014df602b81fd2	a67200b9de936585f98f6aed0c4e4f7733d3ba0c36f4496d97e583cb7caf9ac6	0123af9e96b58af4e98b91a2de5608d36b63c67864b9041d3340587f3dbe40d2	cfa8dcf0d81c408de38d4202fe1ce9d9e5e301d1e67439c9530da94b1e64ee3f	0e7e60940dd21c28f3d10965325f70644fc000495a2d61984437dec666da93d8
semantic-proposal-v1	SC1-92cfc413ae175d44ca9cc80debe700c08f328ad0f43af19cc58ed27ba363537f	S016267	1	P01	LIFETIMES.tsv	189011	ownership	aarch64	include/uapi/linux/netdev.h	type	anonymous_enum@227	227	PENDING_REVIEW	SOURCE_REVIEWED_VALUE	COMPLETE	vendor/linux/include/uapi/linux/netdev.h;vendor/linux/include/uapi/linux/netdev.h:227;header-context=PENDING_REVIEW	425f94c2954b1fe80ebdbf9b29854e89750355df	f24cb1108af94200ee7a600fac46c70a86ad7f5182fa08b8da014df602b81fd2	a67200b9de936585f98f6aed0c4e4f7733d3ba0c36f4496d97e583cb7caf9ac6	0123af9e96b58af4e98b91a2de5608d36b63c67864b9041d3340587f3dbe40d2	cfa8dcf0d81c408de38d4202fe1ce9d9e5e301d1e67439c9530da94b1e64ee3f	0e7e60940dd21c28f3d10965325f70644fc000495a2d61984437dec666da93d8
semantic-proposal-v1	SC1-c9916e7e42f40508a423c9a2a5ded035b6bd3319dfafa93fa4ad285988996b66	S016267	1	P01	LIFETIMES.tsv	189011	status	aarch64	include/uapi/linux/netdev.h	type	anonymous_enum@227	227	PENDING_REVIEW	COMPLETE	COMPLETE	vendor/linux/include/uapi/linux/netdev.h;vendor/linux/include/uapi/linux/netdev.h:227;header-context=PENDING_REVIEW	425f94c2954b1fe80ebdbf9b29854e89750355df	f24cb1108af94200ee7a600fac46c70a86ad7f5182fa08b8da014df602b81fd2	a67200b9de936585f98f6aed0c4e4f7733d3ba0c36f4496d97e583cb7caf9ac6	0123af9e96b58af4e98b91a2de5608d36b63c67864b9041d3340587f3dbe40d2	cfa8dcf0d81c408de38d4202fe1ce9d9e5e301d1e67439c9530da94b1e64ee3f	0e7e60940dd21c28f3d10965325f70644fc000495a2d61984437dec666da93d8
semantic-proposal-v1	SC1-fbf9f62004fcd52ca4fa3c90ec57250ef94b4cf8b98a8368f9b8108d4ae95288	S016267	1	P01	LIFETIMES.tsv	189012	lifetime_contract	x86_64	include/uapi/linux/netdev.h	type	enum netdev_xdp_act	29	PENDING_REVIEW	SOURCE_REVIEWED_VALUE	COMPLETE	vendor/linux/include/uapi/linux/netdev.h;vendor/linux/include/uapi/linux/netdev.h:29;header-context=PENDING_REVIEW	425f94c2954b1fe80ebdbf9b29854e89750355df	f24cb1108af94200ee7a600fac46c70a86ad7f5182fa08b8da014df602b81fd2	a67200b9de936585f98f6aed0c4e4f7733d3ba0c36f4496d97e583cb7caf9ac6	0123af9e96b58af4e98b91a2de5608d36b63c67864b9041d3340587f3dbe40d2	cfa8dcf0d81c408de38d4202fe1ce9d9e5e301d1e67439c9530da94b1e64ee3f	0e7e60940dd21c28f3d10965325f70644fc000495a2d61984437dec666da93d8
semantic-proposal-v1	SC1-f06f4111b7fbf0dfcc5f64b9267969e7486b8f1ceada561f46a2895c82f12b3b	S016267	1	P01	LIFETIMES.tsv	189012	locking_rcu_refcount	x86_64	include/uapi/linux/netdev.h	type	enum netdev_xdp_act	29	PENDING_REVIEW	SOURCE_REVIEWED_VALUE	COMPLETE	vendor/linux/include/uapi/linux/netdev.h;vendor/linux/include/uapi/linux/netdev.h:29;header-context=PENDING_REVIEW	425f94c2954b1fe80ebdbf9b29854e89750355df	f24cb1108af94200ee7a600fac46c70a86ad7f5182fa08b8da014df602b81fd2	a67200b9de936585f98f6aed0c4e4f7733d3ba0c36f4496d97e583cb7caf9ac6	0123af9e96b58af4e98b91a2de5608d36b63c67864b9041d3340587f3dbe40d2	cfa8dcf0d81c408de38d4202fe1ce9d9e5e301d1e67439c9530da94b1e64ee3f	0e7e60940dd21c28f3d10965325f70644fc000495a2d61984437dec666da93d8
semantic-proposal-v1	SC1-704d7193a4f13b0326665e243343e34c796db7a103888072449fa1092ebe2bd1	S016267	1	P01	LIFETIMES.tsv	189012	ownership	x86_64	include/uapi/linux/netdev.h	type	enum netdev_xdp_act	29	PENDING_REVIEW	SOURCE_REVIEWED_VALUE	COMPLETE	vendor/linux/include/uapi/linux/netdev.h;vendor/linux/include/uapi/linux/netdev.h:29;header-context=PENDING_REVIEW	425f94c2954b1fe80ebdbf9b29854e89750355df	f24cb1108af94200ee7a600fac46c70a86ad7f5182fa08b8da014df602b81fd2	a67200b9de936585f98f6aed0c4e4f7733d3ba0c36f4496d97e583cb7caf9ac6	0123af9e96b58af4e98b91a2de5608d36b63c67864b9041d3340587f3dbe40d2	cfa8dcf0d81c408de38d4202fe1ce9d9e5e301d1e67439c9530da94b1e64ee3f	0e7e60940dd21c28f3d10965325f70644fc000495a2d61984437dec666da93d8
semantic-proposal-v1	SC1-1d2c3cac48cce6022704498ec7edfe2c926b0f73bc9a4c4daae817783585b8bc	S016267	1	P01	LIFETIMES.tsv	189012	status	x86_64	include/uapi/linux/netdev.h	type	enum netdev_xdp_act	29	PENDING_REVIEW	COMPLETE	COMPLETE	vendor/linux/include/uapi/linux/netdev.h;vendor/linux/include/uapi/linux/netdev.h:29;header-context=PENDING_REVIEW	425f94c2954b1fe80ebdbf9b29854e89750355df	f24cb1108af94200ee7a600fac46c70a86ad7f5182fa08b8da014df602b81fd2	a67200b9de936585f98f6aed0c4e4f7733d3ba0c36f4496d97e583cb7caf9ac6	0123af9e96b58af4e98b91a2de5608d36b63c67864b9041d3340587f3dbe40d2	cfa8dcf0d81c408de38d4202fe1ce9d9e5e301d1e67439c9530da94b1e64ee3f	0e7e60940dd21c28f3d10965325f70644fc000495a2d61984437dec666da93d8
semantic-proposal-v1	SC1-189b19f7e879daaebc875358b7b5578caee6f5978c881dfd61f56c6b998fbd91	S016267	1	P01	LIFETIMES.tsv	189013	lifetime_contract	x86_64	include/uapi/linux/netdev.h	type	enum netdev_xdp_rx_metadata	51	PENDING_REVIEW	SOURCE_REVIEWED_VALUE	COMPLETE	vendor/linux/include/uapi/linux/netdev.h;vendor/linux/include/uapi/linux/netdev.h:51;header-context=PENDING_REVIEW	425f94c2954b1fe80ebdbf9b29854e89750355df	f24cb1108af94200ee7a600fac46c70a86ad7f5182fa08b8da014df602b81fd2	a67200b9de936585f98f6aed0c4e4f7733d3ba0c36f4496d97e583cb7caf9ac6	0123af9e96b58af4e98b91a2de5608d36b63c67864b9041d3340587f3dbe40d2	cfa8dcf0d81c408de38d4202fe1ce9d9e5e301d1e67439c9530da94b1e64ee3f	0e7e60940dd21c28f3d10965325f70644fc000495a2d61984437dec666da93d8
semantic-proposal-v1	SC1-2718385916b2cd11ab9a9a64da33f2f979a9f48b7589b47fc7dd82efc305b2c7	S016267	1	P01	LIFETIMES.tsv	189013	locking_rcu_refcount	x86_64	include/uapi/linux/netdev.h	type	enum netdev_xdp_rx_metadata	51	PENDING_REVIEW	SOURCE_REVIEWED_VALUE	COMPLETE	vendor/linux/include/uapi/linux/netdev.h;vendor/linux/include/uapi/linux/netdev.h:51;header-context=PENDING_REVIEW	425f94c2954b1fe80ebdbf9b29854e89750355df	f24cb1108af94200ee7a600fac46c70a86ad7f5182fa08b8da014df602b81fd2	a67200b9de936585f98f6aed0c4e4f7733d3ba0c36f4496d97e583cb7caf9ac6	0123af9e96b58af4e98b91a2de5608d36b63c67864b9041d3340587f3dbe40d2	cfa8dcf0d81c408de38d4202fe1ce9d9e5e301d1e67439c9530da94b1e64ee3f	0e7e60940dd21c28f3d10965325f70644fc000495a2d61984437dec666da93d8
semantic-proposal-v1	SC1-5308a63357e1be58f43ab63807c9a5f4eabc6395034da60cdbb9b2503f0ef9e4	S016267	1	P01	LIFETIMES.tsv	189013	ownership	x86_64	include/uapi/linux/netdev.h	type	enum netdev_xdp_rx_metadata	51	PENDING_REVIEW	SOURCE_REVIEWED_VALUE	COMPLETE	vendor/linux/include/uapi/linux/netdev.h;vendor/linux/include/uapi/linux/netdev.h:51;header-context=PENDING_REVIEW	425f94c2954b1fe80ebdbf9b29854e89750355df	f24cb1108af94200ee7a600fac46c70a86ad7f5182fa08b8da014df602b81fd2	a67200b9de936585f98f6aed0c4e4f7733d3ba0c36f4496d97e583cb7caf9ac6	0123af9e96b58af4e98b91a2de5608d36b63c67864b9041d3340587f3dbe40d2	cfa8dcf0d81c408de38d4202fe1ce9d9e5e301d1e67439c9530da94b1e64ee3f	0e7e60940dd21c28f3d10965325f70644fc000495a2d61984437dec666da93d8
semantic-proposal-v1	SC1-3e99ac9f6267831d6dfbcadd8d8700d438d0678f22dff8e880ec686212abe6eb	S016267	1	P01	LIFETIMES.tsv	189013	status	x86_64	include/uapi/linux/netdev.h	type	enum netdev_xdp_rx_metadata	51	PENDING_REVIEW	COMPLETE	COMPLETE	vendor/linux/include/uapi/linux/netdev.h;vendor/linux/include/uapi/linux/netdev.h:51;header-context=PENDING_REVIEW	425f94c2954b1fe80ebdbf9b29854e89750355df	f24cb1108af94200ee7a600fac46c70a86ad7f5182fa08b8da014df602b81fd2	a67200b9de936585f98f6aed0c4e4f7733d3ba0c36f4496d97e583cb7caf9ac6	0123af9e96b58af4e98b91a2de5608d36b63c67864b9041d3340587f3dbe40d2	cfa8dcf0d81c408de38d4202fe1ce9d9e5e301d1e67439c9530da94b1e64ee3f	0e7e60940dd21c28f3d10965325f70644fc000495a2d61984437dec666da93d8
semantic-proposal-v1	SC1-7ebdc80247caa4f43114b196d538bbcf64caf4e6f0c0e75033d4f95ec390c37b	S016267	1	P01	LIFETIMES.tsv	189014	lifetime_contract	x86_64	include/uapi/linux/netdev.h	type	enum netdev_xsk_flags	66	PENDING_REVIEW	SOURCE_REVIEWED_VALUE	COMPLETE	vendor/linux/include/uapi/linux/netdev.h;vendor/linux/include/uapi/linux/netdev.h:66;header-context=PENDING_REVIEW	425f94c2954b1fe80ebdbf9b29854e89750355df	f24cb1108af94200ee7a600fac46c70a86ad7f5182fa08b8da014df602b81fd2	a67200b9de936585f98f6aed0c4e4f7733d3ba0c36f4496d97e583cb7caf9ac6	0123af9e96b58af4e98b91a2de5608d36b63c67864b9041d3340587f3dbe40d2	cfa8dcf0d81c408de38d4202fe1ce9d9e5e301d1e67439c9530da94b1e64ee3f	0e7e60940dd21c28f3d10965325f70644fc000495a2d61984437dec666da93d8
semantic-proposal-v1	SC1-ed7421b4f26dc7f9537df68f9b3761935c5b0427ae586d2dabe216742e885ed9	S016267	1	P01	LIFETIMES.tsv	189014	locking_rcu_refcount	x86_64	include/uapi/linux/netdev.h	type	enum netdev_xsk_flags	66	PENDING_REVIEW	SOURCE_REVIEWED_VALUE	COMPLETE	vendor/linux/include/uapi/linux/netdev.h;vendor/linux/include/uapi/linux/netdev.h:66;header-context=PENDING_REVIEW	425f94c2954b1fe80ebdbf9b29854e89750355df	f24cb1108af94200ee7a600fac46c70a86ad7f5182fa08b8da014df602b81fd2	a67200b9de936585f98f6aed0c4e4f7733d3ba0c36f4496d97e583cb7caf9ac6	0123af9e96b58af4e98b91a2de5608d36b63c67864b9041d3340587f3dbe40d2	cfa8dcf0d81c408de38d4202fe1ce9d9e5e301d1e67439c9530da94b1e64ee3f	0e7e60940dd21c28f3d10965325f70644fc000495a2d61984437dec666da93d8
semantic-proposal-v1	SC1-852dc80ccb3dae508e6d5fc740f92bf8ae35f162cae38f3eaeebfd49bd5edc02	S016267	1	P01	LIFETIMES.tsv	189014	ownership	x86_64	include/uapi/linux/netdev.h	type	enum netdev_xsk_flags	66	PENDING_REVIEW	SOURCE_REVIEWED_VALUE	COMPLETE	vendor/linux/include/uapi/linux/netdev.h;vendor/linux/include/uapi/linux/netdev.h:66;header-context=PENDING_REVIEW	425f94c2954b1fe80ebdbf9b29854e89750355df	f24cb1108af94200ee7a600fac46c70a86ad7f5182fa08b8da014df602b81fd2	a67200b9de936585f98f6aed0c4e4f7733d3ba0c36f4496d97e583cb7caf9ac6	0123af9e96b58af4e98b91a2de5608d36b63c67864b9041d3340587f3dbe40d2	cfa8dcf0d81c408de38d4202fe1ce9d9e5e301d1e67439c9530da94b1e64ee3f	0e7e60940dd21c28f3d10965325f70644fc000495a2d61984437dec666da93d8
semantic-proposal-v1	SC1-3f2356c682c798d00ed2ecfd4c0674318e413d12e52db2a09b889278029257de	S016267	1	P01	LIFETIMES.tsv	189014	status	x86_64	include/uapi/linux/netdev.h	type	enum netdev_xsk_flags	66	PENDING_REVIEW	COMPLETE	COMPLETE	vendor/linux/include/uapi/linux/netdev.h;vendor/linux/include/uapi/linux/netdev.h:66;header-context=PENDING_REVIEW	425f94c2954b1fe80ebdbf9b29854e89750355df	f24cb1108af94200ee7a600fac46c70a86ad7f5182fa08b8da014df602b81fd2	a67200b9de936585f98f6aed0c4e4f7733d3ba0c36f4496d97e583cb7caf9ac6	0123af9e96b58af4e98b91a2de5608d36b63c67864b9041d3340587f3dbe40d2	cfa8dcf0d81c408de38d4202fe1ce9d9e5e301d1e67439c9530da94b1e64ee3f	0e7e60940dd21c28f3d10965325f70644fc000495a2d61984437dec666da93d8
semantic-proposal-v1	SC1-3aa1ce49d1c810c8ec44b25b3256bd20d3346b609547e3dfa5bfbdb4578ff0b8	S016267	1	P01	LIFETIMES.tsv	189015	lifetime_contract	x86_64	include/uapi/linux/netdev.h	type	enum netdev_queue_type	72	PENDING_REVIEW	SOURCE_REVIEWED_VALUE	COMPLETE	vendor/linux/include/uapi/linux/netdev.h;vendor/linux/include/uapi/linux/netdev.h:72;header-context=PENDING_REVIEW	425f94c2954b1fe80ebdbf9b29854e89750355df	f24cb1108af94200ee7a600fac46c70a86ad7f5182fa08b8da014df602b81fd2	a67200b9de936585f98f6aed0c4e4f7733d3ba0c36f4496d97e583cb7caf9ac6	0123af9e96b58af4e98b91a2de5608d36b63c67864b9041d3340587f3dbe40d2	cfa8dcf0d81c408de38d4202fe1ce9d9e5e301d1e67439c9530da94b1e64ee3f	0e7e60940dd21c28f3d10965325f70644fc000495a2d61984437dec666da93d8
semantic-proposal-v1	SC1-698a0051afd2f801ff9d884ad862fb9e5b84ace6118d50989c0c95e068d94938	S016267	1	P01	LIFETIMES.tsv	189015	locking_rcu_refcount	x86_64	include/uapi/linux/netdev.h	type	enum netdev_queue_type	72	PENDING_REVIEW	SOURCE_REVIEWED_VALUE	COMPLETE	vendor/linux/include/uapi/linux/netdev.h;vendor/linux/include/uapi/linux/netdev.h:72;header-context=PENDING_REVIEW	425f94c2954b1fe80ebdbf9b29854e89750355df	f24cb1108af94200ee7a600fac46c70a86ad7f5182fa08b8da014df602b81fd2	a67200b9de936585f98f6aed0c4e4f7733d3ba0c36f4496d97e583cb7caf9ac6	0123af9e96b58af4e98b91a2de5608d36b63c67864b9041d3340587f3dbe40d2	cfa8dcf0d81c408de38d4202fe1ce9d9e5e301d1e67439c9530da94b1e64ee3f	0e7e60940dd21c28f3d10965325f70644fc000495a2d61984437dec666da93d8
semantic-proposal-v1	SC1-1cbc0c509580ec9728c1c86923c719feb03ee061ff82297277d8e00ff11d4922	S016267	1	P01	LIFETIMES.tsv	189015	ownership	x86_64	include/uapi/linux/netdev.h	type	enum netdev_queue_type	72	PENDING_REVIEW	SOURCE_REVIEWED_VALUE	COMPLETE	vendor/linux/include/uapi/linux/netdev.h;vendor/linux/include/uapi/linux/netdev.h:72;header-context=PENDING_REVIEW	425f94c2954b1fe80ebdbf9b29854e89750355df	f24cb1108af94200ee7a600fac46c70a86ad7f5182fa08b8da014df602b81fd2	a67200b9de936585f98f6aed0c4e4f7733d3ba0c36f4496d97e583cb7caf9ac6	0123af9e96b58af4e98b91a2de5608d36b63c67864b9041d3340587f3dbe40d2	cfa8dcf0d81c408de38d4202fe1ce9d9e5e301d1e67439c9530da94b1e64ee3f	0e7e60940dd21c28f3d10965325f70644fc000495a2d61984437dec666da93d8
semantic-proposal-v1	SC1-7733b44788275721e155603d683618fcdce8886079cc2126d792b129d5251bbe	S016267	1	P01	LIFETIMES.tsv	189015	status	x86_64	include/uapi/linux/netdev.h	type	enum netdev_queue_type	72	PENDING_REVIEW	COMPLETE	COMPLETE	vendor/linux/include/uapi/linux/netdev.h;vendor/linux/include/uapi/linux/netdev.h:72;header-context=PENDING_REVIEW	425f94c2954b1fe80ebdbf9b29854e89750355df	f24cb1108af94200ee7a600fac46c70a86ad7f5182fa08b8da014df602b81fd2	a67200b9de936585f98f6aed0c4e4f7733d3ba0c36f4496d97e583cb7caf9ac6	0123af9e96b58af4e98b91a2de5608d36b63c67864b9041d3340587f3dbe40d2	cfa8dcf0d81c408de38d4202fe1ce9d9e5e301d1e67439c9530da94b1e64ee3f	0e7e60940dd21c28f3d10965325f70644fc000495a2d61984437dec666da93d8
semantic-proposal-v1	SC1-9b8e43d02dbde41e81ed2626ab3dc148e1e89fccb4f3732bf9492d7f8bbe1f64	S016267	1	P01	LIFETIMES.tsv	189016	lifetime_contract	x86_64	include/uapi/linux/netdev.h	type	enum netdev_qstats_scope	77	PENDING_REVIEW	SOURCE_REVIEWED_VALUE	COMPLETE	vendor/linux/include/uapi/linux/netdev.h;vendor/linux/include/uapi/linux/netdev.h:77;header-context=PENDING_REVIEW	425f94c2954b1fe80ebdbf9b29854e89750355df	f24cb1108af94200ee7a600fac46c70a86ad7f5182fa08b8da014df602b81fd2	a67200b9de936585f98f6aed0c4e4f7733d3ba0c36f4496d97e583cb7caf9ac6	0123af9e96b58af4e98b91a2de5608d36b63c67864b9041d3340587f3dbe40d2	cfa8dcf0d81c408de38d4202fe1ce9d9e5e301d1e67439c9530da94b1e64ee3f	0e7e60940dd21c28f3d10965325f70644fc000495a2d61984437dec666da93d8
semantic-proposal-v1	SC1-d9b469459b0b381301620c00ce598f6833ceb6c276973f2b92899d71490e07d1	S016267	1	P01	LIFETIMES.tsv	189016	locking_rcu_refcount	x86_64	include/uapi/linux/netdev.h	type	enum netdev_qstats_scope	77	PENDING_REVIEW	SOURCE_REVIEWED_VALUE	COMPLETE	vendor/linux/include/uapi/linux/netdev.h;vendor/linux/include/uapi/linux/netdev.h:77;header-context=PENDING_REVIEW	425f94c2954b1fe80ebdbf9b29854e89750355df	f24cb1108af94200ee7a600fac46c70a86ad7f5182fa08b8da014df602b81fd2	a67200b9de936585f98f6aed0c4e4f7733d3ba0c36f4496d97e583cb7caf9ac6	0123af9e96b58af4e98b91a2de5608d36b63c67864b9041d3340587f3dbe40d2	cfa8dcf0d81c408de38d4202fe1ce9d9e5e301d1e67439c9530da94b1e64ee3f	0e7e60940dd21c28f3d10965325f70644fc000495a2d61984437dec666da93d8
semantic-proposal-v1	SC1-42f87c8b301e60031b0779d208a2016b52980ef19ab1f345fab7d16af7fe16fd	S016267	1	P01	LIFETIMES.tsv	189016	ownership	x86_64	include/uapi/linux/netdev.h	type	enum netdev_qstats_scope	77	PENDING_REVIEW	SOURCE_REVIEWED_VALUE	COMPLETE	vendor/linux/include/uapi/linux/netdev.h;vendor/linux/include/uapi/linux/netdev.h:77;header-context=PENDING_REVIEW	425f94c2954b1fe80ebdbf9b29854e89750355df	f24cb1108af94200ee7a600fac46c70a86ad7f5182fa08b8da014df602b81fd2	a67200b9de936585f98f6aed0c4e4f7733d3ba0c36f4496d97e583cb7caf9ac6	0123af9e96b58af4e98b91a2de5608d36b63c67864b9041d3340587f3dbe40d2	cfa8dcf0d81c408de38d4202fe1ce9d9e5e301d1e67439c9530da94b1e64ee3f	0e7e60940dd21c28f3d10965325f70644fc000495a2d61984437dec666da93d8
semantic-proposal-v1	SC1-5f5b8193c8c6f369a37dd28c5c7934fa07895d9385ef4d7cb3742ba0f3d40f22	S016267	1	P01	LIFETIMES.tsv	189016	status	x86_64	include/uapi/linux/netdev.h	type	enum netdev_qstats_scope	77	PENDING_REVIEW	COMPLETE	COMPLETE	vendor/linux/include/uapi/linux/netdev.h;vendor/linux/include/uapi/linux/netdev.h:77;header-context=PENDING_REVIEW	425f94c2954b1fe80ebdbf9b29854e89750355df	f24cb1108af94200ee7a600fac46c70a86ad7f5182fa08b8da014df602b81fd2	a67200b9de936585f98f6aed0c4e4f7733d3ba0c36f4496d97e583cb7caf9ac6	0123af9e96b58af4e98b91a2de5608d36b63c67864b9041d3340587f3dbe40d2	cfa8dcf0d81c408de38d4202fe1ce9d9e5e301d1e67439c9530da94b1e64ee3f	0e7e60940dd21c28f3d10965325f70644fc000495a2d61984437dec666da93d8
semantic-proposal-v1	SC1-23d533f64335c761c6ebffe2e4dd2afb169eb2b4a46759fe2bdbdd478917e4fb	S016267	1	P01	LIFETIMES.tsv	189017	lifetime_contract	x86_64	include/uapi/linux/netdev.h	type	enum netdev_napi_threaded	81	PENDING_REVIEW	SOURCE_REVIEWED_VALUE	COMPLETE	vendor/linux/include/uapi/linux/netdev.h;vendor/linux/include/uapi/linux/netdev.h:81;header-context=PENDING_REVIEW	425f94c2954b1fe80ebdbf9b29854e89750355df	f24cb1108af94200ee7a600fac46c70a86ad7f5182fa08b8da014df602b81fd2	a67200b9de936585f98f6aed0c4e4f7733d3ba0c36f4496d97e583cb7caf9ac6	0123af9e96b58af4e98b91a2de5608d36b63c67864b9041d3340587f3dbe40d2	cfa8dcf0d81c408de38d4202fe1ce9d9e5e301d1e67439c9530da94b1e64ee3f	0e7e60940dd21c28f3d10965325f70644fc000495a2d61984437dec666da93d8
semantic-proposal-v1	SC1-559869ac2fbe5f63894aebf10e93fe3e900023b301082fb992b253c64d163c9a	S016267	1	P01	LIFETIMES.tsv	189017	locking_rcu_refcount	x86_64	include/uapi/linux/netdev.h	type	enum netdev_napi_threaded	81	PENDING_REVIEW	SOURCE_REVIEWED_VALUE	COMPLETE	vendor/linux/include/uapi/linux/netdev.h;vendor/linux/include/uapi/linux/netdev.h:81;header-context=PENDING_REVIEW	425f94c2954b1fe80ebdbf9b29854e89750355df	f24cb1108af94200ee7a600fac46c70a86ad7f5182fa08b8da014df602b81fd2	a67200b9de936585f98f6aed0c4e4f7733d3ba0c36f4496d97e583cb7caf9ac6	0123af9e96b58af4e98b91a2de5608d36b63c67864b9041d3340587f3dbe40d2	cfa8dcf0d81c408de38d4202fe1ce9d9e5e301d1e67439c9530da94b1e64ee3f	0e7e60940dd21c28f3d10965325f70644fc000495a2d61984437dec666da93d8
semantic-proposal-v1	SC1-86b5658d41cec84cbbc2be19e78415934a5b2046f37aa6dd97977bc13332bf03	S016267	1	P01	LIFETIMES.tsv	189017	ownership	x86_64	include/uapi/linux/netdev.h	type	enum netdev_napi_threaded	81	PENDING_REVIEW	SOURCE_REVIEWED_VALUE	COMPLETE	vendor/linux/include/uapi/linux/netdev.h;vendor/linux/include/uapi/linux/netdev.h:81;header-context=PENDING_REVIEW	425f94c2954b1fe80ebdbf9b29854e89750355df	f24cb1108af94200ee7a600fac46c70a86ad7f5182fa08b8da014df602b81fd2	a67200b9de936585f98f6aed0c4e4f7733d3ba0c36f4496d97e583cb7caf9ac6	0123af9e96b58af4e98b91a2de5608d36b63c67864b9041d3340587f3dbe40d2	cfa8dcf0d81c408de38d4202fe1ce9d9e5e301d1e67439c9530da94b1e64ee3f	0e7e60940dd21c28f3d10965325f70644fc000495a2d61984437dec666da93d8
semantic-proposal-v1	SC1-431e26b5f6a4bb61c6337b8a52b1629ba5136545e5dd179c451d63bf896ea5fe	S016267	1	P01	LIFETIMES.tsv	189017	status	x86_64	include/uapi/linux/netdev.h	type	enum netdev_napi_threaded	81	PENDING_REVIEW	COMPLETE	COMPLETE	vendor/linux/include/uapi/linux/netdev.h;vendor/linux/include/uapi/linux/netdev.h:81;header-context=PENDING_REVIEW	425f94c2954b1fe80ebdbf9b29854e89750355df	f24cb1108af94200ee7a600fac46c70a86ad7f5182fa08b8da014df602b81fd2	a67200b9de936585f98f6aed0c4e4f7733d3ba0c36f4496d97e583cb7caf9ac6	0123af9e96b58af4e98b91a2de5608d36b63c67864b9041d3340587f3dbe40d2	cfa8dcf0d81c408de38d4202fe1ce9d9e5e301d1e67439c9530da94b1e64ee3f	0e7e60940dd21c28f3d10965325f70644fc000495a2d61984437dec666da93d8
semantic-proposal-v1	SC1-40a86def3348525152274b999ddb3134199e3c537d80df80174d3cf1f9f0de68	S016267	1	P01	LIFETIMES.tsv	189018	lifetime_contract	x86_64	include/uapi/linux/netdev.h	type	anonymous_enum@87	87	PENDING_REVIEW	SOURCE_REVIEWED_VALUE	COMPLETE	vendor/linux/include/uapi/linux/netdev.h;vendor/linux/include/uapi/linux/netdev.h:87;header-context=PENDING_REVIEW	425f94c2954b1fe80ebdbf9b29854e89750355df	f24cb1108af94200ee7a600fac46c70a86ad7f5182fa08b8da014df602b81fd2	a67200b9de936585f98f6aed0c4e4f7733d3ba0c36f4496d97e583cb7caf9ac6	0123af9e96b58af4e98b91a2de5608d36b63c67864b9041d3340587f3dbe40d2	cfa8dcf0d81c408de38d4202fe1ce9d9e5e301d1e67439c9530da94b1e64ee3f	0e7e60940dd21c28f3d10965325f70644fc000495a2d61984437dec666da93d8
semantic-proposal-v1	SC1-6c9793ea11e47cbdc13ff3db43bacc12ab9aa074cbedf5284820c5377e8cfdfe	S016267	1	P01	LIFETIMES.tsv	189018	locking_rcu_refcount	x86_64	include/uapi/linux/netdev.h	type	anonymous_enum@87	87	PENDING_REVIEW	SOURCE_REVIEWED_VALUE	COMPLETE	vendor/linux/include/uapi/linux/netdev.h;vendor/linux/include/uapi/linux/netdev.h:87;header-context=PENDING_REVIEW	425f94c2954b1fe80ebdbf9b29854e89750355df	f24cb1108af94200ee7a600fac46c70a86ad7f5182fa08b8da014df602b81fd2	a67200b9de936585f98f6aed0c4e4f7733d3ba0c36f4496d97e583cb7caf9ac6	0123af9e96b58af4e98b91a2de5608d36b63c67864b9041d3340587f3dbe40d2	cfa8dcf0d81c408de38d4202fe1ce9d9e5e301d1e67439c9530da94b1e64ee3f	0e7e60940dd21c28f3d10965325f70644fc000495a2d61984437dec666da93d8
semantic-proposal-v1	SC1-b94c3c9951dac214720b13b5329e4cb5697cb9969e5c220cbeb997b229e737a2	S016267	1	P01	LIFETIMES.tsv	189018	ownership	x86_64	include/uapi/linux/netdev.h	type	anonymous_enum@87	87	PENDING_REVIEW	SOURCE_REVIEWED_VALUE	COMPLETE	vendor/linux/include/uapi/linux/netdev.h;vendor/linux/include/uapi/linux/netdev.h:87;header-context=PENDING_REVIEW	425f94c2954b1fe80ebdbf9b29854e89750355df	f24cb1108af94200ee7a600fac46c70a86ad7f5182fa08b8da014df602b81fd2	a67200b9de936585f98f6aed0c4e4f7733d3ba0c36f4496d97e583cb7caf9ac6	0123af9e96b58af4e98b91a2de5608d36b63c67864b9041d3340587f3dbe40d2	cfa8dcf0d81c408de38d4202fe1ce9d9e5e301d1e67439c9530da94b1e64ee3f	0e7e60940dd21c28f3d10965325f70644fc000495a2d61984437dec666da93d8
semantic-proposal-v1	SC1-318c06aff45007019fbe6b3bb5f74c20ed8ade7daef20c5a9ff6bb1280c493f0	S016267	1	P01	LIFETIMES.tsv	189018	status	x86_64	include/uapi/linux/netdev.h	type	anonymous_enum@87	87	PENDING_REVIEW	COMPLETE	COMPLETE	vendor/linux/include/uapi/linux/netdev.h;vendor/linux/include/uapi/linux/netdev.h:87;header-context=PENDING_REVIEW	425f94c2954b1fe80ebdbf9b29854e89750355df	f24cb1108af94200ee7a600fac46c70a86ad7f5182fa08b8da014df602b81fd2	a67200b9de936585f98f6aed0c4e4f7733d3ba0c36f4496d97e583cb7caf9ac6	0123af9e96b58af4e98b91a2de5608d36b63c67864b9041d3340587f3dbe40d2	cfa8dcf0d81c408de38d4202fe1ce9d9e5e301d1e67439c9530da94b1e64ee3f	0e7e60940dd21c28f3d10965325f70644fc000495a2d61984437dec666da93d8
semantic-proposal-v1	SC1-306e39a39f44475273bcb6435acc3ebbfd3899c6773e000f12ca2ac8724a779f	S016267	1	P01	LIFETIMES.tsv	189019	lifetime_contract	x86_64	include/uapi/linux/netdev.h	type	anonymous_enum@99	99	PENDING_REVIEW	SOURCE_REVIEWED_VALUE	COMPLETE	vendor/linux/include/uapi/linux/netdev.h;vendor/linux/include/uapi/linux/netdev.h:99;header-context=PENDING_REVIEW	425f94c2954b1fe80ebdbf9b29854e89750355df	f24cb1108af94200ee7a600fac46c70a86ad7f5182fa08b8da014df602b81fd2	a67200b9de936585f98f6aed0c4e4f7733d3ba0c36f4496d97e583cb7caf9ac6	0123af9e96b58af4e98b91a2de5608d36b63c67864b9041d3340587f3dbe40d2	cfa8dcf0d81c408de38d4202fe1ce9d9e5e301d1e67439c9530da94b1e64ee3f	0e7e60940dd21c28f3d10965325f70644fc000495a2d61984437dec666da93d8
semantic-proposal-v1	SC1-ee8a3b324899c255d4e74e1b8536b2ab0248234ba93ad843fe8e6e5f5c770bdb	S016267	1	P01	LIFETIMES.tsv	189019	locking_rcu_refcount	x86_64	include/uapi/linux/netdev.h	type	anonymous_enum@99	99	PENDING_REVIEW	SOURCE_REVIEWED_VALUE	COMPLETE	vendor/linux/include/uapi/linux/netdev.h;vendor/linux/include/uapi/linux/netdev.h:99;header-context=PENDING_REVIEW	425f94c2954b1fe80ebdbf9b29854e89750355df	f24cb1108af94200ee7a600fac46c70a86ad7f5182fa08b8da014df602b81fd2	a67200b9de936585f98f6aed0c4e4f7733d3ba0c36f4496d97e583cb7caf9ac6	0123af9e96b58af4e98b91a2de5608d36b63c67864b9041d3340587f3dbe40d2	cfa8dcf0d81c408de38d4202fe1ce9d9e5e301d1e67439c9530da94b1e64ee3f	0e7e60940dd21c28f3d10965325f70644fc000495a2d61984437dec666da93d8
semantic-proposal-v1	SC1-8a3770c50f4fc0b51d6318ca588f94b4b35ba855323ce74835d2bc8f8cd610cb	S016267	1	P01	LIFETIMES.tsv	189019	ownership	x86_64	include/uapi/linux/netdev.h	type	anonymous_enum@99	99	PENDING_REVIEW	SOURCE_REVIEWED_VALUE	COMPLETE	vendor/linux/include/uapi/linux/netdev.h;vendor/linux/include/uapi/linux/netdev.h:99;header-context=PENDING_REVIEW	425f94c2954b1fe80ebdbf9b29854e89750355df	f24cb1108af94200ee7a600fac46c70a86ad7f5182fa08b8da014df602b81fd2	a67200b9de936585f98f6aed0c4e4f7733d3ba0c36f4496d97e583cb7caf9ac6	0123af9e96b58af4e98b91a2de5608d36b63c67864b9041d3340587f3dbe40d2	cfa8dcf0d81c408de38d4202fe1ce9d9e5e301d1e67439c9530da94b1e64ee3f	0e7e60940dd21c28f3d10965325f70644fc000495a2d61984437dec666da93d8
semantic-proposal-v1	SC1-23a06c238a629e09cfe78a95d65f02650662cd9172b57d1546d6421a68b1cfad	S016267	1	P01	LIFETIMES.tsv	189019	status	x86_64	include/uapi/linux/netdev.h	type	anonymous_enum@99	99	PENDING_REVIEW	COMPLETE	COMPLETE	vendor/linux/include/uapi/linux/netdev.h;vendor/linux/include/uapi/linux/netdev.h:99;header-context=PENDING_REVIEW	425f94c2954b1fe80ebdbf9b29854e89750355df	f24cb1108af94200ee7a600fac46c70a86ad7f5182fa08b8da014df602b81fd2	a67200b9de936585f98f6aed0c4e4f7733d3ba0c36f4496d97e583cb7caf9ac6	0123af9e96b58af4e98b91a2de5608d36b63c67864b9041d3340587f3dbe40d2	cfa8dcf0d81c408de38d4202fe1ce9d9e5e301d1e67439c9530da94b1e64ee3f	0e7e60940dd21c28f3d10965325f70644fc000495a2d61984437dec666da93d8
semantic-proposal-v1	SC1-77b3354a009300a9be5fbd58627a5fdaeda77812f3da28f24589e9a7e1216f02	S016267	1	P01	LIFETIMES.tsv	189020	lifetime_contract	x86_64	include/uapi/linux/netdev.h	type	anonymous_enum@106	106	PENDING_REVIEW	SOURCE_REVIEWED_VALUE	COMPLETE	vendor/linux/include/uapi/linux/netdev.h;vendor/linux/include/uapi/linux/netdev.h:106;header-context=PENDING_REVIEW	425f94c2954b1fe80ebdbf9b29854e89750355df	f24cb1108af94200ee7a600fac46c70a86ad7f5182fa08b8da014df602b81fd2	a67200b9de936585f98f6aed0c4e4f7733d3ba0c36f4496d97e583cb7caf9ac6	0123af9e96b58af4e98b91a2de5608d36b63c67864b9041d3340587f3dbe40d2	cfa8dcf0d81c408de38d4202fe1ce9d9e5e301d1e67439c9530da94b1e64ee3f	0e7e60940dd21c28f3d10965325f70644fc000495a2d61984437dec666da93d8
semantic-proposal-v1	SC1-eeb36a270f6904230fcea7186ce22d18f595eabfde62cc39666f8bd8827c8f75	S016267	1	P01	LIFETIMES.tsv	189020	locking_rcu_refcount	x86_64	include/uapi/linux/netdev.h	type	anonymous_enum@106	106	PENDING_REVIEW	SOURCE_REVIEWED_VALUE	COMPLETE	vendor/linux/include/uapi/linux/netdev.h;vendor/linux/include/uapi/linux/netdev.h:106;header-context=PENDING_REVIEW	425f94c2954b1fe80ebdbf9b29854e89750355df	f24cb1108af94200ee7a600fac46c70a86ad7f5182fa08b8da014df602b81fd2	a67200b9de936585f98f6aed0c4e4f7733d3ba0c36f4496d97e583cb7caf9ac6	0123af9e96b58af4e98b91a2de5608d36b63c67864b9041d3340587f3dbe40d2	cfa8dcf0d81c408de38d4202fe1ce9d9e5e301d1e67439c9530da94b1e64ee3f	0e7e60940dd21c28f3d10965325f70644fc000495a2d61984437dec666da93d8
semantic-proposal-v1	SC1-8be60789b26670a8bc51cd0a24f1a19bbfbf6d3debde0ce32ae8cdcd8268def4	S016267	1	P01	LIFETIMES.tsv	189020	ownership	x86_64	include/uapi/linux/netdev.h	type	anonymous_enum@106	106	PENDING_REVIEW	SOURCE_REVIEWED_VALUE	COMPLETE	vendor/linux/include/uapi/linux/netdev.h;vendor/linux/include/uapi/linux/netdev.h:106;header-context=PENDING_REVIEW	425f94c2954b1fe80ebdbf9b29854e89750355df	f24cb1108af94200ee7a600fac46c70a86ad7f5182fa08b8da014df602b81fd2	a67200b9de936585f98f6aed0c4e4f7733d3ba0c36f4496d97e583cb7caf9ac6	0123af9e96b58af4e98b91a2de5608d36b63c67864b9041d3340587f3dbe40d2	cfa8dcf0d81c408de38d4202fe1ce9d9e5e301d1e67439c9530da94b1e64ee3f	0e7e60940dd21c28f3d10965325f70644fc000495a2d61984437dec666da93d8
semantic-proposal-v1	SC1-7477df770cf19629323469f9d5dbe905cca3650832fa5dae553ed27fb6cbb48c	S016267	1	P01	LIFETIMES.tsv	189020	status	x86_64	include/uapi/linux/netdev.h	type	anonymous_enum@106	106	PENDING_REVIEW	COMPLETE	COMPLETE	vendor/linux/include/uapi/linux/netdev.h;vendor/linux/include/uapi/linux/netdev.h:106;header-context=PENDING_REVIEW	425f94c2954b1fe80ebdbf9b29854e89750355df	f24cb1108af94200ee7a600fac46c70a86ad7f5182fa08b8da014df602b81fd2	a67200b9de936585f98f6aed0c4e4f7733d3ba0c36f4496d97e583cb7caf9ac6	0123af9e96b58af4e98b91a2de5608d36b63c67864b9041d3340587f3dbe40d2	cfa8dcf0d81c408de38d4202fe1ce9d9e5e301d1e67439c9530da94b1e64ee3f	0e7e60940dd21c28f3d10965325f70644fc000495a2d61984437dec666da93d8
semantic-proposal-v1	SC1-b8b04eeb6fbea2b16fa43bb4076c29423204f08bec025cebbc42f97a1a3b6675	S016267	1	P01	LIFETIMES.tsv	189021	lifetime_contract	x86_64	include/uapi/linux/netdev.h	type	anonymous_enum@120	120	PENDING_REVIEW	SOURCE_REVIEWED_VALUE	COMPLETE	vendor/linux/include/uapi/linux/netdev.h;vendor/linux/include/uapi/linux/netdev.h:120;header-context=PENDING_REVIEW	425f94c2954b1fe80ebdbf9b29854e89750355df	f24cb1108af94200ee7a600fac46c70a86ad7f5182fa08b8da014df602b81fd2	a67200b9de936585f98f6aed0c4e4f7733d3ba0c36f4496d97e583cb7caf9ac6	0123af9e96b58af4e98b91a2de5608d36b63c67864b9041d3340587f3dbe40d2	cfa8dcf0d81c408de38d4202fe1ce9d9e5e301d1e67439c9530da94b1e64ee3f	0e7e60940dd21c28f3d10965325f70644fc000495a2d61984437dec666da93d8
semantic-proposal-v1	SC1-b4e0c68c6d6ee680f5093d4e0a606fceebce8d2ede454089daeda612150372d0	S016267	1	P01	LIFETIMES.tsv	189021	locking_rcu_refcount	x86_64	include/uapi/linux/netdev.h	type	anonymous_enum@120	120	PENDING_REVIEW	SOURCE_REVIEWED_VALUE	COMPLETE	vendor/linux/include/uapi/linux/netdev.h;vendor/linux/include/uapi/linux/netdev.h:120;header-context=PENDING_REVIEW	425f94c2954b1fe80ebdbf9b29854e89750355df	f24cb1108af94200ee7a600fac46c70a86ad7f5182fa08b8da014df602b81fd2	a67200b9de936585f98f6aed0c4e4f7733d3ba0c36f4496d97e583cb7caf9ac6	0123af9e96b58af4e98b91a2de5608d36b63c67864b9041d3340587f3dbe40d2	cfa8dcf0d81c408de38d4202fe1ce9d9e5e301d1e67439c9530da94b1e64ee3f	0e7e60940dd21c28f3d10965325f70644fc000495a2d61984437dec666da93d8
semantic-proposal-v1	SC1-a6363a9f4d05fcea3dc3bc7d9be85badbd8db548c40f00cb09a5e27ed9f34ab9	S016267	1	P01	LIFETIMES.tsv	189021	ownership	x86_64	include/uapi/linux/netdev.h	type	anonymous_enum@120	120	PENDING_REVIEW	SOURCE_REVIEWED_VALUE	COMPLETE	vendor/linux/include/uapi/linux/netdev.h;vendor/linux/include/uapi/linux/netdev.h:120;header-context=PENDING_REVIEW	425f94c2954b1fe80ebdbf9b29854e89750355df	f24cb1108af94200ee7a600fac46c70a86ad7f5182fa08b8da014df602b81fd2	a67200b9de936585f98f6aed0c4e4f7733d3ba0c36f4496d97e583cb7caf9ac6	0123af9e96b58af4e98b91a2de5608d36b63c67864b9041d3340587f3dbe40d2	cfa8dcf0d81c408de38d4202fe1ce9d9e5e301d1e67439c9530da94b1e64ee3f	0e7e60940dd21c28f3d10965325f70644fc000495a2d61984437dec666da93d8
semantic-proposal-v1	SC1-e6f2d4850650d7ef6fa117f815a4fd9bcde89dee15aa2923a53da5f99d1a6307	S016267	1	P01	LIFETIMES.tsv	189021	status	x86_64	include/uapi/linux/netdev.h	type	anonymous_enum@120	120	PENDING_REVIEW	COMPLETE	COMPLETE	vendor/linux/include/uapi/linux/netdev.h;vendor/linux/include/uapi/linux/netdev.h:120;header-context=PENDING_REVIEW	425f94c2954b1fe80ebdbf9b29854e89750355df	f24cb1108af94200ee7a600fac46c70a86ad7f5182fa08b8da014df602b81fd2	a67200b9de936585f98f6aed0c4e4f7733d3ba0c36f4496d97e583cb7caf9ac6	0123af9e96b58af4e98b91a2de5608d36b63c67864b9041d3340587f3dbe40d2	cfa8dcf0d81c408de38d4202fe1ce9d9e5e301d1e67439c9530da94b1e64ee3f	0e7e60940dd21c28f3d10965325f70644fc000495a2d61984437dec666da93d8
semantic-proposal-v1	SC1-b35c64f1aea4df5206bbcf627aba247c4ebc58a9ac06a6bf140869bd0dfbb25d	S016267	1	P01	LIFETIMES.tsv	189022	lifetime_contract	x86_64	include/uapi/linux/netdev.h	type	anonymous_enum@138	138	PENDING_REVIEW	SOURCE_REVIEWED_VALUE	COMPLETE	vendor/linux/include/uapi/linux/netdev.h;vendor/linux/include/uapi/linux/netdev.h:138;header-context=PENDING_REVIEW	425f94c2954b1fe80ebdbf9b29854e89750355df	f24cb1108af94200ee7a600fac46c70a86ad7f5182fa08b8da014df602b81fd2	a67200b9de936585f98f6aed0c4e4f7733d3ba0c36f4496d97e583cb7caf9ac6	0123af9e96b58af4e98b91a2de5608d36b63c67864b9041d3340587f3dbe40d2	cfa8dcf0d81c408de38d4202fe1ce9d9e5e301d1e67439c9530da94b1e64ee3f	0e7e60940dd21c28f3d10965325f70644fc000495a2d61984437dec666da93d8
semantic-proposal-v1	SC1-3c656f9463ea956d119b99e4c6fd7d8915513daa99c964623225a2afd86fe354	S016267	1	P01	LIFETIMES.tsv	189022	locking_rcu_refcount	x86_64	include/uapi/linux/netdev.h	type	anonymous_enum@138	138	PENDING_REVIEW	SOURCE_REVIEWED_VALUE	COMPLETE	vendor/linux/include/uapi/linux/netdev.h;vendor/linux/include/uapi/linux/netdev.h:138;header-context=PENDING_REVIEW	425f94c2954b1fe80ebdbf9b29854e89750355df	f24cb1108af94200ee7a600fac46c70a86ad7f5182fa08b8da014df602b81fd2	a67200b9de936585f98f6aed0c4e4f7733d3ba0c36f4496d97e583cb7caf9ac6	0123af9e96b58af4e98b91a2de5608d36b63c67864b9041d3340587f3dbe40d2	cfa8dcf0d81c408de38d4202fe1ce9d9e5e301d1e67439c9530da94b1e64ee3f	0e7e60940dd21c28f3d10965325f70644fc000495a2d61984437dec666da93d8
semantic-proposal-v1	SC1-bf96b5f2122c1a365b132bbce8a03154e83c8f64a3c4532020bbebdded4d1267	S016267	1	P01	LIFETIMES.tsv	189022	ownership	x86_64	include/uapi/linux/netdev.h	type	anonymous_enum@138	138	PENDING_REVIEW	SOURCE_REVIEWED_VALUE	COMPLETE	vendor/linux/include/uapi/linux/netdev.h;vendor/linux/include/uapi/linux/netdev.h:138;header-context=PENDING_REVIEW	425f94c2954b1fe80ebdbf9b29854e89750355df	f24cb1108af94200ee7a600fac46c70a86ad7f5182fa08b8da014df602b81fd2	a67200b9de936585f98f6aed0c4e4f7733d3ba0c36f4496d97e583cb7caf9ac6	0123af9e96b58af4e98b91a2de5608d36b63c67864b9041d3340587f3dbe40d2	cfa8dcf0d81c408de38d4202fe1ce9d9e5e301d1e67439c9530da94b1e64ee3f	0e7e60940dd21c28f3d10965325f70644fc000495a2d61984437dec666da93d8
semantic-proposal-v1	SC1-bfe37b7807ab975a7026a0192994077fdfdbd1f0bdfd3e1c0f4aa65a30e0ca9c	S016267	1	P01	LIFETIMES.tsv	189022	status	x86_64	include/uapi/linux/netdev.h	type	anonymous_enum@138	138	PENDING_REVIEW	COMPLETE	COMPLETE	vendor/linux/include/uapi/linux/netdev.h;vendor/linux/include/uapi/linux/netdev.h:138;header-context=PENDING_REVIEW	425f94c2954b1fe80ebdbf9b29854e89750355df	f24cb1108af94200ee7a600fac46c70a86ad7f5182fa08b8da014df602b81fd2	a67200b9de936585f98f6aed0c4e4f7733d3ba0c36f4496d97e583cb7caf9ac6	0123af9e96b58af4e98b91a2de5608d36b63c67864b9041d3340587f3dbe40d2	cfa8dcf0d81c408de38d4202fe1ce9d9e5e301d1e67439c9530da94b1e64ee3f	0e7e60940dd21c28f3d10965325f70644fc000495a2d61984437dec666da93d8
semantic-proposal-v1	SC1-f68e09ba1a18452c9167d10826c3b7306974b10069a4aa1de5d708d7e3d9493e	S016267	1	P01	LIFETIMES.tsv	189023	lifetime_contract	x86_64	include/uapi/linux/netdev.h	type	anonymous_enum@152	152	PENDING_REVIEW	SOURCE_REVIEWED_VALUE	COMPLETE	vendor/linux/include/uapi/linux/netdev.h;vendor/linux/include/uapi/linux/netdev.h:152;header-context=PENDING_REVIEW	425f94c2954b1fe80ebdbf9b29854e89750355df	f24cb1108af94200ee7a600fac46c70a86ad7f5182fa08b8da014df602b81fd2	a67200b9de936585f98f6aed0c4e4f7733d3ba0c36f4496d97e583cb7caf9ac6	0123af9e96b58af4e98b91a2de5608d36b63c67864b9041d3340587f3dbe40d2	cfa8dcf0d81c408de38d4202fe1ce9d9e5e301d1e67439c9530da94b1e64ee3f	0e7e60940dd21c28f3d10965325f70644fc000495a2d61984437dec666da93d8
semantic-proposal-v1	SC1-32f9b2dd4bb5c6b71e66878c7e87307ce53bc501301ca300c94bc4b43c8c9736	S016267	1	P01	LIFETIMES.tsv	189023	locking_rcu_refcount	x86_64	include/uapi/linux/netdev.h	type	anonymous_enum@152	152	PENDING_REVIEW	SOURCE_REVIEWED_VALUE	COMPLETE	vendor/linux/include/uapi/linux/netdev.h;vendor/linux/include/uapi/linux/netdev.h:152;header-context=PENDING_REVIEW	425f94c2954b1fe80ebdbf9b29854e89750355df	f24cb1108af94200ee7a600fac46c70a86ad7f5182fa08b8da014df602b81fd2	a67200b9de936585f98f6aed0c4e4f7733d3ba0c36f4496d97e583cb7caf9ac6	0123af9e96b58af4e98b91a2de5608d36b63c67864b9041d3340587f3dbe40d2	cfa8dcf0d81c408de38d4202fe1ce9d9e5e301d1e67439c9530da94b1e64ee3f	0e7e60940dd21c28f3d10965325f70644fc000495a2d61984437dec666da93d8
semantic-proposal-v1	SC1-3b567b961d28cd3db956a2d3063a3f32e910e5d0c54a22b491a5b41a3852b795	S016267	1	P01	LIFETIMES.tsv	189023	ownership	x86_64	include/uapi/linux/netdev.h	type	anonymous_enum@152	152	PENDING_REVIEW	SOURCE_REVIEWED_VALUE	COMPLETE	vendor/linux/include/uapi/linux/netdev.h;vendor/linux/include/uapi/linux/netdev.h:152;header-context=PENDING_REVIEW	425f94c2954b1fe80ebdbf9b29854e89750355df	f24cb1108af94200ee7a600fac46c70a86ad7f5182fa08b8da014df602b81fd2	a67200b9de936585f98f6aed0c4e4f7733d3ba0c36f4496d97e583cb7caf9ac6	0123af9e96b58af4e98b91a2de5608d36b63c67864b9041d3340587f3dbe40d2	cfa8dcf0d81c408de38d4202fe1ce9d9e5e301d1e67439c9530da94b1e64ee3f	0e7e60940dd21c28f3d10965325f70644fc000495a2d61984437dec666da93d8
semantic-proposal-v1	SC1-e8a8365905627a090d9b913c418a3bc869bd16756b0c20f2686973586ec56be6	S016267	1	P01	LIFETIMES.tsv	189023	status	x86_64	include/uapi/linux/netdev.h	type	anonymous_enum@152	152	PENDING_REVIEW	COMPLETE	COMPLETE	vendor/linux/include/uapi/linux/netdev.h;vendor/linux/include/uapi/linux/netdev.h:152;header-context=PENDING_REVIEW	425f94c2954b1fe80ebdbf9b29854e89750355df	f24cb1108af94200ee7a600fac46c70a86ad7f5182fa08b8da014df602b81fd2	a67200b9de936585f98f6aed0c4e4f7733d3ba0c36f4496d97e583cb7caf9ac6	0123af9e96b58af4e98b91a2de5608d36b63c67864b9041d3340587f3dbe40d2	cfa8dcf0d81c408de38d4202fe1ce9d9e5e301d1e67439c9530da94b1e64ee3f	0e7e60940dd21c28f3d10965325f70644fc000495a2d61984437dec666da93d8
semantic-proposal-v1	SC1-ce7c1f1bb35d0f6f1059c46fca7f3b11437599bac8dc54311b5926b24a331753	S016267	1	P01	LIFETIMES.tsv	189024	lifetime_contract	x86_64	include/uapi/linux/netdev.h	type	anonymous_enum@157	157	PENDING_REVIEW	SOURCE_REVIEWED_VALUE	COMPLETE	vendor/linux/include/uapi/linux/netdev.h;vendor/linux/include/uapi/linux/netdev.h:157;header-context=PENDING_REVIEW	425f94c2954b1fe80ebdbf9b29854e89750355df	f24cb1108af94200ee7a600fac46c70a86ad7f5182fa08b8da014df602b81fd2	a67200b9de936585f98f6aed0c4e4f7733d3ba0c36f4496d97e583cb7caf9ac6	0123af9e96b58af4e98b91a2de5608d36b63c67864b9041d3340587f3dbe40d2	cfa8dcf0d81c408de38d4202fe1ce9d9e5e301d1e67439c9530da94b1e64ee3f	0e7e60940dd21c28f3d10965325f70644fc000495a2d61984437dec666da93d8
semantic-proposal-v1	SC1-e72fad4053ec618564a5d9004ba557d1cdbb5ff1178baf229394f48e3c9735bf	S016267	1	P01	LIFETIMES.tsv	189024	locking_rcu_refcount	x86_64	include/uapi/linux/netdev.h	type	anonymous_enum@157	157	PENDING_REVIEW	SOURCE_REVIEWED_VALUE	COMPLETE	vendor/linux/include/uapi/linux/netdev.h;vendor/linux/include/uapi/linux/netdev.h:157;header-context=PENDING_REVIEW	425f94c2954b1fe80ebdbf9b29854e89750355df	f24cb1108af94200ee7a600fac46c70a86ad7f5182fa08b8da014df602b81fd2	a67200b9de936585f98f6aed0c4e4f7733d3ba0c36f4496d97e583cb7caf9ac6	0123af9e96b58af4e98b91a2de5608d36b63c67864b9041d3340587f3dbe40d2	cfa8dcf0d81c408de38d4202fe1ce9d9e5e301d1e67439c9530da94b1e64ee3f	0e7e60940dd21c28f3d10965325f70644fc000495a2d61984437dec666da93d8
semantic-proposal-v1	SC1-aa45509239dd4c71fc43f61f74c49448b74f82a8f2dbad6d4f191295b95daad8	S016267	1	P01	LIFETIMES.tsv	189024	ownership	x86_64	include/uapi/linux/netdev.h	type	anonymous_enum@157	157	PENDING_REVIEW	SOURCE_REVIEWED_VALUE	COMPLETE	vendor/linux/include/uapi/linux/netdev.h;vendor/linux/include/uapi/linux/netdev.h:157;header-context=PENDING_REVIEW	425f94c2954b1fe80ebdbf9b29854e89750355df	f24cb1108af94200ee7a600fac46c70a86ad7f5182fa08b8da014df602b81fd2	a67200b9de936585f98f6aed0c4e4f7733d3ba0c36f4496d97e583cb7caf9ac6	0123af9e96b58af4e98b91a2de5608d36b63c67864b9041d3340587f3dbe40d2	cfa8dcf0d81c408de38d4202fe1ce9d9e5e301d1e67439c9530da94b1e64ee3f	0e7e60940dd21c28f3d10965325f70644fc000495a2d61984437dec666da93d8
semantic-proposal-v1	SC1-632562376ec36f81160f50828c7530ae6cb96804b42890ce6c2487601c34a552	S016267	1	P01	LIFETIMES.tsv	189024	status	x86_64	include/uapi/linux/netdev.h	type	anonymous_enum@157	157	PENDING_REVIEW	COMPLETE	COMPLETE	vendor/linux/include/uapi/linux/netdev.h;vendor/linux/include/uapi/linux/netdev.h:157;header-context=PENDING_REVIEW	425f94c2954b1fe80ebdbf9b29854e89750355df	f24cb1108af94200ee7a600fac46c70a86ad7f5182fa08b8da014df602b81fd2	a67200b9de936585f98f6aed0c4e4f7733d3ba0c36f4496d97e583cb7caf9ac6	0123af9e96b58af4e98b91a2de5608d36b63c67864b9041d3340587f3dbe40d2	cfa8dcf0d81c408de38d4202fe1ce9d9e5e301d1e67439c9530da94b1e64ee3f	0e7e60940dd21c28f3d10965325f70644fc000495a2d61984437dec666da93d8
semantic-proposal-v1	SC1-8fee1f423ed56fc504b36141583fa220c3b7b9a47f265f391faf1c8abaf42c45	S016267	1	P01	LIFETIMES.tsv	189025	lifetime_contract	x86_64	include/uapi/linux/netdev.h	type	anonymous_enum@171	171	PENDING_REVIEW	SOURCE_REVIEWED_VALUE	COMPLETE	vendor/linux/include/uapi/linux/netdev.h;vendor/linux/include/uapi/linux/netdev.h:171;header-context=PENDING_REVIEW	425f94c2954b1fe80ebdbf9b29854e89750355df	f24cb1108af94200ee7a600fac46c70a86ad7f5182fa08b8da014df602b81fd2	a67200b9de936585f98f6aed0c4e4f7733d3ba0c36f4496d97e583cb7caf9ac6	0123af9e96b58af4e98b91a2de5608d36b63c67864b9041d3340587f3dbe40d2	cfa8dcf0d81c408de38d4202fe1ce9d9e5e301d1e67439c9530da94b1e64ee3f	0e7e60940dd21c28f3d10965325f70644fc000495a2d61984437dec666da93d8
semantic-proposal-v1	SC1-009b66eb2e49fbff058ab305a24ac8c705f490103cdd363445cf22a5eb3c0bea	S016267	1	P01	LIFETIMES.tsv	189025	locking_rcu_refcount	x86_64	include/uapi/linux/netdev.h	type	anonymous_enum@171	171	PENDING_REVIEW	SOURCE_REVIEWED_VALUE	COMPLETE	vendor/linux/include/uapi/linux/netdev.h;vendor/linux/include/uapi/linux/netdev.h:171;header-context=PENDING_REVIEW	425f94c2954b1fe80ebdbf9b29854e89750355df	f24cb1108af94200ee7a600fac46c70a86ad7f5182fa08b8da014df602b81fd2	a67200b9de936585f98f6aed0c4e4f7733d3ba0c36f4496d97e583cb7caf9ac6	0123af9e96b58af4e98b91a2de5608d36b63c67864b9041d3340587f3dbe40d2	cfa8dcf0d81c408de38d4202fe1ce9d9e5e301d1e67439c9530da94b1e64ee3f	0e7e60940dd21c28f3d10965325f70644fc000495a2d61984437dec666da93d8
semantic-proposal-v1	SC1-fc95e5a4676d5a0b23777844344cc9e75127972db5d1f8adb947a7dc9f364277	S016267	1	P01	LIFETIMES.tsv	189025	ownership	x86_64	include/uapi/linux/netdev.h	type	anonymous_enum@171	171	PENDING_REVIEW	SOURCE_REVIEWED_VALUE	COMPLETE	vendor/linux/include/uapi/linux/netdev.h;vendor/linux/include/uapi/linux/netdev.h:171;header-context=PENDING_REVIEW	425f94c2954b1fe80ebdbf9b29854e89750355df	f24cb1108af94200ee7a600fac46c70a86ad7f5182fa08b8da014df602b81fd2	a67200b9de936585f98f6aed0c4e4f7733d3ba0c36f4496d97e583cb7caf9ac6	0123af9e96b58af4e98b91a2de5608d36b63c67864b9041d3340587f3dbe40d2	cfa8dcf0d81c408de38d4202fe1ce9d9e5e301d1e67439c9530da94b1e64ee3f	0e7e60940dd21c28f3d10965325f70644fc000495a2d61984437dec666da93d8
semantic-proposal-v1	SC1-91e4679d30b2af374218b19ed9644ded960ba0953b60488510159b50b8a36ad9	S016267	1	P01	LIFETIMES.tsv	189025	status	x86_64	include/uapi/linux/netdev.h	type	anonymous_enum@171	171	PENDING_REVIEW	COMPLETE	COMPLETE	vendor/linux/include/uapi/linux/netdev.h;vendor/linux/include/uapi/linux/netdev.h:171;header-context=PENDING_REVIEW	425f94c2954b1fe80ebdbf9b29854e89750355df	f24cb1108af94200ee7a600fac46c70a86ad7f5182fa08b8da014df602b81fd2	a67200b9de936585f98f6aed0c4e4f7733d3ba0c36f4496d97e583cb7caf9ac6	0123af9e96b58af4e98b91a2de5608d36b63c67864b9041d3340587f3dbe40d2	cfa8dcf0d81c408de38d4202fe1ce9d9e5e301d1e67439c9530da94b1e64ee3f	0e7e60940dd21c28f3d10965325f70644fc000495a2d61984437dec666da93d8
semantic-proposal-v1	SC1-2740781f8a32341a97a25be05ad3e03880e4ca127e1cee14dd791f93b514eab5	S016267	1	P01	LIFETIMES.tsv	189026	lifetime_contract	x86_64	include/uapi/linux/netdev.h	type	anonymous_enum@208	208	PENDING_REVIEW	SOURCE_REVIEWED_VALUE	COMPLETE	vendor/linux/include/uapi/linux/netdev.h;vendor/linux/include/uapi/linux/netdev.h:208;header-context=PENDING_REVIEW	425f94c2954b1fe80ebdbf9b29854e89750355df	f24cb1108af94200ee7a600fac46c70a86ad7f5182fa08b8da014df602b81fd2	a67200b9de936585f98f6aed0c4e4f7733d3ba0c36f4496d97e583cb7caf9ac6	0123af9e96b58af4e98b91a2de5608d36b63c67864b9041d3340587f3dbe40d2	cfa8dcf0d81c408de38d4202fe1ce9d9e5e301d1e67439c9530da94b1e64ee3f	0e7e60940dd21c28f3d10965325f70644fc000495a2d61984437dec666da93d8
semantic-proposal-v1	SC1-d184b810b400b143f34b176e40e44ab9e82f1fd9d7f6d08d946aeb1dcbab0e3b	S016267	1	P01	LIFETIMES.tsv	189026	locking_rcu_refcount	x86_64	include/uapi/linux/netdev.h	type	anonymous_enum@208	208	PENDING_REVIEW	SOURCE_REVIEWED_VALUE	COMPLETE	vendor/linux/include/uapi/linux/netdev.h;vendor/linux/include/uapi/linux/netdev.h:208;header-context=PENDING_REVIEW	425f94c2954b1fe80ebdbf9b29854e89750355df	f24cb1108af94200ee7a600fac46c70a86ad7f5182fa08b8da014df602b81fd2	a67200b9de936585f98f6aed0c4e4f7733d3ba0c36f4496d97e583cb7caf9ac6	0123af9e96b58af4e98b91a2de5608d36b63c67864b9041d3340587f3dbe40d2	cfa8dcf0d81c408de38d4202fe1ce9d9e5e301d1e67439c9530da94b1e64ee3f	0e7e60940dd21c28f3d10965325f70644fc000495a2d61984437dec666da93d8
semantic-proposal-v1	SC1-d794c862470c56b04eaf41023a88ecbe5a5eaa6208ae641de271642e2cf003a7	S016267	1	P01	LIFETIMES.tsv	189026	ownership	x86_64	include/uapi/linux/netdev.h	type	anonymous_enum@208	208	PENDING_REVIEW	SOURCE_REVIEWED_VALUE	COMPLETE	vendor/linux/include/uapi/linux/netdev.h;vendor/linux/include/uapi/linux/netdev.h:208;header-context=PENDING_REVIEW	425f94c2954b1fe80ebdbf9b29854e89750355df	f24cb1108af94200ee7a600fac46c70a86ad7f5182fa08b8da014df602b81fd2	a67200b9de936585f98f6aed0c4e4f7733d3ba0c36f4496d97e583cb7caf9ac6	0123af9e96b58af4e98b91a2de5608d36b63c67864b9041d3340587f3dbe40d2	cfa8dcf0d81c408de38d4202fe1ce9d9e5e301d1e67439c9530da94b1e64ee3f	0e7e60940dd21c28f3d10965325f70644fc000495a2d61984437dec666da93d8
semantic-proposal-v1	SC1-8db71f6221525c200780d3b3dc23a251d098ac9ea0b6a69ed58a9c789a5387a9	S016267	1	P01	LIFETIMES.tsv	189026	status	x86_64	include/uapi/linux/netdev.h	type	anonymous_enum@208	208	PENDING_REVIEW	COMPLETE	COMPLETE	vendor/linux/include/uapi/linux/netdev.h;vendor/linux/include/uapi/linux/netdev.h:208;header-context=PENDING_REVIEW	425f94c2954b1fe80ebdbf9b29854e89750355df	f24cb1108af94200ee7a600fac46c70a86ad7f5182fa08b8da014df602b81fd2	a67200b9de936585f98f6aed0c4e4f7733d3ba0c36f4496d97e583cb7caf9ac6	0123af9e96b58af4e98b91a2de5608d36b63c67864b9041d3340587f3dbe40d2	cfa8dcf0d81c408de38d4202fe1ce9d9e5e301d1e67439c9530da94b1e64ee3f	0e7e60940dd21c28f3d10965325f70644fc000495a2d61984437dec666da93d8
semantic-proposal-v1	SC1-b598826731a151528f3cafcfcaf1424a5424d0d68699d82d70346906940d5a40	S016267	1	P01	LIFETIMES.tsv	189027	lifetime_contract	x86_64	include/uapi/linux/netdev.h	type	anonymous_enum@217	217	PENDING_REVIEW	SOURCE_REVIEWED_VALUE	COMPLETE	vendor/linux/include/uapi/linux/netdev.h;vendor/linux/include/uapi/linux/netdev.h:217;header-context=PENDING_REVIEW	425f94c2954b1fe80ebdbf9b29854e89750355df	f24cb1108af94200ee7a600fac46c70a86ad7f5182fa08b8da014df602b81fd2	a67200b9de936585f98f6aed0c4e4f7733d3ba0c36f4496d97e583cb7caf9ac6	0123af9e96b58af4e98b91a2de5608d36b63c67864b9041d3340587f3dbe40d2	cfa8dcf0d81c408de38d4202fe1ce9d9e5e301d1e67439c9530da94b1e64ee3f	0e7e60940dd21c28f3d10965325f70644fc000495a2d61984437dec666da93d8
semantic-proposal-v1	SC1-d47e8dab60ade0ac1641e7165e0453ba5fc38a82bcb0398bc39cf477003674a1	S016267	1	P01	LIFETIMES.tsv	189027	locking_rcu_refcount	x86_64	include/uapi/linux/netdev.h	type	anonymous_enum@217	217	PENDING_REVIEW	SOURCE_REVIEWED_VALUE	COMPLETE	vendor/linux/include/uapi/linux/netdev.h;vendor/linux/include/uapi/linux/netdev.h:217;header-context=PENDING_REVIEW	425f94c2954b1fe80ebdbf9b29854e89750355df	f24cb1108af94200ee7a600fac46c70a86ad7f5182fa08b8da014df602b81fd2	a67200b9de936585f98f6aed0c4e4f7733d3ba0c36f4496d97e583cb7caf9ac6	0123af9e96b58af4e98b91a2de5608d36b63c67864b9041d3340587f3dbe40d2	cfa8dcf0d81c408de38d4202fe1ce9d9e5e301d1e67439c9530da94b1e64ee3f	0e7e60940dd21c28f3d10965325f70644fc000495a2d61984437dec666da93d8
semantic-proposal-v1	SC1-089828b600510c39011f61d667dba645da07e65e00e77ee2745535b4e0ddc555	S016267	1	P01	LIFETIMES.tsv	189027	ownership	x86_64	include/uapi/linux/netdev.h	type	anonymous_enum@217	217	PENDING_REVIEW	SOURCE_REVIEWED_VALUE	COMPLETE	vendor/linux/include/uapi/linux/netdev.h;vendor/linux/include/uapi/linux/netdev.h:217;header-context=PENDING_REVIEW	425f94c2954b1fe80ebdbf9b29854e89750355df	f24cb1108af94200ee7a600fac46c70a86ad7f5182fa08b8da014df602b81fd2	a67200b9de936585f98f6aed0c4e4f7733d3ba0c36f4496d97e583cb7caf9ac6	0123af9e96b58af4e98b91a2de5608d36b63c67864b9041d3340587f3dbe40d2	cfa8dcf0d81c408de38d4202fe1ce9d9e5e301d1e67439c9530da94b1e64ee3f	0e7e60940dd21c28f3d10965325f70644fc000495a2d61984437dec666da93d8
semantic-proposal-v1	SC1-fc7c53c0b528bd4c5145234dc19202f59d65b4766e5c9595dd523c93e1e670c1	S016267	1	P01	LIFETIMES.tsv	189027	status	x86_64	include/uapi/linux/netdev.h	type	anonymous_enum@217	217	PENDING_REVIEW	COMPLETE	COMPLETE	vendor/linux/include/uapi/linux/netdev.h;vendor/linux/include/uapi/linux/netdev.h:217;header-context=PENDING_REVIEW	425f94c2954b1fe80ebdbf9b29854e89750355df	f24cb1108af94200ee7a600fac46c70a86ad7f5182fa08b8da014df602b81fd2	a67200b9de936585f98f6aed0c4e4f7733d3ba0c36f4496d97e583cb7caf9ac6	0123af9e96b58af4e98b91a2de5608d36b63c67864b9041d3340587f3dbe40d2	cfa8dcf0d81c408de38d4202fe1ce9d9e5e301d1e67439c9530da94b1e64ee3f	0e7e60940dd21c28f3d10965325f70644fc000495a2d61984437dec666da93d8
semantic-proposal-v1	SC1-ee613dc288c6702282094aa50f671e45b38d9552611735e017e34592516e4fd2	S016267	1	P01	LIFETIMES.tsv	189028	lifetime_contract	x86_64	include/uapi/linux/netdev.h	type	anonymous_enum@227	227	PENDING_REVIEW	SOURCE_REVIEWED_VALUE	COMPLETE	vendor/linux/include/uapi/linux/netdev.h;vendor/linux/include/uapi/linux/netdev.h:227;header-context=PENDING_REVIEW	425f94c2954b1fe80ebdbf9b29854e89750355df	f24cb1108af94200ee7a600fac46c70a86ad7f5182fa08b8da014df602b81fd2	a67200b9de936585f98f6aed0c4e4f7733d3ba0c36f4496d97e583cb7caf9ac6	0123af9e96b58af4e98b91a2de5608d36b63c67864b9041d3340587f3dbe40d2	cfa8dcf0d81c408de38d4202fe1ce9d9e5e301d1e67439c9530da94b1e64ee3f	0e7e60940dd21c28f3d10965325f70644fc000495a2d61984437dec666da93d8
semantic-proposal-v1	SC1-6a0882c751f32bfa1254ffab45875a9f2c958257b68effc80c57423d879b6646	S016267	1	P01	LIFETIMES.tsv	189028	locking_rcu_refcount	x86_64	include/uapi/linux/netdev.h	type	anonymous_enum@227	227	PENDING_REVIEW	SOURCE_REVIEWED_VALUE	COMPLETE	vendor/linux/include/uapi/linux/netdev.h;vendor/linux/include/uapi/linux/netdev.h:227;header-context=PENDING_REVIEW	425f94c2954b1fe80ebdbf9b29854e89750355df	f24cb1108af94200ee7a600fac46c70a86ad7f5182fa08b8da014df602b81fd2	a67200b9de936585f98f6aed0c4e4f7733d3ba0c36f4496d97e583cb7caf9ac6	0123af9e96b58af4e98b91a2de5608d36b63c67864b9041d3340587f3dbe40d2	cfa8dcf0d81c408de38d4202fe1ce9d9e5e301d1e67439c9530da94b1e64ee3f	0e7e60940dd21c28f3d10965325f70644fc000495a2d61984437dec666da93d8
semantic-proposal-v1	SC1-1c0aceb501e575cdb695ac656505ab875a1589746ede0ee9f049950e68e93b17	S016267	1	P01	LIFETIMES.tsv	189028	ownership	x86_64	include/uapi/linux/netdev.h	type	anonymous_enum@227	227	PENDING_REVIEW	SOURCE_REVIEWED_VALUE	COMPLETE	vendor/linux/include/uapi/linux/netdev.h;vendor/linux/include/uapi/linux/netdev.h:227;header-context=PENDING_REVIEW	425f94c2954b1fe80ebdbf9b29854e89750355df	f24cb1108af94200ee7a600fac46c70a86ad7f5182fa08b8da014df602b81fd2	a67200b9de936585f98f6aed0c4e4f7733d3ba0c36f4496d97e583cb7caf9ac6	0123af9e96b58af4e98b91a2de5608d36b63c67864b9041d3340587f3dbe40d2	cfa8dcf0d81c408de38d4202fe1ce9d9e5e301d1e67439c9530da94b1e64ee3f	0e7e60940dd21c28f3d10965325f70644fc000495a2d61984437dec666da93d8
semantic-proposal-v1	SC1-3e5ffadde7bdd7ff9a231788300c923ceac492d609f80e05546250a4795c349a	S016267	1	P01	LIFETIMES.tsv	189028	status	x86_64	include/uapi/linux/netdev.h	type	anonymous_enum@227	227	PENDING_REVIEW	COMPLETE	COMPLETE	vendor/linux/include/uapi/linux/netdev.h;vendor/linux/include/uapi/linux/netdev.h:227;header-context=PENDING_REVIEW	425f94c2954b1fe80ebdbf9b29854e89750355df	f24cb1108af94200ee7a600fac46c70a86ad7f5182fa08b8da014df602b81fd2	a67200b9de936585f98f6aed0c4e4f7733d3ba0c36f4496d97e583cb7caf9ac6	0123af9e96b58af4e98b91a2de5608d36b63c67864b9041d3340587f3dbe40d2	cfa8dcf0d81c408de38d4202fe1ce9d9e5e301d1e67439c9530da94b1e64ee3f	0e7e60940dd21c28f3d10965325f70644fc000495a2d61984437dec666da93d8
