schema_version	record_key	task_id	attempt	pipeline_id	manifest	base_row	field	architecture	linux_path	record_kind	symbol_name	source_line	old_value	final_value	decision_status	source_citations	linux_sha	candidate_sha256	implementation_sha256	phase0_identity_sha256	queue_fingerprint	base_manifest_sha256
semantic-proposal-v1	SC1-1d416f1e5363dbf81eb9a444482911f216b4378f28e335cb6e20f8dc33638b30	S016395	1	P01	SCOPE.tsv	16396	semantic_status	common	include/uapi/linux/sunrpc_netlink.h	scope	S016395	0	PENDING_REVIEW	COMPLETE	COMPLETE	vendor/linux/include/uapi/linux/sunrpc_netlink.h;rewrite/metadata/header_closure.tsv	425f94c2954b1fe80ebdbf9b29854e89750355df	3006683da77917461401080beb6ef3303785c5c2d06ade60c392e9c23eb2d22d	8141333cb95056c28702b89bc7e0ce13899ee7e8e61e9ab983b3348d259da6b3	0123af9e96b58af4e98b91a2de5608d36b63c67864b9041d3340587f3dbe40d2	cfa8dcf0d81c408de38d4202fe1ce9d9e5e301d1e67439c9530da94b1e64ee3f	b83349e6731e17e5da5e04a0ea053487e8ac8d9269538dbdb367d83f77b17e0a
semantic-proposal-v1	SC1-98c61015f4003ca09602cf199ac0c75f9dc35cf77e34732fe4c696f9926f13c2	S016395	1	P01	SYMBOLS.tsv	406400	status	aarch64	include/uapi/linux/sunrpc_netlink.h	conditional	ifndef@7	7	PENDING_REVIEW	COMPLETE	COMPLETE	vendor/linux/include/uapi/linux/sunrpc_netlink.h;vendor/linux/include/uapi/linux/sunrpc_netlink.h:7;rewrite/configs/aarch64/frozen.config;header_closure=rewrite/metadata/header_closure.tsv;selected=PENDING_REVIEW	425f94c2954b1fe80ebdbf9b29854e89750355df	3006683da77917461401080beb6ef3303785c5c2d06ade60c392e9c23eb2d22d	8141333cb95056c28702b89bc7e0ce13899ee7e8e61e9ab983b3348d259da6b3	0123af9e96b58af4e98b91a2de5608d36b63c67864b9041d3340587f3dbe40d2	cfa8dcf0d81c408de38d4202fe1ce9d9e5e301d1e67439c9530da94b1e64ee3f	7484d7b0dd80f45e18d726b04752827fe28555cc5c1af0e127948380e6688abf
semantic-proposal-v1	SC1-354c125454d176a300337625608b50095e2c4585f633bd1f736c15e6acf99f08	S016395	1	P01	SYMBOLS.tsv	406401	status	aarch64	include/uapi/linux/sunrpc_netlink.h	conditional	endif@84	84	PENDING_REVIEW	COMPLETE	COMPLETE	vendor/linux/include/uapi/linux/sunrpc_netlink.h;vendor/linux/include/uapi/linux/sunrpc_netlink.h:84;rewrite/configs/aarch64/frozen.config;header_closure=rewrite/metadata/header_closure.tsv;selected=PENDING_REVIEW	425f94c2954b1fe80ebdbf9b29854e89750355df	3006683da77917461401080beb6ef3303785c5c2d06ade60c392e9c23eb2d22d	8141333cb95056c28702b89bc7e0ce13899ee7e8e61e9ab983b3348d259da6b3	0123af9e96b58af4e98b91a2de5608d36b63c67864b9041d3340587f3dbe40d2	cfa8dcf0d81c408de38d4202fe1ce9d9e5e301d1e67439c9530da94b1e64ee3f	7484d7b0dd80f45e18d726b04752827fe28555cc5c1af0e127948380e6688abf
semantic-proposal-v1	SC1-e72a9d45efabf39382169829f131a6d230cf3a6b63a425a20d3737f12cc2babe	S016395	1	P01	SYMBOLS.tsv	406402	selection_expression	aarch64	include/uapi/linux/sunrpc_netlink.h	operative_macro	_UAPI_LINUX_SUNRPC_NETLINK_H	8	PENDING_REVIEW	COMPLETE	COMPLETE	vendor/linux/include/uapi/linux/sunrpc_netlink.h;vendor/linux/include/uapi/linux/sunrpc_netlink.h:8;rewrite/configs/aarch64/frozen.config;header_closure=rewrite/metadata/header_closure.tsv;selected=PENDING_REVIEW	425f94c2954b1fe80ebdbf9b29854e89750355df	3006683da77917461401080beb6ef3303785c5c2d06ade60c392e9c23eb2d22d	8141333cb95056c28702b89bc7e0ce13899ee7e8e61e9ab983b3348d259da6b3	0123af9e96b58af4e98b91a2de5608d36b63c67864b9041d3340587f3dbe40d2	cfa8dcf0d81c408de38d4202fe1ce9d9e5e301d1e67439c9530da94b1e64ee3f	7484d7b0dd80f45e18d726b04752827fe28555cc5c1af0e127948380e6688abf
semantic-proposal-v1	SC1-9114c55a450752a3c69ada0622aeb948ea71e8829dfdead198a1a55c0b9b0802	S016395	1	P01	SYMBOLS.tsv	406402	status	aarch64	include/uapi/linux/sunrpc_netlink.h	operative_macro	_UAPI_LINUX_SUNRPC_NETLINK_H	8	PENDING_REVIEW	COMPLETE	COMPLETE	vendor/linux/include/uapi/linux/sunrpc_netlink.h;vendor/linux/include/uapi/linux/sunrpc_netlink.h:8;rewrite/configs/aarch64/frozen.config;header_closure=rewrite/metadata/header_closure.tsv;selected=PENDING_REVIEW	425f94c2954b1fe80ebdbf9b29854e89750355df	3006683da77917461401080beb6ef3303785c5c2d06ade60c392e9c23eb2d22d	8141333cb95056c28702b89bc7e0ce13899ee7e8e61e9ab983b3348d259da6b3	0123af9e96b58af4e98b91a2de5608d36b63c67864b9041d3340587f3dbe40d2	cfa8dcf0d81c408de38d4202fe1ce9d9e5e301d1e67439c9530da94b1e64ee3f	7484d7b0dd80f45e18d726b04752827fe28555cc5c1af0e127948380e6688abf
semantic-proposal-v1	SC1-f9aee4d6f33463d91b2cb57d5cf49790889727f1a20a4ca9556657fcdd25ee95	S016395	1	P01	SYMBOLS.tsv	406403	selection_expression	aarch64	include/uapi/linux/sunrpc_netlink.h	operative_macro	SUNRPC_FAMILY_NAME	10	PENDING_REVIEW	COMPLETE	COMPLETE	vendor/linux/include/uapi/linux/sunrpc_netlink.h;vendor/linux/include/uapi/linux/sunrpc_netlink.h:10;rewrite/configs/aarch64/frozen.config;header_closure=rewrite/metadata/header_closure.tsv;selected=PENDING_REVIEW	425f94c2954b1fe80ebdbf9b29854e89750355df	3006683da77917461401080beb6ef3303785c5c2d06ade60c392e9c23eb2d22d	8141333cb95056c28702b89bc7e0ce13899ee7e8e61e9ab983b3348d259da6b3	0123af9e96b58af4e98b91a2de5608d36b63c67864b9041d3340587f3dbe40d2	cfa8dcf0d81c408de38d4202fe1ce9d9e5e301d1e67439c9530da94b1e64ee3f	7484d7b0dd80f45e18d726b04752827fe28555cc5c1af0e127948380e6688abf
semantic-proposal-v1	SC1-a80281f2652b7fbf58389b3e829a98d4ef7f4c26b7d58dc4a01129cb3437862e	S016395	1	P01	SYMBOLS.tsv	406403	status	aarch64	include/uapi/linux/sunrpc_netlink.h	operative_macro	SUNRPC_FAMILY_NAME	10	PENDING_REVIEW	COMPLETE	COMPLETE	vendor/linux/include/uapi/linux/sunrpc_netlink.h;vendor/linux/include/uapi/linux/sunrpc_netlink.h:10;rewrite/configs/aarch64/frozen.config;header_closure=rewrite/metadata/header_closure.tsv;selected=PENDING_REVIEW	425f94c2954b1fe80ebdbf9b29854e89750355df	3006683da77917461401080beb6ef3303785c5c2d06ade60c392e9c23eb2d22d	8141333cb95056c28702b89bc7e0ce13899ee7e8e61e9ab983b3348d259da6b3	0123af9e96b58af4e98b91a2de5608d36b63c67864b9041d3340587f3dbe40d2	cfa8dcf0d81c408de38d4202fe1ce9d9e5e301d1e67439c9530da94b1e64ee3f	7484d7b0dd80f45e18d726b04752827fe28555cc5c1af0e127948380e6688abf
semantic-proposal-v1	SC1-0ae8ffbebc7eb7ff1f5c566c1917ff176bf84a32430dfa6d0a7f30b02b690421	S016395	1	P01	SYMBOLS.tsv	406404	selection_expression	aarch64	include/uapi/linux/sunrpc_netlink.h	operative_macro	SUNRPC_FAMILY_VERSION	11	PENDING_REVIEW	COMPLETE	COMPLETE	vendor/linux/include/uapi/linux/sunrpc_netlink.h;vendor/linux/include/uapi/linux/sunrpc_netlink.h:11;rewrite/configs/aarch64/frozen.config;header_closure=rewrite/metadata/header_closure.tsv;selected=PENDING_REVIEW	425f94c2954b1fe80ebdbf9b29854e89750355df	3006683da77917461401080beb6ef3303785c5c2d06ade60c392e9c23eb2d22d	8141333cb95056c28702b89bc7e0ce13899ee7e8e61e9ab983b3348d259da6b3	0123af9e96b58af4e98b91a2de5608d36b63c67864b9041d3340587f3dbe40d2	cfa8dcf0d81c408de38d4202fe1ce9d9e5e301d1e67439c9530da94b1e64ee3f	7484d7b0dd80f45e18d726b04752827fe28555cc5c1af0e127948380e6688abf
semantic-proposal-v1	SC1-d2d4b7d38a1b1ba117f3a6c5b3836b3021a2f3f5a34e94aa7f70d4268a71bfa7	S016395	1	P01	SYMBOLS.tsv	406404	status	aarch64	include/uapi/linux/sunrpc_netlink.h	operative_macro	SUNRPC_FAMILY_VERSION	11	PENDING_REVIEW	COMPLETE	COMPLETE	vendor/linux/include/uapi/linux/sunrpc_netlink.h;vendor/linux/include/uapi/linux/sunrpc_netlink.h:11;rewrite/configs/aarch64/frozen.config;header_closure=rewrite/metadata/header_closure.tsv;selected=PENDING_REVIEW	425f94c2954b1fe80ebdbf9b29854e89750355df	3006683da77917461401080beb6ef3303785c5c2d06ade60c392e9c23eb2d22d	8141333cb95056c28702b89bc7e0ce13899ee7e8e61e9ab983b3348d259da6b3	0123af9e96b58af4e98b91a2de5608d36b63c67864b9041d3340587f3dbe40d2	cfa8dcf0d81c408de38d4202fe1ce9d9e5e301d1e67439c9530da94b1e64ee3f	7484d7b0dd80f45e18d726b04752827fe28555cc5c1af0e127948380e6688abf
semantic-proposal-v1	SC1-111acc2941ccf8f4d926301d4440e325f816dadd807653a9a19520028929f778	S016395	1	P01	SYMBOLS.tsv	406405	selection_expression	aarch64	include/uapi/linux/sunrpc_netlink.h	operative_macro	SUNRPC_MCGRP_NONE	81	PENDING_REVIEW	COMPLETE	COMPLETE	vendor/linux/include/uapi/linux/sunrpc_netlink.h;vendor/linux/include/uapi/linux/sunrpc_netlink.h:81;rewrite/configs/aarch64/frozen.config;header_closure=rewrite/metadata/header_closure.tsv;selected=PENDING_REVIEW	425f94c2954b1fe80ebdbf9b29854e89750355df	3006683da77917461401080beb6ef3303785c5c2d06ade60c392e9c23eb2d22d	8141333cb95056c28702b89bc7e0ce13899ee7e8e61e9ab983b3348d259da6b3	0123af9e96b58af4e98b91a2de5608d36b63c67864b9041d3340587f3dbe40d2	cfa8dcf0d81c408de38d4202fe1ce9d9e5e301d1e67439c9530da94b1e64ee3f	7484d7b0dd80f45e18d726b04752827fe28555cc5c1af0e127948380e6688abf
semantic-proposal-v1	SC1-bd139a30a6c54e27da5712e34b25a46dfba6f0b2307a9c94187acf52ffc4efe4	S016395	1	P01	SYMBOLS.tsv	406405	status	aarch64	include/uapi/linux/sunrpc_netlink.h	operative_macro	SUNRPC_MCGRP_NONE	81	PENDING_REVIEW	COMPLETE	COMPLETE	vendor/linux/include/uapi/linux/sunrpc_netlink.h;vendor/linux/include/uapi/linux/sunrpc_netlink.h:81;rewrite/configs/aarch64/frozen.config;header_closure=rewrite/metadata/header_closure.tsv;selected=PENDING_REVIEW	425f94c2954b1fe80ebdbf9b29854e89750355df	3006683da77917461401080beb6ef3303785c5c2d06ade60c392e9c23eb2d22d	8141333cb95056c28702b89bc7e0ce13899ee7e8e61e9ab983b3348d259da6b3	0123af9e96b58af4e98b91a2de5608d36b63c67864b9041d3340587f3dbe40d2	cfa8dcf0d81c408de38d4202fe1ce9d9e5e301d1e67439c9530da94b1e64ee3f	7484d7b0dd80f45e18d726b04752827fe28555cc5c1af0e127948380e6688abf
semantic-proposal-v1	SC1-12c69d7e38ff9aaeb94d2a31eb03b67ebe5b69605a695e7b31b23ff66b7d4cab	S016395	1	P01	SYMBOLS.tsv	406406	selection_expression	aarch64	include/uapi/linux/sunrpc_netlink.h	operative_macro	SUNRPC_MCGRP_EXPORTD	82	PENDING_REVIEW	COMPLETE	COMPLETE	vendor/linux/include/uapi/linux/sunrpc_netlink.h;vendor/linux/include/uapi/linux/sunrpc_netlink.h:82;rewrite/configs/aarch64/frozen.config;header_closure=rewrite/metadata/header_closure.tsv;selected=PENDING_REVIEW	425f94c2954b1fe80ebdbf9b29854e89750355df	3006683da77917461401080beb6ef3303785c5c2d06ade60c392e9c23eb2d22d	8141333cb95056c28702b89bc7e0ce13899ee7e8e61e9ab983b3348d259da6b3	0123af9e96b58af4e98b91a2de5608d36b63c67864b9041d3340587f3dbe40d2	cfa8dcf0d81c408de38d4202fe1ce9d9e5e301d1e67439c9530da94b1e64ee3f	7484d7b0dd80f45e18d726b04752827fe28555cc5c1af0e127948380e6688abf
semantic-proposal-v1	SC1-279cf5e7513d60fe9530f616c914d45abb58f04c5966deea72232face39b745a	S016395	1	P01	SYMBOLS.tsv	406406	status	aarch64	include/uapi/linux/sunrpc_netlink.h	operative_macro	SUNRPC_MCGRP_EXPORTD	82	PENDING_REVIEW	COMPLETE	COMPLETE	vendor/linux/include/uapi/linux/sunrpc_netlink.h;vendor/linux/include/uapi/linux/sunrpc_netlink.h:82;rewrite/configs/aarch64/frozen.config;header_closure=rewrite/metadata/header_closure.tsv;selected=PENDING_REVIEW	425f94c2954b1fe80ebdbf9b29854e89750355df	3006683da77917461401080beb6ef3303785c5c2d06ade60c392e9c23eb2d22d	8141333cb95056c28702b89bc7e0ce13899ee7e8e61e9ab983b3348d259da6b3	0123af9e96b58af4e98b91a2de5608d36b63c67864b9041d3340587f3dbe40d2	cfa8dcf0d81c408de38d4202fe1ce9d9e5e301d1e67439c9530da94b1e64ee3f	7484d7b0dd80f45e18d726b04752827fe28555cc5c1af0e127948380e6688abf
semantic-proposal-v1	SC1-16fd2aaee6d6cf425289972c7810e5ae419851349b448e450d19f68005cc6044	S016395	1	P01	SYMBOLS.tsv	406407	selection_expression	aarch64	include/uapi/linux/sunrpc_netlink.h	type	enum sunrpc_cache_type	13	PENDING_REVIEW	COMPLETE	COMPLETE	vendor/linux/include/uapi/linux/sunrpc_netlink.h;vendor/linux/include/uapi/linux/sunrpc_netlink.h:13;rewrite/configs/aarch64/frozen.config;header_closure=rewrite/metadata/header_closure.tsv;selected=PENDING_REVIEW	425f94c2954b1fe80ebdbf9b29854e89750355df	3006683da77917461401080beb6ef3303785c5c2d06ade60c392e9c23eb2d22d	8141333cb95056c28702b89bc7e0ce13899ee7e8e61e9ab983b3348d259da6b3	0123af9e96b58af4e98b91a2de5608d36b63c67864b9041d3340587f3dbe40d2	cfa8dcf0d81c408de38d4202fe1ce9d9e5e301d1e67439c9530da94b1e64ee3f	7484d7b0dd80f45e18d726b04752827fe28555cc5c1af0e127948380e6688abf
semantic-proposal-v1	SC1-ed0f3aebfae9706fa37bc0987d6366666d16319a0f1a7e9438cd2f12aa566bcb	S016395	1	P01	SYMBOLS.tsv	406407	status	aarch64	include/uapi/linux/sunrpc_netlink.h	type	enum sunrpc_cache_type	13	PENDING_REVIEW	COMPLETE	COMPLETE	vendor/linux/include/uapi/linux/sunrpc_netlink.h;vendor/linux/include/uapi/linux/sunrpc_netlink.h:13;rewrite/configs/aarch64/frozen.config;header_closure=rewrite/metadata/header_closure.tsv;selected=PENDING_REVIEW	425f94c2954b1fe80ebdbf9b29854e89750355df	3006683da77917461401080beb6ef3303785c5c2d06ade60c392e9c23eb2d22d	8141333cb95056c28702b89bc7e0ce13899ee7e8e61e9ab983b3348d259da6b3	0123af9e96b58af4e98b91a2de5608d36b63c67864b9041d3340587f3dbe40d2	cfa8dcf0d81c408de38d4202fe1ce9d9e5e301d1e67439c9530da94b1e64ee3f	7484d7b0dd80f45e18d726b04752827fe28555cc5c1af0e127948380e6688abf
semantic-proposal-v1	SC1-a76b6c71d95dfb5530ca73a52cf43135e382bd07b88e9f54c2ff52ad85726291	S016395	1	P01	SYMBOLS.tsv	406408	selection_expression	aarch64	include/uapi/linux/sunrpc_netlink.h	enum_constant	SUNRPC_CACHE_TYPE_IP_MAP	14	PENDING_REVIEW	COMPLETE	COMPLETE	vendor/linux/include/uapi/linux/sunrpc_netlink.h;vendor/linux/include/uapi/linux/sunrpc_netlink.h:14;rewrite/configs/aarch64/frozen.config;header_closure=rewrite/metadata/header_closure.tsv;selected=PENDING_REVIEW	425f94c2954b1fe80ebdbf9b29854e89750355df	3006683da77917461401080beb6ef3303785c5c2d06ade60c392e9c23eb2d22d	8141333cb95056c28702b89bc7e0ce13899ee7e8e61e9ab983b3348d259da6b3	0123af9e96b58af4e98b91a2de5608d36b63c67864b9041d3340587f3dbe40d2	cfa8dcf0d81c408de38d4202fe1ce9d9e5e301d1e67439c9530da94b1e64ee3f	7484d7b0dd80f45e18d726b04752827fe28555cc5c1af0e127948380e6688abf
semantic-proposal-v1	SC1-ae6784ec1341476f875085aa1cb1319737169ddbaf42dd8be603cc02ffe78d76	S016395	1	P01	SYMBOLS.tsv	406408	status	aarch64	include/uapi/linux/sunrpc_netlink.h	enum_constant	SUNRPC_CACHE_TYPE_IP_MAP	14	PENDING_REVIEW	COMPLETE	COMPLETE	vendor/linux/include/uapi/linux/sunrpc_netlink.h;vendor/linux/include/uapi/linux/sunrpc_netlink.h:14;rewrite/configs/aarch64/frozen.config;header_closure=rewrite/metadata/header_closure.tsv;selected=PENDING_REVIEW	425f94c2954b1fe80ebdbf9b29854e89750355df	3006683da77917461401080beb6ef3303785c5c2d06ade60c392e9c23eb2d22d	8141333cb95056c28702b89bc7e0ce13899ee7e8e61e9ab983b3348d259da6b3	0123af9e96b58af4e98b91a2de5608d36b63c67864b9041d3340587f3dbe40d2	cfa8dcf0d81c408de38d4202fe1ce9d9e5e301d1e67439c9530da94b1e64ee3f	7484d7b0dd80f45e18d726b04752827fe28555cc5c1af0e127948380e6688abf
semantic-proposal-v1	SC1-83f36bbcda9ebd28e50434f62bf3a61b50f79daa428b96148502d1fa14287854	S016395	1	P01	SYMBOLS.tsv	406409	selection_expression	aarch64	include/uapi/linux/sunrpc_netlink.h	enum_constant	SUNRPC_CACHE_TYPE_UNIX_GID	15	PENDING_REVIEW	COMPLETE	COMPLETE	vendor/linux/include/uapi/linux/sunrpc_netlink.h;vendor/linux/include/uapi/linux/sunrpc_netlink.h:15;rewrite/configs/aarch64/frozen.config;header_closure=rewrite/metadata/header_closure.tsv;selected=PENDING_REVIEW	425f94c2954b1fe80ebdbf9b29854e89750355df	3006683da77917461401080beb6ef3303785c5c2d06ade60c392e9c23eb2d22d	8141333cb95056c28702b89bc7e0ce13899ee7e8e61e9ab983b3348d259da6b3	0123af9e96b58af4e98b91a2de5608d36b63c67864b9041d3340587f3dbe40d2	cfa8dcf0d81c408de38d4202fe1ce9d9e5e301d1e67439c9530da94b1e64ee3f	7484d7b0dd80f45e18d726b04752827fe28555cc5c1af0e127948380e6688abf
semantic-proposal-v1	SC1-49d594d9e0a3bc13118ed149b8fb9e47e4e7f8b1fa44d8252dc8a141e9b33c0f	S016395	1	P01	SYMBOLS.tsv	406409	status	aarch64	include/uapi/linux/sunrpc_netlink.h	enum_constant	SUNRPC_CACHE_TYPE_UNIX_GID	15	PENDING_REVIEW	COMPLETE	COMPLETE	vendor/linux/include/uapi/linux/sunrpc_netlink.h;vendor/linux/include/uapi/linux/sunrpc_netlink.h:15;rewrite/configs/aarch64/frozen.config;header_closure=rewrite/metadata/header_closure.tsv;selected=PENDING_REVIEW	425f94c2954b1fe80ebdbf9b29854e89750355df	3006683da77917461401080beb6ef3303785c5c2d06ade60c392e9c23eb2d22d	8141333cb95056c28702b89bc7e0ce13899ee7e8e61e9ab983b3348d259da6b3	0123af9e96b58af4e98b91a2de5608d36b63c67864b9041d3340587f3dbe40d2	cfa8dcf0d81c408de38d4202fe1ce9d9e5e301d1e67439c9530da94b1e64ee3f	7484d7b0dd80f45e18d726b04752827fe28555cc5c1af0e127948380e6688abf
semantic-proposal-v1	SC1-03538734a830d2c01fab1c9ae30772f036745fe5def0ec7bcf18d29d977654df	S016395	1	P01	SYMBOLS.tsv	406410	selection_expression	aarch64	include/uapi/linux/sunrpc_netlink.h	type	anonymous_enum@18	18	PENDING_REVIEW	COMPLETE	COMPLETE	vendor/linux/include/uapi/linux/sunrpc_netlink.h;vendor/linux/include/uapi/linux/sunrpc_netlink.h:18;rewrite/configs/aarch64/frozen.config;header_closure=rewrite/metadata/header_closure.tsv;selected=PENDING_REVIEW	425f94c2954b1fe80ebdbf9b29854e89750355df	3006683da77917461401080beb6ef3303785c5c2d06ade60c392e9c23eb2d22d	8141333cb95056c28702b89bc7e0ce13899ee7e8e61e9ab983b3348d259da6b3	0123af9e96b58af4e98b91a2de5608d36b63c67864b9041d3340587f3dbe40d2	cfa8dcf0d81c408de38d4202fe1ce9d9e5e301d1e67439c9530da94b1e64ee3f	7484d7b0dd80f45e18d726b04752827fe28555cc5c1af0e127948380e6688abf
semantic-proposal-v1	SC1-695eea9fe902958ae2e19b5e3841b21db770666486309d7b4894ee68d1d5a06b	S016395	1	P01	SYMBOLS.tsv	406410	status	aarch64	include/uapi/linux/sunrpc_netlink.h	type	anonymous_enum@18	18	PENDING_REVIEW	COMPLETE	COMPLETE	vendor/linux/include/uapi/linux/sunrpc_netlink.h;vendor/linux/include/uapi/linux/sunrpc_netlink.h:18;rewrite/configs/aarch64/frozen.config;header_closure=rewrite/metadata/header_closure.tsv;selected=PENDING_REVIEW	425f94c2954b1fe80ebdbf9b29854e89750355df	3006683da77917461401080beb6ef3303785c5c2d06ade60c392e9c23eb2d22d	8141333cb95056c28702b89bc7e0ce13899ee7e8e61e9ab983b3348d259da6b3	0123af9e96b58af4e98b91a2de5608d36b63c67864b9041d3340587f3dbe40d2	cfa8dcf0d81c408de38d4202fe1ce9d9e5e301d1e67439c9530da94b1e64ee3f	7484d7b0dd80f45e18d726b04752827fe28555cc5c1af0e127948380e6688abf
semantic-proposal-v1	SC1-9c1cce6204fca28f89d9bcf9c7a41ff0c6d96df8e2e052f66636fd9694721b46	S016395	1	P01	SYMBOLS.tsv	406411	selection_expression	aarch64	include/uapi/linux/sunrpc_netlink.h	enum_constant	SUNRPC_A_CACHE_NOTIFY_CACHE_TYPE	19	PENDING_REVIEW	COMPLETE	COMPLETE	vendor/linux/include/uapi/linux/sunrpc_netlink.h;vendor/linux/include/uapi/linux/sunrpc_netlink.h:19;rewrite/configs/aarch64/frozen.config;header_closure=rewrite/metadata/header_closure.tsv;selected=PENDING_REVIEW	425f94c2954b1fe80ebdbf9b29854e89750355df	3006683da77917461401080beb6ef3303785c5c2d06ade60c392e9c23eb2d22d	8141333cb95056c28702b89bc7e0ce13899ee7e8e61e9ab983b3348d259da6b3	0123af9e96b58af4e98b91a2de5608d36b63c67864b9041d3340587f3dbe40d2	cfa8dcf0d81c408de38d4202fe1ce9d9e5e301d1e67439c9530da94b1e64ee3f	7484d7b0dd80f45e18d726b04752827fe28555cc5c1af0e127948380e6688abf
semantic-proposal-v1	SC1-aecfd2175930e321ad00beef03b18415194d1df1331cd43403d856466b3e8112	S016395	1	P01	SYMBOLS.tsv	406411	status	aarch64	include/uapi/linux/sunrpc_netlink.h	enum_constant	SUNRPC_A_CACHE_NOTIFY_CACHE_TYPE	19	PENDING_REVIEW	COMPLETE	COMPLETE	vendor/linux/include/uapi/linux/sunrpc_netlink.h;vendor/linux/include/uapi/linux/sunrpc_netlink.h:19;rewrite/configs/aarch64/frozen.config;header_closure=rewrite/metadata/header_closure.tsv;selected=PENDING_REVIEW	425f94c2954b1fe80ebdbf9b29854e89750355df	3006683da77917461401080beb6ef3303785c5c2d06ade60c392e9c23eb2d22d	8141333cb95056c28702b89bc7e0ce13899ee7e8e61e9ab983b3348d259da6b3	0123af9e96b58af4e98b91a2de5608d36b63c67864b9041d3340587f3dbe40d2	cfa8dcf0d81c408de38d4202fe1ce9d9e5e301d1e67439c9530da94b1e64ee3f	7484d7b0dd80f45e18d726b04752827fe28555cc5c1af0e127948380e6688abf
semantic-proposal-v1	SC1-0993b68b8e31d4f8de68390eaa979f86b42033db125e4c745854f69b7b1ac3e9	S016395	1	P01	SYMBOLS.tsv	406412	selection_expression	aarch64	include/uapi/linux/sunrpc_netlink.h	enum_constant	__SUNRPC_A_CACHE_NOTIFY_MAX	21	PENDING_REVIEW	COMPLETE	COMPLETE	vendor/linux/include/uapi/linux/sunrpc_netlink.h;vendor/linux/include/uapi/linux/sunrpc_netlink.h:21;rewrite/configs/aarch64/frozen.config;header_closure=rewrite/metadata/header_closure.tsv;selected=PENDING_REVIEW	425f94c2954b1fe80ebdbf9b29854e89750355df	3006683da77917461401080beb6ef3303785c5c2d06ade60c392e9c23eb2d22d	8141333cb95056c28702b89bc7e0ce13899ee7e8e61e9ab983b3348d259da6b3	0123af9e96b58af4e98b91a2de5608d36b63c67864b9041d3340587f3dbe40d2	cfa8dcf0d81c408de38d4202fe1ce9d9e5e301d1e67439c9530da94b1e64ee3f	7484d7b0dd80f45e18d726b04752827fe28555cc5c1af0e127948380e6688abf
semantic-proposal-v1	SC1-4e75346846a4338a43fc9a8967775c6c0fff055dad97e00c73d0aeeb797cc2fc	S016395	1	P01	SYMBOLS.tsv	406412	status	aarch64	include/uapi/linux/sunrpc_netlink.h	enum_constant	__SUNRPC_A_CACHE_NOTIFY_MAX	21	PENDING_REVIEW	COMPLETE	COMPLETE	vendor/linux/include/uapi/linux/sunrpc_netlink.h;vendor/linux/include/uapi/linux/sunrpc_netlink.h:21;rewrite/configs/aarch64/frozen.config;header_closure=rewrite/metadata/header_closure.tsv;selected=PENDING_REVIEW	425f94c2954b1fe80ebdbf9b29854e89750355df	3006683da77917461401080beb6ef3303785c5c2d06ade60c392e9c23eb2d22d	8141333cb95056c28702b89bc7e0ce13899ee7e8e61e9ab983b3348d259da6b3	0123af9e96b58af4e98b91a2de5608d36b63c67864b9041d3340587f3dbe40d2	cfa8dcf0d81c408de38d4202fe1ce9d9e5e301d1e67439c9530da94b1e64ee3f	7484d7b0dd80f45e18d726b04752827fe28555cc5c1af0e127948380e6688abf
semantic-proposal-v1	SC1-4ea8445e2b24ed103ac170094886f3342278e7e4634198a3c6c05765829279dd	S016395	1	P01	SYMBOLS.tsv	406413	selection_expression	aarch64	include/uapi/linux/sunrpc_netlink.h	enum_constant	SUNRPC_A_CACHE_NOTIFY_MAX	22	PENDING_REVIEW	COMPLETE	COMPLETE	vendor/linux/include/uapi/linux/sunrpc_netlink.h;vendor/linux/include/uapi/linux/sunrpc_netlink.h:22;rewrite/configs/aarch64/frozen.config;header_closure=rewrite/metadata/header_closure.tsv;selected=PENDING_REVIEW	425f94c2954b1fe80ebdbf9b29854e89750355df	3006683da77917461401080beb6ef3303785c5c2d06ade60c392e9c23eb2d22d	8141333cb95056c28702b89bc7e0ce13899ee7e8e61e9ab983b3348d259da6b3	0123af9e96b58af4e98b91a2de5608d36b63c67864b9041d3340587f3dbe40d2	cfa8dcf0d81c408de38d4202fe1ce9d9e5e301d1e67439c9530da94b1e64ee3f	7484d7b0dd80f45e18d726b04752827fe28555cc5c1af0e127948380e6688abf
semantic-proposal-v1	SC1-20365bd11836bdc2cf4c45dfb507dd4405bb09d585158b485243e42d1664306b	S016395	1	P01	SYMBOLS.tsv	406413	status	aarch64	include/uapi/linux/sunrpc_netlink.h	enum_constant	SUNRPC_A_CACHE_NOTIFY_MAX	22	PENDING_REVIEW	COMPLETE	COMPLETE	vendor/linux/include/uapi/linux/sunrpc_netlink.h;vendor/linux/include/uapi/linux/sunrpc_netlink.h:22;rewrite/configs/aarch64/frozen.config;header_closure=rewrite/metadata/header_closure.tsv;selected=PENDING_REVIEW	425f94c2954b1fe80ebdbf9b29854e89750355df	3006683da77917461401080beb6ef3303785c5c2d06ade60c392e9c23eb2d22d	8141333cb95056c28702b89bc7e0ce13899ee7e8e61e9ab983b3348d259da6b3	0123af9e96b58af4e98b91a2de5608d36b63c67864b9041d3340587f3dbe40d2	cfa8dcf0d81c408de38d4202fe1ce9d9e5e301d1e67439c9530da94b1e64ee3f	7484d7b0dd80f45e18d726b04752827fe28555cc5c1af0e127948380e6688abf
semantic-proposal-v1	SC1-999f474aaebb317c528ff641c551ca84e67f95880dd45cecf15bcf0dd62b6c7f	S016395	1	P01	SYMBOLS.tsv	406414	selection_expression	aarch64	include/uapi/linux/sunrpc_netlink.h	type	anonymous_enum@25	25	PENDING_REVIEW	COMPLETE	COMPLETE	vendor/linux/include/uapi/linux/sunrpc_netlink.h;vendor/linux/include/uapi/linux/sunrpc_netlink.h:25;rewrite/configs/aarch64/frozen.config;header_closure=rewrite/metadata/header_closure.tsv;selected=PENDING_REVIEW	425f94c2954b1fe80ebdbf9b29854e89750355df	3006683da77917461401080beb6ef3303785c5c2d06ade60c392e9c23eb2d22d	8141333cb95056c28702b89bc7e0ce13899ee7e8e61e9ab983b3348d259da6b3	0123af9e96b58af4e98b91a2de5608d36b63c67864b9041d3340587f3dbe40d2	cfa8dcf0d81c408de38d4202fe1ce9d9e5e301d1e67439c9530da94b1e64ee3f	7484d7b0dd80f45e18d726b04752827fe28555cc5c1af0e127948380e6688abf
semantic-proposal-v1	SC1-de76514acdded51fa222b18d2f5c194f19bd519519101186634a7e7083ba75d2	S016395	1	P01	SYMBOLS.tsv	406414	status	aarch64	include/uapi/linux/sunrpc_netlink.h	type	anonymous_enum@25	25	PENDING_REVIEW	COMPLETE	COMPLETE	vendor/linux/include/uapi/linux/sunrpc_netlink.h;vendor/linux/include/uapi/linux/sunrpc_netlink.h:25;rewrite/configs/aarch64/frozen.config;header_closure=rewrite/metadata/header_closure.tsv;selected=PENDING_REVIEW	425f94c2954b1fe80ebdbf9b29854e89750355df	3006683da77917461401080beb6ef3303785c5c2d06ade60c392e9c23eb2d22d	8141333cb95056c28702b89bc7e0ce13899ee7e8e61e9ab983b3348d259da6b3	0123af9e96b58af4e98b91a2de5608d36b63c67864b9041d3340587f3dbe40d2	cfa8dcf0d81c408de38d4202fe1ce9d9e5e301d1e67439c9530da94b1e64ee3f	7484d7b0dd80f45e18d726b04752827fe28555cc5c1af0e127948380e6688abf
semantic-proposal-v1	SC1-4bcb85109f248b1be291a4e67258b9df794d6d7ff853fc163c148b97f5505c5d	S016395	1	P01	SYMBOLS.tsv	406415	selection_expression	aarch64	include/uapi/linux/sunrpc_netlink.h	enum_constant	SUNRPC_A_IP_MAP_SEQNO	26	PENDING_REVIEW	COMPLETE	COMPLETE	vendor/linux/include/uapi/linux/sunrpc_netlink.h;vendor/linux/include/uapi/linux/sunrpc_netlink.h:26;rewrite/configs/aarch64/frozen.config;header_closure=rewrite/metadata/header_closure.tsv;selected=PENDING_REVIEW	425f94c2954b1fe80ebdbf9b29854e89750355df	3006683da77917461401080beb6ef3303785c5c2d06ade60c392e9c23eb2d22d	8141333cb95056c28702b89bc7e0ce13899ee7e8e61e9ab983b3348d259da6b3	0123af9e96b58af4e98b91a2de5608d36b63c67864b9041d3340587f3dbe40d2	cfa8dcf0d81c408de38d4202fe1ce9d9e5e301d1e67439c9530da94b1e64ee3f	7484d7b0dd80f45e18d726b04752827fe28555cc5c1af0e127948380e6688abf
semantic-proposal-v1	SC1-a8a0960c4d5ef109c72f14d28d44aed50f9f43341c2627c93a5a2b06c0d964c7	S016395	1	P01	SYMBOLS.tsv	406415	status	aarch64	include/uapi/linux/sunrpc_netlink.h	enum_constant	SUNRPC_A_IP_MAP_SEQNO	26	PENDING_REVIEW	COMPLETE	COMPLETE	vendor/linux/include/uapi/linux/sunrpc_netlink.h;vendor/linux/include/uapi/linux/sunrpc_netlink.h:26;rewrite/configs/aarch64/frozen.config;header_closure=rewrite/metadata/header_closure.tsv;selected=PENDING_REVIEW	425f94c2954b1fe80ebdbf9b29854e89750355df	3006683da77917461401080beb6ef3303785c5c2d06ade60c392e9c23eb2d22d	8141333cb95056c28702b89bc7e0ce13899ee7e8e61e9ab983b3348d259da6b3	0123af9e96b58af4e98b91a2de5608d36b63c67864b9041d3340587f3dbe40d2	cfa8dcf0d81c408de38d4202fe1ce9d9e5e301d1e67439c9530da94b1e64ee3f	7484d7b0dd80f45e18d726b04752827fe28555cc5c1af0e127948380e6688abf
semantic-proposal-v1	SC1-bec70488f72cc32aa67d01b06f0198f94fcafc911cdf6fc2c2c994e0fb14a355	S016395	1	P01	SYMBOLS.tsv	406416	selection_expression	aarch64	include/uapi/linux/sunrpc_netlink.h	enum_constant	SUNRPC_A_IP_MAP_CLASS	27	PENDING_REVIEW	COMPLETE	COMPLETE	vendor/linux/include/uapi/linux/sunrpc_netlink.h;vendor/linux/include/uapi/linux/sunrpc_netlink.h:27;rewrite/configs/aarch64/frozen.config;header_closure=rewrite/metadata/header_closure.tsv;selected=PENDING_REVIEW	425f94c2954b1fe80ebdbf9b29854e89750355df	3006683da77917461401080beb6ef3303785c5c2d06ade60c392e9c23eb2d22d	8141333cb95056c28702b89bc7e0ce13899ee7e8e61e9ab983b3348d259da6b3	0123af9e96b58af4e98b91a2de5608d36b63c67864b9041d3340587f3dbe40d2	cfa8dcf0d81c408de38d4202fe1ce9d9e5e301d1e67439c9530da94b1e64ee3f	7484d7b0dd80f45e18d726b04752827fe28555cc5c1af0e127948380e6688abf
semantic-proposal-v1	SC1-0e9ef5345961a30f926c2fbd765eecc531ea8f18910e40807936e9eec4b2a631	S016395	1	P01	SYMBOLS.tsv	406416	status	aarch64	include/uapi/linux/sunrpc_netlink.h	enum_constant	SUNRPC_A_IP_MAP_CLASS	27	PENDING_REVIEW	COMPLETE	COMPLETE	vendor/linux/include/uapi/linux/sunrpc_netlink.h;vendor/linux/include/uapi/linux/sunrpc_netlink.h:27;rewrite/configs/aarch64/frozen.config;header_closure=rewrite/metadata/header_closure.tsv;selected=PENDING_REVIEW	425f94c2954b1fe80ebdbf9b29854e89750355df	3006683da77917461401080beb6ef3303785c5c2d06ade60c392e9c23eb2d22d	8141333cb95056c28702b89bc7e0ce13899ee7e8e61e9ab983b3348d259da6b3	0123af9e96b58af4e98b91a2de5608d36b63c67864b9041d3340587f3dbe40d2	cfa8dcf0d81c408de38d4202fe1ce9d9e5e301d1e67439c9530da94b1e64ee3f	7484d7b0dd80f45e18d726b04752827fe28555cc5c1af0e127948380e6688abf
semantic-proposal-v1	SC1-b37e494d70aa5d22830ca7e805befea2d686c63b6b59b3c721aec7d572c900f1	S016395	1	P01	SYMBOLS.tsv	406417	selection_expression	aarch64	include/uapi/linux/sunrpc_netlink.h	enum_constant	SUNRPC_A_IP_MAP_ADDR	28	PENDING_REVIEW	COMPLETE	COMPLETE	vendor/linux/include/uapi/linux/sunrpc_netlink.h;vendor/linux/include/uapi/linux/sunrpc_netlink.h:28;rewrite/configs/aarch64/frozen.config;header_closure=rewrite/metadata/header_closure.tsv;selected=PENDING_REVIEW	425f94c2954b1fe80ebdbf9b29854e89750355df	3006683da77917461401080beb6ef3303785c5c2d06ade60c392e9c23eb2d22d	8141333cb95056c28702b89bc7e0ce13899ee7e8e61e9ab983b3348d259da6b3	0123af9e96b58af4e98b91a2de5608d36b63c67864b9041d3340587f3dbe40d2	cfa8dcf0d81c408de38d4202fe1ce9d9e5e301d1e67439c9530da94b1e64ee3f	7484d7b0dd80f45e18d726b04752827fe28555cc5c1af0e127948380e6688abf
semantic-proposal-v1	SC1-385466b01d9afb905668dfadd778edba2cdaefbec8378d4fcd305133b6187451	S016395	1	P01	SYMBOLS.tsv	406417	status	aarch64	include/uapi/linux/sunrpc_netlink.h	enum_constant	SUNRPC_A_IP_MAP_ADDR	28	PENDING_REVIEW	COMPLETE	COMPLETE	vendor/linux/include/uapi/linux/sunrpc_netlink.h;vendor/linux/include/uapi/linux/sunrpc_netlink.h:28;rewrite/configs/aarch64/frozen.config;header_closure=rewrite/metadata/header_closure.tsv;selected=PENDING_REVIEW	425f94c2954b1fe80ebdbf9b29854e89750355df	3006683da77917461401080beb6ef3303785c5c2d06ade60c392e9c23eb2d22d	8141333cb95056c28702b89bc7e0ce13899ee7e8e61e9ab983b3348d259da6b3	0123af9e96b58af4e98b91a2de5608d36b63c67864b9041d3340587f3dbe40d2	cfa8dcf0d81c408de38d4202fe1ce9d9e5e301d1e67439c9530da94b1e64ee3f	7484d7b0dd80f45e18d726b04752827fe28555cc5c1af0e127948380e6688abf
semantic-proposal-v1	SC1-70ef006c49ab5b9cca39054a0eccbe495e37c50ff821d7fb8cf897d0cf50f09e	S016395	1	P01	SYMBOLS.tsv	406418	selection_expression	aarch64	include/uapi/linux/sunrpc_netlink.h	enum_constant	SUNRPC_A_IP_MAP_DOMAIN	29	PENDING_REVIEW	COMPLETE	COMPLETE	vendor/linux/include/uapi/linux/sunrpc_netlink.h;vendor/linux/include/uapi/linux/sunrpc_netlink.h:29;rewrite/configs/aarch64/frozen.config;header_closure=rewrite/metadata/header_closure.tsv;selected=PENDING_REVIEW	425f94c2954b1fe80ebdbf9b29854e89750355df	3006683da77917461401080beb6ef3303785c5c2d06ade60c392e9c23eb2d22d	8141333cb95056c28702b89bc7e0ce13899ee7e8e61e9ab983b3348d259da6b3	0123af9e96b58af4e98b91a2de5608d36b63c67864b9041d3340587f3dbe40d2	cfa8dcf0d81c408de38d4202fe1ce9d9e5e301d1e67439c9530da94b1e64ee3f	7484d7b0dd80f45e18d726b04752827fe28555cc5c1af0e127948380e6688abf
semantic-proposal-v1	SC1-3ef9b5387d841f4202ee89800fe0a4a86db06c61316bd613f4891cdd4ba6400f	S016395	1	P01	SYMBOLS.tsv	406418	status	aarch64	include/uapi/linux/sunrpc_netlink.h	enum_constant	SUNRPC_A_IP_MAP_DOMAIN	29	PENDING_REVIEW	COMPLETE	COMPLETE	vendor/linux/include/uapi/linux/sunrpc_netlink.h;vendor/linux/include/uapi/linux/sunrpc_netlink.h:29;rewrite/configs/aarch64/frozen.config;header_closure=rewrite/metadata/header_closure.tsv;selected=PENDING_REVIEW	425f94c2954b1fe80ebdbf9b29854e89750355df	3006683da77917461401080beb6ef3303785c5c2d06ade60c392e9c23eb2d22d	8141333cb95056c28702b89bc7e0ce13899ee7e8e61e9ab983b3348d259da6b3	0123af9e96b58af4e98b91a2de5608d36b63c67864b9041d3340587f3dbe40d2	cfa8dcf0d81c408de38d4202fe1ce9d9e5e301d1e67439c9530da94b1e64ee3f	7484d7b0dd80f45e18d726b04752827fe28555cc5c1af0e127948380e6688abf
semantic-proposal-v1	SC1-593a4eb55090fd7eb342ad9ddbc8f8219c615a6dfc8d825d9fdce8809253d82d	S016395	1	P01	SYMBOLS.tsv	406419	selection_expression	aarch64	include/uapi/linux/sunrpc_netlink.h	enum_constant	SUNRPC_A_IP_MAP_NEGATIVE	30	PENDING_REVIEW	COMPLETE	COMPLETE	vendor/linux/include/uapi/linux/sunrpc_netlink.h;vendor/linux/include/uapi/linux/sunrpc_netlink.h:30;rewrite/configs/aarch64/frozen.config;header_closure=rewrite/metadata/header_closure.tsv;selected=PENDING_REVIEW	425f94c2954b1fe80ebdbf9b29854e89750355df	3006683da77917461401080beb6ef3303785c5c2d06ade60c392e9c23eb2d22d	8141333cb95056c28702b89bc7e0ce13899ee7e8e61e9ab983b3348d259da6b3	0123af9e96b58af4e98b91a2de5608d36b63c67864b9041d3340587f3dbe40d2	cfa8dcf0d81c408de38d4202fe1ce9d9e5e301d1e67439c9530da94b1e64ee3f	7484d7b0dd80f45e18d726b04752827fe28555cc5c1af0e127948380e6688abf
semantic-proposal-v1	SC1-39265b7c19ca250eda8b88c81b4733bdd9cbfc7613c94525e2f1b4a9aa143548	S016395	1	P01	SYMBOLS.tsv	406419	status	aarch64	include/uapi/linux/sunrpc_netlink.h	enum_constant	SUNRPC_A_IP_MAP_NEGATIVE	30	PENDING_REVIEW	COMPLETE	COMPLETE	vendor/linux/include/uapi/linux/sunrpc_netlink.h;vendor/linux/include/uapi/linux/sunrpc_netlink.h:30;rewrite/configs/aarch64/frozen.config;header_closure=rewrite/metadata/header_closure.tsv;selected=PENDING_REVIEW	425f94c2954b1fe80ebdbf9b29854e89750355df	3006683da77917461401080beb6ef3303785c5c2d06ade60c392e9c23eb2d22d	8141333cb95056c28702b89bc7e0ce13899ee7e8e61e9ab983b3348d259da6b3	0123af9e96b58af4e98b91a2de5608d36b63c67864b9041d3340587f3dbe40d2	cfa8dcf0d81c408de38d4202fe1ce9d9e5e301d1e67439c9530da94b1e64ee3f	7484d7b0dd80f45e18d726b04752827fe28555cc5c1af0e127948380e6688abf
semantic-proposal-v1	SC1-46999bc6d555cdd154963ba387c787fcbaa6dd5acdf167855c1017528327310f	S016395	1	P01	SYMBOLS.tsv	406420	selection_expression	aarch64	include/uapi/linux/sunrpc_netlink.h	enum_constant	SUNRPC_A_IP_MAP_EXPIRY	31	PENDING_REVIEW	COMPLETE	COMPLETE	vendor/linux/include/uapi/linux/sunrpc_netlink.h;vendor/linux/include/uapi/linux/sunrpc_netlink.h:31;rewrite/configs/aarch64/frozen.config;header_closure=rewrite/metadata/header_closure.tsv;selected=PENDING_REVIEW	425f94c2954b1fe80ebdbf9b29854e89750355df	3006683da77917461401080beb6ef3303785c5c2d06ade60c392e9c23eb2d22d	8141333cb95056c28702b89bc7e0ce13899ee7e8e61e9ab983b3348d259da6b3	0123af9e96b58af4e98b91a2de5608d36b63c67864b9041d3340587f3dbe40d2	cfa8dcf0d81c408de38d4202fe1ce9d9e5e301d1e67439c9530da94b1e64ee3f	7484d7b0dd80f45e18d726b04752827fe28555cc5c1af0e127948380e6688abf
semantic-proposal-v1	SC1-df50f08f9077a20895fd60a4ecb7b3937d1fe7f7b07eec444d41364f1a8d7eeb	S016395	1	P01	SYMBOLS.tsv	406420	status	aarch64	include/uapi/linux/sunrpc_netlink.h	enum_constant	SUNRPC_A_IP_MAP_EXPIRY	31	PENDING_REVIEW	COMPLETE	COMPLETE	vendor/linux/include/uapi/linux/sunrpc_netlink.h;vendor/linux/include/uapi/linux/sunrpc_netlink.h:31;rewrite/configs/aarch64/frozen.config;header_closure=rewrite/metadata/header_closure.tsv;selected=PENDING_REVIEW	425f94c2954b1fe80ebdbf9b29854e89750355df	3006683da77917461401080beb6ef3303785c5c2d06ade60c392e9c23eb2d22d	8141333cb95056c28702b89bc7e0ce13899ee7e8e61e9ab983b3348d259da6b3	0123af9e96b58af4e98b91a2de5608d36b63c67864b9041d3340587f3dbe40d2	cfa8dcf0d81c408de38d4202fe1ce9d9e5e301d1e67439c9530da94b1e64ee3f	7484d7b0dd80f45e18d726b04752827fe28555cc5c1af0e127948380e6688abf
semantic-proposal-v1	SC1-b77bc27da078c766923a446725a1331bcf8c97c7fe6f3309c1b19b77b16e2b94	S016395	1	P01	SYMBOLS.tsv	406421	selection_expression	aarch64	include/uapi/linux/sunrpc_netlink.h	enum_constant	__SUNRPC_A_IP_MAP_MAX	33	PENDING_REVIEW	COMPLETE	COMPLETE	vendor/linux/include/uapi/linux/sunrpc_netlink.h;vendor/linux/include/uapi/linux/sunrpc_netlink.h:33;rewrite/configs/aarch64/frozen.config;header_closure=rewrite/metadata/header_closure.tsv;selected=PENDING_REVIEW	425f94c2954b1fe80ebdbf9b29854e89750355df	3006683da77917461401080beb6ef3303785c5c2d06ade60c392e9c23eb2d22d	8141333cb95056c28702b89bc7e0ce13899ee7e8e61e9ab983b3348d259da6b3	0123af9e96b58af4e98b91a2de5608d36b63c67864b9041d3340587f3dbe40d2	cfa8dcf0d81c408de38d4202fe1ce9d9e5e301d1e67439c9530da94b1e64ee3f	7484d7b0dd80f45e18d726b04752827fe28555cc5c1af0e127948380e6688abf
semantic-proposal-v1	SC1-54494e814b719fb673a87bea9424d2afe1b8724a2c973b63d1f8c197c73de121	S016395	1	P01	SYMBOLS.tsv	406421	status	aarch64	include/uapi/linux/sunrpc_netlink.h	enum_constant	__SUNRPC_A_IP_MAP_MAX	33	PENDING_REVIEW	COMPLETE	COMPLETE	vendor/linux/include/uapi/linux/sunrpc_netlink.h;vendor/linux/include/uapi/linux/sunrpc_netlink.h:33;rewrite/configs/aarch64/frozen.config;header_closure=rewrite/metadata/header_closure.tsv;selected=PENDING_REVIEW	425f94c2954b1fe80ebdbf9b29854e89750355df	3006683da77917461401080beb6ef3303785c5c2d06ade60c392e9c23eb2d22d	8141333cb95056c28702b89bc7e0ce13899ee7e8e61e9ab983b3348d259da6b3	0123af9e96b58af4e98b91a2de5608d36b63c67864b9041d3340587f3dbe40d2	cfa8dcf0d81c408de38d4202fe1ce9d9e5e301d1e67439c9530da94b1e64ee3f	7484d7b0dd80f45e18d726b04752827fe28555cc5c1af0e127948380e6688abf
semantic-proposal-v1	SC1-eef077016ea16933ad3045cfda4ef29c636fbf289439e316f0dfd4e6198f888f	S016395	1	P01	SYMBOLS.tsv	406422	selection_expression	aarch64	include/uapi/linux/sunrpc_netlink.h	enum_constant	SUNRPC_A_IP_MAP_MAX	34	PENDING_REVIEW	COMPLETE	COMPLETE	vendor/linux/include/uapi/linux/sunrpc_netlink.h;vendor/linux/include/uapi/linux/sunrpc_netlink.h:34;rewrite/configs/aarch64/frozen.config;header_closure=rewrite/metadata/header_closure.tsv;selected=PENDING_REVIEW	425f94c2954b1fe80ebdbf9b29854e89750355df	3006683da77917461401080beb6ef3303785c5c2d06ade60c392e9c23eb2d22d	8141333cb95056c28702b89bc7e0ce13899ee7e8e61e9ab983b3348d259da6b3	0123af9e96b58af4e98b91a2de5608d36b63c67864b9041d3340587f3dbe40d2	cfa8dcf0d81c408de38d4202fe1ce9d9e5e301d1e67439c9530da94b1e64ee3f	7484d7b0dd80f45e18d726b04752827fe28555cc5c1af0e127948380e6688abf
semantic-proposal-v1	SC1-b675c07eee471e4cf758c8124cc13e57cdb3ed5d07a878e9a6f1b2b1a286a9a1	S016395	1	P01	SYMBOLS.tsv	406422	status	aarch64	include/uapi/linux/sunrpc_netlink.h	enum_constant	SUNRPC_A_IP_MAP_MAX	34	PENDING_REVIEW	COMPLETE	COMPLETE	vendor/linux/include/uapi/linux/sunrpc_netlink.h;vendor/linux/include/uapi/linux/sunrpc_netlink.h:34;rewrite/configs/aarch64/frozen.config;header_closure=rewrite/metadata/header_closure.tsv;selected=PENDING_REVIEW	425f94c2954b1fe80ebdbf9b29854e89750355df	3006683da77917461401080beb6ef3303785c5c2d06ade60c392e9c23eb2d22d	8141333cb95056c28702b89bc7e0ce13899ee7e8e61e9ab983b3348d259da6b3	0123af9e96b58af4e98b91a2de5608d36b63c67864b9041d3340587f3dbe40d2	cfa8dcf0d81c408de38d4202fe1ce9d9e5e301d1e67439c9530da94b1e64ee3f	7484d7b0dd80f45e18d726b04752827fe28555cc5c1af0e127948380e6688abf
semantic-proposal-v1	SC1-4552eff23aacb151595a0da38943f3f86b7ffa43b5ca5847114c7eb218c58621	S016395	1	P01	SYMBOLS.tsv	406423	selection_expression	aarch64	include/uapi/linux/sunrpc_netlink.h	type	anonymous_enum@37	37	PENDING_REVIEW	COMPLETE	COMPLETE	vendor/linux/include/uapi/linux/sunrpc_netlink.h;vendor/linux/include/uapi/linux/sunrpc_netlink.h:37;rewrite/configs/aarch64/frozen.config;header_closure=rewrite/metadata/header_closure.tsv;selected=PENDING_REVIEW	425f94c2954b1fe80ebdbf9b29854e89750355df	3006683da77917461401080beb6ef3303785c5c2d06ade60c392e9c23eb2d22d	8141333cb95056c28702b89bc7e0ce13899ee7e8e61e9ab983b3348d259da6b3	0123af9e96b58af4e98b91a2de5608d36b63c67864b9041d3340587f3dbe40d2	cfa8dcf0d81c408de38d4202fe1ce9d9e5e301d1e67439c9530da94b1e64ee3f	7484d7b0dd80f45e18d726b04752827fe28555cc5c1af0e127948380e6688abf
semantic-proposal-v1	SC1-46f75ac66c8a6ebc648debafb46c53d97ea06f169cedfe0cfd6ed9558f3b0da9	S016395	1	P01	SYMBOLS.tsv	406423	status	aarch64	include/uapi/linux/sunrpc_netlink.h	type	anonymous_enum@37	37	PENDING_REVIEW	COMPLETE	COMPLETE	vendor/linux/include/uapi/linux/sunrpc_netlink.h;vendor/linux/include/uapi/linux/sunrpc_netlink.h:37;rewrite/configs/aarch64/frozen.config;header_closure=rewrite/metadata/header_closure.tsv;selected=PENDING_REVIEW	425f94c2954b1fe80ebdbf9b29854e89750355df	3006683da77917461401080beb6ef3303785c5c2d06ade60c392e9c23eb2d22d	8141333cb95056c28702b89bc7e0ce13899ee7e8e61e9ab983b3348d259da6b3	0123af9e96b58af4e98b91a2de5608d36b63c67864b9041d3340587f3dbe40d2	cfa8dcf0d81c408de38d4202fe1ce9d9e5e301d1e67439c9530da94b1e64ee3f	7484d7b0dd80f45e18d726b04752827fe28555cc5c1af0e127948380e6688abf
semantic-proposal-v1	SC1-6585ebe30fa427ba984c8f200d9b147034cb61ede62b394728311dc396074a5d	S016395	1	P01	SYMBOLS.tsv	406424	selection_expression	aarch64	include/uapi/linux/sunrpc_netlink.h	enum_constant	SUNRPC_A_IP_MAP_REQS_REQUESTS	38	PENDING_REVIEW	COMPLETE	COMPLETE	vendor/linux/include/uapi/linux/sunrpc_netlink.h;vendor/linux/include/uapi/linux/sunrpc_netlink.h:38;rewrite/configs/aarch64/frozen.config;header_closure=rewrite/metadata/header_closure.tsv;selected=PENDING_REVIEW	425f94c2954b1fe80ebdbf9b29854e89750355df	3006683da77917461401080beb6ef3303785c5c2d06ade60c392e9c23eb2d22d	8141333cb95056c28702b89bc7e0ce13899ee7e8e61e9ab983b3348d259da6b3	0123af9e96b58af4e98b91a2de5608d36b63c67864b9041d3340587f3dbe40d2	cfa8dcf0d81c408de38d4202fe1ce9d9e5e301d1e67439c9530da94b1e64ee3f	7484d7b0dd80f45e18d726b04752827fe28555cc5c1af0e127948380e6688abf
semantic-proposal-v1	SC1-da6405acaff87ff8df5d93486ef2ab6c492fa21769e902efd922c36a011de2c7	S016395	1	P01	SYMBOLS.tsv	406424	status	aarch64	include/uapi/linux/sunrpc_netlink.h	enum_constant	SUNRPC_A_IP_MAP_REQS_REQUESTS	38	PENDING_REVIEW	COMPLETE	COMPLETE	vendor/linux/include/uapi/linux/sunrpc_netlink.h;vendor/linux/include/uapi/linux/sunrpc_netlink.h:38;rewrite/configs/aarch64/frozen.config;header_closure=rewrite/metadata/header_closure.tsv;selected=PENDING_REVIEW	425f94c2954b1fe80ebdbf9b29854e89750355df	3006683da77917461401080beb6ef3303785c5c2d06ade60c392e9c23eb2d22d	8141333cb95056c28702b89bc7e0ce13899ee7e8e61e9ab983b3348d259da6b3	0123af9e96b58af4e98b91a2de5608d36b63c67864b9041d3340587f3dbe40d2	cfa8dcf0d81c408de38d4202fe1ce9d9e5e301d1e67439c9530da94b1e64ee3f	7484d7b0dd80f45e18d726b04752827fe28555cc5c1af0e127948380e6688abf
semantic-proposal-v1	SC1-d53cd722378b534c4f53f81999a2474503b32164760fa9d6b563e8208a2e6fd2	S016395	1	P01	SYMBOLS.tsv	406425	selection_expression	aarch64	include/uapi/linux/sunrpc_netlink.h	enum_constant	__SUNRPC_A_IP_MAP_REQS_MAX	40	PENDING_REVIEW	COMPLETE	COMPLETE	vendor/linux/include/uapi/linux/sunrpc_netlink.h;vendor/linux/include/uapi/linux/sunrpc_netlink.h:40;rewrite/configs/aarch64/frozen.config;header_closure=rewrite/metadata/header_closure.tsv;selected=PENDING_REVIEW	425f94c2954b1fe80ebdbf9b29854e89750355df	3006683da77917461401080beb6ef3303785c5c2d06ade60c392e9c23eb2d22d	8141333cb95056c28702b89bc7e0ce13899ee7e8e61e9ab983b3348d259da6b3	0123af9e96b58af4e98b91a2de5608d36b63c67864b9041d3340587f3dbe40d2	cfa8dcf0d81c408de38d4202fe1ce9d9e5e301d1e67439c9530da94b1e64ee3f	7484d7b0dd80f45e18d726b04752827fe28555cc5c1af0e127948380e6688abf
semantic-proposal-v1	SC1-e45cc90de64c2e6e9f53d672ee2fefe6fb029e66a95d2b54d5f44ce302e33601	S016395	1	P01	SYMBOLS.tsv	406425	status	aarch64	include/uapi/linux/sunrpc_netlink.h	enum_constant	__SUNRPC_A_IP_MAP_REQS_MAX	40	PENDING_REVIEW	COMPLETE	COMPLETE	vendor/linux/include/uapi/linux/sunrpc_netlink.h;vendor/linux/include/uapi/linux/sunrpc_netlink.h:40;rewrite/configs/aarch64/frozen.config;header_closure=rewrite/metadata/header_closure.tsv;selected=PENDING_REVIEW	425f94c2954b1fe80ebdbf9b29854e89750355df	3006683da77917461401080beb6ef3303785c5c2d06ade60c392e9c23eb2d22d	8141333cb95056c28702b89bc7e0ce13899ee7e8e61e9ab983b3348d259da6b3	0123af9e96b58af4e98b91a2de5608d36b63c67864b9041d3340587f3dbe40d2	cfa8dcf0d81c408de38d4202fe1ce9d9e5e301d1e67439c9530da94b1e64ee3f	7484d7b0dd80f45e18d726b04752827fe28555cc5c1af0e127948380e6688abf
semantic-proposal-v1	SC1-e1ca4c64751746fbcbdd477ee567d8fafe3764dd5280e876dbfd7f09eaf07788	S016395	1	P01	SYMBOLS.tsv	406426	selection_expression	aarch64	include/uapi/linux/sunrpc_netlink.h	enum_constant	SUNRPC_A_IP_MAP_REQS_MAX	41	PENDING_REVIEW	COMPLETE	COMPLETE	vendor/linux/include/uapi/linux/sunrpc_netlink.h;vendor/linux/include/uapi/linux/sunrpc_netlink.h:41;rewrite/configs/aarch64/frozen.config;header_closure=rewrite/metadata/header_closure.tsv;selected=PENDING_REVIEW	425f94c2954b1fe80ebdbf9b29854e89750355df	3006683da77917461401080beb6ef3303785c5c2d06ade60c392e9c23eb2d22d	8141333cb95056c28702b89bc7e0ce13899ee7e8e61e9ab983b3348d259da6b3	0123af9e96b58af4e98b91a2de5608d36b63c67864b9041d3340587f3dbe40d2	cfa8dcf0d81c408de38d4202fe1ce9d9e5e301d1e67439c9530da94b1e64ee3f	7484d7b0dd80f45e18d726b04752827fe28555cc5c1af0e127948380e6688abf
semantic-proposal-v1	SC1-3e98a0d43b3f10b32b30d8f48cf7aedd7ab8c8668e2c7d01eeeb035add463b77	S016395	1	P01	SYMBOLS.tsv	406426	status	aarch64	include/uapi/linux/sunrpc_netlink.h	enum_constant	SUNRPC_A_IP_MAP_REQS_MAX	41	PENDING_REVIEW	COMPLETE	COMPLETE	vendor/linux/include/uapi/linux/sunrpc_netlink.h;vendor/linux/include/uapi/linux/sunrpc_netlink.h:41;rewrite/configs/aarch64/frozen.config;header_closure=rewrite/metadata/header_closure.tsv;selected=PENDING_REVIEW	425f94c2954b1fe80ebdbf9b29854e89750355df	3006683da77917461401080beb6ef3303785c5c2d06ade60c392e9c23eb2d22d	8141333cb95056c28702b89bc7e0ce13899ee7e8e61e9ab983b3348d259da6b3	0123af9e96b58af4e98b91a2de5608d36b63c67864b9041d3340587f3dbe40d2	cfa8dcf0d81c408de38d4202fe1ce9d9e5e301d1e67439c9530da94b1e64ee3f	7484d7b0dd80f45e18d726b04752827fe28555cc5c1af0e127948380e6688abf
semantic-proposal-v1	SC1-da0cd7dfa75b336401b8a85053be3eab60e41c146e15c5eb89991892cfdea76e	S016395	1	P01	SYMBOLS.tsv	406427	selection_expression	aarch64	include/uapi/linux/sunrpc_netlink.h	type	anonymous_enum@44	44	PENDING_REVIEW	COMPLETE	COMPLETE	vendor/linux/include/uapi/linux/sunrpc_netlink.h;vendor/linux/include/uapi/linux/sunrpc_netlink.h:44;rewrite/configs/aarch64/frozen.config;header_closure=rewrite/metadata/header_closure.tsv;selected=PENDING_REVIEW	425f94c2954b1fe80ebdbf9b29854e89750355df	3006683da77917461401080beb6ef3303785c5c2d06ade60c392e9c23eb2d22d	8141333cb95056c28702b89bc7e0ce13899ee7e8e61e9ab983b3348d259da6b3	0123af9e96b58af4e98b91a2de5608d36b63c67864b9041d3340587f3dbe40d2	cfa8dcf0d81c408de38d4202fe1ce9d9e5e301d1e67439c9530da94b1e64ee3f	7484d7b0dd80f45e18d726b04752827fe28555cc5c1af0e127948380e6688abf
semantic-proposal-v1	SC1-cc5b6a68a8c58cda1f6b6b0cbcf242c42b4a209f0879a1ff6fea9bd13dd37361	S016395	1	P01	SYMBOLS.tsv	406427	status	aarch64	include/uapi/linux/sunrpc_netlink.h	type	anonymous_enum@44	44	PENDING_REVIEW	COMPLETE	COMPLETE	vendor/linux/include/uapi/linux/sunrpc_netlink.h;vendor/linux/include/uapi/linux/sunrpc_netlink.h:44;rewrite/configs/aarch64/frozen.config;header_closure=rewrite/metadata/header_closure.tsv;selected=PENDING_REVIEW	425f94c2954b1fe80ebdbf9b29854e89750355df	3006683da77917461401080beb6ef3303785c5c2d06ade60c392e9c23eb2d22d	8141333cb95056c28702b89bc7e0ce13899ee7e8e61e9ab983b3348d259da6b3	0123af9e96b58af4e98b91a2de5608d36b63c67864b9041d3340587f3dbe40d2	cfa8dcf0d81c408de38d4202fe1ce9d9e5e301d1e67439c9530da94b1e64ee3f	7484d7b0dd80f45e18d726b04752827fe28555cc5c1af0e127948380e6688abf
semantic-proposal-v1	SC1-41be61bc0208ad8c63eab4f4aa48f9ba341a07f258942d97fc460000b2897edd	S016395	1	P01	SYMBOLS.tsv	406428	selection_expression	aarch64	include/uapi/linux/sunrpc_netlink.h	enum_constant	SUNRPC_A_UNIX_GID_SEQNO	45	PENDING_REVIEW	COMPLETE	COMPLETE	vendor/linux/include/uapi/linux/sunrpc_netlink.h;vendor/linux/include/uapi/linux/sunrpc_netlink.h:45;rewrite/configs/aarch64/frozen.config;header_closure=rewrite/metadata/header_closure.tsv;selected=PENDING_REVIEW	425f94c2954b1fe80ebdbf9b29854e89750355df	3006683da77917461401080beb6ef3303785c5c2d06ade60c392e9c23eb2d22d	8141333cb95056c28702b89bc7e0ce13899ee7e8e61e9ab983b3348d259da6b3	0123af9e96b58af4e98b91a2de5608d36b63c67864b9041d3340587f3dbe40d2	cfa8dcf0d81c408de38d4202fe1ce9d9e5e301d1e67439c9530da94b1e64ee3f	7484d7b0dd80f45e18d726b04752827fe28555cc5c1af0e127948380e6688abf
semantic-proposal-v1	SC1-81275b1e9ed83795ba52b9f6cca957365e63b1020aeffb1098da5084435f21d9	S016395	1	P01	SYMBOLS.tsv	406428	status	aarch64	include/uapi/linux/sunrpc_netlink.h	enum_constant	SUNRPC_A_UNIX_GID_SEQNO	45	PENDING_REVIEW	COMPLETE	COMPLETE	vendor/linux/include/uapi/linux/sunrpc_netlink.h;vendor/linux/include/uapi/linux/sunrpc_netlink.h:45;rewrite/configs/aarch64/frozen.config;header_closure=rewrite/metadata/header_closure.tsv;selected=PENDING_REVIEW	425f94c2954b1fe80ebdbf9b29854e89750355df	3006683da77917461401080beb6ef3303785c5c2d06ade60c392e9c23eb2d22d	8141333cb95056c28702b89bc7e0ce13899ee7e8e61e9ab983b3348d259da6b3	0123af9e96b58af4e98b91a2de5608d36b63c67864b9041d3340587f3dbe40d2	cfa8dcf0d81c408de38d4202fe1ce9d9e5e301d1e67439c9530da94b1e64ee3f	7484d7b0dd80f45e18d726b04752827fe28555cc5c1af0e127948380e6688abf
semantic-proposal-v1	SC1-1167c2d7ee1f6197f05a2ec69566dd680332cdbe33b77fb615d770d5005e8e4e	S016395	1	P01	SYMBOLS.tsv	406429	selection_expression	aarch64	include/uapi/linux/sunrpc_netlink.h	enum_constant	SUNRPC_A_UNIX_GID_UID	46	PENDING_REVIEW	COMPLETE	COMPLETE	vendor/linux/include/uapi/linux/sunrpc_netlink.h;vendor/linux/include/uapi/linux/sunrpc_netlink.h:46;rewrite/configs/aarch64/frozen.config;header_closure=rewrite/metadata/header_closure.tsv;selected=PENDING_REVIEW	425f94c2954b1fe80ebdbf9b29854e89750355df	3006683da77917461401080beb6ef3303785c5c2d06ade60c392e9c23eb2d22d	8141333cb95056c28702b89bc7e0ce13899ee7e8e61e9ab983b3348d259da6b3	0123af9e96b58af4e98b91a2de5608d36b63c67864b9041d3340587f3dbe40d2	cfa8dcf0d81c408de38d4202fe1ce9d9e5e301d1e67439c9530da94b1e64ee3f	7484d7b0dd80f45e18d726b04752827fe28555cc5c1af0e127948380e6688abf
semantic-proposal-v1	SC1-f0ebecc34b2900c5875c58721c042427afd33f5ea91a4d7a73c338d32161fdde	S016395	1	P01	SYMBOLS.tsv	406429	status	aarch64	include/uapi/linux/sunrpc_netlink.h	enum_constant	SUNRPC_A_UNIX_GID_UID	46	PENDING_REVIEW	COMPLETE	COMPLETE	vendor/linux/include/uapi/linux/sunrpc_netlink.h;vendor/linux/include/uapi/linux/sunrpc_netlink.h:46;rewrite/configs/aarch64/frozen.config;header_closure=rewrite/metadata/header_closure.tsv;selected=PENDING_REVIEW	425f94c2954b1fe80ebdbf9b29854e89750355df	3006683da77917461401080beb6ef3303785c5c2d06ade60c392e9c23eb2d22d	8141333cb95056c28702b89bc7e0ce13899ee7e8e61e9ab983b3348d259da6b3	0123af9e96b58af4e98b91a2de5608d36b63c67864b9041d3340587f3dbe40d2	cfa8dcf0d81c408de38d4202fe1ce9d9e5e301d1e67439c9530da94b1e64ee3f	7484d7b0dd80f45e18d726b04752827fe28555cc5c1af0e127948380e6688abf
semantic-proposal-v1	SC1-f00f667eb5bcaaec13fa52669ca97f45aef4f4ff1d552a91c82ddf7eb9e218b8	S016395	1	P01	SYMBOLS.tsv	406430	selection_expression	aarch64	include/uapi/linux/sunrpc_netlink.h	enum_constant	SUNRPC_A_UNIX_GID_GIDS	47	PENDING_REVIEW	COMPLETE	COMPLETE	vendor/linux/include/uapi/linux/sunrpc_netlink.h;vendor/linux/include/uapi/linux/sunrpc_netlink.h:47;rewrite/configs/aarch64/frozen.config;header_closure=rewrite/metadata/header_closure.tsv;selected=PENDING_REVIEW	425f94c2954b1fe80ebdbf9b29854e89750355df	3006683da77917461401080beb6ef3303785c5c2d06ade60c392e9c23eb2d22d	8141333cb95056c28702b89bc7e0ce13899ee7e8e61e9ab983b3348d259da6b3	0123af9e96b58af4e98b91a2de5608d36b63c67864b9041d3340587f3dbe40d2	cfa8dcf0d81c408de38d4202fe1ce9d9e5e301d1e67439c9530da94b1e64ee3f	7484d7b0dd80f45e18d726b04752827fe28555cc5c1af0e127948380e6688abf
semantic-proposal-v1	SC1-11b6623d433dd229575b0fab07ff62a8ff06af381054af7cf68906d8d821732c	S016395	1	P01	SYMBOLS.tsv	406430	status	aarch64	include/uapi/linux/sunrpc_netlink.h	enum_constant	SUNRPC_A_UNIX_GID_GIDS	47	PENDING_REVIEW	COMPLETE	COMPLETE	vendor/linux/include/uapi/linux/sunrpc_netlink.h;vendor/linux/include/uapi/linux/sunrpc_netlink.h:47;rewrite/configs/aarch64/frozen.config;header_closure=rewrite/metadata/header_closure.tsv;selected=PENDING_REVIEW	425f94c2954b1fe80ebdbf9b29854e89750355df	3006683da77917461401080beb6ef3303785c5c2d06ade60c392e9c23eb2d22d	8141333cb95056c28702b89bc7e0ce13899ee7e8e61e9ab983b3348d259da6b3	0123af9e96b58af4e98b91a2de5608d36b63c67864b9041d3340587f3dbe40d2	cfa8dcf0d81c408de38d4202fe1ce9d9e5e301d1e67439c9530da94b1e64ee3f	7484d7b0dd80f45e18d726b04752827fe28555cc5c1af0e127948380e6688abf
semantic-proposal-v1	SC1-91fcb19c1152cae2f6ee313767f1f39678323028976b242d9f3d0fcf69011d85	S016395	1	P01	SYMBOLS.tsv	406431	selection_expression	aarch64	include/uapi/linux/sunrpc_netlink.h	enum_constant	SUNRPC_A_UNIX_GID_NEGATIVE	48	PENDING_REVIEW	COMPLETE	COMPLETE	vendor/linux/include/uapi/linux/sunrpc_netlink.h;vendor/linux/include/uapi/linux/sunrpc_netlink.h:48;rewrite/configs/aarch64/frozen.config;header_closure=rewrite/metadata/header_closure.tsv;selected=PENDING_REVIEW	425f94c2954b1fe80ebdbf9b29854e89750355df	3006683da77917461401080beb6ef3303785c5c2d06ade60c392e9c23eb2d22d	8141333cb95056c28702b89bc7e0ce13899ee7e8e61e9ab983b3348d259da6b3	0123af9e96b58af4e98b91a2de5608d36b63c67864b9041d3340587f3dbe40d2	cfa8dcf0d81c408de38d4202fe1ce9d9e5e301d1e67439c9530da94b1e64ee3f	7484d7b0dd80f45e18d726b04752827fe28555cc5c1af0e127948380e6688abf
semantic-proposal-v1	SC1-28d0dbd9343669f4aa5a0c89bb31bb5448e50c80a777cf178443eba1b267f563	S016395	1	P01	SYMBOLS.tsv	406431	status	aarch64	include/uapi/linux/sunrpc_netlink.h	enum_constant	SUNRPC_A_UNIX_GID_NEGATIVE	48	PENDING_REVIEW	COMPLETE	COMPLETE	vendor/linux/include/uapi/linux/sunrpc_netlink.h;vendor/linux/include/uapi/linux/sunrpc_netlink.h:48;rewrite/configs/aarch64/frozen.config;header_closure=rewrite/metadata/header_closure.tsv;selected=PENDING_REVIEW	425f94c2954b1fe80ebdbf9b29854e89750355df	3006683da77917461401080beb6ef3303785c5c2d06ade60c392e9c23eb2d22d	8141333cb95056c28702b89bc7e0ce13899ee7e8e61e9ab983b3348d259da6b3	0123af9e96b58af4e98b91a2de5608d36b63c67864b9041d3340587f3dbe40d2	cfa8dcf0d81c408de38d4202fe1ce9d9e5e301d1e67439c9530da94b1e64ee3f	7484d7b0dd80f45e18d726b04752827fe28555cc5c1af0e127948380e6688abf
semantic-proposal-v1	SC1-46eb75925b8f9369c32fd53f5cf89b26391d78075d85ccc725e4464e6372b64a	S016395	1	P01	SYMBOLS.tsv	406432	selection_expression	aarch64	include/uapi/linux/sunrpc_netlink.h	enum_constant	SUNRPC_A_UNIX_GID_EXPIRY	49	PENDING_REVIEW	COMPLETE	COMPLETE	vendor/linux/include/uapi/linux/sunrpc_netlink.h;vendor/linux/include/uapi/linux/sunrpc_netlink.h:49;rewrite/configs/aarch64/frozen.config;header_closure=rewrite/metadata/header_closure.tsv;selected=PENDING_REVIEW	425f94c2954b1fe80ebdbf9b29854e89750355df	3006683da77917461401080beb6ef3303785c5c2d06ade60c392e9c23eb2d22d	8141333cb95056c28702b89bc7e0ce13899ee7e8e61e9ab983b3348d259da6b3	0123af9e96b58af4e98b91a2de5608d36b63c67864b9041d3340587f3dbe40d2	cfa8dcf0d81c408de38d4202fe1ce9d9e5e301d1e67439c9530da94b1e64ee3f	7484d7b0dd80f45e18d726b04752827fe28555cc5c1af0e127948380e6688abf
semantic-proposal-v1	SC1-28d2c0c9854a8b688a6f16d0fb0a089ac7133acfe1b6d7bb74f4e35fd4b019e9	S016395	1	P01	SYMBOLS.tsv	406432	status	aarch64	include/uapi/linux/sunrpc_netlink.h	enum_constant	SUNRPC_A_UNIX_GID_EXPIRY	49	PENDING_REVIEW	COMPLETE	COMPLETE	vendor/linux/include/uapi/linux/sunrpc_netlink.h;vendor/linux/include/uapi/linux/sunrpc_netlink.h:49;rewrite/configs/aarch64/frozen.config;header_closure=rewrite/metadata/header_closure.tsv;selected=PENDING_REVIEW	425f94c2954b1fe80ebdbf9b29854e89750355df	3006683da77917461401080beb6ef3303785c5c2d06ade60c392e9c23eb2d22d	8141333cb95056c28702b89bc7e0ce13899ee7e8e61e9ab983b3348d259da6b3	0123af9e96b58af4e98b91a2de5608d36b63c67864b9041d3340587f3dbe40d2	cfa8dcf0d81c408de38d4202fe1ce9d9e5e301d1e67439c9530da94b1e64ee3f	7484d7b0dd80f45e18d726b04752827fe28555cc5c1af0e127948380e6688abf
semantic-proposal-v1	SC1-a9aad2a44f07499a0b5d0e89b1dae5a44742861262ce84d5d35b2793e45d4a46	S016395	1	P01	SYMBOLS.tsv	406433	selection_expression	aarch64	include/uapi/linux/sunrpc_netlink.h	enum_constant	__SUNRPC_A_UNIX_GID_MAX	51	PENDING_REVIEW	COMPLETE	COMPLETE	vendor/linux/include/uapi/linux/sunrpc_netlink.h;vendor/linux/include/uapi/linux/sunrpc_netlink.h:51;rewrite/configs/aarch64/frozen.config;header_closure=rewrite/metadata/header_closure.tsv;selected=PENDING_REVIEW	425f94c2954b1fe80ebdbf9b29854e89750355df	3006683da77917461401080beb6ef3303785c5c2d06ade60c392e9c23eb2d22d	8141333cb95056c28702b89bc7e0ce13899ee7e8e61e9ab983b3348d259da6b3	0123af9e96b58af4e98b91a2de5608d36b63c67864b9041d3340587f3dbe40d2	cfa8dcf0d81c408de38d4202fe1ce9d9e5e301d1e67439c9530da94b1e64ee3f	7484d7b0dd80f45e18d726b04752827fe28555cc5c1af0e127948380e6688abf
semantic-proposal-v1	SC1-04ebbd25d05032607d891d1226efbd5b88d27219dc8693ac048b8629bb07e15f	S016395	1	P01	SYMBOLS.tsv	406433	status	aarch64	include/uapi/linux/sunrpc_netlink.h	enum_constant	__SUNRPC_A_UNIX_GID_MAX	51	PENDING_REVIEW	COMPLETE	COMPLETE	vendor/linux/include/uapi/linux/sunrpc_netlink.h;vendor/linux/include/uapi/linux/sunrpc_netlink.h:51;rewrite/configs/aarch64/frozen.config;header_closure=rewrite/metadata/header_closure.tsv;selected=PENDING_REVIEW	425f94c2954b1fe80ebdbf9b29854e89750355df	3006683da77917461401080beb6ef3303785c5c2d06ade60c392e9c23eb2d22d	8141333cb95056c28702b89bc7e0ce13899ee7e8e61e9ab983b3348d259da6b3	0123af9e96b58af4e98b91a2de5608d36b63c67864b9041d3340587f3dbe40d2	cfa8dcf0d81c408de38d4202fe1ce9d9e5e301d1e67439c9530da94b1e64ee3f	7484d7b0dd80f45e18d726b04752827fe28555cc5c1af0e127948380e6688abf
semantic-proposal-v1	SC1-f3bc8bd6a08e665606d369099d27c9d1720e3a8c0b878905922b0d6f656e63e2	S016395	1	P01	SYMBOLS.tsv	406434	selection_expression	aarch64	include/uapi/linux/sunrpc_netlink.h	enum_constant	SUNRPC_A_UNIX_GID_MAX	52	PENDING_REVIEW	COMPLETE	COMPLETE	vendor/linux/include/uapi/linux/sunrpc_netlink.h;vendor/linux/include/uapi/linux/sunrpc_netlink.h:52;rewrite/configs/aarch64/frozen.config;header_closure=rewrite/metadata/header_closure.tsv;selected=PENDING_REVIEW	425f94c2954b1fe80ebdbf9b29854e89750355df	3006683da77917461401080beb6ef3303785c5c2d06ade60c392e9c23eb2d22d	8141333cb95056c28702b89bc7e0ce13899ee7e8e61e9ab983b3348d259da6b3	0123af9e96b58af4e98b91a2de5608d36b63c67864b9041d3340587f3dbe40d2	cfa8dcf0d81c408de38d4202fe1ce9d9e5e301d1e67439c9530da94b1e64ee3f	7484d7b0dd80f45e18d726b04752827fe28555cc5c1af0e127948380e6688abf
semantic-proposal-v1	SC1-f3300ff960f3eb5fdee06f6f911cf8951dca09ccdba9c8f170a19ab94eb0e758	S016395	1	P01	SYMBOLS.tsv	406434	status	aarch64	include/uapi/linux/sunrpc_netlink.h	enum_constant	SUNRPC_A_UNIX_GID_MAX	52	PENDING_REVIEW	COMPLETE	COMPLETE	vendor/linux/include/uapi/linux/sunrpc_netlink.h;vendor/linux/include/uapi/linux/sunrpc_netlink.h:52;rewrite/configs/aarch64/frozen.config;header_closure=rewrite/metadata/header_closure.tsv;selected=PENDING_REVIEW	425f94c2954b1fe80ebdbf9b29854e89750355df	3006683da77917461401080beb6ef3303785c5c2d06ade60c392e9c23eb2d22d	8141333cb95056c28702b89bc7e0ce13899ee7e8e61e9ab983b3348d259da6b3	0123af9e96b58af4e98b91a2de5608d36b63c67864b9041d3340587f3dbe40d2	cfa8dcf0d81c408de38d4202fe1ce9d9e5e301d1e67439c9530da94b1e64ee3f	7484d7b0dd80f45e18d726b04752827fe28555cc5c1af0e127948380e6688abf
semantic-proposal-v1	SC1-d1a31adec66b0ecbff5478943c1d3aaa0c53dcd45568171706a686701840a90b	S016395	1	P01	SYMBOLS.tsv	406435	selection_expression	aarch64	include/uapi/linux/sunrpc_netlink.h	type	anonymous_enum@55	55	PENDING_REVIEW	COMPLETE	COMPLETE	vendor/linux/include/uapi/linux/sunrpc_netlink.h;vendor/linux/include/uapi/linux/sunrpc_netlink.h:55;rewrite/configs/aarch64/frozen.config;header_closure=rewrite/metadata/header_closure.tsv;selected=PENDING_REVIEW	425f94c2954b1fe80ebdbf9b29854e89750355df	3006683da77917461401080beb6ef3303785c5c2d06ade60c392e9c23eb2d22d	8141333cb95056c28702b89bc7e0ce13899ee7e8e61e9ab983b3348d259da6b3	0123af9e96b58af4e98b91a2de5608d36b63c67864b9041d3340587f3dbe40d2	cfa8dcf0d81c408de38d4202fe1ce9d9e5e301d1e67439c9530da94b1e64ee3f	7484d7b0dd80f45e18d726b04752827fe28555cc5c1af0e127948380e6688abf
semantic-proposal-v1	SC1-395590e5b07a1e81b8b84346bd7e19066a753e6ef688d85008c4d5aaa0abceab	S016395	1	P01	SYMBOLS.tsv	406435	status	aarch64	include/uapi/linux/sunrpc_netlink.h	type	anonymous_enum@55	55	PENDING_REVIEW	COMPLETE	COMPLETE	vendor/linux/include/uapi/linux/sunrpc_netlink.h;vendor/linux/include/uapi/linux/sunrpc_netlink.h:55;rewrite/configs/aarch64/frozen.config;header_closure=rewrite/metadata/header_closure.tsv;selected=PENDING_REVIEW	425f94c2954b1fe80ebdbf9b29854e89750355df	3006683da77917461401080beb6ef3303785c5c2d06ade60c392e9c23eb2d22d	8141333cb95056c28702b89bc7e0ce13899ee7e8e61e9ab983b3348d259da6b3	0123af9e96b58af4e98b91a2de5608d36b63c67864b9041d3340587f3dbe40d2	cfa8dcf0d81c408de38d4202fe1ce9d9e5e301d1e67439c9530da94b1e64ee3f	7484d7b0dd80f45e18d726b04752827fe28555cc5c1af0e127948380e6688abf
semantic-proposal-v1	SC1-b0bb9126d0d36e27427a0a2ddfa2e0edbc8599ebbcbb05ec2653a85ffa8fc717	S016395	1	P01	SYMBOLS.tsv	406436	selection_expression	aarch64	include/uapi/linux/sunrpc_netlink.h	enum_constant	SUNRPC_A_UNIX_GID_REQS_REQUESTS	56	PENDING_REVIEW	COMPLETE	COMPLETE	vendor/linux/include/uapi/linux/sunrpc_netlink.h;vendor/linux/include/uapi/linux/sunrpc_netlink.h:56;rewrite/configs/aarch64/frozen.config;header_closure=rewrite/metadata/header_closure.tsv;selected=PENDING_REVIEW	425f94c2954b1fe80ebdbf9b29854e89750355df	3006683da77917461401080beb6ef3303785c5c2d06ade60c392e9c23eb2d22d	8141333cb95056c28702b89bc7e0ce13899ee7e8e61e9ab983b3348d259da6b3	0123af9e96b58af4e98b91a2de5608d36b63c67864b9041d3340587f3dbe40d2	cfa8dcf0d81c408de38d4202fe1ce9d9e5e301d1e67439c9530da94b1e64ee3f	7484d7b0dd80f45e18d726b04752827fe28555cc5c1af0e127948380e6688abf
semantic-proposal-v1	SC1-5bd8904b05b414f691cb814159ad05467ed8dbb1affb420ddbb2853a9114ab43	S016395	1	P01	SYMBOLS.tsv	406436	status	aarch64	include/uapi/linux/sunrpc_netlink.h	enum_constant	SUNRPC_A_UNIX_GID_REQS_REQUESTS	56	PENDING_REVIEW	COMPLETE	COMPLETE	vendor/linux/include/uapi/linux/sunrpc_netlink.h;vendor/linux/include/uapi/linux/sunrpc_netlink.h:56;rewrite/configs/aarch64/frozen.config;header_closure=rewrite/metadata/header_closure.tsv;selected=PENDING_REVIEW	425f94c2954b1fe80ebdbf9b29854e89750355df	3006683da77917461401080beb6ef3303785c5c2d06ade60c392e9c23eb2d22d	8141333cb95056c28702b89bc7e0ce13899ee7e8e61e9ab983b3348d259da6b3	0123af9e96b58af4e98b91a2de5608d36b63c67864b9041d3340587f3dbe40d2	cfa8dcf0d81c408de38d4202fe1ce9d9e5e301d1e67439c9530da94b1e64ee3f	7484d7b0dd80f45e18d726b04752827fe28555cc5c1af0e127948380e6688abf
semantic-proposal-v1	SC1-ddbbbc4f12566921b8291e1d794db120738baf85341df68be78a097c44be6b47	S016395	1	P01	SYMBOLS.tsv	406437	selection_expression	aarch64	include/uapi/linux/sunrpc_netlink.h	enum_constant	__SUNRPC_A_UNIX_GID_REQS_MAX	58	PENDING_REVIEW	COMPLETE	COMPLETE	vendor/linux/include/uapi/linux/sunrpc_netlink.h;vendor/linux/include/uapi/linux/sunrpc_netlink.h:58;rewrite/configs/aarch64/frozen.config;header_closure=rewrite/metadata/header_closure.tsv;selected=PENDING_REVIEW	425f94c2954b1fe80ebdbf9b29854e89750355df	3006683da77917461401080beb6ef3303785c5c2d06ade60c392e9c23eb2d22d	8141333cb95056c28702b89bc7e0ce13899ee7e8e61e9ab983b3348d259da6b3	0123af9e96b58af4e98b91a2de5608d36b63c67864b9041d3340587f3dbe40d2	cfa8dcf0d81c408de38d4202fe1ce9d9e5e301d1e67439c9530da94b1e64ee3f	7484d7b0dd80f45e18d726b04752827fe28555cc5c1af0e127948380e6688abf
semantic-proposal-v1	SC1-853efc4ee2500229b05795ecb66b62c9bcbc11efdeb70ac2ee77d03c2221ddcd	S016395	1	P01	SYMBOLS.tsv	406437	status	aarch64	include/uapi/linux/sunrpc_netlink.h	enum_constant	__SUNRPC_A_UNIX_GID_REQS_MAX	58	PENDING_REVIEW	COMPLETE	COMPLETE	vendor/linux/include/uapi/linux/sunrpc_netlink.h;vendor/linux/include/uapi/linux/sunrpc_netlink.h:58;rewrite/configs/aarch64/frozen.config;header_closure=rewrite/metadata/header_closure.tsv;selected=PENDING_REVIEW	425f94c2954b1fe80ebdbf9b29854e89750355df	3006683da77917461401080beb6ef3303785c5c2d06ade60c392e9c23eb2d22d	8141333cb95056c28702b89bc7e0ce13899ee7e8e61e9ab983b3348d259da6b3	0123af9e96b58af4e98b91a2de5608d36b63c67864b9041d3340587f3dbe40d2	cfa8dcf0d81c408de38d4202fe1ce9d9e5e301d1e67439c9530da94b1e64ee3f	7484d7b0dd80f45e18d726b04752827fe28555cc5c1af0e127948380e6688abf
semantic-proposal-v1	SC1-f551ab421341e9e2640660607ae7d6d986ddd76fec69946c01a07fbe1e3179aa	S016395	1	P01	SYMBOLS.tsv	406438	selection_expression	aarch64	include/uapi/linux/sunrpc_netlink.h	enum_constant	SUNRPC_A_UNIX_GID_REQS_MAX	59	PENDING_REVIEW	COMPLETE	COMPLETE	vendor/linux/include/uapi/linux/sunrpc_netlink.h;vendor/linux/include/uapi/linux/sunrpc_netlink.h:59;rewrite/configs/aarch64/frozen.config;header_closure=rewrite/metadata/header_closure.tsv;selected=PENDING_REVIEW	425f94c2954b1fe80ebdbf9b29854e89750355df	3006683da77917461401080beb6ef3303785c5c2d06ade60c392e9c23eb2d22d	8141333cb95056c28702b89bc7e0ce13899ee7e8e61e9ab983b3348d259da6b3	0123af9e96b58af4e98b91a2de5608d36b63c67864b9041d3340587f3dbe40d2	cfa8dcf0d81c408de38d4202fe1ce9d9e5e301d1e67439c9530da94b1e64ee3f	7484d7b0dd80f45e18d726b04752827fe28555cc5c1af0e127948380e6688abf
semantic-proposal-v1	SC1-b170f32efb97940dbc8007c400a746a46a5dddc887ecf8b5856378a59b7d2f9d	S016395	1	P01	SYMBOLS.tsv	406438	status	aarch64	include/uapi/linux/sunrpc_netlink.h	enum_constant	SUNRPC_A_UNIX_GID_REQS_MAX	59	PENDING_REVIEW	COMPLETE	COMPLETE	vendor/linux/include/uapi/linux/sunrpc_netlink.h;vendor/linux/include/uapi/linux/sunrpc_netlink.h:59;rewrite/configs/aarch64/frozen.config;header_closure=rewrite/metadata/header_closure.tsv;selected=PENDING_REVIEW	425f94c2954b1fe80ebdbf9b29854e89750355df	3006683da77917461401080beb6ef3303785c5c2d06ade60c392e9c23eb2d22d	8141333cb95056c28702b89bc7e0ce13899ee7e8e61e9ab983b3348d259da6b3	0123af9e96b58af4e98b91a2de5608d36b63c67864b9041d3340587f3dbe40d2	cfa8dcf0d81c408de38d4202fe1ce9d9e5e301d1e67439c9530da94b1e64ee3f	7484d7b0dd80f45e18d726b04752827fe28555cc5c1af0e127948380e6688abf
semantic-proposal-v1	SC1-cf12873eccffa649409e2fb03c4deca19e97e2dd7df10211b2166c3813635c8f	S016395	1	P01	SYMBOLS.tsv	406439	selection_expression	aarch64	include/uapi/linux/sunrpc_netlink.h	type	anonymous_enum@62	62	PENDING_REVIEW	COMPLETE	COMPLETE	vendor/linux/include/uapi/linux/sunrpc_netlink.h;vendor/linux/include/uapi/linux/sunrpc_netlink.h:62;rewrite/configs/aarch64/frozen.config;header_closure=rewrite/metadata/header_closure.tsv;selected=PENDING_REVIEW	425f94c2954b1fe80ebdbf9b29854e89750355df	3006683da77917461401080beb6ef3303785c5c2d06ade60c392e9c23eb2d22d	8141333cb95056c28702b89bc7e0ce13899ee7e8e61e9ab983b3348d259da6b3	0123af9e96b58af4e98b91a2de5608d36b63c67864b9041d3340587f3dbe40d2	cfa8dcf0d81c408de38d4202fe1ce9d9e5e301d1e67439c9530da94b1e64ee3f	7484d7b0dd80f45e18d726b04752827fe28555cc5c1af0e127948380e6688abf
semantic-proposal-v1	SC1-a78bc48e2c11b326bab98a6aea69f7e72bc71f377083b646d614539ab114ffad	S016395	1	P01	SYMBOLS.tsv	406439	status	aarch64	include/uapi/linux/sunrpc_netlink.h	type	anonymous_enum@62	62	PENDING_REVIEW	COMPLETE	COMPLETE	vendor/linux/include/uapi/linux/sunrpc_netlink.h;vendor/linux/include/uapi/linux/sunrpc_netlink.h:62;rewrite/configs/aarch64/frozen.config;header_closure=rewrite/metadata/header_closure.tsv;selected=PENDING_REVIEW	425f94c2954b1fe80ebdbf9b29854e89750355df	3006683da77917461401080beb6ef3303785c5c2d06ade60c392e9c23eb2d22d	8141333cb95056c28702b89bc7e0ce13899ee7e8e61e9ab983b3348d259da6b3	0123af9e96b58af4e98b91a2de5608d36b63c67864b9041d3340587f3dbe40d2	cfa8dcf0d81c408de38d4202fe1ce9d9e5e301d1e67439c9530da94b1e64ee3f	7484d7b0dd80f45e18d726b04752827fe28555cc5c1af0e127948380e6688abf
semantic-proposal-v1	SC1-368b929b620f5ef37b353a17bb35ad50d5468153de8f5dc76df8a4050193f241	S016395	1	P01	SYMBOLS.tsv	406440	selection_expression	aarch64	include/uapi/linux/sunrpc_netlink.h	enum_constant	SUNRPC_A_CACHE_FLUSH_MASK	63	PENDING_REVIEW	COMPLETE	COMPLETE	vendor/linux/include/uapi/linux/sunrpc_netlink.h;vendor/linux/include/uapi/linux/sunrpc_netlink.h:63;rewrite/configs/aarch64/frozen.config;header_closure=rewrite/metadata/header_closure.tsv;selected=PENDING_REVIEW	425f94c2954b1fe80ebdbf9b29854e89750355df	3006683da77917461401080beb6ef3303785c5c2d06ade60c392e9c23eb2d22d	8141333cb95056c28702b89bc7e0ce13899ee7e8e61e9ab983b3348d259da6b3	0123af9e96b58af4e98b91a2de5608d36b63c67864b9041d3340587f3dbe40d2	cfa8dcf0d81c408de38d4202fe1ce9d9e5e301d1e67439c9530da94b1e64ee3f	7484d7b0dd80f45e18d726b04752827fe28555cc5c1af0e127948380e6688abf
semantic-proposal-v1	SC1-52e646bf5bd9fd692234dcafb2e9e7d1cfff384fc5ffbd728929ce22ceb09a2f	S016395	1	P01	SYMBOLS.tsv	406440	status	aarch64	include/uapi/linux/sunrpc_netlink.h	enum_constant	SUNRPC_A_CACHE_FLUSH_MASK	63	PENDING_REVIEW	COMPLETE	COMPLETE	vendor/linux/include/uapi/linux/sunrpc_netlink.h;vendor/linux/include/uapi/linux/sunrpc_netlink.h:63;rewrite/configs/aarch64/frozen.config;header_closure=rewrite/metadata/header_closure.tsv;selected=PENDING_REVIEW	425f94c2954b1fe80ebdbf9b29854e89750355df	3006683da77917461401080beb6ef3303785c5c2d06ade60c392e9c23eb2d22d	8141333cb95056c28702b89bc7e0ce13899ee7e8e61e9ab983b3348d259da6b3	0123af9e96b58af4e98b91a2de5608d36b63c67864b9041d3340587f3dbe40d2	cfa8dcf0d81c408de38d4202fe1ce9d9e5e301d1e67439c9530da94b1e64ee3f	7484d7b0dd80f45e18d726b04752827fe28555cc5c1af0e127948380e6688abf
semantic-proposal-v1	SC1-b8ed0c6c02efd73073c317a630fefdfc3736bc6468571fd3615059371250541e	S016395	1	P01	SYMBOLS.tsv	406441	selection_expression	aarch64	include/uapi/linux/sunrpc_netlink.h	enum_constant	__SUNRPC_A_CACHE_FLUSH_MAX	65	PENDING_REVIEW	COMPLETE	COMPLETE	vendor/linux/include/uapi/linux/sunrpc_netlink.h;vendor/linux/include/uapi/linux/sunrpc_netlink.h:65;rewrite/configs/aarch64/frozen.config;header_closure=rewrite/metadata/header_closure.tsv;selected=PENDING_REVIEW	425f94c2954b1fe80ebdbf9b29854e89750355df	3006683da77917461401080beb6ef3303785c5c2d06ade60c392e9c23eb2d22d	8141333cb95056c28702b89bc7e0ce13899ee7e8e61e9ab983b3348d259da6b3	0123af9e96b58af4e98b91a2de5608d36b63c67864b9041d3340587f3dbe40d2	cfa8dcf0d81c408de38d4202fe1ce9d9e5e301d1e67439c9530da94b1e64ee3f	7484d7b0dd80f45e18d726b04752827fe28555cc5c1af0e127948380e6688abf
semantic-proposal-v1	SC1-1b9db97c9c5ee0b74c0df15f253fe086fef7713c58f4bf6df04f67b354aa51e6	S016395	1	P01	SYMBOLS.tsv	406441	status	aarch64	include/uapi/linux/sunrpc_netlink.h	enum_constant	__SUNRPC_A_CACHE_FLUSH_MAX	65	PENDING_REVIEW	COMPLETE	COMPLETE	vendor/linux/include/uapi/linux/sunrpc_netlink.h;vendor/linux/include/uapi/linux/sunrpc_netlink.h:65;rewrite/configs/aarch64/frozen.config;header_closure=rewrite/metadata/header_closure.tsv;selected=PENDING_REVIEW	425f94c2954b1fe80ebdbf9b29854e89750355df	3006683da77917461401080beb6ef3303785c5c2d06ade60c392e9c23eb2d22d	8141333cb95056c28702b89bc7e0ce13899ee7e8e61e9ab983b3348d259da6b3	0123af9e96b58af4e98b91a2de5608d36b63c67864b9041d3340587f3dbe40d2	cfa8dcf0d81c408de38d4202fe1ce9d9e5e301d1e67439c9530da94b1e64ee3f	7484d7b0dd80f45e18d726b04752827fe28555cc5c1af0e127948380e6688abf
semantic-proposal-v1	SC1-9c84e9fc359339a82b039c94c12d0e177983a7c3123782cabd9435bd8ea18dbf	S016395	1	P01	SYMBOLS.tsv	406442	selection_expression	aarch64	include/uapi/linux/sunrpc_netlink.h	enum_constant	SUNRPC_A_CACHE_FLUSH_MAX	66	PENDING_REVIEW	COMPLETE	COMPLETE	vendor/linux/include/uapi/linux/sunrpc_netlink.h;vendor/linux/include/uapi/linux/sunrpc_netlink.h:66;rewrite/configs/aarch64/frozen.config;header_closure=rewrite/metadata/header_closure.tsv;selected=PENDING_REVIEW	425f94c2954b1fe80ebdbf9b29854e89750355df	3006683da77917461401080beb6ef3303785c5c2d06ade60c392e9c23eb2d22d	8141333cb95056c28702b89bc7e0ce13899ee7e8e61e9ab983b3348d259da6b3	0123af9e96b58af4e98b91a2de5608d36b63c67864b9041d3340587f3dbe40d2	cfa8dcf0d81c408de38d4202fe1ce9d9e5e301d1e67439c9530da94b1e64ee3f	7484d7b0dd80f45e18d726b04752827fe28555cc5c1af0e127948380e6688abf
semantic-proposal-v1	SC1-d8d4778e21dc66f33906d83dcf00c0eb5614b4e53c902204ffb2fc98e85ddca6	S016395	1	P01	SYMBOLS.tsv	406442	status	aarch64	include/uapi/linux/sunrpc_netlink.h	enum_constant	SUNRPC_A_CACHE_FLUSH_MAX	66	PENDING_REVIEW	COMPLETE	COMPLETE	vendor/linux/include/uapi/linux/sunrpc_netlink.h;vendor/linux/include/uapi/linux/sunrpc_netlink.h:66;rewrite/configs/aarch64/frozen.config;header_closure=rewrite/metadata/header_closure.tsv;selected=PENDING_REVIEW	425f94c2954b1fe80ebdbf9b29854e89750355df	3006683da77917461401080beb6ef3303785c5c2d06ade60c392e9c23eb2d22d	8141333cb95056c28702b89bc7e0ce13899ee7e8e61e9ab983b3348d259da6b3	0123af9e96b58af4e98b91a2de5608d36b63c67864b9041d3340587f3dbe40d2	cfa8dcf0d81c408de38d4202fe1ce9d9e5e301d1e67439c9530da94b1e64ee3f	7484d7b0dd80f45e18d726b04752827fe28555cc5c1af0e127948380e6688abf
semantic-proposal-v1	SC1-bd277d1b432dd1274d494a9a9f09435af6aab8f6fd10de3fde8685172a368919	S016395	1	P01	SYMBOLS.tsv	406443	selection_expression	aarch64	include/uapi/linux/sunrpc_netlink.h	type	anonymous_enum@69	69	PENDING_REVIEW	COMPLETE	COMPLETE	vendor/linux/include/uapi/linux/sunrpc_netlink.h;vendor/linux/include/uapi/linux/sunrpc_netlink.h:69;rewrite/configs/aarch64/frozen.config;header_closure=rewrite/metadata/header_closure.tsv;selected=PENDING_REVIEW	425f94c2954b1fe80ebdbf9b29854e89750355df	3006683da77917461401080beb6ef3303785c5c2d06ade60c392e9c23eb2d22d	8141333cb95056c28702b89bc7e0ce13899ee7e8e61e9ab983b3348d259da6b3	0123af9e96b58af4e98b91a2de5608d36b63c67864b9041d3340587f3dbe40d2	cfa8dcf0d81c408de38d4202fe1ce9d9e5e301d1e67439c9530da94b1e64ee3f	7484d7b0dd80f45e18d726b04752827fe28555cc5c1af0e127948380e6688abf
semantic-proposal-v1	SC1-361318b949b31ae295510378f751072f70659e8ae0d7c95c6bc6ccc889ab942a	S016395	1	P01	SYMBOLS.tsv	406443	status	aarch64	include/uapi/linux/sunrpc_netlink.h	type	anonymous_enum@69	69	PENDING_REVIEW	COMPLETE	COMPLETE	vendor/linux/include/uapi/linux/sunrpc_netlink.h;vendor/linux/include/uapi/linux/sunrpc_netlink.h:69;rewrite/configs/aarch64/frozen.config;header_closure=rewrite/metadata/header_closure.tsv;selected=PENDING_REVIEW	425f94c2954b1fe80ebdbf9b29854e89750355df	3006683da77917461401080beb6ef3303785c5c2d06ade60c392e9c23eb2d22d	8141333cb95056c28702b89bc7e0ce13899ee7e8e61e9ab983b3348d259da6b3	0123af9e96b58af4e98b91a2de5608d36b63c67864b9041d3340587f3dbe40d2	cfa8dcf0d81c408de38d4202fe1ce9d9e5e301d1e67439c9530da94b1e64ee3f	7484d7b0dd80f45e18d726b04752827fe28555cc5c1af0e127948380e6688abf
semantic-proposal-v1	SC1-11694db47691835280d889fa8e996feae2597fd7248e2b24fc0fccb68ad26b18	S016395	1	P01	SYMBOLS.tsv	406444	selection_expression	aarch64	include/uapi/linux/sunrpc_netlink.h	enum_constant	SUNRPC_CMD_CACHE_NOTIFY	70	PENDING_REVIEW	COMPLETE	COMPLETE	vendor/linux/include/uapi/linux/sunrpc_netlink.h;vendor/linux/include/uapi/linux/sunrpc_netlink.h:70;rewrite/configs/aarch64/frozen.config;header_closure=rewrite/metadata/header_closure.tsv;selected=PENDING_REVIEW	425f94c2954b1fe80ebdbf9b29854e89750355df	3006683da77917461401080beb6ef3303785c5c2d06ade60c392e9c23eb2d22d	8141333cb95056c28702b89bc7e0ce13899ee7e8e61e9ab983b3348d259da6b3	0123af9e96b58af4e98b91a2de5608d36b63c67864b9041d3340587f3dbe40d2	cfa8dcf0d81c408de38d4202fe1ce9d9e5e301d1e67439c9530da94b1e64ee3f	7484d7b0dd80f45e18d726b04752827fe28555cc5c1af0e127948380e6688abf
semantic-proposal-v1	SC1-8e4c95020d0126392cf951e53f0d8981f48c8ac92b1f515c96cf07c6d88bc79f	S016395	1	P01	SYMBOLS.tsv	406444	status	aarch64	include/uapi/linux/sunrpc_netlink.h	enum_constant	SUNRPC_CMD_CACHE_NOTIFY	70	PENDING_REVIEW	COMPLETE	COMPLETE	vendor/linux/include/uapi/linux/sunrpc_netlink.h;vendor/linux/include/uapi/linux/sunrpc_netlink.h:70;rewrite/configs/aarch64/frozen.config;header_closure=rewrite/metadata/header_closure.tsv;selected=PENDING_REVIEW	425f94c2954b1fe80ebdbf9b29854e89750355df	3006683da77917461401080beb6ef3303785c5c2d06ade60c392e9c23eb2d22d	8141333cb95056c28702b89bc7e0ce13899ee7e8e61e9ab983b3348d259da6b3	0123af9e96b58af4e98b91a2de5608d36b63c67864b9041d3340587f3dbe40d2	cfa8dcf0d81c408de38d4202fe1ce9d9e5e301d1e67439c9530da94b1e64ee3f	7484d7b0dd80f45e18d726b04752827fe28555cc5c1af0e127948380e6688abf
semantic-proposal-v1	SC1-7076261a9bee7abf7268a2a3c0dc2b8200bac501dc4dfe8f4ac9bae7b6c4ef44	S016395	1	P01	SYMBOLS.tsv	406445	selection_expression	aarch64	include/uapi/linux/sunrpc_netlink.h	enum_constant	SUNRPC_CMD_IP_MAP_GET_REQS	71	PENDING_REVIEW	COMPLETE	COMPLETE	vendor/linux/include/uapi/linux/sunrpc_netlink.h;vendor/linux/include/uapi/linux/sunrpc_netlink.h:71;rewrite/configs/aarch64/frozen.config;header_closure=rewrite/metadata/header_closure.tsv;selected=PENDING_REVIEW	425f94c2954b1fe80ebdbf9b29854e89750355df	3006683da77917461401080beb6ef3303785c5c2d06ade60c392e9c23eb2d22d	8141333cb95056c28702b89bc7e0ce13899ee7e8e61e9ab983b3348d259da6b3	0123af9e96b58af4e98b91a2de5608d36b63c67864b9041d3340587f3dbe40d2	cfa8dcf0d81c408de38d4202fe1ce9d9e5e301d1e67439c9530da94b1e64ee3f	7484d7b0dd80f45e18d726b04752827fe28555cc5c1af0e127948380e6688abf
semantic-proposal-v1	SC1-43ab5349a1e102e80643a62b423e3fc4346078726f4b4df1b7a4a9f4f45fe793	S016395	1	P01	SYMBOLS.tsv	406445	status	aarch64	include/uapi/linux/sunrpc_netlink.h	enum_constant	SUNRPC_CMD_IP_MAP_GET_REQS	71	PENDING_REVIEW	COMPLETE	COMPLETE	vendor/linux/include/uapi/linux/sunrpc_netlink.h;vendor/linux/include/uapi/linux/sunrpc_netlink.h:71;rewrite/configs/aarch64/frozen.config;header_closure=rewrite/metadata/header_closure.tsv;selected=PENDING_REVIEW	425f94c2954b1fe80ebdbf9b29854e89750355df	3006683da77917461401080beb6ef3303785c5c2d06ade60c392e9c23eb2d22d	8141333cb95056c28702b89bc7e0ce13899ee7e8e61e9ab983b3348d259da6b3	0123af9e96b58af4e98b91a2de5608d36b63c67864b9041d3340587f3dbe40d2	cfa8dcf0d81c408de38d4202fe1ce9d9e5e301d1e67439c9530da94b1e64ee3f	7484d7b0dd80f45e18d726b04752827fe28555cc5c1af0e127948380e6688abf
semantic-proposal-v1	SC1-586747195adc8522b539754a44caf8b49973d123431a7b04fb7112a15cd14df1	S016395	1	P01	SYMBOLS.tsv	406446	selection_expression	aarch64	include/uapi/linux/sunrpc_netlink.h	enum_constant	SUNRPC_CMD_IP_MAP_SET_REQS	72	PENDING_REVIEW	COMPLETE	COMPLETE	vendor/linux/include/uapi/linux/sunrpc_netlink.h;vendor/linux/include/uapi/linux/sunrpc_netlink.h:72;rewrite/configs/aarch64/frozen.config;header_closure=rewrite/metadata/header_closure.tsv;selected=PENDING_REVIEW	425f94c2954b1fe80ebdbf9b29854e89750355df	3006683da77917461401080beb6ef3303785c5c2d06ade60c392e9c23eb2d22d	8141333cb95056c28702b89bc7e0ce13899ee7e8e61e9ab983b3348d259da6b3	0123af9e96b58af4e98b91a2de5608d36b63c67864b9041d3340587f3dbe40d2	cfa8dcf0d81c408de38d4202fe1ce9d9e5e301d1e67439c9530da94b1e64ee3f	7484d7b0dd80f45e18d726b04752827fe28555cc5c1af0e127948380e6688abf
semantic-proposal-v1	SC1-034401062efff65ff84b3c4d5041a71976216f127c9dd708bd859e6fe91b2fd3	S016395	1	P01	SYMBOLS.tsv	406446	status	aarch64	include/uapi/linux/sunrpc_netlink.h	enum_constant	SUNRPC_CMD_IP_MAP_SET_REQS	72	PENDING_REVIEW	COMPLETE	COMPLETE	vendor/linux/include/uapi/linux/sunrpc_netlink.h;vendor/linux/include/uapi/linux/sunrpc_netlink.h:72;rewrite/configs/aarch64/frozen.config;header_closure=rewrite/metadata/header_closure.tsv;selected=PENDING_REVIEW	425f94c2954b1fe80ebdbf9b29854e89750355df	3006683da77917461401080beb6ef3303785c5c2d06ade60c392e9c23eb2d22d	8141333cb95056c28702b89bc7e0ce13899ee7e8e61e9ab983b3348d259da6b3	0123af9e96b58af4e98b91a2de5608d36b63c67864b9041d3340587f3dbe40d2	cfa8dcf0d81c408de38d4202fe1ce9d9e5e301d1e67439c9530da94b1e64ee3f	7484d7b0dd80f45e18d726b04752827fe28555cc5c1af0e127948380e6688abf
semantic-proposal-v1	SC1-19aaac9a7ac628ef6ef1359c9643345e6e2903f4cd6c138d61648e0b7f754285	S016395	1	P01	SYMBOLS.tsv	406447	selection_expression	aarch64	include/uapi/linux/sunrpc_netlink.h	enum_constant	SUNRPC_CMD_UNIX_GID_GET_REQS	73	PENDING_REVIEW	COMPLETE	COMPLETE	vendor/linux/include/uapi/linux/sunrpc_netlink.h;vendor/linux/include/uapi/linux/sunrpc_netlink.h:73;rewrite/configs/aarch64/frozen.config;header_closure=rewrite/metadata/header_closure.tsv;selected=PENDING_REVIEW	425f94c2954b1fe80ebdbf9b29854e89750355df	3006683da77917461401080beb6ef3303785c5c2d06ade60c392e9c23eb2d22d	8141333cb95056c28702b89bc7e0ce13899ee7e8e61e9ab983b3348d259da6b3	0123af9e96b58af4e98b91a2de5608d36b63c67864b9041d3340587f3dbe40d2	cfa8dcf0d81c408de38d4202fe1ce9d9e5e301d1e67439c9530da94b1e64ee3f	7484d7b0dd80f45e18d726b04752827fe28555cc5c1af0e127948380e6688abf
semantic-proposal-v1	SC1-8b06cd6c143be9c19096b7c391138897cb83459ddb04cd10da82f125e0f5b8d7	S016395	1	P01	SYMBOLS.tsv	406447	status	aarch64	include/uapi/linux/sunrpc_netlink.h	enum_constant	SUNRPC_CMD_UNIX_GID_GET_REQS	73	PENDING_REVIEW	COMPLETE	COMPLETE	vendor/linux/include/uapi/linux/sunrpc_netlink.h;vendor/linux/include/uapi/linux/sunrpc_netlink.h:73;rewrite/configs/aarch64/frozen.config;header_closure=rewrite/metadata/header_closure.tsv;selected=PENDING_REVIEW	425f94c2954b1fe80ebdbf9b29854e89750355df	3006683da77917461401080beb6ef3303785c5c2d06ade60c392e9c23eb2d22d	8141333cb95056c28702b89bc7e0ce13899ee7e8e61e9ab983b3348d259da6b3	0123af9e96b58af4e98b91a2de5608d36b63c67864b9041d3340587f3dbe40d2	cfa8dcf0d81c408de38d4202fe1ce9d9e5e301d1e67439c9530da94b1e64ee3f	7484d7b0dd80f45e18d726b04752827fe28555cc5c1af0e127948380e6688abf
semantic-proposal-v1	SC1-71c53f6f5fba9ffc1c37f63fc31feb90165c2f7cf22a8e49652f5b652f51352b	S016395	1	P01	SYMBOLS.tsv	406448	selection_expression	aarch64	include/uapi/linux/sunrpc_netlink.h	enum_constant	SUNRPC_CMD_UNIX_GID_SET_REQS	74	PENDING_REVIEW	COMPLETE	COMPLETE	vendor/linux/include/uapi/linux/sunrpc_netlink.h;vendor/linux/include/uapi/linux/sunrpc_netlink.h:74;rewrite/configs/aarch64/frozen.config;header_closure=rewrite/metadata/header_closure.tsv;selected=PENDING_REVIEW	425f94c2954b1fe80ebdbf9b29854e89750355df	3006683da77917461401080beb6ef3303785c5c2d06ade60c392e9c23eb2d22d	8141333cb95056c28702b89bc7e0ce13899ee7e8e61e9ab983b3348d259da6b3	0123af9e96b58af4e98b91a2de5608d36b63c67864b9041d3340587f3dbe40d2	cfa8dcf0d81c408de38d4202fe1ce9d9e5e301d1e67439c9530da94b1e64ee3f	7484d7b0dd80f45e18d726b04752827fe28555cc5c1af0e127948380e6688abf
semantic-proposal-v1	SC1-54fbd632d6f7652b3cf62bb439bdcfc3e6e45b4b8dbdf8568381afb0cc0fc9c2	S016395	1	P01	SYMBOLS.tsv	406448	status	aarch64	include/uapi/linux/sunrpc_netlink.h	enum_constant	SUNRPC_CMD_UNIX_GID_SET_REQS	74	PENDING_REVIEW	COMPLETE	COMPLETE	vendor/linux/include/uapi/linux/sunrpc_netlink.h;vendor/linux/include/uapi/linux/sunrpc_netlink.h:74;rewrite/configs/aarch64/frozen.config;header_closure=rewrite/metadata/header_closure.tsv;selected=PENDING_REVIEW	425f94c2954b1fe80ebdbf9b29854e89750355df	3006683da77917461401080beb6ef3303785c5c2d06ade60c392e9c23eb2d22d	8141333cb95056c28702b89bc7e0ce13899ee7e8e61e9ab983b3348d259da6b3	0123af9e96b58af4e98b91a2de5608d36b63c67864b9041d3340587f3dbe40d2	cfa8dcf0d81c408de38d4202fe1ce9d9e5e301d1e67439c9530da94b1e64ee3f	7484d7b0dd80f45e18d726b04752827fe28555cc5c1af0e127948380e6688abf
semantic-proposal-v1	SC1-c5804f1c5b0afad0f1711f475af4d55fa463e9631dab416e22c19da6bfc99f06	S016395	1	P01	SYMBOLS.tsv	406449	selection_expression	aarch64	include/uapi/linux/sunrpc_netlink.h	enum_constant	SUNRPC_CMD_CACHE_FLUSH	75	PENDING_REVIEW	COMPLETE	COMPLETE	vendor/linux/include/uapi/linux/sunrpc_netlink.h;vendor/linux/include/uapi/linux/sunrpc_netlink.h:75;rewrite/configs/aarch64/frozen.config;header_closure=rewrite/metadata/header_closure.tsv;selected=PENDING_REVIEW	425f94c2954b1fe80ebdbf9b29854e89750355df	3006683da77917461401080beb6ef3303785c5c2d06ade60c392e9c23eb2d22d	8141333cb95056c28702b89bc7e0ce13899ee7e8e61e9ab983b3348d259da6b3	0123af9e96b58af4e98b91a2de5608d36b63c67864b9041d3340587f3dbe40d2	cfa8dcf0d81c408de38d4202fe1ce9d9e5e301d1e67439c9530da94b1e64ee3f	7484d7b0dd80f45e18d726b04752827fe28555cc5c1af0e127948380e6688abf
semantic-proposal-v1	SC1-258247aa11b0cea85071143a309b58d838e7f83a14a1338ab5fc4c124ad0a254	S016395	1	P01	SYMBOLS.tsv	406449	status	aarch64	include/uapi/linux/sunrpc_netlink.h	enum_constant	SUNRPC_CMD_CACHE_FLUSH	75	PENDING_REVIEW	COMPLETE	COMPLETE	vendor/linux/include/uapi/linux/sunrpc_netlink.h;vendor/linux/include/uapi/linux/sunrpc_netlink.h:75;rewrite/configs/aarch64/frozen.config;header_closure=rewrite/metadata/header_closure.tsv;selected=PENDING_REVIEW	425f94c2954b1fe80ebdbf9b29854e89750355df	3006683da77917461401080beb6ef3303785c5c2d06ade60c392e9c23eb2d22d	8141333cb95056c28702b89bc7e0ce13899ee7e8e61e9ab983b3348d259da6b3	0123af9e96b58af4e98b91a2de5608d36b63c67864b9041d3340587f3dbe40d2	cfa8dcf0d81c408de38d4202fe1ce9d9e5e301d1e67439c9530da94b1e64ee3f	7484d7b0dd80f45e18d726b04752827fe28555cc5c1af0e127948380e6688abf
semantic-proposal-v1	SC1-2e7a8e909ded186cd6e7560636e6664ddd8e8da3136d8a1fae4b30addaf1540f	S016395	1	P01	SYMBOLS.tsv	406450	selection_expression	aarch64	include/uapi/linux/sunrpc_netlink.h	enum_constant	__SUNRPC_CMD_MAX	77	PENDING_REVIEW	COMPLETE	COMPLETE	vendor/linux/include/uapi/linux/sunrpc_netlink.h;vendor/linux/include/uapi/linux/sunrpc_netlink.h:77;rewrite/configs/aarch64/frozen.config;header_closure=rewrite/metadata/header_closure.tsv;selected=PENDING_REVIEW	425f94c2954b1fe80ebdbf9b29854e89750355df	3006683da77917461401080beb6ef3303785c5c2d06ade60c392e9c23eb2d22d	8141333cb95056c28702b89bc7e0ce13899ee7e8e61e9ab983b3348d259da6b3	0123af9e96b58af4e98b91a2de5608d36b63c67864b9041d3340587f3dbe40d2	cfa8dcf0d81c408de38d4202fe1ce9d9e5e301d1e67439c9530da94b1e64ee3f	7484d7b0dd80f45e18d726b04752827fe28555cc5c1af0e127948380e6688abf
semantic-proposal-v1	SC1-da5285096caeba68b37212969f6a4ac09efe71147b159844bc7a7f3b60a22e69	S016395	1	P01	SYMBOLS.tsv	406450	status	aarch64	include/uapi/linux/sunrpc_netlink.h	enum_constant	__SUNRPC_CMD_MAX	77	PENDING_REVIEW	COMPLETE	COMPLETE	vendor/linux/include/uapi/linux/sunrpc_netlink.h;vendor/linux/include/uapi/linux/sunrpc_netlink.h:77;rewrite/configs/aarch64/frozen.config;header_closure=rewrite/metadata/header_closure.tsv;selected=PENDING_REVIEW	425f94c2954b1fe80ebdbf9b29854e89750355df	3006683da77917461401080beb6ef3303785c5c2d06ade60c392e9c23eb2d22d	8141333cb95056c28702b89bc7e0ce13899ee7e8e61e9ab983b3348d259da6b3	0123af9e96b58af4e98b91a2de5608d36b63c67864b9041d3340587f3dbe40d2	cfa8dcf0d81c408de38d4202fe1ce9d9e5e301d1e67439c9530da94b1e64ee3f	7484d7b0dd80f45e18d726b04752827fe28555cc5c1af0e127948380e6688abf
semantic-proposal-v1	SC1-71f70fb23cad79ac24093878320a5cf5826154f9682edc13927ae1667820c505	S016395	1	P01	SYMBOLS.tsv	406451	selection_expression	aarch64	include/uapi/linux/sunrpc_netlink.h	enum_constant	SUNRPC_CMD_MAX	78	PENDING_REVIEW	COMPLETE	COMPLETE	vendor/linux/include/uapi/linux/sunrpc_netlink.h;vendor/linux/include/uapi/linux/sunrpc_netlink.h:78;rewrite/configs/aarch64/frozen.config;header_closure=rewrite/metadata/header_closure.tsv;selected=PENDING_REVIEW	425f94c2954b1fe80ebdbf9b29854e89750355df	3006683da77917461401080beb6ef3303785c5c2d06ade60c392e9c23eb2d22d	8141333cb95056c28702b89bc7e0ce13899ee7e8e61e9ab983b3348d259da6b3	0123af9e96b58af4e98b91a2de5608d36b63c67864b9041d3340587f3dbe40d2	cfa8dcf0d81c408de38d4202fe1ce9d9e5e301d1e67439c9530da94b1e64ee3f	7484d7b0dd80f45e18d726b04752827fe28555cc5c1af0e127948380e6688abf
semantic-proposal-v1	SC1-8a272bd67b7894ca286f151f579afdc45b51e0de66f3f07c98070f74afbb03a9	S016395	1	P01	SYMBOLS.tsv	406451	status	aarch64	include/uapi/linux/sunrpc_netlink.h	enum_constant	SUNRPC_CMD_MAX	78	PENDING_REVIEW	COMPLETE	COMPLETE	vendor/linux/include/uapi/linux/sunrpc_netlink.h;vendor/linux/include/uapi/linux/sunrpc_netlink.h:78;rewrite/configs/aarch64/frozen.config;header_closure=rewrite/metadata/header_closure.tsv;selected=PENDING_REVIEW	425f94c2954b1fe80ebdbf9b29854e89750355df	3006683da77917461401080beb6ef3303785c5c2d06ade60c392e9c23eb2d22d	8141333cb95056c28702b89bc7e0ce13899ee7e8e61e9ab983b3348d259da6b3	0123af9e96b58af4e98b91a2de5608d36b63c67864b9041d3340587f3dbe40d2	cfa8dcf0d81c408de38d4202fe1ce9d9e5e301d1e67439c9530da94b1e64ee3f	7484d7b0dd80f45e18d726b04752827fe28555cc5c1af0e127948380e6688abf
semantic-proposal-v1	SC1-07d2b96328b029deb9ad4b60ce9cdbfb749aefef0c451db2f2176ef51a569818	S016395	1	P01	SYMBOLS.tsv	406452	status	x86_64	include/uapi/linux/sunrpc_netlink.h	conditional	ifndef@7	7	PENDING_REVIEW	COMPLETE	COMPLETE	vendor/linux/include/uapi/linux/sunrpc_netlink.h;vendor/linux/include/uapi/linux/sunrpc_netlink.h:7;rewrite/configs/x86_64/frozen.config;header_closure=rewrite/metadata/header_closure.tsv;selected=PENDING_REVIEW	425f94c2954b1fe80ebdbf9b29854e89750355df	3006683da77917461401080beb6ef3303785c5c2d06ade60c392e9c23eb2d22d	8141333cb95056c28702b89bc7e0ce13899ee7e8e61e9ab983b3348d259da6b3	0123af9e96b58af4e98b91a2de5608d36b63c67864b9041d3340587f3dbe40d2	cfa8dcf0d81c408de38d4202fe1ce9d9e5e301d1e67439c9530da94b1e64ee3f	7484d7b0dd80f45e18d726b04752827fe28555cc5c1af0e127948380e6688abf
semantic-proposal-v1	SC1-24c1b6c38a2912205c529db9569bfef82edd89ba3b46e93fc6c252c12e738933	S016395	1	P01	SYMBOLS.tsv	406453	status	x86_64	include/uapi/linux/sunrpc_netlink.h	conditional	endif@84	84	PENDING_REVIEW	COMPLETE	COMPLETE	vendor/linux/include/uapi/linux/sunrpc_netlink.h;vendor/linux/include/uapi/linux/sunrpc_netlink.h:84;rewrite/configs/x86_64/frozen.config;header_closure=rewrite/metadata/header_closure.tsv;selected=PENDING_REVIEW	425f94c2954b1fe80ebdbf9b29854e89750355df	3006683da77917461401080beb6ef3303785c5c2d06ade60c392e9c23eb2d22d	8141333cb95056c28702b89bc7e0ce13899ee7e8e61e9ab983b3348d259da6b3	0123af9e96b58af4e98b91a2de5608d36b63c67864b9041d3340587f3dbe40d2	cfa8dcf0d81c408de38d4202fe1ce9d9e5e301d1e67439c9530da94b1e64ee3f	7484d7b0dd80f45e18d726b04752827fe28555cc5c1af0e127948380e6688abf
semantic-proposal-v1	SC1-042a230c82b99c1bed62e9fc40cd39257e5872007bfc166d18038fa1acef21a0	S016395	1	P01	SYMBOLS.tsv	406454	selection_expression	x86_64	include/uapi/linux/sunrpc_netlink.h	operative_macro	_UAPI_LINUX_SUNRPC_NETLINK_H	8	PENDING_REVIEW	COMPLETE	COMPLETE	vendor/linux/include/uapi/linux/sunrpc_netlink.h;vendor/linux/include/uapi/linux/sunrpc_netlink.h:8;rewrite/configs/x86_64/frozen.config;header_closure=rewrite/metadata/header_closure.tsv;selected=PENDING_REVIEW	425f94c2954b1fe80ebdbf9b29854e89750355df	3006683da77917461401080beb6ef3303785c5c2d06ade60c392e9c23eb2d22d	8141333cb95056c28702b89bc7e0ce13899ee7e8e61e9ab983b3348d259da6b3	0123af9e96b58af4e98b91a2de5608d36b63c67864b9041d3340587f3dbe40d2	cfa8dcf0d81c408de38d4202fe1ce9d9e5e301d1e67439c9530da94b1e64ee3f	7484d7b0dd80f45e18d726b04752827fe28555cc5c1af0e127948380e6688abf
semantic-proposal-v1	SC1-235ca1d13b3484407db496b4d2d6f1f18b4e39cac56e0f1cfe2c9be073b21f9d	S016395	1	P01	SYMBOLS.tsv	406454	status	x86_64	include/uapi/linux/sunrpc_netlink.h	operative_macro	_UAPI_LINUX_SUNRPC_NETLINK_H	8	PENDING_REVIEW	COMPLETE	COMPLETE	vendor/linux/include/uapi/linux/sunrpc_netlink.h;vendor/linux/include/uapi/linux/sunrpc_netlink.h:8;rewrite/configs/x86_64/frozen.config;header_closure=rewrite/metadata/header_closure.tsv;selected=PENDING_REVIEW	425f94c2954b1fe80ebdbf9b29854e89750355df	3006683da77917461401080beb6ef3303785c5c2d06ade60c392e9c23eb2d22d	8141333cb95056c28702b89bc7e0ce13899ee7e8e61e9ab983b3348d259da6b3	0123af9e96b58af4e98b91a2de5608d36b63c67864b9041d3340587f3dbe40d2	cfa8dcf0d81c408de38d4202fe1ce9d9e5e301d1e67439c9530da94b1e64ee3f	7484d7b0dd80f45e18d726b04752827fe28555cc5c1af0e127948380e6688abf
semantic-proposal-v1	SC1-7e4968f643283cf5cf734f26ed6482cd6acea645cb700beb4240dc78525161ec	S016395	1	P01	SYMBOLS.tsv	406455	selection_expression	x86_64	include/uapi/linux/sunrpc_netlink.h	operative_macro	SUNRPC_FAMILY_NAME	10	PENDING_REVIEW	COMPLETE	COMPLETE	vendor/linux/include/uapi/linux/sunrpc_netlink.h;vendor/linux/include/uapi/linux/sunrpc_netlink.h:10;rewrite/configs/x86_64/frozen.config;header_closure=rewrite/metadata/header_closure.tsv;selected=PENDING_REVIEW	425f94c2954b1fe80ebdbf9b29854e89750355df	3006683da77917461401080beb6ef3303785c5c2d06ade60c392e9c23eb2d22d	8141333cb95056c28702b89bc7e0ce13899ee7e8e61e9ab983b3348d259da6b3	0123af9e96b58af4e98b91a2de5608d36b63c67864b9041d3340587f3dbe40d2	cfa8dcf0d81c408de38d4202fe1ce9d9e5e301d1e67439c9530da94b1e64ee3f	7484d7b0dd80f45e18d726b04752827fe28555cc5c1af0e127948380e6688abf
semantic-proposal-v1	SC1-2283af99398c30b02b7af997b5e4005d1c4a672909c377cff129734c27f3df93	S016395	1	P01	SYMBOLS.tsv	406455	status	x86_64	include/uapi/linux/sunrpc_netlink.h	operative_macro	SUNRPC_FAMILY_NAME	10	PENDING_REVIEW	COMPLETE	COMPLETE	vendor/linux/include/uapi/linux/sunrpc_netlink.h;vendor/linux/include/uapi/linux/sunrpc_netlink.h:10;rewrite/configs/x86_64/frozen.config;header_closure=rewrite/metadata/header_closure.tsv;selected=PENDING_REVIEW	425f94c2954b1fe80ebdbf9b29854e89750355df	3006683da77917461401080beb6ef3303785c5c2d06ade60c392e9c23eb2d22d	8141333cb95056c28702b89bc7e0ce13899ee7e8e61e9ab983b3348d259da6b3	0123af9e96b58af4e98b91a2de5608d36b63c67864b9041d3340587f3dbe40d2	cfa8dcf0d81c408de38d4202fe1ce9d9e5e301d1e67439c9530da94b1e64ee3f	7484d7b0dd80f45e18d726b04752827fe28555cc5c1af0e127948380e6688abf
semantic-proposal-v1	SC1-7a9cf2f223157d45cdd85cb57e320bab24f0566aae0b99b0ef0af05b9a2d11f1	S016395	1	P01	SYMBOLS.tsv	406456	selection_expression	x86_64	include/uapi/linux/sunrpc_netlink.h	operative_macro	SUNRPC_FAMILY_VERSION	11	PENDING_REVIEW	COMPLETE	COMPLETE	vendor/linux/include/uapi/linux/sunrpc_netlink.h;vendor/linux/include/uapi/linux/sunrpc_netlink.h:11;rewrite/configs/x86_64/frozen.config;header_closure=rewrite/metadata/header_closure.tsv;selected=PENDING_REVIEW	425f94c2954b1fe80ebdbf9b29854e89750355df	3006683da77917461401080beb6ef3303785c5c2d06ade60c392e9c23eb2d22d	8141333cb95056c28702b89bc7e0ce13899ee7e8e61e9ab983b3348d259da6b3	0123af9e96b58af4e98b91a2de5608d36b63c67864b9041d3340587f3dbe40d2	cfa8dcf0d81c408de38d4202fe1ce9d9e5e301d1e67439c9530da94b1e64ee3f	7484d7b0dd80f45e18d726b04752827fe28555cc5c1af0e127948380e6688abf
semantic-proposal-v1	SC1-3993c1c35137b265406e6ab4e40e6ab92b7fa4cb689b0f30f9d49299ca529a20	S016395	1	P01	SYMBOLS.tsv	406456	status	x86_64	include/uapi/linux/sunrpc_netlink.h	operative_macro	SUNRPC_FAMILY_VERSION	11	PENDING_REVIEW	COMPLETE	COMPLETE	vendor/linux/include/uapi/linux/sunrpc_netlink.h;vendor/linux/include/uapi/linux/sunrpc_netlink.h:11;rewrite/configs/x86_64/frozen.config;header_closure=rewrite/metadata/header_closure.tsv;selected=PENDING_REVIEW	425f94c2954b1fe80ebdbf9b29854e89750355df	3006683da77917461401080beb6ef3303785c5c2d06ade60c392e9c23eb2d22d	8141333cb95056c28702b89bc7e0ce13899ee7e8e61e9ab983b3348d259da6b3	0123af9e96b58af4e98b91a2de5608d36b63c67864b9041d3340587f3dbe40d2	cfa8dcf0d81c408de38d4202fe1ce9d9e5e301d1e67439c9530da94b1e64ee3f	7484d7b0dd80f45e18d726b04752827fe28555cc5c1af0e127948380e6688abf
semantic-proposal-v1	SC1-df2ff3b39adf324f52b985997639c9423ebfe083c44b74bc4052d4765303d6b1	S016395	1	P01	SYMBOLS.tsv	406457	selection_expression	x86_64	include/uapi/linux/sunrpc_netlink.h	operative_macro	SUNRPC_MCGRP_NONE	81	PENDING_REVIEW	COMPLETE	COMPLETE	vendor/linux/include/uapi/linux/sunrpc_netlink.h;vendor/linux/include/uapi/linux/sunrpc_netlink.h:81;rewrite/configs/x86_64/frozen.config;header_closure=rewrite/metadata/header_closure.tsv;selected=PENDING_REVIEW	425f94c2954b1fe80ebdbf9b29854e89750355df	3006683da77917461401080beb6ef3303785c5c2d06ade60c392e9c23eb2d22d	8141333cb95056c28702b89bc7e0ce13899ee7e8e61e9ab983b3348d259da6b3	0123af9e96b58af4e98b91a2de5608d36b63c67864b9041d3340587f3dbe40d2	cfa8dcf0d81c408de38d4202fe1ce9d9e5e301d1e67439c9530da94b1e64ee3f	7484d7b0dd80f45e18d726b04752827fe28555cc5c1af0e127948380e6688abf
semantic-proposal-v1	SC1-4ba560142227f76a8ecfbd80a199997fe2d14ef704daf60efc23d8bf002834c1	S016395	1	P01	SYMBOLS.tsv	406457	status	x86_64	include/uapi/linux/sunrpc_netlink.h	operative_macro	SUNRPC_MCGRP_NONE	81	PENDING_REVIEW	COMPLETE	COMPLETE	vendor/linux/include/uapi/linux/sunrpc_netlink.h;vendor/linux/include/uapi/linux/sunrpc_netlink.h:81;rewrite/configs/x86_64/frozen.config;header_closure=rewrite/metadata/header_closure.tsv;selected=PENDING_REVIEW	425f94c2954b1fe80ebdbf9b29854e89750355df	3006683da77917461401080beb6ef3303785c5c2d06ade60c392e9c23eb2d22d	8141333cb95056c28702b89bc7e0ce13899ee7e8e61e9ab983b3348d259da6b3	0123af9e96b58af4e98b91a2de5608d36b63c67864b9041d3340587f3dbe40d2	cfa8dcf0d81c408de38d4202fe1ce9d9e5e301d1e67439c9530da94b1e64ee3f	7484d7b0dd80f45e18d726b04752827fe28555cc5c1af0e127948380e6688abf
semantic-proposal-v1	SC1-1778ee10d5bf7546bbf0f43d82334ef481baa2cce729d820ff41636955d2fb62	S016395	1	P01	SYMBOLS.tsv	406458	selection_expression	x86_64	include/uapi/linux/sunrpc_netlink.h	operative_macro	SUNRPC_MCGRP_EXPORTD	82	PENDING_REVIEW	COMPLETE	COMPLETE	vendor/linux/include/uapi/linux/sunrpc_netlink.h;vendor/linux/include/uapi/linux/sunrpc_netlink.h:82;rewrite/configs/x86_64/frozen.config;header_closure=rewrite/metadata/header_closure.tsv;selected=PENDING_REVIEW	425f94c2954b1fe80ebdbf9b29854e89750355df	3006683da77917461401080beb6ef3303785c5c2d06ade60c392e9c23eb2d22d	8141333cb95056c28702b89bc7e0ce13899ee7e8e61e9ab983b3348d259da6b3	0123af9e96b58af4e98b91a2de5608d36b63c67864b9041d3340587f3dbe40d2	cfa8dcf0d81c408de38d4202fe1ce9d9e5e301d1e67439c9530da94b1e64ee3f	7484d7b0dd80f45e18d726b04752827fe28555cc5c1af0e127948380e6688abf
semantic-proposal-v1	SC1-1a45c43e3af89a887d4a0fe4f74e986f05e15a2cf4f85e69c90f428e8898b99f	S016395	1	P01	SYMBOLS.tsv	406458	status	x86_64	include/uapi/linux/sunrpc_netlink.h	operative_macro	SUNRPC_MCGRP_EXPORTD	82	PENDING_REVIEW	COMPLETE	COMPLETE	vendor/linux/include/uapi/linux/sunrpc_netlink.h;vendor/linux/include/uapi/linux/sunrpc_netlink.h:82;rewrite/configs/x86_64/frozen.config;header_closure=rewrite/metadata/header_closure.tsv;selected=PENDING_REVIEW	425f94c2954b1fe80ebdbf9b29854e89750355df	3006683da77917461401080beb6ef3303785c5c2d06ade60c392e9c23eb2d22d	8141333cb95056c28702b89bc7e0ce13899ee7e8e61e9ab983b3348d259da6b3	0123af9e96b58af4e98b91a2de5608d36b63c67864b9041d3340587f3dbe40d2	cfa8dcf0d81c408de38d4202fe1ce9d9e5e301d1e67439c9530da94b1e64ee3f	7484d7b0dd80f45e18d726b04752827fe28555cc5c1af0e127948380e6688abf
semantic-proposal-v1	SC1-c1708c3726dbd62c7025ad6ebdc1f3a98b5ad2877de9f7f6c868835cb622548d	S016395	1	P01	SYMBOLS.tsv	406459	selection_expression	x86_64	include/uapi/linux/sunrpc_netlink.h	type	enum sunrpc_cache_type	13	PENDING_REVIEW	COMPLETE	COMPLETE	vendor/linux/include/uapi/linux/sunrpc_netlink.h;vendor/linux/include/uapi/linux/sunrpc_netlink.h:13;rewrite/configs/x86_64/frozen.config;header_closure=rewrite/metadata/header_closure.tsv;selected=PENDING_REVIEW	425f94c2954b1fe80ebdbf9b29854e89750355df	3006683da77917461401080beb6ef3303785c5c2d06ade60c392e9c23eb2d22d	8141333cb95056c28702b89bc7e0ce13899ee7e8e61e9ab983b3348d259da6b3	0123af9e96b58af4e98b91a2de5608d36b63c67864b9041d3340587f3dbe40d2	cfa8dcf0d81c408de38d4202fe1ce9d9e5e301d1e67439c9530da94b1e64ee3f	7484d7b0dd80f45e18d726b04752827fe28555cc5c1af0e127948380e6688abf
semantic-proposal-v1	SC1-c49d189305de224317d39a5e12133cda4596b3949d79cdf387b8109bb87022e4	S016395	1	P01	SYMBOLS.tsv	406459	status	x86_64	include/uapi/linux/sunrpc_netlink.h	type	enum sunrpc_cache_type	13	PENDING_REVIEW	COMPLETE	COMPLETE	vendor/linux/include/uapi/linux/sunrpc_netlink.h;vendor/linux/include/uapi/linux/sunrpc_netlink.h:13;rewrite/configs/x86_64/frozen.config;header_closure=rewrite/metadata/header_closure.tsv;selected=PENDING_REVIEW	425f94c2954b1fe80ebdbf9b29854e89750355df	3006683da77917461401080beb6ef3303785c5c2d06ade60c392e9c23eb2d22d	8141333cb95056c28702b89bc7e0ce13899ee7e8e61e9ab983b3348d259da6b3	0123af9e96b58af4e98b91a2de5608d36b63c67864b9041d3340587f3dbe40d2	cfa8dcf0d81c408de38d4202fe1ce9d9e5e301d1e67439c9530da94b1e64ee3f	7484d7b0dd80f45e18d726b04752827fe28555cc5c1af0e127948380e6688abf
semantic-proposal-v1	SC1-9298c88c7767f685152e86a5f950b9506ac3a8c9afd29699810bda402d152687	S016395	1	P01	SYMBOLS.tsv	406460	selection_expression	x86_64	include/uapi/linux/sunrpc_netlink.h	enum_constant	SUNRPC_CACHE_TYPE_IP_MAP	14	PENDING_REVIEW	COMPLETE	COMPLETE	vendor/linux/include/uapi/linux/sunrpc_netlink.h;vendor/linux/include/uapi/linux/sunrpc_netlink.h:14;rewrite/configs/x86_64/frozen.config;header_closure=rewrite/metadata/header_closure.tsv;selected=PENDING_REVIEW	425f94c2954b1fe80ebdbf9b29854e89750355df	3006683da77917461401080beb6ef3303785c5c2d06ade60c392e9c23eb2d22d	8141333cb95056c28702b89bc7e0ce13899ee7e8e61e9ab983b3348d259da6b3	0123af9e96b58af4e98b91a2de5608d36b63c67864b9041d3340587f3dbe40d2	cfa8dcf0d81c408de38d4202fe1ce9d9e5e301d1e67439c9530da94b1e64ee3f	7484d7b0dd80f45e18d726b04752827fe28555cc5c1af0e127948380e6688abf
semantic-proposal-v1	SC1-46a481fa1fc4c3b8c1758bd9ce21727671bb248482e07c2d315b16c31ebb806e	S016395	1	P01	SYMBOLS.tsv	406460	status	x86_64	include/uapi/linux/sunrpc_netlink.h	enum_constant	SUNRPC_CACHE_TYPE_IP_MAP	14	PENDING_REVIEW	COMPLETE	COMPLETE	vendor/linux/include/uapi/linux/sunrpc_netlink.h;vendor/linux/include/uapi/linux/sunrpc_netlink.h:14;rewrite/configs/x86_64/frozen.config;header_closure=rewrite/metadata/header_closure.tsv;selected=PENDING_REVIEW	425f94c2954b1fe80ebdbf9b29854e89750355df	3006683da77917461401080beb6ef3303785c5c2d06ade60c392e9c23eb2d22d	8141333cb95056c28702b89bc7e0ce13899ee7e8e61e9ab983b3348d259da6b3	0123af9e96b58af4e98b91a2de5608d36b63c67864b9041d3340587f3dbe40d2	cfa8dcf0d81c408de38d4202fe1ce9d9e5e301d1e67439c9530da94b1e64ee3f	7484d7b0dd80f45e18d726b04752827fe28555cc5c1af0e127948380e6688abf
semantic-proposal-v1	SC1-c2af3cb1c5fbfa6834b9aaed2aa16ba70ff7f5ed26f6ca0578b2579cdea292bc	S016395	1	P01	SYMBOLS.tsv	406461	selection_expression	x86_64	include/uapi/linux/sunrpc_netlink.h	enum_constant	SUNRPC_CACHE_TYPE_UNIX_GID	15	PENDING_REVIEW	COMPLETE	COMPLETE	vendor/linux/include/uapi/linux/sunrpc_netlink.h;vendor/linux/include/uapi/linux/sunrpc_netlink.h:15;rewrite/configs/x86_64/frozen.config;header_closure=rewrite/metadata/header_closure.tsv;selected=PENDING_REVIEW	425f94c2954b1fe80ebdbf9b29854e89750355df	3006683da77917461401080beb6ef3303785c5c2d06ade60c392e9c23eb2d22d	8141333cb95056c28702b89bc7e0ce13899ee7e8e61e9ab983b3348d259da6b3	0123af9e96b58af4e98b91a2de5608d36b63c67864b9041d3340587f3dbe40d2	cfa8dcf0d81c408de38d4202fe1ce9d9e5e301d1e67439c9530da94b1e64ee3f	7484d7b0dd80f45e18d726b04752827fe28555cc5c1af0e127948380e6688abf
semantic-proposal-v1	SC1-41dc1e10bdea3f145b8fb344768c131f3d8513c939dbff5f8ea4658c8309f048	S016395	1	P01	SYMBOLS.tsv	406461	status	x86_64	include/uapi/linux/sunrpc_netlink.h	enum_constant	SUNRPC_CACHE_TYPE_UNIX_GID	15	PENDING_REVIEW	COMPLETE	COMPLETE	vendor/linux/include/uapi/linux/sunrpc_netlink.h;vendor/linux/include/uapi/linux/sunrpc_netlink.h:15;rewrite/configs/x86_64/frozen.config;header_closure=rewrite/metadata/header_closure.tsv;selected=PENDING_REVIEW	425f94c2954b1fe80ebdbf9b29854e89750355df	3006683da77917461401080beb6ef3303785c5c2d06ade60c392e9c23eb2d22d	8141333cb95056c28702b89bc7e0ce13899ee7e8e61e9ab983b3348d259da6b3	0123af9e96b58af4e98b91a2de5608d36b63c67864b9041d3340587f3dbe40d2	cfa8dcf0d81c408de38d4202fe1ce9d9e5e301d1e67439c9530da94b1e64ee3f	7484d7b0dd80f45e18d726b04752827fe28555cc5c1af0e127948380e6688abf
semantic-proposal-v1	SC1-bf7cfc6ba24ad4ab412e286d03e20496c1fe497e3a68a3e790b581a22cfdd562	S016395	1	P01	SYMBOLS.tsv	406462	selection_expression	x86_64	include/uapi/linux/sunrpc_netlink.h	type	anonymous_enum@18	18	PENDING_REVIEW	COMPLETE	COMPLETE	vendor/linux/include/uapi/linux/sunrpc_netlink.h;vendor/linux/include/uapi/linux/sunrpc_netlink.h:18;rewrite/configs/x86_64/frozen.config;header_closure=rewrite/metadata/header_closure.tsv;selected=PENDING_REVIEW	425f94c2954b1fe80ebdbf9b29854e89750355df	3006683da77917461401080beb6ef3303785c5c2d06ade60c392e9c23eb2d22d	8141333cb95056c28702b89bc7e0ce13899ee7e8e61e9ab983b3348d259da6b3	0123af9e96b58af4e98b91a2de5608d36b63c67864b9041d3340587f3dbe40d2	cfa8dcf0d81c408de38d4202fe1ce9d9e5e301d1e67439c9530da94b1e64ee3f	7484d7b0dd80f45e18d726b04752827fe28555cc5c1af0e127948380e6688abf
semantic-proposal-v1	SC1-60156bd4d6faa49bb3f4c9617217121dea688a1ea0a30b39739ccbbd8ed747ce	S016395	1	P01	SYMBOLS.tsv	406462	status	x86_64	include/uapi/linux/sunrpc_netlink.h	type	anonymous_enum@18	18	PENDING_REVIEW	COMPLETE	COMPLETE	vendor/linux/include/uapi/linux/sunrpc_netlink.h;vendor/linux/include/uapi/linux/sunrpc_netlink.h:18;rewrite/configs/x86_64/frozen.config;header_closure=rewrite/metadata/header_closure.tsv;selected=PENDING_REVIEW	425f94c2954b1fe80ebdbf9b29854e89750355df	3006683da77917461401080beb6ef3303785c5c2d06ade60c392e9c23eb2d22d	8141333cb95056c28702b89bc7e0ce13899ee7e8e61e9ab983b3348d259da6b3	0123af9e96b58af4e98b91a2de5608d36b63c67864b9041d3340587f3dbe40d2	cfa8dcf0d81c408de38d4202fe1ce9d9e5e301d1e67439c9530da94b1e64ee3f	7484d7b0dd80f45e18d726b04752827fe28555cc5c1af0e127948380e6688abf
semantic-proposal-v1	SC1-94c239635e17845d95e95926e67052cc00dc20f846ea17615997b7f99c5ec05a	S016395	1	P01	SYMBOLS.tsv	406463	selection_expression	x86_64	include/uapi/linux/sunrpc_netlink.h	enum_constant	SUNRPC_A_CACHE_NOTIFY_CACHE_TYPE	19	PENDING_REVIEW	COMPLETE	COMPLETE	vendor/linux/include/uapi/linux/sunrpc_netlink.h;vendor/linux/include/uapi/linux/sunrpc_netlink.h:19;rewrite/configs/x86_64/frozen.config;header_closure=rewrite/metadata/header_closure.tsv;selected=PENDING_REVIEW	425f94c2954b1fe80ebdbf9b29854e89750355df	3006683da77917461401080beb6ef3303785c5c2d06ade60c392e9c23eb2d22d	8141333cb95056c28702b89bc7e0ce13899ee7e8e61e9ab983b3348d259da6b3	0123af9e96b58af4e98b91a2de5608d36b63c67864b9041d3340587f3dbe40d2	cfa8dcf0d81c408de38d4202fe1ce9d9e5e301d1e67439c9530da94b1e64ee3f	7484d7b0dd80f45e18d726b04752827fe28555cc5c1af0e127948380e6688abf
semantic-proposal-v1	SC1-1cf3711ec4b448ac77a02b47798b1bad5ab0db0962568a760b311bd9f89197ba	S016395	1	P01	SYMBOLS.tsv	406463	status	x86_64	include/uapi/linux/sunrpc_netlink.h	enum_constant	SUNRPC_A_CACHE_NOTIFY_CACHE_TYPE	19	PENDING_REVIEW	COMPLETE	COMPLETE	vendor/linux/include/uapi/linux/sunrpc_netlink.h;vendor/linux/include/uapi/linux/sunrpc_netlink.h:19;rewrite/configs/x86_64/frozen.config;header_closure=rewrite/metadata/header_closure.tsv;selected=PENDING_REVIEW	425f94c2954b1fe80ebdbf9b29854e89750355df	3006683da77917461401080beb6ef3303785c5c2d06ade60c392e9c23eb2d22d	8141333cb95056c28702b89bc7e0ce13899ee7e8e61e9ab983b3348d259da6b3	0123af9e96b58af4e98b91a2de5608d36b63c67864b9041d3340587f3dbe40d2	cfa8dcf0d81c408de38d4202fe1ce9d9e5e301d1e67439c9530da94b1e64ee3f	7484d7b0dd80f45e18d726b04752827fe28555cc5c1af0e127948380e6688abf
semantic-proposal-v1	SC1-540def974d5a0ee99554f23b7d0f99c69d0546e6ee0e4b80497b4967a9293039	S016395	1	P01	SYMBOLS.tsv	406464	selection_expression	x86_64	include/uapi/linux/sunrpc_netlink.h	enum_constant	__SUNRPC_A_CACHE_NOTIFY_MAX	21	PENDING_REVIEW	COMPLETE	COMPLETE	vendor/linux/include/uapi/linux/sunrpc_netlink.h;vendor/linux/include/uapi/linux/sunrpc_netlink.h:21;rewrite/configs/x86_64/frozen.config;header_closure=rewrite/metadata/header_closure.tsv;selected=PENDING_REVIEW	425f94c2954b1fe80ebdbf9b29854e89750355df	3006683da77917461401080beb6ef3303785c5c2d06ade60c392e9c23eb2d22d	8141333cb95056c28702b89bc7e0ce13899ee7e8e61e9ab983b3348d259da6b3	0123af9e96b58af4e98b91a2de5608d36b63c67864b9041d3340587f3dbe40d2	cfa8dcf0d81c408de38d4202fe1ce9d9e5e301d1e67439c9530da94b1e64ee3f	7484d7b0dd80f45e18d726b04752827fe28555cc5c1af0e127948380e6688abf
semantic-proposal-v1	SC1-21ebe9dd0acb2106ba5a0c6fdd967d2c75c08dee11ff0aad50249e34e6492d17	S016395	1	P01	SYMBOLS.tsv	406464	status	x86_64	include/uapi/linux/sunrpc_netlink.h	enum_constant	__SUNRPC_A_CACHE_NOTIFY_MAX	21	PENDING_REVIEW	COMPLETE	COMPLETE	vendor/linux/include/uapi/linux/sunrpc_netlink.h;vendor/linux/include/uapi/linux/sunrpc_netlink.h:21;rewrite/configs/x86_64/frozen.config;header_closure=rewrite/metadata/header_closure.tsv;selected=PENDING_REVIEW	425f94c2954b1fe80ebdbf9b29854e89750355df	3006683da77917461401080beb6ef3303785c5c2d06ade60c392e9c23eb2d22d	8141333cb95056c28702b89bc7e0ce13899ee7e8e61e9ab983b3348d259da6b3	0123af9e96b58af4e98b91a2de5608d36b63c67864b9041d3340587f3dbe40d2	cfa8dcf0d81c408de38d4202fe1ce9d9e5e301d1e67439c9530da94b1e64ee3f	7484d7b0dd80f45e18d726b04752827fe28555cc5c1af0e127948380e6688abf
semantic-proposal-v1	SC1-9a822427c9b375bb7fb3fd70e2c70745320a4e14529fba4e968e65c7c9933377	S016395	1	P01	SYMBOLS.tsv	406465	selection_expression	x86_64	include/uapi/linux/sunrpc_netlink.h	enum_constant	SUNRPC_A_CACHE_NOTIFY_MAX	22	PENDING_REVIEW	COMPLETE	COMPLETE	vendor/linux/include/uapi/linux/sunrpc_netlink.h;vendor/linux/include/uapi/linux/sunrpc_netlink.h:22;rewrite/configs/x86_64/frozen.config;header_closure=rewrite/metadata/header_closure.tsv;selected=PENDING_REVIEW	425f94c2954b1fe80ebdbf9b29854e89750355df	3006683da77917461401080beb6ef3303785c5c2d06ade60c392e9c23eb2d22d	8141333cb95056c28702b89bc7e0ce13899ee7e8e61e9ab983b3348d259da6b3	0123af9e96b58af4e98b91a2de5608d36b63c67864b9041d3340587f3dbe40d2	cfa8dcf0d81c408de38d4202fe1ce9d9e5e301d1e67439c9530da94b1e64ee3f	7484d7b0dd80f45e18d726b04752827fe28555cc5c1af0e127948380e6688abf
semantic-proposal-v1	SC1-a55cc76df2372518c319a56f31d18e882170bf4af9612d247969bd6b48db833a	S016395	1	P01	SYMBOLS.tsv	406465	status	x86_64	include/uapi/linux/sunrpc_netlink.h	enum_constant	SUNRPC_A_CACHE_NOTIFY_MAX	22	PENDING_REVIEW	COMPLETE	COMPLETE	vendor/linux/include/uapi/linux/sunrpc_netlink.h;vendor/linux/include/uapi/linux/sunrpc_netlink.h:22;rewrite/configs/x86_64/frozen.config;header_closure=rewrite/metadata/header_closure.tsv;selected=PENDING_REVIEW	425f94c2954b1fe80ebdbf9b29854e89750355df	3006683da77917461401080beb6ef3303785c5c2d06ade60c392e9c23eb2d22d	8141333cb95056c28702b89bc7e0ce13899ee7e8e61e9ab983b3348d259da6b3	0123af9e96b58af4e98b91a2de5608d36b63c67864b9041d3340587f3dbe40d2	cfa8dcf0d81c408de38d4202fe1ce9d9e5e301d1e67439c9530da94b1e64ee3f	7484d7b0dd80f45e18d726b04752827fe28555cc5c1af0e127948380e6688abf
semantic-proposal-v1	SC1-30726316bf63ae055fd6f528a9f3d1b6eca250b01eae349c928d3aabecbb00fe	S016395	1	P01	SYMBOLS.tsv	406466	selection_expression	x86_64	include/uapi/linux/sunrpc_netlink.h	type	anonymous_enum@25	25	PENDING_REVIEW	COMPLETE	COMPLETE	vendor/linux/include/uapi/linux/sunrpc_netlink.h;vendor/linux/include/uapi/linux/sunrpc_netlink.h:25;rewrite/configs/x86_64/frozen.config;header_closure=rewrite/metadata/header_closure.tsv;selected=PENDING_REVIEW	425f94c2954b1fe80ebdbf9b29854e89750355df	3006683da77917461401080beb6ef3303785c5c2d06ade60c392e9c23eb2d22d	8141333cb95056c28702b89bc7e0ce13899ee7e8e61e9ab983b3348d259da6b3	0123af9e96b58af4e98b91a2de5608d36b63c67864b9041d3340587f3dbe40d2	cfa8dcf0d81c408de38d4202fe1ce9d9e5e301d1e67439c9530da94b1e64ee3f	7484d7b0dd80f45e18d726b04752827fe28555cc5c1af0e127948380e6688abf
semantic-proposal-v1	SC1-c82d3a850614c12d6dabfff154fd3521e1bafc97f97c500b172b1b1acc9de858	S016395	1	P01	SYMBOLS.tsv	406466	status	x86_64	include/uapi/linux/sunrpc_netlink.h	type	anonymous_enum@25	25	PENDING_REVIEW	COMPLETE	COMPLETE	vendor/linux/include/uapi/linux/sunrpc_netlink.h;vendor/linux/include/uapi/linux/sunrpc_netlink.h:25;rewrite/configs/x86_64/frozen.config;header_closure=rewrite/metadata/header_closure.tsv;selected=PENDING_REVIEW	425f94c2954b1fe80ebdbf9b29854e89750355df	3006683da77917461401080beb6ef3303785c5c2d06ade60c392e9c23eb2d22d	8141333cb95056c28702b89bc7e0ce13899ee7e8e61e9ab983b3348d259da6b3	0123af9e96b58af4e98b91a2de5608d36b63c67864b9041d3340587f3dbe40d2	cfa8dcf0d81c408de38d4202fe1ce9d9e5e301d1e67439c9530da94b1e64ee3f	7484d7b0dd80f45e18d726b04752827fe28555cc5c1af0e127948380e6688abf
semantic-proposal-v1	SC1-5ec7a01272a4803e76d4c8376125e8fb7d76fa4305800ecf3cd604a5fb9039db	S016395	1	P01	SYMBOLS.tsv	406467	selection_expression	x86_64	include/uapi/linux/sunrpc_netlink.h	enum_constant	SUNRPC_A_IP_MAP_SEQNO	26	PENDING_REVIEW	COMPLETE	COMPLETE	vendor/linux/include/uapi/linux/sunrpc_netlink.h;vendor/linux/include/uapi/linux/sunrpc_netlink.h:26;rewrite/configs/x86_64/frozen.config;header_closure=rewrite/metadata/header_closure.tsv;selected=PENDING_REVIEW	425f94c2954b1fe80ebdbf9b29854e89750355df	3006683da77917461401080beb6ef3303785c5c2d06ade60c392e9c23eb2d22d	8141333cb95056c28702b89bc7e0ce13899ee7e8e61e9ab983b3348d259da6b3	0123af9e96b58af4e98b91a2de5608d36b63c67864b9041d3340587f3dbe40d2	cfa8dcf0d81c408de38d4202fe1ce9d9e5e301d1e67439c9530da94b1e64ee3f	7484d7b0dd80f45e18d726b04752827fe28555cc5c1af0e127948380e6688abf
semantic-proposal-v1	SC1-914eba4f783ba4858a0022200e7382a411c2de70240c4eea1abd59186e803ab5	S016395	1	P01	SYMBOLS.tsv	406467	status	x86_64	include/uapi/linux/sunrpc_netlink.h	enum_constant	SUNRPC_A_IP_MAP_SEQNO	26	PENDING_REVIEW	COMPLETE	COMPLETE	vendor/linux/include/uapi/linux/sunrpc_netlink.h;vendor/linux/include/uapi/linux/sunrpc_netlink.h:26;rewrite/configs/x86_64/frozen.config;header_closure=rewrite/metadata/header_closure.tsv;selected=PENDING_REVIEW	425f94c2954b1fe80ebdbf9b29854e89750355df	3006683da77917461401080beb6ef3303785c5c2d06ade60c392e9c23eb2d22d	8141333cb95056c28702b89bc7e0ce13899ee7e8e61e9ab983b3348d259da6b3	0123af9e96b58af4e98b91a2de5608d36b63c67864b9041d3340587f3dbe40d2	cfa8dcf0d81c408de38d4202fe1ce9d9e5e301d1e67439c9530da94b1e64ee3f	7484d7b0dd80f45e18d726b04752827fe28555cc5c1af0e127948380e6688abf
semantic-proposal-v1	SC1-d0cd6ecac3e8c75d0ad223411dd6c7f8767313eb49ef77f57eb978c2482921a6	S016395	1	P01	SYMBOLS.tsv	406468	selection_expression	x86_64	include/uapi/linux/sunrpc_netlink.h	enum_constant	SUNRPC_A_IP_MAP_CLASS	27	PENDING_REVIEW	COMPLETE	COMPLETE	vendor/linux/include/uapi/linux/sunrpc_netlink.h;vendor/linux/include/uapi/linux/sunrpc_netlink.h:27;rewrite/configs/x86_64/frozen.config;header_closure=rewrite/metadata/header_closure.tsv;selected=PENDING_REVIEW	425f94c2954b1fe80ebdbf9b29854e89750355df	3006683da77917461401080beb6ef3303785c5c2d06ade60c392e9c23eb2d22d	8141333cb95056c28702b89bc7e0ce13899ee7e8e61e9ab983b3348d259da6b3	0123af9e96b58af4e98b91a2de5608d36b63c67864b9041d3340587f3dbe40d2	cfa8dcf0d81c408de38d4202fe1ce9d9e5e301d1e67439c9530da94b1e64ee3f	7484d7b0dd80f45e18d726b04752827fe28555cc5c1af0e127948380e6688abf
semantic-proposal-v1	SC1-5b9149ec51d88637aa69a6f908922c80533ba984fd8a426cf275512698c6bde3	S016395	1	P01	SYMBOLS.tsv	406468	status	x86_64	include/uapi/linux/sunrpc_netlink.h	enum_constant	SUNRPC_A_IP_MAP_CLASS	27	PENDING_REVIEW	COMPLETE	COMPLETE	vendor/linux/include/uapi/linux/sunrpc_netlink.h;vendor/linux/include/uapi/linux/sunrpc_netlink.h:27;rewrite/configs/x86_64/frozen.config;header_closure=rewrite/metadata/header_closure.tsv;selected=PENDING_REVIEW	425f94c2954b1fe80ebdbf9b29854e89750355df	3006683da77917461401080beb6ef3303785c5c2d06ade60c392e9c23eb2d22d	8141333cb95056c28702b89bc7e0ce13899ee7e8e61e9ab983b3348d259da6b3	0123af9e96b58af4e98b91a2de5608d36b63c67864b9041d3340587f3dbe40d2	cfa8dcf0d81c408de38d4202fe1ce9d9e5e301d1e67439c9530da94b1e64ee3f	7484d7b0dd80f45e18d726b04752827fe28555cc5c1af0e127948380e6688abf
semantic-proposal-v1	SC1-2f66bc9a7ffb0f516bed0718f7d6440b85d4a0ef4f1abb8280a0077b474f0083	S016395	1	P01	SYMBOLS.tsv	406469	selection_expression	x86_64	include/uapi/linux/sunrpc_netlink.h	enum_constant	SUNRPC_A_IP_MAP_ADDR	28	PENDING_REVIEW	COMPLETE	COMPLETE	vendor/linux/include/uapi/linux/sunrpc_netlink.h;vendor/linux/include/uapi/linux/sunrpc_netlink.h:28;rewrite/configs/x86_64/frozen.config;header_closure=rewrite/metadata/header_closure.tsv;selected=PENDING_REVIEW	425f94c2954b1fe80ebdbf9b29854e89750355df	3006683da77917461401080beb6ef3303785c5c2d06ade60c392e9c23eb2d22d	8141333cb95056c28702b89bc7e0ce13899ee7e8e61e9ab983b3348d259da6b3	0123af9e96b58af4e98b91a2de5608d36b63c67864b9041d3340587f3dbe40d2	cfa8dcf0d81c408de38d4202fe1ce9d9e5e301d1e67439c9530da94b1e64ee3f	7484d7b0dd80f45e18d726b04752827fe28555cc5c1af0e127948380e6688abf
semantic-proposal-v1	SC1-7aea58271dbb379d9c683021272ff14d2f1d7151dba3ee3e5e5a4fe15cecc8e2	S016395	1	P01	SYMBOLS.tsv	406469	status	x86_64	include/uapi/linux/sunrpc_netlink.h	enum_constant	SUNRPC_A_IP_MAP_ADDR	28	PENDING_REVIEW	COMPLETE	COMPLETE	vendor/linux/include/uapi/linux/sunrpc_netlink.h;vendor/linux/include/uapi/linux/sunrpc_netlink.h:28;rewrite/configs/x86_64/frozen.config;header_closure=rewrite/metadata/header_closure.tsv;selected=PENDING_REVIEW	425f94c2954b1fe80ebdbf9b29854e89750355df	3006683da77917461401080beb6ef3303785c5c2d06ade60c392e9c23eb2d22d	8141333cb95056c28702b89bc7e0ce13899ee7e8e61e9ab983b3348d259da6b3	0123af9e96b58af4e98b91a2de5608d36b63c67864b9041d3340587f3dbe40d2	cfa8dcf0d81c408de38d4202fe1ce9d9e5e301d1e67439c9530da94b1e64ee3f	7484d7b0dd80f45e18d726b04752827fe28555cc5c1af0e127948380e6688abf
semantic-proposal-v1	SC1-e7b6b4527c4011063e8f3156d56b495245103b944a053599d0929ea9e2b5ec5f	S016395	1	P01	SYMBOLS.tsv	406470	selection_expression	x86_64	include/uapi/linux/sunrpc_netlink.h	enum_constant	SUNRPC_A_IP_MAP_DOMAIN	29	PENDING_REVIEW	COMPLETE	COMPLETE	vendor/linux/include/uapi/linux/sunrpc_netlink.h;vendor/linux/include/uapi/linux/sunrpc_netlink.h:29;rewrite/configs/x86_64/frozen.config;header_closure=rewrite/metadata/header_closure.tsv;selected=PENDING_REVIEW	425f94c2954b1fe80ebdbf9b29854e89750355df	3006683da77917461401080beb6ef3303785c5c2d06ade60c392e9c23eb2d22d	8141333cb95056c28702b89bc7e0ce13899ee7e8e61e9ab983b3348d259da6b3	0123af9e96b58af4e98b91a2de5608d36b63c67864b9041d3340587f3dbe40d2	cfa8dcf0d81c408de38d4202fe1ce9d9e5e301d1e67439c9530da94b1e64ee3f	7484d7b0dd80f45e18d726b04752827fe28555cc5c1af0e127948380e6688abf
semantic-proposal-v1	SC1-b15dbc202ac63689b026b61dd788cff179c507a4a9cbb53e85a2df66473064ad	S016395	1	P01	SYMBOLS.tsv	406470	status	x86_64	include/uapi/linux/sunrpc_netlink.h	enum_constant	SUNRPC_A_IP_MAP_DOMAIN	29	PENDING_REVIEW	COMPLETE	COMPLETE	vendor/linux/include/uapi/linux/sunrpc_netlink.h;vendor/linux/include/uapi/linux/sunrpc_netlink.h:29;rewrite/configs/x86_64/frozen.config;header_closure=rewrite/metadata/header_closure.tsv;selected=PENDING_REVIEW	425f94c2954b1fe80ebdbf9b29854e89750355df	3006683da77917461401080beb6ef3303785c5c2d06ade60c392e9c23eb2d22d	8141333cb95056c28702b89bc7e0ce13899ee7e8e61e9ab983b3348d259da6b3	0123af9e96b58af4e98b91a2de5608d36b63c67864b9041d3340587f3dbe40d2	cfa8dcf0d81c408de38d4202fe1ce9d9e5e301d1e67439c9530da94b1e64ee3f	7484d7b0dd80f45e18d726b04752827fe28555cc5c1af0e127948380e6688abf
semantic-proposal-v1	SC1-5bdbc7c61587ff4f1dd7fbdec3df0fc16eb6c74293b3d3a741aee7d80c5f1e1e	S016395	1	P01	SYMBOLS.tsv	406471	selection_expression	x86_64	include/uapi/linux/sunrpc_netlink.h	enum_constant	SUNRPC_A_IP_MAP_NEGATIVE	30	PENDING_REVIEW	COMPLETE	COMPLETE	vendor/linux/include/uapi/linux/sunrpc_netlink.h;vendor/linux/include/uapi/linux/sunrpc_netlink.h:30;rewrite/configs/x86_64/frozen.config;header_closure=rewrite/metadata/header_closure.tsv;selected=PENDING_REVIEW	425f94c2954b1fe80ebdbf9b29854e89750355df	3006683da77917461401080beb6ef3303785c5c2d06ade60c392e9c23eb2d22d	8141333cb95056c28702b89bc7e0ce13899ee7e8e61e9ab983b3348d259da6b3	0123af9e96b58af4e98b91a2de5608d36b63c67864b9041d3340587f3dbe40d2	cfa8dcf0d81c408de38d4202fe1ce9d9e5e301d1e67439c9530da94b1e64ee3f	7484d7b0dd80f45e18d726b04752827fe28555cc5c1af0e127948380e6688abf
semantic-proposal-v1	SC1-6c82b9cf98a9c7554bc96bdb31797b6e35d62fee9a5c91e52ab51ddae91b2dc7	S016395	1	P01	SYMBOLS.tsv	406471	status	x86_64	include/uapi/linux/sunrpc_netlink.h	enum_constant	SUNRPC_A_IP_MAP_NEGATIVE	30	PENDING_REVIEW	COMPLETE	COMPLETE	vendor/linux/include/uapi/linux/sunrpc_netlink.h;vendor/linux/include/uapi/linux/sunrpc_netlink.h:30;rewrite/configs/x86_64/frozen.config;header_closure=rewrite/metadata/header_closure.tsv;selected=PENDING_REVIEW	425f94c2954b1fe80ebdbf9b29854e89750355df	3006683da77917461401080beb6ef3303785c5c2d06ade60c392e9c23eb2d22d	8141333cb95056c28702b89bc7e0ce13899ee7e8e61e9ab983b3348d259da6b3	0123af9e96b58af4e98b91a2de5608d36b63c67864b9041d3340587f3dbe40d2	cfa8dcf0d81c408de38d4202fe1ce9d9e5e301d1e67439c9530da94b1e64ee3f	7484d7b0dd80f45e18d726b04752827fe28555cc5c1af0e127948380e6688abf
semantic-proposal-v1	SC1-23fc81240cbbcda09d43e4b66ebd59be514155812c33e0704a1222c1a751bc5e	S016395	1	P01	SYMBOLS.tsv	406472	selection_expression	x86_64	include/uapi/linux/sunrpc_netlink.h	enum_constant	SUNRPC_A_IP_MAP_EXPIRY	31	PENDING_REVIEW	COMPLETE	COMPLETE	vendor/linux/include/uapi/linux/sunrpc_netlink.h;vendor/linux/include/uapi/linux/sunrpc_netlink.h:31;rewrite/configs/x86_64/frozen.config;header_closure=rewrite/metadata/header_closure.tsv;selected=PENDING_REVIEW	425f94c2954b1fe80ebdbf9b29854e89750355df	3006683da77917461401080beb6ef3303785c5c2d06ade60c392e9c23eb2d22d	8141333cb95056c28702b89bc7e0ce13899ee7e8e61e9ab983b3348d259da6b3	0123af9e96b58af4e98b91a2de5608d36b63c67864b9041d3340587f3dbe40d2	cfa8dcf0d81c408de38d4202fe1ce9d9e5e301d1e67439c9530da94b1e64ee3f	7484d7b0dd80f45e18d726b04752827fe28555cc5c1af0e127948380e6688abf
semantic-proposal-v1	SC1-38bba2dcbfd1b5885b95f72473ad773c3679e9960a2f01185aa1f8a5f32bf96a	S016395	1	P01	SYMBOLS.tsv	406472	status	x86_64	include/uapi/linux/sunrpc_netlink.h	enum_constant	SUNRPC_A_IP_MAP_EXPIRY	31	PENDING_REVIEW	COMPLETE	COMPLETE	vendor/linux/include/uapi/linux/sunrpc_netlink.h;vendor/linux/include/uapi/linux/sunrpc_netlink.h:31;rewrite/configs/x86_64/frozen.config;header_closure=rewrite/metadata/header_closure.tsv;selected=PENDING_REVIEW	425f94c2954b1fe80ebdbf9b29854e89750355df	3006683da77917461401080beb6ef3303785c5c2d06ade60c392e9c23eb2d22d	8141333cb95056c28702b89bc7e0ce13899ee7e8e61e9ab983b3348d259da6b3	0123af9e96b58af4e98b91a2de5608d36b63c67864b9041d3340587f3dbe40d2	cfa8dcf0d81c408de38d4202fe1ce9d9e5e301d1e67439c9530da94b1e64ee3f	7484d7b0dd80f45e18d726b04752827fe28555cc5c1af0e127948380e6688abf
semantic-proposal-v1	SC1-513b0ff7915c720ed0914bba9b596241668ac74102f666a87329bdd38bdd93a8	S016395	1	P01	SYMBOLS.tsv	406473	selection_expression	x86_64	include/uapi/linux/sunrpc_netlink.h	enum_constant	__SUNRPC_A_IP_MAP_MAX	33	PENDING_REVIEW	COMPLETE	COMPLETE	vendor/linux/include/uapi/linux/sunrpc_netlink.h;vendor/linux/include/uapi/linux/sunrpc_netlink.h:33;rewrite/configs/x86_64/frozen.config;header_closure=rewrite/metadata/header_closure.tsv;selected=PENDING_REVIEW	425f94c2954b1fe80ebdbf9b29854e89750355df	3006683da77917461401080beb6ef3303785c5c2d06ade60c392e9c23eb2d22d	8141333cb95056c28702b89bc7e0ce13899ee7e8e61e9ab983b3348d259da6b3	0123af9e96b58af4e98b91a2de5608d36b63c67864b9041d3340587f3dbe40d2	cfa8dcf0d81c408de38d4202fe1ce9d9e5e301d1e67439c9530da94b1e64ee3f	7484d7b0dd80f45e18d726b04752827fe28555cc5c1af0e127948380e6688abf
semantic-proposal-v1	SC1-b38aaae53685ae46ca2dbba854d8bba1db88014de692b38bf29b3b39c9ccd928	S016395	1	P01	SYMBOLS.tsv	406473	status	x86_64	include/uapi/linux/sunrpc_netlink.h	enum_constant	__SUNRPC_A_IP_MAP_MAX	33	PENDING_REVIEW	COMPLETE	COMPLETE	vendor/linux/include/uapi/linux/sunrpc_netlink.h;vendor/linux/include/uapi/linux/sunrpc_netlink.h:33;rewrite/configs/x86_64/frozen.config;header_closure=rewrite/metadata/header_closure.tsv;selected=PENDING_REVIEW	425f94c2954b1fe80ebdbf9b29854e89750355df	3006683da77917461401080beb6ef3303785c5c2d06ade60c392e9c23eb2d22d	8141333cb95056c28702b89bc7e0ce13899ee7e8e61e9ab983b3348d259da6b3	0123af9e96b58af4e98b91a2de5608d36b63c67864b9041d3340587f3dbe40d2	cfa8dcf0d81c408de38d4202fe1ce9d9e5e301d1e67439c9530da94b1e64ee3f	7484d7b0dd80f45e18d726b04752827fe28555cc5c1af0e127948380e6688abf
semantic-proposal-v1	SC1-13ca971189e3b799f2f0bbd7c22b964283c1e371f599112cca5882eda5cc6ff0	S016395	1	P01	SYMBOLS.tsv	406474	selection_expression	x86_64	include/uapi/linux/sunrpc_netlink.h	enum_constant	SUNRPC_A_IP_MAP_MAX	34	PENDING_REVIEW	COMPLETE	COMPLETE	vendor/linux/include/uapi/linux/sunrpc_netlink.h;vendor/linux/include/uapi/linux/sunrpc_netlink.h:34;rewrite/configs/x86_64/frozen.config;header_closure=rewrite/metadata/header_closure.tsv;selected=PENDING_REVIEW	425f94c2954b1fe80ebdbf9b29854e89750355df	3006683da77917461401080beb6ef3303785c5c2d06ade60c392e9c23eb2d22d	8141333cb95056c28702b89bc7e0ce13899ee7e8e61e9ab983b3348d259da6b3	0123af9e96b58af4e98b91a2de5608d36b63c67864b9041d3340587f3dbe40d2	cfa8dcf0d81c408de38d4202fe1ce9d9e5e301d1e67439c9530da94b1e64ee3f	7484d7b0dd80f45e18d726b04752827fe28555cc5c1af0e127948380e6688abf
semantic-proposal-v1	SC1-174595b5ba08783189e5ff8115f08ae027429b3afb63195de7ef28b7d9cfdfa4	S016395	1	P01	SYMBOLS.tsv	406474	status	x86_64	include/uapi/linux/sunrpc_netlink.h	enum_constant	SUNRPC_A_IP_MAP_MAX	34	PENDING_REVIEW	COMPLETE	COMPLETE	vendor/linux/include/uapi/linux/sunrpc_netlink.h;vendor/linux/include/uapi/linux/sunrpc_netlink.h:34;rewrite/configs/x86_64/frozen.config;header_closure=rewrite/metadata/header_closure.tsv;selected=PENDING_REVIEW	425f94c2954b1fe80ebdbf9b29854e89750355df	3006683da77917461401080beb6ef3303785c5c2d06ade60c392e9c23eb2d22d	8141333cb95056c28702b89bc7e0ce13899ee7e8e61e9ab983b3348d259da6b3	0123af9e96b58af4e98b91a2de5608d36b63c67864b9041d3340587f3dbe40d2	cfa8dcf0d81c408de38d4202fe1ce9d9e5e301d1e67439c9530da94b1e64ee3f	7484d7b0dd80f45e18d726b04752827fe28555cc5c1af0e127948380e6688abf
semantic-proposal-v1	SC1-68aca60a5f991d4558eca4134cc33f24bb6a48b1e33fe8cf6f3712b05f00b6b8	S016395	1	P01	SYMBOLS.tsv	406475	selection_expression	x86_64	include/uapi/linux/sunrpc_netlink.h	type	anonymous_enum@37	37	PENDING_REVIEW	COMPLETE	COMPLETE	vendor/linux/include/uapi/linux/sunrpc_netlink.h;vendor/linux/include/uapi/linux/sunrpc_netlink.h:37;rewrite/configs/x86_64/frozen.config;header_closure=rewrite/metadata/header_closure.tsv;selected=PENDING_REVIEW	425f94c2954b1fe80ebdbf9b29854e89750355df	3006683da77917461401080beb6ef3303785c5c2d06ade60c392e9c23eb2d22d	8141333cb95056c28702b89bc7e0ce13899ee7e8e61e9ab983b3348d259da6b3	0123af9e96b58af4e98b91a2de5608d36b63c67864b9041d3340587f3dbe40d2	cfa8dcf0d81c408de38d4202fe1ce9d9e5e301d1e67439c9530da94b1e64ee3f	7484d7b0dd80f45e18d726b04752827fe28555cc5c1af0e127948380e6688abf
semantic-proposal-v1	SC1-8c4ab33551345978a6c8741442f3d30e3e6e44cc41bd5961bd10a68a9ee11a61	S016395	1	P01	SYMBOLS.tsv	406475	status	x86_64	include/uapi/linux/sunrpc_netlink.h	type	anonymous_enum@37	37	PENDING_REVIEW	COMPLETE	COMPLETE	vendor/linux/include/uapi/linux/sunrpc_netlink.h;vendor/linux/include/uapi/linux/sunrpc_netlink.h:37;rewrite/configs/x86_64/frozen.config;header_closure=rewrite/metadata/header_closure.tsv;selected=PENDING_REVIEW	425f94c2954b1fe80ebdbf9b29854e89750355df	3006683da77917461401080beb6ef3303785c5c2d06ade60c392e9c23eb2d22d	8141333cb95056c28702b89bc7e0ce13899ee7e8e61e9ab983b3348d259da6b3	0123af9e96b58af4e98b91a2de5608d36b63c67864b9041d3340587f3dbe40d2	cfa8dcf0d81c408de38d4202fe1ce9d9e5e301d1e67439c9530da94b1e64ee3f	7484d7b0dd80f45e18d726b04752827fe28555cc5c1af0e127948380e6688abf
semantic-proposal-v1	SC1-82cf6f5ce7e2921102e35c50699a236f815ad259d0308be4de5ee8db4489edb3	S016395	1	P01	SYMBOLS.tsv	406476	selection_expression	x86_64	include/uapi/linux/sunrpc_netlink.h	enum_constant	SUNRPC_A_IP_MAP_REQS_REQUESTS	38	PENDING_REVIEW	COMPLETE	COMPLETE	vendor/linux/include/uapi/linux/sunrpc_netlink.h;vendor/linux/include/uapi/linux/sunrpc_netlink.h:38;rewrite/configs/x86_64/frozen.config;header_closure=rewrite/metadata/header_closure.tsv;selected=PENDING_REVIEW	425f94c2954b1fe80ebdbf9b29854e89750355df	3006683da77917461401080beb6ef3303785c5c2d06ade60c392e9c23eb2d22d	8141333cb95056c28702b89bc7e0ce13899ee7e8e61e9ab983b3348d259da6b3	0123af9e96b58af4e98b91a2de5608d36b63c67864b9041d3340587f3dbe40d2	cfa8dcf0d81c408de38d4202fe1ce9d9e5e301d1e67439c9530da94b1e64ee3f	7484d7b0dd80f45e18d726b04752827fe28555cc5c1af0e127948380e6688abf
semantic-proposal-v1	SC1-85db7b8f999ecdf9829bbf646fd9bbbe25188d91a14ccd094647feb2885b596b	S016395	1	P01	SYMBOLS.tsv	406476	status	x86_64	include/uapi/linux/sunrpc_netlink.h	enum_constant	SUNRPC_A_IP_MAP_REQS_REQUESTS	38	PENDING_REVIEW	COMPLETE	COMPLETE	vendor/linux/include/uapi/linux/sunrpc_netlink.h;vendor/linux/include/uapi/linux/sunrpc_netlink.h:38;rewrite/configs/x86_64/frozen.config;header_closure=rewrite/metadata/header_closure.tsv;selected=PENDING_REVIEW	425f94c2954b1fe80ebdbf9b29854e89750355df	3006683da77917461401080beb6ef3303785c5c2d06ade60c392e9c23eb2d22d	8141333cb95056c28702b89bc7e0ce13899ee7e8e61e9ab983b3348d259da6b3	0123af9e96b58af4e98b91a2de5608d36b63c67864b9041d3340587f3dbe40d2	cfa8dcf0d81c408de38d4202fe1ce9d9e5e301d1e67439c9530da94b1e64ee3f	7484d7b0dd80f45e18d726b04752827fe28555cc5c1af0e127948380e6688abf
semantic-proposal-v1	SC1-ff8cfa0eb38d54055216428653ab4724f318ad173633978295c67a31f796fc9f	S016395	1	P01	SYMBOLS.tsv	406477	selection_expression	x86_64	include/uapi/linux/sunrpc_netlink.h	enum_constant	__SUNRPC_A_IP_MAP_REQS_MAX	40	PENDING_REVIEW	COMPLETE	COMPLETE	vendor/linux/include/uapi/linux/sunrpc_netlink.h;vendor/linux/include/uapi/linux/sunrpc_netlink.h:40;rewrite/configs/x86_64/frozen.config;header_closure=rewrite/metadata/header_closure.tsv;selected=PENDING_REVIEW	425f94c2954b1fe80ebdbf9b29854e89750355df	3006683da77917461401080beb6ef3303785c5c2d06ade60c392e9c23eb2d22d	8141333cb95056c28702b89bc7e0ce13899ee7e8e61e9ab983b3348d259da6b3	0123af9e96b58af4e98b91a2de5608d36b63c67864b9041d3340587f3dbe40d2	cfa8dcf0d81c408de38d4202fe1ce9d9e5e301d1e67439c9530da94b1e64ee3f	7484d7b0dd80f45e18d726b04752827fe28555cc5c1af0e127948380e6688abf
semantic-proposal-v1	SC1-e72ebf6ea05e02b244b4edd6eac4995e198b7007d1a9f386da537e6e4c860c9b	S016395	1	P01	SYMBOLS.tsv	406477	status	x86_64	include/uapi/linux/sunrpc_netlink.h	enum_constant	__SUNRPC_A_IP_MAP_REQS_MAX	40	PENDING_REVIEW	COMPLETE	COMPLETE	vendor/linux/include/uapi/linux/sunrpc_netlink.h;vendor/linux/include/uapi/linux/sunrpc_netlink.h:40;rewrite/configs/x86_64/frozen.config;header_closure=rewrite/metadata/header_closure.tsv;selected=PENDING_REVIEW	425f94c2954b1fe80ebdbf9b29854e89750355df	3006683da77917461401080beb6ef3303785c5c2d06ade60c392e9c23eb2d22d	8141333cb95056c28702b89bc7e0ce13899ee7e8e61e9ab983b3348d259da6b3	0123af9e96b58af4e98b91a2de5608d36b63c67864b9041d3340587f3dbe40d2	cfa8dcf0d81c408de38d4202fe1ce9d9e5e301d1e67439c9530da94b1e64ee3f	7484d7b0dd80f45e18d726b04752827fe28555cc5c1af0e127948380e6688abf
semantic-proposal-v1	SC1-ab4da3683522d67c85073e54edf7e257dce9a0ae3c8f0eabe8552f274c2de239	S016395	1	P01	SYMBOLS.tsv	406478	selection_expression	x86_64	include/uapi/linux/sunrpc_netlink.h	enum_constant	SUNRPC_A_IP_MAP_REQS_MAX	41	PENDING_REVIEW	COMPLETE	COMPLETE	vendor/linux/include/uapi/linux/sunrpc_netlink.h;vendor/linux/include/uapi/linux/sunrpc_netlink.h:41;rewrite/configs/x86_64/frozen.config;header_closure=rewrite/metadata/header_closure.tsv;selected=PENDING_REVIEW	425f94c2954b1fe80ebdbf9b29854e89750355df	3006683da77917461401080beb6ef3303785c5c2d06ade60c392e9c23eb2d22d	8141333cb95056c28702b89bc7e0ce13899ee7e8e61e9ab983b3348d259da6b3	0123af9e96b58af4e98b91a2de5608d36b63c67864b9041d3340587f3dbe40d2	cfa8dcf0d81c408de38d4202fe1ce9d9e5e301d1e67439c9530da94b1e64ee3f	7484d7b0dd80f45e18d726b04752827fe28555cc5c1af0e127948380e6688abf
semantic-proposal-v1	SC1-3d3e09e6776ae5ad7722175756a4cafb516fbb9813927c80dac2e7e03fbf37cd	S016395	1	P01	SYMBOLS.tsv	406478	status	x86_64	include/uapi/linux/sunrpc_netlink.h	enum_constant	SUNRPC_A_IP_MAP_REQS_MAX	41	PENDING_REVIEW	COMPLETE	COMPLETE	vendor/linux/include/uapi/linux/sunrpc_netlink.h;vendor/linux/include/uapi/linux/sunrpc_netlink.h:41;rewrite/configs/x86_64/frozen.config;header_closure=rewrite/metadata/header_closure.tsv;selected=PENDING_REVIEW	425f94c2954b1fe80ebdbf9b29854e89750355df	3006683da77917461401080beb6ef3303785c5c2d06ade60c392e9c23eb2d22d	8141333cb95056c28702b89bc7e0ce13899ee7e8e61e9ab983b3348d259da6b3	0123af9e96b58af4e98b91a2de5608d36b63c67864b9041d3340587f3dbe40d2	cfa8dcf0d81c408de38d4202fe1ce9d9e5e301d1e67439c9530da94b1e64ee3f	7484d7b0dd80f45e18d726b04752827fe28555cc5c1af0e127948380e6688abf
semantic-proposal-v1	SC1-99c9c2266e160b0759019b91115b8027ea6dc2b2563423c0b6e7d8139bfaa931	S016395	1	P01	SYMBOLS.tsv	406479	selection_expression	x86_64	include/uapi/linux/sunrpc_netlink.h	type	anonymous_enum@44	44	PENDING_REVIEW	COMPLETE	COMPLETE	vendor/linux/include/uapi/linux/sunrpc_netlink.h;vendor/linux/include/uapi/linux/sunrpc_netlink.h:44;rewrite/configs/x86_64/frozen.config;header_closure=rewrite/metadata/header_closure.tsv;selected=PENDING_REVIEW	425f94c2954b1fe80ebdbf9b29854e89750355df	3006683da77917461401080beb6ef3303785c5c2d06ade60c392e9c23eb2d22d	8141333cb95056c28702b89bc7e0ce13899ee7e8e61e9ab983b3348d259da6b3	0123af9e96b58af4e98b91a2de5608d36b63c67864b9041d3340587f3dbe40d2	cfa8dcf0d81c408de38d4202fe1ce9d9e5e301d1e67439c9530da94b1e64ee3f	7484d7b0dd80f45e18d726b04752827fe28555cc5c1af0e127948380e6688abf
semantic-proposal-v1	SC1-9d2a2dc8a41e9cb81c0df893ab74fe87e00685596f9142674c59f2cbaafaed4d	S016395	1	P01	SYMBOLS.tsv	406479	status	x86_64	include/uapi/linux/sunrpc_netlink.h	type	anonymous_enum@44	44	PENDING_REVIEW	COMPLETE	COMPLETE	vendor/linux/include/uapi/linux/sunrpc_netlink.h;vendor/linux/include/uapi/linux/sunrpc_netlink.h:44;rewrite/configs/x86_64/frozen.config;header_closure=rewrite/metadata/header_closure.tsv;selected=PENDING_REVIEW	425f94c2954b1fe80ebdbf9b29854e89750355df	3006683da77917461401080beb6ef3303785c5c2d06ade60c392e9c23eb2d22d	8141333cb95056c28702b89bc7e0ce13899ee7e8e61e9ab983b3348d259da6b3	0123af9e96b58af4e98b91a2de5608d36b63c67864b9041d3340587f3dbe40d2	cfa8dcf0d81c408de38d4202fe1ce9d9e5e301d1e67439c9530da94b1e64ee3f	7484d7b0dd80f45e18d726b04752827fe28555cc5c1af0e127948380e6688abf
semantic-proposal-v1	SC1-6242676c06d442e3d9b351a71657901449b1cc7725773e2eda6cb15d058bc6bd	S016395	1	P01	SYMBOLS.tsv	406480	selection_expression	x86_64	include/uapi/linux/sunrpc_netlink.h	enum_constant	SUNRPC_A_UNIX_GID_SEQNO	45	PENDING_REVIEW	COMPLETE	COMPLETE	vendor/linux/include/uapi/linux/sunrpc_netlink.h;vendor/linux/include/uapi/linux/sunrpc_netlink.h:45;rewrite/configs/x86_64/frozen.config;header_closure=rewrite/metadata/header_closure.tsv;selected=PENDING_REVIEW	425f94c2954b1fe80ebdbf9b29854e89750355df	3006683da77917461401080beb6ef3303785c5c2d06ade60c392e9c23eb2d22d	8141333cb95056c28702b89bc7e0ce13899ee7e8e61e9ab983b3348d259da6b3	0123af9e96b58af4e98b91a2de5608d36b63c67864b9041d3340587f3dbe40d2	cfa8dcf0d81c408de38d4202fe1ce9d9e5e301d1e67439c9530da94b1e64ee3f	7484d7b0dd80f45e18d726b04752827fe28555cc5c1af0e127948380e6688abf
semantic-proposal-v1	SC1-34c532053fc5f3593331afd04594ebdfb285ee58248ce6736f91beffda1e2f07	S016395	1	P01	SYMBOLS.tsv	406480	status	x86_64	include/uapi/linux/sunrpc_netlink.h	enum_constant	SUNRPC_A_UNIX_GID_SEQNO	45	PENDING_REVIEW	COMPLETE	COMPLETE	vendor/linux/include/uapi/linux/sunrpc_netlink.h;vendor/linux/include/uapi/linux/sunrpc_netlink.h:45;rewrite/configs/x86_64/frozen.config;header_closure=rewrite/metadata/header_closure.tsv;selected=PENDING_REVIEW	425f94c2954b1fe80ebdbf9b29854e89750355df	3006683da77917461401080beb6ef3303785c5c2d06ade60c392e9c23eb2d22d	8141333cb95056c28702b89bc7e0ce13899ee7e8e61e9ab983b3348d259da6b3	0123af9e96b58af4e98b91a2de5608d36b63c67864b9041d3340587f3dbe40d2	cfa8dcf0d81c408de38d4202fe1ce9d9e5e301d1e67439c9530da94b1e64ee3f	7484d7b0dd80f45e18d726b04752827fe28555cc5c1af0e127948380e6688abf
semantic-proposal-v1	SC1-e4fba16dd414318aeb95570e73f15324ca117067c27ff3be9a0520acef8d2580	S016395	1	P01	SYMBOLS.tsv	406481	selection_expression	x86_64	include/uapi/linux/sunrpc_netlink.h	enum_constant	SUNRPC_A_UNIX_GID_UID	46	PENDING_REVIEW	COMPLETE	COMPLETE	vendor/linux/include/uapi/linux/sunrpc_netlink.h;vendor/linux/include/uapi/linux/sunrpc_netlink.h:46;rewrite/configs/x86_64/frozen.config;header_closure=rewrite/metadata/header_closure.tsv;selected=PENDING_REVIEW	425f94c2954b1fe80ebdbf9b29854e89750355df	3006683da77917461401080beb6ef3303785c5c2d06ade60c392e9c23eb2d22d	8141333cb95056c28702b89bc7e0ce13899ee7e8e61e9ab983b3348d259da6b3	0123af9e96b58af4e98b91a2de5608d36b63c67864b9041d3340587f3dbe40d2	cfa8dcf0d81c408de38d4202fe1ce9d9e5e301d1e67439c9530da94b1e64ee3f	7484d7b0dd80f45e18d726b04752827fe28555cc5c1af0e127948380e6688abf
semantic-proposal-v1	SC1-9e6613b814da4c2b509f9b24d31b91ee8cec04772a3e080638f2ce455b2db647	S016395	1	P01	SYMBOLS.tsv	406481	status	x86_64	include/uapi/linux/sunrpc_netlink.h	enum_constant	SUNRPC_A_UNIX_GID_UID	46	PENDING_REVIEW	COMPLETE	COMPLETE	vendor/linux/include/uapi/linux/sunrpc_netlink.h;vendor/linux/include/uapi/linux/sunrpc_netlink.h:46;rewrite/configs/x86_64/frozen.config;header_closure=rewrite/metadata/header_closure.tsv;selected=PENDING_REVIEW	425f94c2954b1fe80ebdbf9b29854e89750355df	3006683da77917461401080beb6ef3303785c5c2d06ade60c392e9c23eb2d22d	8141333cb95056c28702b89bc7e0ce13899ee7e8e61e9ab983b3348d259da6b3	0123af9e96b58af4e98b91a2de5608d36b63c67864b9041d3340587f3dbe40d2	cfa8dcf0d81c408de38d4202fe1ce9d9e5e301d1e67439c9530da94b1e64ee3f	7484d7b0dd80f45e18d726b04752827fe28555cc5c1af0e127948380e6688abf
semantic-proposal-v1	SC1-44a402e0ad4f66e4303d7eff06b553e4acbc6c094db14f7e21fb8f9566b90509	S016395	1	P01	SYMBOLS.tsv	406482	selection_expression	x86_64	include/uapi/linux/sunrpc_netlink.h	enum_constant	SUNRPC_A_UNIX_GID_GIDS	47	PENDING_REVIEW	COMPLETE	COMPLETE	vendor/linux/include/uapi/linux/sunrpc_netlink.h;vendor/linux/include/uapi/linux/sunrpc_netlink.h:47;rewrite/configs/x86_64/frozen.config;header_closure=rewrite/metadata/header_closure.tsv;selected=PENDING_REVIEW	425f94c2954b1fe80ebdbf9b29854e89750355df	3006683da77917461401080beb6ef3303785c5c2d06ade60c392e9c23eb2d22d	8141333cb95056c28702b89bc7e0ce13899ee7e8e61e9ab983b3348d259da6b3	0123af9e96b58af4e98b91a2de5608d36b63c67864b9041d3340587f3dbe40d2	cfa8dcf0d81c408de38d4202fe1ce9d9e5e301d1e67439c9530da94b1e64ee3f	7484d7b0dd80f45e18d726b04752827fe28555cc5c1af0e127948380e6688abf
semantic-proposal-v1	SC1-b07a3b7820a04117fa383aadde7405218592eedb562bbbd51f81c41d2d628bc9	S016395	1	P01	SYMBOLS.tsv	406482	status	x86_64	include/uapi/linux/sunrpc_netlink.h	enum_constant	SUNRPC_A_UNIX_GID_GIDS	47	PENDING_REVIEW	COMPLETE	COMPLETE	vendor/linux/include/uapi/linux/sunrpc_netlink.h;vendor/linux/include/uapi/linux/sunrpc_netlink.h:47;rewrite/configs/x86_64/frozen.config;header_closure=rewrite/metadata/header_closure.tsv;selected=PENDING_REVIEW	425f94c2954b1fe80ebdbf9b29854e89750355df	3006683da77917461401080beb6ef3303785c5c2d06ade60c392e9c23eb2d22d	8141333cb95056c28702b89bc7e0ce13899ee7e8e61e9ab983b3348d259da6b3	0123af9e96b58af4e98b91a2de5608d36b63c67864b9041d3340587f3dbe40d2	cfa8dcf0d81c408de38d4202fe1ce9d9e5e301d1e67439c9530da94b1e64ee3f	7484d7b0dd80f45e18d726b04752827fe28555cc5c1af0e127948380e6688abf
semantic-proposal-v1	SC1-4afd9acd100eab84dbb75d1b1738c09039b838f33219e204502a2ccb61d60322	S016395	1	P01	SYMBOLS.tsv	406483	selection_expression	x86_64	include/uapi/linux/sunrpc_netlink.h	enum_constant	SUNRPC_A_UNIX_GID_NEGATIVE	48	PENDING_REVIEW	COMPLETE	COMPLETE	vendor/linux/include/uapi/linux/sunrpc_netlink.h;vendor/linux/include/uapi/linux/sunrpc_netlink.h:48;rewrite/configs/x86_64/frozen.config;header_closure=rewrite/metadata/header_closure.tsv;selected=PENDING_REVIEW	425f94c2954b1fe80ebdbf9b29854e89750355df	3006683da77917461401080beb6ef3303785c5c2d06ade60c392e9c23eb2d22d	8141333cb95056c28702b89bc7e0ce13899ee7e8e61e9ab983b3348d259da6b3	0123af9e96b58af4e98b91a2de5608d36b63c67864b9041d3340587f3dbe40d2	cfa8dcf0d81c408de38d4202fe1ce9d9e5e301d1e67439c9530da94b1e64ee3f	7484d7b0dd80f45e18d726b04752827fe28555cc5c1af0e127948380e6688abf
semantic-proposal-v1	SC1-0adfe712a280e740c470044d51a9bfaf4cbf9b61f9cdbd417049dfba0daccedf	S016395	1	P01	SYMBOLS.tsv	406483	status	x86_64	include/uapi/linux/sunrpc_netlink.h	enum_constant	SUNRPC_A_UNIX_GID_NEGATIVE	48	PENDING_REVIEW	COMPLETE	COMPLETE	vendor/linux/include/uapi/linux/sunrpc_netlink.h;vendor/linux/include/uapi/linux/sunrpc_netlink.h:48;rewrite/configs/x86_64/frozen.config;header_closure=rewrite/metadata/header_closure.tsv;selected=PENDING_REVIEW	425f94c2954b1fe80ebdbf9b29854e89750355df	3006683da77917461401080beb6ef3303785c5c2d06ade60c392e9c23eb2d22d	8141333cb95056c28702b89bc7e0ce13899ee7e8e61e9ab983b3348d259da6b3	0123af9e96b58af4e98b91a2de5608d36b63c67864b9041d3340587f3dbe40d2	cfa8dcf0d81c408de38d4202fe1ce9d9e5e301d1e67439c9530da94b1e64ee3f	7484d7b0dd80f45e18d726b04752827fe28555cc5c1af0e127948380e6688abf
semantic-proposal-v1	SC1-cbfcb5ae20a5440a8964ce64aacb2bf090599b54229d9c0dab62efeb1c3458c7	S016395	1	P01	SYMBOLS.tsv	406484	selection_expression	x86_64	include/uapi/linux/sunrpc_netlink.h	enum_constant	SUNRPC_A_UNIX_GID_EXPIRY	49	PENDING_REVIEW	COMPLETE	COMPLETE	vendor/linux/include/uapi/linux/sunrpc_netlink.h;vendor/linux/include/uapi/linux/sunrpc_netlink.h:49;rewrite/configs/x86_64/frozen.config;header_closure=rewrite/metadata/header_closure.tsv;selected=PENDING_REVIEW	425f94c2954b1fe80ebdbf9b29854e89750355df	3006683da77917461401080beb6ef3303785c5c2d06ade60c392e9c23eb2d22d	8141333cb95056c28702b89bc7e0ce13899ee7e8e61e9ab983b3348d259da6b3	0123af9e96b58af4e98b91a2de5608d36b63c67864b9041d3340587f3dbe40d2	cfa8dcf0d81c408de38d4202fe1ce9d9e5e301d1e67439c9530da94b1e64ee3f	7484d7b0dd80f45e18d726b04752827fe28555cc5c1af0e127948380e6688abf
semantic-proposal-v1	SC1-324c2edb7a233c4a86d7deb1d1090f2b13398a0c841416a54f2316d8726106c5	S016395	1	P01	SYMBOLS.tsv	406484	status	x86_64	include/uapi/linux/sunrpc_netlink.h	enum_constant	SUNRPC_A_UNIX_GID_EXPIRY	49	PENDING_REVIEW	COMPLETE	COMPLETE	vendor/linux/include/uapi/linux/sunrpc_netlink.h;vendor/linux/include/uapi/linux/sunrpc_netlink.h:49;rewrite/configs/x86_64/frozen.config;header_closure=rewrite/metadata/header_closure.tsv;selected=PENDING_REVIEW	425f94c2954b1fe80ebdbf9b29854e89750355df	3006683da77917461401080beb6ef3303785c5c2d06ade60c392e9c23eb2d22d	8141333cb95056c28702b89bc7e0ce13899ee7e8e61e9ab983b3348d259da6b3	0123af9e96b58af4e98b91a2de5608d36b63c67864b9041d3340587f3dbe40d2	cfa8dcf0d81c408de38d4202fe1ce9d9e5e301d1e67439c9530da94b1e64ee3f	7484d7b0dd80f45e18d726b04752827fe28555cc5c1af0e127948380e6688abf
semantic-proposal-v1	SC1-0c427134b049f78e621a71e8d1e1b319e876bd1dbe26a620f9090c36833f3bc6	S016395	1	P01	SYMBOLS.tsv	406485	selection_expression	x86_64	include/uapi/linux/sunrpc_netlink.h	enum_constant	__SUNRPC_A_UNIX_GID_MAX	51	PENDING_REVIEW	COMPLETE	COMPLETE	vendor/linux/include/uapi/linux/sunrpc_netlink.h;vendor/linux/include/uapi/linux/sunrpc_netlink.h:51;rewrite/configs/x86_64/frozen.config;header_closure=rewrite/metadata/header_closure.tsv;selected=PENDING_REVIEW	425f94c2954b1fe80ebdbf9b29854e89750355df	3006683da77917461401080beb6ef3303785c5c2d06ade60c392e9c23eb2d22d	8141333cb95056c28702b89bc7e0ce13899ee7e8e61e9ab983b3348d259da6b3	0123af9e96b58af4e98b91a2de5608d36b63c67864b9041d3340587f3dbe40d2	cfa8dcf0d81c408de38d4202fe1ce9d9e5e301d1e67439c9530da94b1e64ee3f	7484d7b0dd80f45e18d726b04752827fe28555cc5c1af0e127948380e6688abf
semantic-proposal-v1	SC1-454113ab8799357cf7582803ce51732c282e85f9e9f1b8a1ad04ef5d1c6d7de6	S016395	1	P01	SYMBOLS.tsv	406485	status	x86_64	include/uapi/linux/sunrpc_netlink.h	enum_constant	__SUNRPC_A_UNIX_GID_MAX	51	PENDING_REVIEW	COMPLETE	COMPLETE	vendor/linux/include/uapi/linux/sunrpc_netlink.h;vendor/linux/include/uapi/linux/sunrpc_netlink.h:51;rewrite/configs/x86_64/frozen.config;header_closure=rewrite/metadata/header_closure.tsv;selected=PENDING_REVIEW	425f94c2954b1fe80ebdbf9b29854e89750355df	3006683da77917461401080beb6ef3303785c5c2d06ade60c392e9c23eb2d22d	8141333cb95056c28702b89bc7e0ce13899ee7e8e61e9ab983b3348d259da6b3	0123af9e96b58af4e98b91a2de5608d36b63c67864b9041d3340587f3dbe40d2	cfa8dcf0d81c408de38d4202fe1ce9d9e5e301d1e67439c9530da94b1e64ee3f	7484d7b0dd80f45e18d726b04752827fe28555cc5c1af0e127948380e6688abf
semantic-proposal-v1	SC1-add74072beb5ca7cb003090e4f8902eb389c9fed08a060c57960d37792e0a1ee	S016395	1	P01	SYMBOLS.tsv	406486	selection_expression	x86_64	include/uapi/linux/sunrpc_netlink.h	enum_constant	SUNRPC_A_UNIX_GID_MAX	52	PENDING_REVIEW	COMPLETE	COMPLETE	vendor/linux/include/uapi/linux/sunrpc_netlink.h;vendor/linux/include/uapi/linux/sunrpc_netlink.h:52;rewrite/configs/x86_64/frozen.config;header_closure=rewrite/metadata/header_closure.tsv;selected=PENDING_REVIEW	425f94c2954b1fe80ebdbf9b29854e89750355df	3006683da77917461401080beb6ef3303785c5c2d06ade60c392e9c23eb2d22d	8141333cb95056c28702b89bc7e0ce13899ee7e8e61e9ab983b3348d259da6b3	0123af9e96b58af4e98b91a2de5608d36b63c67864b9041d3340587f3dbe40d2	cfa8dcf0d81c408de38d4202fe1ce9d9e5e301d1e67439c9530da94b1e64ee3f	7484d7b0dd80f45e18d726b04752827fe28555cc5c1af0e127948380e6688abf
semantic-proposal-v1	SC1-5f9968b9e6e9ab236ecb6d59d254b9d11cfdba439912a9f616469e025113bb59	S016395	1	P01	SYMBOLS.tsv	406486	status	x86_64	include/uapi/linux/sunrpc_netlink.h	enum_constant	SUNRPC_A_UNIX_GID_MAX	52	PENDING_REVIEW	COMPLETE	COMPLETE	vendor/linux/include/uapi/linux/sunrpc_netlink.h;vendor/linux/include/uapi/linux/sunrpc_netlink.h:52;rewrite/configs/x86_64/frozen.config;header_closure=rewrite/metadata/header_closure.tsv;selected=PENDING_REVIEW	425f94c2954b1fe80ebdbf9b29854e89750355df	3006683da77917461401080beb6ef3303785c5c2d06ade60c392e9c23eb2d22d	8141333cb95056c28702b89bc7e0ce13899ee7e8e61e9ab983b3348d259da6b3	0123af9e96b58af4e98b91a2de5608d36b63c67864b9041d3340587f3dbe40d2	cfa8dcf0d81c408de38d4202fe1ce9d9e5e301d1e67439c9530da94b1e64ee3f	7484d7b0dd80f45e18d726b04752827fe28555cc5c1af0e127948380e6688abf
semantic-proposal-v1	SC1-f453be6bf40dd075f9437c4c904e37e96fa32e011f1ee2ca89ee60db98178ec1	S016395	1	P01	SYMBOLS.tsv	406487	selection_expression	x86_64	include/uapi/linux/sunrpc_netlink.h	type	anonymous_enum@55	55	PENDING_REVIEW	COMPLETE	COMPLETE	vendor/linux/include/uapi/linux/sunrpc_netlink.h;vendor/linux/include/uapi/linux/sunrpc_netlink.h:55;rewrite/configs/x86_64/frozen.config;header_closure=rewrite/metadata/header_closure.tsv;selected=PENDING_REVIEW	425f94c2954b1fe80ebdbf9b29854e89750355df	3006683da77917461401080beb6ef3303785c5c2d06ade60c392e9c23eb2d22d	8141333cb95056c28702b89bc7e0ce13899ee7e8e61e9ab983b3348d259da6b3	0123af9e96b58af4e98b91a2de5608d36b63c67864b9041d3340587f3dbe40d2	cfa8dcf0d81c408de38d4202fe1ce9d9e5e301d1e67439c9530da94b1e64ee3f	7484d7b0dd80f45e18d726b04752827fe28555cc5c1af0e127948380e6688abf
semantic-proposal-v1	SC1-08da3d7a4a9f6645adcd2f953198cee3335c3103e303bc997fe0aa02cbd5f271	S016395	1	P01	SYMBOLS.tsv	406487	status	x86_64	include/uapi/linux/sunrpc_netlink.h	type	anonymous_enum@55	55	PENDING_REVIEW	COMPLETE	COMPLETE	vendor/linux/include/uapi/linux/sunrpc_netlink.h;vendor/linux/include/uapi/linux/sunrpc_netlink.h:55;rewrite/configs/x86_64/frozen.config;header_closure=rewrite/metadata/header_closure.tsv;selected=PENDING_REVIEW	425f94c2954b1fe80ebdbf9b29854e89750355df	3006683da77917461401080beb6ef3303785c5c2d06ade60c392e9c23eb2d22d	8141333cb95056c28702b89bc7e0ce13899ee7e8e61e9ab983b3348d259da6b3	0123af9e96b58af4e98b91a2de5608d36b63c67864b9041d3340587f3dbe40d2	cfa8dcf0d81c408de38d4202fe1ce9d9e5e301d1e67439c9530da94b1e64ee3f	7484d7b0dd80f45e18d726b04752827fe28555cc5c1af0e127948380e6688abf
semantic-proposal-v1	SC1-82aa232d9843628b47c87e6f76e52a57268836edf7ff23e6d0d5344327a7dc58	S016395	1	P01	SYMBOLS.tsv	406488	selection_expression	x86_64	include/uapi/linux/sunrpc_netlink.h	enum_constant	SUNRPC_A_UNIX_GID_REQS_REQUESTS	56	PENDING_REVIEW	COMPLETE	COMPLETE	vendor/linux/include/uapi/linux/sunrpc_netlink.h;vendor/linux/include/uapi/linux/sunrpc_netlink.h:56;rewrite/configs/x86_64/frozen.config;header_closure=rewrite/metadata/header_closure.tsv;selected=PENDING_REVIEW	425f94c2954b1fe80ebdbf9b29854e89750355df	3006683da77917461401080beb6ef3303785c5c2d06ade60c392e9c23eb2d22d	8141333cb95056c28702b89bc7e0ce13899ee7e8e61e9ab983b3348d259da6b3	0123af9e96b58af4e98b91a2de5608d36b63c67864b9041d3340587f3dbe40d2	cfa8dcf0d81c408de38d4202fe1ce9d9e5e301d1e67439c9530da94b1e64ee3f	7484d7b0dd80f45e18d726b04752827fe28555cc5c1af0e127948380e6688abf
semantic-proposal-v1	SC1-be5c2e9ad8c8f3c6ae4c5ca718d666cbaf1e3c1b46e3b78985c724e6012ba9fa	S016395	1	P01	SYMBOLS.tsv	406488	status	x86_64	include/uapi/linux/sunrpc_netlink.h	enum_constant	SUNRPC_A_UNIX_GID_REQS_REQUESTS	56	PENDING_REVIEW	COMPLETE	COMPLETE	vendor/linux/include/uapi/linux/sunrpc_netlink.h;vendor/linux/include/uapi/linux/sunrpc_netlink.h:56;rewrite/configs/x86_64/frozen.config;header_closure=rewrite/metadata/header_closure.tsv;selected=PENDING_REVIEW	425f94c2954b1fe80ebdbf9b29854e89750355df	3006683da77917461401080beb6ef3303785c5c2d06ade60c392e9c23eb2d22d	8141333cb95056c28702b89bc7e0ce13899ee7e8e61e9ab983b3348d259da6b3	0123af9e96b58af4e98b91a2de5608d36b63c67864b9041d3340587f3dbe40d2	cfa8dcf0d81c408de38d4202fe1ce9d9e5e301d1e67439c9530da94b1e64ee3f	7484d7b0dd80f45e18d726b04752827fe28555cc5c1af0e127948380e6688abf
semantic-proposal-v1	SC1-7ed875aef650602b9d30e102bd4f85cd2a9d832ddbf19fb800be846346e2ea29	S016395	1	P01	SYMBOLS.tsv	406489	selection_expression	x86_64	include/uapi/linux/sunrpc_netlink.h	enum_constant	__SUNRPC_A_UNIX_GID_REQS_MAX	58	PENDING_REVIEW	COMPLETE	COMPLETE	vendor/linux/include/uapi/linux/sunrpc_netlink.h;vendor/linux/include/uapi/linux/sunrpc_netlink.h:58;rewrite/configs/x86_64/frozen.config;header_closure=rewrite/metadata/header_closure.tsv;selected=PENDING_REVIEW	425f94c2954b1fe80ebdbf9b29854e89750355df	3006683da77917461401080beb6ef3303785c5c2d06ade60c392e9c23eb2d22d	8141333cb95056c28702b89bc7e0ce13899ee7e8e61e9ab983b3348d259da6b3	0123af9e96b58af4e98b91a2de5608d36b63c67864b9041d3340587f3dbe40d2	cfa8dcf0d81c408de38d4202fe1ce9d9e5e301d1e67439c9530da94b1e64ee3f	7484d7b0dd80f45e18d726b04752827fe28555cc5c1af0e127948380e6688abf
semantic-proposal-v1	SC1-ac76e1b5038bd92f1b6af8f98d4da319ea38a140a6fb6c18e99d54b8ce9d386c	S016395	1	P01	SYMBOLS.tsv	406489	status	x86_64	include/uapi/linux/sunrpc_netlink.h	enum_constant	__SUNRPC_A_UNIX_GID_REQS_MAX	58	PENDING_REVIEW	COMPLETE	COMPLETE	vendor/linux/include/uapi/linux/sunrpc_netlink.h;vendor/linux/include/uapi/linux/sunrpc_netlink.h:58;rewrite/configs/x86_64/frozen.config;header_closure=rewrite/metadata/header_closure.tsv;selected=PENDING_REVIEW	425f94c2954b1fe80ebdbf9b29854e89750355df	3006683da77917461401080beb6ef3303785c5c2d06ade60c392e9c23eb2d22d	8141333cb95056c28702b89bc7e0ce13899ee7e8e61e9ab983b3348d259da6b3	0123af9e96b58af4e98b91a2de5608d36b63c67864b9041d3340587f3dbe40d2	cfa8dcf0d81c408de38d4202fe1ce9d9e5e301d1e67439c9530da94b1e64ee3f	7484d7b0dd80f45e18d726b04752827fe28555cc5c1af0e127948380e6688abf
semantic-proposal-v1	SC1-0b5499bf5b2f297453837ae2803c8b2289e1901f3705f607bb7f4ed70e732061	S016395	1	P01	SYMBOLS.tsv	406490	selection_expression	x86_64	include/uapi/linux/sunrpc_netlink.h	enum_constant	SUNRPC_A_UNIX_GID_REQS_MAX	59	PENDING_REVIEW	COMPLETE	COMPLETE	vendor/linux/include/uapi/linux/sunrpc_netlink.h;vendor/linux/include/uapi/linux/sunrpc_netlink.h:59;rewrite/configs/x86_64/frozen.config;header_closure=rewrite/metadata/header_closure.tsv;selected=PENDING_REVIEW	425f94c2954b1fe80ebdbf9b29854e89750355df	3006683da77917461401080beb6ef3303785c5c2d06ade60c392e9c23eb2d22d	8141333cb95056c28702b89bc7e0ce13899ee7e8e61e9ab983b3348d259da6b3	0123af9e96b58af4e98b91a2de5608d36b63c67864b9041d3340587f3dbe40d2	cfa8dcf0d81c408de38d4202fe1ce9d9e5e301d1e67439c9530da94b1e64ee3f	7484d7b0dd80f45e18d726b04752827fe28555cc5c1af0e127948380e6688abf
semantic-proposal-v1	SC1-0c10efb98aed44413700fe7d3a91f9b1a88847df498114ab8aea5fafcfedac21	S016395	1	P01	SYMBOLS.tsv	406490	status	x86_64	include/uapi/linux/sunrpc_netlink.h	enum_constant	SUNRPC_A_UNIX_GID_REQS_MAX	59	PENDING_REVIEW	COMPLETE	COMPLETE	vendor/linux/include/uapi/linux/sunrpc_netlink.h;vendor/linux/include/uapi/linux/sunrpc_netlink.h:59;rewrite/configs/x86_64/frozen.config;header_closure=rewrite/metadata/header_closure.tsv;selected=PENDING_REVIEW	425f94c2954b1fe80ebdbf9b29854e89750355df	3006683da77917461401080beb6ef3303785c5c2d06ade60c392e9c23eb2d22d	8141333cb95056c28702b89bc7e0ce13899ee7e8e61e9ab983b3348d259da6b3	0123af9e96b58af4e98b91a2de5608d36b63c67864b9041d3340587f3dbe40d2	cfa8dcf0d81c408de38d4202fe1ce9d9e5e301d1e67439c9530da94b1e64ee3f	7484d7b0dd80f45e18d726b04752827fe28555cc5c1af0e127948380e6688abf
semantic-proposal-v1	SC1-7f151d14dd56e93df8e890dde19cfcb898b453887638acc225183a24e528aa9b	S016395	1	P01	SYMBOLS.tsv	406491	selection_expression	x86_64	include/uapi/linux/sunrpc_netlink.h	type	anonymous_enum@62	62	PENDING_REVIEW	COMPLETE	COMPLETE	vendor/linux/include/uapi/linux/sunrpc_netlink.h;vendor/linux/include/uapi/linux/sunrpc_netlink.h:62;rewrite/configs/x86_64/frozen.config;header_closure=rewrite/metadata/header_closure.tsv;selected=PENDING_REVIEW	425f94c2954b1fe80ebdbf9b29854e89750355df	3006683da77917461401080beb6ef3303785c5c2d06ade60c392e9c23eb2d22d	8141333cb95056c28702b89bc7e0ce13899ee7e8e61e9ab983b3348d259da6b3	0123af9e96b58af4e98b91a2de5608d36b63c67864b9041d3340587f3dbe40d2	cfa8dcf0d81c408de38d4202fe1ce9d9e5e301d1e67439c9530da94b1e64ee3f	7484d7b0dd80f45e18d726b04752827fe28555cc5c1af0e127948380e6688abf
semantic-proposal-v1	SC1-e508ddb54e220b1102ac0c77fab2d348846610b05d0a153ba2f349e9aef7c490	S016395	1	P01	SYMBOLS.tsv	406491	status	x86_64	include/uapi/linux/sunrpc_netlink.h	type	anonymous_enum@62	62	PENDING_REVIEW	COMPLETE	COMPLETE	vendor/linux/include/uapi/linux/sunrpc_netlink.h;vendor/linux/include/uapi/linux/sunrpc_netlink.h:62;rewrite/configs/x86_64/frozen.config;header_closure=rewrite/metadata/header_closure.tsv;selected=PENDING_REVIEW	425f94c2954b1fe80ebdbf9b29854e89750355df	3006683da77917461401080beb6ef3303785c5c2d06ade60c392e9c23eb2d22d	8141333cb95056c28702b89bc7e0ce13899ee7e8e61e9ab983b3348d259da6b3	0123af9e96b58af4e98b91a2de5608d36b63c67864b9041d3340587f3dbe40d2	cfa8dcf0d81c408de38d4202fe1ce9d9e5e301d1e67439c9530da94b1e64ee3f	7484d7b0dd80f45e18d726b04752827fe28555cc5c1af0e127948380e6688abf
semantic-proposal-v1	SC1-c4d90173d29c5154c76d9fa9c5ce380bf33a2805c156cb2d316fd31abc6d62b7	S016395	1	P01	SYMBOLS.tsv	406492	selection_expression	x86_64	include/uapi/linux/sunrpc_netlink.h	enum_constant	SUNRPC_A_CACHE_FLUSH_MASK	63	PENDING_REVIEW	COMPLETE	COMPLETE	vendor/linux/include/uapi/linux/sunrpc_netlink.h;vendor/linux/include/uapi/linux/sunrpc_netlink.h:63;rewrite/configs/x86_64/frozen.config;header_closure=rewrite/metadata/header_closure.tsv;selected=PENDING_REVIEW	425f94c2954b1fe80ebdbf9b29854e89750355df	3006683da77917461401080beb6ef3303785c5c2d06ade60c392e9c23eb2d22d	8141333cb95056c28702b89bc7e0ce13899ee7e8e61e9ab983b3348d259da6b3	0123af9e96b58af4e98b91a2de5608d36b63c67864b9041d3340587f3dbe40d2	cfa8dcf0d81c408de38d4202fe1ce9d9e5e301d1e67439c9530da94b1e64ee3f	7484d7b0dd80f45e18d726b04752827fe28555cc5c1af0e127948380e6688abf
semantic-proposal-v1	SC1-da2cfb888e9934a0657f8beeafd898a73c40da875b4925e7118e3b1b8901a8db	S016395	1	P01	SYMBOLS.tsv	406492	status	x86_64	include/uapi/linux/sunrpc_netlink.h	enum_constant	SUNRPC_A_CACHE_FLUSH_MASK	63	PENDING_REVIEW	COMPLETE	COMPLETE	vendor/linux/include/uapi/linux/sunrpc_netlink.h;vendor/linux/include/uapi/linux/sunrpc_netlink.h:63;rewrite/configs/x86_64/frozen.config;header_closure=rewrite/metadata/header_closure.tsv;selected=PENDING_REVIEW	425f94c2954b1fe80ebdbf9b29854e89750355df	3006683da77917461401080beb6ef3303785c5c2d06ade60c392e9c23eb2d22d	8141333cb95056c28702b89bc7e0ce13899ee7e8e61e9ab983b3348d259da6b3	0123af9e96b58af4e98b91a2de5608d36b63c67864b9041d3340587f3dbe40d2	cfa8dcf0d81c408de38d4202fe1ce9d9e5e301d1e67439c9530da94b1e64ee3f	7484d7b0dd80f45e18d726b04752827fe28555cc5c1af0e127948380e6688abf
semantic-proposal-v1	SC1-e004ea63c22853fa7d90626eb28bf97e9ab974292b224c2c61166dc8bc9b07f5	S016395	1	P01	SYMBOLS.tsv	406493	selection_expression	x86_64	include/uapi/linux/sunrpc_netlink.h	enum_constant	__SUNRPC_A_CACHE_FLUSH_MAX	65	PENDING_REVIEW	COMPLETE	COMPLETE	vendor/linux/include/uapi/linux/sunrpc_netlink.h;vendor/linux/include/uapi/linux/sunrpc_netlink.h:65;rewrite/configs/x86_64/frozen.config;header_closure=rewrite/metadata/header_closure.tsv;selected=PENDING_REVIEW	425f94c2954b1fe80ebdbf9b29854e89750355df	3006683da77917461401080beb6ef3303785c5c2d06ade60c392e9c23eb2d22d	8141333cb95056c28702b89bc7e0ce13899ee7e8e61e9ab983b3348d259da6b3	0123af9e96b58af4e98b91a2de5608d36b63c67864b9041d3340587f3dbe40d2	cfa8dcf0d81c408de38d4202fe1ce9d9e5e301d1e67439c9530da94b1e64ee3f	7484d7b0dd80f45e18d726b04752827fe28555cc5c1af0e127948380e6688abf
semantic-proposal-v1	SC1-c649c080038f66e5efe9222797653454ca26599a0edf6cfb22161904fc425296	S016395	1	P01	SYMBOLS.tsv	406493	status	x86_64	include/uapi/linux/sunrpc_netlink.h	enum_constant	__SUNRPC_A_CACHE_FLUSH_MAX	65	PENDING_REVIEW	COMPLETE	COMPLETE	vendor/linux/include/uapi/linux/sunrpc_netlink.h;vendor/linux/include/uapi/linux/sunrpc_netlink.h:65;rewrite/configs/x86_64/frozen.config;header_closure=rewrite/metadata/header_closure.tsv;selected=PENDING_REVIEW	425f94c2954b1fe80ebdbf9b29854e89750355df	3006683da77917461401080beb6ef3303785c5c2d06ade60c392e9c23eb2d22d	8141333cb95056c28702b89bc7e0ce13899ee7e8e61e9ab983b3348d259da6b3	0123af9e96b58af4e98b91a2de5608d36b63c67864b9041d3340587f3dbe40d2	cfa8dcf0d81c408de38d4202fe1ce9d9e5e301d1e67439c9530da94b1e64ee3f	7484d7b0dd80f45e18d726b04752827fe28555cc5c1af0e127948380e6688abf
semantic-proposal-v1	SC1-635652e2a14a7a7b532bd991b95a7c9b021aa4eeab3e97c9094c814509f61bda	S016395	1	P01	SYMBOLS.tsv	406494	selection_expression	x86_64	include/uapi/linux/sunrpc_netlink.h	enum_constant	SUNRPC_A_CACHE_FLUSH_MAX	66	PENDING_REVIEW	COMPLETE	COMPLETE	vendor/linux/include/uapi/linux/sunrpc_netlink.h;vendor/linux/include/uapi/linux/sunrpc_netlink.h:66;rewrite/configs/x86_64/frozen.config;header_closure=rewrite/metadata/header_closure.tsv;selected=PENDING_REVIEW	425f94c2954b1fe80ebdbf9b29854e89750355df	3006683da77917461401080beb6ef3303785c5c2d06ade60c392e9c23eb2d22d	8141333cb95056c28702b89bc7e0ce13899ee7e8e61e9ab983b3348d259da6b3	0123af9e96b58af4e98b91a2de5608d36b63c67864b9041d3340587f3dbe40d2	cfa8dcf0d81c408de38d4202fe1ce9d9e5e301d1e67439c9530da94b1e64ee3f	7484d7b0dd80f45e18d726b04752827fe28555cc5c1af0e127948380e6688abf
semantic-proposal-v1	SC1-93dbe32b5c71a8c38ca5bfa14c9df320e6e37dd62d08f8ea5cb47d47d42cc708	S016395	1	P01	SYMBOLS.tsv	406494	status	x86_64	include/uapi/linux/sunrpc_netlink.h	enum_constant	SUNRPC_A_CACHE_FLUSH_MAX	66	PENDING_REVIEW	COMPLETE	COMPLETE	vendor/linux/include/uapi/linux/sunrpc_netlink.h;vendor/linux/include/uapi/linux/sunrpc_netlink.h:66;rewrite/configs/x86_64/frozen.config;header_closure=rewrite/metadata/header_closure.tsv;selected=PENDING_REVIEW	425f94c2954b1fe80ebdbf9b29854e89750355df	3006683da77917461401080beb6ef3303785c5c2d06ade60c392e9c23eb2d22d	8141333cb95056c28702b89bc7e0ce13899ee7e8e61e9ab983b3348d259da6b3	0123af9e96b58af4e98b91a2de5608d36b63c67864b9041d3340587f3dbe40d2	cfa8dcf0d81c408de38d4202fe1ce9d9e5e301d1e67439c9530da94b1e64ee3f	7484d7b0dd80f45e18d726b04752827fe28555cc5c1af0e127948380e6688abf
semantic-proposal-v1	SC1-753c4b40283ef9371e5f90e22ddf997c8afed5ee8705c7c6cbcb80c773b324b3	S016395	1	P01	SYMBOLS.tsv	406495	selection_expression	x86_64	include/uapi/linux/sunrpc_netlink.h	type	anonymous_enum@69	69	PENDING_REVIEW	COMPLETE	COMPLETE	vendor/linux/include/uapi/linux/sunrpc_netlink.h;vendor/linux/include/uapi/linux/sunrpc_netlink.h:69;rewrite/configs/x86_64/frozen.config;header_closure=rewrite/metadata/header_closure.tsv;selected=PENDING_REVIEW	425f94c2954b1fe80ebdbf9b29854e89750355df	3006683da77917461401080beb6ef3303785c5c2d06ade60c392e9c23eb2d22d	8141333cb95056c28702b89bc7e0ce13899ee7e8e61e9ab983b3348d259da6b3	0123af9e96b58af4e98b91a2de5608d36b63c67864b9041d3340587f3dbe40d2	cfa8dcf0d81c408de38d4202fe1ce9d9e5e301d1e67439c9530da94b1e64ee3f	7484d7b0dd80f45e18d726b04752827fe28555cc5c1af0e127948380e6688abf
semantic-proposal-v1	SC1-b32ac84e0d14c9060a6f1ccedff77e87474f65cda2b04f28ee4069f2871f0b39	S016395	1	P01	SYMBOLS.tsv	406495	status	x86_64	include/uapi/linux/sunrpc_netlink.h	type	anonymous_enum@69	69	PENDING_REVIEW	COMPLETE	COMPLETE	vendor/linux/include/uapi/linux/sunrpc_netlink.h;vendor/linux/include/uapi/linux/sunrpc_netlink.h:69;rewrite/configs/x86_64/frozen.config;header_closure=rewrite/metadata/header_closure.tsv;selected=PENDING_REVIEW	425f94c2954b1fe80ebdbf9b29854e89750355df	3006683da77917461401080beb6ef3303785c5c2d06ade60c392e9c23eb2d22d	8141333cb95056c28702b89bc7e0ce13899ee7e8e61e9ab983b3348d259da6b3	0123af9e96b58af4e98b91a2de5608d36b63c67864b9041d3340587f3dbe40d2	cfa8dcf0d81c408de38d4202fe1ce9d9e5e301d1e67439c9530da94b1e64ee3f	7484d7b0dd80f45e18d726b04752827fe28555cc5c1af0e127948380e6688abf
semantic-proposal-v1	SC1-ed41e42997e0c5c587c8611b517e70a3b2cda95fbc6e8b1c74467bf3aaec78b7	S016395	1	P01	SYMBOLS.tsv	406496	selection_expression	x86_64	include/uapi/linux/sunrpc_netlink.h	enum_constant	SUNRPC_CMD_CACHE_NOTIFY	70	PENDING_REVIEW	COMPLETE	COMPLETE	vendor/linux/include/uapi/linux/sunrpc_netlink.h;vendor/linux/include/uapi/linux/sunrpc_netlink.h:70;rewrite/configs/x86_64/frozen.config;header_closure=rewrite/metadata/header_closure.tsv;selected=PENDING_REVIEW	425f94c2954b1fe80ebdbf9b29854e89750355df	3006683da77917461401080beb6ef3303785c5c2d06ade60c392e9c23eb2d22d	8141333cb95056c28702b89bc7e0ce13899ee7e8e61e9ab983b3348d259da6b3	0123af9e96b58af4e98b91a2de5608d36b63c67864b9041d3340587f3dbe40d2	cfa8dcf0d81c408de38d4202fe1ce9d9e5e301d1e67439c9530da94b1e64ee3f	7484d7b0dd80f45e18d726b04752827fe28555cc5c1af0e127948380e6688abf
semantic-proposal-v1	SC1-7518d0b6a407c641c12baaf52e8d91ee726502fbfcef21872babf8a6d5a40c10	S016395	1	P01	SYMBOLS.tsv	406496	status	x86_64	include/uapi/linux/sunrpc_netlink.h	enum_constant	SUNRPC_CMD_CACHE_NOTIFY	70	PENDING_REVIEW	COMPLETE	COMPLETE	vendor/linux/include/uapi/linux/sunrpc_netlink.h;vendor/linux/include/uapi/linux/sunrpc_netlink.h:70;rewrite/configs/x86_64/frozen.config;header_closure=rewrite/metadata/header_closure.tsv;selected=PENDING_REVIEW	425f94c2954b1fe80ebdbf9b29854e89750355df	3006683da77917461401080beb6ef3303785c5c2d06ade60c392e9c23eb2d22d	8141333cb95056c28702b89bc7e0ce13899ee7e8e61e9ab983b3348d259da6b3	0123af9e96b58af4e98b91a2de5608d36b63c67864b9041d3340587f3dbe40d2	cfa8dcf0d81c408de38d4202fe1ce9d9e5e301d1e67439c9530da94b1e64ee3f	7484d7b0dd80f45e18d726b04752827fe28555cc5c1af0e127948380e6688abf
semantic-proposal-v1	SC1-efbe8cb88f4ccbb9fa6ecfafb9b01bdecb06d38f2e9e64966fa2d8577e81b09c	S016395	1	P01	SYMBOLS.tsv	406497	selection_expression	x86_64	include/uapi/linux/sunrpc_netlink.h	enum_constant	SUNRPC_CMD_IP_MAP_GET_REQS	71	PENDING_REVIEW	COMPLETE	COMPLETE	vendor/linux/include/uapi/linux/sunrpc_netlink.h;vendor/linux/include/uapi/linux/sunrpc_netlink.h:71;rewrite/configs/x86_64/frozen.config;header_closure=rewrite/metadata/header_closure.tsv;selected=PENDING_REVIEW	425f94c2954b1fe80ebdbf9b29854e89750355df	3006683da77917461401080beb6ef3303785c5c2d06ade60c392e9c23eb2d22d	8141333cb95056c28702b89bc7e0ce13899ee7e8e61e9ab983b3348d259da6b3	0123af9e96b58af4e98b91a2de5608d36b63c67864b9041d3340587f3dbe40d2	cfa8dcf0d81c408de38d4202fe1ce9d9e5e301d1e67439c9530da94b1e64ee3f	7484d7b0dd80f45e18d726b04752827fe28555cc5c1af0e127948380e6688abf
semantic-proposal-v1	SC1-a44c6772a2c72deb1ce6771778e7c8284bbf07c512237caac2f49fb27c2f8f7b	S016395	1	P01	SYMBOLS.tsv	406497	status	x86_64	include/uapi/linux/sunrpc_netlink.h	enum_constant	SUNRPC_CMD_IP_MAP_GET_REQS	71	PENDING_REVIEW	COMPLETE	COMPLETE	vendor/linux/include/uapi/linux/sunrpc_netlink.h;vendor/linux/include/uapi/linux/sunrpc_netlink.h:71;rewrite/configs/x86_64/frozen.config;header_closure=rewrite/metadata/header_closure.tsv;selected=PENDING_REVIEW	425f94c2954b1fe80ebdbf9b29854e89750355df	3006683da77917461401080beb6ef3303785c5c2d06ade60c392e9c23eb2d22d	8141333cb95056c28702b89bc7e0ce13899ee7e8e61e9ab983b3348d259da6b3	0123af9e96b58af4e98b91a2de5608d36b63c67864b9041d3340587f3dbe40d2	cfa8dcf0d81c408de38d4202fe1ce9d9e5e301d1e67439c9530da94b1e64ee3f	7484d7b0dd80f45e18d726b04752827fe28555cc5c1af0e127948380e6688abf
semantic-proposal-v1	SC1-17637db36402e4b6a4e93ef24a11c108dc2c23529a55c7efbce2797278c7c469	S016395	1	P01	SYMBOLS.tsv	406498	selection_expression	x86_64	include/uapi/linux/sunrpc_netlink.h	enum_constant	SUNRPC_CMD_IP_MAP_SET_REQS	72	PENDING_REVIEW	COMPLETE	COMPLETE	vendor/linux/include/uapi/linux/sunrpc_netlink.h;vendor/linux/include/uapi/linux/sunrpc_netlink.h:72;rewrite/configs/x86_64/frozen.config;header_closure=rewrite/metadata/header_closure.tsv;selected=PENDING_REVIEW	425f94c2954b1fe80ebdbf9b29854e89750355df	3006683da77917461401080beb6ef3303785c5c2d06ade60c392e9c23eb2d22d	8141333cb95056c28702b89bc7e0ce13899ee7e8e61e9ab983b3348d259da6b3	0123af9e96b58af4e98b91a2de5608d36b63c67864b9041d3340587f3dbe40d2	cfa8dcf0d81c408de38d4202fe1ce9d9e5e301d1e67439c9530da94b1e64ee3f	7484d7b0dd80f45e18d726b04752827fe28555cc5c1af0e127948380e6688abf
semantic-proposal-v1	SC1-edf105f439ebeadfa053f8953a4bf4c312ad5e92aad1a7f4fdca407a105374c4	S016395	1	P01	SYMBOLS.tsv	406498	status	x86_64	include/uapi/linux/sunrpc_netlink.h	enum_constant	SUNRPC_CMD_IP_MAP_SET_REQS	72	PENDING_REVIEW	COMPLETE	COMPLETE	vendor/linux/include/uapi/linux/sunrpc_netlink.h;vendor/linux/include/uapi/linux/sunrpc_netlink.h:72;rewrite/configs/x86_64/frozen.config;header_closure=rewrite/metadata/header_closure.tsv;selected=PENDING_REVIEW	425f94c2954b1fe80ebdbf9b29854e89750355df	3006683da77917461401080beb6ef3303785c5c2d06ade60c392e9c23eb2d22d	8141333cb95056c28702b89bc7e0ce13899ee7e8e61e9ab983b3348d259da6b3	0123af9e96b58af4e98b91a2de5608d36b63c67864b9041d3340587f3dbe40d2	cfa8dcf0d81c408de38d4202fe1ce9d9e5e301d1e67439c9530da94b1e64ee3f	7484d7b0dd80f45e18d726b04752827fe28555cc5c1af0e127948380e6688abf
semantic-proposal-v1	SC1-17a46e21fd2c743b5383aa82411fa0d8842cc4fbf3f2e4365bd52f5b665c8544	S016395	1	P01	SYMBOLS.tsv	406499	selection_expression	x86_64	include/uapi/linux/sunrpc_netlink.h	enum_constant	SUNRPC_CMD_UNIX_GID_GET_REQS	73	PENDING_REVIEW	COMPLETE	COMPLETE	vendor/linux/include/uapi/linux/sunrpc_netlink.h;vendor/linux/include/uapi/linux/sunrpc_netlink.h:73;rewrite/configs/x86_64/frozen.config;header_closure=rewrite/metadata/header_closure.tsv;selected=PENDING_REVIEW	425f94c2954b1fe80ebdbf9b29854e89750355df	3006683da77917461401080beb6ef3303785c5c2d06ade60c392e9c23eb2d22d	8141333cb95056c28702b89bc7e0ce13899ee7e8e61e9ab983b3348d259da6b3	0123af9e96b58af4e98b91a2de5608d36b63c67864b9041d3340587f3dbe40d2	cfa8dcf0d81c408de38d4202fe1ce9d9e5e301d1e67439c9530da94b1e64ee3f	7484d7b0dd80f45e18d726b04752827fe28555cc5c1af0e127948380e6688abf
semantic-proposal-v1	SC1-6dde67e14eb5605b7492572cb14d770501b7a24c93bec39c05750533c968d35a	S016395	1	P01	SYMBOLS.tsv	406499	status	x86_64	include/uapi/linux/sunrpc_netlink.h	enum_constant	SUNRPC_CMD_UNIX_GID_GET_REQS	73	PENDING_REVIEW	COMPLETE	COMPLETE	vendor/linux/include/uapi/linux/sunrpc_netlink.h;vendor/linux/include/uapi/linux/sunrpc_netlink.h:73;rewrite/configs/x86_64/frozen.config;header_closure=rewrite/metadata/header_closure.tsv;selected=PENDING_REVIEW	425f94c2954b1fe80ebdbf9b29854e89750355df	3006683da77917461401080beb6ef3303785c5c2d06ade60c392e9c23eb2d22d	8141333cb95056c28702b89bc7e0ce13899ee7e8e61e9ab983b3348d259da6b3	0123af9e96b58af4e98b91a2de5608d36b63c67864b9041d3340587f3dbe40d2	cfa8dcf0d81c408de38d4202fe1ce9d9e5e301d1e67439c9530da94b1e64ee3f	7484d7b0dd80f45e18d726b04752827fe28555cc5c1af0e127948380e6688abf
semantic-proposal-v1	SC1-dcb474fa3ef489f5eb3f4de610815302da2447f1c5c2db86a551b7fff40856aa	S016395	1	P01	SYMBOLS.tsv	406500	selection_expression	x86_64	include/uapi/linux/sunrpc_netlink.h	enum_constant	SUNRPC_CMD_UNIX_GID_SET_REQS	74	PENDING_REVIEW	COMPLETE	COMPLETE	vendor/linux/include/uapi/linux/sunrpc_netlink.h;vendor/linux/include/uapi/linux/sunrpc_netlink.h:74;rewrite/configs/x86_64/frozen.config;header_closure=rewrite/metadata/header_closure.tsv;selected=PENDING_REVIEW	425f94c2954b1fe80ebdbf9b29854e89750355df	3006683da77917461401080beb6ef3303785c5c2d06ade60c392e9c23eb2d22d	8141333cb95056c28702b89bc7e0ce13899ee7e8e61e9ab983b3348d259da6b3	0123af9e96b58af4e98b91a2de5608d36b63c67864b9041d3340587f3dbe40d2	cfa8dcf0d81c408de38d4202fe1ce9d9e5e301d1e67439c9530da94b1e64ee3f	7484d7b0dd80f45e18d726b04752827fe28555cc5c1af0e127948380e6688abf
semantic-proposal-v1	SC1-b50fa6ff2d32c1cd3d4131416cdbc7ab2d0f61c3d7974b168d19485047c51c5d	S016395	1	P01	SYMBOLS.tsv	406500	status	x86_64	include/uapi/linux/sunrpc_netlink.h	enum_constant	SUNRPC_CMD_UNIX_GID_SET_REQS	74	PENDING_REVIEW	COMPLETE	COMPLETE	vendor/linux/include/uapi/linux/sunrpc_netlink.h;vendor/linux/include/uapi/linux/sunrpc_netlink.h:74;rewrite/configs/x86_64/frozen.config;header_closure=rewrite/metadata/header_closure.tsv;selected=PENDING_REVIEW	425f94c2954b1fe80ebdbf9b29854e89750355df	3006683da77917461401080beb6ef3303785c5c2d06ade60c392e9c23eb2d22d	8141333cb95056c28702b89bc7e0ce13899ee7e8e61e9ab983b3348d259da6b3	0123af9e96b58af4e98b91a2de5608d36b63c67864b9041d3340587f3dbe40d2	cfa8dcf0d81c408de38d4202fe1ce9d9e5e301d1e67439c9530da94b1e64ee3f	7484d7b0dd80f45e18d726b04752827fe28555cc5c1af0e127948380e6688abf
semantic-proposal-v1	SC1-a09c73e3b7a1a08aa06ab5fd97298ccde1c8b9761347341da74f396072f44c90	S016395	1	P01	SYMBOLS.tsv	406501	selection_expression	x86_64	include/uapi/linux/sunrpc_netlink.h	enum_constant	SUNRPC_CMD_CACHE_FLUSH	75	PENDING_REVIEW	COMPLETE	COMPLETE	vendor/linux/include/uapi/linux/sunrpc_netlink.h;vendor/linux/include/uapi/linux/sunrpc_netlink.h:75;rewrite/configs/x86_64/frozen.config;header_closure=rewrite/metadata/header_closure.tsv;selected=PENDING_REVIEW	425f94c2954b1fe80ebdbf9b29854e89750355df	3006683da77917461401080beb6ef3303785c5c2d06ade60c392e9c23eb2d22d	8141333cb95056c28702b89bc7e0ce13899ee7e8e61e9ab983b3348d259da6b3	0123af9e96b58af4e98b91a2de5608d36b63c67864b9041d3340587f3dbe40d2	cfa8dcf0d81c408de38d4202fe1ce9d9e5e301d1e67439c9530da94b1e64ee3f	7484d7b0dd80f45e18d726b04752827fe28555cc5c1af0e127948380e6688abf
semantic-proposal-v1	SC1-be08822176cc3927191d3b282b6efde3f52601d74a481dea5904a9c68e8e4a01	S016395	1	P01	SYMBOLS.tsv	406501	status	x86_64	include/uapi/linux/sunrpc_netlink.h	enum_constant	SUNRPC_CMD_CACHE_FLUSH	75	PENDING_REVIEW	COMPLETE	COMPLETE	vendor/linux/include/uapi/linux/sunrpc_netlink.h;vendor/linux/include/uapi/linux/sunrpc_netlink.h:75;rewrite/configs/x86_64/frozen.config;header_closure=rewrite/metadata/header_closure.tsv;selected=PENDING_REVIEW	425f94c2954b1fe80ebdbf9b29854e89750355df	3006683da77917461401080beb6ef3303785c5c2d06ade60c392e9c23eb2d22d	8141333cb95056c28702b89bc7e0ce13899ee7e8e61e9ab983b3348d259da6b3	0123af9e96b58af4e98b91a2de5608d36b63c67864b9041d3340587f3dbe40d2	cfa8dcf0d81c408de38d4202fe1ce9d9e5e301d1e67439c9530da94b1e64ee3f	7484d7b0dd80f45e18d726b04752827fe28555cc5c1af0e127948380e6688abf
semantic-proposal-v1	SC1-e610705b586183164e672910aa87dbf0c16dd74d2ff9f54563a639309a801ac8	S016395	1	P01	SYMBOLS.tsv	406502	selection_expression	x86_64	include/uapi/linux/sunrpc_netlink.h	enum_constant	__SUNRPC_CMD_MAX	77	PENDING_REVIEW	COMPLETE	COMPLETE	vendor/linux/include/uapi/linux/sunrpc_netlink.h;vendor/linux/include/uapi/linux/sunrpc_netlink.h:77;rewrite/configs/x86_64/frozen.config;header_closure=rewrite/metadata/header_closure.tsv;selected=PENDING_REVIEW	425f94c2954b1fe80ebdbf9b29854e89750355df	3006683da77917461401080beb6ef3303785c5c2d06ade60c392e9c23eb2d22d	8141333cb95056c28702b89bc7e0ce13899ee7e8e61e9ab983b3348d259da6b3	0123af9e96b58af4e98b91a2de5608d36b63c67864b9041d3340587f3dbe40d2	cfa8dcf0d81c408de38d4202fe1ce9d9e5e301d1e67439c9530da94b1e64ee3f	7484d7b0dd80f45e18d726b04752827fe28555cc5c1af0e127948380e6688abf
semantic-proposal-v1	SC1-b061d041bd366aa4544f0ea0014bcf1ab93254c8aa74861f4ae6c62cf5f0369d	S016395	1	P01	SYMBOLS.tsv	406502	status	x86_64	include/uapi/linux/sunrpc_netlink.h	enum_constant	__SUNRPC_CMD_MAX	77	PENDING_REVIEW	COMPLETE	COMPLETE	vendor/linux/include/uapi/linux/sunrpc_netlink.h;vendor/linux/include/uapi/linux/sunrpc_netlink.h:77;rewrite/configs/x86_64/frozen.config;header_closure=rewrite/metadata/header_closure.tsv;selected=PENDING_REVIEW	425f94c2954b1fe80ebdbf9b29854e89750355df	3006683da77917461401080beb6ef3303785c5c2d06ade60c392e9c23eb2d22d	8141333cb95056c28702b89bc7e0ce13899ee7e8e61e9ab983b3348d259da6b3	0123af9e96b58af4e98b91a2de5608d36b63c67864b9041d3340587f3dbe40d2	cfa8dcf0d81c408de38d4202fe1ce9d9e5e301d1e67439c9530da94b1e64ee3f	7484d7b0dd80f45e18d726b04752827fe28555cc5c1af0e127948380e6688abf
semantic-proposal-v1	SC1-f1b82386f9b4884e513f7e15a9f5ac3db5a0050a056e480f7870338c08bae8b6	S016395	1	P01	SYMBOLS.tsv	406503	selection_expression	x86_64	include/uapi/linux/sunrpc_netlink.h	enum_constant	SUNRPC_CMD_MAX	78	PENDING_REVIEW	COMPLETE	COMPLETE	vendor/linux/include/uapi/linux/sunrpc_netlink.h;vendor/linux/include/uapi/linux/sunrpc_netlink.h:78;rewrite/configs/x86_64/frozen.config;header_closure=rewrite/metadata/header_closure.tsv;selected=PENDING_REVIEW	425f94c2954b1fe80ebdbf9b29854e89750355df	3006683da77917461401080beb6ef3303785c5c2d06ade60c392e9c23eb2d22d	8141333cb95056c28702b89bc7e0ce13899ee7e8e61e9ab983b3348d259da6b3	0123af9e96b58af4e98b91a2de5608d36b63c67864b9041d3340587f3dbe40d2	cfa8dcf0d81c408de38d4202fe1ce9d9e5e301d1e67439c9530da94b1e64ee3f	7484d7b0dd80f45e18d726b04752827fe28555cc5c1af0e127948380e6688abf
semantic-proposal-v1	SC1-d844c8ad6ed2a9a31340d047269996f46b3eaa7bfd229349417e5eacbe26b137	S016395	1	P01	SYMBOLS.tsv	406503	status	x86_64	include/uapi/linux/sunrpc_netlink.h	enum_constant	SUNRPC_CMD_MAX	78	PENDING_REVIEW	COMPLETE	COMPLETE	vendor/linux/include/uapi/linux/sunrpc_netlink.h;vendor/linux/include/uapi/linux/sunrpc_netlink.h:78;rewrite/configs/x86_64/frozen.config;header_closure=rewrite/metadata/header_closure.tsv;selected=PENDING_REVIEW	425f94c2954b1fe80ebdbf9b29854e89750355df	3006683da77917461401080beb6ef3303785c5c2d06ade60c392e9c23eb2d22d	8141333cb95056c28702b89bc7e0ce13899ee7e8e61e9ab983b3348d259da6b3	0123af9e96b58af4e98b91a2de5608d36b63c67864b9041d3340587f3dbe40d2	cfa8dcf0d81c408de38d4202fe1ce9d9e5e301d1e67439c9530da94b1e64ee3f	7484d7b0dd80f45e18d726b04752827fe28555cc5c1af0e127948380e6688abf
semantic-proposal-v1	SC1-ceb8f4ab180b5cbda3aab2641431624d39c156f9bd80178bcc2ab0cf92dcdc7b	S016395	1	P01	ABI.tsv	194956	alignment	aarch64	include/uapi/linux/sunrpc_netlink.h	type	enum sunrpc_cache_type	13	PENDING_REVIEW	COMPLETE	COMPLETE	vendor/linux/include/uapi/linux/sunrpc_netlink.h;vendor/linux/include/uapi/linux/sunrpc_netlink.h:13;header-context=PENDING_REVIEW	425f94c2954b1fe80ebdbf9b29854e89750355df	3006683da77917461401080beb6ef3303785c5c2d06ade60c392e9c23eb2d22d	8141333cb95056c28702b89bc7e0ce13899ee7e8e61e9ab983b3348d259da6b3	0123af9e96b58af4e98b91a2de5608d36b63c67864b9041d3340587f3dbe40d2	cfa8dcf0d81c408de38d4202fe1ce9d9e5e301d1e67439c9530da94b1e64ee3f	ae0caca34fe9b6eb8097958d2fbb8d2b6a1fad60f91f3c2b8d948c43dbfcee39
semantic-proposal-v1	SC1-d8c45dad5f4b7a280bd8e8f96def3820813982066276d4d684c509f40e210771	S016395	1	P01	ABI.tsv	194956	export_kind	aarch64	include/uapi/linux/sunrpc_netlink.h	type	enum sunrpc_cache_type	13	PENDING_REVIEW	COMPLETE	COMPLETE	vendor/linux/include/uapi/linux/sunrpc_netlink.h;vendor/linux/include/uapi/linux/sunrpc_netlink.h:13;header-context=PENDING_REVIEW	425f94c2954b1fe80ebdbf9b29854e89750355df	3006683da77917461401080beb6ef3303785c5c2d06ade60c392e9c23eb2d22d	8141333cb95056c28702b89bc7e0ce13899ee7e8e61e9ab983b3348d259da6b3	0123af9e96b58af4e98b91a2de5608d36b63c67864b9041d3340587f3dbe40d2	cfa8dcf0d81c408de38d4202fe1ce9d9e5e301d1e67439c9530da94b1e64ee3f	ae0caca34fe9b6eb8097958d2fbb8d2b6a1fad60f91f3c2b8d948c43dbfcee39
semantic-proposal-v1	SC1-ef166c5a4ca97d61a7c1114bd2d7dc931f365af086e1d0635d7265091c3e4bfa	S016395	1	P01	ABI.tsv	194956	layout	aarch64	include/uapi/linux/sunrpc_netlink.h	type	enum sunrpc_cache_type	13	PENDING_REVIEW	COMPLETE	COMPLETE	vendor/linux/include/uapi/linux/sunrpc_netlink.h;vendor/linux/include/uapi/linux/sunrpc_netlink.h:13;header-context=PENDING_REVIEW	425f94c2954b1fe80ebdbf9b29854e89750355df	3006683da77917461401080beb6ef3303785c5c2d06ade60c392e9c23eb2d22d	8141333cb95056c28702b89bc7e0ce13899ee7e8e61e9ab983b3348d259da6b3	0123af9e96b58af4e98b91a2de5608d36b63c67864b9041d3340587f3dbe40d2	cfa8dcf0d81c408de38d4202fe1ce9d9e5e301d1e67439c9530da94b1e64ee3f	ae0caca34fe9b6eb8097958d2fbb8d2b6a1fad60f91f3c2b8d948c43dbfcee39
semantic-proposal-v1	SC1-dbe314a5435b0a4b64a7b8726979e4d78b3c3ff9c729bcda3b6d704fa181b474	S016395	1	P01	ABI.tsv	194956	status	aarch64	include/uapi/linux/sunrpc_netlink.h	type	enum sunrpc_cache_type	13	PENDING_REVIEW	COMPLETE	COMPLETE	vendor/linux/include/uapi/linux/sunrpc_netlink.h;vendor/linux/include/uapi/linux/sunrpc_netlink.h:13;header-context=PENDING_REVIEW	425f94c2954b1fe80ebdbf9b29854e89750355df	3006683da77917461401080beb6ef3303785c5c2d06ade60c392e9c23eb2d22d	8141333cb95056c28702b89bc7e0ce13899ee7e8e61e9ab983b3348d259da6b3	0123af9e96b58af4e98b91a2de5608d36b63c67864b9041d3340587f3dbe40d2	cfa8dcf0d81c408de38d4202fe1ce9d9e5e301d1e67439c9530da94b1e64ee3f	ae0caca34fe9b6eb8097958d2fbb8d2b6a1fad60f91f3c2b8d948c43dbfcee39
semantic-proposal-v1	SC1-6242481af526d5f783f101148ca1e2c6d143b9b4d08b9c9e27f17a110f9f5f84	S016395	1	P01	ABI.tsv	194957	alignment	aarch64	include/uapi/linux/sunrpc_netlink.h	type	anonymous_enum@18	18	PENDING_REVIEW	COMPLETE	COMPLETE	vendor/linux/include/uapi/linux/sunrpc_netlink.h;vendor/linux/include/uapi/linux/sunrpc_netlink.h:18;header-context=PENDING_REVIEW	425f94c2954b1fe80ebdbf9b29854e89750355df	3006683da77917461401080beb6ef3303785c5c2d06ade60c392e9c23eb2d22d	8141333cb95056c28702b89bc7e0ce13899ee7e8e61e9ab983b3348d259da6b3	0123af9e96b58af4e98b91a2de5608d36b63c67864b9041d3340587f3dbe40d2	cfa8dcf0d81c408de38d4202fe1ce9d9e5e301d1e67439c9530da94b1e64ee3f	ae0caca34fe9b6eb8097958d2fbb8d2b6a1fad60f91f3c2b8d948c43dbfcee39
semantic-proposal-v1	SC1-9b4f2fe7f8a7cfb5af0a93788c775116b3e122f65a97a04f548d314ac4b38bd3	S016395	1	P01	ABI.tsv	194957	export_kind	aarch64	include/uapi/linux/sunrpc_netlink.h	type	anonymous_enum@18	18	PENDING_REVIEW	COMPLETE	COMPLETE	vendor/linux/include/uapi/linux/sunrpc_netlink.h;vendor/linux/include/uapi/linux/sunrpc_netlink.h:18;header-context=PENDING_REVIEW	425f94c2954b1fe80ebdbf9b29854e89750355df	3006683da77917461401080beb6ef3303785c5c2d06ade60c392e9c23eb2d22d	8141333cb95056c28702b89bc7e0ce13899ee7e8e61e9ab983b3348d259da6b3	0123af9e96b58af4e98b91a2de5608d36b63c67864b9041d3340587f3dbe40d2	cfa8dcf0d81c408de38d4202fe1ce9d9e5e301d1e67439c9530da94b1e64ee3f	ae0caca34fe9b6eb8097958d2fbb8d2b6a1fad60f91f3c2b8d948c43dbfcee39
semantic-proposal-v1	SC1-8340bd7af685179bb1ff8a594388d252f0027330901504834abf3822aecaa483	S016395	1	P01	ABI.tsv	194957	layout	aarch64	include/uapi/linux/sunrpc_netlink.h	type	anonymous_enum@18	18	PENDING_REVIEW	COMPLETE	COMPLETE	vendor/linux/include/uapi/linux/sunrpc_netlink.h;vendor/linux/include/uapi/linux/sunrpc_netlink.h:18;header-context=PENDING_REVIEW	425f94c2954b1fe80ebdbf9b29854e89750355df	3006683da77917461401080beb6ef3303785c5c2d06ade60c392e9c23eb2d22d	8141333cb95056c28702b89bc7e0ce13899ee7e8e61e9ab983b3348d259da6b3	0123af9e96b58af4e98b91a2de5608d36b63c67864b9041d3340587f3dbe40d2	cfa8dcf0d81c408de38d4202fe1ce9d9e5e301d1e67439c9530da94b1e64ee3f	ae0caca34fe9b6eb8097958d2fbb8d2b6a1fad60f91f3c2b8d948c43dbfcee39
semantic-proposal-v1	SC1-39ddfa08d9c6d8e39ba015691dc9f27311ba5df6c70e208a5119bb8c39068550	S016395	1	P01	ABI.tsv	194957	status	aarch64	include/uapi/linux/sunrpc_netlink.h	type	anonymous_enum@18	18	PENDING_REVIEW	COMPLETE	COMPLETE	vendor/linux/include/uapi/linux/sunrpc_netlink.h;vendor/linux/include/uapi/linux/sunrpc_netlink.h:18;header-context=PENDING_REVIEW	425f94c2954b1fe80ebdbf9b29854e89750355df	3006683da77917461401080beb6ef3303785c5c2d06ade60c392e9c23eb2d22d	8141333cb95056c28702b89bc7e0ce13899ee7e8e61e9ab983b3348d259da6b3	0123af9e96b58af4e98b91a2de5608d36b63c67864b9041d3340587f3dbe40d2	cfa8dcf0d81c408de38d4202fe1ce9d9e5e301d1e67439c9530da94b1e64ee3f	ae0caca34fe9b6eb8097958d2fbb8d2b6a1fad60f91f3c2b8d948c43dbfcee39
semantic-proposal-v1	SC1-1aab73a3a6d9c70f5f82f2c70490fc513a73509ddefb05b4db691d3858f19466	S016395	1	P01	ABI.tsv	194958	alignment	aarch64	include/uapi/linux/sunrpc_netlink.h	type	anonymous_enum@25	25	PENDING_REVIEW	COMPLETE	COMPLETE	vendor/linux/include/uapi/linux/sunrpc_netlink.h;vendor/linux/include/uapi/linux/sunrpc_netlink.h:25;header-context=PENDING_REVIEW	425f94c2954b1fe80ebdbf9b29854e89750355df	3006683da77917461401080beb6ef3303785c5c2d06ade60c392e9c23eb2d22d	8141333cb95056c28702b89bc7e0ce13899ee7e8e61e9ab983b3348d259da6b3	0123af9e96b58af4e98b91a2de5608d36b63c67864b9041d3340587f3dbe40d2	cfa8dcf0d81c408de38d4202fe1ce9d9e5e301d1e67439c9530da94b1e64ee3f	ae0caca34fe9b6eb8097958d2fbb8d2b6a1fad60f91f3c2b8d948c43dbfcee39
semantic-proposal-v1	SC1-1368fa6b96da94fba4d7bbf83b84b1aee7218316b8dacf3e10c725a8e65da998	S016395	1	P01	ABI.tsv	194958	export_kind	aarch64	include/uapi/linux/sunrpc_netlink.h	type	anonymous_enum@25	25	PENDING_REVIEW	COMPLETE	COMPLETE	vendor/linux/include/uapi/linux/sunrpc_netlink.h;vendor/linux/include/uapi/linux/sunrpc_netlink.h:25;header-context=PENDING_REVIEW	425f94c2954b1fe80ebdbf9b29854e89750355df	3006683da77917461401080beb6ef3303785c5c2d06ade60c392e9c23eb2d22d	8141333cb95056c28702b89bc7e0ce13899ee7e8e61e9ab983b3348d259da6b3	0123af9e96b58af4e98b91a2de5608d36b63c67864b9041d3340587f3dbe40d2	cfa8dcf0d81c408de38d4202fe1ce9d9e5e301d1e67439c9530da94b1e64ee3f	ae0caca34fe9b6eb8097958d2fbb8d2b6a1fad60f91f3c2b8d948c43dbfcee39
semantic-proposal-v1	SC1-be102c40c03fa8ad7d702e6bf0fe7e08b9817b308fbd807a6ea1607970598336	S016395	1	P01	ABI.tsv	194958	layout	aarch64	include/uapi/linux/sunrpc_netlink.h	type	anonymous_enum@25	25	PENDING_REVIEW	COMPLETE	COMPLETE	vendor/linux/include/uapi/linux/sunrpc_netlink.h;vendor/linux/include/uapi/linux/sunrpc_netlink.h:25;header-context=PENDING_REVIEW	425f94c2954b1fe80ebdbf9b29854e89750355df	3006683da77917461401080beb6ef3303785c5c2d06ade60c392e9c23eb2d22d	8141333cb95056c28702b89bc7e0ce13899ee7e8e61e9ab983b3348d259da6b3	0123af9e96b58af4e98b91a2de5608d36b63c67864b9041d3340587f3dbe40d2	cfa8dcf0d81c408de38d4202fe1ce9d9e5e301d1e67439c9530da94b1e64ee3f	ae0caca34fe9b6eb8097958d2fbb8d2b6a1fad60f91f3c2b8d948c43dbfcee39
semantic-proposal-v1	SC1-838b17f55f63accffb99752d121b93968a2366083d19280efa04c4d8ee018bf2	S016395	1	P01	ABI.tsv	194958	status	aarch64	include/uapi/linux/sunrpc_netlink.h	type	anonymous_enum@25	25	PENDING_REVIEW	COMPLETE	COMPLETE	vendor/linux/include/uapi/linux/sunrpc_netlink.h;vendor/linux/include/uapi/linux/sunrpc_netlink.h:25;header-context=PENDING_REVIEW	425f94c2954b1fe80ebdbf9b29854e89750355df	3006683da77917461401080beb6ef3303785c5c2d06ade60c392e9c23eb2d22d	8141333cb95056c28702b89bc7e0ce13899ee7e8e61e9ab983b3348d259da6b3	0123af9e96b58af4e98b91a2de5608d36b63c67864b9041d3340587f3dbe40d2	cfa8dcf0d81c408de38d4202fe1ce9d9e5e301d1e67439c9530da94b1e64ee3f	ae0caca34fe9b6eb8097958d2fbb8d2b6a1fad60f91f3c2b8d948c43dbfcee39
semantic-proposal-v1	SC1-afb7a52ea2138717c851c2ac0ba3a7540bc2bb67ddcb6b63d59571631b0cbf81	S016395	1	P01	ABI.tsv	194959	alignment	aarch64	include/uapi/linux/sunrpc_netlink.h	type	anonymous_enum@37	37	PENDING_REVIEW	COMPLETE	COMPLETE	vendor/linux/include/uapi/linux/sunrpc_netlink.h;vendor/linux/include/uapi/linux/sunrpc_netlink.h:37;header-context=PENDING_REVIEW	425f94c2954b1fe80ebdbf9b29854e89750355df	3006683da77917461401080beb6ef3303785c5c2d06ade60c392e9c23eb2d22d	8141333cb95056c28702b89bc7e0ce13899ee7e8e61e9ab983b3348d259da6b3	0123af9e96b58af4e98b91a2de5608d36b63c67864b9041d3340587f3dbe40d2	cfa8dcf0d81c408de38d4202fe1ce9d9e5e301d1e67439c9530da94b1e64ee3f	ae0caca34fe9b6eb8097958d2fbb8d2b6a1fad60f91f3c2b8d948c43dbfcee39
semantic-proposal-v1	SC1-15c0cb4559f00a601d4a865b296c0327fcba12bc29e31a962837fdd46d33078d	S016395	1	P01	ABI.tsv	194959	export_kind	aarch64	include/uapi/linux/sunrpc_netlink.h	type	anonymous_enum@37	37	PENDING_REVIEW	COMPLETE	COMPLETE	vendor/linux/include/uapi/linux/sunrpc_netlink.h;vendor/linux/include/uapi/linux/sunrpc_netlink.h:37;header-context=PENDING_REVIEW	425f94c2954b1fe80ebdbf9b29854e89750355df	3006683da77917461401080beb6ef3303785c5c2d06ade60c392e9c23eb2d22d	8141333cb95056c28702b89bc7e0ce13899ee7e8e61e9ab983b3348d259da6b3	0123af9e96b58af4e98b91a2de5608d36b63c67864b9041d3340587f3dbe40d2	cfa8dcf0d81c408de38d4202fe1ce9d9e5e301d1e67439c9530da94b1e64ee3f	ae0caca34fe9b6eb8097958d2fbb8d2b6a1fad60f91f3c2b8d948c43dbfcee39
semantic-proposal-v1	SC1-deeb4bba0d94de14a4b99072b2d9507116243c8ae80c6d7c7786cbb8e6230259	S016395	1	P01	ABI.tsv	194959	layout	aarch64	include/uapi/linux/sunrpc_netlink.h	type	anonymous_enum@37	37	PENDING_REVIEW	COMPLETE	COMPLETE	vendor/linux/include/uapi/linux/sunrpc_netlink.h;vendor/linux/include/uapi/linux/sunrpc_netlink.h:37;header-context=PENDING_REVIEW	425f94c2954b1fe80ebdbf9b29854e89750355df	3006683da77917461401080beb6ef3303785c5c2d06ade60c392e9c23eb2d22d	8141333cb95056c28702b89bc7e0ce13899ee7e8e61e9ab983b3348d259da6b3	0123af9e96b58af4e98b91a2de5608d36b63c67864b9041d3340587f3dbe40d2	cfa8dcf0d81c408de38d4202fe1ce9d9e5e301d1e67439c9530da94b1e64ee3f	ae0caca34fe9b6eb8097958d2fbb8d2b6a1fad60f91f3c2b8d948c43dbfcee39
semantic-proposal-v1	SC1-0745c2878fc5612523e0fe0e682dc26140d4c78716963ec97d04ff16f9f90786	S016395	1	P01	ABI.tsv	194959	status	aarch64	include/uapi/linux/sunrpc_netlink.h	type	anonymous_enum@37	37	PENDING_REVIEW	COMPLETE	COMPLETE	vendor/linux/include/uapi/linux/sunrpc_netlink.h;vendor/linux/include/uapi/linux/sunrpc_netlink.h:37;header-context=PENDING_REVIEW	425f94c2954b1fe80ebdbf9b29854e89750355df	3006683da77917461401080beb6ef3303785c5c2d06ade60c392e9c23eb2d22d	8141333cb95056c28702b89bc7e0ce13899ee7e8e61e9ab983b3348d259da6b3	0123af9e96b58af4e98b91a2de5608d36b63c67864b9041d3340587f3dbe40d2	cfa8dcf0d81c408de38d4202fe1ce9d9e5e301d1e67439c9530da94b1e64ee3f	ae0caca34fe9b6eb8097958d2fbb8d2b6a1fad60f91f3c2b8d948c43dbfcee39
semantic-proposal-v1	SC1-972b7ddedbb8ba153280267a06f23a8985e75b570b3799db531789a63bb57c04	S016395	1	P01	ABI.tsv	194960	alignment	aarch64	include/uapi/linux/sunrpc_netlink.h	type	anonymous_enum@44	44	PENDING_REVIEW	COMPLETE	COMPLETE	vendor/linux/include/uapi/linux/sunrpc_netlink.h;vendor/linux/include/uapi/linux/sunrpc_netlink.h:44;header-context=PENDING_REVIEW	425f94c2954b1fe80ebdbf9b29854e89750355df	3006683da77917461401080beb6ef3303785c5c2d06ade60c392e9c23eb2d22d	8141333cb95056c28702b89bc7e0ce13899ee7e8e61e9ab983b3348d259da6b3	0123af9e96b58af4e98b91a2de5608d36b63c67864b9041d3340587f3dbe40d2	cfa8dcf0d81c408de38d4202fe1ce9d9e5e301d1e67439c9530da94b1e64ee3f	ae0caca34fe9b6eb8097958d2fbb8d2b6a1fad60f91f3c2b8d948c43dbfcee39
semantic-proposal-v1	SC1-7e14922e220767653e0a3beb47ff348788a94d9ec75c7864473e704a08d4a614	S016395	1	P01	ABI.tsv	194960	export_kind	aarch64	include/uapi/linux/sunrpc_netlink.h	type	anonymous_enum@44	44	PENDING_REVIEW	COMPLETE	COMPLETE	vendor/linux/include/uapi/linux/sunrpc_netlink.h;vendor/linux/include/uapi/linux/sunrpc_netlink.h:44;header-context=PENDING_REVIEW	425f94c2954b1fe80ebdbf9b29854e89750355df	3006683da77917461401080beb6ef3303785c5c2d06ade60c392e9c23eb2d22d	8141333cb95056c28702b89bc7e0ce13899ee7e8e61e9ab983b3348d259da6b3	0123af9e96b58af4e98b91a2de5608d36b63c67864b9041d3340587f3dbe40d2	cfa8dcf0d81c408de38d4202fe1ce9d9e5e301d1e67439c9530da94b1e64ee3f	ae0caca34fe9b6eb8097958d2fbb8d2b6a1fad60f91f3c2b8d948c43dbfcee39
semantic-proposal-v1	SC1-b6c5eefdbe106557b8d13532857e615aa09f7c8c57dbe0ad292992e59d8fb8dc	S016395	1	P01	ABI.tsv	194960	layout	aarch64	include/uapi/linux/sunrpc_netlink.h	type	anonymous_enum@44	44	PENDING_REVIEW	COMPLETE	COMPLETE	vendor/linux/include/uapi/linux/sunrpc_netlink.h;vendor/linux/include/uapi/linux/sunrpc_netlink.h:44;header-context=PENDING_REVIEW	425f94c2954b1fe80ebdbf9b29854e89750355df	3006683da77917461401080beb6ef3303785c5c2d06ade60c392e9c23eb2d22d	8141333cb95056c28702b89bc7e0ce13899ee7e8e61e9ab983b3348d259da6b3	0123af9e96b58af4e98b91a2de5608d36b63c67864b9041d3340587f3dbe40d2	cfa8dcf0d81c408de38d4202fe1ce9d9e5e301d1e67439c9530da94b1e64ee3f	ae0caca34fe9b6eb8097958d2fbb8d2b6a1fad60f91f3c2b8d948c43dbfcee39
semantic-proposal-v1	SC1-2de54e80b6ee882c820cedf7ba3534027bd0e62393ac43837a0abe0e4407f81f	S016395	1	P01	ABI.tsv	194960	status	aarch64	include/uapi/linux/sunrpc_netlink.h	type	anonymous_enum@44	44	PENDING_REVIEW	COMPLETE	COMPLETE	vendor/linux/include/uapi/linux/sunrpc_netlink.h;vendor/linux/include/uapi/linux/sunrpc_netlink.h:44;header-context=PENDING_REVIEW	425f94c2954b1fe80ebdbf9b29854e89750355df	3006683da77917461401080beb6ef3303785c5c2d06ade60c392e9c23eb2d22d	8141333cb95056c28702b89bc7e0ce13899ee7e8e61e9ab983b3348d259da6b3	0123af9e96b58af4e98b91a2de5608d36b63c67864b9041d3340587f3dbe40d2	cfa8dcf0d81c408de38d4202fe1ce9d9e5e301d1e67439c9530da94b1e64ee3f	ae0caca34fe9b6eb8097958d2fbb8d2b6a1fad60f91f3c2b8d948c43dbfcee39
semantic-proposal-v1	SC1-6181d0f87824aa86df76c1670bd50650842cf66010be52d29d941ab6edca297f	S016395	1	P01	ABI.tsv	194961	alignment	aarch64	include/uapi/linux/sunrpc_netlink.h	type	anonymous_enum@55	55	PENDING_REVIEW	COMPLETE	COMPLETE	vendor/linux/include/uapi/linux/sunrpc_netlink.h;vendor/linux/include/uapi/linux/sunrpc_netlink.h:55;header-context=PENDING_REVIEW	425f94c2954b1fe80ebdbf9b29854e89750355df	3006683da77917461401080beb6ef3303785c5c2d06ade60c392e9c23eb2d22d	8141333cb95056c28702b89bc7e0ce13899ee7e8e61e9ab983b3348d259da6b3	0123af9e96b58af4e98b91a2de5608d36b63c67864b9041d3340587f3dbe40d2	cfa8dcf0d81c408de38d4202fe1ce9d9e5e301d1e67439c9530da94b1e64ee3f	ae0caca34fe9b6eb8097958d2fbb8d2b6a1fad60f91f3c2b8d948c43dbfcee39
semantic-proposal-v1	SC1-cd83f75684fa4a4c66c230e1cc145f1bb84ce4b83e47ad7976d059ebf655161e	S016395	1	P01	ABI.tsv	194961	export_kind	aarch64	include/uapi/linux/sunrpc_netlink.h	type	anonymous_enum@55	55	PENDING_REVIEW	COMPLETE	COMPLETE	vendor/linux/include/uapi/linux/sunrpc_netlink.h;vendor/linux/include/uapi/linux/sunrpc_netlink.h:55;header-context=PENDING_REVIEW	425f94c2954b1fe80ebdbf9b29854e89750355df	3006683da77917461401080beb6ef3303785c5c2d06ade60c392e9c23eb2d22d	8141333cb95056c28702b89bc7e0ce13899ee7e8e61e9ab983b3348d259da6b3	0123af9e96b58af4e98b91a2de5608d36b63c67864b9041d3340587f3dbe40d2	cfa8dcf0d81c408de38d4202fe1ce9d9e5e301d1e67439c9530da94b1e64ee3f	ae0caca34fe9b6eb8097958d2fbb8d2b6a1fad60f91f3c2b8d948c43dbfcee39
semantic-proposal-v1	SC1-4e3e3ce9b4f6afe58d74e4d8b50b9fad5786e8ae2170b9f483b69c944d9ae743	S016395	1	P01	ABI.tsv	194961	layout	aarch64	include/uapi/linux/sunrpc_netlink.h	type	anonymous_enum@55	55	PENDING_REVIEW	COMPLETE	COMPLETE	vendor/linux/include/uapi/linux/sunrpc_netlink.h;vendor/linux/include/uapi/linux/sunrpc_netlink.h:55;header-context=PENDING_REVIEW	425f94c2954b1fe80ebdbf9b29854e89750355df	3006683da77917461401080beb6ef3303785c5c2d06ade60c392e9c23eb2d22d	8141333cb95056c28702b89bc7e0ce13899ee7e8e61e9ab983b3348d259da6b3	0123af9e96b58af4e98b91a2de5608d36b63c67864b9041d3340587f3dbe40d2	cfa8dcf0d81c408de38d4202fe1ce9d9e5e301d1e67439c9530da94b1e64ee3f	ae0caca34fe9b6eb8097958d2fbb8d2b6a1fad60f91f3c2b8d948c43dbfcee39
semantic-proposal-v1	SC1-58138026d0fc6ff4934d50b116b792e5d0a628eba6594c14e3d430d4466a9c61	S016395	1	P01	ABI.tsv	194961	status	aarch64	include/uapi/linux/sunrpc_netlink.h	type	anonymous_enum@55	55	PENDING_REVIEW	COMPLETE	COMPLETE	vendor/linux/include/uapi/linux/sunrpc_netlink.h;vendor/linux/include/uapi/linux/sunrpc_netlink.h:55;header-context=PENDING_REVIEW	425f94c2954b1fe80ebdbf9b29854e89750355df	3006683da77917461401080beb6ef3303785c5c2d06ade60c392e9c23eb2d22d	8141333cb95056c28702b89bc7e0ce13899ee7e8e61e9ab983b3348d259da6b3	0123af9e96b58af4e98b91a2de5608d36b63c67864b9041d3340587f3dbe40d2	cfa8dcf0d81c408de38d4202fe1ce9d9e5e301d1e67439c9530da94b1e64ee3f	ae0caca34fe9b6eb8097958d2fbb8d2b6a1fad60f91f3c2b8d948c43dbfcee39
semantic-proposal-v1	SC1-61a513b2e54fcdaa2632e5ff765dae03bf1559749950066c178d30c5564362a8	S016395	1	P01	ABI.tsv	194962	alignment	aarch64	include/uapi/linux/sunrpc_netlink.h	type	anonymous_enum@62	62	PENDING_REVIEW	COMPLETE	COMPLETE	vendor/linux/include/uapi/linux/sunrpc_netlink.h;vendor/linux/include/uapi/linux/sunrpc_netlink.h:62;header-context=PENDING_REVIEW	425f94c2954b1fe80ebdbf9b29854e89750355df	3006683da77917461401080beb6ef3303785c5c2d06ade60c392e9c23eb2d22d	8141333cb95056c28702b89bc7e0ce13899ee7e8e61e9ab983b3348d259da6b3	0123af9e96b58af4e98b91a2de5608d36b63c67864b9041d3340587f3dbe40d2	cfa8dcf0d81c408de38d4202fe1ce9d9e5e301d1e67439c9530da94b1e64ee3f	ae0caca34fe9b6eb8097958d2fbb8d2b6a1fad60f91f3c2b8d948c43dbfcee39
semantic-proposal-v1	SC1-8b387fdb777503ed4d53da83ee48394dcc14dc9e0c7e38ad46f852d9869f59e4	S016395	1	P01	ABI.tsv	194962	export_kind	aarch64	include/uapi/linux/sunrpc_netlink.h	type	anonymous_enum@62	62	PENDING_REVIEW	COMPLETE	COMPLETE	vendor/linux/include/uapi/linux/sunrpc_netlink.h;vendor/linux/include/uapi/linux/sunrpc_netlink.h:62;header-context=PENDING_REVIEW	425f94c2954b1fe80ebdbf9b29854e89750355df	3006683da77917461401080beb6ef3303785c5c2d06ade60c392e9c23eb2d22d	8141333cb95056c28702b89bc7e0ce13899ee7e8e61e9ab983b3348d259da6b3	0123af9e96b58af4e98b91a2de5608d36b63c67864b9041d3340587f3dbe40d2	cfa8dcf0d81c408de38d4202fe1ce9d9e5e301d1e67439c9530da94b1e64ee3f	ae0caca34fe9b6eb8097958d2fbb8d2b6a1fad60f91f3c2b8d948c43dbfcee39
semantic-proposal-v1	SC1-73b520a7a4e766dda900772a67372bf616f98199398a23d29ab4662c6e01a3f2	S016395	1	P01	ABI.tsv	194962	layout	aarch64	include/uapi/linux/sunrpc_netlink.h	type	anonymous_enum@62	62	PENDING_REVIEW	COMPLETE	COMPLETE	vendor/linux/include/uapi/linux/sunrpc_netlink.h;vendor/linux/include/uapi/linux/sunrpc_netlink.h:62;header-context=PENDING_REVIEW	425f94c2954b1fe80ebdbf9b29854e89750355df	3006683da77917461401080beb6ef3303785c5c2d06ade60c392e9c23eb2d22d	8141333cb95056c28702b89bc7e0ce13899ee7e8e61e9ab983b3348d259da6b3	0123af9e96b58af4e98b91a2de5608d36b63c67864b9041d3340587f3dbe40d2	cfa8dcf0d81c408de38d4202fe1ce9d9e5e301d1e67439c9530da94b1e64ee3f	ae0caca34fe9b6eb8097958d2fbb8d2b6a1fad60f91f3c2b8d948c43dbfcee39
semantic-proposal-v1	SC1-dd134a572d8ecd7196f6c68b37f633dc250945924e15a464aae814817f532092	S016395	1	P01	ABI.tsv	194962	status	aarch64	include/uapi/linux/sunrpc_netlink.h	type	anonymous_enum@62	62	PENDING_REVIEW	COMPLETE	COMPLETE	vendor/linux/include/uapi/linux/sunrpc_netlink.h;vendor/linux/include/uapi/linux/sunrpc_netlink.h:62;header-context=PENDING_REVIEW	425f94c2954b1fe80ebdbf9b29854e89750355df	3006683da77917461401080beb6ef3303785c5c2d06ade60c392e9c23eb2d22d	8141333cb95056c28702b89bc7e0ce13899ee7e8e61e9ab983b3348d259da6b3	0123af9e96b58af4e98b91a2de5608d36b63c67864b9041d3340587f3dbe40d2	cfa8dcf0d81c408de38d4202fe1ce9d9e5e301d1e67439c9530da94b1e64ee3f	ae0caca34fe9b6eb8097958d2fbb8d2b6a1fad60f91f3c2b8d948c43dbfcee39
semantic-proposal-v1	SC1-560105e4e501c27bd084238b73c56fa816710a8e5f820324ff4010b5c45ad57d	S016395	1	P01	ABI.tsv	194963	alignment	aarch64	include/uapi/linux/sunrpc_netlink.h	type	anonymous_enum@69	69	PENDING_REVIEW	COMPLETE	COMPLETE	vendor/linux/include/uapi/linux/sunrpc_netlink.h;vendor/linux/include/uapi/linux/sunrpc_netlink.h:69;header-context=PENDING_REVIEW	425f94c2954b1fe80ebdbf9b29854e89750355df	3006683da77917461401080beb6ef3303785c5c2d06ade60c392e9c23eb2d22d	8141333cb95056c28702b89bc7e0ce13899ee7e8e61e9ab983b3348d259da6b3	0123af9e96b58af4e98b91a2de5608d36b63c67864b9041d3340587f3dbe40d2	cfa8dcf0d81c408de38d4202fe1ce9d9e5e301d1e67439c9530da94b1e64ee3f	ae0caca34fe9b6eb8097958d2fbb8d2b6a1fad60f91f3c2b8d948c43dbfcee39
semantic-proposal-v1	SC1-cb4930e085d964bd0303629da4800e80fb7209e5e55792a7eabb020ab4837a88	S016395	1	P01	ABI.tsv	194963	export_kind	aarch64	include/uapi/linux/sunrpc_netlink.h	type	anonymous_enum@69	69	PENDING_REVIEW	COMPLETE	COMPLETE	vendor/linux/include/uapi/linux/sunrpc_netlink.h;vendor/linux/include/uapi/linux/sunrpc_netlink.h:69;header-context=PENDING_REVIEW	425f94c2954b1fe80ebdbf9b29854e89750355df	3006683da77917461401080beb6ef3303785c5c2d06ade60c392e9c23eb2d22d	8141333cb95056c28702b89bc7e0ce13899ee7e8e61e9ab983b3348d259da6b3	0123af9e96b58af4e98b91a2de5608d36b63c67864b9041d3340587f3dbe40d2	cfa8dcf0d81c408de38d4202fe1ce9d9e5e301d1e67439c9530da94b1e64ee3f	ae0caca34fe9b6eb8097958d2fbb8d2b6a1fad60f91f3c2b8d948c43dbfcee39
semantic-proposal-v1	SC1-28d943d8ebb38782946dec8891d736338a26d1fce1350dc4940e5b25fb2b9582	S016395	1	P01	ABI.tsv	194963	layout	aarch64	include/uapi/linux/sunrpc_netlink.h	type	anonymous_enum@69	69	PENDING_REVIEW	COMPLETE	COMPLETE	vendor/linux/include/uapi/linux/sunrpc_netlink.h;vendor/linux/include/uapi/linux/sunrpc_netlink.h:69;header-context=PENDING_REVIEW	425f94c2954b1fe80ebdbf9b29854e89750355df	3006683da77917461401080beb6ef3303785c5c2d06ade60c392e9c23eb2d22d	8141333cb95056c28702b89bc7e0ce13899ee7e8e61e9ab983b3348d259da6b3	0123af9e96b58af4e98b91a2de5608d36b63c67864b9041d3340587f3dbe40d2	cfa8dcf0d81c408de38d4202fe1ce9d9e5e301d1e67439c9530da94b1e64ee3f	ae0caca34fe9b6eb8097958d2fbb8d2b6a1fad60f91f3c2b8d948c43dbfcee39
semantic-proposal-v1	SC1-8e9cf18b4d0023283eaa699902a1e9bf73ec3b441306058f88bf377f5972ee86	S016395	1	P01	ABI.tsv	194963	status	aarch64	include/uapi/linux/sunrpc_netlink.h	type	anonymous_enum@69	69	PENDING_REVIEW	COMPLETE	COMPLETE	vendor/linux/include/uapi/linux/sunrpc_netlink.h;vendor/linux/include/uapi/linux/sunrpc_netlink.h:69;header-context=PENDING_REVIEW	425f94c2954b1fe80ebdbf9b29854e89750355df	3006683da77917461401080beb6ef3303785c5c2d06ade60c392e9c23eb2d22d	8141333cb95056c28702b89bc7e0ce13899ee7e8e61e9ab983b3348d259da6b3	0123af9e96b58af4e98b91a2de5608d36b63c67864b9041d3340587f3dbe40d2	cfa8dcf0d81c408de38d4202fe1ce9d9e5e301d1e67439c9530da94b1e64ee3f	ae0caca34fe9b6eb8097958d2fbb8d2b6a1fad60f91f3c2b8d948c43dbfcee39
semantic-proposal-v1	SC1-ce2946396007a46cc29b4688d2c2dc9ac6556e4ba3cd82f8db370ab228e94ed6	S016395	1	P01	ABI.tsv	194964	alignment	x86_64	include/uapi/linux/sunrpc_netlink.h	type	enum sunrpc_cache_type	13	PENDING_REVIEW	COMPLETE	COMPLETE	vendor/linux/include/uapi/linux/sunrpc_netlink.h;vendor/linux/include/uapi/linux/sunrpc_netlink.h:13;header-context=PENDING_REVIEW	425f94c2954b1fe80ebdbf9b29854e89750355df	3006683da77917461401080beb6ef3303785c5c2d06ade60c392e9c23eb2d22d	8141333cb95056c28702b89bc7e0ce13899ee7e8e61e9ab983b3348d259da6b3	0123af9e96b58af4e98b91a2de5608d36b63c67864b9041d3340587f3dbe40d2	cfa8dcf0d81c408de38d4202fe1ce9d9e5e301d1e67439c9530da94b1e64ee3f	ae0caca34fe9b6eb8097958d2fbb8d2b6a1fad60f91f3c2b8d948c43dbfcee39
semantic-proposal-v1	SC1-822d909a61d1d1a574e41ebbccbb2655d0217fad972aea6144e84d724d108823	S016395	1	P01	ABI.tsv	194964	export_kind	x86_64	include/uapi/linux/sunrpc_netlink.h	type	enum sunrpc_cache_type	13	PENDING_REVIEW	COMPLETE	COMPLETE	vendor/linux/include/uapi/linux/sunrpc_netlink.h;vendor/linux/include/uapi/linux/sunrpc_netlink.h:13;header-context=PENDING_REVIEW	425f94c2954b1fe80ebdbf9b29854e89750355df	3006683da77917461401080beb6ef3303785c5c2d06ade60c392e9c23eb2d22d	8141333cb95056c28702b89bc7e0ce13899ee7e8e61e9ab983b3348d259da6b3	0123af9e96b58af4e98b91a2de5608d36b63c67864b9041d3340587f3dbe40d2	cfa8dcf0d81c408de38d4202fe1ce9d9e5e301d1e67439c9530da94b1e64ee3f	ae0caca34fe9b6eb8097958d2fbb8d2b6a1fad60f91f3c2b8d948c43dbfcee39
semantic-proposal-v1	SC1-a7b94c983231601d946391ef089ae2d580bd506224629679aa28f29640d8ae1f	S016395	1	P01	ABI.tsv	194964	layout	x86_64	include/uapi/linux/sunrpc_netlink.h	type	enum sunrpc_cache_type	13	PENDING_REVIEW	COMPLETE	COMPLETE	vendor/linux/include/uapi/linux/sunrpc_netlink.h;vendor/linux/include/uapi/linux/sunrpc_netlink.h:13;header-context=PENDING_REVIEW	425f94c2954b1fe80ebdbf9b29854e89750355df	3006683da77917461401080beb6ef3303785c5c2d06ade60c392e9c23eb2d22d	8141333cb95056c28702b89bc7e0ce13899ee7e8e61e9ab983b3348d259da6b3	0123af9e96b58af4e98b91a2de5608d36b63c67864b9041d3340587f3dbe40d2	cfa8dcf0d81c408de38d4202fe1ce9d9e5e301d1e67439c9530da94b1e64ee3f	ae0caca34fe9b6eb8097958d2fbb8d2b6a1fad60f91f3c2b8d948c43dbfcee39
semantic-proposal-v1	SC1-605ae14ea99486d148b7db40d8a08525ab7748092a1e6fce968de0164d992e9c	S016395	1	P01	ABI.tsv	194964	status	x86_64	include/uapi/linux/sunrpc_netlink.h	type	enum sunrpc_cache_type	13	PENDING_REVIEW	COMPLETE	COMPLETE	vendor/linux/include/uapi/linux/sunrpc_netlink.h;vendor/linux/include/uapi/linux/sunrpc_netlink.h:13;header-context=PENDING_REVIEW	425f94c2954b1fe80ebdbf9b29854e89750355df	3006683da77917461401080beb6ef3303785c5c2d06ade60c392e9c23eb2d22d	8141333cb95056c28702b89bc7e0ce13899ee7e8e61e9ab983b3348d259da6b3	0123af9e96b58af4e98b91a2de5608d36b63c67864b9041d3340587f3dbe40d2	cfa8dcf0d81c408de38d4202fe1ce9d9e5e301d1e67439c9530da94b1e64ee3f	ae0caca34fe9b6eb8097958d2fbb8d2b6a1fad60f91f3c2b8d948c43dbfcee39
semantic-proposal-v1	SC1-324cbfe603649e9b6787abd8bf7331ba9ee142d869f10b8438301ebbd26b0454	S016395	1	P01	ABI.tsv	194965	alignment	x86_64	include/uapi/linux/sunrpc_netlink.h	type	anonymous_enum@18	18	PENDING_REVIEW	COMPLETE	COMPLETE	vendor/linux/include/uapi/linux/sunrpc_netlink.h;vendor/linux/include/uapi/linux/sunrpc_netlink.h:18;header-context=PENDING_REVIEW	425f94c2954b1fe80ebdbf9b29854e89750355df	3006683da77917461401080beb6ef3303785c5c2d06ade60c392e9c23eb2d22d	8141333cb95056c28702b89bc7e0ce13899ee7e8e61e9ab983b3348d259da6b3	0123af9e96b58af4e98b91a2de5608d36b63c67864b9041d3340587f3dbe40d2	cfa8dcf0d81c408de38d4202fe1ce9d9e5e301d1e67439c9530da94b1e64ee3f	ae0caca34fe9b6eb8097958d2fbb8d2b6a1fad60f91f3c2b8d948c43dbfcee39
semantic-proposal-v1	SC1-7c1695c35be1e9007cc3976b5dce5cfa754f1fcec920e12d4f2222092c94c2b4	S016395	1	P01	ABI.tsv	194965	export_kind	x86_64	include/uapi/linux/sunrpc_netlink.h	type	anonymous_enum@18	18	PENDING_REVIEW	COMPLETE	COMPLETE	vendor/linux/include/uapi/linux/sunrpc_netlink.h;vendor/linux/include/uapi/linux/sunrpc_netlink.h:18;header-context=PENDING_REVIEW	425f94c2954b1fe80ebdbf9b29854e89750355df	3006683da77917461401080beb6ef3303785c5c2d06ade60c392e9c23eb2d22d	8141333cb95056c28702b89bc7e0ce13899ee7e8e61e9ab983b3348d259da6b3	0123af9e96b58af4e98b91a2de5608d36b63c67864b9041d3340587f3dbe40d2	cfa8dcf0d81c408de38d4202fe1ce9d9e5e301d1e67439c9530da94b1e64ee3f	ae0caca34fe9b6eb8097958d2fbb8d2b6a1fad60f91f3c2b8d948c43dbfcee39
semantic-proposal-v1	SC1-4b1fb7738c2b2b59ac7a4f6f6faaf04ea23343a93ff56de949b53a4455bd2c25	S016395	1	P01	ABI.tsv	194965	layout	x86_64	include/uapi/linux/sunrpc_netlink.h	type	anonymous_enum@18	18	PENDING_REVIEW	COMPLETE	COMPLETE	vendor/linux/include/uapi/linux/sunrpc_netlink.h;vendor/linux/include/uapi/linux/sunrpc_netlink.h:18;header-context=PENDING_REVIEW	425f94c2954b1fe80ebdbf9b29854e89750355df	3006683da77917461401080beb6ef3303785c5c2d06ade60c392e9c23eb2d22d	8141333cb95056c28702b89bc7e0ce13899ee7e8e61e9ab983b3348d259da6b3	0123af9e96b58af4e98b91a2de5608d36b63c67864b9041d3340587f3dbe40d2	cfa8dcf0d81c408de38d4202fe1ce9d9e5e301d1e67439c9530da94b1e64ee3f	ae0caca34fe9b6eb8097958d2fbb8d2b6a1fad60f91f3c2b8d948c43dbfcee39
semantic-proposal-v1	SC1-24e83bc684f8c25c9c5a1aa2c06157b4b821bb682707773d619a0d67167b6baf	S016395	1	P01	ABI.tsv	194965	status	x86_64	include/uapi/linux/sunrpc_netlink.h	type	anonymous_enum@18	18	PENDING_REVIEW	COMPLETE	COMPLETE	vendor/linux/include/uapi/linux/sunrpc_netlink.h;vendor/linux/include/uapi/linux/sunrpc_netlink.h:18;header-context=PENDING_REVIEW	425f94c2954b1fe80ebdbf9b29854e89750355df	3006683da77917461401080beb6ef3303785c5c2d06ade60c392e9c23eb2d22d	8141333cb95056c28702b89bc7e0ce13899ee7e8e61e9ab983b3348d259da6b3	0123af9e96b58af4e98b91a2de5608d36b63c67864b9041d3340587f3dbe40d2	cfa8dcf0d81c408de38d4202fe1ce9d9e5e301d1e67439c9530da94b1e64ee3f	ae0caca34fe9b6eb8097958d2fbb8d2b6a1fad60f91f3c2b8d948c43dbfcee39
semantic-proposal-v1	SC1-5ed7aae1bccfc30852c7488b89054fb47c52617cb5c146b8911562d2af37660a	S016395	1	P01	ABI.tsv	194966	alignment	x86_64	include/uapi/linux/sunrpc_netlink.h	type	anonymous_enum@25	25	PENDING_REVIEW	COMPLETE	COMPLETE	vendor/linux/include/uapi/linux/sunrpc_netlink.h;vendor/linux/include/uapi/linux/sunrpc_netlink.h:25;header-context=PENDING_REVIEW	425f94c2954b1fe80ebdbf9b29854e89750355df	3006683da77917461401080beb6ef3303785c5c2d06ade60c392e9c23eb2d22d	8141333cb95056c28702b89bc7e0ce13899ee7e8e61e9ab983b3348d259da6b3	0123af9e96b58af4e98b91a2de5608d36b63c67864b9041d3340587f3dbe40d2	cfa8dcf0d81c408de38d4202fe1ce9d9e5e301d1e67439c9530da94b1e64ee3f	ae0caca34fe9b6eb8097958d2fbb8d2b6a1fad60f91f3c2b8d948c43dbfcee39
semantic-proposal-v1	SC1-fc023b02e24dfcb1e5b882695095c8ebd0a996fcdcc00d421845d37910243597	S016395	1	P01	ABI.tsv	194966	export_kind	x86_64	include/uapi/linux/sunrpc_netlink.h	type	anonymous_enum@25	25	PENDING_REVIEW	COMPLETE	COMPLETE	vendor/linux/include/uapi/linux/sunrpc_netlink.h;vendor/linux/include/uapi/linux/sunrpc_netlink.h:25;header-context=PENDING_REVIEW	425f94c2954b1fe80ebdbf9b29854e89750355df	3006683da77917461401080beb6ef3303785c5c2d06ade60c392e9c23eb2d22d	8141333cb95056c28702b89bc7e0ce13899ee7e8e61e9ab983b3348d259da6b3	0123af9e96b58af4e98b91a2de5608d36b63c67864b9041d3340587f3dbe40d2	cfa8dcf0d81c408de38d4202fe1ce9d9e5e301d1e67439c9530da94b1e64ee3f	ae0caca34fe9b6eb8097958d2fbb8d2b6a1fad60f91f3c2b8d948c43dbfcee39
semantic-proposal-v1	SC1-50cf4d1625c80e6ef3bed1c242182a2386243dfa12594fde0038c23a871b8050	S016395	1	P01	ABI.tsv	194966	layout	x86_64	include/uapi/linux/sunrpc_netlink.h	type	anonymous_enum@25	25	PENDING_REVIEW	COMPLETE	COMPLETE	vendor/linux/include/uapi/linux/sunrpc_netlink.h;vendor/linux/include/uapi/linux/sunrpc_netlink.h:25;header-context=PENDING_REVIEW	425f94c2954b1fe80ebdbf9b29854e89750355df	3006683da77917461401080beb6ef3303785c5c2d06ade60c392e9c23eb2d22d	8141333cb95056c28702b89bc7e0ce13899ee7e8e61e9ab983b3348d259da6b3	0123af9e96b58af4e98b91a2de5608d36b63c67864b9041d3340587f3dbe40d2	cfa8dcf0d81c408de38d4202fe1ce9d9e5e301d1e67439c9530da94b1e64ee3f	ae0caca34fe9b6eb8097958d2fbb8d2b6a1fad60f91f3c2b8d948c43dbfcee39
semantic-proposal-v1	SC1-9f6fe7f677a51483d26d888d9d0bae6b51020829d9babb4165a1f3e5525dd7ce	S016395	1	P01	ABI.tsv	194966	status	x86_64	include/uapi/linux/sunrpc_netlink.h	type	anonymous_enum@25	25	PENDING_REVIEW	COMPLETE	COMPLETE	vendor/linux/include/uapi/linux/sunrpc_netlink.h;vendor/linux/include/uapi/linux/sunrpc_netlink.h:25;header-context=PENDING_REVIEW	425f94c2954b1fe80ebdbf9b29854e89750355df	3006683da77917461401080beb6ef3303785c5c2d06ade60c392e9c23eb2d22d	8141333cb95056c28702b89bc7e0ce13899ee7e8e61e9ab983b3348d259da6b3	0123af9e96b58af4e98b91a2de5608d36b63c67864b9041d3340587f3dbe40d2	cfa8dcf0d81c408de38d4202fe1ce9d9e5e301d1e67439c9530da94b1e64ee3f	ae0caca34fe9b6eb8097958d2fbb8d2b6a1fad60f91f3c2b8d948c43dbfcee39
semantic-proposal-v1	SC1-b3e478826c99a2785231df61bb0deec4acd263e82dce7b30e16bcba9453e44db	S016395	1	P01	ABI.tsv	194967	alignment	x86_64	include/uapi/linux/sunrpc_netlink.h	type	anonymous_enum@37	37	PENDING_REVIEW	COMPLETE	COMPLETE	vendor/linux/include/uapi/linux/sunrpc_netlink.h;vendor/linux/include/uapi/linux/sunrpc_netlink.h:37;header-context=PENDING_REVIEW	425f94c2954b1fe80ebdbf9b29854e89750355df	3006683da77917461401080beb6ef3303785c5c2d06ade60c392e9c23eb2d22d	8141333cb95056c28702b89bc7e0ce13899ee7e8e61e9ab983b3348d259da6b3	0123af9e96b58af4e98b91a2de5608d36b63c67864b9041d3340587f3dbe40d2	cfa8dcf0d81c408de38d4202fe1ce9d9e5e301d1e67439c9530da94b1e64ee3f	ae0caca34fe9b6eb8097958d2fbb8d2b6a1fad60f91f3c2b8d948c43dbfcee39
semantic-proposal-v1	SC1-b629c189bcfa4c242ef91351749d67205fc1771500be325feed38d343515d5e5	S016395	1	P01	ABI.tsv	194967	export_kind	x86_64	include/uapi/linux/sunrpc_netlink.h	type	anonymous_enum@37	37	PENDING_REVIEW	COMPLETE	COMPLETE	vendor/linux/include/uapi/linux/sunrpc_netlink.h;vendor/linux/include/uapi/linux/sunrpc_netlink.h:37;header-context=PENDING_REVIEW	425f94c2954b1fe80ebdbf9b29854e89750355df	3006683da77917461401080beb6ef3303785c5c2d06ade60c392e9c23eb2d22d	8141333cb95056c28702b89bc7e0ce13899ee7e8e61e9ab983b3348d259da6b3	0123af9e96b58af4e98b91a2de5608d36b63c67864b9041d3340587f3dbe40d2	cfa8dcf0d81c408de38d4202fe1ce9d9e5e301d1e67439c9530da94b1e64ee3f	ae0caca34fe9b6eb8097958d2fbb8d2b6a1fad60f91f3c2b8d948c43dbfcee39
semantic-proposal-v1	SC1-088ec047b80f0c1a5e79587ef23031d407f6f1e5fab845701195a001f2afbd71	S016395	1	P01	ABI.tsv	194967	layout	x86_64	include/uapi/linux/sunrpc_netlink.h	type	anonymous_enum@37	37	PENDING_REVIEW	COMPLETE	COMPLETE	vendor/linux/include/uapi/linux/sunrpc_netlink.h;vendor/linux/include/uapi/linux/sunrpc_netlink.h:37;header-context=PENDING_REVIEW	425f94c2954b1fe80ebdbf9b29854e89750355df	3006683da77917461401080beb6ef3303785c5c2d06ade60c392e9c23eb2d22d	8141333cb95056c28702b89bc7e0ce13899ee7e8e61e9ab983b3348d259da6b3	0123af9e96b58af4e98b91a2de5608d36b63c67864b9041d3340587f3dbe40d2	cfa8dcf0d81c408de38d4202fe1ce9d9e5e301d1e67439c9530da94b1e64ee3f	ae0caca34fe9b6eb8097958d2fbb8d2b6a1fad60f91f3c2b8d948c43dbfcee39
semantic-proposal-v1	SC1-e1a0f47cebfd5f6bf3edc8b0c24207147a92f56e06489da72aa15a0f086566a9	S016395	1	P01	ABI.tsv	194967	status	x86_64	include/uapi/linux/sunrpc_netlink.h	type	anonymous_enum@37	37	PENDING_REVIEW	COMPLETE	COMPLETE	vendor/linux/include/uapi/linux/sunrpc_netlink.h;vendor/linux/include/uapi/linux/sunrpc_netlink.h:37;header-context=PENDING_REVIEW	425f94c2954b1fe80ebdbf9b29854e89750355df	3006683da77917461401080beb6ef3303785c5c2d06ade60c392e9c23eb2d22d	8141333cb95056c28702b89bc7e0ce13899ee7e8e61e9ab983b3348d259da6b3	0123af9e96b58af4e98b91a2de5608d36b63c67864b9041d3340587f3dbe40d2	cfa8dcf0d81c408de38d4202fe1ce9d9e5e301d1e67439c9530da94b1e64ee3f	ae0caca34fe9b6eb8097958d2fbb8d2b6a1fad60f91f3c2b8d948c43dbfcee39
semantic-proposal-v1	SC1-8cd6c0153c1fa4448e8cee4a54ff101af28fa5e034f4d8302c6a4ba439ae7da5	S016395	1	P01	ABI.tsv	194968	alignment	x86_64	include/uapi/linux/sunrpc_netlink.h	type	anonymous_enum@44	44	PENDING_REVIEW	COMPLETE	COMPLETE	vendor/linux/include/uapi/linux/sunrpc_netlink.h;vendor/linux/include/uapi/linux/sunrpc_netlink.h:44;header-context=PENDING_REVIEW	425f94c2954b1fe80ebdbf9b29854e89750355df	3006683da77917461401080beb6ef3303785c5c2d06ade60c392e9c23eb2d22d	8141333cb95056c28702b89bc7e0ce13899ee7e8e61e9ab983b3348d259da6b3	0123af9e96b58af4e98b91a2de5608d36b63c67864b9041d3340587f3dbe40d2	cfa8dcf0d81c408de38d4202fe1ce9d9e5e301d1e67439c9530da94b1e64ee3f	ae0caca34fe9b6eb8097958d2fbb8d2b6a1fad60f91f3c2b8d948c43dbfcee39
semantic-proposal-v1	SC1-d3d53463b89acfe779d9776078300a4e94f7c3edf0821b2caeb1fd82d687533b	S016395	1	P01	ABI.tsv	194968	export_kind	x86_64	include/uapi/linux/sunrpc_netlink.h	type	anonymous_enum@44	44	PENDING_REVIEW	COMPLETE	COMPLETE	vendor/linux/include/uapi/linux/sunrpc_netlink.h;vendor/linux/include/uapi/linux/sunrpc_netlink.h:44;header-context=PENDING_REVIEW	425f94c2954b1fe80ebdbf9b29854e89750355df	3006683da77917461401080beb6ef3303785c5c2d06ade60c392e9c23eb2d22d	8141333cb95056c28702b89bc7e0ce13899ee7e8e61e9ab983b3348d259da6b3	0123af9e96b58af4e98b91a2de5608d36b63c67864b9041d3340587f3dbe40d2	cfa8dcf0d81c408de38d4202fe1ce9d9e5e301d1e67439c9530da94b1e64ee3f	ae0caca34fe9b6eb8097958d2fbb8d2b6a1fad60f91f3c2b8d948c43dbfcee39
semantic-proposal-v1	SC1-42bfe01843ea7d0b80ff8623028936c2f8daf8630b1c60961234ce89e3fba4ad	S016395	1	P01	ABI.tsv	194968	layout	x86_64	include/uapi/linux/sunrpc_netlink.h	type	anonymous_enum@44	44	PENDING_REVIEW	COMPLETE	COMPLETE	vendor/linux/include/uapi/linux/sunrpc_netlink.h;vendor/linux/include/uapi/linux/sunrpc_netlink.h:44;header-context=PENDING_REVIEW	425f94c2954b1fe80ebdbf9b29854e89750355df	3006683da77917461401080beb6ef3303785c5c2d06ade60c392e9c23eb2d22d	8141333cb95056c28702b89bc7e0ce13899ee7e8e61e9ab983b3348d259da6b3	0123af9e96b58af4e98b91a2de5608d36b63c67864b9041d3340587f3dbe40d2	cfa8dcf0d81c408de38d4202fe1ce9d9e5e301d1e67439c9530da94b1e64ee3f	ae0caca34fe9b6eb8097958d2fbb8d2b6a1fad60f91f3c2b8d948c43dbfcee39
semantic-proposal-v1	SC1-352e7af36d6cfa70e68734be1e738fc7d012c2d5c76fdad4f1125096ae53c5db	S016395	1	P01	ABI.tsv	194968	status	x86_64	include/uapi/linux/sunrpc_netlink.h	type	anonymous_enum@44	44	PENDING_REVIEW	COMPLETE	COMPLETE	vendor/linux/include/uapi/linux/sunrpc_netlink.h;vendor/linux/include/uapi/linux/sunrpc_netlink.h:44;header-context=PENDING_REVIEW	425f94c2954b1fe80ebdbf9b29854e89750355df	3006683da77917461401080beb6ef3303785c5c2d06ade60c392e9c23eb2d22d	8141333cb95056c28702b89bc7e0ce13899ee7e8e61e9ab983b3348d259da6b3	0123af9e96b58af4e98b91a2de5608d36b63c67864b9041d3340587f3dbe40d2	cfa8dcf0d81c408de38d4202fe1ce9d9e5e301d1e67439c9530da94b1e64ee3f	ae0caca34fe9b6eb8097958d2fbb8d2b6a1fad60f91f3c2b8d948c43dbfcee39
semantic-proposal-v1	SC1-cfd1ea80bc4b9152b7e442a016a39a2caa8a05b31c7d46857bce8bf8c47f46eb	S016395	1	P01	ABI.tsv	194969	alignment	x86_64	include/uapi/linux/sunrpc_netlink.h	type	anonymous_enum@55	55	PENDING_REVIEW	COMPLETE	COMPLETE	vendor/linux/include/uapi/linux/sunrpc_netlink.h;vendor/linux/include/uapi/linux/sunrpc_netlink.h:55;header-context=PENDING_REVIEW	425f94c2954b1fe80ebdbf9b29854e89750355df	3006683da77917461401080beb6ef3303785c5c2d06ade60c392e9c23eb2d22d	8141333cb95056c28702b89bc7e0ce13899ee7e8e61e9ab983b3348d259da6b3	0123af9e96b58af4e98b91a2de5608d36b63c67864b9041d3340587f3dbe40d2	cfa8dcf0d81c408de38d4202fe1ce9d9e5e301d1e67439c9530da94b1e64ee3f	ae0caca34fe9b6eb8097958d2fbb8d2b6a1fad60f91f3c2b8d948c43dbfcee39
semantic-proposal-v1	SC1-73130c64c5437e4e3a853874f7fd5f5137ea4dbbbb92bbc05eb17092301dbb99	S016395	1	P01	ABI.tsv	194969	export_kind	x86_64	include/uapi/linux/sunrpc_netlink.h	type	anonymous_enum@55	55	PENDING_REVIEW	COMPLETE	COMPLETE	vendor/linux/include/uapi/linux/sunrpc_netlink.h;vendor/linux/include/uapi/linux/sunrpc_netlink.h:55;header-context=PENDING_REVIEW	425f94c2954b1fe80ebdbf9b29854e89750355df	3006683da77917461401080beb6ef3303785c5c2d06ade60c392e9c23eb2d22d	8141333cb95056c28702b89bc7e0ce13899ee7e8e61e9ab983b3348d259da6b3	0123af9e96b58af4e98b91a2de5608d36b63c67864b9041d3340587f3dbe40d2	cfa8dcf0d81c408de38d4202fe1ce9d9e5e301d1e67439c9530da94b1e64ee3f	ae0caca34fe9b6eb8097958d2fbb8d2b6a1fad60f91f3c2b8d948c43dbfcee39
semantic-proposal-v1	SC1-cdb64abb7c50171d3491e88f6c20801ec4d1dac64d11eb12c6c501f2010c39c5	S016395	1	P01	ABI.tsv	194969	layout	x86_64	include/uapi/linux/sunrpc_netlink.h	type	anonymous_enum@55	55	PENDING_REVIEW	COMPLETE	COMPLETE	vendor/linux/include/uapi/linux/sunrpc_netlink.h;vendor/linux/include/uapi/linux/sunrpc_netlink.h:55;header-context=PENDING_REVIEW	425f94c2954b1fe80ebdbf9b29854e89750355df	3006683da77917461401080beb6ef3303785c5c2d06ade60c392e9c23eb2d22d	8141333cb95056c28702b89bc7e0ce13899ee7e8e61e9ab983b3348d259da6b3	0123af9e96b58af4e98b91a2de5608d36b63c67864b9041d3340587f3dbe40d2	cfa8dcf0d81c408de38d4202fe1ce9d9e5e301d1e67439c9530da94b1e64ee3f	ae0caca34fe9b6eb8097958d2fbb8d2b6a1fad60f91f3c2b8d948c43dbfcee39
semantic-proposal-v1	SC1-dac4fa066c8b8c102015f54cdd8bed923079553ca4b1e672b175cd9d8d82d35e	S016395	1	P01	ABI.tsv	194969	status	x86_64	include/uapi/linux/sunrpc_netlink.h	type	anonymous_enum@55	55	PENDING_REVIEW	COMPLETE	COMPLETE	vendor/linux/include/uapi/linux/sunrpc_netlink.h;vendor/linux/include/uapi/linux/sunrpc_netlink.h:55;header-context=PENDING_REVIEW	425f94c2954b1fe80ebdbf9b29854e89750355df	3006683da77917461401080beb6ef3303785c5c2d06ade60c392e9c23eb2d22d	8141333cb95056c28702b89bc7e0ce13899ee7e8e61e9ab983b3348d259da6b3	0123af9e96b58af4e98b91a2de5608d36b63c67864b9041d3340587f3dbe40d2	cfa8dcf0d81c408de38d4202fe1ce9d9e5e301d1e67439c9530da94b1e64ee3f	ae0caca34fe9b6eb8097958d2fbb8d2b6a1fad60f91f3c2b8d948c43dbfcee39
semantic-proposal-v1	SC1-e3be145de75b5294ee8fe4dd024cae41cbad0b315e0ec0eb04c3180f639df31d	S016395	1	P01	ABI.tsv	194970	alignment	x86_64	include/uapi/linux/sunrpc_netlink.h	type	anonymous_enum@62	62	PENDING_REVIEW	COMPLETE	COMPLETE	vendor/linux/include/uapi/linux/sunrpc_netlink.h;vendor/linux/include/uapi/linux/sunrpc_netlink.h:62;header-context=PENDING_REVIEW	425f94c2954b1fe80ebdbf9b29854e89750355df	3006683da77917461401080beb6ef3303785c5c2d06ade60c392e9c23eb2d22d	8141333cb95056c28702b89bc7e0ce13899ee7e8e61e9ab983b3348d259da6b3	0123af9e96b58af4e98b91a2de5608d36b63c67864b9041d3340587f3dbe40d2	cfa8dcf0d81c408de38d4202fe1ce9d9e5e301d1e67439c9530da94b1e64ee3f	ae0caca34fe9b6eb8097958d2fbb8d2b6a1fad60f91f3c2b8d948c43dbfcee39
semantic-proposal-v1	SC1-158e4922661011c39ece1dd0056abdbb920f93138a397eb9db91144cb4c5372d	S016395	1	P01	ABI.tsv	194970	export_kind	x86_64	include/uapi/linux/sunrpc_netlink.h	type	anonymous_enum@62	62	PENDING_REVIEW	COMPLETE	COMPLETE	vendor/linux/include/uapi/linux/sunrpc_netlink.h;vendor/linux/include/uapi/linux/sunrpc_netlink.h:62;header-context=PENDING_REVIEW	425f94c2954b1fe80ebdbf9b29854e89750355df	3006683da77917461401080beb6ef3303785c5c2d06ade60c392e9c23eb2d22d	8141333cb95056c28702b89bc7e0ce13899ee7e8e61e9ab983b3348d259da6b3	0123af9e96b58af4e98b91a2de5608d36b63c67864b9041d3340587f3dbe40d2	cfa8dcf0d81c408de38d4202fe1ce9d9e5e301d1e67439c9530da94b1e64ee3f	ae0caca34fe9b6eb8097958d2fbb8d2b6a1fad60f91f3c2b8d948c43dbfcee39
semantic-proposal-v1	SC1-80f20a2199dcc5ee1bac72f563e1b74d757833edeece7fc5178b1daac98c24c3	S016395	1	P01	ABI.tsv	194970	layout	x86_64	include/uapi/linux/sunrpc_netlink.h	type	anonymous_enum@62	62	PENDING_REVIEW	COMPLETE	COMPLETE	vendor/linux/include/uapi/linux/sunrpc_netlink.h;vendor/linux/include/uapi/linux/sunrpc_netlink.h:62;header-context=PENDING_REVIEW	425f94c2954b1fe80ebdbf9b29854e89750355df	3006683da77917461401080beb6ef3303785c5c2d06ade60c392e9c23eb2d22d	8141333cb95056c28702b89bc7e0ce13899ee7e8e61e9ab983b3348d259da6b3	0123af9e96b58af4e98b91a2de5608d36b63c67864b9041d3340587f3dbe40d2	cfa8dcf0d81c408de38d4202fe1ce9d9e5e301d1e67439c9530da94b1e64ee3f	ae0caca34fe9b6eb8097958d2fbb8d2b6a1fad60f91f3c2b8d948c43dbfcee39
semantic-proposal-v1	SC1-615b023899e592895a91fc88107c6ff0bc538ebc3a0257c5600cec27c95c212e	S016395	1	P01	ABI.tsv	194970	status	x86_64	include/uapi/linux/sunrpc_netlink.h	type	anonymous_enum@62	62	PENDING_REVIEW	COMPLETE	COMPLETE	vendor/linux/include/uapi/linux/sunrpc_netlink.h;vendor/linux/include/uapi/linux/sunrpc_netlink.h:62;header-context=PENDING_REVIEW	425f94c2954b1fe80ebdbf9b29854e89750355df	3006683da77917461401080beb6ef3303785c5c2d06ade60c392e9c23eb2d22d	8141333cb95056c28702b89bc7e0ce13899ee7e8e61e9ab983b3348d259da6b3	0123af9e96b58af4e98b91a2de5608d36b63c67864b9041d3340587f3dbe40d2	cfa8dcf0d81c408de38d4202fe1ce9d9e5e301d1e67439c9530da94b1e64ee3f	ae0caca34fe9b6eb8097958d2fbb8d2b6a1fad60f91f3c2b8d948c43dbfcee39
semantic-proposal-v1	SC1-fa58f40ebe3d9940225c806b8c5fbc06a36b5c74c0c4d48c9e6d0b6c16f8e062	S016395	1	P01	ABI.tsv	194971	alignment	x86_64	include/uapi/linux/sunrpc_netlink.h	type	anonymous_enum@69	69	PENDING_REVIEW	COMPLETE	COMPLETE	vendor/linux/include/uapi/linux/sunrpc_netlink.h;vendor/linux/include/uapi/linux/sunrpc_netlink.h:69;header-context=PENDING_REVIEW	425f94c2954b1fe80ebdbf9b29854e89750355df	3006683da77917461401080beb6ef3303785c5c2d06ade60c392e9c23eb2d22d	8141333cb95056c28702b89bc7e0ce13899ee7e8e61e9ab983b3348d259da6b3	0123af9e96b58af4e98b91a2de5608d36b63c67864b9041d3340587f3dbe40d2	cfa8dcf0d81c408de38d4202fe1ce9d9e5e301d1e67439c9530da94b1e64ee3f	ae0caca34fe9b6eb8097958d2fbb8d2b6a1fad60f91f3c2b8d948c43dbfcee39
semantic-proposal-v1	SC1-e5dec9e99fdd480b1420c809ff6b2e81c718f010e118eef2b7425c4a011deef9	S016395	1	P01	ABI.tsv	194971	export_kind	x86_64	include/uapi/linux/sunrpc_netlink.h	type	anonymous_enum@69	69	PENDING_REVIEW	COMPLETE	COMPLETE	vendor/linux/include/uapi/linux/sunrpc_netlink.h;vendor/linux/include/uapi/linux/sunrpc_netlink.h:69;header-context=PENDING_REVIEW	425f94c2954b1fe80ebdbf9b29854e89750355df	3006683da77917461401080beb6ef3303785c5c2d06ade60c392e9c23eb2d22d	8141333cb95056c28702b89bc7e0ce13899ee7e8e61e9ab983b3348d259da6b3	0123af9e96b58af4e98b91a2de5608d36b63c67864b9041d3340587f3dbe40d2	cfa8dcf0d81c408de38d4202fe1ce9d9e5e301d1e67439c9530da94b1e64ee3f	ae0caca34fe9b6eb8097958d2fbb8d2b6a1fad60f91f3c2b8d948c43dbfcee39
semantic-proposal-v1	SC1-9e3c3505ff0ba8afe1a9af58740823617645dc4b7aefd35bab497bc1a235f5c2	S016395	1	P01	ABI.tsv	194971	layout	x86_64	include/uapi/linux/sunrpc_netlink.h	type	anonymous_enum@69	69	PENDING_REVIEW	COMPLETE	COMPLETE	vendor/linux/include/uapi/linux/sunrpc_netlink.h;vendor/linux/include/uapi/linux/sunrpc_netlink.h:69;header-context=PENDING_REVIEW	425f94c2954b1fe80ebdbf9b29854e89750355df	3006683da77917461401080beb6ef3303785c5c2d06ade60c392e9c23eb2d22d	8141333cb95056c28702b89bc7e0ce13899ee7e8e61e9ab983b3348d259da6b3	0123af9e96b58af4e98b91a2de5608d36b63c67864b9041d3340587f3dbe40d2	cfa8dcf0d81c408de38d4202fe1ce9d9e5e301d1e67439c9530da94b1e64ee3f	ae0caca34fe9b6eb8097958d2fbb8d2b6a1fad60f91f3c2b8d948c43dbfcee39
semantic-proposal-v1	SC1-ea7cdf8c18986e8f902f470ac4c5382d4c1eab8b48399d0a5d1aaf551cf012b5	S016395	1	P01	ABI.tsv	194971	status	x86_64	include/uapi/linux/sunrpc_netlink.h	type	anonymous_enum@69	69	PENDING_REVIEW	COMPLETE	COMPLETE	vendor/linux/include/uapi/linux/sunrpc_netlink.h;vendor/linux/include/uapi/linux/sunrpc_netlink.h:69;header-context=PENDING_REVIEW	425f94c2954b1fe80ebdbf9b29854e89750355df	3006683da77917461401080beb6ef3303785c5c2d06ade60c392e9c23eb2d22d	8141333cb95056c28702b89bc7e0ce13899ee7e8e61e9ab983b3348d259da6b3	0123af9e96b58af4e98b91a2de5608d36b63c67864b9041d3340587f3dbe40d2	cfa8dcf0d81c408de38d4202fe1ce9d9e5e301d1e67439c9530da94b1e64ee3f	ae0caca34fe9b6eb8097958d2fbb8d2b6a1fad60f91f3c2b8d948c43dbfcee39
semantic-proposal-v1	SC1-b57bd3ec75402672b2cf9ea3b800e4a672b035a758b83e179fe647eac8af991c	S016395	1	P01	LIFETIMES.tsv	190897	lifetime_contract	aarch64	include/uapi/linux/sunrpc_netlink.h	type	enum sunrpc_cache_type	13	PENDING_REVIEW	COMPLETE	COMPLETE	vendor/linux/include/uapi/linux/sunrpc_netlink.h;vendor/linux/include/uapi/linux/sunrpc_netlink.h:13;header-context=PENDING_REVIEW	425f94c2954b1fe80ebdbf9b29854e89750355df	3006683da77917461401080beb6ef3303785c5c2d06ade60c392e9c23eb2d22d	8141333cb95056c28702b89bc7e0ce13899ee7e8e61e9ab983b3348d259da6b3	0123af9e96b58af4e98b91a2de5608d36b63c67864b9041d3340587f3dbe40d2	cfa8dcf0d81c408de38d4202fe1ce9d9e5e301d1e67439c9530da94b1e64ee3f	0e7e60940dd21c28f3d10965325f70644fc000495a2d61984437dec666da93d8
semantic-proposal-v1	SC1-0944390bd7899241e4b199d4622d711b687af4e533dcc1e30738f2e9e221b97b	S016395	1	P01	LIFETIMES.tsv	190897	locking_rcu_refcount	aarch64	include/uapi/linux/sunrpc_netlink.h	type	enum sunrpc_cache_type	13	PENDING_REVIEW	COMPLETE	COMPLETE	vendor/linux/include/uapi/linux/sunrpc_netlink.h;vendor/linux/include/uapi/linux/sunrpc_netlink.h:13;header-context=PENDING_REVIEW	425f94c2954b1fe80ebdbf9b29854e89750355df	3006683da77917461401080beb6ef3303785c5c2d06ade60c392e9c23eb2d22d	8141333cb95056c28702b89bc7e0ce13899ee7e8e61e9ab983b3348d259da6b3	0123af9e96b58af4e98b91a2de5608d36b63c67864b9041d3340587f3dbe40d2	cfa8dcf0d81c408de38d4202fe1ce9d9e5e301d1e67439c9530da94b1e64ee3f	0e7e60940dd21c28f3d10965325f70644fc000495a2d61984437dec666da93d8
semantic-proposal-v1	SC1-c0f9403fe4a32755c7d04a001b2e5051f354f9d7d05da307801b75ffc00d29c2	S016395	1	P01	LIFETIMES.tsv	190897	ownership	aarch64	include/uapi/linux/sunrpc_netlink.h	type	enum sunrpc_cache_type	13	PENDING_REVIEW	COMPLETE	COMPLETE	vendor/linux/include/uapi/linux/sunrpc_netlink.h;vendor/linux/include/uapi/linux/sunrpc_netlink.h:13;header-context=PENDING_REVIEW	425f94c2954b1fe80ebdbf9b29854e89750355df	3006683da77917461401080beb6ef3303785c5c2d06ade60c392e9c23eb2d22d	8141333cb95056c28702b89bc7e0ce13899ee7e8e61e9ab983b3348d259da6b3	0123af9e96b58af4e98b91a2de5608d36b63c67864b9041d3340587f3dbe40d2	cfa8dcf0d81c408de38d4202fe1ce9d9e5e301d1e67439c9530da94b1e64ee3f	0e7e60940dd21c28f3d10965325f70644fc000495a2d61984437dec666da93d8
semantic-proposal-v1	SC1-f7e4d7f9027f901ee58ad70a17cd3204d563110a07d2d9c398698b7f8d28e565	S016395	1	P01	LIFETIMES.tsv	190897	status	aarch64	include/uapi/linux/sunrpc_netlink.h	type	enum sunrpc_cache_type	13	PENDING_REVIEW	COMPLETE	COMPLETE	vendor/linux/include/uapi/linux/sunrpc_netlink.h;vendor/linux/include/uapi/linux/sunrpc_netlink.h:13;header-context=PENDING_REVIEW	425f94c2954b1fe80ebdbf9b29854e89750355df	3006683da77917461401080beb6ef3303785c5c2d06ade60c392e9c23eb2d22d	8141333cb95056c28702b89bc7e0ce13899ee7e8e61e9ab983b3348d259da6b3	0123af9e96b58af4e98b91a2de5608d36b63c67864b9041d3340587f3dbe40d2	cfa8dcf0d81c408de38d4202fe1ce9d9e5e301d1e67439c9530da94b1e64ee3f	0e7e60940dd21c28f3d10965325f70644fc000495a2d61984437dec666da93d8
semantic-proposal-v1	SC1-f6d766458f1c3894679268f84f357e72ef3d6519f7f98c88d896f40a99e8971a	S016395	1	P01	LIFETIMES.tsv	190898	lifetime_contract	aarch64	include/uapi/linux/sunrpc_netlink.h	type	anonymous_enum@18	18	PENDING_REVIEW	COMPLETE	COMPLETE	vendor/linux/include/uapi/linux/sunrpc_netlink.h;vendor/linux/include/uapi/linux/sunrpc_netlink.h:18;header-context=PENDING_REVIEW	425f94c2954b1fe80ebdbf9b29854e89750355df	3006683da77917461401080beb6ef3303785c5c2d06ade60c392e9c23eb2d22d	8141333cb95056c28702b89bc7e0ce13899ee7e8e61e9ab983b3348d259da6b3	0123af9e96b58af4e98b91a2de5608d36b63c67864b9041d3340587f3dbe40d2	cfa8dcf0d81c408de38d4202fe1ce9d9e5e301d1e67439c9530da94b1e64ee3f	0e7e60940dd21c28f3d10965325f70644fc000495a2d61984437dec666da93d8
semantic-proposal-v1	SC1-096f7f0cb47379dabb4ddda682b62b203ddd73d715a11aa3534495f8e0165efd	S016395	1	P01	LIFETIMES.tsv	190898	locking_rcu_refcount	aarch64	include/uapi/linux/sunrpc_netlink.h	type	anonymous_enum@18	18	PENDING_REVIEW	COMPLETE	COMPLETE	vendor/linux/include/uapi/linux/sunrpc_netlink.h;vendor/linux/include/uapi/linux/sunrpc_netlink.h:18;header-context=PENDING_REVIEW	425f94c2954b1fe80ebdbf9b29854e89750355df	3006683da77917461401080beb6ef3303785c5c2d06ade60c392e9c23eb2d22d	8141333cb95056c28702b89bc7e0ce13899ee7e8e61e9ab983b3348d259da6b3	0123af9e96b58af4e98b91a2de5608d36b63c67864b9041d3340587f3dbe40d2	cfa8dcf0d81c408de38d4202fe1ce9d9e5e301d1e67439c9530da94b1e64ee3f	0e7e60940dd21c28f3d10965325f70644fc000495a2d61984437dec666da93d8
semantic-proposal-v1	SC1-06bccf784aedcf2b69a391cde0c57e51640039c07756f63724d847be5bc60608	S016395	1	P01	LIFETIMES.tsv	190898	ownership	aarch64	include/uapi/linux/sunrpc_netlink.h	type	anonymous_enum@18	18	PENDING_REVIEW	COMPLETE	COMPLETE	vendor/linux/include/uapi/linux/sunrpc_netlink.h;vendor/linux/include/uapi/linux/sunrpc_netlink.h:18;header-context=PENDING_REVIEW	425f94c2954b1fe80ebdbf9b29854e89750355df	3006683da77917461401080beb6ef3303785c5c2d06ade60c392e9c23eb2d22d	8141333cb95056c28702b89bc7e0ce13899ee7e8e61e9ab983b3348d259da6b3	0123af9e96b58af4e98b91a2de5608d36b63c67864b9041d3340587f3dbe40d2	cfa8dcf0d81c408de38d4202fe1ce9d9e5e301d1e67439c9530da94b1e64ee3f	0e7e60940dd21c28f3d10965325f70644fc000495a2d61984437dec666da93d8
semantic-proposal-v1	SC1-1cfe368632089177b0a1f485972d3280d610b7d16eabd74a0433f0d291cd1d4c	S016395	1	P01	LIFETIMES.tsv	190898	status	aarch64	include/uapi/linux/sunrpc_netlink.h	type	anonymous_enum@18	18	PENDING_REVIEW	COMPLETE	COMPLETE	vendor/linux/include/uapi/linux/sunrpc_netlink.h;vendor/linux/include/uapi/linux/sunrpc_netlink.h:18;header-context=PENDING_REVIEW	425f94c2954b1fe80ebdbf9b29854e89750355df	3006683da77917461401080beb6ef3303785c5c2d06ade60c392e9c23eb2d22d	8141333cb95056c28702b89bc7e0ce13899ee7e8e61e9ab983b3348d259da6b3	0123af9e96b58af4e98b91a2de5608d36b63c67864b9041d3340587f3dbe40d2	cfa8dcf0d81c408de38d4202fe1ce9d9e5e301d1e67439c9530da94b1e64ee3f	0e7e60940dd21c28f3d10965325f70644fc000495a2d61984437dec666da93d8
semantic-proposal-v1	SC1-38484e98f516108250b4077a3992cb884a0a52a85e0ddc6c61ec45e14b84b64e	S016395	1	P01	LIFETIMES.tsv	190899	lifetime_contract	aarch64	include/uapi/linux/sunrpc_netlink.h	type	anonymous_enum@25	25	PENDING_REVIEW	COMPLETE	COMPLETE	vendor/linux/include/uapi/linux/sunrpc_netlink.h;vendor/linux/include/uapi/linux/sunrpc_netlink.h:25;header-context=PENDING_REVIEW	425f94c2954b1fe80ebdbf9b29854e89750355df	3006683da77917461401080beb6ef3303785c5c2d06ade60c392e9c23eb2d22d	8141333cb95056c28702b89bc7e0ce13899ee7e8e61e9ab983b3348d259da6b3	0123af9e96b58af4e98b91a2de5608d36b63c67864b9041d3340587f3dbe40d2	cfa8dcf0d81c408de38d4202fe1ce9d9e5e301d1e67439c9530da94b1e64ee3f	0e7e60940dd21c28f3d10965325f70644fc000495a2d61984437dec666da93d8
semantic-proposal-v1	SC1-a43526cb7a46729df9c67702775278826bb5164378718659fb54f5f5013ce143	S016395	1	P01	LIFETIMES.tsv	190899	locking_rcu_refcount	aarch64	include/uapi/linux/sunrpc_netlink.h	type	anonymous_enum@25	25	PENDING_REVIEW	COMPLETE	COMPLETE	vendor/linux/include/uapi/linux/sunrpc_netlink.h;vendor/linux/include/uapi/linux/sunrpc_netlink.h:25;header-context=PENDING_REVIEW	425f94c2954b1fe80ebdbf9b29854e89750355df	3006683da77917461401080beb6ef3303785c5c2d06ade60c392e9c23eb2d22d	8141333cb95056c28702b89bc7e0ce13899ee7e8e61e9ab983b3348d259da6b3	0123af9e96b58af4e98b91a2de5608d36b63c67864b9041d3340587f3dbe40d2	cfa8dcf0d81c408de38d4202fe1ce9d9e5e301d1e67439c9530da94b1e64ee3f	0e7e60940dd21c28f3d10965325f70644fc000495a2d61984437dec666da93d8
semantic-proposal-v1	SC1-baffae0771477d7f75f33197ac66df288b8e7941bda154573cb9697d49079047	S016395	1	P01	LIFETIMES.tsv	190899	ownership	aarch64	include/uapi/linux/sunrpc_netlink.h	type	anonymous_enum@25	25	PENDING_REVIEW	COMPLETE	COMPLETE	vendor/linux/include/uapi/linux/sunrpc_netlink.h;vendor/linux/include/uapi/linux/sunrpc_netlink.h:25;header-context=PENDING_REVIEW	425f94c2954b1fe80ebdbf9b29854e89750355df	3006683da77917461401080beb6ef3303785c5c2d06ade60c392e9c23eb2d22d	8141333cb95056c28702b89bc7e0ce13899ee7e8e61e9ab983b3348d259da6b3	0123af9e96b58af4e98b91a2de5608d36b63c67864b9041d3340587f3dbe40d2	cfa8dcf0d81c408de38d4202fe1ce9d9e5e301d1e67439c9530da94b1e64ee3f	0e7e60940dd21c28f3d10965325f70644fc000495a2d61984437dec666da93d8
semantic-proposal-v1	SC1-037e445471081e3ff510ef51086fb0abc0c9c7a355a0ffebae2f783cf81ac2a8	S016395	1	P01	LIFETIMES.tsv	190899	status	aarch64	include/uapi/linux/sunrpc_netlink.h	type	anonymous_enum@25	25	PENDING_REVIEW	COMPLETE	COMPLETE	vendor/linux/include/uapi/linux/sunrpc_netlink.h;vendor/linux/include/uapi/linux/sunrpc_netlink.h:25;header-context=PENDING_REVIEW	425f94c2954b1fe80ebdbf9b29854e89750355df	3006683da77917461401080beb6ef3303785c5c2d06ade60c392e9c23eb2d22d	8141333cb95056c28702b89bc7e0ce13899ee7e8e61e9ab983b3348d259da6b3	0123af9e96b58af4e98b91a2de5608d36b63c67864b9041d3340587f3dbe40d2	cfa8dcf0d81c408de38d4202fe1ce9d9e5e301d1e67439c9530da94b1e64ee3f	0e7e60940dd21c28f3d10965325f70644fc000495a2d61984437dec666da93d8
semantic-proposal-v1	SC1-dfcc61d02f74d0b366ecfcc6bb76b019292a9c6c9d8027fbbcf24554ed13ed71	S016395	1	P01	LIFETIMES.tsv	190900	lifetime_contract	aarch64	include/uapi/linux/sunrpc_netlink.h	type	anonymous_enum@37	37	PENDING_REVIEW	COMPLETE	COMPLETE	vendor/linux/include/uapi/linux/sunrpc_netlink.h;vendor/linux/include/uapi/linux/sunrpc_netlink.h:37;header-context=PENDING_REVIEW	425f94c2954b1fe80ebdbf9b29854e89750355df	3006683da77917461401080beb6ef3303785c5c2d06ade60c392e9c23eb2d22d	8141333cb95056c28702b89bc7e0ce13899ee7e8e61e9ab983b3348d259da6b3	0123af9e96b58af4e98b91a2de5608d36b63c67864b9041d3340587f3dbe40d2	cfa8dcf0d81c408de38d4202fe1ce9d9e5e301d1e67439c9530da94b1e64ee3f	0e7e60940dd21c28f3d10965325f70644fc000495a2d61984437dec666da93d8
semantic-proposal-v1	SC1-71990fddf44fdacb1e4b26cbb382453908963f7410a4367c1a71c698e0629f5e	S016395	1	P01	LIFETIMES.tsv	190900	locking_rcu_refcount	aarch64	include/uapi/linux/sunrpc_netlink.h	type	anonymous_enum@37	37	PENDING_REVIEW	COMPLETE	COMPLETE	vendor/linux/include/uapi/linux/sunrpc_netlink.h;vendor/linux/include/uapi/linux/sunrpc_netlink.h:37;header-context=PENDING_REVIEW	425f94c2954b1fe80ebdbf9b29854e89750355df	3006683da77917461401080beb6ef3303785c5c2d06ade60c392e9c23eb2d22d	8141333cb95056c28702b89bc7e0ce13899ee7e8e61e9ab983b3348d259da6b3	0123af9e96b58af4e98b91a2de5608d36b63c67864b9041d3340587f3dbe40d2	cfa8dcf0d81c408de38d4202fe1ce9d9e5e301d1e67439c9530da94b1e64ee3f	0e7e60940dd21c28f3d10965325f70644fc000495a2d61984437dec666da93d8
semantic-proposal-v1	SC1-da35c8fb5385c99505d8474435dea231718e006ce07032d39e724860b36b5aa5	S016395	1	P01	LIFETIMES.tsv	190900	ownership	aarch64	include/uapi/linux/sunrpc_netlink.h	type	anonymous_enum@37	37	PENDING_REVIEW	COMPLETE	COMPLETE	vendor/linux/include/uapi/linux/sunrpc_netlink.h;vendor/linux/include/uapi/linux/sunrpc_netlink.h:37;header-context=PENDING_REVIEW	425f94c2954b1fe80ebdbf9b29854e89750355df	3006683da77917461401080beb6ef3303785c5c2d06ade60c392e9c23eb2d22d	8141333cb95056c28702b89bc7e0ce13899ee7e8e61e9ab983b3348d259da6b3	0123af9e96b58af4e98b91a2de5608d36b63c67864b9041d3340587f3dbe40d2	cfa8dcf0d81c408de38d4202fe1ce9d9e5e301d1e67439c9530da94b1e64ee3f	0e7e60940dd21c28f3d10965325f70644fc000495a2d61984437dec666da93d8
semantic-proposal-v1	SC1-81155e75eb7b77b30b21c86e02b7eec63df73fa3676ea04b1dd40bda6cfe8534	S016395	1	P01	LIFETIMES.tsv	190900	status	aarch64	include/uapi/linux/sunrpc_netlink.h	type	anonymous_enum@37	37	PENDING_REVIEW	COMPLETE	COMPLETE	vendor/linux/include/uapi/linux/sunrpc_netlink.h;vendor/linux/include/uapi/linux/sunrpc_netlink.h:37;header-context=PENDING_REVIEW	425f94c2954b1fe80ebdbf9b29854e89750355df	3006683da77917461401080beb6ef3303785c5c2d06ade60c392e9c23eb2d22d	8141333cb95056c28702b89bc7e0ce13899ee7e8e61e9ab983b3348d259da6b3	0123af9e96b58af4e98b91a2de5608d36b63c67864b9041d3340587f3dbe40d2	cfa8dcf0d81c408de38d4202fe1ce9d9e5e301d1e67439c9530da94b1e64ee3f	0e7e60940dd21c28f3d10965325f70644fc000495a2d61984437dec666da93d8
semantic-proposal-v1	SC1-5499b32ff1bd12bd977ff7d3214ccedb0ef7b90a5f65a65a80e75ee868763c26	S016395	1	P01	LIFETIMES.tsv	190901	lifetime_contract	aarch64	include/uapi/linux/sunrpc_netlink.h	type	anonymous_enum@44	44	PENDING_REVIEW	COMPLETE	COMPLETE	vendor/linux/include/uapi/linux/sunrpc_netlink.h;vendor/linux/include/uapi/linux/sunrpc_netlink.h:44;header-context=PENDING_REVIEW	425f94c2954b1fe80ebdbf9b29854e89750355df	3006683da77917461401080beb6ef3303785c5c2d06ade60c392e9c23eb2d22d	8141333cb95056c28702b89bc7e0ce13899ee7e8e61e9ab983b3348d259da6b3	0123af9e96b58af4e98b91a2de5608d36b63c67864b9041d3340587f3dbe40d2	cfa8dcf0d81c408de38d4202fe1ce9d9e5e301d1e67439c9530da94b1e64ee3f	0e7e60940dd21c28f3d10965325f70644fc000495a2d61984437dec666da93d8
semantic-proposal-v1	SC1-0bb4fe8a00d5beefd7ecbc740643e999c4523e640055c3d63ce17a25aa550b17	S016395	1	P01	LIFETIMES.tsv	190901	locking_rcu_refcount	aarch64	include/uapi/linux/sunrpc_netlink.h	type	anonymous_enum@44	44	PENDING_REVIEW	COMPLETE	COMPLETE	vendor/linux/include/uapi/linux/sunrpc_netlink.h;vendor/linux/include/uapi/linux/sunrpc_netlink.h:44;header-context=PENDING_REVIEW	425f94c2954b1fe80ebdbf9b29854e89750355df	3006683da77917461401080beb6ef3303785c5c2d06ade60c392e9c23eb2d22d	8141333cb95056c28702b89bc7e0ce13899ee7e8e61e9ab983b3348d259da6b3	0123af9e96b58af4e98b91a2de5608d36b63c67864b9041d3340587f3dbe40d2	cfa8dcf0d81c408de38d4202fe1ce9d9e5e301d1e67439c9530da94b1e64ee3f	0e7e60940dd21c28f3d10965325f70644fc000495a2d61984437dec666da93d8
semantic-proposal-v1	SC1-d8b096c3fce25d27e8b35de24d58135d9407a44fd81b670d4ded9b6a52889c7a	S016395	1	P01	LIFETIMES.tsv	190901	ownership	aarch64	include/uapi/linux/sunrpc_netlink.h	type	anonymous_enum@44	44	PENDING_REVIEW	COMPLETE	COMPLETE	vendor/linux/include/uapi/linux/sunrpc_netlink.h;vendor/linux/include/uapi/linux/sunrpc_netlink.h:44;header-context=PENDING_REVIEW	425f94c2954b1fe80ebdbf9b29854e89750355df	3006683da77917461401080beb6ef3303785c5c2d06ade60c392e9c23eb2d22d	8141333cb95056c28702b89bc7e0ce13899ee7e8e61e9ab983b3348d259da6b3	0123af9e96b58af4e98b91a2de5608d36b63c67864b9041d3340587f3dbe40d2	cfa8dcf0d81c408de38d4202fe1ce9d9e5e301d1e67439c9530da94b1e64ee3f	0e7e60940dd21c28f3d10965325f70644fc000495a2d61984437dec666da93d8
semantic-proposal-v1	SC1-40b19b37631e28f24cbed8a70a6788d748c2ded9c982d7c898e582422df516d2	S016395	1	P01	LIFETIMES.tsv	190901	status	aarch64	include/uapi/linux/sunrpc_netlink.h	type	anonymous_enum@44	44	PENDING_REVIEW	COMPLETE	COMPLETE	vendor/linux/include/uapi/linux/sunrpc_netlink.h;vendor/linux/include/uapi/linux/sunrpc_netlink.h:44;header-context=PENDING_REVIEW	425f94c2954b1fe80ebdbf9b29854e89750355df	3006683da77917461401080beb6ef3303785c5c2d06ade60c392e9c23eb2d22d	8141333cb95056c28702b89bc7e0ce13899ee7e8e61e9ab983b3348d259da6b3	0123af9e96b58af4e98b91a2de5608d36b63c67864b9041d3340587f3dbe40d2	cfa8dcf0d81c408de38d4202fe1ce9d9e5e301d1e67439c9530da94b1e64ee3f	0e7e60940dd21c28f3d10965325f70644fc000495a2d61984437dec666da93d8
semantic-proposal-v1	SC1-af02fc93096e6e94fdcd8523557212299fccc5eb57d65093294d69508ece8ff6	S016395	1	P01	LIFETIMES.tsv	190902	lifetime_contract	aarch64	include/uapi/linux/sunrpc_netlink.h	type	anonymous_enum@55	55	PENDING_REVIEW	COMPLETE	COMPLETE	vendor/linux/include/uapi/linux/sunrpc_netlink.h;vendor/linux/include/uapi/linux/sunrpc_netlink.h:55;header-context=PENDING_REVIEW	425f94c2954b1fe80ebdbf9b29854e89750355df	3006683da77917461401080beb6ef3303785c5c2d06ade60c392e9c23eb2d22d	8141333cb95056c28702b89bc7e0ce13899ee7e8e61e9ab983b3348d259da6b3	0123af9e96b58af4e98b91a2de5608d36b63c67864b9041d3340587f3dbe40d2	cfa8dcf0d81c408de38d4202fe1ce9d9e5e301d1e67439c9530da94b1e64ee3f	0e7e60940dd21c28f3d10965325f70644fc000495a2d61984437dec666da93d8
semantic-proposal-v1	SC1-b0c5f12e8c80d829c977723ba05abc0d6ada80e46e4a469c085e33aa58b67421	S016395	1	P01	LIFETIMES.tsv	190902	locking_rcu_refcount	aarch64	include/uapi/linux/sunrpc_netlink.h	type	anonymous_enum@55	55	PENDING_REVIEW	COMPLETE	COMPLETE	vendor/linux/include/uapi/linux/sunrpc_netlink.h;vendor/linux/include/uapi/linux/sunrpc_netlink.h:55;header-context=PENDING_REVIEW	425f94c2954b1fe80ebdbf9b29854e89750355df	3006683da77917461401080beb6ef3303785c5c2d06ade60c392e9c23eb2d22d	8141333cb95056c28702b89bc7e0ce13899ee7e8e61e9ab983b3348d259da6b3	0123af9e96b58af4e98b91a2de5608d36b63c67864b9041d3340587f3dbe40d2	cfa8dcf0d81c408de38d4202fe1ce9d9e5e301d1e67439c9530da94b1e64ee3f	0e7e60940dd21c28f3d10965325f70644fc000495a2d61984437dec666da93d8
semantic-proposal-v1	SC1-78a049ffaeda872313289c8308c9ec432e7b47300db7d4aa5aed087dd38238c5	S016395	1	P01	LIFETIMES.tsv	190902	ownership	aarch64	include/uapi/linux/sunrpc_netlink.h	type	anonymous_enum@55	55	PENDING_REVIEW	COMPLETE	COMPLETE	vendor/linux/include/uapi/linux/sunrpc_netlink.h;vendor/linux/include/uapi/linux/sunrpc_netlink.h:55;header-context=PENDING_REVIEW	425f94c2954b1fe80ebdbf9b29854e89750355df	3006683da77917461401080beb6ef3303785c5c2d06ade60c392e9c23eb2d22d	8141333cb95056c28702b89bc7e0ce13899ee7e8e61e9ab983b3348d259da6b3	0123af9e96b58af4e98b91a2de5608d36b63c67864b9041d3340587f3dbe40d2	cfa8dcf0d81c408de38d4202fe1ce9d9e5e301d1e67439c9530da94b1e64ee3f	0e7e60940dd21c28f3d10965325f70644fc000495a2d61984437dec666da93d8
semantic-proposal-v1	SC1-438997742a9ad137b0c0a6dce231e3d7743c5ca09a4c5019d2d0e15a2938fcda	S016395	1	P01	LIFETIMES.tsv	190902	status	aarch64	include/uapi/linux/sunrpc_netlink.h	type	anonymous_enum@55	55	PENDING_REVIEW	COMPLETE	COMPLETE	vendor/linux/include/uapi/linux/sunrpc_netlink.h;vendor/linux/include/uapi/linux/sunrpc_netlink.h:55;header-context=PENDING_REVIEW	425f94c2954b1fe80ebdbf9b29854e89750355df	3006683da77917461401080beb6ef3303785c5c2d06ade60c392e9c23eb2d22d	8141333cb95056c28702b89bc7e0ce13899ee7e8e61e9ab983b3348d259da6b3	0123af9e96b58af4e98b91a2de5608d36b63c67864b9041d3340587f3dbe40d2	cfa8dcf0d81c408de38d4202fe1ce9d9e5e301d1e67439c9530da94b1e64ee3f	0e7e60940dd21c28f3d10965325f70644fc000495a2d61984437dec666da93d8
semantic-proposal-v1	SC1-9e8de21f01ea170a4daa8092243b0a8da4d4d55953435533b15da8e826cd823c	S016395	1	P01	LIFETIMES.tsv	190903	lifetime_contract	aarch64	include/uapi/linux/sunrpc_netlink.h	type	anonymous_enum@62	62	PENDING_REVIEW	COMPLETE	COMPLETE	vendor/linux/include/uapi/linux/sunrpc_netlink.h;vendor/linux/include/uapi/linux/sunrpc_netlink.h:62;header-context=PENDING_REVIEW	425f94c2954b1fe80ebdbf9b29854e89750355df	3006683da77917461401080beb6ef3303785c5c2d06ade60c392e9c23eb2d22d	8141333cb95056c28702b89bc7e0ce13899ee7e8e61e9ab983b3348d259da6b3	0123af9e96b58af4e98b91a2de5608d36b63c67864b9041d3340587f3dbe40d2	cfa8dcf0d81c408de38d4202fe1ce9d9e5e301d1e67439c9530da94b1e64ee3f	0e7e60940dd21c28f3d10965325f70644fc000495a2d61984437dec666da93d8
semantic-proposal-v1	SC1-abee9466e7ce444a1f15ff8599786f2231e8fbd72178020c496146ecc2e99e06	S016395	1	P01	LIFETIMES.tsv	190903	locking_rcu_refcount	aarch64	include/uapi/linux/sunrpc_netlink.h	type	anonymous_enum@62	62	PENDING_REVIEW	COMPLETE	COMPLETE	vendor/linux/include/uapi/linux/sunrpc_netlink.h;vendor/linux/include/uapi/linux/sunrpc_netlink.h:62;header-context=PENDING_REVIEW	425f94c2954b1fe80ebdbf9b29854e89750355df	3006683da77917461401080beb6ef3303785c5c2d06ade60c392e9c23eb2d22d	8141333cb95056c28702b89bc7e0ce13899ee7e8e61e9ab983b3348d259da6b3	0123af9e96b58af4e98b91a2de5608d36b63c67864b9041d3340587f3dbe40d2	cfa8dcf0d81c408de38d4202fe1ce9d9e5e301d1e67439c9530da94b1e64ee3f	0e7e60940dd21c28f3d10965325f70644fc000495a2d61984437dec666da93d8
semantic-proposal-v1	SC1-7e59fca6c9afe1f46a44f0bfdda015b2054d1587695dd6a2eee81715c7552306	S016395	1	P01	LIFETIMES.tsv	190903	ownership	aarch64	include/uapi/linux/sunrpc_netlink.h	type	anonymous_enum@62	62	PENDING_REVIEW	COMPLETE	COMPLETE	vendor/linux/include/uapi/linux/sunrpc_netlink.h;vendor/linux/include/uapi/linux/sunrpc_netlink.h:62;header-context=PENDING_REVIEW	425f94c2954b1fe80ebdbf9b29854e89750355df	3006683da77917461401080beb6ef3303785c5c2d06ade60c392e9c23eb2d22d	8141333cb95056c28702b89bc7e0ce13899ee7e8e61e9ab983b3348d259da6b3	0123af9e96b58af4e98b91a2de5608d36b63c67864b9041d3340587f3dbe40d2	cfa8dcf0d81c408de38d4202fe1ce9d9e5e301d1e67439c9530da94b1e64ee3f	0e7e60940dd21c28f3d10965325f70644fc000495a2d61984437dec666da93d8
semantic-proposal-v1	SC1-601738c73ce57ffd93d16425a03e5fc3c77297508141152a978ddd57d641188c	S016395	1	P01	LIFETIMES.tsv	190903	status	aarch64	include/uapi/linux/sunrpc_netlink.h	type	anonymous_enum@62	62	PENDING_REVIEW	COMPLETE	COMPLETE	vendor/linux/include/uapi/linux/sunrpc_netlink.h;vendor/linux/include/uapi/linux/sunrpc_netlink.h:62;header-context=PENDING_REVIEW	425f94c2954b1fe80ebdbf9b29854e89750355df	3006683da77917461401080beb6ef3303785c5c2d06ade60c392e9c23eb2d22d	8141333cb95056c28702b89bc7e0ce13899ee7e8e61e9ab983b3348d259da6b3	0123af9e96b58af4e98b91a2de5608d36b63c67864b9041d3340587f3dbe40d2	cfa8dcf0d81c408de38d4202fe1ce9d9e5e301d1e67439c9530da94b1e64ee3f	0e7e60940dd21c28f3d10965325f70644fc000495a2d61984437dec666da93d8
semantic-proposal-v1	SC1-2e0b42232272b5df63a4c80a74156b63a217da36d1a5dc33652133d558cdd6f0	S016395	1	P01	LIFETIMES.tsv	190904	lifetime_contract	aarch64	include/uapi/linux/sunrpc_netlink.h	type	anonymous_enum@69	69	PENDING_REVIEW	COMPLETE	COMPLETE	vendor/linux/include/uapi/linux/sunrpc_netlink.h;vendor/linux/include/uapi/linux/sunrpc_netlink.h:69;header-context=PENDING_REVIEW	425f94c2954b1fe80ebdbf9b29854e89750355df	3006683da77917461401080beb6ef3303785c5c2d06ade60c392e9c23eb2d22d	8141333cb95056c28702b89bc7e0ce13899ee7e8e61e9ab983b3348d259da6b3	0123af9e96b58af4e98b91a2de5608d36b63c67864b9041d3340587f3dbe40d2	cfa8dcf0d81c408de38d4202fe1ce9d9e5e301d1e67439c9530da94b1e64ee3f	0e7e60940dd21c28f3d10965325f70644fc000495a2d61984437dec666da93d8
semantic-proposal-v1	SC1-b3dc50f6458348cbd424701aff2233300be0f00a724f16bf20421d485e605a53	S016395	1	P01	LIFETIMES.tsv	190904	locking_rcu_refcount	aarch64	include/uapi/linux/sunrpc_netlink.h	type	anonymous_enum@69	69	PENDING_REVIEW	COMPLETE	COMPLETE	vendor/linux/include/uapi/linux/sunrpc_netlink.h;vendor/linux/include/uapi/linux/sunrpc_netlink.h:69;header-context=PENDING_REVIEW	425f94c2954b1fe80ebdbf9b29854e89750355df	3006683da77917461401080beb6ef3303785c5c2d06ade60c392e9c23eb2d22d	8141333cb95056c28702b89bc7e0ce13899ee7e8e61e9ab983b3348d259da6b3	0123af9e96b58af4e98b91a2de5608d36b63c67864b9041d3340587f3dbe40d2	cfa8dcf0d81c408de38d4202fe1ce9d9e5e301d1e67439c9530da94b1e64ee3f	0e7e60940dd21c28f3d10965325f70644fc000495a2d61984437dec666da93d8
semantic-proposal-v1	SC1-acdc4f53834e327589546bb2cb11ff7a19b8fda2d34f64b66155eff5ab052cf4	S016395	1	P01	LIFETIMES.tsv	190904	ownership	aarch64	include/uapi/linux/sunrpc_netlink.h	type	anonymous_enum@69	69	PENDING_REVIEW	COMPLETE	COMPLETE	vendor/linux/include/uapi/linux/sunrpc_netlink.h;vendor/linux/include/uapi/linux/sunrpc_netlink.h:69;header-context=PENDING_REVIEW	425f94c2954b1fe80ebdbf9b29854e89750355df	3006683da77917461401080beb6ef3303785c5c2d06ade60c392e9c23eb2d22d	8141333cb95056c28702b89bc7e0ce13899ee7e8e61e9ab983b3348d259da6b3	0123af9e96b58af4e98b91a2de5608d36b63c67864b9041d3340587f3dbe40d2	cfa8dcf0d81c408de38d4202fe1ce9d9e5e301d1e67439c9530da94b1e64ee3f	0e7e60940dd21c28f3d10965325f70644fc000495a2d61984437dec666da93d8
semantic-proposal-v1	SC1-a6b9f77e372ace347f53590d13229c8fed6aa0aca9f49605dab9bd12a73c1b62	S016395	1	P01	LIFETIMES.tsv	190904	status	aarch64	include/uapi/linux/sunrpc_netlink.h	type	anonymous_enum@69	69	PENDING_REVIEW	COMPLETE	COMPLETE	vendor/linux/include/uapi/linux/sunrpc_netlink.h;vendor/linux/include/uapi/linux/sunrpc_netlink.h:69;header-context=PENDING_REVIEW	425f94c2954b1fe80ebdbf9b29854e89750355df	3006683da77917461401080beb6ef3303785c5c2d06ade60c392e9c23eb2d22d	8141333cb95056c28702b89bc7e0ce13899ee7e8e61e9ab983b3348d259da6b3	0123af9e96b58af4e98b91a2de5608d36b63c67864b9041d3340587f3dbe40d2	cfa8dcf0d81c408de38d4202fe1ce9d9e5e301d1e67439c9530da94b1e64ee3f	0e7e60940dd21c28f3d10965325f70644fc000495a2d61984437dec666da93d8
semantic-proposal-v1	SC1-68ce1d966c748a7be09686865e7f10c6446e8eeece6fb9f41ba9061280d91263	S016395	1	P01	LIFETIMES.tsv	190905	lifetime_contract	x86_64	include/uapi/linux/sunrpc_netlink.h	type	enum sunrpc_cache_type	13	PENDING_REVIEW	COMPLETE	COMPLETE	vendor/linux/include/uapi/linux/sunrpc_netlink.h;vendor/linux/include/uapi/linux/sunrpc_netlink.h:13;header-context=PENDING_REVIEW	425f94c2954b1fe80ebdbf9b29854e89750355df	3006683da77917461401080beb6ef3303785c5c2d06ade60c392e9c23eb2d22d	8141333cb95056c28702b89bc7e0ce13899ee7e8e61e9ab983b3348d259da6b3	0123af9e96b58af4e98b91a2de5608d36b63c67864b9041d3340587f3dbe40d2	cfa8dcf0d81c408de38d4202fe1ce9d9e5e301d1e67439c9530da94b1e64ee3f	0e7e60940dd21c28f3d10965325f70644fc000495a2d61984437dec666da93d8
semantic-proposal-v1	SC1-05090437e0e5aad09943309a2bf0860cb0ba8dc8fcf74eaed6a6250bc761c0cf	S016395	1	P01	LIFETIMES.tsv	190905	locking_rcu_refcount	x86_64	include/uapi/linux/sunrpc_netlink.h	type	enum sunrpc_cache_type	13	PENDING_REVIEW	COMPLETE	COMPLETE	vendor/linux/include/uapi/linux/sunrpc_netlink.h;vendor/linux/include/uapi/linux/sunrpc_netlink.h:13;header-context=PENDING_REVIEW	425f94c2954b1fe80ebdbf9b29854e89750355df	3006683da77917461401080beb6ef3303785c5c2d06ade60c392e9c23eb2d22d	8141333cb95056c28702b89bc7e0ce13899ee7e8e61e9ab983b3348d259da6b3	0123af9e96b58af4e98b91a2de5608d36b63c67864b9041d3340587f3dbe40d2	cfa8dcf0d81c408de38d4202fe1ce9d9e5e301d1e67439c9530da94b1e64ee3f	0e7e60940dd21c28f3d10965325f70644fc000495a2d61984437dec666da93d8
semantic-proposal-v1	SC1-8b0d459c30a6867698d075d8fd404462b94907a029ab834f6ebf1349e9bfd3c1	S016395	1	P01	LIFETIMES.tsv	190905	ownership	x86_64	include/uapi/linux/sunrpc_netlink.h	type	enum sunrpc_cache_type	13	PENDING_REVIEW	COMPLETE	COMPLETE	vendor/linux/include/uapi/linux/sunrpc_netlink.h;vendor/linux/include/uapi/linux/sunrpc_netlink.h:13;header-context=PENDING_REVIEW	425f94c2954b1fe80ebdbf9b29854e89750355df	3006683da77917461401080beb6ef3303785c5c2d06ade60c392e9c23eb2d22d	8141333cb95056c28702b89bc7e0ce13899ee7e8e61e9ab983b3348d259da6b3	0123af9e96b58af4e98b91a2de5608d36b63c67864b9041d3340587f3dbe40d2	cfa8dcf0d81c408de38d4202fe1ce9d9e5e301d1e67439c9530da94b1e64ee3f	0e7e60940dd21c28f3d10965325f70644fc000495a2d61984437dec666da93d8
semantic-proposal-v1	SC1-b4db42a2c8e78dfb4e3a2cdaedfaef81a9c0d423d06869a68bb010f48d69f3d6	S016395	1	P01	LIFETIMES.tsv	190905	status	x86_64	include/uapi/linux/sunrpc_netlink.h	type	enum sunrpc_cache_type	13	PENDING_REVIEW	COMPLETE	COMPLETE	vendor/linux/include/uapi/linux/sunrpc_netlink.h;vendor/linux/include/uapi/linux/sunrpc_netlink.h:13;header-context=PENDING_REVIEW	425f94c2954b1fe80ebdbf9b29854e89750355df	3006683da77917461401080beb6ef3303785c5c2d06ade60c392e9c23eb2d22d	8141333cb95056c28702b89bc7e0ce13899ee7e8e61e9ab983b3348d259da6b3	0123af9e96b58af4e98b91a2de5608d36b63c67864b9041d3340587f3dbe40d2	cfa8dcf0d81c408de38d4202fe1ce9d9e5e301d1e67439c9530da94b1e64ee3f	0e7e60940dd21c28f3d10965325f70644fc000495a2d61984437dec666da93d8
semantic-proposal-v1	SC1-cf6777d1fbbd2bb2835d8d5f1ca9ad8b9d618ab1ec179e9881a578ab9b01368b	S016395	1	P01	LIFETIMES.tsv	190906	lifetime_contract	x86_64	include/uapi/linux/sunrpc_netlink.h	type	anonymous_enum@18	18	PENDING_REVIEW	COMPLETE	COMPLETE	vendor/linux/include/uapi/linux/sunrpc_netlink.h;vendor/linux/include/uapi/linux/sunrpc_netlink.h:18;header-context=PENDING_REVIEW	425f94c2954b1fe80ebdbf9b29854e89750355df	3006683da77917461401080beb6ef3303785c5c2d06ade60c392e9c23eb2d22d	8141333cb95056c28702b89bc7e0ce13899ee7e8e61e9ab983b3348d259da6b3	0123af9e96b58af4e98b91a2de5608d36b63c67864b9041d3340587f3dbe40d2	cfa8dcf0d81c408de38d4202fe1ce9d9e5e301d1e67439c9530da94b1e64ee3f	0e7e60940dd21c28f3d10965325f70644fc000495a2d61984437dec666da93d8
semantic-proposal-v1	SC1-40459ba9ef1ada6f7504b48c08e0cb9be1848baf5b7e0b0546e4075339e3bd59	S016395	1	P01	LIFETIMES.tsv	190906	locking_rcu_refcount	x86_64	include/uapi/linux/sunrpc_netlink.h	type	anonymous_enum@18	18	PENDING_REVIEW	COMPLETE	COMPLETE	vendor/linux/include/uapi/linux/sunrpc_netlink.h;vendor/linux/include/uapi/linux/sunrpc_netlink.h:18;header-context=PENDING_REVIEW	425f94c2954b1fe80ebdbf9b29854e89750355df	3006683da77917461401080beb6ef3303785c5c2d06ade60c392e9c23eb2d22d	8141333cb95056c28702b89bc7e0ce13899ee7e8e61e9ab983b3348d259da6b3	0123af9e96b58af4e98b91a2de5608d36b63c67864b9041d3340587f3dbe40d2	cfa8dcf0d81c408de38d4202fe1ce9d9e5e301d1e67439c9530da94b1e64ee3f	0e7e60940dd21c28f3d10965325f70644fc000495a2d61984437dec666da93d8
semantic-proposal-v1	SC1-ab5804d743ac4d6d0ba514b51dd3a44190def0028c93ed44980ac3a24cc3993b	S016395	1	P01	LIFETIMES.tsv	190906	ownership	x86_64	include/uapi/linux/sunrpc_netlink.h	type	anonymous_enum@18	18	PENDING_REVIEW	COMPLETE	COMPLETE	vendor/linux/include/uapi/linux/sunrpc_netlink.h;vendor/linux/include/uapi/linux/sunrpc_netlink.h:18;header-context=PENDING_REVIEW	425f94c2954b1fe80ebdbf9b29854e89750355df	3006683da77917461401080beb6ef3303785c5c2d06ade60c392e9c23eb2d22d	8141333cb95056c28702b89bc7e0ce13899ee7e8e61e9ab983b3348d259da6b3	0123af9e96b58af4e98b91a2de5608d36b63c67864b9041d3340587f3dbe40d2	cfa8dcf0d81c408de38d4202fe1ce9d9e5e301d1e67439c9530da94b1e64ee3f	0e7e60940dd21c28f3d10965325f70644fc000495a2d61984437dec666da93d8
semantic-proposal-v1	SC1-f881aa5f0a103381d62274769d074c31ff94b28fd425776967255805c967e2e7	S016395	1	P01	LIFETIMES.tsv	190906	status	x86_64	include/uapi/linux/sunrpc_netlink.h	type	anonymous_enum@18	18	PENDING_REVIEW	COMPLETE	COMPLETE	vendor/linux/include/uapi/linux/sunrpc_netlink.h;vendor/linux/include/uapi/linux/sunrpc_netlink.h:18;header-context=PENDING_REVIEW	425f94c2954b1fe80ebdbf9b29854e89750355df	3006683da77917461401080beb6ef3303785c5c2d06ade60c392e9c23eb2d22d	8141333cb95056c28702b89bc7e0ce13899ee7e8e61e9ab983b3348d259da6b3	0123af9e96b58af4e98b91a2de5608d36b63c67864b9041d3340587f3dbe40d2	cfa8dcf0d81c408de38d4202fe1ce9d9e5e301d1e67439c9530da94b1e64ee3f	0e7e60940dd21c28f3d10965325f70644fc000495a2d61984437dec666da93d8
semantic-proposal-v1	SC1-5de63a27621876155d0069c76f8901c31c54f49f9848353bf1b303075f2fe61f	S016395	1	P01	LIFETIMES.tsv	190907	lifetime_contract	x86_64	include/uapi/linux/sunrpc_netlink.h	type	anonymous_enum@25	25	PENDING_REVIEW	COMPLETE	COMPLETE	vendor/linux/include/uapi/linux/sunrpc_netlink.h;vendor/linux/include/uapi/linux/sunrpc_netlink.h:25;header-context=PENDING_REVIEW	425f94c2954b1fe80ebdbf9b29854e89750355df	3006683da77917461401080beb6ef3303785c5c2d06ade60c392e9c23eb2d22d	8141333cb95056c28702b89bc7e0ce13899ee7e8e61e9ab983b3348d259da6b3	0123af9e96b58af4e98b91a2de5608d36b63c67864b9041d3340587f3dbe40d2	cfa8dcf0d81c408de38d4202fe1ce9d9e5e301d1e67439c9530da94b1e64ee3f	0e7e60940dd21c28f3d10965325f70644fc000495a2d61984437dec666da93d8
semantic-proposal-v1	SC1-73252fafa2817b9bbc8cf45678e2950d7e0966253bb5844eca734ad65e19699c	S016395	1	P01	LIFETIMES.tsv	190907	locking_rcu_refcount	x86_64	include/uapi/linux/sunrpc_netlink.h	type	anonymous_enum@25	25	PENDING_REVIEW	COMPLETE	COMPLETE	vendor/linux/include/uapi/linux/sunrpc_netlink.h;vendor/linux/include/uapi/linux/sunrpc_netlink.h:25;header-context=PENDING_REVIEW	425f94c2954b1fe80ebdbf9b29854e89750355df	3006683da77917461401080beb6ef3303785c5c2d06ade60c392e9c23eb2d22d	8141333cb95056c28702b89bc7e0ce13899ee7e8e61e9ab983b3348d259da6b3	0123af9e96b58af4e98b91a2de5608d36b63c67864b9041d3340587f3dbe40d2	cfa8dcf0d81c408de38d4202fe1ce9d9e5e301d1e67439c9530da94b1e64ee3f	0e7e60940dd21c28f3d10965325f70644fc000495a2d61984437dec666da93d8
semantic-proposal-v1	SC1-375716ce6ccc628154fc823e37de41880be890f011243b0c9dec629c5acd578e	S016395	1	P01	LIFETIMES.tsv	190907	ownership	x86_64	include/uapi/linux/sunrpc_netlink.h	type	anonymous_enum@25	25	PENDING_REVIEW	COMPLETE	COMPLETE	vendor/linux/include/uapi/linux/sunrpc_netlink.h;vendor/linux/include/uapi/linux/sunrpc_netlink.h:25;header-context=PENDING_REVIEW	425f94c2954b1fe80ebdbf9b29854e89750355df	3006683da77917461401080beb6ef3303785c5c2d06ade60c392e9c23eb2d22d	8141333cb95056c28702b89bc7e0ce13899ee7e8e61e9ab983b3348d259da6b3	0123af9e96b58af4e98b91a2de5608d36b63c67864b9041d3340587f3dbe40d2	cfa8dcf0d81c408de38d4202fe1ce9d9e5e301d1e67439c9530da94b1e64ee3f	0e7e60940dd21c28f3d10965325f70644fc000495a2d61984437dec666da93d8
semantic-proposal-v1	SC1-1b401571b22d5fc8fabe5c0fc2320621d3bdfa1855885ecd9e50a176566848df	S016395	1	P01	LIFETIMES.tsv	190907	status	x86_64	include/uapi/linux/sunrpc_netlink.h	type	anonymous_enum@25	25	PENDING_REVIEW	COMPLETE	COMPLETE	vendor/linux/include/uapi/linux/sunrpc_netlink.h;vendor/linux/include/uapi/linux/sunrpc_netlink.h:25;header-context=PENDING_REVIEW	425f94c2954b1fe80ebdbf9b29854e89750355df	3006683da77917461401080beb6ef3303785c5c2d06ade60c392e9c23eb2d22d	8141333cb95056c28702b89bc7e0ce13899ee7e8e61e9ab983b3348d259da6b3	0123af9e96b58af4e98b91a2de5608d36b63c67864b9041d3340587f3dbe40d2	cfa8dcf0d81c408de38d4202fe1ce9d9e5e301d1e67439c9530da94b1e64ee3f	0e7e60940dd21c28f3d10965325f70644fc000495a2d61984437dec666da93d8
semantic-proposal-v1	SC1-616b5e9f3dd084de6a53d742eb547dc9747cf6d50b54df3f9fdd39235f7ae3bc	S016395	1	P01	LIFETIMES.tsv	190908	lifetime_contract	x86_64	include/uapi/linux/sunrpc_netlink.h	type	anonymous_enum@37	37	PENDING_REVIEW	COMPLETE	COMPLETE	vendor/linux/include/uapi/linux/sunrpc_netlink.h;vendor/linux/include/uapi/linux/sunrpc_netlink.h:37;header-context=PENDING_REVIEW	425f94c2954b1fe80ebdbf9b29854e89750355df	3006683da77917461401080beb6ef3303785c5c2d06ade60c392e9c23eb2d22d	8141333cb95056c28702b89bc7e0ce13899ee7e8e61e9ab983b3348d259da6b3	0123af9e96b58af4e98b91a2de5608d36b63c67864b9041d3340587f3dbe40d2	cfa8dcf0d81c408de38d4202fe1ce9d9e5e301d1e67439c9530da94b1e64ee3f	0e7e60940dd21c28f3d10965325f70644fc000495a2d61984437dec666da93d8
semantic-proposal-v1	SC1-f02c82da91156de94bda888f6b727d26e4648f3d7e3a50dd1ba99c7baf189b6a	S016395	1	P01	LIFETIMES.tsv	190908	locking_rcu_refcount	x86_64	include/uapi/linux/sunrpc_netlink.h	type	anonymous_enum@37	37	PENDING_REVIEW	COMPLETE	COMPLETE	vendor/linux/include/uapi/linux/sunrpc_netlink.h;vendor/linux/include/uapi/linux/sunrpc_netlink.h:37;header-context=PENDING_REVIEW	425f94c2954b1fe80ebdbf9b29854e89750355df	3006683da77917461401080beb6ef3303785c5c2d06ade60c392e9c23eb2d22d	8141333cb95056c28702b89bc7e0ce13899ee7e8e61e9ab983b3348d259da6b3	0123af9e96b58af4e98b91a2de5608d36b63c67864b9041d3340587f3dbe40d2	cfa8dcf0d81c408de38d4202fe1ce9d9e5e301d1e67439c9530da94b1e64ee3f	0e7e60940dd21c28f3d10965325f70644fc000495a2d61984437dec666da93d8
semantic-proposal-v1	SC1-bc3e9bfe32f3c927e40dd8435ea5ba3c00cae7aa9ff0c06d9d93b40cdf93a4fc	S016395	1	P01	LIFETIMES.tsv	190908	ownership	x86_64	include/uapi/linux/sunrpc_netlink.h	type	anonymous_enum@37	37	PENDING_REVIEW	COMPLETE	COMPLETE	vendor/linux/include/uapi/linux/sunrpc_netlink.h;vendor/linux/include/uapi/linux/sunrpc_netlink.h:37;header-context=PENDING_REVIEW	425f94c2954b1fe80ebdbf9b29854e89750355df	3006683da77917461401080beb6ef3303785c5c2d06ade60c392e9c23eb2d22d	8141333cb95056c28702b89bc7e0ce13899ee7e8e61e9ab983b3348d259da6b3	0123af9e96b58af4e98b91a2de5608d36b63c67864b9041d3340587f3dbe40d2	cfa8dcf0d81c408de38d4202fe1ce9d9e5e301d1e67439c9530da94b1e64ee3f	0e7e60940dd21c28f3d10965325f70644fc000495a2d61984437dec666da93d8
semantic-proposal-v1	SC1-f0a7dfb7ddc665512c10dfae8b1467b2fb3cb709ea9a8e9789e06453392d7465	S016395	1	P01	LIFETIMES.tsv	190908	status	x86_64	include/uapi/linux/sunrpc_netlink.h	type	anonymous_enum@37	37	PENDING_REVIEW	COMPLETE	COMPLETE	vendor/linux/include/uapi/linux/sunrpc_netlink.h;vendor/linux/include/uapi/linux/sunrpc_netlink.h:37;header-context=PENDING_REVIEW	425f94c2954b1fe80ebdbf9b29854e89750355df	3006683da77917461401080beb6ef3303785c5c2d06ade60c392e9c23eb2d22d	8141333cb95056c28702b89bc7e0ce13899ee7e8e61e9ab983b3348d259da6b3	0123af9e96b58af4e98b91a2de5608d36b63c67864b9041d3340587f3dbe40d2	cfa8dcf0d81c408de38d4202fe1ce9d9e5e301d1e67439c9530da94b1e64ee3f	0e7e60940dd21c28f3d10965325f70644fc000495a2d61984437dec666da93d8
semantic-proposal-v1	SC1-9b13e5bb60891531d955667c57839921f485077e6978756d0b8e9e01f3555f7e	S016395	1	P01	LIFETIMES.tsv	190909	lifetime_contract	x86_64	include/uapi/linux/sunrpc_netlink.h	type	anonymous_enum@44	44	PENDING_REVIEW	COMPLETE	COMPLETE	vendor/linux/include/uapi/linux/sunrpc_netlink.h;vendor/linux/include/uapi/linux/sunrpc_netlink.h:44;header-context=PENDING_REVIEW	425f94c2954b1fe80ebdbf9b29854e89750355df	3006683da77917461401080beb6ef3303785c5c2d06ade60c392e9c23eb2d22d	8141333cb95056c28702b89bc7e0ce13899ee7e8e61e9ab983b3348d259da6b3	0123af9e96b58af4e98b91a2de5608d36b63c67864b9041d3340587f3dbe40d2	cfa8dcf0d81c408de38d4202fe1ce9d9e5e301d1e67439c9530da94b1e64ee3f	0e7e60940dd21c28f3d10965325f70644fc000495a2d61984437dec666da93d8
semantic-proposal-v1	SC1-f86a45addfa5103d5ac4e7ccd57ed8042888dbd149225519034acb3d33363817	S016395	1	P01	LIFETIMES.tsv	190909	locking_rcu_refcount	x86_64	include/uapi/linux/sunrpc_netlink.h	type	anonymous_enum@44	44	PENDING_REVIEW	COMPLETE	COMPLETE	vendor/linux/include/uapi/linux/sunrpc_netlink.h;vendor/linux/include/uapi/linux/sunrpc_netlink.h:44;header-context=PENDING_REVIEW	425f94c2954b1fe80ebdbf9b29854e89750355df	3006683da77917461401080beb6ef3303785c5c2d06ade60c392e9c23eb2d22d	8141333cb95056c28702b89bc7e0ce13899ee7e8e61e9ab983b3348d259da6b3	0123af9e96b58af4e98b91a2de5608d36b63c67864b9041d3340587f3dbe40d2	cfa8dcf0d81c408de38d4202fe1ce9d9e5e301d1e67439c9530da94b1e64ee3f	0e7e60940dd21c28f3d10965325f70644fc000495a2d61984437dec666da93d8
semantic-proposal-v1	SC1-58064556b4f68a14f8bea00c48c1ffbc1f31baf642c380580ee7439200385523	S016395	1	P01	LIFETIMES.tsv	190909	ownership	x86_64	include/uapi/linux/sunrpc_netlink.h	type	anonymous_enum@44	44	PENDING_REVIEW	COMPLETE	COMPLETE	vendor/linux/include/uapi/linux/sunrpc_netlink.h;vendor/linux/include/uapi/linux/sunrpc_netlink.h:44;header-context=PENDING_REVIEW	425f94c2954b1fe80ebdbf9b29854e89750355df	3006683da77917461401080beb6ef3303785c5c2d06ade60c392e9c23eb2d22d	8141333cb95056c28702b89bc7e0ce13899ee7e8e61e9ab983b3348d259da6b3	0123af9e96b58af4e98b91a2de5608d36b63c67864b9041d3340587f3dbe40d2	cfa8dcf0d81c408de38d4202fe1ce9d9e5e301d1e67439c9530da94b1e64ee3f	0e7e60940dd21c28f3d10965325f70644fc000495a2d61984437dec666da93d8
semantic-proposal-v1	SC1-e25e2008bfb2fb3e2caf47bfaa88bb5337b8cfdd05e13103ca4f1576a1510b97	S016395	1	P01	LIFETIMES.tsv	190909	status	x86_64	include/uapi/linux/sunrpc_netlink.h	type	anonymous_enum@44	44	PENDING_REVIEW	COMPLETE	COMPLETE	vendor/linux/include/uapi/linux/sunrpc_netlink.h;vendor/linux/include/uapi/linux/sunrpc_netlink.h:44;header-context=PENDING_REVIEW	425f94c2954b1fe80ebdbf9b29854e89750355df	3006683da77917461401080beb6ef3303785c5c2d06ade60c392e9c23eb2d22d	8141333cb95056c28702b89bc7e0ce13899ee7e8e61e9ab983b3348d259da6b3	0123af9e96b58af4e98b91a2de5608d36b63c67864b9041d3340587f3dbe40d2	cfa8dcf0d81c408de38d4202fe1ce9d9e5e301d1e67439c9530da94b1e64ee3f	0e7e60940dd21c28f3d10965325f70644fc000495a2d61984437dec666da93d8
semantic-proposal-v1	SC1-643a28ca96040981e9e03d6843e7ccc89772d765705e1997117dcc9d63c5b19c	S016395	1	P01	LIFETIMES.tsv	190910	lifetime_contract	x86_64	include/uapi/linux/sunrpc_netlink.h	type	anonymous_enum@55	55	PENDING_REVIEW	COMPLETE	COMPLETE	vendor/linux/include/uapi/linux/sunrpc_netlink.h;vendor/linux/include/uapi/linux/sunrpc_netlink.h:55;header-context=PENDING_REVIEW	425f94c2954b1fe80ebdbf9b29854e89750355df	3006683da77917461401080beb6ef3303785c5c2d06ade60c392e9c23eb2d22d	8141333cb95056c28702b89bc7e0ce13899ee7e8e61e9ab983b3348d259da6b3	0123af9e96b58af4e98b91a2de5608d36b63c67864b9041d3340587f3dbe40d2	cfa8dcf0d81c408de38d4202fe1ce9d9e5e301d1e67439c9530da94b1e64ee3f	0e7e60940dd21c28f3d10965325f70644fc000495a2d61984437dec666da93d8
semantic-proposal-v1	SC1-d431622852e07d3569d4c5afc5d1338c9b9ff0eeb6da908af06808981104056c	S016395	1	P01	LIFETIMES.tsv	190910	locking_rcu_refcount	x86_64	include/uapi/linux/sunrpc_netlink.h	type	anonymous_enum@55	55	PENDING_REVIEW	COMPLETE	COMPLETE	vendor/linux/include/uapi/linux/sunrpc_netlink.h;vendor/linux/include/uapi/linux/sunrpc_netlink.h:55;header-context=PENDING_REVIEW	425f94c2954b1fe80ebdbf9b29854e89750355df	3006683da77917461401080beb6ef3303785c5c2d06ade60c392e9c23eb2d22d	8141333cb95056c28702b89bc7e0ce13899ee7e8e61e9ab983b3348d259da6b3	0123af9e96b58af4e98b91a2de5608d36b63c67864b9041d3340587f3dbe40d2	cfa8dcf0d81c408de38d4202fe1ce9d9e5e301d1e67439c9530da94b1e64ee3f	0e7e60940dd21c28f3d10965325f70644fc000495a2d61984437dec666da93d8
semantic-proposal-v1	SC1-342d74cfbfc44f07fd59d7953d5b5c038cd2979279ed4afe72b9d991b28acd1f	S016395	1	P01	LIFETIMES.tsv	190910	ownership	x86_64	include/uapi/linux/sunrpc_netlink.h	type	anonymous_enum@55	55	PENDING_REVIEW	COMPLETE	COMPLETE	vendor/linux/include/uapi/linux/sunrpc_netlink.h;vendor/linux/include/uapi/linux/sunrpc_netlink.h:55;header-context=PENDING_REVIEW	425f94c2954b1fe80ebdbf9b29854e89750355df	3006683da77917461401080beb6ef3303785c5c2d06ade60c392e9c23eb2d22d	8141333cb95056c28702b89bc7e0ce13899ee7e8e61e9ab983b3348d259da6b3	0123af9e96b58af4e98b91a2de5608d36b63c67864b9041d3340587f3dbe40d2	cfa8dcf0d81c408de38d4202fe1ce9d9e5e301d1e67439c9530da94b1e64ee3f	0e7e60940dd21c28f3d10965325f70644fc000495a2d61984437dec666da93d8
semantic-proposal-v1	SC1-515a450337a6fb26496e44d946c370a54205fe1b73ad0fbf15027dad9fd4392f	S016395	1	P01	LIFETIMES.tsv	190910	status	x86_64	include/uapi/linux/sunrpc_netlink.h	type	anonymous_enum@55	55	PENDING_REVIEW	COMPLETE	COMPLETE	vendor/linux/include/uapi/linux/sunrpc_netlink.h;vendor/linux/include/uapi/linux/sunrpc_netlink.h:55;header-context=PENDING_REVIEW	425f94c2954b1fe80ebdbf9b29854e89750355df	3006683da77917461401080beb6ef3303785c5c2d06ade60c392e9c23eb2d22d	8141333cb95056c28702b89bc7e0ce13899ee7e8e61e9ab983b3348d259da6b3	0123af9e96b58af4e98b91a2de5608d36b63c67864b9041d3340587f3dbe40d2	cfa8dcf0d81c408de38d4202fe1ce9d9e5e301d1e67439c9530da94b1e64ee3f	0e7e60940dd21c28f3d10965325f70644fc000495a2d61984437dec666da93d8
semantic-proposal-v1	SC1-5ec8ebf3ae3d0f856d972308f2bbf4316d10f5209974ccd2f0e524a4b86f628e	S016395	1	P01	LIFETIMES.tsv	190911	lifetime_contract	x86_64	include/uapi/linux/sunrpc_netlink.h	type	anonymous_enum@62	62	PENDING_REVIEW	COMPLETE	COMPLETE	vendor/linux/include/uapi/linux/sunrpc_netlink.h;vendor/linux/include/uapi/linux/sunrpc_netlink.h:62;header-context=PENDING_REVIEW	425f94c2954b1fe80ebdbf9b29854e89750355df	3006683da77917461401080beb6ef3303785c5c2d06ade60c392e9c23eb2d22d	8141333cb95056c28702b89bc7e0ce13899ee7e8e61e9ab983b3348d259da6b3	0123af9e96b58af4e98b91a2de5608d36b63c67864b9041d3340587f3dbe40d2	cfa8dcf0d81c408de38d4202fe1ce9d9e5e301d1e67439c9530da94b1e64ee3f	0e7e60940dd21c28f3d10965325f70644fc000495a2d61984437dec666da93d8
semantic-proposal-v1	SC1-6dd6bdfda01210e8b2537ee41ae93d1c5d327fc4fbd9cbd42b7d9cf0aba6cbcb	S016395	1	P01	LIFETIMES.tsv	190911	locking_rcu_refcount	x86_64	include/uapi/linux/sunrpc_netlink.h	type	anonymous_enum@62	62	PENDING_REVIEW	COMPLETE	COMPLETE	vendor/linux/include/uapi/linux/sunrpc_netlink.h;vendor/linux/include/uapi/linux/sunrpc_netlink.h:62;header-context=PENDING_REVIEW	425f94c2954b1fe80ebdbf9b29854e89750355df	3006683da77917461401080beb6ef3303785c5c2d06ade60c392e9c23eb2d22d	8141333cb95056c28702b89bc7e0ce13899ee7e8e61e9ab983b3348d259da6b3	0123af9e96b58af4e98b91a2de5608d36b63c67864b9041d3340587f3dbe40d2	cfa8dcf0d81c408de38d4202fe1ce9d9e5e301d1e67439c9530da94b1e64ee3f	0e7e60940dd21c28f3d10965325f70644fc000495a2d61984437dec666da93d8
semantic-proposal-v1	SC1-38449927f50c26accdd65d0941fdef9fc9174d2c6b55343a985163fcd23031a2	S016395	1	P01	LIFETIMES.tsv	190911	ownership	x86_64	include/uapi/linux/sunrpc_netlink.h	type	anonymous_enum@62	62	PENDING_REVIEW	COMPLETE	COMPLETE	vendor/linux/include/uapi/linux/sunrpc_netlink.h;vendor/linux/include/uapi/linux/sunrpc_netlink.h:62;header-context=PENDING_REVIEW	425f94c2954b1fe80ebdbf9b29854e89750355df	3006683da77917461401080beb6ef3303785c5c2d06ade60c392e9c23eb2d22d	8141333cb95056c28702b89bc7e0ce13899ee7e8e61e9ab983b3348d259da6b3	0123af9e96b58af4e98b91a2de5608d36b63c67864b9041d3340587f3dbe40d2	cfa8dcf0d81c408de38d4202fe1ce9d9e5e301d1e67439c9530da94b1e64ee3f	0e7e60940dd21c28f3d10965325f70644fc000495a2d61984437dec666da93d8
semantic-proposal-v1	SC1-b2aa632d5d9284f7b8cea5b3df8b6df61453b6f41fc140cc3414a96f557c8b2e	S016395	1	P01	LIFETIMES.tsv	190911	status	x86_64	include/uapi/linux/sunrpc_netlink.h	type	anonymous_enum@62	62	PENDING_REVIEW	COMPLETE	COMPLETE	vendor/linux/include/uapi/linux/sunrpc_netlink.h;vendor/linux/include/uapi/linux/sunrpc_netlink.h:62;header-context=PENDING_REVIEW	425f94c2954b1fe80ebdbf9b29854e89750355df	3006683da77917461401080beb6ef3303785c5c2d06ade60c392e9c23eb2d22d	8141333cb95056c28702b89bc7e0ce13899ee7e8e61e9ab983b3348d259da6b3	0123af9e96b58af4e98b91a2de5608d36b63c67864b9041d3340587f3dbe40d2	cfa8dcf0d81c408de38d4202fe1ce9d9e5e301d1e67439c9530da94b1e64ee3f	0e7e60940dd21c28f3d10965325f70644fc000495a2d61984437dec666da93d8
semantic-proposal-v1	SC1-489df9d16c94db53b175ab6262cf6c02852277281575c6eb6c044b4764fe5520	S016395	1	P01	LIFETIMES.tsv	190912	lifetime_contract	x86_64	include/uapi/linux/sunrpc_netlink.h	type	anonymous_enum@69	69	PENDING_REVIEW	COMPLETE	COMPLETE	vendor/linux/include/uapi/linux/sunrpc_netlink.h;vendor/linux/include/uapi/linux/sunrpc_netlink.h:69;header-context=PENDING_REVIEW	425f94c2954b1fe80ebdbf9b29854e89750355df	3006683da77917461401080beb6ef3303785c5c2d06ade60c392e9c23eb2d22d	8141333cb95056c28702b89bc7e0ce13899ee7e8e61e9ab983b3348d259da6b3	0123af9e96b58af4e98b91a2de5608d36b63c67864b9041d3340587f3dbe40d2	cfa8dcf0d81c408de38d4202fe1ce9d9e5e301d1e67439c9530da94b1e64ee3f	0e7e60940dd21c28f3d10965325f70644fc000495a2d61984437dec666da93d8
semantic-proposal-v1	SC1-fdeb7e5fb1ebfa104d157741e11c1d65dad8b0d84809fc73a7b378a8d680fd95	S016395	1	P01	LIFETIMES.tsv	190912	locking_rcu_refcount	x86_64	include/uapi/linux/sunrpc_netlink.h	type	anonymous_enum@69	69	PENDING_REVIEW	COMPLETE	COMPLETE	vendor/linux/include/uapi/linux/sunrpc_netlink.h;vendor/linux/include/uapi/linux/sunrpc_netlink.h:69;header-context=PENDING_REVIEW	425f94c2954b1fe80ebdbf9b29854e89750355df	3006683da77917461401080beb6ef3303785c5c2d06ade60c392e9c23eb2d22d	8141333cb95056c28702b89bc7e0ce13899ee7e8e61e9ab983b3348d259da6b3	0123af9e96b58af4e98b91a2de5608d36b63c67864b9041d3340587f3dbe40d2	cfa8dcf0d81c408de38d4202fe1ce9d9e5e301d1e67439c9530da94b1e64ee3f	0e7e60940dd21c28f3d10965325f70644fc000495a2d61984437dec666da93d8
semantic-proposal-v1	SC1-4377d662bd2693974c667ed04b4eb4aae7fd2069be71b5b7a6e3ec3dfe811d8a	S016395	1	P01	LIFETIMES.tsv	190912	ownership	x86_64	include/uapi/linux/sunrpc_netlink.h	type	anonymous_enum@69	69	PENDING_REVIEW	COMPLETE	COMPLETE	vendor/linux/include/uapi/linux/sunrpc_netlink.h;vendor/linux/include/uapi/linux/sunrpc_netlink.h:69;header-context=PENDING_REVIEW	425f94c2954b1fe80ebdbf9b29854e89750355df	3006683da77917461401080beb6ef3303785c5c2d06ade60c392e9c23eb2d22d	8141333cb95056c28702b89bc7e0ce13899ee7e8e61e9ab983b3348d259da6b3	0123af9e96b58af4e98b91a2de5608d36b63c67864b9041d3340587f3dbe40d2	cfa8dcf0d81c408de38d4202fe1ce9d9e5e301d1e67439c9530da94b1e64ee3f	0e7e60940dd21c28f3d10965325f70644fc000495a2d61984437dec666da93d8
semantic-proposal-v1	SC1-faeec3983a47a60a6c47d77dd6a63754c7dda77594156487cd34a97eb4605000	S016395	1	P01	LIFETIMES.tsv	190912	status	x86_64	include/uapi/linux/sunrpc_netlink.h	type	anonymous_enum@69	69	PENDING_REVIEW	COMPLETE	COMPLETE	vendor/linux/include/uapi/linux/sunrpc_netlink.h;vendor/linux/include/uapi/linux/sunrpc_netlink.h:69;header-context=PENDING_REVIEW	425f94c2954b1fe80ebdbf9b29854e89750355df	3006683da77917461401080beb6ef3303785c5c2d06ade60c392e9c23eb2d22d	8141333cb95056c28702b89bc7e0ce13899ee7e8e61e9ab983b3348d259da6b3	0123af9e96b58af4e98b91a2de5608d36b63c67864b9041d3340587f3dbe40d2	cfa8dcf0d81c408de38d4202fe1ce9d9e5e301d1e67439c9530da94b1e64ee3f	0e7e60940dd21c28f3d10965325f70644fc000495a2d61984437dec666da93d8
